:020000040800F2
:100000000000012091120208E1120208E112020828
:10001000E1120208E1120208E112020800000000E9
:10002000000000000000000000000000E1120208D3
:10003000E112020800000000E11202080D3D000874
:10004000E1120208E1120208E1120208E1120208BC
:10005000E1120208E1120208593D00085D3D000866
:10006000613D0008653D0008693D0008E112020895
:10007000E1120208E1120208E1120208E11202088C
:10008000E1120208E1120208E1120208E11202087C
:1000900000000000E11202086D3D0008E1120208B4
:1000A000DF3B0008E1120208F13B0008F53B0008C5
:1000B000093C00081D3C0008711101087711010876
:1000C0007D11010883110108E1120208E112020802
:1000D000354700084D47000869470008E11202084B
:1000E000E1120208833D0008E1120208E112020851
:1000F000E11202080000000000000000E112020806
:10010000891101088F110108E1850108E112020837
:10011000E1120208E1120208E1120208E1120208EB
:10012000E1120208E1120208E1120208E1120208DB
:08013000E1120208E1120208CD
:1001400003689A69910744BF00229A629A69D207AC
:100150005EBF9A6942F001029A61704730B5039D13
:1001600004682B4343EA0243064A6068C1F309016D
:100170000B4342EA555223F0004320EA02000343B6
:10018000636030BDFF63FF034FF0B042536823F458
:100190007F4343EA0023536070474FF0B0432D4A3A
:1001A000D3F8083103F00F0302EB8301C0F303100F
:1001B000096C52F82030B3FBF1F32749096801F4C8
:1001C000C061B1F5007F10B510D024498B4231D306
:1001D00001F5B70101F67F518B4231D901F5741158
:1001E00001F510618B422DD9002310E01C498B4290
:1001F0001CD91C498B421BD901F5370101F5D85197
:100200008B42F1D8022302EB8303D3F880301649E6
:1002100016480A6822F007021A430A6004680A684E
:1002200002F0070293420FD1002010BD0023EAE73D
:100230000123E8E7002302EB8302D2F88030E6E7EF
:100240000123F8E70223F6E70268121B022AE6D927
:100250000320EAE7305A020800040058C0CF6A00C1
:10026000BFEA21013F93340200400058E804002017
:10027000836A1A0710B506D50168846B4A6822F4B0
:10028000004222434A60DC0706D50168C46A4A6816
:1002900022F4003222434A60990706D50168046BB4
:1002A0004A6822F4803222434A605A0706D5016820
:1002B000446B4A6822F4802222434A60DC0606D559
:1002C0000168C46B8A6822F4805222438A609906CE
:1002D00006D50168046C8A6822F4005222438A60C1
:1002E0005A060FD50168446C4A6822F480122243F2
:1002F000B4F5801F4A6005D14A68846C22F4C002BC
:1003000022434A601B0606D50268C16C536823F479
:1003100000230B43536010BDD0F88830212B10B55B
:100320001CD1B0F86A30CBB1B0F85620016892B257
:10033000AAB9026802F1080353E8003F23F400035E
:10034000083242E8003102680029F2D152E8003F49
:1003500043F0400342E800310029F7D110BDCA69DB
:1003600012060AD5026D12F8014B8C620265B0F8D4
:100370005620013A92B2A0F85620013B9BB2D2E738
:10038000D0F88830212B10B51CD1B0F86A30CBB131
:10039000B0F85620046892B2AAB9026802F10803C4
:1003A00053E8003F23F40003083242E800310268BA
:1003B0000029F2D152E8003F43F0400342E8003107
:1003C0000029F7D110BDE26912060CD5026D32F892
:1003D000021BC1F30801A1620265B0F85620013A80
:1003E00092B2A0F85620013B9BB2D0E7026852E8D7
:1003F000003F23F0800342E8003102680029F5D174
:1004000052E8003F43F0400342E800310029F7D1B1
:100410007047D0F88820212A034610D1B0F8562022
:1004200092B202B9E2E7026D016812F8010B88622C
:100430001A65B3F85620013A92B2A3F856207047D5
:10044000D0F88820212A034612D1B0F8562092B263
:1004500002B9CBE71A6D006832F8021BC1F308013C
:1004600081621A65B3F85620013A92B2A3F8562079
:1004700070474FF0B04382B0DA6C0243DA64DB6C51
:1004800003400193019B02B0704703681847012A9B
:1004900002D1016000207047022A05D0032AF9D05A
:1004A000002AF7D10260F5E70B680360F2E74FF02E
:1004B000B042D2F8883023F440630343C2F8883056
:1004C0007047D0F8943004381847D0F88C20B0F832
:1004D00060100368222A4FD15B6A826D0B40137053
:1004E000836D01338365B0F85E30013B9BB2A0F8A9
:1004F0005E30B0F85E309BB2002B41D1026852E80A
:10050000003F23F4907342E8003103680029F5D1DD
:1005100003F1080252E8002F22F0010203F1080C57
:100520004CE800210029F3D12022C0F88C20154A84
:1005300041679342016703D1C26E012A0CD0C0E724
:100540005A681102F8D553E8002F22F0806243E880
:1005500000210029F7D1EFE70022C26653E8002FFF
:1005600022F0100243E800210029F7D1DA69D2060F
:1005700006D510221A6270479A6942F008029A6101
:10058000704700BF00800040D0F88C10B0F86020A9
:10059000036822294ED15B6A1A40836D23F8022B2F
:1005A0008365B0F85E30013B9BB2A0F85E30B0F8D6
:1005B0005E309BB2002B41D1026852E8003F23F429
:1005C000907342E8003103680029F5D103F1080275
:1005D00052E8002F22F0010203F1080C4CE8002140
:1005E0000029F3D12022C0F88C20154A416793429C
:1005F000016703D1C26E012A0CD062E75A6811026A
:10060000F8D553E8002F22F0806243E8002100294A
:10061000F7D1EFE70022C26653E8002F22F0100264
:1006200043E800210029F7D1DA69D20606D5102265
:100630001A6270479A6942F008029A61704700BFD7
:100640000080004070470020704703460020187566
:1006500083F858007047826930B404695510034626
:1006600004EB6200D20748BF62595B6930BC48BFE7
:10067000D3581847826930B404695510034604EB17
:100680006200D20748BF62595B6930BC48BFD3588B
:100690001847024B1A685A60704700BFE8040020F0
:1006A0007047704770477047704770477047704792
:1006B000704770477047704703685B6818470020B1
:1006C0007047704708B5094B93F800225AB193F868
:1006D000AF2293F8AC3103B11AB1806803681B688C
:1006E0009847012008BD5A7BF3E700BFE8040020CB
:1006F0000A2938B50D4600F52A6403D10D2120469C
:10070000FFF7E0FF29462046BDE83840DAE7A0F5CC
:100710002A60EDE7A0F52B601DF04CBA054BD0F830
:1007200080261B6804489B1A83428CBF002001204E
:10073000704700BFE80400209FBB0D00D0F83C319B
:100740002DE9F047044606220133C0F83C310A2166
:10075000B3FBF1F1B1FBF2F002FB101194F8382178
:10076000CEB2D2B10025F022002104F1480023F0DE
:10077000E2F9C4E90C55C4E90E55C4E910556022EC
:10078000294604F5A27023F0D6F984F8385184F88C
:1007900039614FF47A70BDE8F08794F8A4214FF4E2
:1007A0006165B3FBF5F505F00705AA4225D0214F99
:1007B00004F5B070072207F53A7A07F5427950F848
:1007C000048DC0F80480D0F820E0D0F840C0C0F814
:1007D00024E0C0F844C04AF8228049F822E0013AF7
:1007E000EDD1C4F84421C4F86421C4F88421C7F8C9
:1007F000E822C7F8082384F8A45194F83921B242BA
:100800001FBF0C31002284F8396144F821203C22BA
:10081000B3FBF2F3B3FBF2F102FB113394F83A119C
:10082000DAB291421FBF123384F83A21002244F811
:100830002320AEE7E804002008B503685B6898470A
:100840000028CCBF0020012008BD08B503680022A5
:1008500002751B686FF0004198476FF0004008BDBB
:10086000826930B404695510034604EB6200D20774
:1008700048BF62595B6930BC48BFD358184782698A
:1008800030B404695510034604EB6200D20748BF38
:1008900062595B6930BC48BFD3581847826930B48D
:1008A00004695510034604EB6200D20748BF625941
:1008B0005B6930BC48BFD3581847406A036810B41E
:1008C0000C465B691146224610BC184730B50B46F2
:1008D00000F1380201F1200518685968144603C474
:1008E0000833AB422246F7D11B78237030BD10B4D9
:1008F0000468246BA44610BC6047002070470020A9
:100900007047826930B404695510034604EB6200F5
:10091000D20748BF62595B6930BC48BFD3581847FB
:100920000020704770470020704700207047808A81
:100930008A89131A5842584170470120704703466C
:10094000002200691A6170470068096803689B68A3
:100950001847012A02D1016000207047022A05D001
:10096000032AF9D0002AF7D10260F5E70B6803608B
:10097000F2E70068096803689B681847E9E70068C0
:10098000096803689B681847E3E761B100F1180341
:10099000C91AB1F5B46F06D8034B491103FB010026
:1009A000002380F898377047EFEEEEEE00F2977272
:1009B000002312F8011F49B9C218012182F89817C3
:1009C0004FF4F07202FB0300183070470133042B20
:1009D000EFD10020704749B100F11403C91A18295A
:1009E0009EBF00EBE100002380F83430704700F137
:1009F0003302002312F8011F39B9C218012100EB9C
:100A0000C30082F83410143070470133042BF1D145
:100A10000020704771B100F11403C91A41F66A53FE
:100A2000994207D8044B491003FB010041F6747347
:100A30000022C254704700BF330A029A10B500F575
:100A4000FB521332002312F8011F51B9C11841F6AD
:100A5000747201248C544FF4FB7202FB03001430B7
:100A600010BD0133102BEED10020F9E7F0B506469A
:100A7000006850F82100B8B10468A569AB4207D1FD
:100A800017686568AF4203D15768A568AF420BD0BD
:100A9000256865B177682046AC69B4FBF7FC07FBB5
:100AA0001C44A14201D00020F0BD2C46E5E72846B9
:100AB000FAE770B5BC26B0B00C4605463246014692
:100AC00001A823F0E3F832462146284623F0DEF859
:100AD000324601A9204623F0D9F830B070BD30B4B9
:100AE000084D95F8AC4154B195F8AF423CB10124A2
:100AF00080F8DD4A80F8984830BC0AF025B800201C
:100B000030BC7047E804002006F017B8002370B529
:100B1000C0F890300668144B1D6833681A07044605
:100B200016D433685B0708D56FF07E432A464FF42E
:100B30008001204619F010FC98B900202023C4F849
:100B4000883084F88400C4F88C30E066206709E0BF
:100B50006FF07E432A464FF4001119F0FDFB002888
:100B6000DFD0032070BD00BFE804002030B591FA4B
:100B7000A1F391FAA1F1B3FA83F3C4685B000325F2
:100B8000B1FA81F105FA03F3490024EA03038A402C
:100B90001A43C26030BD10B504461046D4E90023A4
:100BA0009B1A0C4A0C4CDB105343E21A8A4201D2C6
:100BB00020F07BFE994205D91944A14228BF214665
:100BC000084610BDB3EB430F4FEA4301F5D9204669
:100BD000F7E700BF35C2724FCB3D8D0070B591F87D
:100BE000502090F8503091F859404D6D02F1FF3C83
:100BF000DCF1000646EB0C069E4225D1631E5E42E8
:100C00005E4190F859309E421ED1436D5B1B18BF68
:100C10000123012680F85020B24280F8206045650B
:100C200008BF91F8582080F8594018BF652280F815
:100C3000582091F85A2080F85A201BB101462830DC
:100C40001BF0BEF8002070BD0123E2E770B5B1F8DB
:100C50005040B0F85060B0F85230B1F85220A0F8CF
:100C600054300125A64280F820500AD1934208D181
:100C7000A0F8523091F85630A0F850602BB90020FF
:100C800070BDA0F85040A0F85220014628301BF05B
:100C900097F8F4E70B6D026D534033F07F4370B566
:100CA000044648D18A6D836D9A4244D10A6E036E20
:100CB0009A4240D18A6E836E9A423CD1D1F880200C
:100CC000D0F880309A4236D1D1F88C20D0F88C30D0
:100CD0009A4230D1D1F8A820D0F8A8309A422AD12F
:100CE000D1F8A020D0F8A0309A4224D1D1F8B45045
:100CF000D0F8B430ED1A18BF0125012391F85060E7
:100D000084F8203091F8513084F8506084F85130E4
:100D10007422543104F1540022F0B8FF4DB11EB1D9
:100D2000064B1B68C4F8C830214604F128001BF0AC
:100D300047F8002070BD0125DFE700BFE804002070
:100D40000D2018F0E9BF70B50546084B0360044656
:100D500055F8300FA84204D120461AF0CDFF2046A6
:100D600070BD066823F038FF3046F3E7C45A020826
:100D700010B50446FFF7E7FF204623F02DFF20467D
:100D800010BD10B504461AF0B7FF204610BD10B5CF
:100D90000446FFF7F6FF204623F01EFF204610BD55
:100DA00010B504461AF0A8FF204610BD10B5044641
:100DB000FFF7F6FF204623F00FFF204610BD2DE978
:100DC000FF4705461E4B55F8046F036004460DF1BE
:100DD00004084FF00009AE4206D16068854229D16F
:100DE000204604B0BDE8F087CDE90188B768CDF8AA
:100DF0000C90396801988F4203D1404515D136686F
:100E0000E9E78B68D1F800A09C420CD181420AD05E
:100E1000824508D0524620F064FA039B01330393C5
:100E2000BB68013BBB605146E4E7076823F0D4FE92
:100E30003846E2E7066823F0CFFE3046CEE700BF33
:100E4000D072020810B50446FFF7B9FF204623F020
:100E5000C3FE204610BD2DE9FF4705461E4B55F841
:100E6000046F036004460DF104084FF00009AE4220
:100E700006D16068854229D1204604B0BDE8F087DC
:100E8000CDE90188B768CDF80C90396801988F4298
:100E900003D1404515D13668E9E78B68D1F800A049
:100EA0009C420CD181420AD0824508D0524620F0A3
:100EB00018FA039B01330393BB68013BBB605146A7
:100EC000E4E7076823F088FE3846E2E7066823F087
:100ED00083FE3046CEE700BFD072020810B504464C
:100EE000FFF7B9FF204623F077FE204610BD2DE91D
:100EF000FF4705461E4B55F8046F036004460DF18D
:100F000004084FF00009AE4206D16068854229D13D
:100F1000204604B0BDE8F087CDE90188B768CDF878
:100F20000C90396801988F4203D1404515D136683D
:100F3000E9E78B68D1F800A09C420CD181420AD02D
:100F4000824508D0524620F0CCF9039B013303932D
:100F5000BB68013BBB605146E4E7076823F03CFEF9
:100F60003846E2E7066823F037FE3046CEE700BF9A
:100F7000D072020810B50446FFF7B9FF204623F0EF
:100F80002BFE204610BD2DE9FF4705461E4B55F8A8
:100F9000046F036004460DF104084FF00009AE42EF
:100FA00006D16068854229D1204604B0BDE8F087AB
:100FB000CDE90188B768CDF80C90396801988F4267
:100FC00003D1404515D13668E9E78B68D1F800A018
:100FD0009C420CD181420AD0824508D0524620F072
:100FE00080F9039B01330393BB68013BBB6051460F
:100FF000E4E7076823F0F0FD3846E2E7066823F0EF
:10100000EBFD3046CEE700BFD072020810B50446B3
:10101000FFF7B9FF204623F0DFFD204610BD10B5D5
:10102000034B036004461AF089FE204610BD00BF42
:10103000F05A020870B50546084B0360044655F89F
:10104000280FA84204D1201DFFF7E9FF204670BDFC
:10105000066823F0C1FD3046F3E700BF045B0208D9
:1010600010B50446FFF7E6FF204623F0B5FD204605
:1010700010BD10B5054B044640F8343BFFF79FFE0A
:101080002046FFF7D7FF204610BD00BF145B0208C3
:10109000F0B599B001AD044628461AF0A1FE214BE7
:1010A000019310330FAA0E931F4B1295CDE90F2217
:1010B0000022CDE9133211924FF0FF320223169233
:1010C00040F2FF228DF85430ADF85C208DF85E3090
:1010D000164AE36D116803F54343503327468B42AC
:1010E00038BF136857F8306F38BFE365BE4205D08C
:1010F000B068036829469B68984740B12846FFF7C7
:10110000B8FF636D2BB94FF0FF3019B0F0BD3668F2
:10111000ECE793F82030002B44F6206008BF4FF036
:10112000FF30F2E7145B0208DD0B0008E804002042
:1011300010B50446FFF79DFF204623F04DFD2046E5
:1011400010BD10B5054B044640F8343BFFF7CFFE09
:101150002046FFF76FFF204610BD00BF385B020836
:1011600010B50446FFF7EDFF204623F035FD20467D
:1011700010BD10B5054B044640F8343BFFF703FFA4
:101180002046FFF757FF204610BD00BF485B02080E
:1011900010B50446FFF7EDFF204623F01DFD204665
:1011A00010BD10B50446FFF73AFF204623F014FDAA
:1011B000204610BD2DE9F347324F019304460E46F9
:1011C00007F54A70A02122F04FFC9F2884BF0A2314
:1011D00087F8C6332C4F05464FF0000888BF9F257F
:1011E0004FF0230A45450AD1C6B92A46264920466A
:1011F000FFF762FA0546284602B0BDE8F08797F887
:101200000090484624F040FB20B9B9F10A0F18BFFE
:1012100087F800A008F101080137E3E71B493046D1
:101220001CF012F920B91A4905222046FFF744FAAA
:10123000184930461CF008F920B917490522204604
:10124000FFF73AFA154930461CF0FEF820B9144968
:1012500005222046FFF730FA124930461CF0F4F818
:1012600020B9114905222046FFF726FA2A460649E9
:101270002046FFF721FA0D49054604222046FFF7D4
:101280001BFAB8E7E804002010080020149F0208A9
:101290001A9F0208209F0208269F02082C9F02081E
:1012A000329F0208389F02083E9F0208449F0208AE
:1012B0000346C06A0A4640B193F83501424083F8BC
:1012C000352103F114000CF018B970470346C06AC9
:1012D00070B480B108465518854204D170BC03F142
:1012E00014000FF0C1BA10F8014B93F83561744047
:1012F00083F83541F0E770BC7047A0F52A601CF018
:101300005DBC2DE9F0411E4690F958308AB0002BA3
:10131000DDF8408004460D46174621DD00F1280324
:1013200010220021184622F006FCB8F5807FA76243
:10133000E662256314D8119A25466E4655F8447B1B
:101340000690CDE907820FCD0FC695E8030046F859
:10135000040B04F1380331700ECBBD6B2046A84757
:101360000AB0BDE8F08138B50C4D05F59473036003
:1013700005F5BA730446C0F8A03A05F5C873C0F87D
:10138000B03A05F5DC7500F52B601AF0B5FC204687
:1013900025601AF006FE204638BD00BF305A02080C
:1013A000A0F52B60DFE710B50446FFF7DCFF204611
:1013B00023F012FC204610BDA0F52B60F3E730B4FB
:1013C000034600F130020024BFF35B8F52E8001F98
:1013D00042E80045002DF9D1BFF35B8F19B11B68BE
:1013E00030BC1B6A184730BC704708B50022027534
:1013F000FFF7E5FF4FF0FF3008BD10B5074B04467F
:1014000040F8543B20F046FE04F13400FFF723FD82
:101410002046FFF70FFE204610BD00BF245C0208E7
:1014200010B50446FFF7E9FF204623F0D5FB204620
:1014300010BD054B10B504460360406A08B117F0B3
:1014400068FF204610BD00BF345C020810B504469A
:10145000FFF7EFFF204623F0BFFB204610BD70B51D
:101460000446406A00230E461546636208B117F031
:1014700050FF95B1442023F0A7FB084A02600346C1
:10148000606A636208B117F044FF606A03682A4625
:1014900031461B69BDE87040184770BD785C020892
:1014A00070B5154692F844200E460AB1002070BD72
:1014B0008C1C01F12402498C0368202914D1DB68BB
:1014C000214698470028F1D0202333807384214699
:1014D000A5F846304835E31851F8042B45F8042B9D
:1014E0009942F9D10120E2E79B6821469847EBE752
:1014F00070B5531E154606460C461F3213F8011FE1
:10150000C1B99342FAD1002070BD06F1790305F10B
:10151000200255F8041B43F8041B9542F9D1043608
:1015200004F1200354F8042B46F8042B9C42F9D113
:101530000120E9E700222946204616F08FFA2046CE
:1015400016F00EFC0028E0D020220021204622F0D8
:10155000F2FAD8E72DE9F347454C07464548894656
:10156000904618F01FF9B4F8FC15102903D104F2C5
:10157000FE5018F0E1F821F05DFD042101900DEB23
:10158000010018F0D9F83E1D07F179054FF0000A67
:1015900094F8810C10F0400001D118F003F9B4F870
:1015A000802CC2F30C03C2F3C9021F2AC8BFA3F5E3
:1015B0008073B4F8802CCCBFC3F30C03002363F317
:1015C0000C021304A4F8802C4FD50021084618F013
:1015D000B3F894F8813C84F89DAC6FF3C71384F89A
:1015E000813CD4F8303C0133C4F8303C17F078FF2C
:1015F000DFF884C02A460CF1200E634603CB734506
:10160000106051609C4602F10802F6D118F066F8AD
:1016100097F8793023F0070387F8793097F89830F6
:1016200003F03F0343F0400387F898300022294637
:10163000304616F013FA304616F092FB0028A7D178
:10164000304606F1200350F8042B49F8042B984249
:10165000F9D1294605F1200351F8042B48F8042B51
:101660009942F9D102B0BDE8F08717F0A7FEB8E7BC
:10167000E8040020499F02082811002082B02DE9CB
:10168000F04F8FB004461993229B0093239BDDF803
:1016900090A00193934621F0CDFC269B03EB0A0911
:1016A000BDF86430C9F80800064633B9002738464B
:1016B0000FB0BDE8F04F02B0704723680DF166012E
:1016C000DB692046984707460028EFD0A046202235
:1016D00058F8593B20461B6A414604F128059847B3
:1016E00010220021284622F026FA009BA362019BCB
:1016F000E362C4F830B006B1E6623148314C0D22E5
:10170000294609F0A8F941462F48082209F0A3F913
:10171000D4F8A00C036820225B6A4146984719233D
:101720008DF828302A460DF1290305F10C0852F8EE
:10173000041B43F8041B4245F9D198F800201A70A5
:10174000D4F8A00C9AFA9AF3ADF83630036802AADE
:101750009B6A0AA99847259802AA514607F05CFEA1
:1017600001238DF818300DF1190355F8042B43F8B7
:10177000042B4545F9D12A781A70269A259806AB8C
:10178000514617F0CBFDD4F8A00C0023ADF826305D
:1017900003680AAA9B6A06A9984709F1070402AAE6
:1017A0000AAB09F1FF3112F8010B13F8015B684035
:1017B00001F8010FA142F6D1C9F8086077E700BF30
:1017C000589F0208E8040020759F020882B02DE9A6
:1017D000F04F95B08A461EA981E80C00DDE928B3D8
:1017E0002A9E01932B9B0C3E9F19BDF87830D7F8A9
:1017F000089005462BB9002015B0BDE8F04F02B0A7
:10180000704703680DF17A01DB6998470028F2D030
:10181000A846202258F8593B28461B6A414605F144
:101820002804984710220021204622F084F9019BC9
:10183000C5F828B0EB62C5F830A0B9F1000F01D0AF
:10184000C5F82C903E483F4D0D22214609F003F982
:1018500041463D48082209F0FEF8D5F8A00C03687F
:1018600020225B6A4146984701238DF820302246AA
:101870000DF1210304F10C0852F8041B43F8041B7A
:101880004245F9D198F800201A70D5F8A00C002331
:10189000ADF82E30036808A99B6A10AA98477B1EF2
:1018A00010A80CA9073713F801CF10F8012BBB4281
:1018B00082EA0C0201F8012BF5D108AB2C9A2B9887
:1018C000314617F02BFD19238DF840300DF14103FF
:1018D00054F8042B43F8042B4445F9D122781A70AC
:1018E000D5F8A00C73BAADF84E30036804AC9B6A0F
:1018F000224610A998472C982246314607F08CFDC5
:101900000CAB039410930398002300283FF474AFAA
:10191000109800283FF470AF8DF80B30039AD15C1B
:10192000109AD05C9DF80B20414001330A43082BEC
:101930008DF80B20F2D19DF80B000138C00F5BE74A
:10194000A59F0208E8040020C29F0208F0B500F13C
:10195000590789B03B4601F1200251F8044B43F886
:10196000044B9142F9D16C4600F1790200F19903E0
:10197000264610685168254603C508329A422C460F
:10198000F7D1384616F0ECF93A4631460546384666
:1019900016F064F80446384616F0E2F984F00104C3
:1019A00005432C433046202115F08EFF04F0FF0440
:1019B000E04300F0010009B0F0BD10B50446006836
:1019C00008B117F0A1FC204610BD84B02DE9F34109
:1019D0009DF9448009AE0024B8F1100F86E80E008E
:1019E000DDE91357009443D1E82023F0EDF8264BAE
:1019F00003602C33C362A0F828800A2380F83030BB
:101A000000F1380200F12C0342634360CDE9000489
:101A100001A8FFF7D2FF009C9DF9442023683146BE
:101A20001A4E1B69204698472A463946304622F00E
:101A30002DF9C5F580720021701922F07CF8236819
:101A400012995B691022204698470C2384F82930AC
:101A500023683246D3F8188039462B462046C047C3
:101A60006846FFF7AAFF02B0BDE8F04104B0704736
:101A70004FF4947023F0A8F810230385044B0360FF
:101A80002C33C3620E23B9E7A05C02088C1100203E
:101A9000F45C020810B591F85C31012B04460CD1BE
:101AA000064B1B7B022B08D0D1F81421096807F0E4
:101AB000B2FA10B1236F0133236710BDE804002090
:101AC000F0B505468DB007F036F9284617F085F8D1
:101AD00095F988310933BCBFF72385F888312B6825
:101AE00028469B6B002498470594D5F85032049300
:101AF000B5F86C30039395F98831029395F8D93194
:101B0000019395F86130009305F51576EA6D95F827
:101B100060300146304615F0F7FB821C4CD0284B54
:101B2000984249D0D5F84C12264F304615F03DFB6F
:101B3000044618BB0146304615F05EFB0446E8B982
:101B40004FF0FF33CDE90933CDE907330B93D7F8D5
:101B5000A43DD5F89C02DB070CD401681A4BCA6877
:101B60000969C3E90122C3E90712C3E90D21012371
:101B7000C7F8A43D144A07A913F03AFC97F8CD1111
:101B800001B10121304617F0E2F800230093012251
:101B900040F6B50105F5F07017F0FCF84CB90121DD
:101BA000304617F0D9F9044618B92B6828465B6D02
:101BB0009847B4FA84F4640920460DB0F0BD00BF24
:101BC0003DFDFFFFE80400200000002038B504467A
:101BD00006F09EFF236804F515759B6F2046984715
:101BE00094F86010284614F057FDE16D284614F073
:101BF000EDFC94F86110284617F06BF894F8D911B1
:101C0000284617F085F8D4F84C12284615F0CDFA7E
:101C1000B4F86C10284615F065FA236820469B6BD3
:101C200098470146284613F0DBFF94F98831162BBC
:101C3000C4BF162384F8883194F98811284613F01C
:101C40009BFC064B284693F8CD1117F080F82368CB
:101C500020465B6D9847002038BD00BFE804002097
:101C600010B5036804469B6F984704F5157016F08D
:101C700081FF012010BD08B500F5157012F0C2FFFC
:101C8000003818BF012008BD38B5044600F51570AE
:101C900012F0B8FF10F0140F12D0114DD4F84422F6
:101CA0002B681AB9C4F84432012038BD216F9B1A41
:101CB000B3EB410FF8D3C30604D40023C4F8443275
:101CC0000020F2E7236800225B6B40F201112046FE
:101CD00098472B68D4F844229B1A9842E4D8ECE742
:101CE000E8040020F0B5C36F85B00446002B3DD159
:101CF00090F82C32002B34D104F51575284616F0D7
:101D000039FF0021284616F019FF7F238DF80F3088
:101D100000220123CDE9003289210DF10F0204F5E3
:101D2000F07013F0ABFBD4F8E0011C4E0368052102
:101D3000DB6998473768D4F8E001D4F80C120368DF
:101D40001B6998470346D4F8E0018BB90368D4F8BF
:101D50000C121B699847236890B15B6D2046984729
:101D600004E00368DB6D98470028C5D005B0F0BDDE
:101D700033680268DB1B322BE8D8536D9847DAE7EB
:101D80009B6B204698470146284613F0B8FE96F80C
:101D9000CD11284616F0DBFF2368DEE7E8040020BB
:101DA00000F5157012F09EBB1FB5FF238DF80130B2
:101DB0004FF6FF730022ADF802304FF4C073CDE947
:101DC0000123039390F863308DF8003003680446D4
:101DD0009B6F9847694604F5157010F0C3FB034BE1
:101DE000C11A4842484104B010BD00BF42FDFFFF88
:101DF000F0B5036805469B6F85B09847B5F86C4011
:101E0000B5F8A63205F515766CB91C460F2C1ADC10
:101E10000023009340F2762202236FF07F41304688
:101E200010F09AFD01E0A342F0D2012385F82C3294
:101E30002B683349DB6C28469847284605B0BDE837
:101E4000F04006F0D1BF95F8A03242F210709840F1
:101E50001BF0A2FC2B490746D5F8A8021BF0F4FCA6
:101E6000014638461BF0A4FD1BF064FEA4F11007E8
:101E7000D5F8C832BFB2474303F57E729742C7D345
:101E800004FB0004E41B04F57A74640800EBC00052
:101E9000844238BF04467D22FF1AE4006FF07F4180
:101EA000B4FBF2F4631EA7F57A778B424FEAC707BB
:101EB000B7FBF2F7B9D27B1E8B42B6D2022340F2B7
:101EC0007622304614F043FC0028AED1230C8DF866
:101ED0000830230A8DF809303B0C8DF80B300123B4
:101EE000CDE900337FBAD5F89C028DF80A4006236D
:101EF00002AA9421ADF80C7013F0C0FA95E700BF68
:101F0000257200080000204138B500F515752846F7
:101F10000C4614F085F8C4F81C01284612F083FE24
:101F200020F0D4FEC4F8240138BD10B5044600F5F5
:101F3000CA70FFF744FA04F5157012F089FE002309
:101F400084F82C32C4F84432236820469B6C9847AE
:101F50002046BDE8104007F097BF2DE9F04300246C
:101F60008BB005460E46A04600F51577002A58D0DE
:101F700090F8A432012B11D040F24971D0F89C02A4
:101F800013F0C6F840F26B71C0F30214D5F89C024E
:101F900013F0BEF8042CC0F300183ED80434E4B2A9
:101FA00095F86000D5F85C90B5F86C308DF8244059
:101FB00001248DF81C00ADF8143004FA00F0002361
:101FC0008DF81630CDF820901BF0EAFB49461BF047
:101FD000EFFC4FF083411BF009FA0028034618BFBD
:101FE00023468DF818308DF81780DDE90501D5F806
:101FF0005442099B019000930396ADF80810DDE967
:102000000723A46F95F8D8113846A0474FF47A7388
:10201000B0FBF3F00BB0BDE8F083072C08BF082439
:10202000BEE7D0F854323846DB6F9847EEE738B554
:10203000D0F8D430082B04460D4607D1AC3016F04A
:1020400047FD014610B11548FEF7E4FCD4F8D43042
:10205000072B01DD20F09EFFD4F8D80018B10368EB
:1020600000211B689847D4F8D03004EB8302013379
:10207000C2F8AC505A4202F0070203F0070358BFFF
:102080005342C4F8D030D4F8D4300133C4F8D4303B
:10209000D4F8FC300133C4F8FC3038BD201F0020D8
:1020A00038B5D0F8EC30022B04460D4607D1DC30B1
:1020B00016F0FDFC014610B11348FEF766FCD4F89B
:1020C000EC30012B01DD20F065FFD4F8F00018B1F1
:1020D000036800211B689847D4F8E83004EB8302BA
:1020E000013303F0010348BF5B42C2F8DC50C4F87F
:1020F000E830D4F8EC300133C4F8EC30D4F8FC30DC
:102100000133C4F8FC3038BD9012002070B50F4B7D
:10211000044640F8683B19F0D0FDA36B3BB1E36D7A
:10212000E56C1E1DAE420BD8A06B22F055FD606B16
:1021300008B122F051FD204619F0DEFD204670BDA9
:1021400055F8040B22F048FDECE700BF485D02089B
:1021500010B50446FFF7DAFF204622F03DFD204689
:1021600010BD38B5D0F88C100F4B03600446A9B9E8
:10217000D4F88820D4F88400920021F0DCFCD4F854
:10218000840004F19C03984201D022F025FD074B06
:1021900023602046FFF7BAFF204638BD0D68084689
:1021A00022F01AFD2946E2E7845D0208C45D0208B8
:1021B00010B50446FFF7D5FF204622F00DFD20465E
:1021C00010BD2DE9FF47D1E90037D0F804A05F40EA
:1021D000B7FBFAF60AFB167688460A463B463146B6
:1021E0000446FEF743FC28B1006818B10C3004B077
:1021F000BDE8F0871C2022F0E7FC034605464FF0BF
:10220000000998E8030043F8049B83E803000123D6
:10221000C5F81090A5F8149085F816900093E3681F
:10222000524604F1100102A81FF08AFB9DF8083005
:10223000C3B1039E012E04F1180A24D1C4F81890EA
:10224000D046A4460020A2684CF8080F22BB2068A4
:10225000504501D022F0C0FCB7FBF6F3C4E900867C
:1022600006FB13762368AF6153F82620B00082B3D3
:1022700012682A6053F826301D60E3680133E3607A
:1022800005F10C00B3E7304616F080F8B20049467D
:10229000804621F050FCD4E79369B3FBF6F106FBCE
:1022A0001133D2F800E058F8231059B9A168116031
:1022B000A26048F823C0116809B148F820201846E8
:1022C0007246C3E70968116058F823301A60034664
:1022D000F5E7A2682A60A5603AB192696168B2FB2D
:1022E000F1F601FB162243F8225004F108021A50BD
:1022F000C3E72DE9F0430546B1B014460E4631B1AF
:10230000D369DFF8DC90D3E90078B84519D1A5B1DD
:10231000AB68E4698BB1324901AA28460FF0EAF8AC
:1023200058B1D4E901739F421ED0BC2201A938469E
:1023300021F0ACFC6368BC336360012031B0BDE8C0
:10234000F0833946BC2201A821F0A0FCA27D218A9D
:10235000304618F0B3FDBC370028EFD001AA49463B
:1023600030460FF06FF9D0E71E4A0121204605F0F4
:102370007BFDD4F800800646A7EB080968B31A4B2A
:10238000984206D9194B984201D91FF088FA1FF0DC
:1023900083FABC20704322F017FC0546BC2201A939
:1023A00005EB090021F072FC39462A46404617F039
:1023B0003DFD394600F1BC02384617F037FD0746AF
:1023C000B8F1000F02D0404622F006FCBC23C4E95D
:1023D000005703FB0655A560AFE70546DEE700BFE3
:1023E000FC5D0208F29F0208414CAE0082985C013D
:1023F00070B59EB00F4B0093684614460E4611F020
:10240000ABFA0025E4B2A54209D320223146684642
:1024100011F031FE684615F0CBFC1EB070BD621B9A
:10242000102A06EB050128BF1022684611F0F1FDC5
:102430001035E8E71C5E020810B5054B044640F86D
:102440002C3B15F05AFA204615F0D2FA204610BD62
:10245000F45C020810B50446FFF7EEFF204622F0B8
:10246000BBFB204610BD10B5054B044640F82C3B85
:1024700015F032FA204615F0BBFA204610BD00BF19
:10248000A05C020810B50446FFF7EDFF204622F0DD
:10249000A3FB204610BD002807DB044A41090123A5
:1024A00000F01F00834042F82130704700E100E057
:1024B00000280CDB4309064900F01F0020330122ED
:1024C000824041F82320BFF34F8FBFF36F8F7047D7
:1024D00000E100E008B53220FFF7EAFFBDE8084060
:1024E000014818F071BA00BFB01A0020164B30B581
:1024F000DC68C4F30224C4F10703251D042B28BFA4
:102500000423062D4FF0FF358CBF033C002405FA51
:1025100003F321EA0303A54022EA0502A3400028B1
:1025200043EA0203ACBF00F16040084A4FEA0313DC
:10253000B8BF00F00F00DBB2AABF00F56140135432
:1025400080F8003330BD00BF00ED00E014ED00E086
:1025500008B590F82530022B03D00423C363012073
:1025600008BD03681A6822F00E021A601A6822F089
:1025700001021A60826C136823F480731360D0E93F
:10258000101303F01C02012393404B60D0E9133277
:102590005A60436D33B11A6822F480721A60D0E930
:1025A00016325A60012380F82530002380F8243049
:1025B000836B03B198470020D2E7074B5A69002A82
:1025C000BFBF064A9A6002F188329A60BABF586962
:1025D000C00F0020704700BF00400058230167452E
:1025E000044B5A6942F000425A615869C043C00F17
:1025F000704700BF004000580268436B9169126841
:1026000003B1184770471C4A436B934270B501F001
:1026100002020DB201F001041DD0184EB3421AD0CF
:10262000174EB34217D0002DACBF0023B8230CB116
:1026300043F0F2030AB143F0F403102902D143F04E
:10264000900303E0202901D143F0200301680A68C8
:1026500013430B6070BD002DACBF0023B8230CB139
:1026600043F0F2030AB143F0F4031029E7D0202924
:1026700008BF43F06003E9E7392A00080F2F00087C
:102680003B2B000890F84120602A4FF0000206D151
:10269000202180F8411080F84020026370470263D7
:1026A00080F8402090F892205AB990F84120202AD2
:1026B00007D1282280F84120024A42634FF40041AA
:1026C000A1E77047FD2D0008806A836B0BB10022E3
:1026D0009A63C36B0BB100229A63D3E711F0010335
:1026E00007D090F8413003F02803282B14BFF223C1
:1026F00042238A0709D590F8412002F02802282AAF
:102700000CBF43F0440343F0F4030A0401680A6871
:1027100048BF43F0B80322EA03030B60704700236D
:1027200080F8423090F8412010B5212A4FF0200265
:1027300080F841200BBF112212224363436307BF7D
:102740000263012102630221FFF7C8FF002380F822
:10275000403010BD08B503681A68002180F84210A7
:10276000510415D51A6822F480421A6090F841305D
:10277000292B13D1282380F8413021230363012121
:10278000FFF7ACFF002380F8403080F8903008BDA0
:102790001204EBD51A6822F40042E6E790F84130C3
:1027A0002A2BF4D1282380F841302223036302210D
:1027B000FFF794FF002380F84030BDE808400EF09A
:1027C000C7BC08B5164BC3622022002303634363D2
:1027D00080F8412080F842304B0712D503685A6ACE
:1027E000436A1A70436A01334362038D4BB1013B64
:1027F0000385438D013B9BB24385436C43F0040347
:10280000436448F20301FFF769FF03681022DA61AD
:10281000002380F84030BDE808400EF076BC00BFD1
:102820000000FFFF70B500223B4D90F8413080F86A
:102830004220C5624285426C283B0A43022B044673
:10284000426429D80321FFF749FF282380F841304B
:10285000324BA06B6363236B00283FD0112B01D058
:10286000212B3BD123681A68510442BF1A6822F415
:1028700080421A6090F82530012B2BD0284B8363BF
:10288000002384F84030FFF763FE002843D0A06B9C
:10289000836BBDE87040184748F20301FFF71EFF45
:1028A000FDF74EFC90F84130602B11D0202380F8CA
:1028B000413003689A6995060AD59A69D00605D50C
:1028C0001022DA61626C42F0040262642022DA6152
:1028D0000023BEE72046BDE87040D3E6E06B002849
:1028E000F8D0122B01D0222BF4D123681A681204DD
:1028F00042BF1A6822F400421A6090F82530012B7A
:10290000E8D0074B8363002384F84030FFF720FEB4
:1029100008B1E06BBCE770BD0000FFFFFD2D0008B3
:10292000C9260008036899691A6810B4CC0508D54F
:10293000140606D5446C44F0010444644FF48074DA
:10294000DC614C0508D5140606D5446C44F0080437
:1029500044644FF48064DC61890508D5120606D50D
:10296000426C42F0020242644FF40072DA61416C40
:1029700011F00B0F01D010BC54E710BC704773B5B9
:1029800005682023EB6190F84130212B04460E4668
:1029900034D10121FFF7A2FE112323636B6823F0DA
:1029A000FF7323F48B3323F4FF7323F001036B6075
:1029B00000236363F206A3F58033E36205D5102399
:1029C000EB61636C43F00403636494F84130602B63
:1029D00005D1730741BF6B6ADBB20193019B2046AF
:1029E000FDF7AEFB636C94F84120602A00D073B110
:1029F000616C204602B0BDE8704013E790F84130AA
:102A0000222BCBD10221FFF769FE1223C5E794F8F0
:102A10004120212A0AD1202284F84120236394F8FE
:102A2000422084F8403084F8423003E094F841209A
:102A3000222AF0D002B070BD73B590F84030012B5F
:102A4000044678D0012380F84030CB0612D5D60654
:102A500010D503681022DA61436C43F00403436429
:102A60002021FFF7D0FDFDF76BFB002084F840002C
:102A700002B070BD0D0641D550063FD525682B68C4
:102A800023F040032B60638D9BB25BB36968638D59
:102A90009BB2FF2BC1F309011AD9FF2323854FF005
:102AA00080730022268D009294F828202046FDF79E
:102AB00055FB638D9B1B9BB2638594F84130222BA1
:102AC0002B680CBF43F4004343F480432B60CCE7F6
:102AD000638D2385E36A13F5803F14BFE36A4FF0EB
:102AE0000073DEE76B689A0103D42046FFF717FEF8
:102AF000BBE740212046FFF795FEB6E74B0612D50F
:102B0000560610D5638D9BB2002BF2D123685A680C
:102B10009501AAD4E26A12F5803FE6D15A6842F4E0
:102B200080425A60A1E788069FD593069DD520462E
:102B3000FFF725FF99E702209AE713B590F8403098
:102B4000012B044600F08580012380F84030CB063D
:102B500012D5D30610D503681022DA61436C43F016
:102B6000040343642021FFF74EFDFDF7E9FA00203E
:102B700084F8400002B010BD880708D5930706D539
:102B80002368226D9A624FF0FF332365EFE7080652
:102B900036D5530634D510212046FFF734FD638D1A
:102BA0009BB24BB3638D9BB2FF2B17D90023FF223F
:102BB000E16C228500934FF0807389B2FDF7CEFA65
:102BC000638D228D9B1A9BB2638594F84120236804
:102BD000222A1A680CD142F400420BE0628DE16CAB
:102BE00092B2002322850093D2B24FF00073E4E743
:102BF00042F480421A60BAE74021FFF713FEB6E7BD
:102C000048061ED553061CD594F84110124A134BA2
:102C1000222918BF1346628D92B2FF2A08D9FF22DB
:102C2000E16C228500934FF0807389B22046C5E79E
:102C3000628DE16C92B222850093D2B24FF00073A4
:102C4000F3E7880693D5930691D52046FFF797FEC4
:102C50008DE702208EE700BF002000800024008066
:102C60002DE9F8430568D5F80090D0F82C8090F84D
:102C7000417007F0F7072023212F04460E46EB6131
:102C800063D148F20101FFF729FD27636B6843F424
:102C900000436B606B6823F0FF7323F48B3323F4E2
:102CA000FF7323F001036B602046FDF749FA19F426
:102CB000804F4FD02B6823F480432B60A36B1BB154
:102CC0001B685B689BB2638572070FD5636A6A6A8B
:102CD0001A70636A01336362238D2BB1013B238534
:102CE000638D013B9BB2638526F00406638D9BB226
:102CF0001BB1636C43F004036364F30611D519F050
:102D0000100F0ED0638D9BB2002B3DD194F8413053
:102D1000282B28D1B8F1007F25D131462046FFF776
:102D200050FD002384F84230656C6363002D3AD077
:102D3000616C2046FFF776FD94F84130282B58D17E
:102D400031462046BDE8F8433BE5222F9ED148F2AC
:102D5000020198E719F4004FB6D02B6823F4004322
:102D60002B60E36BABE794F841202368292A4FF0EE
:102D70001002DA61D5D118F5803FD2D02046FDF798
:102D8000DFF9FFF7E7FCCCE723681022DA61636C18
:102D900043F00403636438F08073C2D1616C204651
:102DA000FFF740FDBDE7E36A13F5803F0FD02046F3
:102DB000FFF7D0FC104BE362202384F8413084F805
:102DC000405025632046BDE8F8430EF09EB994F8C4
:102DD000413084F84050222B4FF0200384F84130DA
:102DE000256304D12046BDE8F8430EF0B1B984F85C
:102DF0009050BDE8F88300BF0000FFFF70B590F869
:102E00004060C56A012E04460B467ED0012680F83C
:102E100040608E0607D5960605D5FFF721FF0020F6
:102E200084F8400070BDD90630D5D6062ED5628D07
:102E300092B2E2B994F84120282A07D1B5F1007F77
:102E400004D119462046FFF7BCFCE8E794F841207E
:102E50002368292A4FF01002DA61E0D115F5803F8E
:102E6000DDD02046FDF76CF9FFF774FCD7E7236847
:102E70001022DA61636C43F00403636435F08073FD
:102E8000CDD1616C2046FFF7CDFCC8E758071BD5B4
:102E9000510719D5638D9BB26BB123685A6A636A77
:102EA0001A70636A01336362238D013B2385638D4E
:102EB000013B9BB26385638D9BB2002BAFD115F5AF
:102EC000803FACD02046CFE71E0705D5100703D5BD
:102ED000204617F067FCA2E79907A0D593079ED577
:102EE000638D9BB26BB1636A226813F8011B916218
:102EF0006362638D013B9BB26385238D013B238518
:102F00008DE735F080738AD1DCE702208AE770B55F
:102F100090F84060C56A012E04460B4670D0012629
:102F200080F840608E0607D5960605D5FFF798FE17
:102F3000002084F8400070BDD80659D5D10657D579
:102F400012F4404F50D0D4E90E10E0B921B1520430
:102F500002D50A6852680AB323681022DA61636CEA
:102F600043F00403636494F8413035F08072DBB2BF
:102F7000DED1213B092B30D8DFE803F02D342F2F91
:102F80002F2F2F2F2D341604E0D50068406800281D
:102F9000DCD119B1500444BF0A68526894F841204A
:102FA000282A07D1B5F1007F04D119462046FFF742
:102FB00008FCBDE794F841202368292A4FF010024D
:102FC000DA61B5D115F5803FB2D02046FDF7B8F8EB
:102FD000FFF7C0FBACE721232363616C2046FFF7BA
:102FE00021FCA5E72223F7E723681022DA619FE797
:102FF00019079DD513079BD5204617F0D3FB97E7FC
:10300000022098E74FF0B0431868C0F38020704763
:103010004FF0B0431868C0F3406070474FF0B043C2
:1030200010B59A68D96812F00C0205D00C2A4AD162
:1030300001F00303012B51D14FF0B0412B480B6835
:1030400013F0080306D00B6813F0080337D1D1F84A
:10305000941007E00C68240756BFD1F89430096833
:10306000C3F3032350F82330002A0CBF1846002076
:103070004FF0B0418A6802F00C020C2A1ED1CA68D7
:1030800002F00302022A2ED0032A06D10B68184A46
:1030900013F4801F174B18BF13464FF0B042D0688F
:1030A000D168D268C0F306205843C1F3021301333C
:1030B000B0FBF3F0530F0133B0FBF3F010BD0B681E
:1030C000C3F30313CEE7042A05D0082A06D11B68F0
:1030D00013F4801305D006480023C9E700231846DF
:1030E000C6E70448C4E7024BD7E700BF305A0208DE
:1030F0000024F4000048E80108B5FFF78FFF4FF007
:10310000B0439A68044BC2F3031203EB82031B6CB7
:10311000B0FBF3F008BD00BF305A020838B50546D1
:10312000FFF7EAFF4FF47A73B0FBF3F3013BB3F11F
:10313000807F01D3012038BD4FF0E022F0215361A0
:10314000094B002483F823100F2D4FF007039461DF
:103150001361EFD84FF0FF3022462946FFF7C6F93A
:10316000024B20461D66E6E700ED00E0000000206F
:10317000F8B54FF0B04304469D68DE6803689F06CB
:1031800005F00C0506F0030632D5016A1DB10C2DC1
:103190007CD1012E7AD109B90120F8BD4FF0B0439E
:1031A000A76A1A68100756BFD3F894301B681B092A
:1031B00003F0F0039F4255D93846FCF7EEFF002894
:1031C000EAD14FF0B042136843F00803136013686C
:1031D00023F0F0033B431360606AFCF7D5FFFFF771
:1031E0008BFF994B5866186EFFF798FF0028D4D1D3
:1031F0002268D00740F1AD80082D616803D00C2D06
:1032000071D1032E6FD10029C6D0910700F1B8808B
:10321000170740F10481A1694FF0B043002900F085
:10322000ED80D3F89410E06901F01006B04200F090
:10323000D28001F00306022EAED0CE0740F1C2804C
:10324000D3F89410814E21F00101C3F8941037682F
:10325000D3F89410890740F1B5803168C91B112952
:10326000F6D931E04FF0B042136843F00803136021
:10327000136823F0F0033B431360606AFCF784FF9C
:103280003846FCF78AFF0028A9D085E76F4A4FF03F
:10329000B043D9B1196841F001011960106819688B
:1032A00089070DD51A6842F008021A601A68A16AE7
:1032B00022F0F0020A431A60606AFCF765FF97E7A4
:1032C0001168091A0229EAD9032066E7196821F072
:1032D00001011960106819688F0789D51168091AEA
:1032E0000229F8D9F0E74FF0B043A768186820F436
:1032F00080103843B1F5803F186054480ED11968EA
:1033000041F48031196001684FF0B0473B689B037E
:103310001FD403685B1A642BF8D9D5E7B1F5041FF5
:1033200004D1196841F400111960E8E71F6827F417
:1033300080371F601F6827F400171F600029E2D143
:1033400007681968890304D50168C91B6429F8D97D
:10335000BAE793077FF55CAF042D03D00C2D0FD196
:10336000022E0DD12369002B3FF416AF4FF0B04170
:1033700060694B6823F0FE4343EA00634B6047E714
:10338000206932494FF0B04368B1186840F480704A
:1033900018600E68FFF736FE0028E7D10B689B1B0C
:1033A000022BF7D990E7186820F4807018600E6837
:1033B000FFF728FE00283FF42BAF0B689B1B022B66
:1033C000F6D981E74FF0B041D1F8943023F01003E3
:1033D0000343C1F894304FF0B0411C48D1F8943009
:1033E00043F00103C1F894300668D1F894309F0788
:1033F00015D403689B1B112BF7D965E7D3F89410FC
:10340000124821F00101C3F894100668D3F8941013
:10341000890704D50168891B1129F7D954E7570793
:103420004ED50B4A136813F4807F084B12D11168F4
:1034300041F48071116018681168CE050AD41968CA
:10344000091A0229F8D93FE700000020E80400200B
:1034500000040058E1684FF0B04200294BD021F041
:103460008000052802BFD2F8900040F00400C2F8A6
:1034700090004FF0B0421F68D2F8900040F0010079
:10348000C2F8900041F28836D2F89000800704D448
:103490001868C01BB042F7D916E721F00401812952
:1034A0001868D2F8901015D141F08001C2F8901040
:1034B00041F288364FF0B041D1F89020120504D582
:1034C000E36A002B3DD1002067E61A68121AB24267
:1034D000F2D9F9E621F08001C2F8901041F2883665
:1034E0004FF0B041D1F890201705E9D51A68121AAB
:1034F000B242F7D9E8E61868D2F8901021F08001BE
:10350000C2F8901041F28836D2F89010090513D411
:103510001868D2F8901021F00101C2F890104FF015
:10352000B04641F28831D6F890209207C8D51A6883
:10353000121A8A42F7D9C7E61968091AB142E3D9C3
:10354000C2E60C2D46D0022B4FF0B043314A196829
:1035500021F080711960116831D1FFF759FD20BB4E
:10356000D4E90C304FF0B0410343CD682A482840DD
:103570000343E06B0343206C0343606C0343A06B85
:1035800043EA0023CB600B6843F080730B60CB6889
:1035900043F08053CB601168FFF73AFD002892D1C9
:1035A00013685B1A0A2BF7D98EE613685B1A0A2B8D
:1035B000D3D989E613685B1A0A2B3FF685AEFFF76D
:1035C00027FD0028F6D14FF0B042144BD1680B40D4
:1035D000D36078E7012B3FF4DFAD4FF0B043D868FC
:1035E000236B00F003029A427FF4D6AD626B00F0C9
:1035F000700393427FF4D0ADA26B00F4FE43B3EBB3
:10360000022F7FF4C9AD636C00F06040C01A18BF90
:103610000120C2E5E80400208C80C111FCFFFEEE11
:1036200008B5FFF769FD4FF0B0439A68044BC2F349
:10363000022203EB8203D3F81434D84008BD00BF44
:10364000305A020808B5FFF757FD4FF0B0439A68AB
:10365000044BC2F3C22203EB8203D3F81434D840E4
:1036600008BD00BF305A020870B5044605682269DB
:10367000A3682968C069666A134362691343774A7D
:1036800003430A4013432B606B68E26823F4405302
:1036900013436B60724BA2699D421CBF236A1A439D
:1036A000AB6823F06E4323F430631343AB60EB6AE3
:1036B00023F00F033343EB626A4B9D4217D14FF067
:1036C000B043694AD3F8883003F0030343F440332E
:1036D000934264D0B3F1031F21D0013A934258D0F2
:1036E000B0F5004F40F0B480FFF7ACFF34E05F4B23
:1036F0009D4234D14FF0B0435D49D3F8883003F098
:103700000C0343F440228A4249D005D8FBB1594BFF
:103710009A423ED0012065E0B2F10C1FFAD1B0F51B
:10372000004F40D04FF40040534B626803EB460318
:10373000B3F83434B0FBF3F303EB5203B3FBF2F30F
:103740004FF6EF72A3F110019142E3D844E0B0F5D7
:10375000004F78D1FFF764FF002842D023E0404BB0
:103760009D42D7D14FF0B043D3F8883003F4406383
:10377000B3F5006F3DD006D883B3B3F5806FC9D1E0
:10378000FFF74CFC2CE0B3F5406FC3D14FF4004081
:1037900030E0B0F5004F5ED1FFF740FCDCE7B0F55C
:1037A000004F3648C0D1344B626803EB4603B3F890
:1037B0003434B0FBF3F0530803EB4003B3FBF2F3F4
:1037C0004FF6EF72A3F110019142A3D823F00F023C
:1037D00092B2C3F342031343EB6002E0FFF720FF12
:1037E00040B900204FF00113A3660023C4E91D3344
:1037F00070BD2248204B656803EB460305EB45018D
:10380000B3F83424B0FBF2F3994283D8B3EB053F0D
:1038100080D80023194619F0FDFD090241EA106124
:103820006B080002C0182A464FF0000341F1000166
:1038300019F0F0FD124BA0F540729A423FF66AAFC4
:10384000074BD860CDE7FFF7EBFE0028C9D06BE748
:10385000FFF7F8FEF9E7FFF7E1FBF6E7F369FFCFC3
:103860000080004000380140020003000044004096
:1038700008000C0004000C00305A02080024F40078
:10388000FFFC0F0038B5044638B3D0F888300BB9C8
:1038900080F8843025682423C4F888302B6823F00E
:1038A00001032B60A36A13B12046FCF7E1FC20461C
:1038B000FFF7DAFE012810D06B6823F490436B60A9
:1038C000AB6823F02A03AB602B6843F001032B6045
:1038D0002046BDE83840FDF719B9012038BD38B59C
:1038E000044658B3D0F888300BB980F88430256886
:1038F0002423C4F888302B6823F001032B60A36ACB
:1039000013B12046FCF7B4FC2046FFF7ADFE0128BA
:1039100014D06B6823F490436B60AB6823F02203F0
:10392000AB60AB6843F00803AB602B6843F0010366
:103930002B602046BDE83840FDF7E8B8012038BDCF
:10394000836810B5044613B1032201469847204608
:1039500010BD10B5034B044640F8043BFFF7F0FFE1
:10396000204610BD845E020810B50446FFF7F1FF43
:10397000204621F031F9204610BD10B5034B044616
:1039800040F8043BFFF7DCFF204610BD845E0208D0
:1039900010B50446FFF7F1FF204621F01DF920463F
:1039A00010BD10B5034B044640F8043BFFF7C8FFB9
:1039B000204610BD845E020810B50446FFF7F1FFF3
:1039C000204621F009F9204610BD0369DA6822F08B
:1039D0000102DA60DA6822F00202DA60DA6822F0C4
:1039E0000402DA60DA6822F00802DA60DA6822F0AB
:1039F0001002DA60196A41F21112114208D1196AF3
:103A000040F24442114202BF1A6822F001021A60D9
:103A1000012280F84D20196821F00101196080F819
:103A20004E2080F84F2080F8502080F8512080F8F8
:103A3000522080F8532080F8542080F8552080F8D8
:103A4000562080F8572070470B4B98420BD0B0F1AE
:103A5000804F0AD003F5C053984208D003F5806325
:103A6000984206D0FEE700207047012070470220F0
:103A700070470320704700BF002C0140826810B5DA
:103A80000AB91DF019FFBDE81040C36818470B4B79
:103A9000DA68024211D0D8600023012803F1010244
:103AA00008D10748DBB2142202FB0300043083680C
:103AB0001BB1E3E740081346EFE7704700080058E2
:103AC000C01A0020037F013B072B14D8DFE803F066
:103AD0000411130D1313130F012350F8040C1B01D1
:103AE00064331844836833B1C8E70323F5E704233C
:103AF000F3E70223F1E77047036870B5DD681E69DC
:103B0000B10704460BD5AA0709D56FF002021A6166
:103B1000012202779B69FFF7D5FF00232377700707
:103B20000DD569070BD523686FF004021A610222D4
:103B3000227720469B69FFF7C5FF002323773207D2
:103B40000DD52B070BD523686FF008021A610422EC
:103B500022772046DB69FFF7B5FF00232377F006C5
:103B60000DD5E9060BD523686FF010021A61082203
:103B700022772046DB69FFF7A5FF00232377F207B2
:103B80000CD5EB070AD5236854F8040C6FF001023A
:103B90001A61C36E13B16430FFF770FF300605D5AC
:103BA000290642BF23686FF080021A61F20505D52D
:103BB0002B0642BF23686FF480721A61700605D528
:103BC000690642BF23686FF040021A61B20605D54C
:103BD000AB0642BF23686FF020021A6170BD034B31
:103BE000D3F8200608B1043086E77047E0150020BE
:103BF000FFF7F5BF034BD3F8240608B104307BE789
:103C0000704700BFE0150020034BD3F8280608B129
:103C1000043071E7704700BFE0150020034BD3F874
:103C20002C0608B1043067E7704700BFE01500209C
:103C300020F0CABF20F0C8BF20F0CEBF20F0CCBF1C
:103C400020F0CABF08B5032818D8DFE800F0020842
:103C50000D120120FCF70DFC4FF0904008BD022032
:103C6000FCF707FC0648F9E70420FCF702FC0548CE
:103C7000F4E78020FCF7FDFB0348EFE70020EDE7C9
:103C80000004004800080048001C00484FF0B04302
:103C900082B09A6D02439A659B6D03400193019B2C
:103CA00002B070474FF0E0230B4A82B01168986968
:103CB000019010689A6900925A69884214BF009B6B
:103CC000019B01324FF47A71D31A4B43B3FBF2F3E9
:103CD00001FB003002B07047E8040020094B70B5CA
:103CE00000261D684FF47A73B5FBF3F5C0E9005662
:103CF0000446FFF7D7FF044B03FB0500A0603046E6
:103D000070BD00BFE8040020C0BDF0FF024A136888
:103D100001331360704700BFE80400200C4BD3F858
:103D2000FC20D2015EBFD3F8FC2042F08072C3F8C1
:103D3000FC20084B00225A601A6842F001021A6007
:103D400000BF00BF00BF5868B0FA80F0400970475C
:103D500000ED00E0001000E0012098E6022096E669
:103D6000042094E6082092E6102090E638B5052459
:103D70002025A8B2FFF78BFE013C4FEA4505F8D19C
:103D800038BD38B506244FF48065A8B2FFF77FFE32
:103D9000013C4FEA4505F8D138BD012A02D0022A7C
:103DA00018BF0022FCF7E2BEF8B5471C06460C46D9
:103DB00000D1FEE73F4B00F00F0203EB8203C0F39C
:103DC0000310D3F86414FFF73DFF91FAA1F3B3FA9F
:103DD00083F3876803225B0002FA03F391FAA1F2EE
:103DE000B2FA82F227EA03075200032393403B43CF
:103DF00004F007058360032D03D8DFE805F05703BF
:103E00002559FEE7012391FAA1F2B2FA82F206687F
:103E10005200032707FA02F226EA020691FAA1F2FB
:103E2000B2FA82F252009340013D3343012D036008
:103E300005D8436822074CBF0B438B434360C4F350
:103E40000112BDE8F840A8E7C4F306227F2A17D084
:103E5000360717D50B0A93FAA3F6B6FA86F6476A21
:103E600093FAA3F3B6004FF00F0CB3FA83F30CFAF6
:103E700006F69B0027EA060602FA03F33343436281
:103E80000223C0E791FAA1F3B3FA83F3066A9B0019
:103E90000F2707FA03F326EA030691FAA1F3B3FA10
:103EA00083F39B009A4032430262E9E70023AAE7CA
:103EB0000323A8E7305A0208431C05D170479842F3
:103EC00001D1896870E70C310B685A1CF7D1FEE705
:103ED000431C02D1002070470C310B685A1CF9D0EA
:103EE0009842F9D14868704703468B42084604D08F
:103EF0001BB100290CBF1846002070474FF0B0439B
:103F00001A6842F061021A604FF4E0229A6061225E
:103F10001A60064ADA6000229A6140F23F321A6261
:103F2000034B4FF000629A60704700BF000104220B
:103F300000ED00E04FF0B04382B01A6E02431A6603
:103F40001B6E03400193019B02B0704703680C4A4B
:103F5000934202D14FF40060ECE7B3F1804F01D1FE
:103F6000012093E6074A934202D14FF40030F3E771
:103F7000054A934202D14FF48020EDE7704700BF1D
:103F8000002C01400044014000480140431C10D077
:103F90000C4B984210D007D8B0F1804F0ED0A3F54B
:103FA000C05398420CD0FEE7074B9842FBD11D202E
:103FB00070476FF00D0070471C2070471B20704742
:103FC000182070470044014000480140431C10D0B5
:103FD0000C4B984210D007D8B0F1804F0ED0A3F50B
:103FE000C05398420CD0FEE7074B9842FBD11D20EE
:103FF00070476FF00D0070471C2070471B20704702
:104000001A207047004401400048014090F8B12058
:10401000084B03EB8203D3F83036D3F88800D3F88B
:104020008C30184300F02200A0F12203584258417E
:10403000704700BFE015002010B5044650F8043961
:10404000DA69D1070BD501221A62FFF7DFFFA8B9A1
:1040500004F1AE012046BDE8104016F0DBBBDA6982
:10406000920701D50222EFE7DA69510701D5042250
:10407000EAE7DA691207E8D50822E5E710BD036828
:10408000D9691A682DE9F04140F60F0631429D6862
:10409000044610D18E0640F1BA8002F0200605F0E9
:1040A00080573E4300F0B380436F002B00F0AD809B
:1040B000BDE8F0411847AF4EAF482E4010403043A6
:1040C00000F0A580CF0709D5D00507D501201862DB
:1040D000D4F8900040F00100C4F890008F0709D593
:1040E000E80707D502201862D4F8900040F00400D9
:1040F000C4F890004F0709D5E80707D504201862D7
:10410000D4F8900040F00200C4F890000F070BD5DF
:1041100002F02000304307D008201862D4F8900045
:1041200040F00800C4F890000E050AD5500108D5EB
:104130004FF400601862D4F8903043F02003C4F8C4
:104140009030D4F89030002B5FD0890609D502F06A
:10415000200205F080552A4303D0636F0BB120463F
:1041600098472368D4F890109A6801F0280102F06B
:10417000400252EA010543D053E8002F22F4907226
:1041800043E800210029F7D17C4803F1080252E8F6
:10419000002F024003F1080545E800210029F4D171
:1041A000E26E012A07D153E8002F22F0100243E803
:1041B00000210029F7D12022C4F88C200022E266D9
:1041C00062679A68520617D503F1080252E8002F79
:1041D00022F0400203F1080040E800210029F3D159
:1041E000D4F8800040B1664B8363FEF7B1F960B14B
:1041F000D4F88000836B5BE72046BDE8F0411BE705
:104200002046FFF719FFC4F89050BDE8F081E06E3A
:10421000012840F0B780CF0640F1B480D60640F1C7
:10422000B18010221A629A68500671D5D4F88020A5
:104230001068416889B20029E7D0B4F85C508D421B
:10424000E3D9A4F85E100168890634D453E8001F4E
:1042500021F4807143E800100028F7D103F1080130
:1042600051E8001F21F0010103F1080545E80010A5
:104270000028F3D103F1080151E8001F21F04001AB
:1042800003F1080545E800100028F3D12021C4F807
:104290008C10E06653E8001F21F0100143E8001085
:1042A0000028F7D13AB192F82530022B08D0042328
:1042B000D36382F8240002232367B4F85E30A4E7B6
:1042C0001368906C196821F00E011960016821F4DF
:1042D00080710160196821F001011960D2E91003B1
:1042E00003F01C0101238B404360D2E91331596074
:1042F000536D33B1196821F480711960D2E9163118
:104300005960012382F82530002382F82430D2E757
:10431000B4F85E20B4F85E10B4F85C0089B292B2D2
:1043200000293FF472AF90423FF46FAF53E8002F83
:1043300022F4907243E800210029F7D10F4803F1DD
:10434000080252E8002F024003F1080545E8002169
:104350000029F4D12022C4F88C206167E16653E87B
:10436000002F22F0100243E800210029F7D1022398
:1043700023674AE70100001020010004FEFFFFEF61
:10438000ED430008CF020BD56E0209D54FF4801221
:1043900004F1AE0120461A62BDE8F04116F03ABAC7
:1043A00008060BD502F0800005F40005284305D06F
:1043B000A36F002B3FF429AF204679E649067FF52D
:1043C00024AF52067FF521AF53E8002F22F04002C0
:1043D00043E800210029F7D12023C4F88830A167E1
:1043E000D4F89830201FBDE8F0411847806A0023B8
:1043F000A0F85E30A0F856301EE62DE9F84F0368AD
:10440000B0F86060D3F81CB01F689D68D0F88C20AD
:10441000222A044640F0B580B0F8683043B1DFF896
:104420006C91DFF86CA14FF000081BF0200F20D139
:10443000B4F85E309BB2D3B1B4F868209A4216D972
:10444000226802F1080353E8003F23F0805308324A
:1044500042E8003122680029F2D14E4B636752E8EE
:10446000003F43F0200342E800310029F7D1BDE8C6
:10447000F88F2368A26D5B6A33401370A36D01331C
:10448000A365B4F85E30013B9BB2A4F85E302368AC
:10449000D3F81CB01BF0070F2ED01BF0010F09D072
:1044A000F90507D501221A62D4F8902042F00102E2
:1044B000C4F890201BF0020F09D0EA0707D50222AA
:1044C0001A62D4F8902042F00402C4F890201BF045
:1044D000040F09D0E80707D504221A62D4F89030F7
:1044E00043F00203C4F89030D4F8903023B1204652
:1044F000FFF7A2FDC4F89080B4F85E309BB2002BA9
:1045000093D1226852E8003F23F4807342E80031DF
:1045100023680029F5D103F1080252E8002F02EACE
:10452000090203F1080040E800210029F3D120220C
:104530005345C4F88C20616721670AD05A6811027C
:1045400007D553E8002F22F0806243E800210029BC
:10455000F7D1E26E012A10D10022E26653E8002F63
:1045600022F0100243E800210029F7D1DA69D206CF
:104570007FF55BAF10221A6257E72046FBF7A1FFD9
:1045800053E79A6942F008029A6170E7FEFFFFEF75
:1045900000800040CB0400082DE9F84F0368B0F814
:1045A0006060D3F81CB01F689D68D0F88C20222A68
:1045B000044640F0B380B0F8683043B1DFF868914A
:1045C000DFF868A14FF000081BF0200F20D1B4F8ED
:1045D0005E309BB2D3B1B4F868209A4216D92268F3
:1045E00002F1080353E8003F23F08053083242E809
:1045F000003122680029F2D14D4B636752E8003F39
:1046000043F0200342E800310029F7D1BDE8F88FDC
:104610002368A26D596A314022F8021BA265B4F8E2
:104620005E20013A92B2A4F85E20D3F81CB01BF0D1
:10463000070F2ED01BF0010F09D0F90507D5012275
:104640001A62D4F8902042F00102C4F890201BF0C6
:10465000020F09D0EA0707D502221A62D4F8902087
:1046600042F00402C4F890201BF0040F09D0E807C0
:1046700007D504221A62D4F8903043F00203C4F83C
:104680009030D4F8903023B12046FFF7D5FCC4F821
:104690009080B4F85E309BB2002B95D1226852E82E
:1046A000003F23F4807342E8003123680029F5D1EC
:1046B00003F1080252E8002F02EA090203F10800A0
:1046C00040E800210029F3D120225345C4F88C2072
:1046D000616721670AD05A68110207D553E8002F95
:1046E00022F0806243E800210029F7D1E26E012A1E
:1046F00010D10022E26653E8002F22F0100243E8B6
:1047000000210029F7D1DA69D2067FF55DAF1022CA
:104710001A6259E72046FBF7D4FE55E79A6942F042
:1047200008029A6172E700BFFEFFFFEF00800040C1
:1047300089050008034B1022C3F88421024BD3F8EB
:1047400030069CE400E100E0E0150020044B20224C
:10475000C3F88421034BD3F8340600B18FE47047CB
:1047600000E100E0E0150020034B4022C3F8842163
:10477000024BD3F8380682E400E100E0E0150020A7
:104780002DE9F04FD0F8A0A09DB0CDE90412044669
:10479000B14906935046269B0793FFF799FBD4F83F
:1047A000A490AE4900904846FFF792FBD4F8A8B019
:1047B000AB4906465846FFF78BFBD4F8AC30A94905
:1047C000019380461846FFF783FBA44902905046A8
:1047D000FFF77EFBA04903904846FFF779FB009B5B
:1047E00005461BB9039B002B00F07D81B9F1FF3F0B
:1047F00003D016B9002D00F07681BBF1FF3F03D046
:10480000B8F1000F00F06F81019B013303D0029BD0
:10481000002B00F0688100983146FFF765FB2060AF
:1048200020B903982946FFF75FFB206020684146C6
:10483000FFF75AFB0299FFF757FB07462060002855
:1048400000F05181884B984240F097804FF0B04380
:104850004FF480401A6C42F480421A641A6C22F4BD
:1048600080421A64FFF766FB2423A4F8B030009B53
:10487000002B00F0B08078495046FFF71DFB1EB1B9
:1048800076494846FFF718FB4FF00009B8F1000FD2
:1048900005D073495846FFF70FFB4FF48078029B11
:1048A0002BB17049019848F40078FFF705FB94F8A4
:1048B000B1206E4B94F9B000C4F83C9003EB820336
:1048C00004F1040AC3F830A6049BA360059BE360CF
:1048D000079B2361069B63610C230022C4E9063811
:1048E0000823E3626760226262620121FDF7FEFD38
:1048F0005F4B9F4240F06381049A94F88830B2F590
:10490000165F00F286808B4275D15046002E00F073
:10491000F080FEF7B7FF002800F0E5804822002174
:104920000AA81FF008F9534A136843F48073136010
:104930004FF48060FFF7AAF94FF0B043D3F890200E
:1049400042F00102C3F89020D3F89020910709D4D7
:10495000D3F8902022F01802C3F8902004230A9381
:1049600081230D930A9B002B00F0C9800AA8FEF753
:10497000FFFB002800F0C380FEE73F4B984210D1B8
:104980004FF0B0434FF400309A6B42F400329A6318
:104990009A6B22F400329A63FFF778F940F22513FC
:1049A00063E7334B98427FF462AF4FF0B043DA6B6A
:1049B00042F00102DA63DA6B22F00102DA63DA6DA7
:1049C00042F00102DA65DB6D03F001030993099BF4
:1049D00040F2262349E7039B002B3FF455AF1F49C4
:1049E0005046FFF769FA1DB11B494846FFF764FAC4
:1049F0004FF400494AE784F88810616851E8003FA5
:104A000043F0020341E80032002AF6D184F88820FE
:104A10007BE7012B48D15046002E5FD0FEF732FFD6
:104A2000002860D0FEF7EEFA2368002840F0BC8032
:104A3000BB422FD10020FBF73AFD16B9002D00F044
:104A400087805046FEF71EFF00284CD04FF4806050
:104A5000FBF72DFD22E000BFD45E0208105F0208C4
:104A60004C5F0208945F020800380140E015002006
:104A7000008000400004005800440040FEF7C2FAE5
:104A8000002840F093802268504B9A42D2D0002EEA
:104A900000F091805046FEF7F5FE20B350461DB061
:104AA000BDE8F04FFEF7EEBE84F88810616851E86B
:104AB000003F23F0020341E80032002AF6D184F8D7
:104AC0008820504656B1FEF7DDFE60B1FEF79AFA37
:104AD0003E4B2268002857D19A42AAE735B9FEF723
:104AE000FEFE0028CAD11DB0BDE8F08FFEF7CAFE59
:104AF000F7E7002D7FF40DAFFEF7F1FE0BE74FF067
:104B0000B043D3F890309B07B8D527682F4B9F420E
:104B100003D14FF44060FBF7CAFC5046002EE5D1AC
:104B2000002DE3D1FEF7DBFE0028DCD0FEF76AFAA9
:104B3000264BE0B19F4215D05046FEF7D0FE00282C
:104B4000D1D02268214B9A4213D10020FBF7AFFC51
:104B50005046FEF7C4FE0028C5D04FF48060FBF736
:104B6000A6FC0BE04FF40060FBF7A1FCE4E79F42DA
:104B7000ECD05046FEF7B3FE0028B4D050461DB02E
:104B8000BDE8F04FFEF7ABBE9A4206D14FF400608D
:104B9000FBF78DFC0EB9002DCED05046FEF772FE0D
:104BA00000287FF470AF9EE7BB42EEE72268074B18
:104BB0009A42EFD1EAE7002D7FF46CAFD9E7002EDF
:104BC0007FF46CAF002D7FF469AFD7E70080004021
:104BD0000A490346886E10B50344EFF308829342F6
:104BE00005D9074B0C221A604FF0FF3010BD054A63
:104BF000054C121B9342F4D28B66F7E700000020AD
:104C0000AC53002000000120000400004FF0FF30F2
:104C100070474FF400534B600020704701207047ED
:104C20000020704700207047FEE7034B16221A60F1
:104C30004FF0FF30704700BFAC5300200120704799
:104C40007047814210B51346A1EB000405D0014620
:104C5000224618461EF055FF0346181910BD73B5BD
:104C6000531A0F2B04460D461646019306D900220F
:104C700001A91DF0EDF9019B2060A3603246294691
:104C800020681DF045FA019B226863600021D15421
:104C900002B070BD08B500F12C0200F14403002001
:104CA00052F8041F9A420844FAD118F075FD0349DE
:104CB00018F07EFE024918F0C7FD08BD00606A4783
:104CC0000000C8420B685A89042A2DE9F047846E17
:104CD00005460E463BD11F4A1F480C334FF48071E6
:104CE00004F0D6FB236800F1180100225B6B20461C
:104CF00098471A4B8146D3F83C07FFF7CBFF184B78
:104D000094F8788094F879A01F6818F0EDFEAAEB6B
:104D100008034343642293FBF2F301224344D0444B
:104D200048FA02F8DBB2616F02FA03F302FA08F202
:104D300002EB4A0213440F44A26E07EB490702FB41
:104D4000037777602846BDE8F04704F09DB898895E
:104D50001830C7E7D05F02081C1C0020E0150020B7
:104D6000E804002008B500F1440200F59A73002021
:104D700052F8041F9A420844FAD118F00DFD034975
:104D800018F016FE024918F05FFD08BD00BA5B4A34
:104D90000000C84238B579B190F84151FFF77AFF69
:104DA0000446284618F0FCFC0146204618F00AFB91
:104DB000003818BF012038BD90F84051EEE7134B82
:104DC00070B5044693F8CC01E8B9114B1149D3F8FA
:104DD0004037DE68304618F0F5FAA8B12046FFF7F4
:104DE000C1FF054694F8420118F0DAFC314618F08C
:104DF0002BFD084918F0DCFD0146284618F0E2FAC0
:104E0000003818BF012070BD0120FCE7E804002035
:104E1000E01500200000C84270B505460E46104659
:104E200082B12B6801241B682C7528460021984705
:104E3000084B83F84447BFF35B8F20462E63BFF3D4
:104E40005B8F70BDBFF35B8F2B6BBFF35B8F002B52
:104E5000E7D0F6E7E0150020034B1A68436882604C
:104E60001344C360704700BFE804002038B50368EE
:104E7000094DDB69C5F848070446984701462046B6
:104E8000FFF7EAFF002902DB23681B68984700232D
:104E9000C5F8483738BD00BFE0150020024B41601F
:104EA0001B681944C1607047E8040020002100F528
:104EB0002B60F3E710B5074B074AD3F84C4712684D
:104EC000D3F850374FF47A71121BB2FBF1F2D018BD
:104ED00010BD00BFE0150020E8040020044B93F84B
:104EE0005837834201D30846E4E70020704700BFEB
:104EF000E01500202DE9F3470E4605464B493046A4
:104F00001746984618F0A0FA20B9494905222846C4
:104F1000FBF7D2FB4749304618F096FA20B94649CC
:104F200005222846FBF7C8FB4449304618F08CFAA6
:104F300020B9434905222846FBF7BEFB41493046CC
:104F400018F082FA20B9404905222846FBF7B4FB45
:104F50003E49304618F078FA20B93D4905222846E6
:104F6000FBF7AAFB01210846FFF7B8FFDFF8E49042
:104F7000002847D0384BB0FBF3F203FB120000F5DA
:104F8000A83404F5C0743549B4FBF3F2284603FB9A
:104F900012444FF461633246B4FBF3FA03FB1A4444
:104FA00013F040F92E49284613F03CF93C21B4FB9C
:104FB000F1F301FB1344D9F800202A4900944FF47F
:104FC0007A70B2FBF0F228460192524613F02AF9A9
:104FD000254BD3F8484764B12449284613F0D6F846
:104FE000E169626A2846FBF767FB2149284613F00E
:104FF000CDF843463A463146284602B0BDE8F04770
:10500000FCF7D8B832461549284613F00BF9144975
:10501000284613F007F9D9F8002016494FF47A739F
:105020002846B2FBF3F213F0FDF8D1E7149F020813
:105030001A9F0208209F0208269F02082C9F020840
:10504000329F0208389F02083E9F02080CA0020807
:1050500012A00208E80400208051010018A00208F4
:10506000449F02081CA00208E015002040A002088E
:1050700042A0020831A00208A0F52A6018F0A4BDE1
:105080000AB11EF02EBD1046704730B5036D0A6D93
:1050900093428DB004460D4623D1012B18D100F167
:1050A000540106A817F0BEFC05F15401684617F03C
:1050B000B9FC079A019B9A420DD100990698FFF717
:1050C000DFFF40B968461CF0E5FF06A81CF0E2FFD0
:1050D00000200DB030BD68461CF0DCFF06A81CF0B7
:1050E000D9FF2B6D2365012B1FD105F1540106A8B3
:1050F00017F098FC04F154001CF0A3FF054606A825
:105100001CF09FFF079AB0B11AB10699606D1CF0B0
:10511000E4FF079B626DA3650021D154069A00232A
:10512000079306A813701CF0B5FF214604F1280070
:1051300016F046FECCE7069808992DB1C4E9150291
:10514000E16508AB0693E9E7636DE56DE165C4E9E8
:105150001502002BF5D006930895DFE70120704774
:10516000036810B5DB6800219847044620B14FF46E
:10517000F07200211EF0DFFC204610BD03460068DF
:10518000196010B103685B681847704773B5531A0C
:105190000F2B04460D461646019306D9002201A99D
:1051A0001CF056FF019B2060A36032462946206810
:1051B0001CF0A9FF019B226863600021D15402B05A
:1051C00070BD38B9054B06481A7B064B022A08BF4A
:1051D000184670474FF47A7358437047E80400202C
:1051E00080EE3600002E93020021084616F0F0BA39
:1051F0000121002016F0ECBA10B5044614F04AFD67
:105200001549D1F85C3701F50562934211D001F5DB
:1052100006629B1A18BF01236375D1F8703893F8A2
:105220005930012B0D4B06D11B68C1F8743864202E
:1052300010BD0023F0E7D3F8A400421E0332F6D8D5
:105240001C68FFF7BEFFD1F874381844A042EED2B4
:10525000102014F061FDEAE7E0150020E8040020CA
:1052600038B504460068844200D138BD05681FF097
:10527000B3FC2846F7E72DE9FF4705461D4B55F8D7
:10528000047F0360044601AE4FF0000AAF4206D12E
:105290006068854229D1204604B0BDE8F087CDE999
:1052A0000166D7F80880CDF80CA0D8F80010884522
:1052B00004D13046FFF7D4FF3F68E7E78B68D1F8A9
:1052C00000909C420FD1019881420CD081450AD0B8
:1052D0004A461CF006F8039B01330393D8F80830C4
:1052E000013BC8F808304946E1E706681FF074FC46
:1052F0003046CEE7D07202080F4B10B503608433FE
:105300000446C0F89431D0F8CC0108B11FF064FC19
:1053100004F5CA7016F0F0FC2046084B40F83C3B00
:10532000FFF7A9FF04F12000FFF7A5FF201DFFF7FD
:10533000A2FF204610BD00BF20600208D060020816
:10534000A0F5CA70D8E710B50446FFF7D5FF204690
:105350001FF042FC204610BDA0F5CA70F3E710B55F
:105360000446FFF788FF20461FF036FC204610BD9C
:105370002DE9F74FD0E901840368A4EB0806B610C5
:10538000B34205460F469146B3462DD8444529D031
:1053900054F8041CD1F8586166B991F8222197F8A5
:1053A00022319A421ED2043C84605648D0F87838A4
:1053B0009B6894E0221F13460C46D4F858A1BAF11A
:1053C000000F7DD0984502D053F8044DF5E74E4BC1
:1053D0001B689E4206D2D7F858310BB19E4201D9C4
:1053E000AA60E2E7002083E00AB100231370C146FF
:1053F000002E0ADCEB689C4228D04C4504F10403E3
:1054000017D12760AB60012078E04FEA660A09EB0C
:105410008A0359F82A100193384600F0D1F930B9BF
:10542000019BA6EB0A0A03F104090AF1FF3A56466A
:10543000DEE7214654F8042C41F804294846AB60C5
:10544000224616F087FDC9F80070DCE76FF0604374
:105450009B4502D12D481CF028FA444527D10BF179
:10546000010ABAF1000F29D06FF060439A4528BFB6
:105470009A46504612F08AFF0646A9EB08033246C8
:10548000F7504946404614F0D1FC2146021D4846DB
:1054900014F0CCFC0446B8F1000F02D040461FF0D7
:1054A0009BFBC5E9016406EB8A06EE60ABE7BBEB4C
:1054B0004B0F4FEA4B0AD4D99A46DAE75646DCE757
:1054C00094F822C197F82201844580D21946281DFC
:1054D00016F00EFB0B48D0F878389B68214600F692
:1054E00078009847002239462846FFF741FF0120FF
:1054F000B9F1000F02D0012389F8003003B0BDE8F4
:10550000F08F00BFE0150020E8040020F29F0208A1
:1055100038B5054600200C4614F042FE05F58A70A9
:1055200014F016FC2046BDE8384016F075B838B5C2
:10553000044608460D4605F04FF8D4F88C30202B71
:105540000AD1AB89012B01D0422B0BD1201D14F0C5
:105550007FFB08B114F096FBD4F88C301F2B0ADDCA
:105560001DF018FD284614F08DFBD4F8FC300133F3
:10557000C4F8FC3038BDD4F8900018B1036800219D
:105580001B689847D4F8883004EB830201335560D8
:105590005A4202F01F0203F01F0358BF5342C4F8DF
:1055A0008830D4F88C300133C4F88C30DDE770B526
:1055B000056804460E46A54201D1002070BDA868CA
:1055C000036831469B6898470028F7D12D68F2E7B9
:1055D000C36810B50A4663B9806800B910BD116888
:1055E0004368994203D1516883689942F6D00068B4
:1055F000F3E7D1E900314B404168B3FBF1F401FB23
:105600001431FBF733FA0028E8D00068E6E70068B9
:1056100010B9024BD3F8F005704700BFE804002032
:10562000F8B5154B1B7E042B04460D4602D100260F
:105630003046F8BD866E002EF9D091F82021002A60
:10564000F5D0336808461F6BFFF7E1FF13460146AC
:10565000D5F814213046B84706460028E7D028463A
:1056600013F010FE236829465B6B20469847E36ED3
:105670000133E366DCE700BFE80400207FB50023C8
:105680000DF10F02009205461A4630308DF80F30AA
:105690000C4613F0D9FC9DF80F30064663B3214643
:1056A0002846FFF7BDFF50B95EB1EB6E0133EB66E4
:1056B00094F82A315BB921462846FCF7EBF9012022
:1056C00003E09DF80F30CBB1002004B070BD94F81A
:1056D00020219A42EFD1D4F814212168284603F002
:1056E000E1FC0028EBD1204613F0CCFD2B682146CD
:1056F0005B6B28469847E2E70028D6D1084BD3F8E1
:105700008C38002BE0D0D4F8140103F12002E833E8
:1057100052F8041F09B18842C7D09A42F8D1D3E7A2
:10572000E015002038B504460846FFF770FF6060BA
:105730000B7A237208460D4614F022FA84F82001F1
:105740002B680BB195F8213184F8213194F822317E
:1057500013B9462384F82231D5F81431C4F8043142
:1057600038BD37B55389042B18BF0D4B144620465E
:1057700014BF93F89028127AFFF749FF0023009393
:105780000D4613460146D4F81421284614F0CAF9F0
:1057900021460546FFF7C6FF284603B030BD00BFCF
:1057A000E0150020036833B1044AD2F8F005C31AAB
:1057B0005842584170470120704700BFE80400205C
:1057C00038B5D0F85831D1F858411D1E18BF012501
:1057D000003C18BF0124A54203D0B3FA83F040096E
:1057E00038BD90F8223191F822219A4203D034BF7B
:1057F00001200020F4E7FFF7D5FF18B9BDE83840D5
:105800000846CFE70020EBE72DE9FF416E4686E82A
:105810000600044696E8030002AB04F1840783E81F
:10582000050019463846FFF7D3FE90B3027D437D4D
:10583000C5689A4210D22846FFF7B4FF18B9414B09
:105840001B7B022B08D02846FFF7E1FED5F8142178
:105850000146204603F0DFFBD4F89030002B50D1F6
:10586000D4F88C2004F18C0352B1DDE900065168B4
:10587000884202D191688E4210D01168134659B9FE
:105880003148D0F87838294600F678009B68984768
:10589000012004B0BDE8F0810A46E8E71868D4F8B2
:1058A00088208169B1FBF2F602FB1611D4F884203E
:1058B000066852F82170BB424FEA810C33D156B1D1
:1058C000B769D4F888E0B7FBFEF80EFB1877B94249
:1058D0000DD042F8273052F80C7004F18C018F4241
:1058E0004FF0000108BFC4F88C6042F80C10026849
:1058F0001A601FF071F9D4F89030013BC4F8903071
:10590000BEE7DDE900325340D4F88820B3FBF2F162
:10591000384602FB11313246FBF7A8F8034600284F
:10592000AED00068C2E7002EE1D0B669D4F8887026
:10593000B6FBF7FC07FB1C66B14218BF42F82630E5
:10594000D5E700BFE8040020E015002082B0CDE9D3
:10595000001202AB13E9060002B055E730B5044669
:1059600087B00846FFF753FE1546002304938DF8D1
:1059700016306B1EDBB2D1F814210190084602925A
:105980008DF814308DF815300391FFF740FE014675
:105990002046FFF7DBFF03A920468434FFF792F986
:1059A00001A92046FCF70DFC03AB024603CB516076
:1059B00019889B7810601181937201A92046FCF729
:1059C00000FC07B030BD421C03D0431E5842584172
:1059D00070470120704737B5144BD3F8F035C1F844
:1059E000543100230C46054600931A46303013F01C
:1059F0002BFB2046FFF7D6FE68B96068FFF7E3FF90
:105A000070B10023C4F854312146284603B0BDE8E4
:105A1000304004F0A3BB6068FFF7D5FF0028F3D146
:105A2000D4F85031002BECD0EEE700BFE8040020A2
:105A30004B89042B70B505460C4613D1D1F804618F
:105A400016B9D1F808316BB10A4B6168D3F8F0355B
:105A5000994207D00846FFF7B6FF18B932462846E4
:105A600003F0D9FA2B68214628465B6BBDE87040ED
:105A7000184700BFE8040020F7B5334BD1F8546154
:105A8000D3F8F035C1F854310C4600230546009395
:105A90001A46303013F0D8FA6168D4F854710846C9
:105AA000FFF791FF70B10021C4F850112046FFF7B5
:105AB00079FE00283DD12146284603B0BDE8F040DC
:105AC00004F04CBB214BD3F8A40803681B6898472B
:105AD0000028E8D0D0F8B4100029E4D08F42E2D0FA
:105AE000C4F850112046FFF75DFE60B1E6B1C4F87E
:105AF00054612046FFF756FE28B194F82131002B5F
:105B0000D9D10029D7D094F820311BB994F821318C
:105B1000002BD0D021460E4814F06BF8022201462B
:105B20002846FFF71BFFC6E794F82131002BC2D1AE
:105B3000E9E7C4F85461002EBDD02046FFF732FEDD
:105B40000028DAD1B7E700BFE8040020E015002004
:105B5000581E00203A4B2DE9F3471F68D0F88C40BF
:105B600005466FF000461CB9304602B0BDE8F0872C
:105B70002369D4F80080BB425BD8217DC9B9D4F831
:105B80000C904846FFF70EFE60B14846FFF73FFD18
:105B900099F80830CDE900110146D9F81421052003
:105BA00013F07DFFD4E901122846FFF72DFE44468D
:105BB000D9E7A37D0133DBB2A375AA6E52B192F887
:105BC00061100B44DBB2082B28BF08238B4218BF9F
:105BD00082F86230E168D1F804A05046FFF7F3FE86
:105BE000814678B9237D012B14D1164BC1F85001A1
:105BF000D3F8A408036851461B68984708B1C0F859
:105C0000B490E168104813F0F4FF01462846FFF70E
:105C1000E2FE06E00C4813F0ECFF01462846FFF7D1
:105C20002BFF237D013B237504F10C012846FFF770
:105C300049F82369DB1B9E42A8BF1E46B7E700BF99
:105C4000E8040020E0150020581E002038B5044666
:105C5000FFF780FF204605F09DFB05462046FFF735
:105C600079FFA842A8BF284638BD70B5154C86B04C
:105C7000064618234FF4EB60C4F8A8381EF0A4FFC2
:105C80000A21054602F021F9D4F8AC28C4F8AC5832
:105C900005F5EB65D4F8B438C4F8B008C4F8B458C6
:105CA00003A80025039205930095029515F0E4FBE7
:105CB000684615F0E1FB04F6AC04B583746006B0E9
:105CC00070BD00BFE01500200368074A1B68D2F8CA
:105CD000F01510B5044698470023C0E91933C0E910
:105CE0001B3384F8213010BDE8040020204A2149EC
:105CF0002DE9F041054602F5B26089C81E4E81F8D3
:105D0000B978D6F8F04581F8BD08020C4FEA132C9B
:105D10003F0A81F8BC2881F8BB3881F8BAC881F8FD
:105D2000B87854B91B0403F47F03120243EA0C63EE
:105D300092B21343C0B243EA0004104FDFF8408030
:105D40002B6821461B682846984728B10622394609
:105D500010441DF0C6FE30B9231F063303D8C6F821
:105D6000F045BDE8F081404612F069FA041DE7E70E
:105D70000070FF1FE0150020E8040020981E00209E
:105D8000FBFFFF7F70B51D4C182301250646C4F8A4
:105D900070390023A4F8A83684F8763984F80C38D2
:105DA00084F8EC5584F83C5603F045F83046FFF78C
:105DB0009DFFB4F8F035124A282104F24E601FF01E
:105DC000BBFCB4F8F0350F4A052104F276601FF0F1
:105DD000B3FCD4F8F0350C4A102104F23E601FF0F9
:105DE000ABFC0A4BA4F8A656D3F8B828B3F8BC38D5
:105DF000C4F87B26A4F87F3670BD00BFE8040020FD
:105E000045A0020850A0020855A00208E015002095
:105E100038B504460D480D4613F06EFF10B10B481F
:105E200013F0BDFF2046FFF720FF2046FFF7AAFF33
:105E300085F0010015F070FD15F006FD13F060FD12
:105E40001F2015F0E9FB012038BD00BF5BA0020850
:105E50000346084693F82A212AB95989042908D10A
:105E600093F8101129B193F820319A4224BFD21A25
:105E700050B270477FB500238DF80F308DF80E308B
:105E80008DF80D300DF10D03009305460DF10E0355
:105E90000DF10F0230300C4613F0D6F89DF80D309E
:105EA000064603BB36B394F85C31012B08D1EB6E88
:105EB0000133EB66D4F8142121682846FFF746FD2C
:105EC0009DF80F30CBB1D4F814212168284603F097
:105ED000E9F870B9204613F0D5F92B6821465B6BC1
:105EE0002846984705E021462846FFF799FB0028F9
:105EF000D8D00126304604B070BD4FF0FF312046A7
:105F0000FFF7A6FF48BBD4F814212168284603F008
:105F1000C9F80028EDD1204613F0B4F92B682846C3
:105F20005B6B2146984705460028E2D10F4B62681B
:105F3000D3F8F0359A42DCD194F82131002BD8D037
:105F40002046FFF764FBCDE900550146237AD4F8DB
:105F50001421284613F0A3FDCBE79DF80E30002B4B
:105F6000C7D121462846FBF795FDC2E7E80400208B
:105F70002DE9F04FDFF8C4A089B0DAF8F0350393CB
:105F80004B89042B05460C4650D1D1F804311BB97E
:105F9000D1F80831002B49D02168B9B3284BD3F888
:105FA000A40803681B689847064678B3D4F8548160
:105FB000D4F80421636805F130074FF0000B414627
:105FC000CDF800B03846CDE9042301F0A8FF0DF16B
:105FD0001F0181460091DDE9042303998DF81FB06C
:105FE000384601F09CFF10B1B9F1000F08D14FF015
:105FF000FF312046FFF72CFF40B99DF81F302BB131
:10600000D6F8B430984518BFC6F8B4806168DAF89D
:10601000F03599420AD0D4F80421284602F0FBFF5B
:10602000D4F8042161682846FFF790FC2B685B6B6D
:106030002146284609B0BDE8F04F1847E804002083
:10604000E015002008B503681B689847034628B18F
:10605000007918B193F83A000130C0B208BD10B50C
:10606000D0E900420648121B92104243914202D3EB
:1060700004481BF01DFCBC2000FB014010BD00BF0C
:10608000CF467D6771A002082DE9F0470C46444FCA
:106090006368D7F8F0158B4206467FD02046FFF79D
:1060A00081FB00287AD194F82031002B5AD0D4F803
:1060B00054312BB18B4203D0D4F850318B4251D1A3
:1060C000D4F81431002B4DD03B7E042B4AD0D4F8A9
:1060D00050310BB18B4245D1DFF8C880214608F61C
:1060E000780013F086FD4FF0FF3105462046FFF79C
:1060F000AFFE50B13B7B022B07D1D8F8A498B9F87A
:106100001CA04FF00008D0452ED395F82031013B5C
:1061100085F820316068FFF756FCD8B1D7F8D83140
:1061200013F0FF0202D1002B08BF0322402A95F88A
:10613000201128BF402291420CD995F82A3185F8C8
:106140002021881A8342C3BF5B1A9B18DBB200234D
:1061500085F82A31D4F8503129463046DBB9FFF7AB
:106160003AFC0120BDE8F087D9F804004146FFF76A
:1061700076FF68B190F8B03053B1037943B190F82D
:106180003B30022B04D10268D4F854319A42C1D07A
:1061900008F10108B7E7FFF76FFCE2E70020E1E74D
:1061A000E8040020E01500202DE9F84F90F8303089
:1061B00005469BB9C26A214F2AB13B689B1A41F23E
:1061C000873293420AD93B68EB62AE8B4FF00008EE
:1061D000013E002E04DCB8F1000FF6D1BDE8F88FC7
:1061E000D5F804B006F1FF3949465846FFF737FFA6
:1061F000D7F8F0A50368534504460CD031465846FD
:10620000FFF72DFF02689245034606D12146FAF7B3
:1062100050FC4FF001084E46DBE790F8B01094F8C0
:10622000B02041B1002AF1D0D96FE26F9142F2D98A
:1062300021461846EBE7002AEDD1F5E7E8040020F7
:10624000F8B5878B05460E460024A74201DC0020E6
:10625000F8BD68682146FFF702FF0368B342F7D034
:106260000134F2E703682DE9F74F1B6804460F4637
:1062700098470546002849D1A08B15F002F900285F
:1062800037D04FF0FF366368B4F81CB001934FF07D
:10629000010A3546B046B146DA450ADB721C26D003
:1062A0003546A38BD4F80480013B9D4232DBA383A7
:1062B0001FE001985146FFF7D2FE90F8B0309BB92D
:1062C00090F8B13083B9D0F8B830D90705D4C36F8E
:1062D0004B452CBF4B4655469946838F23B9C36F18
:1062E00043453CBF564698460AF1010AD4E76B1C69
:1062F000D7D1A18B60684B1CA383FFF7B0FE054686
:10630000B822002104301DF016FC2F60284603B08F
:10631000BDE8F08F05F1010949464046FFF79FFEB1
:10632000294606464046FFF79AFEBC2231461DF03C
:10633000ADFC4D46B5E72DE9F047B8B007468846B5
:1063400015469946FFF78EFF044600283FD0B5F862
:106350004620202A40D15E4ED6F8F03598453BD0F5
:1063600005F1480A5B48514604F075FBB6F88426EF
:10637000202A31D106F2866150461DF0B2FB58BB8F
:1063800097F82080B8F1000F21D1012383225249D0
:1063900087F8203017A81DF079FC06F6A850FEF704
:1063A000DFFE1E230446037341460220FEF796FDDE
:1063B00017A9A06005F1100204F10D001FF074FA96
:1063C000464BD3F8C008036821465B689847002510
:1063D000284638B0BDE8F087A38F202B0BD1B5F845
:1063E0004620202AF3D104F13E0105F148001DF0BA
:1063F00078FB0028EBD14346394A102128461FF08C
:106400009BF929466A2217A81DF040FC28221BA9E7
:106410000DF106001FF0B3FA052225A90DF12E009B
:106420001FF0ADFA29AEDDF89900BDF89D3000905F
:10643000ADF804300FCE0EAD0FC596E80F0004F195
:10644000060A85E80F00289B9DF89FC00D935A22ED
:10645000BDF8C430BDF8A2608DF833C0694650461F
:10646000ADF858301DF03DFB78BB94F8AC50B5EB5F
:10647000090518BF01255A22694650461DF006FC41
:10648000202E05D11748324604F13E0104F0E3FA0C
:106490000F4ED6F8F03598454FF0010318BF84F839
:1064A000AC902371002D92D0FC60384615F0B6FCFC
:1064B0007A6A33689B1A4EF65F22934288D910207D
:1064C00015F0AAF833687B6282E70125D3E700BFA5
:1064D000E8040020BBA00208DCA00208E0150020B0
:1064E00055A00208CDA002081B4AF8B5D2F8F02545
:1064F0000B68934206460C462CD04A89042A29D1BF
:1065000043B30846FFF783F801463046FFF7AAFE7B
:106510000546F8B1D4F8183103B1C367D4F81C713B
:106520000021384616F044FF00B9AF6794F82931CE
:1065300085F8AD3020464FF0FF31FFF789FC002889
:10654000A2BF012385F8AF0085F8AE303046BDE824
:10655000F84029E6F8BD00BFE80400202DE9F74324
:10656000224ED1F81491174605460C46D6F8A408D9
:106570009846FFF7B9FF3A462146D6F8C40804F01A
:1065800063FFD6F8C4180746684602F037FD4B464D
:106590003A466946284615F059FA77B9B8F1000F1E
:1065A00020D0214606F6780013F023FB014628464A
:1065B00003B0BDE8F043FEF7BABF232F12D1B8F104
:1065C000000F05D1204603B0BDE8F04313F05ABBDD
:1065D000214606F6780013F00CFB01462846FEF72C
:1065E000A6FFEFE703B0BDE8F08300BFE015002091
:1065F0002DE9F04F1646ADF5617D0022C0E900227D
:106600008260044650A814F0EAF9569B73B19DF8D5
:1066100054315BB150A908A813F015FC794F0E9BBB
:10662000002B40F0A08050A809F010FF20460DF587
:10663000617DBDE8F08F98A811F00AFE05A811F061
:1066400007FEE822002198A81DF075FA9DF8343065
:10665000002B5BD10E9AD1695369890303D5126A65
:10666000934238BF134610A998A8D1931DF006FB9A
:1066700098A902A811F011FE394605A811F00DFEE7
:1066800005A902A811F06DFE054605A811F0E0FD70
:1066900002A811F0DDFD5DB9D4E90183984537D03A
:1066A000E82298A940461DF0F1FA6368E833636078
:1066B00008A809F0CBFE9CE05349544A0193ED1021
:1066C00069432046FAF767FA824615F04CFC4146CA
:1066D000024605465846FEF7B4FA019B02461946A3
:1066E0004846FEF7AEFA414602464046FEF7A9FA92
:1066F0008046BBF1000F02D058461EF06DFAE82329
:10670000C4E9005803FB0A55A5606CE00023AAE722
:106710003F4A01212046FAF73EFAD4F8009082461B
:1067200015F021FCA8EB090B0546E82298A958446E
:106730001DF0ACFA41462A46484613F077FB414625
:1067400000F1E802404613F071FB8046B9F1000FFA
:1067500002D048461EF040FAE823C4E9005803FB83
:106760000A55A560A4E79DF83430002B3FF469AFCB
:1067700010A905A811F091FD394698A811F08DFDDA
:1067800098A905A811F0EDFD00287FF454AF98A852
:1067900011F05EFD05A811F05BFD56B3721ED2B27A
:1067A00010A998A8FFF724FFDDE998934B451AD06C
:1067B000D4E900B8A268A3EB0905A2EB0802AA423B
:1067C000FFF47AAF194642464846FEF73AFA626845
:1067D0002A44626041464046FEF733FA4246494643
:1067E0004846FEF72EFA08A809F030FE98A815F0E2
:1067F000D3FB50A998A813F026FB98A908A815F078
:1068000015FC0CE7DEA8020835C2724F5FA1020832
:10681000F29F020800000000826930B4046955103C
:10682000034604EB6200D20748BF62595B6930BC83
:1068300048BFD35818477047704710B5037C0446CB
:106840000BB9002010BD0368DB6998470028F8D118
:1068500023682046DB6898470120F3E70723A0F868
:106860008434D0F86834C0F888340023C0F8683421
:106870000B23037490F88436012B06D1124A126858
:1068800082F8043103689B6A1847023B042BF9D84D
:10689000DFE803F003090D1115000B4B1B68022202
:1068A00083F80421EEE7084B03221B68F8E7064B48
:1068B00004221B68F4E7044B05221B68F0E7024B37
:1068C00006221B68ECE700BFA01E0020D0F81011C4
:1068D00010B5044631B1044803689B68984700230B
:1068E000C4F8103110BD00BF083F0020D0F81411CB
:1068F00010B5044631B1044803689B6898470023EB
:10690000C4F8143110BD00BF201F0020D0F81811AA
:1069100010B5044631B1044803689B6898470023CA
:10692000C4F8183110BD00BF9012002070B50446A5
:106930000E46FFF782FF237C0B2B054604D123680C
:1069400031461B6A20469847684270BD1F2808B52B
:106950000FD03E280FD0C8280FD0B0F5C87F0ED07A
:10696000B0F5487F0DD0B0F5C86F0CD016F014FF0D
:1069700008BD0648FCE70648FAE70648F8E7064877
:10698000F6E70648F4E70648F2E700BF0000FA41E0
:1069900000007A4200204B430020CB4300204B44B0
:1069A0000020CB4430B5441E082C3DD8DFE804F06D
:1069B000353C221B15103005290039B11D49052031
:1069C00007241160039A10701C7030BD1A49F6E755
:1069D00009B11A49F3E71A49F1E711B11749082437
:1069E000EFE71749FBE719B1144905200924E8E747
:1069F0001349FAE719B1114905200A24E1E71049C2
:106A0000FAE719B10B4908200B24DAE70A49FAE73B
:106A100009B10C49F7E70C49F5E719B10949082014
:106A20000C24CEE70849FAE711B104490520EBE749
:106A30000349FBE70020CB440000FA4300204B440D
:106A400000007A430020CB430000FA421FB5002328
:106A500003930DF10A03009303AA0DF10B03FFF753
:106A6000A1FF039805B05DF804FB012070470022E8
:106A7000426002808270704700207047704708B5FE
:106A800003689B68984780F00100C0B208BD08B554
:106A900003689B6A9847002008BD08B503681B6916
:106AA0009847002008BDC0F88C117047C0F89011BD
:106AB0007047D0F88C017047704738B590F82C3289
:106AC000C56F044613B93DB9012038BD0368DB6DBD
:106AD00098470028F7D06DB1074AD4F88030126883
:106AE0004EF65F21D21A8A4204D9044A03F57D4347
:106AF000E83393630020E8E7E8040020083F002023
:106B0000002210B54260D1F8C8410270D1E9731279
:106B1000521AA4EBA2024270847010BDD0E9732017
:106B2000131A584258417047C06F003818BF0120EF
:106B30007047012380F82C32704730B590F86230EE
:106B400087B00446CBB190F861209A4215D090F8F6
:106B500060208DF80C20C26DD0F8280204928DF8C8
:106B600014300322036800925D6E06AB13E90E0039
:106B7000A84710B1002384F8623007B030BD7047D9
:106B800000207047806E03685B6918477047006893
:106B9000096803689B681847F0B5031D82681846AA
:106BA0003AB9834204D00988028A914238BF184614
:106BB000F0BD178A0E88D2E90254B7422ABF1046A8
:106BC00022462A46ECE74068036810B55B68144625
:106BD0009847031B5842584110BD704781F001008F
:106BE000400000F0FE00704720B981F00100400035
:106BF000C0B2704702207047884214BF81F0010084
:106C000002207047084B93F86C018B8908B1422B26
:106C100008D0012B05D00A3B012B8CBF002001209E
:106C200070471846704700BF083F0020826930B4A3
:106C300004695510034604EB6200D20748BF62594D
:106C40005B6930BC48BFD35818474B6A032B01BF60
:106C5000034BD3F8F432B3F85030838300207047ED
:106C6000083F0020826930B404695510034604EBE4
:106C70006200D20748BF62595B6930BC48BFD35835
:106C8000184790F8340018B191F8290180F00100FC
:106C900070474B6A032B01BF034BD3F8F432B3F8B0
:106CA0005030838300207047083F0020F8B54568C6
:106CB0000646144679B95CB12B6828465B6998474B
:106CC000013004F1FF34F6D1B4FA84F04009F8BD84
:106CD0004FF0FF34F8E792B2284609F058FC2B68D1
:106CE00007461B692846984700B9B060E31B584225
:106CF0005841ECE738B5202504462A4600213530B6
:106D00001CF019FF2A46002104F155001CF013FF66
:106D100000230022C4E90823002384F83430C4E9A6
:106D20000B33A36238BD11B10B2012F0F5BF0C205C
:106D3000FBE72DE9F047D0E90487436AD0E902A9CF
:106D400004463D1D1E1DAE4205D8C4E906A9C4E98E
:106D50000887BDE8F08755F8040B1DF03DFFF2E70A
:106D600010B504461DF038FF204610BD084609B195
:106D70001DF032BF70474FF4B0701DF025BF70B5E5
:106D80000F4816461D46FEF7EBF9012303701E233C
:106D900004460373466000210220FEF79FF829464F
:106DA000A0604FF4C87204F10D001EF0E8FD054B21
:106DB0001868036821465B68BDE87040184700BF4B
:106DC00090120020A01E002038B50C46054614F095
:106DD00071FF291D84601AF092FAEB680133EB60B1
:106DE00014F068FF214685601AF089FAA368013320
:106DF000A36038BD38B50C46054614F05BFF291D6D
:106E000084601AF07CFAEB680133EB6014F052FFF7
:106E1000214685601AF073FAA3680133A36038BD78
:106E20002DE9FF4705461E4B55F8046F03600446E5
:106E30000DF104084FF00009AE4206D160688542AA
:106E400029D1204604B0BDE8F087CDE90188B768B4
:106E5000CDF80C90396801988F4203D1404515D187
:106E60003668E9E78B68D1F800A09C420CD18142DA
:106E70000AD0824508D052461AF033FA039B0133F8
:106E80000393BB68013BBB605146E4E707681DF014
:106E9000A3FE3846E2E706681DF09EFE3046CEE7C8
:106EA000D072020810B50446FFF7BAFF20461DF065
:106EB00093FE204610BD2DE9FF47B1F800804768DA
:106EC0000368B8FBF7F607FB1686044653F826302E
:106ED000ABB11A68918841450BD0116879B113465E
:106EE0008A88B2FBF7F007FB1022964207D10A46C8
:106EF000F0E7186818B1083004B0BDE8F0870C203E
:106F00001DF062FE4FF0000A0123C0F800A0A0F8B7
:106F10000480C0F808A00093E36805463A4604F1EF
:106F2000100102A81AF00CFD9DF80830C3B1039FB0
:106F3000012F04F1180923D1C4F818A04E46A44625
:106F40000020A3684CF8080F1BBB2068814501D0C6
:106F50001DF042FEC4E90067B8FBF7F607FB168692
:106F6000236853F82620B00082B312682A6053F8D1
:106F700026301D60E3680133E36005F10800BBE7DC
:106F8000384611F003FABA00514606461CF0D3FD0C
:106F9000D5E79A88B2FBF7F107FB1122D3F800E09E
:106FA00056F8221059B9A1681960A36046F822C0AA
:106FB000196809B146F8203010467346C4E70968DD
:106FC000196056F8222013600246F5E7A2682A608D
:106FD000A5603AB192886168B2FBF1F601FB162216
:106FE00043F8225004F108021A50C3E70E4B70B563
:106FF00005461868FDF74EFE16F076FD95F87860A8
:1070000095F87940A41B4443642394FBF3F434447F
:10701000E4B20120A040002804DD11F010F9AB6EAD
:10702000584370BD0020FAE71C1D002070B50D4EBE
:1070300033680546A3B10C48FEF792F8044678B1D0
:10704000282303734FF4C8712B46084A0D301EF0F5
:1070500073FB3068036821465B68BDE870401847E1
:1070600070BD00BFA01E0020901200206EA7020875
:10707000F0B50C4605464FF49272B3B000211CF0F7
:107080005AFDA36FC5F8E830E36FD4F8B820C5F80F
:10709000EC30B4F8AC30A5F81C31B4F8B030A5F839
:1070A000203102F0010385F8223194F8AE302668D1
:1070B0002E60C2F3400285F8232133B1012385F805
:1070C0001E3194F8AF3085F81F3194F86030E3B189
:1070D000636E012285F870200BB185F87420AB67D0
:1070E000A36E13B1012285F87C20C5F88030E36ED1
:1070F00013B1012285F88420C5F8883094F87430E3
:1071000085F89030236FC5F88C302379002B3BD065
:1071100001235A22A11D68462B711CF0B7FD24499A
:107120006A2217A81CF0B2FD3346224A102117A884
:107130001EF002FB28220DF106011BA81EF01FFC09
:1071400005220DF12E0125A81EF019FC0EAF0098A6
:10715000BDF80430CDF89900ADF89D300FCF29AEC1
:107160000FC697E80F0086E80F000D9B9DF833C00F
:1071700028936A22BDF858308DF89FC017A9A81D22
:10718000ADF8C4301CF082FD94F880306BB101235F
:10719000843485F8F0300FCC05F1F4060FC60FCC1F
:1071A0000FC694E8030086E80300284633B0F0BD1C
:1071B0005875020855A0020810B5064B03F1740279
:1071C000F83304460260C0F89431FEF795F8204683
:1071D00010BD00BF58750208A0F5CA70ECE710B5E5
:1071E0000446FFF7E9FF20461DF0F6FC204610BDDF
:1071F000A0F5CA70F3E70DF099BA38B5084D04460A
:10720000D5F8F80203689B6C9847D5F8F802214638
:107210000122BDE8384000F5CA70FDF7FDBD00BF92
:10722000083F00200120E8E70220E6E713B500232D
:10723000009300F5E470012314F067FC044618B1D4
:1072400001460448FFF792FD201E18BF012002B03E
:1072500010BD00BF581E00202DE9F04F85B000275B
:1072600000F5E476044600973B46304614F04DFCAA
:107270000546A0B31B4BD0F81C01D3F8009094F83E
:10728000798094F878B0D4F868A016F02DFCA8EBBB
:107290000B0300F114025A431E2392FBF3F25A44EB
:1072A000D2B20AFB08F80AFA02F209EB48094A448A
:1072B000C5F8582129460DF10F0230468DF80F70A0
:1072C000FEF756F818B908482946FFF74FFD9DF814
:1072D0000F3023B1B4F840320133A4F8403205B086
:1072E000BDE8F08FE8040020581E002007B5DBB28F
:1072F000009300F5E470012314F007FC014618B177
:107300000348FFF733FD012003B05DF804FB00BF25
:10731000581E00202DE9F041D0E973580E4617465B
:10732000A84501D100240AE055F8044B2046FEF799
:107330006EF98642F4D1D4F814319F42F0D1201E68
:1073400018BF0120BDE8F0812DE9FF47D0E9733275
:10735000934281465ED01D68002D5BD0D5F8583130
:1073600000F5CA74002B41D0D5F82431002B3AD057
:10737000D5F81C1114F050F8284B99F879801F6843
:10738000D5F8583199F878A0D9F868900344384472
:1073900083420290D5F81C01019334BF02AE01AEC6
:1073A00016F0A2FBA8EB0A0200F1140353431E22BD
:1073B00093FBF2F35344DBB209FA03F309FB08F839
:1073C000326803EB480307EB4303934238BF03AE35
:1073D00003933168C5F85811C91B204604B0BDE8B5
:1073E000F04712F04DBBFFF701FEC5E7D5F81C6171
:1073F0000021304615F0DCFF38B1D5F8243123B92F
:107400004846FFF7F3FD0146E7E73146484614F0EA
:1074100003F8F8E704B0BDE8F08700BFE8040020F7
:1074200037B51D4A92F8B83104460D462BB190F895
:10743000583013B992F8C02132B918482946FFF7DD
:1074400095FC222003B030BD4A68012A21D00DF1FD
:10745000070200F5E4708DF80730FDF789FF9DF80D
:10746000073050B123B1B4F840320133A4F84032B0
:107470002046FFF769FF0020E4E723B1B4F840326B
:107480000133A4F8403205482946FFF76FFC20205D
:10749000D8E72320D6E700BFF0040020581E0020C4
:1074A00010B5034B03600446FAF75BFE204610BD9F
:1074B0007C76020810B50446FFF7F2FF20461DF067
:1074C0008BFB204610BD37B5104614460D46FEF71F
:1074D0009EF80023CDE900330146237AD4F8142125
:1074E000284612F0DCFA204603B0BDE8304012F026
:1074F0006BBBF9F72EBA10B5034B044640F8043BBA
:10750000FCF71EFA204610BD845E020810B5044642
:10751000FFF7F1FF20461DF05FFB204610BD38B598
:1075200090F8343004467BB1856A0020FDF7C2FC38
:107530003C38854204D22046BDE83840FFF7DABB2C
:107540000020FDF7B7FCA06238BDF8B50F46044631
:107550001546FFF7E4FF97F84E61002E4ED03A68CB
:10756000E36A9A4240F0B18094F83430002B00F086
:10757000AC80012B44D1D5E90002D4E908139A422A
:1075800008BF884240F0A1806B8D202B40F09D8089
:107590002B89002B40F0998005F12C0304F1550252
:1075A0004C3553F8041B42F8041BAB42F9D1484850
:1075B000FDF7D6FD1E230546037346490D301CF02A
:1075C0005DFB0C23A5F89E31D4E90823C5E96823A7
:1075D000414BE16A186803681B689847282200F14C
:1075E0000C0105F5D4701EF0CAF93C4B186803680D
:1075F00029465B689847022384F834303046F8BD4A
:10760000052B62D12A89202A5FD1D5E90071D4E9FE
:107610000803994208BF874257D105F10A0104F1D6
:1076200035001CF05EFA014600284ED104F17507C2
:10763000282238461CF07FFA294938461CF01EFBE8
:1076400004F1340204F1380112F8013F9B08303391
:107650008A4282F84F30F7D1202384F8883004F131
:10766000390204F13D0112F8013F9B083033914289
:1076700082F84F30F7D11648FDF772FD1E230546FC
:10768000037318493A460D301EF00EF90D23A5F884
:107690009E31D4E90823C5E968230F4BE16A1868D5
:1076A00003681B689847282200F10C0105F5D47087
:1076B0001EF065F9002385F8D031084B186803687F
:1076C00029465B689847042396E7002696E700BFA3
:1076D000901200207CA10208841E0020A01E002021
:1076E000A7A10208B7A10208F8B58C68064617469C
:1076F0000D1D012384B9E3B1CB68AB4208D0284605
:1077000019F0BDFE028A3B889A4224BF0025044638
:10771000C6E900453046F8BD238A3D88D4E9020217
:107720009D4238BF012325462ABF00230446144644
:10773000E0E72846E6E7A0F1200016F0B3BA37B537
:10774000184613880E2B04D0252B0ED0002003B032
:1077500030BD91F8FA3033B10F2320F8083B1049BF
:10776000E7221EF00CF90220F1E7137A0BB9012091
:10777000EDE702F108042146094815F065FEE7220D
:107780000546214606481EF0FAF8002DEFD00123E9
:107790000093044A024B0448E92112F0E9FAE6E7B3
:1077A00004420020B4760208F2A1020838B590F82D
:1077B0002C300446154673B9074B1868FDF7A8FE30
:1077C0004DB194F82C3033B9044B054A1B6803F5CE
:1077D000DA531833936338BDA01E0020E80400205C
:1077E000083F002010B5034B0360044614F0BDF9B8
:1077F000204610BDD476020810B50446FFF7F2FF0C
:1078000020461DF0E9F9204610BD70B5094B036014
:107810000546044655F8200FA84206D1064B2360C2
:107820002046FFF7DFFF204670BD06681DF0D4F943
:107830003046F1E7047702083C77020810B50446A9
:10784000FFF7E3FF20461DF0C7F9204610BD10B535
:10785000034B03600446FFF7C5FF204610BD00BF81
:107860007477020810B50446FFF7F1FF20461DF0BB
:10787000B3F9204610BD0EB417B51048FDF770FCE3
:107880000446A8B11E23037300210220FDF726FB46
:1078900006ABA0604FF4C871059A019304F10D0086
:1078A0001CF0E2F8064B1868036821465B689847AD
:1078B00003B0BDE8104003B0704700BF9012002035
:1078C000A01E002010B5054B044640F8183B14F0EC
:1078D00013FA2046FFF786FF204610BDAC7702085A
:1078E000A0F11800EEE710B50446FFF7EBFF2046C5
:1078F0001DF072F9204610BDA0F11800F3E70A4B05
:1079000010B503F52C7203F53973044602608361E8
:107910004830FFF785FA04F1180014F0EDF920461D
:10792000FFF760FF204610BD58750208A0F118004F
:10793000E5E710B50446FFF7E2FF20461DF04CF9DD
:10794000204610BDA0F11800F3E710B50446203022
:1079500014F0D2F9034B23602046FFF743FF204683
:1079600010BD00BF64780208A0F12000EDE710B55B
:107970000446FFF7EAFF20461DF02EF9204610BD11
:10798000A0F12000F3E72DE9F3415F4C94F8CE32EB
:1079900006461746002B72D0B4F8AC32202B6ED1BD
:1079A000536C1BB1594A5268934268D1384610F063
:1079B0008FFF002863D0D7F88820002A5FD0534873
:1079C000D0F810369A425AD9D4F8D032002B5AD077
:1079D0004FF47A714B434E4DDFF83881D5F8E4C34C
:1079E000BCF1000F05D0D8F80010A1EB0C019942B2
:1079F00045D3C0F81026042013F00EFED8F800304E
:107A0000C5F8E43397F84C30002B38D094F8CE32D8
:107A1000012B3BD1D6F85480B8F1000F2FD107F1DC
:107A200050050FCD06F158040FC40FCD0FC40FCD74
:107A30000FC495E8030084E80300D7F8883036487F
:107A4000736586F84D80FDF78BFB0446B8B11E23A5
:107A5000037341460220FDF741FAA060D7F8883051
:107A600000934FF4C8713B462C4A04F10D001DF001
:107A700063FE2B4B1868036821465B68984700201B
:107A800002B0BDE8F0814EF66023A4E796F84D30D1
:107A900073B1002486F84D403822214606F1580083
:107AA0001CF049F8336A74659B6906F12000984719
:107AB000BB6C07F150001BB304460FCC06F1580510
:107AC0000FC50FCC0FC50FCC0FC594E8030085E898
:107AD0000300D7F8883073650124D8F8003086F8A1
:107AE0004D40B96C4FF47A7202FB01333365B96CC7
:107AF00006F120005143FDF7D1F986F83440BEE786
:107B000013F098FDBBE700BFF0040020D40A00206A
:107B1000083F0020E80400209012002008A202087C
:107B2000A01E002010B5034B0360044614F006F9B4
:107B3000204610BD9C78020810B50446FFF7F2FFFE
:107B400020461DF049F8204610BD10B5034B0360D8
:107B5000044614F0F3F8204610BD00BFB0780208C8
:107B60000C4B10B503603C3304460362C06E08B191
:107B70001DF032F804F15000FFF7E7FF04F1200098
:107B800014F0BAF8044B23602046FFF72BFE204682
:107B900010BD00BFC478020828790208A0F12000B7
:107BA000DEE710B50446FFF7DBFF20461DF014F8B2
:107BB000204610BDA0F12000F3E710B50446FFF702
:107BC000C4FF20461DF008F8204610BDA0F120009B
:107BD00016F08AB873B506460C461546CAB19389A5
:107BE000012B06D1136923B95069002115F0E0FB80
:107BF00060B96389042B09D1216839B1D4F81C31EB
:107C00000093D5E90123304613F0BDFB002002B0FC
:107C100070BD4FF0FF312046FEF71AF903460028E9
:107C2000F4D12268D4F81C1100911146EBE72DE93C
:107C3000F04FDFF82092D1B004460025D4F864322A
:107C4000D4F854229A1A003B18BF0123C3EBA203B5
:107C5000D4E99621521A921009FB0233D4F8481243
:107C6000D4F85022521A921009FB0233032B0AD97E
:107C7000002D00F0EC8023681B6A0021204651B0E3
:107C8000BDE8F04F1847744BD4F86C141B689A8BFE
:107C90009142EDD258684B1CC4F86C34FEF7DFF902
:107CA00001460028E4D007A8FFF7E2F96B4A0799DC
:107CB0005268429B039391429DF839310293DDF85B
:107CC00004B19DF83BA19DF83C310BD1002102206D
:107CD000FDF704F94FF0000A0390CDF808A04FF02B
:107CE000000B01230193D4F86032D4F85802A3F5B5
:107CF0009273984218D0039B4293029B8DF83931BE
:107D00004FF49272019B8DF83C3107A9CDF804B174
:107D10008DF83BA11BF0BAFFD4F8583203F59273EB
:107D2000C4F85832012589E7D4F85C32D4F86412DB
:107D3000D4F85482D4F84822C01A8310081EA1EB4C
:107D4000080618BF0120C0EBA60009FB0300D4F809
:107D500050329B1A9B1009FB0300414B98424FEA9B
:107D6000A60502D13F4819F0A0FDD4E99023881A56
:107D7000A3EBA000012822D80235B3EB450F01F197
:107D8000040149D95B1B5B0802EB8305A8453DD97B
:107D90002A464046FCF755FF2B68C4F84C3203F5E1
:107DA0009273C4F85032AB19C4F86432AB59C4F8BA
:107DB0005C3203F59273C4F85452C4F860324FF445
:107DC0009270D4F864521CF0FFFE039B68604293EB
:107DD000029B8DF839314FF49272019BD4F858020E
:107DE0008DF83C3107A9CDF804B18DF83BA11BF00B
:107DF0004DFFD4F864321A1D5B68C4F8642203F5A1
:107E00009272C4F85C32C4F8602289E7321D2A44B9
:107E1000404614F09FF8BFE79F1C012B2CBFFF18B2
:107E200001373846059110F0B1FA7D1B6D0800EB63
:107E30008505059904902A464046FCF702FFD4F8D0
:107E400040021CF0C9FE049BC4E99037A4E751B07E
:107E5000BDE8F08FF9F1E3C7841E0020D40A0020AA
:107E60001C3870005BA2020810B504461046D4E925
:107E700000239B1A0B4A0C4C9B105343E21A8A4274
:107E800001D219F012FD994205D91944A14228BF27
:107E90002146084610BDB3EB430F4FEA4301F5D925
:107EA0002046F7E7CF467D67414CAE0038B5034624
:107EB0000C461546A34200D138BD1846BC222946BF
:107EC0001BF0E4FE0346BC33F4E770B5BC260C4659
:107ED0003246002105461BF02EFE013C05EB060054
:107EE00006D006FB04042A462146FFF7DFFF2046A2
:107EF00070BD10B539B182B1D0E900302C2404FB3B
:107F00000303984201D3002010BD4468A24202D16D
:107F10000468A142F8D02C30F3E71046F4E770B5BE
:107F20000C4619464368049E63B1036853B14CB1D3
:107F3000FFF7DFFF014628B132462046BDE870401A
:107F400011F067B8002070BD38B50446006884425F
:107F500000D138BD05681CF03FFE2846F7E770B534
:107F60008568044645B962682068920029461BF07E
:107F7000E2FDC4E9025570BD2E6828461CF02CFEB7
:107F80003546EFE7F0B585B001ADCDE901550E46B8
:107F900000230168039304468C42019803D1A84250
:107FA00015D105B0F0BD8A6833680F689A420CD1CC
:107FB00081420AD0874208D03A4619F092F9039BD1
:107FC00001330393A368013BA3603946E4E70468E7
:107FD0001CF002FE2046E2E7F0B585B00D460446EF
:107FE000019001A92846FFF7CDFF01ABCDE9013390
:107FF00061680023271D03938F4204D101A8FFF776
:10800000A3FF05B0F0BD8B680E68AB420DD101989F
:1080100081420AD0864208D0324619F062F9039BA9
:1080200001330393E368013BE3603146E4E738B58D
:10803000414B196891F80431012B04465DD190F849
:108040008436012B04BF002381F80431237C002BEC
:1080500052D0002501F5847120462574C4F86C5473
:10806000FFF7BAFF20463549FFF7B6FFD4F8840082
:1080700018B111F007FEC4F884502046FEF726FC24
:108080002046FEF733FC2046FEF740FC2368002123
:108090009B69204698474FF40072002104F59060D8
:1080A0001BF049FD4FF4FE72002104F51B701BF01C
:1080B00042FD4FF49272002104F58E701BF03BFDDF
:1080C00004F51070FEF735FE0023D4F87424C4F8CC
:1080D0008430D4F87034934218BFC4F8743404F177
:1080E0001400FFF73CFF164A0023C4F88030C4F8A0
:1080F0006834637482F8283638BD022B03D190F8B7
:108100008436022B9EE7032B03D190F88436032B91
:1081100098E7042B03D190F88436042B92E7052BC3
:1081200003D190F88436052B8CE7062B8ED190F87E
:108130008436062B86E700BFA01E0020F0420020F8
:10814000083F0020064B93F8B811064B1A7812B975
:10815000054A136070478A42FAD01C33F6E700BF25
:10816000F004002058790208201D00202DE9F04F6E
:10817000704C027CAFB00546884623780BB19A421A
:1081800024D12A7868786369002A3ED0A17C1F68D0
:1081900000220023FE5CFF2E1FD19A4218D301213A
:1081A00011F04BFF06463878A769B8F1000F16D1D9
:1081B000614A00973346A02106A81DF0BDFA06A823
:1081C000FEF734FF00202FB0BDE8F08F1C34D4E759
:1081D000BB5C834216D00132DBE70133DAE70121D1
:1081E00011F02BFF3346A021CDE90070534A06A8B9
:1081F0001DF0A2FA06A8FEF719FF63691B6818783C
:108200006870A17CFEF722FC02E06888FEF79EFB06
:1082100063699968D3F804900646084615F00CFA8D
:10822000494615F009FA46490746304615F0C0FBA5
:108230000146384615F000FA61680746A06815F057
:10824000F9F93946824615F0BDF8002840F08280E1
:108250005146484615F0F0F9394615F0A9FB1AF0D9
:1082600075FE15F067FC374B8146187811F01CFF3E
:1082700029788346687811F0E0FE41F205570246FE
:10828000594611F8013B002B40F00181114641F2A3
:10829000055611F8013B002B40F0FD80D5F820A0D9
:1082A00005920021504615F083F8002800F00B815C
:1082B000B6FBF9F309FB13666B8B059A002B00F0F4
:1082C000F1806169497C002900F0E980994214BF7E
:1082D00000210121DFF870A005938AF800105846AC
:1082E000114615F0B1F8059BDFF860B0003818BFF3
:1082F00001204B458BF829061AD9CDF80490A269C4
:108300000092A021124A06A81DF016FA06A8FEF750
:108310008DFEB8F1000F3FF455AF9BF82936002BC6
:1083200000F0C280B7FBF9F309FB137701376F83C5
:10833000012048E758790208AEA202088BA2020881
:1083400000007A44701E00206C000020083F0020CE
:10835000EBA20208304614F0D5FCCDE902015F49DA
:10836000504615F071FA14F0CDFCCDE900015C4ADD
:10837000A369A02106A81DF0DFF906A8FEF756FEA6
:10838000B8F1000F3FF41EAFD4F81490A17CD9F8D7
:1083900000301878FEF75AFB5249064615F030F8BF
:1083A00028B15149304615F00DF8002860D14F49E9
:1083B000304615F025F828B14D49304615F002F841
:1083C000002857D14B49304615F01AF828B14A49D0
:1083D000304614F0F7FF00284ED14849304615F0DA
:1083E0000FF828B14649304614F0ECFF002845D17B
:1083F0004449304615F004F828B14349304614F09A
:10840000E1FF00283DD14149304614F0F9FF28B181
:108410003F49304614F0D6FF002835D14FF07C514B
:10842000304615F009F915F085FB80B26880FEF73B
:108430008DFAD9F8046061688246A06815F0FAF8F0
:10844000314615F0F9F8D9F808100746084615F036
:10845000F3F8314615F0F0F820490646504615F07D
:10846000A7FA0146304615F0E7F801463846F4E62B
:108470001F20DBE73E20D9E7C820D7E74FF4C870BC
:10848000D4E74FF44870D1E74FF4C860CEE707EB6C
:1084900047171F44F5E606EB46161E44F9E6591E3B
:1084A000B14214E7012115E72B7853B163695A7C77
:1084B00001231AB16A838AF8003039E701366E83E6
:1084C000F9E70123F7E7504614F01CFC114ACDE907
:1084D0000001A02106A81DF02FF929E700007A4429
:1084E000C7A2020885EBF9417B14FA41C3F5794232
:1084F0003D0A7A42B81E4B4348214B43B81ECB433A
:108500004821CB435C1F4B44A4204B44AE1FCB44BB
:108510005220CB4417A3020830B504460FCC91B0CB
:108520006D460FC50FCC0FC50FCC0FC594E80F00DB
:1085300085E80F0000216846FFF718FE11B030BD36
:108540002DE9F0470B88DFF88492013B99F804800D
:1085500099F8B8A1C8B006460C4617460A2B00F297
:10856000C580DFE813F00B00A000C50004010D0179
:108570004701F9010202C300C3005B02D9F80820D9
:10858000CB6801259A4289F800500DD1D9F80C200A
:108590000B699A4208D10B7A434505D199F81050DE
:1085A0000B7DED1A18BF01258948602204F10801EE
:1085B0001BF06CFB99F81030042B0AD199F80430A9
:1085C000022B06D10023834989F810303046FFF78B
:1085D00052F9237A434563D0022B34D111F06AF962
:1085E0007D4B0022C3F88021C3F88821C3F8902175
:1085F000C3F89821C3F82822C3F8642299F804200C
:10860000022A4AF6C00218BF4FF46162C3F87C2107
:10861000052389F81030714B40F20112A3F8BA20FB
:108620004FF0150AD9F81430B3F5616F03D24FF447
:108630006163C9F814302A465146304648B0BDE857
:10864000F047FFF7B3B8062B17D1644B40F2011285
:10865000A3F8BA2099F80430022B5F4B4AF6C00207
:1086600018BF4FF46162C3F87C21012283F8842192
:108670004FF49672C3F88021D2E7052BD0D1574B27
:1086800040F20112A3F8BA2099F80430524A022BA2
:108690004AF6C00318BF4FF46163C2F87C31BFE7EC
:1086A0004FF0010ABEE7012389F8643099F8903051
:1086B000012B11D191F83030012B0DD099F86D308C
:1086C00053B94D7B45B9464B1868FDF7FDFA2A466C
:1086D00011213046FFF76AF808340FCC414D0FC521
:1086E0000FCC0FC594E8070085E8070001253BE0A3
:1086F000012589F8945099F8B42091F824309A42D1
:108700001ED199F898200B7A9A4219D1D9F8AC2049
:10871000CB699A4214D1D9F8B0200B6A9A420FD192
:10872000D9F89C20CB689A420AD1D9F8A8208B6945
:108730009A4205D1D9F8A4504B69ED1A18BF01250A
:1087400004F1080CBCE80F00274F0FC7BCE80F006E
:108750000FC79CE8030087E80300E368013B1C2B7C
:1087600002D81E23C9F89C304FF0010A63E70123A9
:10877000C42208311D4889F8C0301BF087FAB5E7DC
:10878000012389F88831D9F88C11A26899F89C31B5
:10879000914209D1D9F898516269554015F0FF25E9
:1087A00002D1227E9A4208D0032B05D0237E032BD0
:1087B00004BF002389F8EC31012508340FCC0C4F9D
:1087C0000FC794E8030087E80300CDE7F00400201A
:1087D000F40400203FA30208083F0020D40A002030
:1087E000841E00205805002088050020B4050020C4
:1087F0007C060020DFF834C2BCE80F0010AD0FC5C6
:10880000BCE80F000FC5BCE80F000FC59CE80F00C7
:10881000083485E80F0099F8A9810FCC6D460FC583
:108820000FCC0FC50FCC0FC594E80F0085E80F00E3
:10883000012389F8A4319DF80830019A043B042BE8
:1088400084BF05238DF80830D31FDBB2052B01D878
:10885000FF2A01D90B230193754C9DF81050236812
:108860001B78AB4224D0734B00E01C331A780AB15A
:108870009542FAD15A69527B002A31D06E4A92F859
:108880009620002A2CD19B696C4AA02120A81CF0BC
:1088900053FF20A8FEF7CAFB10AD0FCD6C460FC4E6
:1088A0000FCD0FC40FCD0FC495E80F0084E80F0063
:1088B0004FF0010A6846FFF72FFE18B9002F46D087
:1088C0008DF801806C460FCC584D0FC50FCC0FC5ED
:1088D0000FCC0FC594E80F0085E80F000025AAE62D
:1088E0006846FFF719FE0028D6D0BAF1000F1DD058
:1088F00055B389F8B851FFF725FC25685049E86859
:1089000014F060FD10B101238DF83C304D4C4E4900
:10891000032220461BF017F928B9AB694A4A4B4994
:1089200020461CF0C1FF4FF0030AC3E7002DE0D042
:10893000474B186820B10368464A1B694649984767
:1089400001238DF81830D4E78DF81850D1E70121B4
:108950006846FFF70BFCB5E7012389F8E831D1E958
:1089600002013E4B83E80300C0E6334F3A48384DDE
:10897000B02208311BF08AF997F8963028686BB955
:10898000BAF1000F0AD0B9F81C820368B8F1200FC1
:108990003AD0334A9B68A2F122019847B9F8FA21EC
:1089A00030493148A7F898201BF070F92A682C4B01
:1089B000793203F1200153F8040B42F8040B8B4287
:1089C000F9D199F8A63293B1B9F84032202B0ED0E4
:1089D000B9F86232202B0AD0B9F88432202B06D0A5
:1089E0000023224989F8A6323046FEF744FF99F861
:1089F000A82294F8B6309A427FF478AE99F8A7523C
:108A000094F8B5305D40AFE6154ADB68A2F122016B
:108A100098470028C2D0A9F8FA81BFE74FF0010AB1
:108A2000134D89F8AAA2083450E700BF9806002029
:108A3000201D002058790208D40A002077A30208DC
:108A40000000C842EC3F002098A302089CA3020843
:108A500088110020260B0020EA060020DC060020FA
:108A60000E070020EC0600206E0B0020A2A30208D7
:108A70009C07002070B590F8605004460120A84083
:108A800014F08AFEE16D14F093FF1D4B1B689B7C74
:108A900006468BB194F86400032303EB450300EB17
:108AA000531014F07DFE314614F0CEFE154914F03B
:108AB000C3FD15F03FF870BD94F8630014F010F991
:108AC000114B002213F0C0FF104B002204460D464C
:108AD00014F000FC08B90D4D0024304614F012F9D2
:108AE00022462B4614F066F903A3D3E9002313F0C2
:108AF000ABFF14F0F9FBDEE70000006066661E4085
:108B0000201D00203333F3400000E03F000002400E
:108B10002DE9F04F7D4D7E4E95F8B82187B0044683
:108B2000337813B19A4240F08E807A4B7A481E60B7
:108B300095F8A831002B00F08880FFF7EDFC20B9F4
:108B400073691B681B7885F8A9310DF11703009331
:108B500004F15C0204F16003B17C95F8A901FDF712
:108B600021FF95F8B0315A1F032A04D89DF8172029
:108B7000934238BF134684F8613095F9C13184F8C7
:108B80008831327C2BB1934205DD644B93F89630EB
:108B90000BB984F8882194F98831002B08BF112380
:108BA00084F8883185F8C131B368D6F8148003930E
:108BB00095F8A811736895F8A901029311F03DFA90
:108BC000D8F804B0D8F80870D4F85CA041F2055980
:108BD00010F8012B002A4BD1D5F8C861002130468E
:108BE00014F0E6FB4E4A002847D110704FF0FF38D2
:108BF000236841465B6C20469847D5F8B41130464F
:108C000014F01AFD236801461B6C20469847204645
:108C1000FFF730FF94F86030A0660120984014F010
:108C2000BBFDE16D14F0C4FE0546B4F86C0014F011
:108C3000B7FD0146284614F007FE14F07BFF2067BD
:108C400007B0BDE8F08F1C366AE7FFF765FC18B97E
:108C500031480121FFF78AFAB5F8AA01FDF776FE3F
:108C6000D5F8AC31E06584F8603095F8B03182E732
:108C700009EB491302EB0309AAE73946384614F019
:108C8000DBFC594614F0D8FC26490646504614F041
:108C90008FFE0146304614F0CFFC214A127806467A
:108CA00072B398F8112042BB0299039814F0C2FCE9
:108CB000594614F0C1FC314614F07AFE1AF046F918
:108CC00014F038FFB9FBF0F202FB10981649504639
:108CD00014F06EFE029914F0AFFC394614F0ACFCAF
:108CE0000746404614F058FD314614F0ADFD0146EC
:108CF000384614F0A1FC06467AE702F1FF38E5E7B2
:108D0000B5F8C28108F1FF38E0E700BFF0040020A9
:108D100058790208201D002098060020D40A00205F
:108D20006C00002000007A440000FA4408B5FFF708
:108D3000EFFE012008BD38B50C4B0D4D19680446F7
:108D400001F58A710430FEF755F805F22C6104F143
:108D50002000FEF74FF805F5C76104F13C00FEF76F
:108D600049F82046FFF7D4FE012038BDA01E0020A0
:108D7000083F002030B587B00446FFF7DCFF194AF2
:108D8000D4F89C0202F160010CF032FB20460FF097
:108D900024FF236820469B6B984700230593D4F853
:108DA00050320493B4F86C30039394F988310293F1
:108DB00094F8D931019394F861300093014694F806
:108DC0006030E26D04F515700EF09EFA054618B994
:108DD000236820465B6D9847B5FA85F0400907B0D7
:108DE00030BD00BF4C7C020838B5D0F8284223695A
:108DF0001F2B054607D1012205F5CA701146BDE8B3
:108E00003840FCF709B823682046D3F884309847E7
:108E100023691842EFD138BD036810B5DB68002123
:108E20009847044620B14FF4B07200211AF083FE37
:108E3000204610BD704710B5124C94F844366BB9FB
:108E4000012384F844361AF0B7F86FF0004390FB22
:108E5000F3F3C3EBC373C01AC4F84806D4F848361A
:108E60000133C3F30903C4F848361AF0A5F86FF0CC
:108E7000004390FBF3F30344D4F8480640EA832010
:108E800010BD00BF083F002008B5036800211B6823
:108E90009847024B01221A7008BD00BF241D002014
:108EA0002DE9F84F04460D4600F13806616E0029A1
:108EB00015DDE36DE26C9A1A003B18BF0123C3EB8A
:108EC000A202D4E914301B1A9B1003EBC213206CCE
:108ED000A26C121A03EBA203994240F38480206E25
:108EE00018B1036800211B689847A36D206D043BEF
:108EF000984206D040F8045B20652046BDE8F84F54
:108F0000C2E7E16D636DE76C0A1EA1EB070618BFAF
:108F10000122C01AC2EBA602801000EBC210A36CA3
:108F2000226C9B1A00EBA3006FF0604398424FEA5B
:108F3000A60802D1304818F0B8FCD4E90E030A1A8A
:108F4000A3EBA202012A1CD808F10208B3EB480FD8
:108F500001F104092BD9A3EB08035B0800EB83089C
:108F600047451DD9424649463846FBF76AFED8F8C0
:108F700000306364464403F50073C4F84C80A36476
:108F8000E6654FF40070E66D1BF01EFE46F8040F18
:108F9000226D00F500731560E6656065A365ABE7BB
:108FA000321D42444946384612F0D4FFDFE703F150
:108FB000020A012B2CBF9A440AF1010A50460FF015
:108FC000E5F9AAEB08084FEA580800EB8808834641
:108FD000424649463846FBF734FEA06B1BF0FCFDC9
:108FE000C4E90EBAC3E730460FF044FD00283FF451
:108FF0005DAF10F0E9FD59E75BA20208896E10B57C
:10900000044621B9018081704160204610BD0B6883
:109010009B699847F9E7F8B50446806E0E461746F7
:1090200010B900252846F8BD0368DB699847054656
:109030000028F6D0636B002BF4D0236B002BF1D00B
:109040003A46314604F13000FEF753FF0028E9D0DC
:10905000134B5E68002300F1100200F128041F4644
:1090600052F8041F8E421FBF00EB830C0133CCF873
:109070001410DBB208BF1760A242F1D1C3F106029F
:10908000062BD2B203F105034FEA82024FF0000132
:1090900088BF002200EB83001AF04DFDC2E700BF3D
:1090A000D40A0020806E03681B6A184710B5044676
:1090B000C9B1942380F89938C32380F89A380B0AF1
:1090C00080F89B3880F89C18D0F8880603680A1D41
:1090D0005B6804F699019847D4F888060368BDE8F0
:1090E0001040DB68184710BD30B585B00446ADF8B8
:1090F00006100D4618300DF10601FDF74DFD04F187
:109100001C03984202D0406905B030BD20460DF1E5
:109110000E01ADF80E50FDF73FFD0434A04201D121
:109120000020F1E74469002CFAD00020FBF7C2FED2
:109130000128F5D9A042F3D3074B001B9842EFD882
:109140004FF47A7303FB00F2B2FBF3F38342E7D1EF
:10915000024B1868801AD7E780510100E80400200C
:1091600010B50446006818F088F92060204610BD4C
:1091700070B590F83030CEB00446002B30D0234884
:1091800012F0BCF8224810F0B7FD10B1204810F0E2
:1091900006FE06A81E49012211F021FC0C9800B31E
:1091A0001C4B029301238DF80C306369102B28BFF0
:1091B0001023062202A906A88DF80D3007F054FBF3
:1091C000E3680193261D1125019B9E420BD106A841
:1091D00007F034F906A807F039F9002384F8303095
:1091E00001204EB070BD013D15F0FF05EFD01A8A89
:1091F000ADF810205B69CDF81230062204A906A84C
:1092000007F032FB01A8FFF7ABFFDDE7E8A3020898
:10921000EFA30208545348542DE9FF4700F1040816
:10922000836806460D4644460BBBA04503D02A88FA
:10923000238A9A4253D218201BF0C6FCB5F800903E
:10924000A0F810900023A0450746436100F1100AE2
:1092500017D173691BB13269138A4B4549D3524602
:10926000314602A8FEF740FADDE902423EE01F8ADD
:109270002888D3E9021287422ABF1C4613460B46B0
:10928000D2E7238A4B450ED9F268944209D0204692
:1092900018F0F5F8038A4B450246E0D2C36843B3A1
:1092A0002246012013E027D232690194944220D053
:1092B00001A8FFF755FF03681B8A4B45CFD9E36828
:1092C00093B92246108A484594BF002001204346A6
:1092D000394618F0D6F87369013373613C4604F1DE
:1092E000140004B0BDE8F087019C224622B1002C96
:1092F000D7D19045E6D1D4E738461BF06DFC274620
:10930000ECE7F0B5CFB02A490546002206A811F0D7
:1093100066FB0C9B6BB10024062202A906A80294EE
:10932000ADF80C4007F033F9062807D006A807F07F
:109330008DF8002385F830304FB0F0BD029A1D4BF8
:109340009A42F3D19DF80C30012BEFD19DF80D30EE
:10935000102BEBD8264624E0062204A906A8049682
:10936000ADF8146007F013F9062819D1DDF8127072
:10937000B7B1BDF81030ADF806300DF10601284642
:10938000FFF74AFF0C4B07601F68BDF81030ADF8BF
:1093900006300DF1060105F11800FFF73DFF0760EB
:1093A00001349DF80D20E3B29A42D5D8BEE700BF44
:1093B000EFA3020854534854E804002073B5144E38
:1093C000ADF8061004460DF1060118303568FFF7B8
:1093D00023FF05600020FBF76DFD0128054615D928
:1093E0000DF106012046FFF717FF0560626B0123B0
:1093F00084F8303022B133689B1A064A934205D96B
:109400002046FFF7B5FE08B13368636302B070BD54
:10941000E8040020DF9304002DE9F04701F00F0776
:10942000DFF8689021F00F0106461546441802F156
:109430000F08A64214D13FB36B1E274414F8011B3A
:1094400013F8012FBC4282EA01021A70F6D10F4BC9
:10945000186803682A4629469B6ABDE8F047184702
:109460006B1E711E13F8012F11F8010F434582EA9C
:1094700000021A70F6D1D9F8000003682A469B6AE8
:10948000294610369847D4E7BDE8F08788110020B8
:1094900010B50C461146084A86B0CDE901200020DF
:1094A000CDE904001A4601A8039408F0A7FA00B118
:1094B000049806B010BD00BF37E300082DE9F0475F
:1094C000B44D95F82836CCB004460F4613B300F5DA
:1094D00090684FF40072002140461AF02CFB0B23D9
:1094E000A4F88434AC4B6E4619683046FFF786FD0D
:1094F00096E8030004F5916484E80300002385F8EE
:109500002836A64A43464FF4FF7138464CB0BDE8B2
:10951000F047BDE7037C013B0A2B77D8DFE803F077
:109520000E0E0E0E0E0E0E060E0E2800D0F858224D
:10953000D0F848329A4201D1FEF779FB04F59068E1
:109540004FF40072002140461AF0F5FA237C013BEB
:109550000A2B00F29080DFE813F093005D009F007B
:10956000D90005013701D201C30223034C03500384
:10957000D0F8103133B98A4B1868943010F028FBBA
:10958000C4F81001D4F8143133B9854B1868AC30E5
:109590000FF09EFAC4F81401D4F8183133B9804B97
:1095A0001868DC300FF083FAC4F81801D4F81031D1
:1095B000002BC3D1D4F81431002BBFD1D4F818310B
:1095C000002BBBD194F888302BB18822002175483C
:1095D0001AF0B1FAB2E77349882203A81AF056FBD1
:1095E000882203A9A0181AF051FB94F88830002BA8
:1095F000EBD1D4F88430002BA0D1694B186804302B
:1096000010F026FBC4F88400002897D100204CB04D
:10961000BDE8F08703236449A4F884342822634812
:10962000634E1CF0ACF9634B1D684C22AB8BA6F863
:109630004C30311D04F591604FF001091AF026FB02
:1096400084F810902B6871681B682846984790F83A
:109650006010054629B9142264301AF06CFA85F8B6
:10966000609000210220FBF739FC0021E86702200E
:10967000FBF734FC2867B4F88434002BC6D040E7ED
:109680001123A4F884344C498C2204F591601AF01B
:10969000FDFA03232374EEE7464BD4F86C141B68E1
:1096A0009A8B914223D258684B1CC4F86C34FCF757
:1096B000D6FC0146D8B103A8FDF7DAFC002501234A
:1096C0004FF4927203A904F58E708DF82C318DF849
:1096D0002A511AF0DBFA0423A4F884344FF492726E
:1096E00003A904F591601AF0D1FAC4F81C51D4F81A
:1096F0006824324B9A4207D108232374236800213F
:109700001B6A20469847B6E70423C3E70D232C497C
:10971000A4F88434122203A81CF031F91822002383
:10972000CDE90823274B1A799B6F0B9348238DF8BB
:10973000303095F8DA318DF831304FF457530D93BE
:1097400001238DF828208DF8323003AD0FCD04F5BC
:1097500091660FC60FCD0FC695E80700052386E872
:10976000070097E7657C0A23A4F88434284610F0A4
:10977000D5F801350146EDB24C2204F591601AF09E
:1097800085FA072D65747FF676AF4FF483732382D5
:1097900071E700BF083F0020A41E002000600208FF
:1097A000A01E0020A84400200BA40208F60A0020F6
:1097B000D40A0020841E0020700000202D0F01001C
:1097C000499F0208F0040020637C0522591EA4F87A
:1097D0008424092900F28A80DFE801F00510203C8A
:1097E000475466727D820123A649A4F8883460221A
:1097F00004F592601AF04AFA022375E0A24E0223A1
:10980000A4F888340FCE04F592650FC50FCE0FC5AE
:1098100096E8070085E80700032365E0DFF86CC2DF
:1098200003230CF19806A4F888340FCE04F5926552
:109830000FC50FCE0FC59CF8043096E80300022B2D
:10984000934B18BF4FF4967385E80300C4F8A43413
:10985000042349E004238F49A4F88834C42204F582
:1098600092601AF013FA05233EE08B4EA4F8882488
:109870000FCE04F592650FC596E8030085E8030056
:10988000062331E0854E0623A4F888340FCE04F574
:1098900092650FC50FCE0FC50FCE0FC596E80F000E
:1098A00085E80F0007231FE07D4A92E803000723A5
:1098B000A4F8883404F5926383E80300082313E0D6
:1098C00008237849A4F88834B02204F592601AF08D
:1098D000DDF9092308E00923A4F888340A2303E00A
:1098E0000A23A4F888340B236374C4E60133DBB283
:1098F0000B2B63747FF6BFAE40F2071347E7637C20
:109900000922591EA4F884240C2900F2A480DFE85F
:1099100001F0070F1C29343E4B5A69728A7C97006C
:1099200001236149A4F88834D42204F28C4061E711
:109930005E4E0223A4F888340FCE04F28C450FC586
:1099400096E8030085E8030066E7594E0323A4F870
:1099500088340FCE04F28C450FC596E8070085E8E1
:10996000070075E7534E0423A4F888340FCE04F2A1
:109970008C450FC533682B6075E74F4A07CA05232E
:10998000A4F8883404F28C4383E8070078E74B4E50
:109990000623A4F888340FCE04F28C450FC50FCEF1
:1099A0000FC533682B607DE7454E0723A4F8883444
:1099B0000FCE04F28C450FC50FCE0FC596E80300FD
:1099C00085E803007AE70823A4F888343D4BD5F8EE
:1099D000D1019A889B79C4F88C04A4F8902484F867
:1099E000923476E7A4F888243749482204F28C4060
:1099F0001AF04CF972E7354A07CA0A23A4F88834EA
:109A000004F28C4383E807006DE7314E0C23A4F881
:109A100088340FCE04F28C450FC50FCE0FC53368C6
:109A20002B600D2360E70B23A4F88834294BD5F86D
:109A300031021B7984F89034C4F88C040C2353E76A
:109A40000D23A4F88834244B0FCB04F28C4585E811
:109A50000F000E2348E70133DBB2102B63747FF64F
:109A60000AAED4F868241D4B9A4203D1092323740B
:109A7000002339E708232374236800211B6A20464A
:109A80009847F5E7F404002058050020F004002072
:109A900080510100B40500207C06002098060020BB
:109AA000DC060020EA060020483F0020204000207D
:109AB0003C4000205C400020744000208440002096
:109AC000AC400020D9400020E24000202C41002082
:109AD0004041002039410020684100202C0F010046
:109AE0004FF49272002103A81AF025F8D4F81C3123
:109AF00004F58E76ABB9D4F84852D4F858329D426A
:109B00000FD0D4E993A94FF4927229463046A9F5B3
:109B100092791AF0BBF84D4525D005F59275C4F839
:109B200048524FF49272314603A81AF0AFF8039DE1
:109B30005DB34FF492720021304619F0FCFF2A46C3
:109B40005B490DF112001BF0AFFE0423A4F884342E
:109B50004FF4927203A904F591601AF097F8204629
:109B6000FEF765F887E550461BF036F8D4F8543216
:109B70001A1D5B68C4F8542203F59272C4F84C3283
:109B8000C4F85022C4F84832CBE704F51070FDF752
:109B9000D0F80923237439462046FFF78FFC36E5B9
:109BA000D4F87434D4F870144248657C5A1AD21030
:109BB0004243954217D0D4F868043F4EB04212D0C9
:109BC0000F239542A4F8843403D33C48294617F068
:109BD0006FFEE82205FB021104F5916001351AF0D1
:109BE00055F8657447E500228B42627418BFC4F8CB
:109BF00074142046FCF732FE3DE5D4F8102162B122
:109C000092E803000B23A4F8843404F5916383E8FD
:109C100003002046FCF75AFE2DE5D4F814616EB11E
:109C20000E23A4F884344FF4FB72314604F591609E
:109C30001AF02CF82046FCF759FE1CE594F8883001
:109C400083B10C2304F188052946A4F884348822C2
:109C500004F591601AF01AF888223146284619F066
:109C60006AFF08E5D4F818516DB11023A4F88434C4
:109C70004FF4F072294604F591601AF007F8204677
:109C8000FCF744FEF7E4D4F88460002E3FF4F3AC14
:109C90000223A4F884344FF4B072314604F5916085
:109CA00019F0F4FF30460FF0EDFFC4F88450E2E401
:109CB00055A0020835C2724F2D0F010071A0020895
:109CC00070B5044600F69D0631462046FFF7F6FBC8
:109CD000054601462046FFF7E9F9002DF4D170BD95
:109CE000F8B504460D46A2B9264BD0F894281B6857
:109CF0009B1AB3F5FA6F2CBFFA25052594F898380E
:109D000013B12046FFF7DCFF2046FCF796FD2846FE
:109D1000F8BD8E180027D4F8903815F8012BE018FC
:109D2000591CC4F8901880F88C265BB9942A01D08D
:109D3000C4F89078B542EED1124B1B68C4F8943841
:109D40000025DBE7012B01D1C32AF0E7022BF1D07C
:109D5000B4F88E26032B52BA92B20FD1B2F5007F1F
:109D6000E6DC131D9942E5D30023C4F8903823683C
:109D700004F5D2611B6920469847DBE70029D9D05A
:109D8000EFE700BFE804002038B50446D0F88806A5
:109D900003681B69984798B10025D4F888060368C2
:109DA0001B69984730B1D4F8880603685B69984707
:109DB00000281ADA244B1B68C4F89438002509E0FF
:109DC000214BD4F894281B689B1AB3F5FA6F34BF63
:109DD0000525FA2594F8983813B12046FFF770FF4F
:109DE0002046FCF72AFD284638BDD4F89038E21802
:109DF000C0B2591CC4F8901882F88C0623B9942874
:109E0000CBD0C4F89058C8E7012B01D1C328F7E79D
:109E1000022BC2D0B4F88E26032B52BA92B20FD1C5
:109E2000B2F5007FEDDC131D9942B6D30023C4F8D0
:109E30009038236804F5D2611B6920469847ACE747
:109E40000029AAD0EFE700BFE80400204B89052BCA
:109E500070B50446154608D18989183123682A4609
:109E600020465B6BBDE87040184701F10C03044AC3
:109E700004484FF48071FFF70BFB00F11801EDE788
:109E8000D05F02081C1C0020F0B590F8623087B04B
:109E90000446B3B1002380F86230D0F8280203688A
:109EA0005D6E94F860308DF80C30E36D049394F897
:109EB00061308DF814300323009306AB13E90E00D4
:109EC000A847E66F0022E267002E3ED031462046CA
:109ED000FFF7BCFF1E4B1F491B68D3F84421024407
:109EE000C3F844210A6802440A603C21D3F83C21AB
:109EF000B2FBF1F5B5FBF1F701FB175503EB850557
:109F0000A96C0144A9640A21B2FBF1F20621B2FB5B
:109F1000F1F501FB152203EB82031A6B02441A636D
:109F2000D4F838320133C4F838323046FBF73AFC03
:109F300020B9D4F83C320133C4F83C3206483146EB
:109F400007B0BDE8F040FCF711BF07B0F0BD00BF9F
:109F50001C1D0020D0070020581E0020A0F5CA704C
:109F600013F0F6BE38B590F8583004460D461BB9CC
:109F7000314B93F8C0312BB930482946FCF7F6FE37
:109F8000002038BD0368DB6E98472B68C4F88C301E
:109F90006B68C4F88830D5F81431C4F890302B7A47
:109FA00084F89630D5F85031C4F89830D5F854314B
:109FB000C4F89C3095F8203195F82121402B84BFBE
:109FC000402385F8203195F8203103F07F0343EAE0
:109FD000C21395F8292143EA022395F82A2143EA7E
:109FE0004223A4F89430AA8905F10E0104F1A000DF
:109FF00019F04CFED4F82802E567AA8903681832E4
:10A000005D6A04F188010023A847054650B1204647
:10A01000FFF73AFF236820465B6D9847B5FA85F055
:10A020004009AEE723680649DB6C20469847054B9C
:10A030001B68C4F88030F1E7F0040020581E0020AF
:10A0400029720008E804002091F8213170B5054616
:10A050000C466BB117480FF0CCFD06466068FBF765
:10A06000B2FCC0F10502D2B231462846FBF776FCBD
:10A07000D5F88C604EB96068FBF7A5FC214698B115
:10A080002846BDE87040FBF7A6BCB268D4F814318E
:10A090009A4207D0A86E00222146FFF7D7FE336907
:10A0A000034433613668E5E72846BDE87040FBF7B6
:10A0B000E3BC00BF581E00202DE9F043264B0A6880
:10A0C0005B689A4285B005460C4627D10846FBF7E7
:10A0D0009EFAD4F814910DF10808CDE9020906465C
:10A0E000414605F18400FBF773FA0746B0B12046FC
:10A0F000FBF78DFAFB68014600201B7A4A46CDE942
:10A1000000000FF0CCFC94F85C31012B06D1CDE9B6
:10A110000269284698E80600FBF776FBD5F88C60C4
:10A1200056B96068FBF74FFC214678B1284605B068
:10A13000BDE8F043FBF7A2BAA86E01222146FFF763
:10A1400085FE3369034433613668E9E7284605B084
:10A15000BDE8F043FBF78EBED40A00202DE9F04F96
:10A16000DFF87892D1F804B0D9F804309B4591B06B
:10A1700005460C4604D108460FF026FD20205AE083
:10A18000DFF85C8298F8C431002B5FD1954B96497B
:10A190001B68D3F80CA0504613F014F9002855D0D2
:10A1A000924B1E683046FAF7DDFD074601465046E1
:10A1B00013F008F9002849D0DFF8349206F59C78AE
:10A1C0003B2658F8040D13F0E7FA494613F0F0FB6C
:10A1D0000146384613F02EFA07460146504613F062
:10A1E0000FF958B3C6F13B06F6B28248FAF7B8FF4A
:10A1F00001230370D4F8143143601E230746037310
:10A2000000210220FAF76AFE7B49B860324607F166
:10A210000D001BF049FB794B1868036839465B68F1
:10A2200098472046FBF7BEFA60B12246092128462E
:10A23000FDF749F9092011B0BDE8F08F013EC0D209
:10A240003C26D2E720460FF0BFFCF3E75846FBF769
:10A25000BAFB668960B10023042E84F8213101BF66
:10A2600084F8FA3094F8113123F0020384F81131A4
:10A270002046FBF7CCF920602046FBF793FA18B193
:10A2800094F8203184F82A31331F012B3FF676AF42
:10A2900094F82231002B40F0928094F82131002B69
:10A2A0000CBF40234623042E84F8223140F08A80DC
:10A2B000A389052B72D1782384F82231237A504860
:10A2C0000F9321460FF095FC63890E90042B40F00C
:10A2D000E8802046FBF766FA68B1012384F8103164
:10A2E00098F8E52194F81131134394F8FA2043EAE1
:10A2F000420384F8113104F10C03424A42484FF4FE
:10A300008071FFF7C5F800F11803FF2B064639D816
:10A310003E4B6168186894F808A003681B6898476A
:10A3200083462046FBF73EFA94F84E71002851D040
:10A3300099F89630002B4DD187B950460FF0B4FEF6
:10A34000334981461BF0D0FA002800F0AE80314935
:10A3500048461BF0C9FA002800F0A780B8F81C3264
:10A36000202B37D1D4F804804046FBF72CFB88BB68
:10A37000A389462B2ED0033B022B2BD906F12403B5
:10A38000FF2B49D907260E980FF01EFC00232372DD
:10A39000224631462846FDF796F8C0E0012B01D051
:10A3A000062B01D1642387E7D4F804310BB1502385
:10A3B00082E794F8FA30002B80D046237CE7042E05
:10A3C0003FF47CAFA86E03685B69214611B0BDE81D
:10A3D000F04F1847002F68D02226D4E7D40A002077
:10A3E000F0040020201D00200000C8421C1D002099
:10A3F00000A00C479012002013A40208A01E002009
:10A40000581E0020D05F020858450020841E0020FE
:10A410004CA4020853A40208BBF1000F65D0BBF89E
:10A420003C30202B61D14FB104F22D1304F24D12B8
:10A4300013F8011F002978D19342F9D1404BD3F88A
:10A440000090D9F8003020465B690F93FBF7DFF8E6
:10A4500004F10E030C933B4BCDE90A63D4F814319D
:10A460000027CDE908370BF1400E8246BEE80F0009
:10A47000EC46ACE80F009EE80F00ACE80700ACF833
:10A480000030DBF83C30DDF83CC0524641464846DF
:10A49000E04701230C36277284F84E310523A6814C
:10A4A00063810E980FF090FB8CE750460FF0B1FBE4
:10A4B0000028207235DB224B224FD3F80080D8F8D9
:10A4C00000302046D3F83090FBF7A1F8CDE90067C3
:10A4D0000146D4F8142140460023C8473246394685
:10A4E00004F10E0019F0D2FBD8E7AE6FDEB90E9B77
:10A4F000C5E91E38144B1B68C5F88030204626720B
:10A500000FF062FB0122CDE9006210480F9BD0F8EA
:10A510005007E96F05F0E1F92846FEF7B5FC304633
:10A5200089E606262FE727262DE720220BF13E019C
:10A5300004F5977019F0D5FA00283FF47FAF4BE788
:10A540008811002058450020E8040020083F002022
:10A5500000F5906310B54FF40072044600211846D0
:10A5600019F0E9FA0822A4F88424012284F8882446
:10A5700003464FF4FF7104F69D00044AFEF788FF7E
:10A5800001462046BDE81040FEF790BD006002087D
:10A590001346064A10B552685A600C46044AE9212F
:10A5A00004F11000FEF774FFE08110BDD40A002012
:10A5B000C07C02081FB50C461146064A0294CDE93C
:10A5C00000200022039268461A4606F093FF04B06A
:10A5D00010BD00BF21E300082DE9F04F8A4B1B7C22
:10A5E000032BD3B0044604D06389042B14D100207C
:10A5F0000FE0864D2168286803681B68984738B1CA
:10A600002868216803681B6898470379002BEBD101
:10A61000012053B0BDE8F08FA689B6F5807F00F227
:10A62000F080277A002F4BD0DFF8E481DFF8E49147
:10A63000002508F5CA6A98F85437EFB2BB42E7D94B
:10A6400009EB4703B3F90220237A9A4240F0D780FE
:10A6500038460FF0DEFA324604F10E016E4819F06A
:10A6600015FB6E4B18680368CDE9006AD3F834B067
:10A67000D4F8142121680023D8474FF484720021B4
:10A6800010A819F058FA664A634810AB3146FFF734
:10A6900091FF002800F0B380BDF84030002B00F09F
:10A6A000AE80604A92F89610002940F08C80616874
:10A6B0005268914240F08780012B40F08480A7E7E8
:10A6C000584B60685B689842AED10028ACD0FBF76D
:10A6D0007AF90028A8D1DFF834812168D8F8000081
:10A6E00003681B68984700289ED0D8F800002168AE
:10A6F00003681B689847838F002B95D0D8F800001B
:10A70000616803681B689847838F002B8CD00C2EE0
:10A710008AD9424BD8F80000D3F800A0DAF800300C
:10A7200025469B6955F80EBB0F93036859461B6875
:10A730009847394B0A96CDE90B53D4F814314FF0B2
:10A740000009CDE9083900F1440C8646BCE80F0049
:10A750006D460FC59CE8070003C52A80DEE90F237C
:10A760000F9D59465046A84700283FF45DAF4FF46F
:10A770008472494610A819F0DEF9294A264810AB20
:10A78000A6F10C01FFF716FF00283FF441AFBDF81A
:10A790004030002B3FF43CAFD8F800002168012383
:10A7A00084F84E3103681B68984704F5977200F1EE
:10A7B0003E035E3053F8041B42F8041B8342F9D178
:10A7C0002023A4F82C314FF4847210A904F10C005A
:10A7D00019F05CFA0423638194F810312772002B7E
:10A7E0003FF405AF94F8113194F8FA2003F0020316
:10A7F000134314BF0123002384F8FA30F7E6013530
:10A8000019E7022005E700BFF0040020841E0020A5
:10A81000083F0020701E00205845002088110020AD
:10A82000D05F0208D40A002030B54B89042BE9B070
:10A8300005460C4619D18A89838A9A4215D14FF46C
:10A84000D0720021684619F076F9AA69E1896B4651
:10A8500004F11000FFF7AEFE48B16A462B682146AE
:10A860009B6A2846984769B030BD0022F6E7012070
:10A87000F9E730B50D46E9B004464FF4D072002137
:10A88000684619F058F9A269E9896B4605F110008C
:10A89000FFF790FE28B123686A46DB6A2946204606
:10A8A000984769B030BD10B44C89042C05D18C890F
:10A8B000838A9C4201D110BCDBE710BC704730B5E5
:10A8C0004B89042B95B005460C4618D18A89838A9A
:10A8D0009A4214D150220021684619F02CF9AA6935
:10A8E000E1896B4604F11000FFF764FE48B16A4647
:10A8F0002B6821469B6A2846984715B030BD002238
:10A90000F6E70120F9E730B54B89042B95B00546F1
:10A910000C4616D18A89838A9A4212D1502200218C
:10A92000684619F008F9AA69E1896B4604F110003C
:10A93000FFF740FE28B12B686A46DB6A21462846AD
:10A94000984715B030BD30B54B89042BABB00546E8
:10A950000C4618D18A89838A9A4214D1A8220021F0
:10A96000684619F0E8F8AA69E1896B4604F110001D
:10A97000FFF720FE48B16A462B6821469B6A2846AD
:10A9800098472BB030BD0022F6E70120F9E730B53B
:10A990004B89042BABB005460C4616D18A89838AB5
:10A9A0009A4212D1A8220021684619F0C4F8AA6977
:10A9B000E1896B4604F11000FFF7FCFD28B12B681C
:10A9C0006A46DB6A2146284698472BB030BD30B531
:10A9D0004B89042BADB005460C4618D18A89838A71
:10A9E0009A4214D1B0220021684619F0A4F8AA694D
:10A9F000E1896B4604F11000FFF7DCFD48B16A46BF
:10AA00002B6821469B6A284698472DB030BD00220E
:10AA1000F6E70120F9E730B54B89042BADB00546C8
:10AA20000C4616D18A89838A9A4212D1B02200211B
:10AA3000684619F080F8AA69E1896B4604F11000B4
:10AA4000FFF7B8FD28B12B686A46DB6A2146284625
:10AA500098472DB030BD2DE9F84316460D46814686
:10AA600012F04EFD06EB46088044044608F1020051
:10AA70001AF0AAF82246494607461AF080FFDFF886
:10AA800030903C442E4415F8013B20464A460421B0
:10AA90001AF052FEB54204F10304F4D107EB0800AA
:10AAA000044919F0EBF83846BDE8F8431AF094B8B9
:10AAB00058A40208E9AB0208F8B5836B04460D46BA
:10AAC00043B1154A963312684FF47A71B2FBF1F232
:10AAD0009A4210D904F12C0604F1340718F0AAFAAE
:10AAE00006F8010FB742F9D10B4B4FF47A721B688D
:10AAF000B3FBF2F3A363D4F82D30C5F89231D4F848
:10AB00003130C5F896310822A5F8902105F5C971B4
:10AB10000248BDE8F8409EE7E80400205EA4020871
:10AB20000EB483B003AB53F8042B019303EB820202
:10AB300053F8041B814205D09A42F9D1002003B09A
:10AB400003B070470120FAE72DE9F047DFF854829F
:10AB5000A4B0044609200D4616460FF0DDF8D8F8DB
:10AB60000030C4F8803604F51B734FF4FE720021E8
:10AB7000184618F0E0FF8C4A034631462846FFF796
:10AB800019FD0546002800F0B180B4F86C32013B95
:10AB9000062B00F2AB80DFE813F00700A9001701D5
:10ABA00064016901A9007601D4F8846304F51C7975
:10ABB00066B104F12C02002352F8041F8E4200F00B
:10ABC000958000295BD10C3344F82360B4F87C32C3
:10ABD000764E462B5FD0B4F87C72462F09D1D4F85C
:10ABE0007402FAF7F0FE20B194F89033002B40F095
:10ABF00082800B234322CDE900323846082303220A
:10AC00000421FFF78DFF04F51F7A04F114070028D3
:10AC100075D1B4F87C32012B40F08680514638461D
:10AC2000FCF749F90368002B7ED051463846FCF703
:10AC300042F9D8F8003002689B1AB3F5FA6F73D264
:10AC40005B4B21A81968FEF7D9F9D4F88433306832
:10AC5000002221A910F0FAFE564B1868002845D0B2
:10AC600000230268CDE9013394F878320093156B24
:10AC7000D4F88433D4F870222621A84736E0013373
:10AC8000142B99D14C2204F1340104F1300018F056
:10AC900038FFE6679AE704F51F7A04F11407514676
:10ACA0003846FCF708F90368002B94D05146384623
:10ACB000FCF701F9D8F8003002689B1A47F22F52CE
:10ACC000934288D823685D693B4BD4F884231E21C6
:10ACD0002046A847364B21A81968FEF78FF9D4F80B
:10ACE00084333068002221A910F0B0FE00252846E8
:10ACF00024B0BDE8F08723685D69304BE5E7514635
:10AD00003846FCF7D8F80368002B82D05146384605
:10AD1000FCF7D1F8D8F8003002689B1A42F20F72A3
:10AD200093423FF676AFD5E7B4F87C32462B07D195
:10AD3000D4F87402FAF747FE10B9012384F891336E
:10AD400051463846D8F80080FCF7B5F80023C0F823
:10AD50000080C4F87032C4F8C033D4F87432366856
:10AD6000013307D0D4F8C43323B9154B1B6E0BB194
:10AD7000C4F8C433D4F884331BB9FEF75CF8C4F8C4
:10AD8000840300210220FAF7A9F84946C4F8880391
:10AD90000C480EF02EFF0023014602223046FBF73E
:10ADA000DDFBA4E7E8040020D87C0208A01E0020F8
:10ADB000A41E0020A83E002070A40208A2A402083D
:10ADC000F0040020581E0020D4F87032C4F8683413
:10ADD000237C7BB9236801219B69204698472C4B33
:10ADE0001968204601F58471FBF7EEFF29492046DA
:10ADF000FBF7EAFF236820465B6A9847D4F868347B
:10AE0000254A2649934214BF0223032323740A22AE
:10AE10001EA8FBF7EDFB1E99D4F87024C4F870143B
:10AE20001F99C4F874142099D4F87834C4F87814AD
:10AE3000002521A8239321921E95209511F0ACF8AE
:10AE40001EA811F0A9F84FF49272294604F58E70ED
:10AE500018F071FE04F51070FBF76BFFC4F86C542A
:10AE600044E723682046DB6898473FE704F52071F4
:10AE70007822684604F51C7418F008FF94E80F0067
:10AE800011F0EEF832E7064B012283F828262DE771
:10AE9000A01E0020F04200202D0F0100DBA40208BC
:10AEA000083F00202DE9F04FDFF8D4914B6815469C
:10AEB000D9F80420934285B007460C4640F0CE8076
:10AEC000DFF8C081D8F8BC29002A4ED191F8216161
:10AED000002E00F09F804B89042B5ED10846FAF7C4
:10AEE00061FC0646C8B9A089072301220221FFF7A9
:10AEF00017FE90B12046FAF78AFB237A0393824625
:10AF000020460EF03DFE0122D4F814B10192039BBD
:10AF100000905A465146304625E0D4F804317BB9BA
:10AF2000D4F8086166B92046FAF771FB237AD4F8A1
:10AF300014B10393824620460EF022FE0196E6E706
:10AF40004FF0FF312046FAF783FF10B1D4F85031AB
:10AF50005BB12046FAF75BFB01460020CDE900001B
:10AF6000237AD4F814210EF09AFD6389042B63D15F
:10AF700085B12B79232B0DD1B9F89830202B09D12D
:10AF800001230022CDE90032237A2168D8F8500746
:10AF900004F0A3FCD4F8046152E08B68DFF8E8A069
:10AFA00023F47F43B3F5A02F21D1384E09683068D0
:10AFB00003681B68984790B92046FAF728FB0646B5
:10AFC00020460EF0DDFDD4F814B19AF800A000235D
:10AFD000CDE900035A46534631462320C3E7306883
:10AFE000216803681B689847838F002BE4D02046B4
:10AFF000FAF70DFB064620460EF0C2FDD4F814B158
:10B000009AF800A00023CDE900035A465346314682
:10B010000620A8E7D1F850219A42A6D191F8203114
:10B02000002BA2D00846FAF7F2FACDE900660146F5
:10B03000237AD4F814216EE7D4F80461002DA9D145
:10B0400066B12046FAF7AEFB18B194F85C31052BD7
:10B0500004D0616832463846FAF778FC6068FAF73F
:10B06000B2FC2A46214628B1384605B0BDE8F04F6B
:10B07000FAF7DEBC384605B0BDE8F04FFAF778BF06
:10B08000D40A0020083F0020701E0020841E0020EB
:10B090002DE9F04F91B00C460546002102200E929A
:10B0A000F9F71CFF2146C4F81801A2480EF0A1FDD3
:10B0B00068672046FFF790FA02280DD1D4F81421D2
:10B0C00021682846FDF7A7FF686F0EF07DFD00237D
:10B0D0006B6711B0BDE8F08F638900284AD1042B5B
:10B0E00048D1A389944E472B14D1944B93F8222234
:10B0F00012B193F824326BB9D4F814212168284690
:10B10000FDF789FF337C052BDED16389042BDBD16E
:10B11000012703E0337C052B2CD100274623232273
:10B12000CDE9093241210823CDE907310C200B2359
:10B13000CDE9053006264323CDE903364FF0050C53
:10B140000423CDE9013C03230093A08907230122B6
:10B150000D21FFF7E5FC064650B9D4F8142121680B
:10B160002846FDF758FF686F0EF02EFD6E67B0E7BA
:10B17000002FA9D1714E6768B4F80A900023C6F871
:10B18000BC396F4B38465B680C93FAF71CFC804661
:10B1900028B90C9BDB1BD3F1000848EB0308D6F859
:10B1A000C039D3F800A00027D6F8C0395B685345F2
:10B1B0007CD0B9F1040F5AF804BBC6F8C44902D0D8
:10B1C0009BF80A20CAB19BF8082012B9B8F1000F09
:10B1D00013D0DBF800202146D2685846904760B172
:10B1E0000E9B13B99BF809203AB1B9F1040FDBF8B3
:10B1F0000C1006D019B322680AB30023C6F8C4396C
:10B20000D2E70D91D9B12268CAB1207A0EF086FB3F
:10B2100020B10D992A301AF067FB80B194F8FA201A
:10B22000002AEAD06068FAF7CEFB0028E5D1224672
:10B2300021215846FAF795FAC6F8BC09DDE7DBF894
:10B2400000202146126958469047DBF800200D90F7
:10B250005269214658469047B9F1040F1AD194F823
:10B26000FA20BAB1364A61685268914212D1D6F8D2
:10B27000BC297AB9DBF800205846926990470F90B4
:10B2800028B12146FAF74EFA0F9AC6F8BC290FB931
:10B290009BF80B70DBF8101029B12648FBF766FD10
:10B2A0000023CBF810300D9B012BA6D1B9F1040F70
:10B2B00007D194F8FA3023B1214B62685B689A4257
:10B2C0002AD0686F0EF080FCAB6F00266E67002BF3
:10B2D0003FF4FFAEEB6F216899427FF4FAAE6389C9
:10B2E000042B7FF4F6AEA389042B7FF4F2AE154B4A
:10B2F000186803681B68984700283FF4EAAE838FFC
:10B30000202B7FF4E6AEA96F01222846C5E91E6610
:10B3100011B0BDE8F04F97E0D6F8BC19B1B10A48BA
:10B3200000231A460068FBF719F90023C6F8BC3958
:10B33000C7E700BF581E0020F0040020083F00208F
:10B34000D40A0020841E0020A01E002023680C9A2E
:10B350009A42B6D0002FB4D10D4BD3F80080D8F864
:10B3600000302046D3F83090FAF751F906462046CF
:10B370000EF006FCD4F814A194F808B0CDF800B093
:10B38000CDE901075346324608214046C84798E7B1
:10B39000A83E0020F8B5284E284F054605F1380094
:10B3A0000DF068FB044698B9AA6F72B1244B186877
:10B3B000D5F8803047F22F51C61A8E4237D9C5E9E9
:10B3C0001E4427212846FCF77EF86FF00040F8BDA8
:10B3D0002168B6F8D4C11B4A002398B284451CD812
:10B3E000386803681B68984710B190F8B130D3B93A
:10B3F0002368013317D096F8E43113B194F829315A
:10B400008BB92B682146DB6A2846984758B9012238
:10B4100021462846FFF73CFE05E052F8040F814222
:10B4200003F10103D9D120460EF0CEFBB6E7C0F5FB
:10B43000EA4030301844CAE7F0040020841E00209F
:10B44000E8040020C40600202DE9F04116463B4ADE
:10B450004B685268934205460C4605D103681B6A47
:10B4600098470020BDE8F081826E2AB90A4604217F
:10B47000FCF729F82120F5E71846FAF7A4FA20B1DD
:10B48000324621462846FFF703FE237A67688BB9C8
:10B4900094F84E3173B93846FAF795FA002849D135
:10B4A000274B1868036839461B68984710B190F815
:10B4B000AC302372022E14D194F821318BB194F860
:10B4C000203173B91F4BD3F8BC3113F0FF0202BF18
:10B4D000B3FA83F35B099A01402A28BF402284F81B
:10B4E00020216068FAF76FFAE8B91649D1F8D0213F
:10B4F00012F0FF0302D1002A08BF0323402B94F867
:10B50000202128BF40239A420DD8D1F8BC3113F036
:10B51000FF0202BFB3FA83F35B099A01402A28BFF6
:10B52000402284F820212B68214628465B6ABDE82A
:10B53000F0411847022EF6D1BEE700BFD40A002022
:10B54000841E0020F004002010B504460EF0BCFA62
:10B55000A38A838110BD70B50E460546FFF7F4FF40
:10B56000AA6904463346E9211030FDF791FFE081D6
:10B57000204670BD2DE9F04F4B89042BADF66C1DB4
:10B5800005460E46144616D10846FAF70BF907464B
:10B59000307A0EF0C3F9804620460DF04FFAD6F807
:10B5A0000090002840F0C680B9F1000F09D1854B0A
:10B5B00093F8A632ABB1002738460DF66C1DBDE8F6
:10B5C000F08F814908F12A001AF08EF900287FD106
:10B5D0007C4B93F8A932002B73D02388012B40F0C9
:10B5E000B180238887F00107013BFFB2652B01F290
:10B5F0005481DFE813F0D7025209F90052095B01C8
:10B600005209000239065209520952091D05520910
:10B6100052095209060652099804520952091901A1
:10B62000470852096308B70807090D09520952096A
:10B6300052095209F40284048903A40352095209ED
:10B640009E0685079307D7070A081308E0045209E6
:10B65000F105A207BA07C707520952095209520950
:10B660005209520952095209520952095209520902
:10B6700052095209FB050006F70652091209520940
:10B6800052095209520952095209520952095209E2
:10B6900052095209520952095209520952095209D2
:10B6A00052095209520952095209520952095209C2
:10B6B0006E0552095209FB040E05630589055209FE
:10B6C0000905324621212846FAF74BF8286172E72E
:10B6D00096F84E31002BF4D0DFF8E880B8F840221D
:10B6E000202A06D108F2422106F5977018F0F9F9E0
:10B6F00098B1B8F86222202A05D1344906F597702E
:10B7000018F0EFF948B1B8F88422202A17D130494F
:10B7100006F5977018F0E5F988B92E4B186803689C
:10B7200049461B68984728B190F8B03013B90123F7
:10B7300080F8B0303368002B7FF44FAF51E73246CA
:10B740002521C0E70C2B06D8022B0ED9033B9BB258
:10B7500040F2952204E00E3B9BB21E2B05D81E4AF8
:10B7600022FA03F3D8073FF53CAF20460DF066F907
:10B7700000287FF436AF04F5C978184808224146FE
:10B7800005F12D09FFF767F9082249461448FFF72C
:10B7900062F9AA6B134B02F596721B684FF47A712B
:10B7A000B3FBF1F39A420AD9B4F89021082A06D1E2
:10B7B0004946404618F095F900283FF412AF32464A
:10B7C000242180E7F0040020DDA4020854070020B3
:10B7D00076070020841E002025000040E3A4020814
:10B7E000FAA40208E804002096F8FA30E3B14FF416
:10B7F000D072002138A818F09EF9B3496A223AA8FD
:10B8000018F044FA042338A92846ADF8E030FFF7D1
:10B8100053F938A92846FFF79EFE96F84E31286165
:10B8200013B1012380F84E3100270DF118090021D2
:10B830000DF1E008AA46C9F800104FF4D072404656
:10B8400018F079F9CDE91D485AF8204FCDF87C90D1
:10B85000544507D0A06803681DA99B689847002835
:10B8600001F05080D9F80030022B08D1414628461B
:10B87000FFF722F941462846FFF76DFE286196F84A
:10B88000FA3033B1296921B932462846F9F769FF00
:10B89000286196F84E31002B3FF48EAE2B69002BB9
:10B8A0003FF48AAE012283F84E2185E64FF4D07230
:10B8B000002138A8277A18F03EF996F8FA30002BC4
:10B8C000B2D00A2F20D8DFE807F0060F2132484F08
:10B8D000636D7377790001237C49ADF8E83060220D
:10B8E0003CA818F0D3F90FE0DFF8E4C10223ADF86B
:10B8F000E830BCE80F003CAF0FC7BCE80F000FC733
:10B900009CE8070087E8070006237CE7DFF8C4C14E
:10B910000323ADF8E830BCE80F003CAF0FC7BCE82C
:10B920000F000FC79CE8030087E80300ECE76A49B3
:10B930000423C4223CA8ADF8E83018F0A7F9674901
:10B940000DF5897011F080FD0028DDD16449412298
:10B950000DF589701AF013F8D6E70523DFF884C1D6
:10B96000ADF8E8303CAFDAE7DFF87CC10623ADF88C
:10B97000E830BCE80F003CAF0FC7BCE80F000FC7B2
:10B98000BCE80F000FC79CE80F0087E80F00BBE77B
:10B99000564A92E803000723ADF8E8303CAB83E851
:10B9A0000300B1E708235249ADF8E830B02297E729
:10B9B0000923ADF8E830A7E70A23FAE7DFF834C136
:10B9C0000B23ADF8E830BCE80F003CAF0FC7BCE874
:10B9D0000F000FC79CE80F0087E80F0096F84E7124
:10B9E000002F91D1202239460DF1F20018F0A3F872
:10B9F000ADF8F07088E74FF4D072002138A8277AAC
:10BA000018F099F896F8FA30002B3FF40DAF0E2F8E
:10BA10003AD8DFE807F008111F2D3B444E7F8F9581
:10BA2000A29BAEB7BD0001233349ADF8E830D42264
:10BA30003BA818F02BF927E00223DFF8C0C0ADF8CF
:10BA4000E8303BAFBCE80F000FC79CE8030087E875
:10BA5000030019E00323DFF8A8C0ADF8E8303BAFDE
:10BA6000BCE80F000FC79CE8070087E807000BE061
:10BA70000423DFF890C0ADF8E8303BAFBCE80F001E
:10BA80000FC7DCF800303B600823BCE605231E4AE4
:10BA9000ADF8E8303BAB07CA83E80700F4E70623BC
:10BAA000DFF868C0ADF8E8303BAFBCE80F000FC767
:10BAB000E4E7DFF85CC00723ADF8E830BCE80F002E
:10BAC0003BAF0FC7BEE700BF260B0020F4040020E9
:10BAD0005805002088050020B405002011A50208A3
:10BAE000D60500207C06002098060020DC060020F9
:10BAF000EA0600209C070020483F0020204000204C
:10BB00003C4000205C400020744000208440002025
:10BB1000AC4000200823ADF8E830BD4BD3F8D1018C
:10BB2000B3F8D52193F8D7313B90ADF8F0208DF8DC
:10BB3000F230A9E70923B749ADF8E830482277E7A2
:10BB40000A23ADF8E830B44A3BABA4E70C23DFF896
:10BB5000CCC2ADF8E8303BAFA7E70B23ADF8E83037
:10BB6000AB4BD3F8310293F835323B908DF8F0307F
:10BB70008AE70D23ADF8E830A94B0FCB3BAF87E840
:10BB80000F0081E70E23A749ADF8E83050224FE7B8
:10BB9000DFF894C20F23ADF8E830BCE80F003BAFEC
:10BBA0000FC75DE7A768013F072F03D93246202161
:10BBB00000F0D2BD96F8FA30002B3FF435AE4FF4CA
:10BBC000D072002138A817F0B6FFF8B20DF0A6FE2B
:10BBD0004C2201463AA818F059F8022313E694F8CB
:10BBE0001880B8F1000F0DD004F1170717F8010FF6
:10BBF0000028DBD019F050FE0028F7D194F840302F
:10BC00001BB910E094F84070CFB104F13F0919F866
:10BC1000010F0028CAD019F03FFE07460028F6D1D0
:10BC2000B8F1000F0BD004F1180841467F4811F01D
:10BC30000BFC2822074641467C4819F0A0FE94F8E8
:10BC400040305BB104F140084146794811F0FCFBFB
:10BC5000052207434146764819F091FEDFF8D4816A
:10BC6000754AD8F80430102108F1520019F064FD2B
:10BC700094F84C3098F896209A422BD088F8963059
:10BC80000DF078FE70B998F8BA2094F870309A42A6
:10BC900031D19AB194F8712098F8BB309A420DD006
:10BCA00001232AE065492846FBF7E5FD98F8BA200C
:10BCB00094F8703093421ED1002BEBD195F82C00F4
:10BCC00080F001000CF01AFF012214212846FBF736
:10BCD0006DFDA9E598F8BA2094F870309A420AD11F
:10BCE0002AB198F8BB2094F871309A42D8D1002F2D
:10BCF0003FF49AADE2E7002AD2D188F8BA3094F83E
:10BD0000713088F8BB30D9E72389062B06D03A4634
:10BD100004F108012846FCF713FC85E594F820306F
:10BD20000D2BF4D13A4BD3F8F80200283FF43EAF84
:10BD30000368DB68984700283FF438AFE7E795F8D9
:10BD40002C302BB90223208901221946FEF7E8FE88
:10BD50002389013B0C2B3CD801A252F823F000BFF1
:10BD6000ADBB000895BD0008B5BD0008D9BD0008F1
:10BD7000F7BD000841BE000859BE000871BE0008AA
:10BD80008DBE0008A5BE0008D1BE0008C3BE0008D5
:10BD9000E7BE00081E4F012387F8143104F10C0C94
:10BDA00007F58C77BCE80F000FC79CE8030087E815
:10BDB00003000EE0164F012387F8303104F10C0C1C
:10BDC000BCE80F0007F59A770FC79CE8070087E8E3
:10BDD00007000122022179E70D4F012387F8503136
:10BDE00004F10C0C07F5AA77BCE80F000FC7DCF8CC
:10BDF00000303B60EDE7064B012283F8682103F534
:10BE0000B67304F10C0207CA83E80700E1E700BF3C
:10BE1000083F0020E24000202C410020404100204B
:10BE20006841002079410020CC410020360B0020E1
:10BE30005E0B0020D40A002055A0020818A50208B5
:10BE4000A54F012387F8783107F5BE7704F10C0C74
:10BE5000BCE80F000FC7C7E79F4F012387F8A03149
:10BE600004F10C0CBCE80F0007F5D2770FC799E777
:10BE7000994B012283F8D021E068C3F8D101218ACF
:10BE8000A27C83F8D721A3F8D511A2E79248012319
:10BE900080F8D831482204F10C0100F5ED7017F05C
:10BEA000F5FE96E78C4B012283F82222D3F8282254
:10BEB000B2F5615F3CBF45F26042C3F82822874B70
:10BEC0009FE7854F012387F8363207F50E77BDE7E8
:10BED000814B012283F83022E068C3F83102227CD2
:10BEE00083F8352275E77C4F012387F85C3204F133
:10BEF0000C030FCB07F5187787E80F0069E7237A63
:10BF0000072B3FF653AE04F108000DF015FD0DF0C0
:10BF100031FD18B172492846FBF7ADFC0EF028F947
:10BF200000220821D2E6237A04F1080904F1180856
:10BF30004BB1E71D17F8010F00283FF475AC19F05D
:10BF4000ABFC0028F6D1237E53B104F1170717F894
:10BF5000010F00283FF468AC19F09EFC0028F6D1D0
:10BF6000282249465F4819F00AFD05225E484146ED
:10BF700019F005FD5D4B012283F896205C4B83F898
:10BF8000C421226983F8C1216269C3F8C8214FF432
:10BF900016725A6102221A740DF0ECFC18B1504965
:10BFA0002846FBF768FC0EF0E3F800200CF0A6FD35
:10BFB00001221D218AE64FF4D072002138A817F023
:10BFC000BAFD2D234B49ADF8E0308C223AA817F08A
:10BFD0005DFE38A92846FFF7BEFA96F84E31286173
:10BFE00013B1012380F84E3101271EE4A268002A14
:10BFF000A1BF414B1B684FF47A7101FB0233B8BFFC
:10C000000023354A93630FE43B4B1B6803F57A73B7
:10C01000F7E7A268002AA1BF374B1B684FF47A717B
:10C0200001FB0233354AB8BF00231360FFF7FCBBA6
:10C030004FF4D072002138A817F07DFD304912224C
:10C040001DA819F09CFC18210023CDE92213284BD0
:10C050001A799B6F259348238DF898301E4B8DF8E5
:10C06000902093F8DA318DF899304FF001084FF4B1
:10C07000575327938DF89A801DAF0FCF0DF1E80C21
:10C08000ACE80F000FCFACE80F0097E807000D23D6
:10C090008CE8070038A92846ADF8E030FEF70CFD23
:10C0A00038A92846FFF757FA96F84E312861002B39
:10C0B0003FF4BAAB80F84E81FFF7B6BB0021114BBD
:10C0C0001868F9F7A5FE0C4B1B6803F5DA53183313
:10C0D00097E70121F3E700BF083F00202C41002033
:10C0E00018A50208360B00205E0B0020D40A0020A1
:10C0F000F004002070000020E8040020EC04002080
:10C10000499F0208841E0020AB4BAC4A1F6892F87E
:10C110006D301279022A4FF001082FD153B3A7F8DE
:10C120001C80DFF89C824FF000097868D0E900237A
:10C130009B1A9B1008FB03F399453AD3A14B0022AD
:10C1400083F8202283F88A230FF0AEF90FF0CCF9A0
:10C150009D4AD2F8C8393BB192F8241221B1D3E9F3
:10C160001B10814218BF1967984B1B6803F5DA53FF
:10C17000183347E73846F9F7A7FDD0E794F8089059
:10C1800013B93846F9F7A0FDA7F81C80B9F1000FE4
:10C19000C7D18F4B5F68D3F808804946BC37BC22B3
:10C1A00038A817F0C8FC38AA41463846FBF77EFE8F
:10C1B000C4E74946F9F753FFB9F1000F08D090F8EA
:10C1C000B01029B9BC2217F0B6FC09F10109ACE79F
:10C1D000BB8B0133BB83F8E7012300937D4A7E4884
:10C1E00004F10803CC210DF0C3FDFDE6012385F821
:10C1F0002C30FFF719BB002385F82C3001221F21BA
:10C2000064E54FF4D072002138A817F094FC642242
:10C2100000211DA817F08FFC704B714A1B689A1AF9
:10C22000534253414FF4E13234921DA96422012755
:10C230003AA88DF8D4308DF8CC7017F027FD112373
:10C2400038A92846ADF8E030FEF736FC38A9284674
:10C25000FFF781F996F84E312861002B3FF4E4AAEC
:10C2600080F84E71FFF7E0BA002F3FF4DDAA238972
:10C27000082B7FF4D9AA237B002B3FF4D5AAE389AE
:10C28000002B3FF4D1AADFF83CA1BAF8EC340393B9
:10C2900000224FF0180B039B9A42BFF6C5AA0BFB76
:10C2A00002A3D3F8F014002940D093F8F434002B03
:10C2B0003CD0002734E007EB071EA6440EF1100C1B
:10C2C0000DF1E0080EF1200EDCF80000DCF804109F
:10C2D000C146A9E803000CF1080CF445C846F3D1A7
:10C2E0009CF8001089F8001003998B4216DA0BFBBA
:10C2F00003A33168C3F8F0140DF1E00E03F2F54327
:10C30000F446BCE8030059603CA98C451860E64639
:10C3100003F10803F4D19CF8001019700137FFB243
:10C32000E189BB188F42DBB2C5DB1A460132D2B2BB
:10C33000B1E7214B0027D3F80090A3680393BA46D6
:10C34000BB46B9F81C309F4217DB2149A3EB0A0317
:10C350004F689BB2BC2202FB03770021A9F81C3076
:10C3600038A817F0E8FB38AA07F1BC013846FBF7FC
:10C370009DFD0FF099F8FFF757BAD9F80420059200
:10C3800010463946F9F76BFE039A03689A428046D5
:10C390000FD0059A0BF10103594610460493F9F7A3
:10C3A0005EFEBC22414617F071FC049B9B460137A0
:10C3B000C7E70AF1010AFAE7841E0020F004002012
:10C3C000CF467D67D40A0020083F0020E804002003
:10C3D000881E0020B070020869A502083C1D0020DC
:10C3E000401E0020AA4B742204F1080138A8D3F89B
:10C3F000008017F04BFCDDF8E0A040465146F9F70D
:10C4000031FF074600283FF40FAA9DF8E430002BC7
:10C410003FF40AAAD0F8B89019F0010F11D09DF896
:10C42000513173B9838FBDF82C219A427FF4FCA956
:10C4300000F13E010DF5977017F053FB00287FF4D3
:10C44000F3A9C7F800A04FF0010A6A220DF1E60136
:10C4500087F804A01DA817F019FC282221A90DF1C6
:10C460001E0019F08CFA05222BA90DF1460019F0D7
:10C4700086FADDF8B100BDF8B53006900DF1BC0EBE
:10C48000ADF81C30BEE80F000DF1500CACE80F0009
:10C490009EE80F008CE80F002E9B9DF8B7B0139319
:10C4A0005A22BDF8DC30ADF8703006A9B81D8DF801
:10C4B0004BB017F0EBFB9DF850317BB100214FF4EE
:10C4C0008073A7F8B03087F8801087F86010B987BC
:10C4D000202207F13E0017F02EFB4AE787F8B0A0B4
:10C4E0009DF851311BB149F00103C7F8B8304046FF
:10C4F000C8F80C70F9F758FE40460FF08FFC38E78B
:10C50000634BA168186803681B68984700283FF4CC
:10C510008BA9012380F8B03000220BE05C4BA168AE
:10C52000186803681B68984700283FF47DA900221B
:10C5300080F8B0201021FFF7C9BB554BA1681868DF
:10C5400003681B68984700283FF46EA90027012361
:10C5500080F8B13080F8807080F860708787202282
:10C5600039463E3017F0E7FAD6E7494BA16818681C
:10C5700003681B68984700283FF456A9002280F8FA
:10C58000B120D7E7424BA168186803681B68984739
:10C5900000283FF449A9D0F8B83083F00203C0F86E
:10C5A000B830B9E7DFF8E8803A4AD8F800005168B7
:10C5B00003681B6898474FF0010E80F860E0E76859
:10C5C0006169E26994F824C03A92CDE93871002398
:10C5D0003C93236A8DF8F0C03B9338AF00F1640CB4
:10C5E0000FCFACE80F003B68CCF800306369E2681D
:10C5F00013431CBFD8F8003083F821E0264B0022FB
:10C6000083F86DE01121FFF761BB214B1868F9F742
:10C610005BFB214B002283F86D20F3E7A7681F4BDB
:10C620001F482049D0F800C09F420DD8D1F8CC292E
:10C6300003689B1A43F6972293427FF6F5A8036896
:10C64000C1F8CC39FFF7F0B8174B9F42EED8174A24
:10C650001378022B07D90368D1F8D0091B1A1448A4
:10C660008342FFF4E1A803231370124BC1F8D0C931
:10C67000C3F800C0104B00221F605A600FF023FB6C
:10C68000FFF7D2B804F108000DF089FBFFF7CCB832
:10C69000841E0020D40A0020F00400207F82C0699C
:10C6A000E8040020083F0020808EF0B4381D0020F0
:10C6B000002E93022C1D0020301D0020934B94F877
:10C6C00008801A68924B1B689A62B8F1000F7FF4D9
:10C6D0006DAA40F68802414638A817F02CFA1823B4
:10C6E000414601203893F8F7F9FB01278949399031
:10C6F0004FF438723CA88DF8E87017F0C7FA8649F5
:10C700008DF8D0734FF42E72F5A817F0BFFA834955
:10C710008DF88C764FF41A720DF5D26017F0B6FAD8
:10C720007F498DF8F8786A220DF6FA0017F0AEFA14
:10C730007C4938AA1DA80EF0ADFB7B480EF0DEFD4B
:10C74000784A1D997948009738AB0DF011FB002805
:10C750003FF42CAA324641462846F9F702F82861F0
:10C76000FFF762B894F80880B8F1000F7FF41EAAB2
:10C770006E480DF0C1FA00283FF418AA38AB40F615
:10C7800088024146184617F0D6F9664B009040F6ED
:10C79000880266484FF418610EF03AF900283FF419
:10C7A00005AA634F5B484FF438723CA917F06EFA44
:10C7B0004FF42E72F5A907F13C0017F067FA6A22D0
:10C7C0000DF6FA01564817F061FA4FF41A720DF59A
:10C7D000D26107F2547017F059FA0F200EF01CFFC7
:10C7E00000283FF4E3A9324641462846F8F7B9FF4E
:10C7F000464B28611B6803F5742303F51073BB6374
:10C80000FFF712B8237A002B7FF40EA847483BE7C6
:10C8100011200DF081FAFFF707B8454B94F8088016
:10C82000D3F8D479002F3EF4FFAFB8F1000F11D048
:10C830007B6D002B3EF4F8AF07F1580840460EF030
:10C84000F9FE38220021404617F075F900237B6578
:10C85000FEF7EABF3822414607F1580017F06BF99E
:10C86000C7F854803348F8F77BFC074600283EF4AD
:10C87000DBAF1423037341460220F8F72FFB2E4948
:10C88000B86007F10D0017F0F9F92C4B1868036830
:10C8900039465B689847FEF7C7BFDFF894904FF4BE
:10C8A000D072002138A817F046F9D9F8C039002B0A
:10C8B0003EF4BAAFD3F800800027D9F8C0395B68DE
:10C8C00043450BD1022F7EF4AFAF38A92846FEF7BF
:10C8D000F3F838A92846FEF73EFE40E758F8040B67
:10C8E00003682246D3F824A0314638ABD04702284B
:10C8F00004D0022F04D0012818BF38460746DCE7D1
:10C900003846FBE72468FEF7A3BF00BFE804002019
:10C91000841E0020F0040020443F00205C460020DC
:10C92000260B0020F07C02087FA5020888A50208DB
:10C93000083F0020901200209EA50208A01E0020A3
:10C94000F8B5064628200C4618F03EF92346144A4E
:10C950001449054618F0A8FF3046FEF7F5FD0027FC
:10C96000044680F82171284610F0CAFD294682B29B
:10C97000E08104F1100017F089F90B4B1B68B364D8
:10C9800038460DF055FC034628B9024607482146B3
:10C990000068F9F7E3FD2846BDE8F84018F01CB937
:10C9A0004D410020BCA50208E8040020A01E002084
:10C9B000A0F1180011F0DCBA70B50E460546FEF77E
:10C9C000C3FDAA6904463346E9211030FCF760FD37
:10C9D000E081204670BD2DE9F0411546BCB004460B
:10C9E0000E46FAF79CFD2B88432B40F03A813768BE
:10C9F000002F40F036812B7A002B39D194F8343057
:10CA00001BB101203CB0BDE8F0812046EF68FAF789
:10CA100086FD94F83460002EF3D116F00BFB4FEA3C
:10CA2000E0780546C4E908083046F8F743FA502292
:10CA3000C4E90A078C491EA817F028F91EA9204648
:10CA4000CDE91E58FFF7B8FF0125642380F8223195
:10CA500001464760067280F84E5180F8FA508348CC
:10CA60002B4600683246F9F779FD84F83450C8E760
:10CA7000012B40F0D8802B7E002BC2D094F83430AC
:10CA8000022BBED1D5E90402D4E908139A4208BFAB
:10CA90008842B6D1EB69764EDFF8D88100931EA8A4
:10CAA000754B1E9306F058FF3568D8F804301C22E9
:10CAB000394603A8CDE9013717F03DF82B68E16A44
:10CAC0001B6828469847054620B1037913B1838F28
:10CAD000202B06D0002384F834301EA80BF068F910
:10CAE0008FE71EA806F038FF04F1200704226946EC
:10CAF0001EA807F08EFA394608221EA807F089FA08
:10CB000004220DEB02011EA807F083FA042204F1AF
:10CB10002C011EA807F07DFAB8F8982057491EA8E6
:10CB200007F077FAAA8F05F13E011EA804F135053A
:10CB300007F06FFA202229461EA807F09CFA1EA8CB
:10CB400006F00AFF394608221EA807F062FA2022E2
:10CB500029461EA807F05DFA04F15507202202A914
:10CB60001EA807F088FA2022394602A816F0B9FF5D
:10CB70000028B2D1009B236350223B490AA817F03A
:10CB800085F8D4E90823CDE90A232023ADF8303015
:10CB90000DF1320355F8042B43F8042BBD42F9D1B3
:10CBA0000AA92046FFF708FFDFF8C080E36A436068
:10CBB0000127002264230146027280F84E7180F83A
:10CBC000FA7080F82231D8F800003B46F9F7C6FC2D
:10CBD000032384F834302A48F8F7C2FA1E230546A6
:10CBE000037304F1750227490D3018F05DFE0D2323
:10CBF000A5F89E31D4E90823C5E968233068E16AC5
:10CC000003681B689847282200F10C0105F5D470D1
:10CC100018F0B5FED8F8000085F8D07103682946F1
:10CC20005B68984759E7022B18D1D5E90402D4E98B
:10CC300008139A4208BF88427FF4E3AE0C4BE16AC6
:10CC4000186803681B689847D0F8B83043F00103B0
:10CC5000C0F8B8302046FAF74DF8D2E6032BF9D0E9
:10CC6000CFE60020CEE600BF207D0208A01E0020F7
:10CC7000841E0020D40A00201C5E02086E0B0020D7
:10CC800090120020D5A502082DE9F0416B4D6C4BA8
:10CC9000ADF5207D04462AA82A9306F05DFE6B6858
:10CCA00001932046FAF73BFC94F83470002F40F0D3
:10CCB000C180DFF89081D8F8C41991F84E31002B6B
:10CCC00000F0BA80052384F834304FF4B07248A8DD
:10CCD00016F0DCFFBDF82E115B4A16AB4CA8FDF731
:10CCE00069FCDDE91623C4E90823CDE90223489B4A
:10CCF000E3623846F8F7DEF8A06254480BF09FFA7A
:10CD00002646013046F8300F2AA806F025FE3146A7
:10CD1000042204F120062AA807F07BF931460822F4
:10CD20002AA807F076F9042204F12C012AA807F0BA
:10CD300070F904220DEB02012AA807F06AF9D8F86D
:10CD4000C4192AA8B1F82C2101F5977107F061F9EF
:10CD5000B5F8982005F19A012AA804F1350507F0E5
:10CD600058F9294620222AA807F085F92AA806F0B2
:10CD7000F3FD314608222AA807F04BF92946202264
:10CD80002AA807F046F904F15503194620222AA8DB
:10CD90001D4607F070F92023ADF83230ADF8107061
:10CDA0002B4604F175060DAD186859682A4603C272
:10CDB0000833B3421546F7D102A92046FFF7FCFD20
:10CDC000012380F84E3105462148F8F7C9F91E23A2
:10CDD0000373216B4FF47A730646B1FBF3F20D3007
:10CDE00003FB12131B4918F05FFD0B23A6F89E31BD
:10CDF000D4E90823C6E96823174BE16A1868036879
:10CE00001B689847282200F10C0106F5D47018F031
:10CE1000B6FD236BC6F8D031104B18680368314655
:10CE20005B6898472AA80AF0C3FF28460DF5207DC5
:10CE3000BDE8F0810025F5E71D46F3E7D40A0020A0
:10CE40001C5E0208083F0020707D02083E420F0071
:10CE50009012002010A60208841E0020A01E0020B0
:10CE600000207047134B30B40C4611461A19012CA0
:10CE700082F8D919104A156803EB8402C2F8DC590C
:10CE800009D0022C0DD0406E90B193F840312BB9EF
:10CE900081F0010102E093F8440148B130BC0BF08D
:10CEA0001DBB93F8450118B193F84331002BF5D021
:10CEB00030BC7047083F0020E8040020F8B500258A
:10CEC0000B4F04462E46E9B2002220460135FFF7FB
:10CED000C9FF032D47F8046BF5D1002104F11800B8
:10CEE000F7F7DCFF4FF0FF3384F86C60A366F8BD02
:10CEF000E4480020A0F1180011F0E8B808B5836EEE
:10CF0000013303D0FFF7DAFF012008BD0020FCE762
:10CF10002DE9F74F634C94F8346105460F46002E17
:10CF200000F0968090F86D30002B40F0918008461C
:10CF3000F8F738FC002840F08B806FF00E00F9897C
:10CF400007F10F03C01BC218914266D84FF00008CA
:10CF5000554B3968186803681B6898478246387AC9
:10CF600008B9524B1878DFF848910CF0D7FCD7F885
:10CF700004B090F83E3090F8442001935846009257
:10CF8000F8F721FDDDE9002399F85D7000284AD10A
:10CF9000484949688B4546D1BAF1000F4CD194F805
:10CFA0004231002B60D194F84131002B5CD194F8D0
:10CFB0004831002B58D194F84631002B54D194F8C5
:10CFC0004931002B4CD194F84731002B48D194F8CB
:10CFD000483113B994F8463123B10122114628464D
:10CFE000FFF740FF94F8493113B994F8473153B330
:10CFF00099F85D3003F0FD03012B24D0042F03D1F9
:10D0000016B9B8F1000F1ED094F84331DBB90122F4
:10D0100002212846FFF726FF15E013F8012F072A03
:10D0200091D1B04694E71E46002BB8D0B8F1000F5E
:10D0300014D116463AB9B2E7DAF8B8309B07AED544
:10D04000B8F1000F08D1002105F11800F7F726FF0D
:10D05000002003B0BDE8F08F4646A0E700269EE71B
:10D0600007F0FD03012BB2D0134B1A68B4F84A3114
:10D07000A3B14FF47A714B431344AB66012385F897
:10D080006C3094F842311BB994F84131002B9ED09A
:10D09000012200212846FFF7E5FE98E7D4F8383151
:10D0A000EAE700BF083F0020841E0020701E002019
:10D0B000F0040020D40A0020E804002038B50C4613
:10D0C00005460EF0F7FD291D846014F018F9EB6891
:10D0D0000133EB600EF0EEFD2146856014F00FF990
:10D0E000A3680133A36038BD2DE9F047D0E90153AF
:10D0F0009D4207460E4606D00FC985E80F00103541
:10D100007D60BDE8F087D0F800A06FF07843A5EB14
:10D110000A09B3EB291F4FEA291402D1194814F068
:10D12000C4FB554514BF22460122A41825D234B3AE
:10D130009C4228BF1C46200117F046FD804696E819
:10D140000F0008EB090C8CE80F00294642465046B8
:10D150000CF06CFE294600F1100228460CF066FE29
:10D160000546BAF1000F02D0504617F035FD08EB26
:10D170000414C7E90085BC60C3E71C46DBE7A04692
:10D18000DDE700BFF29F020838B505460C4601F105
:10D1900010006968814202D02246F7F752FD6B68A1
:10D1A000103B6B60204638BD2DE9F041DFF89080E0
:10D1B000244AD8F80460244BC1E900661279D3F8F8
:10D1C0002832022A4AF6C00218BF4FF46162002BCF
:10D1D00008BF134605468B6000200C46F7F76AFE31
:10D1E000D8F804802B6F0746EA6E934205D12D6F65
:10D1F000A0899D4216D1BDE8F08153F8082C53F860
:10D20000040CBA1AB2EB400FA3F1100108D953F87D
:10D21000103C984504D005F16C00FFF7B5FF0146BE
:10D220000B46E1E7092809D81968B14206D004EB9A
:10D2300000125F68576101301161A0811033D7E798
:10D24000D40A0020F0040020083F002070B5826F4F
:10D25000124EACB0044652B133689B1A104A934246
:10D2600005D80123C372002528462CB070BDB0221A
:10D270000021684616F05FFC69462046FFF794FFE0
:10D280002046FEF761F96B460546A269E921103098
:10D29000FCF7FEF83368E881A367E5E7E8040020BF
:10D2A0001FBF02002DE9F047ADF56A7D9CAD9DF8EA
:10D2B000C8A34E4E2E600446894698460146002378
:10D2C0009EA817466B600AF0E8FFBAF1000F02D182
:10D2D00020460CF064FD214654A80AF0DEFF4449C4
:10D2E00054A80BF030F854990122A1A80DF077FB57
:10D2F00054A80AF0ADFF3F4B85F834A1002439460D
:10D30000424607A8CDE90735CDE90A4485F83541FD
:10D31000CDF8249004F072FBEB6A0746A3B1A1A8F4
:10D3200003F094F89EA90CA80AF0D8FF30490CA885
:10D330000BF009F80C99224654A80DF050FB5A9BAB
:10D340006BB90CA80AF084FF9EA82E600AF080FF3B
:10D3500038460DF56A7DBDE8F0875C40E4B254A81C
:10D3600003F023F9031EF8DA54A803F06FF895F8D8
:10D370003531A342E5D10CA80AF06AFF9EA96846A0
:10D380000AF0ACFF1A4968460AF0DDFF009CD5F8A8
:10D390000880002221460CA80DF021FB129BBBB196
:10D3A0000122414654A80DF01AFB5A9B83B10CA8E8
:10D3B00000F0AFF800280DDC54A803F03FF854A8A3
:10D3C00003F044F80CA803F041F820460CF0E7FC09
:10D3D0006846B7E703A910220CA803F0D8F803A900
:10D3E000C2B254A803F040FAE1E700BF907D020802
:10D3F00045A60208C76B000800207047B0F872000D
:10D400008A89131A584258417047054BD0F8802634
:10D410001B6804489B1A83428CBF00200120704780
:10D42000E80400209FBB0D004B6A012B03D0042BA6
:10D4300024D0002070471B4B1B6893F8591093F8B9
:10D440005020012903D093F85A1001290CD1012151
:10D450008A4280F87D1003D193F85830632BE8D9C5
:10D46000022380F87D30E4E7012A03D193F8583095
:10D47000052B01D90023F4E70323F2E70A4B1B68CD
:10D480001B6D012B03D0022B07D0002BD1D180F8CC
:10D490007E30064B1B680367CBE790F87E20022A9C
:10D4A000C7D0F4E7501E0020F4480020E804002014
:10D4B000826930B404695510034604EB6200D20758
:10D4C00048BF62595B6930BC48BFD3581847002039
:10D4D0007047054A90F859301179181E18BF01207D
:10D4E000994218BF13717047F448002020307047EC
:10D4F0001830704700207047704707B503688DF8F3
:10D5000007105B6801220DF10701984703B05DF831
:10D5100004FB037D53B983691A6A5869DB699B036D
:10D5200002D5904238BF1046801A704700207047DD
:10D5300003681A6AC36AD31A1944B1FBF2F302FBF7
:10D540001311036B8B4210B50AD94C09C06B01F063
:10D550001F0150F8243001228A40134340F8243040
:10D56000002010BD0368013304D04068431C5842BA
:10D57000584170470120704710B50B6804689C4201
:10D5800009D040684968884205D08C4203D0181AF7
:10D5900018BF012010BD0020FCE770B50C4D0A44F7
:10D5A000914200D170BD066811F8013B83EA060480
:10D5B00004F00F0455F8244084EA161484EA131387
:10D5C00003F00F0355F8233083EA14130360E7E7F1
:10D5D00054810208028BC08A101A7047C28A018BDC
:10D5E000914288BF0169034683BF885C0132DA82B9
:10D5F0004FF0FF307047028BC38A9A4286BF0269A0
:10D60000D05C4FF0FF307047836841600B44C360CB
:10D610007047037D13B1C068401A70476FF0004037
:10D620007047F0B5056802892B8A9A4267D22A684A
:10D6300041898B0052F8211001F00307C1F3072440
:10D64000012F8475C1F385061ED0022F28D0002F2C
:10D6500032D1C1F30363C1F307470A0F4FF0010C46
:10D6600042824268A0F814C006825ABB82610262FC
:10D6700004F00E04082C05BFC2896B68002353F820
:10D68000223043620120F0BD1A44C1F30B4C5268B2
:10D69000130F46EA831697B20B0FC2F30B42DFE774
:10D6A0001A44D2E901374FEA114C190A46EA8111AE
:10D6B00092898EB25BB2D3E71A44D2E90137B2F84D
:10D6C00010C0F2E73A44826104F0C00123B1D31ADA
:10D6D0008029036209D10FE004F03006202EF7D133
:10D6E0003F2C04D800F114030362C261C0E7802913
:10D6F000FAD100F1140303621368C361B8E7002094
:10D70000C1E70389016801330A8A9BB29A4210B5C6
:10D71000038103D80023C0E9023310BD0B6842899E
:10D7200053F8221001240B0A01F0030104FA01F15D
:10D730000A444281828903F03001002908BF013286
:10D740008281C28903F00E03082B08BF0132C28117
:10D75000E3E710B50446FFF7D4FFFFF762FF208927
:10D76000003818BF012010BDF8B5038A8B4204466B
:10D770000D4601D10120F8BD0668B28A8A4216D34F
:10D780008B4288BF338A078988BF03812046FFF711
:10D79000B8FF6289336853F8223085EA93039B0609
:10D7A00007D02389BB42F1D12046FFF73AFF002082
:10D7B000E1E7FFF736FF238AAB42F2D1A37D03F006
:10D7C0000F030A2BEDD0D5E70B461146528A082AE3
:10D7D00010B40ED1CA6962B128B114681CB1043208
:10D7E000234610BC184723B1146814B104321846FC
:10D7F000F6E7012010BC704730B5044685B01546E9
:10D8000072B3A9B90268184B9A4211D0102D06D8EC
:10D810002A4669462046FFF7EFFF05B030BD1022CB
:10D8200069462046FFF7E8FF0028F6D0103DEDE7F7
:10D83000A368AB4207D2E3680C4A002B08BF13462B
:10D84000E3600020E9E723682A462046984710B99C
:10D85000E368074AF1E7A368AB4203D20023A36061
:10D860000120DAE75B1BFAE721E30008E5A60208DE
:10D87000F3A60208836810B504463BB9C368094A99
:10D88000002B08BF1346E360002010BD036801228F
:10D89000984710B9E368044AF2E7A368013BA36024
:10D8A000F3E700BFE5A60208F3A602082DE9F3415D
:10D8B0000E460DF1070105461446FFF7DBFF07464C
:10D8C00058B9AB6823B10027384602B0BDE8F081F3
:10D8D000002CF8D001232370F5E79DF907309DF85F
:10D8E0000740002B32DA04F07F044FF007080DF1F7
:10D8F00007012846FFF7BEFF0028E4D0B8F11F0F4C
:10D900009DF8073024D9B8F13E0F03F07F0207D805
:10D91000C2B1002C0CDAFF2B0AD108F10708E6E7A8
:10D920006AB1002C04DA012B02D1B8F13F0F0DD0FF
:10D93000EB68114A002B08BF1346EB60C3E7B8F150
:10D940003F0FF5D11B0608F10708D0D43460BBE7C0
:10D95000B8F11C0F09D113F0700F03D003F0780257
:10D96000782AE5D144EA0374ECE703F07F0202FA77
:10D9700008F21443E6E700BFFCA602082DE9F341D4
:10D98000002607468846354634460DF107013846DD
:10D99000FFF770FF58B13F2C9DF8071010D10129F7
:10D9A00009D9FB68114A002B08BF1346FB60002011
:10D9B00002B0BDE8F08145EAC175C8E90065F7E746
:10D9C00001F07F02A4F12003C4F1200C02FA03F35A
:10D9D00022FA0CFC43EA0C03A2401D430B0646EA64
:10D9E000020604F10704D0D4E7E700BFFCA6020852
:10D9F00037B515461A46002313700C460B702B6082
:10DA000001A9FFF753FF28B1019BDA0803F00703D0
:10DA10002A60237003B030BD13B50446052921D810
:10DA2000DFE801F0030F1620201E012201A9204685
:10DA3000FFF7E2FE18B19DF90430002BF5DB02B0D0
:10DA400010BD08220021204602B0BDE81040D3E6F8
:10DA5000002201A9FFF72AFF0028F0D0019AF1E780
:10DA60000422EFE7C368034A002B08BF1346C360D4
:10DA70000020E4E70CA7020873B500220D4601A9B7
:10DA80000446FFF713FF064660B194E80F0085E8EF
:10DA90000F0001998A4209D2E368074A002B08BFA8
:10DAA0001346E3600026304602B070BDA960A3684B
:10DAB0005B1AA360F7E700BF1EA702088A6838B5A3
:10DAC00005460C462AB963686B60E368EB60012089
:10DAD00038BD00212046FFF78FFE0028F3D1F7E77D
:10DAE000F8B5C368044615469AB106688EB1D318D6
:10DAF00002D287689F4207D22369084A002B08BFD9
:10DB0000134623610020F8BDB04710B92369044AC9
:10DB1000F4E7E3682B44E3600120F4E736A702084A
:10DB2000F3A602084A8A042A01D1C969D8E7082A5B
:10DB3000FBD002690349002A08BF0A46026100209F
:10DB4000704700BF42A702087047704708467047F9
:10DB5000704738B508460C461546F7F758FD074A92
:10DB600003461021284617F0E7FD054A2B46E92118
:10DB700004F11000FBF78CFCE08138BD55A00208D1
:10DB8000846C020810B5044617F026F8204610BD34
:10DB900010B5044617F020F8204610BDF8B58C6883
:10DBA000064617460D1D012384B9E3B1CB68AB428D
:10DBB00008D0284613F063FC02693B689A4224BFF0
:10DBC00000250446C6E900453046F8BD23693D6896
:10DBD000D4E902029D4238BF012325462ABF002313
:10DBE00004461446E0E72846E6E7002110B504465F
:10DBF000C1820183006910B1A28A15F09CFFE0691F
:10DC00000021618420B1228CBDE8104015F093BF43
:10DC100010BD70B504460E4615460021202208307E
:10DC200015F089FFC4E900652046BDE87040F8E4BE
:10DC300038B50B680C4699680B681B681B0A03F023
:10DC4000C003802B054614BF6268221D0C34FFF709
:10DC5000E0FF2C6238BD00B50A468BB059B10146D1
:10DC60006846FFF7D6FF30B1684600F007F868460F
:10DC7000FFF76FFDF7E70BB05DF804FB2DE9F0410E
:10DC8000857D05F03007302F8AB0044604D1036A41
:10DC90001A88038A9A426ED105F00F030A2B05F009
:10DCA000C00820D1E3691E689EB9B8F1800F62D127
:10DCB00005F03E05262D4CD0202F02D1236A0022EC
:10DCC0001A80A369186816F087FFA36900221A60FA
:10DCD00051E031466846FFF7ABFF10B16846FFF7E9
:10DCE000CDFFB668E0E705F00E03082BDDD1B8F1F3
:10DCF000400F40D0B8F1800FA36914D11B68E361D5
:10DD0000202F20D1226A1688002BD1D0002ECCD013
:10DD1000E169606AFFF79FFFE369628A013E13448D
:10DD2000E361B6B2F2E7202FE36102D01BB3012614
:10DD3000ECE7226A3F2D16881BD8A28ADBB19642F7
:10DD400028BF1646E2E7002BF1D105F03E05262D4F
:10DD5000B7D1A3691D68236A1E884FF0000805EB40
:10DD60008606B542A8D0286816F036FF45F8048B21
:10DD7000F7E7002BCAD10AB0BDE8F08100B5837D7A
:10DD80003F2B8BB0014649D813F030000ED020282D
:10DD900002D10B6A188806E03028FAD0102808D182
:10DDA0000A6A32B11078B0FA80F040090BB05DF821
:10DDB00004FB0A68906870B903F00F02052A0CD8BA
:10DDC000CB694A8A1A44934201D10120EEE713F845
:10DDD000011B0029F7D00020E8E7062A01D1CB6912
:10DDE000D8E7072A02D1CB691878DCE70B2A01D1E2
:10DDF000488AD8E703F00E03082BD7D1CA69496ACD
:10DE00006846FFF706FF0028DFD06846FFF7B6FF39
:10DE10000028CBD06846FFF79CFCF4E703F0C00273
:10DE2000802A01D1C069BEE7402AD4D103F00F0394
:10DE30000A2B02D1CB691868B5E70368024AD86893
:10DE40009042B0D1F6E700BFC9D700088B7D03F040
:10DE50000E03062B02D1002303607047082B03D169
:10DE60004A8A002115F067BE704710B5034B036066
:10DE70000446F9F7B7FC204610BD00BF9C8102089C
:10DE800010B50446FFF7F1FF204616F0A5FE204628
:10DE900010BD70B50546084B0360044655F8180FD1
:10DEA000A84204D12046F9F79DFC204670BD0668C3
:10DEB00016F092FE3046F3E7D481020810B504460E
:10DEC000FFF7E7FF204616F087FE204610BD70B52D
:10DED0000546084B0360044655F8180FA84204D1C4
:10DEE0002046F9F77FFC204670BD066816F074FEE8
:10DEF0003046F3E70482020810B50446FFF7E7FF57
:10DF0000204616F069FE204610BD38B50B4D05F1D0
:10DF1000E003036005F58E7304460362406E0DF066
:10DF200025FA05F5A27504F120000DF0E5FE256047
:10DF30002046F9F757FC204638BD00BF548102083F
:10DF4000A0F12000E1E710B50446FFF7DEFF204610
:10DF500016F042FE204610BDA0F12000F3E730B5D8
:10DF60004B89042B9DB005460C4618D18A89838ABB
:10DF70009A4214D16A22002101A815F0DCFDAA6999
:10DF8000E18901AB04F11000FCF714FB48B101AAD0
:10DF90002B6821469B6A284698471DB030BD002259
:10DFA000F6E70120F9E730B54B89042B9DB0054613
:10DFB0000C4616D18A89838A9A4212D16A2200219C
:10DFC00001A815F0B8FDAA69E18901AB04F11000C0
:10DFD000FCF7F0FA28B12B6801AADB6A2146284633
:10DFE00098471DB030BD30B54B89042B99B005461C
:10DFF0000C4618D18A89838A9A4214D16022002162
:10E00000684615F098FDAA69E1896B4604F1100095
:10E01000FCF7D0FA48B16A462B6821469B6A28462D
:10E02000984719B030BD0022F6E70120F9E730B576
:10E030004B89042B99B005460C4616D18A89838AF0
:10E040009A4212D160220021684615F074FDAA6937
:10E05000E1896B4604F11000FCF7ACFA28B12B689B
:10E060006A46DB6A21462846984719B030BD30B56C
:10E070004B89042BC5B005460C4619D18A89838A81
:10E080009A4215D14FF488720021684615F053FD6D
:10E09000AA69E1896B4604F11000FCF78BFA48B1DC
:10E0A0006A462B6821469B6A2846984745B030BD92
:10E0B0000022F6E70120F9E730B50D46C5B0044669
:10E0C0004FF488720021684615F035FDA269E98990
:10E0D0006B4605F11000FCF76DFA28B123686A461B
:10E0E000DB6A29462046984745B030BD10B44C89BC
:10E0F000042C05D18C89838A9C4201D110BCDBE7BA
:10E1000010BC704730B5194B1C68F1B0054660680B
:10E11000F7F759FC58B194F8202194F82A319A4223
:10E1200005D20123EB720024204671B030BD214698
:10E130004FF4B07218A815F0A9FD5C22002101A8C7
:10E1400015F0F9FC0A4ABDF86E1001AB1CA8FCF7EB
:10E1500031FA2846FDF7F8F9AA69044601ABE9212E
:10E160001030FBF795F9E081DEE700BFCC480020D6
:10E17000C882020830B54B89042B99B005460C467D
:10E1800018D18A89838A9A4214D15C22002101A87D
:10E1900015F0D1FCAA69E18901AB04F11000FCF78C
:10E1A00009FA48B101AA2B6821469B6A284698477C
:10E1B00019B030BD0022F6E70120F9E730B54B89F0
:10E1C000042B99B005460C4616D18A89838A9A4257
:10E1D00012D15C22002101A815F0ADFCAA69E189E9
:10E1E00001AB04F11000FCF7E5F928B12B6801AA96
:10E1F000DB6A21462846984719B030BDD0F8EC308C
:10E2000070B5044604EB8302D1F8140150621B4D33
:10E2100032220133B3FBF2F002FB1033C4F8EC30CE
:10E220004FF4B07205F509700E4615F02FFD01236D
:10E2300085F82032124B93F8F83083B9114B1B79D3
:10E240006BB9114B1B683BB193F85020012A03D1E5
:10E2500093F85830092B02D905200BF05DFD54F8D6
:10E26000185FA54201D1002070BDA868036831463F
:10E270009B6898470028F6D12D68F2E7D40A002061
:10E28000443F0020F0040020501E002010B5074C31
:10E290004FF4B07204F5637015F0F8FC012305200B
:10E2A00084F88A330BF038FD002010BDD40A00201A
:10E2B00013B5084611461A469DF8143000939DF890
:10E2C00010309DF818400BF02DFC054B80F82141D3
:10E2D00001461868012202B0BDE81040FDF7B4B84D
:10E2E000A41E002038B518461546049A8BB182B199
:10E2F000094B0A4CD3F8E03504EA832404F1FF64A7
:10E3000004F5F2242C4404EBC12115F0BFFC0020DD
:10E3100038BD6FF01500FBE70070FF1F00FCFF0326
:10E3200003460846596810B58C185C6008B115F0B2
:10E33000ADFC012010BD10B50346406884185C6038
:10E3400015F0A4FC012010BDA0F52A600FF026BF37
:10E3500010B504460BF0B8FBB4F87230838110BDE1
:10E36000F8B5274F97F8DC3004460D46BBB197F857
:10E37000F060022E13D00846F7F714FA88B197F828
:10E38000DD3063B1D5F8143162699A4207D0636118
:10E390001C4B1D49186805F1100209F043FF0020CD
:10E3A000F8BD012E08D8174BEA891868036805F1F3
:10E3B00010015B689847F2E7032EF0D1134B1C68FD
:10E3C000236828461E68F7F722F901462046B04721
:10E3D000A0B1037993B100F134040A4E0C493068BE
:10E3E00009F0D4FE0B49306805F11003224609F00C
:10E3F00019FF0749306809F0C9FED0E7064CECE781
:10E40000443F0020FC0000206EA70208841E00206C
:10E41000E8AB02086AA7020866A7020810B5034B1A
:10E42000036004460DF0A1FB204610BDAC8302083A
:10E4300010B50446FFF7F2FF204616F0CDFB20464C
:10E4400010BD0A4B10B503F5227203F53273044672
:10E450000260C0F8A03A00F52A600DF04DFC044BB4
:10E46000236020460DF09DFD204610BD548102081A
:10E47000E85B0208A0F52A60E3E710B50446FFF761
:10E48000E0FF204616F0A8FB204610BDA0F52A604C
:10E49000F3E710B54FF47A73036390F87D30012BE6
:10E4A000044622D190F86C3083F0010384F86C307C
:10E4B0003B4991F8EC31002B54D03A4B1A68236F4A
:10E4C00003F5EA43303393424CD394F87C30002B6D
:10E4D00048D194F87E30002B48D0012B0ABF94F825
:10E4E0006D30012383F001033DE0022B01D10123B4
:10E4F000DCE7032B90F87C1031D12A4AA36F106817
:10E5000003F5EA43303383421CD221B9012384F856
:10E510007C301368A36794F86C30126883F00103B1
:10E5200084F86C30FA232363A36F03F5FA630021A8
:10E53000934284F86D10BBD284F87C10012384F8D8
:10E540006C300AE00029E6D194F86C30002BF5D04D
:10E55000002384F86C3040F2E7332363A8E70029F6
:10E56000A6D1F1E7002384F86D300AE094F82D205D
:10E57000A2B194F86D2082F0010284F86D2084F835
:10E580002D3091F85C3013B1002384F86C3094F88E
:10E590006C10002009F0A2FF206B10BD0123EEE7F4
:10E5A000F0040020E804002010B5034B036004468B
:10E5B0000DF0C4FB204610BD4484020810B5074B83
:10E5C000044640F8503BFFF7EFFF04F13400FFF73B
:10E5D000EBFF20460DF090FB204610BD588402084A
:10E5E00010B50446FFF7EAFF204616F0F5FA20467C
:10E5F00010BD10B50446FFF7D7FF204616F0ECFA21
:10E60000204610BDA0F130000FF018BF70B54FF4D8
:10E61000887204468AB00D46002115F08CFA062354
:10E620002C22002104F11400A38015F084FA0020AC
:10E63000F6F740FCD5E91E234FF47A71B3FBF1F3F2
:10E640001D49206001FB0233A3601C4B1E6830464D
:10E65000F6F720FBE0603046F6F784FBB5F84C3067
:10E660002384174B20611B689B8B6384154B1B68AD
:10E670006BB1D3F838226261D3E98C120A44C4E941
:10E680000621D3F83C22B3F84032A26223876846C1
:10E6900014F088FC009B2363684614F083FC089BFD
:10E6A0006363094B1B681BB1DA6E1B6F6262E36226
:10E6B00020460AB070BD00BF378941001C1D0020F4
:10E6C000841E002000420020A41E00202DE9F74FE8
:10E6D000354F364C1E46D7F8E03504EA832404F162
:10E6E000FF640C9B04F5F224144404EBC1244FEAAC
:10E6F000D308F3F762FF054658B9DFF8B49004EB8E
:10E70000C80844450AD1F3F76BFF284310F0FF0017
:10E7100001D06FF0040003B0BDE8F08FD7F8E0251A
:10E72000224B03EA822303F1FF6202F5F222A242A6
:10E7300004D803F10063013BA34204D2F3F750FF76
:10E740006FF01500E7E799F83434012B2AD0012344
:10E750003268D6F804B089F8343400230192C9F83D
:10E7600038340BF007FF0546B0B9DFF848A0019A2E
:10E77000DAF8143043F00103CAF814302260BFF312
:10E780006F8FC4F804B00BF0F5FEDAF8143023F004
:10E7900001030546CAF81430002389F834340834DC
:10E7A0000836AEE70225FAE70070FF1F00FCFF0302
:10E7B000F448002000400058F8B5284BD3F8E02575
:10E7C000274B03EA822303EBC12404F1FF6203F128
:10E7D000FF6102F5F22201F5F22191423BD803F1EB
:10E7E0000063013B934236D31E4EF3F7E6FE96F8E4
:10E7F0003434012B04D1F3F7F3FE6FF00400F8BDBD
:10E800000025C6F838540BF0B5FE0746D0B9164DB2
:10E810006B69A4F5E044E40A23F47E7343EAC4037D
:10E8200043F4803343F002036B610BF0A3FE6B698A
:10E830000E4A13406B612B682B68044628B186F89A
:10E840003474D8E786F83454D5E786F83404F3F7FF
:10E85000C7FE2046D3E76FF01500D0E70070FF1F1A
:10E8600000FCFF03F44800200040005805FCFFFFB7
:10E87000F7B50C4609684B1C054616460DD00068D6
:10E8800083690093D4E901238768B84730B92B68BE
:10E8900036B9286821460CF0D4FB002003B0F0BD47
:10E8A0009B690193A3680093D4E90023314628466D
:10E8B0000BF09BFB0028F1DBEBD16FF03300EDE7B1
:10E8C0002DE9F74FDDE90C480E9E81460F46934631
:10E8D0009A4686BB304603B0BDE8F08FB4FBF2F336
:10E8E00002FB13431BBB964221D3B6FBF2F502FB9E
:10E8F0001565761B0096836822469C465146434622
:10E90000E0470028E7D1BBF1000F02D1B044344406
:10E910003AE0CDE9008623465246594648460BF078
:10E9200064FB0028D7DBF1D16FF03300D3E7E31AA3
:10E93000C7F800A07B603B68D9F8000053458269A6
:10E94000CCD17B68A342C9D89D18A542C6D92D1B3E
:10E95000E01AB542BB6828BF35462A4618444146EE
:10E9600015F094F9D9F800309A692C44B4FBF2F30D
:10E9700002FB134333B95A4639464846FFF778FF3E
:10E980000028A8D1A844751B2E46A2E7F8B5054675
:10E9900090F824000F46164610B36B8C9818B0F50B
:10E9A000806F31D82B8C984217D9202838BF20206F
:10E9B00004460146E86916F05FFF68B1E8612C84FF
:10E9C0006B8CE86932461844394615F05FF96B8C58
:10E9D00033446B84304602E0FEE70028F0D1F8BDF6
:10E9E00092B2202AFBD883B29A4295F8BC3004D860
:10E9F0003344DBB285F8BC30ECE703442B44395C8C
:10EA000083F89C100130EEE70020E8E770B590F83D
:10EA1000243004460E4663B990F8BC30034483F8B2
:10EA20009C1090F8BC300133DBB280F8BC30012080
:10EA300070BD438C591CB1F5806F14DC238CC06908
:10EA4000994208D9202938BF20210D4616F014FF1D
:10EA500040B1E0612584638CE269D654638C013354
:10EA60006384E4E7FEE70020E2E770B504460D4664
:10EA700008683AB9E3680E4A002B08BF1346E36002
:10EA8000002070BD42EA0301B1F5803F05D3A3FB2E
:10EA9000026111B1E368074AEEE703FB02F116F0E9
:10EAA000EBFE10B9E368044AE6E728600120E8E7D6
:10EAB00071A702087EA702088DA702082DE9F0437E
:10EAC000937D03F03003302B8FB005460E4614467D
:10EAD00028D19446BCE80F0004AF0FC7BCE80F0074
:10EAE0000FC79CE8030087E80300236A1988238A7C
:10EAF000C1B1994216D004A8FEF736FE30B9EB68D2
:10EB00008E4A002B08BF1346EB6064E004A8FFF7B1
:10EB1000B5F8A37D03F0C003802B01BFA2690023D9
:10EB20001360E361A27D02F0C001402900F026815C
:10EB3000802977D041B902F03003202B38D006D895
:10EB4000002B2ED0102B28D0EB687D4AD9E7302B34
:10EB5000FAD102F00E02082A238A206A5ED10288C6
:10EB60009A425BD0628AE06914F0E5FF616A8B68C3
:10EB70002BB9CB681BB94B681B68002B4ED0E269E0
:10EB800004A8FFF746F8002848D004A800F064F96C
:10EB9000002843D1EB686B4AB3E7236A0BB101222B
:10EBA0001A702246314628460FB0BDE8F04315E3FF
:10EBB000276A608A3988A369022E01FB0033E3616A
:10EBC00026D102F00F02052A22D804A92846FEF712
:10EBD00053FF064670B9002674E02246FF2104A8C0
:10EBE00000F0FCFA90B13B8801333B80628AE36914
:10EBF0001344E361069B1BB13A88A38A9A42ECD383
:10EC0000069B002B58D0EB684F4A7AE70646F7E799
:10EC10004B1C3B80A38A8B42F5D9C2E7236A228A28
:10EC20001A80BEE702F03003202B29D001D9302B07
:10EC30008AD102F00E02082A05D1A3691B6813B11C
:10EC40002046FFF71BF8A37D03F03002302A02BFF5
:10EC5000226A218A118003F00E03062BA16901D1DB
:10EC6000E1619EE7628A01232846FFF7FEFE002845
:10EC7000B1D0A3691868E0612146FFF7E7F890E793
:10EC8000D4F82080022EB8F800704FD102F00F02A5
:10EC9000052A4BD804A92846FEF7EEFE06460028B2
:10ECA00099D04FF6FF79069B33B1B8F8001049456B
:10ECB0000CD1264BEB60002604A92846FEF7FEFE89
:10ECC000002888D030460FB0BDE8F083013189B20A
:10ECD000B942628A10D9A9EB0701013BB3FBF2F3F9
:10ECE00001338B4234BFFF180137A1693B4604A8AA
:10ECF000FFF7BBFE0028DED0A169B8F80020086845
:10ED0000638A02FB0300E0610028D4D02146FFF7AC
:10ED10009DF82246FF2104A800F060FA0028CAD01E
:10ED2000B8F800300133A8F80030BCE74FF6FF73A5
:10ED30009F420DD1EB68054AE3E600BF9CA702089D
:10ED4000D4A70208BDA70208AEA70208E7A70208D9
:10ED50000137628AA169BBB22846FFF786FE002808
:10ED60003FF439AFA169B8F800300868628A03FB44
:10ED700002000133E061A8F800307DE72368DB681A
:10ED800033B9314628460FB0BDE8F043FEF744BE24
:10ED9000022E1FD104A92846FEF76EFE00283FF47C
:10EDA0001AAF2368069EDB682246002104A8984714
:10EDB00030B9EB68002B7FF4A7AE079B224AA0E690
:10EDC000069B0BB19E42ECD804A92846FEF776FEBE
:10EDD000064677E7012E22D0052E29D086BB01AF4B
:10EDE00001360B2E02D1EB68184A8AE60122394619
:10EDF0002846FEF701FD00283FF4EDAE17F9013B70
:10EE0000002BEDDB124B049301ABCDE905362368F3
:10EE10000021DB680791224604A89847D8E708221A
:10EE200001A92846FEF7E8FC08260028EAD1D2E628
:10EE300004220DEB02012846FEF7DEFC0426F4E76F
:10EE4000EB68044A5DE600BFFEA70208FCA60208C4
:10EE500021E300080CA7020870B590B00446102208
:10EE6000002102A814F067FE002301938DF80330FF
:10EE700023689B6843BB0025A37D03F00F020A2A89
:10EE800042D1E3691E68002E31D1019BABB1228AC9
:10EE9000934212D19DF80310224602A8FFF70EFEFE
:10EEA00010B30DF1020301AA0DF1030102A8FEF750
:10EEB0009FFDC8B1236A03B11D702046FEF749FCCF
:10EEC0000028D9D1012010E02A4ACDE902234FF0D1
:10EED000FF33049301AA0DF102030DF1030102A80F
:10EEE000FEF786FD0028C6D1002010B070BD314667
:10EEF00006A8FEF79DFE28B1357306A8FFF7ACFF04
:10EF00000028F1D0B668BEE73F2B29D803F03002C5
:10EF1000102A1AD1226A02B1157003F00E03082BD1
:10EF200018D1616A8B6823B9CB6813B94B681B6829
:10EF300083B1E26906A8FEF76CFE0028A5D006A8FA
:10EF4000FFF78AFF0028A0D1CEE79A06E5D5236A0D
:10EF50001D809AE7628AE069002114F0ECFD94E7D5
:10EF600003F0C002802A90D1A2699B0615608CD55F
:10EF7000EDE700BF21E300082DE9F04F9BB0044608
:10EF80001D4606A80023CDE90433ADF80A30FEF78C
:10EF900040FE90BB00274FF6FF7AB946B846A368FB
:10EFA000002B38D14FF6FF739A4504D0BDF80A30D4
:10EFB000BB4240F0D780069B5B8AE3B1402B28BF61
:10EFC0004023590904A8002295B2A94200F2F18019
:10EFD00003F01F02DB060ED01AAB03EB8101C2F176
:10EFE0002003DBB24FF0FF3222FA03F351F8582C22
:10EFF0009A4240F0E58001201AE0002DCAD106A80F
:10F00000FFF72AFF0028C5D1E3686F4A002B08BF2D
:10F010001346E3600BE002AB03AA0DF109012046A1
:10F02000FEF7E6FC38B99DF80830002BBAD1002075
:10F030001BB0BDE8F08F039E16B9E368634AE5E7AD
:10F04000314606A8FEF790FB88B19DF82E3003F0FC
:10F050000F020A2A72D1B8F1000F2BD10D9BD3F801
:10F060000090B9F1000F21D0BDF8288022E0B8F15E
:10F07000000F1FD19DF82E3003F00F030A2BEDD0A7
:10F08000BDF8205006A8FEF73CFB069BBDF82220E9
:10F090001B6853F82230C3F303230A2B24D1FEF755
:10F0A000C0FA0028DAD1B9F1000F05D14FF00009FC
:10F0B0004FF0FF38464538D39DF80930D4F808B0F2
:10F0C00001934D46A3686DB39B457FF468AF2B68F1
:10F0D0001B689C467BB1019B324629462046E0478F
:10F0E0000028A4D0AD68EDE7BDF82030AB42C9D10F
:10F0F000FEF797FAD7E7294610A8FEF799FD10B951
:10F10000E368334A82E7BDF850309E42EAD1119B52
:10F11000002BE7D0012301992B7310AA2046FFF79B
:10F12000CDFCDDE79B457FF43AAF9DF80910204602
:10F13000FEF772FC00287FF432AF78E703F030036B
:10F14000202B22D10E9A0BAB9A4217D1BDF820305A
:10F15000534510D04FF6FF72924506D0BDF80A20F5
:10F16000BA4202D0E3681B4A50E70022BDF82C7077
:10F17000ADF80A209A460DF10A030E939DF8091086
:10F1800006AA2046FFF79AFCD4E7002BF6D1BDF87B
:10F1900024303F2BF2D859091AAA02EB810103F05F
:10F1A0001F020123934051F8582C134341F8583C57
:10F1B000E4E750F8045B013502F101023FF404AFCB
:10F1C000E368054A22E700BFBDA702080EA80208AF
:10F1D00017A8020829A802084AA80208F0B5937DDA
:10F1E00003F00F0385B0044615460B2B00F28E8109
:10F1F000DFE813F00C002600260026009800AA0085
:10F20000BE00F200220122018C016E010139C9B257
:10F21000FD2906D8E368974A002B08BF1346E36030
:10F220005FE000226946ED69FEF740FB064620B12B
:10F23000009B003B18BF01232B70304605B0F0BD8A
:10F240000139C9B2FD29E5D9022B69462ED1FEF755
:10F2500095FB0646002844D06B8A082B05D1DDE9D2
:10F260000001EB69C3E90001E7E7042B0CD1EA696F
:10F27000009B1360DDE900010022914208BF984223
:10F28000DBD0E3687C4AC7E7022B04D1009BEA6924
:10F2900013809BB2EEE7012B05D1009BEA69137046
:10F2A00003F0FF03E6E7E368744AB5E7032B15D1E3
:10F2B000FEF764FBA8B1DDE900124B08C90743EA79
:10F2C000C2734FEA520201D5DB43D243698A08294F
:10F2D00010D1E969C1E900320126AEE7FEF74EFB25
:10F2E00008B90026A9E7DDE90032698A082918BFB4
:10F2F000DA17EBE7042908D1E969D8170B6019463A
:10F30000904208BF9942BCD1E6E7022904D1E869DE
:10F3100019B20180C817F3E70129C4D1E86959B2CD
:10F320000170F7E7052902D0FF297FF473AF0422AB
:10F3300069462046ED69FEF75FFA064600283FF46D
:10F340007CAF009B2B6078E7012902D0FF297FF476
:10F3500061AF082269462046ED69FEF74DFA064680
:10F3600000283FF46AAFDDE90023C5E9002364E724
:10F3700002297FF44FAF00226946FEF797FA002872
:10F38000AFD0009EB6F5803F02D3E3683C4A43E726
:10F39000AB7D03F0C003802B06F1020217D1A368F6
:10F3A0009E4202D9E368374A36E7E96901232046DD
:10F3B000FFF75BFB002894D0EB69196821F8026B1A
:10F3C0003246204605B0BDE8F040FEF715BA6B8A1C
:10F3D0009A42DAD8E969F1E702297FF41BAF0022EB
:10F3E0006946EF69FEF762FA00283FF47AAF009EA3
:10F3F000731C02D1E368244A0EE7AB7D03F0C0031F
:10F40000802B06F1010211D1A3689E42CAD8E96996
:10F4100001232046FFF729FB00283FF462AFEB6988
:10F420001F680023BB5532463946CAE76B8A9A42A9
:10F43000F7D9E368154AEFE602297FF4EBAE694697
:10F44000FEF71AFB00283FF44CAF6B6A13B9E36870
:10F450000F4AE1E6AB7D03F00F03092B1AD0AB7D19
:10F460003F2B2FD90023EA69696A6846FFF784FDBC
:10F4700006461FE061A8020871A8020842A7020818
:10F4800083A80208E5A602087EA7020892A802083F
:10F49000A2A802082A6A002AE1D052F8083C002BF0
:10F4A000DDD0043A294668469847029B06460BB1D0
:10F4B0000028D4D169462046FEF700FB00287FF4DF
:10F4C000BCAE0EE703F03003203B18BF0123CAE7B0
:10F4D00002297FF49FAE00226946FEF7E7F906464F
:10F4E00000283FF4FEAE0099B1F5803FBFF44DAF68
:10F4F0006A8A19B9E86914F01EFB9EE6914202D0AF
:10F50000E368044A88E60A46E9695AE7C368024A9A
:10F5100082E600BFBBA80208D4A70208036910B5A1
:10F52000044603B198472046BDE81040F5F794BC67
:10F5300003692DE9F041044603B19847104BD3F815
:10F54000008004F1240504F1C4070026D4F8C83073
:10F55000B3420FDD55F8040F50B1036841465B68B4
:10F560009847002803DC286803689B6898470136A1
:10F57000AF42EBD12046BDE8F041F5F76DBC00BFCE
:10F58000E804002037B504460D4601A80191F9F7BB
:10F59000E7FD211D284611F0D8FF15F01DFB63691A
:10F5A0000198013B636103B030BD2DE9F341214D6A
:10F5B0002B680646002B3AD05B68002B37D0D3E986
:10F5C0000034E41A1C4BA4105C43836E019300F1D9
:10F5D0005C0800F16007019BBB420BD1336F9C427A
:10F5E00025D2B56E0195AF421AD129464046FFF7A4
:10F5F000C9FFF3E72868196902681268904728B9BB
:10F6000001994046FFF7BEFF0190E4E701A8F9F732
:10F61000A7FDE0E7019B6A695969914238BF1D4621
:10F6200001A8F9F79DFD03689F42F3D1DDE702B021
:10F63000BDE8F081841E0020CF467D6700232DE9C0
:10F64000F04F0D4680F85930894B11465B682A68A7
:10F650009A42A1B0044600F0DB806A2205A814F0AB
:10F6600015FB95F8FA300093002B00F0988028469F
:10F67000F6F798F8002840F092802846F5F7C7FF83
:10F68000D5F818818246B8F1000F03D14046F5F74E
:10F6900011FC8046D4F864B004F160073E465A4637
:10F6A000002A38D1B74203D033699A4538BF3E4665
:10F6B0006868F6F788F9B74242D07369434533D991
:10F6C000002839D1012384F85A30B946BBF1000F24
:10F6D00039D14F4503D0D9F8102092455AD218207D
:10F6E00015F072FA00224F45426104F15C0B0646A8
:10F6F000C0F810A000F110022FD1236F23B1E06EEB
:10F7000003699A4500F2AA8003A85946FEF746FA13
:10F71000DDE903909EE01169D2E902038A4596BFB4
:10F7200016461A460246BBE70028CBD0A8EB0303D7
:10F730004AF6BF029342C8D8012384F85930C4E77F
:10F740000028BFD0C1E7DBF81020DBE902069245B4
:10F7500096BFD946B3468346B8E7D9F81000019260
:10F76000824559D2A06E81450AD0484611F087FEE5
:10F770000369019A9A45C7D9C268002A6ED04846E3
:10F780003B4602463146009811F07BFE236F013361
:10F790002367B146C9F814802046FFF706FF344BB3
:10F7A0009DF8582093F896309A425FD12846F5F795
:10F7B0002EFF304A0346102105A815F0BDFF2E4B41
:10F7C00028461E68F5F723FF2B7A014605AA304626
:10F7D000F6F7B1FDC8B16E683046F6F7F4F8A0B997
:10F7E000234B5B689E4210D0294624480AF001FA58
:10F7F00005AB0546E921224A1030F9F749FE214BB5
:10F80000E88129461868F5F792FE2046FFF7CDFEFD
:10F81000002021B0BDE8F08F23D9E06ECDF808902C
:10F8200081451BD002A8F9F79BFC0068019A00698A
:10F830008245BFF469AFD9F80C2042B94846036944
:10F8400032699A422CBF00230123009398E7DDF828
:10F850000890484628B1B9F1000F91D18742EED106
:10F860008EE7304615F0B8F94E4692E70120D0E712
:10F87000D40A002055A00208841E0020581E002033
:10F88000846C0208A01E002038B50B4D05F54B73A3
:10F89000036005F55873044603635030F8F742F9E6
:10F8A000204605F5667540F8305FF7F79BFF204668
:10F8B0000CF022FA204638BD54810208A0F1300035
:10F8C000E2E710B50446FFF7DFFF204615F084F9A4
:10F8D000204610BDA0F13000F3E72DE9F0411546B8
:10F8E000026D9DF81870044688461E462AB11A4BD0
:10F8F00059681A4B1868F9F78EFB9DF81C3084F88C
:10F900005A30236884F858709B692046984701460E
:10F91000F8B1134BC0F804801B79053B012B98BF4D
:10F920000025002F0CBF0A23402380F8FA5080F8EE
:10F93000223106B10672D1F814310A48236500233A
:10F940001A460068F6F70AFE002384F8583084F857
:10F950005A30BDE8F08100BFD40A0020A41E002068
:10F96000F0040020A01E0020A0F120000EF07ABDBF
:10F970002DE9F7438B684D8923F47F43B3F5A02F1E
:10F980000C46164621D14868F6F71DF8E8B9052D52
:10F9900040F08B804E4B1B7C023B012B00F285809C
:10F9A0004C4D2168286803681B689847C0B92868CF
:10F9B000616803681B68984770B1286861680368CC
:10F9C0001B68984703799BB906E0052D6DD1404B24
:10F9D0001B7C023B012B68D8002003B0BDE8F083FC
:10F9E0002868216803681B6898470379002BDED0DC
:10F9F000394B1868036832461B6B21469847656887
:10FA00002846F5F7E0FF18B9344B5B689D42E3D117
:10FA10002368002BE0D0324B2E4DD3F800802C4EC3
:10FA200004200AF079F928682146F6F75DFD63891C
:10FA300096F80490042B2FD1A389432B02D1D4F83C
:10FA400004314BBB2868216803681B689847037919
:10FA500013BB244F3B68FBB1B9F1020F1CD02B68DC
:10FA6000988B0BF00EFD0546B0B91F4B01211868AD
:10FA7000F5F790F980B1D6F8BC61204671B2F6F77F
:10FA8000E7F90236B04207DCCDE900550122237ABE
:10FA900021683868FFF721FF214614480AF0A9F8C9
:10FAA00001464046F5F743FD96E70C4B93F8963038
:10FAB000002B9DD0074D21682868F6F7C3FA01286E
:10FAC0008AD061682868F6F7BDFA012890D183E7EB
:10FAD000F0040020841E0020A41E0020D40A002070
:10FAE000A01E0020584600201C1D0020581E00208B
:10FAF000F8B54FF4887204460D46002114F01BF847
:10FB000002230020A380F5F7D5F92346242243F8E9
:10FB1000080B0021184614F00EF8012384F8203059
:10FB200023722376237484F82830174B1F683846D5
:10FB3000F5F718F9154B60621E6896F85030012BE6
:10FB400020D196F85A30012B1CD096F85830E3603B
:10FB50003846F5F79FF8E061706D0DF0C1F80C4B79
:10FB600000220DF051FA0DF011FDD5E91E234FF4DE
:10FB70007A71B3FBF1F30749606101FB0233E36281
:10FB80002046F8BD6523E2E71C1D0020501E002022
:10FB900000408F403789410070B50E460546FBF79F
:10FBA000D3FCAA6904463346E9211030F9F770FC0A
:10FBB000E081204670BDA0F130000EF07DBC10B594
:10FBC000C4B0044601466846FEF720FD694604F1CC
:10FBD0003000FFF7E1FF4FF0FF334360002380F870
:10FBE000FA300A2380F82231034B0146186844B0EA
:10FBF000BDE81040F5F79BBCA01E0020F8B53B4BBC
:10FC00003B4E1D68C36FC567AB4282BF836F013334
:10FC100083670446374BD6F850041F79F0B907F0D4
:10FC2000FB07BB1E59425941334B1D6881F001014E
:10FC30002846F5F7AFF890B32846F5F7C0F870B34B
:10FC40002E4B93F8613153B3002120460CF04EF94E
:10FC5000D6F85004002844D1E06EF8BD48F2010106
:10FC6000F9F742FA062F014630D0022F09D00028BA
:10FC7000DAD0224BD3F840212D1A00214FF46160D5
:10FC800007E060B31D4BD3F840212D1A01214AF63D
:10FC9000C0004FF47A7302B353439D42C4D2184B51
:10FCA0001B68D3F88C30002BD6D1012120460CF0F4
:10FCB0001DF9626F22B1E36F9B1A226F9342CBD37F
:10FCC0002046FFF77CFFE36F6367C5E738B10B4B56
:10FCD0002D1AD3F840210121D0E74343DDE701216C
:10FCE000A2E748F20101F9F769FBB5E7E804002053
:10FCF000F4480020F00400201C1D0020443F002098
:10FD0000A01E0020F8B50446084615460E460DF024
:10FD1000F7FB04F108032360002363602372696822
:10FD200007460144204612F039FA3A463146204649
:10FD300012F00AFB2946204612F016FB2046F8BDB9
:10FD400070472DE9F74FDDE90C470E9D8346884645
:10FD5000924699460DB9002064E0DBF80000BAF144
:10FD6000000F1ED0DAF800304B451AD1DAF8041033
:10FD7000A14216D886690E44A64212D9361BAE425D
:10FD8000DAF8083028BF2E46611A38463246194440
:10FD900013F07CFFAD1B37443444DCD0DBF80000AB
:10FDA000E0E7D8F8002043694A4517D1D8F8041095
:10FDB000A14213D8CE18A64210D9361BAE42D8F8AD
:10FDC000083028BF2E46611A32463846194413F0CF
:10FDD0005DFF37443444AE1B3546BBE74168B4FB96
:10FDE000F3F203FB12428C467AB9AB420DD8B5FB55
:10FDF000F3F603FB1656AD1B00953B4622464946DB
:10FE0000E04778B92F442C44E6E7A21AC8F80090DE
:10FE1000C8F804200093D8F8083049466646B04731
:10FE200000289AD003B0BDE8F08F2DE9F04786B0E6
:10FE300005460F46144600F11409D6184FF0010A82
:10FE40000DF11708B44203D1002006B0BDE8F087D9
:10FE50000094CDE9018A3B46002249462846FFF737
:10FE600070FF01340028F0D10E9801224146FDF7C1
:10FE700094FBE7E71FB5069C0092CDE90134002210
:10FE80000B4600F11401FFF75CFF04B010BD2DE933
:10FE9000F04F8BB013680493002653680593074610
:10FEA0000C46B0460DF1100A06AD5AF82690102304
:10FEB000009300222B4649463846FFF7DBFF70B11E
:10FEC00010F1340F06D146B1B8F1000F0CBF6FF03E
:10FED000330000200BB0BDE8F08F0126E5E7B8F154
:10FEE000000F04D0E269069B9B1A002BEBDB079BFB
:10FEF00023F0004BBBF1130FE5D93A68D269934563
:10FF0000E1D84FF0FF3203A8039229461022FDF7F3
:10FF100044FB0090ABF11003102249463846FFF72E
:10FF200084FF0028CCD1039B002BCCD10AAA86F0F9
:10FF3000010302EB830304F11C0C53F8183CA3608B
:10FF40001023E36095E80F00C4F804904FF0010817
:10FF50008CE80F00B7E72DE9F043064695B00F4651
:10FF60004FF00108336BD6E90D219A4261D1002987
:10FF700000F0C880F06A32680344106A526A8A420C
:10FF800094BF32633163B3FBF0F4002100FB143300
:10FF9000F362F06B7163D20813F0CDFD301DFDF7F5
:10FFA000E1FA0028DED1012303900493039930463F
:10FFB000FDF7BEFA0446002860D104993046FDF7EB
:10FFC000B7FA0446002859D103AA09A93046FFF719
:10FFD0005EFF0446002851D14FF00C09119B0C9D87
:10FFE00023F0004305F10C02043B9A4250D9129BC6
:10FFF000039303A8139B0493FDF7B4FA0028D5D00C
:020000040801F1
:10000000F56806F11409002DACD0EB69DA0369D468
:10001000EB699B030BD501962B6A00936B6A05F184
:100020002C02494630460AF0CFFF044630BB2D680B
:10003000E9E70139501CB1635409F16B706351F861
:10004000244002F01F0008FA00F020428BD1F36A2E
:1000500013443268126AB3FBF2F002FB10333B60C8
:10006000356B0120736BAB424AD05A0903F01F0471
:1000700051F8222000FA04F4144003D1204615B0B0
:10008000BDE8F08301337363B36B013BB363E9E70E
:100090000A99CDF8009006AB2A463046FFF7EAFEF3
:1000A00004460028EAD19DF81B209DF81A109DF8FF
:1000B00019000BF055F89DF8183003F07003284430
:1000C000102B0C908AD1089B00932246079B019627
:1000D00006F1140130460AF077FF044600283FF489
:1000E0007DAFCBE701966B6900932B6905F12C027C
:1000F000494630460AF068FF0446002888D0BDE72C
:100100000024BBE76FF01B04B8E773B50C4604315D
:100110000646FFF720FF0546F0B904F10801304616
:10012000FFF719FF0546B8B904230093024661683A
:1001300004F11C033046FFF79DFE10B110F1340F9F
:100140000DD1E3690133E36114224FF0FF33C4E9B9
:100150000823A3621023E360284602B070BD054661
:10016000FAE72DE9F04F044689B00E4600F1140B72
:1001700007A92046FFF7EFFE054658B9DDF81C90A9
:10018000206849460BF0F0F8054600283BD010F1F6
:10019000340FEDD0284609B0BDE8F08F0DF11B07F4
:1001A000CDE90087CDF808A0736A059A5946204624
:1001B000FFF7C7FD70B9CDE9017ACDF800804B4655
:1001C0005A4604F120012046FEF77AFB20B110F1D7
:1001D000340FCDD00546DDE708F10108B36A434589
:1001E000DCD82368A16A9A69706B13F04FFD236A0B
:1001F000F362636A2068336304F120010AF021FF8F
:10020000C6F82490C6E706F12C03804605934FF00C
:10021000010AE3E72DE9F74307460C46164601F1CC
:1002200024084FF01009216AE26821F0004302F12E
:100230000C00043B984215D80C2300936168331DD1
:100240003846FFF717FE054688B9E768F279B179B5
:10025000707937600AF084FFA36907440344E760BC
:10026000A36104E0002906DB32606FF00105284637
:1002700003B0BDE8F083424621463846FFF707FE4B
:1002800005460028F3D1A369C4F80C901433A36188
:10029000C9E72DE9F843054604300F4614461E46CB
:1002A000FDF760F910B10020BDE8F883012350622A
:1002B000936202F1240806F108094046FDF752F95D
:1002C0000028F0D1424621462846FFF7E0FD0028ED
:1002D000EAD1324621462846FFF79CFF10B1831C25
:1002E000EBD0E1E7337903F07003202BF1D13946ED
:1002F0004846FDF741F90028EBD10120D4E7CB694E
:100300005A032DE9F04144BF23F48023CB61CB692C
:1003100044BF4FF0FF32CA629B0390B005460C46C3
:1003200052D50F6A2C22002102A805F1140613F001
:1003300002FC2369069396E807006369079301238B
:10034000CDE9093710AB03E907004FF0FF38C5F8D6
:100350001480226A63699A4213D304F12C0832464E
:1003600041462846FEF784FA18B310F1340F05D140
:1003700021462846FFF7F5FE0028F0D010B0BDE872
:10038000F08101230DF1070202A9284600F09BF835
:100390000028F3DB01230DF107022146284600F077
:1003A00038F90028EADB6B690133D2D0CDF834800C
:1003B000CDE7636A2361236A6361E36923F4003351
:1003C00043F48033C4E907370020D7E770B592B013
:1003D00006460C46FFF793FF054650BBE36903F45E
:1003E0001023B3F5803F24D1221D1046FDF7BAF843
:1003F000F8B907A93046FFF74AFDE8B90C23E268CF
:1004000008990093304604ABCDE904550695039254
:10041000FFF730FD80B92369059303AA636906934A
:1004200007A9304609F0CAFD30B9E36923F48033E7
:10043000E361284612B070BD0546FAE7037D23B993
:100440000369816903F10C00C0E7704770B58569E5
:100450000446A5B1037D0669ABB1F36906F11C0240
:100460001BB19D4219680BD11160A06914F0B4FB57
:10047000E0690025A56108B114F0AEFBE56170BD2F
:100480001A460B46ECE7294606F10C00FFF79EFFE3
:10049000B36906F118021BB19D42196810D11160B1
:1004A000AB690BB11B682BB9F3685B6B13B9686B55
:1004B00014F092FBA06914F08FFB0023A361DEE728
:1004C0001A460B46E7E72DE9F04F1D46CB699046EB
:1004D00003F00302022A87B007460C4654D09A0361
:1004E00005D4236A6669B34208D3002003E0FFF70E
:1004F00006FF0028F5D007B0BDE8F08FF61AAE422F
:1005000028BF2E4604F12803B14604F12C0A0593B6
:1005100004F1240BB9F1000F01D13046EBE7E36998
:100520005B0304D53B68A26ADB699A4210D1059B44
:10053000CDE901B3236A0093D4E904235146384638
:100540000AF0FBFC0028D6D1E36943F48023E36181
:100550003A68A36AD5690093ED1A4D4528BF4D4608
:10056000CDE901850022636A51463846FFF7E9FB71
:100570000028C0D1236A2B442362A36A2B44A362C0
:10058000A844A9EB0509C5E76FF00800B3E71346D7
:10059000027D10B432B904690A46816904F10C0085
:1005A00010BC90E7002010BC704707B501220DF188
:1005B0000701FFF7ECFF0028CCBF9DF807004FF0C4
:1005C000FF3003B05DF804FBF7B504460069237DF6
:1005D000E3B9A1698DF807300DF1070201230C3052
:1005E0000F6AFFF770FFA66900282069C8BF9DF851
:1005F0000750314600F10C00D8BF4FF0FF35FFF730
:100600007EFE00B93762284603B0F0BD4FF0FF35DB
:10061000F9E72DE9F04F8FB0CDE90623CB6903F060
:100620000302012A05460C4600F01B815E0315D427
:10063000E66932051BD416F400361ED005F114030A
:10064000DDF81CA0099304F12C08E369BAF1000F4E
:1006500026D123F40023079AE36104E0FFF74FFE5D
:1006600002460028E4D010460FB0BDE8F08F626962
:10067000216A914238BF2262DDE7276A63699F429F
:10068000DCD92362236A9F42D8D90DAA01232146CF
:1006900028468DF83460FFF7BCFF021EF2DAE2E76D
:1006A0009B0324D52B68A26ADB699A4240F09880AC
:1006B0002B681B6AAB6305F114030493D4E9083279
:1006C000CDE90B230DA92846FFF745FC024608BBE0
:1006D0000D9B2868059319460AF046FE024618B39A
:1006E00012F1340F16D14FF0FF332B62EAE7236A81
:1006F000002BDDD004F128020292013B04F1240218
:1007000001920093D4E90423414628460AF015FCDF
:10071000024620B1E36943F40023E361A3E72868BC
:1007200041460AF08EFCC3E70C9F2E680890002F0C
:100730004FD0013F0CA930460C970AF0E1FB0C9F0B
:10074000F369089A01379F420C9768D1461C96FAC4
:10075000A6F6B6FA86F606F1010B91460BAF4FEA04
:10076000890308930423CDE901734FEA89030093B9
:100770004146DDE904232846FEF7A2F80B9B02461A
:100780000028ADD14E4550D109F10109CB45E6D83D
:100790004FEA8B071DE00022CDE9016B0B9B04990A
:1007A000CDF800902846FFF7CCFA02460028B1D1D8
:1007B000DDE90423CDE9016BCDF8009041462846E0
:1007C000FEF77EF8024600288AD109F101094F455B
:1007D000E1D8059BC4E90937E36943F40033E361D9
:1007E0002B68DE69A36AF61A564528BF5646069B53
:1007F00002960193A36A0093099A636A41462846C8
:10080000FEF75EF80246E8B110F1340F82D12146BE
:100810002846FFF7A6FC02460028E8D07AE7914672
:100820004FF0010B0DF12B06D1E70421CDE9017149
:100830000899009128460499FFF783FA0246002898
:10084000A2D067E7236A33442362A36A3344A362D6
:10085000069B334406932B681B6AAB63AAEB060A1C
:10086000F3E66FF00802FEE61346027D10B54AB9C2
:1008700004690A46816904F10C00FFF7CAFE20EA08
:10088000E07010BD0020FCE7F7B5044604300E46CA
:100890001546FCF767FE10B1002003B0F0BD0090D4
:1008A00001236A46294620460193FFF7F0FA002803
:1008B000F3D105F124073846FCF754FE0028EBD1AC
:1008C00031463846FCF758FE38B13A4629462046AC
:1008D000FFF7DDFA0028EED0DFE70120DDE730B5D5
:1008E000044693B004300D46FCF73CFE10B10020E6
:1008F00013B030BD0190012301AA07A9204602933D
:10090000FFF7C5FA0028F3D110A8FCF72BFE00284A
:10091000EDD110AA07A92046FFF7B9FA0028E7D1C0
:1009200003AA07A92046FFF775FC10B1831CEBD082
:10093000DEE79DF91030002BF2DB0822294605A8DE
:1009400013F0CFF80028EBD10120D1E72DE9F04FCB
:1009500087B01F68049340F6220353604368936096
:10096000DFF824918368039105461446D360494615
:10097000384615F02DF807EB0008834649464046F7
:1009800014F0ECFF0128064608EB000A05D117F821
:100990000B302E2B0AD15746E9E7022806D1024632
:1009A0003A49404613F09DF80028F4D057464FF0DE
:1009B000010B4946504615F00BF882444946504613
:1009C00014F0CCFF024690B102280CD105902F49BB
:1009D000504613F086F8059A28B9BBF1010B04D1F3
:1009E0000AF10207C3E70BF1010B9244E1E798F823
:1009F000000000283DD0049BC3F800802379222BFF
:100A00003FD104F1080A039952462846FFF73FFAFE
:100A100078BB05F1140B039922462846FFF7FAFB31
:100A200038BB237903F07F03112B01D0222BF2D1A5
:100A3000E379B342EFD12368627904331344A27996
:100A4000CDE900861344039A59465268284609F0B6
:100A5000CCFA00280DDBDED094F90430002B86DAC6
:100A600051462846FFF73BFF002805D001DB6FF019
:100A7000010007B0BDE8F08F237903F07F032371F5
:100A800075E76FF01300F4E7DBA40208DDA80208A5
:100A900070B594B01546039103AB05AA09A90646A3
:100AA000FFF754FF0446C0B901464FF4847228464C
:100AB00013F041F89DF818302B70112B04BF089BE0
:100AC0006B60311D07A8FCF757FD05F108030446CC
:100AD00030B90C49184613F0D1F8204614B070BD57
:100AE000059A9DF819109DF81B00009004320A44E5
:100AF0009DF81A1030460A440A99FFF7BBF90446DC
:100B0000EBE700BFDBA40208F0B5012680F84060E7
:100B1000A7B004460430FCF725FD0546002878D12F
:100B200001462C2205A813F006F84FF000432822B6
:100B3000294610A80D9312F0FEFF1A9623681B6A2F
:100B40009D4202D36FF0330020E019A8FCF70AFDA4
:100B500000285ED119AA10A92046FFF798F9A8B974
:100B60000D9B002B34DB01AB1BAA0EA92046FFF71F
:100B700090FB00280ADB0BD1199B0E931A9B0F9355
:100B800000231A4605A9204600F0E8F827B0F0BD7A
:100B9000039A0E99049B0F988A4201D1984217D06C
:100BA000904201D1994213D00E92E8E79DF970303E
:100BB000002B0DDA1DA92046FFF791FE0028E5DB8A
:100BC0001BD01BAA10A9204600F000FA0028DDD196
:100BD0001BAA10A92046FFF71DFB0028E6D0831CA6
:100BE000D4D110AF0FCF05AE0FC60FCF0FC697E809
:100BF0000700013586E80700A0E79DF870301BAAC2
:100C000003F07F0310A920468DF8703009F0D6F963
:100C1000DCE70020BAE72DE9F04F0546B2F1000805
:100C200093B04FF03800894640F2031708BF012700
:100C300013F0CAFF0446A86118B32E69CDF80890D6
:100C400007F00309B9F1010F06F10C0A0BD102AB51
:100C500003AA07A95046FFF779FEB0B99DF81030F6
:100C6000222B37D108E096F84C30002BEFD15046BC
:100C7000FFF74AFF0028EAD0A86913F0ADFF002370
:100C8000AB61002013B0BDE8F08F0230F4D1DDF885
:100C900008B02F21584614F054FE0028ECD1FA0574
:100CA000EAD540F611028DF8120001905846ADF8D1
:100CB00010200CF025FC019B8DF813004FF0FF3243
:100CC0000592069303AA5B4607A950460AF04CFA20
:100CD0000028D1D10023089A6260C4E90773099AF9
:100CE000F768A361A2604FF0FF33039AE260E3620A
:100CF000059A7B6B2261069A6261DBB9B9F1010F3B
:100D000025D1786913F060FF60630028B4D0B3691F
:100D10002360B8F1010FB46108D1AC69286921469C
:100D20000C30FFF7ECFA08B96369236200232B75D6
:100D30000120A7E7B269002A9ED1B9F1010F6363D0
:100D4000E5D004F12C0138460AF07BF9DFE7B869F9
:100D500013F03AFF60630028F3D18DE72DE9F04FDF
:100D60009DB00D460893CB6904920133CB610B1DF6
:100D70000646069308984B6889680593C5E90113F0
:100D800002EB001413469C4212D1059B0C930023E6
:100D90000B910793696830680AF0E6FA044678B167
:100DA00014F1340F00F0898020461DB0BDE8F08FAB
:100DB000D8682A6A02445868121A2A621033E2E795
:100DC00005F11C084FF0FF33102241460DA81027F3
:100DD0000D93FCF7E2FBCDE90187009406F12009B1
:100DE00022466B6849463046FDF76AFD04460028F6
:100DF000D6D18246B84626E0089B9A456CDA049A1A
:100E00004FEA0A1302EB0A1BD358434564D1DBE9CE
:100E100002420DA821460992FCF7BFFB099A0097F0
:100E2000CDE9014249466B6800223046FDF748FD96
:100E300004460028B4D1DBF804309844DBF80C30C9
:100E40000AF1010A1F442B6A23F00043043BBB4212
:100E5000D2D80DF13408CDE90078042302936B68F1
:100E6000002249463046FDF72BFD0446002897D165
:100E70004FF0FF370246776149463046FDF7F8FCF0
:100E8000044600288CD1306803699847044600283E
:100E900086D12B6A0A970AAA009223F000430246E1
:100EA0006968043B3046FEF7C0FF044600287FF423
:100EB0007BAF0A9A0D9B9A423ED04FF0FF333362CC
:100EC0000127002311A90BA8CDE91137FCF754FB2A
:100ED00040BB6FF0330467E74FF0010B0599CDF885
:100EE00000B011AB42463046FEF7C4FF044600286E
:100EF0007FF45AAF5A4611A90DA8FCF74EFB11AB6F
:100F0000CDE90073CDF808B022466B6849463046FB
:100F1000FDF7D6FC044600287FF442AF08F1010833
:100F2000013790E706993046FFF715F80446002888
:100F30007FF43AAF07972DE7079B23B3434611AAE7
:100F40000BA93046FFF7A5F90028FFF62EAF29D0F0
:100F50006B680F934246AB68109311A9304609F0B5
:100F60002DF800287FF421AF311D0BA8FCF704FBFE
:100F700018B96B687360AB68B3603046FFF7C4FDA7
:100F800000287FF412AF3469002C3FF40DAF0699AE
:100F9000201DFCF7F1FA18B96B686360AB68A360B9
:100FA0002468F1E711AA0BA93046FFF76DFC002871
:100FB000FFF6FBAEE7D06B681A93AB681B93002378
:100FC0001A4611A93046FFF7C9FED9E72DE9F04FBF
:100FD00014460D46D279A1798DB0804660790AF029
:100FE000BFF82B6A143023F0004383421DD101AABD
:100FF000291D4046FFF748FC061E12DB099A002A0D
:1010000013DA2B6A63F00043134009936B6A0A9367
:10101000AB6A0B9300231A4601A94046FFF79EFED8
:10102000064630460DB0BDE8F08F2368E279A1791D
:10103000607901930AF094F80023CDE9033302901C
:10104000012301AA29464046FFF788FE06460028EC
:10105000E7D1D8F80C7005F1040B4FF0FF3AD7B97F
:10106000D8F8107005F10408002FDAD04146381D79
:10107000FCF782FA68B9FD6823689D4209D9E279D4
:10108000A17960790AF06CF8BB692D1A1B1AFD6012
:10109000BB613F68E8E75946381DFCF76DFA30B987
:1010A000D7F80C902368994503D1C7E901AA3F6896
:1010B000D5E7FCD9E279A17960790AF051F8A9EB7A
:1010C0000000F860F3E7FEE700487047484D002055
:1010D00010B5074B044640F8243B10F0DBFF2046D8
:1010E000044B40F81C3B10F065F9204610BD00BFD2
:1010F000B8B302082CB4020810B50446FFF7E8FFA5
:10110000204613F069FD204610BD10B590F89130CF
:10111000012B044604D1436E13B1836E0438984703
:10112000022384F891300023636694F84130202B29
:101130000BD1282384F84130044B636320464FF4DD
:101140000041BDE81040F1F75EBA10BDFD2D00086A
:10115000436E1F2BDEBF436E0133436690F8913020
:10116000012B04D1416E7031014409F031BA70474E
:101170000020F1F741BA0020F1F7D4BB0020F1F7CD
:101180003BBA0020F1F7CEBB0020F1F735BA0020C2
:10119000F1F7C8BB2DE9F04F15469A46426EB14BA8
:1011A000D0F86C909A4285B004460E4634D0AE49D1
:1011B0004846F2F78DFEAD490746A06EF2F788FE6D
:1011C000AB490190206FF2F783FED4F874B0A949BF
:1011D00080465846F2F77CFE0090D7B1019BC3B120
:1011E000B8F1000F15D019463846F2F77DFE009988
:1011F00007464046F2F778FE014680463846F2F749
:1012000073FE60662FB1B8F1000F02D0002840F0E5
:10121000F98005B0BDE8F08FB9F1FF3FF9D1836ED9
:101220000133F6D1036F0133F3D1436F0133F0D1B2
:101230004FF40073A3614FF48273676E63608E4B4B
:10124000276018682FB18D4B9F4240F0E280F2F783
:10125000F9F9B6EB500F80F0F480B6EB900F80F008
:10126000F280B6EBD00F80F0F080B6EB101F80F06C
:10127000EE80B6EB501F80F0EC80B6EB901F80F054
:10128000EA80B6EBD01F2CBF30233823E361002D5A
:1012900000F0E380022D00F0E280013D18BF01253F
:1012A0006D000123C4E904530723E3624FF4E063B4
:1012B000E360BAFA8AF35B090026DB01C4E9083669
:1012C000684BA6609F42A662666329D0664948467D
:1012D000F2F7F2FD6549A06EF2F7EEFD276F644963
:1012E0003846F2F7E9FD3B09B54214BF012202225C
:1012F00013F00C0F02BF624903F00F0301EB8303ED
:1013000007F00F0708BFD3F818055E4B18BF30462B
:1013100053F82710F2F741FD5649606FF2F7CCFD04
:101320002368564A934240F0B3804FF48050F2F75E
:1013300001FE4FF0B0431A6C42F480521A641A6CEA
:1013400022F480521A64656A67680023002D40F019
:10135000C980B7F5827F00D0E561A36294F85D3063
:1013600003F0FF020BB984F85C202268E068A169F1
:10137000022384F85D30136823F040031360B0F556
:10138000E06F4FF000038ABF1E464FF48056B0F561
:10139000706F18BFA362A36807F4827703F4044355
:1013A0003B43276907F002073B43676907F00107E2
:1013B0003B4301F400773B43E76907F038073B43C1
:1013C000276A07F080073B431360636B05F0100545
:1013D00003F008032B4300F47060090C034301F091
:1013E00004010B4333435360D36923F40063D36197
:1013F00000232366012384F85D30136843F0400323
:10140000136006E7BBF1FF3F3FF412AF4FF48023B8
:1014100010E71D4B9F4202D1F2F702F919E7114B79
:101420009F427FF416AFF1F7F9FD4FF0B043174A32
:10143000D3F8083103F00F0352F82330B0FBF3F078
:1014400007E7002322E7082320E710231EE71823DD
:101450001CE720231AE7282318E72B4622E700235E
:1014600020E700BF00000158348502087C8502088F
:10147000C48502081886020864000020003001407C
:1014800054810208945E020800380040705A020835
:10149000164A93420ED14FF48040F2F7F7FB4FF01B
:1014A000B0439A6B42F480429A639A6B22F4804272
:1014B0009A6348E70E4A93427FF445AF4FF0B0433A
:1014C0005A6E42F001025A665A6E02F0010203920D
:1014D000039A5A6C42F001025A645A6C22F00102DB
:1014E0005A6430E7C4E9043337E700BF00380040EE
:1014F0000000015870B500230D461646FDF73CFD6F
:10150000044618B931462846FCF7A5FB204670BDB5
:10151000F0B5802A85B073F100010646D4B201A966
:1015200006D28DF804400122FCF7DAFA05B0F0BDCE
:10153000D50904F07F040846002253EA050C17463B
:1015400002F1010208D13A4602F110036B44013264
:1015500003F80C4C3046E7E764F07F04042A00F8F7
:10156000014B05F07F044FEAD515E6D1002BEBD0F7
:10157000180100F070000443DB08002BE4D064F095
:101580007F04545403F07F040132DB09F5E770B5A2
:10159000002304460D461646FFF7BAFF30B1324627
:1015A00029462046BDE87040FCF79ABA70BD10B4D9
:1015B0008C7D4B8A04F00F04022C16D1012B04D130
:1015C000CB691A78002310BCA2E7022B02D1CB69A9
:1015D0001A88F7E7042B02D1CB691A68F2E7082BC7
:1015E00024D1CB69D3E90023EDE7012B0DD1CB69E1
:1015F00093F90020D317032CE5D1921843EB030194
:1016000082EAE37281EAE373DDE7022B03D1CB695F
:10161000B3F90020EEE7042B02D1CB691A68E9E7A1
:10162000082B03D1CB69D3E90023E4E70369044A1B
:1016300010BC002B08BF134603610020704700BF99
:1016400042A702082DE9F04186B00E461746002158
:101650001422044601A812F06EFA3A46314601A857
:1016600000F0CCF910B9059B236108E0049D4FF010
:1016700000082A4643462046FFF74AFF18B90020D3
:1016800006B0BDE8F081216821B92A462046FCF762
:1016900027FAF5E7E368A2682B44934205D923694A
:1016A0000E4A002B08BF1346DEE7636801913A46F5
:1016B000314601A8CDE90235CDE9048800F09EF954
:1016C000049AE3681344E360AA42029B6360059BAB
:1016D00001D12361D4E7024AE3E700BF36A702083D
:1016E000E0A80208CB6970B504460D46002B7DD0FA
:1016F0008A7D098A09F0E2FB00286FD0A87D00F0FE
:101700000F030B2B6FD8DFE803F006101010151530
:101710001B324F4F6E6BEB691A78003A204618BFA8
:101720000122BDE870400023F2E629462046BDE8CC
:1017300070403CE729462046BDE87040FCF7F2B90E
:10174000E96909B90A460EE03F280A880AD86B8A77
:10175000023B934206D22369254A002B08BF134659
:1017600023613BE002312046BDE870400FE700F006
:10177000C00080286B8AE9690ED013B923691D4A1D
:10178000EBE7013B0029DDD000229A42885C06D0BD
:101790000028E8D00132F8E74FF0FF33F2E70028E5
:1017A000E1D02369144AD8E76A6A12B92369134A57
:1017B000D3E7092B05D0EA69696A2046BDE8704085
:1017C00040E72A6A002AF6D052F8083C002BF2D0F3
:1017D000043A2946204698470028ECD1002070BDE5
:1017E0006A8AE969BFE72369054AB6E70120F6E797
:1017F000F4A8020808A902081BA90208A2A8020866
:10180000D4A702082DE9F0438B7D03F03002302A83
:1018100087B005460C4608D10A6A1188228A91428F
:101820000AD0012007B0BDE8F083102A28D10A6A47
:10183000B2B11278002AF4D0E269002AF1D003F0A4
:10184000C003402B16D12368DB68002BE9D0224669
:101850002946002098470028E3D12B69634A15E008
:101860003F2BE9D80846FCF789FA0028D9D1E3696B
:10187000002BD6D02146284607B0BDE8F04331E71B
:10188000C96949B9002ACCD10369594A002B08BF5C
:1018900013462B610020C5E703F0C0014029D2D0D8
:1018A000202AE7D1226A1688002EBAD0802923D1B7
:1018B00003F00F03052B60D8228AD20042F0020207
:1018C00000232846FFF724FE0028E3D0A37D03F081
:1018D0000F03042B16D1B7003A4600232846FFF722
:1018E00017FE0028D6D0296879BB3A46284607B0AB
:1018F000BDE8F043FCF7F4B8A28AB242D8D203693B
:101900003C4AC3E7052B01D1F700E5E7142200218B
:1019100001A812F010F9D4F81C800027214601A874
:10192000FFF745FE28B92B69002BB2D1059B324A3F
:10193000ACE7E369628A01371344E361BBB29E42BC
:10194000ECD8049FC4F81C80C6E70027A37D03F0F1
:101950000E03042B214628460CD1FCF7E3F800289F
:1019600098D0E369628A01371344E361BBB29E42B7
:10197000ECD856E7FFF71BFEF1E74FF00008A27D19
:1019800002F0CE03862B2BD1E769D7F80090C4F87C
:101990001C90B9F1000F1BD1218A284609F08EFA5C
:1019A00008B9E76176E7012201A928468DF804907D
:1019B000FCF796F80028F4D0E761E369628A08F141
:1019C00001081344E3611FFA88F3B342D7D328E731
:1019D00021462846FFF786FEE7610028EDD159E74A
:1019E00021462846FFF77EFEF7E700BF2FA9020831
:1019F0004AA802083EA9020856A9020830B595B0C7
:101A000004466846FCF705F970B39DF8163003F0FC
:101A10000F030A2B21D1079B1D681DB96846FBF7F0
:101A200098FEF1E72B685B68294623B1204698476A
:101A300058B1AD68F1E70AA8FCF7FAF840B9236994
:101A40000A4A002B08BF13462361002015B030BDA1
:101A50000AA92046FFF7D6FEEAE769462046FFF7C7
:101A6000D1FE0028DAD1F0E70120EFE717A802083D
:101A700030B50B4D01444FF0FF33814201D1D843C3
:101A800030BD10F8012B5340082243F30004013A03
:101A90002C4012F0FF0284EA5303F6D1EDE700BFB9
:101AA0002083B8EDF0B5454B044618688BB0B0B153
:101AB0004389042B13D18389042B10D190F8FA3079
:101AC0006BB1F3F76FFE50B994F859303BB1012375
:101AD000E37284F85900002528460BB0F0BD384B5E
:101AE00000211868F3F756F910B90123E372F2E701
:101AF000344FD7F85004B0B10421F7F7F5FA94F851
:101B00005A3083B994F85830002B41D158B12E4B3C
:101B10002E4A1B681B1A934205D80123E372002347
:101B200084F85A30D7E70026294DE67284F85A60C7
:101B300095F89630002B33D1264A6B681021684601
:101B400013F0FAFD06AB684604930BF0D9FC4FF096
:101B500000030DEB0002694604A8F3F780F804992E
:101B60001D4812F08BF804A810F094FAD7F850042E
:101B700010B10421F7F722FC2046F9F7E5FC164BDB
:101B8000A2690546E9211030F7F782FCE881A3E756
:101B90000028C8D00C4B1B684EF65F221B1ABAE710
:101BA000B5F89830002BC7D02022314605F19A00B5
:101BB00011F0C1FFA5F89860BEE700BFCC48002037
:101BC0001C1D0020F4480020E8040020BF27090065
:101BD000D40A002055A00208260B0020F8B50446C0
:101BE0007C3006F06CFBD4E92267BE4208D0354653
:101BF00028460C3506F02CFBAF42F9D1C4F88C60B6
:101C0000012384F89430F8BDF8B5D0E92267BE42CC
:101C1000044608D0354628460C3506F019FBAF427D
:101C2000F9D1C4F88C60002384F89430F8BD184BC7
:101C300070B5D0E9225603603C330446C362AE421D
:101C40001CD1D4F8880008B112F0C6FF04F17C0062
:101C500006F0FEFA254604F1700006F0F9FA04F1E8
:101C60002C000AF049F855F8200FA8420BD1094B77
:101C700023602046F5F7B6FD204670BD284606F0E5
:101C8000E7FA0C35DBE7066812F0A6FF3046ECE712
:101C900084860208E8860208A0F12C00C7E710B588
:101CA0000446FFF7C4FF204612F096FF204610BD01
:101CB000A0F12C00F3E72DE9F04FD1F804318BB0FF
:101CC00005460F46144603BBA14604F1040A04F17D
:101CD000240604F126084FF0FF313846F4F7B8F82F
:101CE000002850DAAF4E7A6873680193D7F8043150
:101CF000002B6FD0B4F850A004F12E0804F1300B83
:101D000004F1500904F152036DE0A64B11885868A4
:101D10007B68834216D0002399421A4609D904EB06
:101D20008202013352688242DBB2F5D1FF2B5EB2F0
:101D300009D104F12E0904F1300A04F1500604F12E
:101D40005208C8E70026B14216BF04EB8603D7F855
:101D50000080D3F80480B8F1FF3FEAD023889E4288
:101D600008DB3868414606F071FDD7F80431002BD6
:101D7000DFD1A9E704EB860341465868013606F037
:101D800065FD76B2EAE7B9F80030C01A40B2002229
:101D90004FF0FF3C51B28142B9F8003011DB32887C
:101DA0009B1A5BB20022802051B299429ADA3188A4
:101DB00007299FBF08F801003188013131800132C5
:101DC000F2E7072B9EBF4AF823C00133A9F8003081
:101DD0000132DFE7B4F824A0A04604F1040B04F1BB
:101DE000240904F12603BAF1070F039311D8D7F899
:101DF0001C0102924FF081410BF026FD0BF074FEA6
:101E0000039B029A03F80A00B9F800300133A9F8DD
:101E10000030019B9A4209D0B8F80030072B9FBFD1
:101E200072684BF823200133A8F800305E4A23463D
:101E3000E92107F11000F7F72BFBF881D5F898C0DE
:101E4000BCF1000F20D0D7F8043103B33B68A3EBFB
:101E50000C00434243410022B4F800800020C1B28C
:101E600041451ADB0021E78D4FF0000E5FFA8EF03E
:101E7000B8421ADBB8F1000F00F0A280002F40F04A
:101E8000A680C9B9C3B9BAB90BB0BDE8F08F7A68FA
:101E90007168511A4A424A41DEE704EB8101013080
:101EA00049688C45DBD10121DDE70C300EF1010ED4
:101EB00054F820008445D9D13C4904A806F0EDF936
:101EC00023887068002B00F0C48006F09CFC01465B
:101ED00004A806F038FA4FF000084FF000094FF060
:101EE0007A5B238832495FFA88F79F4204A878DB3F
:101EF00006F029FAD5F8980006F085FC014604A8FA
:101F000006F021FAA38C0BB3234493F925308033D8
:101F10001CD0284904A806F016FAA38C234493F990
:101F200025000BF03DFC4FF07A510BF08DFC014683
:101F300007A806F0C1FB07A904A806F001FA07A844
:101F400006F086F91C4904A806F0FDF91B4904A80F
:101F500006F0F9F9E38DD5F89800002B40F09B804E
:101F600006F051FC014604A806F0EDF9104904A85A
:101F700006F0E9F9706806F046FC014604A806F090
:101F8000E2F9B4F85030002B00F0C58094F95230DB
:101F9000803300F0C080074904A806F0D4F994F912
:101FA0005200A3E0D40A0020C8820208F4A9020863
:101FB0005DA9020861A9020863A90208E9AB020849
:101FC00000293FF45FAF002F7FF476AF5AE7002B74
:101FD0007FF472AF002A7FF46FAF00293FF454AF53
:101FE0006AE706F0B0F904EB8703586806F00BFCCB
:101FF000A38CBB4282462AD9274497F9260010F1C8
:10200000800F24D00BF0CCFB59460BF01DFC07468B
:10201000514604A806F097F9494638460BF0C8F92E
:1020200090B9694904A806F08EF9394607A806F068
:1020300043FB07A904A806F083F907A806F008F9EE
:10204000624904A806F07FF908F1010849E74F4604
:10205000DEE706F0D8FB014604A806F074F95C49F7
:1020600004A806F070F9D5F8980006F0CCFB0146FC
:1020700004A806F068F9A38C002B3FF467AF94F92D
:10208000263080333FF462AF4F4904A806F05BF975
:1020900094F9260045E706F0B6FB014604A806F0D1
:1020A00052F9E78D013F7FB24FF000094FF07A5BA4
:1020B0003B06474904A84DD506F045F9706806F07F
:1020C000A2FB014604A806F03EF9B4F8503013B361
:1020D000234493F9513080331DD03B4904A806F0C6
:1020E00032F9B4F85030234493F951000BF058FB07
:1020F0004FF07A510BF0A8FB014607A806F0DCFA76
:1021000007A904A806F01CF907A806F0A1F82F49B2
:1021100004A806F018F904A92846FFF75FFD02237A
:1021200085F859302B4B1B682B660023C5F8983077
:1021300005F12C004FF47A71F2F7B0FE012307A9E4
:1021400005F120008DF81C3006F04CFB04A806F0C9
:102150007FF899E606F0F7F804F1300353F827000A
:1021600006F051FBB4F85030BB42824629DD04F141
:102170005203D85710F1800F23D00BF011FB5946B2
:102180000BF062FB8046514604A806F0DCF8494695
:1021900040460BF00DF990B90B4904A806F0D3F8AE
:1021A000414607A806F088FA07A904A806F0C8F86F
:1021B00007A806F04DF8054904A806F0C4F8013F49
:1021C00076E7C846DFE700BF61A9020863A90208F5
:1021D0005DA90208E8040020A0F12C000CF0BCB9B5
:1021E000406C18B970478B4204D018300378002B2C
:1021F000F9D11846704790F8282012B103681B6C7B
:10220000184770470648074B074A1B68B3FBF2F3B1
:1022100010B544684B434268121B9342FBDC10BD6F
:10222000001000E06400002040420F00014B1868DD
:10223000704700BFE8040020DFF838C0F0B5002484
:10224000944200D1F0BDC5690E5D2D68DCF80070C8
:10225000AF68BF07FCD52E73AE68F607FCD52E7BA2
:10226000DCF80070F6B2AF683F06FCD41E550134AE
:10227000E6E700BFE80400207047C369002B42D0A6
:10228000022283F85D201A68116821F04001116074
:102290000021196683F85C1083F85D101A4B9A428E
:1022A0000ED14FF0B0431A6C42F480521A641A6C8B
:1022B00022F480521A641A6E22F480521A66704711
:1022C000124B9A420ED14FF0B0439A6B42F48042C7
:1022D0009A639A6B22F480429A639A6D22F4804248
:1022E0009A6570470A4B9A420DD14FF0B0435A6C31
:1022F00042F001025A645A6C22F001025A645A6E8A
:1023000022F001025A667047003001400038004058
:10231000000001587047CBB2192B09D80E4A52F869
:10232000233001F4E0601843431C18BF084670478F
:1023300001F0C002C02A0CD1C82B0AD8074B01F00B
:102340003F0201F4E06053F82220034B53F822309F
:10235000E9E74FF0FF3070471883020880830208D6
:102360000368D3F8D43018470368D3F8D830184737
:10237000012A02D1016000207047022A05D0032AF9
:10238000F9D0002AF7D10260F5E70B680360F2E7A5
:102390004AB116290B466FF00800A8BF16238342E6
:1023A000B8BF034613700931C9B21F298CBF6FF043
:1023B0000C000020704710B5012986B006D0022914
:1023C0002BD0C9B16FF0130006B010BD0022036816
:1023D0000592194A04924FF0080C0A22CDE9022C0A
:1023E0004FF0120E0722CDE9002E1449D3F8E84031
:1023F000134A0923A047E7E70F4A03680392102412
:102400000A22CDE901240F4A04910092D3F8EC404E
:102410000D4A0E4B0949A047D6E7002302680393F3
:10242000054B02930A210123CDE900310349D2F87B
:10243000F4400622A047C7E7CDCCCC3F0000D943EB
:102440000000FA4233331C439A9999400000A0409F
:102450002DE9F3411D4603681B6904460F461646E5
:102460009847002844D16DB92368002EDB6F14BF54
:102470003146FF21204698474FF47A7300EB8000E5
:10248000B0FBF3F528460BF087F92B490BF0DCF98C
:102490002A490BF08DFA0BF04DFB236800220092C5
:1024A000D3F81C800146022340F272222046C04726
:1024B000F0B9A36C186803685B6A98478046A36C00
:1024C0001868596A026812699047A0B1002523680C
:1024D00020461B69984718B16FF43073984207D1B2
:1024E0002368C5B123682046DB6A98476FF0050072
:1024F00002B0BDE8F081A36C186803685B6D984773
:10250000A36C186803685B6A9847A0EB08008542D3
:10251000D5D20125DBE7D3F8843020469847236BDA
:102520001842DFD123681B6B32463946204602B081
:10253000BDE8F041184700BF00007A4400007A412E
:1025400030B5074B05460FCB85B06C4684E80F00CD
:102550002B682146D3F8A0302846984705B030BDF7
:10256000648A0208036810B5D3F89430044698478B
:1025700028B110BDA36C186803685B6D9847A36C05
:102580001868596A0268126990470028F2D02368D7
:102590002046D3F89830BDE810401847036810B5BE
:1025A000D3F8E43044F2FF310446984728B9236851
:1025B00020461B69BDE81040184710BD13B50368DD
:1025C00000220092DC6940F2722202236FF07F4108
:1025D000A04702B010BD30B5074B05460FCB85B004
:1025E0006C4684E80F002B682146D3F894302846C7
:1025F000984705B030BD00BF648A020882B02DE95B
:10260000F041012906A880E80C000B9C9DF826608B
:102610009DF8277009D0022975D000294BD06FF0A2
:102620001300BDE8F04102B070479DF8188042F2F7
:10263000107000FA08F00BF0AFF851490546079802
:102640000BF002F9014628460BF0B2F90BF072FAD2
:10265000A8F10503DBB2012B9DF8283005468BBF9E
:1026600008210021112019200BBB4FEA880304EB3D
:102670004707002EC8EB47020CBF1426002601EBCB
:102680008201DBB2314409B25A1E0029A8BF521898
:1026900092FBF3F3BDF824209DF820109BB2083282
:1026A00001FB032300EB830068438008B9E7A8F12E
:1026B00002039B00DBE7F8000BF072F8054630469A
:1026C0000BF06EF8014628460AF0B6FF0546BDF845
:1026D00024000BF065F8014628460AF0ADFF0546D8
:1026E000E0000BF059F8014628460AF0A5FF2549FD
:1026F000044606980BF05CF9014620460BF058F9A9
:102700000BF018FA8DE79DF81930032B34D8DFE869
:1027100003F002282D300623634304330522B3FB64
:10272000F2F39CB23022B4FBF2F303EB830000EB34
:10273000800002FB13444000A4B280B214B1023402
:10274000204480B29DF82430C3EBC30203EBC203E4
:1027500000EB43000C4B80B258430BF01DF80B49C3
:10276000CCE704EB4404C4F34F04DBE76400A4B2F9
:10277000D8E704EB4404FAE76FF0090051E700BF23
:102780000000204100007A4400127A001D24F44326
:1027900008B508460BF000F802490BF009F90BF0F8
:1027A000C9F908BD00007A41036889B2D3F8E43062
:1027B0001847806C704700F00E03062B0BD0082BD7
:1027C0000CD00A2B0CD00138C0B2FD288CBF6FF0A2
:1027D0000100002070476FF4307070470148704767
:1027E000014870473EFDFFFF3DFDFFFF10B5B0F80B
:1027F0009230B0F89610B0F89040024603F0010015
:102800005B0818B1B2F8940043409BB2994214BFE0
:1028100081EA030008468442F0D3A2F8923010BD4A
:10282000836C2DE9F0411D682A6804465769926D52
:102830000E462846596A9047A36C1B6801463246EB
:102840002846BC465B69BDE8F0416047836C70B5C3
:102850001C68596A226820469569926D90472B46FC
:1028600001462046BDE8704018470368D3F8D430CD
:1028700018470368D3F8D830184730B585B004AC92
:1028800004E90E009DF82030029C032B07D1036859
:1028900008A9D3F8C430984718B105B030BD4FF03F
:1028A000FF309DF82030CBB9019D1F4928460AF022
:1028B0009DFD68B31D4928460AF08EFD40B31A49B4
:1028C00020460AF093FD30B3194920460AF084FDF2
:1028D000002814BF00206FF06500DEE7012BDCD17B
:1028E0009DF80430053B072B18D8002120460AF03C
:1028F0007DFDB0B10F4920460AF06EFD88B19DF80C
:102900000C30043B042B94BF00206FF00900C4E797
:102910006FF06400C1E76FF06500BEE76FF008007C
:10292000BBE76FF00700B8E79A99193F000096439C
:10293000000048430000FF436FF0180070476FF03D
:10294000180070476FF018007047036800215B693A
:1029500018476FF0180070471FB50293069B03934A
:102960000368CDE90012D3F8C8306A460221044654
:10297000984720B923682046D3F8CC30984704B054
:1029800010BD30B585B00025CDE902558DF8083071
:102990000368CDE90012D3F8C8306A460321044623
:1029A000984720B923682046D3F8CC30984705B023
:1029B00030BD6FF0180070476FF0180070476FF06F
:1029C000180070476FF0180070476FF018007047DC
:1029D0006FF01800704784B004A800E90E006FF093
:1029E000180004B07047002070470148704700BFCE
:1029F0000000C8C182B08DE80C00002002B0704712
:102A000000207047002330B51A4601250C3005FA26
:102A100003F40C4204D050F823401F2C18BF22436B
:102A20000133202BF3D1104630BD6FF018007047F2
:102A30006FF0180070470020704770476FF0180063
:102A400070471020704720207047214B0A781A44A5
:102A5000127C02704A791A44127C42708A7A1A44B3
:102A6000127C8270CA7B1A44127CC2700A791A44A2
:102A7000127C02714A7A1A44127C42718A7B1A448F
:102A8000127C8271CA781A44127CC2710A7A1A4482
:102A9000127C02724A7B1A44127C42728A781A446F
:102AA000127C8272CA791A44127CC2720A7B1A445E
:102AB000127C02734A781A44127C42738A791A444F
:102AC000127C8273CA7A13441B7CC373704700BFA5
:102AD000648A0208284B0A781A4492F8102102707E
:102AE0004A7B1A4492F8102142708A7A1A4492F86A
:102AF00010218270CA791A4492F81021C2700A79A2
:102B00001A4492F8102102714A781A4492F810215E
:102B100042718A7B1A4492F810218271CA7A1A444F
:102B200092F81021C2710A7A1A4492F810210272A6
:102B30004A791A4492F8102142728A781A4492F81B
:102B400010218272CA7B1A4492F81021C2720A7B49
:102B50001A4492F8102102734A7A1A4492F810210A
:102B600042738A791A4492F810218273CA78134406
:102B700093F81031C3737047648A0208F0B50E7879
:102B800091F801C08D78CF78F40904EB44044FEA42
:102B9000DC1104EBC40401EB410184EA46048CEA35
:102BA000050E01EBC101E4B287EA0E0E81EA4C0189
:102BB000C9B2EB0984EA0E0E81EA0E0EFA0903EBA4
:102BC000430303EBC30302EB420280F800E086EA12
:102BD000050E83EA450387EA0E0E86EA0C0602EB31
:102BE000C202DBB282EA470281EA0E0177407540F9
:102BF000D2B259406C407B40534062404170837078
:102C0000C270F0BD2DE9F04F91F800B04E78CF784A
:102C10008D784FEADB1303EB430303EBC30387B069
:102C200083EA4B03DBB20193F309FA0903EB430395
:102C300003EBC30302EB420283EA460302EBC20248
:102C400082EA4702DBB20293D3B24B4A039302EB10
:102C5000961402EB971C94F810429CF810C284EA78
:102C60008604E3B28CEA870C04935FFA8CF302EBE0
:102C70005B1C02EB95149CF810A2059302EB561C0A
:102C8000019B9CF8108294F8104202EB551C84EAD8
:102C900085049CF810E202EB571C02EB9B129CF897
:102CA00010C292F8109286EA05027A405A40029BBE
:102CB000E4B288EAC6085A405FFA88F88AEACB0A82
:102CC0008EEAC50E62405FFA8EFE5FFA8AFA8CEADF
:102CD000C70C89EA8B0988EA02025FFA8CFC8AEA4F
:102CE00009098EEA0202E9095FFA89F98CEA02020F
:102CF00089EA020201EB4101027001EBC1018BEA9A
:102D000005027A4081EA4501C9B25340049A4B401A
:102D10005340059A53408AEA030388EA03038EEA84
:102D200003038CEA03038BEA060643707740039B98
:102D3000039A79405940019B75406B405340049A77
:102D40005340059A4C40534088EA04048AEA030A37
:102D50008EEA040488EA0A088CEA04048EEA080E63
:102D600089EA04098CEA0E0C80F8029080F803C00E
:102D700007B0BDE8F08F00BF648A02082DE9F0417A
:102D8000846888B0531E0D46671E0F3204AE13F8D8
:102D9000011F17F801CF934281EA0C0106F8011BCD
:102DA000F5D1077910343E46A046012E1BD87B1E74
:102DB000002FDBB24FEA031308BF00231C4404A911
:102DC0006846FFF742FE013D631E0F3413F8011FF2
:102DD00010F8012BA34282EA010205F8012FF5D178
:102DE00008B0BDE8F08104A96846FFF72EFE6946E9
:102DF00004A8FFF7C3FE01A905A8FFF7BFFE02A9BB
:102E000006A8FFF7BBFE07A803A9FFF7B7FE08F166
:102E1000FF3304AA08F10F00117813F801CF81EAFB
:102E20000C01834202F8011BF6D1013E08F11008A3
:102E3000F6B2BAE72DE9F0438468077989B00D4608
:102E400004EB071404A9531E661E0F32894613F8BB
:102E5000010F16F801CF934280EA0C0001F8010B34
:102E6000F5D149466846FFF735FE3E46A046012E9D
:102E7000A8F1100819D87B1E6FF00F02DBB2002FEB
:102E800002FB03F308BF00231C44A2186B46013D5C
:102E900012F8010B13F8011BA24281EA000105F8A8
:102EA000011FF5D109B0BDE8F0836A46434608F139
:102EB0001000117813F801CB81EA0C01834202F86B
:102EC000011BF6D169464846FFF79CFE01A905A8FB
:102ED000FFF798FE02A906A8FFF794FE03A907A82A
:102EE000FFF790FE013E49466846FFF7F3FDF6B254
:102EF000BDE730B50A4B4D789C181D4494F8184234
:102F00002A7C624002708A781A44127C4270CA7825
:102F10001A44127C82700A7813441B7CC37030BD43
:102F2000648A02080A78084B1A44127C02704A78B4
:102F30001A44127C42708A781A44127C8270CA78D1
:102F400013441B7CC3707047648A02082DE9F04F5C
:102F50009FB016AD0A91041D00F12403AB46206812
:102F600061682E4603C608349C423546F7D1531E8D
:102F7000CDF824B00F3212A85C4613F8015F14F8A4
:102F8000011B934281EA050100F8011BF5D10EA84F
:102F900012A9FFF75AFD014612A8FFF7EFFD0FA98E
:102FA00013A8FFF7EBFD10A914A8FFF7E7FD15A87C
:102FB00011A9FFF7E3FD0DF1670012AA10231178A4
:102FC00010F8014F013B614013F0FF0302F8011BB1
:102FD000F5D101220DA81DA90B92FFF78AFF9DF8DC
:102FE00058A09DF834309DF859909DF85A809DF86E
:102FF0005B709DF860109DF85D2002928AEA030ADA
:103000009DF835308DF858A089EA03099DF83630CF
:103010008DF8599088EA03089DF837308DF85A806A
:103020005F409DF85C3001938AEA03038DF85C30C1
:103030004B4000938DF860309DF861308DF85B70E7
:1030400089EA02069DF85E208DF85D605E409DF87D
:103050006230039288EA02059DF85F208DF85E5089
:103060005D409DF86330049287EA02048DF85F406A
:103070005C408DF861608DF862508DF863409DF87A
:1030800064300593059A009B53408DF864309DF899
:103090006530069373408DF865309DF86630079370
:1030A0006B408DF866309DF86730089319A963402E
:1030B0008DF86730FFF736FF9DF868109DF83430C3
:1030C0009DF835009DF86AC09DF837E059409DF89D
:1030D00069308DF8681043409DF836008DF86930EE
:1030E0008CEA000C9DF86B008DF86AC080EA0E0037
:1030F0009DF86CE08DF86B0081EA0E019DF86DE0A3
:103100008DF86C1083EA0E039DF86EE08DF86D303B
:103110008CEA0E0C9DF86FE08DF86EC080EA0E0010
:103120009DF870E08DF86F0081EA0E019DF871E066
:103130008DF8701083EA0E039DF872E08DF87130FF
:103140008CEA0E0C9DF873E08DF872C080EA0E00D8
:103150009DF874E08DF8730081EA0E018DF874100B
:103160009DF875104B408DF875309DF876308CEADF
:10317000030C9DF877308DF876C058408DF87700B5
:1031800012A90EA8FFF761FC014612A8FFF7F6FC92
:103190000FA913A8FFF7F2FC10A914A8FFF7EEFC83
:1031A00011A915A8FFF7EAFC0B9ADC4612A9102317
:1031B00008781CF801EB013B80EA0E0013F0FF03D6
:1031C00001F8010BF4D10EA812A90B92FFF73DFCF8
:1031D000014612A8FFF7D2FC0FA913A8FFF7CEFCF7
:1031E00010A914A8FFF7CAFC11A915A8FFF7C6FC7F
:1031F0000B9A0DF1670C12A9102308781CF801EF47
:10320000013B80EA0E0013F0FF0301F8010BF4D13B
:103210000132D2B2072A7FF4DDAE1DA90DA8FFF757
:1032200068FE9DF837309DF834009DF835109DF804
:1032300036205F408DF85B70019F47408AEA000AA4
:103240008DF85C703846029F8DF858A04F4089EA8F
:1032500001098DF85D703946039F8DF859905740EC
:1032600088EA02088DF85E703A46049F8DF85A800D
:103270005F403B465C408DF85F708DF86340009F77
:10328000059C4740444006988DF8607048404E4089
:1032900007998DF8650051405540089A8DF86610E1
:1032A0005A4012A90EA88DF867208DF861608DF83C
:1032B00062508DF86440FFF7C8FB0A9B5A1E0F331B
:1032C000099D10F8011B15F8014B0995614002F8A2
:1032D000011F9A42F4D11FB0BDE8F08F2DE9F04FE5
:1032E00097B00EAD039100F1240400F14403AB4606
:1032F000206861682F4603C708349C423D46F7D1D9
:103300000AA9531ECDF804B00F325C460D4613F8DF
:10331000017F14F8010B9A4280EA070001F8010BC3
:10332000F5D1294606A8FFF7D5FBDDE910019DF888
:1033300040709DF841209DF842309DF843409DF833
:1033400038909DF8398041409DF83C00119187EA02
:1033500000018DF840109DF83D109DF83A704A40EC
:103360008DF841209DF83E2053408DF842309DF865
:103370003F305C408DF843409DF83B4080EA0900B7
:1033800081EA08017A4063408DF83C008DF83D10D9
:103390008DF83E2015A9072205A88DF83F30FFF7CC
:1033A000A8FD9DF8143089EA03099DF815308DF8C1
:1033B000389088EA03089DF816308DF839805F4010
:1033C0009DF817308DF83A705C408DF83B4006242C
:1033D00006AB0DF1470602933746194600220878DE
:1033E00017F801CF0132D2B280EA0C00102A01F89E
:1033F000010BF4D106A92846FFF704FC07A90BA886
:10340000FFF700FC08A90CA8FFF7FCFB09A90DA811
:10341000FFF7F8FB294606A8FFF75CFB5F4601466D
:103420000022087817F801CB0132D2B280EA0C00F2
:10343000102A01F8010BF4D106A92846FFF7E2FB98
:1034400007A90BA8FFF7DEFB08A90CA8FFF7DAFB1A
:1034500009A90DA8FFF7D6FB294606A8FFF73AFBF6
:10346000DDE914129DF850009DF84C709DF85180D4
:103470009DF852E09DF848A09DF849909DF853C0F2
:103480004A40159280EA07029DF84D009DF84E10C3
:103490008DF8502088EA000287EA0A079DF84A80E2
:1034A0008DF851208EEA01028DF852208DF84C7073
:1034B0009DF84F209DF84B7080EA090081EA0801D1
:1034C0008CEA020C8DF84D007A408DF84E1005A85C
:1034D00011A98DF853C08DF84F20FFF723FD9DF8FB
:1034E00014209DF83CC09DF843E08AEA020A9DF84A
:1034F00015208DF848A089EA02099DF816208DF85C
:10350000499088EA02089DF817209DF841908DF8AF
:103510004A8057408DF84B709DF840709DF842806E
:103520009DF838A087EA0C07DDE910128DF840708D
:103530009DF83D7089EA07094A408DF841909DF851
:103540003E109DF83990119288EA010887EA090730
:103550009DF83F208DF842808DF83D709DF83A80AF
:103560009DF83B708EEA020E81EA08017A408CEAEF
:103570000A0C8DF83E108DF83F2015A922468DF8D3
:1035800043E08DF83CC0FFF7B4FC9DF814208AEAB4
:10359000020A9DF815208DF838A089EA02099DF8E5
:1035A00016208DF8399088EA02089DF817208DF8CA
:1035B0003A80013C574014F0FF048DF83B707FF4D3
:1035C00007AF06AA117816F8010F0134E4B24140A2
:1035D000102C02F8011BF5D106A92846FFF712FBB3
:1035E00007A90BA8FFF70EFB08A90CA8FFF70AFB19
:1035F00009A90DA8FFF706FB294606A8FFF76AFAF6
:10360000039B039A013B02F10F060299019811F8FE
:10361000012B029110F8011B01904A4003F8012F81
:103620009E42F2D117B0BDE8F08F40680368DB68B6
:10363000184770B50446406803689B680D461646F7
:103640009847102807D160680368324629461B69ED
:10365000BDE870401847002070BD2DE9F0470446D2
:103660000F4616461D4600F1080800F118094FF0F4
:10367000000A0DB9BDE8F08794F828300F2B0ED85A
:1036800094F82800C0F11000C0B2A84220D82D1A2A
:1036900006EB000C394666451CD10744E9E7606833
:1036A000036849465B694246984794F8290084F8C4
:1036B00028A0102101238842E2D24A1ED1B254FA36
:1036C00082F292F808C063441372C3F30F23F2E747
:1036D000E8B2DCE794F8283016F8012B03F1010E6C
:1036E000234484F828E01B7E534001F8013BD2E7D5
:1036F00010B40468A469A44610BC60472DE9F047E3
:10370000CC691326E30F0D1F24F000440027A3FB10
:103710000636CC61AC46B9464FF0260EDCF8248064
:103720005CF8044FCA46E8FB0E4A0137E418FFB2C2
:1037300046EB0A03BA42CCF800404FF00006EDD148
:10374000082A0CD051F82240E41841F8224002F136
:103750000102D4B246F100030026082CF1E726242A
:10376000A3FB043204FB0622CC691326E70FE7FB18
:10377000063224F000460C462F4644F81C6F57F8DA
:10378000046FF61842F10003BC423E604FF00002A5
:10379000F5D12E46132756F8043FDB1942F10007F6
:1037A000B44233624FF00002F5D1CB6BDE1723F049
:1037B0000043CB63043855F8042F2B6A5340334041
:1037C0005340AC4240F8043FF5D1BDE8F087F0B576
:1037D00089B06D46034600F12007014600261320FC
:1037E0002C4651F8042B121846F100008F4245F880
:1037F000042B4FF00006F4D1079AD61722F00042AE
:10380000191FF04307921C3351F8045F54F8042B3E
:103810006A4032406A408B420A60F5D109B0F0BD7F
:103820002DE9F04F93B002AF0024D1F800C00B4651
:1038300002F1200816462546394656F804EBEEFB01
:103840000C45464547F8044B2C464FF00005F4D193
:103850000A940AAF03F11C09019553F8044FA7F12C
:103860001C0E254694460026DEF800405CF804ABAA
:10387000DDF804B0EAFB054BA4194BF10006C44582
:103880004EF8044BF0D1994547F8046FE5D1082272
:10389000FFF734FF13B0BDE8F08F0A46C0E7F0B47D
:1038A000002401F1200C0546264651F8043B52F84D
:1038B000047BDB1946EB06071B1947F10004614541
:1038C00045F8043BF1D1F0BC81E7F0B5002301F1EC
:1038D0002007054651F8044B52F8046B03F001032E
:1038E000E41A63EB0303A41B63F10003B94245F838
:1038F000044BEFD1014603F0130251F8043B044698
:103900009B1A44F8203B62EB02020B6802F00102B2
:103910009B1A41F8043B62EB0202A142F5D123F06D
:103920000043C361F0BD404230B5A1F1040065EB36
:103930000505043A1C3150F8044F52F8043F634027
:103940002B405C4004601468884284EA03041460DD
:10395000F1D130BD402070470E4A0F4B0F49DFF8C0
:1039600040C0C0E902230F4BC0E904130E4BC0E96D
:1039700006C30E4B036203F17453A3F52303A3F6AE
:1039800092434362002380F8703000220023C0E994
:103990001A23704767E6096A85AE67BB72F36E3C0F
:1039A0007F520E513AF54FA58C68059BABD9831F0A
:1039B0002DE9F04F00F124058BB000F164072B4690
:1039C00053F8042F12BA9F421A60F9D18368029308
:1039D000C36803930369049343690593836906935A
:1039E000C3690793036A0893436A0993DDE908B83A
:1039F000DDE9061CDDE904E9DDE90246594B0193E6
:103A0000019B55F804AF53F8042B01934FEAF123BF
:103A100083EAB113524483EA7163134401EA0C0A46
:103A20002BEA010282EA0A02134486EA0E024344A8
:103A3000224006EA0E0882EA08024FEA743888EA51
:103A4000B40888EAB4589844AF424B444244F14623
:103A5000D84678D110250195019D0F3D05F00F0541
:103A60000A3550F825A0019D023D05F00F050A35E5
:103A700050F82590019D05F00F08073D05F00F0552
:103A800000EB88080A35D8F8287050F825503D44D6
:103A90002F464FEABA4585EAFA1585EADA054FEA74
:103AA000F94A8AEA794A8AEA992A3D4455444FEA12
:103AB000F329C8F8285003EA010A89EAB3192CEA65
:103AC000030889EA736988EA0A08C844254FDDF8C3
:103AD000049057F82970B844A84408EB0B054FEA46
:103AE000723984EA060889EAB20908EA020804EA97
:103AF000060A89EAB25988EA0A08C844A84405EBCC
:103B00000E09019D0135402D0195B646E34621D1B0
:103B1000029D45448560039D1544049AC560224476
:103B20000261059A32444261069A4A448261079AC8
:103B30001A44089BC2610B440362099B63444362BD
:103B40000BB0BDE8F08FE346B6468C4626461946D4
:103B5000144655E78C462646194614464B464246BF
:103B60007AE700BF888C0208B0F81432B0F810224F
:103B7000981AC0B27047B0F81432B0F810229BB255
:103B800093421ABFD0F80832985C4FF0FF3070476C
:103B900090F81232B0F81602C0B2834227BFC3F1C8
:103BA0003F03C018C01A00F1FF30704707B5036823
:103BB0008DF807105B6801220DF10701984703B0EB
:103BC0005DF804FB102A70B548D100F10C0301F137
:103BD000100251F8044B43F8044B9142F9D100F123
:103BE000180100F1B80601250423042B01F104009B
:103BF00020D12A46FFF77DF90B7911F80C2CCC79EE
:103C000053400B7111F80B2C4B7953404B7111F849
:103C10000A2C8B7953408B7111F8093C01355C40BB
:103C2000EDB200230133B042CC71DBB20146DCD1EE
:103C3000012070BD11F80C4C0A7862400A7111F82D
:103C40000B4C4A7862404A7111F80A4C8A786240FB
:103C50008A71CC7811F8092C5440E3E70020E8E79A
:103C6000202A70B55DD100F10C0301F1200251F85A
:103C7000044B43F8044B9142F9D100F1280100F1C3
:103C8000F80601250824082C01F1040020D12A4659
:103C9000FFF72FF90B7911F81C2C53400B7111F819
:103CA0001B2C4B7953404B7111F81A2C8B795340D4
:103CB0008B7111F8192CCB7901355340EDB20024EA
:103CC0000134B042CB71E4B20146DCD1012070BDB9
:103CD000042C15D1FFF726F90B7911F81C2C534051
:103CE0000B7111F81B2C4B7953404B7111F81A2CA6
:103CF0008B7953408B71CB7911F8192C5340DFE746
:103D000011F81C2C0B7853400B7111F81B2C4B78BD
:103D100053404B7111F81A2C8B7853408B71CB7830
:103D2000EAE70020D3E7202A0AD1043001F120037A
:103D300051F8042B40F8042B9942F9D10120704727
:103D4000002070472DE9F04F91B004460D46FFF773
:103D5000EAFF0C90002800F04481294604F1240376
:103D600005F1200251F8040B43F8040B9142F9D1FC
:103D700004F14003039304F130034FF0010B0D9362
:103D80005A4603990FA8FFF7B4F894F824A09DF8B9
:103D90003C3094F8259094F8268094F827208AEAFD
:103DA000030A9DF83D3084F824A089EA03099DF8B0
:103DB0003E3084F8259088EA03089DF83F3084F867
:103DC0002680534094F82920059289EA020794F846
:103DD0002A20069288EA020694F82B200193079283
:103DE0000799019A84F8273094F82830049382EADE
:103DF000010594F82C2084F829708AEA030384F8DA
:103E000028305340029384F82C3094F82D3084F8F5
:103E10002A605F4084F82B5084F82D7094F82E307F
:103E20000D995E4094F82F3084F82E605D4094F830
:103E300030300893089A029B84F82F50534084F83E
:103E4000303094F8313009937B4084F8313094F865
:103E500032300A93734084F8323094F833300B9345
:103E60006B4084F83330FFF75DF894F834209DF808
:103E70003C309DF83D1094F836C09DF83FE05A4024
:103E800094F8353084F834204B409DF83E1084F887
:103E900035308CEA010C94F8371084F836C081EA8A
:103EA0000E0194F838E084F8371082EA0E0294F894
:103EB00039E084F8382083EA0E0394F83AE084F875
:103EC00039308CEA0E0C94F83BE084F83AC081EA71
:103ED0000E0194F83CE084F83B1082EA0E0294F85C
:103EE0003DE084F83C2083EA0E0394F83EE084F839
:103EF0003D308CEA0E0C94F83FE084F83EC081EA35
:103F00000E0194F840E084F83F1082EA0E0284F833
:103F1000402094F84120534084F8413094F84230D6
:103F20000BF1010B8CEA030C94F8433084F842C087
:103F30005FFA8BFB5940BBF1070F84F843107FF405
:103F40001FAF03995A46FEF7D4FF9DF83FE0019B4F
:103F50009DF83C009DF83D109DF83E2083EA0E0C34
:103F6000049B84F827C043408AEA000A84F828307A
:103F70001846059BDDF808C084F824A04B4089EA68
:103F8000010984F829301946069B84F8259053408E
:103F900088EA020884F82A301A46079B84F82680AB
:103FA00083EA0E035D4084F82F50089D84F82B307F
:103FB0008CEA000C4540099884F82CC04F404840DA
:103FC0000A9984F82D70564051400B9A84F82E605F
:103FD0005A4084F8305084F8310084F8321084F864
:103FE00033200C9811B0BDE8F08F102A10B50ED117
:103FF00000F1080301F1100251F8044B43F8044B9F
:104000009142F9D1102380F82830012010BD002002
:10401000FCE72DE9F84315468946D100D0E91A326C
:104020005B1842EB5572C0E91A32044600F12807CA
:104030004FF000080DB9BDE8F88394F87000C0F1A6
:104040004006F6B2AE4288BFEEB249463246384428
:104050000FF01CFE94F870303344DBB2402B84F830
:104060007030A5EB0605B144E4D12046FFF7A0FC73
:1040700084F87080DEE7F8B500F1280590F870301C
:1040800017468022EA5490F87020372B04460E46DB
:1040900002F101002FD8C2F13702002128440FF0AD
:1040A0004AFDA36E19BAE36E1A06180A42EA1362B1
:1040B00000F47F401B02024303F47F031343C4E96F
:1040C00018312046FFF774FC231D04F1240153F836
:1040D000042F12BA8B421A62F9D1236820469B68DA
:1040E0009847B8420246294628BF3A463046BDE8BE
:1040F000F8400FF0CBBDC2F13F02002128440FF081
:104100001AFD2046FFF754FC382200212846C6E756
:104110002DE9F8431D4603689DF82090DB680446AE
:104120000E4690469847236807461B6920469847E5
:10413000AF420ED32A46414630460FF0A7FD741910
:104140007A1B494620460FF0F6FCB44217D1BDE871
:10415000F88323682A46414620465B6998472368CE
:1041600020469B689847236802469B69054631466E
:1041700020469847236820461B699847DFE716F8D2
:10418000013B89EA030306F8013CDEE713B5134659
:104190003622044600920A4600F12801FFF7B8FFD4
:1041A000D4E91A3213F5007342F100022046C4E943
:1041B0001A3202B0BDE81040FFF7FABB10B5044652
:1041C00010F00AFD204610BD10B5044610F004FDA5
:1041D000204610BD10B5044610F0FEFC204610BD70
:1041E00010B5044610F0F8FC204610BD10B504468A
:1041F00010F0F2FC204610BD90F8282008B512B14E
:1042000003681B6B9847BDE80840EFF787BD084679
:10421000431C114601D008F0C1B970470846A0F10F
:104220001A03032B114601D908F0B8B970470846A4
:10423000431C114601D004F051B9704708461C28B0
:10424000114604D81A281DD80DD004F047B91D28EE
:10425000FBD14FF0B043D3F8942081B942F400422F
:10426000C3F894207047084BD3F8902021B922F46A
:104270000042C3F89020704742F40042F9E722F46C
:104280000042EDE7704700BF000400584B1C084691
:1042900001D004F05DB900207047A1F11A0308466F
:1042A000032B1BD8DFE803F00D0207130C4B5869F2
:1042B000C0F3400070470B4BD3F80401C0F38040BB
:1042C0007047074BD3F89000C0F3C03070474FF0F1
:1042D000B043D3F8940080F40040F5E704F038B917
:1042E0000004005800E100E02DE9F04F1D464B1C92
:1042F0008DB00C46164600F0BA8004A808F042F8CB
:104300000023079326B16F4B07936F4B04960693D8
:10431000E3B2192B00F2AE806C4A52F8236004F429
:10432000E0642643C6F30310EFF78CFC0446002834
:1043300000F09A80022D00F0B180032D00F0B180D2
:10434000002D0CBF4FF404154FF4881506F00F062E
:104350000127B74004A908A808F019F81FFA87F840
:104360000023B8F1010F03F1010240F09D80DBB2A0
:10437000E068CDF8048059004FF0030909FA01F212
:104380000240CA4002EA090A05F48012029250482B
:1043900005F4001200260392019AB2403A404BD035
:1043A000D4F80CC0750009FA05FE2CEA0E0C0AFAC6
:1043B00005F545EA0C05E560256826F0030C0CF1CF
:1043C000804C25EA0E050CF5803C2560B4F1904F39
:1043D000DCF808806CD03F498C426BD03E4DAC423B
:1043E00014BF0725022506F0030E4FEA8E0E0721A3
:1043F00001FA0EFB28EA0B0805FA0EF545EA080556
:104400000299CCF8085005686FEA020C002953D1D4
:1044100005EA0C0503990560456800294ED015434F
:104420004560D0F880502A43C0F88020D0F884201E
:1044300002EA0C02C0F88420013637FA06F5ABD147
:10444000142202FB03F4254E201D08A9304407F076
:10445000AEFF30572A460621EEF748F83057EEF700
:104460001AF808A8EFF76CFA04A8EFF769FA0DB08C
:10447000BDE8F08F04F0C002C02A0CD1C82B0AD8C6
:10448000174B04F03F0204F4E06453F822200F4B72
:1044900053F8226045E74FF0FF3643E74FF44415E9
:1044A00054E74FF4041551E74FEA5808134658E70C
:1044B000002598E7012596E71543ABE70CEA0505CB
:1044C000AEE700BF8B0400088F04000818830208C1
:1044D000000800580004004800080048C01A0020E6
:1044E000808302081FB568460C4607F04BFF0B4B54
:1044F000039369460A4B0B480293009407F057FF59
:10450000094B4FF48022C3F884213220EDF7C3FF1A
:104510006846EFF715FA04B010BD00BF1946010850
:1045200071230108B01A002000E100E04B1C70B5B7
:1045300059D0CBB2192B42D82B4A52F8233001F470
:10454000E06119430B0913F00C044CD1274A03F026
:104550000F0352F82330002B45D001F00F01012347
:104560008B409BB2012B04F1010239D1E4B2142635
:104570001F4D6643301D284406F026FAA9572B46E6
:104580001022284693F900508D4201D1DD6855BBB9
:10459000013A03F11403F5D1164A174902EB8402DC
:1045A000D1F88030D2F8242323EA0203C1F8803006
:1045B00014235C430057BDE87040EDF779BF01F06C
:1045C000C002C02A0FD1C82B0DD80C4B01F03F02FE
:1045D00001F4E06153F82220034B53F82230B0E796
:1045E0005B081446BEE770BD188302086C8602089B
:1045F000C01A0020648A020800080058808302085C
:1046000008B53220EDF754FFBDE80840014806F038
:10461000DBB900BFB01A002010B504463220EDF718
:1046200047FF2368BDE810401847084609B103F06A
:10463000CDBF7047EFF736BB2DE9F8431D464B1C45
:1046400014464DD0CBB2192B10D82D4A52F8233036
:1046500001F4E0611943090903F00F03012611F089
:104660000C0F06FA03F612D0002715E001F0C00285
:10467000C02A2CD1C82B2AD8224B01F03F0201F4CA
:10468000E06153F822201E4B53F82230E2E71E4B24
:1046900001F00F0153F82170002C18BF3446EFF7DA
:1046A00001FB80463B693340A34213D03B69334052
:1046B0009C4217D1EFF7F6FA81463B6933409C42A2
:1046C00017D0EFF7EFFAA0EB0900BDE8F8834FF43D
:1046D0000046C9E7EFF7E6FAA0EB08008542E1D211
:1046E0000020F2E7EFF7DEFAA0EB08008542DDD20A
:1046F000F6E7EFF7D7FAA0EB08008542DDD2EFE747
:1047000018830208808302086C860208C069064983
:1047100081670022012380F85D2080F87C3080F8DA
:104720007D20FCF737BD00BF00093D0017B4C46908
:10473000D0E90801A36F6A46984282E8030005D1D8
:10474000B4F87C10BDF8043099420ED093880098DC
:10475000A067A4F87C3094F87C3094F87D20A16F99
:10476000204603B010BCFCF715BD03B010BC704769
:10477000481C1FD0C9B219290DD80F4B53F821304E
:104780005A1C17D00D4A1268934213D10C4B18686B
:1047900080B1EFF71AB901F0C003C02B0AD1C829C4
:1047A00008D8084B01F03F0153F82120024B53F881
:1047B0002230E5E7704700BF18830208000100209F
:1047C0004C4D002080830208037C43B1044BB0F8B9
:1047D00012221B68B0F816329BB29A42FAD1704787
:1047E000E80400202DE9FF474D1C90461C4633D0BD
:1047F0009D4DC9B219292B6821D89C4A52F82170C5
:104800003BB9B42010F0E0F99949064607F0F6FDEF
:104810002E60781C20D0974B1A68511C01D097420B
:104820001AD1B8F5803F17D22E68B8F1000F1ED10B
:1048300096B1304604B0BDE8F047EFF7C6B801F0D6
:10484000C002C02A0BD03BB9B42010F0BDF9884992
:10485000044607F0D3FD2C6004B0BDE8F087C829FA
:10486000F1D8854A01F03F0152F82110C5E74FEA1F
:1048700048081F60E4B108FB04F44FF47A72B4FBFB
:10488000F2F4384601215C60EFF78EFA4FF0B04346
:1048900034699F68D3F80831784B621C1B687BD061
:1048A000774B9C420ED006D8B4F1804F6BD0FEE718
:1048B0004FF0FF34E5E76E4B9C4203D003F5806375
:1048C0009C42F4D107F46057EEF7BCFEB7F5C06F19
:1048D00063D827F48077B7F5806F5BD0B0FBF8F032
:1048E000020C531C984232BF0020B0FBF3F000F1E1
:1048F000FF30A262E062F061226812F0010207D18B
:10490000E36896F84C1013F0010349D101295ED1F8
:10491000684607F037FD5B4B00935B4B03935B4BA3
:104920000293F36E06F164006946002B59D007F03C
:104930003EFD6846EFF704F8554F2C6807F1040870
:1049400004F1020926460025012139F8023F002B17
:1049500061D004F17C0252F825A0BAF1000F07D013
:1049600098F800002269C1431161D1680143D16008
:10497000013B0A2B4ED8DFE803F04242424242425A
:1049800042C7C7C78D0007F4E067EEF749FEB7F5E9
:10499000C06F9BD14000A1E7FEE7B7F5E06F9CE751
:1049A000E368012923F00103E36008D0022386F8BD
:1049B0004D300123636186F84D3086F84C206FF04E
:1049C00001032361E36843F00103E360A0E70222EF
:1049D00086F84D200122626186F84D2086F84C3021
:1049E00096E707F0E4FC029B002BA2D033696FF03E
:1049F00001021A61DA6842F00102DA6099E733785D
:104A0000DB0604D5294604F1100007F093FE337845
:104A1000D80722D400210435102D06F1010607F134
:104A2000010708F1010890D1E36E3BB123696FF0F3
:104A300001021A61DA6842F00102DA6000293FF4EB
:104A40000BAF23691B68DB073FF506AF04F11000CD
:104A500004B0BDE8F04707F0C5BF294604F11000D7
:104A600007F046FFD6E700BF4C4D00201883020830
:104A700000440140000100208083020800400058EB
:104A8000002C0140237F01088B0400088F040008DC
:104A9000C88D0208294604F1100007F09BFE3A7801
:104AA000013AA15C11F0100306D0022A2AD8194B52
:104AB00003EB4203B3F86C33C90707D5032A21D8A7
:104AC000DFE802F002171A1D43F001032169086AAA
:104AD00003430B62BAF1000F9CD0032A13D80D4B8D
:104AE000134493F86823D3430B61CB681343CB6023
:104AF00090E743F01003E9E743F48073E6E743F4FB
:104B00008053E3E7FEE7FEE7294604F1100007F0D3
:104B100061FE7FE7648A0208F0B587B001AC84E8E3
:104B20000E0003689DF83060D3F8C430029F0DF189
:104B30001701054698470446002856D1032E9DF8D4
:104B4000173002D0B3420FD13346E3B92B68019935
:104B50001B6C284698470446002846D12B683946E6
:104B60005B6C284698470CE02B6828461B699847E1
:104B700038B92B683146D3F8C0302846984700280A
:104B8000E2D0044631E0012B16D12B689DF80410C9
:104B9000D3F8E03028469847044630BB2B683946A6
:104BA000D3F8DC30284698470446F0B99DF80C103D
:104BB000284604F08EF8E4E7022B16D19DF8052074
:104BC0009DF80430032A13D8092B85F8882012D8C1
:104BD00085F88930032385F88A304FF48073A5F86F
:104BE00098309DF8063085F88F30204607B0F0BD2C
:104BF0006FF00904F9E76FF00704F6E78AB211468F
:104C000004F051B807B50023ADF8043001AA02231F
:104C10001221806C04F04AF9BDF8040040BA80B259
:104C200003B05DF804FB08B5806C06F015F9C0B25E
:104C300008F056F8044B002201F1004108F0BAF8E0
:104C400008F0A4FC08BD00BF0000E03F03F092BFE5
:104C500090F8361003F072BF03F070BF38B5044609
:104C6000E8B1EFF7D3F9D0B994F8B1200C4B214655
:104C700053F8220011F8B25F05F0CCFDB4F8C03053
:104C8000B4F8BC20013303F0FF03934207D0B4F81B
:104C9000C020D4F8B41092B28D54A4F8C03038BDFE
:104CA000101C0020B0F8C220D0F8C41011FA82F213
:104CB00002F03F0210B5A0F8C220B0F8C220B0F850
:104CC000BE1092B291421AD0B0F8C240B0F8C220E1
:104CD000A4B24031091B4C4292B204F03F0401F0EF
:104CE0003F01C2F1400258BF6142914228BF1146C4
:104CF000C0F8C41005F0BEFA4FF0FF3010BD002020
:104D0000FCE72DE9F843036804469B6890460F468C
:104D10009847D4F8F831B4F8126201220133814681
:104D2000C6F1400622742AD194F81C323BB300230A
:104D300094F8051284F81C323D4B53F8213093F857
:104D4000841091421BD083F884202422C3F8882049
:104D50001A6852E8001F21F00C0142E8001518689B
:104D6000002DF5D150E8001F41F0080140E8001285
:104D7000002AF7D12021C3F8881083F88420236803
:104D800020469B6898470028F9D04546B5422DD863
:104D9000A9452BD3B4F81262D4F80C027319402B36
:104DA000304438D82A4639460EF070FF2E46B4F803
:104DB000123294F805221D441D4B53F82220D2F8DC
:104DC0008830D2F88C20134303F0210305F03F050F
:104DD000212BA4F8125206D0C4F81862314604F50B
:104DE000AA7005F047FA4046BDE8F8834E452368AF
:104DF00028BF4E46324639465B68204698472368AE
:104E000020469B689847AD1B3744B4F81262814630
:104E1000C6F14006BAE7C6F14006324639460EF002
:104E200035FFD4F80C02AA1BB9190EF02FFFBEE70C
:104E3000101C00202DE9F74F90F810B001930C9B47
:104E40000093437CDDF834904FEADB0606EBD30693
:104E50004E4404463046884692460FF0B5FE05465D
:104E600030460FF0B1FEBBF1080F5FFA88F307463A
:104E70005FFA8AFC95BF2846284643EA0C0343EABA
:104E80001A238CBF00F8023B00F8013B638988BFFE
:104E900085F801C0434501994A4630D10EF0F6FE2F
:104EA000206803685B6B98472068216A0368C268C2
:104EB000DB689847206803683246D3F838B0294643
:104EC0003B46D8472068216A03680269DB68984737
:104ED00020680368DB6B98472389434506D1217C12
:104EE00000984A4607EBD1010EF0D0FE28460FF09D
:104EF00073FE384603B0BDE8F04F0FF06DBEA189D8
:104F00000EF019FECCE72DE9F84FDDF830809DF862
:104F100034B004460E46154602EB080A994613B90A
:104F2000837C0AEBD30A50460FF04EFE2A46074612
:104F300031460EF0ABFE7819B9F1000F55D00A9941
:104F400042460EF0A3FEBBF1000F07D0E26A2068D4
:104F50000132036850D1DB693221984750460FF087
:104F600033FE0646206803685B6B98472068216A19
:104F70000368C268DB689847206803689B6B5246E9
:104F80009C4639463346E0472068216A0368026937
:104F9000DB68984720680368DB6B9847BBF1000F1C
:104FA00007D0E26A20680132036843D1DB6901213E
:104FB00098476369002B5CD0B8F1000F5BD0E27CAE
:104FC000B05C98478246B9F1000F07D1A37C0B98DB
:104FD00005EBD301424631440EF058FE38460FF03F
:104FE000FBFD30460FF0F8FD21E0A27CA18908EB23
:104FF000D2020EF0A0FDA6E75B6A9847064620683D
:10500000E16A03681B6998470028A7D020680368F5
:105010005B6D9847206803685B6A9847E369801B6B
:105020009842ECD338460FF0D7FD6FF4307A5046F3
:10503000BDE8F88F1B6A01219847206803685B6A06
:10504000984782462068E16A03681B6998470028F0
:10505000AFD0206803685B6D9847206803685B6A7F
:105060009847E369A0EB0A009842EBD36FF4307ADB
:10507000A9E79A46A7E7C246A5E72DE9F0431F46F0
:10508000037987B006468C4643B9CDE900720A46DB
:105090000189FFF7CFFE07B0BDE8F08390F911500A
:1050A00090F811E0002DB8BF0735C5F3C705681E9D
:1050B00040B204AC4FEAC00803462146002B15DA83
:1050C0000130307CB8BF0025C0080D44441E64B2D6
:1050D000631C16D10123CDE90223002300EBDE027D
:1050E000019700933046FFF70EFFD4E7B6F808901B
:1050F000013B49FA08F904F8019B5BB2A8F10808E2
:10510000DCE7E3002CFA03F305F8013B013CDEE7A2
:10511000F0B589B000238DF81730037904460A46AC
:105120005BB9012101910DF1170100910189FFF790
:1051300081FE9DF8170009B0F0BD90F91130467C52
:10514000002BB8BF0733C3F3C703581E40B206AFE6
:105150004FEAC00C05463946002D17DA257C013090
:10516000B8BF0023ED080B44681E40B2471C18D19D
:105170000123CDE902330DF11703019300230093BE
:1051800005EBD6022046FFF7BEFED2E7B4F808E0F2
:10519000013D4EFA0CFE07F801EB6DB2ACF1080CC4
:1051A000DAE7C70022FA07F703F8017B0138DCE7EA
:1051B0002DE9F04317461A46037987B006468C4618
:1051C0004BB9CDE900320A463B464189FFF732FE32
:1051D00007B0BDE8F08390F9115090F811E0002D70
:1051E000B8BF0735C5F3C705681E40B204AC4FEA27
:1051F000C00803462146002B15DA0130307CB8BFC9
:105200000025C0080D44441E64B2631C16D101235E
:10521000CDE902230022CDE9007200EBDE02304628
:10522000FFF771FED4E7B6F80A90013B49FA08F996
:1052300004F8019B5BB2A8F10808DCE7E3002CFA54
:1052400003F305F8013B013CDEE773B500230E468E
:105250000DF1070240F6D80105468DF8073003F03E
:10526000CCFE044670B99DF8073076B143F01E03BA
:105270008DF80730A86C01230DF1070240F6D80124
:10528000FFF796FF204602B070BD23F01E0343F0E7
:105290000803EDE7D0F8A0302DE9F34104460E46AF
:1052A000002B63D0FDF7A2FAB4F89030471EBAB2D3
:1052B0003FB2B7EB530FA8BFD21A03F0010594F821
:1052C0008F30A8BF17B20135002B53D0AD004FF47B
:1052D00080584FF09841206C08F0B6FA4FF07451A6
:1052E00008F0B2FA08F026FCD4F8A42094F88A302A
:1052F0006D0208FB07559A42A0EB050004D29B1AE9
:10530000DB0758BF00F5807006EB460700BA7F0048
:10531000042301900DEB0302A06C07F28A31FFF722
:1053200047FF66B394F88A30B3422AD8D4F89C5029
:10533000312D28D8ADB200238DF80030A06C8DF847
:10534000015002236A4607F56271FFF731FFD4F876
:105350009C305B1BC4F89C30D4F8A030013BC4F8EF
:10536000A030D4F8A4300133C4F8A430002002B037
:10537000BDE8F0811A235D434FF4D048A9E77325B7
:10538000D9E77225D7E73225D5E770B586B0002377
:105390008DF8133090F91130427C002BB8BF0733E1
:1053A000DB10013B04465BB205A8DD000146002B83
:1053B00016DA0123CDE902330DF113030193002323
:1053C0000093D2082046FFF79EFD054628B9636981
:1053D0001BB19DF813009847E080284606B070BDC9
:1053E000E689013B2E4100F8016B5BB2083DDEE728
:1053F0002DE9F04100F1300305460C460F4601F15E
:1054000010083E4603CE464518605960374603F102
:105410000803F6D130681860043C6A64286854F8C0
:10542000041F036882689B6898474445F6D1BDE82D
:10543000F081F8B50546FCF7D3FE88B1041D05F1EF
:105440002C0605F1400756F8041F002904DB2868E4
:1054500022680368DB689847BE4204F10404F2D175
:10546000F8BD08B5806C0221FFF7E3FF4FF0FF3075
:1054700008BD836903B11847184670472DE9F0430A
:1054800090F9114090F811E0002CB8BF073487B0B4
:10549000E410013C054664B205A89DF838809DF8EB
:1054A0003C608C46E7000146002C11DACDE9023859
:1054B0000023CDE90023284601234FEADE02FFF74F
:1054C00022FD68B966B1284607B0BDE8F043D0E7D1
:1054D0004CFA07F9013C00F8019B64B2083FE3E78E
:1054E00007B0BDE8F0832DE9FF41036800229B6D02
:1054F00005460E4698470446B8BB1E4B8DF80B0078
:10550000093603EB46060DF10B0296F8723340F6AE
:10551000E701284603F00F081F0903F06EFD04465B
:1055200018BB02463B464146284603F041FB044671
:10553000D8B996F873738DF80C700126CDE9006622
:1055400004238DF80D30A86C022303AA8E21FFF7E7
:1055500095FF044648B9A86C85F8787033460DF17C
:105560000B0240F6E701FFF723FE204604B0BDE83A
:10557000F08100BF648A02082DE9FF410E464FF01A
:1055800000080DF10B0240F6E70105468DF80B808F
:1055900003F033FD044600285DD12B682846D3F87C
:1055A000D030984704210246FCF71AFE0321074633
:1055B0001046FCF715FE28B167B90E2E4FDD6FF0CF
:1055C0000C0448E016F1090FF9DB002FF7D006F1C3
:1055D000090303E00E2EF3B20DDD0933DBB21F2BFE
:1055E000EDD8072322460421284603F0E1FA0423DC
:1055F000044601210CE01133DBB21F2BDFD8234618
:1056000004210122284603F0D3FA0323044641462D
:1056100085F84430FCB92846FFF717FE0446D0B998
:105620000127CDE9007704238DF80D30A86CF6B280
:10563000022303AA8E218DF80C60FFF71FFF04469A
:1056400048B9A86C85F878603B460DF10B0240F62E
:10565000E701FFF7ADFD204604B0BDE8F08106F19B
:105660001103DBB21F2BAAD82346042101222846AE
:1056700003F09EFA032304463946C9E71FB50B0C15
:105680008DF80C300B0A8DF80D3000220123CDE986
:1056900000328DF80E10032303AA8221806CFFF7DD
:1056A000EDFE05B05DF804FBF0B585B00024009474
:1056B00005462346224640F6E201806C03F06AFB71
:1056C00000942346224640F6E501A86C03F062FBF5
:1056D0006FF07F412846FFF7D1FFAB6C1868036875
:1056E0000A21DB699847264627460DF10F0240F64E
:1056F000190128468DF80F7003F07FFC9DF80F000C
:1057000000F00100A04001343043082CC6B2ECD1B7
:105710002B6828461B6998470097A86C0023012234
:1057200040F6E20103F036FB0097A86C002301224B
:1057300040F6E50103F02EFB304605B0F0BD30B574
:1057400090F83450022D85B0044606D0032D12D0B7
:105750006FF01805284605B030BD2946806CFFF76C
:1057600068FED4F884102046FFF788FF0546002322
:1057700084F83430EEE790F84410806CFFF759FE5F
:105780000023ADF80C308DF80E300123CDE9003345
:1057900003AA2B46A06C8321FFF770FE0546002864
:1057A000D8D1A36C1868D96A02681269904700289A
:1057B000DDD0A36C186803685B6D9847F1E71FB5EF
:1057C0000123CDE9003349BA0223ADF80C1003AA36
:1057D0001946806CFFF752FE05B05DF804FB10B56A
:1057E000FFF7EDFF074B4FF48022C3F88421064BEF
:1057F000D3F88830044613B13220ECF74CFE204633
:1058000010BD00BF00E100E0301A00201FB50123E9
:10581000CDE9003309BA0391042303AA8621806CE1
:10582000FFF72CFE05B05DF804FB37B50D460446C6
:1058300090F84410806CFFF7FCFD55B90123CDE9C9
:1058400000330023A06C1A46D121FFF717FE03B0E6
:1058500030BD29462046FFF7D9FF0028EED0F6E7F5
:1058600030B585B00D0C089C8DF80C30230C8DF8EC
:105870000D300123CDE9003308238DF808508DF851
:105880000A100D0A8DF80B2064BA0DEB03028B2170
:10589000806C8DF80950ADF80E40FFF7EFFD05B0B4
:1058A00030BDF0B585B005460E4603F0ECF9044670
:1058B000002867D18DF808600126CDE900663346DF
:1058C000A86C02AA8A21FFF7D9FD0446002859D105
:1058D00095F83630CDE90066002B0CBF202330232D
:1058E0008DF80830A86C334602AA9321FFF7C6FD55
:1058F0000446002846D103238DF8083095F84C3033
:10590000ADF80C00CDE900660D338DF809300A239F
:10591000ADF80A308DF80E000723A86C02AA882182
:10592000FFF7ACFD044668BB2B6844F2FF31D3F8A7
:10593000E43028469847224607462146284603F089
:10594000B2F907433CB2ECB9CDE900647F238DF88E
:105950000830A86C334602AA8921FFF78FFD044660
:1059600080B9AB6C186803680521DB699847AB6C9C
:105970001868D96A02681269904730B9A86CFFF7B5
:1059800004FD0446204605B0F0BDAB6C1868036802
:105990005B6D9847EBE72DE9F047846C054620687E
:1059A0001F46036886B05B6C884616469847206899
:1059B000216A036882689B6898472068216A0368A7
:1059C0000269DB689847AB6C1868596A026894688A
:1059D0004268A047AB6C1868D96A0268946842684C
:1059E000A047AB6C41484FF401621A820122DA747D
:1059F000AB6C4FF440011A713D4A5A61C3E9020190
:105A0000D5F838A00A244FF00009284603F000F921
:105A1000A86C10224FF4487102ABCDE90299CDE990
:105A20000499FFF72AFB062202A950460EF08BF8D4
:105A300078B995F835300BB339462846FFF731FF72
:105A4000044648BBA86C0123002E43D18DF80830D2
:105A500043E0AB6C186803680A21DB69013C984796
:105A600014F0FF04D1D1AB6C186803689B6C9847A5
:105A70006FF00104204606B0BDE8F08700214046E3
:105A800007F0BEFC0028D7D04146284605F02AF989
:105A900004460028D0D0EDE72B6828461B699847BC
:105AA000A86C05F00FF9134B9C42E3D18306E1D5B6
:105AB000002385F835300021284605F013F9044607
:105AC0000028D7D139462846FFF7EBFE04460028C8
:105AD000B8D0CFE700228DF80820CDE9003302AA24
:105AE0009621FFF7CBFC0446C4E700BF1D000D0064
:105AF000B72701083DFDFFFF7047704770477FB52E
:105B0000002305460846ADF808300E4607F0ECFFC6
:105B1000A0F286331A2B4BD9A0F25F33072B53D94F
:105B2000A0F20B33082B52D9A0F5EB73282B51D9D7
:105B3000A0F5D7730A2B50D94FF08141304607F0BA
:105B400079FD4FF07E5107F075FD4FF07A5107F067
:105B50007BFE0DF0B7F907F0EDFF4FF08141C4B2C5
:105B6000304607F069FD4FF07E5107F065FD4FF0BC
:105B70007A5107F069FE0DF063F907F0DBFFE107EA
:105B8000C3B25CBF04F1FF34E4B2DA075CBF013397
:105B9000DBB28DF80D300123CDE900338DF80C40D8
:105BA000022303AAA86C9821FFF768FC04B070BD1B
:105BB000E122E9238DF809300123CDE900338DF886
:105BC0000820022302AAEDE7D722DB23F2E7C12255
:105BD000C523EFE775228123ECE76B226F23E9E70A
:105BE00038B50C4605461749204607F0FFFB30B391
:105BF0001549204607F0F0FB08B3296C204607F052
:105C000019FD124920F0004007F0F0FB80B92C6428
:105C10004FF09841204607F017FE4FF0745107F0FF
:105C200013FE07F087FF01462846BDE83840EDE542
:105C300021462846FFF763FF0028E8D038BD6FF003
:105C40000B00FBE700001643000070440000A04179
:105C500007B5FF238DF807300DF10702012311214D
:105C6000806C03F023F99DF8070003B05DF804FB96
:105C70002DE9F047984603681B6904460F4616460F
:105C8000984700283ED194F84D30042B3CD9072E7C
:105C90006BD994F84F30012B36D1FD2E68D823688C
:105CA0003146DB6F2046984723680546D3F8249099
:105CB0003246434639462046C84718BB20464FF473
:105CC0007A7305EB8505B5FBF3F5FFF7C1FFA36C10
:105CD0000646186803685B6A984705350746A36C53
:105CE000186803685B6D9847A36C186803685B6A63
:105CF0009847C01B854209D2236820469B6A984773
:105D00006FF00400BDE8F087FF2EC7E7A36C1868AA
:105D1000596A0268126990470028E0D0032E236870
:105D20001DD1D3F8843020469847C20717D4236882
:105D30002046D3F8843098474304D0D5D4F8A41033
:105D4000204601F00F01FFF7A5FA0028C7D123680C
:105D500044F2FF31D3F8E43020469847BFE7236888
:105D600020469B6ABDE8F04718476FF01D00C9E761
:105D70006FF00300C6E7036873B51B6904469847D4
:105D80000546A8BB94F85030012B27D12046FFF7D9
:105D90005FFF0128064621D103460DF10602A06CE3
:105DA0008DF8065040F60211FFF702FA0DF10702D6
:105DB00040F6441120468DF8075003F01EF9B8B99B
:105DC0009DF80730A06C43F002038DF807300DF109
:105DD0000702334640F64411FFF7EAF92368D3F887
:105DE000E43044F2FF31204602B0BDE8704018476D
:105DF00002B070BD13B50446FFF72AFF012806D193
:105E000094F85030012B02D1E06F02B010BD002396
:105E1000ADF80430A06C022301AA132103F046F868
:105E20009DF80400F1E72DE9F041054686B0806C4D
:105E30000F461646FFF7A9FA2B680446D3F88430BC
:105E4000284698476FF430739C4208D110F4007FC5
:105E500018BF6FF00504204606B0BDE8F081002CA5
:105E6000F9D1430643D400F03000202814BF4FF08E
:105E700000086FF006082846FFF7EAFE0023ADF899
:105E8000143005AA0223A86C132103F00FF89DF823
:105E900015209DF8143016B1B34228BF3346AE6CBE
:105EA0008DF815200122CDE902321E2100238DF844
:105EB000141001970093022205A93046FFF723F83A
:105EC00004460028C7D13046FFF7D3FA044600281D
:105ED000C1D12B6844F2FF31D3F8E430284698470B
:105EE000B8F1000F0CBF04466FF00604B3E76FF083
:105EF0000608C0E72DE9FF4704460D46FFF7A8FE58
:105F000001286CD1236820461B699847002863D17B
:105F1000A06C0221FFF78DFAA9682046FCF772FDFC
:105F2000E96806462046FCF76DFDB1B282B2204614
:105F300002F0B9FE00284FD1236844F2FF31D3F8B4
:105F4000E43020469847002846D1686895F80080DC
:105F500095F8019094F84CA0AF78EE7807F01CFC0F
:105F6000204907F025FD07F0E5FDB8F1FF0F08BF58
:105F70004FF002080125B9F1FF0F08BF0AF10D0A21
:105F8000CDE900554FEA104308BF5FFA8AF9FF2FA9
:105F900008BF0A278DF80C30FF2E4FEA102308BFE8
:105FA00000268DF80D308DF80E000723A06C8DF8BB
:105FB000088002AA88218DF809908DF80A708DF862
:105FC0000B60FFF75BFA38B9CDE90055034602468E
:105FD000C521A06CFFF752FA04B0BDE8F0876FF05E
:105FE0001300F9E700007A4110B50446FFF730FED0
:105FF00001280ED123682046D3F884309847C30582
:106000000AD410F0800F14BF6FF00E004FF0FF3075
:1060100010BD6FF01300FBE70048F9E742FDFFFFFA
:1060200010B50446FFF714FE012812D1A06C04F04D
:1060300013FF10F4004FC0F3072018BFA0F58070C5
:1060400006F04EFE044B002206F0B4FE07F09EFA66
:1060500010BD0248FCE700BF0000D03F0000A0C117
:106060002DE9F0428AB004460F46FFF7F1FD05AE78
:1060700000230DF11C090128C9E9013305460793E6
:106080000593B3803CD194F84D30042B34D80433BD
:10609000DBB28DF8243094F84C308DF81C30636DF1
:1060A0000893B4F85230ADF8143094F84F30003BF8
:1060B00018BF01238DF8173094F85030591E4B4209
:1060C0004B418DF8163094F84E30003B18BF012339
:1060D0008DF81830039796E80300099B0190ADF8FE
:1060E00008100093216899E80C008E6F204629461D
:1060F000B0470AB0BDE8F082072B08BF0823C8E705
:1061000020BBE06D07F048FB0146204807F050FC3B
:106110000790206E07F040FB94F86730089013F06A
:10612000FB0F11D0022B03D09A1F534253415B0047
:10613000B4F86C20ADF8142094F868208DF816207F
:106140008DF817300025C5E70123F1E703280ED1AC
:10615000B4F888305BBAADF81C3094F88F308DF805
:106160001E3094F88A308DF814300225B2E70228E8
:1061700008D1E06D07F010FB0146044807F018FC59
:106180000790DFE76FF01300B3E700BF00007A4924
:1061900010B50C4659B1FFF75BFD012802D003286A
:1061A00003D038B92070002010BD0220FAE76FF04C
:1061B0000200F9E76FF01300F6E737B504460D4625
:1061C000FFF746FD58BB0021284607F0FBF860B9F1
:1061D0001449284607F00AF920B11349284607F068
:1061E000FBF818B96FF0650017E00E4D0F4928460F
:1061F00007F02AFB4FF0984107F026FB0C4907F007
:10620000D7FB07F097FC2066009094F8653094F86F
:106210006620E16D2046FFF723FB03B030BD6FF031
:106220001300FAE79A99193F0000484300007A44A6
:106230000024F44B7FB505460C46FFF709FD002806
:1062400055D0032804D0022810D06FF013044BE07F
:106250005B49204607F0CAF828B15A49204607F0A2
:10626000BBF8002843D16FF064043DE05649204656
:1062700007F0BCF80028F6D05449204607F0ACF8E7
:106280000028F0D05249204607F0DEFA0146514876
:1062900007F08EFB07F04EFC030C8DF80C30030A60
:1062A0008DF80D3016238DF80F300123E865CDE908
:1062B00000338DF80E000423A86C03AA8B21FFF78E
:1062C000DDF8044680B92846FFF7C2FC60B9EB6DE3
:1062D000A86CB3F5966F20D104230093224640F6B4
:1062E000B80102F057FD0446204604B070BD38499D
:1062F000204607F0A9FA0146364807F059FB07F097
:1063000019FC2B6EE8650093014695F8653095F809
:1063100066202846FFF7A4FAD3E7B3F5167F4FF0BF
:10632000030300934FF0040326D1182240F2D161F9
:1063300002F030FD04460028D6D102230093042346
:10634000A86C1A4640F69B0102F024FD0446002882
:10635000CAD10426009602463346A86C40F6B8011E
:1063600002F018FD04460028BED1009606235022F4
:10637000A86C40F2AC61B4E7082240F2D16102F0AF
:1063800009FD04460028AFD10223009302460423EE
:10639000A86C40F69B0102F0FDFC04460028A3D146
:1063A00004260096A86C3346102240F6B80102F08D
:1063B000F1FC0446002897D1009606230246D7E751
:1063C00023DBF93E355EFA3ECDCCCC3D9A99193FA0
:1063D00000007A440024744E37B505460C46FFF79A
:1063E00037FC08B103281AD1042C1BD8DFE804F0CD
:1063F00004031113150008242B6E85F866400093E2
:1064000095F86530E96D22462846FFF729FA03B072
:1064100030BD0924F0E70A24EEE70B24ECE76FF027
:106420001300F4E76FF06900F1E77FB505460E460B
:106430001446FFF70DFCA0BB082C47D82346324674
:106440004FF4D861A86CFEF7B3FEE400B5F86C1009
:10645000E4B2A1420A46A8BF22461F2A85F8684036
:1064600019DC172A19DC0F2A19DC003A18BF01229F
:106470009200FF2385F86420039395F86A30029315
:1064800095F86930CDE90043284695F8673002F069
:106490003CFD04B070BD0722EBE70622E9E70522C8
:1064A000E7E7012808D1012C10D83178284604B03C
:1064B000BDE8704002F02CBC032804D1042C05D1A7
:1064C0003368C5F88B306FF01300E2E76FF06800B7
:1064D000DFE730B587B004460D46FFF7B9FB00286B
:1064E0003BD1ADB9FF2384F86950039394F86A3027
:1064F000CDE9015394F86830009394F8673094F82C
:106500006420B4F86C10204602F0FFFC07B030BDE8
:10651000012384F8693005AA4FF4D761204602F0C0
:106520006CFD0028F2D19DF81430A06C23F001031B
:1065300043F001038DF81430FF25022305AA4FF420
:10654000D7618DF81550FEF733FE039594F86A3045
:10655000029394F869300193CCE76FF01300D5E70C
:106560002DE9F0431E4685B090F858309DF8304034
:106570000546884617469BB190F84C004FF001093C
:1065800009FA00F007F008F9696D07F011FA4FF009
:10659000834106F02BFF0028044618BF4C46E4B2A6
:1065A000012385F84E40CDE9003303AAA86C8DF88D
:1065B0000C8004238B218DF80D708DF80E608DF802
:1065C0000F40FEF75BFF05B0BDE8F08373B50546ED
:1065D0000E46FFF73DFB0128044655D10021304609
:1065E00006F004FF00283AD02949304606F0F4FEB0
:1065F000002834D04FF07C51304607F025F925496A
:1066000007F01AF807F096FAC3B2142B20D8022B21
:1066100025D9033B112B22D8DFE803F02E210921D5
:106620000A212128212121212A212121212C08246C
:1066300095F84E3085F83C406E65009395F84D30E6
:1066400095F84C1022462846FFF78AFF02B070BD2D
:106650007D2B13D006D81F2B12D03E2B12D06FF0FB
:106660000700F3E7FA2BFAD10624E1E70924DFE774
:106670000224DDE70A24DBE70024D9E70524D7E775
:106680000324D5E70424D3E76FF01300DEE700BF4F
:106690000000FF430AD7233C37B504460D46FFF7F9
:1066A000D7FA012811D16B1F072B11D894F84E305F
:1066B00084F84C50009394F84D3094F83C202946CF
:1066C0002046FFF74DFF03B030BD6FF01300FAE72F
:1066D0006FF00800F7E72DE9FF410C4616461F460C
:1066E00002AA002340F236719DF82C808DF8083004
:1066F000054602F082FC38BB9DF80810A86CB8F182
:10670000010F0CBF01F0FB0141F004018DF80810EE
:10671000012302AA40F23671FEF74AFD9DF82830A7
:106720008DF80A300123CDE9003364BAA86CADF8C6
:106730000840062302AA8C218DF80B708DF80C609E
:106740008DF80D80FEF79AFE04B0BDE8F081F0B53B
:106750001D46036885B01B6904460F4616469847D8
:10676000A0BB6FF07F439F423146204618BF45F4DF
:106770000075FCF747F9294606462046FCF742F922
:10678000B1B282B2204602F08EFAF8B9204602F089
:106790007AFAD8B9236844F2FF31D3F8E4302046BE
:1067A000984798B92046FFF753FA012810D194F87A
:1067B0008030019394F85030009394F87C3094F832
:1067C0004F20B4F852102046FFF785FF05B0F0BD0A
:1067D000A0B9FF23039394F86A30029394F86930C8
:1067E000019394F86830009394F8673094F864202B
:1067F000B4F86C10204602F088FBE7E74FF0FF305A
:10680000E4E72DE9F04FADF56F7D022904460891CC
:10681000164608D0032924D06FF0180528460DF538
:106820006F7DBDE8F08F90F85030012B02D1D36816
:1068300003B1C367D6E9012331682046FFF787FF1C
:1068400005460028EAD13368013304BF6FF07F4367
:1068500033603368C4F88430089B84F834300025F2
:10686000DCE75368FF2B00F23184FFF7F1F90128D0
:10687000074614D194F88030019394F85030009377
:10688000337994F84F20B4F852102046FFF723FFD5
:1068900005460028C2D1012240F2012153E0A0B9EF
:1068A0003379039394F86A30029394F86930019332
:1068B00094F86830009394F8673094F86420B4F842
:1068C0006C10204602F021FBE2E7022835D1E36D8F
:1068D000642B40F2E14341F6705218BF1A4640F66D
:1068E0002F1343F20F7118BF194673688DF8583192
:1068F000D800C3F347138DF85D310123CDE9003390
:106900000D0A8DF85A11110A8DF85B118DF85C2172
:106910008DF85E0156AAA06C8DF859518C21FEF7B6
:10692000ADFD054600287FF479AFA06C06230DF27B
:106930005912F021FEF73CFCADE7032840F0CA8372
:1069400044F201021146204602F0ADF90546002846
:106950007FF464AF204602F096F9054600287FF4E4
:106960005DAF032F51D00E23ADF8583101233268AB
:10697000A76C039331790092CDE90101022256A957
:106980003846FEF7C0FA054600287FF447AF384680
:10699000FEF76FFD054600287FF440AF236844F200
:1069A000FF31D3F8E43020469847054600287FF4AD
:1069B00035AF8DF8580156AA40F68901204602F0FD
:1069C0001CFB054600287FF429AF2046FFF740F95D
:1069D000012840F07683C549606D06F02BFEC4495E
:1069E00020F0004006F0F8FC002800F06A839DF8D3
:1069F000583103F0FB038DF85831A06C012356AADF
:106A000040F68901FEF7D4FB26E7BA4B94F88910CB
:106A100018689B88ADF85C3116AFB74B3B6012AD80
:106A200049F28E532B8094F88F305690002BB34B45
:106A300003EB41030CBF34220822B3F8B233B3FB9B
:106A4000F2F30622632BA4F89030A4F8922000F011
:106A5000228100F22B813C2B00F0438100F2178150
:106A60001E2B00F20B81092B40F20E81A44A22FA60
:106A700003F3DB0740F10881B4F8983056A99A096E
:106A8000B3F5C07F8A5CA4F8942003F03F02A4F819
:106A9000962080F0F9804FF0000894F88A30C3F116
:106AA0000403434500F332814FF00008FB224146C6
:106AB000C7F8008017A80DF03EF8C4E92788C4F88D
:106AC000A480D6E9001A38460AEB0106FF228E425E
:106AD00040F02281DFF82C821023002647F25B5C15
:106AE00088F8043051464FF6FF733846C8E902C3B0
:106AF000C8F8106001F07EFDC0F3072307F80A30E4
:106B00000DF159034FF4177203F80A000AF102035A
:106B10003146FE5457A80B9356960DF00CF80323FC
:106B200088F819300AF10203D90056AA0FAB0631D2
:106B300038460F9688F8186003F09EFFFF22314612
:106B400038460CF0F8FF94F888300593032B31D0C9
:106B50006D4B03F10806186859682A4603C20833CA
:106B6000B3421546F7D1186810609A889B79AA80BD
:106B7000AB71059B022B9DBF604B059A9B184FF094
:106B8000000C98BF93F8D5C30F9B069300231A46B9
:106B900018460DF148090DF1580E0DF5AC7B06991C
:106BA0008B4240F0CF800F920732D20816A956A828
:106BB0000DF06CF80F9B0693002293B206985B438E
:106BC0008342114602F10102F7D38BB294F88AB0E6
:106BD000BDF918505B009BB20993CBEBCB030BEBD9
:106BE000C303C1F34E025B0000210C929BB20791DC
:106BF0000A4616AE002D00F3C7806FF0710202FB4B
:106C00000B330F93059B94F88F2094F88910DFF8CD
:106C1000F4808DF840A0DB0043EA820343EAD1030D
:106C200043F002038DF84130B4F898301A091B0183
:106C300042EA41128DF8433008238DF8422088F84B
:106C400004302F22FF23C8E902230027C8F8107060
:106C50003E4616AD94F88A108F42C0F001810B9B1E
:106C600094F88820DB0006339BB2032A00F2C5812A
:106C7000DFE812F0B701BF0122022402232B3FF408
:106C8000FBAE2F2B3FF4F8AE6FF06905C6E53E2B47
:106C900027D0562BF8D1B4F89830DA0903F07F03E7
:106CA000BA5CA4F89420A4F89630F4E6B3F5C37F58
:106CB00010D00BD8B92B01D0C62BE5D1B4F8983041
:106CC0001A0ADBB2AA5CA4F89420ECE740F2931213
:106CD0009342D9D14FF48473A4F89430B4F8983027
:106CE000E1E73823A4F89230C6E600BF0000FA437B
:106CF0006F12833A86A9020841444748648A020811
:106D0000000440504C4D00202A8E02082046FBF71C
:106D10006DFD08F10108C0E611F8013B53404FEA50
:106D2000031C4CEA131300F8013B130983EA5213C6
:106D300083EAD20303F0010383EAD2135200D2B2F2
:106D40001A43C4E619F80010C1B1D543012605F075
:106D5000070506FA05F5DE084FEAD2081BF80660BB
:106D60001EF80810DF4307F007073E41F60746BF4D
:106D70002943C9B2A9430EF8081001320130604519
:106D800008BF002001330AE7302D28464FEAD30719
:106D9000A8BF30200A90D84316F807C04FF0010E64
:106DA00000F007000EFA00F02CEA000C03EB0E00D6
:106DB00006F807C04FEAE00CC04316F80C7000F06C
:106DC00007000EFA00F027EA000706F80C704FF0F3
:106DD000000E03F1020C6FEA0C074FF0010807F0F8
:106DE000070708FA07F70DF5AC794FEAD2084FEA22
:106DF000EC0019F808800D906FEA020909F0070904
:106E0000305C48FA09F818F0010F14BF3843B84352
:106E10004FEAEC0718BFC0B2F05509980244069833
:106E200092B290420CD8079A0C980244099892B2F8
:106E300090429FBF013189B20A46079188BF0792ED
:106E40000A9F0EF1010E0FFA8EF087420CF1010C31
:106E5000C1DC38460230303D18442DB283B2C9E659
:106E60009DF843300139C91B23F00C0343EA810329
:106E700010A804218DF8433001F0BCFB4FF000094D
:106E800002238DF8440088F8193012AA4B462821B5
:106E900010A8CDE91299ADF8509088F8189003F039
:106EA000EBFD4B4612AA282110A803F0E5FDF208DD
:106EB000F343A95C4FF0010E03F007030EFA03F34E
:106EC00021EA0303AB5406EB0E03DA10DB43A95CA3
:106ED00003F007030EFA03F321EA0303AB547F4BDD
:106EE000059306F1020C06F12A00059B13F8011B1D
:106EF00005934FEAD1090DF1480B4FEADC0A1BF864
:106F0000099015F80A30C9436FEA0C0201F0070135
:106F100002F0070249FA01F919F0010F0EFA02F224
:106F200018BF13430CF1010C14BFDBB2934360454F
:106F300005F80A30D9D106F17203DFF8A4A1059350
:106F400006F14A0C1AF8011F6FEA0C024FF0010E0D
:106F500002F007020EFA02F20DF1480B4FEAD10ED1
:106F60004FEADC091BF80EE015F80930C94301F0BF
:106F700007014EFA01FE1EF0010F1ABF1343DBB2E8
:106F8000934305F80930059B0CF1010C6345D9D1F9
:106F900000214FF0010A04EBD10C4FEAD0096FEA4F
:106FA000010E9CF88BC015F80930C2430EF0070E95
:106FB00002F007024CFA0EFC1CF0010F0AFA02F272
:106FC00018BF134301F1010114BFDBB29343202921
:106FD00005F8093000F10100DDD17236B6B2013793
:106FE00038E60622534304330522B3FBF2F39BB287
:106FF00003E003EB4303C3F34F03302603F12F02F7
:10700000B2FBF6F20A44B3FBF6F0C4F8A02000EBA2
:10701000800202EB820206FB103352009BB292B256
:1070200013B102331A4492B2722313FB0122A66CED
:10703000C4F89C200E230732ADF858314FF00108F8
:107040000023D708C2F3C702CDE900530292CDF85E
:107050000C804346022256A93046FDF754FF0546F0
:1070600000287FF4DBAB3046FEF703FA0546002824
:107070007FF4D4ABD4F8A0308DF85A31A06C8DF8E1
:107080005971032356AA40F285318DF85881FEF7D5
:107090008FF894F8A070102F28BF10272E46B74203
:1070A0007FF67CACF1B22046FEF7F4F805460028E6
:1070B0007FF4B4AB0136F2E75B0098E703EB4303E0
:1070C00095E79DF8583143F0040394E46FF003050D
:1070D000FFF7A4BB4FF0FF35FFF7A0BB3C8E0208C3
:1070E000638E020830B585B005460C46FEF7B0FD4C
:1070F000012811D195F88030A1B2A5F85210019362
:1071000095F85030009395F87C3095F84F2028463C
:10711000FFF7E1FA05B030BD48BB95F86830A1B281
:1071200099420A46A8BF1A461F2AA5F86C1018DC17
:10713000172A18DC0F2A18DC003A18BF0122920027
:10714000FF2085F86420039095F86A00029095F876
:107150006900CDE90030284695F8673001F0D5FE8A
:10716000D8E70722ECE70622EAE70522E8E74FF036
:10717000FF30CFE737B504460D46FEF769FD01281D
:1071800010D184F88050019594F85030009394F811
:107190007C3094F84F20B4F852102046FFF79BFA49
:1071A00003B030BD6FF01300FAE737B50C46054663
:1071B0000021204606F01AF9B8B10D49204606F024
:1071C0000BF990B10B49204606F0F2FB06F0B2FC39
:1071D00001238DF807000DF10702A86C40F6E701C6
:1071E000FDF7E6FF002003B030BD6FF01000FAE7B6
:1071F00000000C43000020401FB50123CDE90033FF
:107200008DF80F100DF10F029D21806CFEF736F9FD
:1072100005B05DF804FB2DE9F14F1F46374B436580
:10722000062380F83C300023BDF8348043671646BF
:1072300080F85030324AC264FF230D46C3679DF880
:107240003C200E99A0F8528001239DF828B09DF8AB
:107250002CA09DF930900446FEF79DFB002849D1F3
:107260005946204601F035FD002843D151462046BD
:1072700001F04EFD00283DD1236841461B6E20469B
:107280009847002836D11F492046FFF78EFF002877
:1072900030D101212046FFF7AFFF58BB0221204625
:1072A00001F05AFE30BB236801461B6D204698470B
:1072B00000BB23683946D3F8E03020469847C8B968
:1072C00023683146D3F8DC302046984790B92368CC
:1072D0002946DB6B2046984760B901212046FDF71F
:1072E000B4FF38B923685B6D4946204601B0BDE85C
:1072F000F04F184701B0BDE8F08F00BF0000FA431F
:107300000903000100007042F0B587B004469DF803
:1073100044E09DF830509DF834609DF93870BDF818
:107320003CC0CDF814E0DDF840E0CDF810E0CDE948
:10733000027CCDE90056FFF76EFF014620B92046DA
:1073400007B0BDE8F04057E707B0F0BD2DE9F047C2
:107350009246994645F255324CF6CC4386B0C0E988
:107360001723194B03671A23BDF8407080F8653066
:1073700040F209630E46A0F866309DF84820119946
:10738000A0F86C700023DDF838809DF93C5004466D
:10739000FEF701FB002840F0E781236851461B6C93
:1073A00020469847002840F0DF81236849465B6CFF
:1073B00020469847002840F0D7812046FEF748FC39
:1073C00020B16FF01300CFE133331C43BC49C4F844
:1073D0007080404606F02EF9BA4920F0004005F0D2
:1073E000FBFF002840F06881B749404606F022F9CB
:1073F000B44920F0004005F0EFFF002840F05E8126
:10740000B249404606F016F9AE4920F0004005F0BA
:10741000E3FF002840F08281AD49404606F00AF9BA
:10742000A84920F0004005F0D7FF002840F07881FF
:10743000A849404606F0FEF8A24920F0004005F0B9
:10744000CBFF002840F06E81A349404606F0F2F8D9
:107450009C4920F0004005F0BFFF002840F0648107
:107460009E49404606F0E6F8964920F0004005F0B7
:10747000B3FF002840F05A819949404606F0DAF8F7
:10748000904920F0004005F0A7FF002840F050810F
:107490009449404606F0CEF88A4920F0004005F0B5
:1074A0009BFF002840F046818F49404606F0C2F815
:1074B000844920F0004005F08FFF002840F03C8117
:1074C0008A49404606F0B6F87E4920F0004005F0B3
:1074D00083FF002840F032818549404606F0AAF833
:1074E000784920F0004005F077FF002840F028811F
:1074F0008049404606F09EF8724920F0004005F0B1
:107500006BFF002840F01E817B49404606F092F850
:107510006C4920F0004005F05FFF002840F0148126
:107520007649404606F086F8664920F0004005F0AE
:1075300053FF002840F00A817149404606F07AF86E
:10754000604920F0004005F047FF002840F000812E
:107550006C49404606F06EF85A4920F0004005F0AC
:107560003BFF002840F0F6806749404606F062F88D
:10757000544920F0004005F02FFF002840F0EC8037
:107580006249404606F056F84E4920F0004005F0AA
:1075900023FF002840F0E2805D49404606F04AF8AB
:1075A000484920F0004005F017FF002840F0D8803F
:1075B0005849404606F03EF8424920F0004005F0A8
:1075C0000BFF002800F0CE800923226E84F865307E
:1075D000009294F86620E16D2046FEF741F90028FC
:1075E00040F0C2804C492046FFF7DFFD002840F004
:1075F000BB80236839461B6E20469847002840F020
:10760000B3804AF61253ADF8143023680222DB6DC2
:1076100005A920469847002840F0A6802368014627
:107620009B6C20469847002840F09E8023680146C6
:10763000DB6C20469847002840F096802046FEF7F5
:1076400007FB00287FF4BDAEFF230127CDE90273BD
:1076500094F86930019394F86830009394F8673097
:1076600094F86420B4F86C10204601F04EFC002819
:107670007AD184F86A700221204601F06DFC00285E
:1076800072D139462046FFF7B7FD00286CD1236838
:107690003146DB6B20469847002865D10121204602
:1076A000FDF7D3FD00285FD123685B6D2946204696
:1076B00006B0BDE8F04718471F2386E7172384E785
:1076C0009A9999406F12833A9A99B9409A99E940E8
:1076D00033331B4133333B419A99694100009C414C
:1076E0003333BB416666EA4100001C429A993B4233
:1076F00066666A4266669C429A99BB429A99EA42D9
:1077000033331C4333333B43CD4C6A4300009C432B
:10771000CDCCBA430080E943000070420F2354E708
:107720001E2352E7162350E70E234EE71D234CE796
:1077300015234AE70D2348E71C2346E7142344E7B3
:107740000C2342E71B2340E713233EE70B233CE7D0
:107750001A233AE7122338E70A2336E7192334E7D6
:10776000112332E76FF0670006B0BDE8F087F0B58F
:1077700087B004469DF93450BDF838609DF84070DC
:107780000497CDE901560F9F0C9D03970095FFF7D5
:10779000DDFD014620B9204607B0BDE8F0402BE5ED
:1077A00007B0F0BD2DE9F0410E4617461D469DF885
:1077B0001C20069902230446FEF7EDF8E0B9236881
:1077C00039461B6C20469847B0B901212046FFF787
:1077D00013FD88B923683146DB6B2046984758B9BA
:1077E00001212046FDF731FD30B9236829462046A6
:1077F0005B6DBDE8F0411847BDE8F0812DE9FF4120
:107800001F469DF8283080F88F30884615460C9921
:107810009DF834209DF92C6003230446FEF7BBF845
:10782000002846D126492046FFF7BFFC002840D15A
:1078300001212046FFF7E0FC00283AD1CDE9020003
:10784000CDE90000034602460146204601F05DFBFB
:1078500078BB0B2384F86630236884F865002066C3
:107860001B6C18492046984718BB032F1FD8092DB9
:1078700084F8887020D8032384F88A304FF480730A
:10788000A4F89830236884F88950DB6B4146204681
:10789000984770B901212046FDF7D7FC48B9236805
:1078A0005B6D3146204604B0BDE8F04118476FF0EB
:1078B000090004B0BDE8F0816FF00700F9E700BFF0
:1078C000000070420000FA3E0144002203460130ED
:1078D00088421A70FAD1704710B5B02104460C30B6
:1078E000FFF7F2FF204610BD10B50446FFF7F4FF86
:1078F00020460DF071F9204610BD10B5F021044668
:107900000C30FFF7E1FF204610BD10B50446FFF72D
:10791000F4FF20460DF060F9204610BD2021D3E78A
:1079200010B504460430FFF7F9FF204610BD10B52E
:107930000446FFF7F5FF20460DF04EF9204610BD36
:107940000430EBE710B504462430FFF7E7FF20468C
:10795000FFF7E6FF204610BD10B50446FFF7F2FF23
:1079600020460DF039F9204610BD10B504462430EC
:10797000FFF7D4FF201DBDE81040CFE72DE9F0410F
:1079800006461D4656F8283B8AB00F46904602A987
:107990009B692022044698475C23314600933A466F
:1079A00043462046FCF7B4FBD4E91A2312F50072D3
:1079B00043F10003C4E91A232046FBF7F9FF2368CB
:1079C0005E699B68984702A902462046B047236833
:1079D000109A9B6929462046984702A8FFF79EFF08
:1079E0000AB0BDE8F08101798068013109016BE7D7
:1079F00010B5102104460830FFF766FF04F11800A7
:107A00001021FFF761FF204610BD10B50446FFF7B7
:107A1000EFFF20460DF0E0F8204610BD10B50446FB
:107A200040680368DB699847102104F10800FFF7FC
:107A30004BFF102104F11800FFF746FF102384F8D4
:107A4000283010BD10B5044670210830FFF73CFF08
:107A5000236820461B69BDE8104018472DE9F04F08
:107A60008946ADF5037D80461146002A00F06E81FF
:107A70006AAC02F1200510685168234603C308323E
:107A8000AA421C46F7D1719B23F0004371936AA868
:107A9000FBF79DFE1C2200F00103002163A8019367
:107AA0006AAC0CF048F801232022002152A862930E
:107AB0000CF041F80FCC5AAD0FC594E80F0085E8E3
:107AC0000F0062AD0FCD4AAC0FC495E80F004FF028
:107AD000000B84E80F001F26FF244025DA4619F822
:107AE00006702F4087EA0B0B5AAA62A95846FBF78B
:107AF0001AFF4AAA52A95846FBF715FF52AA62A9D3
:107B000042A8FBF7CCFE42A91AA8FBF7C6FE52AA70
:107B10003AA862A9FBF7D9FE014612A8FBF7BDFE01
:107B200012AA1AA922A8FBF7D0FE4AAA5AA932A87B
:107B3000FBF7B5FE2AA84AAA5AA9FBF7C6FE0146DA
:107B400042AA0AA8FBF76CFE3AAA32A902A8FBF7E0
:107B500067FE02AA0AA95AA8FBF7A1FE5AA908467D
:107B6000FBF79BFE4AA802AA0AA9FBF7AEFE014654
:107B7000FBF793FE4AA908466AAAFBF751FE12AA30
:107B80001AA962A8FBF74CFE7448082272A90023C8
:107B90000DF1880E5EF804CBD346013AECFB003BB6
:107BA00012F0FF0241F8043B5B46F3D1012272A9B7
:107BB00052A8CDF8E8B1FBF7A1FD52A908461AAAD0
:107BC000FBF76DFE52A922AA0846FBF729FE6D08B5
:107BD00004BF06F1FF364FEAC71B04F1FF3403BFB1
:107BE000F6B25FFA8BFB80254FEA570B14F0FF04C7
:107BF0007FF475AF5AAA62A95846FBF794FE4AAAC9
:107C000052A95846FBF78FFE52A972A8FBF745FE12
:107C1000092472A90846013CFBF73FFE14F0FF045B
:107C2000F7D152AA72A94AA8FBF7FAFD17250A2430
:107C300072A90846013CFBF730FE14F0FF04F7D1AF
:107C40004AA972AA0846013DFBF7EAFD15F0FF05B7
:107C5000EDD14AA972A8FBF720FE4AA972AA0846EC
:107C6000FBF7DEFD082472A90846FBF716FE4AA9B9
:107C700072AA0846013CFBF7D3FD14F0FF04F2D1D1
:107C800072A8FFF74BFE4AA90846FBF706FE4AA971
:107C90000846FBF702FE4AA952AA0846FBF7C0FDB8
:107CA0004AA90846FBF7F9FD4AA90846FBF7F5FD86
:107CB0004AA952AA0846FBF7B3FD4AA90846FBF7B2
:107CC000ECFD4AA9084652AAFBF7AAFD62A94AAAF6
:107CD0000846FBF7A5FD6AAD62AB42461C4603CCE5
:107CE000AC4210605160234602F10802F6D16AA846
:107CF000FFF714FE62A8FFF711FE5AA8FFF70EFE69
:107D000052A8FFF70BFE4AA8FFF708FE42A8FFF7AC
:107D100005FE3AA8FFF702FE32A8FFF7FFFD2AA8EA
:107D2000FFF7FCFD22A8FFF7F9FD1AA8FFF7F6FD03
:107D300012A8FFF7F3FD0AA8FFF7F0FD02A8FFF76E
:107D4000EDFD01980DF5037DBDE8F08F1C226BA8B9
:107D50000BF0F1FE09236A9399E600BF41DB0100B5
:107D6000F0B50021114C90F81FC005460846224688
:107D700005F11F0712F81F3F8CEA030303F07F038E
:107D800012F8016D17F801ED944286EA0E0643EAF7
:107D90000603F5D1C3F58073013140EA232005299C
:107DA000C0B204F12004E2D1F0BD00BF8C8E020805
:107DB00010B5702104460830FFF786FD204610BD3F
:107DC00010B50446FFF7F4FF20460CF005FF2046EF
:107DD00010BDD0F8F831013310B5044631D1036835
:107DE000DB68984794F81C325BBBD4F8F831012269
:107DF000013384F81C2224D194F80512114B53F856
:107E0000213093F8841091421BD083F884202422DF
:107E1000C3F88820196851E8002F22F00C0241E8CD
:107E200000241868002CF5D150E8002F42F004021D
:107E300040E800210029F7D12022C3F8882083F8E8
:107E4000841010BD101C002010B50446FFF7C1FFC0
:107E5000B4F81422B4F8103292B29A421FBFD4F888
:107E60000822D05C0133DBB214BFA4F810324FF00B
:107E7000FF3010BD000000002DE9F04106460D4620
:107E80008F180C46BC4202D1601BBDE8F0813368FC
:107E9000A0461B6818F8011B304698470028F3D00D
:107EA0004446EFE738B5094D2B68C36004462368A4
:107EB00020465B699847002807DAE2682B689B1A1E
:107EC000A2689342F3D34FF0FF3038BDE80400209E
:107ED000F8B507460D468E180C46B44201D1601B1A
:107EE000F8BD3846FFF7DEFF031EF8DB04F8013B60
:107EF000F3E72DE9F0410746884616461D4673B163
:107F000000243846FFF7CEFF031E05DB434503D0B0
:107F100033550134A542F4D12046BDE8F0811C461A
:107F2000FAE7124803681A0912F00C0F10B519D1BC
:107F30000F4902F00F0251F822209AB141680D4C0E
:107F400003F00F03002954F823300CD0C4BF01F113
:107F5000FF314160516901EA030023EA010343EA6A
:107F60000043936110BD9362FCE700BF0001002055
:107F70006C860208945E0208024601440020914289
:107F800000D1704743BA12F8010B9BB24340C3F3D0
:107F900003104340180380B24340580100F4FF50DF
:107FA0005840ECE738B503689B68044603B198472E
:107FB000E36803B1984763681B6803B19847094BAE
:107FC000094A6168D3F8EC00146819600022824203
:107FD00000DB38BDDD68A94208BF1C6201321C33DA
:107FE000F5E700BF3C1D0020E804002010B50B4C55
:107FF000E3689B6A13B9A06A0CF0EEFDE368DB6AE4
:1080000013B9606B0CF0E8FDE3681B6B23B9A06C3F
:10801000BDE810400CF0E0BD10BD00BFB83E002030
:1080200038B5044600680D4610B163688B4208D22B
:10803000691C0DF021FC28B1A368C4E9000503B94F
:108040000370012038BD2DE9F0470D4D0F46A9689A
:108050001424804601FB0441686891469A460DF05D
:108060000BFCAE686860744303190022013640F8C7
:108070000480C3E90179C3E9032AAE60BDE8F08753
:108080003C1D002038B5084C0546002104F5DC7085
:1080900088220BF050FD84F8B851A18A2046BDE833
:1080A0003840EDF784BA00BFF04200202DE9F041DE
:1080B0008369C8B005460E4614460BB1F8F7C6F9F9
:1080C000286906AA31460C30F8F7E2FC002858D19E
:1080D0009DF81830112B06D1224631462846F8F774
:1080E0009AFDD0B13EE02C200CF06EFD0446A86154
:1080F00098B12F6901963B69436007F10C087B69D1
:108100008360014601AB02AA4046F8F71FFC38B174
:10811000A8690CF061FD0023AB6148B0BDE8F081B7
:108120009DF80C30222BF3D104AA21464046F7F7E4
:10813000AEFE0028ECD163682361A36863610E235F
:10814000A3611023E360FB6923600123FC613046D7
:108150002B7505F0D5F901300CF036FD3146E8619C
:108160000BF08CFD2F2130460DF01CFC203500B1AA
:10817000461CFF223146284648B0BDE8F0410DF0CC
:10818000FEBB0230C9D1012CC7D1A5E770B50446AA
:1081900008460D4605F0B4F92368024629462046F4
:1081A0005B68BDE87040184730B58BB00023012AEA
:1081B0000C468DF8243098BF0A2209A92546B4FB45
:1081C000F2F404FB125303F0FF03092B94BF303386
:1081D0003733DBB2AA4201F8013DEFD9FFF7D6FFF2
:1081E0000BB030BD2DE9F84305460C46C71C00F125
:1081F0000609002617F8011F0A222046FFF7D4FFC0
:10820000236880461B682E21204698474F454044EE
:108210000644EFD1E9790A222046FFF7C5FF304432
:10822000BDE8F8830EB403B503AA52F8041B01920B
:108230000BF0E4FB02B05DF804EB03B0704710B53F
:1082400004460AF0B9FE90FBF4F303FB140010BDE2
:1082500010B5044600680CF0BFFC204610BD10B5F8
:108260000446006808B10CF0B7FC0023C4E90133F0
:10827000236010BD70B50E46114604461546FFF743
:10828000CFFE18B92046BDE87040E8E72068A56039
:108290003146BDE870400BF0F1BC38B50023C0E9B1
:1082A0000033044683600D4639B1084605F028F9CD
:1082B000294602462046FFF7DDFF204638BD8842AA
:1082C00010B50B46044604D0096821B19A68FFF73F
:1082D000D1FF204610BDFFF7C2FFFAE710B500231B
:1082E0000446C0E900338360FFF7E9FF204610BD74
:1082F00038B505460C4649B1084605F001F9214656
:1083000002462846FFF7B6FF284638BDFFF7A7FF0D
:10831000FAE770B5856804460E4609B9002070BDBD
:1083200062B115442946FFF77BFE0028F6D020688D
:10833000A368314618440BF0A1FCA5600120EEE7CC
:108340008A680968E5E738B505460C46084639B13C
:1083500005F0D6F8214602462846BDE83840D8E761
:1083600038BD08B58A68836893420BD3006840B172
:10837000096849B19B1A184405F066F8B0FA80F014
:10838000400908BD0020FCE70846FAE7B0F1005FAD
:1083900008B506D3B0F1804F01D309F080FA09F097
:1083A0007BFABDE8084080000CF00EBC031D2DE9EF
:1083B000F047C0E90133464B036000F12C0304464B
:1083C000002543614FF001084FF07E53882243623D
:1083D0004FF4927AC0E90685C0E90A55C0E92055F4
:1083E0000F46C56005820562294610440BF0A3FBC9
:1083F00052462946C4E94455C4F8185104F58E7014
:108400000BF099FB0820C4E99255C4E99455C4E9DE
:108410009655C4E99855C4F84052C4F84402FFF791
:10842000B5FF00F10C090646C4F8400250460CF0B6
:10843000CBFB00EB0A03C4E99703C4F85032F060A9
:10844000C4F84C02C4F84802C4F858022946C4F8DB
:108450005492C4F864924FF4FE7204F51B700BF052
:108460006AFB2946C4F86854C4F86C54C4F87054C4
:10847000C4F87454C4F878544FF4007204F5906052
:108480000BF059FB134B84F884561B68C4F88036F4
:108490002946502204F130000BF04DFB4FF40176D9
:1084A0000D4B236032462946C4F8887604F28C606E
:1084B0000BF041FBC4F89058C4F8945884F898889D
:1084C0003246294604F699000BF035FBBDE8F087EB
:1084D000348F0208E8040020E85B0208C3B2192BBD
:1084E0001BD8174A52F8233000F4E0601843431CAD
:1084F00025D0030913F00C0F04BF124A03F00F0339
:1085000000F00F0008BF52F823300F4A18BF0023B5
:1085100052F8202091B19A61704700F0C002C02A41
:108520000DD1C82B0BD8094B00F03F0200F4E060DE
:1085300053F82220024B53F82230D7E79A62704753
:10854000188302086C860208945E02088083020881
:10855000C3B2192B1BD8194A52F8233000F4E0603B
:108560001843431C24D0030913F00C0F22D103F04D
:108570000F03134A00F00F0052F82320114B126929
:1085800053F8203093430CBF01200020704700F0C7
:10859000C002C02A0CD1C82B0AD80B4B00F03F02F6
:1085A00000F4E06053F82220044B53F82230D7E760
:1085B0000020704700231B69FFDE00BF18830208FC
:1085C0006C860208945E020880830208034A1168E0
:1085D00013685B1A8342FBD3704700BFE804002096
:1085E0000348D0F8883013B18030EBF747BA7047B2
:1085F000301A00202DE9F04F2E4D85B0CA002C789E
:1086000003922A7C0092A4F10802019204F1FF3C3B
:108610006A68AB6802924FF0010E00260EFA0CF960
:108620003146039A96420ED1EA6853406A7C002A8A
:108630003CD11D46C4F120044FF0FF30E0402840FB
:1086400005B0BDE8F08F16F0070218D110F80180D0
:1086500001F1010A0099D1B117460EFA07F101EABA
:108660000801F940C7F1070B013701FA0BF1082F98
:1086700042EA0102F1D101998A405340514603EA8E
:1086800009025B000AB1029A53400136C9E742462B
:10869000F1E700FA02F11940D140ACEB0206B1401B
:1086A0000D430132D1B28C42F3D8C3E70022154604
:1086B0000120F7E7504D0020F0B50023C0E900335A
:1086C000ADB08360044608460D4604F01BFB064629
:1086D0000F462846002104F075FE002858D13CA31F
:1086E000D3E900233046394604F0AEF90F4606467A
:1086F00004F0FAFD054604F0E3FA02460B46304664
:10870000394604F09FF9344B002204F053FB04F087
:1087100015FF3249009001232A46002502A80DF0DA
:10872000C3F87D2229460CA80B950BF004FA02A889
:1087300004F0E6FE022824D8802220210BA80BF0AA
:10874000FAF902A804F0DCFEC0F1030000F1B00366
:108750000DEB030000F8845C02A804F0D1FE0130A8
:108760000CF032FA02A905460BF088FA0BA902A810
:108770000BF084FA294602A80DF0D4F828460CF034
:108780002BFA02A92046FFF7B3FD20462DB0F0BD1D
:1087900032463B460EA1D1E9000104F053F90F46E1
:1087A000064604F0A1FD054604F08AFA02460B468F
:1087B0003046394604F046F9074B002204F0FAFA35
:1087C00004F0BCFE0649009001232A46A5E700BF3D
:1087D0009A9999999999A93F000024408EA9020875
:1087E0008DA9020870B5056804460E46A54201D160
:1087F000002070BDA868036831469B689847002830
:10880000F7D12D68F2E70E4B10B5044618680368DF
:1088100021461B68984750B1037943B190F8343032
:108820000BB1343010BD037B0BB10C30FAE7054AB5
:10883000054823460C210CF07FFF0348F2E700BFF8
:10884000841E002098A90208684D0020421C10B523
:1088500003460C460CD0074A106802681946126895
:10886000904728B1D0F8B430A34218BFC0F8B44044
:1088700010BD00BF841E002070B5ACB00546B0220C
:108880000E46684600210BF056F969462846F4F773
:108890008BFCBDF80C30BBB12846F2F755FEAA6937
:1088A00004466B46E9211030F0F7F2FDE0810748FD
:1088B00066600A23002284F82231006884F8FA20D6
:1088C00001232146EDF74AFE2CB070BDA01E00200A
:1088D0002DE9F041DFF82C81B8F8AC32202BADF552
:1088E000567D06461CD10146A82286A80BF0CEF97B
:1088F000102200210DF2A6200BF01DF9424B289307
:10890000002440AF4FF48C734049ADF8A44286AACE
:1089100028A8CDE92A3429972C94F9F76FF820B9C3
:1089200000200DF5567DBDE8F0812B9D002DF7D080
:108930004022362108A80BF0FEF85C21402218A83E
:108940000BF0F9F808F2AD2808A918AB087818F868
:10895000012F504001F8010B187801344240202CBF
:1089600003F8012BF2D108AC0FCCB5F5807F28BFFE
:108970004FF48075A84686AD0FC50FCC0FC50FCC40
:108980000FC594E80F0085E80F003946204F424696
:1089900096A80BF07BF93868036808F140021B6A5F
:1089A00086A918AD98470FCD28AC0FC40FCD0FC4C2
:1089B0000FCD0FC495E80F0084E80F0086AC0FCCF4
:1089C00038AD0FC594E80F0085E80F0038680368DC
:1089D00060221B6A28A928AC98470FCC6D460FC5AA
:1089E00094E80F0085E80F00B6F88C20102A97D184
:1089F00006F18E0168460BF074F8B0FA80F0400979
:108A00008FE700BFF004002037E30008608F020802
:108A10008811002008B5084991F81D02FFF798FD5C
:108A200091F81E32DB0703D5003818BF012008BDBE
:108A3000B0FA80F04009FAE7443F00200388022B97
:108A400013D00D2B08D8032B01D800207047043B0E
:108A50009BB240F2952004E00F3B9BB21E2BF4D852
:108A60000348D84000F0010070470120704700BF64
:108A70002500004038B5826983689A42044614D0C4
:108A80002269C0681D68043A934203D00433A3608E
:108A9000284638BD0CF0A0F863691A1D5B68626156
:108AA00003F50072E3602261F1E70025F0E7016958
:108AB000024659B1836850F82300013303F00103E3
:108AC00048BF5B42013993601161704708467047A7
:108AD000816A10B5024679B1036A50F82300013368
:108AE0005C4204F0070403F0070301F1FF3158BFB3
:108AF00063421362916210BD0846FCE713B50C494E
:108B000004460C48002301F1520200684968EDF761
:108B100012FC094B186840B13CB10023CDE9003389
:108B20001A464FF0FF31F6F7D8FE02B010BD00BF75
:108B3000D40A0020841E00205846002030B5044688
:108B400085B00D46806C0121FCF773FC0023CDE954
:108B500000331A461946A06CFCF790FC0123CDE9BE
:108B6000003303AAA06C8DF80C508021FCF786FC22
:108B700005B030BD30B5012185B00446806CFCF7EE
:108B800058FC04238DF80F300023CDE900330DF19C
:108B90000F02A06C01238421FCF770FCA36C054636
:108BA000186803680121DB699847284605B030BD85
:108BB0001FB58DF80D300123CDE900338DF80C1071
:108BC0008DF80E208DF80F3003AA04239521806CB8
:108BD000FCF754FC05B05DF804FB0B4B1B681B7CD9
:108BE0004BB190F988219A4205DD084A92F8962007
:108BF0000AB980F8883190F98831162BC4BF162342
:108C000080F88831704700BF201D0020D40A002062
:108C1000836C70B504461868996A02689568826822
:108C2000A847A36C1868996A0268D568C268A84703
:108C3000A36C186803680121DB699847A36C186866
:108C4000996A0268D5680269A847A36C1868036826
:108C50005B6A98470646236820461B699847054685
:108C600078B1A36C186803685B6A9847801BB0F5FD
:108C70007A7F06D2A36C186803680A21DB699847DB
:108C8000E9E7284670BD1FB50023ADF80C3001237D
:108C9000CDE9003303AA02238F21806CFCF7EEFBA1
:108CA00005B05DF804FB1FB5002303930123CDE954
:108CB000003349BA082352BAADF80810ADF80A20BB
:108CC00019460DEB0302806CFCF7D8FB05B05DF88C
:108CD00004FB37B505460C46FCF7BAFF012811D155
:108CE000231FDBB2042B10D895F84E2085F84D30A9
:108CF000009295F83C2095F84C102846FDF730FC82
:108D000003B030BD6FF01300FAE76FF00900F7E72A
:108D100037B505460C46FCF79BFF012814D124F01B
:108D20000F0343F004032401A86C8DF8043044F0D1
:108D30000404022301AA4FF4E8618DF80540FCF712
:108D400037FA002003B030BD6FF01300FAE713B517
:108D500000290CBF9423962304468DF803300DF1AF
:108D60000302806C012340F6AC01FCF721FA084BAA
:108D7000A06C1A889B78ADF804208DF8063001AA03
:108D8000032340F29F21FCF713FA002002B010BD2C
:108D90009FA902082DE9F04188B005469DF838806A
:108DA00043450E4617461C467DD3FCF7B1F9631CBC
:108DB000FF22DBB2C8F1080802FA03F342FA08F214
:108DC0001343DB43DBB280EA0702134203D10020E6
:108DD00008B0BDE8F08120EA03043B401C432B7936
:108DE000E4B28DF81740CBB90122CDE90032284614
:108DF00069890DF117033246FCF71CF828680368EF
:108E00009B6A98470746286803689B6A9847C31B74
:108E1000B3F5FA6F40D36FF00F00D9E795F9113031
:108E20006F7C002BB8BF0733C3F3C703581E40B293
:108E30000DF1180E4FEAC00C02467146002A18DAEE
:108E40002A7C0130B8BF0023D2080B44501E40B228
:108E5000B0F1FF3F18D10020012301900DF1170060
:108E60000090CDE9023302EBD7022846FCF74BF81D
:108E7000C4E7B5F80A80013A48FA0CF80EF8018BFD
:108E800052B2ACF1080CD9E74FEAC00C26FA0CFC40
:108E900003F801CB0138DAE731462846FCF738F908
:108EA0008442B0D193E76FF00A0091E7F0B590F9F2
:108EB000114090F811C0002CB8BF0734E41087B0FF
:108EC000013C054664B205A80F46E6000146002CA9
:108ED00011DA0120CDE902300023019200934FEA1C
:108EE000DC022846FCF70FF868B9284607B0BDE851
:108EF000F040FCF7BEBA47FA06FE013C00F801EB71
:108F000064B2083EE3E707B0F0BD7FB58DF81330DB
:108F10009DF824308DF80E208DF814309DF8202017
:108F20008DF80F200123CDE9003300228DF81020A9
:108F30009DF828208DF8112049BA9DF82C20ADF815
:108F40000C108DF81220092303AA8C21806CFCF7E9
:108F500095FA07B05DF804FB30B587B004460D46BE
:108F6000FCF776FE024690BB022D0CBF06230423BD
:108F7000FF2284F86730039294F86A20029294F8F2
:108F80006920019294F86820009294F86420B4F863
:108F90006C102046FFF7B9FF0546A8B940F61D73CF
:108FA000A06CADF8143005AA022340F2BC61FCF7B6
:108FB000FFF842F21013ADF81430A06C022305AA9A
:108FC00040F2BE61FCF7F4F8284607B030BD012836
:108FD00010D194F8803084F84F00019394F8503009
:108FE000009394F87C30B4F852102046FDF773FBE0
:108FF0000546E9E74FF0FF35E6E710B504461346AE
:10900000806C0122FCF739F8A06CBDE81040FCF739
:10901000BCB9002370B5054601F11004184628318B
:1090200054F8046FAE420BD0002E18BF01238C42BF
:10903000F6D122B130B183F00103DBB2137070BD01
:109040000120F4E70346F9E72DE9F04F456893B0B6
:10905000CDE9032304460F46002D00F00A81D0F825
:1090600000A0BAF1000F00F00681D1F81491B9F117
:10907000000F00F0FC80242200210DEB02000AF01A
:109080005AFD3846CDF82090ECF7C1FA7B4997F8A5
:1090900020B1D1F80480D7F854110291884508BF57
:1090A0004FEACB110BF07F0208BF01F47E51ADF8FF
:1090B0002C2004BF0A43ADF82C20714A08BFCDF81C
:1090C0003080126801900CBF01260026012A38BFAB
:1090D0000122D7F8503107900992204601990A934E
:1090E0004A460593EEF705FF0446002800F0868007
:1090F0001C9A059B42B1028A1C9902F07F0293459B
:109100008CBF012200220A70039AEAB122689045BE
:109110001AD0D4F80CB0BBF1000F15D0D84513D03D
:1091200093B902981A462146FFF773FF60B12146B2
:109130004046FFF76EFF38B921465846FFF769FFF2
:1091400010B9039A01231370049B33B1E368A3EBB6
:10915000080253425341049A1370002E6BD13246D9
:1091600021464046FFF755FF238A58B197F8201152
:10917000C3F3C612914202D0013A914202D1029A3F
:109180000C920126BDF82C2003F47E5322F47E526B
:109190001343ADF82C30BDF82C20238A02F07F0158
:1091A00003F07F038B4284BF22F07F0213434FF012
:1091B000000288BFADF82C30134604EB83014869E8
:1091C00078B10BAF062157F804CF604509D00139BB
:1091D00011F0FF01F7D1334412A901EB830343F8E7
:1091E000180C002E02F10102D2B20CBF062105219B
:1091F0008A421346E1DBE3680A9302E01C9B03B159
:1092000018701F4B2C221E68002302FB0A521946BD
:10921000954212D34BB107AE1D460FCE0FC50FCEF0
:109220000FC596E8070085E80700201E18BF01203B
:1092300013B0BDE8F08F0126ADE7686858B928681B
:1092400088B1A868371A8F4228460ED939462B466E
:1092500000F12C05DCE78145F3D12868019F8742A6
:10926000EFD1A968711A1046F1E71D46EFE74846AD
:10927000DEE72846DCE75046DAE700BFD40A0020E4
:10928000E804002030B51C4B0446186899B010B1B2
:109290002146EDF729F9194DEB681BB9ED6855B971
:1092A00019B030BD6389042BF8D02046F1F794F94A
:1092B0000028F5D1F2E76389042BF1D1A389462B6D
:1092C000EED10F495C2201A80AF0E0FC0D4AE189C9
:1092D00001AB04F11000F1F76DF90028E0D02B6824
:1092E00001AA21469B6A284698472B6801AADB6A97
:1092F000214628469847D3E7841E0020684D002069
:10930000788F0208C882020810B103685B681847AA
:10931000704710B103685B68184770472DE9F74F35
:10932000DFF894B0814616461D4601F00F080C097F
:1093300082460127A74220D9B8F1000F1AD0631C3A
:10934000EB73C3F307221C4BAA731868036806EB80
:1093500004169B6A32462946984709EB0414B04428
:1093600016F8012B14F8013B464583EA020306F880
:10937000013CF5D103B0BDE8F08FDBF80000EF73DE
:10938000C7F30723AB73036801929B6A294698478A
:10939000019A0AF1FF30531E02F10F0C13F8011F5E
:1093A00010F801EF634581EA0E011970F6D1103211
:1093B0000AF1100A0137BDE788110020454B2DE95D
:1093C000F3471A69444CDFF814E10C2101254FF0F2
:1093D000000C4FF0040902264FF00808187E0128FF
:1093E00043D0587E1D76012870D15E7650684006C5
:1093F0000ED5C3F81C80CDF804C0506840071BD4BC
:10940000506820F040005060D86920F00800D86112
:10941000DEF800A05068C0074AD5976850681F6200
:10942000400641BFC3F81C80506820F00100506026
:109430005D7683F818C018E0106840F08040106036
:10944000106820F08040106001960198013801906A
:10945000DDF804A0BAF1000F12D101205876D869C6
:1094600083F818A040F00200D86154F8040F0139C5
:10947000784011F0FF012060B0D102B0BDE8F08764
:1094800010684000E1D45068400642BF506820F0A8
:109490004000506002200190019801380190DDF8F1
:1094A00004A0BAF1000FD8D050684007F4D4ABE75D
:1094B000DEF80000A0EB0A000228ABD9506810F0DB
:1094C0000100A7D15D761876DE61CEE7C3F81C9067
:1094D000AFE700BF684D0020F4100020E804002032
:1094E0002DE9F04F7C4C26460FCE04F140050FC508
:1094F0000FCE0FC50FCE0FC596E80F0089B085E8D7
:109500000F00A36F0393A36ED4F87C90D4F850E0BF
:10951000D4F840C0D4F870B0D4F86080616D676C46
:10952000D4F874A0606EA26DA66CE56C0193E36D37
:10953000E46E02940A24CDF8109000940F4487EA58
:109540000A0A00EB3A40F44441408CEA0B0B07EB6B
:10955000315787EA3A4A08EB3B4800EB3A6088EA21
:109560000E0E0CEB3E5C80EA3151069003988CEABB
:109570003B44164408EB346880EA06090198CDF8AC
:10958000148088EA3E5ECDF81CE000EB394E04986A
:109590001D4485EA000802988EEA020206EB325664
:1095A00000EB384086EA394943400EEB396E05EB53
:1095B00033558EEA325285EA38480CEB716C00EB79
:1095C000386007EB72678CEA38680EEB384E87EA32
:1095D000346480EA33538EEA716100EB344080EAF0
:1095E00072620CEB315C8CEA384807EB32574FEA79
:1095F000386B87EA344400EB346006EB7366CDF8D1
:1096000010B04FEA346B059C029080EA325286EA31
:109610003A600EEB386E04EB304888EA736306EB71
:10962000335686EA304008EB30684FEA306A0798D4
:10963000CDF804E005EB7065069885EA39648EEA9A
:109640003151DDF81CE000EB344989EA7E6E05EB10
:109650003E5585EA34444FEA3460039009EB3460A8
:10966000009C013C88EA335380EA3E5E14F0FF041C
:109670004FEA71614FEA72624FEA73634FEA7E6E9E
:1096800000947FF45BAF144CDDF810906165C4E981
:10969000135EC4E917380199039BA265029AC4F8C6
:1096A0007C90C4F840C0A166C4F870B06764E266FC
:1096B000C4F874A0A664A367606622460434136CE1
:1096C00012681344E363009B0133DBB2102B009359
:1096D000F3D109B0BDE8F08FE810002070B50C4E52
:1096E000336B06F1400501333363FFF7F9FE0FCD0D
:1096F00006F110040FC40FCD0FC495E80F0084E8E5
:109700000F00EAF7CFFA736B4340736370BD00BF7D
:10971000E810002010B5064C236B01332363FFF7DC
:10972000DFFEFFF7DBFF034B1B68C4F8843010BD7E
:10973000E8100020E804002038B505460C4641B387
:10974000302C224628BF3022A41A2B461544134A37
:1097500013F8011B12F8010BAB4281EA000102F879
:10976000011CF5D1FFF7BAFF002CE9D10C4A92F8A1
:109770008130990610D5B2F88010C1F30C01B1F513
:10978000C07F09D36FF3451382F88130BDE83840BC
:10979000C0E7FFF7A3FFE9E738BD00BFF8100020DE
:1097A000E8100020F8B53E4C94F881305B06054681
:1097B00057D43C4B264603F1400718685968324697
:1097C00003C20833BB421646F7D1FFF7F7FDB4F8E2
:1097D000803023F47F5323F03F0343F40053A4F875
:1097E0008030FFF77BFF35B1284603F089FE014644
:1097F0002846FFF7A1FF2C4A537E03F0FF0103B96F
:1098000011760223537613695069196821F0040117
:109810001960196821F0804121F02001014341F0D5
:1098200080411960214919614AF2B321196119680F
:109830001F4821F080411960056819684E0011D455
:10984000196841F00401196059684D0616D50423C2
:109850005376FFF75FFF94F8813043F0400384F8BC
:109860008130F8BD0168491B0229E6D919684F000B
:10987000E3D5012353760223D361EAE705685968EB
:1098800011F0040103D101235376D161E1E70168AE
:10989000491B0229F3D959684907F0D50423E9E7A0
:1098A000E8100020A3A90208684D0020BC0A59173F
:1098B000E804002010B5104B19791E22022908BFB8
:1098C0000E491A674FF03C0218BF4FF496719A6622
:1098D00007BF01220C464FF0FF344FF4167008BF4B
:1098E0001046C3F8AC100A21C3E92924C3F8B0100C
:1098F000C3F88C0110BD00BFF004002080510100AE
:1099000008B5054B4FF41A72002118460AF013F9F6
:109910001822C0F8642208BD5C460020044B1A8857
:109920009042BDBF04334C2200FB02300148704717
:109930005C4600202C01002070B501460078FFF73E
:10994000EDFF91F84830012B03D04C220AF09EF92C
:1099500070BD074B1C7800220225A242F5DA93F86D
:109960004C60012E08BF83F84C5001324C33F4E7B1
:109970005C460020F0B5194B93F8965095B005B3AE
:109980000024174F2546E0B2FFF7C8FF4C220146DE
:1099900001A80AF07BF99DF805607EB139460DF10A
:1099A0002E000BF0A1FF78B98DF84C008DF80E0059
:1099B000ADF80C0001A8FFF7BFFF35460134082CB5
:1099C000E1D1284615B0F0BDBDF80C30002BF5D024
:1099D00000238DF80E30ADF80C30EBE7D40A0020F0
:1099E000DDA402082DE9F041DFF88C80044608462A
:1099F000FFF794FF06462022002120460AF09BF83C
:109A0000737813B196F848701FB9FF2384F820309B
:109A100015E0358906F10A012A4620466DB20AF0A2
:109A200035F984F8205025B9022F08D198F80000A4
:109A3000DEE7012D15D1227822B984F820202046B6
:109A4000BDE8F0810D4B214603F1100053F8045B93
:109A500041F8045B8342F9D1102384F82030E2738B
:109A6000EDE70F2D01DC1023D0E71F2DE7DC102DD3
:109A7000E5D02023CAE700BF701E0020E4A9020839
:109A800070B500220E4603210546EBF7C5F90446E2
:109A900018B131462846EBF701FA204670BD7FB574
:109AA000054608489DF824600068046802969DF801
:109AB0002060CDE900361346246B0A462946A047AC
:109AC00004B070BDA83E002010B51348EFF7A4F90C
:109AD00004234381114B5B6803604FF0FF33436005
:109AE0000F4BD3F8D02112F0FF03044602D1002A15
:109AF00008BF0323402B28BF402384F82031EFF711
:109B00009AF90021C4F814010220EBF7E7F9C4F830
:109B10001801204610BD00BF581E0020D40A0020A6
:109B2000F0040020F0B599B004460F461646002117
:109B30005E220DF102001D4609F0FDFF03238DF8A2
:109B40000440ADF80030FFF7BFFF052304468381D2
:109B50000A4A6B46E9211030EFF79AFC782384F823
:109B600022319DF87830E081204684F8203167600A
:109B7000C4F80461257219B0F0BD00BFD48F02088B
:109B800010B54FF0FF310446ECF762F90D4B021EA1
:109B9000D3F8BC310BDB9A4201DDD0B210BD94F892
:109BA0002A010028FAD00232D0B29842F6D313F03C
:109BB000FF0002BFB3FA83F35B099801402828BF76
:109BC0004020EBE7F004002008B10BF005B8704727
:109BD0000169024659B1836850F82300013303F04C
:109BE000010348BF5B420139936011617047084629
:109BF000704738B503680D46DB684FF0FF31984772
:109C0000044620B14FF4B07229460AF03FF82046CE
:109C100038BD10B58AB00146044601A8FFF7E2FE40
:109C20009DF92430002B0CDB074B1868036801A951
:109C3000DB6A9847054B03EB4403B3F902000AB013
:109C400010BD4FF0FF30FAE788110020701E002091
:109C5000D0F8881010B5024691B1D0F8803050F895
:109C6000230001335C4204F01F0403F01F0301F1E1
:109C7000FF3158BF6342C2F88030C2F8881010BD6F
:109C80000846FCE70146024802689268104700BF98
:109C9000581E0020F8B5164D95F8F0202B682AB90B
:109CA0001B68012285F8F02003B198472B685B6898
:109CB00003B198470E4C0F4F0026D5F8EC309E426A
:109CC00000DBF8BDE2682B689A4203D1226A3B6848
:109CD0001AB9236201361C34EFE79B1A626A934279
:109CE000F8D304F10C00FEF75DF90023F1E700BFA3
:109CF0003C1D0020E804002000B5C3B001466A46C0
:109D00000448F6F7C5FEB0FA80F0400943B05DF8AC
:109D100004FB00BFC43E00200C4B93F8F01030B49D
:109D2000024629B1D3E90040996800238B4201DB48
:109D300030BC70470568A54205D18568AA4202D1AA
:109D400030BCFEF72FB901331430EFE73C1D002083
:109D500038B505680446A54201D1002038BDA86881
:109D6000036800219B6898470028F7D12D68F2E727
:109D70002DE9F04104469DF818800D4616461F4611
:109D8000EBF7ECF948B1CDF818803B46324629464E
:109D90002046BDE8F041F3F785BABDE8F08100B593
:109DA0009DB001901F4890F84C3063B11E4801AB44
:109DB00002AA06A9F6F7CAFD58B1B0FA80F0400928
:109DC0001DB05DF804FB0C30F6F79EFE0028EDD0C8
:109DD000F3E79DF80C30222B1CD0134802AA06A9E9
:109DE000F7F7F4F80028E8D19DF80C30222BE4D1E5
:109DF0000D4806AA12A9F6F747FD0028DDDB1A9BDD
:109E00000F931B9B109300231A4606A90648F6F7EA
:109E1000A5FFD2E7044804AA11A9F6F738F80028EC
:109E2000DBD0CAE7B83E0020C43E002010B50C1AB3
:109E3000002C134605DD01462246184609F061FE56
:109E40000346181910BD2DE9F043C9B000230D4693
:109E50000A6903754FF47A7180F8203080F81F3159
:109E6000C0E90131C0E906332B7D5049016002AFE2
:109E700004460261002B64D0DFF834812B69AE699F
:109E80004FF48472002107F1100003F10C0909F06E
:109E900052FEB3690E2B46D122233B74414607F193
:109EA000180009F0EBFEB3690133B36107F1180143
:109EB000404603F0C9FA0028E0D03E4807F11801F7
:109EC00003F0C2FA0028D9D0D5F81C80404603F030
:109ED00017FB054607F1180003F012FB054409358E
:109EE00025F007056E46ADEB050D02AB1846414661
:109EF00009F0C4FE98F800202F2A034602D198F8F2
:109F0000012022B118462C490BF00CFD034607F145
:109F1000180118460BF006FD002201462046FEF708
:109F2000C5F8B5460DE00F2B03D1222321493B7420
:109F3000B5E73A4631464846F6F76CF938B1821C27
:109F400031D1204607F58E77BD46BDE8F0833B79D9
:109F500003F07F02112A01D0222AEAD11B060BD579
:109F600007F108014846F6F7BAFC00281BDBE0D1F0
:109F70003B7903F07F033B713B793B74112B08BFA6
:109F8000FB683A6808BF7B617B79B97904321A446F
:109F9000FB7900930A4407F1180371684846F5F706
:109FA00069FF002882D0012880D0CAE7F48F020818
:109FB000DEA80208DDA80208DBA4020830B51446BA
:109FC00089B054F8043B00930C252B440493D379B7
:109FD00005930022CDE9062301236A46CDE9015409
:109FE0000395F6F7BBFE09B030BD2DE9F04F87B001
:109FF000DDE9104506468B46174625444FF001091A
:10A000000DF1170AA3EB0408AC4201D1012011E0C5
:10A0100008EB04030093CDE901A93B460022594611
:10A020003046F5F78EFE28B914F8013B9DF817204D
:10A030009A42E9D007B0BDE8F08FD1B1092816D80F
:10A04000DFE800F00F0D15090B19071305110B4878
:10A0500070470B4870470B4870470B4870470B48D8
:10A0600070470B4870470B4870470B4870470B48C8
:10A0700070470B4870470B48704700BF05AA02089D
:10A080002BAA02083DAA020852AA0208FCA902084B
:10A0900022AA020848AA020810AA020835AA020841
:10A0A000F5A9020818AA020808B5C0B2FFF736FCE5
:10A0B00090F82A300BB12A3008BD064B93F8A8213E
:10A0C0002AB193F8A9010121BDE80840B5E702488B
:10A0D000F2E700BFF0040020F5A90208F0B58BB04C
:10A0E0000646FFF71BFC41780670044639BB80F832
:10A0F00048104422043009F01EFD012363703146EC
:10A1000001A8FFF76FFC9DF92470002F29DB304672
:10A11000FFF7CAFF054603F0F3F92B462844002554
:10A12000834215D1002101AA0B468F4214D86B40FF
:10A130000D4A02EB4602204653800BB0F0BD0B499E
:10A140002A3003F081F90028D9D184F82A00D6E713
:10A1500013F8012B5540E3E712F8010B013143409E
:10A16000E3E74FF0FF33E3E7701E00205DAA02082B
:10A17000F8B5094E094F002433889C4200DBF8BD36
:10A18000E5B22846FFF7AAFF90F84830012B08BF38
:10A190003D700134F0E700BF5C460020701E0020D7
:10A1A00038B518B11C4A1368013313601B4D2B8856
:10A1B000082B25D008232B8000242A88944225DBF5
:10A1C000174B184C002183F8C11140F20141A3F84C
:10A1D000A8112D21A3F8C211134B1449002A08BF5E
:10A1E0001C460125A57225810C2204F12A000BF0E2
:10A1F000C6FB202384F83E50657084F848502364E1
:10A20000FFF7B6FFBDE83840EDF79CBFE0B2FFF7BF
:10A2100065FF0134D1E700BF404D00205C460020BF
:10A22000F0040020604600202C010020F4A9020860
:10A2300008B50146FFF772FB836823F07F43B3F153
:10A24000011F12D10846FFF72FFF094B024693F872
:10A25000A81193F8A901FFF7F0FE0146104603F09C
:10A26000F3F8B0FA80F0400908BD0020FCE700BF19
:10A27000F004002038B50D46044600285ED0304B6F
:10A28000C0F89C3090F9B000E8F712F994F8B120CA
:10A290002C4BB4F8C21053F82230D3F88820202A6F
:10A2A00089B205D094F9B000BDE83840E8F7F3B8BA
:10A2B000D4F8B8205218F5D0ADB2002DF2D01A65FE
:10A2C0000022A3F85650C3F890202122C3F888201A
:10A2D0005A6E9968A3F85450B2F1005F1A6818D109
:10A2E000B1F5805F13D11D6917491848002D08BFCB
:10A2F0000146996702F1080353E8003F43F4000365
:10A3000002F1080040E800310029F3D1CAE70E4904
:10A31000EFE7B1F5805F0FD11D690D490D48002DA4
:10A3200008BF0146996752E8003F43F0800342E8C6
:10A3300000310029F7D1B5E70549F3E738BD00BF83
:10A34000A54C0108101C0020190300088103000817
:10A35000130400084104000870B50468284EE5693C
:10A3600031EA050501D1002020E03568AD1AAB4285
:10A370001DD254E8003F23F4D07344E80032002A91
:10A38000F7D104F1080353E8003F23F0010304F17F
:10A39000080141E80032002AF3D12023C0F88830B8
:10A3A000C0F88C30002380F88430032070BD25680D
:10A3B0006D07D4D58029D2D04029D0D0E5692D05AC
:10A3C000CDD54FF40063236254E8003F23F4D073EB
:10A3D00044E80032002AF7D104F1080353E8003FB3
:10A3E00023F0010304F1080141E80032002AF3D10F
:10A3F0002023C0F88830C0F88C30C0F89030D1E706
:10A40000E80400202DE9F74F0E461746002850D0EB
:10A41000441E012C00F2A080DFF84491DFF8448153
:10A4200099F82131D8F80050022B3DD84E4B99F8BD
:10A43000212153F8224094F8AD2053F82220D2F87D
:10A440008830D2F88C100B4303F02103212B62D00B
:10A45000D4F88830202B2CD15EB3BBB24BB300258F
:10A460002122C4F89050C4F88820D8F80080A4F8BD
:10A470005430A4F85630A368B3F5805F03D1236944
:10A480000BB935461E46B4F856309BB2002B49D165
:10A490004FF47A73424640212046FFF75DFF40B9F2
:10A4A0002023C4F8883004E030490220E9F710FD89
:10A4B00060BB384603B0BDE8F08F5BF824A0BAF16A
:10A4C000000F07D00220E9F703FDDAF80020274942
:10A4D0008242ABD00134E4B2032C89F82141ECD1A3
:10A4E00022490220E9F7F4FC0028E2D00223C9F84F
:10A4F0001031002300931A461D484FF41651EAF715
:10A500003FF999F82131022B90D9D2E7DFF858B002
:10A5100016490024E0E7D8F800305B1BB3F57A7FDA
:10A520008DD3C6E74FF47A73424680212046FFF769
:10A5300013FF0028BDD122685EB935F8023BC3F392
:10A5400008039362B4F85630013B9BB2A4F856302E
:10A5500099E716F8013BF4E703685B689847A8E7BA
:10A5600008010020E8040020101C0020D45E02082E
:10A5700078010020134A144910B514680B69DB03F5
:10A5800013D40B69D80744BF012008614CF2FA319B
:10A590000B4011D10C49086910F480200BD01368CE
:10A5A0001B1BB3F57A7FF6D304E013681B1BB3F5CE
:10A5B0007A7FE3D3032010BD034A1361034A0120CD
:10A5C0005360F8E7E804002000400058284D0020C0
:10A5D00038B590F8413003F02803282B04460D4687
:10A5E00003D119B94FF40073436438BD48F2020136
:10A5F000E8F774F894F84030012BF6D094F8413025
:10A600000121292B84F8401014D12046E8F766F880
:10A6100023681A6852040DD51A68A06B22F4804290
:10A620001A6038B1174B8363E7F792FF10B1A06B44
:10A63000836B98472A2384F84130202384F84230E2
:10A640000021236861645A6822F400425A600122A2
:10A650006285628D22854FF08072E2620A4A6263EF
:10A660009A6998696562C00303D4120744BF08223F
:10A67000DA6184F84010204648F20201BDE8384013
:10A68000E7F7C1BFC9260008FD2D000870B590F896
:10A690009130012B04460E46A0F1040509D1436E0A
:10A6A0003BB1836E28469847022384F891300023FB
:10A6B0006366012E4FF0000364D1E26E84F891309E
:10A6C0001AB184F890302846904794F8905094F846
:10A6D000413003F02803282BEDB203D11DB94FF40C
:10A6E0000073636470BD48F201012046E7F7F6FF8E
:10A6F00094F84030012BF5D0012384F8403094F8D1
:10A7000041302A2B15D120460221E7F7E7FF2368C5
:10A710001A6810040DD51A68E06B22F400421A6022
:10A7200038B11E4B8363E7F713FF10B1E06B836B07
:10A730009847292384F841302246202384F8423068
:10A7400052F8703B00206064596821F40041596060
:10A7500065856262628D22854FF00072E262104A66
:10A7600062639A699969C90303D5120744BF082235
:10A77000DA6184F8400048F201012046BDE87040EB
:10A78000E7F741BF6366012384F89130636E743349
:10A79000E9182046BDE870401AE700BFC926000846
:10A7A000FD2D000870B590F84130026803F02803D1
:10A7B000282B044628D1956991699368D668C668A4
:10A7C000022EC5F3004515D1C3F3C21383EA11432A
:10A7D00013F006030ED1816C01318164816C022972
:10A7E00017D108218364D16180F840302946BDE843
:10A7F00070404BE74FF40041E7F770FF002384F807
:10A80000403029462046F2E70823D361002380F830
:10A81000403070BDD0F88C30202B10B571D100299C
:10A820006FD00023494AC366036893423FD18165D4
:10A8300081680122A0F85C20A0F85E20B1F5805F5D
:10A840004FF0000242673ED10269002A40F2FF1237
:10A8500018BFFF22A0F860200022C0F8902022221A
:10A86000C0F88C2003F1080252E8002F42F00102E8
:10A8700003F1080444E800210029F3D1446E816803
:10A880000269B4F1005F42D1B0F86840012C3ED8B3
:10A89000B1F5805F36D132B32D4A426753E8002FBD
:10A8A00042F4807243E800210029F7D11DE05A6884
:10A8B0001202BCD553E8002F42F0806243E8002426
:10A8C000002CF7D1B3E729B90269002A14BF7F220F
:10A8D000FF22BFE7B1F1805FBCD10269002A14BF3B
:10A8E0003F227F22B6E71B4A426703F1080252E883
:10A8F000002F42F0805203F1080040E800210029B7
:10A90000F3D110BD12494167002AC7D1EDE7B1F577
:10A91000805F16D152B1104A426753E8002F42F4CB
:10A92000907243E800210029F7D1EAE70B4A426719
:10A9300053E8002F42F0200243E800210029F7D11C
:10A94000DFE705494167002AF2D0E6E700800040D2
:10A95000FB43000899450008CB040008890500085E
:10A9600037B5062380F81D3200F5AA750023C0F81C
:10A970002012044600931A462846E9F701FF2046B4
:10A98000FDF727FA2846E9F741FBB0B90C4B94F9DB
:10A990000402C4F8EC31E7F78BFD94F80522094B6B
:10A9A00004F2062153F82200FFF734FF94F9040261
:10A9B00003B0BDE83040E7F76EBD03B030BD00BF67
:10A9C0005D4C0108101C0020836810B504462BB1B3
:10A9D0000322014698470023C4E9023310BD30B476
:10A9E00000244FF47A75C0E90145074D0560074D15
:10A9F0000561C0E90644047580F8204080F81F41D5
:10AA000030BCFDF753BB00BFF48F0208B83E0020F6
:10AA10002DE9F041CCB004AC0F46164601460022A9
:10AA200020461D46DDF84881FFF7D9FFA369E3B151
:10AA30000F4B0297CDE900340E4B00219D4203914C
:10AA400003D03246404609F076F829464246684629
:10AA5000F6F750FD0028204614BF01250425F5F720
:10AA6000F5FC28464CB0BDE8F0810525F9E700BFAC
:10AA7000AD6C0008189002082DE9F74F9A46384F40
:10AA8000019000238B469C461C46A34514D11BF025
:10AA9000070F09D032494978032904BF190C02F87D
:10AAA000011B190A11705370BAF1000F01D0CAF8D6
:10AAB00000C003B0BDE8F08F019897F801E0E1080D
:10AAC000E543465C2749BEF1020FA1F1100005F0F5
:10AAD000070508BF014646FA05F606F00106894655
:10AAE0003978C6F101006FEA01084FEA800008F0EA
:10AAF0000308C0B200EBC800C8464FEA910905FB45
:10AB00000EF558F829804FF0020928FA00F019FBD9
:10AB100001610CBF4FF010084FF04008B1FBF8F690
:10AB200008FB161100F00F00397004F00701A8406F
:10AB3000072943EA00030CD1BEF1030F04BF190C2F
:10AB400002F8011B1146180A01F8020B53700A465D
:10AB50000023797861441FFA81FC013495E700BF36
:10AB6000644D00204090020870B5931E222B8AB0DD
:10AB70000ED801AD2B4668B9AB4218D0481E1A4614
:10AB8000AA4219D85A1B9D4288BF002200238B5429
:10AB90000AB070BDB0FBF2F602FB16000928C4B281
:10ABA00007D83030C0B203F8010B3046E3E7064661
:10ABB000F7E704F15700F5E712F8014D00F8014FEF
:10ABC000DEE71FB50A22044608466946FFF7CCFFB8
:10ABD000684602F095FC694602462046FDF799FB5F
:10ABE00010B92046FDF73BFB204604B010BD7FB5F1
:10ABF00000F11C060025144B0360044645751349FB
:10AC00003046FDF74AFB01232375114B11491B68A0
:10AC1000A360C4E90355A4613046FDF769FB3146E2
:10AC200001A8FDF75BFBA16901A8FFF7CAFF014678
:10AC30003046FDF744FB01A8FDF70AFBA3686560F9
:10AC4000E36004B070BD00BF88900208F4A9020858
:10AC5000E804002065AA020870B504460D46FFF717
:10AC6000C6FF164B2360164BA362002384F82C30DA
:10AC7000294604F11C00FDF73BFBA26ACAB102F1B0
:10AC8000240102F1C4050B4653F8040F18B186697C
:10AC9000A06986420DD0AB42F6D1002351F8040FD3
:10ACA00040B90A3342F82340D2F8C8300133C2F821
:10ACB000C83070BD0133282BF0D1FAE79C90020810
:10ACC0008C4D002007B50023ADF8043001AA022303
:10ACD0001721FEF7EBF8BDF8040040BA80B203B0CC
:10ACE0005DF804FB7FB590F8354006460D4614B17B
:10ACF0004F4804B070BD03681B699847B06CFFF7FC
:10AD0000E1FF83060AD50123CDE9003303AAB06C25
:10AD1000ADF80C4002230721FAF7B0FB454925F0B6
:10AD2000004002F059FB044628B1304604B0BDE8AB
:10AD30007040FDF76DBF4049284602F07BFC3D495D
:10AD400020F0004002F048FB002862D13B49284631
:10AD500002F070FC374920F0004002F03DFB002873
:10AD600059D13749284602F065FC324920F00040AD
:10AD700002F032FB002850D13249284602F05AFC3A
:10AD80002C4920F0004002F027FB002847D12E4933
:10AD9000284602F04FFC274920F0004002F01CFB3F
:10ADA00000283ED12949284602F044FC214920F0E0
:10ADB000004002F011FB002835D12549284602F059
:10ADC00039FC1C4920F0004002F006FB68BB214919
:10ADD000284602F02FFC174920F0004002F0FCFA50
:10ADE000002885D0072000238DF80D3044F20103A0
:10ADF000ADF80E3041F2883373670123CDE900339B
:10AE00008DF80C000423B06C03AA9721FAF736FBE7
:10AE10006FE72046E7E70120E5E70220E3E70320AC
:10AE2000E1E70420DFE70520DDE70620DBE700BFE0
:10AE300041FDFFFF6F12833ACDCCCC3F9A99D93FA9
:10AE40006666E63FCDCC0C409A991940CDCC2C409B
:10AE5000000040403333534007B50D4BB3F8A421F5
:10AE600093F8A631ADF804208DF8063001AA03232B
:10AE70001421FEF71BF89DF805309DF804209DF87D
:10AE800006001B0243EA0243184303B05DF804FBCB
:10AE90002C8F020870B586B00D461646002114228C
:10AEA000044601A808F047FE3246294601A8F6F7F5
:10AEB000A5FD08B1049B236006B070BD02F00F022F
:10AEC0000B2A13D8DFE802F00E0E0E0E10060C0C43
:10AED0000C0C120C012242EAC1020023F6F718BB47
:10AEE0000222F8E70022F6E70522F4E70369034AA5
:10AEF000002B08BF1346036100207047D4A7020847
:10AF0000F8B5C6690D68083EB5420F4613D3B5FBC8
:10AF1000F6F001380AF06CFD841CA5EB8404B4FB48
:10AF2000F6F420460AF064FDA5EB800504FB1655F7
:10AF30003D602046F8BD0020FCE72DE9F04F89B0C8
:10AF40000646DDF84C8005920F464BB94FF0FF32B4
:10AF5000C8F80020149A0020136009B0BDE8F08FF3
:10AF60000468013B07A920460793FFF7C9FF12A910
:10AF700005462046FFF7C4FF4FF0040A81460DF155
:10AF8000140BA945059B03D3C8F80030129BE1E7D9
:10AF9000A5EB0904B4FA84F495FAA5F2B2FA82F2A8
:10AFA000C4F11F04944228BF1446A2000092CDE9C8
:10AFB00001BA002239463046F4F7C3FE0028CCD14E
:10AFC0000123A340ED1ADCE72DE9F04F89B00646D6
:10AFD000DDE912090F4690469B46E8B1013805901D
:10AFE00005A93068FFF78CFF0DF1180A0446594691
:10AFF0004846F2F79DFA78B974B104F00105C5F13D
:10B0000002039B00CDE901A300905B46424639460E
:10B010003046F4F796FE10B109B0BDE8F08FE34377
:10B0200013F0010B05D006994846F2F781FA002883
:10B03000F2D108AB03EB8B03023D53F808BC2C4460
:10B04000D5E710B50C468269A068FF2108F073FDB2
:10B050004FF0FF33236010BD38B51C4C836AE060AD
:10B060000546C3B1A362EB6A03B36363184928467C
:10B07000FFF7E7FF4FF0FF332362E3681A6BE2B19B
:10B08000A26400204FF0FF33C4E90433C4E9060092
:10B0900084F84C0038BD406909F096FDA062002894
:10B0A000E1D1FCF7A3FF6FF00B00F3E7A86909F00B
:10B0B0008BFD60630028D9D1F3E7586AC00809F016
:10B0C00083FDA0640028DCD1EBE700BFB83E002080
:10B0D000E43E002030B599B0FFF7BEFF04460028DB
:10B0E0002ED11D4D0290EB6828641B6A6B64C5E984
:10B0F0000E00012302AA0DA905F10C000393F4F739
:10B10000C6FE044608BB202300930E9905AB10220F
:10B1100005F10C00F4F7AEFE0446B0B9069B2B61B6
:10B120000E49079B6B6108220BA808F0DAFC044665
:10B1300048B90A9B1A0C012A0AD19BB2012B07D8E5
:10B14000204619B030BD6FF03304FCF74FFFF7E72E
:10B150006FF01504F9E700BFB83E00207FAA02088F
:10B1600004300844104470472DE9F043804695B000
:10B170000E461746994601F12405FA79B97978798E
:10B18000346AFFF7EDFFD8F80030DB6920449842BD
:10B1900015D8043C47F8044B00230C21CDE90A37AD
:10B1A000CDE90C14CDE90E3910920994022309AAB5
:10B1B00031464046F5F7D2FD15B0BDE8F083002CCE
:10B1C00036DB35460FCD09AC0FC40FCD0FC495E863
:10B1D000070084E8070031464046F4F796FF002850
:10B1E000EAD1129B7362139BB362336A3A46043B03
:10B1F00042F8043B03920C22CDE90130CDE904234F
:10B20000FB790893CDE90609022301AA314640469D
:10B21000F5F7A4FD0028CFD1119B43F00043119313
:10B2200073681293B36813930246034609A9C0E7F3
:10B230002A4631464046F4F72AFE00289DD0BBE757
:10B2400070B52C4D9CB095F84C300190002B42D03D
:10B2500001AB294802AA06A9F5F778FB831C04462E
:10B2600043D1019E2F2130460AF06BFB002839D1D3
:10B27000EB6821481B6A6B6411A9F4F746FF04468A
:10B2800000282FD10F9B1A93109B1B930246034655
:10B2900011A91948F5F762FD044618BB40F62203D0
:10B2A0008DF80E003046ADF80C3002F029F9129AF4
:10B2B000139B8DF80F00CDE90F23049205930E48E0
:10B2C000334602AA06A9FFF74FFF044650B9EB68C0
:10B2D0001B6A6B6406E005F10C00F5F715FC0446EB
:10B2E0000028B5D020461CB070BD002808BF6FF004
:10B2F0001004F7E7B83E0020C43E00202DE9F843D3
:10B30000037805462F2B00AF0CBF013028464FF0C5
:10B3100000082F210AF015FB044618B92846FFF74C
:10B320008FFF1BE0661B06F1080323F00703E946C5
:10B33000ADEB030D684626EAE672002100F8018BAA
:10B3400008F0F9FB32462946684608F09FFC68463B
:10B35000FFF776FF28B1113003D0CD46BD46BDE8DA
:10B36000F883601CCD46D4E7C368184738B5044657
:10B3700004B938BDE068FFF7F9FFA568204609F079
:10B380002BFC2C46F4E72DE9FF47894604460C992F
:10B390001E4615460AB91E4B5D68D4E91BA3A3EBF4
:10B3A0000A084FEA281057460023834216D100208E
:10B3B00000950191E9F77EFD4D45029000D116B947
:10B3C000144BD3F8EC610396B8F1900F04F16C04C0
:10B3D00018D869462046F1F787FE0DE03A4652F844
:10B3E00010CBAC450BD179600020E9F763FD4D45EA
:10B3F000B86001D106B1FE6004B0BDE8F08701334A
:10B400001746D2E751462046F1F7BEFEE1E700BFFE
:10B41000D40A0020443F002070B5044690F87860BC
:10B4200090F87950084602F05FFBAA1B00F1140364
:10B4300053431E2293FBF2F33344D8B20D4B1B79D6
:10B44000022B10D0A36E5D43012303FA00F0002805
:10B450004FEA450505DDFCF7F2FEA36E03FB005045
:10B4600070BD0020F9E710B14000FCF7E8FEA36EC4
:10B470005843F5E7F0040020006808B109F0ACBBC0
:10B48000704700B509288BB00CD8684607F08AFDD4
:10B49000089840F2DB5398428CBF002001200BB08B
:10B4A0005DF804FB0120FAE71FB5E9F757FE78B114
:10B4B0000948FFF723FF094A094903A8FFF7EAFCF7
:10B4C00000230093064A054B03990648FEF750FCFB
:10B4D00005B05DF804FB00BFE8A30208881E002049
:10B4E0001890020888AA020807B5E9F737FE58B194
:10B4F0000748FFF703FF01230093064A064B07485E
:10B5000040F2E161FEF734FC03B05DF804FB00BFDC
:10B51000E8A30208D4900208D40A00209BAA0208DB
:10B5200037B50546E9F71AFE044600285DD03048D5
:10B53000FFF7E4FEEB0718D52E4B2F4801221A70B7
:10B5400083F8882183F8A42183F8642083F8942069
:10B5500083F8C02083F8E82183F8F82140F2F22133
:10B560000092264AFEF704FC0446A80721D5244B86
:10B570002448012283F8642183F8F4201A7083F8A8
:10B580002C2183F8D82083F8142183F83C2183F8F8
:10B59000E62183F8FA2183F8F42183F8942183F8D3
:10B5A00020224FF44D710092174AFEF7E1FB204034
:10B5B000C4B229070DD50E48FFF7A0FE0123009362
:10B5C000124A134B134840F2CE21FEF7D1FB204024
:10B5D000C4B26A0703D5FFF787FF2040C4B2EB0669
:10B5E00003D5FFF761FF2040C4B2204603B030BD51
:10B5F000E8A30208F0040020AFAA0208647F020852
:10B60000443F0020C3AA02084C7F0208347F02088E
:10B610005C460020D7AA020810B50446E9F79EFD53
:10B6200038B12046FFF77CFF18B92046BDE810402E
:10B6300076E710BD2DE9F043DFF87C8198F8D472ED
:10B6400091B00646002F43D090F8009090F802E0A9
:10B6500090F808C0B9F1000F06D1BEF1000F03D178
:10B66000BCF1000F00F08880544D0FCD6C460FC424
:10B670000FCD0FC40FCD0FC495E80F0084E80F0065
:10B68000B9F1000F05D073788DF8013001238DF8E2
:10B690000030BEF1000F01D073680893BCF1000FB9
:10B6A00002D0F368ADF81A306846ECF735FF18B9E8
:10B6B00001216846ECF75AFD6C460FCC3F4D0FC593
:10B6C0000FCC0FC50FCC0FC594E80F0085E80F0015
:10B6D00098F8D5329BB1327C3AB173692BB1402BCB
:10B6E00028BF4023C8F8BC311746327E3AB1F3690F
:10B6F0002BB1402B28BF4023C8F8D031174698F80B
:10B70000D6323BB196F8203023B1726A002A35D088
:10B71000C8F8682098F8D71298F8D82281B396F81C
:10B72000281069B3F16A59B3254BC3F8401122B10F
:10B7300096F830300BB1726B42BB002F37D103202B
:10B74000FFF76AFF1F48E9F70BFD044688B314238F
:10B75000037300210220E9F7C1FB1B49A06004F13B
:10B760000D0008F08BFA194B186803685B682146D6
:10B7700011B0BDE8F04318476746A9E71346C9E78B
:10B780003AB196F8302022B1726B12B1C8F8142089
:10B79000D3E717B9002BD5D0D1E743B90120FFF784
:10B7A0003BFF0A4B01211868E9F7B2FECAE7032004
:10B7B000F5E711B0BDE8F083F00400209806002002
:10B7C000443F002090120020EDAA0208A01E002095
:10B7D0002DE9F0410C4680B9164DDFF85C802F68EA
:10B7E00047F22F564046FEF7B3FA30B16420FCF71B
:10B7F000EDFE2B68DB1BB342F4D9104DD5F8F400F5
:10B800000368DB6B98470E48FEF7A2FA14B91F20B5
:10B81000FFF702FF0B4B186808B1EDF7A9FC0021F8
:10B820000846FCF75BFED5F8F4000368BDE8F0417C
:10B83000DB6B1847E804002034450020684D0020E9
:10B8400040450020444D002038B52D4CD822002121
:10B85000204608F070F9012518232A49C4F89031D0
:10B860004022601D257084F82C5184F8D85084F84B
:10B87000145184F83C5184F8F45084F864510AF06F
:10B880007EF82149402204F145000AF078F81F496A
:10B89000202204F185000AF072F81D49202204F1EB
:10B8A000A8000AF06CF81B4984F81E522D22C4F837
:10B8B00000220A2284F8F6218A88C98884F8F711C0
:10B8C00052BA0023A4F8F8216FF00042C4E95023D3
:10B8D00084F8A55084F8E65184F8E83184F8FA51E8
:10B8E00084F8FC3184F8F451C4F84C31C4F8543174
:10B8F000C4F85C31C4F8EC31C4F8283238BD00BF5C
:10B90000443F00200BAB02081FAB020827AB020824
:10B9100098A30208D40A002070B5454C88B00546AB
:10B9200058B194F8F85145B1B4F81C22002A7DD0E2
:10B9300004F21E21684608F0A9F94FF438723C4819
:10B94000002108F0F8F80222182384F8E6210422E6
:10B95000C4F8F43184F8A92101234022237084F82B
:10B96000883184F8A43184F8643084F8943084F801
:10B97000C03084F8F83184F8C53184F8C03184F8D7
:10B98000B831C4F8BC2184F8E431A5B12023294A98
:10B99000A4F81C326D460DEB03062B4603CBB342D5
:10B9A000106051601D4602F10802F6D1214922487B
:10B9B0002022EFF750F80023A4F8FA3184F86C3015
:10B9C00064224FF49673C4E921232379022B18BF14
:10B9D00042F630234FF001054FF000064FF0010012
:10B9E00018BF636184F8905084F8A75284F8A96264
:10B9F000FEF7D6FB11491248202209F0C0FF114B77
:10BA0000C4F8F031104B84F8EC5193F8F83084F816
:10BA10008461B3FA83F35B0984F8ED3140F22B3390
:10BA2000A36708B0BDE87040FDF744BF154684E742
:10BA3000F00400200E07002032AB02083FAB0208E2
:10BA40001706002040E20100684D00202DE9F0417A
:10BA500004460E4625484FF0FF3190461F46E4F756
:10BA6000C6FF054600283ED096E8030085E803009F
:10BA700085F80080D4F8A4306F60022B08D104F15F
:10BA80009400FEF7A5F8014610B11848E4F7A3FFAB
:10BA900095E8030004F1F40383E80300D4F8A4302C
:10BAA000012B06DDD4F8FC300133C4F8FC30BDE8CE
:10BAB000F081D4F8A80018B1036800211B689847EA
:10BAC000D4F8A03004EB8302013303F0010348BF34
:10BAD0005B42C2F89450C4F8A030D4F8A4300133CB
:10BAE000C4F8A430DEE70070FFDE00BF083F00208E
:10BAF00010B504460A46081D6168884201D0E9F77E
:10BB0000A0F86368043B636010BD2DE9F74FD0E9EE
:10BB1000016B9DF830A005460F46904699465E455C
:10BB2000314601D100241CE056F8044B0191204617
:10BB3000E9F76DFDB8420199F1D1D4F814314345CC
:10BB4000EDD1D4F8583113B1B9F1000FE7D0BAF103
:10BB5000000F03D094F820315345E0D2281DFFF7A1
:10BB6000C7FF204603B0BDE8F08F204B70B50360DF
:10BB70001F4B1D68D5E90031CC1A2411002C1A4640
:10BB800008DCCB1A082B27D00C2B21D0042B27D074
:10BB90000A4606E01B68984203D05368984209D1D0
:10BBA0000432101D814201D0E9F74BF86B68043B69
:10BBB0006B6070BD9368984201D10832F1E7D66896
:10BBC000B04202F1100301D10C32EAE7013CD5E7A3
:10BBD00013689842E5D0043213689842E1D00432E9
:10BBE0001368984218BF0A46DBE700BFF4900208CA
:10BBF000C84800202DE9F0472B4D2C4B2C68C0E99C
:10BC000000310023C0E902330746036134B90C2038
:10BC100008F0DAFFC0E9004484602860D5F80080AD
:10BC2000D8E901539D4205D045F8047BC8F804507B
:10BC3000BDE8F087D8F800906FF06043A5EB090AE3
:10BC4000B3EBAA0F4FEAAA0402D1194805F02DFE62
:10BC50004D4514BF22460122A41821D214B39C42A0
:10BC600028BF1C462046FCF791FB06462946324673
:10BC700046F80A704846FEF7D9F82946021D2846BC
:10BC8000FEF7D4F80546B9F1000F02D0484608F097
:10BC9000A3FFC8E9006506EB8406C8F80860C7E79B
:10BCA0001C46DFE72646E1E7C8480020F49002087A
:10BCB000F29F02080C2008F087BF006810B10368EB
:10BCC0005B68184770471FB50021684607F0CEFF34
:10BCD00040B9064B1A68064BDDE900011A60054BB6
:10BCE000C3E9000105B05DF804FB00BFE8040020D3
:10BCF0002C1D0020301D0020826A0F4B30B40360E1
:10BD000092B1856902F12401002351F8044F7CB1FE
:10BD1000A469A5420CD10A33002142F82310D2F8BD
:10BD2000C830013BC2F8C83030BC1C30FCF790BAB8
:10BD30000133282BE9D1F7E79C9002082DE9FF4752
:10BD400005461E4B55F8046F036004460DF10408C8
:10BD50004FF00009AE4205D16068854228D104B099
:10BD6000BDE8F087CDE90188B768CDF80C90396857
:10BD700001988F4203D1404515D13668EAE78B68B8
:10BD8000D1F800A09C420CD181420AD0824508D053
:10BD9000524605F0A6FA039B01330393BB68013BAF
:10BDA000BB605146E4E7076808F016FF3846E2E753
:10BDB000046808F011FF2046CFE700BFD0720208E8
:10BDC00070B5056804460E46A54200D170BDA8684E
:10BDD000036831469B6898470028F7D12D68F3E740
:10BDE00003460B4A43F8082B0A4A42600A4A40615C
:10BDF000C0E902330023C0E9062300F12802C0E9AC
:10BE00000A22036180F8203043620363704700BF59
:10BE1000045B0208F05A020847060008F0B5002546
:10BE200097B004462E46A18B8D4228DB6846FFF76B
:10BE3000D7FF1C4B1C4A00930D920EAB1B4A54F8C3
:10BE4000105FCDF844D0CDE90E330023CDE91223A5
:10BE50001093ADF8543001238DF85630ADF8506092
:10BE6000ADF85210A54205D0A868036869469B68E2
:10BE70009847A0B16846E5F77CF917B0F0BD2946B0
:10BE80006068EAF7ECF807460020E9F713F8FB6F63
:10BE9000C01AB0F5E15FB8BF01360135C3E72D68C0
:10BEA000E0E700BF485B0208D47402084D0C0008AC
:10BEB000F8B507461446EAF7D5F90646A8B1A388AF
:10BEC000022B12D1083400F184050FCC0FC50FCC22
:10BED0000FC594E80300012385E8030086F880304D
:10BEE0003846FE60BDE8F84098E7F8BD30B5C5B00B
:10BEF00004460D4601466846F3F7FAFD694604F12B
:10BF00003000F3F749FE4FF0FF334360002380F821
:10BF1000FA300A2380F822310B4B59680B4B044648
:10BF20006A461868FFF7C4FF094835B10068214622
:10BF3000E9F7FDFA012045B030BD006801232A462B
:10BF40002146EAF70BFBF5E7D40A0020841E002007
:10BF5000A01E00208842134604D00A1A0146981AEF
:10BF600007F0CFBD704708B5034678B1084A904244
:10BF700006D9084A904201D905F091FC05F08CFCE5
:10BF8000E8205843BDE8084008F01EBE08BD00BFC9
:10BF9000CB3D8D00967B1A01006808B108F01CBEED
:10BFA0007047204B73B503600446ECF740F804F586
:10BFB0008E60FFF7F1FFD4F8403253B1D4F8643209
:10BFC000D4F854521E1DAE4220D8D4F8400208F0D6
:10BFD00003FE04F11400EBF7C2FF606904F12C03C7
:10BFE000984201D008F0F8FD26460F4B56F8045F42
:10BFF0002360B5420FD12846EBF7A6FF2846C4E9D7
:10C00000015502B0BDE87040EBF79EBF55F8040B38
:10C0100008F0E2FDD7E7A868019401A9EBF7B2FFA9
:10C020002D68E6E7348F0208D07202084B6843603F
:10C030008B688360CB68C3600B6903610B7D0375FC
:10C040008B698361CB69C3611F3100F1200300F567
:10C05000907011F8012F03F8012B8342F9D170473A
:10C0600084B070B5C8B04CAC84E80F009DF8305176
:10C07000062D00F0B68031D8022D28D84DB3944C4F
:10C08000BDF83231227B002B77D1002A76D1667B36
:10C09000002E40F09380BDF836214EA904F59C7027
:10C0A00007F0F4FD012D30D12A4604F59C71684655
:10C0B000FEF795FC694604F11800FFF7B7FF266B01
:10C0C000F6B10620FBF7DEFF2573A58201E0042D03
:10C0D0007AD048B0BDE8704004B07047152D00F02C
:10C0E000B780182DF5D10620FBF7CCFF7948F4F77F
:10C0F000A5F97848F4F7AAF97748FDF750FE6CE007
:10C100001520FBF7BFFF2673E3E7324604F59C7169
:10C110006846FEF764FC694604F11800FFF786FFE5
:10C12000256B25B91520FBF7ADFF6573D1E73146C7
:10C130000125882204F5DC70A582657307F0FBFCFD
:10C140004FF00113802204F5E07104F11800C4F8E7
:10C15000B831F4F71CFA86B2314604F5E070A4F861
:10C16000BE61FBF709FF7F2EA4F8BC0100D8A573C0
:10C17000A18A5748E9F71BFAABE7E2B1A28A9A42D3
:10C1800015D1BDF83651BDF8346129464EA8FBF7EC
:10C19000F3FE86420BD12A464EA94E48F4F764FBC3
:10C1A0000620FBF76FFFA38A0133A38291E71520D6
:10C1B000FBF768FF8DE7637B002B8AD01820FBF725
:10C1C00061FF0023637384E70620FBF75BFF4148B0
:10C1D000F4F734F93F48F4F739F93D4B00221A736C
:10C1E00077E73B4C637B8BB3A17B51B10420FBF71A
:10C1F00049FF04F11800F4F729F900236373A373CE
:10C2000067E7A58A01351923ADB2882204F5DC70F1
:10C210002361A582012607F08EFC802204F5E071DF
:10C2200004F11800A4F8BA5184F8B861F4F7AFF932
:10C2300085B2294604F5E070A4F8BE51FBF79CFED8
:10C240007F2DA4F8BC0193D8A67391E71820AFE71F
:10C250001F4C637B002BF9D02369013B002B23612A
:10C2600007DC1820FBF70EFF04F11800F4F7EEF8D6
:10C27000A7E78822002104F5DC7007F05CFC0123AD
:10C2800084F8B83194F82C30A58AA06AA4F8BA5181
:10C2900043B9266B0C303146F4F731F810B9013D43
:10C2A000ED0135620D498022A1F5D470F4F76FF9E4
:10C2B00085B229460948A4F8BE51FBF75DFE7F2DE3
:10C2C00098BF0123A4F8BC0198BFA37350E700BF37
:10C2D000F04200200843002028440020B044002001
:10C2E00030B5ADF55D7D0C460022014604A8FEF791
:10C2F00076FB0A9B002B40D09DF82430002B3CD0CD
:10C3000004A94CA8FDF79FFD1D4D529B002B31D079
:10C310009DF8503173B39DF84431FBB154A994A8F2
:10C32000FBF7BBFF294601A8FBF7B7FF01A994A8BB
:10C33000FCF717F860B901A8FBF78AFF94A8FBF790
:10C3400087FF74B1611EC9B254A8FFF7C9FF05E0A9
:10C3500001A8FBF77DFF94A8FBF77AFF4CA8F4F740
:10C3600075F804A994A8FDF76EFD94A94CA8FFF7F1
:10C370005DFECAE704A8F4F769F80DF55D7D30BDF0
:10C38000DEA802080023C0E900338360704738B597
:10C39000FFF7F8FF0023C3608B6804460D462BB1FE
:10C3A00002229847EB68E360AB68A36038BD30B504
:10C3B00087B002AD04462846FFF7E9FF95E8030081
:10C3C0006B4683E8030094E8030085E8030093E8E4
:10C3D0000300049BA268A360059B049284E8030009
:10C3E000E268E36028460592E7F7AAFA07B030BD95
:10C3F00008B5FFF7C7FF0023C36008BDF8B50446C2
:10C4000000F164070D46384604F1B402FFF7F0FF6F
:10C4100010309042FAD12846E7F716FB5C4A2561B6
:10C4200004F10C03002542F8203004F110060E231D
:10C43000C4E917353046C4E90C55C4E90E55C4E9C2
:10C44000105584F82C50A56484F84C5084F84D5055
:10C45000E460E7F77BFD3846FEF7B6FA04F17400B6
:10C46000FEF7B2FA04F18400FEF7AEFA04F194008C
:10C47000FEF7AAFA04F1A400FEF7A6FA4FF6FF733E
:10C48000C4E906538023A36294F84D30A560C4E943
:10C490000055C4E90855656103F0FF0223BB84F829
:10C4A0004C203046E7F752FD2069E7F76FFDD4E9ED
:10C4B0001712E6F71BF82069E7F768FDE5F7EBFFD1
:10C4C00026693046E7F782FD05463046E7F75EFD10
:10C4D000854209D0D4E917122846E6F707F8206903
:10C4E000E7F774FDE5F7D7FF22692A49022384F8AC
:10C4F0004D308A42136802D0B2F1804F08D1A16951
:10C5000023F070030B43216A23F440730B4306E0CE
:10C5100021498A42F7D001F580618A42F3D0A16AAD
:10C5200023F080030B431360E369D3626369936272
:10C53000184B9A4207D003F5C0539A4203D003F533
:10C5400080639A4201D1636A1363012353611169C5
:10C55000C90742BF116921F00101116184F8583007
:10C5600084F84E3084F84F3084F8503084F85130DD
:10C5700084F8523084F8533084F8543084F85530BD
:10C5800084F8563084F8573084F84D30F8BD00BF39
:10C59000001C0020002C0140004401402DE9F84F10
:10C5A000C3B2192B0E4619D85A4A52F8233000F458
:10C5B000E0641C43651C00F0AA80DFF85C81C4F3D2
:10C5C00003134FEA830908EB830304F00F07D3F842
:10C5D000FC30FB40D80723D5504B15E000F0C002DB
:10C5E000C02A40F09480C82B00F291804C4B00F0A0
:10C5F0003F0200F4E06453F82220464B53F8223007
:10C60000D7E7944253D00C331A68511CF9D1C14476
:10C610000122D9F8FC30BA4023EA0203C9F8FC3001
:10C62000052E33D8DFE806F0333F393B3D41BBF1FF
:10C63000804F15D14FF0B042936D23F00103936505
:10C6400000234AF8203005F1640BEB6005F1B40AD1
:10C65000DA4517D0AAF1100A5046E7F771F9F7E763
:10C66000304B9B4505D14FF0B042136E23F400339D
:10C670004BE02D4B9B45E3D14FF0B042136E23F4BA
:10C68000802342E0284608F0A7FAC0E7FEE7002131
:10C690002046BDE8F84FE7F787BB1021F8E72021D7
:10C6A000F6E70321F4E70121F2E70921F0E71B494E
:10C6B000DFF878A02046E7F70BFCE7F7C5F95AF852
:10C6C000203005467BB9B42008F07EFA1349834632
:10C6D0002046E7F7FDFB01465846FFF78FFE5AF864
:10C6E0002530C3F800B05AF825301D68002D8ED0D3
:10C6F000D5F810B05846E7F7A7F90D4B9B4596D1F2
:10C700004FF0B042136E23F40063136698E7BDE860
:10C71000F88F00BF18830208684D00201C910208A2
:10C72000808302080044014000480140001C0020B2
:10C73000002C014021B990F84430012B13D07047F0
:10C74000042904D190F84530012B32D070470829D4
:10C7500004D090F84730012B33D0704790F8463022
:10C76000012B2AD07047022380F84430036801F07F
:10C770001F0104228A40196A21EA02011962196A1A
:10C780000A431A625A6C42F400425A640F4A9342B6
:10C7900002D0B3F1804F07D199680D4A0A40062AAA
:10C7A00006D0B2F5803F03D01A6842F001021A6049
:10C7B0007047022380F84530D8E7022380F84630DE
:10C7C000D4E7022380F84730D0E700BF002C0140B7
:10C7D0000700010008293ED015D829B304292BD021
:10C7E00090F8432090F84730012ADBB25FD1012B4B
:10C7F0005DD10C2974D8042927D000296AD00223DE
:10C8000080F8433060E00C2952D01029E8D190F82C
:10C81000422090F84730012ADBB248D1012B46D1A3
:10C82000022380F842304FE090F83E2090F84430E8
:10C83000012ADBB24CD0704790F83F2090F8453089
:10C84000012ADBB233D1012B31D1022380F83F30F2
:10C8500080F845300DE090F8402090F84630012AED
:10C86000DBB224D1012B22D1022380F8403080F8A2
:10C870004630036801F01F0101228A40196A21EA4B
:10C8800002011962196A0A431A62174A934202D0D6
:10C89000B3F1804F07D19968144A0A40062A06D09E
:10C8A000B2F5803F03D01A6842F001021A60704767
:10C8B00090F8412090F84730012ADBB2F7D1012BE4
:10C8C000F5D1022380F84130022380F84730D0E7C9
:10C8D000012BECD1022380F83E3080F84430C8E7C9
:10C8E00010298CD19CE700BF002C014007000100FB
:10C8F00008291BD007D879B1042912D090F8433009
:10C90000012B54D070470C2915D0102918D090F85D
:10C910004330012B4BD0704790F83E30012B14D0A0
:10C92000704790F83F30012B31D0704790F840307D
:10C93000012B30D0704790F84130012B2FD0704739
:10C9400090F84230012B2ED07047022380F83E3001
:10C95000036801F01F0101228A40196A21EA0201DD
:10C960001962196A0A431A621C4A934228D002F5D6
:10C97000C05293421FD002F5806293421BD0B3F1A4
:10C98000804F21D01A6842F001021A6024E002238D
:10C9900080F83F30DCE7022380F84030D8E70223FC
:10C9A00080F84130D4E7022380F84230D0E70223F8
:10C9B00080F84330CCE75A6C42F400425A64E1E715
:10C9C0005A6C42F400425A649968054A0A40062AA1
:10C9D00002D0B2F5803FD5D1704700BF002C014096
:10C9E0000700010090F83D30012B15D102230B4ABE
:10C9F00080F83D300368934202D0B3F1804F07D1F5
:10CA00009968074A0A40062A06D0B2F5803F03D04B
:10CA10001A6842F001021A60704700BF002C014002
:10CA2000070001000B4600F108010160D3E9001284
:10CA30004FF000030A44E8F7A9BB00BF81F00041B2
:10CA400002E000BF83F0004330B54FEA41044FEAF3
:10CA5000430594EA050F08BF90EA020F1FBF54EA8E
:10CA6000000C55EA020C7FEA645C7FEA655C00F02A
:10CA7000E2804FEA5454D4EB5555B8BF6D420CDDFB
:10CA80002C4480EA020281EA030382EA000083EA7E
:10CA9000010180EA020281EA0303362D88BF30BD1E
:10CAA00011F0004F4FEA01314FF4801C4CEA113174
:10CAB00002D0404261EB410113F0004F4FEA0333D3
:10CAC0004CEA133302D0524263EB430394EA050F5E
:10CAD00000F0A780A4F10104D5F1200E0DDB02FACD
:10CAE0000EFC22FA05F2801841F1000103FA0EF261
:10CAF000801843FA05F359410EE0A5F120050EF127
:10CB0000200E012A03FA0EFC28BF4CF0020C43FA57
:10CB100005F3C01851EBE37101F0004507D54FF064
:10CB2000000EDCF1000C7EEB00006EEB0101B1F5B4
:10CB3000801F1BD3B1F5001F0CD349085FEA3000FA
:10CB40004FEA3C0C04F101044FEA445212F5800F05
:10CB500080F09A80BCF1004F08BF5FEA500C50F1A2
:10CB6000000041EB045141EA050130BD5FEA4C0C85
:10CB7000404141EB0101013C28BFB1F5801FE9D2E2
:10CB800091F0000F04BF01460020B1FA81F308BF05
:10CB90002033A3F10B03B3F120020CDA0C3208DDD1
:10CBA00002F1140CC2F10C0201FA0CF021FA02F1AC
:10CBB0000CE002F11402D8BFC2F1200C01FA02F11C
:10CBC00020FA0CFCDCBF41EA0C019040E41AA2BF41
:10CBD00001EB0451294330BD6FEA04041F3C1CDA09
:10CBE0000C340EDC04F11404C4F1200220FA04F029
:10CBF00001FA02F340EA030021FA04F345EA0301D3
:10CC000030BDC4F10C04C4F1200220FA02F001FA94
:10CC100004F340EA0300294630BD21FA04F0294616
:10CC200030BD94F0000F83F4801306BF81F48011AF
:10CC30000134013D4EE77FEA645C18BF7FEA655C22
:10CC400029D094EA050F08BF90EA020F05D054EAF4
:10CC5000000C04BF1946104630BD91EA030F1EBFF9
:10CC60000021002030BD5FEA545C05D140004941FD
:10CC700028BF41F0004130BD14F580043CBF01F5F0
:10CC8000801130BD01F0004545F0FE4141F47001D6
:10CC90004FF0000030BD7FEA645C1ABF19461046B1
:10CCA0007FEA655C1CBF0B46024650EA013406BFB2
:10CCB00052EA033591EA030F41F4002130BD00BF71
:10CCC00090F0000F04BF0021704730B54FF480642E
:10CCD00004F132044FF000054FF0000150E700BFAF
:10CCE00090F0000F04BF0021704730B54FF480640E
:10CCF00004F1320410F0004548BF40424FF00001FB
:10CD00003EE700BF42004FEAE2014FEA31014FEA3D
:10CD100002701FBF12F07F4393F07F4F81F060518C
:10CD2000704732F07F4208BF704793F07F4F04BFD7
:10CD300041F40021704730B54FF4607401F00045B4
:10CD400021F000411CE700BF50EA010208BF704714
:10CD500030B54FF000050AE050EA010208BF704705
:10CD600030B511F0004502D5404261EB41014FF46E
:10CD7000806404F132045FEA915C3FF4D8AE4FF076
:10CD800003025FEADC0C18BF03325FEADC0C18BF59
:10CD9000033202EBDC02C2F1200300FA03FC20FAAA
:10CDA00002F001FA03FE40EA0E0021FA02F11444F7
:10CDB000BDE600BF70B54FF0FF0C4CF4E06C1CEA10
:10CDC00011541DBF1CEA135594EA0C0F95EA0C0F81
:10CDD00000F0DEF82C4481EA030621EA4C5123EAF4
:10CDE0004C5350EA013518BF52EA033541F4801123
:10CDF00043F4801338D0A0FB02CE4FF00005E1FBD6
:10CE000002E506F00042E0FB03E54FF00006E1FB1F
:10CE100003569CF0000F18BF4EF0010EA4F1FF0462
:10CE2000B6F5007F64F5407404D25FEA4E0E6D41A2
:10CE300046EB060642EAC62141EA55514FEAC520B3
:10CE400040EA5E504FEACE2EB4F1FD0C88BFBCF52F
:10CE5000E06F1ED8BEF1004F08BF5FEA500E50F1E0
:10CE6000000041EB045170BD06F0004646EA0101A6
:10CE700040EA020081EA0301B4EB5C04C2BFD4EBD8
:10CE80000C0541EA045170BD41F480114FF0000ED1
:10CE9000013C00F3AB8014F1360FDEBF002001F03F
:10CEA000004170BDC4F10004203C35DA0C341BDCB9
:10CEB00004F11404C4F1200500FA05F320FA04F08B
:10CEC00001FA05F240EA020001F0004221F00041BF
:10CED00010EBD37021FA04F642EB06015EEA430E32
:10CEE00008BF20EAD37070BDC4F10C04C4F1200562
:10CEF00000FA04F320FA05F001FA04F240EA020015
:10CF000001F0004110EBD37041F100015EEA430EE5
:10CF100008BF20EAD37070BDC4F1200500FA05F205
:10CF20004EEA020E20FA04F301FA05F243EA020384
:10CF300021FA04F001F0004121FA04F220EA020093
:10CF400000EBD3705EEA430E08BF20EAD37070BDD9
:10CF500094F0000F0FD101F00046400041EB0101B9
:10CF600011F4801F08BF013CF7D041EA060195F09B
:10CF7000000F18BF704703F00046520043EB030355
:10CF800013F4801F08BF013DF7D043EA0603704742
:10CF900094EA0C0F0CEA135518BF95EA0C0F0CD04D
:10CFA00050EA410618BF52EA4306D1D181EA030193
:10CFB00001F000414FF0000070BD50EA410606BF8D
:10CFC0001046194652EA430619D094EA0C0F02D1D2
:10CFD00050EA013613D195EA0C0F05D152EA033617
:10CFE0001CBF104619460AD181EA030101F0004135
:10CFF00041F0FE4141F470014FF0000070BD41F07E
:10D00000FE4141F4780170BD70B54FF0FF0C4CF457
:10D01000E06C1CEA11541DBF1CEA135594EA0C0F76
:10D0200095EA0C0F00F0A7F8A4EB050481EA030EC3
:10D0300052EA03354FEA013100F088804FEA0333AA
:10D040004FF0805545EA131343EA12634FEA022278
:10D0500045EA111545EA10654FEA00260EF0004139
:10D060009D4208BF964244F1FD0404F5407402D28B
:10D070005B084FEA3202B61A65EB03055B084FEA1C
:10D0800032024FF480104FF4002CB6EB020E75EB19
:10D09000030E22BFB61A754640EA0C005B084FEA41
:10D0A0003202B6EB020E75EB030E22BFB61A7546BE
:10D0B00040EA5C005B084FEA3202B6EB020E75EB09
:10D0C000030E22BFB61A754640EA9C005B084FEA81
:10D0D0003202B6EB020E75EB030E22BFB61A75468E
:10D0E00040EADC0055EA060E18D04FEA051545EA7D
:10D0F00016754FEA06164FEAC30343EA52734FEA26
:10D10000C2025FEA1C1CC0D111F4801F0BD141EA9E
:10D1100000014FF000004FF0004CB6E711F4801F03
:10D1200004BF01430020B4F1FD0C88BFBCF5E06FE3
:10D130003FF6AFAEB5EB030C04BFB6EB020C5FEAF3
:10D14000500C50F1000041EB045170BD0EF0004E48
:10D150004EEA113114EB5C04C2BFD4EB0C0541EA7A
:10D16000045170BD41F480114FF0000E013C90E677
:10D1700045EA060E8DE60CEA135594EA0C0F08BF3B
:10D1800095EA0C0F3FF43BAF94EA0C0F0AD150EA3A
:10D1900001347FF434AF95EA0C0F7FF425AF1046CD
:10D1A00019462CE795EA0C0F06D152EA03353FF4F5
:10D1B000FDAE1046194622E750EA410618BF52EA72
:10D1C00043067FF4C5AE50EA41047FF40DAF52EA46
:10D1D00043057FF4EBAE12E74FF0FF3C06E000BFE3
:10D1E0004FF0010C02E000BF4FF0010C4DF804CDF0
:10D1F0004FEA410C7FEA6C5C4FEA430C18BF7FEAB0
:10D200006C5C1BD001B050EA410C0CBF52EA430CDD
:10D2100091EA030F02BF90EA020F0020704710F15D
:10D22000000F91EA030F58BF994208BF90422CBFEC
:10D23000D8176FEAE37040F0010070474FEA410CE5
:10D240007FEA6C5C02D150EA013C07D14FEA430C03
:10D250007FEA6C5CD6D152EA033CD3D05DF8040B74
:10D26000704700BF8446104662468C4619466346A6
:10D2700000E000BF01B5FFF7B7FF002848BF10F17D
:10D28000000F01BD4DF808EDFFF7F4FF0CBF0120C2
:10D2900000205DF808FB00BF4DF808EDFFF7EAFF3E
:10D2A00034BF012000205DF808FB00BF4DF808EDF9
:10D2B000FFF7E0FF94BF012000205DF808FB00BFEE
:10D2C0004DF808EDFFF7CEFF94BF012000205DF878
:10D2D00008FB00BF4DF808EDFFF7C4FF34BF012085
:10D2E00000205DF808FB00BF4A0011D212F50012C1
:10D2F00011D20DD56FF47873B3EB62520ED44FEAAE
:10D30000C12343F0004343EA505323FA02F070472D
:10D310004FF00000704750EA013002D14FF0FF306B
:10D3200070474FF0000070474FF0FF3C06E000BF31
:10D330004FF0010C02E000BF4FF0010C4DF804CD9E
:10D340004FEA40024FEA41037FEA226C18BF7FEAAE
:10D35000236C11D001B052EA530C18BF90EA010FB0
:10D3600058BFB2EB030088BFC81738BF6FEAE1703F
:10D3700018BF40F0010070477FEA226C02D15FEADB
:10D38000402C05D17FEA236CE4D15FEA412CE1D047
:10D390005DF8040B704700BF844608466146FFE70E
:10D3A0000FB5FFF7C9FF002848BF10F1000F0FBDF0
:10D3B0004DF808EDFFF7F4FF0CBF012000205DF8E9
:10D3C00008FB00BF4DF808EDFFF7EAFF34BF01206E
:10D3D00000205DF808FB00BF4DF808EDFFF7E0FF07
:10D3E00094BF012000205DF808FB00BF4DF808ED58
:10D3F000FFF7D2FF94BF012000205DF808FB00BFBB
:10D400004DF808EDFFF7C8FF34BF012000205DF89C
:10D4100008FB00BF53B94AB9002908BF00281CBF48
:10D420004FF0FF314FF0FF3000F00CB8ADF1080CB9
:10D430006DE904CE05F0ECFADDF804E0DDE9022345
:10D4400004B07047704700BF10F8012B11F8013B82
:10D45000012A28BF9A42F7D0D01A70470000000076
:10D4600001F0FF01102A2BDB10F0070F08D010F895
:10D47000013B013A8B422DD010F0070F42B3F6D199
:10D48000F0B441EA012141EA014122F007047FF0B2
:10D4900000070023F0E80256083C85EA010586EA09
:10D4A000010685FA47F5A3FA87F586FA47F6A5FA45
:10D4B00087F68EB9EED1F0BC01F0FF0102F0070251
:10D4C00032B110F8013B013A83EA010313B1F8D1FC
:10D4D0000020704701387047002D06BF35460338DD
:10D4E000073815F0010F07D1013015F4807F02BF16
:10D4F000013015F4C03F0130F0BC0138704700BF67
:10D50000034613F8012B002AFBD1181A0138704783
:10D510004FEA410C7FEA6C5C02D150EA013C0AD12F
:10D520004FEA430C7FEA6C5C02D152EA033C02D121
:10D530004FF0000070474FF0010070474FEA410282
:10D5400012F5001215D211D56FF47873B3EB625255
:10D5500012D94FEAC12343F0004343EA505311F07C
:10D56000004F23FA02F018BF404270474FF000000E
:10D57000704750EA013005D111F0004008BF6FF04C
:10D58000004070474FF00000704700BF4FEA410273
:10D59000B2F1E04324BFB3F5001CDCF1FE5C0DD911
:10D5A00001F0004C4FEAC0024CEA5070B2F1004F5B
:10D5B00040EB830008BF20F00100704711F0804F5E
:10D5C00021D113F13872BCBF01F00040704741F423
:10D5D00080114FEA5252C2F11802C2F1200C10FA27
:10D5E0000CF320FA02F018BF40F001004FEAC1230B
:10D5F0004FEAD32303FA0CFC40EA0C0023FA02F3AF
:10D600004FEA4303CCE77FEA625307D150EA013384
:10D610001EBF4FF0FE4040F44000704701F0004054
:10D6200040F0FE4040F40000704700BF80F0004032
:10D6300002E000BF81F0004142001FBF5FEA4103EA
:10D6400092EA030F7FEA226C7FEA236C6AD04FEAEA
:10D650001262D2EB1363C1BFD2184140484041402F
:10D66000B8BF5B42192B88BF704710F0004F40F4E1
:10D67000000020F07F4018BF404211F0004F41F4FD
:10D68000000121F07F4118BF494292EA030F3FD0C9
:10D69000A2F1010241FA03FC10EB0C00C3F12003DC
:10D6A00001FA03F100F0004302D5494260EB40006B
:10D6B000B0F5000F13D3B0F1807F06D340084FEAD6
:10D6C000310102F10102FE2A51D2B1F1004F40EBCB
:10D6D000C25008BF20F0010040EA03007047490033
:10D6E00040EB0000013A28BFB0F5000FEDD2B0FAD0
:10D6F00080FCACF1080CB2EB0C0200FA0CF0AABFF3
:10D7000000EBC25052421843BCBFD0401843704790
:10D7100092F0000F81F4000106BF80F40000013296
:10D72000013BB5E74FEA41037FEA226C18BF7FEA6D
:10D73000236C21D092EA030F04D092F0000F08BFAF
:10D740000846704790EA010F1CBF0020704712F096
:10D750007F4F04D1400028BF40F00040704712F1D5
:10D7600000723CBF00F50000704700F0004343F03A
:10D77000FE4040F4000070477FEA226216BF084670
:10D780007FEA23630146420206BF5FEA412390EA33
:10D79000010F40F4800070474FF0000304E000BF29
:10D7A00010F0004348BF40425FEA000C08BF7047DA
:10D7B00043F0964301464FF000001CE050EA01029E
:10D7C00008BF70474FF000030AE000BF50EA0102B3
:10D7D00008BF704711F0004302D5404261EB4101A0
:10D7E0005FEA010C02BF84460146002043F0B643C5
:10D7F00008BFA3F18053A3F50003BCFA8CF2083AEA
:10D80000A3EBC25310DB01FA02FC634400FA02FCF2
:10D81000C2F12002BCF1004F20FA02F243EB0200F9
:10D8200008BF20F00100704702F1200201FA02FC5B
:10D83000C2F1200250EA4C0021FA02F243EB02004E
:10D8400008BF20EADC7070474FF0FF0C1CEAD05292
:10D850001EBF1CEAD15392EA0C0F93EA0C0F6FD053
:10D860001A4480EA010C400218BF5FEA41211ED031
:10D870004FF0006343EA501043EA5111A0FB01311D
:10D880000CF00040B1F5000F3EBF490041EAD371F2
:10D890005B0040EA010062F17F02FD2A1DD8B3F16E
:10D8A000004F40EBC25008BF20F00100704790F0DD
:10D8B000000F0CF0004C08BF49024CEA502040EA2F
:10D8C00051207F3AC2BFD2F1FF0340EAC2507047F5
:10D8D00040F400004FF00003013A5DDC12F1190F33
:10D8E000DCBF00F000407047C2F10002410021FAA5
:10D8F00002F1C2F1200200FA02FC5FEA310040F1BD
:10D90000000053EA4C0308BF20EADC70704792F035
:10D91000000F00F0004C02BF400010F4000F013A6D
:10D92000F9D040EA0C0093F0000F01F0004C02BF68
:10D93000490011F4000F013BF9D041EA0C018FE7D7
:10D940000CEAD15392EA0C0F18BF93EA0C0F0AD0DD
:10D9500030F0004C18BF31F0004CD8D180EA010003
:10D9600000F00040704790F0000F17BF90F0004F9C
:10D97000084691F0000F91F0004F14D092EA0C0F7E
:10D9800001D142020FD193EA0C0F03D14B0218BF11
:10D99000084608D180EA010000F0004040F0FE4057
:10D9A00040F40000704740F0FE4040F440007047F3
:10D9B0004FF0FF0C1CEAD0521EBF1CEAD15392EA72
:10D9C0000C0F93EA0C0F69D0A2EB030280EA010C62
:10D9D00049024FEA402037D04FF0805343EA1111FB
:10D9E00043EA10130CF000408B4238BF5B0042F159
:10D9F0007D024FF4000C8B4224BF5B1A40EA0C00FE
:10DA0000B3EB510F24BFA3EB510340EA5C00B3EB2F
:10DA1000910F24BFA3EB910340EA9C00B3EBD10F1D
:10DA200024BFA3EBD10340EADC001B0118BF5FEA6F
:10DA30001C1CE0D1FD2A3FF650AF8B4240EBC25098
:10DA400008BF20F0010070470CF0004C4CEA502059
:10DA50007F32C2BFD2F1FF0340EAC250704740F4A8
:10DA600000004FF00003013A37E792F0000F00F09A
:10DA7000004C02BF400010F4000F013AF9D040EA18
:10DA80000C0093F0000F01F0004C02BF490011F4AC
:10DA9000000F013BF9D041EA0C0195E70CEAD153A4
:10DAA00092EA0C0F08D142027FF47DAF93EA0C0F8B
:10DAB0007FF470AF084676E793EA0C0F04D14B026F
:10DAC0003FF44CAF08466EE730F0004C18BF31F021
:10DAD000004CCAD130F000427FF45CAF31F000431B
:10DAE0007FF43CAF5FE700BF4FEA4002B2F1FE4F68
:10DAF0000FD34FF09E03B3EB12620DD94FEA002310
:10DB000043F0004310F0004F23FA02F018BF4042E8
:10DB100070474FF00000704712F1610F01D14202CF
:10DB200005D110F0004008BF6FF0004070474FF083
:10DB30000000704742000ED2B2F1FE4F0BD34FF0FF
:10DB40009E03B3EB126209D44FEA002343F0004373
:10DB500023FA02F070474FF00000704712F1610F96
:10DB600001D1420202D14FF0FF3070474FF0000068
:10DB7000704700BF10B5054C237833B9044B13B17F
:10DB80000448AFF300800123237010BD985100209A
:10DB900000000000185A020808B5034B1BB10349E6
:10DBA0000348AFF3008008BD000000009C51002036
:10DBB000185A02080368DB6A184700000148F6F7A4
:10DBC00003BE00BFB00800202DE9F0471E4690F8C4
:10DBD000DD3A04461546002B52D02D4B93F8B03257
:10DBE000002B4DD009784339C9B214299BBF294B6A
:10DBF0005B184FF0000993F8B895274BD3F84837D6
:10DC0000DBB3D3F81C8004F590674FF40072002159
:10DC1000384605F090FF06230121A4F88434084615
:10DC200084F82C96E7F75AF91F22C4F808064146F3
:10DC300004F20C6007F0A3FE33462A4640F27F113F
:10DC400004F5916005F010FF002808DD013820443C
:10DC500090F888340A2B04BF002380F888343B46B0
:10DC60004FF4FF7104F69D000C4AEBF711FC0146DE
:10DC70002046BDE8F047EBF719BADFF82480C2E789
:10DC800033462A4604F52A60BDE8F047E7F732B983
:10DC9000E8040020305A0208E01500200060020865
:10DCA000F4A9020890F84D3070B50446BBB10D4B95
:10DCB000026D1B689A4212D8002500F1580680F8C0
:10DCC0004D5045653046FDF7B5FC382229463046B3
:10DCD00005F031FF236A04F120009B6998476FF03B
:10DCE000004070BDE804002070B5144D95F82C324A
:10DCF0000446F3B1124B1878FCF79AFA10B1114BA5
:10DD00001B78B3B9104B1E6801213046E7F742F883
:10DD100078B13046E7F753F858B14FF0FF3120465D
:10DD2000FAF7AAFDD5F8280228B14FF47A735843C0
:10DD300070BD0121F3E70548FAE700BF083F002066
:10DD4000701E00206C0000201C1D0020009749015F
:10DD500002292DE9F04104460E4633D0032900F094
:10DD6000BC80012940F0F58090F82C3273B3002379
:10DD700080F82C32D0F828020368DB6E98472368BD
:10DD800032465B6B0146074620469847724B93F834
:10DD9000B8310646FBB9714B1B68D3F88421324475
:10DDA000C3F884210A21D3F83C21B2FBF1F2062109
:10DDB000B2FBF1F001FB102203EB82031A6B324439
:10DDC0001A6303E0C36F0BB1ECF75EF823682046DB
:10DDD0005B6D984789E0D4F8280203683A461B6BCC
:10DDE00004F18801984728B1D4F830320133C4F8DF
:10DDF0003032D0E7183FF7D4D4F834320133C4F8C6
:10DE00003432D4F88C30002BE0D05548EBF704F8CE
:10DE1000D4F88C300360D4F888304360D4F8903064
:10DE2000C0F8143194F896300372B4F8943003F0CB
:10DE30007F0380F82031B4F894305B0A80F82A31EF
:10DE4000B4F89420C2F3C011C2F30022054680F852
:10DE5000211180F82921002B38D1C0F85031C5F8A4
:10DE60005431236829465B6F2046984705236B8110
:10DE70003A4604F1A00105F10E0005F007FF374B0B
:10DE8000AF811B683749D3F864213244C3F8642159
:10DE90000A6832440A60D3F83C210A21B2FBF1F24D
:10DEA0000621B2FBF1F001FB102203EB82031A6B97
:10DEB00032441A632C4B1868002887D0012385F858
:10DEC0005C31036829461B6A98477FE7D4F898308D
:10DED000C0F85031D4F89C30C1E7D0E973239A429E
:10DEE00037D003681B6F984720B92046BDE8F04142
:10DEF000E9F72ABAD4E97332934226D01B68D3F8E3
:10DF0000581151B1194B1B68C91A002905DD04F5D8
:10DF1000CA70BDE8F041FBF7B3BD236820469B6D96
:10DF20009847054600287FF451AFD4E9731399420E
:10DF300004D004F5E6700D68FDF7DAFD2368294684
:10DF400020469B6EBDE8F04118470023D3F85831B6
:10DF5000FFDEBDE8F08100BFF00400201C1D0020A2
:10DF6000581E0020F0070020A41E0020E804002016
:10DF70002DE9F14F504D95F8383204463BB9A3696D
:10DF80009B6904F1180001B0BDE8F04F184790F804
:10DF90004530CBB1002380F8453095F85902002870
:10DFA000EDD095F85B124900FEF7F8FA95F8D839EC
:10DFB00043F6982247F2305002FB0300013385F804
:10DFC000D83901B0BDE8F08FDFF8F0B0866CD5F835
:10DFD0003C02E7F7F6F8DBF800309B1B984213D8B9
:10DFE000FAF718FD95F85A22354B03EB82030646E3
:10DFF0000146D3F8B03794F84C00984784F84C6049
:10E00000804690B1012850D0D5F84032002B51D035
:10E01000A16CDBF80020521A4FF47A714B439A42FC
:10E0200048D3FAF7F7FC014640E0282006F0CCFD83
:10E03000244905F24522814607F036FC2046EDF7DB
:10E0400083FA074680F821814846FFF759FA1FFAFC
:10E0500080FAA7F80EA05246494607F1100005F0D5
:10E0600015FE95F8443256465BB1BAF1E80F08D870
:10E070003E4407230AF1010A337486F81180A7F899
:10E080000EA0DBF80030A3640020FCF7D1F80346B3
:10E0900028B902460C4839460068E8F75FFA484656
:10E0A00006F09AFD4FF47A708BE731462046EEF782
:10E0B00047FCF7E7642084E7083F0020E8040020DD
:10E0C00058750208C9A50208A01E0020F8B5304DF9
:10E0D00095F83431064663B12E4F826E3B689A4202
:10E0E0000AD24FF0FF338366EEF7E8FE002386F88E
:10E0F0006C306FF00040F8BD90F86C30002B44D0CD
:10E10000D5F83841D5F8DC393A68002C08BF4FF40F
:10E110007A742344934206D295F8D929002182F0DB
:10E120000102EEF79FFED5F8E0393A6823449342A6
:10E1300007D295F8DA29012182F001023046EEF784
:10E1400091FE95F843316BB9D5F8E4393A68234428
:10E15000934207D295F8DB29022182F00102304672
:10E16000EEF780FE95F843316BB10B4BDA6852B194
:10E1700093F85D3003F0FD03012B04D096F86C306A
:10E1800003B13B6819242046B5E74FF47A74E9E7F8
:10E19000083F0020E8040020F00400202DE9F14FA2
:10E1A0009A4D95F8DC3004462BB9D4F8A03A04F522
:10E1B0002A609B69D0E095F8F13053B190F8CD3AE0
:10E1C000002B00F0C28095F8E830012B6BD16E2750
:10E1D00072E0D5F8E030002BE7D0D5F8E430002B22
:10E1E000E3D090F8CD3A002B00F0AF8095F8E830FE
:10E1F000012B6ED0023BDBB20D2B6CD8844A02EBB4
:10E200008303D3F88C71D5F8E030824EE3B1D5F8B2
:10E21000E420CAB1D1B2192960D87D4800EB810150
:10E22000D1F8C41102F4E0620A43C6F8FC21DAB264
:10E23000192A66D8764901EB8202D2F8C42103F488
:10E24000E0631343C6F8003239467348FCF788FB95
:10E25000D5F8EC30002B08BFFA237420336106F0A8
:10E26000B3FC6E4907464FF00008FDF7C3FC6C4B4A
:10E270003B60C7E905885622414607F11C0005F0BE
:10E280005AFC95F8F030032B4ED01A1F012A4DD8B6
:10E290000323A7F87230C6F82C7284F8CD8A0A20BE
:10E2A00001B0BDE8F08F023BDBB20D2B0ED8584A0F
:10E2B00002EB8303D3F88C715A4E3046F6F784FA9A
:10E2C000594B0A201E60FAF781F99CE74FF4164774
:10E2D000F2E76E2797E74FF4164794E702F0C00085
:10E2E000C0280BD1C82909D8494902F03F0001EBE9
:10E2F0008000D0F82C0201EB800191E74FF0FF3253
:10E3000093E703F0C001C0290BD1C82A09D8404ABD
:10E3100003F03F0102EB8101D1F82C1202EB8102E4
:10E320008BE74FF0FF338DE70123B2E74022A7F8D8
:10E330007220022B3D4AFA60C6F82C7284F8CD8A0E
:10E34000ADD12046ECF704F9A9E795F8F030022B9F
:10E3500006D12368DB6A204601B0BDE8F04F1847BC
:10E36000062B9CD02B4F07F1080907F50C7848467F
:10E37000F5F7FAFB002892D02748E9224146F9F741
:10E38000A7FDD7F82C62C7F83004F468CCB1DFF8E9
:10E39000A0A09AF800B00025EBB29B4505D8254B0C
:10E3A0001878FBF7BBFA04460BE02846FBF77CFE27
:10E3B000214607F099FA6B1C28BB4C2404FB05A4EA
:10E3C0000434336830469B6998474FF0FF33054665
:10E3D00043600CB123780372D7F83024EA8100241B
:10E3E000012385F82131414685F8FA4092B205F1C2
:10E3F000100005F04BFC10482346006822462946D1
:10E40000E8F7ACF8B3E71D46C6E700BF443F00207D
:10E4100054810208F4480020FC48002054A7020858
:10E42000AC830208B0080020FC0000204CA40208C5
:10E430005C460020701E0020A01E002038B5938886
:10E44000022B0846144608D1054B1D68E7F7DFF894
:10E45000224601462846FDF72BFD002038BD00BFAF
:10E46000841E0020104B73B5D3F84C540F4B466DEF
:10E47000456504461868E6F7A2FC50B10023721BFC
:10E48000CDE9003318BF01224FF0FF312046F1F7EC
:10E4900024FA074B586920B14FF47A73584302B0FD
:10E4A00070BD0448FBE700BFF44800201C1D00209D
:10E4B000F004002080CBA40030B5244B1D68ADF5DE
:10E4C000617D044695B16868E7F77DFA80B195F8FB
:10E4D000202195F82A319A420AD21D4B1B7903F06C
:10E4E000FB03022B04D0012384F83B30002022E000
:10E4F0004FF4B072294688A805F0C8FB4FF4887223
:10E500000021684605F017FB124ABDF82E126B4633
:10E510008CA8ECF74FF80028E8D0BDF80430022BA7
:10E5200004F130050AD1214644A8F1F7E1FA44A9E3
:10E530002846F1F731FB0DF5617D30BD062BD5D1B5
:10E54000214644A8F0F762F8F1E700BFCC4800206C
:10E55000F00400201C850208F0B5634B90F8596068
:10E560001D6897B00446002E00F0BB80012E27D115
:10E57000C36DC26EEB1A934240F29B80022380F877
:10E5800059305A490DA8F9F788FE0DA92046F3F72E
:10E5900025FB0DA8F9F75CFE00232566C4F898302A
:10E5A0000DA904F120008DF83460FAF71BF9A56E6F
:10E5B00004F12C002946E6F771FC284617B0F0BD9F
:10E5C000032E1FD0022E40F08C80036EED1A836E56
:10E5D0009D426ED30025464980F859507C30F9F7AA
:10E5E00087FE2046F3F710FB414904F17000F9F76C
:10E5F0007FFE0123C4F898508DF834300DA904F142
:10E6000020006CE0436EC26D13445D1BB5F57A7F4C
:10E6100000F1700700F120064ED3364907A8F9F73C
:10E620003CFE07A904A8F9F759FE00230A220DA908
:10E630004FF47A70B5FBF0F0CDE90A330C93FCF798
:10E6400093FA0DA90AA8F9F753FE0C9A0A9904A89F
:10E65000F9F75FFE10B904A8F9F701FE26490DA8E5
:10E66000F9F71BFE0F9A0D9904A8F9F752FE10B99D
:10E6700004A8F9F7F4FD04A901A8F9F72FFE0DA8E5
:10E68000F9F7E6FD0AA8F9F7E3FD04A8F9F7E0FDBC
:10E6900007A8F9F7DDFD01A93846F9F710FE0123B7
:10E6A0000DA930468DF83430FAF79CF801A8F9F737
:10E6B000CFFD4FF47A7081E7002380F859300C4980
:10E6C0007C30F9F715FE2046F3F79EFA08493846E4
:10E6D000F9F70EFE01238DF834300DA93046FAF714
:10E6E00081F86FF0004069E7E804002067A902089C
:10E6F000F4A902087CA902086FA7020870B5904C23
:10E70000904DE3684FF6FF0633402B43E3604FF034
:10E71000B04396B01A6D42F400221A651A6D02F4E5
:10E7200000220392039A9A6C42F480529A649B6C82
:10E7300003F480530293029BE5F7F0FAE368334059
:10E740002B43E360E4F7D8FC7F4C20600020E4F723
:10E75000E5FC4422002105A805F0EDF97B4A136889
:10E7600023F4C06343F400731360136803F4C063BD
:10E770000193019B202304934FF0010E0023B0224C
:10E7800004A8CDE90CE3CDE90E23E4F7F1FC00B1D8
:10E79000FEE76F490B6813F0060F6E4B1BD04FF06E
:10E7A000B042916821F0F001916018689168CE0341
:10E7B00022D5D2F8081121F00F01C2F8081118680B
:10E7C0004FF0B042D2F80811CD031AD41968091AD3
:10E7D0000229F7D90FE00A6822F0070242F002028C
:10E7E0000A6018680A6802F00702022AD7D01A687D
:10E7F000121A022AF6D9FEE71968091A0229D5D990
:10E80000F9E7916821F4E061916018684FF0B04237
:10E810009168890304D41968091A0229F8D9EAE72A
:10E82000916821F46051916018684FF0B04291688E
:10E830004E0304D41968091A0229F8D9DBE71168D4
:10E840008D07D8D5916821F00301916018684FF0C9
:10E85000B04141F288358A6812F00C0F0ED13C4964
:10E860000A6802F00702022A0DD8E4F745FC3A4B89
:10E8700020601868E4F752FCB0B1BCE71A68121ABD
:10E88000AA42E8D9B7E70A6822F0070242F002027A
:10E890000A6018680A6802F00702022AE5D01A68BE
:10E8A000121A022AF6D9A6E72C4B5A7F02F0FF0172
:10E8B00002B9197702225A771A79E2B91A682849F7
:10E8C0005161916821F01801916059791A68002905
:10E8D00034D14FF0FF3111619168586921F0600126
:10E8E000014391609168986921F080010143916032
:10E8F00001225A7710E09C68E0070DD51F22013AEB
:10E9000003D324FA02F1C907F9D5D968102911D027
:10E9100004D839B108290FD016B070BD1829FBD121
:10E92000062AF9D818684461826822F018020A435E
:10E930008260CAE7072AF4E70F2AF2E71969CAE7F3
:10E9400000ED00E00003FA05640000200004005818
:10E9500000400058E804002060000020080100206A
:10E96000B71DC10430B5044685B0FCF740F9002559
:10E97000114B2360A022C4E93255294604F1280036
:10E9800005F0D9F8A368656004F11C05E3600B4944
:10E990002846F9F7ADFC294601A8F9F79FFCA169C3
:10E9A00001A8FCF70EF901462846F9F788FC01A8F2
:10E9B000F9F74EFC05B030BDC49002086DAA0208FC
:10E9C00008B5FDF7DFFC0023C36008BD2DE98048D2
:10E9D000DBB0AFF3008001210020FDF7DFFD012156
:10E9E0000020F9F77BFDE6F7B9FBB8B90324012154
:10E9F0000020F9F773FD4FF49670F9F7E7FD002159
:10EA00000846F9F76BFD4FF49670F9F7DFFD013C0E
:10EA1000EDD14FF4FA60F9F7D9FDE7E74FF42E6036
:10EA200006F0D2F8814F824E04463946F9F7BEFC13
:10EA30000025804BC4F8A45AC4F8A03A84F8AC5A14
:10EA400004F52B607C49C4F8A87AFCF705F97B4BE8
:10EA5000236003F14C026833C4F8B03A0323C4F8CE
:10EA6000A02A84F884364FF4E13184F8DD5A84F822
:10EA700098583846C6F8F440FBF772FF2046EBF78B
:10EA800067FD1020D6F8F44006F09EF8002200231F
:10EA9000C0E900236A4B0572186004F52A64694BCB
:10EAA00069491B68694D2046F9F7BCFBD6F8F400AC
:10EAB000674B684A6849009300F52A60674BF9F78D
:10EAC000B1FBD6F8F400664900F52A60F9F7AAFB15
:10EAD000012006F079F8634B6349186006F14000A5
:10EAE000F9F706FC614906F5A470F9F701FCD5F8C1
:10EAF000E0255F4B03EA822303F1FF6303F5F22372
:10EB0000B3F1006F40F2C9805A4C2379002B40F0DA
:10EB1000C480A068002840F0B780D5F8E055544F75
:10EB2000DFF82881DFF8509107EA852505F1FF65B8
:10EB300005F5F225D8F8E01507EA812101F1006317
:10EB40009D42C0F0A68194F80480B8F1000F03D074
:10EB500000232371F9F74AFAA068FCF77DFA05460D
:10EB6000002856D1E3685A6A0146D208A06C04F026
:10EB7000E2FFE2684148A563D2E9083214A9C4E97A
:10EB800010539A4294BFE263E363F1F7BEFA0028A0
:10EB90003DD13A482BA9F1F7B8FA0346002836D1FF
:10EBA00002462BA93548F2F7D9F8054600282ED1A0
:10EBB000334B2C9F2D9A27614FF01009CDE90B9311
:10EBC000E3686261D9690F912E491B6A0868109346
:10EBD0004968CDF81C904FF00113119312ABCDE9A9
:10EBE0000D7203C33423CDE91D721C930CAF202397
:10EBF000CDE9097308932148012307AA14A9F2F764
:10EC0000ADF8002800F04F81343000F04D81F9F765
:10EC1000EDF92379002B40D1A06800283DD0FCF706
:10EC200059FAB0FA80F04009207136E0B0080020AF
:10EC3000684D00200892020857AB0208585B020892
:10EC4000AC3E0020E804002065AB02080070FF1F06
:10EC50009EAB0208499F020882AB02080BA402087F
:10EC6000B2AB02081C1F0020EBAB0208FAAB020893
:10EC700000FCFF03B83E0020007000F8C43E0020F6
:10EC80002E1400087FAA0208FCF724FA00280CBF03
:10EC90000123002323717FF440AF0A21BA48FDF716
:10ECA0001FFB602005F090FF0446A046B749FBF724
:10ECB000D3FFB74B48F8303B0023A363C4E90C886B
:10ECC000B44B04F13C0203F110071868596815466B
:10ECD00003C50833BB422A46F7D118689B88AB802E
:10ECE000AD4B28601F6867650025E56584F85850BE
:10ECF000C6F8FC41FCF7DEFF07F13801C0F80880D8
:10ED000002F0FDFA3B6C01333B64FCF7D3FF07F1E3
:10ED100034094146C0F8089002F0F1FAA36BD6F826
:10ED2000FC019E4E0133A36303681B6A984734209D
:10ED300005F04AFF9A49016000F11003C0E904336D
:10ED4000C0E909550572C5608561C5830584C56242
:10ED500080F830500446B02204312BA8C6F8845302
:10ED600004F094FF8F48FAF7C7FF002840F0CC80EA
:10ED70000023039300238C49179314AACDE915337C
:10ED80000BA818231493FCF785F80B9DDFF81C8261
:10ED900015A805F2C675FCF76FFB834B8448CDF8C8
:10EDA000008010222946FBF733FED8F80030172BDD
:10EDB00000F2C9802046E6F758FF6568A38BD5E9C5
:10EDC000009B0A2B84BF0A23A38340F29C62ABEB17
:10EDD0000903934200F22981AA6876489910A2EBB0
:10EDE0000B0241439210C1F10A0142438A42C0F032
:10EDF000B5805846E9F769F868606F4B6F48009630
:10EE000040F2146240F2E161FBF702FE012803D1F7
:10EE1000D6F88433172B2BD82046E6F7B3FF71685A
:10EE20002046E7F70DFA18B303790BB3644A00F1F3
:10EE30000C0300F1340153F8045B42F8045B8B428D
:10EE4000F9D1002386F88930426BC6F88A2086F80B
:10EE50008E3090F83A3086F8963090F85E3086F82A
:10EE6000BA3090F85F3086F8BB300420FCF7D4FB52
:10EE7000544D554B554800954FF4387240F2F221ED
:10EE8000FBF7C6FD012800F0DA800020FCF744FD06
:10EE9000DAE0A9EB010129444D48C90AEFF78CFCDF
:10EEA00005F5006546E601252023CDE908370A93DC
:10EEB0004848CDF81C90012307AA14A9F1F74EFF8A
:10EEC00028B134307FF4A3AE002D3FF4A0AE002370
:10EED0000125404807AA14A9CDE90735F0F7D7FF67
:10EEE00000287FF494AEE3681B6A6364F9F77EF848
:10EEF000B8F1000F3FF48DAEA068FCF7EBF80028E6
:10EF00007FF487AE2571C8E62E4D2F4B2F48009514
:10EF10004FF4387240F2F221FBF77AFD01287FF4BA
:10EF200027AF95F8F831002B3FF422AFB5F81C322B
:10EF30000393002B3FF41EAFB02205F5FD712BA803
:10EF400004F0A4FE16E708F104036360D8E9012386
:10EF50009B1A184A9B105343A3832EE71E4A05931E
:10EF600028460491E8F780FFDDE904138246002873
:10EF700059D01A4A904235D9194B984201D902F01A
:10EF80008EFC02F089FC00BFDBA402080AAC020878
:10EF9000C45A02081C920208501E0020D40A002005
:10EFA0003C92020810AC020818900208881E00204B
:10EFB00088AA0208CF467D67D49002089BAA02085F
:10EFC000360B0020F0040020647F0208AFAA02087C
:10EFD00040020020C43E002020AC0208414CAE009C
:10EFE00082985C01BC2000FB0AF0CDE9043105F0F9
:10EFF000EBFDDDE904310746F818E8F766FF3A460D
:10F0000059464846FAF712FFB9F1000F02D04846B8
:10F0100005F0E2FD07F5EB636B60BC2303FB0A72AE
:10F020002F60AA60E9E60746E6E7B3F5EB6F7FF6E7
:10F03000E4AE09F5EB639B4518BF6B60DDE6D5F8E0
:10F04000F431172B7FF622AF95F8A43133B195F840
:10F05000A8311BB1C4480121E9F788F8039B4BB1E3
:10F06000C248ADF8CE30B0222BA904F00FFE01202B
:10F07000FCF7D2FABE4FBF4BBF4800974FF42E7239
:10F080004FF44D71FBF7C4FC012800F0AE81FCF792
:10F09000DBFBDFF8E892BA4BBA48CDF800904FF4AA
:10F0A0001A7240F2CE21FBF7B3FC012800F0A381D5
:10F0B000FAF726FCB44B0093B448B54B8C22CC2114
:10F0C000FBF7A6FCD7F89031162B37D81823C7F8D2
:10F0D0009031D7F84031B3F5617F04BF0023C7F802
:10F0E0004031D7F84431B3F5617F04BF0023C7F83E
:10F0F0004431D7F84C31B3F5617F04BF0023C7F822
:10F100004C31D7F85431B3F5617F04BF0023C7F801
:10F110005431D7F8EC31B3F5617F04BF0023C7F851
:10F12000EC31D7F82832B3F5617F08BF00234FF0E8
:10F13000020008BFC7F82832FCF76EFA4FF0000A49
:10F14000D1465746A28B9245C0F25B81D8F8047035
:10F15000A2EB09039BB24FF0BC0A0AFB0377A3831F
:10F16000524600212BA804F0E6FC2BAA0AFB0971E9
:10F170003846E8F79BFE40F214618648F2F778FCC7
:10F18000102107468448F2F773FC4FF4387103905E
:10F190008248F2F76DFC4FF41A7104907748F2F749
:10F1A00067FC47F2F85305902046F360E6F79EFDB2
:10F1B000482386F895302B7986F89730784B794834
:10F1C0001A689B88C6F88F2010218380764A73685E
:10F1D0003D3806F0B1FA95F8F81161B9012363489A
:10F1E00085F8F831B02204F0A6FC6B7985F8A732D7
:10F1F0006B7E85F8A63295F8AA1249B901236B48AF
:10F2000085F8AA32302204F096FC3C23C5F8D032AF
:10F2100096F89680B8F1000F1ED195F8B831DBB1A1
:10F22000B5F8FAB1DFF88891BBF1200FD9F800A04A
:10F2300000F01481B5F81C3284F81E80202B40F0B9
:10F240002A81D9F800005B4A0368A2F12201DB6839
:10F250009847002840F0278171682046E7F702F8B8
:10F26000554980466A222BA804F010FD28222FA9B8
:10F270000DF1560006F083FB052239A90DF17E0041
:10F2800006F07DFB3DAEDDF8E900BDF8ED301490F1
:10F29000ADF854300FCE22AD0FC596E80F0085E8CB
:10F2A0000F003C9B9DF8EFC021935A22BDF814310A
:10F2B000ADF8A83014A908F106008DF883C004F059
:10F2C000E5FC01233D4888F80430FAF715FD08B93C
:10F2D000FCF7EAF8314D294E0020FAF761FF95F866
:10F2E000A831002B6ED0364B1B78002B6AD0D5F896
:10F2F000C8010021FEF75CF8002863D096F8009062
:10F300004FF00008C845C0F0F0800020184BD3F83B
:10F310004011002856D02A79022A4AF6C00218BFA6
:10F320004FF4E162002908BF1146C3F84011D3F839
:10F330004411002908BF1146C3F84411D3F84C11F9
:10F34000002908BF1146C3F84C11D3F85411002905
:10F3500008BF1146C3F85411D3F85C11002908BF47
:10F360001146C3F85C112DE098060020EA06002043
:10F37000443F00204C7F0208C3AA02085C460020DC
:10F38000347F0208D7AA02087000002069A502088D
:10F39000B0700208D40A0020881E0020F00400206B
:10F3A000981E0020630B002055A002089C07002037
:10F3B000881100200E070020260B002088AA0208D2
:10F3C0006C00002096F800800026F1B2884540F2DB
:10F3D000A7800846FAF7A2FA90F83E301BB1036CFA
:10F3E000002B40F097800136EFE7D7F89031172BCC
:10F3F0003FF64FAE4BE6D9F86432172B3FF65AAEC4
:10F4000056E66368039351461846E6F728FE0279EC
:10F410000AB3838F63B1002200F13E0E93461EF8BB
:10F420000B1029B90132D2B293429346F7D88187A3
:10F43000BA450CD051460398E6F711FE394683468B
:10F440000398E6F70CFEBC22594604F01FFC013776
:10F450000AF1010A76E609F10109F9E7DFF8A0E00F
:10F46000BEE80F000DF1AC0CACE80F009EE80F00F9
:10F470008CE80F00DAF8003050461B6ADFF884A0F1
:10F480005A462BA99847202251462BA804F029FB65
:10F49000F0B90123A377D9F800001B4A0368A2F151
:10F4A00022019B6898472023A5F8FA31A5F81C3261
:10F4B000134D164AA6F8983005EB030C2B4603CBE8
:10F4C0006345106051601D4602F10802F6D1C3E6A3
:10F4D00008F10108B8F1180F0AF1200AD3D100236E
:10F4E000A3770B4BB3F81C32A8E65FFA88F0FAF763
:10F4F0009FFE00287FF40AAF08F1010802E700BF71
:10F50000EC060020F09202080E0700206E0B00208F
:10F51000F00400200846FAF78BFE002841F05181E4
:10F520006B69D34E002BBCBF6FF000436B61AB6EB9
:10F53000002BBCBF6FF00043AB662B6F002BBCBF32
:10F540006FF000432B676B6F002BBCBF6FF0004365
:10F550006B67AB6F002BBCBF6FF00043AB67EB6F0B
:10F56000002BBCBF6FF00043EB67D5F88030002B59
:10F57000BCBF6FF00043C5F88030D5F88430002B55
:10F58000BCBF6FF00043C5F88430D5F88830002B3D
:10F59000BCBF6FF00043C5F88830D5F88C30002B25
:10F5A000BCBF6FF00043C5F88C30D6F8EC31002BAF
:10F5B000BCBF6FF00043C6F8EC31D6F84031002BE9
:10F5C000BCBF6FF00043C6F84031D6F84431002B81
:10F5D000BCBF6FF00043C6F84431D6F84C31002B65
:10F5E000BCBF6FF00043C6F84C31D6F85C31002B3D
:10F5F000BCBF6FF00043C6F85C3196F8CA3043B127
:10F60000D6F8CC30B3F5616F3CBF4FF46163C6F8F8
:10F61000CC30D6F8EC31002B08BF4FF46153C6F85C
:10F62000EC31944B93F896300BB102232B7495F880
:10F630009C319048032B04BF002385F89C3140F295
:10F64000146104BF012385F8EC31F2F711FA10219F
:10F650003F1A894818BF0127F2F70AFA039BBF0037
:10F6600083424FF43871854818BF47F01007F2F70E
:10F67000FFF9049B4FF41A718342814818BF47F089
:10F680000107F2F7F5F9059B834295F86E3018BF34
:10F6900047F008072BB1012385F89030002385F847
:10F6A0006E302046DFF8DC81DFF8DCB1E6F77CFD68
:10F6B0003846FBF7B1FFD8F80070CBF80040B7B977
:10F6C000382005F081FA38220446394604F033FA2E
:10F6D000231DC4E90273C4E9043704F11C03C4E91F
:10F6E0000873C4E90A3727712777C8F80040D8F8AB
:10F6F0000000E9F706FEA02005F066FA634904461B
:10F70000FBF7AAFA6423236341F2301005F05CFA98
:10F7100041F230120021606304F00DFA00275C4BC7
:10F7200023600820C4E91077C4E91277C4E914778C
:10F73000C4E91677A763E063F8F728FE00F10C0927
:10F740008046A0634FF4007005F03EFA00F50073A8
:10F75000C4E91503A3640423C4E91937C8F80C00ED
:10F76000606420642065C4E91B77C4E91D77C4E99F
:10F770001F77C4F84C90C4F85C902466012005F013
:10F7800023FA444BC4F89070186004F19C03C4F849
:10F7900084300123C4E922374FF07E53C4F89430FB
:10F7A0003D4B23603D4B1C6095F89830C4E92677AB
:10F7B0002BB12879062305220221EBF7B1F9384C49
:10F7C0003849C4F8781200254FF001092A464B4603
:10F7D00004F5007084F85D52A4F87C92F1F7DAFC2D
:10F7E000FCF771FA304BDBF800A01F68FCF762FAF7
:10F7F0000AF1100807F1340307F13801C0F8088056
:10F80000039301F07CFD3A6C4A443A64FCF752FAE7
:10F81000039B8360414601F072FDDAF81830DFF88F
:10F820008C804B44CAF818304FF4907005F0CCF936
:10F8300080220746C0F80080C0E92155C0E9235561
:10F840002946043004F077F920222946C7E92755D4
:10F85000C7E92955C7E9255507F1AC0004F06BF954
:10F8600007F58473C7E9423307F58A7320E000BFC8
:10F87000443F0020D40A0020881E0020F00400200D
:10F880005C460020444D0020841E00203AAC020853
:10F89000485D0208F04800207C760208A41E002083
:10F8A000684D002000093D00FC410020F895020849
:10F8B000C7E94533102387F8F630C94B87F8045160
:10F8C000C7E93F55C7E93355C7E93555C7E9375546
:10F8D000C7E93955C7E93B55C7F81051C7F81C515E
:10F8E000A7F8F450C7F8F85080201F6005F06CF9B5
:10F8F000BC490746FBF7B0F9BB4B3B6007F1380347
:10F90000C7E90E33B94BBA4A7A63C7E91235C7E97A
:10F910001873B84B3A6507F15401C7E91511196816
:10F9200087F82D504FF47A7A07F13400C7E91C5557
:10F93000C7F830A03D647F64FD65BD66A7F86C50D4
:10F94000BD67A7F87C5087F87E502831EDF7B6FBED
:10F95000A94B196807F150002831EDF7AFFB3C20A7
:10F96000C4F8807205F030F9A4490746FCF742F963
:10F970000623BB8208F10803BB6107F12003C7E936
:10F9800008339F4B3B60BD83BD6287F82C50C7F89E
:10F990002D50C7F83150BD63902005F015F99949F5
:10F9A0000746FCF727F94E23BB82974B3B60A8F52F
:10F9B000D36307F12008BB6140469449BD83FBF740
:10F9C0004BF9934B3B603C3338223B622946C7E9F5
:10F9D000145587F84D5007F1580004F0ACF887F83B
:10F9E00008904046E0F731FF8A4B74201F6005F015
:10F9F000EBF889490746FCF7FDF80423BB82874BE7
:10FA00003B60874BBB6107F120008649BD830390B3
:10FA1000FBF722F9844B854A3B603C333B6207F19C
:10FA20006003C7E91953C7E91B3513780398A7F892
:10FA3000585003EB0901117047F2305843F69821F2
:10FA400001FB0381C7E9145587F85A5087F86050C5
:10FA500087F80890E5F722FA754B24201F6005F01F
:10FA6000B3F874490746FCF7C5F80823BB8207F1D1
:10FA70001803C7E90633704B3B603D62F02005F088
:10FA8000A3F86E490746FCF7B5F807F118033846A6
:10FA9000C7E906336A4BA7F81490C8223D6229468D
:10FAA00040F8243B04F047F8664BC7F8EC50A02020
:10FAB0001F6005F089F864490746FCF79BF8634A24
:10FAC0003A60634ABA61462307F12002BB82C7E964
:10FAD00008226049BD8307F12C00BD62FBF7BCF82A
:10FAE0005D4A3A603C32FA6242F21072C7E91A2269
:10FAF0005A49C7F86480C7E9175587F8595007F184
:10FB00007000F8F7CAFB5549DFF8548107F17C0013
:10FB1000F8F7C3FB4623BB8296F8E631C7F890504E
:10FB2000C7E9225587F89450C7F8985087F89C5039
:10FB300087F80890E760002B00F0A68096F8E8317F
:10FB4000002B00F0A1807C2005F03EF845490746D7
:10FB5000FCF750F8444B3B60444BBB61472207F134
:10FB6000200318464249BA82BD830393FBF774F819
:10FB7000404939603C31396207F15401C7E9151138
:10FB80003D493E4B39653E49FD65C7E91915196880
:10FB90003F664722BA82C7E91B55C7E91D55283180
:10FBA00007F15000EDF78AFA96F8E821039B002A46
:10FBB00000F0218698F80420D6F8EC1187F8089018
:10FBC000022A4AF6C00218BF4FF46162002900F011
:10FBD0000E860AFB01F11846E5F760F952E000BF16
:10FBE000A01E002041AC02085884020829D4000855
:10FBF00044840208F4480020501E002051AC020842
:10FC00000477020857AC02086478020864AC020862
:10FC100084800208DC48002070AC02089882020848
:10FC2000846C020879AC020834820208E0480020A3
:10FC30005846002082AC02080482020871AE020815
:10FC4000D48102086C1E00208BAC0208E8860208F2
:10FC5000C882020896AC020884860208F4A9020849
:10FC6000F0040020A1AC020828790208C07C020838
:10FC7000AEAC0208C4780208B0780208FC4100204B
:10FC8000936C0008BD4B1F6096F8FA31BC4FE3B18E
:10FC900096F8FC31CBB1502004F096FFB9490546E7
:10FCA000FBF7A8FF0A23AB82B7492F6005F11800C4
:10FCB000FAF7D2FFB54B2B603433AB61012385F8E3
:10FCC00045300023AB6485F84C30A02004F07CFF65
:10FCD000AF49DFF8C0920546FBF78CFFAE4BAB6136
:10FCE000AE4B2B604FF0000A00230022C5E9082329
:10FCF000C5E90AAAA5F81CA0C5F830A085F834A06B
:10FD00002022514605F1350003F015FF202251460F
:10FD100005F1550003F00FFF2822514605F175004B
:10FD200003F009FF0C23AB82802004F04DFF9C49B7
:10FD30000546FAF791FF9A4905F13000FBF75AFFA3
:10FD40004323A5F84430974BAB64974B2B60343377
:10FD50002B6305F15403C5E91533944B2B65944B84
:10FD60006B6660204EF66023C5E91A03914BA5F837
:10FD70004CA0C5E91C3AD9F80030EB678E4BC5F8AA
:10FD80005CA019682D66283105F15000C5F878A0EF
:10FD9000EDF794F9894A1378591C117047F23052E3
:10FDA00043F6982101FB03212846E5F777F896F8FA
:10FDB000D83053B396F8DC303BB398F89C31032B22
:10FDC00023D04FF4336004F0FFFE7D490546F8F779
:10FDD000EDFA7C4905F52A60FAF73EFF7A4B2B6075
:10FDE0004033C5F8A03A012385F8CD3AD9F8003060
:10FDF000C5F8D03AC5F8D4AA5622514605F6D820FF
:10FE000003F099FE032385F88436702004F0DCFEAD
:10FE100005466E49FBF7EEFE05F118092F60012734
:10FE20006B49AF824846FAF717FF6A4B6A4A2B6064
:10FE30003433AB61AA6405F14C03684AAD65C5E98A
:10FE400013330023C5E91723C5E919376B65A5F8F6
:10FE50006C3096F8F830002B00F0D284604F614B84
:10FE600061480097E722E921FAF7D2FD012804D082
:10FE70005E49E722384605F082FDD6F80001686643
:10FE800010B10121FCF78AFB002228461146ECF74D
:10FE9000E9FF574F96F808014FF00009C7F80090A6
:10FEA00048B10121FCF77AFB4A4601212846ECF7CC
:10FEB000D9FFC7F8049096F8090188B198F85D3029
:10FEC00003F0FD03012B0BD096F8076146B9012121
:10FED000FCF764FB324602212846ECF7C3FFBE6004
:10FEE000202004F071FE43490546FBF783FE0523FD
:10FEF000AB82414BAB610023AB83404B2B60404B4B
:10FF00001D60DBF800309A7F01262E72AE72D2B1EE
:10FF1000DF7FC7B93B48E5F723F91E230546037386
:10FF200039460220E4F7DAFF3749A86005F10D00F1
:10FF300003F0A4FE354B1868036829465B689847B0
:10FF4000DBF80030DE7700252C20149504F03CFE11
:10FF50000123C0E90235036104210323C0E905132D
:10FF6000D4F8843245600BB9C4F88402284BC361CD
:10FF7000284B03620026284B03604FE0D048002046
:10FF8000D4760208BBAC0208C5AC0208AC77020804
:10FF9000D5AC0208E8040020707D0208E880020861
:10FFA000E5AC02081C850208808402089C780208DF
:10FFB0004B6C0008A0BB0D00FC410020E048002075
:10FFC000FC480020F5AC0208DC830208FCAC020807
:10FFD00017AD02080878020820810208FDCE00084B
:10FFE00004420020B4760208F2A102082CAD0208F7
:10FFF000E448002094AD0208D48F0208308A020839
:020000040802F0
:10000000A83E0020901200200FAF0208A01E002082
:10001000684F002000093D00209602084FF00109BA
:10002000A0F8249080F828604FF4407004F0CCFDD4
:100030000346D04A43F8082BCF4A0661C0E9023391
:10004000CE4B4360C0E90626036200F12402C3637D
:10005000CB4B4061C0E90922CA4AC662C0E91436E6
:10006000C94BC365C0E90D26C84B036600F14002C9
:100070004FF0040AC0E9102200638664C06480F86F
:10008000586080F864A00546E8F7F4FCA52241F228
:100090009413C5E91C2340F603031027A5F8783014
:1000A0001123BB49A866A5F86C7085F8883105F561
:1000B000CA70C5E91F66FAF7CFFD42F60133A5F80D
:1000C000D831B44BC5F8DC31C5E97167C5E9736651
:1000D000C5F8D4612C2004F077FD03238361D4F8A4
:1000E0008432C0F814A0C0E90169C0E90369074679
:1000F0000BB9C4F88402DFF8A092A84BFB6109F1A8
:10010000600EA74B3B62BEE80F0005F5F27CACE841
:100110000F009EE807001C238CE807001A22C5E99F
:1001200080231D211B2309F17C0EC5E98213BEE843
:100130000F0005F5047CACE80F000026DEF8003067
:1001400087F828604FF0010AA7F824A0C7F80090AC
:10015000CCF8003005F51573C5F82832914BC5F879
:100160004832914B91481D60914BC5F84C320023A9
:10017000C5F85032C5F89432C5F8A832C5F8C43273
:100180008C4BC5F82462032285F89822C5E98C6659
:10019000C5E98E66C5E9AC66C5F8E07185F82C62E4
:1001A000A5F84062C5F8446285F89062C5F8A0627F
:1001B00085F8A462A5F8A662C5F8B862A5F8BC6285
:1001C00085F8BE62A5F8C062C5F8C86285F8CC6241
:1001D000C5F8D06285F8ACA285F8D462C5E9B7034A
:1001E000754BC5F85832FF23C5F85C3205F5F0733E
:1001F000C5E9B966C5E9BC66C5F8D862A5F8EC6280
:10020000C5F8F862C5F89C32A5F8886285F88A625C
:1002100004230226C5E99963082710234FF0200C18
:10022000C5E99B734023C5E99DC34FF0800E4FF491
:100230008073C5E99FE34FF40073C5F884325F4BC8
:10024000C5F88C3209F19803C5F854325C4B2B6029
:1002500084332946C5F8943114A8C5F860A2E4F7A0
:100260008DFF149803685B6A9847014610B914A87B
:10027000E4F784FF98F8B831149E0D2B16D1AEB177
:1002800033683046DB68984780B988F8B8010120A8
:10029000FBF7C2F9336830469B6A984730B9494B3F
:1002A000494A1B6803F59C53083313604FF4D4701C
:1002B00004F08AFC45490546FAF7CEFC2846444B33
:1002C00040F8303B1822002103F035FCF0220021D9
:1002D00005F1480003F02FFC0123A5F8383141F661
:1002E00028130027A5F84031322385F8423185F8DC
:1002F0003A71C5F83C716422394605F5A27003F0E5
:100300001AFC344B1D6056B1334B1499186814977E
:1003100068302B97E4F732FF2BA8FBF7CEFC2F4E6B
:1003200098F804300393D6F8EC302D4DDFF8B4A0E4
:100330002D481C22534303F10C018A1975500021EA
:10034000C2E902113344C2F804A0106140F6B83289
:1003500019625A62D6F8EC300133C6F8EC3002224A
:10036000224BA5F5B67105F11000F7F76CFE039965
:100370003EE000BFD06002088F6A000834730208B4
:100380009B6A00087F6A00080000FA420905000223
:100390009CAD02080000C84288960208301A00206E
:1003A0000024F400A4AD020800420020010603125C
:1003B00000000C43AD101B000024743FB2AD0208D6
:1003C000CC750208E8040020403F0020B9AD0208C7
:1003D000387502081C1D0020A41E00203C1D0020B2
:1003E000F04F0020301E0020C1AD0208CEAD020843
:1003F000D04BA5F5BE77A5F5B679022914BF4946BD
:100400003946042205F11000F7F71DFECA4B0422FD
:1004100039463846F7F717FEC84B012205F120018F
:1004200005F11000F7F70FFEC44B012205F1200182
:100430003846F7F708FE5146C04B01224846F7F709
:1004400002FE51465046BD4B0122F7F7FCFD05F177
:1004500020010846B94B0122F7F7F5FDB849B74B23
:1004600008460122F7F7EFFDB64B0A2205F13001ED
:100470002846F7F7E8FDB34B0A2205F1300105F1F4
:100480001000F7F7E0FDAF4B0A2205F130013846C6
:10049000F7F7D9FDAB4B0A2205F130014846F7F7D3
:1004A000D2FDA84B0A2205F1300105F12000F7F733
:1004B000CAFDA44BA2480A2205F13001F7F7C3FD9B
:1004C000A14B102205F140012846F7F7BCFD102290
:1004D000A8189D4B05F14001F7F7B5FD9A4B102286
:1004E00005F140013846F7F7AEFD974B102205F1B4
:1004F00040014846F7F7A7FD934B102205F1400154
:1005000005F12000F7F79FFD8F4B8D48102205F174
:100510004001F7F798FD8D4B112205F1200105F1FF
:100520001000F7F790FD894B112205F120013846A4
:10053000F7F789FD854B112205F120014846F7F7B1
:1005400082FD05F120010846804B1122F7F77BFD63
:10055000514650467D4B1122F7F775FD7C4B072223
:1005600005F120014846F7F76EFD05F12001784BB3
:1005700007220846F7F767FD039B022B05F1200AC7
:100580001ED0744B042249463846F7F75CFD724B87
:100590000522514605F11000F7F755FD6E4B052277
:1005A00051463846F7F74FFD6B4B052251464846FA
:1005B000F7F749FD684B052251465046F7F743FDD2
:1005C000664B5F4966480B22F7F73DFD634B5C497C
:1005D00064480B22F7F737FD604B594962480B22FC
:1005E000F7F731FD5D4B564960480B22F7F72BFDBD
:1005F0005A4B53495E480B22F7F725FD5D4B5C498A
:1006000057480D22F7F71FFD5A4B594955480D22FF
:10061000F7F719FD574B564953480D22F7F713FDCD
:10062000544B534951480D22F7F70DFD524B4F499A
:100630004F480E22F7F707FD504B4C4940480C221B
:10064000F7F701FD48494E4B09220846F7F7FBFC36
:1006500098F80420D8F88C31022A14BF4FF416728F
:1006600001224FF47A71002B00F0CF805943D6F865
:10067000EC303D48434DDFF8F8801C277B4303F105
:100680000C0206EB020C46F802A00022CCE9022282
:10069000CCF80400CCF810503344C3E90821D6F854
:1006A000EC300133C6F8EC307B4303F10C0E06EB63
:1006B0000E0C46F80E80CCE90102CCE90325334448
:1006C000C3E90821D6F8EC30DFF8BC800133C6F866
:1006D000EC307B4303F10C0C06EB0C0746F80C00E6
:1006E000C7E90102C7E903253344C3E90821D6F865
:1006F000EC300133C6F8EC30F9F7CCFA302004F0D6
:1007000063FA22490546FAF7A7FA214BDBF8000005
:100710002B60FBF783FB14A8FBF7CFFA4FF000091F
:100720004FF0000388F800301A4B1B4D1B68002B5C
:100730006DD033E0D9AD0208FEAD020822AE02084A
:10074000401E002028AE02082FAE020838AE020874
:1007500045AE020857AE020868AE020876AE02083F
:1007600000500020744E0020844E002010500020C5
:10077000301E002081AE02088FAE0208A2AE020831
:10078000B4AE0208C7AE0208241D0020D9AE02088C
:1007900010750208403F0020E80400202A689342B8
:1007A00035D26C48F9F7D4FABFF34F8F6A496B4BD7
:1007B000CA6802F4E0621343CB60BFF34F8F00BFFF
:1007C000FDE72B79022BAB6E4AF6C00218BF4FF43F
:1007D0006162002B08BF1346AB66D5F88830002B4A
:1007E00008BF4FF49673C5F88830FEF799BE0AFB30
:1007F00002F1FFF7F0B91846E0F727F8FFF742BA21
:100800004846E0F722F8FFF76BBB51432FE7544B04
:100810001A683AB129688A4204D200221F201A605D
:10082000FAF7FAFE4F4E3068E8B12B68D4F8E422AC
:100830009B1AB3F57A7F07D32B68C4F8E43290F89B
:100840002C320BB1E8F7D0FAD4F8E8222B689B1AC7
:100850004EF65F22934206D930682B68C4F8E8321E
:1008600003681B6D9847404B1E6896F8F57087B972
:100870003E4B2BA81968E8F7C1FB9DF8AD2096F810
:10088000F5309A4205D03B463A462BA93046FBF755
:10089000DDF8D6E93F138B4208D006F58470E4F703
:1008A00086FE18B9D6F8FC30C6F80031636B03B188
:1008B00098472F4F2B680393C4F8F09007F1A00BD3
:1008C0006FF000464FF0000AD4F8EC20524516DDD8
:1008D00057F8045F8DB12A680399526828469047FB
:1008E00000280AF1010A2CDC2A6828469268904701
:1008F0006A7D12B9C4F8F05016465F45E4D11D4830
:10090000E4F7AAFA98F8003033B9E4F727FC18B1F5
:1009100016B13046F7F75AFE174B2BB11748F3F7CD
:1009200023F908B1AFF30080154B002B3FF4F8AE6C
:100930001448F3F719F900283FF4F0AEAFF3008044
:10094000ECE6B042D9DA6A7D002AD6D1C4F8F0507C
:100950000646D2E74050002000ED00E00400FA0512
:10096000EC04002000420020A01E0020A41E002055
:10097000B04D00208C4D002000000000FC480020FD
:1009800000000000B00800202DE9F84FD64BDFF83A
:100990005CB3DFF85C83D74C0122C3E91EB2184672
:1009A0006422002103F0C7F84FF0FF35D24A4266B7
:1009B000C0E91A55C0E91C558030FBF719FDCF4B33
:1009C00016261720C3E97D6003F1110000274FF4BC
:1009D0007A7A08F6F402C3F8080203F21110A3F8B9
:1009E0001472C3E9017AC3E98307A3F81672C3E955
:1009F0007F551A60C24B1A6003F111024FF00209D1
:100A0000C3F80822032103F21112C3E9017AC3E9F2
:100A10007D91C3E98327A3F81472C3E97F55A3F836
:100A20001672B84B4FF40052C3E92027B64AC3F8F8
:100A30008820A3F89C70B54BC4E9BB77C4E9BD77A7
:100A4000C4E9BF771F705F70B14BC4F878B208205B
:100A50000122C4F87C22C3E900073946682204F564
:100A60000070C3E902771F824FF0060B03F063F8B2
:100A70000723C4E99AB30523C4E99C3504F57270D1
:100A800008F51263C4F80433C4E9C27AFBF7B0FC7A
:100A900004F57670FBF7ACFC9C231A46394604F546
:100AA0004B7003F048F89B4DC4F820730B230C22C5
:100AB000C4E9E23219222A6108F1C802C5E9077ABD
:100AC000AA61DFF854A2A4F824733946802205F500
:100AD0009C70C4F81473A4F81873C5E90C77AF6060
:100AE000AF81AF73AF82C5F828A085F82C7085F868
:100AF000387085F83771C5E9005503F01CF83946A0
:100B0000882205F5DC7003F016F8844AC4F8E07218
:100B10009760C2E90022824A824D9760C2E90022B2
:100B200004F53672C4E9B622394644220AF10C00B3
:100B300003F001F87C4A7D48CAF808207C4ACAF8CC
:100B4000002008F64C12C4E9FA27021F8AF8047044
:100B5000FBF718FC1561774DD5605260764A774DEA
:100B600040F8042C764A2846C2E90177D7602A1F4C
:100B7000FBF708FC734810617348D0605260734AF9
:100B800045F8042C05F1100039464FF4FB5202F0F1
:100B9000D2FF4FF0100A05F5FB505246394650443B
:100BA00002F0C9FF6A486B4A051FFBF7EBFB2A619D
:100BB000694AEA604FF02008684A40F8042C394638
:100BC000424650446D6002F0B6FF65486F63051FF2
:100BD000644AFBF7D7FB2A61634AEA60634A40F83C
:100BE000042C39464FF4F06214306D6002F0A3FF1C
:100BF0009C231846C5F8987703F0E6FF5C4B054642
:100C0000424640F8043B394602F095FF6F62524677
:100C1000394605F1280002F08EFF3946212205F100
:100C2000380002F088FF4246394605F1590002F0CB
:100C300082FF4246394605F1790002F07CFF4D48BB
:100C40004D4B20F8027B524639461D6002F073FF7F
:100C50005C2003F0B9FFFBF7C3F80346474A43F8AB
:100C6000382BC0E90E33464B4363464B0764C0E95B
:100C700012374FF40073A0F85830434B80F850906F
:100C8000012242621860476580F85A904064CC2087
:100C900003F09AFFFBF7A4F803463C4A43F8382BCD
:100CA000C0E90E333A4B43633A4B07640546C0E94B
:100CB000123774223946A0F8507080F852704064A0
:100CC000543002F038FFC5F8C870C5F82490582099
:100CD00003F07AFFFBF784F803462F4A43F8382BDA
:100CE000C0E90E335AE000BF301A002000093D0071
:100CF0002C8F0208684D002000000158FC4800209D
:100D0000B0080020E810002080EE3600644D00207E
:100D1000504D0020F0420020B83E00203445002015
:100D2000404500208F6B0008400200205C1E002020
:100D3000208A0208F37400083C810208241F002066
:100D4000881E00204909000853090008E8720208BB
:100D50000C3F0020730900087D0900080073020899
:100D6000941200207F0900088909000818730208FE
:100D7000345C0208701E002088110020145B0208F9
:100D8000245B0208DD0B0008501E0020385B0208BF
:100D9000E8740208950C0008485B02088D4B436319
:100DA0008D4B0764C0E912378C4B07650321416204
:100DB0001860A0F8547080F8567040646C2003F0FE
:100DC00003FFFBF70DF80346854A43F8382BC0E9CB
:100DD0000E33844B4363844B94F8F0230764C0E9DB
:100DE000123700F15C03C0E91537042343627F4BDF
:100DF00007651860B4F8F033A4F8F83094F8F133CC
:100E000084F8F43380F85C7004F20C43406404F11D
:100E1000240084F8F323C4F8043484F8F273C4F88B
:100E20000074C4F8087484F80C74C4F81C7484F852
:100E3000F07384F8F173C4E9FE77FDF793FD04F5D0
:100E40009670FDF78FFD6A4B6A4AC4F8D072C4E908
:100E5000B237694BC4F8D432684BC4F82034684BBD
:100E6000C4F82C34C4E9B073664BC4F89832664BAE
:100E7000C4F89C32654BC4F8A032654BC4F8A43268
:100E8000644BC4F82474C4E94337634BC4F8183185
:100E9000624BC4F82874C4E94737614BC4F8283161
:100EA000C4E9AE275F4B604AC4F89072C3E90027DB
:100EB0005E4A9A605E4ADA605E4BC4F81471C4E917
:100EC000A2375D4BC4F894325C4BC4F82471C4F86B
:100ED000A8325B4B5B4AC4E9AB375B4BC4F8B43216
:100EE0005A4B1A605A4A5A605A4A9A605A4ADA6009
:100EF0005A4A5B4B104604F5227400F804BBC3E960
:100F000000479F60C3F8EC7083F8F070FDF758FD60
:100F10004FF0070302F118001375FDF751FD4FF074
:100F2000080302F12C0082F82830FDF749FD09235F
:100F300002F1400082F83C30FDF742FD0A2302F145
:100F4000540082F85030FDF73BFD02F1680082F852
:100F50006460FDF735FD02F17C0082F87860FDF7F2
:100F60002FFD02F1900082F88C60FDF729FD02F15F
:100F7000A40082F8A060FDF723FD02F1B80029214A
:100F800082F8B460FDF71CFD02F1CC0082F8C810B5
:100F9000FDF716FD02F1E00082F8DC10FDF710FD10
:100FA00002F1F40082F8F010FDF70AFD02F58470FA
:100FB00082F80411FDF704FD02F58E7082F8181115
:100FC000FDF7FEFC82F82C11BDE8F84F02F5987091
:100FD000FDF7F6BCD47402084D0C0008FC4100205B
:100FE000245C0208FC7402088B500008F4480020BE
:100FF00093060008F1510008E2AE0208E95100082A
:10100000EBAE0208A1060008A5060008A706000826
:10101000EFAE0208A9060008F2AE0208AD0600080D
:10102000F5AE0208401E0020AF060008B106000819
:10103000FAAE0208B706000801AF0208B5060008BC
:10104000410D0008AB06000806AF0208301E002064
:10105000A3060008B306000809AF0208C01A002062
:101060003C1D002070B5744CA4F5A075143C201DE7
:10107000E2F766FCAC42F9D1704B714C586803F052
:10108000ABFD04F5A470F7F7E3F804F14000F7F7BF
:10109000DFF8D4F81C04002840F09C80694800F078
:1010A000F9FFD4E9FE56AE4240F09980D4F8F80337
:1010B00008B103F091FD6448644DE2F74AFC6448CE
:1010C000E2F75BFC6348E2F76CFC6348FAF7D4F99B
:1010D0006248E6F710FA6248E4F7C2F86148E4F7BC
:1010E000BFF86148E4F7BCF82868A8427CD15F4BA0
:1010F00094F99003C4F80433E1F7DAF994F9910311
:10110000E1F7D6F9D4F83023D4F88C03242384F8FB
:101110007133136823F00103136003210023C4F823
:10112000743384F8703384F87133C4F8603384F80E
:101130007233E2F739FED4F888030321E2F734FE74
:10114000D4F82C334A4A934253D14FF0B0439A6BB0
:1011500042F400129A639A6B22F400129A639A6D19
:1011600022F400129A65D4F8200320B103F034FD74
:101170000023C4F82033D4F814030025A4F8245322
:1011800018B103F029FDC4F8145300233948A4F81A
:101190001833E2F7D5FB3848E2F7D2FBD4F8F8026F
:1011A00008B103F019FDD4F8FC0208B103F014FDF6
:1011B000D4F8000308B103F00FFD30484021F6F7E2
:1011C00083FB2F484021F6F77FFBBDE870402D4898
:1011D000E2F7B6BB056803F0FFFC28465BE728464C
:1011E00000F058FF18355EE7066803F0F5FC30465E
:1011F0007BE7254A93420DD14FF0B0439A6B42F4FE
:1012000080029A639A6B22F480029A639A6D22F4A8
:101210008002A7E71D4A9342A5D14FF0B0439A6BD5
:1012200042F400029A639A6B22F400029A639A6D68
:1012300022F4000296E700BF001C00203C1D0020A5
:10124000684D00206C51002090120020F0420020D8
:10125000083F0020201F00208C1E0020581E002068
:101260004050002040450020344500204C980208A2
:10127000005400404051002030510020E810002070
:1012800028110020B01A002000580040005C0040E7
:101290000D488546E2F732FE0C480D490D4A002301
:1012A00002E0D458C4500433C4188C42F9D30A4A1B
:1012B0000A4C002301E013600432A242FBD302F087
:1012C000AFFCFDF783FBFEE70000012000000020DB
:1012D000E4040020E8BB0208E80400207C5500205C
:1012E000FEE7904210B509D054684B6820601A6040
:1012F000436819604460486850604B6010BD4B689B
:10130000016043601860486070474268511E012ABE
:10131000416002D103685B681847704738B543687D
:101320000446B3B96068B0B9E36813BBE06810BBAA
:1013300023691BBB206958BB204638BD52F82500E5
:1013400008B1FFF7E2FF0135D4E90123AB42F5D83C
:10135000E8E70025F8E7E2F771FCE5E752F8250039
:1013600008B1FFF7D2FF0135D4E90232AB42F5D81C
:10137000DCE70025F8E7E2F761FCD9E700252369FF
:10138000585908B1E2F75AFC0435182DF7D1D1E7C6
:10139000E2F754FCD0E703685A1E012B10B504464F
:1013A000026006D1FFF7BAFF2046BDE81040E2F721
:1013B00043BC10BD054B10B51B680446006898423D
:1013C00001D0FFF7E8FF204610BD00BFB451002058
:1013D000C3689A68C26010B502B1506042685A6032
:1013E0000C68844203D10B609860436010BD916823
:1013F00081420CBF9360D360F6E78368DA6882604D
:1014000010B502B1506042685A600C68844203D142
:101410000B60D860436010BDD16881420CBFD360BF
:101420009360F6E7C36823B118469B68002BFBD195
:1014300070474368DA68824204D0C268934218BF9A
:101440001846704718465B68F4E7027803462AB9E5
:1014500042685268824201D1D06870479A6822B1CE
:101460001046D268002AFBD17047586882689A42B9
:1014700000D0704703464068F8E7FFF7D3BFFFF797
:10148000E4BF2DE9F8431D461F1D0023C1E90233C7
:101490000C464A600B70A0B19542916002D1696020
:1014A000EC6003E0AB68934208BFA9604FF000090D
:1014B0004FF001086B68A34232D101221A70BDE8D7
:1014C000F883D160EB689342F0D1E9E7C368A342A7
:1014D00003D13946FFF77CFF04466368394683F839
:1014E0000080304686F80090FFF787FFE2E733B1CF
:1014F0001A7822B980F8008083F8008021E08368A0
:10150000A34203D13946FFF778FF044663683946A2
:1015100083F80080304686F80090FFF759FFC9E74E
:1015200060680278002AC8D14668B3688342DED179
:10153000F268002ACAD011780029C7D10121197098
:10154000117086F800903446B4E72DE9F8430F4651
:10155000D0E902120546002938D01AB944680E466F
:10156000746037E01046034680680028FBD1AB4228
:10157000DE682CD09A424B6099601ED05C6806B140
:10158000746059688E60DA60EA6853607A68AA42CB
:1015900015D17B606A6829785A601A7819702A70A8
:1015A0002B783BB17B68B34207F104087ED1002E53
:1015B00040F0A1802846BDE8F8831C46E6E76A684B
:1015C0009168A9420CBF9360D360E3E716466C684C
:1015D000002EC5D17B68AB420FD17E60BB68AB42A9
:1015E00003D1EB6883B96B68BB60FB68AB42D7D1B2
:1015F000AB6883B96B68FB60D2E76B689A68AA42F4
:101600000CBF9E60DE60E9E733461A469B68002BFC
:10161000FBD1BA60E9E733461A46DB68002BFBD101
:10162000FA60BDE713B11B78012B07D101231370BA
:10163000002303704146FFF7E0FEE0682378037063
:10164000C3680122227003B11A7041462046FFF799
:10165000BFFEACE703783BB9012202704146204649
:101660002370FFF7CAFEA068D0E9023212B11178E8
:10167000012903D1A3B31978012931D013B11B7803
:10168000012B07D101231370002303704146FFF79C
:101690009FFEA0682378037083680122227003B143
:1016A0001A7041462046FFF7A8FE80E706BBA068F7
:1016B000B042A146CED1E06803783BB90122027066
:1016C000414620462370FFF783FEE068D0E90223FD
:1016D00012B111780129A5D113B119780129A1D12D
:1016E000002303707B68646899454E463FF45FAF02
:1016F0003378012BDBD0012333705BE7012A30B450
:1017000003D10B78037030BC7047002AFBD030BC8B
:1017100002F0BCBA08B5521AFFF7F0FF08BD00008E
:10172000044B984204D00023836001600844037393
:10173000704700BFB8510020134A904210B50446CC
:1017400002D9124800F0B1F8884207D804F10D0020
:10175000E2F76EFA00224460826010BD4B009842AE
:1017600038BF1C4604F11D03B3F5805F04F10D0082
:10177000EED98C42ECD904F58054C3F30B03E41A80
:10178000944228BF1446E1E7FCFFFF3F3FAF020849
:10179000184B1A68D1075CBF01221A60164B1A68F1
:1017A000D2075CBF01221A60144B1A68D0075CBFD5
:1017B00001221A60124B1A68D1075CBF01221A601D
:1017C000104B1A68D2075CBF01221A600E4B1A68D0
:1017D000D0075CBF01221A600C4B1A68D1075CBFAE
:1017E00001221A600A4B1A68D2075CBF01221A60F4
:1017F000704700BFE4510020E0510020DC51002080
:10180000D8510020D4510020D0510020CC510020CC
:10181000C8510020184B1A68D1075CBF01221A601A
:10182000164B1A68D2075CBF01221A60144B1A6863
:10183000D0075CBF01221A60124B1A68D1075CBF47
:1018400001221A60104B1A68D2075CBF01221A608D
:101850000E4B1A68D0075CBF01221A600C4B1A6845
:10186000D1075CBF01221A600A4B1A68D2075CBF1D
:1018700001221A60704700BF04520020005200206D
:10188000FC510020F8510020F4510020F0510020BC
:10189000EC510020E851002008B501F07BFB08B5B1
:1018A00001F078FB08B501F075FB08B501F072FB9B
:1018B0000FB408B501F06EFB08B501F06BFB00003A
:1018C0000D29F8B505462BD891B31A4B5C5C204620
:1018D000FBF706FA064628680F46FBF713FA02469E
:1018E0000B4630463946FBF765FA01F025FAFBF75F
:1018F000FBFC68602046F8BD581002EB800452F8EB
:1019000020608E420FD21B1A221D013B002BF3DCFC
:10191000094B14689A4208D02046FBF7D1F9D9E761
:10192000064AF923F2E70346F0E74FF0FF30E0E71D
:101930000124DFE757AF020864B3020880AF020852
:101940002DE9F34792460A9A03EB02084B68984543
:1019500004460D4643D923B9B8F10B0F38BF4FF0F9
:101960000B082868FBF7CEF906460F464046FBF702
:10197000A7F932463B46FBF747FB8046504689466F
:10198000FBF79EF902460B46CDE9002342464B4643
:10199000FBF78CFCC0B14046494601F0CDF9124B33
:1019A0000022FBF751F8FBF79FFC4FEA4A01814206
:1019B00038BF01462846FFF783FF0123237060608C
:1019C000204602B0BDE8F087DDE900233046394605
:1019D000FBF7F0F901F0B0F9FBF786FC6860002333
:1019E000C4E90033ECE700BF0000F03F244B1A6865
:1019F000D0075CBF01221A60224B1A68D1075CBF76
:101A000001221A60204B1A68D2075CBF01221A60BB
:101A10001E4B1A68D0075CBF01221A601C4B1A6863
:101A2000D1075CBF01221A601A4B1A68D2075CBF4B
:101A300001221A60184B1A68D0075CBF01221A6095
:101A4000164B1A68D1075CBF01221A60144B1A6842
:101A5000D2075CBF01221A60124B1A68D0075CBF24
:101A600001221A60104B1A68D1075CBF01221A606C
:101A70000E4B1A68D2075CBF01221A60704700BF84
:101A800034520020305200202C52002028520020D6
:101A900024520020205200201C5200201852002006
:101AA00014520020105200200C5200200852002036
:101AB00002460846D2E901138B4230B515D9451CC0
:101AC0000FD013F8015C146AC1B28D4202D1013B00
:101AD000936030BDE40608D55C1E946003F8011CD9
:101AE000F7E7013B93600020F3E74FF0FF30F0E7AA
:101AF00043694BB1C2680AB19A4205D2026AC36017
:101B0000120758BFC0E901337047036A1B0710B5BD
:101B1000044605D5FFF7ECFFD4E90230C01A10BD2A
:101B20004FF0FF30FBE7036A1B0710B5044602D4F1
:101B30004FF0FF3010BDFFF7DBFFD4E902329342D4
:101B4000F6D21878F6E7000070B5DDE90434C0E994
:101B50000411094982616FF00045B3F1004F74F13F
:101B60000006426902DA1A44426170BD2A445B18D9
:101B7000426164F10004F0E7010000802DE9F04FBC
:101B80000D4685B014461E464FF0FF324FF0FF332E
:101B9000C0E90023DDE90E710023C0E902332B6A9E
:101BA0000B408046C3F3001B03F0100013F0080342
:101BB0004FEAD10213D182F0010202EA0B0B029329
:101BC000D5F81090B9F1000F02D154EA060319D1EB
:101BD000BBF1000F01D1029BA3B1002219E0A8B113
:101BE0007B1E18BF0123029382F00102CB0602EA9A
:101BF0000B0BE5D4D5F80490B9F1000F08D154EAE5
:101C0000060305D0404605B0BDE8F08F0290EBE733
:101C1000012228460392FFF76BFF012F039A27D179
:101C2000AB686F69A3EB09031919A7EB090746EB2A
:101C3000E37317EB040A46EBE7770C461E468ABBB4
:101C4000029B03BBBBF1000FDCD0002FDADBEB689B
:101C5000A3EB0903DA175345BA41D3DBCDE900A75B
:101C60002846AA692969FFF76FFFC8E900A7C9E7F5
:101C7000022F05D1EB68A3EB09031C1946EBE376B1
:101C8000A2463746DBE7002EDFDBEB68A3EB090358
:101C9000DA17A342B241D8DB6B682344C8E9004697
:101CA000AB6008E0002E06DBEB68A3EB0903DA1754
:101CB000A342B241F0DABBF1000FC6D1029B002B68
:101CC000C3D19FE782B02DE9F3470C460AA981E80A
:101CD0000C00164698464FF0FF324FF0FF33C0E934
:101CE00000230023C0E90233226A0E9B134013F045
:101CF0000807054603F010090DD0D4F804A0BAF186
:101D0000000F35D156EA080317D0284602B0BDE8C7
:101D1000F04702B07047D4F810A0BAF1000F24D1F8
:101D200056EA0803F1D1B9F1000FEED02046FFF7D3
:101D3000DFFEE368002B09DAE7E72046FFF7D8FE6D
:101D4000E368002BE1DB63683344A360B9F1000F63
:101D500006D0CDE900682046A2692169FFF7F4FEAC
:101D60000AAB0FCB85E80F00CFE7B9F1000FCCD05D
:101D70002046FFF7BDFEB8F1000FC6DBE368A3EB1A
:101D80000A03DA17B34272EB0802BEDB002FDAD186
:101D9000DCE72DE9F347856A04469A46036A243056
:101DA00017460E460D4403F0080803F0100900F032
:101DB000B4F9626A964217BFED1932182A46002715
:101DC000B8F1000F03D03744C4E902756660B9F179
:101DD000000F0DD00023CDF800A00193314620461E
:101DE000FFF7B2FEB8F1000F02D1C4E90155E5607A
:101DF00002B0BDE8F08738B5044639B1002A05DBEA
:101E0000456A002383622B70FFF7C3FF204638BD6D
:101E10002DE9F041036A0D46D90688B004466AD51B
:101E20006A1C66D000F12407384600F076F9D4E940
:101E30000413A269561A864220D25B1A666ADA1720
:101E4000CDE90032314632182046FFF77DFE236A85
:101E50001B070AD5D4E901135B1AF218E3685B1A71
:101E60000133C4E901623344E36063691D7063694F
:101E700001336361284608B0BDE8F0819A42F5D885
:101E80006FF04043984236D04100994228BF19462E
:101E9000B1F5007F04AA4FF0000638BF4FF400717F
:101EA00002A8029203968DF8106000F077F923697A
:101EB0005FFA85F83BB1A269D21A00923146039AC3
:101EC00002A800F09FF9414602A800F082F902A999
:101ED000384600F04FFAD4E90430D4E90121C31A9E
:101EE0008A1A2046616AFFF754FF02A800F0D2F870
:101EF000BDE70025BEE74FF0FF35BBE770477047F1
:101F000030B500224FF0FF344FF0FF35C0E90045F7
:101F1000C0E9022230BD82B08DE80C004FF0FF33E3
:101F20004FF0FF32C0E900230023C0E9023302B0C2
:101F3000704700207047002070474FF0FF30704717
:101F4000036810B55B6A04469847431C1EBFA3682C
:101F500013F8010BA36010BD4FF0FF3070474FF036
:101F6000FF30704710B5044B044640F81C3BFFF7A8
:101F700021FA204610BD00BF2CB4020810B504465B
:101F8000FFF7F0FF2046E1F757FE204610BD2DE990
:101F9000F84306460F4690460025454502DB284695
:101FA000BDE8F883D6E90504241A11D0A8EB050989
:101FB000A145B8BF4C4639462246A8BFA14601F00C
:101FC00065FE73694D442344A84527447361E4DDED
:101FD000336839785B6B304698470130DFD0013584
:101FE0000137DAE72DE9F84307460C46904600260C
:101FF000464502DB3046BDE8F883D7E902156D1A85
:1020000011D0A8EB0609A945B8BF4D4620462A467F
:10201000A8BFA94601F03AFEBB684E442B44B04528
:102020002C44BB60E4DD3B6838469B6A9847431C00
:10203000E0D004F8010B0136DAE70AB101F026BE60
:10204000704750F8083B1B1A58425841704700002F
:1020500008B50B68B3F1804F02D30D48FFF725FC9C
:1020600093420BD9B3EB420F4FEA420006D2B0F1D4
:10207000804F2ABF6FF0404308600B600868013052
:1020800001D5FFF709FCBDE80840E1F7D1BD00BF6D
:1020900064B4020810B50446FFF7D3FF20B92068E6
:1020A000BDE81040E1F7C8BD10BD406801F18041B6
:1020B0000139091A914208B502D21846FFF7F5FB1B
:1020C00008BD03688B4206D842681344994294BF06
:1020D00000200120704701207047012A10B403D16D
:1020E0000A7810BC0270704710BCFFF7A6BF012A27
:1020F00030B403D10B78037030BC7047002AFBD09A
:1021000030BC01F0FEBC08B5521AFFF7E6FF08BD6F
:1021100008B5521AFFF7E1FF08BD10B50446FFF7F6
:1021200090FF08B9A06810BD0F20FCE72DE9F34728
:102130000A9E1F46436801EB0208B21A1A4404467D
:102140000D46A3EB08090192FFF7E7FF01A902463C
:102150002046FFF77DFF82461DB121682A46FFF722
:10216000BCFF37B12EB1324639460AEB0500FFF706
:10217000B4FFB9F1000F07D0216835444A46414405
:102180000AEB0500FFF7A9FF2046FFF783FF019B3D
:10219000C4F800A0A36002B0BDE8F08737B50446DC
:1021A0000191FFF7BAFF019B834202460FD901A9B3
:1021B0002046FFF74DFF6268216801320546FFF7B0
:1021C0008CFF2046FFF766FF019B2560A36003B0EC
:1021D00030BDF7B5466804460F46FFF79EFF751CF5
:1021E000854207D90123009300231A463146204631
:1021F000FFF79CFF23689F552368656000225A55AE
:1022000003B0F0BD2DE9F04F85B080460E9D144619
:1022100089462A4621461F46384BFFF746FFD8F825
:1022200004300393A5EB040B404603EB0B0AFFF7C6
:1022300074FF504559D3D8F80060039B4E4439468B
:10224000A1444046A3EB0909FFF73BFF80B1B9F178
:10225000000F06D0AC4204D04A4631197019FFF77E
:1022600046FF95B12A4639463046FFF736FF0CE067
:10227000B5B9B9F1000F08D0AC4206D04A463119C1
:102280007019FFF734FFAC420FD3D8F80030C8F80C
:1022900004A00022404603F80A2005B0BDE8F08FF4
:1022A000AC420CD2B9F1000FE8D134447B199C4206
:1022B0000BD32A4639463046FFF719FFE5E72A4691
:1022C00039463046FFF713FFD3E7BC4203D82A460E
:1022D00007EB0B01C8E7E41B224639463046FFF7FF
:1022E00006FF2A1B71193019BFE700953B462246AD
:1022F00049464046FFF71AFFC7E700BF7CB4020813
:102300002DE9F341D0F80480044602EB08070E469D
:102310001546FFF702FFB8420ED32DB120682A46BA
:1023200031464044FFF7D9FE23686760002220460B
:10233000DA5502B0BDE8F0810095334600224146EF
:102340002046FFF7F3FEEFE770B5064B04460D4657
:1023500016460021FFF7A9FE324629462046FFF720
:10236000CFFF70BD95B4020808B5D1E90012FFF7A0
:10237000EBFF08BD2DE9F043884285B005460C46C9
:1023800040D0FFF75EFE06462046FFF75AFE002EBD
:102390004AD06F68002838D06668D7B1013705F198
:1023A000080904F108081EB3013632464146684662
:1023B000FFF743FE3A4649464046FFF73EFE3246A7
:1023C00069464846FFF739FE6B6862686A60636079
:1023D00018E0002EF8D0721C04F1080105F1080085
:1023E000FFF72BFE63686B60236867601F7009E06E
:1023F0003A4649464046FFF720FE6B6863602B680B
:102400006E601E7005B0BDE8F08326467A1C56F853
:10241000088F05F108013046FFF70FFE23682B6097
:102420002660C5F80880CFE7AF6868B1626805F13B
:102430000806013204F108013046FFF7FEFD2B6863
:1024400023602E60A760BFE722682B682A602360A4
:10245000A368AB60F6E70000244B1A68D0075CBFA6
:1024600001221A60224B1A68D1075CBF01221A6050
:10247000204B1A68D2075CBF01221A601E4B1A68F3
:10248000D0075CBF01221A601C4B1A68D1075CBFE1
:1024900001221A601A4B1A68D2075CBF01221A6027
:1024A000184B1A68D0075CBF01221A60164B1A68D5
:1024B000D1075CBF01221A60144B1A68D2075CBFB7
:1024C00001221A60124B1A68D0075CBF01221A6001
:1024D000104B1A68D1075CBF01221A600E4B1A68B4
:1024E000D2075CBF01221A60704700BF645200200F
:1024F000605200205C5200205852002054520020AC
:10250000505200204C5200204852002044520020DB
:10251000405200203C520020385200207FB5002459
:102520001023CDE90234036815469E6912686B4694
:10253000CDE90044B0479DF8043003F00603062BB4
:1025400003BF009B2B600120204604B070BD0098A3
:1025500090420CBF062001207047000010B5034BCD
:102560000360044600F0DDF8204610BDE0B4020828
:1025700010B50446FFF7F2FF20460821E1F760FBA3
:10258000204610BD2DE9F0411F46DDE90834DDF895
:10259000188098450646154607D1079900F0C4F8FB
:1025A00018B165710020BDE8F0813946304600F071
:1025B000BBF80028F6D00123C4F800802571A37170
:1025C000F0E738B515461C4600F0AEF820B10823F8
:1025D000E36006232560237138BD2DE9F0410546EF
:1025E0000C4616461F4600F09FF848B9032F07D83F
:1025F00023683246294620465B69BDE8F04118470A
:10260000BDE8F08170470000024A0349034800F02A
:10261000C7B900BF14030020052602086852002035
:1026200010B5034B03600446FFF798FF204610BD2A
:1026300040B5020810B50446FFF7F2FF20460C2112
:10264000E1F7FEFA204610BD2DE9F041DDF81880D3
:10265000904506460F4615461C460BD0B0680368E9
:10266000CDF818801E6A2A4623463946B446BDE88E
:10267000F0416047194600F057F80028EED00620D8
:10268000BDE8F0812DE9F14F0D461946DDE90A4B11
:10269000DDE90CA681461746984600F045F890B152
:1026A000002D3460377109DB2C44A24514BF01248E
:1026B0000624B471002001B0BDE8F08F0235F9D1D5
:1026C0000123B371F6E7544506D15946484600F058
:1026D0002BF808B17771EDE7D9F808000368CDE968
:1026E0000CA6CDE90A4BDC693A4643462946A44686
:1026F00001B0BDE8F04F60472DE9F04107460C46B8
:1027000015461E46FFF75DFF48B9B86803689F6924
:102710002A4633462146BC46BDE8F0416047BDE845
:10272000F081704700207047814208B50ED04068A4
:1027300003782A2B0CD049680B782A2B08BF01316B
:10274000FAF782FEB0FA80F0400908BD0120FCE7EC
:102750000020FAE7004870477CB502087047000087
:1027600010B5034B0360044600F000F9204610BD8D
:10277000E0B5020810B50446FFF7F2FF2046E1F786
:102780005BFA204610BD000013B51346012B00F183
:102790000802026008BF0E234FF0000218BF0D238D
:1027A0004260027211460BBF00930093034B044B2F
:1027B0000446FFF727FD204602B010BD85B502088C
:1027C00094B50208024A0349034800F0E9B800BF83
:1027D000140300205D2702081803002000487047FA
:1027E00000B602081368994204D153681B1A584274
:1027F00058417047002070470048704708B60208EB
:10280000742A10B51ADC572A0CDC4D2A07DC3B2A47
:102810000CDC242A0EDC0F2A18DC0E2A16D9C0E99B
:10282000002116E00B4BA2F158040CE00A4BA2F178
:102830003C0408E0A2F12D03012BEFE7A2F176049E
:10284000182CECD8054BE340DB07E8D5044B0260BD
:10285000436010BD9D00BF1F8F080200BF07F1013C
:1028600020030020C0E90021704713B50368144617
:102870005B690A460146684698476368019A9A422E
:1028800006D100982368C31A5842584102B010BDBF
:102890000020FBE74B68834204D10868831A584242
:1028A0005841704700207047704770477047704725
:1028B00010B50446E1F7C0F9204610BD10B5044636
:1028C000E1F7BAF9204610BD10B50B6886B01B6958
:1028D000044668469847DDE90012204600F08CF86F
:1028E0006846FFF7D7FB204606B010BD73B5044617
:1028F0001046EEF7E9FB04F108032360054610B922
:102900000F48FEF7CFFFFAF7FBFD0F2805EB000697
:10291000019007D9002201A92046FFF799FB019BEE
:102920002060A360206832462946FFF7F1FB019B37
:102930002268636000212046D15402B070BD00BF00
:102940000FB6020813B514460A4601466846FFF75B
:1029500057FF6368019A9A4206D100982368C31A08
:102960005842584102B010BD0020FBE770470000FC
:1029700010B5064C06490748224600F011F82246D9
:1029800005490648BDE8104000F00AB814030020CD
:10299000AD28020820030020AF2802081C030020F5
:1029A0000B460146184600F083BB000088422DE923
:1029B000F04104460D4618D0A0B1A1EB00084046F6
:1029C0000021FEF7B9FE00F10C0706462146384605
:1029D0002A46FEF79FFE41463046FEF7A1FE3846E6
:1029E000BDE8F0810248FEF75DFF024FF7E700BF48
:1029F00024B70208C451002013B504460846114606
:102A0000014401AAFFF7D2FF2060204602B010BDAA
:102A10002DE9F047089D0C46002B4ED194468C457D
:102A20008646B2FA82F262D94AB1C2F120039140DD
:102A300020FA03F30CFA02FC194300FA02FE4FEAF3
:102A40001C471FFA8CF6B1FBF7F44FEA1E4307FB55
:102A5000141143EA014304FB06F199420AD91CEB25
:102A6000030304F1FF3080F01281994240F20F819C
:102A7000023C6344591A1FFA8EF3B1FBF7F007FBCF
:102A8000101143EA014300FB06F69E420AD91CEBF3
:102A9000030300F1FF3180F0FC809E4240F2F98098
:102AA000634402389B1B40EA044000211DB1D3401F
:102AB0000022C5E90032BDE8F0878B4205D90DB18F
:102AC000C5E9000100210846F5E7B3FA83F10029C2
:102AD00046D1A34202D39042C0F0F080861A64EB44
:102AE00003030120002DE6D0C5E90063E3E7002AD7
:102AF00040F09080A1EB0C044FEA1C481FFA8CF7C1
:102B00000121B4FBF8F64FEA1E4308FB164443EAE2
:102B1000044307FB06F0984208D91CEB030306F1B7
:102B2000FF3402D2984200F2CD8026461C1A1FFACA
:102B30008EF3B4FBF8F008FB104443EA044300FBB7
:102B400007F79F4208D91CEB030300F1FF3402D2C0
:102B50009F4200F2B0802046DB1B40EA0640A5E71A
:102B6000C1F120068B4022FA06F71F4320FA06FC2B
:102B700004FA01F343EA0C03F44000FA01F8380CBC
:102B80004FEA1349B4FBF0FE1FFA87FC00FB1E441A
:102B900049EA04440EFB0CF9A14502FA01F20AD9F4
:102BA0003C190EF1FF3A80F08480A14540F281800B
:102BB000AEF1020E3C44A4EB09041FFA83F9B4FB06
:102BC000F0F300FB134449EA044403FB0CFCA44566
:102BD00007D93C1903F1FF3067D2A44565D9023B00
:102BE0003C4443EA0E40A0FB0293A4EB0C049C423D
:102BF000CE469C4651D34ED055B1B8EB0E0364EB94
:102C00000C0404FA06F6CB401E43CC40C5E9006430
:102C1000002150E7C2F1200320FA03F10CFA02FC74
:102C200024FA03F394400C434FEA1C4800FA02FED6
:102C30001FFA8CF7B3FBF8F008FB1031230C43EAC2
:102C4000014300FB07F1994208D91CEB030300F193
:102C5000FF362CD299422AD9023863445B1AA4B2B7
:102C6000B3FBF8F108FB113344EA034401FB07F31B
:102C7000A34208D91CEB040401F1FF3613D2A3428E
:102C800011D902396444E41A41EA004139E70446A3
:102C9000F0E6084606E7C845AED2B9EB020E63EB94
:102CA000070C0138A8E73146EDE7034699E73046BF
:102CB000D4E7D6467FE7634402384DE7064623460D
:102CC00008460FE7023E634430E700BFC0F3C75237
:102CD0000028A2F17F0CB4BF4FF0FF310121BCF1FD
:102CE0001E0F08B510DCBCF1000F1CDBC0F316038F
:102CF000BCF1160F43F400030BDD963A03FA02F21F
:102D000002FB01F1084608BDFAF7EEFE014608464F
:102D100008BD4FF4800242FA0CF21A44CCF1170CB1
:102D200022FA0CF2ECE7BCF1FF3F18BF0021084685
:102D300008BD00BF00000000C1F30A5C2DE9F041AE
:102D4000ACF2FF35132D02460B460C46064632DC2C
:102D5000002D20DBDFF8E08048FA05F801EA080CD6
:102D60005CEA000C0F462BD031A3D3E90023F9F71E
:102D70006BFE00220023FAF7ADFA40B1002C03DA13
:102D80004FF480132B411F4427EA080400262146F4
:102D90003046BDE8F08126A3D3E90023F9F754FEBD
:102DA00000220023FAF796FA0028F0D0002C27DB47
:102DB00000263446EBE7332D06DDB5F5806F1CD0D9
:102DC00010461946BDE8F081ACF2134C4FF0FF37C6
:102DD00027FA0CF70742F3D015A3D3E90023F9F73C
:102DE00033FE00220023FAF775FA0028CFD0002C1A
:102DF00033460CDB23EA0706C9E7F9F725FEE1E7CE
:102E000024F0004426430DD14FF00044BFE7142DB9
:102E100006D0C5F134050122AA401344B342E9D2D9
:102E20000134E7E7054C0026B1E700BFAFF30080AF
:102E30009C7500883CE4377EFFFF0F000000F0BF68
:102E40002DE9F041C0F3C7557F3D162D044620F013
:102E5000004724DC002D804614DB184F2F413842F8
:102E60001AD01749FAF7E8FB0021FAF7C9FA98B126
:102E7000002C03DD4FF400032B41984428EA07009F
:102E8000BDE8F0810E49FAF7D7FB0021FAF7B8FA4E
:102E900010B1002C0EDB57B92046BDE8F081B7F128
:102EA000FF4FF9D30146FAF7C7FBBDE8F0814FF0B9
:102EB0007E50F2E74FF00040EFE700BFFFFF7F00DA
:102EC000CAF249712DE9F041C0F3C7557F3D162D77
:102ED000044620F0004725DC002D804614DB184F07
:102EE0002F4138421BD01749FAF7A6FB0021FAF709
:102EF00087FAA0B1002C03DA4FF400032B41984469
:102F000028EA0700BDE8F0810E49FAF795FB002199
:102F1000FAF776FA18B1002C0CDB002000E020460E
:102F2000BDE8F081B7F1FF4FF9D30146FAF784FB12
:102F3000BDE8F08117B94FF00040F1E70248EFE734
:102F4000FFFF7F00CAF24971000080BF08B5C0F3DF
:102F5000C7537F3B162B014615DC002B02460BDBCB
:102F60000B481841084205D04FF480011941114423
:102F700021EA0001084608BD013300F00041F9D103
:102F800041F07E51F6E7802BF4D1FAF755FB08BDEE
:102F9000FFFF7F0008B5062000F010FE0120E1F7DA
:102FA00043FE000010B5034B0446196801F0D8FD3C
:102FB000204610BD90040020164B10B51C68236BF2
:102FC000B3B9182001F000FE0246206320B9124B6D
:102FD00012485221EEF777F81149124BC0E900135D
:102FE000114B83600B23838100210120C2E904017E
:102FF000216B0E480B694C690D4A584302FB0400D3
:10300000A3FB0232013340EB0200C1E9043020F09F
:10301000004010BD900400204EB7020865B70208BA
:103020000E33CDAB34126DE6ECDE05002DF45158B5
:103030002D7F954C164B10B51C68236BB3B9182027
:1030400001F0C2FD0246206320B9124B12484C2108
:10305000EEF739F81149124BC0E90013114B8360A8
:103060000B23838100210120C2E90401216B0E485A
:103070000B694C690D4A584302FB0400A3FB023262
:10308000013340EB0200C1E9043020F0004010BDE4
:10309000900400204EB70208DAB702080E33CDAB19
:1030A00034126DE6ECDE05002DF451582D7F954C61
:1030B00010B504460448134620B10A4602202146B2
:1030C00000F0F2FD10BD00BFA93C02082DE9F04F51
:1030D00089B0DDE91598002B1D461446BCBF03F1ED
:1030E0000043144628F0200A149AB6BF1D46002358
:1030F0002D23BAF1460FDDE9126B137005D0BAF13A
:10310000450F00D10136022300E0032307AA0492F1
:1031100006AACDE90292CDE9003622462B4600F000
:10312000A7FEB8F1670F074619D11BF0010F0ED0AB
:1031300007EB06080022002320462946FAF7A2F8EA
:1031400008B1CDF81C803022079B434521D3079B53
:10315000179ADB1B3846136009B0BDE8F08FB8F151
:10316000470FE2D0BAF1460F00EB0608E2D1037830
:10317000302B0AD10022002320462946FAF782F894
:1031800018B9C6F10106C9F80060D9F800309844B2
:10319000D0E7591C07911A70D6E7F7B50029BABFD6
:1031A00049422D232B2309290270437029DD0DF19B
:1031B00007031D460A271A46B1FBF7F607FB16144C
:1031C000303402F8014C0C46632C03F1FF333146D6
:1031D000F1DC3031941E03F8011C411C2346AB4244
:1031E0000AD30DF109039B1AAC4288BF00230233B6
:1031F0000344181A03B0F0BD13F8016B01F8016F16
:10320000EDE7302330318370C170031DF1E700001A
:103210002DE9F04F91B00C46DDF8688016461F4648
:10322000054600F0D3FC036808931846FAF768F9DE
:1032300000230E93D8F800300990073323F00703DA
:1032400003F1080294F818A0D4F800B0C8F80020E0
:10325000D3E9008929F000430B93CDF82880C4E915
:103260001289DDE90A019C4B4FF0FF32FAF750F961
:1032700070BBDDE90A01984B4FF0FF32FAF716F800
:1032800030BB0022002340464946FAF705F810B14A
:103290002D2384F84330914A914BBAF1470F94BFE4
:1032A00090469846032323612BF0040323604FF0DC
:1032B0000009009733460FAA2146284600F0DEF9A0
:1032C000013040F099804FF0FF3011B0BDE8F08F31
:1032D00042464B4640464946FAF71AF940B14B463A
:1032E000002BBCBF2D2384F843307E4A7E4BD4E7AD
:1032F00063685A1C29D1062363604BF48063002263
:10330000236006920EAACDE904A20DAA03920DF144
:103310003302CDE901326368009342464B462846AA
:10332000FFF7D4FEBAF1670F0D99804615D1CB1C7B
:103330003BDB6368994238DC0E9B994255DB23687E
:103340002161D80745D54B1C42E00AF0DF02472A2D
:10335000D3D1002BD1D10123CEE7BAF1470F07D14A
:10336000C81C25DB63688B4222DB4FF0670AE3E76A
:10337000BAF1650F1FD80139524604F150000D9182
:10338000FFF70BFF0E9A1318012A8146236102DC16
:103390002268D20701D5013323619DF83330002B19
:1033A00087D02D2384F8433083E74FF0650AE2E7A6
:1033B0004FF0450ADFE7BAF1660FBDD10029636817
:1033C0000BDD216113B92268D00702D501330B440C
:1033D0002361A1654FF00009DFE713B92268D20726
:1033E00001D50233F4E70123F2E70029D4BFC1F18C
:1033F000020201221344EBE723685A0507D423692C
:10340000424631462846B84701302BD15BE7BAF136
:10341000650F40F2DC80D4E9120100220023F9F7A5
:1034200031FF002833D0314A012331462846B847BE
:1034300001303FF448AFDDE90D38434502DB236836
:10344000D8070FD5DDE9082331462846B8470130B3
:103450003FF439AF4FF0000908F1FF3804F11A0AC0
:10346000C84509DC23689B0700F10281E0680F9BD7
:103470009842B8BF184628E70123524631462846ED
:10348000B84701303FF41FAF09F10109E8E70D9B90
:10349000002B38DC154A012331462846B847013055
:1034A0003FF411AFDDE90D3959EA030302D1236876
:1034B000D907D7D5DDE9082331462846B84701307A
:1034C0003FF401AF4FF0000A04F11A0B0D9B5B4271
:1034D00053450DDC4B4693E7FFFFEF7F52B90208DF
:1034E00056B902085AB902085EB9020862B9020860
:1034F00001235A4631462846B84701303FF4E3AE2F
:103500000AF1010AE2E7A36DDDF838A05345A8BF30
:103510005346002B994636DC4FF0000B29EAE97937
:1035200004F11A02A36D0A93A3EB09035B4531DC96
:103530000D9B9A453ADC2368DA0737D40D9BAAEB3A
:1035400003090A9BAAEB03039945A8BF9946B9F161
:10355000000F33DC4FF0000829EAE97904F11A0B77
:103560000D9BAAEB0303A3EB090343457FF77AAF57
:1035700001235A4631462846B84701303FF4A3AEEE
:1035800008F10108ECE7424631462846B8470130C9
:10359000C2D198E60123314628460A92B847013045
:1035A0003FF491AE0A9A0BF1010BBBE7DDE908236A
:1035B00031462846B8470130C0D184E60A9A4B46C6
:1035C000424431462846B8470130C3D17BE6DDF896
:1035D00038A0BAF1010F01DCDB0736D501234246E2
:1035E00031462846B84701303FF46DAEDDE9082387
:1035F00031462846B84701303FF465AED4E91201A0
:10360000002200230AF1FF3AF9F73CFEC0B9534605
:1036100008F1010231462846B84701300CD152E684
:1036200001235A4631462846B84701303FF44BAE95
:1036300008F10108D045F3DB4B4604F15002E0E607
:103640004FF0000804F11A0BF4E701234246E1E7CA
:1036500001234A4631462846B84701303FF433AE8D
:1036600008F10108E3680F995B1A4345F0DCFDE6B9
:103670004FF0000804F11909F4E700BF2DE9F04705
:10368000164698468A680B69DDF820909342B8BFC9
:103690001346336091F8432007460C460AB10133C4
:1036A00033602368990642BF33680233336025686C
:1036B00015F0060506D104F1190AE36832689B1A71
:1036C000AB4226DC94F843302268003B18BF01234C
:1036D00092062BD404F1430241463846C8470130D4
:1036E0001ED02368226903F00603042B02BFE5689D
:1036F0003368ED1AA3680CBF25EAE57500259342EF
:10370000C4BF9B1AED1800261A34B5421AD1002006
:1037100008E00123524641463846C847013003D1EC
:103720004FF0FF30BDE8F0870135C6E7E1185A1CBD
:10373000302081F84300224494F8451082F8431069
:103740000233C7E70123224641463846C8470130C5
:10375000E6D00136D9E700002DE9FF470F7E0C9E29
:10376000782F914680460C469A4601F1430207D8CD
:10377000622F0AD8002F00F0DD80582F00F0C380A0
:1037800004F1420684F842703AE0A7F16303152B76
:10379000F6D801A151F823F0F137020805380208E4
:1037A0008137020881370208813702088137020811
:1037B000053802088137020881370208813702087C
:1037C000813702081B39020893380208D3380208EF
:1037D00081370208813702083D3902088137020823
:1037E000933802088137020881370208DB38020863
:1037F00033681A1D1B68326004F1420684F84230B7
:103800000123A8E031682368081D30601E0601D539
:103810000D6803E05D06FBD5B1F900506168002D2D
:1038200078DA2D20002984F84300A1602DDA5E4863
:103830006D420A231646B5FBF3F103FB1157C75D32
:1038400006F8017D2F46BB420D46F4D9082B0BD15B
:103850002368DF0708D5236961689942DEBF3023FA
:1038600006F8013C06F1FF36921B2261CDF800A05C
:103870004B4603AA21464046FFF700FF01306FD1B7
:103880004FF0FF3004B0BDE8F08723F0040323605D
:10389000CDE721683368080653F8045B02D4490673
:1038A00048BFADB26F2F4048336014BF0A230823CE
:1038B000002184F843106668A660002EBADB2168F8
:1038C00021F004012160002DB4D1002EB2D11646A2
:1038D000BCE7236843F0200323603448782784F84A
:1038E0004570236831681F0651F8045B02D45F06F7
:1038F00048BFADB23160D90744BF43F02003236015
:103900001DB11023D4E72848E9E7236823F02003FA
:103910002360F6E724480A23CDE733682568616908
:10392000181D30602E061B6801D5196002E068067C
:10393000FBD5198000232361164697E733681A1DCB
:1039400032601E68626800213046F9F789FD08B1CF
:10395000801B606063682361002384F8433085E73F
:103960002369324649464046D047013088D0236813
:103970009B0714D4E068039B9842B8BF184681E7C0
:103980000123324649464046D04701303FF478AFE4
:103990000135E36803995B1AAB42F1DCEAE70025E5
:1039A00004F11906F5E700BF64B9020875B9020809
:1039B000F0B5ADF5057D0E4604AF4FF400710391EF
:1039C00000933946134603AA054600F05BF8044607
:1039D00080B10246039B3146284600F00FF9BC42F5
:1039E000039003D02146284601F070F803980DF5A6
:1039F000057DF0BD4FF0FF30F9E7000013460A46A1
:103A0000014602480068FFF7D3BF00BF90040020C2
:103A100030B51446002C9BB005461A4605DA8B23B8
:103A200003604FF0FF301BB030BD4FF40273ADF8B0
:103A30000C3014BF04F1FF332346029305934FF675
:103A4000FF7300910491ADF80E3069461E9B01F0A2
:103A500077FD431CBCBF8B232B60002CE3D0009B65
:103A600000221A70DFE7000007B5009313460A46EC
:103A7000014603480068FFF7CBFF03B05DF804FB85
:103A80009004002030B515469BB02C681A46D9B179
:103A9000002C19D04FF4C16300910491ADF80C30A3
:103AA000214619DB4FF6FF7302910591ADF80E30F8
:103AB00069461E9B01F044FD00280FDB009B286037
:103AC00000221A7004980AE000214FF42273ADF826
:103AD0000C3000910491E5E78B23036000201BB0BC
:103AE00030BD10B501390244904201D1002005E0FB
:103AF000037811F8014FA34201D0181B10BD01300B
:103B0000F2E7884210B501EB020402D98442234651
:103B100007D8431EA14208D011F8012B03F8012F4A
:103B2000F8E7024401468A4200D110BD13F8014D66
:103B300002F8014DF7E702440346934200D1704773
:103B400003F8011BF9E710B56AB10139841810F8C0
:103B5000012B11F8013F9A4203D1A04201D0002A63
:103B6000F5D1D01A10BD1046FCE71F2938B505461F
:103B70000C4604D9162303604FF0FF3038BDC26BEA
:103B800012B152F821304BB9284600F035F82246E0
:103B900001462846BDE8384000F01CB8012B0AD089
:103BA000591C03D1162303600120E7E7002142F8E6
:103BB0002410204698470020E0E70000024B014611
:103BC0001868FFF7D2BF00BF90040020004870477C
:103BD0001404002038B5074D00230446084611465A
:103BE0002B60E1F722F8431C02D12B6803B123605C
:103BF00038BD00BFAC530020E1F720B838B5074D01
:103C000004460846114600222A601A46F6F7FAFBD7
:103C1000431C02D12B6803B1236038BDAC53002094
:103C200070B50D4D0D4C641BA4100026A64209D1A1
:103C30000B4D0C4C01F0F0FE641BA4100026A642B4
:103C400005D170BD55F8043B98470136EEE755F8AD
:103C5000043B98470136F2E7B8BB0208B8BB02083C
:103C6000B8BB0208E0BB020870477047024B0A4627
:103C70000146186801F094BD90040020034611F835
:103C8000012B03F8012B002AF9D170470A44914215
:103C900000F1FF3300D1704710B511F8014B03F864
:103CA000014F9142F9D110BD2DE9F843274D074648
:103CB000286891460E469846FFF7D6FF244A1468B6
:103CC0003CB9244B1360244A12B11268C3F888200F
:103CD000204C63681F2B06DD2868FFF7C6FF4FF0F6
:103CE000FF30BDE8F8832FB3D4F8880068B91B4BC8
:103CF000002BF1D04FF4847000F066FF0028EBD069
:103D00000023C0E94033C4F88800636840F823907A
:103D100001229A4000EB8301D0F800311343C0F830
:103D20000031022FC1F8808002BFD0F80431134364
:103D3000C0F80431636828685A1C0233626044F892
:103D40002360FFF792FF0020CBE700BFE0040020D4
:103D500040540020B453002098BB0208C94B02080D
:103D60002DE9F74F03690C69A34207467EDB013C4E
:103D700001F11408A30000F11405009305EB84037E
:103D8000019358F8243055F8242001339A4208EB67
:103D90008409B2FBF3F62ED34FF0000AC446AE46B8
:103DA000D3465CF8043B98B206FB00A0020C1B0C47
:103DB00006FB0323DEF8002080B292B2121A5A44A6
:103DC000DEF800004FEA134A9BB2C3EB224303EB39
:103DD000104392B242EA0342E1454EF8042B4FEA07
:103DE000234BDED2009BEB582BB9019B043B9D4239
:103DF0001A462FD33C61384601F034FA002825DBFF
:103E00002946002058F8042BD1F800C01FFA82FE82
:103E10001FFA8CF3A3EB0E030344120CC2EB2342F4
:103E200002EB1C429BB243EA0243C14541F8043B0A
:103E30004FEA2240E6D255F8242005EB840322B94C
:103E4000043B9D421A460BD33C610136304603B019
:103E5000BDE8F08F1268043B002ACBD1013CC6E7D5
:103E60001268043B002AEFD1013CEAE70020EEE7AC
:103E70002DE9F04FC76997B014461D46CDE90445BA
:103E8000239E83467FB9102000F09EFE0246CBF8A9
:103E90001C0020B9A24BEF21A248EDF714F9C0E9AC
:103EA00001770760C760DBF81C30196859B15A68A0
:103EB0004A60012393408B60584600F095FFDBF881
:103EC0001C3000221A602B1EB9BF23F0004305935B
:103ED00000233360059F944BBCBF01223260BB437B
:103EE00019D1229A42F20F731360C7F313032343CD
:103EF00000F0E285249B53B98C4B21E08C4B089356
:103F00000833249A1360089817B0BDE8F08F874BE8
:103F100008930333F5E7DDE90423CDE90C23DDE95C
:103F20000C0100220023F9F7ADF9804650B1229A26
:103F300001231360249B13B1249A7E4B13607E4BA4
:103F40000893E0E714AB019315AB00935846DDE905
:103F50000C2301F035FAC7F30A560390002E7AD0ED
:103F60000D9BCDF84C80C3F31303DDE90C0143F046
:103F70007F5343F44013A6F2FF36194600226F4BDD
:103F8000F8F760FD60A3D3E90023F8F713FF60A3FF
:103F9000D3E90023F8F758FD044630460D46F8F7FC
:103FA0009FFE5DA3D3E90023F8F704FF02460B460A
:103FB00020462946F8F748FD04460D46F9F7BEFAB3
:103FC00000220746002320462946F9F765F940B14B
:103FD0003846F8F785FE22462B46F9F753F900B923
:103FE000013F162F54D8564B03EBC703D3E90023E8
:103FF000DDE90C01F9F750F900284BD0013F00230F
:104000001293149B9B1B5A1E45BFC3F101030693D9
:10401000002300230A9254BF06930A93002F3BDB30
:104020000A9B0F973B440A9300230B93209B092B79
:1040300000F28A80052BC4BF043B2093209BA3F190
:104040000203CCBF00240124032B00F28880DFE8A8
:1040500003F02B383657DDE914631E4406F2324371
:10406000202BC1BFC3F140039F4006F2124324FA44
:1040700003F3D6BFC3F1200347EA030004FA03F0B9
:10408000F8F71EFE0122A1F1F873013E139274E7C6
:104090000123B5E71290B4E7069BDB1B06937B4236
:1040A0000B9300230F93C1E700230E93219B002B5A
:1040B00058DC0123099399461A4621920CE001230A
:1040C000F3E700230E93219BFB1803F101090993E9
:1040D0004B46012BB8BF0123DBF81C000021042252
:1040E00002F114059D4241D94160584600F03CFE62
:1040F000089000283DD1134B024640F2AF11CBE6A9
:104100000123DFE7AFF3008061436F63A787D23FEE
:10411000B3C8608B288AC63FFB799F501344D33FB6
:104120004EB702089BB902080000F07F97B9020859
:104130008EB9020863B9020862B902080000F83FAC
:10414000D0BA020810BA02080124002320930E946A
:104150004FF0FF330993994600221223ADE7012364
:104160000E93F5E7219B09939946B5E7013152007B
:10417000B6E7DBF81C30089A1A60B9F10E0F6FD859
:10418000002C6DD0002F36DDA14B07F00F0203EBA2
:10419000C203D3E90034F805CDE910344FEA2714FF
:1041A00017D59C4BDDE90C01D3E90823F8F72CFF68
:1041B000CDE9040104F00F044FF00308954D5CB9FC
:1041C000DDE91023DDE90401F8F71EFFCDE9040164
:1041D0002BE04FF00208F1E7E10709D5DDE9100116
:1041E000D5E90023F8F7E6FDCDE9100108F1010853
:1041F00064100835E3E700F007817C42844B854D6D
:1042000004F00F0203EBC203D3E90023DDE90C0144
:10421000F8F7D0FDCDE90401241100234FF0020886
:10422000002C40F0E580002BD0D1129BDDE9044545
:10423000002B00F04C81784B002220462946F9F7EC
:104240002BF8002800F04381B9F1000F00F03F8106
:10425000099B002B00F3E480DDE90C34CDE9043444
:10426000159B002B02DB0E2F40F342820E9A002A90
:1042700040F067820B9CDDF818800025B8F1000F34
:104280000DD00A9B002B0ADD4345069AA8BF434682
:10429000D21A06920A9AA8EB0308D31A0A930B9B28
:1042A0000BB30E9B002B00F0A682002C00F0A18225
:1042B00029462246584600F00FFF039A014605465C
:1042C000584600F05FFE03990646584600F08CFD04
:1042D0000B9B1B1B0B9300F091820B9A31465846A7
:1042E00000F0FAFE03900121584600F035FE0F9BC6
:1042F0000446002B00F084821A460146584600F01E
:10430000EBFE209B012B044603DC049B002B00F0FA
:104310007C820026236904EB8303186900F0CCFD3E
:104320000F96C0F120000A9B184410F01F0000F007
:104330009182C0F12003042B40F38182069BC0F1DF
:104340001C00034406930A9B034480440A93069B83
:10435000002B05DD03991A46584600F017FF03901D
:104360000A9B002B05DD21461A46584600F00EFF39
:104370000446129B002B00F076820398214600F041
:1043800071FF002880F26F82002303990A225846A9
:1043900000F04CFD0E9B03907E1E002B00F05C8213
:1043A000002329460A22584600F040FD099B002BB5
:1043B000054603DC209B022B00F35E82B8F1000F60
:1043C00005DD29464246584600F0E0FE05460F9BB3
:1043D000002B00F0D0826968584600F0C5FC074603
:1043E000002840F07F820D4B024640F2EF2153E55A
:1043F000E20706D5D5E90023F8F7DCFC08F101084F
:104400000123641008350BE74FF002080DE700BFE9
:10441000D0BA0208A8BA02080000F03F10BA020899
:104420002046AD4B00222946F8F7C4FCCDE9040133
:10443000099C7E1E08F101084046F8F751FCDDE9B1
:104440000423F8F7B7FCA54B0022F8F7FDFAA1F119
:104450005073CDE910011193002C3BD1DDE904012B
:104460009F4B0022F8F7EEFA02460B46CDE90423F3
:10447000DDE91023F8F72EFF002840F05781DDE931
:10448000102101F10043DDE90401F8F705FF0028E0
:104490003FF4E2AE00242546219BDDF820A0DE4358
:1044A0004FF000082146584600F09EFC002D00F019
:1044B000A980B8F1000F05D0A84503D04146584661
:1044C00000F092FC2946584600F08EFC9AE03E46E9
:1044D0004C46B1E7834B03EBC40353E90201089B4D
:1044E0001C440E9B002B4AD002460B4600207E49FE
:1044F000F8F78AFDDDE91023F8F7A4FACDE91001F9
:10450000DDF820A0DDE90401F9F718F80546F8F711
:10451000E7FB02460B46DDE90401F8F793FA303574
:10452000CDE9040102460B460AF8015BDDE9100102
:10453000F8F7D0FE002865D1DDE904236B4900209F
:10454000F8F780FA02460B46DDE91001F8F7C2FEE3
:10455000002840F00D81A24500F0EA80DDE910015D
:104560005D4B0022F8F726FC5B4BCDE910010022E1
:10457000DDE90401F8F71EFCCDE90401C2E7DDE93D
:104580001023F8F717FCCDE91001DDF820A0A046B4
:10459000DDE90401F8F7D2FF0546F8F7A1FB024672
:1045A0000B46DDE90401F8F74DFA30350AF8015BF6
:1045B00002460B46A245CDE904234FF0000223D169
:1045C000494BDDE91001F8F73FFA02460B46DDE9F9
:1045D0000401F8F77FFE002840F0CA80DDE91023CF
:1045E00041490020F8F72EFA02460B46DDE90401A6
:1045F000F8F752FE70B1C24608F1FF381AF8013CD4
:10460000302BF8D0374655E0334BF8F7D3FBCDE9E4
:104610000401BDE7DDE90C34CDE90434159B002B22
:10462000FFF628AE0E2F3FF725AE2E4B03EBC70348
:10463000D3E90034CDE90634219B002B02DAB9F12D
:10464000000F64D0DDE90445DDF820A0DDE9062394
:1046500020462946F8F7D8FCF8F770FF0646F8F729
:104660003FFBDDE90623F8F7A5FB02460B46204693
:10467000294606F13004F8F7E5F90AF8014B089CE1
:10468000AAEB0404A14502460B4640F08280F8F7ED
:10469000DBF9DDE9062304460D46F8F71BFE00288A
:1046A00065D1DDE9062320462946F8F7EBFD08B180
:1046B000F3075CD40399584600F096FB00238AF870
:1046C0000030229B01371F60249B002B3FF41BAC62
:1046D000C3F800A017E400BF0000244000001C4005
:1046E00000001440D0BA02080000E03F0000F03F94
:1046F000A24B03EBC703D3E90034CDE90634219B79
:10470000002B9FDAB9F1000F9CDC7FF4C3AE9C4B09
:104710000022DDE90601F8F74DFBDDE90423F8F797
:10472000CFFD044600287FF4B5AE3E462546B4E0F2
:10473000DDE90C34CDE90434159B002B01DB0E2F91
:10474000D6DD209A012A36DC139A82B303F2334372
:104750000B9CDDF81880069A1A4406920A9A0121E9
:104760001A4458460A9200F0F7FB054686E53E4695
:1047700053469A4613F8012D392A06D1089A9A42CF
:10478000F7D10899302201360A701A7801321A706E
:1047900038E77C4B0022F8F70DFB0022002304468B
:1047A0000D46F8F76FFD00283FF450AF82E7149BE9
:1047B000C3F13603CCE70B9B09F1FF34A34208DBBE
:1047C000B9F1000FA3EB04040EDBDDF818804B46B3
:1047D000C1E70B9B0F9A0B94E31A1A44DDF818807B
:1047E0000F924B460024B6E7069BA3EB0908002373
:1047F000B1E7039E71E50B9A039970E5039672E5A4
:10480000209B012B17DC049BABB9059BC3F313035F
:104810009BB9059B23F00046360D360536B1069B45
:10482000013306930A9B01330A9301260F9B002B49
:104830007FF470AD0F96012075E50026F6E73FF492
:1048400086AD069A1C331A4406920A9A1A44984472
:104850000A927CE50346F4E7099B002B2BDC209BA6
:10486000022B09DC27E0B9F1000F1DDC209B022B95
:104870001ADDCDF824903E46099B002B7FF40CAE48
:1048800021460522584600F0D1FA01460446039815
:1048900000F0E8FC00287FF7FFADDDF820A0312311
:1048A0000AF8013B0136FBE50E9BCDF824903E460D
:1048B000002B7FF483AD089F03982146FFF750FA41
:1048C00000F1300907F8019B089B099AFB1A9A42EC
:1048D00040F3CB80039900230A22584600F0A6FA41
:1048E0000390E9E72A690232920005F10C010C30CD
:1048F000FFF7CCF901223946584600F047FC089BE7
:1049000003F1010ADDE9082313440A93049B03F031
:104910000103A8460B9305460AF1FF33214603988D
:104920000693FFF71DFA4146099000F130090398FC
:1049300000F098FC2A4621460746584600F0AEFC97
:10494000C268014602B3584600F04EFA002F3ADA28
:1049500003990122584600F019FC2146039000F00B
:1049600081FC002803DC29D119F0010F26D0B9F110
:10497000390F1DD132E02846C1E700BFD0BA020886
:1049800000001440000024400E90039800F06AFCE0
:104990000E990C90584600F027FA0C9A5ABB209BAF
:1049A00053B90B9B43B9B9F1390F17D0002F05DD6F
:1049B000099B03F1310901E0002F2ADADDF818A084
:1049C0000AF8019B6EE5209B3B4304D1049B03F056
:1049D0000103002BBCD0B9F1390F36D1069F392322
:1049E00007F8013BBA46013F1AF8013C392B5BD06E
:1049F00001333B7056E5002F06DB209B3B4306D17D
:104A0000049B03F0010313B9002AA1DCD6E7002AB6
:104A1000E1DC0A9B0AF8019C534557462FD00399C5
:104A200000230A22584600F001FAA84503904FF0EF
:104A300000034FF00A02414658460BD100F0F6F948
:104A4000804605460AF1010A66E7DDF818A009F17B
:104A50000109B5E700F0EAF92946804600230A2259
:104A6000584600F0E3F90546ECE7099B002BC8BF68
:104A70001F46089BD8BF01271F444FF00008039929
:104A80000122584600F082FB2146039000F0EAFB29
:104A90000028A7DC02D119F0010FA3D1BA4617F8FC
:104AA000013D302BFAD0FDE4089BBB429AD1089A15
:104AB000312301361370F5E4249B002B7FF41EAAEA
:104AC000014BFFF73DBA00BF8EB9020838B5054665
:104AD000002941D051F8043C0C1F002BB8BFE4184A
:104AE00000F036F91D4A136833B963601460284634
:104AF000BDE8384000F032B9A34208D92068211837
:104B00008B4201BF19685B6809182160EDE71A46FE
:104B10005B680BB1A342FAD911685018A0420BD1BF
:104B200020680144501883421160E0D118685B6826
:104B3000536008441060DAE702D90C232B60D6E7F3
:104B4000206821188B4204BF19685B68636004BF4A
:104B5000091821605460CAE738BD00BF70540020B6
:104B600070B5164C054608460E4600F0F1F823686D
:104B70004BB10021304600F025FE421C18BF2268D0
:104B8000034618BF831A0E4A1168002291B90D4CD2
:104B9000304623609B1A2262E36100F0DFF80FCCFD
:104BA0002E460FC60FCC0FC694E8030086E803001C
:104BB000284670BD086849680244E7E76C54002045
:104BC0007054002044540020024B0146186800F045
:104BD0002DB800BF90040020024B01461868FFF773
:104BE00075BF00BF9004002070B50F4E0C463168B1
:104BF000054611B900F0E6FD30602146284600F078
:104C0000E1FD431C03D14FF0FF34204670BDC41CAE
:104C100024F00304A042F8D0211A284600F0D2FD67
:104C20000130F2D1EFE700BF6C5400202DE9F843CA
:104C3000CD1C25F0030508350C2D38BF0C25002DA3
:104C4000064601DBA94204D90C2333600020BDE8ED
:104C5000F883DFF8D48000F07BF8D8F800301C46E9
:104C600044BB29463046FFF7BFFF431C044658D1DA
:104C7000D8F800402746002F43D1002C4BD02368A2
:104C80003946304604EB030900F09CFD814542D1D2
:104C900021686D1A29463046FFF7A6FF01303AD049
:104CA00023682B442360D8F800305A6862BBC8F8E8
:104CB00000700FE02268521B20D40B2A17D961190B
:104CC000A342256018BF5960636808BFC8F8001088
:104CD00062514B60304600F041F804F10B00231D97
:104CE00020F00700C21A1CBF1B1AA350AFE762686E
:104CF000A3420CBFC8F800205A60EBE72346646863
:104D0000AEE73C467F68B6E71A465B68A342FBD134
:104D100000235360DEE70C233360304600F01EF8BA
:104D200094E70560D6E700BF7054002082B001B957
:104D300001A942B14BB113780B601278101E18BF55
:104D4000012002B070471046FBE76FF00100F8E762
:104D50000148FEF789BF00BFB05300200148FEF7AD
:104D600084BF00BFB053002070B5C66904460D462D
:104D700076B91020FFF728FF0246E06120B9184BF2
:104D800018486B21ECF79FF9C0E901660660C66020
:104D9000E669F36883B1E369DB6853F82500B8B9C5
:104DA000012101FA05F6721D9200204600F01AFD5D
:104DB00060B1C0E901560EE021220421204600F036
:104DC00011FDE369F060DB68002BE4D1002070BDC9
:104DD000026843F825200023C0E90333F7E700BF4A
:104DE0004EB7020821BA020870B5C66905460C46DE
:104DF00076B91020FFF7E8FE0246E86120B9094BBA
:104E000009488F21ECF75FF9C0E901660660C660CA
:104E10003CB1EB696268DB6853F82210216043F80B
:104E2000224070BD4EB7020821BA02082DE9F041B8
:104E30000D6907460C461E4601F1140C0020DCF8F3
:104E4000003099B202FB01611E0C0B0C02FB063311
:104E500089B2013001EB034185424CF8041B4FEA53
:104E60001346ECDC0EB3A368AB4219DC616838462C
:104E70000131FFF779FF804628B902460C4B0D48F7
:104E8000BA21ECF720F92269023204F10C019200F8
:104E90000C30FEF7FBFE21463846FFF7A5FF4446DF
:104EA00004EB850301355E6125612046BDE8F08194
:104EB00010BA020821BA0208B0F5803F034636BF97
:104EC000030400201020B3F1807F3CBF1B02083098
:104ED000B3F1805F3CBF1B010430B3F1804F03D3BB
:104EE000002B0ADB013070479B0001D50230704770
:104EF0005B0001D5033070472020704703680246ED
:104F000013F007000BD0D90721D4980749BF5B08DD
:104F10009B08012013605CBF13600220704799B2A8
:104F200009B91B0C1020D9B209B908301B0A19079E
:104F300004BF1B090430990704BF9B080230D9073E
:104F400003D45B0800F1010003D013607047002018
:104F5000704720207047000010B50C460121FFF774
:104F600003FF024628B9054B054840F24511ECF70E
:104F7000AAF801234461036110BD00BF10BA020802
:104F800021BA02082DE9F04F14460A6923699A42B2
:104F9000A8BF23460F46A4BF0C461F46D4F810A056
:104FA000D7F81090A36861680AEB0906B34285B090
:104FB000B8BF0131FFF7D8FE30B90246444B45482F
:104FC0004FF4B171ECF77FF800F1140505EB86089A
:104FD0002B460022434521D307F1140104F11402AA
:104FE00002EB8A0201EB89030293131B153B23F0AA
:104FF0000303043304F11507BA4238BF04230193B5
:10500000029B03918B420CD8002E03DD58F8043D1F
:10501000002B5AD0066105B0BDE8F08F43F8042B91
:10502000D8E7B1F800A0BAF1000F23D004F1140EB4
:10503000A9464FF0000C5EF8047BD9F800301FFA47
:1050400087FB9BB20AFB0B336344D9F800C03F0CCB
:105050004FEA1C4C0AFB07C707EB13479BB243EA16
:105060000743724549F8043B4FEA174CE3D8019BCC
:1050700045F803C0039BB3F802900431B9F1000F67
:1050800021D02B6804F1140CAE464FF0000ABCF896
:1050900000B0BEF8027009FB0B7757449BB243EA9D
:1050A00007434EF8043B5CF8043B4FEA134ABEF852
:1050B000003009FB0A3303EB174362454FEA134AFA
:1050C000E5D8019FEB5104359AE7013E9CE700BF0C
:1050D00010BA020821BA02082DE9F843154612F069
:1050E000030207460E4607D0254C013A002354F828
:1050F0002220FFF79BFE0646AD103DD0FC697CB92F
:105100001020FFF761FD0246F86128B91D4B1E48CB
:1051100040F2B311EBF7D7FFC0E901440460C4606B
:10512000D7F81C80D8F808404CB940F271213846B5
:10513000FFF712FF0023C8F80800044603604FF091
:105140000009EB070AD5314622463846FFF71AFF19
:10515000314680463846FFF747FE46466D100BD075
:10516000206838B9224621463846FFF70BFF2060F9
:10517000C0F800900446E4E73046BDE8F88300BF7D
:1051800098BA02084EB7020821BA02082DE9F04782
:105190000C464968236903EB6218A36807469146E9
:1051A0004FEA621A08F10106B3420BDB3846FFF7FB
:1051B000DBFD054648B90246284B29484FF4EF71FC
:1051C000EBF781FF01315B00EEE7002300F11401F2
:1051D00000F110021846534533DB20692AEAEA7AC7
:1051E00004F1140319F01F0901EB8A0103EB800C91
:1051F0002BD0C9F1200E8A460022186800FA09F067
:1052000010434AF8040B53F8042B9C4522FA0EF283
:10521000F3D8ACEB0403153B23F00303043304F190
:105220001500844538BF0423CA500AB108F10206AC
:10523000013E38462E612146FFF7D6FD2846BDE8DF
:10524000F08742F8040F0133C5E7043953F8042B03
:1052500041F8042F9C45F9D8EAE700BF10BA0208CC
:1052600021BA02080A6903460069801A30B50ED1D6
:105270001433143103EB820401EB820154F8045D12
:1052800051F8042D954203D005D24FF0FF3030BDC8
:10529000A342F3D3FBE70120F9E700002DE9F74F24
:1052A00089460646114648461446FFF7DBFF051EB1
:1052B00012D129463046FFF757FD024628B93E4B2A
:1052C00040F237213D48EBF7FEFE0123C0E90435EB
:1052D000104603B0BDE8F08FBCBF4B46A146304638
:1052E000D9F80410BABF1C4601250025FFF73CFD84
:1052F000024618B9304B40F24521E3E7D9F8107067
:105300002669C56009F1100309F1140504F1140EB2
:1053100000F1140B05EB87080EEB86060193D946C6
:105320004FF0000C019B5EF8040B53F804AF01939F
:1053300081B21FFA8AF35B1A000C6344C0EB1A4077
:1053400000EB23409BB243EA0043764549F8043B17
:105350004FEA204CE6D8331B153B23F003031534EA
:105360000433A64238BF04231D445B441E462C462A
:1053700044450ED308F10301491B21F00301033D0D
:10538000A84538BF00210B4453F8041D91B11761A3
:105390009EE754F8041BE646080C1CFA81FC714495
:1053A00000EB2C4089B241EA004146F8041B4FEA69
:1053B000204CDDE7013FE7E710BA020821BA0208F6
:1053C0002DE973430121089E90469946FFF7CCFCD6
:1053D000044630B90246244B244840F20F31EBF723
:1053E00072FEC9F30A55C9F313030DB143F48013D8
:1053F0000193B8F1000324D068460093FFF77EFDC7
:10540000DDE90012D8B1C0F1200302FA03F30B4327
:10541000C24063610192019BA361002B0CBF01227A
:1054200002222261ADB1A5F2334505443560C0F1D9
:105430003500099B1860204602B0BDE870836161A9
:10544000E9E701A8FFF75AFD019B636120300122C3
:10545000E7E704EB8203A0F2324030601869FFF7FF
:105460002BFDC0EB4210E4E710BA020821BA020893
:105470000346084641B1FF2A04D98A221A604FF038
:10548000FF3070470A70012070472DE9F0478E68A1
:105490001F46BE420B6882460C4690462DD8B1F995
:1054A0000C2012F4906F26D06569096905EB45055B
:1054B000A3EB010905EBD5757B1C4B446D109D4298
:1054C00038BF1D46530527D52946FFF7AFFB0646D3
:1054D00060B321694A46FEF7D9FBA38923F49063A0
:1054E00043F08003A381266165614E44A5EB090565
:1054F0002660A5603E46BE4200D93E462068324640
:105500004146FEF7FEFAA3689B1BA3602368334461
:1055100023600020BDE8F0872A4600F077F90646B0
:105520000028E0D121695046FFF7D0FA0C23CAF8D1
:105530000030A38943F04003A3814FF0FF30E9E737
:105540002DE9F04F98468B891B069DB007460D4606
:10555000144610D50B6973B94021FFF767FB28602B
:10556000286130B90C233B604FF0FF301DB0BDE81F
:10557000F08F40236B610023099320238DF829309D
:10558000CDF80C803023DFF89C818DF82A304FF065
:10559000010923469A4613F8012B0AB1252AF9D1AD
:1055A000BAEB040B0BD05B46224629463846FFF780
:1055B0006CFF013000F0A780099A5A4409929AF8CA
:1055C0000030002B00F09F8000234FF0FF32CDE928
:1055D00005230AF1010A049307938DF853301A93B7
:1055E0005446052214F8011B4E48F7F739FF049A78
:1055F000D8B9D00644BF20238DF85330110744BFDB
:105600002B238DF853309AF800302A2B15D0079AA7
:10561000544600204FF00A0C214611F8013B303B64
:10562000092B4BD9B0B1079214E0A0EB080309FA9B
:1056300003F313430493A246D2E7039B191D1B688F
:105640000391002BBBBF5B4242F00202079307931A
:10565000B8BF049223782E2B0AD163782A2B32D13B
:10566000039B1A1D1B68039243EAE37302340593FC
:10567000DFF8B4A0217803225046F7F7F1FE38B1E5
:10568000049BA0EB0A0040228240134301340493A0
:1056900014F8011B25488DF828100622F7F7E0FEC4
:1056A000002836D0224B1BBB039B073323F0070394
:1056B00008330393099B334409936AE70CFB0232D6
:1056C0000C460120A8E700230134059319464FF04A
:1056D0000A0C204610F8012B303A092A03D9002B76
:1056E000C6D00591C4E70CFB012104460123F0E775
:1056F00003AB00932A460F4B04A93846FDF788FDFB
:10570000421C0646D6D1AB895B063FF52DAF099802
:105710002CE703AB00932A46064B04A93846FEF754
:105720001BF8EDE79CBB0208A2BB0208A6BB02085F
:10573000113202088B5402080CB430B5174B0C1E02
:105740001D689DB008DA8B232B604FF0FF301DB031
:10575000BDE8304002B070474FF40273ADF814302A
:1057600014BF04F1FF332346049307934FF6FF73EE
:1057700002900690ADF81630209A21AB02A9284677
:105780000193FFF7DDFE431CBCBF8B232B60002C75
:10579000DDD0029B00221A70D9E700BF90040020E0
:1057A00038B5074D00230446084611462B60DEF746
:1057B00095FA431C02D12B6803B1236038BD00BFAA
:1057C000AC53002038B5064D0023044608462B6034
:1057D000DFF7FEF9431C02D12B6803B1236038BD0B
:1057E000AC53002070B5A1FB02543CB92946FFF729
:1057F0001DFA064628B90026304670BD0C2202600C
:10580000F9E72A462146FEF796F9F5E72DE9F0413A
:10581000804615460C4621B9BDE8F0411146FFF718
:1058200005BA2AB9FFF752F900242046BDE8F081F5
:1058300000F01AF88542064602D8B5EB500FF4D8AE
:1058400029464046FFF7F2F907460028ECD0B5425A
:105850002A46214628BF3246FEF718FA214640461E
:10586000FFF734F93C46E0E751F8043C181F002BE1
:10587000BCBF0B58C0187047024B0A460146186857
:10588000FFF7C4BF90040020024B0344587800F097
:105890009700704751B80208024B0344587800F053
:1058A0000800704751B802080EB400B59CB01DAB9B
:1058B000029006906FF00041094807910491094950
:1058C00053F8042B05910068019302A9FFF738FEF5
:1058D000029B00221A701CB05DF804EB03B0704705
:1058E000900400200802FFFF30B50D4D044614F867
:1058F000013BEA5C02F00302012A11F8012BA85CCB
:1059000000F0030008BF2033012803D12032981A89
:10591000EDD030BD981AFCD1002AE8D1F9E700BFDC
:1059200052B8020810B50246147813460132002C12
:10593000FAD1013B11F8012B03F8012F002AF9D10C
:1059400010BDC9B20346184613F8012B12B18A42A2
:10595000F9D17047002918BF0020704770B5034681
:105960001E4613F8014B44B14A1E01E0A54204D083
:1059700012F8015F002DF9D1F2E7301A70BD10B5B1
:105980000139034632B111F8014F03F8014B013AD6
:10599000002CF7D11A440021934200D110BD03F826
:1059A000011BF9E738B511F0FF0403460ED121467B
:1059B000BDE83840FFF7C5BF431C054621461846E1
:1059C000FFF7BFFF0028F7D1284638BD0025F5E7CF
:1059D00070B503461E4613F8014B3CB14A1E01E068
:1059E000A542F7D012F8015F002DF9D1301A70BD31
:1059F000430803F05533C01A830803F0333300F033
:105A00003330184400EB101000F00F3000EB002092
:105A100000EB0040000E7047F8B500BFF8BC08BCB2
:105A20009E467047F8B500BFF8BC08BC9E4670475C
:105A3000A0860100400D0300801A060000350C000E
:105A400040420F0080841E0000093D0000127A00D1
:105A50000024F40000366E010048E801006CDC020E
:105A60000000000000000000000000000000000036
:105A7000010000000300000005000000010000001C
:105A800001000000060000000A00000020000000E5
:105A900002000000040000000800000010000000E8
:105AA0004000000080000000000100000002000033
:105AB00000000000010000000200000000000000E3
:105AC0000000000009D6000813D600086D4E00083B
:105AD000470D0008710D0008390800084B08000840
:105AE000911000084B0600080000000000000000B4
:105AF0001F100008A3110008750600080000000030
:105B000000000000351000086110000800000000CF
:105B100000000000731000083111000800000000B0
:105B200000000000BF0D0008450E000857060008E1
:105B3000000000000000000043110008611100088F
:105B4000000000000000000073110008911100081F
:105B5000000000000000000067130008A713000801
:105B60002D6900082F800008DF0A00087F6D0008FB
:105B7000276D00081D070008AD4E0008C306000889
:105B8000C3060008899D0008E19C0008F106000892
:105B9000B5DB0108BDDB0108C9DB010860F5FFFFCB
:105BA000000000000F070008797E0108BF0600080A
:105BB000FB1200087950000850F5FFFF00000000BC
:105BC00009D6000813D600086D4E0008A11300087E
:105BD000B9130008390800084B0800081507000829
:105BE00000000000000000000000000000000000B5
:105BF0002D6900082F80000849AB00087F6D000860
:105C0000276D00080000000039680008C30600087E
:105C1000C3060008899D0008E19C00080000000000
:105C200000000000FB130008211400080000000021
:105C300000000000331400084D140008551500083A
:105C4000F1140008A11400087D160008CD17000803
:105C50004D190008F12300085F140008BB08000874
:105C6000CD08000803130008EF080008CB1900084E
:105C70000000000000000000457901085979010882
:105C8000432A0108472A0108453D01084D2F010814
:105C9000DD3201086B7901080000000000000000FF
:105CA00067240008852400082B360108432A0108D0
:105CB00033360108EB3F01085B360108F136010875
:105CC0001D7A01080000000000000000D9780108DA
:105CD000E9780108432A0108432A0108C53B010865
:105CE0007D2D0108352E0108E7790108000000002C
:105CF0000000000039240008552400082B36010854
:105D0000432A010833360108EB3F01085B360108DE
:105D1000F13601081D7A01080000000000000000B3
:105D2000FB7801080B790108432A0108472A01087A
:105D3000613C01087D2D0108352E0108E779010835
:105D4000000000000000000009D6000813D600087B
:105D50006D4E00080D210008512100083908000887
:105D60004B08000895B30008A18E00085DA100084B
:105D7000856B0008816B00088D6B00080000000037
:105D80000000000009D6000813D600086D4E000878
:105D900063210008B1210008390800084B080008F9
:105DA0004D5C0008A18E0008795A0008856B000838
:105DB000755E0008715F000889600008000000003F
:105DC0000000000009D6000813D600086D4E000838
:105DD0000000000000000000390800084B0800081F
:105DE00095B30008A18E0008D7590008856B0008FC
:105DF0007D560008315A000800000000A461020826
:105E00009461020800000000000000000D00000086
:105E10000D0000000000000000000000B17D01083E
:105E2000C17D0108472A010855390108593901087F
:105E30001340010877400108457A01088D410108A7
:105E40007D79010800000000000000000000000053
:105E5000000000000100000002000000030000003C
:105E600004000000010002000400060008000A000F
:105E70000C00100020004000800000010000000025
:105E80000000000000000000000000000000000012
:105E900000000000010000000200000004000000FB
:105EA000080000001000000020000000400000007A
:105EB000800000000001000000020000000400005B
:105EC000000800000010000000200000004000005A
:105ED0000080000002000000008000401208000066
:105EE0000201000000440040120700000900000009
:105EF0000038014012070000160000000038014081
:105F000012070000FFFFFFFF00000000000000007C
:105F100003000000008000401208000003010000A0
:105F200000440040120700000A0000000038014051
:105F3000120700001700000000380140120700009F
:105F4000FFFFFFFF00000000000000000100000054
:105F500000800040120800000101000000440040E1
:105F6000120700000C00000000380140120700007A
:105F70001300000000380140120700001C00000060
:105F80000080004012080000FFFFFFFF000000003B
:105F90000000000000000000004400401207000064
:105FA0000600000000800040120800000B00000006
:105FB00000380140120700001400000000380140C2
:105FC00012070000FFFFFFFF0000000000000000BC
:105FD000C468020878A10208000000000000000068
:105FE0000900000009000000320A28000000140027
:105FF0000000000000000000000000001E00000083
:106000003C7202080072020800000000000000005C
:10601000110000001100000000000000000000005E
:1060200000000000000000001D6B0008FF080008D1
:106030006B6A000821740008016B00082D720008CB
:1060400015730008378D00082D8D0008597200085F
:10605000ED72000800000000B36A0008FF080008A5
:10606000A76A0008AD6A00080000000000000000F8
:1060700045060008336B0008000000000000000027
:10608000296B000851DD0108659F00083B6B000883
:10609000BB6A0008000000007F6B00086CFEFFFF79
:1060A0000000000009D6000813D600086D4E000855
:1060B0000000000000000000390800084B0800083C
:1060C000EB1300085D9F00080000000000000000C6
:1060D00000000000000000006B6A0008FF080008D4
:1060E0006B6A0008000000006F6A0008796A000807
:1060F000796A0008378D00082D8D00087D6A000838
:10610000FB08000800000000B36A0008FF08000850
:10611000A76A0008AD6A000804140040081404408F
:106120000C11084010140C40141210100000000054
:10613000051B0100000006000917010006002800E9
:106140000D1701002E00050010123310141034102A
:10615000181235101D1601003600220024105911A6
:10616000000000001861020878A102080000000089
:10617000000000000500000005000000306102087A
:1061800078A10208000000000000000008000000E4
:10619000090000007C61020864610208546C020876
:1061A00000000000041200400918012006005A00F7
:1061B0000D180140640014001014784014147C4041
:1061C00019180140840028001C12AC102010AD10DA
:1061D0002412AF112810B0102C10B1103012B4409E
:1061E0003412B840000000000411001008110440EF
:1061F0000C110840000000000412004008100410B8
:1062000000000000041200100917010001000F0037
:106210000C1210100000000004120040081204408C
:106220000C10081000000000041400400814044082
:106230000C14084010140C4000000000E861020833
:1062400078A1020800000000000000000300000028
:1062500003000000F861020878A1020800000000B5
:1062600000000000020000000200000004620208BA
:1062700078A10208000000000000000003000000F8
:10628000030000006C6202080000000018620208AF
:1062900078A10208000000000000000003000000D8
:1062A000030000002862020878A102080000000034
:1062B0000000000004000000040000003C6202082E
:1062C000000000000518014004000C00091701003F
:1062D000100014000C102410000000000410001026
:1062E000081001100C1002101010031015170100F7
:1062F000040010000000000004100010081001103D
:106300000C100210101103101410041019170100C2
:10631000050010001C111510000000000412008080
:1063200009170100080028000C1030101117010097
:1063300031000A000000000004120080091701006B
:106340000800280000000000041200800917010066
:10635000080028000C1230400000000054620208BF
:106360000000000004120040091601000400220091
:106370000D17010026000C001014344014103810C2
:10638000181039101D1801203C0008000000000002
:1063900004120010081201100000000090630208AF
:1063A00078A10208000000000000000002000000C8
:1063B0000200000004100010081001100C1204402C
:1063C0001012084014100C10181210401C10141059
:1063D0002012184024121C40281020102C12244097
:1063E000301028103410291038102A100000000036
:1063F000051701000000500000000000041000100C
:10640000081204400C11084010110C40000000005C
:1064100004100010081204400C12084010100C1058
:10642000151701000D001400181221101C12221063
:1064300020102310000000000410001008120110AA
:106440000C120210101203101412041000000000AD
:1064500004100010081204400C1008100000000086
:1064600004100010081001100D2804200400110071
:106470000000000004100010081201100C1202109D
:106480001012031014120410181205101C1206101A
:106490000000000004100010081204400C12084014
:1064A00010120C4014121010181211101C1212109D
:1064B00020101310241014102917010015001000CB
:1064C0002C102510000000000412004008120440A7
:1064D0000C1008101010091014100A1018100B10CE
:1064E0001C120C40201010102412144028101810F8
:1064F0002C10191030121C403410201038102110AC
:106500003C1022100000000004100010081204408B
:106510000C100810101009100000000004100010EA
:10652000081001100C1204401012084014120C4004
:106530001810101000000000041000100812044091
:106540000C12084010100C1014100D1018100E1022
:106550001C100F10201210102412111028101210ED
:106560002C1013103010141034101510381216207F
:106570003C1018100000000004100010081001105A
:106580000C1204401012084014120C101812104083
:106590001C12141020101510000000008C6202085C
:1065A0000000000004100010091701000100400065
:1065B0000D1701004100400011170100810020006B
:1065C0001410A1101810A2101C10A3102117010004
:1065D000A40020002410C4102810C5102D1801207C
:1065E000C8000C0000000000051601000000220099
:1065F000081222100C122440101028101410291018
:1066000018102A101C102B1020102C100000000055
:1066100005160100000022000916010022002200D8
:106620000D260320460022001010AC101410AD10EF
:106630001810AE102010AF10000000000410001061
:10664000081201100C1204400000000005100100A7
:106650000000010009120100010001000D120100FB
:1066600002000200111201000400040015120100D2
:1066700008000100191401000C0004001D120100A3
:106680001000010021120100140004002510010077
:106690001800010029110100190001002D1201004C
:1066A0001A000200311001001C0001003510010029
:1066B0001D00010039140100200004003D100100FC
:1066C0002400010041120100280004009D22034023
:1066D00030000410A11001003C000110A5100100C1
:1066E0003D000110A91201003E0001100000000051
:1066F00004120040081204100C12084010100C1074
:1067000014100D1018120E101C120F102012101061
:1067100024101110281012102C1213103010141005
:10672000341015103810161000000000A462020882
:1067300000000000041000100D17010001002100EE
:10674000111701002200410015170100630021000C
:10675000181084101C1285102118012088001000C8
:1067600025170100980021002812BC402C10C010F1
:106770000000000004100010081204400C1408402F
:1067800010120C40181210401C1214402012184015
:1067900024121C108012208000000000041200400F
:1067A000081004100C1005101010061014120840E8
:1067B00018120C401C1210402012144024121840D1
:1067C00028121C402C122040301224403412281071
:1067D0000000000004120010081001101012044004
:1067E0001412084018120C101C1210402010141023
:1067F00024101510281016102D1701001700410045
:10680000301058103412591038145C400000000049
:106810000412044408140C440C14144410141C44B2
:1068200014122444000000000414044408140C440E
:106830000C1114441014184014121C1018121D10BE
:106840001C1420402011244024132C4428133444C9
:106850002C12384030123C40341240403812444030
:106860003C124C44401254444412584048125C407C
:106870004C126040501264405412684058126C40F0
:106880005C127040000000000517010000001000BD
:1068900009170100100028000D170100380005003D
:1068A000111B01003D000600141243101810441083
:1068B0001C12451021160100460022002410691107
:1068C000000000000512010000000200091601008E
:1068D0000200EC000D100100EE0001001114010097
:1068E000F000040015140100F40004001914010064
:1068F000F80004001D140100FC0004002114010034
:106900000001040025120110050101000000000033
:10691000C4620208BC62020800000000000000001F
:106920000300000003000000DC62020878A10208F6
:10693000000000000000000005000000050000004D
:10694000F862020878A102080000000000000000C0
:1069500007000000070000001C63020878A102087D
:10696000000000000000000004000000040000001F
:106970003863020878A1020800000000000000004F
:1069800002000000020000004863020878A102082B
:1069900000000000000000000300000003000000F1
:1069A000646302085C63020800000000000000004D
:1069B0000700000007000000B463020878A1020885
:1069C00000000000000000000E0000000E000000AB
:1069D000F063020878A10208000000000000000037
:1069E0000100000001000000FC63020878A1020819
:1069F000000000000000000004000000040000008F
:106A00001064020878A102080000000000000000E5
:106A100008000000080000003864020878A102089D
:106A2000000000000000000005000000050000005C
:106A30005064020878A10208000000000000000075
:106A40000300000003000000606402088462020882
:106A50000000000000000000030000000300000030
:106A60007464020878A10208000000000000000021
:106A700007000000070000009464020878A10208E3
:106A800000000000000000000B0000000B000000F0
:106A9000C864020878A1020800000000000000009D
:106AA0000F0000000F0000000865020878A102082E
:106AB00000000000000000000400000004000000CE
:106AC0001C65020878A10208000000000000000018
:106AD00006000000060000003865020878A10208E0
:106AE00000000000000000000F0000000F00000088
:106AF0007865020878A1020800000000000000008C
:106B00000800000008000000A46502089C65020857
:106B100000000000000000000B0000000B0000005F
:106B2000086B0208F06A0208D86A0208C06A020804
:106B3000A86A0208906A0208786A0208606A020875
:106B4000486A0208306A0208186A0208006A0208E5
:106B5000E8690208D0690208B86902089C63020863
:106B600000000000E865020878A1020800000000AB
:106B700000000000080000000800000078A10208E2
:106B800078A10208000000000000000000000000E2
:106B9000000000001066020878A102080000000052
:106BA0000000000007000000080000003C6602082A
:106BB00078A10208000000000000000003000000AF
:106BC000030000004C66020878A1020800000000E3
:106BD00000000000140000006A000000F0660208D7
:106BE00078A1020800000000000000000E00000074
:106BF0000E000000346702082C6702080000000045
:106C0000000000000A0000000B000000746702088A
:106C100078A1020800000000000000000900000048
:106C2000200000009C67020878A102080000000014
:106C3000000000000D0000000D000000D4670208F5
:106C400078A1020800000000000000000D00000014
:106C50000E0000001068020878A102080000000081
:106C60000000000005000000050000002868020880
:106C700078A10208000000000000000017000000DA
:106C8000170000008868020878A1020800000000D0
:106C9000000000000900000009000000406902082F
:106CA0002869020810690208000000000412004070
:106CB000081204100C1206201010081014100910ED
:106CC00018120C401C121010201011102410121059
:106CD000281213102C12141031180110160016006F
:106CE000351801102D001400391601004200120061
:106CF0003D18014058002800401280104412844082
:106D0000481088104C1289100000000088690208A1
:106D100070690208586902087C6B02087C6B0208E3
:106D200000000000051201400400040009140100E5
:106D3000080004000D1201000C00010011170100F1
:106D40000D0090012D380120A001380031380120BC
:106D5000A001300035380120A00140003938012061
:106D6000A00101003D380120A00101000000000049
:106D7000051701000000E4000812E44000000000D4
:106D80000517010000003C00093601203E00B60155
:106D90000D3701203E00B30111100100F401010084
:106DA0000000000005170100000012000812144046
:106DB0000C1018101010191014101A1018101B10A5
:106DC0001C121C1020122040241224102810251000
:106DD0002C10261030122840000000000412001071
:106DE000081202200C120420111601000600820075
:106DF0000000000004110010081201100C12021013
:106E00001012044000000000A06902080000000009
:106E10000411001009180130040044000C1248103D
:106E200000000000053801400400D400093801408A
:106E3000040018000D38014004001C001138014006
:106E4000040014001538014004000C0019380140FA
:106E5000040024001D3801400400280021380140AE
:106E6000040007002538014004004800293801408B
:106E700004000C002D3801400400050031380140A9
:106E80000400240035380140040010003938014066
:106E9000040050003D38014004002C0041380140FE
:106EA000040002000000000005170100000080013E
:106EB00009140100800104000D1701008401200065
:106EC00011120100A4010100000000003C6C020846
:106ED000246C02080C6C0208F46B0208DC6B0208DC
:106EE000C46B0208AC6B0208946B02087C6B02084E
:106EF000B0700208646B02080000000005380180D1
:106F0000080060000938018008002C000D3801805D
:106F100008002800113801800800C40015380180DD
:106F20000800180019380180080040001D38018051
:106F300008000800213801800800B00025380180D1
:106F4000080001002938018008008C002D380180DC
:106F50000800300000000000846C02086C6C02081D
:106F6000546C02080000000005120100000004003B
:106F70000918012006006A000D1801407400740011
:106F800011140100E800040015140100EC000400D5
:106F900019180140F40028001D1201001C01010015
:106FA000211001001D010100251201101F01010027
:106FB00029100100200101002D1001002101010014
:106FC00031100100220101003510010023010100F0
:106FD0000000000004120040201204402C1208405F
:106FE000311601000C001200351701001E002800A8
:106FF000381246103C12482000000000D05F020802
:107000000000000005140100000004000914010044
:10701000040004000D1201000800010011380120D5
:107020000C000801153601200C00020119140100A2
:10703000140104001D1401001801040021140100B2
:107040001C0104002512010020010100291001008B
:10705000210101002D120100220101003111010066
:10706000240104003512010028010100391001003B
:10707000290101003D1201002A0101004116010011
:107080002C012200451001004E01010049120100AF
:10709000500104004D12010054010400511201007E
:1070A00058010400551201005C01010000000000BD
:1070B000AC6C02089C6C020800000000000000009C
:1070C0001300000013000000246D02080C6D02087C
:1070D0000000000000000000090000000F00000098
:1070E000706D020878A10208000000000000000096
:1070F0000200000002000000806D020878A1020872
:107100000000000000000000040000000400000077
:10711000A46D020878A10208000000000000000031
:107120000C0000000C000000DC6D020878A10208D1
:107130000000000000000000040000000400000047
:10714000F46D020878A102080000000000000000B1
:107150000400000004000000106E0208086E02081F
:107160000000000000000000030000000300000019
:10717000246E0208206B02080000000000000000DE
:107180001000000010000000A86E020878A102089C
:1071900000000000000000000400000004000000E7
:1071A000FC6E0208CC6E0208000000000000000027
:1071B0000B0000000B000000686F0208586F020807
:1071C00000000000000000000D0000000D000000A5
:1071D000D46F020878A1020800000000000000003F
:1071E000070000000F00000004700208FC6F020896
:1071F0000000000000000000150000001500000065
:10720000E8710208D0710208B8710208A071020882
:1072100088710208707102085871020840710208F2
:107220002871020810710208F8700208E070020864
:10723000C8700208B07002080000000005120100CA
:107240000000040009380140080060010D380140C9
:1072500008004C0011380140080024011538014095
:107260000800D000193801400800A8011D32014073
:1072700008000400213001400800010025380140C9
:107280000800D8002938014008004C002D38014082
:1072900008000800313801400800880035380140F6
:1072A00008002C00393801400800F6013D38014043
:1072B0000800E800413801400800E001453801407D
:1072C00008008C000000000000000000000000002A
:1072D00000000000000000000000000090120020EC
:1072E0000000000000000000A3390008B9390008C0
:1072F000150A00083D0A0008000000000000000018
:107300007B39000891390008D7090008EF09000807
:10731000000000000000000053390008693900082F
:107320008B090008AD090008581E0020000000006D
:1073300000000000775200085F53000803090008AE
:10734000000000000000000009D6000813D6000865
:107350006D4E000800000000000000003908000821
:107360004B080008EB1300080000000000000000BC
:1073700000000000F9520008475300081D6B000888
:10738000FF080008611C000821740008016B000858
:107390002D72000815730008C11A0008CD1B0008E3
:1073A00059720008ED7200085B1F0008B36A0008FC
:1073B000771C0008A76A0008AD6A0008D5240008F9
:1073C000A11D0008E51C0008F11D0008A91D00080A
:1073D000891C0008296B000851DD0108659F000821
:1073E000090B0008BB6A0008091F00082B1F0008D2
:1073F0006CFEFFFF0000000009D6000813D600084D
:107400006D4E000841530008595300083908000820
:107410004B080008EB1300085D9F00080000000007
:1074200000000000F17901080B7A01082B360108F1
:10743000432A010833360108EB3F01085B36010897
:10744000F13601081D7A010800000000000000006C
:107450000000000000000000432A010800000000B6
:10746000000000007D2D0108352E0108E779010894
:107470000000000000000000217901082F790108B8
:10748000432A0108472A0108273D01084D2F01081A
:107490008D6B000841790108000000000000000029
:1074A00000000000000000000000000000000000DC
:1074B00000000000000000000000000000000000CC
:1074C0000000000000000000D80A002000000000BA
:1074D00000000000870F00080D1000089D0800083C
:1074E0000000000000000000EF0E0008750F00080B
:1074F0007F0800080000000000000000570E000890
:10750000DD0E000861080008000000000000000017
:1075100009D6000813D600086D4E0008A10D00081A
:10752000AD0D0008390800084B080008F9510008A3
:10753000000000000000000009D6000813D6000873
:107540006D4E0008830D00088F0D000839080008F3
:107550004B0800083D070008000000000000000084
:10756000000000000000000000000000000000001B
:10757000000000000000000000000000000000000B
:1075800000000000000000000000000000000000FB
:1075900000000000000000000000000000000000EB
:1075A00000000000000000000000000000000000DB
:1075B00000000000000000000000000000000000CB
:1075C000000000000000000000000000B971000889
:1075D000DF7100081D6B0008FF080008611C00082F
:1075E00021740008016B00082D7200081573000853
:1075F000758D0008CD1B000859720008ED72000857
:107600005B1F0008B36A0008771C0008A76A00081F
:10761000AD6A0008D5240008A11D0008E51C00087B
:10762000F11D0008A91D0008891C0008296B00082D
:1076300051DD0108659F0008090B0008BB6A0008BE
:10764000091F00082B1F00086CFEFFFF0000000050
:1076500009D6000813D600086D4E0008D97100083D
:10766000F1710008390800084B080008EB13000806
:107670005D9F0008000000000000000009D600081F
:1076800013D600086D4E0008A1740008B5740008F8
:10769000390800084B0800084D5C0008A18E00085E
:1076A00049A00008856B0008B9A00008A5AE000835
:1076B00089600008047E020878A10208000000002A
:1076C00000000000010000000100000000000000B8
:1076D00000000000E5770008F9770008450600087B
:1076E0002F09000821090008250900083F090008A2
:1076F000FF080008270900082B0900080000000007
:10770000000000000B7800083D78000845060008DE
:107710002F09000829A80008A7A800083F090008A9
:10772000FF080008270900082B09000875B50008A4
:10773000DB6B0008000000000000000000000000FB
:1077400000000000450600082F09000829A80008CD
:10775000A7A800083F090008FF080008270900083B
:107760002B09000800000000DB6B0008000000008F
:1077700000000000000000000000000045060008B6
:107780002F090008BFA8000807A900083F09000842
:10779000FF080008270900082B0900080000000066
:1077A000DB6B00080000000000000000C578000846
:1077B000E7780008450600082F090008210900089D
:1077C000250900083F090008FF08000827090008EC
:1077D0002B09000871DF0108E8FFFFFF000000002F
:1077E00009D6000813D600086D4E0008E17800089D
:1077F000F9780008390800084B080008B1C90008EA
:107800000000000000000000FF7800083379000845
:1078100045060008056C000811CF0008250900087E
:107820003F090008FF080008270900083F77000803
:10783000CDE00108E8FFFFFF0000000009D60008C6
:1078400013D600086D4E00082D7900084579000810
:10785000390800084B080008F5CE000800000000B9
:1078600000000000000000000000000045060008C5
:107870002F09000847A900088FA900083F09000840
:10788000FF080008270900082B0900080000000075
:10789000DB6B00080000000000000000257B0008F2
:1078A000397B0008656C0008000000000000000043
:1078B0004B7B0008BB7B0008196800080000000033
:1078C00000000000617B0008A37B0008450600085B
:1078D000836C0008CFA9000817AA00084DD2000841
:1078E000FF080008270900082B090008D57B0008BD
:1078F00091A50008E9DC0108E0FFFFFF000000009F
:1079000009D6000813D600086D4E00089D7B0008BC
:10791000B57B0008390800084B080008CD7B00083B
:107920000000000000000000000000000000000057
:10793000450600082F090008CFA9000817AA00086B
:107940003F090008FF080008270900082B09000864
:1079500000000000DB6B00080100000000806144B3
:10796000000068440000C8421E00000000800208B9
:107970004AA60208020000000080D8430000D94354
:10798000000020410A000000008002084DA6020805
:10799000030000009A5959449A6959440000204153
:1079A0001B000000EC7F020854A60208040000003F
:1079B0000000EB430000FF430000C842130000003A
:1079C000008002085BA60208050000000020664453
:1079D00000E066440000C8420D000000008002087C
:1079E0005EA602080600000000C06444000068446F
:1079F0000000C8421E0000000080020861A60208C4
:107A0000160000006686D8431F65D9430000C842AF
:107A10000E0000000080020865A6020809000000B0
:107A2000CD2C5944CD4C59440000C84214000000EC
:107A3000008002086DA602080700000000006644EE
:107A400000C066440000C842170000000080020821
:107A500070A6020808000000000066440040674469
:107A60000000C8421B0000000080020873A6020844
:107A70000A0000000040584400C058440000C842BA
:107A80001E0000000080020876A602080B0000001D
:107A900000005844000059440000C842240000007F
:107AA0000080020879A602080C000000000066446D
:107AB000004067440000C842100000000080020837
:107AC00080A602080E0000000080D8439A59D943CE
:107AD000000020410A0000000080020883A602087E
:107AE0000F00000000005944662659440000803F02
:107AF0000E000000008002088AA6020810000000A4
:107B00000080D8430080D9430000C8421400000020
:107B10000080020891A602081100000000C0654420
:107B2000000067440000C8421B01000000800208FA
:107B300098A6020812000000004065440040674417
:107B40000000C84214000000008002089FA602083E
:107B5000130000000080D8439A59D9430000C8425E
:107B60000A00000000800208A6A602081400000017
:107B7000000059449A5959440000C8420E000000C0
:107B800000800208ADA602081500000000C0644491
:107B9000008065440000C842180000000080020810
:107BA000B4A60208170000009A89D8433363D9436A
:107BB0000000C8420A00000000800208BBA60208BC
:107BC0001800000000C05744000059440000C8429B
:107BD0001E00000000800208C2A602081900000072
:107BE00000405844000059440000C8421E000000F4
:107BF00000800208C9A602081A0000000080614443
:107C000000E062440000C8421E000000008002083C
:107C1000D0A602080D0000000000164500381B45E4
:107C20000000C8420A00010000800208D7A602082E
:107C30000000000000806144000068440000C84269
:107C40001E000000D87F0208DFA602080100000025
:107C50000000000000000000000000000000000024
:107C60000000000002000000010000000000000011
:107C70000000000000000000000000000400000000
:107C800000000000010000000000000000000000F3
:107C900000000000000000000000000000000000E4
:107CA00000000000000000000000000016000000BE
:107CB00018000000FFFFFFFFFFFFFFFFFFFFFFFFB8
:107CC000D47D0208CC7D0208000000000000000006
:107CD000040000000400000048800208348002080C
:107CE0000000000000000000060000000700000087
:107CF000907F02087C7F0208000000000000000066
:107D00000600000006000000DD6B0008DD6B0008C7
:107D1000E96B0008E96B0008F96B0008F96B0008D3
:107D20000000000000000000000000000000000053
:107D30000000000000000000000000000000000043
:107D40000000000000000000000000000000000033
:107D50000000000000000000000000000000000023
:107D60000000000000000000000000000000000013
:107D7000EC7D020878A1020800000000000000006D
:107D800003000000030000000000000000000000ED
:107D9000B1120008CD120008BF060008C306000893
:107DA00004120040081404400C14084010120C4047
:107DB00000000000A07D020878A102080000000079
:107DC000000000000400000004000000B47D020870
:107DD0000000000004120040081204400C12084089
:107DE00011280A401000100000000000041200805A
:107DF00009160100080022000D1601002A002200C9
:107E000000000000051701000000E700000000006E
:107E100058710208000000000528084004004C00CA
:107E2000091201006402040000000000051801406E
:107E30000400D40009180140DC0018000D180140AE
:107E4000F8001C0011180140180114001518014019
:107E500030010C0019180140400124001D18014098
:107E6000680128002112010090010400251801106A
:107E700095010700291801209E0148002D180120B6
:107E8000E8010C0031180110F5010500351801203A
:107E9000FC01240039180140240210003D18011093
:107EA000350250004118013088022C00451801109D
:107EB000B5020200000000003C6C0208246C0208BD
:107EC0000C6C0208F46B0208DC6B0208C46B02083D
:107ED000AC6B0208946B0208646B0208000000009F
:107EE00005180140040060000918014068002C00DA
:107EF0000D1801409800280011180140C400C4006A
:107F0000151801408C01180019180140A801400003
:107F10001D180140EC01080021120100F4010400C9
:107F200025180120FA01B00029180120AC02300008
:107F300000000000187E0208107E02080000000009
:107F40000000000002000000020000002C7E020879
:107F5000206B02080000000000000000110000007B
:107F600011000000E07E0208B87E02080000000058
:107F7000000000000A0000000A000000647F020800
:107F80004C7F0208347F0208846C02080000000065
:107F9000051201000000040009140100040004009F
:107FA0000D1801801000E00211180140F402B8021F
:107FB00015180140B0056802191801201A086A0056
:107FC0000000000000FF00010304050607FF000198
:107FD00003040506070809FFC47F0208000000002B
:107FE000000000000100000000000000C67F020841
:107FF0000000000000000000000000000000000081
:10800000CE7F020800000000000000000100000018
:10801000000000000412004000000000148002086C
:1080200078A102080000000000000000010000002C
:1080300001000000E871020828710208F8700208C7
:108040001C800208000000000538014004006001A7
:108050000D32014004000400113001400400010011
:108060001538014004008800193801400400F60169
:108070001D38014004000400000000000000000062
:10808000000000004B7900086F79000845060008E1
:108090002F09000847A900088FA900083F09000818
:1080A000FF080008270900082B0900088779000845
:1080B000DB6B0008A5DC0108E0FFFFFF000000000B
:1080C00009D6000813D600086D4E0008697900082B
:1080D00081790008390800084B0800083777000844
:1080E00000000000000000004F78000865780008DC
:1080F000450600082F090008BFA8000807A90008C6
:1081000089CC0008FF08000827090008D7C9000823
:108110004B750008DB6B0008000000000000000049
:10812000216E0008A56E00082D6C0008F2A102085F
:10813000DDA402080000000000000000F774000841
:108140000D7500086D6D0008776D00084CA40208DD
:10815000260B0020000000006410B71DC8206E3BF5
:10816000AC30D9269041DC76F4516B6B5861B24D3E
:108170003C7105502083B8ED44930FF0E8A3D6D6A8
:108180008CB361CBB0C2649BD4D2D38678E20AA010
:108190001CF2BDBD00000000000000000000000057
:1081A00000000000450600082F090008E7DF00086E
:1081B0002FE000083F090008FF0800082709000811
:1081C0002B09000800000000DB6B00080000000025
:1081D0000000000093DE0008BDDE00084506000830
:1081E000056C0008FDE10008250900083F090008AA
:1081F000FF080008270900082B09000800000000FC
:1082000000000000CFDE0008F9DE00084506000887
:108210002F0900088DE20008250900083F09000821
:10822000FF080008F1D400082B0900080000000036
:10823000000000000BDF000847DF000845060008CB
:108240002F0900085FDF0008A7DF0008A51A010852
:10825000FF080008270900082B0900083DF6000860
:1082600053DB000865E40108E0FFFFFF00000000A9
:1082700009D6000813D600086D4E000841DF00083B
:1082800059DF0008390800084B08000869F90008A0
:1082900000000000000000000000000000000000DE
:1082A000450600082F0900085FDF0008A7DF000867
:1082B0003F090008FF080008270900082B090008EB
:1082C00000000000DB6B00081887020878A1020894
:1082D0000000000000000000040000000400000096
:1082E0002C01000058020000B004000060090000EA
:1082F000C012000080250000004B00000096000026
:1083000000E1000000C20100008403000008070033
:1083100000CA080000100E0000000000010000006C
:10832000020000000300000004000000050000003F
:10833000060000000700000008000000090000001F
:108340000A0000000B0000000C0000000D000000FF
:108350000E0000000F0000001200000013000000DB
:1083600014000000150000001600000017000000B7
:10837000180000001C0000002D0000003300000069
:108380001100000012000000100000000A000000B0
:108390000F0000000D0000000E0000000B000000A8
:1083A0000C00000000000000000000001DE40008B8
:1083B00031E4000845060008FDD3000861E3000829
:1083C0002509000851E30008FF08000827090008F4
:1083D0002B090008000000000000000043E4000832
:1083E0007BE400082D6900082F80000849AB0008D5
:1083F0007F6D0008276D00080BD40008396800085D
:10840000C3060008C3060008899D0008E19C000817
:108410009DE1010860F5FFFF0000000009D600089B
:1084200013D600086D4E000875E400088DE40008BE
:10843000390800084B08000849E300080000000064
:1084400000000000A9E50008F3E50008B1D4000829
:10845000000000000000000009D6000813D6000844
:108460006D4E0008BDE50008E1E500083908000888
:108470004B08000893E40008000000000000000022
:1084800009D6000813D600086D4E000889F80008C8
:10849000C3F80008390800084B080008FDFB000875
:1084A000FF0800083DE40108B9E40108D0FFFFFF20
:1084B00000000000BDF80008D5F8000845060008D7
:1084C0002F0900086FE00008EDE00008B7FB000886
:1084D000CFD40008270900082B09000805E600088A
:1084E000DB6B00080000000000000000000000003E
:1084F00000000000450600082F0900086FE0000892
:10850000EDE000083F090008FF08000827090008FF
:108510002B09000800000000DB6B0008CC89020872
:10852000A889020800000000000000000900000007
:1085300009000000070000000030014012050000A3
:108540000701000000000158020D00000A000000B1
:1085500000380040120500000C000000003001400F
:108560001205000015000000003001401205000057
:10857000FFFFFFFF000000000000000005000000FA
:1085800000380040120300000600000000300140E7
:10859000120500000601000000000158020D000055
:1085A0000B00000000300140120500001400000024
:1085B0000030014012050000FFFFFFFF0000000037
:1085C0000000000001000000003001401205000022
:1085D0000500000000300140120500000501000008
:1085E00000000158020D00000800000000380040A3
:1085F00012050000090000000038004012050000CC
:10860000130000000030014012050000FFFFFFFFD3
:1086100000000000000000000400000000300140E5
:10862000120500000401000000000158020D0000C6
:108630000900000000380040120300000F00000095
:10864000003001401205000012000000003001401F
:10865000120500001C000000003800401205000058
:10866000FFFFFFFF000000000000000000000048C6
:108670000004004800080048001C004800000000FA
:10868000000000002F1C01089F1C0108450600087F
:108690002F09000875E10008BDE1000805E10008A8
:1086A000D3D40008EDD400082B09000861CE0008DF
:1086B000B71C010859E50108D4FFFFFF00000000C6
:1086C00009D6000813D600086D4E0008991C010851
:1086D000B11C0108390800084B080008D92101081D
:1086E000000000000000000000000000000000008A
:1086F000450600082F09000875E10008BDE10008E3
:108700003F090008FF080008270900082B09000896
:1087100000000000DB6B0008052408400400040092
:1087200009210820260001000D2408203000040043
:108730001121082052000100000000000412004036
:10874000081204400C12084010120C401412104081
:10875000181214401C1218400000000005120100FD
:108760000000040009120100080008000D120100B9
:10877000100008001112018020000800151201806D
:108780003000080019120100380002001D1201001B
:108790003A000200211201003C00020025170110DE
:1087A0003F00C8000000000004120111081203116C
:1087B0000C14084400000000041200400814044097
:1087C0000C14084010120C401412104018121440DF
:1087D0001C12182020121A2024121C40281220409B
:1087E0002C1224403012284034122C4038123020F1
:1087F0003C113440000000000414044408140C44EC
:108800000C14144410141C441414244418142C4440
:108810001C14344420143C442414444428144C4470
:108820002C14544430145C443414644438146C44A0
:108830003C14744440147C440000000004120444BE
:1088400008120C440C12144410121C441412244438
:1088500018122C441C12344420123C442412444468
:1088600028124C442C12544430125C443412644498
:1088700038146C443C14744440147C4444148444C0
:1088800048148C444C12944450129C445414A444F4
:108890005814AC445C14B4446014BC446414C44420
:1088A000000000000414044408140C440C14144484
:1088B00010141C441414244418142C441C12322286
:1088C0002014384424144044281448442C145044A0
:1088D0003014584434125E22381464443C146C44FE
:1088E0004014744444147C44481484444C148C4410
:1088F000501494445412991158149C4200000000E2
:108900003C87020878A10208000000000000000077
:1089100007000000070000005C87020878A1020839
:108920000000000000000000090000000900000035
:10893000A887020878A102080000000000000000DB
:108940000300000003000000B887020878A10208B5
:1089500000000000000000000F0000000F000000F9
:10896000F887020878A1020800000000000000005B
:1089700010000000100000003C88020878A10208E6
:1089800000000000000000001900000019000000B5
:10899000A488020878A1020800000000000000007E
:1089A0001600000016000000546C020890890208AE
:1089B000788902086089020848890208308902081B
:1089C000188902080089020800000000051401004F
:1089D0000000040009380140080028000D3801405B
:1089E0000800A000113801400800C80015380140F7
:1089F0000800800019380140080038001D38014087
:108A000008000C0021380140080008012538014009
:108A100008001C0000000000000000000000000032
:108A2000F9D4000885DB0008000000000000000009
:108A30006BDE000881DE0008450600083B090008DF
:108A4000E7DF00082FE00008F9D30008FF0800085E
:108A5000270900082B09000871F90008DB6B0008E2
:108A6000B1E20008FFFFFFFF0000000080010000EE
:108A700080010000637C777BF26B6FC53001672B50
:108A8000FED7AB76CA82C97DFA5947F0ADD4A2AF02
:108A90009CA472C0B7FD9326363FF7CC34A5E5F110
:108AA00071D8311504C723C31896059A071280E2BE
:108AB000EB27B27509832C1A1B6E5AA0523BD6B312
:108AC00029E32F8453D100ED20FCB15B6ACBBE3982
:108AD0004A4C58CFD0EFAAFB434D338545F9027F6E
:108AE000503C9FA851A3408F929D38F5BCB6DA2127
:108AF00010FFF3D2CD0C13EC5F974417C4A77E3D53
:108B0000645D197360814FDC222A908846EEB814A8
:108B1000DE5E0BDBE0323A0A4906245CC2D3AC626B
:108B20009195E479E7C8376D8DD54EA96C56F4EA76
:108B3000657AAE08BA78252E1CA6B4C6E8DD741F87
:108B40004BBD8B8A703EB5664803F60E613557B94A
:108B500086C11D9EE1F8981169D98E949B1E87E904
:108B6000CE5528DF8CA1890DBFE6426841992D0FB3
:108B7000B054BB1652096AD53036A538BF40A39E03
:108B800081F3D7FB7CE339829B2FFF87348E4344EC
:108B9000C4DEE9CB547B9432A6C2233DEE4C950B48
:108BA00042FAC34E082EA16628D924B2765BA249A8
:108BB0006D8BD12572F8F66486689816D4A45CCCC7
:108BC0005D65B6926C704850FDEDB9DA5E1546579A
:108BD000A78D9D8490D8AB008CBCD30AF7E45805D0
:108BE000B8B34506D02C1E8FCA3F0F02C1AFBD03DC
:108BF00001138A6B3A9111414F67DCEA97F2CFCEAD
:108C0000F0B4E67396AC7422E7AD3585E2F937E847
:108C10001C75DF6E47F11A711D29C5896FB7620E89
:108C2000AA18BE1BFC563E4BC6D279209ADBC0FE6A
:108C300078CD5AF41FDDA8338807C731B112105917
:108C40002780EC5F60517FA919B54A0D2DE57A9F09
:108C500093C99CEFA0E03B4DAE2AF5B0C8EBBB3CFE
:108C600083539961172B047EBA77D626E169146382
:108C700055210C7D001B362D6C775A4100010204F2
:108C800008102040801B3600982F8A42914437718B
:108C9000CFFBC0B5A5DBB5E95BC25639F111F1597F
:108CA000A4823F92D55E1CAB98AA07D8015B8312C1
:108CB000BE853124C37D0C55745DBE72FEB1DE806D
:108CC000A706DC9B74F19BC1C1699BE48647BEEF9C
:108CD000C69DC10FCCA10C246F2CE92DAA84744A27
:108CE000DCA9B05CDA88F97652513E986DC631A89D
:108CF000C82703B0C77F59BFF30BE0C64791A7D57C
:108D00005163CA0667292914850AB72738211B2E03
:108D1000FC6D2C4D130D385354730A65BB0A6A76EB
:108D20002EC9C281852C7292A1E8BFA24B661AA8F7
:108D3000708B4BC2A3516CC719E892D1240699D607
:108D400085350EF470A06A1016C1A419086C371E80
:108D50004C774827B5BCB034B30C1C394AAAD84E5E
:108D60004FCA9C5BF36F2E68EE828F746F63A57899
:108D70001478C8840802C78CFAFFBE90EB6C50A42C
:108D8000F7A3F9BEF27871C60100000002000000EE
:108D90000400000008000000100000002000000097
:108DA0004000000080000000000100000002000000
:108DB0000004000000080000001000000020000077
:108DC00000400000008000000201040302040810BB
:108DD00004004000000422FB1200110321001106D0
:108DE000210322021406110B120B110E120E111484
:108DF0001116220B13152111240D211421162215F1
:108E0000231541134114331452136116521653168D
:108E10006316641674165000B00018017801B00291
:108E20001803C8053006300C980C01010000010041
:108E30000100000001000100000F060300122436AB
:108E4000480416283A4C081A2C3E0C1E30421022B8
:108E5000344601132537490517293B4D091B2D3F82
:108E60000D1F314311233547021426384A06182AAC
:108E70003C4E0A1C2E400E203244031527394B0766
:108E8000192B3D4F0B1D2F410F21334500000000D2
:108E900000000000000000000000000000000000D2
:108EA00000000000000000000000000001000000C1
:108EB00000000000000000000000000000000000B2
:108EC000000000000000000000000000E0EB7A7CE1
:108ED0003B41B8AE1656E3FAF19FC46ADA098DEB4E
:108EE0009C32B1FD866205165F49B8005F9C95BC57
:108EF000A3508C24B1D0B1559C83EF5B04445CC477
:108F0000581C8E86D8224EDDD09F1157ECFFFFFFF4
:108F1000FFFFFFFFFFFFFFFFFFFFFFFFFFFFFFFF61
:108F2000FFFFFFFFFFFFFFFFFFFFFF7F00000000CD
:108F30000000000000000000000000002D69000893
:108F40002F80000849AB00087F6D000837680008D3
:108F50000000000039680008C3060008C3060008C6
:108F6000B89E0208B09E0208000000000000000049
:108F700008000000090000000000000000000000E0
:108F800000000000000000000000000000000000E1
:108F900000000000000000000000000000000000D1
:108FA00000000000000000000000000000000000C1
:108FB00000000000000000000000000000000000B1
:108FC00000000000000000000000000000000000A1
:108FD00000000000FC9E0208F09E02080000000055
:108FE000000000000300000003000000000000007B
:108FF00000000000FBD4000869080108BF06000853
:109000003D04010813D50008AB050108C905010896
:10901000D17E0108F37E0108709C0208689C02085A
:1090200000000000F322000802000000020000001F
:109030003021120312033021031221302130031298
:109040004370340725165261526125163407437068
:109050000734704361521625162561527043073458
:109060003407437052612516251652614370340748
:109070007043073416256152615216250734704338
:10908000000000000000000009D6000813D6000808
:109090001DF50008000000000000000009D60008CF
:1090A00013D600086D4E000800000000000000000C
:1090B000390800084B08000800000000000000000C
:1090C0000000000009D6000813D6000831F500089A
:1090D00000000000149C0208F89B02080000000039
:1090E000000000000A0000000E0000000000000068
:1090F000000000000000000000000000450600081D
:109100000000000021090008250900083F090008A7
:10911000FF080008270900082B09000800000000CC
:10912000000000401281000001000000000000402B
:109130001201010002000000000000401281010045
:1091400003000000000000401201020005000000C2
:1091500000000040128100000600000000440140B1
:10916000128E000007000000002C01401281100048
:109170000701000000480140128E000008000000B6
:10918000002C01401281000009000000002C014069
:10919000120101000A000000002C014012810100B0
:1091A0000B000000002C0140120102000F00000023
:1091B0000000004012810000130000000000004089
:1091C000120101001600000000440140128E100040
:1091D0001700000000480140128E10001800000027
:1091E000002C014012011100180100000044014050
:1091F000128E0000FFFFFFFF0000000000000000D3
:109200000000000000000000C5060008797E01088B
:10921000BF060008C3060008F54E00085E10D20F16
:10922000960F320FD80E880E2E0ECA0D5C0DE40C70
:109230001C0C00000000000000000000416200085B
:10924000000000000000000000000000000000001E
:10925000000000000000000000000000000000000E
:1092600000000000000000000000000000000000FE
:1092700000000000000000000000000000000000EE
:1092800000000000000000000000000000000000DE
:1092900000000000000000000000000000000000CE
:1092A00000000000000000000000000000000000BE
:1092B00000000000000000000000000000000000AE
:1092C000000000000000000000000000000000009E
:1092D000000000000000000000000000000000008E
:1092E000000000000000000000000000000000007E
:1092F000F47ECC17E6B4A322ECEED9084F3963EA2A
:109300008075E124CE05366963B2CBC028D3348B97
:109310005A9EA2A68AA666C15F550064A3A6FE71E6
:10932000C0BB82C3323D7A7AE36EFDDDAD3A66B9E9
:10933000B3DF3B2E67B6D5F8DF762C455E2EBD1623
:10934000C5F867AA15F8920BDF5A6650AC0DBB2F13
:109350003B8F863A381F7739A94EEF91185A62E150
:10936000AA9D36EACE60358D9D1FF4B8C9136A5D9B
:10937000367E2DE1845F425229110A2564546A6BBE
:10938000FDB665FF151A5171224057F6919B64583E
:109390001677EBA45291FB26CF8FD7D9D15DC46845
:1093A0007375EDC59558EE9056D42F3129F78C1F63
:1093B000318CA95EED3C12BF979C478E989DC23EB2
:1093C00086239029C8B020F8B1B0AA192ACF0A5430
:1093D000A48A990E51DC1220F313F52B3AE2434292
:1093E000C65298CDBBCAB131A0D4D630F327FB49C1
:1093F000D23F138D22048D075958A0F955CF30A0C4
:109400002E2FCA8020E4DEA1ADD958B3432B2270A1
:109410004041EC6AD2D603E49A9EBD6C0A9B75A4C7
:10942000BCAB6FA795FF2DF6E9B9AB4C0C1CD03B3C
:109430002249322B00F922FA1702E96482F04D1B0F
:10944000C704FCDC8C5EB6D916D637CE59AA0949BA
:10945000486F1E48978864ACE8EB30A3C3E1CF9710
:1094600039A6555B5FBF18B73ADFA875E79DE01EC8
:1094700009B4E26D2898C9476646BFFF581791AAFC
:10948000C3BF4A9D0B88B1F103DD61D7BA9E6498D2
:10949000393984E0222F7D78451872B413D2012F18
:1094A0003CA1B0FE39D0F13C72D6EF54D57722A062
:1094B0000ADA5FECFF5CC02E5FC48D03E58059D3F0
:1094C0005D4986E98DF6F616353DF99B29559E6472
:1094D0000856F0D7EF77D6111C8F952D3CDFB122BF
:1094E000BF609BE5A9C06E4B01DCD15744B2A5CF4C
:1094F0002CB27785D6B7489CFEBC802660F46DCE32
:109500001131A21E330A6D2B00FA0C90958F5C6B03
:10951000FA59C86E94EE75C99AB0FE893640C99959
:109520004A3BF4AA1224A20FF9D108CB7819AAE574
:109530006E427A4A8C616222A189D3A4C219A383A4
:1095400053A77A0A89E25452623DE7CA8CF66A60F0
:1095500020272FBA0C99D729F31135899D0E24A104
:10956000C3CBDF8AF1C6FED0D79F92D68F59BFE416
:109570009170B47CFBFFA0596A251CA99EE9438128
:109580005D74B1B10928004AAFE3FCA94E27764CBF
:1095900085FE7CECB67874C3ECE1327FB0B7027420
:1095A000F923D8E7FA14E6EE6644B18CA52F7ED2F3
:1095B0008E66657B3B6F7ECC57B457EACC83F5AAA9
:1095C000F765A3CE937213C1B6467B2945B5C89300
:1095D000CC11FB1AABA131876AC6DE8887A9B959BD
:1095E00037828DB2CCD897409A5C8F4055CB4C3E99
:1095F00000000000000000002F200008A12000084B
:10960000D49C0208809C02080000000000000000BA
:109610003B000000670000000000000000000000A8
:10962000358E0008616D00080F4201082F420108C5
:109630008D420108E94201082D4501082B46010829
:10964000052201082D220108354601083946010886
:109650000D470108F771000839220108B96A0008AE
:109660007B220108F9410108F7210108E5470108BB
:1096700071470108152301081723010851DB000871
:109680000000000000000000FD5A0108D54101085B
:109690001D4201083D4201089B420108E9420108C0
:1096A0002D4501082B460108052201082D2201083D
:1096B00035460108394601080D4701082D470108C4
:1096C00039220108792201087B220108F9410108A9
:1096D000F7210108E5470108714701081523010832
:1096E0001723010851DB00080000FFFF0000800085
:1096F000000000000800080000000000000000005A
:10970000E8030000FFFFFFFFFFFFFFFFFFFFFFFF7A
:10971000FFFFFFFFFFFFFFFF000000000000000051
:10972000FB5A0108C9410108715C01084D4C010850
:10973000514C0108594C0108BD250108592901085F
:1097400051240108832901089D250108775D01083E
:10975000275E01082B58010863540108E15B0108EA
:1097600035620108BB610108D9630108D3640108AF
:109770007571010879550108912301082B640108CE
:10978000E5700108194B01087B280108F55D010807
:10979000274C010821600108FD25010861600108CE
:1097A00091270108054C0108FD4B0108A927010874
:1097B000D7250108F55E0108E95F01084125010888
:1097C00065250108A95601086123010869230108DC
:1097D0006123010869230108612301086923010845
:1097E000B723010891610108036801083F57010888
:1097F000B3270108E544010801460108CD650108C9
:1098000099660108DF570108097301086F7701089D
:10981000A5770108FD7701080000000000000000A6
:10982000AD3B0108034D0108913B0108C947010800
:10983000693B0108497E0108773B0108D17E010898
:10984000F37E010800000000000000000DEA00089F
:109850008DE90008BF060008EBDB0008D5D500083D
:10986000DDD50008F7D50008D17E0108F37E010898
:109870000000000000000000E58101080414004021
:10988000081004100C100510101006100000000045
:109890007C98020878A10208000000000000000087
:1098A0000400000004000000041204440000000052
:1098B00004100111081204420C140C441012144438
:1098C00014121C4418102111000000000414044458
:1098D00008100911000000000410011108120442D0
:1098E0000C140C441012144414121C4418102111AE
:1098F0001C10231100000000041200400811044055
:109900000C100810000000009098020800000000F1
:10991000051801400400080000000000051801407F
:1099200004000800091701000C0021000C11304050
:1099300000000000A898020878A1020800000000BA
:10994000000000000100000001000000B0980208C3
:1099500078A10208000000000000000006000000DE
:1099600006000000CC98020878A102080000000060
:10997000000000000200000002000000D898020869
:1099800078A10208000000000000000007000000AD
:1099900007000000F898020878A102080000000003
:1099A00000000000030000000300000010990208FE
:1099B00008990208000000000000000001000000FB
:1099C000010000001C99020808990208000000002C
:1099D000000000000300000003000000041200402B
:1099E0000918011005001100000000007C99020810
:1099F000649902084C99020834990208000000009A
:109A00000518014004002400091801402C000C0036
:109A10000D1801403C0024001118014064000800AA
:109A200000000000041200100916010002002200CC
:109A30000000000004120010081204400C120880FC
:109A40001012144400000000846C020800000000A2
:109A5000041200400918012006006A000C10701062
:109A60001010711000000000041200100812011004
:109A70000C1202201012042000000000089B0208B3
:109A8000000000000528104004001800000000003D
:109A90000517010000000800081108400C140C40D4
:109AA000111701001000050000000000C499020811
:109AB000AC99020894990208546202080000000060
:109AC0000518014004003400091801403C000C0056
:109AD0000D1801404C000C00111801405C000800FA
:109AE0000000000004120111081404420C120C447E
:109AF0001012144414121C44281224442C122C4416
:109B00003012344400000000DC990208846202082C
:109B10000000000000000000020000000200000041
:109B2000009A0208EC990208000000000000000002
:109B30000400000004000000249A020878A1020832
:109B40000000000000000000020000000200000011
:109B5000349A020878A1020800000000000000000A
:109B60000400000004000000509A0208489A02080D
:109B700000000000000000000400000004000000DD
:109B8000689A020878A102080000000000000000A6
:109B90000400000004000000849A02087C9A020875
:109BA00000000000000000000100000001000000B3
:109BB000909A020878A1020800000000000000004E
:109BC0000400000004000000C09A0208AC9A0208D9
:109BD000000000000000000004000000040000007D
:109BE000E49A020878A102080000000000000000CA
:109BF000080000000C000000D0710208846C02080C
:109C0000E8710208E8710208E8710208089B02087E
:109C1000000000000918014004004C000D1801204C
:109C200052006A0015280140C00060011D18014063
:109C300024026001211201008403040025100100A8
:109C4000880301002D100100890301003118012053
:109C50008C03600135280C40F00418003912010013
:109C60001006040000000000FC5D02080000000077
:109C7000041200400968010004000C00000000000C
:109C800058710208846C0208A07102087071020801
:109C900010710208C89B0208B09B0208989B02083A
:109CA000809B0208846C020858710208A0710208A7
:109CB000707102086C6C0208B0700208B070020883
:109CC000689B0208509B0208389B0208209B0208F0
:109CD00000000000053201800800040009380180FE
:109CE00008004C000D30018008000100113801808F
:109CF00008006A001532018008000100193801804F
:109D00000800D0001D3201800800010021380180C8
:109D10000800D80029300180080001002D3701809B
:109D20000800C90031300180080001003538018089
:109D300008002C0039300180080001003D37018007
:109D40000800E7004130018008000100453801802B
:109D50000800640049380180080018004D30018077
:109D6000080001005138018008008401553001804D
:109D700008000100593701800800C9005D320180E8
:109D80000800040061320180080001006532018092
:109D90000800010069320180080001006D3801806F
:109DA000080006008138018008006A0085380180BB
:109DB00008004C00893801800800D0008D380180EF
:109DC0000800D800913701800800C900953701804C
:109DD0000800E70099320180080004009D320180EC
:109DE00008000400A132018008000400A5380180A9
:109DF00008007400A930018008000100AD34018022
:109E000008000400B130018008000100B53801806D
:109E100008008C00B938018008008C00BD32018038
:109E200008000400C132018008000400C53201802E
:109E30000800040001300180080001100530018095
:109E40000800011009380180080074100D380180E5
:109E500008001810113001800800011079310180CC
:109E6000080004107D310180080004108130018059
:109E7000080001108531018008000410893101803B
:109E8000080004108D310180080004109130018019
:109E9000080001109516010090010A109938018000
:109EA000080024109D38018008006C10000000009C
:109EB000E09B0208000000000517010000002000E0
:109EC00009160100200022000C12444010124840E4
:109ED00019180140500038001C128840211601005A
:109EE0008C001200251701009E00080000000000F1
:109EF000C8820208C882020800000000053801403C
:109F000004005C000938014004005C000C320414B9
:109F1000000000004445425547001B5B33346D0090
:109F2000494E464F20001B5B33326D005741524E65
:109F300020001B5B33336D004552524F52001B5BB8
:109F400033316D001B5B306D00322E372E32312ED7
:109F50006461653138656500417474656D707420A5
:109F6000656E63727970742077697468206E6F6EA5
:109F700063653A2000417474656D707420656E638A
:109F8000727970742077697468207368617265648F
:109F90005F6B6579207374617274696E672077698D
:109FA00074683A2000417474656D70742064656350
:109FB000727970742077697468206E6F6E63653A89
:109FC0002000417474656D707420646563727970EB
:109FD000742077697468207368617265645F6B656B
:109FE00079207374617274696E6720776974683A56
:109FF0002000766563746F723A3A5F4D5F726561F7
:10A000006C6C6F635F696E73657274005452414388
:10A0100045001B5B33356D00257320007C20253007
:10A0200032643A253032643A253032642025752076
:10A03000007C203F3F3A3F3F3A3F3F2025752000BC
:10A040005B005D20004D6573687461737469632003
:10A0500025303478002125303878002F73746174EE
:10A0600069632F72616E6765746573742E637376AE
:10A0700000766563746F723A3A5F4D5F72616E6726
:10A08000655F636865636B3A205F5F6E2028776861
:10A0900069636820697320257A7529203E3D207404
:10A0A0006869732D3E73697A652829202877686965
:10A0B000636820697320257A752900496E636F6D86
:10A0C000696E67205075626B65793A20005361763E
:10A0D0006564205075626B65793A200052656D6F3A
:10A0E00074652064657669636520257320686173F3
:10A0F000206164766572746973656420796F757226
:10A10000207075626C6963206B65792E20546869D4
:10A1100073206D617920696E646963617465206183
:10A1200020636F6D70726F6D69736564206B657904
:10A130002E20596F75206D6179206E6565642074DD
:10A140006F20726567656E657261746520796F75E1
:10A1500072207075626C6963206B6579732E00766E
:10A160006563746F723A3A5F4D5F72616E67655FE7
:10A17000696E73657274000000000000456E7465BE
:10A1800072205365637572697479204E756D6265CE
:10A190007220666F72204B65792056657269666918
:10A1A000636174696F6E0056657269666963617494
:10A1B000696F6E3A200A0046696E616C20636F6EAB
:10A1C0006669726D6174696F6E20666F7220696E68
:10A1D000636F6D696E67206D616E75616C206B6574
:10A1E0007920766572696669636174696F6E20258E
:10A1F00073002F70726566732F72696E67746F6E6D
:10A20000652E70726F746F004D65736820436F6EBA
:10A2100074726F6C2075706461746520726563651B
:10A22000697665642066726F6D2027257327202864
:10A230007365713D2575292E20417070726F7665AA
:10A2400020696E2061707020746F206170706C796D
:10A250002073657474696E67732E0063616E6E6F30
:10A260007420637265617465207374643A3A64653E
:10A27000717565206C6172676572207468616E200B
:10A280006D61785F73697A6528290050726573651E
:10A290007420257320696E76616C696420666F7224
:10A2A0002025732C207573696E672025730050720A
:10A2B0006573657420257320696E76616C6964200E
:10A2C000666F72202573002573207370616E2025E0
:10A2D0002E30666B487A203C207265717565737408
:10A2E000656420252E30666B487A004368616E6E87
:10A2F000656C206E756D62657220257520696E76BD
:10A30000616C696420666F722025732C206D617802
:10A31000206973202575004672657175656E6379D5
:10A32000206F7665727269646520696E20706C6159
:10A3300063652C207573696E6720252E3366005285
:10A340006562726F616463617374206D6F64652010
:10A3500063616E27742062652073657420746F20BA
:10A360004E4F4E4520666F72206120726F75746586
:10A370007220726F6C6500526567696F6E2025737D
:10A38000207265717569726573206C6963656E739F
:10A390006564206D6F6465006D73680025732F25FB
:10A3A0007300596F75206D7573742070726F7669C4
:10A3B0006465206174206C65617374206F6E652024
:10A3C00061646D696E207075626C6963206B65797C
:10A3D00020746F20656E61626C65206D616E6167CF
:10A3E0006564206D6F6465002F7072656673002F61
:10A3F00070726566732F7472616E736D69745F68D5
:10A400006973746F72792E6461740072616B333199
:10A4100037320044757479206379636C65206C6908
:10A420006D69742065786365656465642E20596F75
:10A43000752063616E2073656E6420616761696E6B
:10A4400020696E202564206D696E730073657269E2
:10A45000616C006770696F002025303278005365A9
:10A46000742061646D696E206B657920746F2000C3
:10A470005472616365526F7574652063616E206FFD
:10A480006E6C792062652073656E74206F6E6365F3
:10A49000206576657279203330207365636F6E6452
:10A4A00073004D756C74692D686F702074726163F0
:10A4B00065726F75746520746F2062726F6164637A
:10A4C0006173742061646472657373206973206EB4
:10A4D0006F7420616C6C6F776564002F0061646D30
:10A4E000696E00496E636F6D696E67207365737383
:10A4F000696F6E206B65793A2000457870656374EA
:10A5000065642073657373696F6E206B65793A209B
:10A510000073656B726974004C6963656E73656482
:10A52000206D6F6465206163746976617465642C65
:10A530002072656D6F76696E672061646D696E204B
:10A540006368616E6E656C20616E6420656E637217
:10A55000797074696F6E2066726F6D20616C6C200B
:10A560006368616E6E656C73002F70726566732F21
:10A570007569636F6E6669672E70726F746F002FF6
:10A580006261636B757073002F6261636B757073CA
:10A590002F6261636B75702E70726F746F004D6502
:10A5A000736820436F6E74726F6C20757064617491
:10A5B0006520646973636172646564002573207348
:10A5C000746174653A20256900257320646574659B
:10A5D000637465640046696E616C20636F6E6669C2
:10A5E000726D6174696F6E20666F72206F7574672B
:10A5F0006F696E67206D616E75616C206B65792087
:10A60000766572696669636174696F6E202573008F
:10A61000496E636F6D696E67204B65792056657270
:10A62000696669636174696F6E2E0A53656375723A
:10A63000697479204E756D6265720A253033752014
:10A6400025303375002E746D700055530045555FED
:10A650003433330045555F38363800434E004A5096
:10A6600000414E5A00414E5A5F3433330052550078
:10A670004B5200545700494E004E5A5F3836350051
:10A6800054480055415F3433330055415F38363804
:10A69000004D595F343333004D595F393139005320
:10A6A000475F3932330050485F3433330050485FDE
:10A6B0003836380050485F393135004B5A5F3433F3
:10A6C00033004B5A5F383633004E505F3836350012
:10A6D00042525F393032004C4F52415F32340055A4
:10A6E0004E53455400656E642D6F662D737472650C
:10A6F000616D00696F206572726F720076617269B8
:10A700006E74206F766572666C6F7700696E766125
:10A710006C696420776972655F7479706500706137
:10A7200072656E742073747265616D20746F6F2032
:10A7300073686F72740073747265616D2066756CF6
:10A740006C00696E76616C696420646174615F732A
:10A75000697A650053657269616C4D6F64756C65EB
:10A76000526164696F003F3F3F0025733A202573B3
:10A7700000696E76616C69642073697A650073693B
:10A780007A6520746F6F206C617267650072656115
:10A790006C6C6F63206661696C656400696E7661DC
:10A7A0006C696420756E696F6E20746167006172F8
:10A7B000726179206F766572666C6F770066616989
:10A7C0006C656420746F20736574206465666175C0
:10A7D0006C747300696E76616C6964206669656C7F
:10A7E00064207479706500746F6F206D616E7920DC
:10A7F000617272617920656E74726965730063615C
:10A800006C6C6261636B206661696C6564007A657B
:10A81000726F2074616700696E76616C696420658F
:10A820007874656E73696F6E0077726F6E672073F0
:10A83000697A6520666F7220666978656420636F47
:10A84000756E74206669656C64006D697373696EFA
:10A8500067207265717569726564206669656C64EC
:10A860000077726F6E672077697265207479706502
:10A8700000696E746567657220746F6F206C617219
:10A880006765006279746573206F766572666C6FB8
:10A890007700737472696E67206F766572666C6F8D
:10A8A0007700696E76616C6964206669656C642006
:10A8B00064657363726970746F7200696E636F723E
:10A8C00072656374206669786564206C656E677470
:10A8D000682062797465732073697A65002E2E0092
:10A8E0007375626D73672073697A65206368616E42
:10A8F0006765640062797465732073697A652065A1
:10A9000078636565646564007A65726F2D6C656E49
:10A9100067746820737472696E6700756E7465720F
:10A920006D696E6174656420737472696E6700632B
:10A93000616C6C6261636B206572726F7200617230
:10A94000726179206D61782073697A65206578631A
:10A95000656564656400286E6F6E652900203E2081
:10A96000002800644229004E6F20726573706F6E7C
:10A970007365207265636569766564005761697403
:10A9800020666F722000212D30333639002D256C62
:10A99000642E25302A6C6400307825303878000128
:10A9A00008AC00657870616E642033322D62797472
:10A9B00065206BB02AAE7DEECBBBB1FC036FDDDC56
:10A9C0007D76670CE81F0DA3A0AA1EB0BD726B2B8D
:10A9D0004C8A7E34FC3760F41E22A00BFB18846086
:10A9E000A5777200D4F1BB3A20290759F0BCFFAB20
:10A9F000CF4E690100437573746F6D004C6F6E67C5
:10AA0000536C6F770053686F7274547572626F0085
:10AA10004C6F6E674D6F640053686F7274536C6F48
:10AA200077004C6F6E67466173740053686F727481
:10AA30004661737400496E76616C6964004D6564AB
:10AA400069756D536C6F77004C6F6E6754757262E9
:10AA50006F004D656469756D466173740044656689
:10AA600061756C740054687265616420005468728A
:10AA7000656164436F6E74726F6C6C657220006CFC
:10AA80006974746C656673002F70726566732F6EDF
:10AA90006F6465732E70726F746F002F70726566CD
:10AAA000732F6465766963652E70726F746F002F03
:10AAB00070726566732F636F6E6669672E70726F52
:10AAC000746F002F70726566732F6D6F64756C659F
:10AAD0002E70726F746F002F70726566732F6368CB
:10AAE000616E6E656C732E70726F746F004D65735E
:10AAF0006820436F6E74726F6C2073657474696E36
:10AB00006773206170706C696564006D7174742E78
:10AB10006D6573687461737469632E6F7267006D1D
:10AB2000657368646576006C61726765346361742F
:10AB30007300526573746F726564206B6579006D84
:10AB40006573687461737469632E706F6F6C2E6EB9
:10AB500074702E6F72670053657269616C436F6E1B
:10AB6000736F6C65000D0A0D0A2F2F5C2045205372
:10AB700020482054202F5C20532054202F20430DA8
:10AB80000A0056657273696F6E20257320666F72B6
:10AB90002025732066726F6D2025730D0A005243C5
:10ABA0004756312F6669726D776172652D466F72F7
:10ABB0006B004465627567206D757465206973204C
:10ABC000656E61626C65642C2074686572652077BF
:10ABD000696C6C206265206E6F2073657269616CB0
:10ABE000206F75747075742E0D0A006D61696E4367
:10ABF0006F6E74726F6C6C65720074696D65724310
:10AC00006F6E74726F6C6C657200506F7765720056
:10AC10002F70726566732F64622E70726F746F008E
:10AC2000766563746F723A3A5F4D5F64656661750D
:10AC30006C745F617070656E6400526F75746572DC
:10AC4000005374617475734C45444D6F64756C6545
:10AC50000041646D696E006D6573685F636F6E744B
:10AC6000726F6C004D657368436F6E74726F6C0029
:10AC70006E6F6465696E666F004E6F6465496E66DF
:10AC80006F00776179706F696E74007472616365CB
:10AC9000726F757465005472616365526F75746587
:10ACA000006E65696768626F72696E666F004E65F7
:10ACB000696768626F72496E666F00646574656388
:10ACC00074696F6E00446574656374696F6E536573
:10ACD0006E736F72004B6579566572696669636160
:10ACE00074696F6E0044657669636554656C656D63
:10ACF000657472790053657269616C00457874659A
:10AD0000726E616C4E6F74696669636174696F6EAF
:10AD10004D6F64756C650045787465726E616C4E3C
:10AD20006F74696669636174696F6E0032343A6486
:10AD30003D33322C6F3D352C623D3536353A663623
:10AD40002C702C66362C34702C702C66362C702CA3
:10AD500066362C32702C702C62362C702C62362C9D
:10AD6000702C62362C702C62362C702C622C702C5D
:10AD7000622C702C622C702C622C702C622C702C2B
:10AD8000622C702C622C702C622C31702E2C327044
:10AD90002E2C7000726F7574696E67005261646961
:10ADA0006F496600526164696F4C69622065727216
:10ADB0003D005358313236310041697254696D6536
:10ADC00000626F6F742074696D656F7574005761F0
:10ADD0006B652074696D657200526563656976659F
:10ADE00064207061636B65742C2065786974696E8A
:10ADF00067206C6967687420736C656570005265C4
:10AE0000636569766564207061636B65742C20727C
:10AE10006573657474696E672077696E2077616BFE
:10AE200065005072657373004C6F77426174005314
:10AE3000687574646F776E00496E70757420446530
:10AE40007669636500426C7565746F6F7468207015
:10AE5000616972696E67005061636B657420666F2B
:10AE6000722070686F6E650052656365697665640F
:10AE700020746578740073657269616C2041504973
:10AE800000706F77657220636F6E6E65637400701B
:10AE90006F77657220646973636F6E6E6563746546
:10AEA000640073657269616C20646973636F6E6EB0
:10AEB00065637400436F6E746163742066726F6DB6
:10AEC0002070686F6E650053637265656E2D6F6EDE
:10AED0002074696D656F757400506F7765724653A5
:10AEE0004D0053485554444F574E00534453004C63
:10AEF00053004E42004441524B0053455249414C8D
:10AF000000424F4F54004F4E00504F5745520043A0
:10AF10006F6D70726F6D69736564206B65797320F6
:10AF20007765726520646574656374656420616E1D
:10AF30006420726567656E6572617465642E006277
:10AF4000617369635F737472696E673A3A5F535FE6
:10AF50006372656174650002020203050507070B51
:10AF60000B0B0B0D0D0000000200000003000000A1
:10AF700005000000070000000B0000000D000000AD
:10AF80001100000013000000170000001D00000069
:10AF90001F00000025000000290000002B00000019
:10AFA0002F000000350000003B0000003D000000C5
:10AFB0004300000047000000490000004F0000006F
:10AFC000530000005900000061000000670000000D
:10AFD0006D000000710000007F000000890000008B
:10AFE0008B000000950000009D000000A7000000FD
:10AFF000B3000000C1000000C7000000D300000043
:10B00000E3000000F1000000010100001501000054
:10B010002501000039010000510100006701000016
:10B020007F01000099010000B7010000D30100007A
:10B03000F70100001D020000410200006B02000049
:10B0400095020000C5020000F9020000370300006D
:10B0500077030000B9030000070400005504000056
:10B06000A90400000905000065050000D5050000E1
:10B070004D060000CD06000057070000ED07000058
:10B080008308000035090000F5090000C10A00002E
:10B090009B0B0000890C00008D0D00009B0E000032
:10B0A000BB0F0000FD1000005F120000DF13000066
:10B0B0007F150000411700001B190000251B000030
:10B0C0005D1D0000BB1F00004F220000192500007D
:10B0D00021280000692B0000EB2E0000B732000091
:10B0E000D1360000453B00001B40000055450000E4
:10B0F000EF4A000011510000AF570000D95E000078
:10B100009B660000FB6E000007780000C78100000E
:10B110005D8C0000D99700003BA40000A9B100009D
:10B1200031C00000D1CF0000D5E0000019F30000CD
:10B13000EB060100711C0100BB330100ED4C010066
:10B140002B6801009585010079A50100FBC701006E
:10B150003FED01009F150200514102007F70020087
:10B1600085A30200D3DA0200A91603005B5703008F
:10B17000619D030017E903000D3B0400AF93040039
:10B1800097F30400555B05008BCB0500E9440600EE
:10B1900047C806007156070031F00700999608006D
:10B1A000874A0900410D0A00F9DF0A00E9C30B00D4
:10B1B00085BA0C0053C50D00F1E50E00431E1000CA
:10B1C00025701100ADDD12001D691400F114160088
:10B1D000DBE31700A3D8190071F61B00A3401E0083
:10B1E000D1BA2000F36823003D4F26005972290090
:10B1F00037D72C0027833000237C340057C8380011
:10B20000AF6E3D007B764200BDE7470013CB4D009B
:10B21000D1295400F30D5B00C7826200B5936A0028
:10B22000E34D730017BF7C003BF686007703920066
:10B230004DF89D00E9E7AA00B9E6B800DF0AC800AA
:10B24000736CD8006F25EA00F951FD0077101201E8
:10B25000DB812801B9C940018D0E5B010B7A7701B2
:10B260006D399601617DB701957ADB01596A020259
:10B27000638A2C02871D5A02136C8B0235C4C002EC
:10B28000B77AFA0219EB38036F787C03E18DC503B6
:10B29000679F1404752A6A04EBB6C60487D72A058B
:10B2A0002D2B9705B55D0C0629298B06955614079D
:10B2B000DDBFA80751504908BB06F708F9F6B209E7
:10B2C0000D4B7E0A93455A0BC343480C31BF490DC1
:10B2D0005D50600E5BB18D0F5FC0D310BD82341224
:10B2E0004D28B213890E4F15A5C40D17850FF118FF
:10B2F00009EEFB1AC99D311D75A0951F11C12B22A6
:10B300005D1AF824F11CFF27A596452BB7B9D02E5E
:10B31000E725A6324BF0CB36D5AD483B217D234007
:10B32000691264451FC3124B75933851D744DF57D8
:10B33000D164115FAD5EDA66AF8C466F434C6378C3
:10B34000D9123F822985E98CBD8F7398F781EFA4CC
:10B350000F2B71B251F90DC1AF1CDDD04BABF7E132
:10B36000AFC878F4FBFFFFFFFBFFFFFF4E537437BE
:10B370005F5F6378783131313562617369635F7320
:10B380007472696E676275664963537431316368BC
:10B3900061725F7472616974734963455361496393
:10B3A0004545450040B502086CB302081CB40208CC
:10B3B00000000000A4B30208D1100108F910010830
:10B3C000FD1E0208F71D02087D1B0208C51C0208AD
:10B3D000331F02080B1B0208E51F0208271B020887
:10B3E000411F0208B11A02088F1F0208111E02082D
:10B3F0005374313562617369635F73747265616D33
:10B40000627566496353743131636861725F747247
:10B41000616974734963454500000000E0B40208A7
:10B42000F0B30208000000001CB40208651F020807
:10B430007D1F0208FD1E0208FF1E0208011F0208F0
:10B44000171F0208331F0208371F0208E51F0208F2
:10B450003B1F0208411F0208591F02088F1F0208E4
:10B460005F1F020862617369635F737472696E675C
:10B470003A3A5F4D5F63726561746500626173693A
:10B48000635F737472696E673A3A5F4D5F7265709D
:10B490006C6163650062617369635F737472696E86
:10B4A000673A3A617070656E64004E31305F5F6379
:10B4B0007878616269763131375F5F636C6173738D
:10B4C0005F747970655F696E666F450040B502080C
:10B4D000AAB4020874B5020800000000CCB4020847
:10B4E0005D25020871250208252702082527020884
:10B4F000DB2502081D250208C32502088525020850
:10B500004F2502084E31305F5F637878616269765B
:10B510003132305F5F73695F636C6173735F74793D
:10B5200070655F696E666F450000000040B50208F7
:10B5300004B50208CCB40208000000002CB50208D3
:10B540002126020835260208252702082527020899
:10B55000DB2502081D250208F926020885260208B7
:10B5600049260208537439747970655F696E666F95
:10B5700000000000E0B4020864B50208696F73744B
:10B580007265616D00696F73747265616D206572BB
:10B59000726F7200556E6B6E6F776E206572726F90
:10B5A0007200000040B50208B0B502085CB602089F
:10B5B0002A4E31325F474C4F42414C5F5F4E5F3104
:10B5C0003137696F5F6572726F725F63617465674F
:10B5D0006F7279450000000000000000A4B5020869
:10B5E000612702087527020855270208C9280208A2
:10B5F00089270208652802086B2802089528020896
:10B6000067656E657269630073797374656D006256
:10B61000617369635F737472696E673A20636F6EFA
:10B62000737472756374696F6E2066726F6D206ECD
:10B63000756C6C206973206E6F742076616C696420
:10B64000004E5374335F563231346572726F725FDD
:10B6500063617465676F727945000000E0B40208A9
:10B6600041B6020840B5020870B602085CB602088E
:10B670002A4E31325F474C4F42414C5F5F4E5F3143
:10B68000323267656E657269635F6572726F725F91
:10B6900063617465676F72794500000040B5020808
:10B6A000A8B602085CB602082A4E31325F474C4FFA
:10B6B00042414C5F5F4E5F31323173797374656D17
:10B6C0005F6572726F725F63617465676F727945EF
:10B6D000000000000000000064B60208AB28020869
:10B6E000B1280208DD270208C9280208ED2802084F
:10B6F00065280208E52702089528020800000000D6
:10B700009CB60208A9280208BD280208F9270208E9
:10B71000C9280208ED280208012802084529020864
:10B720009528020862617369635F737472696E675A
:10B730003A3A5F535F636F6E737472756374206E11
:10B74000756C6C206E6F742076616C696400524574
:10B75000454E54206D616C6C6F6320737563636537
:10B7600065646564002F5F5F772F61726D2D6E6F6A
:10B770006E652D656162692D6763632D7870616305
:10B780006B2F61726D2D6E6F6E652D656162692D17
:10B790006763632D787061636B2F6275696C642FCA
:10B7A0006C696E75782D7836342F736F757263659A
:10B7B000732F6E65776C69622D63796777696E2F79
:10B7C0006E65776C69622F6C6962632F7374646C49
:10B7D00069622F72616E642E63002F5F5F772F6145
:10B7E000726D2D6E6F6E652D656162692D67636385
:10B7F0002D787061636B2F61726D2D6E6F6E652D8C
:10B80000656162692D6763632D787061636B2F6278
:10B8100075696C642F6C696E75782D7836342F736A
:10B820006F75726365732F6E65776C69622D6379CE
:10B830006777696E2F6E65776C69622F6C696263DA
:10B840002F7374646C69622F72616E646F6D2E6306
:10B850000000202020202020202020282828282800
:10B8600020202020202020202020202020202020D8
:10B870002020881010101010101010101010101030
:10B880001010040404040404040404041010101030
:10B8900010101041414141414101010101010101EB
:10B8A000010101010101010101010101011010105B
:10B8B00010101042424242424202020202020202BE
:10B8C000020202020202020202020202021010102E
:10B8D0001020000000000000000000000000000038
:10B8E0000000000000000000000000000000000058
:10B8F0000000000000000000000000000000000048
:10B900000000000000000000000000000000000037
:10B910000000000000000000000000000000000027
:10B920000000000000000000000000000000000017
:10B930000000000000000000000000000000000007
:10B9400000000000000000000000000000000000F7
:10B950000000494E4600696E66004E414E006E6121
:10B960006E003000303132333435363738394142A9
:10B970004344454600303132333435363738396147
:10B980006263646566004300504F53495800496E36
:10B9900066696E697479004E614E002F5F5F772F84
:10B9A00061726D2D6E6F6E652D656162692D6763C5
:10B9B000632D787061636B2F61726D2D6E6F6E6594
:10B9C0002D656162692D6763632D787061636B2FEC
:10B9D0006275696C642F6C696E75782D7836342FBA
:10B9E000736F75726365732F6E65776C69622D6313
:10B9F000796777696E2F6E65776C69622F6C696203
:10BA0000632F7374646C69622F64746F612E6300BA
:10BA100042616C6C6F632073756363656564656414
:10BA2000002F5F5F772F61726D2D6E6F6E652D65D4
:10BA30006162692D6763632D787061636B2F61723A
:10BA40006D2D6E6F6E652D656162692D6763632D67
:10BA5000787061636B2F6275696C642F6C696E75A9
:10BA6000782D7836342F736F75726365732F6E651A
:10BA7000776C69622D63796777696E2F6E65776C75
:10BA800069622F6C6962632F7374646C69622F6DD5
:10BA9000707265632E63000005000000190000004D
:10BAA0007D000000000000000080E03779C34143C2
:10BAB000176E05B5B5B89346F5F93FE9034F384D14
:10BAC000321D30F94877825A3CBF737FDD4F1575C0
:10BAD000000000000000F03F0000000000002440D3
:10BAE00000000000000059400000000000408F40AE
:10BAF000000000000088C34000000000006AF84019
:10BB00000000000080842E4100000000D01263413C
:10BB10000000000084D797410000000065CDCD41B2
:10BB2000000000205FA00242000000E87648374293
:10BB3000000000A2941A6D42000040E59C30A24231
:10BB40000000901EC4BCD64200003426F56B0C43A6
:10BB50000080E03779C3414300A0D885573476434D
:10BB600000C84E676DC1AB43003D9160E458E143AE
:10BB7000408CB5781DAF154450EFE2D6E41A4B4423
:10BB800092D54D06CFF08044F64AE1C7022DB54468
:10BB9000B49DD9794378EA4474540020232D302B86
:10BBA0002000686C4C006566674546470000000051
:08BBB0009818FF7F010000005E
:10BBB800FDE6010899DB01088909020891170208C6
:10BBC80015180208ED190208592402080926020866
:08BBD800C527020871290208CB
:08BBE00075DB01086510020885
:10BBE800010000000000000000000000000000004C
:10BBF800000000000000000002000000000000003B
:10BC0800000000000000000000000000000000002C
:10BC18000300000000000000000000000000000019
:10BC2800000000000000000000000000000000000C
:10BC380000000000000000000000000000000000FC
:10BC48001000000000093D008055002001000000A0
:10BC58000000000099001E00000000000000000025
:10BC680000000000000000000000000000000000CC
:10BC780000000000000000000000000000000000BC
:10BC880000000000000000000000000000000000AC
:10BC9800000000000000000000000000000000009C
:10BCA800000000000000000000000000000000008C
:10BCB800000000000000000000000000000000007C
:10BCC800000000000000000000000000000000006C
:10BCD800000000000000000000000000FC480020F8
:10BCE800FFFFFFFF000000000030024000000000DE
:10BCF800000000000000000000000000000000003C
:10BD0800000000000000000001000000FF0000002B
:10BD1800000000000000000000000000000000001B
:10BD2800000000000000000000000000000000000B
:10BD380000000000000000000000000000000000FB
:10BD480000000000000000000000000000000000EB
:10BD580000000000000000000000000000000000DB
:10BD680000000000000000000000000000000000CB
:10BD780000000000000000000000000000000000BB
:10BD880000000000000000000000000000000000AB
:10BD9800000000000000000000000000000000009B
:10BDA800000000000000000000000000000000008B
:10BDB800000000000000000000000000000000007B
:10BDC800000000000000000000000000000000006B
:10BDD800000000000000000000000000000000005B
:10BDE800000000000000000000000000000000004B
:10BDF8000000000000000000FFFFFFFFFFFFFFFF43
:10BE0800FFFFFFFFFFFFFFFF00030000000000002F
:10BE1800000000000000000000000000000000001A
:10BE280000000000E5E20008CDE60008B9E70008D8
:10BE3800F5D4000800080000000800000008000011
:10BE48000E0000008000000000000000000000005C
:10BE58000000000000000000747A706C616365687F
:10BE68006F6C646572202020202020202020202054
:10BE780020202020202020202020202020202020BA
:10BE88002020202020202020202020202020000DDD
:10BE98000A526164696F4C696220496E666F0A567E
:10BEA800657273696F6E3A202022372E362E302E37
:10BEB80030220D0A506C6174666F726D3A2022410F
:10BEC800726475696E6F2053544D333220286F6643
:10BED80066696369616C29220D0A224D61722032FC
:10BEE80033203230323622202231373A30383A3055
:10BEF8003722000000000000E0B5020804B702087D
:10BF0800DCB602084300000000000000000000004A
:10BF18000000000000000000000000000000000019
:10BF280000000000430000000000000000000000C6
:10BF380000000000000000000000000000000000F9
:10BF480000000000430000000000000000000000A6
:10BF580000000000000000000000000000000000D9
:10BF68000000000043000000000000000000000086
:10BF780000000000000000000000000000000000B9
:10BF88000000000043000000000000000000000066
:10BF98000000000000000000000000000000000099
:10BFA8000000000043000000000000000000000046
:10BFB8000000000000000000000000000000000079
:10BFC8000000000043000000000000000000000026
:10BFD8000000000000000000000000000000000059
:10BFE80000000000715402082D4D020800000000F6
:10BFF80051B80208DEA80208F4A90208F4A9020848
:10C00800F4A90208F4A90208F4A90208F4A902088C
:10C01800F4A90208F4A90208F4A90208FFFFFFFF27
:10C02800FFFFFFFFFFFFFFFFFFFF0000010041537D
:10C038004349490000000000000000000000000023
:10C048000000000000000000000000000000415354
:10C058004349490000000000000000000000000003
:10C0680000000000000000000000000000000000C8
:10C07800940400200000000074520020DC520020CC
:10C0880044530020000000000000000000000000F1
:10C098000000000000000000000000000000000098
:10C0A8000000000000000000000000000000000088
:10C0B8000000000000000000000000000000000078
:04C0C800B153002050
:04000005080212914A
:00000001FF
