:020000040800F2
:1000000000000120E51D0208351E020831D4010858
:10001000351E0208351E0208351E020800000000C9
:10002000000000000000000000000000351E020873
:10003000351E020800000000351E0208093D0008B8
:10004000351E0208351E0208351E0208351E02083C
:10005000351E0208351E0208553D0008593D0008AE
:100060005D3D0008613D0008653D0008351E020841
:10007000351E0208351E0208351E0208351E02080C
:10008000351E0208351E0208351E0208351E0208FC
:1000900000000000351E0208693D0008351E0208F8
:1000A000DB3B0008351E0208ED3B0008F13B000871
:1000B000053C0008193C0008751C01087B1C010860
:1000C000811C0108871C0108351E0208351E020824
:1000D000314700084947000865470008351E0208F7
:1000E000351E02087F3D0008351E0208351E020835
:1000F000351E02080000000000000000351E020846
:100100008D1C0108931C010805920108351E020888
:10011000351E0208351E0208351E0208351E02086B
:10012000351E0208351E0208351E0208351E02085B
:08013000351E0208351E02080D
:1001400003689A69910744BF00229A629A69D207AC
:100150005EBF9A6942F001029A61704730B5039D13
:1001600004682B4343EA0243064A6068C1F309016D
:100170000B4342EA555223F0004320EA02000343B6
:10018000636030BDFF63FF034FF0B042536823F458
:100190007F4343EA0023536070474FF0B0432D4A3A
:1001A000D3F8083103F00F0302EB8301C0F303100F
:1001B000096C52F82030B3FBF1F32749096801F4C8
:1001C000C061B1F5007F10B510D024498B4231D306
:1001D00001F5B70101F67F518B4231D901F5741158
:1001E00001F510618B422DD9002310E01C498B4290
:1001F0001CD91C498B421BD901F5370101F5D85197
:100200008B42F1D8022302EB8303D3F880301649E6
:1002100016480A6822F007021A430A6004680A684E
:1002200002F0070293420FD1002010BD0023EAE73D
:100230000123E8E7002302EB8302D2F88030E6E7EF
:100240000123F8E70223F6E70268121B022AE6D927
:100250000320EAE7F04A020800040058C0CF6A0011
:10026000BFEA21013F933402004000587803002088
:10027000836A1A0710B506D50168846B4A6822F4B0
:10028000004222434A60DC0706D50168C46A4A6816
:1002900022F4003222434A60990706D50168046BB4
:1002A0004A6822F4803222434A605A0706D5016820
:1002B000446B4A6822F4802222434A60DC0606D559
:1002C0000168C46B8A6822F4805222438A609906CE
:1002D00006D50168046C8A6822F4005222438A60C1
:1002E0005A060FD50168446C4A6822F480122243F2
:1002F000B4F5801F4A6005D14A68846C22F4C002BC
:1003000022434A601B0606D50268C16C536823F479
:1003100000230B43536010BDD0F88830212B10B55B
:100320001CD1B0F86A30CBB1B0F85620016892B257
:10033000AAB9026802F1080353E8003F23F400035E
:10034000083242E8003102680029F2D152E8003F49
:1003500043F0400342E800310029F7D110BDCA69DB
:1003600012060AD5026D12F8014B8C620265B0F8D4
:100370005620013A92B2A0F85620013B9BB2D2E738
:10038000D0F88830212B10B51CD1B0F86A30CBB131
:10039000B0F85620046892B2AAB9026802F10803C4
:1003A00053E8003F23F40003083242E800310268BA
:1003B0000029F2D152E8003F43F0400342E8003107
:1003C0000029F7D110BDE26912060CD5026D32F892
:1003D000021BC1F30801A1620265B0F85620013A80
:1003E00092B2A0F85620013B9BB2D0E7026852E8D7
:1003F000003F23F0800342E8003102680029F5D174
:1004000052E8003F43F0400342E800310029F7D1B1
:100410007047D0F88820212A034610D1B0F8562022
:1004200092B202B9E2E7026D016812F8010B88622C
:100430001A65B3F85620013A92B2A3F856207047D5
:10044000D0F88820212A034612D1B0F8562092B263
:1004500002B9CBE71A6D006832F8021BC1F308013C
:1004600081621A65B3F85620013A92B2A3F8562079
:1004700070474FF0B04382B0DA6C0243DA64DB6C51
:1004800003400193019B02B0704703681847012A9B
:1004900002D1016000207047022A05D0032AF9D05A
:1004A000002AF7D10260F5E70B680360F2E74FF02E
:1004B000B042D2F8883023F440630343C2F8883056
:1004C0007047D0F8943004381847D0F88C20B0F832
:1004D00060100368222A4FD15B6A826D0B40137053
:1004E000836D01338365B0F85E30013B9BB2A0F8A9
:1004F0005E30B0F85E309BB2002B41D1026852E80A
:10050000003F23F4907342E8003103680029F5D1DD
:1005100003F1080252E8002F22F0010203F1080C57
:100520004CE800210029F3D12022C0F88C20154A84
:1005300041679342016703D1C26E012A0CD0C0E724
:100540005A681102F8D553E8002F22F0806243E880
:1005500000210029F7D1EFE70022C26653E8002FFF
:1005600022F0100243E800210029F7D1DA69D2060F
:1005700006D510221A6270479A6942F008029A6101
:10058000704700BF00800040D0F88C10B0F86020A9
:10059000036822294ED15B6A1A40836D23F8022B2F
:1005A0008365B0F85E30013B9BB2A0F85E30B0F8D6
:1005B0005E309BB2002B41D1026852E8003F23F429
:1005C000907342E8003103680029F5D103F1080275
:1005D00052E8002F22F0010203F1080C4CE8002140
:1005E0000029F3D12022C0F88C20154A416793429C
:1005F000016703D1C26E012A0CD062E75A6811026A
:10060000F8D553E8002F22F0806243E8002100294A
:10061000F7D1EFE70022C26653E8002F22F0100264
:1006200043E800210029F7D1DA69D20606D5102265
:100630001A6270479A6942F008029A61704700BFD7
:100640000080004070470020704703460020187566
:1006500083F858007047826930B404695510034626
:1006600004EB6200D20748BF62595B6930BC48BFE7
:10067000D3581847826930B404695510034604EB17
:100680006200D20748BF62595B6930BC48BFD3588B
:100690001847024B1A685A60704700BF7803002061
:1006A0007047704770477047704770477047704792
:1006B000704770477047704703685B6818470020B1
:1006C0007047704708B5094B93F800225AB193F868
:1006D000AF2293F8AC3103B11AB1806803681B688C
:1006E0009847012008BD5A7BF3E700BF780300203C
:1006F0000A2938B50D4600F52A6403D10D2120469C
:10070000FFF7E0FF29462046BDE83840DAE7A0F5CC
:100710002A60EDE7A0F52B601DF03EBF054BD0F839
:1007200080261B6804489B1A83428CBF002001204E
:10073000704700BF780300209FBB0D00D0F83C310C
:100740002DE9F047044606220133C0F83C310A2166
:10075000B3FBF1F1B1FBF2F002FB101194F8382178
:10076000CEB2D2B10025F022002104F1480023F0DE
:1007700018FBC4E90C55C4E90E55C4E910556022B4
:10078000294604F5A27023F00CFB84F8385184F854
:1007900039614FF47A70BDE8F08794F8A4214FF4E2
:1007A0006165B3FBF5F505F00705AA4225D0214F99
:1007B00004F5B070072207F53A7A07F5427950F848
:1007C000048DC0F80480D0F820E0D0F840C0C0F814
:1007D00024E0C0F844C04AF8228049F822E0013AF7
:1007E000EDD1C4F84421C4F86421C4F88421C7F8C9
:1007F000E822C7F8082384F8A45194F83921B242BA
:100800001FBF0C31002284F8396144F821203C22BA
:10081000B3FBF2F3B3FBF2F102FB113394F83A119C
:10082000DAB291421FBF123384F83A21002244F811
:100830002320AEE77803002008B503685B6898477B
:100840000028CCBF0020012008BD08B503680022A5
:1008500002751B686FF0004198476FF0004008BDBB
:10086000826930B404695510034604EB6200D20774
:1008700048BF62595B6930BC48BFD358184782698A
:1008800030B404695510034604EB6200D20748BF38
:1008900062595B6930BC48BFD3581847826930B48D
:1008A00004695510034604EB6200D20748BF625941
:1008B0005B6930BC48BFD3581847406A036810B41E
:1008C0000C465B691146224610BC184730B50B46F2
:1008D00000F1380201F1200518685968144603C474
:1008E0000833AB422246F7D11B78237030BD10B4D9
:1008F0000468246BA44610BC6047002070470020A9
:100900007047826930B404695510034604EB6200F5
:10091000D20748BF62595B6930BC48BFD3581847FB
:100920000020704770470020704700207047808A81
:100930008A89131A5842584170470120704703466C
:10094000002200691A6170470068096803689B68A3
:100950001847012A02D1016000207047022A05D001
:10096000032AF9D0002AF7D10260F5E70B6803608B
:10097000F2E70068096803689B681847E9E70068C0
:10098000096803689B681847E3E761B100F1180341
:10099000C91AB1F5B46F06D8034B491103FB010026
:1009A000002380F898377047EFEEEEEE00F2977272
:1009B000002312F8011F49B9C218012182F89817C3
:1009C0004FF4F07202FB0300183070470133042B20
:1009D000EFD10020704749B100F11403C91A18295A
:1009E0009EBF00EBE100002380F83430704700F137
:1009F0003302002312F8011F39B9C218012100EB9C
:100A0000C30082F83410143070470133042BF1D145
:100A10000020704771B100F11403C91A41F66A53FE
:100A2000994207D8044B491003FB010041F6747347
:100A30000022C254704700BF330A029A10B500F575
:100A4000FB521332002312F8011F51B9C11841F6AD
:100A5000747201248C544FF4FB7202FB03001430B7
:100A600010BD0133102BEED10020F9E7F0B506469A
:100A7000006850F82100B8B10468A569AB4207D1FD
:100A800017686568AF4203D15768A568AF420BD0BD
:100A9000256865B177682046AC69B4FBF7FC07FBB5
:100AA0001C44A14201D00020F0BD2C46E5E72846B9
:100AB000FAE770B5BC26B0B00C4605463246014692
:100AC00001A823F015FA32462146284623F010FAF1
:100AD000324601A9204623F00BFA30B070BD30B485
:100AE000084D95F8AC4154B195F8AF423CB10124A2
:100AF00080F8DD4A80F8984830BC09F0EDBC002051
:100B000030BC70477803002006F0D7B8002370B5DA
:100B1000C0F890300668144B1D6833681A07044605
:100B200016D433685B0708D56FF07E432A464FF42E
:100B3000800120461AF056F998B900202023C4F805
:100B4000883084F88400C4F88C30E066206709E0BF
:100B50006FF07E432A464FF400111AF043F9002843
:100B6000DFD0032070BD00BF7803002030B591FABC
:100B7000A1F391FAA1F1B3FA83F3C4685B000325F2
:100B8000B1FA81F105FA03F3490024EA03038A402C
:100B90001A43C26030BD10B504461046D4E90023A4
:100BA0009B1A0C4A0C4CDB105343E21A8A4201D2C6
:100BB00021F025FC994205D91944A14228BF2146BC
:100BC000084610BDB3EB430F4FEA4301F5D9204669
:100BD000F7E700BF35C2724FCB3D8D0070B591F87D
:100BE000502090F8503091F859404D6D02F1FF3C83
:100BF000DCF1000646EB0C069E4225D1631E5E42E8
:100C00005E4190F859309E421ED1436D5B1B18BF68
:100C10000123012680F85020B24280F8206045650B
:100C200008BF91F8582080F8594018BF652280F815
:100C3000582091F85A2080F85A201BB101462830DC
:100C40001BF0B8FD002070BD0123E2E770B5B1F8DC
:100C50005040B0F85060B0F85230B1F85220A0F8CF
:100C600054300125A64280F820500AD1934208D181
:100C7000A0F8523091F85630A0F850602BB90020FF
:100C800070BDA0F85040A0F85220014628301BF05B
:100C900091FDF4E70B6D026D534033F07F4370B567
:100CA000044648D18A6D836D9A4244D10A6E036E20
:100CB0009A4240D18A6E836E9A423CD1D1F880200C
:100CC000D0F880309A4236D1D1F88C20D0F88C30D0
:100CD0009A4230D1D1F8A820D0F8A8309A422AD12F
:100CE000D1F8A020D0F8A0309A4224D1D1F8B45045
:100CF000D0F8B430ED1A18BF0125012391F85060E7
:100D000084F8203091F8513084F8506084F85130E4
:100D10007422543104F1540023F0EAF84DB11EB1AD
:100D2000064B1B68C4F8C830214604F128001BF0AC
:100D300041FD002070BD0125DFE700BF78030020E2
:100D40000D2019F07FBD70B50546084B03600446C1
:100D500055F8300FA84204D120461BF0C7FC2046AE
:100D600070BD066823F0B4F93046F3E7844B0208FF
:100D700010B50446FFF7E7FF204623F0A9F9204607
:100D800010BD10B504461BF0B1FC204610BD10B5D7
:100D90000446FFF7F6FF204623F09AF9204610BDDF
:100DA00010B504461BF0A2FC204610BD10B5044649
:100DB000FFF7F6FF204623F08BF9204610BD2DE902
:100DC000FF4705461E4B55F8046F036004460DF1BE
:100DD00004084FF00009AE4206D16068854229D16F
:100DE000204604B0BDE8F087CDE90188B768CDF8AA
:100DF0000C90396801988F4203D1404515D136686F
:100E0000E9E78B68D1F800A09C420CD181420AD05E
:100E1000824508D0524621F00EF8039B013303931C
:100E2000BB68013BBB605146E4E7076823F050F91B
:100E30003846E2E7066823F04BF93046CEE700BFBC
:100E40009063020810B50446FFF7B9FF204623F06F
:100E50003FF9204610BD2DE9FF4705461E4B55F8CA
:100E6000046F036004460DF104084FF00009AE4220
:100E700006D16068854229D1204604B0BDE8F087DC
:100E8000CDE90188B768CDF80C90396801988F4298
:100E900003D1404515D13668E9E78B68D1F800A049
:100EA0009C420CD181420AD0824508D0524620F0A3
:100EB000C2FF039B01330393BB68013BBB605146F8
:100EC000E4E7076823F004F93846E2E7066823F010
:100ED000FFF83046CEE700BF9063020810B5044625
:100EE000FFF7B9FF204623F0F3F8204610BD2DE9A7
:100EF000FF4705461E4B55F8046F036004460DF18D
:100F000004084FF00009AE4206D16068854229D13D
:100F1000204604B0BDE8F087CDE90188B768CDF878
:100F20000C90396801988F4203D1404515D136683D
:100F3000E9E78B68D1F800A09C420CD181420AD02D
:100F4000824508D0524620F076FF039B013303937D
:100F5000BB68013BBB605146E4E7076823F0B8F883
:100F60003846E2E7066823F0B3F83046CEE700BF24
:100F70009063020810B50446FFF7B9FF204623F03E
:100F8000A7F8204610BD2DE9FF4705461E4B55F832
:100F9000046F036004460DF104084FF00009AE42EF
:100FA00006D16068854229D1204604B0BDE8F087AB
:100FB000CDE90188B768CDF80C90396801988F4267
:100FC00003D1404515D13668E9E78B68D1F800A018
:100FD0009C420CD181420AD0824508D0524620F072
:100FE0002AFF039B01330393BB68013BBB6051465F
:100FF000E4E7076823F06CF83846E2E7066823F078
:1010000067F83046CEE700BF9063020810B504468B
:10101000FFF7B9FF204623F05BF8204610BD10B55E
:10102000034B036004461BF083FB204610BD00BF4A
:10103000B04B020870B50546084B0360044655F8EE
:10104000280FA84204D1201DFFF7E9FF204670BDFC
:10105000066823F03DF83046F3E700BFC44B0208B2
:1010600010B50446FFF7E6FF204623F031F820468E
:1010700010BD10B5054B044640F8343BFFF79FFE0A
:101080002046FFF7D7FF204610BD00BFD44B020813
:10109000F0B599B001AD044628461BF09BFB214BEF
:1010A000019310330FAA0E931F4B1295CDE90F2217
:1010B0000022CDE9133211924FF0FF320223169233
:1010C00040F2FF228DF85430ADF85C208DF85E3090
:1010D000164AE36D116803F54343503327468B42AC
:1010E00038BF136857F8306F38BFE365BE4205D08C
:1010F000B068036829469B68984740B12846FFF7C7
:10110000B8FF636D2BB94FF0FF3019B0F0BD3668F2
:10111000ECE793F82030002B44F6206008BF4FF036
:10112000FF30F2E7D44B0208DD0B00087803002003
:1011300010B50446FFF79DFF204622F0C9FF204668
:1011400010BD10B5054B044640F8343BFFF7CFFE09
:101150002046FFF76FFF204610BD00BFF84B020886
:1011600010B50446FFF7EDFF204622F0B1FF204600
:1011700010BD10B5054B044640F8343BFFF703FFA4
:101180002046FFF757FF204610BD00BF084C02085D
:1011900010B50446FFF7EDFF204622F099FF2046E8
:1011A00010BD10B50446FFF73AFF204622F090FF2D
:1011B000204610BD2DE9F347324F019304460E46F9
:1011C00007F54A70A02122F085FD9F2884BF0A23DD
:1011D00087F8C6332C4F05464FF0000888BF9F257F
:1011E0004FF0230A45450AD1C6B92A46264920466A
:1011F000FFF762FA0546284602B0BDE8F08797F887
:101200000090484623F0A0FB20B9B9F10A0F18BF9F
:1012100087F800A008F101080137E3E71B493046D1
:101220001CF016FE20B91A4905222046FFF744FAA1
:10123000184930461CF00CFE20B9174905222046FB
:10124000FFF73AFA154930461CF002FE20B914495E
:1012500005222046FFF730FA124930461CF0F8FD0F
:1012600020B9114905222046FFF726FA2A460649E9
:101270002046FFF721FA0D49054604222046FFF7D4
:101280001BFAB8E778030020A0060020D88F0208D8
:10129000DE8F0208E48F0208EA8F0208F08F02084E
:1012A000F68F0208FC8F02080290020808900208DC
:1012B0000346C06A0A4640B193F83501424083F8BC
:1012C000352103F114000CF020BC70470346C06ABE
:1012D00070B480B108465518854204D170BC03F142
:1012E00014000FF0D7BF10F8014B93F8356174402C
:1012F00083F83541F0E770BC7047A0F52A601DF017
:101300004FB92DE9F0411E4690F958308AB0002BB4
:10131000DDF8408004460D46174621DD00F1280324
:1013200010220021184622F03CFDB8F5807FA7620C
:10133000E662256314D8119A25466E4655F8447B1B
:101340000690CDE907820FCD0FC695E8030046F859
:10135000040B04F1380331700ECBBD6B2046A84757
:101360000AB0BDE8F08138B50C4D05F59473036003
:1013700005F5BA730446C0F8A03A05F5C873C0F87D
:10138000B03A05F5DC7500F52B601BF0AFF920468F
:1013900025601BF000FB204638BD00BFF04A020864
:1013A000A0F52B60DFE710B50446FFF7DCFF204611
:1013B00022F08EFE204610BDA0F52B60F3E730B47E
:1013C000034600F130020024BFF35B8F52E8001F98
:1013D00042E80045002DF9D1BFF35B8F19B11B68BE
:1013E00030BC1B6A184730BC704708B50022027534
:1013F000FFF7E5FF4FF0FF3008BD10B5074B04467F
:1014000040F8543B21F0F0FB04F13400FFF723FDDA
:101410002046FFF70FFE204610BD00BFE44C020837
:1014200010B50446FFF7E9FF204622F051FE2046A2
:1014300010BD054B10B504460360406A08B118F0B2
:10144000FEFC204610BD00BFF44C020810B5044657
:10145000FFF7EFFF204622F03BFE204610BD70B59F
:101460000446406A00230E461546636208B118F030
:10147000E6FC95B1442022F023FE084A02600346B0
:10148000606A636208B118F0DAFC606A03682A4691
:1014900031461B69BDE87040184770BD384D0208E1
:1014A00070B5154692F844200E460AB1002070BD72
:1014B0008C1C01F12402498C0368202914D1DB68BB
:1014C000214698470028F1D0202333807384214699
:1014D000A5F846304835E31851F8042B45F8042B9D
:1014E0009942F9D10120E2E79B6821469847EBE752
:1014F00070B5531E154606460C461F3213F8011FE1
:10150000C1B99342FAD1002070BD06F1790305F10B
:10151000200255F8041B43F8041B9542F9D1043608
:1015200004F1200354F8042B46F8042B9C42F9D113
:101530000120E9E700222946204616F017FF204641
:1015400017F096F80028E0D020220021204622F053
:1015500028FCD8E72DE9F347454C0746454889461E
:10156000904618F0B5FEB4F8FC15102903D104F22A
:10157000FE5018F077FE22F005FB042101900DEBE0
:10158000010018F06FFE3E1D07F179054FF0000ACB
:1015900094F8810C10F0400001D118F099FEB4F8D5
:1015A000802CC2F30C03C2F3C9021F2AC8BFA3F5E3
:1015B0008073B4F8802CCCBFC3F30C03002363F317
:1015C0000C021304A4F8802C4FD50021084618F013
:1015D00049FE94F8813C84F89DAC6FF3C71384F8FE
:1015E000813CD4F8303C0133C4F8303C18F00EFD97
:1015F000DFF884C02A460CF1200E634603CB734506
:10160000106051609C4602F10802F6D118F0FCFD12
:1016100097F8793023F0070387F8793097F89830F6
:1016200003F03F0343F0400387F898300022294637
:10163000304616F09BFE304617F01AF80028A7D166
:10164000304606F1200350F8042B49F8042B984249
:10165000F9D1294605F1200351F8042B48F8042B51
:101660009942F9D102B0BDE8F08718F03DFCB8E727
:10167000780300200D900208B80F002082B02DE9F9
:10168000F04F8FB004461993229B0093239BDDF803
:1016900090A00193934622F075FA269B03EB0A096A
:1016A000BDF86430C9F80800064633B9002738464B
:1016B0000FB0BDE8F04F02B0704723680DF166012E
:1016C000DB692046984707460028EFD0A046202235
:1016D00058F8593B20461B6A414604F128059847B3
:1016E00010220021284622F05CFB009BA362019B94
:1016F000E362C4F830B006B1E6623148314C0D22E5
:10170000294608F070FE41462F48082208F06BFE7B
:10171000D4F8A00C036820225B6A4146984719233D
:101720008DF828302A460DF1290305F10C0852F8EE
:10173000041B43F8041B4245F9D198F800201A70A5
:10174000D4F8A00C9AFA9AF3ADF83630036802AADE
:101750009B6A0AA99847259802AA514607F072FD8C
:1017600001238DF818300DF1190355F8042B43F8B7
:10177000042B4545F9D12A781A70269A259806AB8C
:10178000514618F061FBD4F8A00C0023ADF82630C8
:1017900003680AAA9B6A06A9984709F1070402AAE6
:1017A0000AAB09F1FF3112F8010B13F8015B684035
:1017B00001F8010FA142F6D1C9F8086077E700BF30
:1017C0001C900208780300203990020882B02DE9AD
:1017D000F04F95B08A461EA981E80C00DDE928B3D8
:1017E0002A9E01932B9B0C3E9F19BDF87830D7F8A9
:1017F000089005462BB9002015B0BDE8F04F02B0A7
:10180000704703680DF17A01DB6998470028F2D030
:10181000A846202258F8593B28461B6A414605F144
:101820002804984710220021204622F0BAFA019B92
:10183000C5F828B0EB62C5F830A0B9F1000F01D0AF
:10184000C5F82C903E483F4D0D22214608F0CBFDB7
:1018500041463D48082208F0C6FDD5F8A00C0368B3
:1018600020225B6A4146984701238DF820302246AA
:101870000DF1210304F10C0852F8041B43F8041B7A
:101880004245F9D198F800201A70D5F8A00C002331
:10189000ADF82E30036808A99B6A10AA98477B1EF2
:1018A00010A80CA9073713F801CF10F8012BBB4281
:1018B00082EA0C0201F8012BF5D108AB2C9A2B9887
:1018C000314618F0C1FA19238DF840300DF141036B
:1018D00054F8042B43F8042B4445F9D122781A70AC
:1018E000D5F8A00C73BAADF84E30036804AC9B6A0F
:1018F000224610A998472C982246314607F0A2FCB0
:101900000CAB039410930398002300283FF474AFAA
:10191000109800283FF470AF8DF80B30039AD15C1B
:10192000109AD05C9DF80B20414001330A43082BEC
:101930008DF80B20F2D19DF80B000138C00F5BE74A
:10194000699002087803002086900208F0B500F143
:10195000590789B03B4601F1200251F8044B43F886
:10196000044B9142F9D16C4600F1790200F19903E0
:10197000264610685168254603C508329A422C460F
:10198000F7D1384616F074FE3A46314605463846D9
:1019900016F0ECFC0446384616F06AFE84F00104AA
:1019A00005432C433046202116F016FC04F0FF04BA
:1019B000E04300F0010009B0F0BD10B50446006836
:1019C00008B118F037FA204610BD84B02DE9F34174
:1019D0009DF9448009AE0024B8F1100F86E80E008E
:1019E000DDE91357009443D1E82022F069FB264B30
:1019F00003602C33C362A0F828800A2380F83030BB
:101A000000F1380200F12C0342634360CDE9000489
:101A100001A8FFF7D2FF009C9DF9442023683146BE
:101A20001A4E1B69204698472A463946304622F00E
:101A30005FFAC5F580720021701922F0B2F92368AF
:101A400012995B691022204698470C2384F82930AC
:101A500023683246D3F8188039462B462046C047C3
:101A60006846FFF7AAFF02B0BDE8F04104B0704736
:101A70004FF4947022F024FB10230385044B036081
:101A80002C33C3620E23B9E7604D02081C100020FE
:101A9000B44D020810B591F85C31012B04460CD10D
:101AA000064B1B7B022B08D0D1F81421096807F0E4
:101AB000A6F810B1236F0133236710BD780300200F
:101AC000F0B505468DB006F02AFF284617F01BFE3C
:101AD00095F988310933BCBFF72385F888312B6825
:101AE00028469B6B002498470594D5F85032049300
:101AF000B5F86C30039395F98831029395F8D93194
:101B0000019395F86130009305F51576EA6D95F827
:101B100060300146304616F07FF8821C4CD0284BCE
:101B2000984249D0D5F84C12264F304615F0C5FFE3
:101B3000044618BB0146304615F0E6FF0446E8B9F6
:101B40004FF0FF33CDE90933CDE907330B93D7F8D5
:101B5000A43DD5F89C02DB070CD401681A4BCA6877
:101B60000969C3E90122C3E90712C3E90D21012371
:101B7000C7F8A43D144A07A914F0C2F897F8CD118C
:101B800001B10121304617F078FE002300930122B5
:101B900040F6B50105F5F07017F092FE4CB9012141
:101BA000304617F06FFF044618B92B6828465B6D66
:101BB0009847B4FA84F4640920460DB0F0BD00BF24
:101BC0003DFDFFFF780300200000002038B50446EB
:101BD00006F08EFD236804F515759B6F2046984727
:101BE00094F86010284615F0DFF9E16D284615F0ED
:101BF00075F994F86110284617F001FE94F8D91190
:101C0000284617F01BFED4F84C12284615F055FF55
:101C1000B4F86C10284615F0EDFE236820469B6B47
:101C200098470146284614F063FC94F98831162B36
:101C3000C4BF162384F8883194F98811284614F01B
:101C400023F9064B284693F8CD1117F016FE2368AA
:101C500020465B6D9847002038BD00BF7803002008
:101C600010B5036804469B6F984704F5157017F08C
:101C700017FD012010BD08B500F5157013F06EFCBE
:101C8000003818BF012008BD38B5044600F51570AE
:101C900013F064FC10F0140F12D0114DD4F844224C
:101CA0002B681AB9C4F84432012038BD216F9B1A41
:101CB000B3EB410FF8D3C30604D40023C4F8443275
:101CC0000020F2E7236800225B6B40F201112046FE
:101CD00098472B68D4F844229B1A9842E4D8ECE742
:101CE00078030020F0B5C36F85B00446002B3DD1CA
:101CF00090F82C32002B34D104F51575284617F0D6
:101D0000CFFC0021284617F0AFFC7F238DF80F3061
:101D100000220123CDE9003289210DF10F0204F5E3
:101D2000F07014F033F8D4F8E0011C4E036805217C
:101D3000DB6998473768D4F8E001D4F80C120368DF
:101D40001B6998470346D4F8E0018BB90368D4F8BF
:101D50000C121B699847236890B15B6D2046984729
:101D600004E00368DB6D98470028C5D005B0F0BDDE
:101D700033680268DB1B322BE8D8536D9847DAE7EB
:101D80009B6B204698470146284614F040FB96F886
:101D9000CD11284617F071FD2368DEE77803002097
:101DA00000F5157013F058B81FB5FF238DF80130FA
:101DB0004FF6FF730022ADF802304FF4C073CDE947
:101DC0000123039390F863308DF8003003680446D4
:101DD0009B6F9847694604F5157011F0ADF8034BF9
:101DE000C11A4842484104B010BD00BF42FDFFFF88
:101DF000F0B5036805469B6F85B09847B5F86C4011
:101E0000B5F8A63205F515766CB91C460F2C1ADC10
:101E10000023009340F2762202236FF07F41304688
:101E200011F084FA01E0A342F0D2012385F82C32AC
:101E30002B683349DB6C28469847284605B0BDE837
:101E4000F04006F0C5BD95F8A03242F210709840FF
:101E50001CF094F92B490746D5F8A8021CF0E6F9C6
:101E6000014638461CF096FA1CF056FBA4F1100708
:101E7000D5F8C832BFB2474303F57E729742C7D345
:101E800004FB0004E41B04F57A74640800EBC00052
:101E9000844238BF04467D22FF1AE4006FF07F4180
:101EA000B4FBF2F4631EA7F57A778B424FEAC707BB
:101EB000B7FBF2F7B9D27B1E8B42B6D2022340F2B7
:101EC0007622304615F0CBF80028AED1230C8DF8E1
:101ED0000830230A8DF809303B0C8DF80B300123B4
:101EE000CDE900337FBAD5F89C028DF80A4006236D
:101EF00002AA9421ADF80C7013F048FF95E700BFDB
:101F0000117300080000204138B500F5157528460A
:101F10000C4614F00DFDC4F81C01284613F02FFBED
:101F200021F07EFCC4F8240138BD10B5044600F54C
:101F3000CA70FFF744FA04F5157013F035FB00235F
:101F400084F82C32C4F84432236820469B6C9847AE
:101F50002046BDE8104007F0B1BE2DE9F043002453
:101F60008BB005460E46A04600F51577002A58D0DE
:101F700090F8A432012B11D040F24971D0F89C02A4
:101F800013F04EFD40F26B71C0F30214D5F89C02C1
:101F900013F046FD042CC0F300183ED80434E4B21C
:101FA00095F86000D5F85C90B5F86C308DF8244059
:101FB00001248DF81C00ADF8143004FA00F0002361
:101FC0008DF81630CDF820901CF0DCF849461CF056
:101FD000E1F94FF083411BF00DFF0028034618BFC5
:101FE00023468DF818308DF81780DDE90501D5F806
:101FF0005442099B019000930396ADF80810DDE967
:102000000723A46F95F8D8113846A0474FF47A7388
:10201000B0FBF3F00BB0BDE8F083072C08BF082439
:10202000BEE7D0F854323846DB6F9847EEE738B554
:10203000D0F8D430082B04460D4607D1AC3017F049
:10204000DFFA014610B11548FEF7E4FCD4F8D430AD
:10205000072B01DD21F046FDD4F8D80018B1036844
:1020600000211B689847D4F8D03004EB8302013379
:10207000C2F8AC505A4202F0070203F0070358BFFF
:102080005342C4F8D030D4F8D4300133C4F8D4303B
:10209000D4F8FC300133C4F8FC3038BDB01D00204A
:1020A00038B5D0F8EC30022B04460D4607D1DC30B1
:1020B00017F095FA014610B11348FEF766FCD4F804
:1020C000EC30012B01DD21F00DFDD4F8F00018B14A
:1020D000036800211B689847D4F8E83004EB8302BA
:1020E000013303F0010348BF5B42C2F8DC50C4F87F
:1020F000E830D4F8EC300133C4F8EC30D4F8FC30DC
:102100000133C4F8FC3038BD2011002070B50F4BEE
:10211000044640F8683B1AF0CAFAA36B3BB1E36D82
:10212000E56C1E1DAE420BD8A06B21F0D1FF606B99
:1021300008B121F0CDFF20461AF0D8FA204670BD34
:1021400055F8040B21F0C4FFECE700BF084E02086D
:1021500010B50446FFF7DAFF204621F0B9FF20460C
:1021600010BD38B5D0F88C100F4B03600446A9B9E8
:10217000D4F88820D4F88400920021F012FED4F81C
:10218000840004F19C03984201D021F0A1FF074B89
:1021900023602046FFF7BAFF204638BD0D68084689
:1021A00021F096FF2946E2E7444E0208844E0208D9
:1021B00010B50446FFF7D5FF204621F089FF2046E1
:1021C00010BD2DE9F04FD1E90036D0F804A05E40F3
:1021D000B6FBFAF70AFB176785B088460A4633460E
:1021E00039460446FEF742FC38B103682BB103F1CF
:1021F0000C09484605B0BDE8F08F1C2021F060FFB7
:10220000034605464FF0000B98E8030043F804BB73
:1022100083E803000123C5E904BB0093E368524649
:1022200004F1100102A820F035F99DF8083005F1FD
:102230000C09C3B1039F012F04F1180A22D1C4F87D
:1022400018B0D046A4460020A2684CF8080F12BB74
:102250002068504501D021F03BFFB6FBF7F3C4E9FD
:10226000008707FB13672368AE6153F82720B80087
:1022700072B312682A6053F827301D60E368013397
:10228000E360B6E7384616F092FEBA00594680463B
:1022900021F087FDD6E79369B3FBF7F107FB113314
:1022A000D2F800E058F8231059B9A1681160A26073
:1022B00048F823C0116809B148F820201846724632
:1022C000C5E70968116058F823301A600346F5E73E
:1022D000A2682A60A5603AB192696168B2FBF1F622
:1022E00001FB162243F8225004F108021A50C5E7F8
:1022F0002DE9F0430546B1B014460E4631B1D3691D
:10230000DFF8D890D3E90078B84519D1A5B1AB680A
:10231000E4698BB1314901AA28460FF06DFE58B12E
:10232000D4E901739F421ED0BC2201A9384621F096
:10233000DFFD6368BC336360012031B0BDE8F0832A
:102340003946BC2201A821F0D3FDA27D218A304666
:1023500019F066FABC370028EFD001AA494630468A
:1023600013F028F9D0E71E4A0121204605F006FEA9
:10237000D4F800800646A7EB080968B3194B9842C9
:1023800006D9194B984201D920F033F820F02EF8E5
:10239000BC20704321F094FE0546BC2201A905EB48
:1023A000090021F0A5FD39462A46404618F0D4FA26
:1023B000394600F1BC02384618F0CEFA0746B8F1AB
:1023C000000F02D0404621F083FEBC23C4E9005731
:1023D00003FB0655A560AFE70546DEE7BC4E0208E5
:1023E000B6900208414CAE0082985C0170B59EB078
:1023F0000F4B0093684614460E4611F097FF0025D8
:10240000E4B2A54209D320223146684612F0EFFA21
:10241000684616F055F91EB070BD621B102A06EB17
:10242000050128BF1022684612F0AFFA1035E8E720
:10243000DC4E020810B5054B044640F82C3B15F065
:10244000E4FE204615F05CFF204610BDB44D0208A6
:1024500010B50446FFF7EEFF204621F039FE204676
:1024600010BD10B5054B044640F82C3B15F0BCFEE2
:10247000204615F045FF204610BD00BF604D020804
:1024800010B50446FFF7EDFF204621F021FE20465F
:1024900010BD002807DB044A4109012300F01F009A
:1024A000834042F82130704700E100E000280CDB57
:1024B0004309064900F01F0020330122824041F801
:1024C0002320BFF34F8FBFF36F8F704700E100E011
:1024D00008B53220FFF7EAFFBDE80840014818F0D0
:1024E00025BF00BF40190020164B30B5DC68C4F38F
:1024F0000224C4F10703251D042B28BF0423062D45
:102500004FF0FF358CBF033C002405FA03F321EAAA
:102510000303A54022EA0502A340002843EA020380
:10252000ACBF00F16040084A4FEA0313B8BF00F0A7
:102530000F00DBB2AABF00F56140135480F80033EE
:1025400030BD00BF00ED00E014ED00E008B590F8EC
:102550002530022B03D00423C363012008BD036888
:102560001A6822F00E021A601A6822F001021A603C
:10257000826C136823F480731360D0E9101303F0A6
:102580001C02012393404B60D0E913325A60436D23
:1025900033B11A6822F480721A60D0E916325A6098
:1025A000012380F82530002380F82430836B03B1A9
:1025B00098470020D2E7074B5A69002ABFBF064A56
:1025C0009A6002F188329A60BABF5869C00F002041
:1025D000704700BF0040005823016745044B5A690B
:1025E00042F000425A615869C043C00F704700BFB3
:1025F000004000580268436B9169126803B11847A4
:1026000070471C4A436B934270B501F002020DB251
:1026100001F001041DD0184EB3421AD0174EB34238
:1026200017D0002DACBF0023B8230CB143F0F20348
:102630000AB143F0F403102902D143F0900303E000
:10264000202901D143F0200301680A6813430B607D
:1026500070BD002DACBF0023B8230CB143F0F203D2
:102660000AB143F0F4031029E7D0202908BF43F052
:102670006003E9E7352A00080B2F0008372B000814
:1026800090F84120602A4FF0000206D1202180F806
:10269000411080F8402002637047026380F84020B8
:1026A00090F892205AB990F84120202A07D1282288
:1026B00080F84120024A42634FF40041A1E770478D
:1026C000F92D0008806A836B0BB100229A63C36BFB
:1026D0000BB100229A63D3E711F0010307D090F801
:1026E000413003F02803282B14BFF22342238A072A
:1026F00009D590F8412002F02802282A0CBF43F0A7
:10270000440343F0F4030A0401680A6848BF43F035
:10271000B80322EA03030B607047002380F84230BD
:1027200090F8412010B5212A4FF0200280F8412076
:102730000BBF112212224363436307BF02630121CF
:1027400002630221FFF7C8FF002380F8403010BD6C
:1027500008B503681A68002180F84210510415D5A5
:102760001A6822F480421A6090F84130292B13D164
:10277000282380F84130212303630121FFF7ACFFB8
:10278000002380F8403080F8903008BD1204EBD56B
:102790001A6822F40042E6E790F841302A2BF4D17F
:1027A000282380F84130222303630221FFF794FF9E
:1027B000002380F84030BDE808400FF04BBA08B560
:1027C000164BC362202200230363436380F8412039
:1027D00080F842304B0712D503685A6A436A1A7070
:1027E000436A01334362038D4BB1013B0385438D43
:1027F000013B9BB24385436C43F00403436448F2BE
:102800000301FFF769FF03681022DA61002380F8F3
:102810004030BDE808400FF0FAB900BF0000FFFFEC
:1028200070B500223B4D90F8413080F84220C562DF
:102830004285426C283B0A43022B0446426429D855
:102840000321FFF749FF282380F84130324BA06B6A
:102850006363236B00283FD0112B01D0212B3BD188
:1028600023681A68510442BF1A6822F480421A6031
:1028700090F82530012B2BD0284B8363002384F85C
:102880004030FFF763FE002843D0A06B836BBDE8A8
:102890007040184748F20301FFF71EFFFDF750FC98
:1028A00090F84130602B11D0202380F8413003682C
:1028B0009A6995060AD59A69D00605D51022DA617B
:1028C000626C42F0040262642022DA610023BEE7F7
:1028D0002046BDE87040D3E6E06B0028F8D0122B0C
:1028E00001D0222BF4D123681A68120442BF1A685F
:1028F00022F400421A6090F82530012BE8D0074BF3
:102900008363002384F84030FFF720FE08B1E06BBA
:10291000BCE770BD0000FFFFF92D0008C5260008C8
:10292000036899691A6810B4CC0508D5140606D551
:10293000446C44F0010444644FF48074DC614C0541
:1029400008D5140606D5446C44F0080444644FF4DA
:102950008064DC61890508D5120606D5426C42F018
:10296000020242644FF40072DA61416C11F00B0F05
:1029700001D010BC54E710BC704773B50568202324
:10298000EB6190F84130212B04460E4634D10121F1
:10299000FFF7A2FE112323636B6823F0FF7323F478
:1029A0008B3323F4FF7323F001036B600023636315
:1029B000F206A3F58033E36205D51023EB61636C67
:1029C00043F00403636494F84130602B05D173072E
:1029D00041BF6B6ADBB20193019B2046FDF7B0FB60
:1029E000636C94F84120602A00D073B1616C20467A
:1029F00002B0BDE8704013E790F84130222BCBD1F4
:102A00000221FFF769FE1223C5E794F84120212A2D
:102A10000AD1202284F84120236394F8422084F8CC
:102A2000403084F8423003E094F84120222AF0D06C
:102A300002B070BD73B590F84030012B044678D0D9
:102A4000012380F84030CB0612D5D60610D5036896
:102A50001022DA61436C43F0040343642021FFF742
:102A6000D0FDFDF76DFB002084F8400002B070BD82
:102A70000D0641D550063FD525682B6823F040034D
:102A80002B60638D9BB25BB36968638D9BB2FF2B38
:102A9000C1F309011AD9FF2323854FF08073002267
:102AA000268D009294F828202046FDF757FB638D71
:102AB0009B1B9BB2638594F84130222B2B680CBF83
:102AC00043F4004343F480432B60CCE7638D2385BC
:102AD000E36A13F5803F14BFE36A4FF00073DEE74B
:102AE0006B689A0103D42046FFF717FEBBE740212D
:102AF0002046FFF795FEB6E74B0612D5560610D5D1
:102B0000638D9BB2002BF2D123685A689501AAD439
:102B1000E26A12F5803FE6D15A6842F480425A6078
:102B2000A1E788069FD593069DD52046FFF725FF90
:102B300099E702209AE713B590F84030012B04463C
:102B400000F08580012380F84030CB0612D5D306F3
:102B500010D503681022DA61436C43F00403436428
:102B60002021FFF74EFDFDF7EBFA002084F840002E
:102B700002B010BD880708D5930706D52368226DDB
:102B80009A624FF0FF332365EFE7080636D5530608
:102B900034D510212046FFF734FD638D9BB24BB333
:102BA000638D9BB2FF2B17D90023FF22E16C228596
:102BB00000934FF0807389B2FDF7D0FA638D228DB8
:102BC0009B1A9BB2638594F841202368222A1A68D5
:102BD0000CD142F400420BE0628DE16C92B2002312
:102BE00022850093D2B24FF00073E4E742F48042B2
:102BF0001A60BAE74021FFF713FEB6E748061ED574
:102C000053061CD594F84110124A134B222918BFC1
:102C10001346628D92B2FF2A08D9FF22E16C228509
:102C200000934FF0807389B22046C5E7628DE16C56
:102C300092B222850093D2B24FF00073F3E7880678
:102C400093D5930691D52046FFF797FE8DE7022096
:102C50008EE700BF00200080002400802DE9F843AB
:102C60000568D5F80090D0F82C8090F8417007F0F6
:102C7000F7072023212F04460E46EB6163D148F26B
:102C80000101FFF729FD27636B6843F400436B6084
:102C90006B6823F0FF7323F48B3323F4FF7323F06B
:102CA00001036B602046FDF74BFA19F4804F4FD0BB
:102CB0002B6823F480432B60A36B1BB11B685B68FC
:102CC0009BB2638572070FD5636A6A6A1A70636A7A
:102CD00001336362238D2BB1013B2385638D013B5F
:102CE0009BB2638526F00406638D9BB21BB1636CB7
:102CF00043F004036364F30611D519F0100F0ED0EE
:102D0000638D9BB2002B3DD194F84130282B28D104
:102D1000B8F1007F25D131462046FFF750FD002352
:102D200084F84230656C6363002D3AD0616C2046B4
:102D3000FFF776FD94F84130282B58D131462046D4
:102D4000BDE8F8433BE5222F9ED148F2020198E707
:102D500019F4004FB6D02B6823F400432B60E36BCB
:102D6000ABE794F841202368292A4FF01002DA617A
:102D7000D5D118F5803FD2D02046FDF7E1F9FFF715
:102D8000E7FCCCE723681022DA61636C43F00403AC
:102D9000636438F08073C2D1616C2046FFF740FD58
:102DA000BDE7E36A13F5803F0FD02046FFF7D0FC64
:102DB000104BE362202384F8413084F840502563AF
:102DC0002046BDE8F8430EF022BF94F8413084F865
:102DD0004050222B4FF0200384F84130256304D16A
:102DE0002046BDE8F8430EF035BF84F89050BDE8AA
:102DF000F88300BF0000FFFF70B590F84060C56A1F
:102E0000012E04460B467ED0012680F840608E06D7
:102E100007D5960605D5FFF721FF002084F840006E
:102E200070BDD90630D5D6062ED5628D92B2E2B9E4
:102E300094F84120282A07D1B5F1007F04D1194622
:102E40002046FFF7BCFCE8E794F841202368292AD4
:102E50004FF01002DA61E0D115F5803FDDD0204659
:102E6000FDF76EF9FFF774FCD7E723681022DA61EB
:102E7000636C43F00403636435F08073CDD1616CFF
:102E80002046FFF7CDFCC8E758071BD5510719D5D9
:102E9000638D9BB26BB123685A6A636A1A70636A66
:102EA00001336362238D013B2385638D013B9BB21C
:102EB0006385638D9BB2002BAFD115F5803FACD0FD
:102EC0002046CFE71E0705D5100703D5204618F08A
:102ED000F7F8A2E79907A0D593079ED5638D9BB21B
:102EE0006BB1636A226813F8011B91626362638DA0
:102EF000013B9BB26385238D013B23858DE735F034
:102F000080738AD1DCE702208AE770B590F84060D0
:102F1000C56A012E04460B4670D0012680F8406039
:102F20008E0607D5960605D5FFF798FE002084F893
:102F3000400070BDD80659D5D10657D512F4404F80
:102F400050D0D4E90E10E0B921B1520402D50A687C
:102F500052680AB323681022DA61636C43F00403F9
:102F6000636494F8413035F08072DBB2DED1213BEE
:102F7000092B30D8DFE803F02D342F2F2F2F2F2FE0
:102F80002D341604E0D5006840680028DCD119B162
:102F9000500444BF0A68526894F84120282A07D197
:102FA000B5F1007F04D119462046FFF708FCBDE7C4
:102FB00094F841202368292A4FF01002DA61B5D134
:102FC00015F5803FB2D02046FDF7BAF8FFF7C0FBF9
:102FD000ACE721232363616C2046FFF721FCA5E7C2
:102FE0002223F7E723681022DA619FE719079DD5AE
:102FF00013079BD5204618F063F897E7022098E75F
:103000004FF0B0431868C0F3802070474FF0B043D2
:103010001868C0F3406070474FF0B04310B59A682D
:10302000D96812F00C0205D00C2A4AD101F0030332
:10303000012B51D14FF0B0412B480B6813F008031E
:1030400006D00B6813F0080337D1D1F8941007E0CD
:103050000C68240756BFD1F894300968C3F30323E2
:1030600050F82330002A0CBF184600204FF0B04122
:103070008A6802F00C020C2A1ED1CA6802F0030210
:10308000022A2ED0032A06D10B68184A13F4801F97
:10309000174B18BF13464FF0B042D068D168D268C2
:1030A000C0F306205843C1F302130133B0FBF3F021
:1030B000530F0133B0FBF3F010BD0B68C3F30313E0
:1030C000CEE7042A05D0082A06D11B6813F4801322
:1030D00005D006480023C9E700231846C6E7044880
:1030E000C4E7024BD7E700BFF04A02080024F4000F
:1030F0000048E80108B5FFF78FFF4FF0B0439A682A
:10310000044BC2F3031203EB82031B6CB0FBF3F01E
:1031100008BD00BFF04A020838B50546FFF7EAFFD0
:103120004FF47A73B0FBF3F3013BB3F1807F01D32B
:10313000012038BD4FF0E022F0215361094B0024FB
:1031400083F823100F2D4FF0070394611361EFD81C
:103150004FF0FF3022462946FFF7C6F9024B2046C2
:103160001D66E6E700ED00E000000020F8B54FF036
:10317000B04304469D68DE6803689F0605F00C05B1
:1031800006F0030632D5016A1DB10C2D7CD1012E4B
:103190007AD109B90120F8BD4FF0B043A76A1A6887
:1031A000100756BFD3F894301B681B0903F0F003D7
:1031B0009F4255D93846FCF7F0FF0028EAD14FF07E
:1031C000B042136843F008031360136823F0F00360
:1031D0003B431360606AFCF7D7FFFFF78BFF994B07
:1031E0005866186EFFF798FF0028D4D12268D007E0
:1031F00040F1AD80082D616803D00C2D71D1032EF4
:103200006FD10029C6D0910700F1B880170740F1AF
:103210000481A1694FF0B043002900F0ED80D3F89C
:103220009410E06901F01006B04200F0D28001F085
:103230000306022EAED0CE0740F1C280D3F8941020
:10324000814E21F00101C3F894103768D3F894102F
:10325000890740F1B5803168C91B1129F6D931E0E1
:103260004FF0B042136843F008031360136823F073
:10327000F0033B431360606AFCF786FF3846FCF7B7
:103280008CFF0028A9D085E76F4A4FF0B043D9B131
:10329000196841F0010119601068196889070DD596
:1032A0001A6842F008021A601A68A16A22F0F00255
:1032B0000A431A60606AFCF767FF97E71168091A0A
:1032C0000229EAD9032066E7196821F00101196093
:1032D000106819688F0789D51168091A0229F8D969
:1032E000F0E74FF0B043A768186820F48010384327
:1032F000B1F5803F186054480ED1196841F480310F
:10330000196001684FF0B0473B689B031FD4036806
:103310005B1A642BF8D9D5E7B1F5041F04D11968FD
:1033200041F400111960E8E71F6827F480371F6037
:103330001F6827F400171F600029E2D10768196889
:10334000890304D50168C91B6429F8D9BAE7930732
:103350007FF55CAF042D03D00C2D0FD1022E0DD1C3
:103360002369002B3FF416AF4FF0B04160694B6802
:1033700023F0FE4343EA00634B6047E7206932498C
:103380004FF0B04368B1186840F4807018600E6860
:10339000FFF736FE0028E7D10B689B1B022BF7D9FD
:1033A00090E7186820F4807018600E68FFF728FE18
:1033B00000283FF42BAF0B689B1B022BF6D981E74B
:1033C0004FF0B041D1F8943023F010030343C1F81B
:1033D00094304FF0B0411C48D1F8943043F00103D1
:1033E000C1F894300668D1F894309F0715D403686B
:1033F0009B1B112BF7D965E7D3F89410124821F0E5
:103400000101C3F894100668D3F89410890704D515
:103410000168891B1129F7D954E757074ED50B4A84
:10342000136813F4807F084B12D1116841F4807146
:10343000116018681168CE050AD41968091A0229A2
:10344000F8D93FE70000002078030020000400586E
:10345000E1684FF0B04200294BD021F080000528F0
:1034600002BFD2F8900040F00400C2F890004FF084
:10347000B0421F68D2F8900040F00100C2F89000FE
:1034800041F28836D2F89000800704D41868C01B37
:10349000B042F7D916E721F0040181291868D2F863
:1034A000901015D141F08001C2F8901041F2883699
:1034B0004FF0B041D1F89020120504D5E36A002BFB
:1034C0003DD1002067E61A68121AB242F2D9F9E635
:1034D00021F08001C2F8901041F288364FF0B041DF
:1034E000D1F890201705E9D51A68121AB242F7D917
:1034F000E8E61868D2F8901021F08001C2F8901028
:1035000041F28836D2F89010090513D41868D2F821
:10351000901021F00101C2F890104FF0B04641F236
:103520008831D6F890209207C8D51A68121A8A42B4
:10353000F7D9C7E61968091AB142E3D9C2E60C2DDA
:1035400046D0022B4FF0B043314A196821F0807108
:103550001960116831D1FFF759FD20BBD4E90C3057
:103560004FF0B0410343CD682A4828400343E06B45
:103570000343206C0343606C0343A06B43EA0023C6
:10358000CB600B6843F080730B60CB6843F08053D3
:10359000CB601168FFF73AFD002892D113685B1ADF
:1035A0000A2BF7D98EE613685B1A0A2BD3D989E662
:1035B00013685B1A0A2B3FF685AEFFF727FD00283C
:1035C000F6D14FF0B042144BD1680B40D36078E78E
:1035D000012B3FF4DFAD4FF0B043D868236B00F010
:1035E00003029A427FF4D6AD626B00F070039342FF
:1035F0007FF4D0ADA26B00F4FE43B3EB022F7FF457
:10360000C9AD636C00F06040C01A18BF0120C2E56C
:10361000780300208C80C111FCFFFEEE08B5FFF797
:1036200069FD4FF0B0439A68044BC2F3022203EBEA
:103630008203D3F81434D84008BD00BFF04A020812
:1036400008B5FFF757FD4FF0B0439A68044BC2F33B
:10365000C22203EB8203D3F81434D84008BD00BF64
:10366000F04A020870B5044605682269A368296813
:10367000C069666A134362691343774A03430A4089
:1036800013432B606B68E26823F4405313436B6071
:10369000724BA2699D421CBF236A1A43AB6823F098
:1036A0006E4323F430631343AB60EB6A23F00F03E4
:1036B0003343EB626A4B9D4217D14FF0B043694AE6
:1036C000D3F8883003F0030343F44033934264D0CB
:1036D000B3F1031F21D0013A934258D0B0F5004F07
:1036E00040F0B480FFF7ACFF34E05F4B9D4234D133
:1036F0004FF0B0435D49D3F8883003F00C0343F436
:1037000040228A4249D005D8FBB1594B9A423ED05B
:10371000012065E0B2F10C1FFAD1B0F5004F40D0A6
:103720004FF40040534B626803EB4603B3F8343464
:10373000B0FBF3F303EB5203B3FBF2F34FF6EF727C
:10374000A3F110019142E3D844E0B0F5004F78D1E5
:10375000FFF764FF002842D023E0404B9D42D7D1C1
:103760004FF0B043D3F8883003F44063B3F5006FF3
:103770003DD006D883B3B3F5806FC9D1FFF74CFCB9
:103780002CE0B3F5406FC3D14FF4004030E0B0F50A
:10379000004F5ED1FFF740FCDCE7B0F5004F364844
:1037A000C0D1344B626803EB4603B3F83434B0FB4A
:1037B000F3F0530803EB4003B3FBF2F34FF6EF7261
:1037C000A3F110019142A3D823F00F0292B2C3F3E8
:1037D00042031343EB6002E0FFF720FF40B90020F3
:1037E0004FF00113A3660023C4E91D3370BD2248C6
:1037F000204B656803EB460305EB4501B3F8342421
:10380000B0FBF2F3994283D8B3EB053F80D8002395
:1038100019461AF003FB090241EA10616B08000225
:10382000C0182A464FF0000341F100011AF0F6FAE1
:10383000124BA0F540729A423FF66AAF074BD86030
:10384000CDE7FFF7EBFE0028C9D06BE7FFF7F8FEE6
:10385000F9E7FFF7E1FBF6E7F369FFCF00800040EF
:1038600000380140020003000044004008000C0042
:1038700004000C00F04A02080024F400FFFC0F00D2
:1038800038B5044638B3D0F888300BB980F88430A6
:1038900025682423C4F888302B6823F001032B60AB
:1038A000A36A13B12046FCF7E3FC2046FFF7DAFEDB
:1038B000012810D06B6823F490436B60AB6823F051
:1038C0002A03AB602B6843F001032B602046BDE860
:1038D0003840FDF71BB9012038BD38B5044658B350
:1038E000D0F888300BB980F8843025682423C4F8D8
:1038F00088302B6823F001032B60A36A13B12046A4
:10390000FCF7B6FC2046FFF7ADFE012814D06B682B
:1039100023F490436B60AB6823F02203AB60AB6889
:1039200043F00803AB602B6843F001032B60204693
:10393000BDE83840FDF7EAB8012038BD836810B50E
:10394000044613B1032201469847204610BD10B526
:10395000034B044640F8043BFFF7F0FF204610BD40
:10396000444F020810B50446FFF7F1FF204620F04F
:10397000AFFB204610BD10B5034B044640F8043B96
:10398000FFF7DCFF204610BD444F020810B5044687
:10399000FFF7F1FF204620F09BFB204610BD10B53D
:1039A000034B044640F8043BFFF7C8FF204610BD18
:1039B000444F020810B50446FFF7F1FF204620F0FF
:1039C00087FB204610BD0369DA6822F00102DA6045
:1039D000DA6822F00202DA60DA6822F00402DA60C1
:1039E000DA6822F00802DA60DA6822F01002DA609F
:1039F000196A41F21112114208D1196A40F2444287
:103A0000114202BF1A6822F001021A60012280F8F6
:103A10004D20196821F00101196080F84E2080F8CE
:103A20004F2080F8502080F8512080F8522080F8F4
:103A3000532080F8542080F8552080F8562080F8D4
:103A4000572070470B4B98420BD0B0F1804F0AD0F3
:103A500003F5C053984208D003F58063984206D01E
:103A6000FEE70020704701207047022070470320C6
:103A7000704700BF002C0140826810B50AB91EF0E3
:103A8000C5FCBDE81040C36818470B4BDA6802421A
:103A900011D0D8600023012803F1010208D10748A2
:103AA000DBB2142202FB0300043083681BB1E3E79E
:103AB00040081346EFE770470008005850190020EF
:103AC000037F013B072B14D8DFE803F00411130D2B
:103AD0001313130F012350F8040C1B016433184413
:103AE000836833B1C8E70323F5E70423F3E7022330
:103AF000F1E77047036870B5DD681E69B1070446D9
:103B00000BD5AA0709D56FF002021A6101220277CC
:103B10009B69FFF7D5FF0023237770070DD5690751
:103B20000BD523686FF004021A6102222277204627
:103B30009B69FFF7C5FF0023237732070DD52B07BD
:103B40000BD523686FF008021A6104222277204601
:103B5000DB69FFF7B5FF00232377F0060DD5E906F3
:103B60000BD523686FF010021A61082222772046D5
:103B7000DB69FFF7A5FF00232377F2070CD5EB07DE
:103B80000AD5236854F8040C6FF001021A61C36E61
:103B900013B16430FFF770FF300605D5290642BF28
:103BA00023686FF080021A61F20505D52B0642BF2B
:103BB00023686FF480721A61700605D5690642BFEA
:103BC00023686FF040021A61B20605D5AB0642BF0A
:103BD00023686FF020021A6170BD034BD3F82006F2
:103BE00008B1043086E7704770140020FFF7F5BF76
:103BF000034BD3F8240608B104307BE7704700BFBD
:103C000070140020034BD3F8280608B1043071E784
:103C1000704700BF70140020034BD3F82C0608B186
:103C2000043067E7704700BF7014002020F048BAE6
:103C300020F046BA20F04CBA20F04ABA20F048BA38
:103C400008B5032818D8DFE800F002080D1201209B
:103C5000FCF70FFC4FF0904008BD0220FCF709FC78
:103C60000648F9E70420FCF704FC0548F4E7802047
:103C7000FCF7FFFB0348EFE70020EDE700040048F6
:103C800000080048001C00484FF0B04382B09A6D15
:103C900002439A659B6D03400193019B02B07047FC
:103CA0004FF0E0230B4A82B01168986901901068C8
:103CB0009A6900925A69884214BF009B019B0132A5
:103CC0004FF47A71D31A4B43B3FBF2F301FB00308C
:103CD00002B0704778030020094B70B500261D68BC
:103CE0004FF47A73B5FBF3F5C0E900560446FFF7CD
:103CF000D7FF044B03FB0500A060304670BD00BF3A
:103D000078030020C0BDF0FF024A1368013313603E
:103D1000704700BF780300200C4BD3F8FC20D20181
:103D20005EBFD3F8FC2042F08072C3F8FC20084B41
:103D300000225A601A6842F001021A6000BF00BFF8
:103D400000BF5868B0FA80F04009704700ED00E00D
:103D5000001000E0012098E6022096E6042094E698
:103D6000082092E6102090E638B505242025A8B258
:103D7000FFF78BFE013C4FEA4505F8D138BD38B559
:103D800006244FF48065A8B2FFF77FFE013C4FEA9E
:103D90004505F8D138BD012A02D0022A18BF0022F9
:103DA000FCF7E4BEF8B5471C06460C4600D1FEE71A
:103DB0003F4B00F00F0203EB8203C0F30310D3F874
:103DC0006414FFF73DFF91FAA1F3B3FA83F3876818
:103DD00003225B0002FA03F391FAA1F2B2FA82F233
:103DE00027EA03075200032393403B4304F00705EF
:103DF0008360032D03D8DFE805F057032559FEE75C
:103E0000012391FAA1F2B2FA82F206685200032766
:103E100007FA02F226EA020691FAA1F2B2FA82F257
:103E200052009340013D3343012D036005D84368A0
:103E300022074CBF0B438B434360C4F30112BDE820
:103E4000F840A8E7C4F306227F2A17D0360717D513
:103E50000B0A93FAA3F6B6FA86F6476A93FAA3F327
:103E6000B6004FF00F0CB3FA83F30CFA06F69B0082
:103E700027EA060602FA03F3334343620223C0E74C
:103E800091FAA1F3B3FA83F3066A9B000F2707FAAE
:103E900003F326EA030691FAA1F3B3FA83F39B0036
:103EA0009A4032430262E9E70023AAE70323A8E726
:103EB000F04A0208431C05D17047984201D1896835
:103EC00070E70C310B685A1CF7D1FEE7431C02D196
:103ED000002070470C310B685A1CF9D09842F9D178
:103EE0004868704703468B42084604D01BB100293E
:103EF0000CBF1846002070474FF0B0431A6842F0DC
:103F000061021A604FF4E0229A6061221A60064A48
:103F1000DA6000229A6140F23F321A62034B4FF09E
:103F200000629A60704700BF0001042200ED00E0CB
:103F30004FF0B04382B01A6E02431A661B6E034004
:103F40000193019B02B0704703680C4A934202D16F
:103F50004FF40060ECE7B3F1804F01D1012093E60C
:103F6000074A934202D14FF40030F3E7054A9342E7
:103F700002D14FF48020EDE7704700BF002C0140D4
:103F80000044014000480140431C10D00C4B9842B3
:103F900010D007D8B0F1804F0ED0A3F5C05398428F
:103FA0000CD0FEE7074B9842FBD11D2070476FF005
:103FB0000D0070471C2070471B2070471820704769
:103FC0000044014000480140431C10D00C4B984273
:103FD00010D007D8B0F1804F0ED0A3F5C05398424F
:103FE0000CD0FEE7074B9842FBD11D2070476FF0C5
:103FF0000D0070471C2070471B2070471A20704727
:10400000004401400048014090F8B120084B03EB08
:104010008203D3F83036D3F88800D3F88C301843B5
:1040200000F02200A0F1220358425841704700BF1F
:104030007014002010B5044650F80439DA69D1072D
:104040000BD501221A62FFF7DFFFA8B904F1AE0118
:104050002046BDE8104017F06BB8DA69920701D529
:104060000222EFE7DA69510701D50422EAE7DA69AB
:104070001207E8D50822E5E710BD0368D9691A6878
:104080002DE9F04140F60F0631429D68044610D1FB
:104090008E0640F1BA8002F0200605F080573E43BC
:1040A00000F0B380436F002B00F0AD80BDE8F0411D
:1040B0001847AF4EAF482E401040304300F0A58067
:1040C000CF0709D5D00507D501201862D4F8900094
:1040D00040F00100C4F890008F0709D5E80707D524
:1040E00002201862D4F8900040F00400C4F8900058
:1040F0004F0709D5E80707D504201862D4F89000C7
:1041000040F00200C4F890000F070BD502F0200029
:10411000304307D008201862D4F8900040F008001F
:10412000C4F890000E050AD5500108D54FF4006080
:104130001862D4F8903043F02003C4F89030D4F8DB
:104140009030002B5FD0890609D502F0200205F0DF
:1041500080552A4303D0636F0BB1204698472368EC
:10416000D4F890109A6801F0280102F0400252EA57
:10417000010543D053E8002F22F4907243E8002158
:104180000029F7D17C4803F1080252E8002F0240D1
:1041900003F1080545E800210029F4D1E26E012A67
:1041A00007D153E8002F22F0100243E80021002934
:1041B000F7D12022C4F88C200022E26662679A6858
:1041C000520617D503F1080252E8002F22F04002F0
:1041D00003F1080040E800210029F3D1D4F8800061
:1041E00040B1664B8363FEF7B1F960B1D4F880004B
:1041F000836B5BE72046BDE8F0411BE72046FFF7F5
:1042000019FFC4F89050BDE8F081E06E012840F03D
:10421000B780CF0640F1B480D60640F1B1801022BD
:104220001A629A68500671D5D4F8802010684168E7
:1042300089B20029E7D0B4F85C508D42E3D9A4F8E4
:104240005E100168890634D453E8001F21F48071A0
:1042500043E800100028F7D103F1080151E8001FDE
:1042600021F0010103F1080545E800100028F3D111
:1042700003F1080151E8001F21F0400103F1080596
:1042800045E800100028F3D12021C4F88C10E06626
:1042900053E8001F21F0100143E800100028F7D177
:1042A0003AB192F82530022B08D00423D36382F868
:1042B000240002232367B4F85E30A4E71368906CEF
:1042C000196821F00E011960016821F48071016004
:1042D000196821F001011960D2E9100303F01C01F3
:1042E00001238B404360D2E913315960536D33B1E0
:1042F000196821F480711960D2E9163159600123DF
:1043000082F82530002382F82430D2E7B4F85E200A
:10431000B4F85E10B4F85C0089B292B200293FF4A0
:1043200072AF90423FF46FAF53E8002F22F49072C7
:1043300043E800210029F7D10F4803F1080252E8B1
:10434000002F024003F1080545E800210029F4D1BF
:104350002022C4F88C206167E16653E8002F22F028
:10436000100243E800210029F7D1022323674AE71E
:104370000100001020010004FEFFFFEFE9430008E8
:10438000CF020BD56E0209D54FF4801204F1AE01B5
:1043900020461A62BDE8F04116F0CABE08060BD5E9
:1043A00002F0800005F40005284305D0A36F002B20
:1043B0003FF429AF204679E649067FF524AF52063F
:1043C0007FF521AF53E8002F22F0400243E800219F
:1043D0000029F7D12023C4F88830A167D4F8983099
:1043E000201FBDE8F0411847806A0023A0F85E3026
:1043F000A0F856301EE62DE9F84F0368B0F860606B
:10440000D3F81CB01F689D68D0F88C20222A04467F
:1044100040F0B580B0F8683043B1DFF86C91DFF858
:104420006CA14FF000081BF0200F20D1B4F85E30D3
:104430009BB2D3B1B4F868209A4216D9226802F12F
:10444000080353E8003F23F08053083242E800316C
:1044500022680029F2D14E4B636752E8003F43F0D7
:10446000200342E800310029F7D1BDE8F88F236826
:10447000A26D5B6A33401370A36D0133A365B4F87A
:104480005E30013B9BB2A4F85E302368D3F81CB0C9
:104490001BF0070F2ED01BF0010F09D0F90507D52F
:1044A00001221A62D4F8902042F00102C4F8902050
:1044B0001BF0020F09D0EA0707D502221A62D4F8CE
:1044C000902042F00402C4F890201BF0040F09D0A1
:1044D000E80707D504221A62D4F8903043F00203AB
:1044E000C4F89030D4F8903023B12046FFF7A2FDF5
:1044F000C4F89080B4F85E309BB2002B93D1226850
:1045000052E8003F23F4807342E800312368002919
:10451000F5D103F1080252E8002F02EA090203F183
:10452000080040E800210029F3D120225345C4F8B7
:104530008C20616721670AD05A68110207D553E8B9
:10454000002F22F0806243E800210029F7D1E26EBB
:10455000012A10D10022E26653E8002F22F0100257
:1045600043E800210029F7D1DA69D2067FF55BAF75
:1045700010221A6257E72046FBF7A3FF53E79A6918
:1045800042F008029A6170E7FEFFFFEF00800040F2
:10459000CB0400082DE9F84F0368B0F86060D3F849
:1045A0001CB01F689D68D0F88C20222A044640F079
:1045B000B380B0F8683043B1DFF86891DFF868A1E4
:1045C0004FF000081BF0200F20D1B4F85E309BB2F2
:1045D000D3B1B4F868209A4216D9226802F10803D0
:1045E00053E8003F23F08053083242E8003122684C
:1045F0000029F2D14D4B636752E8003F43F020039E
:1046000042E800310029F7D1BDE8F88F2368A26D98
:10461000596A314022F8021BA265B4F85E20013AC3
:1046200092B2A4F85E20D3F81CB01BF0070F2ED076
:104630001BF0010F09D0F90507D501221A62D4F841
:10464000902042F00102C4F890201BF0020F09D024
:10465000EA0707D502221A62D4F8902042F0040239
:10466000C4F890201BF0040F09D0E80707D50422F6
:104670001A62D4F8903043F00203C4F89030D4F8B2
:10468000903023B12046FFF7D5FCC4F89080B4F8F1
:104690005E309BB2002B95D1226852E8003F23F494
:1046A000807342E8003123680029F5D103F1080244
:1046B00052E8002F02EA090203F1080040E8002155
:1046C0000029F3D120225345C4F88C20616721676B
:1046D0000AD05A68110207D553E8002F22F08062F1
:1046E00043E800210029F7D1E26E012A10D100220F
:1046F000E26653E8002F22F0100243E8002100296F
:10470000F7D1DA69D2067FF55DAF10221A6259E758
:104710002046FBF7D6FE55E79A6942F008029A61F7
:1047200072E700BFFEFFFFEF008000408905000830
:10473000034B1022C3F88421024BD3F830069CE4CB
:1047400000E100E070140020044B2022C3F8842113
:10475000034BD3F8340600B18FE4704700E100E06A
:1047600070140020034B4022C3F88421024BD3F87D
:10477000380682E400E100E0701400202DE9F04FDB
:10478000D0F8A0A09DB0CDE904120446B14906932B
:104790005046269B0793FFF799FBD4F8A490AE49A7
:1047A00000904846FFF792FBD4F8A8B0AB49064604
:1047B0005846FFF78BFBD4F8AC30A94901938046EB
:1047C0001846FFF783FBA44902905046FFF77EFB93
:1047D000A04903904846FFF779FB009B05461BB9AB
:1047E000039B002B00F07D81B9F1FF3F03D016B988
:1047F000002D00F07681BBF1FF3F03D0B8F1000F30
:1048000000F06F81019B013303D0029B002B00F06D
:10481000688100983146FFF765FB206020B9039856
:104820002946FFF75FFB206020684146FFF75AFBEF
:104830000299FFF757FB07462060002800F05181DE
:10484000884B984240F097804FF0B0434FF480403F
:104850001A6C42F480421A641A6C22F480421A6480
:10486000FFF766FB2423A4F8B030009B002B00F078
:10487000B08078495046FFF71DFB1EB17649484687
:10488000FFF718FB4FF00009B8F1000F05D073498E
:104890005846FFF70FFB4FF48078029B2BB170490D
:1048A000019848F40078FFF705FB94F8B1206E4BAF
:1048B00094F9B000C4F83C9003EB820304F1040ABD
:1048C000C3F830A6049BA360059BE360079B2361AC
:1048D000069B63610C230022C4E906380823E362C7
:1048E0006760226262620121FDF7FEFD5F4B9F421D
:1048F00040F06381049A94F88830B2F5165F00F2B4
:1049000086808B4275D15046002E00F0F080FEF775
:10491000B7FF002800F0E580482200210AA81FF018
:1049200040FA534A136843F4807313604FF4806075
:10493000FFF7AAF94FF0B043D3F8902042F00102FC
:10494000C3F89020D3F89020910709D4D3F8902091
:1049500022F01802C3F8902004230A9381230D93B8
:104960000A9B002B00F0C9800AA8FEF7FFFB002875
:1049700000F0C380FEE73F4B984210D14FF0B043A8
:104980004FF400309A6B42F400329A639A6B22F42F
:1049900000329A63FFF778F940F2251363E7334B4F
:1049A00098427FF462AF4FF0B043DA6B42F00102FD
:1049B000DA63DA6B22F00102DA63DA6D42F00102A7
:1049C000DA65DB6D03F001030993099B40F22623AE
:1049D00049E7039B002B3FF455AF1F495046FFF7B3
:1049E00069FA1DB11B494846FFF764FA4FF40049C4
:1049F0004AE784F88810616851E8003F43F00203F9
:104A000041E80032002AF6D184F888207BE7012BA8
:104A100048D15046002E5FD0FEF732FF002860D00C
:104A2000FEF7EEFA2368002840F0BC80BB422FD18D
:104A30000020FBF73CFD16B9002D00F087805046A2
:104A4000FEF71EFF00284CD04FF48060FBF72FFDCF
:104A500022E000BF944F0208D04F02080C50020819
:104A600054500208003801407014002000800040BB
:104A70000004005800440040FEF7C2FA002840F04D
:104A800093802268504B9A42D2D0002E00F0918041
:104A90005046FEF7F5FE20B350461DB0BDE8F04F7E
:104AA000FEF7EEBE84F88810616851E8003F23F0FD
:104AB000020341E80032002AF6D184F888205046EB
:104AC00056B1FEF7DDFE60B1FEF79AFA3E4B226862
:104AD000002857D19A42AAE735B9FEF7FEFE002812
:104AE000CAD11DB0BDE8F08FFEF7CAFEF7E7002D72
:104AF0007FF40DAFFEF7F1FE0BE74FF0B043D3F8B4
:104B000090309B07B8D527682F4B9F4203D14FF4B5
:104B10004060FBF7CCFC5046002EE5D1002DE3D1E0
:104B2000FEF7DBFE0028DCD0FEF76AFA264BE0B188
:104B30009F4215D05046FEF7D0FE0028D1D0226803
:104B4000214B9A4213D10020FBF7B1FC5046FEF7EF
:104B5000C4FE0028C5D04FF48060FBF7A8FC0BE032
:104B60004FF40060FBF7A3FCE4E79F42ECD0504613
:104B7000FEF7B3FE0028B4D050461DB0BDE8F04F9C
:104B8000FEF7ABBE9A4206D14FF40060FBF78FFCF4
:104B90000EB9002DCED05046FEF772FE00287FF4ED
:104BA00070AF9EE7BB42EEE72268074B9A42EFD117
:104BB000EAE7002D7FF46CAFD9E7002E7FF46CAFED
:104BC000002D7FF469AFD7E7008000402DE9F74F53
:104BD000DFF85091DFF8508199F81931D8F800507A
:104BE000022B06460F4641D8504B99F8192103EB8A
:104BF0008202D2F8304694F8AD2003EB8203D3F85A
:104C00003026D2F88830D2F88C100B4303F0210301
:104C1000212B65D0D4F88830202B2CD15EB3BBB2C9
:104C20004BB300252122C4F89050C4F88820D8F84E
:104C30000080A4F85430A4F85630A368B3F5805F20
:104C400003D123690BB935461E46B4F856309BB2E2
:104C5000002B4CD14FF47A7342464021204616F087
:104C6000C1F840B92023C4F8883005E0304902205B
:104C7000FFF72CF978BB0027384603B0BDE8F08F6A
:104C80000BEB8402D2F830A6BAF1000F07D0022055
:104C9000FFF71CF9DAF8002025498242A4D001343C
:104CA000E4B2032C89F81941EAD121490220FFF727
:104CB0000DF90028DFD00223C9F808310023009342
:104CC0001A461C484FF41651FFF758FD99F8193150
:104CD000022B89D9CFE7DFF854B015490024E0E76B
:104CE000D8F800305B1BB3F57A7F8AD3C3E74FF463
:104CF0007A7342468021204616F074F80028BAD113
:104D000022685EB935F8023BC3F308039362B4F836
:104D10005630013B9BB2A4F8563096E716F8013B9B
:104D2000F4E700BF0000002078030020701400208A
:104D3000944F0208680000200B490346D1F8300167
:104D400010B50344EFF30882934205D9074B0C22B8
:104D50001A604FF0FF3010BD054A064C121B9342FB
:104D6000F4D2C1F83031F6E700000020945600205C
:104D700000000120000400004FF0FF3070474FF4A6
:104D800000534B600020704701207047002070479F
:104D900000207047FEE7034B16221A604FF0FF30E9
:104DA000704700BF94560020012070477047814231
:104DB00010B51346A1EB000405D001462246184663
:104DC0001EF0D5FF0346181910BD73B5531A0F2BEB
:104DD00004460D461646019306D9002201A91DF08E
:104DE000E1FE019B2060A3603246294620681DF049
:104DF00039FF019B226863600021D15402B070BD6D
:104E000008B500F12C0200F14403002052F8041F01
:104E10009A420844FAD119F0B1F9034919F0BAFAE3
:104E2000024919F003FA08BD00606A470000C84251
:104E30000B685A89042A2DE9F047846E05460E4610
:104E40003BD11F4A1F480C334FF4807104F036FAEF
:104E5000236800F1180100225B6B204698471A4B2B
:104E60008146D3F83C07FFF7CBFF184B94F87880C6
:104E700094F879A01F6819F029FBAAEB08034343B3
:104E8000642293FBF2F301224344D04448FA02F82F
:104E9000DBB2616F02FA03F302FA08F202EB4A0294
:104EA00013440F44A26E07EB490702FB03777760B8
:104EB0002846BDE8F04703F0DBBD98891830C7E706
:104EC00090500208AC1A00207014002078030020D3
:104ED00008B500F1440200F59A73002052F8041F4F
:104EE0009A420844FAD119F049F9034919F052FAE3
:104EF000024919F09BF908BD00BA5B4A0000C8429C
:104F000038B579B190F84151FFF77AFF0446284649
:104F100019F038F90146204618F058FF003818BF3C
:104F2000012038BD90F84051EEE7134B70B50446B0
:104F300093F8CC01E8B9114B1149D3F84037DE683A
:104F4000304618F043FFA8B12046FFF7C1FF0546E1
:104F500094F8420119F016F9314619F067F9084939
:104F600019F018FA0146284618F030FF003818BF2B
:104F7000012070BD0120FCE77803002070140020A0
:104F80000000C84270B505460E46104682B12B6837
:104F900001241B682C75284600219847084B83F88C
:104FA0004447BFF35B8F20462E63BFF35B8F70BD1A
:104FB000BFF35B8F2B6BBFF35B8F002BE7D0F6E764
:104FC00070140020034B1A68436882601344C36066
:104FD000704700BF7803002038B50368094DDB69CE
:104FE000C5F848070446984701462046FFF7EAFF00
:104FF000002902DB23681B6898470023C5F848375F
:1050000038BD00BF70140020024B41601B6819447A
:10501000C160704778030020002100F52B60F3E7A2
:1050200010B5074B074AD3F84C471268D3F85037EE
:105030004FF47A71121BB2FBF1F2D01810BD00BF11
:105040007014002078030020044B93F858378342F3
:1050500001D30846E4E70020704700BF7014002029
:105060002DE9F3470E4605464B493046174698460C
:1050700018F0EEFE20B9494905222846FBF71CFB33
:105080004749304618F0E4FE20B946490522284633
:10509000FBF712FB4449304618F0DAFE20B94349C9
:1050A00005222846FBF708FB4149304618F0D0FEA0
:1050B00020B9404905222846FBF7FEFA3E49304612
:1050C00018F0C6FE20B93D4905222846FBF7F4FA40
:1050D00001210846FFF7B8FFDFF8E490002847D029
:1050E000384BB0FBF3F203FB120000F5A83404F5D3
:1050F000C0743549B4FBF3F2284603FB12444FF465
:1051000061633246B4FBF3FA03FB1A4413F09BFECF
:105110002E49284613F097FE3C21B4FBF1F301FB26
:105120001344D9F800202A4900944FF47A70B2FB56
:10513000F0F228460192524613F085FE254BD3F833
:10514000484764B12449284613F020FEE169626AA9
:105150002846FBF7B1FA2149284613F017FE4346CB
:105160003A463146284602B0BDE8F047FCF722B87F
:1051700032461549284613F066FE1449284613F0B6
:1051800062FED9F8002016494FF47A732846B2FB24
:10519000F3F213F058FED1E7D88F0208DE8F020831
:1051A000E48F0208EA8F0208F08F0208F68F0208E7
:1051B000FC8F020802900208D0900208D6900208E4
:1051C0007803002080510100DC900208089002085A
:1051D000E090020870140020049102080691020871
:1051E000F5900208A0F52A6019F0E0B90AB11EF0A6
:1051F000AEBD1046704730B5036D0A6D93428DB059
:1052000004460D4623D1012B18D100F1540106A804
:1052100018F002F905F15401684618F0FDF8079AF4
:10522000019B9A420DD100990698FFF7DFFF40B924
:1052300068461DF0D9FC06A81DF0D6FC00200DB074
:1052400030BD68461DF0D0FC06A81DF0CDFC2B6DCE
:105250002365012B1FD105F1540106A818F0DCF8D5
:1052600004F154001DF097FC054606A81DF093FCC0
:10527000079AB0B11AB10699606D1DF0D8FC079B72
:10528000626DA3650021D154069A0023079306A8F6
:1052900013701DF0A9FC214604F1280017F08AFACA
:1052A000CCE7069808992DB1C4E91502E16508AB71
:1052B0000693E9E7636DE56DE165C4E91502002B2E
:1052C000F5D006930895DFE701207047036810B515
:1052D000DB6800219847044620B14FF4F0720021AA
:1052E0001EF05FFD204610BD03460068196010B136
:1052F00003685B681847704773B5531A0F2B044651
:105300000D461646019306D9002201A91DF04AFC5C
:10531000019B2060A3603246294620681DF09DFC59
:10532000019B226863600021D15402B070BD48B96E
:10533000074B1B7B022B09D0064A07480B2B08BFE3
:10534000104670474FF47A735843704701487047CE
:1053500078030020002E930280EE360000210846DC
:1053600016F032BF0121002016F02EBF10B5044602
:1053700015F026FA1549D1F85C3701F5056293421C
:1053800011D001F506629B1A18BF01236375D1F88D
:10539000703893F85930012B0D4B06D11B68C1F8BA
:1053A0007438642010BD0023F0E7D3F8A400421E37
:1053B0000332F6D81C68FFF7BAFFD1F874381844E6
:1053C000A042EED2102015F03DFAEAE7701400205A
:1053D0007803002038B504460068844200D138BD07
:1053E00005681EF075FE2846F7E72DE9FF470546DC
:1053F0001D4B55F8047F0360044601AE4FF0000AD0
:10540000AF4206D16068854229D1204604B0BDE88C
:10541000F087CDE90166D7F80880CDF80CA0D8F860
:105420000010884504D13046FFF7D4FF3F68E7E716
:105430008B68D1F800909C420FD1019881420CD02A
:1054400081450AD04A461CF0F6FC039B01330393C6
:10545000D8F80830013BC8F808304946E1E706684B
:105460001EF036FE3046CEE7906302080F4B10B5B3
:10547000036084330446C0F89431D0F8CC0108B1FD
:105480001EF026FE04F5CA7017F030F92046084BCE
:1054900040F83C3BFFF7A9FF04F12000FFF7A5FF10
:1054A000201DFFF7A2FF204610BD00BFE0500208FC
:1054B00090510208A0F5CA70D8E710B50446FFF76E
:1054C000D5FF20461EF004FE204610BDA0F5CA7090
:1054D000F3E710B50446FFF788FF20461EF0F8FDFD
:1054E000204610BD2DE9F74FD0E901840368A4EBF5
:1054F0000806B610B34205460F469146B3462DD86E
:10550000444529D054F8041CD1F8586166B991F883
:10551000222197F822319A421ED2043C84605648D8
:10552000D0F878389B6894E0221F13460C46D4F8D4
:1055300058A1BAF1000F7DD0984502D053F8044D20
:10554000F5E74E4B1B689E4206D2D7F858310BB197
:105550009E4201D9AA60E2E7002083E00AB100235D
:105560001370C146002E0ADCEB689C4228D04C45E3
:1055700004F1040317D12760AB60012078E04FEA03
:10558000660A09EB8A0359F82A100193384600F09D
:10559000D3F930B9019BA6EB0A0A03F104090AF119
:1055A000FF3A5646DEE7214654F8042C41F8042918
:1055B0004846AB60224617F0C7F9C9F80070DCE72F
:1055C0006FF060439B4502D12D481CF018FF444505
:1055D00027D10BF1010ABAF1000F29D06FF0604317
:1055E0009A4528BF9A46504613F0E1FC0646A9EBBF
:1055F00008033246F7504946404615F0ADF92146BA
:10560000021D484615F0A8F90446B8F1000F02D073
:1056100040461EF05DFDC5E9016406EB8A06EE60BA
:10562000ABE7BBEB4B0F4FEA4B0AD4D99A46DAE70C
:105630005646DCE794F822C197F82201844580D2CF
:105640001946281D16F04EFF0B48D0F878389B6895
:10565000214600F678009847002239462846FFF791
:1056600041FF0120B9F1000F02D0012389F8003079
:1056700003B0BDE8F08F00BF701400207803002055
:10568000B690020838B5054600200C4615F01EFB02
:1056900005F58A7015F0F2F82046BDE8384016F09E
:1056A0006DBC38B5044608460D4604F0A1FCD4F89C
:1056B0008C30202B0AD1AB89012B01D0422B0BD18E
:1056C000201D15F05BF808B115F072F8D4F88C3095
:1056D0001F2B0ADD1EF006FA284615F069F8D4F8EB
:1056E000FC300133C4F8FC3038BDD4F8900018B158
:1056F000036800211B689847D4F8883004EB8302C4
:10570000013355605A4202F01F0203F01F0358BFD5
:105710005342C4F88830D4F88C300133C4F88C304C
:10572000DDE770B5056804460E46A54201D10020AC
:1057300070BDA868036831469B6898470028F7D178
:105740002D68F2E7C36810B50A4663B9806800B9EE
:1057500010BD11684368994203D15168836899422A
:10576000F6D00068F3E7D1E900314B404168B3FB64
:10577000F1F401FB1431FBF779F90028E8D0006857
:10578000E6E7006810B9024BD3F8F005704700BF98
:1057900078030020F8B5164B1A7B012A04460D4603
:1057A00002D100263046F8BD1B7E042BF9D0866E50
:1057B000002EF6D091F82021002AF2D03368084656
:1057C0001F6BFFF7DEFF13460146D5F81421304664
:1057D000B84706460028E4D0284614F0E9FA2368C2
:1057E00029465B6B20469847E36E0133E366D9E7B1
:1057F000780300207FB500230DF10F0200920546CB
:105800001A4630308DF80F300C4614F0B3F99DF87D
:105810000F30064663B321462846FFF7BBFF50B959
:105820005EB1EB6E0133EB6694F82A315BB9214629
:105830002846FCF72FF9012003E09DF80F30CBB18B
:10584000002004B070BD94F820219A42EFD1D4F822
:1058500014212168284603F019FA0028EBD12046CC
:1058600014F0A6FA2B6821465B6B28469847E2E7BE
:105870000028D6D1084BD3F88C38002BE0D0D4F8D0
:10588000140103F12002E83352F8041F09B18842E1
:10589000C7D09A42F8D1D3E77014002038B5044637
:1058A0000846FFF76EFF60600B7A237208460D46CC
:1058B00014F0FCFE84F820012B680BB195F821311F
:1058C00084F8213194F8223113B9462384F8223127
:1058D000D5F81431C4F8043138BD37B55389042BD9
:1058E00018BF0D4B1446204614BF93F89028127A27
:1058F000FFF747FF002300930D4613460146D4F8F7
:105900001421284614F0A4FE21460546FFF7C6FFE1
:10591000284603B030BD00BF70140020036833B1C7
:10592000044AD2F8F005C31A584258417047012082
:10593000704700BF7803002038B5D0F85831D1F84F
:1059400058411D1E18BF0125003C18BF0124A54267
:1059500003D0B3FA83F0400938BD90F8223191F8B2
:1059600022219A4203D034BF01200020F4E7FFF740
:10597000D5FF18B9BDE838400846CFE70020EBE76F
:105980002DE9FF416E4686E80600044696E80300CE
:1059900002AB04F1840783E8050019463846FFF797
:1059A000D1FE90B3027D437DC5689A4210D228464D
:1059B000FFF7B4FF18B9414B1B7B022B08D02846D8
:1059C000FFF7DFFED5F814210146204603F017F952
:1059D000D4F89030002B50D1D4F88C2004F18C03F3
:1059E00052B1DDE900065168884202D191688E42C9
:1059F00010D01168134659B93148D0F87838294683
:105A000000F678009B689847012004B0BDE8F0815B
:105A10000A46E8E71868D4F888208169B1FBF2F6F5
:105A200002FB1611D4F88420066852F82170BB429C
:105A30004FEA810C33D156B1B769D4F888E0B7FB8F
:105A4000FEF80EFB1877B9420DD042F8273052F815
:105A50000C7004F18C018F424FF0000108BFC4F8B4
:105A60008C6042F80C1002681A601EF031FBD4F80A
:105A70009030013BC4F89030BEE7DDE9003253407E
:105A8000D4F88820B3FBF2F1384602FB11313246DC
:105A9000FAF7ECFF03460028AED00068C2E7002EFC
:105AA000E1D0B669D4F88870B6FBF7FC07FB1C663A
:105AB000B14218BF42F82630D5E700BF7803002076
:105AC0007014002082B0CDE9001202AB13E9060089
:105AD00002B055E730B5044687B00846FFF751FEDF
:105AE00015460023CDE904336B1EDBB2D1F8142137
:105AF0000190084602928DF814308DF8153003910C
:105B0000FFF73FFE03AD01462046FFF7DBFF2946C6
:105B100020468434FFF78CF901A92046FCF751FB9D
:105B2000034695E8070083E8070001A92046FCF733
:105B300048FB07B030BD421C03D0431E58425841B9
:105B400070470120704773B5144BD1F85461D3F8F6
:105B5000F035C1F854310C460023054600931A462F
:105B6000303014F007F86068FFF7E5FF68B12046B1
:105B7000FFF7D4FE68B166B1C4F8546121462846E7
:105B800002B0BDE8704004F064BFD4F85031002B7F
:105B9000F4D10023C4F85431F0E700BF78030020AB
:105BA0004B89042B70B505460C4613D1D1F804611E
:105BB00016B9D1F808316BB10A4B6168D3F8F035EA
:105BC000994207D00846FFF7B6FF18B93246284673
:105BD00003F015F82B68214628465B6BBDE8704042
:105BE000184700BF78030020F7B5334BD1F8546154
:105BF000D3F8F035C1F854310C4600230546009324
:105C00001A46303013F0B6FF6168D4F85471084674
:105C1000FFF791FF70B10021C4F850112046FFF743
:105C20007DFE00283DD12146284603B0BDE8F04066
:105C300004F00FBF214BD3F8A40803681B689847F2
:105C40000028E8D0D0F8B4100029E4D08F42E2D088
:105C5000C4F850112046FFF761FE60B1E6B1C4F808
:105C600054612046FFF75AFE28B194F82131002BE9
:105C7000D9D10029D7D094F820311BB994F821311B
:105C8000002BD0D021460E4814F049FD02220146D7
:105C90002846FFF71FFFC6E794F82131002BC2D139
:105CA000E9E7C4F85461002EBDD02046FFF736FE68
:105CB0000028DAD1B7E700BF780300207014002075
:105CC000E81C00203C4B2DE9F3471F68D0F88C40BE
:105CD00005466FF000461CB9304602B0BDE8F087BB
:105CE0002369D4F80080BB4260D8217DC9B9D4F8BB
:105CF0000C904846FFF712FE60B14846FFF741FDA1
:105D000099F80830CDE900110146D9F81421052091
:105D100014F05BFCD4E901122846FFF731FE44463B
:105D2000D9E7A37D0133DBB2A375AA6E7AB192F8ED
:105D300061100B44DBB2082B194628BF0821E1751E
:105D40002BB192F861308B4218BF82F86210E16883
:105D5000D1F804A05046FFF7EEFE814678B9237DC6
:105D6000012B14D1154BC1F85001D3F8A4080368D6
:105D700051461B68984708B1C0F8B490E1681048D4
:105D800014F0CDFC01462846FFF7DDFE06E00C4886
:105D900014F0C5FC01462846FFF726FF237D013B92
:105DA000237504F10C012846FFF742F82369DB1B39
:105DB0009E42A8BF1E46B2E7780300207014002060
:105DC000E81C002038B50446FFF77CFF204605F0AC
:105DD000CFF905462046FFF775FFA842A8BF284621
:105DE00038BD70B5154C86B0064618234FF4EB60ED
:105DF000C4F8A8381EF064F90A21054602F0EFF84D
:105E0000D4F8AC28C4F8AC5805F5EB65D4F8B43830
:105E1000C4F8B008C4F8B45803A800250392059349
:105E20000095029515F0DAFF684615F0D7FF04F6E5
:105E3000AC04B583746006B070BD00BF7014002060
:105E40000368074A1B68D2F8F01510B50446984756
:105E50000023C0E91933C0E91B3384F8213010BD99
:105E600078030020204A21492DE9F041054602F53A
:105E7000B26089C81E4E81F8B978D6F8F04581F82D
:105E8000BD08020C4FEA132C3F0A81F8BC2881F8A8
:105E9000BB3881F8BAC881F8B87854B91B0403F448
:105EA0007F03120243EA0C6392B21343C0B243EA87
:105EB0000004104FDFF840802B6821461B682846FD
:105EC000984728B10622394610441DF040FF30B9EA
:105ED000231F063303D8C6F8F045BDE8F0814046DD
:105EE00012F0BEFF041DE7E70070FF1F70140020D2
:105EF00078030020281D0020FBFFFF7F70B51D4C9C
:105F0000182301250646C4F870390023A4F8A836E2
:105F100084F8763984F80C3884F8EC5584F83C56CB
:105F200002F07DFD3046FFF79DFFB4F8F035124AD0
:105F3000282104F24E601EF073FCB4F8F0350F4ACD
:105F4000052104F276601EF06BFCD4F8F0350C4AA3
:105F5000102104F23E601EF063FC0A4BA4F8A65622
:105F6000D3F8B828B3F8BC38C4F87B26A4F87F3639
:105F700070BD00BF78030020099102081491020847
:105F8000199102087014002038B504460D480D46DA
:105F900014F048FC10B10B4814F097FC2046FFF7B2
:105FA00020FF2046FFF7AAFF85F0010016F0B0F9A8
:105FB00016F046F914F03AFA1F2015F0DFFF012021
:105FC00038BD00BF1F9102080346084693F82A21F6
:105FD0002AB95989042908D193F8101129B193F8E5
:105FE00020319A4224BFD21A50B270477FB50023A5
:105FF0008DF80F308DF80E308DF80D300DF10D034A
:10600000009305460DF10E030DF10F0230300C46E2
:1060100013F0B0FD9DF80D30064603BB36B394F87F
:106020005C31012B08D1EB6E0133EB66D4F81421FF
:1060300021682846FFF746FD9DF80F30CBB1D4F814
:1060400014212168284602F021FE70B9204613F081
:10605000AFFE2B6821465B6B2846984705E021463A
:106060002846FFF797FB0028D8D00126304604B019
:1060700070BD4FF0FF312046FFF7A6FF48BBD4F8B4
:1060800014212168284602F001FE0028EDD12046A7
:1060900013F08EFE2B6828465B6B21469847054619
:1060A0000028E2D10F4B6268D3F8F0359A42DCD178
:1060B00094F82131002BD8D02046FFF762FBCDE9C0
:1060C00000550146237AD4F81421284614F07DFAAD
:1060D000CBE79DF80E30002BC7D121462846FBF7B1
:1060E000D9FCC2E7780300202DE9F04FDFF8C4A007
:1060F00089B0DAF8F03503934B89042B05460C463A
:1061000050D1D1F804311BB9D1F80831002B49D056
:106110002168B9B3284BD3F8A40803681B689847D3
:10612000064678B3D4F85481D4F80421636805F1A5
:1061300030074FF0000B4146CDF800B03846CDE9AE
:10614000042301F076FF0DF11F0181460091DDE986
:10615000042303998DF81FB0384601F06AFF10B18F
:10616000B9F1000F08D14FF0FF312046FFF72CFFA7
:1061700040B99DF81F302BB1D6F8B430984518BF00
:10618000C6F8B4806168DAF8F03599420AD0D4F8DC
:106190000421284602F033FDD4F804216168284622
:1061A000FFF790FC2B685B6B2146284609B0BDE8E1
:1061B000F04F1847780300207014002008B50368DA
:1061C0001B689847034628B1007918B193F83A0044
:1061D0000130C0B208BD10B5D0E900420648121B1C
:1061E00092104243914202D304481CF00BF9BC20A8
:1061F00000FB014010BD00BFCF467D67359102080E
:106200002DE9F0470C46464F6368D7F8F0158B42EE
:10621000064600F083802046FFF780FB00287DD1F2
:1062200094F82031002B5DD0D4F854312BB18B423F
:1062300003D0D4F850318B4254D1D4F81431002B10
:1062400050D03B7B012B4DD03B7E042B4AD0D4F861
:1062500050310BB18B4245D1DFF8C880214608F69A
:10626000780014F05CFA4FF0FF3105462046FFF746
:10627000ABFE50B13B7B022B07D1D8F8A498B9F8FC
:106280001CA04FF00008D0452ED395F82031013BDB
:1062900085F82031284604F0C3FBD8B1D7F8D831AF
:1062A00013F0FF0202D1002B08BF0322402A95F809
:1062B000201128BF402291420CD995F82A3185F847
:1062C0002021881A8342C3BF5B1A9B18DBB20023CC
:1062D00085F82A31D4F8503129463046DBB9FFF72A
:1062E00032FC0120BDE8F087D9F804004146FFF7F1
:1062F00072FF68B190F8B03053B1037943B190F8B0
:106300003B30022B04D10268D4F854319A42C1D0F8
:1063100008F10108B7E7FFF767FCE2E70020E1E7D3
:1063200078030020701400202DE9F84F90F83030E9
:1063300005469BB9C26A214F2AB13B689B1A41F2BC
:10634000873293420AD93B68EB62AE8B4FF000086C
:10635000013E002E04DCB8F1000FF6D1BDE8F88F45
:10636000D5F804B006F1FF3949465846FFF733FF28
:10637000D7F8F0A50368534504460CD0314658467B
:10638000FFF729FF02689245034606D12146FAF736
:1063900090FB4FF001084E46DBE790F8B01094F800
:1063A000B02041B1002AF1D0D96FE26F9142F2D909
:1063B00021461846EBE7002AEDD1F5E778030020E7
:1063C000F8B5878B05460E460024A74201DC002065
:1063D000F8BD68682146FFF7FEFE0368B342F7D0B8
:1063E0000134F2E703682DE9F74F1B6804460F46B6
:1063F00098470546002849D1A08B15F0F4FC0028E9
:1064000037D04FF0FF366368B4F81CB001934FF0FB
:10641000010A3546B046B146DA450ADB721C26D081
:106420003546A38BD4F80480013B9D4232DBA38325
:106430001FE001985146FFF7CEFE90F8B0309BB9AF
:1064400090F8B13083B9D0F8B830D90705D4C36F0C
:106450004B452CBF4B4655469946838F23B9C36F96
:1064600043453CBF564698460AF1010AD4E76B1CE7
:10647000D7D1A18B60684B1CA383FFF7ACFE054608
:10648000B822002104301DF08CFC2F60284603B098
:10649000BDE8F08F05F1010949464046FFF79BFE34
:1064A000294606464046FFF796FEBC2231461DF0BF
:1064B0001FFD4D46B5E72DE9F047B8B007468846C1
:1064C00015469946FFF78EFF044600283FD0B5F8E1
:1064D0004620202A40D15E4ED6F8F03598453BD074
:1064E00005F1480A5B48514603F07DFFB6F8842663
:1064F000202A31D106F2866150461DF028FC58BB97
:1065000097F82080B8F1000F21D10123832252494E
:1065100087F8203017A81DF0EBFC06F6A850FEF710
:10652000D5FE1E230446037341460220FEF78CFD70
:1065300017A9A06005F1100204F10D001EF014FA75
:10654000464BD3F8C008036821465B68984700258E
:10655000284638B0BDE8F087A38F202B0BD1B5F8C3
:106560004620202AF3D104F13E0105F148001DF038
:10657000EEFB0028EBD14346394A102128461EF095
:106580004FF929466A2217A81DF0B2FC28221BA940
:106590000DF106001EF053FA052225A90DF12E007B
:1065A0001EF04DFA29AEDDF89900BDF89D3000903F
:1065B000ADF804300FCE0EAD0FC596E80F0004F114
:1065C000060A85E80F00289B9DF89FC00D935A226C
:1065D000BDF8C430BDF8A2608DF833C0694650469E
:1065E000ADF858301DF0B3FB78BB94F8AC50B5EB68
:1065F000090518BF01255A22694650461DF078FC4E
:10660000202E05D11748324604F13E0103F0EBFE7F
:106610000F4ED6F8F03598454FF0010318BF84F8B7
:10662000AC902371002D92D0FC60384616F0F0F843
:106630007A6A33689B1A4EF65F22934288D91020FB
:1066400015F09CFC33687B6282E70125D3E700BF2D
:10665000780300207F910208A091020870140020A6
:1066600019910208919102081B4AF8B5D2F8F02559
:106670000B68934206460C462CD04A89042A29D13D
:1066800043B30846FFF77DF801463046FFF7AAFE00
:106690000546F8B1D4F8183103B1C367D4F81C71BA
:1066A0000021384617F088FB00B9AF6794F829310C
:1066B00085F8AD3020464FF0FF31FFF785FC00280C
:1066C000A2BF012385F8AF0085F8AE303046BDE8A3
:1066D000F84029E6F8BD00BF780300202DE9F74314
:1066E000224ED1F81491174605460C46D6F8A40858
:1066F0009846FFF7B9FF3A462146D6F8C40804F099
:1067000091FDD6F8C4180746684602F06BFA4B466E
:106710003A466946284615F093FE77B9B8F1000F5E
:1067200020D0214606F6780013F0F9FF01462846EE
:1067300003B0BDE8F043FEF7B4BF232F12D1B8F188
:10674000000F05D1204603B0BDE8F04314F030B887
:10675000214606F6780013F0E2FF01462846FEF7D0
:10676000A0FFEFE703B0BDE8F08300BF7014002086
:106770002DE9F04F1646ADF5617D0022C0E90022FB
:106780008260044650A814F0DCFD569B73B19DF85E
:1067900054315BB150A908A814F0EBF8794F0E9B67
:1067A000002B40F0A08050A80AF066FB20460DF5B3
:1067B000617DBDE8F08F98A812F05BFB05A812F090
:1067C00058FBE822002198A81DF0EBFA9DF8343020
:1067D000002B5BD10E9AD1695369890303D5126AE4
:1067E000934238BF134610A998A8D1931DF078FBA7
:1067F00098A902A812F062FB394605A812F05EFBC8
:1068000005A902A812F0BEFB054605A812F031FB4F
:1068100002A812F02EFB5DB9D4E90183984537D068
:10682000E82298A940461DF063FB6368E833636083
:1068300008A80AF021FB9CE05349544A0193ED104B
:1068400069432046FAF7A7F9824616F086F84146D2
:10685000024605465846FEF7AAFA019B024619462B
:106860004846FEF7A4FA414602464046FEF79FFA24
:106870008046BBF1000F02D058461DF029FCE823EA
:10688000C4E9005803FB0A55A5606CE00023AAE7A1
:106890003F4A01212046FAF77EF9D4F8009082465B
:1068A00016F05BF8A8EB090B0546E82298A95844B6
:1068B0001DF01EFB41462A46484614F04DF841465D
:1068C00000F1E802404614F047F88046B9F1000FA5
:1068D00002D048461DF0FCFBE823C4E9005803FB46
:1068E0000A55A560A4E79DF83430002B3FF469AF4A
:1068F00010A905A812F0E2FA394698A812F0DEFABB
:1069000098A905A812F03EFB00287FF454AF98A880
:1069100012F0AFFA05A812F0ACFA56B3721ED2B25A
:1069200010A998A8FFF724FFDDE998934B451AD0EA
:10693000D4E900B8A268A3EB0905A2EB0802AA42B9
:10694000FFF47AAF194642464846FEF730FA6268CD
:106950002A44626041464046FEF729FA42464946CB
:106960004846FEF724FA08A80AF086FA98A816F016
:106970000DF850A998A813F0FCFF98A908A816F0E4
:106980004FF80CE79699020835C2724F239202081D
:10699000B690020800000000826930B40469551006
:1069A000034604EB6200D20748BF62595B6930BC02
:1069B00048BFD35818477047704710B5037C04464A
:1069C0000BB9002010BD0368DB6998470028F8D197
:1069D00023682046DB6898470120F3E70723A0F8E7
:1069E0008434D0F86834C0F888340023C0F86834A0
:1069F0000B23037490F88436012B06D1124A1268D7
:106A000082F8043103689B6A1847023B042BF9D8CB
:106A1000DFE803F003090D1115000B4B1B68022280
:106A200083F80421EEE7084B03221B68F8E7064BC6
:106A300004221B68F4E7044B05221B68F0E7024BB5
:106A400006221B68ECE700BF301D0020D0F81011B3
:106A500010B5044631B1044803689B689847002389
:106A6000C4F8103110BD00BF983D0020D0F81411BB
:106A700010B5044631B1044803689B689847002369
:106A8000C4F8143110BD00BFB01D0020D0F818119B
:106A900010B5044631B1044803689B689847002349
:106AA000C4F8183110BD00BF2011002070B5044695
:106AB0000E46FFF782FF237C0B2B054604D123688B
:106AC00031461B6A20469847684270BD1F2808B5AA
:106AD0000FD03E280FD0C8280FD0B0F5C87F0ED0F9
:106AE000B0F5487F0DD0B0F5C86F0CD017F046FB5D
:106AF00008BD0648FCE70648FAE70648F8E70648F6
:106B0000F6E70648F4E70648F2E700BF0000FA415E
:106B100000007A4200204B430020CB4300204B442E
:106B20000020CB4430B5441E082C3DD8DFE804F0EB
:106B3000353C221B15103005290039B11D490520AF
:106B400007241160039A10701C7030BD1A49F6E7D3
:106B500009B11A49F3E71A49F1E711B117490824B5
:106B6000EFE71749FBE719B1144905200924E8E7C5
:106B70001349FAE719B1114905200A24E1E7104940
:106B8000FAE719B10B4908200B24DAE70A49FAE7BA
:106B900009B10C49F7E70C49F5E719B10949082093
:106BA0000C24CEE70849FAE711B104490520EBE7C8
:106BB0000349FBE70020CB440000FA4300204B448C
:106BC00000007A430020CB430000FA421FB50023A7
:106BD00003930DF10A03009303AA0DF10B03FFF7D2
:106BE000A1FF039805B05DF804FB01207047002267
:106BF000426002808270704700207047704708B57D
:106C000003689B68984780F00100C0B208BD08B5D2
:106C100003689B6A9847002008BD08B503681B6994
:106C20009847002008BDC0F88C117047C0F890113B
:106C30007047D0F88C017047704738B590F82C3207
:106C4000C56F044613B93DB9012038BD0368DB6D3B
:106C500098470028F7D06DB1074AD4F88030126801
:106C60004EF65F21D21A8A4204D9044A03F57D43C5
:106C7000E83393630020E8E778030020983D002084
:106C8000002210B54260D1F8C8410270D1E97312F8
:106C9000521AA4EBA2024270847010BDD0E9732096
:106CA000131A584258417047C06F003818BF01206E
:106CB0007047012380F82C32704730B590F862306D
:106CC00087B00446CBB190F861209A4215D090F875
:106CD00060208DF80C20C26DD0F8280204928DF847
:106CE00014300322036800925D6E06AB13E90E00B8
:106CF000A84710B1002384F8623007B030BD704758
:106D000000207047806E03685B6918477047006811
:106D1000096803689B6818474068036810B55B689A
:106D200014469847031B5842584110BD704781F0E4
:106D30000100400000F0FE00704720B981F0010022
:106D40004000C0B2704702207047884214BF81F0F3
:106D5000010002207047084B93F86C018B8908B141
:106D6000422B08D0012B05D00A3B012B8CBF002001
:106D70000120704718467047983D0020826930B462
:106D800004695510034604EB6200D20748BF6259FC
:106D90005B6930BC48BFD3581847F8B5456806460C
:106DA000144679B95CB12B6828465B699847013075
:106DB00004F1FF34F6D1B4FA84F04009F8BD4FF085
:106DC000FF34F8E792B228460AF0F7F82B68074636
:106DD0001B692846984700B9B060E31B58425841E8
:106DE000ECE738B5202504462A46002135301CF052
:106DF000D8FF2A46002104F155001CF0D2FF0023E1
:106E00000022C4E90823002384F83430C4E90B339A
:106E1000A36238BD11B10B2013F014BD0C20FBE7A9
:106E20002DE9F047D0E90487436AD0E902A9044676
:106E30003D1D1E1DAE4205D8C4E906A9C4E9088758
:106E4000BDE8F08755F8040B1DF042F9F2E710B5E4
:106E500004461DF03DF9204610BD084609B11DF05D
:106E600037B970474FF4B0701DF02AB970B50F48AC
:106E700016461D46FEF72AFA012303701E23044618
:106E80000373466000210220FEF7DEF82946A06069
:106E90004FF4C87204F10D001DF0D1FD044B1868C9
:106EA000036821465B68BDE8704018472011002048
:106EB000301D002038B50C46054615F0F5FB291DA0
:106EC00084601AF0C6FFEB680133EB6015F0ECFB51
:106ED000214685601AF0BDFFA3680133A36038BD69
:106EE00038B50C46054615F0DFFB291D84601AF005
:106EF000B0FFEB680133EB6015F0D6FB21468560EF
:106F00001AF0A7FFA3680133A36038BD2DE9FF473E
:106F100005461E4B55F8046F036004460DF1040846
:106F20004FF00009AE4206D16068854229D1204663
:106F300004B0BDE8F087CDE90188B768CDF80C90C2
:106F4000396801988F4203D1404515D13668E9E789
:106F50008B68D1F800A09C420CD181420AD08245B6
:106F600008D052461AF067FF039B01330393BB68B6
:106F7000013BBB605146E4E707681DF0A9F83846BD
:106F8000E2E706681DF0A4F83046CEE790630208F9
:106F900010B50446FFF7BAFF20461DF099F82046C9
:106FA00010BD2DE9FF47B1F8008047680368B8FBC2
:106FB000F7F607FB1686044653F82630ABB11A687D
:106FC000918841450BD0116879B113468A88B2FB8C
:106FD000F7F007FB1022964207D10A46F0E718683F
:106FE00018B1083004B0BDE8F0870C201DF068F837
:106FF0004FF0000A0123C0F800A0A0F80480C0F8F8
:1070000008A00093E36805463A4604F1100102A87F
:107010001BF040FA9DF80830C3B1039F012F04F123
:10702000180923D1C4F818A04E46A4460020A3682E
:107030004CF8080F1BBB2068814501D01DF048F8B3
:10704000C4E90067B8FBF7F607FB1686236853F818
:107050002620B00082B312682A6053F826301D60E3
:10706000E3680133E36005F10800BBE7384611F03F
:107070009EFFBA00514606461CF093FED5E79A885B
:10708000B2FBF7F107FB1122D3F800E056F822100B
:1070900059B9A1681960A36046F822C0196809B1FE
:1070A00046F8203010467346C4E70968196056F860
:1070B000222013600246F5E7A2682A60A5603AB173
:1070C00092886168B2FBF1F601FB162243F8225068
:1070D00004F108021A50C3E70E4B70B50546186854
:1070E000FDF78EFE17F0F2F995F8786095F8794083
:1070F000A41B4443642394FBF3F43444E4B201201E
:10710000A040002804DD11F0ABFEAB6E584370BD0B
:107110000020FAE7AC1B002070B50D4E3368054621
:10712000A3B10C48FEF7D2F8044678B128230373C4
:107130004FF4C8712B46084A0D301DF071FB3068C2
:10714000036821465B68BDE87040184770BD00BF0A
:10715000301D00202011002014980208F0B50C46C4
:1071600005464FF49272B3B000211CF01AFEA36FD3
:10717000C5F8E830E36FD4F8B820C5F8EC30B4F8BF
:10718000AC30A5F81C31B4F8B030A5F8203102F0CD
:10719000010385F8223194F8AE3026682E60C2F3E0
:1071A000400285F8232133B1012385F81E3194F87C
:1071B000AF3085F81F3194F86030E3B1636E01227F
:1071C00085F870200BB185F87420AB67A36E13B1FE
:1071D000012285F87C20C5F88030E36E13B10122CE
:1071E00085F88420C5F8883094F8743085F890309C
:1071F000236FC5F88C302379002B3BD001235A2212
:10720000A11D68462B711CF073FE24496A2217A841
:107210001CF06EFE3346224A102117A81DF000FB19
:1072200028220DF106011BA81DF009FC05220DF115
:107230002E0125A81DF003FC0EAF0098BDF8043008
:10724000CDF89900ADF89D300FCF29AE0FC697E865
:107250000F0086E80F000D9B9DF833C028936A222B
:10726000BDF858308DF89FC017A9A81DADF8C430DF
:107270001CF03EFE94F880306BB10123843485F815
:10728000F0300FCC05F1F4060FC60FCC0FC694E812
:10729000030086E80300284633B0F0BD806602088C
:1072A0001991020810B5064B03F17402F833044635
:1072B0000260C0F89431FEF7D9F8204610BD00BF37
:1072C00080660208A0F5CA70ECE710B50446FFF727
:1072D000E9FF20461CF0FCFE204610BDA0F5CA7058
:1072E000F3E70DF0DDBE38B5084D0446D5F8F402DD
:1072F00003689B6C9847D5F8F40221460122BDE84B
:10730000384000F5CA70FDF73DBE00BF983D002033
:107310000120E8E70220E6E713B50023009300F51B
:10732000E470012315F0EBF8044618B10146044857
:10733000FFF793FD201E18BF012002B010BD00BF53
:10734000E81C00202DE9F04F85B0002700F5E47619
:10735000044600973B46304615F0D1F80546A0B3E9
:107360001B4BD0F81C01D3F8009094F8798094F866
:1073700078B0D4F868A017F0A9F8A8EB0B0300F1D7
:1073800014025A431E2392FBF3F25A44D2B20AFB70
:1073900008F80AFA02F209EB48094A44C5F85821EC
:1073A00029460DF10F0230468DF80F70FEF79AF85E
:1073B00018B908482946FFF750FD9DF80F3023B152
:1073C000B4F840320133A4F8403205B0BDE8F08F84
:1073D00078030020E81C002007B5DBB2009300F51D
:1073E000E470012315F08BF8014618B10348FFF74C
:1073F00034FD012003B05DF804FB00BFE81C002051
:107400002DE9F041D0E973580E461746A84501D141
:1074100000240AE055F8044B2046FEF7B2F98642F4
:10742000F4D1D4F814319F42F0D1201E18BF0120AE
:10743000BDE8F0812DE9FF47D0E9733293428146E0
:107440005ED01D68002D5BD0D5F8583100F5CA74A8
:10745000002B41D0D5F82431002B3AD0D5F81C119F
:1074600014F08CFC284B99F879801F68D5F85831B6
:1074700099F878A0D9F86890034438448342029080
:10748000D5F81C01019334BF02AE01AE17F01EF80F
:10749000A8EB0A0200F1140353431E2293FBF2F3FC
:1074A0005344DBB209FA03F309FB08F8326803EB33
:1074B000480307EB4303934238BF03AE039331689D
:1074C000C5F85811C91B204604B0BDE8F04713F0B9
:1074D0006DB8FFF701FEC5E7D5F81C610021304605
:1074E00016F06AFC38B1D5F8243123B94846FFF7C5
:1074F000F3FD0146E7E73146484614F03FFCF8E764
:1075000004B0BDE8F08700BF7803002037B51D4AFE
:1075100092F8B83104460D462BB190F8583013B9A3
:1075200092F8C02132B918482946FFF796FC22206C
:1075300003B030BD4A68012A21D00DF1070200F5E1
:10754000E4708DF80730FDF7CDFF9DF8073050B19E
:1075500023B1B4F840320133A4F840322046FFF79B
:1075600069FF0020E4E723B1B4F840320133A4F806
:10757000403205482946FFF770FC2020D8E7232039
:10758000D6E700BF80030020E81C002010B5034BA5
:1075900003600446FAF7E5FD204610BDA467020823
:1075A00010B50446FFF7F2FF20461CF091FD20467F
:1075B00010BD37B5104614460D46FEF7E2F800231D
:1075C000CDE900330146237AD4F81421284612F07D
:1075D000FCFF204603B0BDE8304013F08BB8F9F74C
:1075E000B8B910B5034B044640F8043BFCF7A6F9C4
:1075F000204610BD444F020810B50446FFF7F1FFC6
:1076000020461CF065FD204610BD38B590F834309A
:1076100004467BB1856A0020FDF702FD3C388542B7
:1076200004D22046BDE83840FFF7DBBB0020FDF761
:10763000F7FCA06238BDF8B50F4604461546FFF7C3
:10764000E4FF97F84E61002E4ED03A68E36A9A4202
:1076500040F0B18094F83430002B00F0AC80012B66
:1076600044D1D5E90002D4E908139A4208BF884200
:1076700040F0A1806B8D202B40F09D802B89002B4A
:1076800040F0998005F12C0304F155024C3553F874
:10769000041B42F8041BAB42F9D14848FDF716FE23
:1076A0001E230546037346490D301CF019FC0C23BC
:1076B000A5F89E31D4E90823C5E96823414BE16A66
:1076C000186803681B689847282200F10C0105F52B
:1076D000D4701DF0B4F93C4B1868036829465B6808
:1076E0009847022384F834303046F8BD052B62D128
:1076F0002A89202A5FD1D5E90071D4E9080399428B
:1077000008BF874257D105F10A0104F135001CF08A
:107710001EFB014600284ED104F175072822384689
:107720001CF03FFB294938461CF0DAFB04F1340217
:1077300004F1380112F8013F9B0830338A4282F885
:107740004F30F7D1202384F8883004F1390204F156
:107750003D0112F8013F9B083033914282F84F30CF
:10776000F7D11648FDF7B2FD1E23054603731849ED
:107770003A460D301DF0F8F80D23A5F89E31D4E9F6
:107780000823C5E968230F4BE16A186803681B6882
:107790009847282200F10C0105F5D4701DF04FF92F
:1077A000002385F8D031084B1868036829465B68C8
:1077B0009847042396E7002696E700BF2011002093
:1077C00040920208141D0020301D00206B92020818
:1077D0007B920208A0F1200016F056BF37B518467C
:1077E00013880E2B04D0252B0ED0002003B030BD03
:1077F00091F8FA3033B10F2320F8083B1049E72203
:107800001DF01DF90220F1E7137A0BB90120EDE715
:1078100002F1080421460A4816F01AFBE722054641
:10782000214607481DF00BF9002DEFD001230093EE
:10783000044A034B0448E92113F030F8E6E700BF9F
:1078400090400020DC670208B69202082DE9F0475C
:10785000B54D95F8CE32B2B006461746002B00F073
:107860000481B5F8AC32202B40F0FF80536C23B17B
:10787000AE4A5268934240F0F880A822394608A8E0
:107880001CF036FB102200210DF1AE001CF089FA2D
:10789000A74BDFF8A082039300244FF48C73A64912
:1078A000CDF8108008AA03A8CDE90534ADF8AC40A6
:1078B00007940AF0ABFDA8F2DF38002800F0D5806D
:1078C000DDF81890B9F1000F00F0CF80402236218A
:1078D00008F2F7401CF065FA40225C2108F23750AC
:1078E0001CF05FFA08F23752DFF850E208F2F74175
:1078F000944608781EF8013F584001F8010B1078B3
:1079000001344340202C02F8013BF2D18C4BB9F5F5
:10791000807F03F1800128BF4FF480790C4653F833
:10792000042B41F8042B6345F9D18249DFF814A2F6
:107930004A4601F5EC701CF0DBFADAF800008249E7
:10794000036809F140021B6A9847804B03F5C07237
:1079500053F8041B42F8041BA342F9D17A4B03F5F8
:10796000C07203F1200153F8040B42F8040B8B4260
:10797000F9D1DAF800007649036860221B6A98475B
:10798000734B03F1600203F1200153F8040B42F83A
:10799000040B8B42F9D1B7F88C20102A65D16D48C1
:1079A00007F18E011CF0D3F900285ED1D7F888309A
:1079B000002B5AD0DFF87491D9F81026934254D98D
:1079C000D5F8D032002B54D04FF47A725343D8F804
:1079D000381721B1604A1268521A9A4245D397F873
:1079E0004C30002B41D095F8CE32012B44D1D6F843
:1079F00054A0BAF1000F38D107F150050FCD06F1B0
:107A000058040FC40FCD0FC40FCD0FC495E8030069
:107A100084E80300D7F88830736586F84DA0042009
:107A2000C9F8103614F0AAFA4B4B4C481B68C8F83A
:107A30003837FDF74BFC0446B8B11E23037351469B
:107A40000220FDF701FBA060D7F8883000934FF4C7
:107A5000C8713B46424A04F10D001CF0E1FE414B67
:107A60001868036821465B689847002032B0BDE87B
:107A7000F0874EF66023AAE796F84D3073B10024E4
:107A800086F84D403822214606F158001CF089F94D
:107A9000336A74659B6906F120009847BB6CDFF878
:107AA000B8A007F150047BB30FCC06F158050FC501
:107AB0000FCC0FC50FCC0FC594E8030085E8030079
:107AC0000122D7F88830736586F84D200420C9F864
:107AD000103614F053FADAF80030B96CC8F83837B9
:107AE0004FF47A73A1FB0313002BDAF8003018BFB0
:107AF0004FF0FF310B44336506F12000FDF784FAA7
:107B0000012386F83430B0E7D7F88830C9F810364A
:107B1000042014F033FADAF80030C8F83837204679
:107B200014F03AFAA1E700BF8003002064090020A6
:107B30000FEB000877410020F46702082D060020B3
:107B40008F420020181000200F430020CF42002059
:107B50004F440020AF440020780300202011002073
:107B6000CC920208301D002038B590F82C30044625
:107B7000154673B9074B1868FDF784FD4DB194F8AD
:107B80002C3033B9044B054A1B6803F5DA5318331C
:107B9000936338BD301D002078030020983D0020FD
:107BA00010B5034B0360044614F0D9FC204610BD09
:107BB0001468020810B50446FFF7F2FF20461CF0D7
:107BC00087FA204610BD70B5094B03600546044690
:107BD00055F8200FA84206D1064B23602046FFF738
:107BE000DFFF204670BD06681CF072FA3046F1E7F0
:107BF000446802087C68020810B50446FFF7E3FFFA
:107C000020461CF065FA204610BD10B5034B0360FA
:107C10000446FFF7C5FF204610BD00BFB468020848
:107C200010B50446FFF7F1FF20461CF051FA20463C
:107C300010BD0EB417B51048FDF748FB0446A8B1B7
:107C40001E23037300210220FDF7FEF906ABA0609E
:107C50004FF4C871059A019304F10D001CF03AF835
:107C6000064B1868036821465B68984703B0BDE877
:107C7000104003B0704700BF20110020301D0020CD
:107C800010B5054B044640F8183B14F02FFD204674
:107C9000FFF786FF204610BDEC680208A0F118002F
:107CA000EEE710B50446FFF7EBFF20461CF010FA94
:107CB000204610BDA0F11800F3E70A4B10B503F5FC
:107CC000327203F53F730446026083614830FFF768
:107CD0001DF904F1180014F009FD2046FFF760FFBC
:107CE000204610BD80660208A0F11800E5E710B537
:107CF0000446FFF7E2FF20461CF0EAF9204610BDDB
:107D0000A0F11800F3E710B50446203014F0EEFCA3
:107D1000034B23602046FFF743FF204610BD00BF02
:107D2000A4690208A0F12000EDE710B50446FFF7B2
:107D3000EAFF20461CF0CCF9204610BDA0F120003F
:107D4000F3E72DE9F04FDFF82092D1B0044600258B
:107D5000D4F86432D4F854229A1A003B18BF012395
:107D6000C3EBA203D4E99621521A921009FB023305
:107D7000D4F84812D4F85022521A921009FB023358
:107D8000032B0AD9002D00F0EC8023681B6A002128
:107D9000204651B0BDE8F04F1847744BD4F86C142E
:107DA0001B689A8B9142EDD258684B1CC4F86C3416
:107DB000FEF711FA01460028E4D007A8FFF7CEF934
:107DC0006B4A07995268429B039391429DF839315F
:107DD0000293DDF804B19DF83BA19DF83C310BD135
:107DE00000210220FDF730F94FF0000A0390CDF892
:107DF00008A04FF0000B01230193D4F86032D4F8AF
:107E00005802A3F59273984218D0039B4293029BA9
:107E10008DF839314FF49272019B8DF83C3107A9EE
:107E2000CDF804B18DF83BA11CF062F8D4F85832BB
:107E300003F59273C4F85832012589E7D4F85C320F
:107E4000D4F86412D4F85482D4F84822C01A8310AB
:107E5000081EA1EB080618BF0120C0EBA60009FB15
:107E60000300D4F850329B1A9B1009FB0300414BCE
:107E700098424FEAA60502D13F481AF0C0FAD4E969
:107E80009023881AA3EBA000012822D80235B3EB77
:107E9000450F01F1040149D95B1B5B0802EB830527
:107EA000A8453DD92A464046FCF781FF2B68C4F817
:107EB0004C3203F59273C4F85032AB19C4F86432F3
:107EC000AB59C4F85C3203F59273C4F85452C4F849
:107ED00060324FF49270D4F864521CF0F1F8039BB6
:107EE00068604293029B8DF839314FF49272019B86
:107EF000D4F858028DF83C3107A9CDF804B18DF8BB
:107F00003BA11BF0F5FFD4F864321A1D5B68C4F87E
:107F1000642203F59272C4F85C32C4F8602289E7E7
:107F2000321D2A44404614F00FFDBFE79F1C012B71
:107F30002CBFFF1801373846059111F038F87D1B2A
:107F40006D0800EB8505059904902A464046FCF72C
:107F50002EFFD4F840021CF0BBF8049BC4E9903714
:107F6000A4E751B0BDE8F08FF9F1E3C7141D00207C
:107F7000640900201C3870001F93020810B50446E5
:107F80001046D4E900239B1A0B4A0C4C9B10534318
:107F9000E21A8A4201D21AF032FA994205D91944FA
:107FA000A14228BF2146084610BDB3EB430F4FEA5C
:107FB0004301F5D92046F7E7CF467D67414CAE0037
:107FC00038B503460C461546A34200D138BD1846C5
:107FD000BC2229461BF08CFF0346BC33F4E770B586
:107FE000BC260C463246002105461BF0DAFE013C59
:107FF00005EB060006D006FB04042A462146FFF7DF
:10800000DFFF204670BD10B539B182B1D0E9003034
:108010002C2404FB0303984201D3002010BD4468C4
:10802000A24202D10468A142F8D02C30F3E71046F6
:10803000F4E770B50C4619464368049E63B10368C3
:1080400053B14CB1FFF7DFFF014628B1324620465D
:10805000BDE8704011F073BD002070BD38B5044616
:108060000068844200D138BD05681CF031F828460C
:10807000F7E770B58568044645B9626820689200E4
:1080800029461BF08EFEC4E9025570BD2E682846B5
:108090001CF01EF83546EFE7F0B585B001ADCDE92F
:1080A00001550E4600230168039304468C42019853
:1080B00003D1A84215D105B0F0BD8A6833680F68B6
:1080C0009A420CD181420AD0874208D03A4619F030
:1080D000B2FE039B01330393A368013BA3603946BF
:1080E000E4E704681BF0F4FF2046E2E7F0B585B052
:1080F0000D460446019001A92846FFF7CDFF01ABCC
:10810000CDE9013361680023271D03938F4204D119
:1081100001A8FFF7A3FF05B0F0BD8B680E68AB4266
:108120000DD1019881420AD0864208D0324619F01A
:1081300082FE039B01330393E368013BE360314616
:10814000E4E738B5414B196891F80431012B044636
:108150005DD190F88436012B04BF002381F80431EF
:10816000237C002B52D0002501F584712046257414
:10817000C4F86C54FFF7BAFF20463549FFF7B6FF45
:10818000D4F8840018B112F013FBC4F884502046D0
:10819000FEF75CFC2046FEF769FC2046FEF776FC05
:1081A000236800219B69204698474FF40072002104
:1081B00004F590601BF0F5FD4FF4FE72002104F50C
:1081C0001B701BF0EEFD4FF49272002104F58E70CF
:1081D0001BF0E7FD04F51070FEF722FE0023D4F833
:1081E0007424C4F88430D4F87034934218BFC4F8AF
:1081F000743404F11400FFF73CFF164A0023C4F85E
:108200008030C4F86834637482F87C3938BD022B3E
:1082100003D190F88436022B9EE7032B03D190F80C
:108220008436032B98E7042B03D190F88436042B73
:1082300092E7052B03D190F88436052B8CE7062BAB
:108240008ED190F88436062B86E700BF301D0020C3
:10825000D4440020983D0020064B93F8B811064BFB
:108260001A7812B9054A136070478A42FAD01C3353
:10827000F6E700BF80030020D4690208B01B00208D
:108280002DE9F04F704C027CAFB00546884623784C
:108290000BB19A4224D12A7868786369002A3ED0CB
:1082A000A17C1F6800220023FE5CFF2E1FD19A4292
:1082B00018D3012112F057FC06463878A769B8F1A7
:1082C000000F16D1614A00973346A02106A81CF082
:1082D000A7FA06A8FEF720FF00202FB0BDE8F08F18
:1082E0001C34D4E7BB5C834216D00132DBE7013398
:1082F000DAE7012112F037FC3346A021CDE9007006
:10830000534A06A81CF08CFA06A8FEF705FF63691D
:108310001B6818786870A17CFEF758FC02E068883A
:10832000FEF7D4FB63699968D3F8049006460846C3
:1083300015F074FE494615F071FE46490746304671
:1083400016F028F80146384615F068FE61680746C1
:10835000A06815F061FE3946824615F037FD002809
:1083600040F082805146484615F058FE394616F0D6
:1083700011F81BF093FB16F0CFF8374B81461878B5
:1083800012F028FC29788346687812F0ECFB41F261
:1083900005570246594611F8013B002B40F0018178
:1083A000114641F2055611F8013B002B40F0FD80CB
:1083B000D5F820A005920021504615F0FDFC0028BC
:1083C00000F00B81B6FBF9F309FB13666B8B059A82
:1083D000002B00F0F1806169497C002900F0E98000
:1083E000994214BF00210121DFF870A005938AF89B
:1083F00000105846114615F02BFD059BDFF860B0C4
:10840000003818BF01204B458BF87D091AD9CDF8EB
:108410000490A2690092A021124A06A81CF000FA5A
:1084200006A8FEF779FEB8F1000F3FF455AF9BF8B0
:108430007D39002B00F0C280B7FBF9F309FB1377FD
:1084400001376F83012048E7D4690208729302085C
:108450004F93020800007A44001D002034010020E0
:10846000983D0020AF930208304615F04FF9CDE952
:1084700002015F49504615F0D9FE15F047F9CDE9E4
:1084800000015C4AA369A02106A81CF0C9F906A84E
:10849000FEF742FEB8F1000F3FF41EAFD4F814907F
:1084A000A17CD9F800301878FEF790FB52490646B7
:1084B00015F0AAFC28B15149304615F087FC002878
:1084C00060D14F49304615F09FFC28B14D493046E8
:1084D00015F07CFC002857D14B49304615F094FC30
:1084E00028B14A49304615F071FC00284ED1484960
:1084F000304615F089FC28B14649304615F066FC37
:10850000002845D14449304615F07EFC28B1434946
:10851000304615F05BFC00283DD14149304615F04E
:1085200073FC28B13F49304615F050FC002835D186
:108530004FF07C51304615F071FD15F0EDFF80B223
:108540006880FEF7C3FAD9F8046061688246A068C3
:1085500015F062FD314615F061FDD9F808100746A7
:10856000084615F05BFD314615F058FD20490646DA
:10857000504615F00FFF0146304615F04FFD0146FD
:108580003846F4E61F20DBE73E20D9E7C820D7E7CE
:108590004FF4C870D4E74FF44870D1E74FF4C86087
:1085A000CEE707EB47171F44F5E606EB46161E44D9
:1085B000F9E6591EB14214E7012115E72B7853B1B2
:1085C00063695A7C01231AB16A838AF8003039E75B
:1085D00001366E83F9E70123F7E7504615F096F868
:1085E000114ACDE90001A02106A81CF019F929E7DC
:1085F00000007A448B93020885EBF9417B14FA4121
:10860000C3F579423D0A7A42B81E4B4348214B4399
:10861000B81ECB434821CB435C1F4B44A4204B44A2
:10862000AE1FCB445220CB44DB93020830B5044646
:108630000FCC91B06D460FC50FCC0FC50FCC0FC539
:1086400094E80F0085E80F0000216846FFF718FE48
:1086500011B030BD70B590F8605004460120A840BC
:1086600015F08CFDE16D15F095FE1D4B1B689B7C94
:1086700006468BB194F86400032303EB450300EB3B
:10868000531015F07FFD314615F0D0FD154915F05A
:10869000C5FC15F041FF70BD94F8630015F024F897
:1086A000114B002214F0D4FE104B002204460D465C
:1086B00015F014FB08B90D4D0024304615F026F8CE
:1086C00022462B4615F07AF803A3D3E9002314F0D1
:1086D000BFFE15F00DFBDEE70000006066661E4081
:1086E000B01B00203333F3400000E03F00000240A5
:1086F0002DE9F04F7F4D804E95F8B82187B00446A4
:10870000337813B19A4240F090807C4B7C481E60D5
:1087100095F8A831002B00F08C80FFF787FF20B977
:1087200073691B681B7885F8A9310DF11703009355
:10873000B17C95F8A90104F1600304F15C02FEF735
:10874000F1F995F8B0219DF81710531F032B03D8AA
:108750008A420B4601D36AD80B4684F8613095F9FA
:10876000C13184F88831327C2BB1934205DD654BF1
:1087700093F896300BB984F8882194F98831002B4E
:1087800008BF112384F8883185F8C131B368D6F861
:108790001480039395F8A811736895F8A9010293C2
:1087A00012F0E1F9D8F804B0D8F80870D4F85CA059
:1087B00041F2055910F8012B002A4DD1D5F8C861B6
:1087C0000021304615F0F8FA4F4A002849D11070C0
:1087D0004FF0FF38236841465B6C20469847D5F838
:1087E000B411304615F01AFC236801461B6C204674
:1087F00098472046FFF72EFF94F86030A0660120CE
:10880000984015F0BBFCE16D15F0C4FD0546B4F8C9
:108810006C0015F0B7FC0146284615F007FD15F071
:108820007BFE206707B0BDE8F08F1C3668E7134673
:1088300093E7FFF7FBFE18B931480121FFF720FD50
:10884000B5F8AA01FEF742F9D5F8AC31E06584F835
:10885000603095F8B03180E709EB491302EB03096A
:10886000A8E73946384615F0D9FB594615F0D6FB2E
:1088700026490646504615F08DFD0146304615F056
:10888000CDFB214A1278064672B398F8112042BBFC
:108890000299039815F0C0FB594615F0BFFB31460D
:1088A00015F078FD1BF0FAF815F036FEB9FBF0F282
:1088B00002FB10981649504615F06CFD029915F010
:1088C000ADFB394615F0AAFB0746404615F056FCAD
:1088D000314615F0ABFC0146384615F09FFB0646C5
:1088E00078E702F1FF38E5E7B5F8C28108F1FF3813
:1088F000E0E700BF80030020D4690208B01B00201D
:1089000028050020640900203401002000007A447A
:108910000000FA4408B5FFF7EBFE012008BD38B5AA
:108920000C4B0D4D1968044601F58A710430FEF7B1
:10893000D7FA05F5186104F12000FEF7D1FA05F623
:108940008C1104F13C00FEF7CBFA2046FFF7D0FE75
:10895000012038BD301D0020983D002030B587B083
:108960000446FFF7DCFF194AD4F89C0202F16001CB
:108970000DF0C6F9204610F0C6FE236820469B6B1A
:10898000984700230593D4F850320493B4F86C3020
:10899000039394F98831029394F8D931019394F8B0
:1089A00061300093014694F86030E26D04F5157073
:1089B0000FF032F9054618B9236820465B6D9847D9
:1089C000B5FA85F0400907B030BD00BFC86C020899
:1089D00038B5D0F8284223691F2B054607D101225C
:1089E00005F5CA701146BDE83840FCF7CBBA2368DC
:1089F0002046D3F88430984723691842EFD138BD18
:108A0000036810B5DB6800219847044620B14FF495
:108A1000B07200211BF0C5F9204610BD704710B59B
:108A2000124C94F898396BB9012384F898391BF0EB
:108A30006BF86FF0004390FBF3F3C3EBC373C01A02
:108A4000C4F89C09D4F89C390133C3F30903C4F872
:108A50009C391BF059F86FF0004390FBF3F303448B
:108A6000D4F89C0940EA832010BD00BF983D002047
:108A700008B5036800211B689847024B01221A7051
:108A800008BD00BFB41B00202DE9F84F04460D4679
:108A900000F13806616E002915DDE36DE26C9A1A6B
:108AA000003B18BF0123C3EBA202D4E914301B1A08
:108AB0009B1003EBC213206CA26C121A03EBA203EF
:108AC000994240F38480206E18B1036800211B682E
:108AD0009847A36D206D043B984206D040F8045B94
:108AE00020652046BDE8F84FC2E7E16D636DE76C95
:108AF0000A1EA1EB070618BF0122C01AC2EBA6028C
:108B0000801000EBC210A36C226C9B1A00EBA30038
:108B10006FF0604398424FEAA60802D1304819F03E
:108B20006EFCD4E90E030A1AA3EBA202012A1CD898
:108B300008F10208B3EB480F01F104092BD9A3EBAC
:108B400008035B0800EB830847451DD942464946A8
:108B50003846FCF72CF9D8F800306364464403F536
:108B60000073C4F84C80A364E6654FF40070E66DB2
:108B70001BF0A6FA46F8040F226D00F5007315608D
:108B8000E6656065A365ABE7321D42444946384659
:108B900013F0DAFEDFE703F1020A012B2CBF9A443F
:108BA0000AF1010A504610F002FAAAEB08084FEA4F
:108BB000580800EB88088346424649463846FCF789
:108BC000F6F8A06B1BF084FAC4E90EBAC3E730468E
:108BD00010F0E8FC00283FF45DAF11F08BFD59E781
:108BE0001F930208896E10B5044621B90180817077
:108BF0004160204610BD0B689B699847F9E7F8B5BE
:108C00000446806E0E46174610B900252846F8BD6A
:108C10000368DB69984705460028F6D0636B002B94
:108C2000F4D0236B002BF1D03A46314604F13000EA
:108C3000FFF7E9F90028E9D0134B5E68002300F143
:108C4000100200F128041F4652F8041F8E421FBF75
:108C500000EB830C0133CCF81410DBB208BF1760B3
:108C6000A242F1D1C3F10602062BD2B203F10503F1
:108C70004FEA82024FF0000188BF002200EB830020
:108C80001BF08FF8C2E700BF64090020806E036804
:108C90001B6A184710B50446C9B1942380F8993867
:108CA000C32380F89A380B0A80F89B3880F89C1808
:108CB000D0F8880603680A1D5B6804F69901984796
:108CC000D4F888060368BDE81040DB68184710BD7B
:108CD000F8B500F11C04026A0346204632B984420A
:108CE0000DD0028A8A420AD84069F8BD178AD2E9B3
:108CF00002658F422ABF10462A463246EEE7986840
:108D000004331A4640B9934204D0138A8B4201D8E7
:108D1000546954B90020E8E7068AD0E902548E422B
:108D20002ABF024620462846ECE7137EDB0717D50C
:108D3000164B1B78002BEDD1FCF772F9844209D851
:108D4000031B782BE6D8124A10684FF47A7202FBA4
:108D50001300CAE7241A782CDCD80D4B1868C4E736
:108D6000FCF75EF90128D5D98442D3D8094B001B02
:108D70009842CFD84FF47A7303FB00F2B2FBF3F3BF
:108D80009842C7D1024B1868801AAEE7C81B002072
:108D9000780300208051010010B50446006819F0E6
:108DA00016F92060204610BD70B590F83030CEB076
:108DB0000446002B30D0254812F052FF244811F011
:108DC00031FD10B1224811F080FD06A82049012292
:108DD00012F0B7FA0C9800B31E4B029302238DF8E1
:108DE0000C306369102B28BF1023062202A906A8A5
:108DF0008DF80D3008F04EFAE3680193261D112519
:108E0000019B9E420BD106A808F02EF806A808F098
:108E100033F8002384F8303001204EB070BD013D9E
:108E200015F0FF05EFD01A8AADF810205A69CDF879
:108E300012201B7E8DF81630072204A906A808F020
:108E400029FA01A8FFF7A8FFDAE700BF0394020898
:108E50000A9402085453485410B50446006819F0A7
:108E6000B8F82060204610BDF7B58C680546164658
:108E70000F1D01235CB90197CBB1CB68BB4213D165
:108E800000233C462846C5E9003403B0F0BD238AE0
:108E90003788D4E902029F4238BF012327462ABF00
:108EA000002304461446E5E701A8FFF7D5FF019B20
:108EB0003288198A9142E3D3E4E7F7B58C68054616
:108EC00016460F1D01235CB90197CBB1CB68BB429D
:108ED00013D100233C462846C5E9003403B0F0BD59
:108EE000238A3788D4E902029F4238BF01232746EC
:108EF0002ABF002304461446E5E701A8FFF7ACFFAC
:108F0000019B3288198A9142E3D3E4E72DE9FF47B8
:108F100000F10409836806460D464C4613BBA14583
:108F200003D02A88238A9A4256D21C201BF0C8F804
:108F30000023B5F80080A0F81080A14507464361E2
:108F4000037600F1100A17D173691BB13269138AD5
:108F5000434522D35246314602A8FFF7AEFFDDE972
:108F6000024240E01F8A2888D3E9021287422ABFC2
:108F70001C4613460B46D1E7238A434510D9F268B5
:108F80000194944232D001A8FFF766FF03681B8A60
:108F90004345DFD2019AD3687BBB91450FD125E0D1
:108FA00026D2326901949442F7D001A8FFF7F4FE6B
:108FB00003681B8A4345CDD9E36893B92246108ADA
:108FC000404594BF002001204B46394619F003F874
:108FD0007369013373613C4604F1140004B0BDE8C9
:108FE000F087019C22461AB1002CD6D00120EBE775
:108FF00038461BF06DF82746EDE72246F6E72DE9E7
:10900000F041CEB037490646002206A812F099F981
:109010000C9B6BB10024062202A906A80294ADF8AD
:109020000C4007F0CAFF062808D006A807F024FF66
:10903000002386F830304EB0BDE8F081029A2A4B0A
:109040009A42F2D19DF80C30013B012BEDD89DF8EE
:109050000D30102BE9D8274622E09DF80C300497FC
:10906000012B23D1062204A906A8ADF8147007F03D
:10907000A4FF062813D1DDF8125085B1BDF81030D9
:10908000ADF806300DF106013046FFF73FFF174BF4
:109090000560013D9D428CBF00250125057101340D
:1090A0009DF80D20E3B29A42D7D8BEE7072204A963
:1090B00006A8CDF8137007F080FF0728EFD1DDF880
:1090C0001250002DEBD0BDF810309DF81680ADF891
:1090D00006300DF106013046FFF718FF056080F8F5
:1090E0000480DCE70A940208545348547F33E101BA
:1090F0002DE9F04FDFF8409187B0D9F800300093A8
:1091000000F11C08036AADF8061005468FB244460C
:10911000FBB9A04502D0238ABB4256D918201AF0C9
:10912000CFFF0023A04505F1180A064607824361D8
:1091300000F1100B16D1EB6A1BB1A96A0B8ABB4276
:1091400022D351465A4604A8FFF78EFEDDE90441BA
:1091500066E0188AD3E90221B8422ABF1C460B46B2
:109160001346D5E7238A9F4211D2696A03948C4241
:1091700059D003A8FFF770FE03681B8ABB42E0D2F8
:109180000399CB68002B55D1884510D14BE04CD9C1
:10919000A96A03948C42F7D003A8FFF7FDFD03688A
:1091A0001B8ABB42CDD9E368002B37D12146088A00
:1091B000B84294BF0020012043460A46314618F0C9
:1091C0000AFFEB6A0133EB623446009B63610020C7
:1091D000FBF726FF012806461DD9184B0DF10601A5
:1091E0001C782846FFF792FEB4FA84F46A6B066096
:1091F00064090123047185F830302AB1D9F80030B0
:109200009B1A0F4A934206D92846FFF7CDFD10B1AD
:10921000D9F800306B6307B0BDE8F08F039C21469E
:1092200019B1002CB0D00120C6E730461AF050FF2B
:109230002646C9E72146F6E778030020C81B002030
:10924000DF9304002DE9F04701F00F07DFF8689085
:1092500021F00F0106461546441802F10F08A642F8
:1092600014D13FB36B1E274414F8011B13F8012FD0
:10927000BC4282EA01021A70F6D10F4B18680368EB
:109280002A4629469B6ABDE8F04718476B1E711EA7
:1092900013F8012F11F8010F434582EA00021A70FA
:1092A000F6D1D9F8000003682A469B6A2946103691
:1092B0009847D4E7BDE8F0871810002010B50C4699
:1092C0001146084A86B0CDE901200020CDE904000E
:1092D0001A4601A8039409F099F800B1049806B061
:1092E00010BD00BF0FEB00082DE9F047B44D95F815
:1092F0007C39CCB004460F4613B300F590684FF4A8
:109300000072002140461AF04CFD0B23A4F884346F
:10931000AC4B6E4619683046FFF764FC96E80300D4
:1093200004F5916484E80300002385F87C39A64A9B
:1093300043464FF4FF7138464CB0BDE8F047BDE7F7
:10934000037C013B0A2B77D8DFE803F00E0E0E0EEC
:109350000E0E0E060E0E2800D0F85822D0F8483215
:109360009A4201D1FEF7EDFC04F590684FF40072CB
:10937000002140461AF015FD237C013B0A2B00F228
:109380009080DFE813F093005D009F00D900050195
:109390003701D601C702270350035403D0F8103118
:1093A00033B98A4B1868943011F0A8F9C4F8100149
:1093B000D4F8143133B9854B1868AC3010F020F96B
:1093C000C4F81401D4F8183133B9804B1868DC3074
:1093D00010F005F9C4F81801D4F81031002BC3D1EE
:1093E000D4F81431002BBFD1D4F81831002BBBD1E5
:1093F00094F888302BB18822002175481AF0D1FCEE
:10940000B2E77349882203A81AF072FD882203A9E3
:10941000A0181AF06DFD94F88830002BEBD1D4F829
:109420008430002BA0D1694B1868043011F0A6F9E4
:10943000C4F88400002897D100204CB0BDE8F08724
:1094400003236449A4F8843428226348634E1BF044
:10945000F6FA634B1D684C22AB8BA6F84C30311DDD
:1094600004F591604FF001091AF042FD84F8109064
:109470002B6871681B682846984790F8601005466D
:1094800029B9142264301AF08CFC85F86090002110
:109490000220FBF7D9FD0021E8670220FBF7D4FD8D
:1094A0002867B4F88434002BC6D040E71123A4F811
:1094B00084344C498C2204F591601AF019FD032381
:1094C0002374EEE7464BD4F86C141B689A8B9142D8
:1094D00023D258684B1CC4F86C34FCF77CFE014660
:1094E000D8B103A8FDF73AFE002501234FF492728C
:1094F00003A904F58E708DF82C318DF82A511AF0DD
:10950000F7FC0423A4F884344FF4927203A904F501
:1095100091601AF0EDFCC4F81C51D4F86824324B69
:109520009A4207D108232374236800211B6A20462E
:109530009847B6E70423C3E70D232C49A4F88434E5
:10954000122203A81BF07BFA18220023CDE908237E
:10955000274B1A799B6F0B9348238DF8303095F881
:10956000DA318DF831304FF457530D9301238DF8D4
:1095700028208DF8323003AD0FCD04F591660FC66B
:109580000FCD0FC695E80700052386E8070097E78B
:10959000657C0A23A4F88434284610F055FF013571
:1095A0000146EDB24C2204F591601AF0A1FC072DA2
:1095B00065747FF676AF4FF48373238271E700BF43
:1095C000983D0020341D0020C0500208301D0020AE
:1095D0008C46002026940208860900206409002099
:1095E000141D0020380100202D0F01000D900208ED
:1095F00080030020637C0522591EA4F884240929D5
:1096000000F28E80DFE801F0051020404B586A76AA
:1096100081860123A849A4F88834602204F5926069
:109620001AF066FC022379E0A44E0223A4F88834E1
:109630000FCE04F592650FC50FCE0FC596E8070053
:1096400085E80700032369E0DFF874C203230CF107
:109650009806A4F888340FCE04F592650FC50FCE96
:109660000FC596E803009CF80430022B85E8030040
:1096700008D00B2B934B18BF4FF49673C4F8A43447
:1096800004234BE08F4BF9E704238F49A4F8883477
:10969000C42204F592601AF02BFC05233EE08B4EA9
:1096A000A4F888240FCE04F592650FC596E8030050
:1096B00085E80300062331E0854E0623A4F88834AC
:1096C0000FCE04F592650FC50FCE0FC50FCE0FC597
:1096D00096E80F0085E80F0007231FE07D4A92E817
:1096E00003000723A4F8883404F5926383E8030099
:1096F000082313E008237849A4F88834B02204F53D
:1097000092601AF0F5FB092308E00923A4F88834D5
:109710000A2303E00A23A4F888340B236374C0E609
:109720000133DBB20B2B63747FF6BBAE40F2071341
:1097300043E7637C0922591EA4F884240C2900F213
:10974000A480DFE801F0070F1C29343E4B5A6972F0
:109750008A7C970001236149A4F88834D42204F25A
:109760008C405DE75E4E0223A4F888340FCE04F2ED
:109770008C450FC596E8030085E8030062E7594E63
:109780000323A4F888340FCE04F28C450FC596E865
:10979000070085E8070073E7534E0423A4F88834D4
:1097A0000FCE04F28C450FC533682B6075E74F4A26
:1097B00007CA0523A4F8883404F28C4383E8070021
:1097C00078E74B4E0623A4F888340FCE04F28C457C
:1097D0000FC50FCE0FC533682B607DE7454E0723BD
:1097E000A4F888340FCE04F28C450FC50FCE0FC5F8
:1097F00096E8030085E803007AE70823A4F8883494
:109800003D4BD5F8D1019A889B79C4F88C04A4F813
:10981000902484F8923476E7A4F8882437494822C3
:1098200004F28C401AF064FB72E7354A07CA0A2337
:10983000A4F8883404F28C4383E807006DE7314EC6
:109840000C23A4F888340FCE04F28C450FC50FCE3C
:109850000FC533682B600D2360E70B23A4F8883411
:10986000294BD5F831021B7984F89034C4F88C0464
:109870000C2353E70D23A4F88834244B0FCB04F2B8
:109880008C4585E80F000E2348E70133DBB2102B2F
:1098900063747FF606AED4F868241D4B9A4203D158
:1098A00009232374002339E7082323742368002144
:1098B0001B6A20469847F5E784030020E803002050
:1098C0008003002080510100440400200C0500208A
:1098D000280500206C0500207A050020D83D0020D6
:1098E000B03E0020CC3E0020EC3E0020043F002093
:1098F000143F00203C3F0020693F0020723F0020C1
:10990000BC3F0020D03F0020C93F0020F83F00208E
:109910002C0F01004FF49272002103A81AF041FAB3
:10992000D4F81C3104F58E76ABB9D4F84852D4F88B
:1099300058329D420FD0D4E993A94FF49272294630
:109940003046A9F592791AF0D3FA4D4525D005F5A0
:109950009275C4F848524FF49272314603A81AF037
:10996000C7FA039D5DB34FF49272002130461AF09E
:1099700018FA2A465B490DF112001AF0F5FF04238C
:10998000A4F884344FF4927203A904F591601AF09C
:10999000AFFA2046FEF7D5F983E550461AF098FB5A
:1099A000D4F854321A1D5B68C4F8542203F592723D
:1099B000C4F84C32C4F85022C4F84832CBE704F55E
:1099C0001070FDF72DFA0923237439462046FFF75E
:1099D0008BFC32E5D4F87434D4F870144248657CBA
:1099E0005A1AD2104243954217D0D4F868043F4E19
:1099F000B04212D00F239542A4F8843403D33C48DC
:109A0000294618F0FFFCE82205FB021104F59160DD
:109A100001351AF06DFA657443E500228B426274D9
:109A200018BFC4F874142046FCF7D8FF39E5D4F801
:109A3000102162B192E803000B23A4F8843404F5EA
:109A4000916383E803002046FDF700F829E5D4F888
:109A500014616EB10E23A4F884344FF4FB723146C6
:109A600004F591601AF044FA2046FCF7FFFF18E570
:109A700094F8883083B10C2304F188052946A4F8B2
:109A80008434882204F591601AF032FA8822314633
:109A900028461AF086F904E5D4F818516DB1102360
:109AA000A4F884344FF4F072294604F591601AF05A
:109AB0001FFA2046FCF7EAFFF3E4D4F88460002E96
:109AC0003FF4EFAC0223A4F884344FF4B072314673
:109AD00004F591601AF00CFA304610F069FEC4F8F3
:109AE0008450DEE41991020835C2724F2D0F010037
:109AF0003591020870B5044600F69D0631462046B1
:109B0000FFF7F2FB054601462046FFF7C3F8002D9C
:109B1000F4D170BDF8B504460D46A2B9264BD0F875
:109B200094281B689B1AB3F5FA6F2CBFFA250525FC
:109B300094F8983813B12046FFF7DCFF2046FCF775
:109B40003CFF2846F8BD8E180027D4F8903815F849
:109B5000012BE018591CC4F8901880F88C265BB9CA
:109B6000942A01D0C4F89078B542EED1124B1B680C
:109B7000C4F894380025DBE7012B01D1C32AF0E7B4
:109B8000022BF1D0B4F88E26032B52BA92B20FD129
:109B9000B2F5007FE6DC131D9942E5D30023C4F83B
:109BA0009038236804F5D2611B6920469847DBE7AB
:109BB0000029D9D0EFE700BF7803002038B504466C
:109BC000D0F8880603681B69984798B10025D4F837
:109BD000880603681B69984730B1D4F88806036883
:109BE0005B69984700281ADA244B1B68C4F894383C
:109BF000002509E0214BD4F894281B689B1AB3F583
:109C0000FA6F34BF0525FA2594F8983813B1204629
:109C1000FFF770FF2046FCF7D0FE284638BDD4F889
:109C20009038E218C0B2591CC4F8901882F88C061B
:109C300023B99428CBD0C4F89058C8E7012B01D1A0
:109C4000C328F7E7022BC2D0B4F88E26032B52BAF2
:109C500092B20FD1B2F5007FEDDC131D9942B6D35D
:109C60000023C4F89038236804F5D2611B692046AC
:109C70009847ACE70029AAD0EFE700BF780300209F
:109C80004B89052B70B50446154608D189891831D2
:109C900023682A4620465B6BBDE87040184701F1F7
:109CA0000C03044A04484FF48071FFF707FB00F1EE
:109CB0001801EDE790500208AC1A0020F0B590F8BA
:109CC000623087B00446B3B1002380F86230D0F828
:109CD000280203685D6E94F860308DF80C30E36DF7
:109CE000049394F861308DF814300323009306AB8D
:109CF00013E90E00A847E66F0022E267002E3ED06F
:109D000031462046FFF7BCFF1E4B1F491B68D3F8A6
:109D100044210244C3F844210A6802440A603C21F9
:109D2000D3F83C21B2FBF1F5B5FBF1F701FB175578
:109D300003EB8505A96C0144A9640A21B2FBF1F289
:109D40000621B2FBF1F501FB152203EB82031A6B2E
:109D500002441A63D4F838320133C4F8383230463A
:109D6000FBF7DCFD20B9D4F83C320133C4F83C32B7
:109D70000648314607B0BDE8F040FDF76EB807B0C1
:109D8000F0BD00BFAC1B002060060020E81C0020D6
:109D9000A0F5CA7014F09ABC38B590F85830044653
:109DA0000D461BB9314B93F8C0312BB930482946C9
:109DB000FDF753F8002038BD0368DB6E98472B6829
:109DC000C4F88C306B68C4F88830D5F81431C4F806
:109DD00090302B7A84F89630D5F85031C4F898300A
:109DE000D5F85431C4F89C3095F8203195F82121EC
:109DF000402B84BF402385F8203195F8203103F0B3
:109E00007F0343EAC21395F8292143EA022395F818
:109E10002A2143EA4223A4F89430AA8905F10E01CD
:109E200004F1A0001AF064F8D4F82802E567AA89C2
:109E3000036818325D6A04F188010023A8470546CB
:109E400050B12046FFF73AFF236820465B6D9847E4
:109E5000B5FA85F04009AEE723680649DB6C204679
:109E60009847054B1B68C4F88030F1E78003002059
:109E7000E81C0020157300087803002091F82131B8
:109E800070B505460C4663B14868FBF754FE40B90F
:109E90002146144810F043FC052201462846FBF7F2
:109EA00019FED5F88C604EB96068FBF744FE214678
:109EB00098B12846BDE87040FBF745BEB268D4F8BB
:109EC00014319A4207D0A86E00222146FFF7D8FE2F
:109ED0003369034433613668E5E72846BDE87040DE
:109EE000FBF782BEE81C00202DE9F043264B0A68F0
:109EF0005B689A4285B005460C4627D10846FBF7B9
:109F000040FCD4F814910DF10808CDE90209064689
:109F1000414605F18400FBF715FC0746B0B194F803
:109F20005C31012B12D12046FBF72BFCFB6801466C
:109F300000201B7A4A46CDE9000010F046FBCDE92F
:109F40000269284698E80600FBF71AFDD5F88C60F0
:109F500056B96068FBF7EFFD214678B1284605B099
:109F6000BDE8F043FBF746BCA86E01222146FFF78F
:109F700087FE3369034433613668E9E7284605B054
:109F8000BDE8F043FCF732B86409002000F59063A7
:109F900010B54FF4007204460021184619F001FF75
:109FA0000822A4F88424012284F8882403464FF46C
:109FB000FF7104F69D00044AFFF780F90146204630
:109FC000BDE81040FEF766BEC05002081FB50C4643
:109FD0001146064A0294CDE9002000220392684609
:109FE0001A4608F009F804B010BD00BFF9EA0008ED
:109FF0002DE9F04F8A4B1B7C032BD3B0044604D0D1
:10A000006389042B14D100200FE0864D2168286855
:10A0100003681B68984738B12868216803681B6883
:10A0200098470379002BEBD1012053B0BDE8F08FA6
:10A03000A689B6F5807F00F2F080277A002F4BD0FA
:10A04000DFF8E481DFF8E491002508F51A6A98F852
:10A05000A03AEFB2BB42E7D909EB4703B3F90220BC
:10A06000237A9A4240F0D780384610F068FB324697
:10A0700004F10E016E4819F03BFF6E4B186803683F
:10A08000CDE9006AD3F834B0D4F814212168002354
:10A09000D8474FF48472002110A819F082FE664A56
:10A0A000634810AB3146FFF791FF002800F0B38002
:10A0B000BDF84030002B00F0AE80604A92F8961058
:10A0C000002940F08C8061685268914240F087809E
:10A0D000012B40F08480A7E7584B60685B6898428A
:10A0E000AED10028ACD0FBF726FD0028A8D1DFF8C0
:10A0F00034812168D8F8000003681B68984700285D
:10A100009ED0D8F80000216803681B689847838FA9
:10A11000002B95D0D8F80000616803681B68984749
:10A12000838F002B8CD00C2E8AD9424BD8F800009C
:10A13000D3F800A0DAF8003025469B6955F80EBB2D
:10A140000F93036859461B689847394B0A96CDE927
:10A150000B53D4F814314FF00009CDE9083900F160
:10A16000440C8646BCE80F006D460FC59CE807000E
:10A1700003C52A80DEE90F230F9D59465046A847A4
:10A1800000283FF45DAF4FF48472494610A819F0DF
:10A1900008FE294A264810ABA6F10C01FFF716FF6E
:10A1A00000283FF441AFBDF84030002B3FF43CAFF6
:10A1B000D8F800002168012384F84E3103681B6839
:10A1C000984704F5977200F13E035E3053F8041B84
:10A1D00042F8041B8342F9D12023A4F82C314FF418
:10A1E000847210A904F10C0019F082FE042363812B
:10A1F00094F810312772002B3FF405AF94F8113119
:10A2000094F8FA2003F00203134314BF0123002340
:10A2100084F8FA30F7E6013519E7022005E700BFB8
:10A2200080030020141D0020983D0020001D002008
:10A2300038470020181000209050020864090020C0
:10A2400030B54B89042BE9B005460C4619D18A89F3
:10A25000838A9A4215D14FF4D0720021684619F0D2
:10A26000A0FDAA69E1896B4604F11000FFF7AEFE7C
:10A2700048B16A462B6821469B6A2846984769B0D0
:10A2800030BD0022F6E70120F9E730B50D46E9B010
:10A2900004464FF4D0720021684619F082FDA2698D
:10A2A000E9896B4605F11000FFF790FE28B123689D
:10A2B0006A46DB6A29462046984769B030BD10B42B
:10A2C0004C89042C05D18C89838A9C4201D110BC15
:10A2D000DBE710BC704730B54B89042B95B00546C1
:10A2E0000C4618D18A89838A9A4214D150220021BF
:10A2F000684619F056FDAA69E1896B4604F1100021
:10A30000FFF764FE48B16A462B6821469B6A2846DF
:10A31000984715B030BD0022F6E70120F9E730B5C7
:10A320004B89042B95B005460C4616D18A89838A41
:10A330009A4212D150220021684619F032FDAA69D2
:10A34000E1896B4604F11000FFF740FE28B12B684D
:10A350006A46DB6A21462846984715B030BD30B5BD
:10A360004B89042BABB005460C4618D18A89838AE9
:10A370009A4214D1A8220021684619F012FDAA6958
:10A38000E1896B4604F11000FFF720FE48B16A46F0
:10A390002B6821469B6A284698472BB030BD002287
:10A3A000F6E70120F9E730B54B89042BABB0054641
:10A3B0000C4616D18A89838A9A4212D1A82200219A
:10A3C000684619F0EEFCAA69E1896B4604F11000B9
:10A3D000FFF7FCFD28B12B686A46DB6A2146284658
:10A3E00098472BB030BD2DE9F84316460D468146FF
:10A3F00013F08EFD06EB46088044044608F1020087
:10A4000019F05EFE2246494607461AF018FBDFF8AF
:10A4100030903C442E4415F8013B20464A46042126
:10A420001AF0FEF9B54204F10304F4D107EB080079
:10A43000044919F055FD3846BDE8F84319F048BE07
:10A440002E940208309D0208F8B5836B04460D4631
:10A4500043B1154A963312684FF47A71B2FBF1F2A8
:10A460009A4210D904F12C0604F1340719F08AFB42
:10A4700006F8010FB742F9D10B4B4FF47A721B6803
:10A48000B3FBF2F3A363D4F82D30C5F89231D4F8BE
:10A490003130C5F896310822A5F8902105F5C9712B
:10A4A0000248BDE8F8409EE7780300203494020893
:10A4B0000EB483B003AB53F8042B019303EB820279
:10A4C00053F8041B814205D09A42F9D1002003B011
:10A4D00003B070470120FAE72DE9F047DFF8548216
:10A4E000A4B0044609200D46164610F0ABF9D8F882
:10A4F0000030C4F8803604F51B734FF4FE7200215F
:10A50000184619F04EFC8C4A034631462846FFF7A0
:10A510005DFD0546002800F0B180B4F86C32013BC7
:10A52000062B00F2AB80DFE813F00700A90017014B
:10A5300064016901A9007601D4F8846304F51C79EB
:10A5400066B104F12C02002352F8041F8E4200F081
:10A55000958000295BD10C3344F82360B4F87C3239
:10A56000764E462B5FD0B4F87C72462F09D1D4F8D2
:10A570007402FBF7E0FA20B194F89033002B40F01E
:10A5800082800B234322CDE9003238460823032280
:10A590000421FFF78DFF04F51F7A04F1140700284A
:10A5A00075D1B4F87C32012B40F086805146384694
:10A5B000FCF7F7FC0368002B7ED051463846FCF7C9
:10A5C000F0FCD8F8003002689B1AB3F5FA6F73D22A
:10A5D0005B4B21A81968FEF705FBD4F8843330687B
:10A5E000002221A911F02CFF564B1868002845D0F5
:10A5F00000230268CDE9013394F878320093156B9B
:10A60000D4F88433D4F870222621A84736E00133E9
:10A61000142B99D14C2204F1340104F1300019F0CB
:10A62000A6FBE6679AE704F51F7A04F11407514682
:10A630003846FCF7B6FC0368002B94D051463846E8
:10A64000FCF7AFFCD8F8003002689B1A47F22F5293
:10A65000934288D823685D693B4BD4F884231E213C
:10A660002046A847364B21A81968FEF7BBFAD4F854
:10A6700084333068002221A911F0E2FE002528462B
:10A6800024B0BDE8F08723685D69304BE5E75146AB
:10A690003846FCF786FC0368002B82D051463846CA
:10A6A000FCF77FFCD8F8003002689B1A42F20F7268
:10A6B00093423FF676AFD5E7B4F87C32462B07D10C
:10A6C000D4F87402FBF737FA10B9012384F89133F8
:10A6D00051463846D8F80080FCF763FC0023C0F8E8
:10A6E0000080C4F87032C4F8C033D4F874323668CD
:10A6F000013307D0D4F8C43323B9154B1B6E0BB10B
:10A70000C4F8C433D4F884331BB9FEF788F9C4F80D
:10A71000840300210220FAF797FC4946C4F8880315
:10A720000C480FF0FCFF0023014602223046FBF7E5
:10A73000D5FFA4E7780300203C6D0208301D0020FF
:10A74000341D0020383D0020469402087894020809
:10A7500080030020E81C0020D4F87032C4F868346C
:10A76000237C7BB9236801219B69204698472C4BA9
:10A770001968204601F58471FCF79CFB29492046A5
:10A78000FCF798FB236820465B6A9847D4F8683446
:10A79000254A2649934214BF0223032323740A2225
:10A7A0001EA8FBF7E5FF1E99D4F87024C4F87014B6
:10A7B0001F99C4F874142099D4F87834C4F8781424
:10A7C000002521A8239321921E95209512F0DEF8F2
:10A7D0001EA812F0DBF84FF49272294604F58E7031
:10A7E00019F0DFFA04F51070FCF71AFBC4F86C548A
:10A7F00044E723682046DB6898473FE704F520716B
:10A800007822684604F51C7419F072FB94E80F0076
:10A8100012F020F932E7064B012283F87C292DE75C
:10A82000301D0020D44400202D0F0100B1940208F7
:10A83000983D00202DE9F04FDFF8D4914B68154684
:10A84000D9F80420934285B007460C4640F0CD80ED
:10A85000DFF8C081D8F8082D002A4ED191F8216187
:10A86000002E00F09E804B89042B5DD10846FBF73B
:10A8700055F80646C8B9A089072301220221FFF72F
:10A8800017FE90B12046FAF77CFF237A03938246A5
:10A8900020460FF00BFF0122D4F814B10192039B64
:10A8A00000905A465146304625E0D4F804317BB931
:10A8B000D4F8086166B92046FAF763FF237AD4F822
:10A8C00014B10393824620460FF0F0FE0196E6E7AE
:10A8D0004FF0FF312046FBF777FB10B1D4F8503131
:10A8E0005BB12046FAF74DFF01460020CDE900009C
:10A8F000237AD4F814210FF068FE6389042B62D107
:10A900007DB12B79232B0CD1B9F89830202B08D1AD
:10A9100001230093237A2168D8F80C0D002205F05A
:10A92000E3FCD4F8046152E08B68DFF8ECA023F478
:10A930007F43B3F5A02F21D1384E096830680368F2
:10A940001B68984790B92046FAF71BFF0646204639
:10A950000FF0ACFED4F814B19AF800A00023CDE9B2
:10A9600000035A46534631462320C4E73068216825
:10A9700003681B689847838F002BE4D02046FAF7C2
:10A9800000FF064620460FF091FED4F814B19AF865
:10A9900000A00023CDE900035A4653463146062065
:10A9A000A9E7D1F850219A42A7D191F82031002B84
:10A9B000A3D00846FAF7E5FECDE900660146237A02
:10A9C000D4F814216FE7D4F80461002DA9D166B141
:10A9D0002046FAF7A3FF18B194F85C31052B04D098
:10A9E000616832463846FBF76DF86068FBF7A3F8FC
:10A9F0002A46214628B1384605B0BDE8F04FFBF79E
:10AA0000CFB8384605B0BDE8F04FFBF76DBB00BFCF
:10AA100064090020983D0020001D0020141D002026
:10AA200013B5044698B14068FBF785F868B16389AF
:10AA3000042B0CD194F8FA304BB94723009303222E
:10AA4000A08943231146FFF733FD02B010BD00205B
:10AA5000FBE72DE9F04FDFF89C92D1F804B0D9F86C
:10AA600004309B4591B005460C4604D108460FF0D2
:10AA700041FE202059E0A04F97F8C431002B5FD150
:10AA80009E4B9F491B68D3F80CA0504613F09EF9CB
:10AA9000002855D09B4B1E683046FAF719FA8046BD
:10AAA0000146504613F092F9002849D0DFF8589239
:10AAB00006F59C773B2657F8040D13F05FFB4946DB
:10AAC00013F068FC0146404613F0A6FA80460146A2
:10AAD000504613F099F958B3C6F13B06F6B28B48CD
:10AAE000FAF7F4FB01230370D4F8143143601E23FA
:10AAF0000746037300210220FAF7A6FA8449B860DA
:10AB0000324607F10D0019F02FFF824B18680368D9
:10AB100039465B6898472046FAF700FF60B1224645
:10AB200009212846FCF745FD092011B0BDE8F08F4A
:10AB3000013EC0D23C26D2E720460FF0DBFDF3E712
:10AB40005846FAF7F8FF10B1002384F82131204667
:10AB5000FAF7E4FEA0B12046FFF762FF80B1D7F814
:10AB6000D02112F0FF0302D1002A08BF032394F87A
:10AB70002021402B28BF40239A4288BF84F82031EF
:10AB80002046FAF7FEFD20602046FAF7C7FE18B10E
:10AB900094F8203184F82A3163891A1F012A3FF67C
:10ABA00068AF94F82221002A40F0948094F8212183
:10ABB000002A0CBF40224622042B84F8222140F0B8
:10ABC0008C80A389052B73D1782384F82231237AD2
:10ABD00051480F9321460FF0A2FD63890E90042B7C
:10ABE00040F0EE802046FAF799FE68B1012384F820
:10ABF000103197F8E52194F81131134394F8FA20B5
:10AC000043EA420384F8113104F10C03434A4448F7
:10AC10004FF48071FEF752FB00F11803FF2B06463C
:10AC20003AD8404B6168186894F808A003681B681C
:10AC3000984783462046FAF771FE94F84E81002823
:10AC400053D099F89630002B4FD1B8F1000F10D1A6
:10AC500050460FF0BFFF3449814619F0A5FE002889
:10AC600000F0B2803149484619F09EFE002800F0FD
:10AC7000AB80B7F81C32202B37D167683846FAF71B
:10AC80005AFF90BBA389462B2FD0033B022B2CD914
:10AC900006F12403FF2B4BD907260E980FF02AFD4F
:10ACA00000232372224631462846FCF782FCC4E08A
:10ACB000012B01D0062B01D1642386E7D4F804319F
:10ACC0000BB1502381E794F8FA30002B3FF47FAFAB
:10ACD00046237AE7042B3FF47AAFA86E03685B69DA
:10ACE000214611B0BDE8F04F1847B8F1000F6BD006
:10ACF0002226D2E76409002080030020B01B002038
:10AD00000000C842AC1B002000A00C47201100200E
:10AD1000B3940208301D0020E81C00209050020867
:10AD200038470020141D0020EC940208F394020818
:10AD3000BBF1000F68D0BBF83C30202B64D1B8F1D8
:10AD4000000F09D004F22D1304F24D1213F8011F65
:10AD5000002978D19342F9D1404BD3F80090D9F82B
:10AD6000003020465B690F93FAF70BFD04F10E03E8
:10AD70000C933B4BCDE90A63D4F814314FF0000833
:10AD8000CDE908380BF1400E8246BEE80F00EC46D4
:10AD9000ACE80F009EE80F00ACE80700ACF800300C
:10ADA000DBF83C30394652460F9F4846B8470123EE
:10ADB0000C3684F8088084F84E310523A68163811F
:10ADC0000E980FF097FC88E750460FF0B8FC00286B
:10ADD000207234DB214B224FD3F80080D8F80030AA
:10ADE0002046D3F83090FAF7CCFCCDE90067014655
:10ADF000D4F8142140460023C8473246394604F1AE
:10AE00000E0019F075F8D8E7AE6FD6B90E9BC5E9FC
:10AE10001E37144B1B68C5F88030204626720FF091
:10AE200069FC11480096D0F80C0D0F9BE96F0122C8
:10AE300005F05AFA2846FDF71BFE304675E6062651
:10AE40002BE7272629E720220BF13E0104F5977016
:10AE500018F07DFF00283FF47FAF49E7181000206D
:10AE60003847002078030020983D00202DE9F04F5E
:10AE700091B00C460546002102200E92FAF7E4F844
:10AE80002146C4F81801A2480FF049FC6867204623
:10AE9000FFF7AEF802280DD1D4F814212168284616
:10AEA000FDF7ADFE686F0FF025FC00236B6711B056
:10AEB000BDE8F08F638900284AD1042B48D1A389CB
:10AEC000944E472B14D1944B93F8222212B193F84D
:10AED00024326BB9D4F8142121682846FDF78FFE7F
:10AEE000337C052BDED16389042BDBD1012703E002
:10AEF000337C052B2CD1002746232322CDE90932B0
:10AF000041210823CDE907310C200B23CDE9053081
:10AF100006264323CDE903364FF0050C0423CDE983
:10AF2000013C03230093A089072301220D21FFF791
:10AF3000BFFA064650B9D4F8142121682846FDF717
:10AF40005EFE686F0FF0D6FB6E67B0E7002FA9D1E9
:10AF5000714E6768B4F80A900023C6F8083D6F4B3D
:10AF600038465B680C93FAF7E6FD804628B90C9BDF
:10AF7000DB1BD3F1000848EB0308D6F8103DD3F8EB
:10AF800000A00027D6F8103D5B6853457CD0B9F18E
:10AF9000040F5AF804BBC6F8144D02D09BF80A20DF
:10AFA000CAB19BF8082012B9B8F1000F13D0DBF832
:10AFB00000202146D2685846904760B10E9B13B9D5
:10AFC0009BF809203AB1B9F1040FDBF80C1006D058
:10AFD00019B322680AB30023C6F8143DD2E70D91D5
:10AFE000D9B12268CAB1207A0FF02EFA20B10D999A
:10AFF0002A3019F0D9FC80B194F8FA20002AEAD05E
:10B000006068FAF798FD0028E5D1224621215846CC
:10B01000FAF763FCC6F8080DDDE7DBF800202146EF
:10B02000126958469047DBF800200D90526921467E
:10B0300058469047B9F1040F1AD194F8FA20BAB1E2
:10B04000364A61685268914212D1D6F8082D7AB911
:10B05000DBF800205846926990470F9028B12146AE
:10B06000FAF71CFC0F9AC6F8082D0FB99BF80B7065
:10B07000DBF8101029B12648FBF7EFFE0023CBF8D0
:10B0800010300D9B012BA6D1B9F1040F07D194F814
:10B09000FA3023B1214B62685B689A422AD0686F0C
:10B0A0000FF028FBAB6F00266E67002B3FF4FFAE5E
:10B0B000EB6F216899427FF4FAAE6389042B7FF429
:10B0C000F6AEA389042B7FF4F2AE154B1868036823
:10B0D0001B68984700283FF4EAAE838F202B7FF44B
:10B0E000E6AEA96F01222846C5E91E6611B0BDE88B
:10B0F000F04F97E0D6F8081DB1B10A4800231A4670
:10B100000068FBF7EBFA0023C6F8083DC7E700BF6D
:10B11000E81C002080030020983D002064090020E6
:10B12000141D0020301D002023680C9A9A42B6D0CE
:10B13000002FB4D10D4BD3F80080D8F80030204652
:10B14000D3F83090FAF71DFB064620460FF0AEFA12
:10B15000D4F814A194F808B0CDF800B0CDE90107F7
:10B160005346324608214046C84798E7383D0020FC
:10B17000F8B5284E284F054605F138000EF012FAB2
:10B18000044698B9AA6F72B1244B1868D5F880307C
:10B1900047F22F51C61A8E4237D9C5E91E442721DE
:10B1A0002846FCF706FA6FF00040F8BD2168B6F8B3
:10B1B000D4C11B4A002398B284451CD83868036860
:10B1C0001B68984710B190F8B130D3B923680133A8
:10B1D00017D096F8E43113B194F829318BB92B6864
:10B1E0002146DB6A2846984758B90122214628465D
:10B1F000FFF73CFE05E052F8040F814203F1010322
:10B20000D9D120460FF076FAB6E7C0F5EA403030E3
:10B210001844CAE780030020141D00207803002092
:10B22000540500202DE9F0411646284A4B68526823
:10B23000934205460C4605D103681B6A98470020D7
:10B24000BDE8F081826E2AB90A460421FCF7B1F903
:10B250002120F5E71846FAF76EFC20B13246214668
:10B260002846FFF703FE237A8BB994F84E3173B961
:10B2700067683846FAF75FFC48B9154B18680368E9
:10B2800039461B68984710B190F8AC302372022EF3
:10B2900014D194F821318BB194F8203173B90D4B4E
:10B2A000D3F8BC3113F0FF0202BFB3FA83F35B099A
:10B2B0009A01402A28BF402284F820212B68214689
:10B2C00028465B6ABDE8F041184700BF64090020CA
:10B2D000141D00208003002010B504460FF08AF9E9
:10B2E000A38A838110BD70B50E460546FFF7F4FFB3
:10B2F000AA6904463346E9211030FDF7DFFFE081FB
:10B30000204670BDF8B5064628200C4618F0D8FE39
:10B310002346144A1449054619F026FB3046FFF728
:10B32000DBFF0027044680F82171284612F0F0FD6B
:10B33000294682B2E08104F1100018F0D9FD0B4BD0
:10B340001B68B36438460FF009FD034628B902466E
:10B35000074821460068FBF7C1F92846BDE8F840D8
:10B3600018F0B6BEDD3F0020F894020878030020F4
:10B37000301D0020A0F1180013F0B8BA70B50E46C9
:10B380000546FFF7A9FFAA6904463346E9211030B4
:10B39000FDF794FFE081204670BD2DE9F041154690
:10B3A000BCB004460E46FCF730F92B88432B40F026
:10B3B0003A813768002F40F036812B7A002B39D143
:10B3C00094F834301BB101203CB0BDE8F081204638
:10B3D000EF68FCF71AF994F83460002EF3D118F0F6
:10B3E000D1FB4FEAE0780546C4E908083046F9F792
:10B3F00017FE5022C4E90A078C491EA818F078FDF0
:10B400001EA92046CDE91E58FFF7B8FF0125642389
:10B4100080F8223101464760067280F84E5180F86C
:10B42000FA5083482B4600683246FBF757F984F8F8
:10B430003450C8E7012B40F0D8802B7E002BC2D0BF
:10B4400094F83430022BBED1D5E90402D4E90813B4
:10B450009A4208BF8842B6D1EB69764EDFF8D881B0
:10B4600000931EA8754B1E9308F060FF3568D8F84E
:10B4700004301C22394603A8CDE9013718F091FCAD
:10B480002B68E16A1B6828469847054620B1037976
:10B4900013B1838F202B06D0002384F834301EA8EC
:10B4A0000DF00EF98FE71EA808F040FF04F1200709
:10B4B000042269461EA809F068FA394608221EA827
:10B4C00009F063FA04220DEB02011EA809F05DFAEF
:10B4D000042204F12C011EA809F057FAB8F89820AC
:10B4E00057491EA809F051FAAA8F05F13E011EA87E
:10B4F00004F1350509F049FA202229461EA809F071
:10B5000076FA1EA808F012FF394608221EA809F094
:10B510003CFA202229461EA809F037FA04F1550703
:10B52000202202A91EA809F062FA2022394602A8A8
:10B5300018F00DFC0028B2D1009B236350223B4938
:10B540000AA818F0D5FCD4E90823CDE90A23202362
:10B55000ADF830300DF1320355F8042B43F8042BCD
:10B56000BD42F9D10AA92046FFF708FFDFF8C080E5
:10B57000E36A43600127002264230146027280F8D7
:10B580004E7180F8FA7080F82231D8F800003B46FE
:10B59000FBF7A4F8032384F834302A48F9F796FE21
:10B5A0001E230546037304F1750227490D3019F077
:10B5B000DBF90D23A5F89E31D4E90823C5E96823FA
:10B5C0003068E16A03681B689847282200F10C0183
:10B5D00005F5D47019F033FAD8F8000085F8D07169
:10B5E000036829465B68984759E7022B18D1D5E9CB
:10B5F0000402D4E908139A4208BF88427FF4E3AEFC
:10B600000C4BE16A186803681B689847D0F8B8309B
:10B6100043F00103C0F8B8302046FBF7E2FBD2E666
:10B62000032BF9D0CFE60020CEE600BF706D0208F4
:10B63000301D0020141D002064090020DC4E02088B
:10B64000FE09002020110020119502082DE9F0418B
:10B650006B4D6C4BADF5207D04462AA82A9308F06B
:10B6600065FE6B6801932046FBF7CFFF94F83470BA
:10B67000002F40F0C180DFF89081D8F8141D91F8B8
:10B680004E31002B00F0BA80052384F834304FF49B
:10B69000B07248A818F02CFCBDF82E115B4A16AB0E
:10B6A0004CA8FEF793FCDDE91623C4E90823CDE995
:10B6B0000223489BE3623846F9F7B2FCA062544883
:10B6C0000DF0CEFB2646013046F8300F2AA808F0D0
:10B6D0002DFE3146042204F120062AA809F055F96E
:10B6E000314608222AA809F050F9042204F12C015D
:10B6F0002AA809F04AF904220DEB02012AA809F050
:10B7000044F9D8F8141D2AA8B1F82C2101F5977135
:10B7100009F03BF9B5F8982005F19A012AA804F13F
:10B72000350509F032F9294620222AA809F05FF9E7
:10B730002AA808F0FBFD314608222AA809F025F9BD
:10B74000294620222AA809F020F904F155031946B8
:10B7500020222AA81D4609F04AF92023ADF83230EC
:10B76000ADF810702B4604F175060DAD18685968D8
:10B770002A4603C20833B3421546F7D102A9204630
:10B78000FFF7FCFD012380F84E3105462148F9F70B
:10B790009DFD1E230373216B4FF47A730646B1FBA4
:10B7A000F3F20D3003FB12131B4919F0DDF80B23E4
:10B7B000A6F89E31D4E90823C6E96823174BE16A4D
:10B7C000186803681B689847282200F10C0106F5E9
:10B7D000D47019F034F9236BC6F8D031104B1868C7
:10B7E000036831465B6898472AA80CF069FF284631
:10B7F0000DF5207DBDE8F0810025F5E71D46F3E756
:10B8000064090020DC4E0208983D0020C06D02084B
:10B810003E420F00201100204C950208141D00200C
:10B82000301D00200C4B70B593F8A06A0025ECB2D7
:10B83000A64201D8002070BD20460EF005FE90F80B
:10B840003E3033B1036C23B12046BDE870400FF0A9
:10B8500085BA0135EBE700BF983D002038B50FF001
:10B860009FFA554C554D90B32879D4F87C11D4F8F3
:10B870008831D4F88021022875D00B2856D031B1F8
:10B88000B1F5E16F38BF4FF4E161C4F87C1122B12A
:10B89000B2F5E16F38BF4FF4E162C4F88021D4F80B
:10B8A000902123B1B3F5E16F38BF4FF4E163C4F8E1
:10B8B0008831D4F89831002A6ED1C4F890214FF421
:10B8C000E16213B1934238BF1346C4F89831FFF7D1
:10B8D000A9FFC0B12A79AB6E022A69D00B2A4AF6B9
:10B8E000C00218BF4FF4616213B1934238BF1346D0
:10B8F000AB66D5F8883023B1B3F5967F38BF4FF4E7
:10B900009673C5F888306B6923B1B3F5616F38BFA2
:10B910004FF461636B61D4F8283223B1B3F5615FF2
:10B9200038BF4FF46153C4F8283238BD4AF6C0001E
:10B9300091B952BBD4F8902123B14AF6C0018B4291
:10B9400038BF0B46C4F88831D4F8983152BBC4F8DC
:10B9500090214AF6C002B4E781422CBFC4F87C11A2
:10B96000C4F87C01E5E739B14AF6C00081422CBF3A
:10B97000C4F87C11C4F87C0122B14AF6C0018A42A5
:10B9800038BF0A46C4F88021D4E782422CBFC4F8ED
:10B990008021C4F88001CDE7B2F5E16F38BF4FF4E4
:10B9A000E1628AE74AF6C0018A4238BF0A46CEE71A
:10B9B0004AF6C00298E700BF983D002080030020AF
:10B9C0002DE9F0470B88DFF8D892013B99F8048005
:10B9D00099F8B8A1C8B006460C4617460A2B00F2E3
:10B9E0001E81DFE813F00B00F7001E016F017801E4
:10B9F0009E01500259021C011C01B202D9F8082014
:10BA0000CB6801259A4289F800500DD1D9F80C2055
:10BA10000B699A4208D10B7A434505D199F8105029
:10BA20000B7DED1A18BF01259E48602204F1080124
:10BA300018F05EFA99F81030042B0AD199F8043006
:10BA4000022B06D10023984989F810303046FCF7C4
:10BA5000F0F8237A434500F0BA80023B092B2AD83C
:10BA6000DFE803F00529297644699F618C3F0EF0D9
:10BA7000B7FC8E4B0022C3F88021C3F88821C3F89D
:10BA80009021C3F89821C3F82822C3F8642299F8BA
:10BA90000420022A22D00B2A4AF6C00218BF4FF413
:10BAA0006162C3F87C21052389F81030804B40F295
:10BAB0000112A3F8BA204FF0150AD9F81430B3F5E3
:10BAC000616F03D24FF46163C9F814302A465146BE
:10BAD000304648B0BDE8F047FCF746B84AF6C00229
:10BAE000DFE7724B734AC3F87C21DFE7704B40F20B
:10BAF0000112A3F8BA2099F80430022B10D00B2BB6
:10BB00004AF6C00318BF4FF46163684AC2F87C313B
:10BB1000012382F884314FF49673C2F88031CAE76A
:10BB20004AF6C003F1E7002389F86C304FF49673AE
:10BB3000C9F86830BFE75F4BC9F81430002289F8B4
:10BB40006C20C9F8683040F20932C9F878200EE05C
:10BB5000574B40F20112A3F8BA2099F80430022B97
:10BB600009D00B2B4AF6C00318BF4FF461634F4A4C
:10BB7000C2F87C319FE74AF6C003F8E74C4B40F22D
:10BB80000112A3F8BA20012289F86C20B422494B93
:10BB9000C9F8682014200F22C9E92102C9F814301D
:10BBA000D1E70022022389F86C20404A89F810303E
:10BBB0006FF00043C2E95F33C9F81430C9F8683048
:10BBC000C2F82832C2F88831C2F8983173E74FF0D2
:10BBD000010A72E7012389F8643099F89030012B4B
:10BBE00011D191F83030012B0DD099F86D3053B947
:10BBF0004D7B45B9304B1868FAF722F92A461121D6
:10BC00003046FBF7B1FF08340FCC2C4D0FC50FCCDD
:10BC10000FC594E8070085E80700FFF71FFE012520
:10BC20003BE0012589F8945099F8B42091F824302C
:10BC30009A421ED199F898200B7A9A4219D1D9F8D4
:10BC4000AC20CB699A4214D1D9F8B0200B6A9A4241
:10BC50000FD1D9F89C20CB689A420AD1D9F8A820F4
:10BC60008B699A4205D1D9F8A4504B69ED1A18BFD7
:10BC7000012504F1080CBCE80F00114F0FC7BCE808
:10BC80000F000FC79CE8030087E80300E368013B4F
:10BC90001C2B02D81E23C9F89C304FF0010A15E76F
:10BCA000800300208403002081950208983D002035
:10BCB0006409002080510100141D0020E8030020C9
:10BCC000180400200123C4220831A34889F8C03099
:10BCD00018F00EF9A3E7012389F88831D9F88C11FF
:10BCE000A26899F89C31914209D1D9F898516269BA
:10BCF000554015F0FF2502D1227E9A4208D0032B31
:10BD000005D0237E032B04BF002389F8EC310125E5
:10BD100008340FCC914F0FC794E8030087E8030065
:10BD2000BBE7DFF83CC2BCE80F0010AD0FC5BCE8B4
:10BD30000F000FC5BCE80F000FC59CE80F000834CA
:10BD400085E80F0099F8A9810FCC6D460FC50FCC7F
:10BD50000FC50FCC0FC594E80F0085E80F00012335
:10BD600089F8A4319DF80830019A043B042B84BF64
:10BD700005238DF80830D31FDBB2052B01D8FF2A2D
:10BD800001D90B230193774C9DF8105023681B7841
:10BD9000AB4224D0744B00E01C331A780AB19542B0
:10BDA000FAD15A69527B002A31D0704A92F8962013
:10BDB000002A2CD19B696E4AA02120A818F030FDE2
:10BDC00020A8FBF7A9F910AD0FCD6C460FC40FCD1D
:10BDD0000FC40FCD0FC495E80F0084E80F004FF09B
:10BDE000010A6846FCF722FC18B9002F46D08DF8EE
:10BDF00001806C460FCC5A4D0FC50FCC0FC50FCC30
:10BE00000FC594E80F0085E80F0000255EE6684640
:10BE1000FCF70CFC0028D6D0BAF1000F1DD055B3AA
:10BE200089F8B851FCF718FA25685249E86811F00A
:10BE3000CDFF10B101238DF83C304F4C4F49032208
:10BE4000204617F0B6FF28B9AB694C4A4C4920464A
:10BE500018F08AFD4FF0030AC3E7002DE0D0494BEC
:10BE6000186820B10368484A1B694849984701236C
:10BE70008DF81830D4E78DF81850D1E701216846C5
:10BE8000FCF7FEF9B5E7012389F8E831D1E90201B1
:10BE90003F4B83E80300C2E6344F3C48394DB022A3
:10BEA000083118F025F897F8963028686BB9BAF180
:10BEB000000F0AD0B9F81C820368B8F1200F3AD0FD
:10BEC000344A9B68A2F122019847B9F8FA21324915
:10BED0003248A7F8982018F00BF82A682D4B7932D1
:10BEE00003F1200153F8040B42F8040B8B42F9D103
:10BEF00099F8A63293B1B9F84032202B0ED0B9F898
:10BF00006232202B0AD0B9F88432202B06D00023CD
:10BF1000234989F8A6323046FBF78BFE99F8A82210
:10BF200094F8B6309A427FF47AAE99F8A75294F812
:10BF3000B5305D40B1E6174ADB68A2F122019847AF
:10BF40000028C2D0A9F8FA81BFE74FF0010A154DC9
:10BF500089F8AAA2083450E7440400200C05002008
:10BF600028050020B01B0020D469020864090020C5
:10BF7000B99502080000C8427C3E0020DA9502080C
:10BF8000DE95020818100020B60900207A0500206E
:10BF90006C0500209E0500207C050020FE09002085
:10BFA000E49502082C0600202DE9F04F4B89042B64
:10BFB000ADF66C1D05460E46144616D10846F9F737
:10BFC000ADFC0746307A0EF03FFA804620460DF071
:10BFD000CDFAD6F80090002840F0CA80B9F1000FE1
:10BFE00009D1874B93F8A632ABB1002738460DF63E
:10BFF0006C1DBDE8F08F834908F12A0018F0D4FCCD
:10C0000000287FD17E4B93F8A932002B73D0238870
:10C01000012B40F0B580238887F00107013BFFB278
:10C02000652B01F29681DFE813F0DB029409FD0035
:10C0300094095F01940904024F0694099409940934
:10C0400035059409940994091C069409AF049409D0
:10C0500094091D0188089409A508F90849094F09A0
:10C060009409940994099409F8029B048D03A80388
:10C0700094099409B406A307B107F5072808310805
:10C08000F70494090706C007D807E507940994093F
:10C0900094099409940994099409940994099409B8
:10C0A0009409940994099409110616060D07940938
:10C0B00054099409940994099409940994099409D8
:10C0C0009409940994099409940994099409940988
:10C0D0009409940994099409940994099409940978
:10C0E00094099409860594099409120526057B058F
:10C0F0009F0594092105324621212846F9F7EDFBD9
:10C10000286172E796F84E31002BF4D0DFF8F0800A
:10C11000B8F84022202A06D108F2422106F597708D
:10C1200017F015FE98B1B8F86222202A05D13649D9
:10C1300006F5977017F00BFE48B1B8F88422202A54
:10C140001BD1324906F5977017F001FEA8B9304BA4
:10C150001868036849461B68984748B190F8B030A2
:10C1600033B998F804300C2B02D0012380F8B0309A
:10C170003368002B7FF44BAF4DE732462521BCE7F7
:10C180000C2B06D8022B0ED9033B9BB240F2952212
:10C1900004E00E3B9BB21E2B05D81E4A22FA03F385
:10C1A000D8073FF538AF20460DF0E0F900287FF4BE
:10C1B00032AF04F5C97818480822414605F12D0927
:10C1C000FEF711F9082249461448FEF70CF9AA6B4C
:10C1D000134B02F596721B684FF47A71B3FBF1F3BF
:10C1E0009A420AD9B4F89021082A06D14946404615
:10C1F00017F0ADFD00283FF40EAF324624217CE756
:10C20000800300202A960208E4050020060600208C
:10C21000141D0020250000403096020847960208B1
:10C220007803002096F8FA30E3B14FF4D072002181
:10C2300038A817F0B6FDB3496A223AA817F058FE9D
:10C24000042338A92846ADF8E030FEF7FDF838A9F8
:10C250002846FFF748F896F84E31286113B10123BC
:10C2600080F84E3100270DF1180900210DF1E0088A
:10C27000AA46C9F800104FF4D072404617F091FD5D
:10C28000CDE91D485AF8204FCDF87C90544507D091
:10C29000A06803681DA99B689847002801F08E805C
:10C2A000D9F80030022B08D141462846FEF7CCF8D9
:10C2B00041462846FFF717F8286196F8FA3033B15F
:10C2C000296921B932462846F9F707FB286196F813
:10C2D0004E31002B3FF48AAE2B69002B3FF486AE23
:10C2E000012283F84E2181E64FF4D072002138A854
:10C2F000277A17F056FD96F8FA30002BB2D00A2FA5
:10C3000020D8DFE807F0060F2132484F636D7377BE
:10C31000790001237C49ADF8E83060223CA817F091
:10C32000E7FD0FE0DFF8E4C10223ADF8E830BCE838
:10C330000F003CAF0FC7BCE80F000FC79CE8070019
:10C3400087E8070006237CE7DFF8C4C10323ADF8C4
:10C35000E830BCE80F003CAF0FC7BCE80F000FC7C8
:10C360009CE8030087E80300ECE76A490423C42241
:10C370003CA8ADF8E83017F0BBFD67490DF58970B2
:10C3800011F066FD0028DDD1644941220DF5897068
:10C3900018F055FBD6E70523DFF884C1ADF8E83087
:10C3A0003CAFDAE7DFF87CC10623ADF8E830BCE843
:10C3B0000F003CAF0FC7BCE80F000FC7BCE80F0071
:10C3C0000FC79CE80F0087E80F00BBE7564A92E8CA
:10C3D00003000723ADF8E8303CAB83E80300B1E786
:10C3E00008235249ADF8E830B02297E70923ADF8A9
:10C3F000E830A7E70A23FAE7DFF834C10B23ADF8EA
:10C40000E830BCE80F003CAF0FC7BCE80F000FC717
:10C410009CE80F0087E80F0096F84E71002F91D12D
:10C42000202239460DF1F20017F0BBFCADF8F07098
:10C4300088E74FF4D072002138A8277A17F0B1FCB2
:10C4400096F8FA30002B3FF40DAF0E2F3AD8DFE804
:10C4500007F008111F2D3B444E7F8F95A29BAEB76E
:10C46000BD0001233349ADF8E830D4223BA817F0D2
:10C470003FFD27E00223DFF8C0C0ADF8E8303BAF56
:10C48000BCE80F000FC79CE8030087E8030019E031
:10C490000323DFF8A8C0ADF8E8303BAFBCE80F00DD
:10C4A0000FC79CE8070087E807000BE00423DFF8CC
:10C4B00090C0ADF8E8303BAFBCE80F000FC7DCF828
:10C4C00000303B600823BCE605231E4AADF8E83087
:10C4D0003BAB07CA83E80700F4E70623DFF868C030
:10C4E000ADF8E8303BAFBCE80F000FC7E4E7DFF87A
:10C4F0005CC00723ADF8E830BCE80F003BAF0FC7C6
:10C50000BEE700BFB609002084030020E803002036
:10C5100018040020440400205E96020866040020EF
:10C520000C050020280500206C0500207A0500205D
:10C530002C060020D83D0020B03E0020CC3E00203C
:10C54000EC3E0020043F0020143F00203C3F002030
:10C550000823ADF8E830BD4BD3F8D101B3F8D521AD
:10C5600093F8D7313B90ADF8F0208DF8F230A9E781
:10C570000923B749ADF8E830482277E70A23ADF838
:10C58000E830B44A3BABA4E70C23DFF8CCC2ADF8EB
:10C59000E8303BAFA7E70B23ADF8E830AB4BD3F85F
:10C5A000310293F835323B908DF8F0308AE70D2355
:10C5B000ADF8E830A94B0FCB3BAF87E80F0081E720
:10C5C0000E23A749ADF8E83050224FE7DFF894C2B8
:10C5D0000F23ADF8E830BCE80F003BAF0FC75DE7B5
:10C5E000A768013F072F03D93246202100F010BE73
:10C5F00096F8FA30002B3FF435AE4FF4D07200219C
:10C6000038A817F0CEFBF8B20DF01EFF4C22014601
:10C610003AA817F06DFC022313E694F81880B8F1DD
:10C62000000F0DD004F1170717F8010F0028DBD019
:10C6300018F092F90028F7D194F840301BB910E0B7
:10C6400094F84070CFB104F13F0919F8010F0028A8
:10C65000CAD018F081F907460028F6D1B8F1000FCA
:10C660000BD004F1180841467F4811F0F1FB282255
:10C67000074641467C4818F0E2F994F840305BB137
:10C6800004F140084146794811F0E2FB05220743D6
:10C690004146764818F0D3F9DFF8D481754AD8F8C6
:10C6A0000430102108F1520018F0BAF894F84C3018
:10C6B00098F896209A422BD088F896300DF0F0FE2C
:10C6C00070B998F8BA2094F87030934231D19BB188
:10C6D00094F8712098F8BB309A420DD001232AE0DB
:10C6E00065492846FBF7A5FA98F8BA2094F8703007
:10C6F0009A421ED1002AEBD195F82C0080F001005F
:10C700000CF094FF012214212846FBF72DFAA9E52D
:10C7100098F8BA2094F870309A420AD12AB198F861
:10C72000BB2094F871309A42D8D1002F3FF49AADD3
:10C73000E2E7002AD2D188F8BA3094F8713088F84C
:10C74000BB30D9E72389062B06D03A4604F108010D
:10C750002846FFF735F985E594F820300D2BF4D104
:10C760003A4BD3F8F40200283FF43EAF0368DB688D
:10C77000984700283FF438AFE7E795F82C302BB9FD
:10C780000223208901221946FDF792FE2389013BED
:10C790000C2B3CD801A252F823F000BFE9C50008D9
:10C7A000D1C70008F1C7000815C8000833C8000841
:10C7B0007DC80008A5C80008BDC80008D9C8000881
:10C7C000F1C8000833C900081BC9000849C900089E
:10C7D0001E4F012387F8143104F10C0C07F58C77F8
:10C7E000BCE80F000FC79CE8030087E803000EE0D9
:10C7F000164F012387F8303104F10C0CBCE80F0010
:10C8000007F59A770FC79CE8070087E80700012221
:10C81000022179E70D4F012387F8503104F10C0C08
:10C8200007F5AA77BCE80F000FC7DCF800303B60C3
:10C83000EDE7064B012283F8682104F10C0207CAD8
:10C8400003F5B67383E80700E1E700BF983D0020D9
:10C85000723F0020BC3F0020D03F0020F83F002066
:10C86000094000205C400020C6090020EE0900209D
:10C87000640900201991020865960208AF4F012350
:10C8800087F8783104F10C0CBCE80F0007F5BE778F
:10C890000FC7BCE80F000FC7DCF800303B60FEF7A5
:10C8A000DDFFB4E7A54F012387F8A03104F10C0C9C
:10C8B000BCE80F0007F5D2770FC791E79F4B012225
:10C8C00083F8D021E068C3F8D101218AA27C83F8E3
:10C8D000D721A3F8D5119AE79848012380F8D831D9
:10C8E000482204F10C0100F5ED7017F001FB8EE712
:10C8F000924B012283F8222204F10C0207CA03F5AD
:10C90000097787E80700D3F82822B2F5615F3CBFBA
:10C9100045F26042C3F82822C1E7884F012387F817
:10C92000363204F10C0CBCE80F0007F50E770FC788
:10C9300078E7824B012283F83022E068C3F83102A5
:10C94000227C83F8352262E77C4F012387F85C3232
:10C9500004F10C030FCB07F5187787E80F0056E7B3
:10C96000237A072B3FF640AE04F108000DF07AFD64
:10C970000DF096FD18B172492846FBF75AF90EF0F2
:10C980008DF900220821BFE6237A04F1080904F199
:10C9900018084BB1E71D17F8010F00283FF462ACEF
:10C9A00017F0DAFF0028F6D1237E53B104F1170700
:10C9B00017F8010F00283FF455AC17F0CDFF002801
:10C9C000F6D1282249465F4818F039F805225E481A
:10C9D000414618F034F85D4B012283F896205C4BF9
:10C9E00083F8C421226983F8C1216269C3F8C82190
:10C9F0004FF416725A6102221A740DF051FD18B1EB
:10CA00004F492846FBF715F90EF048F900200CF0C5
:10CA10000DFE01221D2177E64FF4D072002138A8C7
:10CA200017F0BFF92D234B49ADF8E0308C223AA81E
:10CA300017F05EFA38A92846FEF755FC96F84E31F5
:10CA4000286113B1012380F84E3101270BE4A2685D
:10CA5000002AA1BF404B1B684FF47A7101FB0233DF
:10CA6000B8BF0023354A9363FFF7FCBB3A4B1B6802
:10CA700003F57A73F6E7A268002AA1BF364B1B685C
:10CA80004FF47A7101FB0233344AB8BF00231360BC
:10CA9000FFF7E8BB4FF4D072002138A817F081F9F6
:10CAA0002F4912221DA817F0CAFF18210023CDE933
:10CAB0002213274B1A799B6F259348238DF89830C2
:10CAC0001E4B8DF8902093F8DA318DF899304FF0A5
:10CAD00001084FF4575327938DF89A801DAF0FCF5D
:10CAE0000DF1E80CACE80F000FCFACE80F0097E8B1
:10CAF00007000D238CE8070038A92846ADF8E03080
:10CB0000FDF7A2FC38A92846FEF7EDFB96F84E315A
:10CB10002861002B3FF4A6AB80F84E81FFF7A2BB43
:10CB20000021104B1868F9F72FFA0B4B1B6803F51F
:10CB3000DA53183396E70121F3E700BF983D002050
:10CB400065960208C6090020EE090020640900204D
:10CB50008003002038010020780300207C0300209F
:10CB60000D900208141D0020AB4BAC4A1F6892F8D0
:10CB70006D301279022A4FF001082FD153B3A7F874
:10CB80001C80DFF89C824FF000097868D0E9002310
:10CB90009B1A9B1008FB03F399453AD3A14B002243
:10CBA00083F8202283F88A230FF030F90FF04EF932
:10CBB0009D4AD2F81C3D3BB192F8241221B1D3E931
:10CBC0001B10814218BF1967984B1B6803F5DA5395
:10CBD000183348E73846F9F733F9D0E794F8089066
:10CBE00013B93846F9F72CF9A7F81C80B9F1000FF2
:10CBF000C7D18F4B5F68D3F808804946BC37BC2249
:10CC000038A817F0CEF838AA41463846FBF7D8F9CD
:10CC1000C4E74946F9F7DFFAB9F1000F08D090F8F8
:10CC2000B01029B9BC2217F0BCF809F10109ACE732
:10CC3000BB8B0133BB83F8E7012300937D4A7E4819
:10CC400004F10803CC210DF029FEFEE6012385F84E
:10CC50002C30FFF707BB002385F82C3001221F2161
:10CC600052E54FF4D072002138A817F09AF86422E8
:10CC700000211DA817F095F8704B714A1B689A1A8D
:10CC8000534253414FF4E13234921DA964220127EB
:10CC90003AA88DF8D4308DF8CC7017F029F911230B
:10CCA00038A92846ADF8E030FDF7CEFB38A9284674
:10CCB000FEF719FB96F84E312861002B3FF4D2AAFB
:10CCC00080F84E71FFF7CEBA002F3FF4CBAA23892C
:10CCD000082B7FF4C7AA237B002B3FF4C3AAE38968
:10CCE000002B3FF4BFAADFF83CA1BAF8EC34039361
:10CCF00000224FF0180B039B9A42BFF6B3AA0BFB1E
:10CD000002A3D3F8F014002940D093F8F434002B98
:10CD10003CD0002734E007EB071EA6440EF1100CB0
:10CD20000DF1E0080EF1200EDCF80000DCF8041034
:10CD3000C146A9E803000CF1080CF445C846F3D13C
:10CD40009CF8001089F8001003998B4216DA0BFB4F
:10CD500003A33168C3F8F0140DF1E00E03F2F543BC
:10CD6000F446BCE8030059603CA98C451860E646CF
:10CD700003F10803F4D19CF8001019700137FFB2D9
:10CD8000E189BB188F42DBB2C5DB1A460132D2B251
:10CD9000B1E7214B0027D3F80090A3680393BA466C
:10CDA000BB46B9F81C309F4217DB2149A3EB0A03AD
:10CDB0004F689BB2BC2202FB03770021A9F81C300C
:10CDC00038A816F0EEFF38AA07F1BC013846FBF789
:10CDD000F7F80FF01BF8FFF745BAD9F804200592D1
:10CDE00010463946F9F7F7F9039A03689A428046E4
:10CDF0000FD0059A0BF10103594610460493F9F739
:10CE0000EAF9BC22414617F073F8049B9B460137B0
:10CE1000C7E70AF1010AFAE7141D00208003002089
:10CE2000CF467D6764090020983D002078030020EC
:10CE3000181D002070610208B6960208CC1B002065
:10CE4000D01C0020C04B742204F1080138A8D3F88C
:10CE5000008017F04DF8DDF8E0A040465146F9F7A4
:10CE6000C1FA074600283FF4FDA99DF8E430002BE5
:10CE70003FF4F8A9D0F8B89019F0010F11D09DF83F
:10CE8000513173B9838FBDF82C219A427FF4EAA9FE
:10CE900000F13E010DF5977016F059FF00287FF460
:10CEA000E1A9C7F800A04FF0010A6A220DF1E601DE
:10CEB00087F804A01DA817F01BF8282221A90DF15E
:10CEC0001E0017F0BCFD05222BA90DF1460017F03E
:10CED000B6FDDDF8B100BDF8B53006900DF1BC0E21
:10CEE000ADF81C30BEE80F000DF1500CACE80F009F
:10CEF0009EE80F008CE80F002E9B9DF8B7B01393AF
:10CF00005A22BDF8DC308DF84BB006A9B81DADF83B
:10CF1000703016F0EDFF9DF8500178B100214FF40C
:10CF20008073A7F8B03087F8801087F86010B98751
:10CF3000202207F13E0016F034FF4AE7834B1B79AD
:10CF40000C2B12D1F8F76CF8F8679DF851311BB132
:10CF500049F00103C7F8B8304046C8F80C70F9F73B
:10CF6000E3F940460FF054FC33E787F8B0A0ECE754
:10CF7000754BA168186803681B68984700283FF440
:10CF800071A9012380F8B03000220BE06E4BA1683C
:10CF9000186803681B68984700283FF463A90022BB
:10CFA00080F8B0201021FFF7AFBB674BA16818686D
:10CFB00003681B68984700283FF454A90027012301
:10CFC00080F8B13080F8807080F860708787202208
:10CFD00039463E3016F0E5FED6E75B4BA16818688F
:10CFE00003681B68984700283FF43CA9002280F89A
:10CFF000B120D7E7544BA168186803681B689847AD
:10D0000000283FF42FA9D0F8B83083F00203C0F80D
:10D01000B830B9E7DFF830814D4AD8F800005168E0
:10D0200003681B6898474FF0010E80F860E0E768DE
:10D030006169E26994F824C03A92CDE9387100231D
:10D040003C93236A8DF8F0C03B9338AF00F1640C39
:10D050000FCFACE80F003B68CCF80030E3686269A2
:10D0600013431CBFD8F8003083F821E0374B00226F
:10D0700083F86DE01121FFF747BB334B1868F8F7D1
:10D08000DFFE324B002283F86D20F3E7A068314BBE
:10D09000314A324F116898420DD8D7F8201D1368D5
:10D0A0005B1A43F697218B427FF6DCA81368C7F81A
:10D0B000203DFFF7D7B82A4B98424FF0000CECD830
:10D0C000DFF8A08098F80090B9F1020F15D9136825
:10D0D000D7F8242D9B1A244A9342FFF4C3A80323B4
:10D0E00088F80030214BC7F8241D1960204BC3E994
:10D0F000000C0FF0E2FAFFF7B5B8032388F8003010
:10D100001A4BC7F8241D1960194BC3E9000C0FF026
:10D11000D4FA98F80030B9F1000F7FF4A3A8002BDF
:10D120003FF4A0A8D7F80C0D00283FF49BA849466F
:10D130002030F7F769FFFFF795B804F108000DF00C
:10D14000C4FBFFF78FB800BF141D00208003002030
:10D1500064090020FF77E16978030020983D0020F2
:10D16000008411B5C81B0020002E9302BC1B0020B8
:10D17000C01B0020934B94F808801A68924B1B68E0
:10D180009A62B8F1000F7FF42FAA40F68802414658
:10D1900038A816F006FE1823414601203893F7F709
:10D1A00053FF0127894939904FF438723CA88DF814
:10D1B000E87016F09DFE86498DF8D0734FF42E72FC
:10D1C000F5A816F095FE83498DF88C764FF41A7207
:10D1D0000DF5D26016F08CFE7F498DF8F8786A2242
:10D1E0000DF6FA0016F084FE7C4938AA1DA80EF050
:10D1F00003FB7B480EF034FD784A1D99794800976F
:10D2000038AB0DF04BFB00283FF4EEA93246414607
:10D210002846F8F762FB2861FFF724B894F80880E5
:10D22000B8F1000F7FF4E0A96E480DF0FBFA00287A
:10D230003FF4DAA938AB40F688024146184616F0AA
:10D24000B0FD664B009040F6880266484FF41861C6
:10D250000EF090F800283FF4C7A9634F5B484FF4E5
:10D2600038723CA916F044FE4FF42E72F5A907F16E
:10D270003C0016F03DFE6A220DF6FA01564816F003
:10D2800037FE4FF41A720DF5D26107F52A6016F0D9
:10D290002FFE0F200EF072FE00283FF4A5A93246A3
:10D2A00041462846F8F719FB464B28611B6803F5F1
:10D2B000742303F51073BB63FEF7D4BF237A002BEE
:10D2C0007EF4D0AF47483AE711200DF0BBFAFEF7E5
:10D2D000C9BF454B94F80880D3F8287D002F3EF451
:10D2E000C1AFB8F1000F11D07B6D002B3EF4BAAF87
:10D2F00007F1580840460EF04FFE38220021404604
:10D3000016F04FFD00237B65FEF7ACBF3822414687
:10D3100007F1580016F045FDC7F854803348F7F779
:10D32000D5FF074600283EF49DAF14230373414602
:10D330000220F7F789FE2E49B86007F10D0016F0BC
:10D34000CFFD2C4B1868036839465B689847FEF799
:10D3500089BFDFF894904FF4D072002138A816F0FE
:10D3600020FDD9F8103D002B3EF47CAFD3F80080AF
:10D370000027D9F8103D5B6843450BD1022F7EF49E
:10D3800071AF38A92846FDF75FF838A92846FDF7A0
:10D39000AAFF40E758F8040B03682246D3F824A0FC
:10D3A000314638ABD047022804D0022F04D00128E0
:10D3B00018BF38460746DCE73846FBE72468FEF727
:10D3C00065BF00BF78030020141D002080030020EB
:10D3D000D43D002038480020B6090020D86D02084E
:10D3E000CC960208D5960208983D00202011002016
:10D3F000EB960208301D002000207047134B30B41C
:10D400000C4611461A19012C82F82C1D104A156879
:10D4100003EB8402C2F8305D09D0022C0DD0406EBF
:10D4200090B193F840312BB981F0010102E093F8FB
:10D43000440148B130BC0BF063BE93F8450118B10C
:10D4400093F84331002BF5D030BC7047983D002055
:10D4500078030020F8B500250B4F04462E46E9B2AC
:10D46000002220460135FFF7C9FF032D47F8046B62
:10D47000F5D1002104F11800F7F7C6FD4FF0FF3396
:10D4800084F86C60A366F8BDC84A0020A0F11800BB
:10D4900011F0DABA08B5836E013303D0FFF7DAFF73
:10D4A000012008BD0020FCE72DE9F74FA94F97F8B0
:10D4B000344182460D46002C76D090F86D30002B1A
:10D4C00072D10846F8F72AFA064600286CD16FF0A8
:10D4D0000E00E98905F10F03401BC218914225D8BF
:10D4E0004FF000089C4B2968186803681B68984730
:10D4F0008146287A08B9994B18780CF0A5FF6D6819
:10D5000090F83E3090F84410019328460091F8F7C7
:10D5100012FBDDE90013024670B99148406885426C
:10D520000AD1B9F1000F2CD1A3460CE013F8012F5A
:10D53000072AD2D1A046D5E7002B1A460EBF9B463C
:10D540004FF0000B0A46874B97F8421193F85D9015
:10D5500071B3B8F1000F40F0918097F84131ABB151
:10D5600097F84831002A38D0002B40F0E78009F0C6
:10D57000FD03012B13D097F8493183B100252B46C9
:10D58000FEE0D9F8B820C2F34002CDE797F8464153
:10D59000002C40F01281B9F1010F40F041810021CF
:10D5A0000AF11800F7F730FD002003B0BDE8F08F56
:10D5B00097F8410197F84831002800F08480002A4C
:10D5C0004FD0002BD3D0B8F1000F00F0B780B9F1E5
:10D5D000010F40F019810C468BE0002B40F09F803A
:10D5E00009F0FD03012B97F8465106D097F8493111
:10D5F000002B40F0C58097F847615B4B1A68B7F87D
:10D600004A31002B00F0F3804FF47A714B431344FE
:10D610000122CAF868308AF86C201CB100215046FB
:10D62000FFF7ECFE25B1012211465046FFF7E6FE5A
:10D63000002EB4D0B9F1040F05D1BBF1000F02D117
:10D64000B8F1000FABD097F84C31002BA7D197F869
:10D650004331002BA3D1012202215046FFF7CEFE19
:10D660009DE7002BBCD0B8F1000F58D0B9F1010FE5
:10D6700040F0EE80444645461646BEE797F848110E
:10D6800061B997F84631002B40F08A80B9F1010F5B
:10D6900040F0CC8044461E463546AEE709F0FD0317
:10D6A000012B00F0998097F84961002E40F092809C
:10D6B00097F84761002E00F08F8082F00102344617
:10D6C0003546D6B299E763B997F84651002D4DD14A
:10D6D000B9F1010F3FF463AFB9F1030F3FF45FAF4E
:10D6E0004BE0B8F1000F06D0B9F1010F40F0828095
:10D6F0000446454652E097F8465129F0020325B901
:10D70000012B3FF44CAF434637E082F00105012B7B
:10D71000EDB2F8D1002D3FF442AF00246DE797F849
:10D72000463129F0020123B90129B4D01D46234610
:10D7300023E00125A94220D11C465EE797F8465117
:10D7400029F00203002DDBD0012B3FF428AF434624
:10D75000454612E0983D0020141D0020001D0020C9
:10D7600064090020800300207803002009F0FD01F7
:10D7700082F001050129EDB2CCD097F84911D1B161
:10D780001C46B8F1000F2DD197F84731F3B1FAB12B
:10D79000002C7FF432AF002D3FF401AF26462CE77A
:10D7A00009F0FD0082F001050128EDB217D097F8CD
:10D7B0004941002CF2D11C46E6E709F0FD0382F056
:10D7C0000105012BEDB2A5D04446DDE7002CE2D0E7
:10D7D0001E4612E734465FE70C460D460DE71C4631
:10D7E0000E460AE7464608E72546264695E7D7F857
:10D7F00038310CE7B9F1030F3FF47AAF97F849419C
:10D80000002CF1D14546BFE7B9F1030F3FF4E3AE79
:10D8100097F84941002CF5D0254626460C46ECE603
:10D82000B9F1030F3FF4BBAE2546ADE71D46B9F194
:10D83000030F3FF4E2AE97F84931002BA0D197F8DF
:10D840004761002E3FF4D9AE82F00102344638E73A
:10D850004546ECE72DE9F047ADF56A7D9CAD9DF8B6
:10D86000C8A34E4E2E6004468946984601460023C2
:10D870009EA817466B600BF021FBBAF1000F02D196
:10D8800020460DF022F8214654A80BF017FB44491E
:10D8900054A80BF069FB54990122A1A80DF051FD89
:10D8A00054A80BF0E6FA3F4B85F834A10024394622
:10D8B000424607A8CDE90735CDE90A4485F8354148
:10D8C000CDF8249004F0A2FDEB6A0746A3B1A1A80D
:10D8D00003F0D2FA9EA90CA80BF011FB30490CA85A
:10D8E0000BF042FB0C99224654A80DF02AFD5A9BDE
:10D8F0006BB90CA80BF0BDFA9EA82E600BF0B9FA1C
:10D9000038460DF56A7DBDE8F0875C40E4B254A866
:10D9100003F061FB031EF8DA54A803F0ADFA95F8A2
:10D920003531A342E5D10CA80BF0A3FA9EA96846B5
:10D930000BF0E5FA1A4968460BF016FB009CD5F887
:10D940000880002221460CA80DF0FBFC129BBBB105
:10D950000122414654A80DF0F4FC5A9B83B10CA857
:10D9600000F0DFF800280DDC54A803F07DFA54A87D
:10D9700003F082FA0CA803F07FFA20460CF0A5FF12
:10D980006846B7E703A910220CA803F016FB03A909
:10D99000C2B254A803F07EFCE1E700BFF86D0208B4
:10D9A00009970208196D00084B6A032B01BF034B4E
:10D9B0001B68B3F85030838300207047D84A00209A
:10D9C000826930B404695510034604EB6200D20743
:10D9D00048BF62595B6930BC48BFD358184790F8BC
:10D9E000340018B191F8290180F0010070474B6AAA
:10D9F000032B01BF034B1B68B3F850308383002017
:10DA0000704700BFD84A002000207047B0F872006D
:10DA10008A89131A584258417047054BD0F880261E
:10DA20001B6804489B1A83428CBF0020012070476A
:10DA3000780300209FBB0D004B6A012B03D0042B01
:10DA400024D0002070471B4B1B6893F8591093F8A3
:10DA50005020012903D093F85A1001290CD101213B
:10DA60008A4280F87D1003D193F85830632BE8D9AF
:10DA7000022380F87D30E4E7012A03D193F858307F
:10DA8000052B01D90023F4E70323F2E70A4B5B6877
:10DA90001B6D012B03D0022B07D0002BD1D180F8B6
:10DAA0007E30064B1B680367CBE790F87E20022A86
:10DAB000C7D0F4E7E01C0020D84A002078030020FB
:10DAC000826930B404695510034604EB6200D20742
:10DAD00048BF62595B6930BC48BFD3581847002023
:10DAE0007047054A90F85930117A181E18BF012066
:10DAF000994218BF13727047D84A002020307047EF
:10DB00001830704700207047704707B503688DF8DC
:10DB100007105B6801220DF10701984703B05DF81B
:10DB200004FB037D53B983691A6A5869DB699B0357
:10DB300002D5904238BF1046801A704700207047C7
:10DB400003681A6AC36AD31A1944B1FBF2F302FBE1
:10DB50001311036B8B4210B50AD94C09C06B01F04D
:10DB60001F0150F8243001228A40134340F824302A
:10DB7000002010BD0368013304D04068431C5842A4
:10DB8000584170470120704710B50B6804689C42EB
:10DB900009D040684968884205D08C4203D0181AE1
:10DBA00018BF012010BD0020FCE770B50C4D0A44E1
:10DBB000914200D170BD066811F8013B83EA06046A
:10DBC00004F00F0455F8244084EA161484EA131371
:10DBD00003F00F0355F8233083EA14130360E7E7DB
:10DBE000EC71020882B00023054A0193019B934225
:10DBF00001DB02B07047019B01330193F6E700BFE0
:10DC000080EE3600028BC08A101A7047C28A018BE0
:10DC1000914288BF0169034683BF885C0132DA8282
:10DC20004FF0FF307047028BC38A9A4286BF026969
:10DC3000D05C4FF0FF307047836841600B44C36095
:10DC40007047037D13B1C068401A70476FF0004001
:10DC50007047F0B5056802892B8A9A4267D22A6814
:10DC600041898B0052F8211001F00307C1F307240A
:10DC7000012F8475C1F385061ED0022F28D0002FF6
:10DC800032D1C1F30363C1F307470A0F4FF0010C10
:10DC900042824268A0F814C006825ABB82610262C6
:10DCA00004F00E04082C05BFC2896B68002353F8EA
:10DCB000223043620120F0BD1A44C1F30B4C52687C
:10DCC000130F46EA831697B20B0FC2F30B42DFE73E
:10DCD0001A44D2E901374FEA114C190A46EA811178
:10DCE00092898EB25BB2D3E71A44D2E90137B2F817
:10DCF00010C0F2E73A44826104F0C00123B1D31AA4
:10DD00008029036209D10FE004F03006202EF7D1FC
:10DD10003F2C04D800F114030362C261C0E78029DC
:10DD2000FAD100F1140303621368C361B8E700205D
:10DD3000C1E70389016801330A8A9BB29A4210B590
:10DD4000038103D80023C0E9023310BD0B68428968
:10DD500053F8221001240B0A01F0030104FA01F127
:10DD60000A444281828903F03001002908BF013250
:10DD70008281C28903F00E03082B08BF0132C281E1
:10DD8000E3E710B50446FFF7D4FFFFF762FF2089F1
:10DD9000003818BF012010BDF8B5038A8B42044635
:10DDA0000D4601D10120F8BD0668B28A8A4216D319
:10DDB0008B4288BF338A078988BF03812046FFF7DB
:10DDC000B8FF6289336853F8223085EA93039B06D3
:10DDD00007D02389BB42F1D12046FFF73AFF00204C
:10DDE000E1E7FFF736FF238AAB42F2D1A37D03F0D0
:10DDF0000F030A2BEDD0D5E70B461146528A082AAD
:10DE000010B40ED1CA6962B128B114681CB10432D1
:10DE1000234610BC184723B1146814B104321846C5
:10DE2000F6E7012010BC704730B5044685B01546B2
:10DE300072B3A9B90268184B9A4211D0102D06D8B6
:10DE40002A4669462046FFF7EFFF05B030BD102295
:10DE500069462046FFF7E8FF0028F6D0103DEDE7C1
:10DE6000A368AB4207D2E3680C4A002B08BF1346F5
:10DE7000E3600020E9E723682A462046984710B966
:10DE8000E368074AF1E7A368AB4203D20023A3602B
:10DE90000120DAE75B1BFAE7F9EA0008A997020814
:10DEA000B7970208836810B504463BB9C368094AAE
:10DEB000002B08BF1346E360002010BD0368012259
:10DEC000984710B9E368044AF2E7A368013BA360EE
:10DED000F3E700BFA9970208B79702082DE9F341BD
:10DEE0000E460DF1070105461446FFF7DBFF074616
:10DEF00058B9AB6823B10027384602B0BDE8F081BD
:10DF0000002CF8D001232370F5E79DF907309DF828
:10DF10000740002B32DA04F07F044FF007080DF1C0
:10DF200007012846FFF7BEFF0028E4D0B8F11F0F15
:10DF30009DF8073024D9B8F13E0F03F07F0207D8CF
:10DF4000C2B1002C0CDAFF2B0AD108F10708E6E772
:10DF50006AB1002C04DA012B02D1B8F13F0F0DD0C9
:10DF6000EB68114A002B08BF1346EB60C3E7B8F11A
:10DF70003F0FF5D11B0608F10708D0D43460BBE78A
:10DF8000B8F11C0F09D113F0700F03D003F0780221
:10DF9000782AE5D144EA0374ECE703F07F0202FA41
:10DFA00008F21443E6E700BFC09702082DE9F341E9
:10DFB000002607468846354634460DF107013846A7
:10DFC000FFF770FF58B13F2C9DF8071010D10129C1
:10DFD00009D9FB68114A002B08BF1346FB600020DB
:10DFE00002B0BDE8F08145EAC175C8E90065F7E710
:10DFF00001F07F02A4F12003C4F1200C02FA03F324
:10E0000022FA0CFC43EA0C03A2401D430B0646EA2D
:10E01000020604F10704D0D4E7E700BFC097020866
:10E0200037B515461A46002313700C460B702B604B
:10E0300001A9FFF753FF28B1019BDA0803F007039A
:10E040002A60237003B030BD13B50446052921D8DA
:10E05000DFE801F0030F1620201E012201A920464F
:10E06000FFF7E2FE18B19DF90430002BF5DB02B09A
:10E0700010BD08220021204602B0BDE81040D3E6C2
:10E08000002201A9FFF72AFF0028F0D0019AF1E74A
:10E090000422EFE7C368034A002B08BF1346C3609E
:10E0A0000020E4E7D097020873B500220D4601A9CD
:10E0B0000446FFF713FF064660B194E80F0085E8B9
:10E0C0000F0001998A4209D2E368074A002B08BF72
:10E0D0001346E3600026304602B070BDA960A36815
:10E0E0005B1AA360F7E700BFE29702088A6838B5B9
:10E0F00005460C462AB963686B60E368EB60012053
:10E1000038BD00212046FFF78FFE0028F3D1F7E746
:10E1100010B5034B036004460EF00AFB204610BD09
:10E120003472020810B5034B036004460EF000FB86
:10E13000204610BD4872020810B5034B0360044628
:10E140000EF0F6FA204610BD5C72020810B50446C7
:10E15000FFF7DEFF204615F0BBFF204610BD10B5CF
:10E160000446FFF7DFFF204615F0B2FF204610BD42
:10E1700010B50446FFF7E0FF204615F0A9FF204642
:10E1800010BD10B5044615F0A3FF204610BD10B514
:10E19000044615F09DFF204610BDA0F1200010F0B0
:10E1A000BBBC1346064A10B552685A600C46054A75
:10E1B000E92104F11000FBF781F8E08110BD00BFF8
:10E1C000640900206872020873B506460C461546BD
:10E1D000CAB19389012B06D1136923B95069002173
:10E1E0000FF0EAFD60B96389042B09D1216839B1C8
:10E1F000D4F81C310093D5E9012330460DF075FDAC
:10E20000002002B070BD4FF0FF312046F7F7DCFE72
:10E2100003460028F4D12268D4F81C11009111465D
:10E22000EBE710B5074B044640F8503BFFF784FF7F
:10E2300004F13400FFF780FF20460EF057FA204625
:10E2400010BD00BF8872020810B50446FFF7E9FF51
:10E25000204615F03DFF204610BD0C4B10B5036065
:10E260003C3304460362C06E08B115F031FF04F17F
:10E270005000FFF757FF04F120000EF037FA044B6F
:10E2800023602046F9F78CFC204610BDB0720208CE
:10E2900014730208A0F12000DFE710B50446FFF771
:10E2A000DCFF204615F014FF204610BDA0F1200031
:10E2B000F3E710B5034B03600446F9F771FC204601
:10E2C00010BD00BF4C73020810B50446FFF7F1FF04
:10E2D000204615F0FDFE204610BD38B50B4D05F566
:10E2E000CC73036005F5E673044603635030FFF713
:10E2F0000FFF204605F5017540F8305FF9F750FC37
:10E3000020460EF0F3F9204638BD00BFEC7102083C
:10E31000A0F13000E1E710B50446FFF7DEFF20462C
:10E3200015F0D6FE204610BDA0F13000F3E770B521
:10E330000546084B0360044655F8180FA84204D15F
:10E340002046F9F72DFC204670BD066815F0C0FE8A
:10E350003046F3E72874020810B50446FFF7E7FFDC
:10E36000204615F0B5FE204610BD70B50546084B99
:10E370000360044655F8180FA84204D12046F9F767
:10E380000FFC204670BD066815F0A2FE3046F3E78C
:10E390005874020810B50446FFF7E7FF204615F051
:10E3A00097FE204610BD30B54B89042BADB0054615
:10E3B0000C4618D18A89838A9A4214D1B02200214E
:10E3C000684615F0EEFCAA69E1896B4604F110007D
:10E3D000FBF7FCFD48B16A462B6821469B6A28463C
:10E3E00098472DB030BD0022F6E70120F9E730B59F
:10E3F0004B89042BADB005460C4616D18A89838A19
:10E400009A4212D1B0220021684615F0CAFCAA69CE
:10E41000E1896B4604F11000FBF7D8FD28B12B68A9
:10E420006A46DB6A2146284698472DB030BD30B594
:10E430004B89042B9DB005460C4618D18A89838AE6
:10E440009A4214D16A22002101A815F0AAFCAA69F7
:10E45000E18901AB04F11000FBF7B8FD48B101AA56
:10E460002B6821469B6A284698471DB030BD002284
:10E47000F6E70120F9E730B54B89042B9DB005463E
:10E480000C4616D18A89838A9A4212D16A220021C7
:10E4900001A815F086FCAA69E18901AB04F110001E
:10E4A000FBF794FD28B12B6801AADB6A21462846B8
:10E4B00098471DB030BD30B54B89042B99B0054647
:10E4C0000C4618D18A89838A9A4214D1602200218D
:10E4D000684615F066FCAA69E1896B4604F11000F4
:10E4E000FBF774FD48B16A462B6821469B6A2846B3
:10E4F000984719B030BD0022F6E70120F9E730B5A2
:10E500004B89042B99B005460C4616D18A89838A1B
:10E510009A4212D160220021684615F042FCAA6995
:10E52000E1896B4604F11000FBF750FD28B12B6820
:10E530006A46DB6A21462846984719B030BD30B597
:10E540004B89042BC5B005460C4619D18A89838AAC
:10E550009A4215D14FF488720021684615F021FCCB
:10E56000AA69E1896B4604F11000FBF72FFD48B161
:10E570006A462B6821469B6A2846984745B030BDBD
:10E580000022F6E70120F9E730B50D46C5B0044694
:10E590004FF488720021684615F003FCA269E989EE
:10E5A0006B4605F11000FBF711FD28B123686A46A0
:10E5B000DB6A29462046984745B030BD10B44C89E7
:10E5C000042C05D18C89838A9C4201D110BCDBE7E5
:10E5D00010BC704730B54B89042B99B005460C46EA
:10E5E00018D18A89838A9A4214D15C22002101A819
:10E5F00015F0D7FBAA69E18901AB04F11000FBF724
:10E60000E5FC48B101AA2B6821469B6A2846984739
:10E6100019B030BD0022F6E70120F9E730B54B898B
:10E62000042B99B005460C4616D18A89838A9A42F2
:10E6300012D15C22002101A815F0B3FBAA69E1897F
:10E6400001AB04F11000FBF7C1FC28B12B6801AA53
:10E65000DB6A21462846984719B030BD002110B525
:10E660000446C1820183006910B1A28A15F099FBAA
:10E67000E0690021618420B1228CBDE8104015F0D2
:10E6800090BB10BD70B504460E46154600212022F1
:10E69000083015F086FBC4E900652046BDE87040EF
:10E6A000FFF7D7BA38B50B680C4699680B681B683A
:10E6B0001B0A03F0C003802B054614BF6268221DAD
:10E6C0000C34FFF7DFFF2C6238BD00B50A468BB073
:10E6D00059B101466846FFF7D5FF30B1684600F0F2
:10E6E00007F86846FFF74DFBF7E70BB05DF804FB52
:10E6F0002DE9F041857D05F03007302F8AB00446C2
:10E7000004D1036A1A88038A9A426ED105F00F0376
:10E710000A2B05F0C00820D1E3691E689EB9B8F144
:10E72000800F62D105F03E05262D4CD0202F02D15E
:10E73000236A00221A80A369186815F0C9FCA3692E
:10E7400000221A6051E031466846FFF7ABFF10B176
:10E750006846FFF7CDFFB668E0E705F00E03082B2B
:10E76000DDD1B8F1400F40D0B8F1800FA36914D1CA
:10E770001B68E361202F20D1226A1688002BD1D09C
:10E78000002ECCD0E169606AFFF79FFFE369628ADF
:10E79000013E1344E361B6B2F2E7202FE36102D0F9
:10E7A0001BB30126ECE7226A3F2D16881BD8A28AEC
:10E7B000DBB1964228BF1646E2E7002BF1D105F007
:10E7C0003E05262DB7D1A3691D68236A1E884FF028
:10E7D000000805EB8606B542A8D0286815F078FC3D
:10E7E00045F8048BF7E7002BCAD10AB0BDE8F081E9
:10E7F00000B5837D3F2B8BB0014649D813F0300024
:10E800000ED0202802D10B6A188806E03028FAD0F2
:10E81000102808D10A6A32B11078B0FA80F04009A5
:10E820000BB05DF804FB0A68906870B903F00F0242
:10E83000052A0CD8CB694A8A1A44934201D1012097
:10E84000EEE713F8011B0029F7D00020E8E7062ABD
:10E8500001D1CB69D8E7072A02D1CB691878DCE768
:10E860000B2A01D1488AD8E703F00E03082BD7D131
:10E87000CA69496A6846FFF705FF0028DFD0684685
:10E88000FFF7B6FF0028CBD06846FFF77AFAF4E727
:10E8900003F0C002802A01D1C069BEE7402AD4D16A
:10E8A00003F00F030A2B02D1CB691868B5E70368A0
:10E8B000024AD8689042B0D1F6E700BFF9DD0008FF
:10E8C0008B7D03F00E03062B02D1002303607047FB
:10E8D000082B03D14A8A002115F063BA704730B57E
:10E8E000184B1C68F1B005466068F7F724F958B179
:10E8F00094F8202194F82A319A4205D20123EB7230
:10E900000024204671B030BD21464FF4B07218A8E3
:10E9100015F0EEFA5C22002101A815F042FA0A4A2D
:10E92000BDF86E1001AB1CA8FBF750FB2846FCF7A6
:10E93000D3FCAA69044601ABE9211030FAF7BEFC0A
:10E94000E081DEE7AC4A00208074020838B5084652
:10E950000C461546F6F715FF074A034610212846D0
:10E9600015F05EFF054A2B46E92104F11000FAF785
:10E97000A5FCE08138BD00BF19910208445D020882
:10E9800038B50B4D05F52D73036005F53C73044652
:10E990000362406E0DF09CF905F5467504F1200008
:10E9A0000DF0A4FE25602046F9F7FAF8204638BDA0
:10E9B000EC710208A0F12000E2E710B50446FFF771
:10E9C000DFFF204615F084FB204610BDA0F120009B
:10E9D000F3E7D0F8EC3070B5044604EB8302D1F8CD
:10E9E000140150621B4D32220133B3FBF2F002FBE3
:10E9F0001033C4F8EC304FF4B07205F509700E46D0
:10EA000015F076FA012385F82032134B93F8F8308D
:10EA100083B9124B1B796BB9114B1B683BB193F84F
:10EA20005020012A03D193F85830092B02D9052030
:10EA30000BF008FF54F8185FA54201D1002070BD0B
:10EA4000A868036831469B6898470028F6D12D686E
:10EA5000F2E700BF64090020D43D002080030020BD
:10EA6000E01C002010B5074C4FF4B07204F5637041
:10EA700015F03EFA0123052084F88A330BF0E2FEFC
:10EA8000002010BD6409002013B5084611461A463F
:10EA90009DF8143000939DF810309DF818400BF04D
:10EAA000D7FD054B80F8214101461868012202B0CC
:10EAB000BDE81040FCF7B6BB341D002038B5184641
:10EAC0001546049A8BB182B1094B0A4CD3F8E03554
:10EAD00004EA832404F1FF6404F5F2242C4404EBDB
:10EAE000C12115F005FA002038BD6FF01500FBE7D5
:10EAF0000070FF1F00FCFF0303460846596810B56D
:10EB00008C185C6008B115F0F3F9012010BD10B548
:10EB10000346406884185C6015F0EAF9012010BDD6
:10EB2000A0F52A6010F02CB810B504460BF062FD79
:10EB3000B4F87230838110BDF8B5274F97F8DC30F8
:10EB400004460D46BBB197F8F060022E13D008467C
:10EB5000F6F7E4FE88B197F8DD3063B1D5F81431EB
:10EB600062699A4207D063611C4B1D49186805F120
:10EB700010020AF068F90020F8BD012E08D8174BE2
:10EB8000EA891868036805F110015B689847F2E7A5
:10EB9000032EF0D1134B1C68236828461E68F6F735
:10EBA000F0FD01462046B047A0B1037993B100F1D2
:10EBB00034040A4E0C4930680AF0E8F80B49306812
:10EBC00005F1100322460AF03EF9074930680AF0C1
:10EBD000DDF8D0E7064CECE7D43D0020C40100206E
:10EBE00014980208141D00202F9D02081098020896
:10EBF0000C98020810B5034B036004460DF0AFFCFF
:10EC0000204610BD9875020810B50446FFF7F2FFC4
:10EC1000204615F05DFA204610BD0A4B10B503F5ED
:10EC2000777203F21C4304460260C0F8A03A00F574
:10EC30002A600DF05BFD044B236020460DF0ABFE17
:10EC4000204610BDEC710208A84C0208A0F52A600D
:10EC5000E3E710B50446FFF7E0FF204615F038FA69
:10EC6000204610BDA0F52A60F3E710B54FF47A7383
:10EC7000036390F87D30012B044622D190F86C306C
:10EC800083F0010384F86C303B4991F8EC31002BA0
:10EC900054D03A4B1A68236F03F5EA43303393425A
:10ECA0004CD394F87C30002B48D194F87E30002B64
:10ECB00048D0012B0ABF94F86D30012383F0010383
:10ECC0003DE0022B01D10123DCE7032B90F87C10FF
:10ECD00031D12A4AA36F106803F5EA4330338342E7
:10ECE0001CD221B9012384F87C301368A36794F8FF
:10ECF0006C30126883F0010384F86C30FA232363CC
:10ED0000A36F03F5FA630021934284F86D10BBD220
:10ED100084F87C10012384F86C300AE00029E6D1E5
:10ED200094F86C30002BF5D0002384F86C3040F25E
:10ED3000E7332363A8E70029A6D1F1E7002384F88D
:10ED40006D300AE094F82D20A2B194F86D2082F085
:10ED5000010284F86D2084F82D3091F85C3013B1F5
:10ED6000002384F86C3094F86C1000200AF0C8F985
:10ED7000206B10BD0123EEE7800300207803002004
:10ED800007B5012100200AF0BBF900230C4A0093CB
:10ED9000009B93420CDD002108460AF0B1F90023E4
:10EDA000074A0193019B934206DD03B05DF804FB23
:10EDB000009B01330093EBE7019B01330193F1E7E3
:10EDC0007F4F120007B5012100200AF099F90023B6
:10EDD0000C4A0093009B93420CDB002108460AF08A
:10EDE0008FF90023084A0193019B934206DD03B08B
:10EDF0005DF804FB009B01330093EBE7019B0133BB
:10EE00000193F1E780EE36007F4F1200A0F1300051
:10EE100010F00AB870B54FF4887204468AB00D46F7
:10EE2000002114F0BEFF06232C22002104F114005F
:10EE3000A38014F0B6FF0020F6F7F2F8D5E91E2300
:10EE40004FF47A71B3FBF1F31D49206001FB0233EB
:10EE5000A3601C4B1E683046F5F7D2FFE0603046D9
:10EE6000F6F736F8B5F84C302384174B20611B6851
:10EE70009B8B6384154B1B686BB1D3F8382262619E
:10EE8000D3E98C120A44C4E90621D3F83C22B3F832
:10EE90004032A2622387684614F02CFE009B236355
:10EEA000684614F027FE089B6363094B1B681BB17F
:10EEB000DA6E1B6F6262E36220460AB070BD00BF6B
:10EEC00037894100AC1B0020141D00208C4000201D
:10EED000341D00202DE9F74F354F364C1E46D7F82C
:10EEE000E03504EA832404F1FF640C9B04F5F2246A
:10EEF000144404EBC1244FEAD308F3F75CFB054646
:10EF000058B9DFF8B49004EBC80844450AD1F3F7C8
:10EF100065FB284310F0FF0001D06FF0040003B040
:10EF2000BDE8F08FD7F8E025224B03EA822303F1F6
:10EF3000FF6202F5F222A24204D803F10063013B12
:10EF4000A34204D2F3F74AFB6FF01500E7E799F804
:10EF50003834012B2AD001233268D6F804B089F85E
:10EF6000383400230192C9F83C340BF091FF054678
:10EF7000B0B9DFF848A0019ADAF8143043F0010381
:10EF8000CAF814302260BFF36F8FC4F804B00BF0DE
:10EF90007FFFDAF8143023F001030546CAF8143075
:10EFA000002389F8383408340836AEE70225FAE73A
:10EFB0000070FF1F00FCFF03D84A002000400058EB
:10EFC000F8B5284BD3F8E025274B03EA822303EB5F
:10EFD000C12404F1FF6203F1FF6102F5F22201F5A1
:10EFE000F22191423BD803F10063013B934236D3B7
:10EFF0001E4EF3F7E0FA96F83834012B04D1F3F7FC
:10F00000EDFA6FF00400F8BD0025C6F83C540BF093
:10F010003FFF0746D0B9164D6B69A4F5E044E40AFA
:10F0200023F47E7343EAC40343F4803343F00203C2
:10F030006B610BF02DFF6B690E4A13406B612B68FF
:10F040002B68044628B186F83874D8E786F8385417
:10F05000D5E786F83804F3F7C1FA2046D3E76FF016
:10F060001500D0E70070FF1F00FCFF03D84A002006
:10F070000040005805FCFFFFF7B50C4609684B1C23
:10F08000054616460DD0006883690093D4E9012334
:10F090008768B84730B92B6836B9286821460CF024
:10F0A00082FC002003B0F0BD9B690193A36800932C
:10F0B000D4E90023314628460BF02DFD0028F1DB72
:10F0C000EBD16FF03300EDE72DE9F74FDDE90C48A8
:10F0D0000E9E81460F4693469A4686BB304603B045
:10F0E000BDE8F08FB4FBF2F302FB13431BBB964267
:10F0F00021D3B6FBF2F502FB1565761B00968368FB
:10F1000022469C4651464346E0470028E7D1BBF1E2
:10F11000000F02D1B04434443AE0CDE900862346E2
:10F120005246594648460BF0F6FC0028D7DBF1D191
:10F130006FF03300D3E7E31AC7F800A07B603B68A9
:10F14000D9F8000053458269CCD17B68A342C9D865
:10F150009D18A542C6D92D1BE01AB542BB6828BF31
:10F1600035462A461844414614F0C2FED9F800300C
:10F170009A692C44B4FBF2F302FB134333B95A46A9
:10F1800039464846FFF778FF0028A8D1A844751BE8
:10F190002E46A2E70FB407B504AB4FF4807153F8C5
:10F1A000042B0848019314F095FD011E05DBFF298F
:10F1B0000448A8BFFF21F5F709FD03B05DF804EB93
:10F1C00004B07047284F0020F8B5054690F8240099
:10F1D0000F46164610B36B8C9818B0F5806F31D877
:10F1E0002B8C984217D9202838BF2020044601468E
:10F1F000E86915F0A1FB68B1E8612C846B8CE869C3
:10F2000032461844394614F073FE6B8C33446B84D9
:10F21000304602E0FEE70028F0D1F8BD92B2202A85
:10F22000FBD883B29A4295F8BC3004D83344DBB2A1
:10F2300085F8BC30ECE703442B44395C83F89C1020
:10F240000130EEE70020E8E770B590F8243004467E
:10F250000E4663B990F8BC30034483F89C1090F8D4
:10F26000BC300133DBB280F8BC30012070BD438C70
:10F27000591CB1F5806F14DC238CC069994208D900
:10F28000202938BF20210D4615F056FB40B1E06122
:10F290002584638CE269D654638C01336384E4E78C
:10F2A000FEE70020E2E770B504460D4608683AB96B
:10F2B000E3680E4A002B08BF1346E360002070BDD0
:10F2C00042EA0301B1F5803F05D3A3FB026111B10E
:10F2D000E368074AEEE703FB02F115F02DFB10B9D6
:10F2E000E368044AE6E728600120E8E71798020887
:10F2F00024980208339802082DE9F043937D03F027
:10F300003003302B8FB005460E46144628D1944664
:10F31000BCE80F0004AF0FC7BCE80F000FC79CE8A4
:10F32000030087E80300236A1988238AC1B1994240
:10F3300016D004A8FEF730FD30B9EB688E4A002BDA
:10F3400008BF1346EB6064E004A8FFF7D1F9A37D82
:10F3500003F0C003802B01BFA26900231360E361A7
:10F36000A27D02F0C001402900F02681802977D0DB
:10F3700041B902F03003202B38D006D8002B2ED014
:10F38000102B28D0EB687D4AD9E7302BFAD102F058
:10F390000E02082A238A206A5ED102889A425BD034
:10F3A000628AE06914F0FDFC616A8B682BB9CB6856
:10F3B0001BB94B681B68002B4ED0E26904A8FFF70D
:10F3C00061F9002848D004A800F064F9002843D16E
:10F3D000EB686B4AB3E7236A0BB101221A7022462D
:10F3E000314628460FB0BDE8F04315E3276A608A2E
:10F3F0003988A369022E01FB0033E36126D102F0B4
:10F400000F02052A22D804A92846FEF74DFE06461B
:10F4100070B9002674E02246FF2104A800F0FCFA2F
:10F4200090B13B8801333B80628AE3691344E36116
:10F43000069B1BB13A88A38A9A42ECD3069B002B09
:10F4400058D0EB684F4A7AE70646F7E74B1C3B80FB
:10F45000A38A8B42F5D9C2E7236A228A1A80BEE7C3
:10F4600002F03003202B29D001D9302B8AD102F0B1
:10F470000E02082A05D1A3691B6813B12046FFF7C5
:10F4800037F9A37D03F03002302A02BF226A218AB5
:10F49000118003F00E03062BA16901D1E1619EE703
:10F4A000628A01232846FFF7FEFE0028B1D0A36937
:10F4B0001868E0612146FFF703FA90E7D4F820804E
:10F4C000022EB8F800704FD102F00F02052A4BD877
:10F4D00004A92846FEF7E8FD0646002899D04FF615
:10F4E000FF79069B33B1B8F8001049450CD1264B83
:10F4F000EB60002604A92846FEF7F8FD002888D016
:10F5000030460FB0BDE8F083013189B2B942628A5A
:10F5100010D9A9EB0701013BB3FBF2F301338B4296
:10F5200034BFFF180137A1693B4604A8FFF7BBFEB3
:10F530000028DED0A169B8F800200868638A02FBC1
:10F540000300E0610028D4D02146FFF7B9F9224634
:10F55000FF2104A800F060FA0028CAD0B8F80030F3
:10F560000133A8F80030BCE74FF6FF739F420DD17E
:10F57000EB68054AE3E600BF429802087A98020861
:10F5800063980208549802088D9802080137628A2D
:10F59000A169BBB22846FFF786FE00283FF439AFC9
:10F5A000A169B8F800300868628A03FB02000133E1
:10F5B000E061A8F800307DE72368DB6833B93146A5
:10F5C00028460FB0BDE8F043FEF73EBD022E1FD126
:10F5D00004A92846FEF768FD00283FF41AAF236807
:10F5E000069EDB682246002104A8984730B9EB68E4
:10F5F000002B7FF4A7AE079B224AA0E6069B0BB127
:10F600009E42ECD804A92846FEF770FD064677E72F
:10F61000012E22D0052E29D086BB01AF01360B2E3C
:10F6200002D1EB68184A8AE6012239462846FEF7DD
:10F63000FBFB00283FF4EDAE17F9013B002BEDDB9F
:10F64000124B049301ABCDE9053623680021DB683A
:10F650000791224604A89847D8E7082201A928461E
:10F66000FEF7E2FB08260028EAD1D2E604220DEBE1
:10F6700002012846FEF7D8FB0426F4E7EB68044AAB
:10F680005DE600BFA4980208C0970208F9EA0008E6
:10F69000D097020870B590B004461022002102A84D
:10F6A00014F07FFB002301938DF8033023689B68DF
:10F6B00043BB0025A37D03F00F020A2A42D1E36970
:10F6C0001E68002E31D1019BABB1228A934212D128
:10F6D0009DF80310224602A8FFF70EFE10B30DF1AD
:10F6E000020301AA0DF1030102A8FEF799FCC8B1BB
:10F6F000236A03B11D702046FEF743FB0028D9D1D1
:10F70000012010E02A4ACDE902234FF0FF33049391
:10F7100001AA0DF102030DF1030102A8FEF780FC1E
:10F720000028C6D1002010B070BD314606A8FEF7F3
:10F73000B9FF28B1357306A8FFF7ACFF0028F1D058
:10F74000B668BEE73F2B29D803F03002102A1AD141
:10F75000226A02B1157003F00E03082B18D1616AFA
:10F760008B6823B9CB6813B94B681B6883B1E26916
:10F7700006A8FEF787FF0028A5D006A8FFF78AFF96
:10F780000028A0D1CEE79A06E5D5236A1D809AE726
:10F79000628AE069002114F004FB94E703F0C002E0
:10F7A000802A90D1A2699B0615608CD5EDE700BF39
:10F7B000F9EA00082DE9F04F9BB004461D4606A863
:10F7C0000023CDE90433ADF80A30FEF75BFF90BBB0
:10F7D00000274FF6FF7AB946B846A368002B38D108
:10F7E0004FF6FF739A4504D0BDF80A30BB4240F093
:10F7F000D780069B5B8AE3B1402B28BF4023590981
:10F8000004A8002295B2A94200F2F18003F01F0281
:10F81000DB060ED01AAB03EB8101C2F12003DBB291
:10F820004FF0FF3222FA03F351F8582C9A4240F07D
:10F83000E58001201AE0002DCAD106A8FFF72AFFB3
:10F840000028C5D1E3686F4A002B08BF1346E36068
:10F850000BE002AB03AA0DF109012046FEF7E0FB25
:10F8600038B99DF80830002BBAD100201BB0BDE894
:10F87000F08F039E16B9E368634AE5E7314606A8B0
:10F88000FEF78AFA88B19DF82E3003F00F020A2A9B
:10F8900072D1B8F1000F2BD10D9BD3F80090B9F1C4
:10F8A000000F21D0BDF8288022E0B8F1000F1FD151
:10F8B0009DF82E3003F00F030A2BEDD0BDF8205039
:10F8C00006A8FEF736FA069BBDF822201B6853F8FF
:10F8D0002230C3F303230A2B24D1FEF7BAF9002800
:10F8E000DAD1B9F1000F05D14FF000094FF0FF3820
:10F8F000464538D39DF80930D4F808B001934D46F9
:10F90000A3686DB39B457FF468AF2B681B689C466A
:10F910007BB1019B324629462046E0470028A4D00F
:10F92000AD68EDE7BDF82030AB42C9D1FEF791F9E3
:10F93000D7E7294610A8FEF7B5FE10B9E368334AA9
:10F9400082E7BDF850309E42EAD1119B002BE7D0F0
:10F95000012301992B7310AA2046FFF7CDFCDDE7A8
:10F960009B457FF43AAF9DF809102046FEF76CFBEB
:10F9700000287FF432AF78E703F03003202B22D148
:10F980000E9A0BAB9A4217D1BDF82030534510D0D8
:10F990004FF6FF72924506D0BDF80A20BA4202D057
:10F9A000E3681B4A50E70022BDF82C70ADF80A202E
:10F9B0009A460DF10A030E939DF8091006AA2046F7
:10F9C000FFF79AFCD4E7002BF6D1BDF824303F2B8B
:10F9D000F2D859091AAA02EB810103F01F02012390
:10F9E000934051F8582C134341F8583CE4E750F841
:10F9F000045B013502F101023FF404AFE368054AFC
:10FA000022E700BF63980208B4980208BD98020874
:10FA1000CF980208F0980208F0B5937D03F00F0329
:10FA200085B0044615460B2B00F28E81DFE813F0FB
:10FA30000C002600260026009800AA00BE00F20056
:10FA4000220122018C016E010139C9B2FD2906D8BB
:10FA5000E368974A002B08BF1346E3605FE000228B
:10FA60006946ED69FEF73AFA064620B1009B003B75
:10FA700018BF01232B70304605B0F0BD0139C9B263
:10FA8000FD29E5D9022B69462ED1FEF78FFA0646ED
:10FA9000002844D06B8A082B05D1DDE90001EB6911
:10FAA000C3E90001E7E7042B0CD1EA69009B13606E
:10FAB000DDE900010022914208BF9842DBD0E368F3
:10FAC0007C4AC7E7022B04D1009BEA6913809BB2F2
:10FAD000EEE7012B05D1009BEA69137003F0FF03E9
:10FAE000E6E7E368744AB5E7032B15D1FEF75EFA43
:10FAF000A8B1DDE900124B08C90743EAC2734FEA17
:10FB0000520201D5DB43D243698A082910D1E96941
:10FB1000C1E900320126AEE7FEF748FA08B900262F
:10FB2000A9E7DDE90032698A082918BFDA17EBE78F
:10FB3000042908D1E969D8170B601946904208BF1B
:10FB40009942BCD1E6E7022904D1E86919B20180E3
:10FB5000C817F3E70129C4D1E86959B20170F7E782
:10FB6000052902D0FF297FF473AF0422694620469D
:10FB7000ED69FEF759F9064600283FF47CAF009B7B
:10FB80002B6078E7012902D0FF297FF461AF0822BA
:10FB900069462046ED69FEF747F9064600283FF41E
:10FBA0006AAFDDE90023C5E9002364E702297FF499
:10FBB0004FAF00226946FEF791F90028AFD0009EB2
:10FBC000B6F5803F02D3E3683C4A43E7AB7D03F0E0
:10FBD000C003802B06F1020217D1A3689E4202D90E
:10FBE000E368374A36E7E96901232046FFF75BFB04
:10FBF000002894D0EB69196821F8026B3246204640
:10FC000005B0BDE8F040FEF70FB96B8A9A42DAD82A
:10FC1000E969F1E702297FF41BAF00226946EF6929
:10FC2000FEF75CF900283FF47AAF009E731C02D106
:10FC3000E368244A0EE7AB7D03F0C003802B06F196
:10FC4000010211D1A3689E42CAD8E9690123204666
:10FC5000FFF729FB00283FF462AFEB691F68002320
:10FC6000BB5532463946CAE76B8A9A42F7D9E368F0
:10FC7000154AEFE602297FF4EBAE6946FEF714FA67
:10FC800000283FF44CAF6B6A13B9E3680F4AE1E612
:10FC9000AB7D03F00F03092B1AD0AB7D3F2B2FD97F
:10FCA0000023EA69696A6846FFF784FD06461FE09B
:10FCB0000799020829990208179902083B99020836
:10FCC000A9970208249802084A9902085A9902083A
:10FCD0002A6A002AE1D052F8083C002BDDD0043A11
:10FCE000294668469847029B06460BB10028D4D1A6
:10FCF00069462046FEF7FAF900287FF4BCAE0EE70D
:10FD000003F03003203B18BF0123CAE702297FF428
:10FD10009FAE00226946FEF7E1F8064600283FF450
:10FD2000FEAE0099B1F5803FBFF44DAF6A8A19B9B4
:10FD3000E86914F036F89EE6914202D0E368044A7E
:10FD400088E60A46E9695AE7C368024A82E600BFC4
:10FD5000739902087A980208036910B5044603B142
:10FD600098472046BDE81040F5F72CB903692DE906
:10FD7000F041044603B19847104BD3F8008004F1DA
:10FD8000240504F1C4070026D4F8C830B3420FDDBF
:10FD900055F8040F50B1036841465B689847002846
:10FDA00003DC286803689B6898470136AF42EBD1B3
:10FDB0002046BDE8F041F5F705B900BF7803002003
:10FDC00037B504460D4601A80191F8F7E5FF211D5E
:10FDD000284612F064F914F07BF963690198013B3D
:10FDE000636103B030BD2DE9F341214D2B68064618
:10FDF000002B3AD05B68002B37D0D3E90034E41AEB
:10FE00001C4BA4105C43836E019300F15C0800F16D
:10FE10006007019BBB420BD1336F9C4225D2B56E6C
:10FE20000195AF421AD129464046FFF7C9FFF3E7D3
:10FE30002868196902681268904728B901994046F4
:10FE4000FFF7BEFF0190E4E701A8F8F7A5FFE0E7A0
:10FE5000019B6A695969914238BF1D4601A8F8F7AC
:10FE60009BFF03689F42F3D1DDE702B0BDE8F0815C
:10FE7000141D0020CF467D67F7B58C6805461646F1
:10FE80000F1D01235CB90197CBB1CB68BB4213D1E5
:10FE900000233C462846C5E9003403B0F0BD236981
:10FEA0003768D4E902029F4238BF012327462ABFA0
:10FEB000002304461446E5E701A8F8F7CDFF019BAF
:10FEC000326819699142E3D3E4E72DE9F04F0D461A
:10FED000DFF808A20023114680F859302A68DAF8C2
:10FEE00004309A42A1B0044600F0EB806A2205A8D3
:10FEF00013F0FEFF95F8FA300093002B00F0A98074
:10FF00002846F5F70BFD002840F0A3802846F5F7BA
:10FF100038FCD5F8187181461FB93846F5F780F8D6
:10FF20000746626E04F1600846461346A3BBB0451F
:10FF30000DD0336999450AD37369BB4204D8FB1AC3
:10FF40004AF6BF00834202D8012384F85930C346E1
:10FF500062BBD84503D0DBF81020914574D204F180
:10FF60005C031820019314F0ABF80022D8454261DD
:10FF70000646C0F8109000F1100220D1236F1BB18B
:10FF8000E06E0369994530D803A804F15C01FFF7DE
:10FF900073FFDDE903B048E0D3F810C0D3E90201F4
:10FFA000E14596BF1E460B460346BFE71069D2E9FE
:10FFB0000236814596BF934632461A46C8E7DBF8BB
:10FFC00010000192814513D2A06ECDF808B0834590
:10FFD00030D002A8F8F740FF0068019A0069814517
:10FFE000D2D90298C268002A76D1804512D121E088
:10FFF0006BD9E06ECDF808B08345F6D002A8F8F7CB
:020000040801F1
:10000000CBFE0068019A00698145BDD2DBF80C2067
:1000100042B95846036932699A422CBF0023012332
:10002000009307E0DDF808B0584600284DD0BBF13A
:10003000000FDAD0434602463146009811F0CBFF5C
:10004000236F01332367B346CBF814702046FFF7C4
:10005000CAFE9DF858209AF896309A423AD128461E
:10006000F5F78FFB1E4A0346102105A814F0D8FBB4
:100070001C4B28461E68F5F784FB2B7A014605AA1F
:100080003046F6F718FAC8B16E683046F5F753FDFA
:10009000A0B9DAF804309E4210D0294612480AF07E
:1000A0003EFB05AB0546E921104A1030F9F706F989
:1000B0000F4BE88129461868F5F7F3FA2046FFF759
:1000C00092FE002021B0BDE8F08F304614F000F819
:1000D0005E46B8E70120F5E75846ABE76409002023
:1000E00019910208141D0020E81C0020445D02083C
:1000F000301D002038B50C4605460CF0D5FA291DF8
:10010000846011F0A6FEEB680133EB600CF0CCFAD2
:100110002146856011F09DFEA3680133A36038BDC0
:100120002DE9F047D0E901539D4207460E4606D01F
:100130000FC985E80F0010357D60BDE8F087D0F865
:1001400000A06FF07843A5EB0A09B3EB291F4FEA33
:10015000291402D1194812F052F9554514BF22460C
:100160000122A41825D234B39C4228BF1C4620018A
:1001700013F0A6FF804696E80F0008EB090C8CE808
:100180000F002946424650460AF0E6FB294600F198
:10019000100228460AF0E0FB0546BAF1000F02D033
:1001A000504613F095FF08EB0414C7E90085BC60C6
:1001B000C3E71C46DBE7A046DDE700BFB6900208B8
:1001C00038B505460C4601F110006968814202D03D
:1001D0002246F4F7ECFD6B68103B6B60204638BD9F
:1001E0002DE9F041DFF89C80274AD8F80460274BBE
:1001F000C1E900661279D3F8EC31022A05460C46B3
:1002000019D00B2A4AF6C00218BF4FF46162002BC6
:1002100008BF1346A3600020F4F702FFD8F804805B
:100220002B6F0746EA6E934208D12D6FA0899D423D
:1002300019D1BDE8F0814AF6C002E8E753F8082C6E
:1002400053F8040CBA1AB2EB400FA3F1100108D90D
:1002500053F8103C984504D005F16C00FFF7B0FF4F
:1002600001460B46DEE7092809D81968B14206D0D5
:1002700004EB00125F68576101301161A0811033F7
:10028000D4E700BF6409002080030020D43D002093
:1002900070B5826F124EACB0044652B133689B1AEF
:1002A000104A934205D80123C372002528462CB07A
:1002B00070BDB0220021684613F073FD69462046E8
:1002C000FFF78EFF2046FBF707F86B460546A2694D
:1002D000E9211030F8F7F2FF3368E881A367E5E71A
:1002E000780300201FBF02002DE9F0411546026D82
:1002F0009DF81870044688461E462AB1164B596868
:10030000164B1868F8F77BFC236884F858709B69D3
:10031000204698470146E8B1114BC0F804801B798C
:10032000053B012B98BF0025002F0CBF0A2340235B
:1003300080F8FA5080F8223106B10672D1F81431F3
:100340000848236500231A460068F6F7C7F900231A
:1003500084F85830BDE8F08164090020341D002085
:1003600080030020301D0020A0F120000EF070BDA1
:100370002DE9F7438B684D8923F47F43B3F5A02F14
:100380000C46164621D14868F5F7D5FBE8B9052D8E
:1003900040F09080514B1B7C023B012B00F28A8085
:1003A0004F4D2168286803681B689847C0B92868C2
:1003B000616803681B68984770B1286861680368C2
:1003C0001B68984703799BB906E0052D72D1434B12
:1003D0001B7C023B012B6DD8002003B0BDE8F083ED
:1003E0002868216803681B6898470379002BDED0D2
:1003F0003C4B1868036832461B6B2146984765687A
:100400002846F5F798FB18B9374B5B689D42E3D156
:100410002368002BE0D0354B314ED3F80090DFF845
:10042000BC8004200AF00EFA30682146F6F71CF969
:100430000C23009398F804000B2302220321FAF7FF
:1004400037F86389042B05462BD1A389432B02D1AE
:10045000D4F804312BBB3068216803681B689847C7
:100460000379F3B9224F3B68DBB1D5B93368988B78
:100470000BF0B9FCA8B91F4B01211868F4F740FD37
:1004800078B1D8F8BC61204671B2F5F79DFD02360F
:10049000B04206DC0095237A216838680122FFF714
:1004A00023FF214614480AF03AF901464846F5F779
:1004B000F8F891E70C4B93F89630002B98D0084D44
:1004C00021682868F5F77AFE012885D061682868D8
:1004D000F5F774FE01288BD17EE700BF8003002072
:1004E000141D0020341D002064090020301D002050
:1004F000A44A0020AC1B0020E81C0020F8B54FF4F3
:10050000887204460D46002113F04BFC02230020A4
:10051000A380F4F785FD2346242243F8080B00212D
:10052000184613F03EFC012384F820302372237612
:10053000237484F82830174B1F683846F4F7C8FC3A
:10054000154B60621E6896F85030012B20D196F84A
:100550005A30012B1CD096F85830E3603846F4F737
:100560004FFCE061706D0DF0BFF80C4B00220DF0F8
:100570004FFA0DF0FDFCD5E91E234FF47A71B3FB61
:10058000F1F30749606101FB0233E3622046F8BDE5
:100590006523E2E7AC1B0020E01C002000408F40F8
:1005A0003789410070B50E460546FAF795FEAA69EF
:1005B00004463346E9211030F8F780FEE0812046FA
:1005C00070BDA0F130000EF06FBC10B5C4B0044691
:1005D00001466846FEF71EFC694604F13000FFF74D
:1005E000E1FF4FF0FF334360002380F8FA300A2325
:1005F00080F82231034B0146186844B0BDE8104032
:10060000F5F74FB8301D0020F8B5434B434F1D6838
:10061000C36FC567AB4282BF836F013383670446F4
:100620003F4BD7F854051E7918BB062E1DD101216A
:1006300006263C4B1D6881F001012846F4F760FC5A
:1006400080B32846F4F771FC60B3082E2AD0364BED
:1006500093F8613133B3002120460CF041F9D7F80B
:100660005405002853D1E06EF8BDB31E59425941DC
:10067000DFE748F20101F8F72BFB062E014628D0F0
:10068000022E30D1002840D0274B2D1AD3F840013C
:1006900001214AF6C0024FF47A73002833D0434355
:1006A000AB42C6D9214B1B68D3F88C30002BDAD172
:1006B000012120460CF014F9626F22B1E36F9B1AFE
:1006C000226F9342CFD32046FFF77FFFE36F63672C
:1006D000C9E70028ABD0144B2D1A0121D3F84001F3
:1006E0004FF46162D7E70028A3D00F4B0B2EA5EB88
:1006F00000054AF6C002D3F840014FF0000118BFD0
:100700004FF46162C7E75343CAE7012191E748F21A
:100710000101F8F7EDFCA6E778030020D84A002095
:1007200080030020AC1B0020D43D0020301D0020A1
:10073000F8B50446084615460E460DF0E9FB04F1EF
:10074000080323600023636023726968074601443D
:10075000204612F0CDFA3A463146204612F09EFB72
:100760002946204612F0AAFB2046F8BD70472DE925
:10077000F74FDDE90C470E9D834688469246994621
:100780000DB9002064E0DBF80000BAF1000F1ED0C4
:10079000DAF800304B451AD1DAF80410A14216D825
:1007A00086690E44A64212D9361BAE42DAF80830EA
:1007B00028BF2E46611A38463246194413F098FB7A
:1007C000AD1B37443444DCD0DBF80000E0E7D8F858
:1007D000002043694A4517D1D8F80410A14213D824
:1007E000CE18A64210D9361BAE42D8F8083028BF22
:1007F0002E46611A32463846194413F079FB3744C5
:100800003444AE1B3546BBE74168B4FBF3F203FB4F
:1008100012428C467AB9AB420DD8B5FBF3F603FB16
:100820001656AD1B00953B4622464946E04778B92F
:100830002F442C44E6E7A21AC8F80090C8F8042018
:100840000093D8F8083049466646B04700289AD049
:1008500003B0BDE8F08F2DE9F04786B005460F469E
:10086000144600F11409D6184FF0010A0DF11708CB
:10087000B44203D1002006B0BDE8F0870094CDE972
:10088000018A3B46002249462846FFF770FF0134A3
:100890000028F0D10E9801224146FDF786F9E7E7DE
:1008A0001FB5069C0092CDE9013400220B4600F1F1
:1008B0001401FFF75CFF04B010BD2DE9F04F8BB0C1
:1008C0001368049300265368059307460C46B04608
:1008D0000DF1100A06AD5AF826901023009300225D
:1008E0002B4649463846FFF7DBFF70B110F1340F55
:1008F00006D146B1B8F1000F0CBF6FF033000020F5
:100900000BB0BDE8F08F0126E5E7B8F1000F04D089
:10091000E269069B9B1A002BEBDB079B23F0004B45
:10092000BBF1130FE5D93A68D2699345E1D84FF08E
:10093000FF3203A8039229461022FDF736F90090F2
:10094000ABF11003102249463846FFF784FF002818
:10095000CCD1039B002BCCD10AAA86F0010302EB79
:10096000830304F11C0C53F8183CA3601023E360CC
:1009700095E80F00C4F804904FF001088CE80F00D0
:10098000B7E72DE9F043064695B00F464FF0010852
:10099000336BD6E90D219A4261D1002900F0C8805D
:1009A000F06A32680344106A526A8A4294BF326322
:1009B0003163B3FBF0F4002100FB1433F362F06BFE
:1009C0007163D20813F0EDF9301DFDF7D3F800285C
:1009D000DED101230390049303993046FDF7B0F86C
:1009E0000446002860D104993046FDF7A9F8044672
:1009F000002859D103AA09A93046FFF75EFF044633
:100A0000002851D14FF00C09119B0C9D23F000439D
:100A100005F10C02043B9A4250D9129B039303A8A0
:100A2000139B0493FDF7A6F80028D5D0F56806F1CE
:100A30001409002DACD0EB69DA0369D4EB699B0390
:100A40000BD501962B6A00936B6A05F12C0249467F
:100A500030460AF06BFF044630BB2D68E9E70139E8
:100A6000501CB1635409F16B706351F8244002F0DB
:100A70001F0008FA00F020428BD1F36A1344326859
:100A8000126AB3FBF2F002FB10333B60356B0120BE
:100A9000736BAB424AD05A0903F01F0451F822206D
:100AA00000FA04F4144003D1204615B0BDE8F083E9
:100AB00001337363B36B013BB363E9E70A99CDF884
:100AC000009006AB2A463046FFF7EAFE04460028AF
:100AD000EAD19DF81B209DF81A109DF819000AF024
:100AE000F1FF9DF8183003F070032844102B0C9090
:100AF0008AD1089B00932246079B019606F11401B8
:100B000030460AF013FF044600283FF47DAFCBE7E0
:100B100001966B6900932B6905F12C02494630461A
:100B20000AF004FF0446002888D0BDE70024BBE794
:100B30006FF01B04B8E773B50C4604310646FFF7A7
:100B400020FF0546F0B904F108013046FFF719FF10
:100B50000546B8B9042300930246616804F11C03FA
:100B60003046FFF79DFE10B110F1340F0DD1E3694F
:100B70000133E36114224FF0FF33C4E90823A36279
:100B80001023E360284602B070BD0546FAE72DE960
:100B9000F04F044689B00E4600F1140B07A9204619
:100BA000FFF7EFFE054658B9DDF81C90206849466E
:100BB0000BF08CF8054600283BD010F1340FEDD037
:100BC000284609B0BDE8F08F0DF11B07CDE900877D
:100BD000CDF808A0736A059A59462046FFF7C7FD6D
:100BE00070B9CDE9017ACDF800804B465A4604F140
:100BF00020012046FEF768FA20B110F1340FCDD065
:100C00000546DDE708F10108B36A4345DCD82368EF
:100C1000A16A9A69706B13F06BF9236AF362636AD5
:100C20002068336304F120010AF0BDFEC6F8249069
:100C3000C6E706F12C03804605934FF0010AE3E76F
:100C40002DE9F74307460C46164601F124084FF0FC
:100C50001009216AE26821F0004302F10C00043B14
:100C6000984215D80C2300936168331D3846FFF76E
:100C700017FE054688B9E768F279B179707937606F
:100C80000AF020FFA36907440344E760A36104E07E
:100C9000002906DB32606FF00105284603B0BDE88D
:100CA000F083424621463846FFF707FE05460028F6
:100CB000F3D1A369C4F80C901433A361C9E72DE9FB
:100CC000F843054604300F4614461E46FCF752FF13
:100CD00010B10020BDE8F88301235062936202F155
:100CE000240806F108094046FCF744FF0028F0D12B
:100CF000424621462846FFF7E0FD0028EAD1324669
:100D000021462846FFF79CFF10B1831CEBD0E1E79A
:100D1000337903F07003202BF1D139464846FCF7B4
:100D200033FF0028EBD10120D4E7CB695A032DE92A
:100D3000F04144BF23F48023CB61CB6944BF4FF023
:100D4000FF32CA629B0390B005460C4652D50F6A2B
:100D50002C22002102A805F1140613F022F82369C1
:100D6000069396E80700636907930123CDE90937E5
:100D700010AB03E907004FF0FF38C5F81480226A72
:100D800063699A4213D304F12C083246414628463F
:100D9000FEF772F918B310F1340F05D12146284639
:100DA000FFF7F5FE0028F0D010B0BDE8F081012378
:100DB0000DF1070202A9284600F09BF80028F3DB9A
:100DC00001230DF107022146284600F038F90028DA
:100DD000EADB6B690133D2D0CDF83480CDE7636AAA
:100DE0002361236A6361E36923F4003343F48033AE
:100DF000C4E907370020D7E770B592B006460C4625
:100E0000FFF793FF054650BBE36903F41023B3F5E6
:100E1000803F24D1221D1046FCF7ACFEF8B907A98B
:100E20003046FFF74AFDE8B90C23E26808990093C1
:100E3000304604ABCDE9045506950392FFF730FD2B
:100E400080B92369059303AA6369069307A930460D
:100E500009F04AFE30B9E36923F48033E3612846A0
:100E600012B070BD0546FAE7037D23B903698169B5
:100E700003F10C00C0E7704770B585690446A5B161
:100E8000037D0669ABB1F36906F11C021BB19D42FB
:100E900019680BD11160A06913F01AF9E0690025F7
:100EA000A56108B113F014F9E56170BD1A460B464F
:100EB000ECE7294606F10C00FFF79EFFB36906F147
:100EC00018021BB19D42196810D11160AB690BB1BA
:100ED0001B682BB9F3685B6B13B9686B13F0F8F8F8
:100EE000A06913F0F5F80023A361DEE71A460B466C
:100EF000E7E72DE9F04F1D46CB69904603F003026A
:100F0000022A87B007460C4654D09A0305D4236AB8
:100F10006669B34208D3002003E0FFF706FF00280C
:100F2000F5D007B0BDE8F08FF61AAE4228BF2E46C6
:100F300004F12803B14604F12C0A059304F1240BB3
:100F4000B9F1000F01D13046EBE7E3695B0304D54B
:100F50003B68A26ADB699A4210D1059BCDE901B3D7
:100F6000236A0093D4E90423514638460AF097FCDB
:100F70000028D6D1E36943F48023E3613A68A36A89
:100F8000D5690093ED1A4D4528BF4D46CDE9018541
:100F90000022636A51463846FFF7E9FB0028C0D1BA
:100FA000236A2B442362A36A2B44A362A844A9EBBF
:100FB0000509C5E76FF00800B3E71346027D10B4DA
:100FC00032B904690A46816904F10C0010BC90E74B
:100FD000002010BC704707B501220DF10701FFF793
:100FE000ECFF0028CCBF9DF807004FF0FF3003B0A6
:100FF0005DF804FBF7B504460069237DE3B9A169F8
:101000008DF807300DF1070201230C300F6AFFF74E
:1010100070FFA66900282069C8BF9DF807503146B7
:1010200000F10C00D8BF4FF0FF35FFF77EFE00B98E
:101030003762284603B0F0BD4FF0FF35F9E72DE9E0
:10104000F04F8FB0CDE90623CB6903F00302012AEC
:1010500005460C4600F01B815E0315D4E669320597
:101060001BD416F400361ED005F11403DDF81CA0C5
:10107000099304F12C08E369BAF1000F26D123F497
:101080000023079AE36104E0FFF74FFE02460028C1
:10109000E4D010460FB0BDE8F08F6269216A91423A
:1010A00038BF2262DDE7276A63699F42DCD9236289
:1010B000236A9F42D8D90DAA0123214628468DF8DC
:1010C0003460FFF7BCFF021EF2DAE2E79B0324D58F
:1010D0002B68A26ADB699A4240F098802B681B6AF1
:1010E000AB6305F114030493D4E90832CDE90B2373
:1010F0000DA92846FFF745FC024608BB0D9B286852
:10110000059319460AF0E2FD024618B312F1340FB6
:1011100016D14FF0FF332B62EAE7236A002BDDD0B4
:1011200004F128020292013B04F12402019200938F
:10113000D4E90423414628460AF0B1FB024620B117
:10114000E36943F40023E361A3E7286841460AF01A
:101150002AFCC3E70C9F2E680890002F4FD0013F58
:101160000CA930460C970AF07DFB0C9FF369089A96
:1011700001379F420C9768D1461C96FAA6F6B6FA3C
:1011800086F606F1010B91460BAF4FEA89030893EF
:101190000423CDE901734FEA890300934146DDE959
:1011A00004232846FDF790FF0B9B02460028ADD193
:1011B0004E4550D109F10109CB45E6D84FEA8B07DE
:1011C0001DE00022CDE9016B0B9B0499CDF8009046
:1011D0002846FFF7CCFA02460028B1D1DDE9042306
:1011E000CDE9016BCDF8009041462846FDF76CFF34
:1011F000024600288AD109F101094F45E1D8059B33
:10120000C4E90937E36943F40033E3612B68DE691D
:10121000A36AF61A564528BF5646069B02960193C6
:10122000A36A0093099A636A41462846FDF74CFF7A
:101230000246E8B110F1340F82D121462846FFF76B
:10124000A6FC02460028E8D07AE791464FF0010B51
:101250000DF12B06D1E70421CDE901710899009128
:1012600028460499FFF783FA02460028A2D067E7D0
:10127000236A33442362A36A3344A362069B334444
:1012800006932B681B6AAB63AAEB060AF3E66FF0C2
:101290000802FEE61346027D10B54AB904690A4603
:1012A000816904F10C00FFF7CAFE20EAE07010BD6E
:1012B0000020FCE7F7B5044604300E461546FCF75F
:1012C00059FC10B1002003B0F0BD009001236A4624
:1012D000294620460193FFF7F0FA0028F3D105F1E3
:1012E00024073846FCF746FC0028EBD13146384647
:1012F000FCF74AFC38B13A4629462046FFF7DDFAAA
:101300000028EED0DFE70120DDE730B5044693B0DA
:1013100004300D46FCF72EFC10B1002013B030BD98
:101320000190012301AA07A920460293FFF7C5FAFD
:101330000028F3D110A8FCF71DFC0028EDD110AA5D
:1013400007A92046FFF7B9FA0028E7D103AA07A9A1
:101350002046FFF775FC10B1831CEBD0DEE79DF94A
:101360001030002BF2DB0822294605A812F0EFFC12
:101370000028EBD10120D1E72DE9F04F87B01F689D
:10138000049340F62203536043689360DFF824918E
:101390008368039105461446D3604946384613F0E6
:1013A00077FB07EB000883464946404613F036FBBF
:1013B0000128064608EB000A05D117F80B302E2B42
:1013C0000AD15746E9E7022806D102463A49404683
:1013D00012F0BDFC0028F4D057464FF0010B4946EF
:1013E000504613F055FB82444946504613F016FB15
:1013F000024690B102280CD105902F49504612F0B8
:10140000A6FC059A28B9BBF1010B04D10AF1020729
:10141000C3E70BF1010B9244E1E798F800000028C4
:101420003DD0049BC3F800802379222B3FD104F1E7
:10143000080A039952462846FFF73FFA78BB05F1A0
:10144000140B039922462846FFF7FAFB38BB237991
:1014500003F07F03112B01D0222BF2D1E379B342A9
:10146000EFD12368627904331344A279CDE9008671
:101470001344039A59465268284609F04CFB002849
:101480000DDBDED094F90430002B86DA5146284675
:10149000FFF73BFF002805D001DB6FF0010007B02C
:1014A000BDE8F08F237903F07F03237175E76FF0B8
:1014B0001300F4E7B19402089599020870B594B04E
:1014C0001546039103AB05AA09A90646FFF754FF89
:1014D0000446C0B901464FF48472284612F061FCFC
:1014E0009DF818302B70112B04BF089B6B60311DC9
:1014F00007A8FCF749FB05F10803044630B90C497D
:10150000184612F0EDFC204614B070BD059A9DF807
:1015100019109DF81B00009004320A449DF81A101F
:1015200030460A440A99FFF7BBF90446EBE700BFCF
:10153000B1940208F0B5012680F84060A7B00446D7
:101540000430FCF717FB0546002878D101462C2211
:1015500005A812F026FC4FF000432822294610A8C7
:101560000D9312F01EFC1A9623681B6A9D4202D34B
:101570006FF0330020E019A8FCF7FCFA00285ED1D8
:1015800019AA10A92046FFF798F9A8B90D9B002BBE
:1015900034DB01AB1BAA0EA92046FFF790FB002805
:1015A0000ADB0BD1199B0E931A9B0F9300231A464B
:1015B00005A9204600F0E8F827B0F0BD039A0E997F
:1015C000049B0F988A4201D1984217D0904201D1D2
:1015D000994213D00E92E8E79DF97030002B0DDA96
:1015E0001DA92046FFF791FE0028E5DB1BD01BAAB2
:1015F00010A9204600F000FA0028DDD11BAA10A98E
:101600002046FFF71DFB0028E6D0831CD4D110AF85
:101610000FCF05AE0FC60FCF0FC697E807000135F5
:1016200086E80700A0E79DF870301BAA03F07F034F
:1016300010A920468DF8703009F056FADCE700203A
:10164000BAE72DE9F04F0546B2F1000893B04FF02C
:101650003800894640F2031708BF012712F030FD19
:101660000446A86118B32E69CDF8089007F0030965
:10167000B9F1010F06F10C0A0BD102AB03AA07A9BD
:101680005046FFF779FEB0B99DF81030222B37D1C4
:1016900008E096F84C30002BEFD15046FFF74AFF98
:1016A0000028EAD0A86912F013FD0023AB610020E6
:1016B00013B0BDE8F08F0230F4D1DDF808B02F216F
:1016C000584613F09EF90028ECD1FA05EAD540F609
:1016D00011028DF8120001905846ADF810200CF060
:1016E00017FC019B8DF813004FF0FF320592069313
:1016F00003AA5B4607A950460AF0E8F90028D1D1B1
:101700000023089A6260C4E90773099AF768A36125
:10171000A2604FF0FF33039AE260E362059A7B6BAD
:101720002261069A6261DBB9B9F1010F25D17869AE
:1017300012F0C6FC60630028B4D0B3692360B8F12E
:10174000010FB46108D1AC69286921460C30FFF75C
:10175000ECFA08B96369236200232B750120A7E71F
:10176000B269002A9ED1B9F1010F6363E5D004F19B
:101770002C0138460AF017F9DFE7B86912F0A0FC2F
:1017800060630028F3D18DE72DE9F04F9DB00D4641
:101790000893CB6904920133CB610B1D0646069377
:1017A00008984B6889680593C5E9011302EB00149A
:1017B00013469C4212D1059B0C9300230B91079377
:1017C000696830680AF082FA044678B114F1340F7F
:1017D00000F0898020461DB0BDE8F08FD8682A6AE5
:1017E00002445868121A2A621033E2E705F11C0815
:1017F0004FF0FF33102241460DA810270D93FCF740
:10180000D4F9CDE90187009406F1200922466B68DE
:1018100049463046FDF758FC04460028D6D182469A
:10182000B84626E0089B9A456CDA049A4FEA0A13F8
:1018300002EB0A1BD358434564D1DBE902420DA8F1
:1018400021460992FCF7B1F9099A0097CDE90142C6
:1018500049466B6800223046FDF736FC04460028F6
:10186000B4D1DBF804309844DBF80C300AF1010AFB
:101870001F442B6A23F00043043BBB42D2D80DF136
:101880003408CDE90078042302936B6800224946AE
:101890003046FDF719FC0446002897D14FF0FF377A
:1018A0000246776149463046FDF7E6FB04460028CC
:1018B0008CD13068036998470446002886D12B6A8A
:1018C0000A970AAA009223F0004302466968043B83
:1018D0003046FEF7C0FF044600287FF47BAF0A9A2B
:1018E0000D9B9A423ED04FF0FF3333620127002315
:1018F00011A90BA8CDE91137FCF746F940BB6FF0F1
:10190000330467E74FF0010B0599CDF800B011AB38
:1019100042463046FEF7C4FF044600287FF45AAF23
:101920005A4611A90DA8FCF740F911ABCDE9007397
:10193000CDF808B022466B6849463046FDF7C4FB37
:10194000044600287FF442AF08F10108013790E710
:1019500006993046FFF715F8044600287FF43AAFA1
:1019600007972DE7079B23B3434611AA0BA93046DF
:10197000FFF7A5F90028FFF62EAF29D06B680F936B
:101980004246AB68109311A9304609F0ADF8002823
:101990007FF421AF311D0BA8FCF7F6F818B96B687E
:1019A0007360AB68B3603046FFF7C4FD00287FF476
:1019B00012AF3469002C3FF40DAF0699201DFCF7DF
:1019C000E3F818B96B686360AB68A3602468F1E75B
:1019D00011AA0BA93046FFF76DFC0028FFF6FBAEFD
:1019E000E7D06B681A93AB681B9300231A4611A9C2
:1019F0003046FFF7C9FED9E72DE9F04F14460D46F2
:101A0000D279A1798DB0804660790AF05BF82B6AB3
:101A1000143023F0004383421DD101AA291D404602
:101A2000FFF748FC061E12DB099A002A13DA2B6A1C
:101A300063F00043134009936B6A0A93AB6A0B93FC
:101A400000231A4601A94046FFF79EFE064630468F
:101A50000DB0BDE8F08F2368E279A1796079019338
:101A60000AF030F80023CDE903330290012301AAE4
:101A700029464046FFF788FE06460028E7D1D8F8F9
:101A80000C7005F1040B4FF0FF3AD7B9D8F810707D
:101A900005F10408002FDAD04146381DFCF774F830
:101AA00068B9FD6823689D4209D9E279A179607916
:101AB0000AF008F8BB692D1A1B1AFD60BB613F686C
:101AC000E8E75946381DFCF75FF830B9D7F80C90B5
:101AD0002368994503D1C7E901AA3F68D5E7FCD936
:101AE000E279A179607909F0EDFFA9EB0000F860D7
:101AF000F3E7FEE7004870473050002080B582B021
:101B000000AF78602948FDF745FB7B681B681946E4
:101B10002748FDF73FFB7B685B6819462548FDF7C2
:101B200039FB7B689B6819462348FDF733FB7B68CC
:101B3000DB6819462148FDF72DFB7B681B691946B8
:101B40001F48FDF727FB7B685B6919461D48FDF7B9
:101B500021FB7B689B6919461B48FDF71BFB7B68D3
:101B6000DB6919461948FDF715FB194B1B6803F093
:101B70000103002B14BF01230023DBB2002B00D094
:101B800001BEFDF7FDF8FDF7FBF8FDF7F9F8FDF7ED
:101B900019F9FDF717F9FDF715F9FDF7F1F8FDF75C
:101BA000EFF8FDF7EDF8FCF71DF8EAE7389A0208C0
:101BB000489A0208549A0208609A02086C9A02082D
:101BC000789A0208849A0208909A0208AC9A02084D
:101BD000F0ED00E010B5074B044640F8243B11F04F
:101BE00003F82046044B40F81C3B10F08DF92046CA
:101BF00010BD00BFFCA4020870A5020810B5044681
:101C0000FFF7E8FF204612F063FA204610BD10B53A
:101C100090F89130012B044604D1436E13B1836ECA
:101C200004389847022384F891300023636694F8BF
:101C30004130202B0BD1282384F84130044B6363BF
:101C400020464FF40041BDE81040F0F7DABC10BD6B
:101C5000F92D0008436E1F2BDEBF436E0133436630
:101C600090F89130012B04D1416E7031014409F09C
:101C70003DB970470020F0F7BDBC0020F0F750BE22
:101C80000020F0F7B7BC0020F0F74ABE0020F0F7C4
:101C9000B1BC0020F0F744BE2DE9F04F15469A463E
:101CA000426EB14BD0F86C909A4285B004460E4615
:101CB00034D0AE494846F2F709F9AD490746A06E5F
:101CC000F2F704F9AB490190206FF2F7FFF8D4F86E
:101CD00074B0A94980465846F2F7F8F80090D7B199
:101CE000019BC3B1B8F1000F15D019463846F2F781
:101CF000F9F8009907464046F2F7F4F801468046A5
:101D00003846F2F7EFF860662FB1B8F1000F02D055
:101D1000002840F0F98005B0BDE8F08FB9F1FF3F31
:101D2000F9D1836E0133F6D1036F0133F3D1436FE1
:101D30000133F0D14FF40073A3614FF48273676EE7
:101D400063608E4B276018682FB18D4B9F4240F027
:101D5000E280F1F775FCB6EB500F80F0F480B6EB43
:101D6000900F80F0F280B6EBD00F80F0F080B6EBF1
:101D7000101F80F0EE80B6EB501F80F0EC80B6EBC9
:101D8000901F80F0EA80B6EBD01F2CBF30233823A1
:101D9000E361002D00F0E380022D00F0E280013DC0
:101DA00018BF01256D000123C4E904530723E36232
:101DB0004FF4E063E360BAFA8AF35B090026DB01C3
:101DC000C4E90836684BA6609F42A662666329D0C4
:101DD00066494846F2F76EF86549A06EF2F76AF870
:101DE000276F64493846F2F765F83B09B54214BFDE
:101DF0000122022213F00C0F02BF624903F00F030D
:101E000001EB830307F00F0708BFD3F88C055E4B87
:101E100018BF304653F82710F1F7BDFF5649606FE1
:101E2000F2F748F82368564A934240F0B3804FF4E3
:101E30008050F2F77DF84FF0B0431A6C42F48052B4
:101E40001A641A6C22F480521A64656A6768002367
:101E5000002D40F0C980B7F5827F00D0E561A36214
:101E600094F85D3003F0FF020BB984F85C2022681F
:101E7000E068A169022384F85D30136823F0400311
:101E80001360B0F5E06F4FF000038ABF1E464FF4B9
:101E90008056B0F5706F18BFA362A36807F482770D
:101EA00003F404433B43276907F002073B43676998
:101EB00007F001073B4301F400773B43E76907F074
:101EC00038073B43276A07F080073B431360636B87
:101ED00005F0100503F008032B4300F47060090CB3
:101EE000034301F004010B4333435360D36923F4EC
:101EF0000063D36100232366012384F85D301368F7
:101F000043F04003136006E7BBF1FF3F3FF412AF1D
:101F10004FF4802310E71D4B9F4202D1F1F77EFB67
:101F200019E7114B9F427FF416AFF1F775F84FF0A8
:101F3000B043174AD3F8083103F00F0352F82330A7
:101F4000B0FBF3F007E7002322E7082320E7102384
:101F50001EE718231CE720231AE7282318E72B463F
:101F600022E7002320E700BF000001584076020866
:101F700088760208D07602082477020864000020E0
:101F800000300140EC710208544F02080038004054
:101F9000304B0208164A93420ED14FF48040F1F7BD
:101FA00073FE4FF0B0439A6B42F480429A639A6B8F
:101FB00022F480429A6348E70E4A93427FF445AF89
:101FC0004FF0B0435A6E42F001025A665A6E02F068
:101FD00001020392039A5A6C42F001025A645A6C4D
:101FE00022F001025A6430E7C4E9043337E700BF46
:101FF000003800400000015870B500230D46164619
:10200000FDF7D8FB044618B931462846FCF75DFBBE
:10201000204670BDF8B5C368044615469AB10668F7
:102020008EB1D31802D287689F4207D22369084A2B
:10203000002B08BF134623610020F8BDB04710B93C
:102040002369044AF4E7E3682B44E3600120F4E7E2
:1020500098990208B7970208F0B5802A85B073F105
:1020600000010646D4B201A906D28DF8044001222F
:10207000FFF7D0FF05B0F0BDD50904F07F04084696
:10208000002253EA050C174602F1010208D13A4634
:1020900002F110036B44013203F80C4C3046E7E7C1
:1020A00064F07F04042A00F8014B05F07F044FEA36
:1020B000D515E6D1002BEBD0180100F070000443D9
:1020C000DB08002BE4D064F07F04545403F07F0459
:1020D0000132DB09F5E770B5002304460D461646CC
:1020E000FFF7BAFF28B1324629462046BDE87040C6
:1020F00090E770BDCB6970B504460D46002B7FD0CC
:102100008A7D098A09F08CFB002871D0A87D00F037
:102110000F030B2B71D8DFE803F006101010161612
:102120001C335050706DEB691A78003A204618BF86
:102130000122BDE8704000238EE729462046BDE815
:10214000704003F087BA29462046BDE8704003F08E
:10215000CDBAE96909B90A460EE03F280A880AD8CB
:102160006B8A023B934206D22369264A002B08BFA2
:10217000134623613CE002312046BDE87040AAE7E7
:1021800000F0C00080286B8AE9690ED013B923697A
:102190001D4AEBE7013B0029DDD000229A42885C12
:1021A00006D00028E8D00132F8E74FF0FF33F2E71D
:1021B0000028E1D02369154AD8E76A6A12B9236971
:1021C000134AD3E7092B06D0EA69696A2046BDE8BD
:1021D000704003F0EFB92A6A002AF5D052F8083CA3
:1021E000002BF1D0043A2946204698470028EBD12D
:1021F000002070BD6A8AE969BEE72369054AB5E730
:102200000120F6E7A4990208B8990208CB990208C0
:102210005A9902087A9802082DE9F0438B7D03F061
:102220003002302A87B005460C4608D10A6A118868
:10223000228A91420AD0012007B0BDE8F083102A1B
:1022400028D10A6AB2B11278002AF4D0E269002AD1
:10225000F1D003F0C003402B16D12368DB68002BBC
:10226000E9D022462946002098470028E3D12B696F
:10227000624A15E03F2BE9D80846FCF7B9FA002876
:10228000D9D1E369002BD6D02146284607B0BDE856
:10229000F0432FE7C96949B9002ACCD10369584AEC
:1022A000002B08BF13462B610020C5E703F0C001D7
:1022B0004029D2D0202AE7D1226A1688002EBAD02F
:1022C000802922D103F00F03052B5FD8228AD20088
:1022D00042F0020200232846FFF7BEFE0028E3D0AA
:1022E000A37D03F00F03042B15D1B7003A4600235A
:1022F0002846FFF7B1FE0028D6D0296871BB3A46C0
:10230000284607B0BDE8F04384E6A28AB242D9D29B
:1023100003693C4AC4E7052B01D1F700E6E7142224
:10232000002101A811F03DFDD4F81C8000272146B2
:1023300001A803F08FF928B92B69002BB3D1059BB5
:10234000314AADE7E369628A01371344E361BBB206
:102350009E42ECD8049FC4F81C80C7E70027A37DE9
:1023600003F00E03042B214628460CD103F0BEF9DE
:10237000002899D0E369628A01371344E361BBB254
:102380009E42ECD857E703F065F9F1E74FF00008FB
:10239000A27D02F0CE03862B2BD1E769D7F80090FF
:1023A000C4F81C90B9F1000F1BD1218A284609F00E
:1023B00037FA08B9E76177E7012201A928468DF8C5
:1023C0000490FFF727FE0028F4D0E761E369628AF2
:1023D00008F101081344E3611FFA88F3B342D7D32D
:1023E00029E721462846FFF785FEE7610028EDD161
:1023F0005AE721462846FFF77DFEF7E7DF990208F6
:10240000F0980208EE990208069A020830B595B0D5
:1024100004466846FCF736F970B39DF8163003F0B1
:102420000F030A2B21D1079B1D681DB96846FBF7D6
:10243000A8FCF1E72B685B68294623B12046984742
:1024400058B1AD68F1E70AA8FCF72CF940B9236947
:102450000A4A002B08BF13462361002015B030BD87
:102460000AA92046FFF7D8FEEAE769462046FFF7AB
:10247000D3FE0028DAD1F0E70120EFE7BD9802088B
:10248000F0B5404B044618688BB0B0B14389042BBB
:1024900013D18389042B10D190F8FA306BB1F3F784
:1024A0003DFA50B994F859303BB10123E37284F8F6
:1024B0005900002528460BB0F0BD334B00211868A9
:1024C000F2F71EFD10B90123E372F2E72F4FD7F8A0
:1024D0005405002832D12E4D0026E67295F896302C
:1024E000002B42D12B4A6B681021684612F098F9F4
:1024F00006AB684604930BF00BFD4FF000030DEBA9
:102500000002694604A8F2F760FC0499224811F021
:10251000E7FC04A810F068FBD7F8540510B10421BB
:10252000F6F7E6FD2046F8F7D7FE1B4BA2690546F5
:10253000E9211030F6F7C2FEE881BBE70421F6F787
:10254000C7FB94F8583043B90028C4D0134B144A41
:102550001B681B1A9342BED8B5E70028BBD00F4BAF
:102560001B684EF65F221B1AF4E7B5F89830002B73
:10257000B8D02022314605F19A0011F012FCA5F8DE
:102580009860AFE7AC4A0020AC1B0020D84A00207E
:102590006409002019910208B60900207803002080
:1025A000BF270900F8B504467C3006F099FCD4E951
:1025B0002267BE4208D0354628460C3506F059FC45
:1025C000AF42F9D1C4F88C60012384F89430F8BD8F
:1025D000F8B5D0E92267BE42044608D03546284601
:1025E0000C3506F046FCAF42F9D1C4F88C600023EC
:1025F00084F89430F8BD184B70B5D0E922560360CA
:102600003C330446C362AE421CD1D4F8880008B102
:1026100011F05EFD04F17C0006F02BFC254604F170
:10262000700006F026FC04F12C000AF05FF855F863
:10263000200FA8420BD1094B23602046F5F7B0FAD2
:10264000204670BD284606F014FC0C35DBE7066812
:1026500011F03EFD3046ECE790770208F47702086F
:10266000A0F12C00C7E710B50446FFF7C4FF2046D1
:1026700011F02EFD204610BDA0F12C00F3E72DE94E
:10268000F04FD1F804318BB005460F46144603BB1A
:10269000A14604F1040A04F1240604F126084FF0CF
:1026A000FF313846F3F790FC002850DAAF4E7A68D5
:1026B00073680193D7F80431002B6FD0B4F850A0A1
:1026C00004F12E0804F1300B04F1500904F1520317
:1026D0006DE0A64B118858687B68834216D00023B2
:1026E00099421A4609D904EB8202013352688242A8
:1026F000DBB2F5D1FF2B5EB209D104F12E0904F152
:10270000300A04F1500604F15208C8E70026B1422D
:1027100016BF04EB8603D7F80080D3F80480B8F125
:10272000FF3FEAD023889E4208DB3868414606F026
:10273000A1FED7F80431002BDFD1A9E704EB860313
:1027400041465868013606F095FE76B2EAE7B9F8D8
:102750000030C01A40B200224FF0FF3C51B281421B
:10276000B9F8003011DB32889B1A5BB2002280205E
:1027700051B299429ADA318807299FBF08F80100BF
:102780003188013131800132F2E7072B9EBF4AF8D0
:1027900023C00133A9F800300132DFE7B4F824A0E8
:1027A000A04604F1040B04F1240904F12603BAF154
:1027B000070F039311D8D7F81C0102924FF0814103
:1027C0000BF034FD0BF082FE039B029A03F80A0023
:1027D000B9F800300133A9F80030019B9A4209D0C2
:1027E000B8F80030072B9FBF72684BF823200133E5
:1027F000A8F800305E4A2346E92107F11000F6F7F9
:102800005DFDF881D5F898C0BCF1000F20D0D7F855
:10281000043103B33B68A3EB0C0043424341002265
:10282000B4F800800020C1B241451ADB0021E78DD9
:102830004FF0000E5FFA8EF0B8421ADBB8F1000FCD
:1028400000F0A280002F40F0A680C9B9C3B9BAB980
:102850000BB0BDE8F08F7A687168511A4A424A415C
:10286000DEE704EB8101013049688C45DBD10121B1
:10287000DDE70C300EF1010E54F820008445D9D16B
:102880003C4904A806F01AFB23887068002B00F06E
:10289000C48006F0CCFD014604A806F065FB4FF0AD
:1028A00000084FF000094FF07A5B238832495FFA45
:1028B00088F79F4204A878DB06F056FBD5F898000D
:1028C00006F0B5FD014604A806F04EFBA38C0BB341
:1028D000234493F9253080331CD0284904A806F0FE
:1028E00043FBA38C234493F925000BF04BFC4FF0E2
:1028F0007A510BF09BFC014607A806F0EFFC07A9F4
:1029000004A806F02EFB07A806F0B3FA1C4904A899
:1029100006F02AFB1B4904A806F026FBE38DD5F838
:102920009800002B40F09B8006F081FD014604A832
:1029300006F01AFB104904A806F016FB706806F0B2
:1029400076FD014604A806F00FFBB4F85030002BCA
:1029500000F0C58094F95230803300F0C080074900
:1029600004A806F001FB94F95200A3E064090020DA
:10297000807402083B9B02080D9A0208119A020813
:10298000139A0208309D020800293FF45FAF002F20
:102990007FF476AF5AE7002B7FF472AF002A7FF402
:1029A0006FAF00293FF454AF6AE706F0DDFA04EB9D
:1029B0008703586806F03BFDA38CBB4282462AD9A8
:1029C000274497F9260010F1800F24D00BF0DAFB92
:1029D00059460BF02BFC0746514604A806F0C4FAF2
:1029E000494638460BF0E8F990B9694904A806F061
:1029F000BBFA394607A806F071FC07A904A806F03F
:102A0000B0FA07A806F035FA624904A806F0ACFA55
:102A100008F1010849E74F46DEE706F008FD0146E8
:102A200004A806F0A1FA5C4904A806F09DFAD5F8BE
:102A3000980006F0FCFC014604A806F095FAA38C69
:102A4000002B3FF467AF94F9263080333FF462AF38
:102A50004F4904A806F088FA94F9260045E706F0E5
:102A6000E6FC014604A806F07FFAE78D013F7FB23D
:102A70004FF000094FF07A5B3B06474904A84DD55B
:102A800006F072FA706806F0D2FC014604A806F05F
:102A90006BFAB4F8503013B3234493F951308033B8
:102AA0001DD03B4904A806F05FFAB4F85030234427
:102AB00093F951000BF066FB4FF07A510BF0B6FB27
:102AC000014607A806F00AFC07A904A806F049FA7F
:102AD00007A806F0CEF92F4904A806F045FA04A984
:102AE0002846FFF75FFD022385F859302B4B1B6802
:102AF0002B660023C5F8983005F12C004FF47A714D
:102B0000F2F782FA012307A905F120008DF81C30A5
:102B100006F07CFC04A806F0ACF999E606F024FA6D
:102B200004F1300353F8270006F081FCB4F850306C
:102B3000BB42824629DD04F15203D85710F1800FC1
:102B400023D00BF01FFB59460BF070FB804651461B
:102B500004A806F009FA494640460BF02DF990B951
:102B60000B4904A806F000FA414607A806F0B6FB98
:102B700007A904A806F0F5F907A806F07AF90549AF
:102B800004A806F0F1F9013F76E7C846DFE700BF89
:102B9000119A0208139A02080D9A0208780300207D
:102BA000A0F12C000CF0D0B9704770470846704770
:102BB0007047406C18B970478B4204D018300378C6
:102BC000002BF9D11846704790F8282012B10368FD
:102BD0001B6C184770470748074B084A1B68B3FB34
:102BE000F2F310B544684B434268121B9342FBDC7E
:102BF00010BD00BF001000E06400002040420F0044
:102C0000014B1868704700BF78030020DFF838C018
:102C1000F0B50024944200D1F0BDC5690E5D2D6869
:102C2000DCF80070AF68BF07FCD52E73AE68F607FE
:102C3000FCD52E7BDCF80070F6B2AF683F06FCD402
:102C40001E550134E6E700BF780300207047C369D2
:102C5000002B42D0022283F85D201A68116821F00F
:102C6000400111600021196683F85C1083F85D1043
:102C70001A4B9A420ED14FF0B0431A6C42F4805274
:102C80001A641A6C22F480521A641A6E22F480526A
:102C90001A667047124B9A420ED14FF0B0439A6BAE
:102CA00042F480429A639A6B22F480429A639A6D4E
:102CB00022F480429A6570470A4B9A420DD14FF038
:102CC000B0435A6C42F001025A645A6C22F001027D
:102CD0005A645A6E22F001025A6670470030014071
:102CE00000380040000001587047CBB2192B09D8BA
:102CF0000E4A52F8233001F4E0601843431C18BF19
:102D00000846704701F0C002C02A0CD1C82B0AD86F
:102D1000074B01F03F0201F4E06053F82220034B1F
:102D200053F82230E9E74FF0FF3070471866020889
:102D30006C7502080368D3F8D43018470368D3F8D9
:102D4000D8301847012A02D1016000207047022ABA
:102D500005D0032AF9D0002AF7D10260F5E70B6805
:102D60000360F2E74AB116290B466FF00800A8BFCE
:102D700016238342B8BF034613700931C9B21F2915
:102D80008CBF6FF00C000020704710B5012986B091
:102D900006D002292BD0C9B16FF0130006B010BDC8
:102DA000002203680592194A04924FF0080C0A2287
:102DB000CDE9022C4FF0120E0722CDE9002E144966
:102DC000D3F8E840134A0923A047E7E70F4A03680E
:102DD000039210240A22CDE901240F4A04910092A3
:102DE000D3F8EC400D4A0E4B0949A047D6E7002323
:102DF00002680393054B02930A210123CDE90031B8
:102E00000349D2F8F4400622A047C7E7CDCCCC3F17
:102E10000000D9430000FA4233331C439A99994089
:102E20000000A0402DE9F3411D4603681B690446DC
:102E30000F4616469847002844D16DB92368002EE6
:102E4000DB6F14BF3146FF21204698474FF47A7359
:102E500000EB8000B0FBF3F528460BF08FF92B490F
:102E60000BF0E4F92A490BF095FA0BF055FB2368B7
:102E700000220092D3F81C800146022340F2722205
:102E80002046C047F0B9A36C186803685B6A98478E
:102E90008046A36C1868596A026812699047A0B10D
:102EA0000025236820461B69984718B16FF43073DA
:102EB000984207D12368C5B123682046DB6A98474A
:102EC0006FF0050002B0BDE8F081A36C18680368DC
:102ED0005B6D9847A36C186803685B6A9847A0EB22
:102EE00008008542D5D20125DBE7D3F8843020469F
:102EF0009847236B1842DFD123681B6B3246394653
:102F0000204602B0BDE8F041184700BF00007A44F7
:102F100000007A4130B5074B05460FCB85B06C46B3
:102F200084E80F002B682146D3F8A0302846984744
:102F300005B030BDBC7B0208036810B5D3F89430EF
:102F40000446984728B110BDA36C186803685B6DF0
:102F50009847A36C1868596A02681269904700285C
:102F6000F2D023682046D3F89830BDE810401847C7
:102F7000036810B5D3F8E43044F2FF3104469847B3
:102F800028B9236820461B69BDE81040184710BDCA
:102F900013B5036800220092DC6940F2722202231A
:102FA0006FF07F41A04702B010BD30B5074B05461A
:102FB0000FCB85B06C4684E80F002B682146D3F810
:102FC00094302846984705B030BD00BFBC7B02084E
:102FD00082B02DE9F041012906A880E80C000B9C85
:102FE0009DF826609DF8277009D0022975D0002928
:102FF0004BD06FF01300BDE8F04102B070479DF870
:10300000188042F2107000FA08F00BF0B7F851493E
:10301000054607980BF00AF9014628460BF0BAF965
:103020000BF07AFAA8F10503DBB2012B9DF82830EA
:1030300005468BBF08210021112019200BBB4FEA48
:10304000880304EB4707002EC8EB47020CBF142689
:10305000002601EB8201DBB2314409B25A1E00297D
:10306000A8BF521892FBF3F3BDF824209DF820105E
:103070009BB2083201FB032300EB83006843800806
:10308000B9E7A8F102039B00DBE7F8000BF07AF840
:10309000054630460BF076F8014628460AF0BEFF9A
:1030A0000546BDF824000BF06DF8014628460AF0ED
:1030B000B5FF0546E0000BF061F8014628460AF02E
:1030C000ADFF2549044606980BF064F901462046F9
:1030D0000BF060F90BF020FA8DE79DF81930032B07
:1030E00034D8DFE803F002282D300623634304338D
:1030F0000522B3FBF2F39CB23022B4FBF2F303EBF4
:10310000830000EB800002FB13444000A4B280B2B5
:1031100014B10234204480B29DF82430C3EBC302C2
:1031200003EBC20300EB43000C4B80B258430BF09F
:1031300025F80B49CCE704EB4404C4F34F04DBE768
:103140006400A4B2D8E704EB4404FAE76FF0090086
:1031500051E700BF0000204100007A4400127A00CD
:103160001D24F44308B508460BF008F802490BF09B
:1031700011F90BF0D1F908BD00007A41036889B25A
:10318000D3F8E4301847806C704700F00E03062B2C
:103190000BD0082B0CD00A2B0CD00138C0B2FD2864
:1031A0008CBF6FF00100002070476FF430707047E3
:1031B00001487047014870473EFDFFFF3DFDFFFF9E
:1031C00010B5B0F89230B0F89610B0F890400246C2
:1031D00003F001005B0818B1B2F8940043409BB2C1
:1031E000994214BF81EA030008468442F0D3A2F852
:1031F000923010BD836C2DE9F0411D682A680446A9
:103200005769926D0E462846596A9047A36C1B6811
:10321000014632462846BC465B69BDE8F04160473E
:10322000836C70B51C68596A226820469569926D56
:1032300090472B4601462046BDE87040184703687A
:10324000D3F8D43018470368D3F8D830184730B5CE
:1032500085B004AC04E90E009DF82030029C032BDD
:1032600007D1036808A9D3F8C430984718B105B04E
:1032700030BD4FF0FF309DF82030CBB9019D1F4984
:1032800028460AF0B7FD68B31D4928460AF0A8FD94
:1032900040B31A4920460AF0ADFD30B31949204623
:1032A0000AF09EFD002814BF00206FF06500DEE7E5
:1032B000012BDCD19DF80430053B072B18D80021E9
:1032C00020460AF097FDB0B10F4920460AF088FD6C
:1032D00088B19DF80C30043B042B94BF00206FF0A4
:1032E0000900C4E76FF06400C1E76FF06500BEE756
:1032F0006FF00800BBE76FF00700B8E79A99193F35
:1033000000009643000048430000FF436FF01800A0
:1033100070476FF0180070476FF01800704703682F
:1033200000215B6918476FF0180070471FB50293C2
:10333000069B03930368CDE90012D3F8C8306A46B0
:1033400002210446984720B923682046D3F8CC30A0
:10335000984704B010BD30B585B00025CDE90255C1
:103360008DF808300368CDE90012D3F8C8306A46FA
:1033700003210446984720B923682046D3F8CC306F
:10338000984705B030BD6FF0180070476FF0180017
:1033900070476FF0180070476FF0180070476FF0BB
:1033A000180070476FF01800704784B004A800E957
:1033B0000E006FF0180004B07047002070470148FD
:1033C000704700BF0000C8C182B08DE80C0000202B
:1033D00002B0704700207047002330B51A4601251F
:1033E0000C3005FA03F40C4204D050F823401F2C93
:1033F00018BF22430133202BF3D1104630BD6FF0AC
:10340000180070476FF01800704700207047704731
:103410006FF0180070471020704720207047214B34
:103420000A781A44127C02704A791A44127C42705B
:103430008A7A1A44127C8270CA7B1A44127CC27047
:103440000A791A44127C02714A7A1A44127C427137
:103450008A7B1A44127C8271CA781A44127CC27127
:103460000A7A1A44127C02724A7B1A44127C427213
:103470008A781A44127C8272CA791A44127CC27207
:103480000A7B1A44127C02734A781A44127C4273F3
:103490008A791A44127C8273CA7A13441B7CC373E0
:1034A000704700BFBC7B0208284B0A781A4492F888
:1034B000102102704A7B1A4492F8102142708A7AD5
:1034C0001A4492F810218270CA791A4492F8102195
:1034D000C2700A791A4492F8102102714A781A448B
:1034E00092F8102142718A7B1A4492F8102182715D
:1034F000CA7A1A4492F81021C2710A7A1A4492F8D0
:10350000102102724A791A4492F8102142728A7884
:103510001A4492F810218272CA7B1A4492F8102140
:10352000C2720A7B1A4492F8102102734A7A1A4432
:1035300092F8102142738A791A4492F8102182730A
:10354000CA78134493F81031C3737047BC7B0208E8
:10355000F0B50E7891F801C08D78CF78F40904EBBE
:1035600044044FEADC1104EBC40401EB410184EA9A
:1035700046048CEA050E01EBC101E4B287EA0E0EA7
:1035800081EA4C01C9B2EB0984EA0E0E81EA0E0E03
:10359000FA0903EB430303EBC30302EB420280F897
:1035A00000E086EA050E83EA450387EA0E0E86EA06
:1035B0000C0602EBC202DBB282EA470281EA0E018C
:1035C00077407540D2B259406C407B4053406240D6
:1035D00041708370C270F0BD2DE9F04F91F800B0DA
:1035E0004E78CF788D784FEADB1303EB430303EB80
:1035F000C30387B083EA4B03DBB20193F309FA09F3
:1036000003EB430303EBC30302EB420283EA4603EB
:1036100002EBC20282EA4702DBB20293D3B24B4A08
:10362000039302EB961402EB971C94F810429CF85B
:1036300010C284EA8604E3B28CEA870C04935FFA32
:103640008CF302EB5B1C02EB95149CF810A2059323
:1036500002EB561C019B9CF8108294F8104202EB7E
:10366000551C84EA85049CF810E202EB571C02EB1F
:103670009B129CF810C292F8109286EA05027A40DA
:103680005A40029BE4B288EAC6085A405FFA88F8BA
:103690008AEACB0A8EEAC50E62405FFA8EFE5FFAB6
:1036A0008AFA8CEAC70C89EA8B0988EA02025FFA77
:1036B0008CFC8AEA09098EEA0202E9095FFA89F9B3
:1036C0008CEA020289EA020201EB4101027001EB7D
:1036D000C1018BEA05027A4081EA4501C9B2534033
:1036E000049A4B405340059A53408AEA030388EA00
:1036F00003038EEA03038CEA03038BEA0606437096
:103700007740039B039A79405940019B75406B4079
:103710005340049A5340059A4C40534088EA0404AD
:103720008AEA030A8EEA040488EA0A088CEA040496
:103730008EEA080E89EA04098CEA0E0C80F80290E1
:1037400080F803C007B0BDE8F08F00BFBC7B020863
:103750002DE9F041846888B0531E0D46671E0F3274
:1037600004AE13F8011F17F801CF934281EA0C0150
:1037700006F8011BF5D1077910343E46A046012E0C
:103780001BD87B1E002FDBB24FEA031308BF0023B8
:103790001C4404A96846FFF742FE013D631E0F3436
:1037A00013F8011F10F8012BA34282EA010205F869
:1037B000012FF5D108B0BDE8F08104A96846FFF7F4
:1037C0002EFE694604A8FFF7C3FE01A905A8FFF76E
:1037D000BFFE02A906A8FFF7BBFE07A803A9FFF7D3
:1037E000B7FE08F1FF3304AA08F10F00117813F8AF
:1037F00001CF81EA0C01834202F8011BF6D1013EA0
:1038000008F11008F6B2BAE72DE9F04384680779A9
:1038100089B00D4604EB071404A9531E661E0F322F
:10382000894613F8010F16F801CF934280EA0C0085
:1038300001F8010BF5D149466846FFF735FE3E46D3
:10384000A046012EA8F1100819D87B1E6FF00F02B8
:10385000DBB2002F02FB03F308BF00231C44A218B5
:103860006B46013D12F8010B13F8011BA24281EADD
:10387000000105F8011FF5D109B0BDE8F0836A46E3
:10388000434608F11000117813F801CB81EA0C01CE
:10389000834202F8011BF6D169464846FFF79CFEB9
:1038A00001A905A8FFF798FE02A906A8FFF794FE54
:1038B00003A907A8FFF790FE013E49466846FFF7B7
:1038C000F3FDF6B2BDE730B50A4B4D789C181D44A8
:1038D00094F818422A7C624002708A781A44127C5A
:1038E0004270CA781A44127C82700A7813441B7C96
:1038F000C37030BDBC7B02080A78084B1A44127CA6
:1039000002704A781A44127C42708A781A44127CF7
:103910008270CA7813441B7CC3707047BC7B02085A
:103920002DE9F04F9FB016AD0A91041D00F124035C
:10393000AB46206861682E4603C608349C42354673
:10394000F7D1531ECDF824B00F3212A85C4613F8FD
:10395000015F14F8011B934281EA050100F8011B85
:10396000F5D10EA812A9FFF75AFD014612A8FFF7DC
:10397000EFFD0FA913A8FFF7EBFD10A914A8FFF79F
:10398000E7FD15A811A9FFF7E3FD0DF1670012AAE5
:103990001023117810F8014F013B614013F0FF0331
:1039A00002F8011BF5D101220DA81DA90B92FFF70A
:1039B0008AFF9DF858A09DF834309DF859909DF8E5
:1039C0005A809DF85B709DF860109DF85D20029212
:1039D0008AEA030A9DF835308DF858A089EA030970
:1039E0009DF836308DF8599088EA03089DF83730F5
:1039F0008DF85A805F409DF85C3001938AEA03039A
:103A00008DF85C304B4000938DF860309DF861304C
:103A10008DF85B7089EA02069DF85E208DF85D6086
:103A20005E409DF86230039288EA02059DF85F20AF
:103A30008DF85E505D409DF86330049287EA020481
:103A40008DF85F405C408DF861608DF862508DF8B4
:103A500063409DF864300593059A009B53408DF8B0
:103A600064309DF86530069373408DF865309DF89D
:103A7000663007936B408DF866309DF86730089389
:103A800019A963408DF86730FFF736FF9DF868107D
:103A90009DF834309DF835009DF86AC09DF837E0F8
:103AA00059409DF869308DF8681043409DF8360004
:103AB0008DF869308CEA000C9DF86B008DF86AC0B7
:103AC00080EA0E009DF86CE08DF86B0081EA0E0133
:103AD0009DF86DE08DF86C1083EA0E039DF86EE0A2
:103AE0008DF86D308CEA0E0C9DF86FE08DF86EC08D
:103AF00080EA0E009DF870E08DF86F0081EA0E01FB
:103B00009DF871E08DF8701083EA0E039DF872E065
:103B10008DF871308CEA0E0C9DF873E08DF872C050
:103B200080EA0E009DF874E08DF8730081EA0E01C2
:103B30008DF874109DF875104B408DF875309DF818
:103B400076308CEA030C9DF877308DF876C05840BB
:103B50008DF8770012A90EA8FFF761FC014612A8A4
:103B6000FFF7F6FC0FA913A8FFF7F2FC10A914A8A1
:103B7000FFF7EEFC11A915A8FFF7EAFC0B9ADC464B
:103B800012A9102308781CF801EB013B80EA0E0013
:103B900013F0FF0301F8010BF4D10EA812A90B9248
:103BA000FFF73DFC014612A8FFF7D2FC0FA913A8AE
:103BB000FFF7CEFC10A914A8FFF7CAFC11A915A89D
:103BC000FFF7C6FC0B9A0DF1670C12A910230878B9
:103BD0001CF801EF013B80EA0E0013F0FF0301F82F
:103BE000010BF4D10132D2B2072A7FF4DDAE1DA958
:103BF0000DA8FFF768FE9DF837309DF834009DF85A
:103C000035109DF836205F408DF85B70019F47406E
:103C10008AEA000A8DF85C703846029F8DF858A039
:103C20004F4089EA01098DF85D703946039F8DF890
:103C30005990574088EA02088DF85E703A46049F12
:103C40008DF85A805F403B465C408DF85F708DF880
:103C50006340009F059C4740444006988DF8607083
:103C600048404E4007998DF8650051405540089AEC
:103C70008DF866105A4012A90EA88DF867208DF8AD
:103C800061608DF862508DF86440FFF7C8FB0A9BB5
:103C90005A1E0F33099D10F8011B15F8014B0995A9
:103CA000614002F8011F9A42F4D11FB0BDE8F08FC5
:103CB0002DE9F04F97B00EAD039100F1240400F10F
:103CC0004403AB46206861682F4603C708349C4212
:103CD0003D46F7D10AA9531ECDF804B00F325C4619
:103CE0000D4613F8017F14F8010B9A4280EA070091
:103CF00001F8010BF5D1294606A8FFF7D5FBDDE950
:103D000010019DF840709DF841209DF842309DF8CB
:103D100043409DF838909DF8398041409DF83C0023
:103D2000119187EA00018DF840109DF83D109DF833
:103D30003A704A408DF841209DF83E2053408DF85E
:103D400042309DF83F305C408DF843409DF83B4049
:103D500080EA090081EA08017A4063408DF83C005E
:103D60008DF83D108DF83E2015A9072205A88DF885
:103D70003F30FFF7A8FD9DF8143089EA03099DF84C
:103D800015308DF8389088EA03089DF816308DF8C4
:103D900039805F409DF817308DF83A705C408DF89F
:103DA0003B40062406AB0DF1470602933746194601
:103DB0000022087817F801CF0132D2B280EA0C0055
:103DC000102A01F8010BF4D106A92846FFF704FCDC
:103DD00007A90BA8FFF700FC08A90CA8FFF7FCFB3C
:103DE00009A90DA8FFF7F8FB294606A8FFF75CFB19
:103DF0005F4601460022087817F801CB0132D2B2A3
:103E000080EA0C00102A01F8010BF4D106A928461B
:103E1000FFF7E2FB07A90BA8FFF7DEFB08A90CA838
:103E2000FFF7DAFB09A90DA8FFF7D6FB294606A87C
:103E3000FFF73AFBDDE914129DF850009DF84C7035
:103E40009DF851809DF852E09DF848A09DF849905A
:103E50009DF853C04A40159280EA07029DF84D0034
:103E60009DF84E108DF8502088EA000287EA0A0774
:103E70009DF84A808DF851208EEA01028DF852207B
:103E80008DF84C709DF84F209DF84B7080EA09002A
:103E900081EA08018CEA020C8DF84D007A408DF819
:103EA0004E1005A811A98DF853C08DF84F20FFF7CB
:103EB00023FD9DF814209DF83CC09DF843E08AEA5C
:103EC000020A9DF815208DF848A089EA02099DF89C
:103ED00016208DF8499088EA02089DF817209DF871
:103EE00041908DF84A8057408DF84B709DF8407096
:103EF0009DF842809DF838A087EA0C07DDE9101292
:103F00008DF840709DF83D7089EA07094A408DF8A8
:103F100041909DF83E109DF83990119288EA010871
:103F200087EA09079DF83F208DF842808DF83D70A3
:103F30009DF83A809DF83B708EEA020E81EA0801F6
:103F40007A408CEA0A0C8DF83E108DF83F2015A9B6
:103F500022468DF843E08DF83CC0FFF7B4FC9DF895
:103F600014208AEA020A9DF815208DF838A089EA03
:103F700002099DF816208DF8399088EA02089DF80C
:103F800017208DF83A80013C574014F0FF048DF85B
:103F90003B707FF407AF06AA117816F8010F0134C1
:103FA000E4B24140102C02F8011BF5D106A92846C5
:103FB000FFF712FB07A90BA8FFF70EFB08A90CA837
:103FC000FFF70AFB09A90DA8FFF706FB294606A87B
:103FD000FFF76AFA039B039A013B02F10F0602996D
:103FE000019811F8012B029110F8011B01904A4031
:103FF00003F8012F9E42F2D117B0BDE8F08F406860
:104000000368DB68184770B50446406803689B681E
:104010000D4616469847102807D160680368324657
:1040200029461B69BDE870401847002070BD2DE986
:10403000F04704460F4616461D4600F1080800F1F9
:1040400018094FF0000A0DB9BDE8F08794F8283040
:104050000F2B0ED894F82800C0F11000C0B2A8426F
:1040600020D82D1A06EB000C394666451CD10744B2
:10407000E9E76068036849465B694246984794F8F7
:10408000290084F828A0102101238842E2D24A1E88
:10409000D1B254FA82F292F808C063441372C3F3A7
:1040A0000F23F2E7E8B2DCE794F8283016F8012B8A
:1040B00003F1010E234484F828E01B7E534001F8ED
:1040C000013BD2E710B40468A469A44610BC604761
:1040D0002DE9F047CC691326E30F0D1F24F00044AF
:1040E0000027A3FB0636CC61AC46B9464FF0260E3E
:1040F000DCF824805CF8044FCA46E8FB0E4A01371E
:10410000E418FFB246EB0A03BA42CCF800404FF085
:104110000006EDD1082A0CD051F82240E41841F8ED
:10412000224002F10102D4B246F100030026082C1D
:10413000F1E72624A3FB043204FB0622CC691326F4
:10414000E70FE7FB063224F000460C462F4644F802
:104150001C6F57F8046FF61842F10003BC423E6032
:104160004FF00002F5D12E46132756F8043FDB1915
:1041700042F10007B44233624FF00002F5D1CB6B3D
:10418000DE1723F00043CB63043855F8042F2B6A65
:10419000534033405340AC4240F8043FF5D1BDE8B2
:1041A000F087F0B589B06D46034600F1200701465F
:1041B000002613202C4651F8042B121846F100005B
:1041C0008F4245F8042B4FF00006F4D1079AD6171A
:1041D00022F00042191FF04307921C3351F8045F8C
:1041E00054F8042B6A4032406A408B420A60F5D191
:1041F00009B0F0BD2DE9F04F93B002AF0024D1F823
:1042000000C00B4602F1200816462546394656F8EE
:1042100004EBEEFB0C45464547F8044B2C464FF0AB
:104220000005F4D10A940AAF03F11C09019553F873
:10423000044FA7F11C0E254694460026DEF80040E8
:104240005CF804ABDDF804B0EAFB054BA4194BF1B4
:104250000006C4454EF8044BF0D1994547F8046F69
:10426000E5D10822FFF734FF13B0BDE8F08F0A460E
:10427000C0E7F0B4002401F1200C0546264651F8B1
:10428000043B52F8047BDB1946EB06071B1947F188
:104290000004614545F8043BF1D1F0BC81E7F0B57D
:1042A000002301F12007054651F8044B52F8046B36
:1042B00003F00103E41A63EB0303A41B63F100039F
:1042C000B94245F8044BEFD1014603F0130251F80F
:1042D000043B04469B1A44F8203B62EB02020B6845
:1042E00002F001029B1A41F8043B62EB0202A14278
:1042F000F5D123F00043C361F0BD404230B5A1F1D8
:10430000040065EB0505043A1C3150F8044F52F8DF
:10431000043F63402B405C4004601468884284EA98
:1043200003041460F1D130BD402070470E4A0F4B9A
:104330000F49DFF840C0C0E902230F4BC0E9041366
:104340000E4BC0E906C30E4B036203F17453A3F591
:104350002303A3F692434362002380F870300022C7
:104360000023C0E91A23704767E6096A85AE67BB78
:1043700072F36E3C7F520E513AF54FA58C68059B47
:10438000ABD9831F2DE9F04F00F124058BB000F16C
:1043900064072B4653F8042F12BA9F421A60F9D1D2
:1043A00083680293C3680393036904934369059385
:1043B00083690693C3690793036A0893436A099361
:1043C000DDE908B8DDE9061CDDE904E9DDE90246BE
:1043D000594B0193019B55F804AF53F8042B0193FB
:1043E0004FEAF12383EAB113524483EA7163134421
:1043F00001EA0C0A2BEA010282EA0A02134486EA65
:104400000E024344224006EA0E0882EA08024FEAFE
:10441000743888EAB40888EAB4589844AF424B44E8
:104420004244F146D84678D110250195019D0F3DB3
:1044300005F00F050A3550F825A0019D023D05F055
:104440000F050A3550F82590019D05F00F08073D2E
:1044500005F00F0500EB88080A35D8F8287050F8E9
:1044600025503D442F464FEABA4585EAFA1585EABC
:10447000DA054FEAF94A8AEA794A8AEA992A3D44F2
:1044800055444FEAF329C8F8285003EA010A89EA9B
:10449000B3192CEA030889EA736988EA0A08C84450
:1044A000254FDDF8049057F82970B844A84408EB6C
:1044B0000B054FEA723984EA060889EAB20908EA6C
:1044C000020804EA060A89EAB25988EA0A08C844D6
:1044D000A84405EB0E09019D0135402D0195B64616
:1044E000E34621D1029D45448560039D1544049A0D
:1044F000C56022440261059A32444261069A4A44E8
:104500008261079A1A44089BC2610B440362099BAB
:10451000634443620BB0BDE8F08FE346B6468C4679
:1045200026461946144655E78C4626461946144633
:104530004B4642467AE700BFE07D0208102A70B57C
:1045400048D100F10C0301F1100251F8044B43F87B
:10455000044B9142F9D100F1180100F1B806012590
:104560000423042B01F1040020D12A46FFF7ABF904
:104570000B7911F80C2CCC7953400B7111F80B2CE2
:104580004B7953404B7111F80A2C8B7953408B7146
:1045900011F8093C01355C40EDB200230133B04213
:1045A000CC71DBB20146DCD1012070BD11F80C4C9E
:1045B0000A7862400A7111F80B4C4A7862404A71DD
:1045C00011F80A4C8A7862408A71CC7811F8092C6B
:1045D0005440E3E70020E8E7202A70B55DD100F100
:1045E0000C0301F1200251F8044B43F8044B9142B3
:1045F000F9D100F1280100F1F80601250824082C62
:1046000001F1040020D12A46FFF75DF90B7911F87A
:104610001C2C53400B7111F81B2C4B7953404B71E0
:1046200011F81A2C8B7953408B7111F8192CCB7916
:1046300001355340EDB200240134B042CB71E4B2F5
:104640000146DCD1012070BD042C15D1FFF754F9CF
:104650000B7911F81C2C53400B7111F81B2C4B7962
:1046600053404B7111F81A2C8B7953408B71CB79D5
:1046700011F8192C5340DFE711F81C2C0B7853402C
:104680000B7111F81B2C4B7853404B7111F81A2CFD
:104690008B7853408B71CB78EAE70020D3E7202A50
:1046A0000AD1043001F1200351F8042B40F8042B07
:1046B0009942F9D101207047002070472DE9F04F51
:1046C00091B004460D46FFF7EAFF0C90002800F079
:1046D0004481294604F1240305F1200251F8040B1A
:1046E00043F8040B9142F9D104F14003039304F120
:1046F00030034FF0010B0D935A4603990FA8FFF7B3
:10470000E2F894F824A09DF83C3094F8259094F8B1
:10471000268094F827208AEA030A9DF83D3084F821
:1047200024A089EA03099DF83E3084F8259088EAA0
:1047300003089DF83F3084F82680534094F82920E0
:10474000059289EA020794F82A20069288EA02066E
:1047500094F82B20019307920799019A84F8273047
:1047600094F82830049382EA010594F82C2084F808
:1047700029708AEA030384F828305340029384F8AE
:104780002C3094F82D3084F82A605F4084F82B5048
:1047900084F82D7094F82E300D995E4094F82F30E7
:1047A00084F82E605D4094F830300893089A029B9C
:1047B00084F82F50534084F8303094F83130099306
:1047C0007B4084F8313094F832300A93734084F897
:1047D000323094F833300B936B4084F83330FFF76A
:1047E0008BF894F834209DF83C309DF83D1094F8F7
:1047F00036C09DF83FE05A4094F8353084F83420B4
:104800004B409DF83E1084F835308CEA010C94F84A
:10481000371084F836C081EA0E0194F838E084F845
:10482000371082EA0E0294F839E084F8382083EADF
:104830000E0394F83AE084F839308CEA0E0C94F8C0
:104840003BE084F83AC081EA0E0194F83CE084F839
:104850003B1082EA0E0294F83DE084F83C2083EAA3
:104860000E0394F83EE084F83D308CEA0E0C94F888
:104870003FE084F83EC081EA0E0194F840E084F8FD
:104880003F1082EA0E0284F8402094F84120534001
:1048900084F8413094F842300BF1010B8CEA030CA0
:1048A00094F8433084F842C05FFA8BFB5940BBF167
:1048B000070F84F843107FF41FAF03995A46FFF7A0
:1048C00002F89DF83FE0019B9DF83C009DF83D10EB
:1048D0009DF83E2083EA0E0C049B84F827C04340D9
:1048E0008AEA000A84F828301846059BDDF808C0DB
:1048F00084F824A04B4089EA010984F8293019463C
:10490000069B84F82590534088EA020884F82A30F0
:104910001A46079B84F8268083EA0E035D4084F8DC
:104920002F50089D84F82B308CEA000C45400998E4
:1049300084F82CC04F4048400A9984F82D705640A6
:1049400051400B9A84F82E605A4084F8305084F815
:10495000310084F8321084F833200C9811B0BDE88F
:10496000F08F102A10B50ED100F1080301F11002EA
:1049700051F8044B43F8044B9142F9D1102380F8CD
:104980002830012010BD0020FCE72DE9F843154632
:104990008946D100D0E91A325B1842EB5572C0E962
:1049A0001A32044600F128074FF000080DB9BDE89F
:1049B000F88394F87000C0F14006F6B2AE4288BFAA
:1049C000EEB24946324638440FF092FA94F870300D
:1049D0003344DBB2402B84F87030A5EB0605B144BC
:1049E000E4D12046FFF7CEFC84F87080DEE7F8B50E
:1049F00000F1280590F8703017468022EA5490F8AC
:104A00007020372B04460E4602F101002FD8C2F168
:104A10003702002128440FF0C4F9A36E19BAE36EDF
:104A20001A06180A42EA136200F47F401B0202438E
:104A300003F47F031343C4E918312046FFF7A2FCB7
:104A4000231D04F1240153F8042F12BA8B421A6279
:104A5000F9D1236820469B689847B8420246294608
:104A600028BF3A463046BDE8F8400FF041BAC2F1DF
:104A70003F02002128440FF094F92046FFF782FC02
:104A8000382200212846C6E72DE9F8431D46036871
:104A90009DF82090DB6804460E46904698472368B0
:104AA00007461B6920469847AF420ED32A46414627
:104AB00030460FF01DFA74197A1B494620460FF054
:104AC00070F9B44217D1BDE8F88323682A464146FD
:104AD00020465B699847236820469B68984723686F
:104AE00002469B6905463146204698472368204682
:104AF0001B699847DFE716F8013B89EA030306F8CC
:104B0000013CDEE713B513463622044600920A46FE
:104B100000F12801FFF7B8FFD4E91A3213F500734A
:104B200042F100022046C4E91A3202B0BDE810404A
:104B300028E410B504460FF0CBFA204610BD10B59E
:104B400004460FF0C5FA204610BD10B504460FF01C
:104B5000BFFA204610BD10B504460FF0B9FA204642
:104B600010BD10B504460FF0B3FA204610BD90F802
:104B7000282008B512B103681B6B9847BDE80840B0
:104B8000EFF7CAB80846431C114601D008F000BA36
:104B900070470846A0F11A03032B114601D908F00B
:104BA000F7B970470846431C114601D004F0A8BA73
:104BB000704708461C28114604D81A281DD80DD065
:104BC00004F09EBA1D28FBD14FF0B043D3F89420D7
:104BD00081B942F40042C3F894207047074BD3F8E0
:104BE000902021B922F40042C3F89020704742F48B
:104BF0000042F9E722F40042EDE770470004005854
:104C00004B1C084601D004F0B5BA00207047A1F152
:104C10001A030846032B1BD8DFE803F00D02071325
:104C20000C4B5869C0F3400070470B4BD3F804019C
:104C3000C0F380407047074BD3F89000C0F3C030FA
:104C400070474FF0B043D3F8940080F40040F5E78C
:104C500004F090BA0004005800E100E02DE9F04FA4
:104C60001D464B1C8DB00C46164600F0BA8004A8B9
:104C700008F082F80023079326B16F4B07936F4B20
:104C800004960693E3B2192B00F2AE806C4A52F8F8
:104C9000236004F4E0642643C6F30310EEF7D0FF6C
:104CA0000446002800F09A80022D00F0B180032D08
:104CB00000F0B180002D0CBF4FF404154FF488159F
:104CC00006F00F060127B74004A908A808F059F814
:104CD0001FFA87F80023B8F1010F03F1010240F039
:104CE0009D80DBB2E068CDF8048059004FF00309E5
:104CF00009FA01F20240CA4002EA090A05F48012E8
:104D00000292504805F4001200260392019AB24024
:104D10003A404BD0D4F80CC0750009FA05FE2CEAD5
:104D20000E0C0AFA05F545EA0C05E560256826F043
:104D3000030C0CF1804C25EA0E050CF5803C256037
:104D4000B4F1904FDCF808806CD03F498C426BD0B6
:104D50003E4DAC4214BF0725022506F0030E4FEA74
:104D60008E0E072101FA0EFB28EA0B0805FA0EF554
:104D700045EA08050299CCF8085005686FEA020C6C
:104D8000002953D105EA0C050399056045680029FF
:104D90004ED015434560D0F880502A43C0F880209B
:104DA000D0F8842002EA0C02C0F88420013637FAD9
:104DB00006F5ABD1142202FB03F4254E201D08A9F1
:104DC000304407F0EEFF30572A460621EDF78CFB02
:104DD0003057EDF75EFB08A8EEF7B0FD04A8EEF73C
:104DE000ADFD0DB0BDE8F08F04F0C002C02A0CD1BB
:104DF000C82B0AD8174B04F03F0204F4E06453F8C0
:104E000022200F4B53F8226045E74FF0FF3643E76F
:104E10004FF4441554E74FF4041551E74FEA58088E
:104E2000134658E7002598E7012596E71543ABE7B9
:104E30000CEA0505AEE700BF8B0400088F040008EC
:104E400018660208000800580004004800080048DE
:104E5000501900206C7502081FB568460C4607F013
:104E60008BFF0B4B039369460A4B0B48029300944C
:104E700007F097FF094B4FF48022C3F884213220BA
:104E8000EDF707FB6846EEF759FD04B010BD00BF13
:104E90008D4F0108452D01084019002000E100E078
:104EA0004B1C70B559D0CBB2192B42D82B4A52F8B3
:104EB000233001F4E06119430B0913F00C044CD1C9
:104EC000274A03F00F0352F82330002B45D001F09E
:104ED0000F0101238B409BB2012B04F1010239D158
:104EE000E4B214261F4D6643301D284406F01EFA16
:104EF000A9572B461022284693F900508D4201D124
:104F0000DD6855BB013A03F11403F5D1164A174980
:104F100002EB8402D1F88030D2F8242323EA020382
:104F2000C1F8803014235C430057BDE87040EDF7B2
:104F3000BDBA01F0C002C02A0FD1C82B0DD80C4B4E
:104F400001F03F0201F4E06153F82220034B53F8D3
:104F50002230B0E75B081446BEE770BD1866020851
:104F60007877020850190020BC7B0208000800581E
:104F70006C75020808B53220EDF798FABDE80840D4
:104F8000014806F0D3B900BF4019002010B504460F
:104F90003220EDF78BFA2368BDE810401847084629
:104FA00009B104F025B97047EEF77ABE2DE9F84350
:104FB0001D464B1C14464DD0CBB2192B10D82D4A90
:104FC00052F8233001F4E0611943090903F00F039B
:104FD000012611F00C0F06FA03F612D0002715E097
:104FE00001F0C002C02A2CD1C82B2AD8224B01F0D4
:104FF0003F0201F4E06153F822201E4B53F82230A7
:10500000E2E71E4B01F00F0153F82170002C18BF8E
:105010003446EEF745FE80463B693340A34213D049
:105020003B6933409C4217D1EEF73AFE81463B691B
:1050300033409C4217D0EEF733FEA0EB0900BDE8E9
:10504000F8834FF40046C9E7EEF72AFEA0EB08000C
:105050008542E1D20020F2E7EEF722FEA0EB080045
:105060008542DDD2F6E7EEF71BFEA0EB0800854295
:10507000DDD2EFE7186602086C750208787702083F
:10508000C069064981670022012380F85D2080F80D
:105090007C3080F87D20FCF7FFBD00BF00093D009B
:1050A00017B4C469D0E90801A36F6A46984282E840
:1050B000030005D1B4F87C10BDF8043099420ED03D
:1050C00093880098A067A4F87C3094F87C3094F81A
:1050D0007D20A16F204603B010BCFCF7DDBD03B0FE
:1050E00010BC7047481C1FD0C9B219290DD80F4BEE
:1050F00053F821305A1C17D00D4A1268934213D12D
:105100000C4B186880B1EEF75EBC01F0C003C02BF9
:105110000AD1C82908D8084B01F03F0153F82120D3
:10512000024B53F82230E5E7704700BF18660208CB
:10513000C8010020345000206C7502082DE9FF479B
:105140004D1C90461C4633D09D4DC9B219292B6881
:1051500021D89C4A52F821703BB9B4200EF0B0FF20
:105160009949064607F044FE2E60781C20D0974BE4
:105170001A68511C01D097421AD1B8F5803F17D256
:105180002E68B8F1000F1ED196B1304604B0BDE8CC
:10519000F047EEF718BC01F0C002C02A0BD03BB9B3
:1051A000B4200EF08DFF8849044607F021FE2C60E4
:1051B00004B0BDE8F087C829F1D8854A01F03F0165
:1051C00052F82110C5E74FEA48081F60E4B108FB18
:1051D00004F44FF47A72B4FBF2F4384601215C60B7
:1051E000EEF7E0FD4FF0B04334699F68D3F8083123
:1051F000784B621C1B687BD0774B9C420ED006D844
:10520000B4F1804F6BD0FEE74FF0FF34E5E76E4B13
:105210009C4203D003F580639C42F4D107F46057AD
:10522000EEF70EFAB7F5C06F63D827F48077B7F5BD
:10523000806F5BD0B0FBF8F0020C531C984232BF79
:105240000020B0FBF3F000F1FF30A262E062F061F9
:10525000226812F0010207D1E36896F84C1013F0AF
:10526000010349D101295ED1684607F085FD5B4BFA
:1052700000935B4B03935B4B0293F36E06F1640068
:105280006946002B59D007F08CFD6846EEF756FBB7
:10529000554F2C6807F1040804F102092646002541
:1052A000012139F8023F002B61D004F17C0252F851
:1052B00025A0BAF1000F07D098F800002269C14379
:1052C0001161D1680143D160013B0A2B4ED8DFE860
:1052D00003F042424242424242C7C7C78D0007F430
:1052E000E067EEF79BF9B7F5C06F9BD14000A1E7EF
:1052F000FEE7B7F5E06F9CE7E368012923F00103BF
:10530000E36008D0022386F84D300123636186F8FC
:105310004D3086F84C206FF001032361E36843F0C1
:105320000103E360A0E7022286F84D2001226261BA
:1053300086F84D2086F84C3096E707F032FD029B48
:10534000002BA2D033696FF001021A61DA6842F0D3
:105350000102DA6099E73378DB0604D5294604F1C7
:10536000100007F0E1FE3378D80722D4002104357D
:10537000102D06F1010607F1010708F1010890D18F
:10538000E36E3BB123696FF001021A61DA6842F003
:105390000102DA6000293FF40BAF23691B68DB07C9
:1053A0003FF506AF04F1100004B0BDE8F04708F087
:1053B00013B8294604F1100007F094FFD6E700BFA8
:1053C000345000201866020800440140C801002043
:1053D0006C75020800400058002C014093880108B9
:1053E0008B0400088F040008207F0208294604F17E
:1053F000100007F0E9FE3A78013AA15C11F01003C1
:1054000006D0022A2AD8194B03EB4203B3F86C33B7
:10541000C90707D5032A21D8DFE802F002171A1DB1
:1054200043F001032169086A03430B62BAF1000FDC
:105430009CD0032A13D80D4B134493F86823D3430D
:105440000B61CB681343CB6090E743F01003E9E7AF
:1054500043F48073E6E743F48053E3E7FEE7FEE7B7
:10546000294604F1100007F0AFFE7FE7BC7B02087D
:10547000F0B587B001AC84E80E0003689DF8306099
:10548000D3F8C430029F0DF1170105469847044632
:10549000002856D1032E9DF8173002D0B3420FD109
:1054A0003346E3B92B6801991B6C2846984704469C
:1054B000002846D12B6839465B6C284698470CE09B
:1054C0002B6828461B69984738B92B683146D3F8B2
:1054D000C030284698470028E2D0044631E0012B2E
:1054E00016D12B689DF80410D3F8E0302846984771
:1054F000044630BB2B683946D3F8DC302846984741
:105500000446F0B99DF80C10284604F078F9E4E759
:10551000022B16D19DF805209DF80430032A13D8DC
:10552000092B85F8882012D885F88930032385F85F
:105530008A304FF48073A5F898309DF8063085F8CE
:105540008F30204607B0F0BD6FF00904F9E76FF027
:105550000704F6E78AB2114604F03BB907B5002309
:10556000ADF8043001AA02231221806C04F034FA51
:10557000BDF8040040BA80B203B05DF804FB08B582
:10558000806C06F01BF9C0B208F0AEF8044B0022A4
:1055900001F1004108F012F908F0EAFC08BD00BF73
:1055A0000000E03F04F07CB890F8361004F05CB8DE
:1055B00004F05AB82DE9F04186B00E461746002196
:1055C0001422044601A80EF0ECFB3A46314601A82D
:1055D000FCF71CFF10B9059B236108E0049D4FF008
:1055E00000082A4643462046FCF736FD18B900203D
:1055F00006B0BDE8F081216821B92A462046FCF7B3
:1056000009FDF5E7E368A2682B44934205D92369B5
:105610000E4A002B08BF1346DEE7636801913A4645
:10562000314601A8CDE90235CDE90488FCF7EEFE4C
:10563000049AE3681344E360AA42029B6360059BFB
:1056400001D12361D4E7024AE3E700BF9899020839
:10565000B99A020810B48C7D4B8A04F00F04022C16
:1056600017D1012B05D1CB691A78002310BCFCF7A8
:10567000F3BC022B02D1CB691A88F6E7042B02D1C6
:10568000CB691A68F1E7082B24D1CB69D3E9002351
:10569000ECE7012B0DD1CB6993F90020D317032C34
:1056A000E4D1921843EB030182EAE37281EAE373E7
:1056B000DCE7022B03D1CB69B3F90020EEE7042B22
:1056C00002D1CB691A68E9E7082B03D1CB69D3E98A
:1056D0000023E4E70369044A10BC002B08BF13460B
:1056E00003610020704700BF179902084A8A042A04
:1056F00002D1C969FCF78EBC082AFAD002690349B5
:10570000002A08BF0A460261002070471799020864
:1057100030B50B4D01444FF0FF33814201D1D843E6
:1057200030BD10F8012B5340082243F30004013A26
:105730002C4012F0FF0284EA5303F6D1EDE700BFDC
:105740002083B8ED2DE9F74F90F810B001930C9B32
:105750000093437CDDF834904FEADB0606EBD3067A
:105760004E4404463046884692460EF0A9FC054653
:1057700030460EF0A5FCBBF1080F5FFA88F3074630
:105780005FFA8AFC95BF2846284643EA0C0343EAA1
:105790001A238CBF00F8023B00F8013B638988BFE5
:1057A00085F801C0434501994A4630D10EF0A0FB6F
:1057B000206803685B6B98472068216A0368C268A9
:1057C000DB689847206803683246D3F838B029462A
:1057D0003B46D8472068216A03680269DB6898471E
:1057E00020680368DB6B98472389434506D1217CF9
:1057F00000984A4607EBD1010EF07AFB28460EF0DE
:1058000067FC384603B0BDE8F04F0EF061BCA189DB
:105810000EF0C7FACCE72DE9F84FDDF830809DF89F
:1058200034B004460E46154602EB080A994613B9F1
:10583000837C0AEBD30A50460EF042FC2A46074608
:1058400031460EF055FB7819B9F1000F55D00A9981
:1058500042460EF04DFBBBF1000F07D0E26A206814
:105860000132036850D1DB693221984750460EF06F
:1058700027FC0646206803685B6B98472068216A0E
:105880000368C268DB689847206803689B6B5246D0
:105890009C4639463346E0472068216A036802691E
:1058A000DB68984720680368DB6B9847BBF1000F03
:1058B00007D0E26A20680132036843D1DB69012125
:1058C00098476369002B5CD0B8F1000F5BD0E27C95
:1058D000B05C98478246B9F1000F07D1A37C0B98C2
:1058E00005EBD301424631440EF002FB38460EF080
:1058F000EFFB30460EF0ECFB21E0A27CA18908EB27
:10590000D2020EF04EFAA6E75B6A98470646206878
:10591000E16A03681B6998470028A7D020680368DC
:105920005B6D9847206803685B6A9847E369801B52
:105930009842ECD338460EF0CBFB6FF4307A5046E9
:10594000BDE8F88F1B6A01219847206803685B6AED
:10595000984782462068E16A03681B6998470028D7
:10596000AFD0206803685B6D9847206803685B6A66
:105970009847E369A0EB0A009842EBD36FF4307AC2
:10598000A9E79A46A7E7C246A5E72DE9F0431F46D7
:10599000037987B006468C4643B9CDE900720A46C2
:1059A0000189FFF7CFFE07B0BDE8F08390F91150F1
:1059B00090F811E0002DB8BF0735C5F3C705681E84
:1059C00040B204AC4FEAC00803462146002B15DA6A
:1059D0000130307CB8BF0025C0080D44441E64B2BD
:1059E000631C16D10123CDE90223002300EBDE0264
:1059F000019700933046FFF70EFFD4E7B6F8089002
:105A0000013B49FA08F904F8019B5BB2A8F10808C8
:105A1000DCE7E3002CFA03F305F8013B013CDEE789
:105A2000F0B589B000238DF81730037904460A4693
:105A30005BB9012101910DF1170100910189FFF777
:105A400081FE9DF8170009B0F0BD90F91130467C39
:105A5000002BB8BF0733C3F3C703581E40B206AFCD
:105A60004FEAC00C05463946002D17DA257C013077
:105A7000B8BF0023ED080B44681E40B2471C18D184
:105A80000123CDE902330DF11703019300230093A5
:105A900005EBD6022046FFF7BEFED2E7B4F808E0D9
:105AA000013D4EFA0CFE07F801EB6DB2ACF1080CAB
:105AB000DAE7C70022FA07F703F8017B0138DCE7D1
:105AC0002DE9F04317461A46037987B006468C46FF
:105AD0004BB9CDE900320A463B464189FFF732FE19
:105AE00007B0BDE8F08390F9115090F811E0002D57
:105AF000B8BF0735C5F3C705681E40B204AC4FEA0E
:105B0000C00803462146002B15DA0130307CB8BFAF
:105B10000025C0080D44441E64B2631C16D1012345
:105B2000CDE902230022CDE9007200EBDE0230460F
:105B3000FFF771FED4E7B6F80A90013B49FA08F97D
:105B400004F8019B5BB2A8F10808DCE7E3002CFA3B
:105B500003F305F8013B013CDEE773B500230E4675
:105B60000DF1070240F6D80105468DF8073003F025
:105B7000DAFF044670B99DF8073076B143F01E0392
:105B80008DF80730A86C01230DF1070240F6D8010B
:105B9000FFF796FF204602B070BD23F01E0343F0CE
:105BA0000803EDE7D0F8A0302DE9F34104460E4696
:105BB000002B63D0FDF704FBB4F89030471EBAB257
:105BC0003FB2B7EB530FA8BFD21A03F0010594F808
:105BD0008F30A8BF17B20135002B53D0AD004FF462
:105BE00080584FF09841206C08F020FB4FF0745122
:105BF00008F01CFB08F090FCD4F8A42094F88A303C
:105C00006D0208FB07559A42A0EB050004D29B1ACF
:105C1000DB0758BF00F5807006EB460700BA7F002F
:105C2000042301900DEB0302A06C07F28A31FFF709
:105C300047FF66B394F88A30B3422AD8D4F89C5010
:105C4000312D28D8ADB200238DF80030A06C8DF82E
:105C5000015002236A4607F56271FFF731FFD4F85D
:105C60009C305B1BC4F89C30D4F8A030013BC4F8D6
:105C7000A030D4F8A4300133C4F8A430002002B01E
:105C8000BDE8F0811A235D434FF4D048A9E773259E
:105C9000D9E77225D7E73225D5E770B586B000235E
:105CA0008DF8133090F91130427C002BB8BF0733C8
:105CB000DB10013B04465BB205A8DD000146002B6A
:105CC00016DA0123CDE902330DF11303019300230A
:105CD0000093D2082046FFF79EFD054628B9636968
:105CE0001BB19DF813009847E080284606B070BDB0
:105CF000E689013B2E4100F8016B5BB2083DDEE70F
:105D00002DE9F04100F1300305460C460F4601F144
:105D100010083E4603CE464518605960374603F1E9
:105D20000803F6D130681860043C6A64286854F8A7
:105D3000041F036882689B6898474445F6D1BDE814
:105D4000F081F8B50546FCF734FF88B1041D05F174
:105D50002C0605F1400756F8041F002904DB2868CB
:105D600022680368DB689847BE4204F10404F2D15C
:105D7000F8BD08B5806C0221FFF7E3FF4FF0FF305C
:105D800008BD836903B11847184670472DE9F043F1
:105D900090F9114090F811E0002CB8BF073487B09B
:105DA000E410013C054664B205A89DF838809DF8D2
:105DB0003C608C46E7000146002C11DACDE9023840
:105DC0000023CDE90023284601234FEADE02FFF736
:105DD00022FD68B966B1284607B0BDE8F043D0E7B8
:105DE0004CFA07F9013C00F8019B64B2083FE3E775
:105DF00007B0BDE8F0832DE9FF41036800229B6DE9
:105E000005460E4698470446B8BB1E4B8DF80B005E
:105E1000093603EB46060DF10B0296F8723340F695
:105E2000E701284603F00F081F0903F07CFE044633
:105E300018BB02463B464146284603F04FFC044649
:105E4000D8B996F873738DF80C700126CDE9006609
:105E500004238DF80D30A86C022303AA8E21FFF7CE
:105E600095FF044648B9A86C85F8787033460DF163
:105E70000B0240F6E701FFF723FE204604B0BDE821
:105E8000F08100BFBC7B02082DE9FF410E464FF0B8
:105E900000080DF10B0240F6E70105468DF80B8076
:105EA00003F041FE044600285DD12B682846D3F854
:105EB000D030984704210246FCF77BFE03210746B9
:105EC0001046FCF776FE28B167B90E2E4FDD6FF055
:105ED0000C0448E016F1090FF9DB002FF7D006F1AA
:105EE000090303E00E2EF3B20DDD0933DBB21F2BE5
:105EF000EDD8072322460421284603F0EFFB0423B4
:105F0000044601210CE01133DBB21F2BDFD82346FE
:105F100004210122284603F0E1FB03230446414605
:105F200085F84430FCB92846FFF717FE0446D0B97F
:105F30000127CDE9007704238DF80D30A86CF6B267
:105F4000022303AA8E218DF80C60FFF71FFF044681
:105F500048B9A86C85F878603B460DF10B0240F615
:105F6000E701FFF7ADFD204604B0BDE8F08106F182
:105F70001103DBB21F2BAAD8234604210122284695
:105F800003F0ACFB032304463946C9E71FB50B0CED
:105F90008DF80C300B0A8DF80D3000220123CDE96D
:105FA00000328DF80E10032303AA8221806CFFF7C4
:105FB000EDFE05B05DF804FBF0B585B0002400945B
:105FC00005462346224640F6E201806C03F078FC49
:105FD00000942346224640F6E501A86C03F070FCCD
:105FE0006FF07F412846FFF7D1FFAB6C186803685C
:105FF0000A21DB699847264627460DF10F0240F635
:10600000190128468DF80F7003F08DFD9DF80F00E3
:1060100000F00100A04001343043082CC6B2ECD19E
:106020002B6828461B6998470097A86C002301221B
:1060300040F6E20103F044FC0097A86C0023012223
:1060400040F6E50103F03CFC304605B0F0BD30B54C
:1060500090F83450022D85B0044606D0032D12D09E
:106060006FF01805284605B030BD2946806CFFF753
:1060700068FED4F884102046FFF788FF0546002309
:1060800084F83430EEE790F84410806CFFF759FE46
:106090000023ADF80C308DF80E300123CDE900332C
:1060A00003AA2B46A06C8321FFF770FE054600284B
:1060B000D8D1A36C1868D96A026812699047002881
:1060C000DDD0A36C186803685B6D9847F1E71FB5D6
:1060D0000123CDE9003349BA0223ADF80C1003AA1D
:1060E0001946806CFFF752FE05B05DF804FB10B551
:1060F000FFF7EDFF074B4FF48022C3F88421064BD6
:10610000D3F88830044613B13220ECF7C2F92046A8
:1061100010BD00BF00E100E0C01800201FB5012342
:10612000CDE9003309BA0391042303AA8621806CC8
:10613000FFF72CFE05B05DF804FB37B50D460446AD
:1061400090F84410806CFFF7FCFD55B90123CDE9B0
:1061500000330023A06C1A46D121FFF717FE03B0CD
:1061600030BD29462046FFF7D9FF0028EED0F6E7DC
:1061700030B585B00D0C089C8DF80C30230C8DF8D3
:106180000D300123CDE9003308238DF808508DF838
:106190000A100D0A8DF80B2064BA0DEB03028B2157
:1061A000806C8DF80950ADF80E40FFF7EFFD05B09B
:1061B00030BDF0B585B005460E4603F0FAFA044648
:1061C000002867D18DF808600126CDE900663346C6
:1061D000A86C02AA8A21FFF7D9FD0446002859D1EC
:1061E00095F83630CDE90066002B0CBF2023302314
:1061F0008DF80830A86C334602AA9321FFF7C6FD3C
:106200000446002846D103238DF8083095F84C3019
:10621000ADF80C00CDE900660D338DF809300A2386
:10622000ADF80A308DF80E000723A86C02AA882169
:10623000FFF7ACFD044668BB2B6844F2FF31D3F88E
:10624000E43028469847224607462146284603F070
:10625000C0FA07433CB2ECB9CDE900647F238DF866
:106260000830A86C334602AA8921FFF78FFD044647
:1062700080B9AB6C186803680521DB699847AB6C83
:106280001868D96A02681269904730B9A86CFFF79C
:1062900004FD0446204605B0F0BDAB6C18680368E9
:1062A0005B6D9847EBE72DE9F047846C0546206865
:1062B0001F46036886B05B6C884616469847206880
:1062C000216A036882689B6898472068216A03688E
:1062D0000269DB689847AB6C1868596A0268946871
:1062E0004268A047AB6C1868D96A02689468426833
:1062F000A047AB6C41484FF401621A820122DA7464
:10630000AB6C4FF440011A713D4A5A61C3E9020176
:10631000D5F838A00A244FF00009284603F00EFAF9
:10632000A86C10224FF4487102ABCDE90299CDE977
:106330000499FFF72AFB062202A950460DF039FD09
:1063400078B995F835300BB339462846FFF731FF59
:10635000044648BBA86C0123002E43D18DF80830B9
:1063600043E0AB6C186803680A21DB69013C98477D
:1063700014F0FF04D1D1AB6C186803689B6C98478C
:106380006FF00104204606B0BDE8F08700214046CA
:1063900007F03AFD0028D7D04146284605F054F9C9
:1063A00004460028D0D0EDE72B6828461B699847A3
:1063B000A86C05F039F9134B9C42E3D18306E1D573
:1063C000002385F835300021284605F03DF90446C4
:1063D0000028D7D139462846FFF7EBFE04460028AF
:1063E000B8D0CFE700228DF80820CDE9003302AA0B
:1063F0009621FFF7CBFC0446C4E700BF1D000D004B
:106400008B3101083DFDFFFF7047704770477FB536
:10641000002305460846ADF808300E4608F056F849
:10642000A0F286331A2B4BD9A0F25F33072B53D936
:10643000A0F20B33082B52D9A0F5EB73282B51D9BE
:10644000A0F5D7730A2B50D94FF08141304607F0A1
:10645000E3FD4FF07E5107F0DFFD4FF07A5107F07A
:10646000E5FE0DF0D7FA08F057F84FF08141C4B2BD
:10647000304607F0D3FD4FF07E5107F0CFFD4FF0CF
:106480007A5107F0D3FE0DF083FA08F045F8E107E2
:10649000C3B25CBF04F1FF34E4B2DA075CBF01337E
:1064A000DBB28DF80D300123CDE900338DF80C40BF
:1064B000022303AAA86C9821FFF768FC04B070BD02
:1064C000E122E9238DF809300123CDE900338DF86D
:1064D0000820022302AAEDE7D722DB23F2E7C1223C
:1064E000C523EFE775228123ECE76B226F23E9E7F1
:1064F00038B50C4605461749204607F07BFC30B3FB
:106500001549204607F06CFC08B3296C204607F0BB
:1065100083FD124920F0004007F06CFC80B92C6428
:106520004FF09841204607F081FE4FF0745107F07C
:106530007DFE07F0F1FF01462846BDE83840EDE555
:1065400021462846FFF763FF0028E8D038BD6FF0EA
:106550000B00FBE700001643000070440000A04160
:1065600007B5FF238DF807300DF107020123112134
:10657000806C03F031FA9DF8070003B05DF804FB6E
:106580002DE9F047984603681B6904460F461646F6
:10659000984700283ED194F84D30042B3CD9072E63
:1065A0006BD994F84F30012B36D1FD2E68D8236873
:1065B0003146DB6F2046984723680546D3F8249080
:1065C0003246434639462046C84718BB20464FF45A
:1065D0007A7305EB8505B5FBF3F5FFF7C1FFA36CF7
:1065E0000646186803685B6A984705350746A36C3A
:1065F000186803685B6D9847A36C186803685B6A4A
:106600009847C01B854209D2236820469B6A984759
:106610006FF00400BDE8F087FF2EC7E7A36C186891
:10662000596A0268126990470028E0D0032E236857
:106630001DD1D3F8843020469847C20717D4236869
:106640002046D3F8843098474304D0D5D4F8A4101A
:10665000204601F00F01FFF7A5FA0028C7D12368F3
:1066600044F2FF31D3F8E43020469847BFE723686F
:1066700020469B6ABDE8F04718476FF01D00C9E748
:106680006FF00300C6E7036873B51B6904469847BB
:106690000546A8BB94F85030012B27D12046FFF7C0
:1066A0005FFF0128064621D103460DF10602A06CCA
:1066B0008DF8065040F60211FFF702FA0DF10702BD
:1066C00040F6441120468DF8075003F02CFAB8B973
:1066D0009DF80730A06C43F002038DF807300DF1F0
:1066E0000702334640F64411FFF7EAF92368D3F86E
:1066F000E43044F2FF31204602B0BDE87040184754
:1067000002B070BD13B50446FFF72AFF012806D179
:1067100094F85030012B02D1E06F02B010BD00237D
:10672000ADF80430A06C022301AA132103F054F940
:106730009DF80400F1E72DE9F041054686B0806C34
:106740000F461646FFF7A9FA2B680446D3F88430A3
:10675000284698476FF430739C4208D110F4007FAC
:1067600018BF6FF00504204606B0BDE8F081002C8C
:10677000F9D1430643D400F03000202814BF4FF075
:1067800000086FF006082846FFF7EAFE0023ADF880
:10679000143005AA0223A86C132103F01DF99DF8FB
:1067A00015209DF8143016B1B34228BF3346AE6CA5
:1067B0008DF815200122CDE902321E2100238DF82B
:1067C000141001970093022205A93046FFF723F821
:1067D00004460028C7D13046FFF7D3FA0446002804
:1067E000C1D12B6844F2FF31D3F8E43028469847F2
:1067F000B8F1000F0CBF04466FF00604B3E76FF06A
:106800000608C0E72DE9FF4704460D46FFF7A8FE3E
:1068100001286CD1236820461B699847002863D162
:10682000A06C0221FFF78DFAA9682046FCF7D4FD81
:10683000E96806462046FCF7CFFDB1B282B2204699
:1068400002F0C7FF00284FD1236844F2FF31D3F88C
:10685000E43020469847002846D1686895F80080C3
:1068600095F8019094F84CA0AF78EE7807F086FC8C
:10687000204907F08FFD07F04FFEB8F1FF0F08BF6A
:106880004FF002080125B9F1FF0F08BF0AF10D0A08
:10689000CDE900554FEA104308BF5FFA8AF9FF2F90
:1068A00008BF0A278DF80C30FF2E4FEA102308BFCF
:1068B00000268DF80D308DF80E000723A06C8DF8A2
:1068C000088002AA88218DF809908DF80A708DF849
:1068D0000B60FFF75BFA38B9CDE900550346024675
:1068E000C521A06CFFF752FA04B0BDE8F0876FF045
:1068F0001300F9E700007A4110B50446FFF730FEB7
:1069000001280ED123682046D3F884309847C30568
:106910000AD410F0800F14BF6FF00E004FF0FF305C
:1069200010BD6FF01300FBE70048F9E742FDFFFFE1
:1069300010B50446FFF714FE012812D1A06C04F034
:106940003DFF10F4004FC0F3072018BFA0F5807082
:1069500006F0CAFE044B002206F030FF07F008FBE9
:1069600010BD0248FCE700BF0000D03F0000A0C1FE
:106970002DE9F0428AB004460F46FFF7F1FD05AE5F
:1069800000230DF11C090128C9E9013305460793CD
:106990000593B3803CD194F84D30042B34D80433A4
:1069A000DBB28DF8243094F84C308DF81C30636DD8
:1069B0000893B4F85230ADF8143094F84F30003BDF
:1069C00018BF01238DF8173094F85030591E4B42F0
:1069D0004B418DF8163094F84E30003B18BF012320
:1069E0008DF81830039796E80300099B0190ADF8E5
:1069F00008100093216899E80C008E6F2046294604
:106A0000B0470AB0BDE8F082072B08BF0823C8E7EB
:106A100020BBE06D07F0B2FB0146204807F0BAFC4E
:106A20000790206E07F0AAFB94F86730089013F0E7
:106A3000FB0F11D0022B03D09A1F534253415B002E
:106A4000B4F86C20ADF8142094F868208DF8162066
:106A50008DF817300025C5E70123F1E703280ED193
:106A6000B4F888305BBAADF81C3094F88F308DF8EC
:106A70001E3094F88A308DF814300225B2E70228CF
:106A800008D1E06D07F07AFB0146044807F082FC6C
:106A90000790DFE76FF01300B3E700BF00007A490B
:106AA00010B50C4659B1FFF75BFD012802D0032851
:106AB00003D038B92070002010BD0220FAE76FF033
:106AC0000200F9E76FF01300F6E737B504460D460C
:106AD000FFF746FD58BB0021284607F077F960B95B
:106AE0001449284607F086F920B11349284607F0D3
:106AF00077F918B96FF0650017E00E4D0F49284679
:106B000007F094FB4FF0984107F090FB0C4907F019
:106B100041FC07F001FD2066009094F8653094F880
:106B20006620E16D2046FFF723FB03B030BD6FF018
:106B30001300FAE79A99193F0000484300007A448D
:106B40000024F44B7FB505460C46FFF709FD0028ED
:106B500055D0032804D0022810D06FF013044BE066
:106B60005B49204607F046F928B15A49204607F00C
:106B700037F9002843D16FF064043DE056492046C0
:106B800007F038F90028F6D05449204607F028F9D4
:106B90000028F0D05249204607F048FB01465148F2
:106BA00007F0F8FB07F0B8FC030C8DF80C30030A73
:106BB0008DF80D3016238DF80F300123E865CDE9EF
:106BC00000338DF80E000423A86C03AA8B21FFF775
:106BD000DDF8044680B92846FFF7C2FC60B9EB6DCA
:106BE000A86CB3F5966F20D104230093224640F69B
:106BF000B80102F065FE0446204604B070BD384975
:106C0000204607F013FB0146364807F0C3FB07F0A8
:106C100083FC2B6EE8650093014695F8653095F886
:106C200066202846FFF7A4FAD3E7B3F5167F4FF0A6
:106C3000030300934FF0040326D1182240F2D161E0
:106C400002F03EFE04460028D6D10223009304231E
:106C5000A86C1A4640F69B0102F032FE044600285A
:106C6000CAD10426009602463346A86C40F6B80105
:106C700002F026FE04460028BED1009606235022CC
:106C8000A86C40F2AC61B4E7082240F2D16102F096
:106C900017FE04460028AFD10223009302460423C6
:106CA000A86C40F69B0102F00BFE04460028A3D11D
:106CB00004260096A86C3346102240F6B80102F074
:106CC000FFFD0446002897D1009606230246D7E729
:106CD00023DBF93E355EFA3ECDCCCC3D9A99193F87
:106CE00000007A440024744E37B505460C46FFF781
:106CF00037FC08B103281AD1042C1BD8DFE804F0B4
:106D000004031113150008242B6E85F866400093C8
:106D100095F86530E96D22462846FFF729FA03B059
:106D200030BD0924F0E70A24EEE70B24ECE76FF00E
:106D30001300F4E76FF06900F1E77FB505460E46F2
:106D40001446FFF70DFCA0BB082C47D8234632465B
:106D50004FF4D861A86CFEF7B3FEE400B5F86C10F0
:106D6000E4B2A1420A46A8BF22461F2A85F868401D
:106D700019DC172A19DC0F2A19DC003A18BF012286
:106D80009200FF2385F86420039395F86A300293FC
:106D900095F86930CDE90043284695F8673002F050
:106DA0004AFE04B070BD0722EBE70622E9E70522A0
:106DB000E7E7012808D1012C10D83178284604B023
:106DC000BDE8704002F03ABD032804D1042C05D17F
:106DD0003368C5F88B306FF01300E2E76FF068009E
:106DE000DFE730B587B004460D46FFF7B9FB002852
:106DF0003BD1ADB9FF2384F86950039394F86A300E
:106E0000CDE9015394F86830009394F8673094F812
:106E10006420B4F86C10204602F00DFE07B030BDBF
:106E2000012384F8693005AA4FF4D761204602F0A7
:106E30007AFE0028F2D19DF81430A06C23F00103F3
:106E400043F001038DF81430FF25022305AA4FF407
:106E5000D7618DF81550FEF733FE039594F86A302C
:106E6000029394F869300193CCE76FF01300D5E7F3
:106E70002DE9F0431E4685B090F858309DF830401B
:106E80000546884617469BB190F84C004FF0010923
:106E900009FA00F007F072F9696D07F07BFA4FF01C
:106EA000834106F0A7FF0028044618BF4C46E4B211
:106EB000012385F84E40CDE9003303AAA86C8DF874
:106EC0000C8004238B218DF80D708DF80E608DF8E9
:106ED0000F40FEF75BFF05B0BDE8F08373B50546D4
:106EE0000E46FFF73DFB0128044655D100213046F0
:106EF00006F080FF00283AD02949304606F070FF9E
:106F0000002834D04FF07C51304607F08FF92549E6
:106F100007F084F807F000FBC3B2142B20D8022B33
:106F200025D9033B112B22D8DFE803F02E210921BC
:106F30000A212128212121212A212121212C082453
:106F400095F84E3085F83C406E65009395F84D30CD
:106F500095F84C1022462846FFF78AFF02B070BD14
:106F60007D2B13D006D81F2B12D03E2B12D06FF0E2
:106F70000700F3E7FA2BFAD10624E1E70924DFE75B
:106F80000224DDE70A24DBE70024D9E70524D7E75C
:106F90000324D5E70424D3E76FF01300DEE700BF36
:106FA0000000FF430AD7233C37B504460D46FFF7E0
:106FB000D7FA012811D16B1F072B11D894F84E3046
:106FC00084F84C50009394F84D3094F83C202946B6
:106FD0002046FFF74DFF03B030BD6FF01300FAE716
:106FE0006FF00800F7E72DE9FF410C4616461F46F3
:106FF00002AA002340F236719DF82C808DF80830EB
:10700000054602F090FD38BB9DF80810A86CB8F159
:10701000010F0CBF01F0FB0141F004018DF80810D5
:10702000012302AA40F23671FEF74AFD9DF828308E
:107030008DF80A300123CDE9003364BAA86CADF8AD
:107040000840062302AA8C218DF80B708DF80C6085
:107050008DF80D80FEF79AFE04B0BDE8F081F0B522
:107060001D46036885B01B6904460F4616469847BF
:10707000A0BB6FF07F439F423146204618BF45F4C6
:107080000075FCF7A9F9294606462046FCF7A4F945
:10709000B1B282B2204602F09CFBF8B9204602F061
:1070A00088FBD8B9236844F2FF31D3F8E430204696
:1070B000984798B92046FFF753FA012810D194F861
:1070C0008030019394F85030009394F87C3094F819
:1070D0004F20B4F852102046FFF785FF05B0F0BDF1
:1070E000A0B9FF23039394F86A30029394F86930AF
:1070F000019394F86830009394F8673094F8642012
:10710000B4F86C10204602F096FCE7E74FF0FF3031
:10711000E4E72DE9F04FADF56F7D022904460891B3
:10712000164608D0032924D06FF0180528460DF51F
:107130006F7DBDE8F08F90F85030012B02D1D368FD
:1071400003B1C367D6E9012331682046FFF787FF03
:1071500005460028EAD13368013304BF6FF07F434E
:1071600033603368C4F88430089B84F834300025D9
:10717000DCE75368FF2B00F23184FFF7F1F90128B7
:10718000074614D194F88030019394F8503000935E
:10719000337994F84F20B4F852102046FFF723FFBC
:1071A00005460028C2D1012240F2012153E0A0B9D6
:1071B0003379039394F86A30029394F86930019319
:1071C00094F86830009394F8673094F86420B4F829
:1071D0006C10204602F02FFCE2E7022835D1E36D67
:1071E000642B40F2E14341F6705218BF1A4640F654
:1071F0002F1343F20F7118BF194673688DF8583179
:10720000D800C3F347138DF85D310123CDE9003376
:107210000D0A8DF85A11110A8DF85B118DF85C2159
:107220008DF85E0156AAA06C8DF859518C21FEF79D
:10723000ADFD054600287FF479AFA06C06230DF262
:107240005912F021FEF73CFCADE7032840F0CA8359
:1072500044F201021146204602F0BBFA054600281E
:107260007FF464AF204602F0A4FA054600287FF4BC
:107270005DAF032F51D00E23ADF858310123326892
:10728000A76C039331790092CDE90101022256A93E
:107290003846FEF7C0FA054600287FF447AF384667
:1072A000FEF76FFD054600287FF440AF236844F2E7
:1072B000FF31D3F8E43020469847054600287FF494
:1072C00035AF8DF8580156AA40F68901204602F0E4
:1072D0002AFC054600287FF429AF2046FFF740F935
:1072E000012840F07683C549606D06F095FEC449DB
:1072F00020F0004006F074FD002800F06A839DF83D
:10730000583103F0FB038DF85831A06C012356AAC5
:1073100040F68901FEF7D4FB26E7BA4B94F88910B2
:1073200018689B88ADF85C3116AFB74B3B6012AD67
:1073300049F28E532B8094F88F305690002BB34B2C
:1073400003EB41030CBF34220822B3F8B233B3FB82
:10735000F2F30622632BA4F89030A4F8922000F0F8
:10736000228100F22B813C2B00F0438100F2178137
:107370001E2B00F20B81092B40F20E81A44A22FA47
:1073800003F3DB0740F10881B4F8983056A99A0955
:10739000B3F5C07F8A5CA4F8942003F03F02A4F800
:1073A000962080F0F9804FF0000894F88A30C3F1FD
:1073B0000403434500F332814FF00008FB224146AD
:1073C000C7F8008017A80CF0ECFCC4E92788C4F8C3
:1073D000A480D6E9001A38460AEB0106FF228E4245
:1073E00040F02281DFF82C821023002647F25B5CFC
:1073F00088F8043051464FF6FF733846C8E902C397
:10740000C8F8106001F008FFC0F3072307F80A303E
:107410000DF159034FF4177203F80A000AF1020341
:107420003146FE5457A80B9356960CF0BAFC032332
:1074300088F819300AF10203D90056AA0FAB0631B9
:1074400038460F9688F8186003F0C8FFFF223146CF
:1074500038460CF0A6FC94F888300593032B31D005
:107460006D4B03F10806186859682A4603C20833B1
:10747000B3421546F7D1186810609A889B79AA80A4
:10748000AB71059B022B9DBF604B059A9B184FF07B
:10749000000C98BF93F8D5C30F9B069300231A46A0
:1074A00018460DF148090DF1580E0DF5AC7B069903
:1074B0008B4240F0CF800F920732D20816A956A80F
:1074C0000CF016FD0F9B0693002293B206985B43C7
:1074D0008342114602F10102F7D38BB294F88AB0CD
:1074E000BDF918505B009BB20993CBEBCB030BEBC0
:1074F000C303C1F34E025B0000210C929BB20791C3
:107500000A4616AE002D00F3C7806FF0710202FB31
:107510000B330F93059B94F88F2094F88910DFF8B4
:10752000F4808DF840A0DB0043EA820343EAD103F4
:1075300043F002038DF84130B4F898301A091B016A
:1075400042EA41128DF8433008238DF8422088F832
:1075500004302F22FF23C8E902230027C8F8107047
:107560003E4616AD94F88A108F42C0F001810B9B05
:1075700094F88820DB0006339BB2032A00F2C58111
:10758000DFE812F0B701BF0122022402232B3FF4EF
:10759000FBAE2F2B3FF4F8AE6FF06905C6E53E2B2E
:1075A00027D0562BF8D1B4F89830DA0903F07F03CE
:1075B000BA5CA4F89420A4F89630F4E6B3F5C37F3F
:1075C00010D00BD8B92B01D0C62BE5D1B4F8983028
:1075D0001A0ADBB2AA5CA4F89420ECE740F29312FA
:1075E0009342D9D14FF48473A4F89430B4F898300E
:1075F000E1E73823A4F89230C6E600BF0000FA4362
:107600006F12833ACD9A020841444748BC7B020876
:107610000004405034500020827F02082046FBF7CF
:10762000CFFD08F10108C0E611F8013B53404FEAD5
:10763000031C4CEA131300F8013B130983EA5213AD
:1076400083EAD20303F0010383EAD2135200D2B2D9
:107650001A43C4E619F80010C1B1D543012605F05C
:10766000070506FA05F5DE084FEAD2081BF80660A2
:107670001EF80810DF4307F007073E41F60746BF34
:107680002943C9B2A9430EF8081001320130604500
:1076900008BF002001330AE7302D28464FEAD30700
:1076A000A8BF30200A90D84316F807C04FF0010E4B
:1076B00000F007000EFA00F02CEA000C03EB0E00BD
:1076C00006F807C04FEAE00CC04316F80C7000F053
:1076D00007000EFA00F027EA000706F80C704FF0DA
:1076E000000E03F1020C6FEA0C074FF0010807F0DF
:1076F000070708FA07F70DF5AC794FEAD2084FEA09
:10770000EC0019F808800D906FEA020909F00709EA
:10771000305C48FA09F818F0010F14BF3843B84339
:107720004FEAEC0718BFC0B2F0550998024406981A
:1077300092B290420CD8079A0C980244099892B2DF
:1077400090429FBF013189B20A46079188BF0792D4
:107750000A9F0EF1010E0FFA8EF087420CF1010C18
:10776000C1DC38460230303D18442DB283B2C9E640
:107770009DF843300139C91B23F00C0343EA810310
:1077800010A804218DF8433001F046FD4FF00009A8
:1077900002238DF8440088F8193012AA4B4628219C
:1077A00010A8CDE91299ADF8509088F8189003F020
:1077B00015FE4B4612AA282110A803F00FFEF2086E
:1077C000F343A95C4FF0010E03F007030EFA03F335
:1077D00021EA0303AB5406EB0E03DA10DB43A95C8A
:1077E00003F007030EFA03F321EA0303AB547F4BC4
:1077F000059306F1020C06F12A00059B13F8011B04
:1078000005934FEAD1090DF1480B4FEADC0A1BF84A
:10781000099015F80A30C9436FEA0C0201F007011C
:1078200002F0070249FA01F919F0010F0EFA02F20B
:1078300018BF13430CF1010C14BFDBB29343604536
:1078400005F80A30D9D106F17203DFF8A4A1059337
:1078500006F14A0C1AF8011F6FEA0C024FF0010EF4
:1078600002F007020EFA02F20DF1480B4FEAD10EB8
:107870004FEADC091BF80EE015F80930C94301F0A6
:1078800007014EFA01FE1EF0010F1ABF1343DBB2CF
:10789000934305F80930059B0CF1010C6345D9D1E0
:1078A00000214FF0010A04EBD10C4FEAD0096FEA36
:1078B000010E9CF88BC015F80930C2430EF0070E7C
:1078C00002F007024CFA0EFC1CF0010F0AFA02F259
:1078D00018BF134301F1010114BFDBB29343202908
:1078E00005F8093000F10100DDD17236B6B201377A
:1078F00038E60622534304330522B3FBF2F39BB26E
:1079000003E003EB4303C3F34F03302603F12F02DD
:10791000B2FBF6F20A44B3FBF6F0C4F8A02000EB89
:10792000800202EB820206FB103352009BB292B23D
:1079300013B102331A4492B2722313FB0122A66CD4
:10794000C4F89C200E230732ADF858314FF00108DF
:107950000023D708C2F3C702CDE900530292CDF845
:107960000C804346022256A93046FDF754FF0546D7
:1079700000287FF4DBAB3046FEF703FA054600280B
:107980007FF4D4ABD4F8A0308DF85A31A06C8DF8C8
:107990005971032356AA40F285318DF85881FEF7BC
:1079A0008FF894F8A070102F28BF10272E46B742EA
:1079B0007FF67CACF1B22046FEF7F4F805460028CD
:1079C0007FF4B4AB0136F2E75B0098E703EB4303C7
:1079D00095E79DF8583143F0040394E46FF00305F4
:1079E000FFF7A4BB4FF0FF35FFF7A0BB947F020861
:1079F000BB7F020830B585B005460C46FEF7B0FDEA
:107A0000012811D195F88030A1B2A5F85210019348
:107A100095F85030009395F87C3095F84F20284623
:107A2000FFF7E1FA05B030BD48BB95F86830A1B268
:107A300099420A46A8BF1A461F2AA5F86C1018DCFE
:107A4000172A18DC0F2A18DC003A18BF012292000E
:107A5000FF2085F86420039095F86A00029095F85D
:107A60006900CDE90030284695F8673001F0E3FF62
:107A7000D8E70722ECE70622EAE70522E8E74FF01D
:107A8000FF30CFE737B504460D46FEF769FD012804
:107A900010D184F88050019594F85030009394F8F8
:107AA0007C3094F84F20B4F852102046FFF79BFA30
:107AB00003B030BD6FF01300FAE737B50C4605464A
:107AC0000021204606F096F9B8B10D49204606F08F
:107AD00087F990B10B49204606F05CFC06F01CFDCE
:107AE00001238DF807000DF10702A86C40F6E701AD
:107AF000FDF7E6FF002003B030BD6FF01000FAE79D
:107B000000000C43000020401FB50123CDE90033E5
:107B10008DF80F100DF10F029D21806CFEF736F9E4
:107B200005B05DF804FB2DE9F14F1F46374B436567
:107B3000062380F83C300023BDF8348043671646A6
:107B400080F85030324AC264FF230D46C3679DF867
:107B50003C200E99A0F8528001239DF828B09DF892
:107B60002CA09DF930900446FEF79DFB002849D1DA
:107B70005946204601F043FE002843D15146204695
:107B800001F05CFE00283DD1236841461B6E204673
:107B90009847002836D11F492046FFF78EFF00285E
:107BA00030D101212046FFF7AFFF58BB022120460C
:107BB00001F068FF30BB236801461B6D20469847E3
:107BC00000BB23683946D3F8E03020469847C8B94F
:107BD00023683146D3F8DC302046984790B92368B3
:107BE0002946DB6B2046984760B901212046FDF706
:107BF000B4FF38B923685B6D4946204601B0BDE843
:107C0000F04F184701B0BDE8F08F00BF0000FA4305
:107C10000903000100007042F0B587B004469DF8EA
:107C200044E09DF830509DF834609DF93870BDF8FF
:107C30003CC0CDF814E0DDF840E0CDF810E0CDE92F
:107C4000027CCDE90056FFF76EFF014620B92046C1
:107C500007B0BDE8F04057E707B0F0BD2DE9F047A9
:107C60009246994645F255324CF6CC4386B0C0E96F
:107C70001723194B03671A23BDF8407080F865304D
:107C800040F209630E46A0F866309DF8482011992D
:107C9000A0F86C700023DDF838809DF93C50044654
:107CA000FEF701FB002840F0E781236851461B6C7A
:107CB00020469847002840F0DF81236849465B6CE6
:107CC00020469847002840F0D7812046FEF748FC20
:107CD00020B16FF01300CFE133331C43BC49C4F82B
:107CE0007080404606F098F9BA4920F0004006F04E
:107CF00077F8002840F06881B749404606F08CF9D3
:107D0000B44920F0004006F06BF8002840F05E8196
:107D1000B249404606F080F9AE4920F0004006F036
:107D20005FF8002840F08281AD49404606F074F9C2
:107D3000A84920F0004006F053F8002840F0788170
:107D4000A849404606F068F9A24920F0004006F034
:107D500047F8002840F06E81A349404606F05CF9E0
:107D60009C4920F0004006F03BF8002840F0648178
:107D70009E49404606F050F9964920F0004006F032
:107D80002FF8002840F05A819949404606F044F9FE
:107D9000904920F0004006F023F8002840F0508180
:107DA0009449404606F038F98A4920F0004006F030
:107DB00017F8002840F046818F49404606F02CF91C
:107DC000844920F0004006F00BF8002840F03C8188
:107DD0008A49404606F020F97E4920F0004005F02F
:107DE000FFFF002840F032818549404606F014F933
:107DF000784920F0004005F0F3FF002840F028818A
:107E00008049404606F008F9724920F0004005F02C
:107E1000E7FF002840F01E817B49404606F0FCF851
:107E20006C4920F0004005F0DBFF002840F0148191
:107E30007649404606F0F0F8664920F0004005F02B
:107E4000CFFF002840F00A817149404606F0E4F86F
:107E5000604920F0004005F0C3FF002840F0008199
:107E60006C49404606F0D8F85A4920F0004005F029
:107E7000B7FF002840F0F6806749404606F0CCF88E
:107E8000544920F0004005F0ABFF002840F0EC80A2
:107E90006249404606F0C0F84E4920F0004005F027
:107EA0009FFF002840F0E2805D49404606F0B4F8AC
:107EB000484920F0004005F093FF002840F0D880AA
:107EC0005849404606F0A8F8424920F0004005F025
:107ED00087FF002800F0CE800923226E84F86530E9
:107EE000009294F86620E16D2046FEF741F90028E3
:107EF00040F0C2804C492046FFF7DFFD002840F0EB
:107F0000BB80236839461B6E20469847002840F006
:107F1000B3804AF61253ADF8143023680222DB6DA9
:107F200005A920469847002840F0A680236801460E
:107F30009B6C20469847002840F09E8023680146AD
:107F4000DB6C20469847002840F096802046FEF7DC
:107F500007FB00287FF4BDAEFF230127CDE90273A4
:107F600094F86930019394F86830009394F867307E
:107F700094F86420B4F86C10204601F05CFD0028F1
:107F80007AD184F86A700221204601F07BFD002836
:107F900072D139462046FFF7B7FD00286CD123681F
:107FA0003146DB6B20469847002865D101212046E9
:107FB000FDF7D3FD00285FD123685B6D294620467D
:107FC00006B0BDE8F04718471F2386E7172384E76C
:107FD0009A9999406F12833A9A99B9409A99E940CF
:107FE00033331B4133333B419A99694100009C4133
:107FF0003333BB416666EA4100001C429A993B421A
:1080000066666A4266669C429A99BB429A99EA42BF
:1080100033331C4333333B43CD4C6A4300009C4312
:10802000CDCCBA430080E943000070420F2354E7EF
:108030001E2352E7162350E70E234EE71D234CE77D
:1080400015234AE70D2348E71C2346E7142344E79A
:108050000C2342E71B2340E713233EE70B233CE7B7
:108060001A233AE7122338E70A2336E7192334E7BD
:10807000112332E76FF0670006B0BDE8F087F0B576
:1080800087B004469DF93450BDF838609DF84070C3
:108090000497CDE901560F9F0C9D03970095FFF7BC
:1080A000DDFD014620B9204607B0BDE8F0402BE5D4
:1080B00007B0F0BD2DE9F0410E4617461D469DF86C
:1080C0001C20069902230446FEF7EDF8E0B9236868
:1080D00039461B6C20469847B0B901212046FFF76E
:1080E00013FD88B923683146DB6B2046984758B9A1
:1080F00001212046FDF731FD30B92368294620468D
:108100005B6DBDE8F0411847BDE8F0812DE9FF4106
:108110001F469DF8283080F88F30884615460C9908
:108120009DF834209DF92C6003230446FEF7BBF82C
:10813000002846D126492046FFF7BFFC002840D141
:1081400001212046FFF7E0FC00283AD1CDE90200EA
:10815000CDE90000034602460146204601F06BFCD3
:1081600078BB0B2384F86630236884F865002066AA
:108170001B6C18492046984718BB032F1FD8092DA0
:1081800084F8887020D8032384F88A304FF48073F1
:10819000A4F89830236884F88950DB6B4146204668
:1081A000984770B901212046FDF7D7FC48B92368EC
:1081B0005B6D3146204604B0BDE8F04118476FF0D2
:1081C000090004B0BDE8F0816FF00700F9E700BFD7
:1081D000000070420000FA3E0144002203460130D4
:1081E00088421A70FAD1704710B5B02104460C309D
:1081F000FFF7F2FF204610BD10B50446FFF7F4FF6D
:1082000020460BF065FF204610BD10B5F021044656
:108210000C30FFF7E1FF204610BD10B50446FFF714
:10822000F4FF20460BF054FF204610BD2021D3E779
:1082300010B504460430FFF7F9FF204610BD10B515
:108240000446FFF7F5FF20460BF042FF204610BD25
:108250000430EBE710B504462430FFF7E7FF204673
:10826000FFF7E6FF204610BD10B50446FFF7F2FF0A
:1082700020460BF02DFF204610BD10B504462430DB
:10828000FFF7D4FF201DBDE81040CFE72DE9F041F6
:1082900006461D4656F8283B8AB00F46904602A96E
:1082A0009B692022044698475C23314600933A4656
:1082B00043462046FCF7E8FBD4E91A2312F5007286
:1082C00043F10003C4E91A232046FCF75BF8236856
:1082D0005E699B68984702A902462046B04723681A
:1082E000109A9B6929462046984702A8FFF79EFFEF
:1082F0000AB0BDE8F08101798068013109016BE7BE
:1083000010B5102104460830FFF766FF04F118008D
:108310001021FFF761FF204610BD10B50446FFF79E
:10832000EFFF20460BF0D4FE204610BD10B50446EA
:1083300040680368DB699847102104F10800FFF7E3
:108340004BFF102104F11800FFF746FF102384F8BB
:10835000283010BD10B5044670210830FFF73CFFEF
:10836000236820461B69BDE8104018472DE9F04FEF
:108370008946ADF5037D80461146002A00F06E81E6
:108380006AAC02F1200510685168234603C3083225
:10839000AA421C46F7D1719B23F0004371936AA84F
:1083A000FBF7FFFE1C2200F00103002163A80193EC
:1083B0006AAC0BF0F6FC01232022002152A8629344
:1083C0000BF0EFFC0FCC5AAD0FC594E80F0085E819
:1083D0000F0062AD0FCD4AAC0FC495E80F004FF00F
:1083E000000B84E80F001F26FF244025DA4619F809
:1083F00006702F4087EA0B0B5AAA62A95846FBF772
:108400007CFF4AAA52A95846FBF777FF52AA62A9F5
:1084100042A8FBF72EFF42A91AA8FBF728FF52AA91
:108420003AA862A9FBF73BFF014612A8FBF71FFF22
:1084300012AA1AA922A8FBF732FF4AAA5AA932A8FF
:10844000FBF717FF2AA84AAA5AA9FBF728FF0146FB
:1084500042AA0AA8FBF7CEFE3AAA32A902A8FBF765
:10846000C9FE02AA0AA95AA8FBF703FF5AA908469F
:10847000FBF7FDFE4AA802AA0AA9FBF710FF014676
:10848000FBF7F5FE4AA908466AAAFBF7B3FE12AA53
:108490001AA962A8FBF7AEFE7448082272A900234D
:1084A0000DF1880E5EF804CBD346013AECFB003B9D
:1084B00012F0FF0241F8043B5B46F3D1012272A99E
:1084C00052A8CDF8E8B1FBF703FE52A908461AAA54
:1084D000FBF7CFFE52A922AA0846FBF78BFE6D08D8
:1084E00004BF06F1FF364FEAC71B04F1FF3403BF98
:1084F000F6B25FFA8BFB80254FEA570B14F0FF04AE
:108500007FF475AF5AAA62A95846FBF7F6FE4AAA4D
:1085100052A95846FBF7F1FE52A972A8FBF7A7FE35
:10852000092472A90846013CFBF7A1FE14F0FF04E0
:10853000F7D152AA72A94AA8FBF75CFE17250A24B4
:1085400072A90846013CFBF792FE14F0FF04F7D134
:108550004AA972AA0846013DFBF74CFE15F0FF053B
:10856000EDD14AA972A8FBF782FE4AA972AA084671
:10857000FBF740FE082472A90846FBF778FE4AA9DB
:1085800072AA0846013CFBF735FE14F0FF04F2D155
:1085900072A8FFF74BFE4AA90846FBF768FE4AA9F6
:1085A0000846FBF764FE4AA952AA0846FBF722FEDA
:1085B0004AA90846FBF75BFE4AA90846FBF757FEA7
:1085C0004AA952AA0846FBF715FE4AA90846FBF736
:1085D0004EFE4AA9084652AAFBF70CFE62A94AAA17
:1085E0000846FBF707FE6AAD62AB42461C4603CC69
:1085F000AC4210605160234602F10802F6D16AA82D
:10860000FFF714FE62A8FFF711FE5AA8FFF70EFE4F
:1086100052A8FFF70BFE4AA8FFF708FE42A8FFF793
:1086200005FE3AA8FFF702FE32A8FFF7FFFD2AA8D1
:10863000FFF7FCFD22A8FFF7F9FD1AA8FFF7F6FDEA
:1086400012A8FFF7F3FD0AA8FFF7F0FD02A8FFF755
:10865000EDFD01980DF5037DBDE8F08F1C226BA8A0
:108660000BF09FFB09236A9399E600BF41DB0100F1
:10867000F0B50021114C90F81FC00546084622466F
:1086800005F11F0712F81F3F8CEA030303F07F0375
:1086900012F8016D17F801ED944286EA0E0643EADE
:1086A0000603F5D1C3F58073013140EA2320052983
:1086B000C0B204F12004E2D1F0BD00BFE47F0208A3
:1086C00010B5702104460830FFF786FD204610BD26
:1086D00010B50446FFF7F4FF20460BF0F9FC2046E6
:1086E00010BD00BF00000000B0F81432B0F8102236
:1086F000981AC0B27047B0F81432B0F810229BB28A
:1087000093421ABFD0F80832985C4FF0FF307047A0
:1087100090F81232B0F81602C0B2834227BFC3F1FC
:108720003F03C018C01A00F1FF30704707B5036857
:108730008DF807105B6801220DF10701984703B01F
:108740005DF804FBD0F8F831013310B5044631D19F
:108750000368DB68984794F81C325BBBD4F8F831A7
:108760000122013384F81C2224D194F80512124B03
:1087700053F8213093F8841091421BD083F8842061
:108780002422C3F88820196851E8002F22F00C0237
:1087900041E800241868002CF5D150E8002F42F081
:1087A000040240E800210029F7D12022C3F88820E4
:1087B00083F8841010BD00BFA01A002010B5044635
:1087C000FFF7C0FFB4F81422B4F8103292B29A4204
:1087D0001FBFD4F80822D05C0133DBB214BFA4F869
:1087E00010324FF0FF3010BD2DE9F04106460D4626
:1087F0008F180C46BC4202D1601BBDE8F081336883
:10880000A0461B6818F8011B304698470028F3D093
:108810004446EFE738B5094D2B68C360044623682A
:1088200020465B699847002807DAE2682B689B1AA4
:10883000A2689342F3D34FF0FF3038BD7803002095
:10884000F8B507460D468E180C46B44201D1601BA0
:10885000F8BD3846FFF7DEFF031EF8DB04F8013BE6
:10886000F3E72DE9F0410746884616461D4673B1E9
:1088700000243846FFF7CEFF031E05DB434503D037
:1088800033550134A542F4D12046BDE8F0811C46A1
:10889000FAE7124803681A0912F00C0F10B519D143
:1088A0000F4902F00F0251F822209AB141680D4C95
:1088B00003F00F03002954F823300CD0C4BF01F19A
:1088C000FF314160516901EA030023EA010343EAF1
:1088D0000043936110BD9362FCE700BFC801002014
:1088E00078770208544F0208024601440020914262
:1088F00000D1704743BA12F8010B9BB24340C3F357
:1089000003104340180380B24340580100F4FF5065
:108910005840ECE738B503689B68044603B19847B4
:10892000E36803B1984763681B6803B19847094B34
:10893000094A6168D3F8EC00146819600022824289
:1089400000DB38BDDD68A94208BF1C6201321C3360
:10895000F5E700BFCC1B002078030020037C43B167
:10896000044BB0F812221B68B0F816329BB29A4240
:10897000FAD170477803002010B50B4CE3689B6A6E
:1089800013B9A06A0BF0A4FBE368DB6A13B9606B50
:108990000BF09EFBE3681B6B23B9A06CBDE8104095
:1089A0000BF096BB10BD00BF483D002038B5044613
:1089B00000680D4610B163688B4208D2691C0BF049
:1089C000BBFF28B1A368C4E9000503B90370012007
:1089D00038BD2DE9F0470D4D0F46A9681424804697
:1089E00001FB0441686891469A460BF0A5FFAE680A
:1089F0006860744303190022013640F80480C3E91B
:108A00000179C3E9032AAE60BDE8F087CC1B0020E2
:108A100038B5084C0546002104F5DC7088220BF0BF
:108A2000C0F984F8B851A18A2046BDE83840ECF777
:108A300078BE00BFD444002038B50D460446002857
:108A40005ED0304BC0F89C3090F9B000E9F72EFDB5
:108A500094F8B1202C4BB4F8C21053F82230D3F85C
:108A60008820202A89B205D094F9B000BDE83840AA
:108A7000E9F70FBDD4F8B8205218F5D0ADB2002DEB
:108A8000F2D01A650022A3F85650C3F89020212294
:108A9000C3F888205A6E9968A3F85450B2F1005F69
:108AA0001A6818D1B1F5805F13D11D6917491848AC
:108AB000002D08BF0146996702F1080353E8003F03
:108AC00043F4000302F1080040E800310029F3D12B
:108AD000CAE70E49EFE7B1F5805F0FD11D690D4977
:108AE0000D48002D08BF0146996752E8003F43F04A
:108AF000800342E800310029F7D1B5E70549F3E7E3
:108B000038BD00BF1D8B0108A01A00201903000802
:108B1000810300081304000841040008B0F8C220D3
:108B2000D0F8C41011FA82F202F03F0210B5A0F89A
:108B3000C220B0F8C220B0F8BE1092B291421AD052
:108B4000B0F8C240B0F8C220A4B24031091B4C4278
:108B500092B204F03F0401F03F01C2F1400258BF5D
:108B60006142914228BF1146C0F8C410FFF764FF6C
:108B70004FF0FF3010BD0020FCE72DE9F8430368FB
:108B800004469B6890460F469847D4F8F831B4F8ED
:108B90001262012201338146C6F1400622742AD1B5
:108BA00094F81C323BB3002394F8051284F81C326D
:108BB0003D4B53F8213093F8841091421BD083F839
:108BC00084202422C3F888201A6852E8001F21F06C
:108BD0000C0142E800151868002DF5D150E8001F7F
:108BE00041F0080140E80012002AF7D12021C3F823
:108BF000881083F88420236820469B6898470028C3
:108C0000F9D04546B5422DD8A9452BD3B4F8126208
:108C1000D4F80C027319402B304438D82A46394610
:108C20000BF066F92E46B4F8123294F805221D4472
:108C30001D4B53F82220D2F88830D2F88C201343F1
:108C400003F0210305F03F05212BA4F8125206D0B2
:108C5000C4F81862314604F5AA70FFF7EDFE4046ED
:108C6000BDE8F8834E45236828BF4E463246394654
:108C70005B6820469847236820469B689847AD1B51
:108C80003744B4F812628146C6F14006BAE7C6F12D
:108C90004006324639460BF02BF9D4F80C02AA1BD9
:108CA000B9190BF025F9BEE7A01A00202DE9F04113
:108CB0008369C8B005460E4614460BB1F8F7DCF8D8
:108CC000286906AA31460C30F8F7F8FB002858D17D
:108CD0009DF81830112B06D1224631462846F8F768
:108CE000B0FCD0B13EE02C200BF0EAF90446A861BC
:108CF00098B12F6901963B69436007F10C087B69C5
:108D00008360014601AB02AA4046F8F735FB38B153
:108D1000A8690BF0DDF90023AB6148B0BDE8F08134
:108D20009DF80C30222BF3D104AA21464046F7F7D8
:108D3000C4FD0028ECD163682361A36863610E233E
:108D4000A3611023E360FB6923600123FC613046CB
:108D50002B7505F0DDF801300BF0B2F93146E86112
:108D60000BF0BEF82F2130460BF07CFE203500B111
:108D7000461CFF223146284648B0BDE8F0410BF0C2
:108D80005EBE0230C9D1012CC7D1A5E770B504463B
:108D900008460D4605F0BCF82368024629462046E1
:108DA0005B68BDE87040184730B58BB00023012ADE
:108DB0000C468DF8243098BF0A2209A92546B4FB39
:108DC000F2F404FB125303F0FF03092B94BF30337A
:108DD0003733DBB2AA4201F8013DEFD9FFF7D6FFE6
:108DE0000BB030BD2DE9F84305460C46C71C00F119
:108DF0000609002617F8011F0A222046FFF7D4FFB4
:108E0000236880461B682E21204698474F454044E2
:108E10000644EFD1E9790A222046FFF7C5FF304426
:108E2000BDE8F88370B50D46144630B1461E012EDC
:108E300005D811462846EBF7C9FE204670BD0368E9
:108E40005B689847F9E70EB403B503AA52F8041B10
:108E500001920AF009FF02B05DF804EB03B070471D
:108E600010B504460AF050FE90FBF4F303FB140027
:108E700010BD10B5044600680BF02AF9204610BD5D
:108E800010B50446006808B10BF022F90023C4E9CC
:108E90000133236010BD70B50E46114604461546D9
:108EA000FFF784FD18B92046BDE87040E8E7206868
:108EB000A5603146BDE870400BF012B838B500230C
:108EC000C0E90033044683600D4639B1084605F019
:108ED0001FF8294602462046FFF7DDFF204638BD31
:108EE000884210B50B46044604D0096821B19A683F
:108EF000FFF7D1FF204610BDFFF7C2FFFAE710B51C
:108F000000230446C0E900338360FFF7E9FF2046F1
:108F100010BD38B505460C4649B1084604F0F8FFC7
:108F2000214602462846FFF7B6FF284638BDFFF720
:108F3000A7FFFAE770B5856804460E4609B9002018
:108F400070BD62B115442946FFF730FD0028F6D008
:108F50002068A368314618440AF0C2FFA5600120CA
:108F6000EEE78A680968E5E738B505460C46084625
:108F700039B104F0CDFF214602462846BDE838400D
:108F8000D8E738BD08B58A68836893420BD3006878
:108F900040B1096849B19B1A184404F059FFB0FA6E
:108FA00080F0400908BD0020FCE70846FAE7B0F170
:108FB000005F08B506D3B0F1804F01D309F019FA6C
:108FC00009F014FABDE8084080000BF079B8031DE1
:108FD0002DE9F047C0E90133464B036000F12C0353
:108FE0000446002543614FF001084FF07E5388226C
:108FF00043624FF4927AC0E90685C0E90A55C0E998
:1090000020550F46C56005820562294610440AF0C6
:10901000C8FE52462946C4E94455C4F8185104F51F
:109020008E700AF0BEFE0820C4E99255C4E994553A
:10903000C4E99655C4E99855C4F84052C4F84402AE
:10904000FFF7B5FF00F10C090646C4F84002504690
:109050000BF036F800EB0A03C4E99703C4F850326A
:10906000F060C4F84C02C4F84802C4F8580229461B
:10907000C4F85492C4F864924FF4FE7204F51B7065
:109080000AF08FFE2946C4F86854C4F86C54C4F83A
:109090007054C4F87454C4F878544FF4007204F552
:1090A00090600AF07EFE144B84F884561B68C4F866
:1090B00080362946502204F130000AF072FE4FF447
:1090C00001760E4B236032462946C4F8887604F2B6
:1090D0008C600AF066FEC4F89058C4F8945884F87E
:1090E00098883246294604F699000AF05AFEBDE8EF
:1090F000F08700BF8C80020878030020A84C02088B
:10910000C3B2192B1BD8174A52F8233000F4E06081
:109110001843431C25D0030913F00C0F04BF124A57
:1091200003F00F0300F00F0008BF52F823300F4A7E
:1091300018BF002352F8202091B19A61704700F0C7
:10914000C002C02A0DD1C82B0BD8094B00F03F023A
:1091500000F4E06053F82220024B53F82230D7E7A6
:109160009A6270471866020878770208544F02081E
:109170006C750208C3B2192B1BD8194A52F8233058
:1091800000F4E0601843431C24D0030913F00C0FD3
:1091900022D103F00F03134A00F00F0052F82320EE
:1091A000114B126953F8203093430CBF012000206B
:1091B000704700F0C002C02A0CD1C82B0AD80B4B54
:1091C00000F03F0200F4E06053F82220044B53F813
:1091D0002230D7E70020704700231B69FFDE00BF65
:1091E0001866020878770208544F02086C75020866
:1091F000034A116813685B1A8342FBD3704700BFB0
:10920000780300200348D0F8883013B18030EAF7A3
:1092100033BC7047C01800202DE9F04F2E4D85B0AB
:10922000CA002C7803922A7C0092A4F108020192D1
:1092300004F1FF3C6A68AB6802924FF0010E002611
:109240000EFA0CF93146039A96420ED1EA68534061
:109250006A7C002A3CD11D46C4F120044FF0FF3047
:10926000E040284005B0BDE8F08F16F0070218D1A5
:1092700010F8018001F1010A0099D1B117460EFAE8
:1092800007F101EA0801F940C7F1070B013701FABC
:109290000BF1082F42EA0102F1D101998A405340B3
:1092A000514603EA09025B000AB1029A53400136B3
:1092B000C9E74246F1E700FA02F11940D140ACEBB0
:1092C0000206B1400D430132D1B28C42F3D8C3E75C
:1092D000002215460120F7E738500020F0B50023A2
:1092E000C0E90033ADB08360044608460D4604F083
:1092F0000DFA06460F462846002104F067FD0028B7
:1093000058D13DA3D3E900233046394604F0A0F8F4
:109310000F46064604F0ECFC054604F0D5F902467B
:109320000B463046394604F091F8354B002204F0E4
:1093300045FA04F0F5FD3349009001232A46002543
:1093400002A80BF011FB7D2229460CA80B950AF010
:1093500028FD02A804F0DCFD022824D88022202168
:109360000BA80AF01EFD02A804F0D2FDC0F1030014
:1093700000F1B0030DEB030000F8845C02A804F0D8
:10938000C7FD01300AF09CFE02A905460AF0A8FDBF
:109390000BA902A80AF0A4FD294602A80BF022FBA3
:1093A00028460AF095FE02A92046FFF7B2FD2046A6
:1093B0002DB0F0BD32463B460FA1D1E9000104F0CB
:1093C00045F80F46064604F093FC054604F07CF988
:1093D00002460B463046394604F038F8084B002266
:1093E00004F0ECF904F09CFD0749009001232A46A3
:1093F000A5E700BFAFF300809A9999999999A93F81
:1094000000002440D59A0208D49A020870B5056875
:1094100004460E46A54201D1002070BDA86803682D
:1094200031469B6898470028F7D12D68F2E70E4B2C
:1094300010B504461868036821461B68984750B168
:10944000037943B190F834300BB1343010BD037B55
:109450000BB10C30FAE7054A054823460C210BF006
:10946000DFF90348F2E700BF141D0020DF9A02086D
:1094700050500020421C10B503460C460CD0074A41
:109480001068026819461268904728B1D0F8B430C5
:10949000A34218BFC0F8B44010BD00BF141D002087
:1094A000F0B5234BD3F8EC41ADB005460E4684B37E
:1094B0004FF47A735C431F4F386860BBB0220021C1
:1094C00068460AF06EFC69462846F6F789FEBDF844
:1094D0000C3053B32846F1F7FFFE6B460446AA69E9
:1094E000E9211030EFF7EAFE0023E081386884F8C4
:1094F000FA300A23666084F8223110B14721EFF771
:10950000F7FD0D480123006800222146EDF7E6F83B
:109510000BE00A4CCFE74721EFF7DAFB0028CDD06C
:10952000074B1B681B1A9C42C8D92DB0F0BD00BF69
:10953000D43D00202C500020301D00200097490110
:109540007803002008B5084991F81D02FFF712FEC4
:1095500091F81E32DB0703D5003818BF012008BD83
:10956000B0FA80F04009FAE7D43D00200388022BCE
:1095700013D00D2B08D8032B01D800207047043BD3
:109580009BB240F2952004E00F3B9BB21E2BF4D817
:109590000348D84000F0010070470120704700BF29
:1095A0002500004038B5826983689A42044614D089
:1095B0002269C0681D68043A934203D00433A36053
:1095C000284638BD0AF084FD63691A1D5B68626134
:1095D00003F50072E3602261F1E70025F0E701691D
:1095E000024659B1836850F82300013303F00103A8
:1095F00048BF5B420139936011617047084670476C
:10960000816A10B5024679B1036A50F8230001332C
:109610005C4204F0070403F0070301F1FF3158BF77
:1096200063421362916210BD0846FCE713B50B4913
:1096300004460B48002301F1520200684968ECF728
:109640003AFF084B186838B134B1002300931A462A
:109650004FF0FF31F6F748FE02B010BD640900205C
:10966000141D0020A44A002030B5044685B00D46E4
:10967000806C0121FCF765FB0023CDE900331A461D
:109680001946A06CFCF782FB0123CDE9003303AA45
:10969000A06C8DF80C508021FCF778FB05B030BD34
:1096A00030B5012185B00446806CFCF74AFB0423E9
:1096B0008DF80F300023CDE900330DF10F02A06CBF
:1096C00001238421FCF762FBA36C0546186803683C
:1096D0000121DB699847284605B030BD1FB58DF8DC
:1096E0000D300123CDE900338DF80C108DF80E20DC
:1096F0008DF80F3003AA04239521806CFCF746FBFC
:1097000005B05DF804FB0B4B1B681B7C4BB190F95B
:1097100088219A4205DD084A92F896200AB980F815
:10972000883190F98831162BC4BF162380F8883110
:10973000704700BFB01B002064090020836C70B527
:1097400004461868996A026895688268A847A36CFD
:109750001868996A0268D568C268A847A36C186837
:1097600003680121DB699847A36C1868996A02684D
:10977000D5680269A847A36C186803685B6A9847B4
:109780000646236820461B699847054678B1A36CB6
:10979000186803685B6A9847801BB0F57A7F06D229
:1097A000A36C186803680A21DB699847E9E7284633
:1097B00070BD1FB50023ADF80C300123CDE9003397
:1097C00003AA02238F21806CFCF7E0FA05B05DF854
:1097D00004FB1FB5002303930123CDE9003349BAED
:1097E000082352BAADF80810ADF80A2019460DEB5F
:1097F0000302806CFCF7CAFA05B05DF804FB37B5CC
:1098000005460C46FCF7ACFE012811D1231FDBB244
:10981000042B10D895F84E2085F84D30009295F81D
:109820003C2095F84C102846FDF722FB03B030BDD4
:109830006FF01300FAE76FF00900F7E737B5054658
:109840000C46FCF78DFE012814D124F00F0343F0E1
:1098500004032401A86C8DF8043044F004040223AE
:1098600001AA4FF4E8618DF80540FCF729F90020C2
:1098700003B030BD6FF01300FAE713B500290CBF39
:109880009423962304468DF803300DF10302806C77
:10989000012340F6AC01FCF713F9084BA06C1A88C1
:1098A0009B78ADF804208DF8063001AA032340F21E
:1098B0009F21FCF705F9002002B010BDE69A0208CE
:1098C0002DE9F04188B005469DF8388043450E46A5
:1098D00017461C467DD3FCF7A3F8631CFF22DBB2BE
:1098E000C8F1080802FA03F342FA08F21343DB4313
:1098F000DBB280EA0702134203D1002008B0BDE8C2
:10990000F08120EA03043B401C432B79E4B28DF83C
:109910001740CBB90122CDE90032284669890DF103
:1099200017033246FBF70EFF286803689B6A9847C7
:109930000746286803689B6A9847C31BB3F5FA6F0C
:1099400040D36FF00F00D9E795F911306F7C002BF1
:10995000B8BF0733C3F3C703581E40B20DF1180E4A
:109960004FEAC00C02467146002A18DA2A7C013000
:10997000B8BF0023D2080B44501E40B2B0F1FF3FE5
:1099800018D10020012301900DF117000090CDE9BE
:10999000023302EBD7022846FBF73DFFC4E7B5F8D8
:1099A0000A80013A48FA0CF80EF8018B52B2ACF179
:1099B000080CD9E74FEAC00C26FA0CFC03F801CBDF
:1099C0000138DAE731462846FCF72AF88442B0D15C
:1099D00093E76FF00A0091E7F0B590F9114090F825
:1099E00011C0002CB8BF0734E41087B0013C054615
:1099F00064B205A80F46E6000146002C11DA0120EA
:109A0000CDE902300023019200934FEADC022846A0
:109A1000FBF701FF68B9284607B0BDE8F040FCF746
:109A2000B0B947FA06FE013C00F801EB64B2083E0B
:109A3000E3E707B0F0BD7FB58DF813309DF8243013
:109A40008DF80E208DF814309DF820208DF80F2011
:109A50000123CDE9003300228DF810209DF8282045
:109A60008DF8112049BA9DF82C20ADF80C108DF816
:109A70001220092303AA8C21806CFCF787F907B018
:109A80005DF804FB30B587B004460D46FCF768FD71
:109A9000024690BB022D0CBF06230423FF2284F84C
:109AA0006730039294F86A20029294F86920019238
:109AB00094F86820009294F86420B4F86C10204662
:109AC000FFF7B9FF0546A8B940F61D73A06CADF8C5
:109AD000143005AA022340F2BC61FBF7F1FF42F209
:109AE0001013ADF81430A06C022305AA40F2BE6139
:109AF000FBF7E6FF284607B030BD012810D194F8E7
:109B0000803084F84F00019394F85030009394F81B
:109B10007C30B4F852102046FDF765FA0546E9E7B7
:109B20004FF0FF35E6E710B504461346806C01227E
:109B3000FBF72BFFA06CBDE81040FCF7AEB800238C
:109B400070B5054601F110041846283154F8046F29
:109B5000AE420BD0002E18BF01238C42F6D122B1A9
:109B600030B183F00103DBB2137070BD0120F4E764
:109B70000346F9E72DE9F04F456893B0CDE903239B
:109B800004460F46002D00F00A81D0F800A0BAF17B
:109B9000000F00F00681D1F81491B9F1000F00F028
:109BA000FC80242200210DEB02000AF0FAF838466E
:109BB000CDF82090EBF7E5FD7B4997F820B1D1F87F
:109BC0000480D7F854110291884508BF4FEACB11A1
:109BD0000BF07F0208BF01F47E51ADF82C2004BFCA
:109BE0000A43ADF82C20714A08BFCDF830801268C6
:109BF00001900CBF01260026012A38BF0122D7F8A8
:109C0000503107900992204601990A934A460593DC
:109C1000EEF7F9F90446002800F086801C9A059BAF
:109C200042B1028A1C9902F07F0293458CBF012247
:109C300000220A70039AEAB1226890451AD0D4F83B
:109C40000CB0BBF1000F15D0D84513D093B90298D2
:109C50001A462146FFF773FF60B121464046FFF7E1
:109C60006EFF38B921465846FFF769FF10B9039ACD
:109C700001231370049B33B1E368A3EB0802534242
:109C80005341049A1370002E6BD132462146404650
:109C9000FFF755FF238A58B197F82011C3F3C61276
:109CA000914202D0013A914202D1029A0C920126CD
:109CB000BDF82C2003F47E5322F47E521343ADF8FA
:109CC0002C30BDF82C20238A02F07F0103F07F03A3
:109CD0008B4284BF22F07F0213434FF0000288BF03
:109CE000ADF82C30134604EB8301486978B10BAF13
:109CF000062157F804CF604509D0013911F0FF0162
:109D0000F7D1334412A901EB830343F8180C002E5A
:109D100002F10102D2B20CBF062105218A4213468C
:109D2000E1DBE3680A9302E01C9B03B118701F4B50
:109D30002C221E68002302FB0A521946954212D3B8
:109D40004BB107AE1D460FCE0FC50FCE0FC596E81F
:109D5000070085E80700201E18BF012013B0BDE8EA
:109D6000F08F0126ADE7686858B9286888B1A868FF
:109D7000371A8F4228460ED939462B4600F12C055A
:109D8000DCE78145F3D12868019F8742EFD1A968BC
:109D9000711A1046F1E71D46EFE74846DEE7284610
:109DA000DCE75046DAE700BF6409002078030020B2
:109DB00030B51C4B0446186899B010B12146ECF739
:109DC00053FC194DEB681BB9ED6855B919B030BD9E
:109DD0006389042BF8D02046F0F70AF90028F5D162
:109DE000F2E76389042BF1D1A389462BEED10F4909
:109DF0005C2201A80AF07CF80D4AE18901AB04F16C
:109E00001000F0F7E3F80028E0D02B6801AA214603
:109E10009B6A284698472B6801AADB6A2146284698
:109E20009847D3E7141D002050500020B880020846
:109E30008074020810B103685B681847704710B15E
:109E400003685B68184770472DE9F74FDFF894B057
:109E5000814616461D4601F00F080C09824601276F
:109E6000A74220D9B8F1000F1AD0631CEB73C3F3DB
:109E700007221C4BAA731868036806EB04169B6A3A
:109E800032462946984709EB0414B04416F8012BD2
:109E900014F8013B464583EA020306F8013CF5D17C
:109EA00003B0BDE8F08FDBF80000EF73C7F30723C2
:109EB000AB73036801929B6A29469847019A0AF19D
:109EC000FF30531E02F10F0C13F8011F10F801EFC1
:109ED000634581EA0E011970F6D110320AF1100AB9
:109EE0000137BDE718100020454B2DE9F3471A69EB
:109EF000444CDFF814E10C2101254FF0000C4FF029
:109F0000040902264FF00808187E012843D0587E25
:109F10001D76012870D15E76506840060ED5C3F8D4
:109F20001C80CDF804C0506840071BD4506820F056
:109F300040005060D86920F00800D861DEF800A029
:109F40005068C0074AD5976850681F62400641BFF5
:109F5000C3F81C80506820F0010050605D7683F8E3
:109F600018C018E0106840F080401060106820F0C1
:109F7000804010600196019801380190DDF804A03E
:109F8000BAF1000F12D101205876D86983F818A0D1
:109F900040F00200D86154F8040F0139784011F004
:109FA000FF012060B0D102B0BDE8F087106840002A
:109FB000E1D45068400642BF506820F04000506035
:109FC00002200190019801380190DDF804A0BAF157
:109FD000000FD8D050684007F4D4ABE7DEF800009B
:109FE000A0EB0A000228ABD9506810F00100A7D1FD
:109FF0005D761876DE61CEE7C3F81C90AFE700BF50
:10A0000050500020840F0020780300202DE9F04FED
:10A010007C4C26460FCE04F140050FC50FCE0FC570
:10A020000FCE0FC596E80F0089B085E80F00A36F2B
:10A030000393A36ED4F87C90D4F850E0D4F840C0D9
:10A04000D4F870B0D4F86080616D676CD4F874A0F7
:10A05000606EA26DA66CE56C0193E36DE46E0294F4
:10A060000A24CDF8109000940F4487EA0A0A00EB06
:10A070003A40F44441408CEA0B0B07EB315787EA36
:10A080003A4A08EB3B4800EB3A6088EA0E0E0CEBCC
:10A090003E5C80EA3151069003988CEA3B441644BA
:10A0A00008EB346880EA06090198CDF8148088EA44
:10A0B0003E5ECDF81CE000EB394E04981D4485EA65
:10A0C000000802988EEA020206EB325600EB384096
:10A0D00086EA394943400EEB396E05EB33558EEA7B
:10A0E000325285EA38480CEB716C00EB386007EBB4
:10A0F00072678CEA38680EEB384E87EA346480EA7F
:10A1000033538EEA716100EB344080EA72620CEBEB
:10A11000315C8CEA384807EB32574FEA386B87EAF4
:10A12000344400EB346006EB7366CDF810B04FEAB0
:10A13000346B059C029080EA325286EA3A600EEB5C
:10A14000386E04EB304888EA736306EB335686EAD0
:10A15000304008EB30684FEA306A0798CDF804E0E9
:10A1600005EB7065069885EA39648EEA3151DDF8B1
:10A170001CE000EB344989EA7E6E05EB3E5585EA2A
:10A1800034444FEA3460039009EB3460009C013C96
:10A1900088EA335380EA3E5E14F0FF044FEA7161AF
:10A1A0004FEA72624FEA73634FEA7E6E00947FF467
:10A1B0005BAF144CDDF810906165C4E9135EC4E92F
:10A1C00017380199039BA265029AC4F87C90C4F8E1
:10A1D00040C0A166C4F870B06764E266C4F874A0B9
:10A1E000A664A367606622460434136C12681344A5
:10A1F000E363009B0133DBB2102B0093F3D109B072
:10A20000BDE8F08F780F002070B50C4E336B06F16F
:10A21000400501333363FFF7F9FE0FCD06F110045B
:10A220000FC40FCD0FC495E80F0084E80F00E9F7C5
:10A2300037FD736B4340736370BD00BF780F002020
:10A2400010B5064C236B01332363FFF7DFFEFFF7E6
:10A25000DBFF034B1B68C4F8843010BD780F00206F
:10A260007803002038B505460C4641B3302C224611
:10A2700028BF3022A41A2B461544134A13F8011B99
:10A2800012F8010BAB4281EA000102F8011CF5D182
:10A29000FFF7BAFF002CE9D10C4A92F881309906F9
:10A2A00010D5B2F88010C1F30C01B1F5C07F09D30D
:10A2B0006FF3451382F88130BDE83840C0E7FFF7FF
:10A2C000A3FFE9E738BD00BF880F0020780F00200A
:10A2D000F8B53E4C94F881305B06054657D43C4BAC
:10A2E000264603F1400718685968324603C208330E
:10A2F000BB421646F7D1FFF7F7FDB4F8803023F4E0
:10A300007F5323F03F0343F40053A4F88030FFF75A
:10A310007BFF35B1284603F0FBFD01462846FFF7D9
:10A32000A1FF2C4A537E03F0FF0103B911760223EB
:10A33000537613695069196821F00401196019688E
:10A3400021F0804121F02001014341F0804119605A
:10A35000214919614AF2B321196119681F4821F096
:10A3600080411960056819684E0011D4196841F0E0
:10A370000401196059684D0616D504235376FFF77A
:10A380005FFF94F8813043F0400384F88130F8BDDA
:10A390000168491B0229E6D919684F00E3D501235A
:10A3A00053760223D361EAE70568596811F0040186
:10A3B00003D101235376D161E1E70168491B0229EA
:10A3C000F3D959684907F0D50423E9E7780F00204D
:10A3D000EA9A020850500020BC0A5917780300205E
:10A3E00010B5104B19791E221A6702294FF03C0252
:10A3F0009A6601D00B290DD10B4901220C4610465B
:10A40000C3F8AC100A21C3E92924C3F8B010C3F87B
:10A410008C0110BD4FF496714FF0FF344FF416705D
:10A42000EEE700BF800300208051010008B5054B16
:10A430004FF41A720021184609F0B3FC1822C0F834
:10A44000642208BD38480020044B1A889042BDBFE2
:10A4500004334C2200FB023001487047384800208A
:10A46000F401002070B501460078FFF7EDFF91F888
:10A470004830012B03D04C2209F03AFD70BD074B48
:10A480001C7800220225A242F5DA93F84C60012ED6
:10A4900008BF83F84C5001324C33F4E738480020B1
:10A4A000F0B5194B93F8965095B005B30024174FAB
:10A4B0002546E0B2FFF7C8FF4C22014601A809F08B
:10A4C00017FD9DF805607EB139460DF12E000AF0AA
:10A4D0006BFA78B98DF84C008DF80E00ADF80C00D1
:10A4E00001A8FFF7BFFF35460134082CE1D128460B
:10A4F00015B0F0BDBDF80C30002BF5D000238DF861
:10A500000E30ADF80C30EBE7640900202A96020803
:10A510002DE9F041DFF88C8004460846FFF794FFF0
:10A52000064620220021204609F03BFC737813B137
:10A5300096F848701FB9FF2384F8203015E035895C
:10A5400006F10A012A4620466DB209F0D1FC84F8D2
:10A55000205025B9022F08D198F80000DEE7012D20
:10A5600015D1227822B984F820202046BDE8F08158
:10A570000D4B214603F1100053F8045B41F8045BD6
:10A580008342F9D1102384F82030E273EDE70F2DD8
:10A5900001DC1023D0E71F2DE7DC102DE5D02023B0
:10A5A000CAE700BF001D00202B9B020870B50022E7
:10A5B0000E4603210546EAF7E5FC044618B131468C
:10A5C0002846EAF721FD204670BD7FB505460848BC
:10A5D0009DF824600068046802969DF82060CDE92B
:10A5E00000361346246B0A462946A04704B070BDC6
:10A5F000383D002010B51348EEF702FA04234381DA
:10A60000114B5B6803604FF0FF3343600F4BD3F88F
:10A61000BC3113F0FF0202BFB3FA83F35B099A0166
:10A62000402A28BF402280F820210446EEF7F7F99F
:10A630000021C4F814010220EAF706FDC4F818014D
:10A64000204610BDE81C0020640900208003002083
:10A65000F0B599B004460F46164600215E220DF172
:10A6600002001D4609F09DFB03238DF80440ADF860
:10A670000030FFF7BFFF0523044683810A4A6B467B
:10A68000E9211030EEF71AFE782384F822319DF884
:10A690007830E081204684F820316760C4F8046196
:10A6A000257219B0F0BD00BF1481020810B54FF03B
:10A6B000FF310446EBF788FC0D4B021ED3F8BC318A
:10A6C0000BDB9A4201DDD0B210BD94F82A010028BC
:10A6D000FAD00232D0B29842F6D313F0FF0002BF94
:10A6E000B3FA83F35B099801402828BF4020EBE7C9
:10A6F0008003002008B109F0EBBC704701690246F5
:10A7000059B1836850F82300013303F0010348BFB7
:10A710005B4201399360116170470846704738B554
:10A7200003680D46DB684FF0FF319847044620B1BF
:10A730004FF4B072294609F0DBFB204638BD10B556
:10A740008AB00146044601A8FFF7E2FE9DF92430D5
:10A75000002B0CDB074B1868036801A9DB6A9847DC
:10A76000054B03EB4403B3F902000AB010BD4FF0F0
:10A77000FF30FAE718100020001D0020D0F88810E4
:10A7800010B5024691B1D0F8803050F82300013363
:10A790005C4204F01F0403F01F0301F1FF3158BFB6
:10A7A0006342C2F88030C2F8881010BD0846FCE74A
:10A7B0000146024802689268104700BFE81C00206A
:10A7C000F8B5164D95F8F0202B682AB91B680122C0
:10A7D00085F8F02003B198472B685B6803B1984770
:10A7E0000E4C0F4F0026D5F8EC309E4200DBF8BD32
:10A7F000E2682B689A4203D1226A3B681AB9236245
:10A8000001361C34EFE79B1A626A9342F8D304F1D5
:10A810000C00FEF77FF80023F1E700BFCC1B0020FF
:10A820007803002000B5C3B001466A460448F6F735
:10A8300045FEB0FA80F0400943B05DF804FB00BF6C
:10A84000543D00200C4B93F8F01030B4024629B16F
:10A85000D3E90040996800238B4201DB30BC70478C
:10A860000568A54205D18568AA4202D130BCFEF731
:10A8700051B801331430EFE7CC1B002038B5056820
:10A880000446A54201D1002038BDA8680368002114
:10A890009B6898470028F7D12D68F2E72DE9F04131
:10A8A00004469DF818800D4616461F46EAF70CFD33
:10A8B00048B1CDF818803B46324629462046BDE8CF
:10A8C000F041F2F7C7BFBDE8F08100B59DB001903F
:10A8D0001F4890F84C3063B11E4801AB02AA06A98C
:10A8E000F6F74AFD58B1B0FA80F040091DB05DF8A6
:10A8F00004FB0C30F6F71EFE0028EDD0F3E79DF8C0
:10A900000C30222B1CD0134802AA06A9F7F774F8C2
:10A910000028E8D19DF80C30222BE4D10D4806AA7E
:10A9200012A9F6F7C7FC0028DDDB1A9B0F931B9BCF
:10A93000109300231A4606A90648F6F725FFD2E72A
:10A94000044804AA11A9F5F7B8FF0028DBD0CAE72C
:10A95000483D0020543D002010B50C1A002C134631
:10A9600005DD01462246184609F001FA034618198A
:10A9700010BD2DE9F043C9B000230D460A690375E7
:10A980004FF47A7180F8203080F81F31C0E901312E
:10A99000C0E906332B7D5049016002AF04460261D5
:10A9A000002B64D0DFF834812B69AE694FF48472D8
:10A9B000002107F1100003F10C0909F0F2F9B36965
:10A9C0000E2B46D122233B74414607F1180009F0B3
:10A9D00087FAB3690133B36107F11801404603F008
:10A9E00037FA0028E0D03E4807F1180103F030FAAA
:10A9F0000028D9D0D5F81C80404603F089FA0546D6
:10AA000007F1180003F084FA0544093525F007051D
:10AA10006E46ADEB050D02AB1846414609F060FAF3
:10AA200098F800202F2A034602D198F8012022B17D
:10AA300018462C4909F0D6FF034607F118011846BD
:10AA400009F0D0FF002201462046FEF72FF9B54657
:10AA50000DE00F2B03D1222321493B74B5E73A4681
:10AA600031464846F6F7ECF838B1821C31D1204621
:10AA700007F58E77BD46BDE8F0833B7903F07F0292
:10AA8000112A01D0222AEAD11B060BD507F10801B1
:10AA90004846F6F73AFC00281BDBE0D13B7903F08F
:10AAA0007F033B713B793B74112B08BFFB683A680D
:10AAB00008BF7B617B79B97904321A44FB79009332
:10AAC0000A4407F1180371684846F5F7E9FE0028C3
:10AAD00082D0012880D0CAE7348102089699020802
:10AAE00095990208B194020830B5144689B054F81B
:10AAF000043B00930C252B440493D3790593002247
:10AB0000CDE9062301236A46CDE901540395F6F702
:10AB10003BFE09B030BD2DE9F04F87B0DDE91045AF
:10AB200006468B46174625444FF001090DF1170ADA
:10AB3000A3EB0408AC4201D1012011E008EB0403AF
:10AB40000093CDE901A93B46002259463046F5F76E
:10AB50000EFE28B914F8013B9DF817209A42E9D05F
:10AB600007B0BDE8F08FD1B1092816D8DFE800F0B2
:10AB70000F0D15090B19071305110B4870470B48EA
:10AB800070470B4870470B4870470B4870470B489D
:10AB900070470B4870470B4870470B4870470B488D
:10ABA00070470B48704700BF4C9B0208729B02081D
:10ABB000849B0208999B0208439B0208699B020838
:10ABC0008F9B0208579B02087C9B02083C9B020853
:10ABD0005F9B020808B5C0B2FFF736FC90F82A3038
:10ABE0000BB12A3008BD064B93F8A8212AB193F87F
:10ABF000A9010121BDE80840B5E70248F2E700BF1E
:10AC0000800300203C9B0208F0B58BB00646FFF79E
:10AC10001BFC41780670044639BB80F8481044227A
:10AC2000043009F0BEF801236370314601A8FFF734
:10AC30006FFC9DF92470002F29DB3046FFF7CAFF17
:10AC4000054603F065F92B4628440025834215D1BB
:10AC5000002101AA0B468F4214D86B400D4A02EB2B
:10AC60004602204653800BB0F0BD0B492A3003F05A
:10AC7000EFF80028D9D184F82A00D6E713F8012B81
:10AC80005540E3E712F8010B01314340E3E74FF091
:10AC9000FF33E3E7001D0020A49B0208F8B5094E2E
:10ACA000094F002433889C4200DBF8BDE5B22846FA
:10ACB000FFF7AAFF90F84830012B08BF3D70013420
:10ACC000F0E700BF38480020001D002038B518B15B
:10ACD0001C4A1368013313601B4D2B88082B25D0A9
:10ACE00008232B8000242A88944225DB174B184C1C
:10ACF000002183F8C11140F20141A3F8A8112D21D0
:10AD0000A3F8C211134B1449002A08BF1C460125A1
:10AD1000A57225810C2204F12A0009F090FE20235F
:10AD200084F83E50657084F848502364FFF7B6FFFE
:10AD3000BDE83840EDF790BAE0B2FFF765FF0134A7
:10AD4000D1E700BF285000203848002080030020B1
:10AD50003C480020F40100203B9B020808B5014656
:10AD6000FFF772FB836823F07F43B3F1011F12D119
:10AD70000846FFF72FFF094B024693F8A81193F8F6
:10AD8000A901FFF7F0FE0146104603F061F8B0FAA2
:10AD900080F0400908BD0020FCE700BF80030020D0
:10ADA00038B50D4B93F8A80170B10C4A107858B122
:10ADB000D3F8C801002102F0FFFF28B1084B1D782D
:10ADC0000024AC4201D3002038BDE0B2FFF7C6FF3B
:10ADD0000028F9D10134F4E7800300203401002079
:10ADE0003848002070B50468284EE56931EA050549
:10ADF00001D1002020E03568AD1AAB421DD254E8E5
:10AE0000003F23F4D07344E80032002AF7D104F164
:10AE1000080353E8003F23F0010304F1080141E86F
:10AE20000032002AF3D12023C0F88830C0F88C30DB
:10AE3000002380F88430032070BD25686D07D4D5C9
:10AE40008029D2D04029D0D0E5692D05CDD54FF449
:10AE50000063236254E8003F23F4D07344E80032D7
:10AE6000002AF7D104F1080353E8003F23F001035F
:10AE700004F1080141E80032002AF3D12023C0F890
:10AE80008830C0F88C30C0F89030D1E778030020CB
:10AE9000134A144910B514680B69DB0313D40B690A
:10AEA000D80744BF012008614CF2FA310B4011D1A0
:10AEB0000C49086910F480200BD013681B1BB3F5F4
:10AEC0007A7FF6D304E013681B1BB3F57A7FE3D3D4
:10AED000032010BD034A1361034A01205360F8E7C1
:10AEE0007803002000400058104F002038B590F83B
:10AEF000413003F02803282B04460D4603D119B92D
:10AF00004FF40073436438BD48F20201E7F7E4FBF5
:10AF100094F84030012BF6D094F841300121292BD0
:10AF200084F8401014D12046E7F7D6FB23681A684E
:10AF300052040DD51A68A06B22F480421A6038B111
:10AF4000174B8363E7F702FB10B1A06B836B984745
:10AF50002A2384F84130202384F8423000212368DA
:10AF600061645A6822F400425A6001226285628D4F
:10AF700022854FF08072E2620A4A62639A69986998
:10AF80006562C00303D4120744BF0822DA6184F863
:10AF90004010204648F20201BDE83840E7F731BBD7
:10AFA000C5260008F92D000870B590F89130012BE6
:10AFB00004460E46A0F1040509D1436E3BB1836EF1
:10AFC00028469847022384F8913000236366012EB7
:10AFD0004FF0000364D1E26E84F891301AB184F826
:10AFE00090302846904794F8905094F8413003F000
:10AFF0002803282BEDB203D11DB94FF4007363640D
:10B0000070BD48F201012046E7F766FB94F8403036
:10B01000012BF5D0012384F8403094F841302A2BDD
:10B0200015D120460221E7F757FB23681A68100460
:10B030000DD51A68E06B22F400421A6038B11E4B3D
:10B040008363E7F783FA10B1E06B836B984729239A
:10B0500084F841302246202384F8423052F8703B75
:10B0600000206064596821F400415960658562627E
:10B07000628D22854FF00072E262104A62639A6923
:10B080009969C90303D5120744BF0822DA6184F81D
:10B09000400048F201012046BDE87040E7F7B1BA30
:10B0A0006366012384F89130636E7433E918204697
:10B0B000BDE870401AE700BFC5260008F92D00085A
:10B0C00070B590F84130026803F02803282B04463D
:10B0D00028D1956991699368D668C668022EC5F330
:10B0E000004515D1C3F3C21383EA114313F00603DD
:10B0F0000ED1816C01318164816C022917D1082144
:10B100008364D16180F840302946BDE870404BE748
:10B110004FF40041E7F7E0FA002384F84030294675
:10B120002046F2E70823D361002380F8403070BD49
:10B13000D0F88C30202B10B571D100296FD00023AE
:10B14000494AC366036893423FD181658168012201
:10B15000A0F85C20A0F85E20B1F5805F4FF00002FF
:10B1600042673ED10269002A40F2FF1218BFFF2257
:10B17000A0F860200022C0F890202222C0F88C2085
:10B1800003F1080252E8002F42F0010203F1080423
:10B1900044E800210029F3D1446E81680269B4F1CA
:10B1A000005F42D1B0F86840012C3ED8B1F5805F15
:10B1B00036D132B32D4A426753E8002F42F48072F1
:10B1C00043E800210029F7D11DE05A681202BCD5DE
:10B1D00053E8002F42F0806243E80024002CF7D1AE
:10B1E000B3E729B90269002A14BF7F22FF22BFE713
:10B1F000B1F1805FBCD10269002A14BF3F227F22D7
:10B20000B6E71B4A426703F1080252E8002F42F0FA
:10B21000805203F1080040E800210029F3D110BD5D
:10B2200012494167002AC7D1EDE7B1F5805F16D119
:10B2300052B1104A426753E8002F42F4907243E83B
:10B2400000210029F7D1EAE70B4A426753E8002FB3
:10B2500042F0200243E800210029F7D1DFE7054949
:10B260004167002AF2D0E6E700800040F74300087B
:10B2700095450008CB0400088905000838B5044648
:10B28000E8B1E8F7C1FED0B994F8B1200C4B2146E3
:10B2900053F8220011F8B25FFFF74AFFB4F8C0304C
:10B2A000B4F8BC20013303F0FF03934207D0B4F895
:10B2B000C020D4F8B41092B28D54A4F8C03038BD78
:10B2C000A01A002037B5062380F81D3200F5AA75B4
:10B2D0000023C0F82012044600931A462846E9F7D6
:10B2E0004DFA2046FDF72EFA2846E8F78DFEB0B954
:10B2F0000C4B94F90402C4F8EC31E7F7D7F894F852
:10B300000522094B04F2062153F82200FFF710FF33
:10B3100094F9040203B0BDE83040E7F7BAB803B0CF
:10B3200030BD00BF7DB20108A01A0020836810B5AF
:10B3300004462BB10322014698470023C4E9023397
:10B3400010BD30B400244FF47A75C0E90145074DB3
:10B350000560074D0561C0E90644047580F820408A
:10B3600080F81F4130BCFDF7A1BC00BF348102084A
:10B37000483D00202DE9F041CCB004AC0F46164604
:10B380000146002220461D46DDF84881FFF7D9FF1F
:10B39000A369E3B10F4B0297CDE900340E4B0021B6
:10B3A0009D42039103D03246404608F0FAFC2946FC
:10B3B00042466846F6F720FE0028204614BF0125C5
:10B3C0000425F5F759FD28464CB0BDE8F081052568
:10B3D000F9E700BF9B6D0008588102082DE9F74F7F
:10B3E0009A46384F019000238B469C461C46A34545
:10B3F00014D11BF0070F09D032494978032904BF43
:10B40000190C02F8011B190A11705370BAF1000FE0
:10B4100001D0CAF800C003B0BDE8F08F019897F8DA
:10B4200001E0E108E543465C2749BEF1020FA1F1C6
:10B43000100005F0070508BF014646FA05F606F0BC
:10B44000010689463978C6F101006FEA01084FEA22
:10B45000800008F00308C0B200EBC800C8464FEAFD
:10B46000910905FB0EF558F829804FF0020928FADA
:10B4700000F019FB01610CBF4FF010084FF04008BD
:10B48000B1FBF8F608FB161100F00F00397004F05C
:10B490000701A840072943EA00030CD1BEF1030FBE
:10B4A00004BF190C02F8011B1146180A01F8020B1F
:10B4B00053700A460023797861441FFA81FC0134F5
:10B4C00095E700BF4C5000208081020870B5931EA4
:10B4D000222B8AB00ED801AD2B4668B9AB4218D0EA
:10B4E000481E1A46AA4219D85A1B9D4288BF0022FC
:10B4F00000238B540AB070BDB0FBF2F602FB1600BD
:10B500000928C4B207D83030C0B203F8010B304666
:10B51000E3E70646F7E704F15700F5E712F8014DB7
:10B5200000F8014FDEE71FB50A22044608466946C7
:10B53000FFF7CCFF684602F0EBFC69460246204666
:10B54000FDF7F8FC10B92046FDF79AFC204604B040
:10B5500010BD7FB500F11C060025144B03600446A6
:10B56000457513493046FDF7A9FC01232375114B9E
:10B5700011491B68A360C4E90355A4613046FDF777
:10B58000C8FC314601A8FDF7BAFCA16901A8FFF784
:10B59000CAFF01463046FDF7A3FC01A8FDF769FC90
:10B5A000A3686560E36004B070BD00BFC881020895
:10B5B0003B9B020878030020AC9B020870B5044650
:10B5C0000D46FFF7C6FF164B2360164BA362002300
:10B5D00084F82C30294604F11C00FDF79AFCA26A7D
:10B5E000CAB102F1240102F1C4050B4653F8040F5D
:10B5F00018B18669A06986420DD0AB42F6D100230E
:10B6000051F8040F40B90A3342F82340D2F8C83049
:10B610000133C2F8C83070BD0133282BF0D1FAE7EE
:10B62000DC8102087450002007B50023ADF8043017
:10B6300001AA02231721FEF7CFF9BDF8040040BA92
:10B6400080B203B05DF804FB7FB590F83540064644
:10B650000D4614B14F4804B070BD03681B6998478C
:10B66000B06CFFF7E1FF83060AD50123CDE9003373
:10B6700003AAB06CADF80C4002230721FAF786FB51
:10B68000454925F0004002F0ABFB044628B13046A6
:10B6900004B0BDE87040FEF751B84049284602F0BA
:10B6A000BBFC3D4920F0004002F09AFB002862D12B
:10B6B0003B49284602F0B0FC374920F0004002F038
:10B6C0008FFB002859D13749284602F0A5FC3249A2
:10B6D00020F0004002F084FB002850D13249284677
:10B6E00002F09AFC2C4920F0004002F079FB00287F
:10B6F00047D12E49284602F08FFC274920F0004010
:10B7000002F06EFB00283ED12949284602F084FC55
:10B71000214920F0004002F063FB002835D1254983
:10B72000284602F079FC1C4920F0004002F058FB4A
:10B7300068BB2149284602F06FFC174920F0004001
:10B7400002F04EFB002885D0072000238DF80D3035
:10B7500044F20103ADF80E3041F2883373670123E0
:10B76000CDE900338DF80C000423B06C03AA9721B7
:10B77000FAF70CFB6FE72046E7E70120E5E7022038
:10B78000E3E70320E1E70420DFE70520DDE706200B
:10B79000DBE700BF41FDFFFF6F12833ACDCCCC3F0A
:10B7A0009A99D93F6666E63FCDCC0C409A991940EC
:10B7B000CDCC2C40000040403333534007B50D4BF7
:10B7C000B3F88C2193F88E31ADF804208DF8063053
:10B7D00001AA03231421FEF7FFF89DF805309DF818
:10B7E00004209DF806001B0243EA0243184303B0FD
:10B7F0005DF804FB8480020870B586B00D461646DD
:10B8000000211422044601A808F0CBFA324629464A
:10B8100001A8F6F7FBFD08B1049B236006B070BDDC
:10B8200002F00F020B2A13D8DFE802F00E0E0E0E04
:10B8300010060C0C0C0C120C012242EAC10200236F
:10B84000F6F70ABC0222F8E70022F6E70522F4E741
:10B850000369034A002B08BF1346036100207047A9
:10B860007A980208F8B5C6690D68083EB5420F46D9
:10B8700013D3B5FBF6F0013809F01AF9841CA5EBD7
:10B880008404B4FBF6F4204609F012F9A5EB800518
:10B8900004FB16553D602046F8BD0020FCE72DE96D
:10B8A000F04F89B00646DDF84C8005920F464BB943
:10B8B0004FF0FF32C8F80020149A0020136009B03E
:10B8C000BDE8F08F0468013B07A920460793FFF706
:10B8D000C9FF12A905462046FFF7C4FF4FF0040A2E
:10B8E00081460DF1140BA945059B03D3C8F8003020
:10B8F000129BE1E7A5EB0904B4FA84F495FAA5F2EA
:10B90000B2FA82F2C4F11F04944228BF1446A20086
:10B910000092CDE901BA002239463046F4F727FFFC
:10B920000028CCD10123A340ED1ADCE72DE9F04F2C
:10B9300089B00646DDE912090F4690469B46E8B1FC
:10B940000138059005A93068FFF78CFF0DF1180A42
:10B95000044659464846F2F7F3F878B974B104F052
:10B960000105C5F102039B00CDE901A300905B46F0
:10B97000424639463046F4F7FAFE10B109B0BDE848
:10B98000F08FE34313F0010B05D006994846F2F718
:10B99000D7F80028F2D108AB03EB8B03023D53F834
:10B9A00008BC2C44D5E710B50C468269A068FF217D
:10B9B00008F0F7F94FF0FF33236010BD38B51C4C89
:10B9C000836AE0600546C3B1A362EB6A03B36363B5
:10B9D00018492846FFF7E7FF4FF0FF332362E3687B
:10B9E0001A6BE2B1A26400204FF0FF33C4E90433C4
:10B9F000C4E9060084F84C0038BD406908F060FBDB
:10BA0000A0620028E1D1FCF7B7FF6FF00B00F3E76D
:10BA1000A86908F055FB60630028D9D1F3E7586A9C
:10BA2000C00808F04DFBA0640028DCD1EBE700BFA4
:10BA3000483D0020743D002030B599B0FFF7BEFFAF
:10BA4000044600282ED11D4D0290EB6828641B6A25
:10BA50006B64C5E90E00012302AA0DA905F10C00D3
:10BA60000393F4F72AFF044608BB202300930E99A2
:10BA700005AB102205F10C00F4F712FF0446B0B933
:10BA8000069B2B610E49079B6B6108220BA808F0EF
:10BA90005EF9044648B90A9B1A0C012A0AD19BB2E6
:10BAA000012B07D8204619B030BD6FF03304FCF7E6
:10BAB00063FFF7E76FF01504F9E700BF483D00208A
:10BAC000C69B020804300844104470472DE9F04337
:10BAD000804695B00E461746994601F12405FA793D
:10BAE000B9797879346AFFF7EDFFD8F80030DB696F
:10BAF0002044984215D8043C47F8044B00230C21FD
:10BB0000CDE90A37CDE90C14CDE90E39109209942C
:10BB1000022309AA31464046F5F736FE15B0BDE8C6
:10BB2000F083002C36DB35460FCD09AC0FC40FCDAA
:10BB30000FC495E8070084E8070031464046F4F753
:10BB4000FAFF0028EAD1129B7362139BB362336A37
:10BB50003A46043B42F8043B03920C22CDE9013003
:10BB6000CDE90423FB790893CDE90609022301AA54
:10BB700031464046F5F708FE0028CFD1119B43F02F
:10BB80000043119373681293B368139302460346FC
:10BB900009A9C0E72A4631464046F4F78EFE002840
:10BBA0009DD0BBE770B52C4D9CB095F84C30019002
:10BBB000002B42D001AB294802AA06A9F5F7DCFB0D
:10BBC000831C044643D1019E2F21304608F019FF03
:10BBD000002839D1EB6821481B6A6B6411A9F4F77E
:10BBE000AAFF044600282FD10F9B1A93109B1B938A
:10BBF0000246034611A91948F5F7C6FD044618BBCD
:10BC000040F622038DF80E003046ADF80C3002F0FD
:10BC10007FF9129A139B8DF80F00CDE90F23049240
:10BC200005930E48334602AA06A9FFF74FFF0446C4
:10BC300050B9EB681B6A6B6406E005F10C00F5F780
:10BC400079FC04460028B5D020461CB070BD002801
:10BC500008BF6FF01004F7E7483D0020543D002076
:10BC60002DE9F843037805462F2B00AF0CBF0130B8
:10BC700028464FF000082F2108F0C3FE044618B9EB
:10BC80002846FFF78FFF1BE0661B06F1080323F031
:10BC90000703E946ADEB030D684626EAE67200218C
:10BCA00000F8018B08F07DF832462946684608F016
:10BCB0001FF96846FFF776FF28B1113003D0CD4653
:10BCC000BD46BDE8F883601CCD46D4E7C36818477D
:10BCD00038B5044604B938BDE068FFF7F9FFA56838
:10BCE000204608F0F5F92C46F4E72DE9FF47894690
:10BCF00004460C991E4615460AB91E4B5D68D4E9E8
:10BD00001BA3A3EB0A084FEA2810574600238342DF
:10BD100016D1002000950191E9F782F94D45029076
:10BD200000D116B9144BD3F8EC610396B8F1900F1B
:10BD300004F16C0418D869462046F4F7F1F90DE0D7
:10BD40003A4652F810CBAC450BD179600020E9F7A8
:10BD500067F94D45B86001D106B1FE6004B0BDE899
:10BD6000F08701331746D2E751462046F4F728FA08
:10BD7000E1E700BF64090020D43D002070B504460F
:10BD800090F8786090F87950084602F09FFBAA1B63
:10BD900000F1140353431E2293FBF2F33344D8B251
:10BDA0000D4B1B79022B10D0A36E5D43012303FAC8
:10BDB00000F000284FEA450505DDFDF751F8A36EB8
:10BDC00003FB005070BD0020F9E710B14000FDF703
:10BDD00047F8A36E5843F5E780030020006808B1D8
:10BDE00008F076B9704700B509288BB00CD86846C2
:10BDF00007F080FE089840F2DB5398428CBF002089
:10BE000001200BB05DF804FB0120FAE71FB5E9F74C
:10BE10005BFA78B10948FFF723FF094A094903A8EB
:10BE2000FFF7EAFC00230093064A054B03990648F6
:10BE3000FEF734FD05B05DF804FB00BF0394020873
:10BE4000181D002058810208CF9B020807B5E9F7AA
:10BE50003BFA58B10748FFF703FF01230093064A56
:10BE6000064B074840F2E161FEF718FD03B05DF8AC
:10BE700004FB00BF03940208148202086409002036
:10BE8000E29B020837B50546E9F71EFA044600288A
:10BE90005DD03048FFF7E4FEEB0718D52E4B2F4856
:10BEA00001221A7083F8882183F8A42183F8642082
:10BEB00083F8942083F8C02083F8E82183F8F821E0
:10BEC00040F2F2210092264AFEF7E8FC0446A80759
:10BED00021D5244B2448012283F8642183F8F420DF
:10BEE0001A7083F82C2183F8D82083F8142183F862
:10BEF0003C2183F8E62183F8FA2183F8F42183F8C2
:10BF0000942183F820224FF44D710092174AFEF7D6
:10BF1000C5FC2040C4B229070DD50E48FFF7A0FE8E
:10BF200001230093124A134B134840F2CE21FEF72F
:10BF3000B5FC2040C4B26A0703D5FFF787FF204055
:10BF4000C4B2EB0603D5FFF761FF2040C4B2204620
:10BF500003B030BD0394020880030020F69B020862
:10BF6000FC6F0208D43D00200A9C0208E46F02081E
:10BF7000CC6F0208384800201E9C020810B5044609
:10BF8000E9F7A2F938B12046FFF77CFF18B920463F
:10BF9000BDE8104076E710BD2DE9F043844F97F8D7
:10BFA000D48291B00446B8F1000F42D090F80090CE
:10BFB00090F802E090F808C0B9F1000F05D1BEF189
:10BFC000000F02D1BCF1000F76D07A4E0FCE6D4635
:10BFD0000FC50FCE0FC50FCE0FC596E80F0085E831
:10BFE0000F00B9F1000F05D063788DF801300123FF
:10BFF0008DF80030BEF1000F01D063680893BCF1EA
:10C00000000F02D0E368ADF81A306846ECF70EFB7B
:10C0100018B901216846ECF733F96D460FCD654E2E
:10C020000FC60FCD0FC60FCD0FC695E80F0086E8DF
:10C030000F0097F8D5329BB1227C3AB163692BB1DE
:10C04000402B28BF4023C7F8BC319046227E3AB12E
:10C05000E3692BB1402B28BF4023C7F8D03190466D
:10C0600097F8D61297F8D83297F8D72231BB002A22
:10C070007BD1002B40F08280B8F1000F40F092801D
:10C080004D48E9F723F90446002800F08D80142379
:10C09000037300210220E8F7D7FF4849A06004F1AC
:10C0A0000D0007F01DFF464B186803685B682146CA
:10C0B00011B0BDE8F0431847E046BAE794F8201005
:10C0C0000029D4D0616A0029D1D0B966002A41D1B3
:10C0D0002BB194F8303013B1636B002B57D1FEF7BE
:10C0E0005FFE88B13A793749022AD1F8403150D001
:10C0F0000B2A4AF6C00218BF4FF4E16213B1934213
:10C1000038BF1346C1F84031EFF78CFB70B13A7974
:10C11000BB6E022A40D00B2A4AF6C00218BF4FF469
:10C12000616213B1934238BF1346BB667B6923B18A
:10C13000B3F5616F38BF4FF461637B610320B8F1E1
:10C14000000F2CD0FFF71AFF1D4B01211868E9F7EB
:10C1500099FA95E794F82820002AB9D0E26A002AD3
:10C16000B6D01849C1F84021B2E794F82820002A37
:10C170003FF47FAFE26A002AF3D17AE794F83030D7
:10C18000002B3FF479AF636B002B3FF475AF7B61FD
:10C19000A5E74AF6C002B1E74AF6C002C1E7FFF7D9
:10C1A000EDFE6DE70120CDE711B0BDE8F08300BFE3
:10C1B000800300202805002020110020349C020864
:10C1C000301D0020D43D00202DE9F0410C4680B9FF
:10C1D000164DDFF85C802F6847F22F564046FEF779
:10C1E0004DFB30B16420FDF703F82B68DB1BB34235
:10C1F000F4D9104DD5F8F4000368DB6B98470E486E
:10C20000FEF73CFB14B91F20FFF7B8FE0B4B186874
:10C2100008B1ECF7C9FD00210846FCF771FFD5F81D
:10C22000F4000368BDE8F041DB6B18477803002099
:10C230001847002050500020244700202C50002098
:10C2400038B52D4CD8220021204607F0AAFD012543
:10C2500018232A49C4F890314022601D257084F8C3
:10C260002C5184F8D85084F8145184F83C5184F847
:10C27000F45084F8645108F0E2FB2149402204F1B3
:10C28000450008F0DCFB1F49202204F1850008F07E
:10C29000D6FB1D49202204F1A80008F0D0FB1B4961
:10C2A00084F81E522D22C4F800220A2284F8F621B6
:10C2B0008A88C98884F8F71152BA0023A4F8F821B3
:10C2C0006FF00042C4E9502384F8A55084F8E65189
:10C2D00084F8E83184F8FA5184F8FC3184F8F45198
:10C2E000C4F84C31C4F85431C4F85C31C4F8EC31B2
:10C2F000C4F8283238BD00BFD43D0020529C02084B
:10C30000669C02086E9C0208DA9502086409002007
:10C3100070B5444C88B0054658B194F8F85145B111
:10C32000B4F81C22002A7BD004F21E21684607F0D4
:10C33000DFFD4FF438723B48002107F032FD022246
:10C34000182384F8E6210422C4F8F43184F8A921E2
:10C3500001234022237084F8883184F8A43184F8C2
:10C36000643084F8943084F8C03084F8F83184F86C
:10C37000C53184F8C03184F8B831C4F8BC2184F8E0
:10C38000E431A5B12023284AA4F81C326D460DEBF8
:10C3900003062B4603CBB342106051601D4602F1E9
:10C3A0000802F6D1204921482022EEF71CF800238C
:10C3B000A4F8FA3184F86C3064224FF49673C4E91F
:10C3C000212323790125022B84F8905004D00B2BD4
:10C3D0001CBF42F6302363610026012084F8A75277
:10C3E00084F8A962FEF772FC11491248202208F075
:10C3F00026FB114BC4F8F031104B84F8EC5193F844
:10C40000F83084F88461B3FA83F35B0984F8ED3182
:10C4100040F22B33A36708B0BDE87040FDF7E0BFE2
:10C42000154686E7800300209E050020799C0208BF
:10C43000869C0208A704002040E201005050002022
:10C440002DE9F04104460E4625484FF0FF31904655
:10C450001F46E4F7CCFA054600283ED096E80300D4
:10C4600085E8030085F80080D4F8A4306F60022BC3
:10C4700008D104F19400FEF741F9014610B11848C3
:10C48000E4F7A9FA95E8030004F1F40383E8030054
:10C49000D4F8A430012B06DDD4F8FC300133C4F805
:10C4A000FC30BDE8F081D4F8A80018B10368002181
:10C4B0001B689847D4F8A03004EB8302013303F0E3
:10C4C000010348BF5B42C2F89450C4F8A030D4F8CE
:10C4D000A4300133C4F8A430DEE70070FFDE00BFF3
:10C4E000983D002010B504460A46081D6168884240
:10C4F00001D0E8F75CFC6368043B636010BD2DE984
:10C50000F74FD0E9016B9DF830A005460F469046E5
:10C5100099465E45314601D100241CE056F8044B93
:10C5200001912046E9F72DF9B8420199F1D1D4F8EB
:10C5300014314345EDD1D4F8583113B1B9F1000F9E
:10C54000E7D0BAF1000F03D094F820315345E0D280
:10C55000281DFFF7C7FF204603B0BDE8F08F204B32
:10C5600070B503601F4B1D68D5E90031CC1A24114A
:10C57000002C1A4608DCCB1A082B27D00C2B21D014
:10C58000042B27D00A4606E01B68984203D0536864
:10C59000984209D10432101D814201D0E8F707FC0E
:10C5A0006B68043B6B6070BD9368984201D10832A0
:10C5B000F1E7D668B04202F1100301D10C32EAE78C
:10C5C000013CD5E713689842E5D0043213689842DD
:10C5D000E1D004321368984218BF0A46DBE700BF77
:10C5E00034820208A84A00202DE9F0472B4D2C4B3D
:10C5F0002C68C0E900310023C0E90233074603611B
:10C6000034B90C2007F05CFDC0E900448460286068
:10C61000D5F80080D8E901539D4205D045F8047B48
:10C62000C8F80450BDE8F087D8F800906FF0604378
:10C63000A5EB090AB3EBAA0F4FEAAA0402D11948E5
:10C6400005F0DDFE4D4514BF22460122A41821D27B
:10C6500014B39C4228BF1C462046FCF7A8FC0646A3
:10C660002946324646F80A704846FEF775F92946CB
:10C67000021D2846FEF770F90546B9F1000F02D0F9
:10C68000484607F025FDC8E9006506EB8406C8F8B2
:10C690000860C7E71C46DFE72646E1E7A84A002016
:10C6A00034820208B69002080C2007F009BD006829
:10C6B00010B103685B68184770471FB500216846D2
:10C6C00007F006FC40B9064B1A68064BDDE900018D
:10C6D0001A60054BC3E9000105B05DF804FB00BF1B
:10C6E00078030020BC1B0020C01B0020826A0F4B77
:10C6F00030B4036092B1856902F12401002351F83E
:10C70000044F7CB1A469A5420CD10A33002142F840
:10C710002310D2F8C830013BC2F8C83030BC1C30FE
:10C72000FCF7A7BB0133282BE9D1F7E7DC8102082E
:10C730002DE9FF4705461E4B55F8046F036004467C
:10C740000DF104084FF00009AE4205D16068854242
:10C7500028D104B0BDE8F087CDE90188B768CDF8ED
:10C760000C90396801988F4203D1404515D1366845
:10C77000EAE78B68D1F800A09C420CD181420AD034
:10C78000824508D0524605F056FB039B01330393C4
:10C79000BB68013BBB605146E4E7076807F098FCC3
:10C7A0003846E2E7046807F093FC2046CFE700BF75
:10C7B0009063020870B5056804460E46A54200D194
:10C7C00070BDA868036831469B6898470028F7D178
:10C7D0002D68F3E703460B4A43F8082B0A4A4260E8
:10C7E0000A4A4061C0E902330023C0E9062300F190
:10C7F0002802C0E90A22036180F820304362036303
:10C80000704700BFC44B0208B04B0208470600083F
:10C81000F0B5002597B004462E46A18B8D4228DB4B
:10C820006846FFF7D7FF1C4B1C4A00930D920EABD6
:10C830001B4A54F8105FCDF844D0CDE90E330023E5
:10C84000CDE912231093ADF8543001238DF8563002
:10C85000ADF85060ADF85210A54205D0A868036845
:10C8600069469B689847A0B16846E4F782FC17B018
:10C87000F0BD29466068E9F7AEFC07460020E8F7FE
:10C88000CFFBFB6FC01AB0F5E15FB8BF01360135D1
:10C89000C3E72D68E0E700BF084C02089465020872
:10C8A0004D0C0008F8B507461446E9F79BFD06460F
:10C8B000A8B1A388022B12D1083400F184050FCC53
:10C8C0000FC50FCC0FC594E80300012385E80300D2
:10C8D00086F880303846FE60BDE8F84098E7F8BD3D
:10C8E00030B5C5B004460D4601466846F3F706FE6E
:10C8F000694604F13000F3F755FE4FF0FF33436013
:10C90000002380F8FA300A2380F822310B4B596853
:10C910000B4B04466A461868FFF7C4FF094835B157
:10C9200000682146E8F7BDFE012045B030BD006833
:10C9300001232A462146E9F7D1FEF5E764090020E4
:10C94000141D0020301D00208842134604D00A1A0E
:10C950000146981A07F00BBA704708B5034678B13C
:10C96000084A904206D9084A904201D905F041FD93
:10C9700005F03CFDE8205843BDE8084007F0A0BBA7
:10C9800008BD00BFCB3D8D00967B1A01006808B141
:10C9900007F09EBB7047204B73B503600446EBF76E
:10C9A000D0FB04F58E60FFF7F1FFD4F8403253B1AD
:10C9B000D4F86432D4F854521E1DAE4220D8D4F8B4
:10C9C000400207F085FB04F11400EBF752FB6069AD
:10C9D00004F12C03984201D007F07AFB26460F4B56
:10C9E00056F8045F2360B5420FD12846EBF736FBBB
:10C9F0002846C4E9015502B0BDE87040EBF72EBBF4
:10CA000055F8040B07F064FBD7E7A868019401A967
:10CA1000EBF742FB2D68E6E78C8002089063020882
:10CA20004B6843608B688360CB68C3600B690361AC
:10CA30000B7D03758B698361CB69C3611F3100F185
:10CA4000200300F5907011F8012F03F8012B8342A9
:10CA5000F9D1704784B070B5C8B04CAC84E80F0011
:10CA60009DF83051062D00F0B68031D8022D28D81F
:10CA70004DB3944CBDF83231227B002B77D1002A84
:10CA800076D1667B002E40F09380BDF836214EA90A
:10CA900004F59C7007F02CFA012D30D12A4604F5DC
:10CAA0009C716846FEF74DFC694604F11800FFF7DB
:10CAB000B7FF266BF6B10620FBF7AAFF2573A58208
:10CAC00001E0042D7AD048B0BDE8704004B0704752
:10CAD000152D00F0B780182DF5D10620FBF798FF33
:10CAE0007948F4F7C1F97848F4F7C6F97748FDF7C3
:10CAF000ECFE6CE01520FBF78BFF2673E3E7324674
:10CB000004F59C716846FEF71CFC694604F11800A8
:10CB1000FFF786FF256B25B91520FBF779FF6573B5
:10CB2000D1E731460125882204F5DC70A5826573C2
:10CB300007F037F94FF00113802204F5E07104F19A
:10CB40001800C4F8B831F4F738FA86B2314604F563
:10CB5000E070A4F8BE61FBF7C7FE7F2EA4F8BC010D
:10CB600000D8A573A18A5748E8F7DBFDABE7E2B12F
:10CB7000A28A9A4215D1BDF83651BDF834612946D2
:10CB80004EA8FBF7B1FE86420BD12A464EA94E486D
:10CB9000F4F780FB0620FBF73BFFA38A0133A38257
:10CBA00091E71520FBF734FF8DE7637B002B8AD0DC
:10CBB0001820FBF72DFF0023637384E70620FBF7A3
:10CBC00027FF4148F4F750F93F48F4F755F93D4B3A
:10CBD00000221A7377E73B4C637B8BB3A17B51B187
:10CBE0000420FBF715FF04F11800F4F745F90023C2
:10CBF0006373A37367E7A58A01351923ADB2882251
:10CC000004F5DC702361A582012607F0CAF88022B2
:10CC100004F5E07104F11800A4F8BA5184F8B86181
:10CC2000F4F7CBF985B2294604F5E070A4F8BE51BB
:10CC3000FBF75AFE7F2DA4F8BC0193D8A67391E7A9
:10CC40001820AFE71F4C637B002BF9D02369013B11
:10CC5000002B236107DC1820FBF7DAFE04F1180033
:10CC6000F4F70AF9A7E78822002104F5DC7007F041
:10CC700098F8012384F8B83194F82C30A58AA06A7A
:10CC8000A4F8BA5143B9266B0C303146F4F74DF88D
:10CC900010B9013DED0135620D498022A1F5D47036
:10CCA000F4F78BF985B229460948A4F8BE51FBF781
:10CCB0001BFE7F2D98BF0123A4F8BC0198BFA3736E
:10CCC00050E700BFD4440020EC4400200C46002074
:10CCD0009446002030B5ADF55D7D0C46002201463E
:10CCE00004A8FEF72EFB0A9B002B40D09DF82430B1
:10CCF000002B3CD004A94CA8FDF73BFE1D4D529BD8
:10CD0000002B31D09DF8503173B39DF84431FBB105
:10CD100054A994A8FCF7D2F8294601A8FCF7CEF84C
:10CD200001A994A8FCF72EF960B901A8FCF7A1F8B5
:10CD300094A8FCF79EF874B1611EC9B254A8FFF71D
:10CD4000C9FF05E001A8FCF794F894A8FCF791F856
:10CD50004CA8F4F791F804A994A8FDF70AFE94A949
:10CD60004CA8FFF75DFECAE704A8F4F785F80DF5B7
:10CD70005D7D30BD969902080023C0E900338360D1
:10CD8000704738B5FFF7F8FF0023C3608B6804468F
:10CD90000D462BB102229847EB68E360AB68A360B5
:10CDA00038BD30B587B002AD04462846FFF7E9FF2D
:10CDB00095E803006B4683E8030094E8030085E8E8
:10CDC000030093E80300049BA268A360059B049200
:10CDD00084E80300E268E36028460592E6F7AEFDCA
:10CDE00007B030BD08B5FFF7C7FF0023C36008BD1B
:10CDF000F8B5044600F164070D46384604F1B40264
:10CE0000FFF7F0FF10309042FAD12846E6F71AFEFD
:10CE10005C4A256104F10C03002542F8203004F13E
:10CE200010060E23C4E917353046C4E90C55C4E991
:10CE30000E55C4E9105584F82C50A56484F84C5064
:10CE400084F84D50E460E7F77FF83846FEF76EFA55
:10CE500004F17400FEF76AFA04F18400FEF766FA42
:10CE600004F19400FEF762FA04F1A400FEF75EFA02
:10CE70004FF6FF73C4E906538023A36294F84D3044
:10CE8000A560C4E90055C4E90855656103F0FF02D7
:10CE900023BB84F84C203046E7F756F82069E7F7C3
:10CEA00073F8D4E91712E5F71FFB2069E7F76CF870
:10CEB000E5F7EFFA26693046E7F786F8054630468B
:10CEC000E7F762F8854209D0D4E917122846E5F75A
:10CED0000BFB2069E7F778F8E5F7DBFA22692A49C6
:10CEE000022384F84D308A42136802D0B2F1804F99
:10CEF00008D1A16923F070030B43216A23F4407326
:10CF00000B4306E021498A42F7D001F580618A424D
:10CF1000F3D0A16A23F080030B431360E369D3626B
:10CF200063699362184B9A4207D003F5C0539A4243
:10CF300003D003F580639A4201D1636A136301232E
:10CF400053611169C90742BF116921F001011161E3
:10CF500084F8583084F84E3084F84F3084F85030DC
:10CF600084F8513084F8523084F8533084F85430C7
:10CF700084F8553084F8563084F8573084F84D30B2
:10CF8000F8BD00BF901A0020002C01400044014071
:10CF90002DE9F84FC3B2192B0E4619D85A4A52F848
:10CFA000233000F4E0641C43651C00F0AA80DFF825
:10CFB0005C81C4F303134FEA830908EB830304F095
:10CFC0000F07D3F8FC30FB40D80723D5504B15E0B2
:10CFD00000F0C002C02A40F09480C82B00F291807B
:10CFE0004C4B00F03F0200F4E06453F82220464B23
:10CFF00053F82230D7E7944253D00C331A68511CAF
:10D00000F9D1C1440122D9F8FC30BA4023EA020325
:10D01000C9F8FC30052E33D8DFE806F0333F393B42
:10D020003D41BBF1804F15D14FF0B042936D23F0DD
:10D030000103936500234AF8203005F1640BEB608F
:10D0400005F1B40ADA4517D0AAF1100A5046E6F7FE
:10D0500075FCF7E7304B9B4505D14FF0B042136E9E
:10D0600023F400334BE02D4B9B45E3D14FF0B0420E
:10D07000136E23F4802342E0284607F029F8C0E726
:10D08000FEE700212046BDE8F84FE6F78BBE1021F1
:10D09000F8E72021F6E70321F4E70121F2E709216F
:10D0A000F0E71B49DFF878A02046E6F70FFFE6F728
:10D0B000C9FC5AF8203005467BB9B42007F000F8C7
:10D0C000134983462046E6F701FF01465846FFF71D
:10D0D0008FFE5AF82530C3F800B05AF825301D6885
:10D0E000002D8ED0D5F810B05846E6F7ABFC0D4BAE
:10D0F0009B4596D14FF0B042136E23F40063136644
:10D1000098E7BDE8F88F00BF18660208505000206D
:10D110005C8202086C75020800440140004801402E
:10D12000901A0020002C014021B990F84430012BC6
:10D1300013D07047042904D190F84530012B32D028
:10D140007047082904D090F84730012B33D070473E
:10D1500090F84630012B2AD07047022380F84430E3
:10D16000036801F01F0104228A40196A21EA0201C2
:10D170001962196A0A431A625A6C42F400425A64EC
:10D180000F4A934202D0B3F1804F07D199680D4AFC
:10D190000A40062A06D0B2F5803F03D01A6842F052
:10D1A00001021A607047022380F84530D8E7022355
:10D1B00080F84630D4E7022380F84730D0E700BF3C
:10D1C000002C01400700010008293ED015D829B3E2
:10D1D00004292BD090F8432090F84730012ADBB285
:10D1E0005FD1012B5DD10C2974D8042927D00029E7
:10D1F0006AD0022380F8433060E00C2952D0102915
:10D20000E8D190F8422090F84730012ADBB248D1AB
:10D21000012B46D1022380F842304FE090F83E20A7
:10D2200090F84430012ADBB24CD0704790F83F2090
:10D2300090F84530012ADBB233D1012B31D10223E2
:10D2400080F83F3080F845300DE090F8402090F8AD
:10D250004630012ADBB224D1012B22D1022380F8EF
:10D26000403080F84630036801F01F0101228A40F7
:10D27000196A21EA02011962196A0A431A62174AF5
:10D28000934202D0B3F1804F07D19968144A0A4003
:10D29000062A06D0B2F5803F03D01A6842F0010298
:10D2A0001A60704790F8412090F84730012ADBB2AD
:10D2B000F7D1012BF5D1022380F84130022380F809
:10D2C0004730D0E7012BECD1022380F83E3080F8C4
:10D2D0004430C8E710298CD19CE700BF002C0140E6
:10D2E0000700010008291BD007D879B1042912D002
:10D2F00090F84330012B54D070470C2915D01029D9
:10D3000018D090F84330012B4BD0704790F83E3046
:10D31000012B14D0704790F83F30012B31D070476B
:10D3200090F84030012B30D0704790F84130012BFD
:10D330002FD0704790F84230012B2ED07047022337
:10D3400080F83E30036801F01F0101228A40196A0B
:10D3500021EA02011962196A0A431A621C4A9342BD
:10D3600028D002F5C05293421FD002F5806293424A
:10D370001BD0B3F1804F21D01A6842F001021A602D
:10D3800024E0022380F83F30DCE7022380F84030BD
:10D39000D8E7022380F84130D4E7022380F84230F6
:10D3A000D0E7022380F84330CCE75A6C42F40042C5
:10D3B0005A64E1E75A6C42F400425A649968054A9B
:10D3C0000A40062A02D0B2F5803FD5D1704700BF8F
:10D3D000002C01400700010090F83D30012B15D1D1
:10D3E00002230B4A80F83D300368934202D0B3F128
:10D3F000804F07D19968074A0A40062A06D0B2F53D
:10D40000803F03D01A6842F001021A60704700BFE3
:10D41000002C0140070001000B4600F108010160EB
:10D42000D3E900124FF000030A44E7F765BF00BFDD
:10D430001EF0040F0CBFEFF30880EFF30980F4F740
:10D440005DBB000081F0004102E000BF83F00043BB
:10D4500030B54FEA41044FEA430594EA050F08BF8F
:10D4600090EA020F1FBF54EA000C55EA020C7FEA53
:10D47000645C7FEA655C00F0E2804FEA5454D4EBD0
:10D480005555B8BF6D420CDD2C4480EA020281EA9A
:10D49000030382EA000083EA010180EA020281EAD2
:10D4A0000303362D88BF30BD11F0004F4FEA013124
:10D4B0004FF4801C4CEA113102D0404261EB410133
:10D4C00013F0004F4FEA03334CEA133302D05242B9
:10D4D00063EB430394EA050F00F0A780A4F1010475
:10D4E000D5F1200E0DDB02FA0EFC22FA05F28018AF
:10D4F00041F1000103FA0EF2801843FA05F3594195
:10D500000EE0A5F120050EF1200E012A03FA0EFC13
:10D5100028BF4CF0020C43FA05F3C01851EBE3713D
:10D5200001F0004507D54FF0000EDCF1000C7EEB5A
:10D5300000006EEB0101B1F5801F1BD3B1F5001F98
:10D540000CD349085FEA30004FEA3C0C04F10104B7
:10D550004FEA445212F5800F80F09A80BCF1004FE0
:10D5600008BF5FEA500C50F1000041EB045141EA62
:10D57000050130BD5FEA4C0C404141EB0101013C2B
:10D5800028BFB1F5801FE9D291F0000F04BF01461A
:10D590000020B1FA81F308BF2033A3F10B03B3F1EC
:10D5A00020020CDA0C3208DD02F1140CC2F10C027C
:10D5B00001FA0CF021FA02F10CE002F11402D8BFDA
:10D5C000C2F1200C01FA02F120FA0CFCDCBF41EAA6
:10D5D0000C019040E41AA2BF01EB0451294330BD75
:10D5E0006FEA04041F3C1CDA0C340EDC04F1140452
:10D5F000C4F1200220FA04F001FA02F340EA030029
:10D6000021FA04F345EA030130BDC4F10C04C4F16E
:10D61000200220FA02F001FA04F340EA030029464E
:10D6200030BD21FA04F0294630BD94F0000F83F498
:10D63000801306BF81F480110134013D4EE77FEA7B
:10D64000645C18BF7FEA655C29D094EA050F08BFC7
:10D6500090EA020F05D054EA000C04BF19461046A8
:10D6600030BD91EA030F1EBF0021002030BD5FEAEC
:10D67000545C05D14000494128BF41F0004130BD14
:10D6800014F580043CBF01F5801130BD01F0004568
:10D6900045F0FE4141F470014FF0000030BD7FEADB
:10D6A000645C1ABF194610467FEA655C1CBF0B46D6
:10D6B000024650EA013406BF52EA033591EA030FED
:10D6C00041F4002130BD00BF90F0000F04BF0021E5
:10D6D000704730B54FF4806404F132044FF0000518
:10D6E0004FF0000150E700BF90F0000F04BF002191
:10D6F000704730B54FF4806404F1320410F00045F7
:10D7000048BF40424FF000013EE700BF42004FEAF1
:10D71000E2014FEA31014FEA02701FBF12F07F436E
:10D7200093F07F4F81F06051704732F07F4208BF25
:10D73000704793F07F4F04BF41F40021704730B52C
:10D740004FF4607401F0004521F000411CE700BF78
:10D7500050EA010208BF704730B54FF000050AE0FB
:10D7600050EA010208BF704730B511F0004502D5FC
:10D77000404261EB41014FF4806404F132045FEAFE
:10D78000915C3FF4D8AE4FF003025FEADC0C18BFA7
:10D7900003325FEADC0C18BF033202EBDC02C2F199
:10D7A000200300FA03FC20FA02F001FA03FE40EA2B
:10D7B0000E0021FA02F11444BDE600BF70B54FF02F
:10D7C000FF0C4CF4E06C1CEA11541DBF1CEA13550D
:10D7D00094EA0C0F95EA0C0F00F0DEF82C4481EA75
:10D7E000030621EA4C5123EA4C5350EA013518BF95
:10D7F00052EA033541F4801143F4801338D0A0FB82
:10D8000002CE4FF00005E1FB02E506F00042E0FB2E
:10D8100003E54FF00006E1FB03569CF0000F18BF34
:10D820004EF0010EA4F1FF04B6F5007F64F54074DC
:10D8300004D25FEA4E0E6D4146EB060642EAC6216F
:10D8400041EA55514FEAC52040EA5E504FEACE2EDC
:10D85000B4F1FD0C88BFBCF5E06F1ED8BEF1004FDF
:10D8600008BF5FEA500E50F1000041EB045170BD5B
:10D8700006F0004646EA010140EA020081EA03019F
:10D88000B4EB5C04C2BFD4EB0C0541EA045170BD9B
:10D8900041F480114FF0000E013C00F3AB8014F115
:10D8A000360FDEBF002001F0004170BDC4F100045E
:10D8B000203C35DA0C341BDC04F11404C4F12005DF
:10D8C00000FA05F320FA04F001FA05F240EA02003A
:10D8D00001F0004221F0004110EBD37021FA04F670
:10D8E00042EB06015EEA430E08BF20EAD37070BD2A
:10D8F000C4F10C04C4F1200500FA04F320FA05F089
:10D9000001FA04F240EA020001F0004110EBD3708A
:10D9100041F100015EEA430E08BF20EAD37070BDFA
:10D92000C4F1200500FA05F24EEA020E20FA04F3D3
:10D9300001FA05F243EA020321FA04F001F0004182
:10D9400021FA04F220EA020000EBD3705EEA430EF3
:10D9500008BF20EAD37070BD94F0000F0FD101F022
:10D960000046400041EB010111F4801F08BF013C5B
:10D97000F7D041EA060195F0000F18BF704703F099
:10D980000046520043EB030313F4801F08BF013D20
:10D99000F7D043EA0603704794EA0C0F0CEA1355DC
:10D9A00018BF95EA0C0F0CD050EA410618BF52EA96
:10D9B0004306D1D181EA030101F000414FF000009C
:10D9C00070BD50EA410606BF1046194652EA4306AA
:10D9D00019D094EA0C0F02D150EA013613D195EA1E
:10D9E0000C0F05D152EA03361CBF104619460AD166
:10D9F00081EA030101F0004141F0FE4141F4700170
:10DA00004FF0000070BD41F0FE4141F4780170BD5F
:10DA100070B54FF0FF0C4CF4E06C1CEA11541DBFC4
:10DA20001CEA135594EA0C0F95EA0C0F00F0A7F8C6
:10DA3000A4EB050481EA030E52EA03354FEA0131F3
:10DA400000F088804FEA03334FF0805545EA131306
:10DA500043EA12634FEA022245EA111545EA1065CE
:10DA60004FEA00260EF000419D4208BF964244F165
:10DA7000FD0404F5407402D25B084FEA3202B61A84
:10DA800065EB03055B084FEA32024FF480104FF458
:10DA9000002CB6EB020E75EB030E22BFB61A7546CC
:10DAA00040EA0C005B084FEA3202B6EB020E75EB5F
:10DAB000030E22BFB61A754640EA5C005B084FEAC7
:10DAC0003202B6EB020E75EB030E22BFB61A754694
:10DAD00040EA9C005B084FEA3202B6EB020E75EB9F
:10DAE000030E22BFB61A754640EADC0055EA060E60
:10DAF00018D04FEA051545EA16754FEA06164FEAA3
:10DB0000C30343EA52734FEAC2025FEA1C1CC0D14E
:10DB100011F4801F0BD141EA00014FF000004FF0DB
:10DB2000004CB6E711F4801F04BF01430020B4F19C
:10DB3000FD0C88BFBCF5E06F3FF6AFAEB5EB030C54
:10DB400004BFB6EB020C5FEA500C50F1000041EB51
:10DB5000045170BD0EF0004E4EEA113114EB5C041E
:10DB6000C2BFD4EB0C0541EA045170BD41F48011F1
:10DB70004FF0000E013C90E645EA060E8DE60CEAF9
:10DB8000135594EA0C0F08BF95EA0C0F3FF43BAF16
:10DB900094EA0C0F0AD150EA01347FF434AF95EACD
:10DBA0000C0F7FF425AF104619462CE795EA0C0FB1
:10DBB00006D152EA03353FF4FDAE1046194622E77E
:10DBC00050EA410618BF52EA43067FF4C5AE50EA58
:10DBD00041047FF40DAF52EA43057FF4EBAE12E748
:10DBE0004FF0FF3C06E000BF4FF0010C02E000BF29
:10DBF0004FF0010C4DF804CD4FEA410C7FEA6C5C0C
:10DC00004FEA430C18BF7FEA6C5C1BD001B050EAAE
:10DC1000410C0CBF52EA430C91EA030F02BF90EA99
:10DC2000020F0020704710F1000F91EA030F58BF58
:10DC3000994208BF90422CBFD8176FEAE37040F0BA
:10DC4000010070474FEA410C7FEA6C5C02D150EA58
:10DC5000013C07D14FEA430C7FEA6C5CD6D152EA13
:10DC6000033CD3D05DF8040B704700BF84461046D8
:10DC700062468C461946634600E000BF01B5FFF7D7
:10DC8000B7FF002848BF10F1000F01BD4DF808EDA7
:10DC9000FFF7F4FF0CBF012000205DF808FB00BF78
:10DCA0004DF808EDFFF7EAFF34BF012000205DF8D2
:10DCB00008FB00BF4DF808EDFFF7E0FF94BF01201F
:10DCC00000205DF808FB00BF4DF808EDFFF7CEFF20
:10DCD00094BF012000205DF808FB00BF4DF808ED5F
:10DCE000FFF7C4FF34BF012000205DF808FB00BF30
:10DCF0004A0011D212F5001211D20DD56FF47873CB
:10DD0000B3EB62520ED44FEAC12343F0004343EA1F
:10DD1000505323FA02F070474FF00000704750EA6A
:10DD2000013002D14FF0FF3070474FF000007047D4
:10DD30004FF0FF3C06E000BF4FF0010C02E000BFD7
:10DD40004FF0010C4DF804CD4FEA40024FEA410379
:10DD50007FEA226C18BF7FEA236C11D001B052EA2F
:10DD6000530C18BF90EA010F58BFB2EB030088BFF5
:10DD7000C81738BF6FEAE17018BF40F00100704764
:10DD80007FEA226C02D15FEA402C05D17FEA236C46
:10DD9000E4D15FEA412CE1D05DF8040B704700BF8D
:10DDA000844608466146FFE70FB5FFF7C9FF002824
:10DDB00048BF10F1000F0FBD4DF808EDFFF7F4FF5D
:10DDC0000CBF012000205DF808FB00BF4DF808EDF6
:10DDD000FFF7EAFF34BF012000205DF808FB00BF19
:10DDE0004DF808EDFFF7E0FF94BF012000205DF83B
:10DDF00008FB00BF4DF808EDFFF7D2FF94BF0120EC
:10DE000000205DF808FB00BF4DF808EDFFF7C8FFE4
:10DE100034BF012000205DF808FB00BF53B94AB9A8
:10DE2000002908BF00281CBF4FF0FF314FF0FF3022
:10DE300000F00CB8ADF1080C6DE904CE05F092FBD2
:10DE4000DDF804E0DDE9022304B07047704700BF4D
:10DE500010F8012B11F8013B012A28BF9A42F7D094
:10DE6000D01A704700000000000000000000000011
:10DE700001F0FF01102A2BDB10F0070F08D010F87B
:10DE8000013B013A8B422DD010F0070F42B3F6D17F
:10DE9000F0B441EA012141EA014122F007047FF098
:10DEA00000070023F0E80256083C85EA010586EAEF
:10DEB000010685FA47F5A3FA87F586FA47F6A5FA2B
:10DEC00087F68EB9EED1F0BC01F0FF0102F0070237
:10DED00032B110F8013B013A83EA010313B1F8D1E2
:10DEE0000020704701387047002D06BF35460338C3
:10DEF000073815F0010F07D1013015F4807F02BFFC
:10DF0000013015F4C03F0130F0BC0138704700BF4C
:10DF1000034613F8012B002AFBD1181A0138704769
:10DF20004FEA410212F5001215D211D56FF4787341
:10DF3000B3EB625212D94FEAC12343F0004343EAE4
:10DF4000505311F0004F23FA02F018BF40427047BF
:10DF50004FF00000704750EA013005D111F0004049
:10DF600008BF6FF0004070474FF00000704700BFDF
:10DF70004FEA4102B2F1E04324BFB3F5001CDCF1EB
:10DF8000FE5C0DD901F0004C4FEAC0024CEA507023
:10DF9000B2F1004F40EB830008BF20F00100704752
:10DFA00011F0804F21D113F13872BCBF01F0004055
:10DFB000704741F480114FEA5252C2F11802C2F187
:10DFC000200C10FA0CF320FA02F018BF40F0010008
:10DFD0004FEAC1234FEAD32303FA0CFC40EA0C00BA
:10DFE00023FA02F34FEA4303CCE77FEA625307D1F7
:10DFF00050EA01331EBF4FF0FE4040F4400070472E
:10E0000001F0004040F0FE4040F40000704700BFC7
:10E0100080F0004002E000BF81F0004142001FBFDD
:10E020005FEA410392EA030F7FEA226C7FEA236CE6
:10E030006AD04FEA1262D2EB1363C1BFD2184140DB
:10E0400048404140B8BF5B42192B88BF704710F071
:10E05000004F40F4000020F07F4018BF404211F014
:10E06000004F41F4000121F07F4118BF494292EA7C
:10E07000030F3FD0A2F1010241FA03FC10EB0C00A8
:10E08000C3F1200301FA03F100F0004302D5494235
:10E0900060EB4000B0F5000F13D3B0F1807F06D3E2
:10E0A00040084FEA310102F10102FE2A51D2B1F1DA
:10E0B000004F40EBC25008BF20F0010040EA0300CF
:10E0C0007047490040EB0000013A28BFB0F5000F4F
:10E0D000EDD2B0FA80FCACF1080CB2EB0C0200FA05
:10E0E0000CF0AABF00EBC25052421843BCBFD04054
:10E0F0001843704792F0000F81F4000106BF80F4CE
:10E1000000000132013BB5E74FEA41037FEA226C90
:10E1100018BF7FEA236C21D092EA030F04D092F05B
:10E12000000F08BF0846704790EA010F1CBF00208F
:10E13000704712F07F4F04D1400028BF40F00040EC
:10E14000704712F100723CBF00F50000704700F00C
:10E15000004343F0FE4040F4000070477FEA226233
:10E1600016BF08467FEA23630146420206BF5FEA04
:10E17000412390EA010F40F4800070474FF0000304
:10E1800004E000BF10F0004348BF40425FEA000CCB
:10E1900008BF704743F0964301464FF000001CE073
:10E1A00050EA010208BF70474FF000030AE000BFC9
:10E1B00050EA010208BF704711F0004302D5404207
:10E1C00061EB41015FEA010C02BF84460146002079
:10E1D00043F0B64308BFA3F18053A3F50003BCFA94
:10E1E0008CF2083AA3EBC25310DB01FA02FC634441
:10E1F00000FA02FCC2F12002BCF1004F20FA02F248
:10E2000043EB020008BF20F00100704702F120023A
:10E2100001FA02FCC2F1200250EA4C0021FA02F29B
:10E2200043EB020008BF20EADC7070474FF0FF0CA0
:10E230001CEAD0521EBF1CEAD15392EA0C0F93EA9B
:10E240000C0F6FD01A4480EA010C400218BF5FEA3D
:10E2500041211ED04FF0006343EA501043EA5111B0
:10E26000A0FB01310CF00040B1F5000F3EBF4900AA
:10E2700041EAD3715B0040EA010062F17F02FD2AAE
:10E280001DD8B3F1004F40EBC25008BF20F0010091
:10E29000704790F0000F0CF0004C08BF49024CEAA8
:10E2A000502040EA51207F3AC2BFD2F1FF0340EA3A
:10E2B000C250704740F400004FF00003013A5DDCAB
:10E2C00012F1190FDCBF00F000407047C2F10002EC
:10E2D000410021FA02F1C2F1200200FA02FC5FEAD9
:10E2E000310040F1000053EA4C0308BF20EADC7023
:10E2F000704792F0000F00F0004C02BF400010F495
:10E30000000F013AF9D040EA0C0093F0000F01F041
:10E31000004C02BF490011F4000F013BF9D041EA63
:10E320000C018FE70CEAD15392EA0C0F18BF93EA65
:10E330000C0F0AD030F0004C18BF31F0004CD8D18F
:10E3400080EA010000F00040704790F0000F17BF16
:10E3500090F0004F084691F0000F91F0004F14D05C
:10E3600092EA0C0F01D142020FD193EA0C0F03D1B4
:10E370004B0218BF084608D180EA010000F00040B7
:10E3800040F0FE4040F40000704740F0FE4040F492
:10E39000400070474FF0FF0C1CEAD0521EBF1CEA31
:10E3A000D15392EA0C0F93EA0C0F69D0A2EB03024F
:10E3B00080EA010C49024FEA402037D04FF08053E9
:10E3C00043EA111143EA10130CF000408B4238BFAE
:10E3D0005B0042F17D024FF4000C8B4224BF5B1ABC
:10E3E00040EA0C00B3EB510F24BFA3EB510340EA0A
:10E3F0005C00B3EB910F24BFA3EB910340EA9C00B8
:10E40000B3EBD10F24BFA3EBD10340EADC001B0127
:10E4100018BF5FEA1C1CE0D1FD2A3FF650AF8B42CB
:10E4200040EBC25008BF20F0010070470CF0004CD8
:10E430004CEA50207F32C2BFD2F1FF0340EAC25003
:10E44000704740F400004FF00003013A37E792F0C4
:10E45000000F00F0004C02BF400010F4000F013A22
:10E46000F9D040EA0C0093F0000F01F0004C02BF1D
:10E47000490011F4000F013BF9D041EA0C0195E786
:10E480000CEAD15392EA0C0F08D142027FF47DAF1F
:10E4900093EA0C0F7FF470AF084676E793EA0C0F0F
:10E4A00004D14B023FF44CAF08466EE730F0004C0D
:10E4B00018BF31F0004CCAD130F000427FF45CAF9D
:10E4C00031F000437FF43CAF5FE700BF4FEA40020A
:10E4D000B2F1FE4F0FD34FF09E03B3EB12620DD992
:10E4E0004FEA002343F0004310F0004F23FA02F0FC
:10E4F00018BF404270474FF00000704712F1610FA3
:10E5000001D1420205D110F0004008BF6FF0004079
:10E5100070474FF00000704742000ED2B2F1FE4F3C
:10E520000BD34FF09E03B3EB126209D44FEA0023E2
:10E5300043F0004323FA02F070474FF000007047A9
:10E5400012F1610F01D1420202D14FF0FF3070474A
:10E550004FF00000704700BF10B5054C237833B969
:10E56000044B13B10448AFF300800123237010BDA6
:10E570008054002000000000D84A020808B5034B70
:10E580001BB103490348AFF3008008BD0000000041
:10E5900084540020D84A02080368DB6A1847000048
:10E5A0000148FAF7DBB900BF400700202DE9F0472A
:10E5B0001E4690F8DD3A04461546002B52D02D4BEE
:10E5C00093F8B032002B4DD009784339C9B21429E1
:10E5D0009BBF294B5B184FF0000993F8B895274B68
:10E5E000D3F84837DBB3D3F81C8004F590674FF4B9
:10E5F00000720021384605F0D4FB06230121A4F85F
:10E600008434084684F82C96E6F71EFD1F22C4F8D1
:10E610000806414604F20C6006F011FA33462A4619
:10E6200040F27F1104F5916005F054FB002808DDED
:10E630000138204490F888340A2B04BF002380F866
:10E6400088343B464FF4FF7104F69D000C4AEAF70C
:10E6500035FE01462046BDE8F047EAF71BBBDFF870
:10E660002480C2E733462A4604F52A60BDE8F04715
:10E67000E6F7F6BC78030020F04A02087014002088
:10E68000C05002083B9B020890F84D3070B504461C
:10E69000BBB10D4B026D1B689A4212D8002500F1E8
:10E6A000580680F84D5045653046FDF775FC382218
:10E6B0002946304605F075FB236A04F120009B696A
:10E6C00098476FF0004070BD7803002002292DE9C3
:10E6D000F04104460E4633D0032900F0BC800129E6
:10E6E00040F0F58090F82C3273B3002380F82C3280
:10E6F000D0F828020368DB6E9847236832465B6BCC
:10E700000146074620469847724B93F8B8310646B3
:10E71000FBB9714B1B68D3F884213244C3F88421C0
:10E720000A21D3F83C21B2FBF1F20621B2FBF1F051
:10E7300001FB102203EB82031A6B32441A6303E0DD
:10E74000C36F0BB1EBF7BAFA236820465B6D9847AD
:10E7500089E0D4F8280203683A461B6B04F188016B
:10E76000984728B1D4F830320133C4F83032D0E7BA
:10E77000183FF7D4D4F834320133C4F83432D4F823
:10E780008C30002BE0D05548EAF73AF9D4F88C30B9
:10E790000360D4F888304360D4F89030C0F8143166
:10E7A00094F896300372B4F8943003F07F0380F845
:10E7B0002031B4F894305B0A80F82A31B4F8942000
:10E7C000C2F3C011C2F30022054680F8211180F87F
:10E7D0002921002B38D1C0F85031C5F854312368B5
:10E7E00029465B6F2046984705236B813A4604F122
:10E7F000A00105F10E0005F07BFB374BAF811B68D4
:10E800003749D3F864213244C3F864210A6832449A
:10E810000A60D3F83C210A21B2FBF1F20621B2FBD7
:10E82000F1F001FB102203EB82031A6B32441A63EE
:10E830002C4B1868002887D0012385F85C310368C9
:10E8400029461B6A98477FE7D4F89830C0F85031C2
:10E85000D4F89C30C1E7D0E973239A4237D00368DB
:10E860001B6F984720B92046BDE8F041E8F7E2BDAC
:10E87000D4E97332934226D01B68D3F8581151B1B2
:10E88000194B1B68C91A002905DD04F5CA70BDE8DB
:10E89000F041FBF78BBE236820469B6D98470546E9
:10E8A00000287FF451AFD4E97313994204D004F5E2
:10E8B000E6700D68FDF716FE2368294620469B6E1C
:10E8C000BDE8F04118470023D3F85831FFDEBDE81A
:10E8D000F08100BF80030020AC1B0020E81C00205A
:10E8E00080060020341D0020780300202DE9F14F20
:10E8F000504D95F8383204463BB9A3699B6904F141
:10E90000180001B0BDE8F04F184790F84530CBB182
:10E91000002380F8453095F859020028EDD095F88D
:10E920005B124900FEF734FB95F8183D43F6982238
:10E9300047F2305002FB0300013385F8183D01B067
:10E94000BDE8F08FDFF8F0B0866CD5F83C02E6F752
:10E95000EEFCDBF800309B1B984213D8FAF7F2FD6F
:10E9600095F85A22354B03EB820306460146D3F84D
:10E97000D43694F84C00984784F84C60804690B1A7
:10E98000012850D0D5F84032002B51D0A16CDBF8D3
:10E990000020521A4FF47A714B439A4248D3FAF747
:10E9A000D1FD014640E0282005F08AFB244905F20C
:10E9B0004522814605F0D8FF2046ECF78DFC07463E
:10E9C00080F821814846FFF7A3FA1FFA80FAA7F8DA
:10E9D0000EA05246494607F1100005F089FA95F855
:10E9E000443256465BB1BAF1E80F08D83E440723DB
:10E9F0000AF1010A337486F81180A7F80EA0DBF83B
:10EA00000030A3640020FCF7A9F9034628B90246A8
:10EA10000C4839460068E7F761FE484605F058FBA8
:10EA20004FF47A708BE731462046ECF76BFCF7E742
:10EA3000642084E7983D0020780300208066020867
:10EA400005950208301D0020F8B5304D95F8343199
:10EA5000064663B12E4F826E3B689A420AD24FF04F
:10EA6000FF338366EEF7F6FC002386F86C306FF018
:10EA70000040F8BD90F86C30002B44D0D5F83841F8
:10EA8000D5F8303D3A68002C08BF4FF47A7423441F
:10EA9000934206D295F82C2D002182F00102EEF768
:10EAA000ADFCD5F8343D3A682344934207D295F83B
:10EAB0002D2D012182F001023046EEF79FFC95F8E2
:10EAC00043316BB9D5F8383D3A682344934207D2B5
:10EAD00095F82E2D022182F001023046EEF78EFCD1
:10EAE00095F843316BB10B4BDA6852B193F85D3056
:10EAF00003F0FD03012B04D096F86C3003B13B68A2
:10EB000019242046B5E74FF47A74E9E7983D0020D0
:10EB1000780300208003002070B5144D95F8F03183
:10EB20000446F3B1124B1878FCF718F910B1114BE9
:10EB30001B78B3B9104B1E6801213046E6F7E0F9A7
:10EB400078B13046E6F7F1F958B14FF0FF31204681
:10EB5000FAF7A6FCD5F8EC0128B14FF47A735843C4
:10EB600070BD0121F3E70548FAE700BFD43D00205E
:10EB7000001D002034010020AC1B0020009749013B
:10EB80002DE9F14F9B4D95F8DC3004462BB9D4F8B4
:10EB9000A03A04F52A609B69D2E095F8F13053B1B0
:10EBA00090F8CD3A002B00F0C48095F8E830012BA6
:10EBB00067D16E276EE0D5F8E030002BE7D0D5F8AE
:10EBC000E430002BE3D090F8CD3A002B00F0B18078
:10EBD00095F8E830012B6AD0023BDBB20D2B68D8E8
:10EBE000854A02EB8303D3F84873D5F8E030834EAF
:10EBF000C3B1D5F8E420AAB1D1B219295CD88048B4
:10EC000050F8211002F4E0620A43C6F80022DAB29A
:10EC1000192A67D87A4951F8222003F4E063134394
:10EC2000C6F8043239467748FCF74CFBD5F8EC308F
:10EC3000002B08BFFA237420736105F041FA724972
:10EC400007464FF00008FDF7CFFC704B3B60C7E96B
:10EC500005885622414607F11C0005F0A2F895F8F8
:10EC6000F030032B54D01A1F012A53D80323A7F8DE
:10EC70007230C6F8307284F8CD8A0A2001B0BDE83F
:10EC8000F08F023BDBB20D2B0ED85B4A02EB830305
:10EC9000D3F848735E4E3046F9F760FE5D4B0A20AC
:10ECA0001E60FAF7A5FAA0E74FF41647F2E76E27C1
:10ECB0009BE74FF4164798E702F0C000C0280ED13A
:10ECC000C8290CD84C4902F03F0001EB800102F446
:10ECD000E062D1F880034A4951F8201094E74FF0E0
:10ECE000FF3292E703F0C001C0290ED1C82A0CD828
:10ECF000414A03F03F0102EB810203F4E063D2F8E2
:10ED000080133F4A52F8212089E74FF0FF3387E70D
:10ED10000123ACE74022A7F87220022B3E4AFA609A
:10ED2000C6F8307284F8CD8AA7D12046EBF72EF9C9
:10ED3000A3E795F8F030022B06D12368DB6A204662
:10ED400001B0BDE8F04F1847062B96D02B4F07F1C6
:10ED50000C0907F50D784846F9F7C6FC00288CD059
:10ED60002848E9224146F9F76BFDD7F83062C7F829
:10ED70003404F468CCB1DFF8A4A09AF800B0002500
:10ED8000EBB29B4505D8264B1878FBF75DFB044694
:10ED90000BE02846FBF71EFF214605F005FE6B1C25
:10EDA00028BB4C2404FB05A40434336830469B691B
:10EDB00098474FF0FF33054643600CB12378037248
:10EDC000D7F83424EA810024012385F82131414613
:10EDD00085F8FA4092B205F1100005F089F8114863
:10EDE0002346006822462946E7F778FCB3E71D462C
:10EDF000C6E700BFD43D0020EC710208D84A0020CD
:10EE000018660208E44A0020FA970208987502087A
:10EE100040070020C4010020EC940208384800207C
:10EE2000001D0020301D002038B59388022B0846B5
:10EE3000144608D1054B1D68E6F7A3FC224601469F
:10EE40002846FDF72FFD002038BD00BF141D00200F
:10EE5000114BF7B5D3F85065104B476D4665044626
:10EE600018680F4DE6F761F860B12B79082B09D0CF
:10EE70000023BA1B009318BF01224FF0FF31204638
:10EE8000F1F732FA686920B14FF47A73584303B04E
:10EE9000F0BD0448FBE700BFD84A0020AC1B0020AF
:10EEA0008003002080CBA40030B5244B1D68ADF555
:10EEB000617D044695B16868E6F73DFE80B195F83E
:10EEC000202195F82A319A420AD21D4B1B7903F072
:10EED000FB03022B04D0012384F83B30002022E006
:10EEE0004FF4B072294688A805F002F84FF48872F2
:10EEF0000021684604F055FF124ABDF82E126B46F9
:10EF00008CA8EBF763F80028E8D0BDF80430022B9A
:10EF100004F130050AD1214644A8F1F7EFFA44A9DB
:10EF20002846F1F73FFB0DF5617D30BD062BD5D1AD
:10EF3000214644A8EFF76EFFF1E700BFAC4A00207E
:10EF40008003002028760208F0B5634B90F85960E2
:10EF50001D6897B00446002E00F0BB80012E27D11B
:10EF6000C36DC26EEB1A934240F29B80022380F87D
:10EF700059305A490DA8F9F7A1FF0DA92046F3F71A
:10EF800011FB0DA8F9F775FF00232566C4F898302A
:10EF90000DA904F120008DF83460FAF737FAA56E58
:10EFA00004F12C002946E6F72FF8284617B0F0BDEB
:10EFB000032E1FD0022E40F08C80036EED1A836E5C
:10EFC0009D426ED30025464980F859507C30F9F7B0
:10EFD000A0FF2046F3F7FCFA414904F17000F9F76D
:10EFE00098FF0123C4F898508DF834300DA904F12E
:10EFF00020006CE0436EC26D13445D1BB5F57A7F53
:10F0000000F1700700F120064ED3364907A8F9F742
:10F0100055FF07A904A8F9F772FF00230A220DA9DA
:10F020004FF47A70B5FBF0F0CDE90A330C93FCF79E
:10F030004DFA0DA90AA8F9F76CFF0C9A0A9904A8D1
:10F04000F9F778FF10B904A8F9F71AFF26490DA8B7
:10F05000F9F734FF0F9A0D9904A8F9F76BFF10B96F
:10F0600004A8F9F70DFF04A901A8F9F748FF0DA8B6
:10F07000F9F7FFFE0AA8F9F7FCFE04A8F9F7F9FE74
:10F0800007A8F9F7F6FE01A93846F9F729FF012389
:10F090000DA930468DF83430FAF7B8F901A8F9F720
:10F0A000E8FE4FF47A7081E7002380F859300C496C
:10F0B0007C30F9F72EFF2046F3F78AFA08493846E4
:10F0C000F9F727FF01238DF834300DA93046FAF700
:10F0D0009DF96FF0004069E778030020179A020855
:10F0E0003B9B02082C9A02081598020870B5904CB8
:10F0F000904DE3684FF6FF0633402B43E3604FF03B
:10F10000B04396B01A6D42F400221A651A6D02F4EB
:10F1100000220392039A9A6C42F480529A649B6C88
:10F1200003F480530293029BE4F7F6FDE368334057
:10F130002B43E360E3F7DEFF7F4C20600020E3F722
:10F14000EBFF4422002105A804F02BFE7B4A136844
:10F1500023F4C06343F400731360136803F4C063C3
:10F160000193019B202304934FF0010E0023B02252
:10F1700004A8CDE90CE3CDE90E23E3F7F7FF00B1D6
:10F18000FEE76F490B6813F0060F6E4B1BD04FF074
:10F19000B042916821F0F001916018689168CE0347
:10F1A00022D5D2F8081121F00F01C2F80811186811
:10F1B0004FF0B042D2F80811CD031AD41968091AD9
:10F1C0000229F7D90FE00A6822F0070242F0020292
:10F1D0000A6018680A6802F00702022AD7D01A6883
:10F1E000121A022AF6D9FEE71968091A0229D5D996
:10F1F000F9E7916821F4E061916018684FF0B0423E
:10F200009168890304D41968091A0229F8D9EAE730
:10F21000916821F46051916018684FF0B042916894
:10F220004E0304D41968091A0229F8D9DBE71168DA
:10F230008D07D8D5916821F00301916018684FF0CF
:10F24000B04141F288358A6812F00C0F0ED13C496A
:10F250000A6802F00702022A0DD8E3F74BFF3A4B87
:10F2600020601868E3F758FFB0B1BCE71A68121ABB
:10F27000AA42E8D9B7E70A6822F0070242F0020280
:10F280000A6018680A6802F00702022AE5D01A68C4
:10F29000121A022AF6D9A6E72C4B5A7F02F0FF0178
:10F2A00002B9197702225A771A79E2B91A682849FD
:10F2B0005161916821F01801916059791A6800290B
:10F2C00034D14FF0FF3111619168586921F060012C
:10F2D000014391609168986921F080010143916038
:10F2E00001225A7710E09C68E0070DD51F22013AF1
:10F2F00003D324FA02F1C907F9D5D968102911D02E
:10F3000004D839B108290FD016B070BD1829FBD127
:10F31000062AF9D818684461826822F018020A4364
:10F320008260CAE7072AF4E70F2AF2E71969CAE7F9
:10F3300000ED00E00003FA0564000020000400581E
:10F34000004000587803002060000020D001002019
:10F35000B71DC10430B5044685B0FCF7FAF80025A6
:10F36000114B2360A022C4E93255294604F128003C
:10F3700004F017FDA368656004F11C05E3600B4908
:10F380002846F9F7C6FD294601A8F9F7B8FDA16995
:10F3900001A8FCF7C8F801462846F9F7A1FD01A825
:10F3A000F9F767FD05B030BD04820208B49B02087E
:10F3B00008B5FDF7E1FC0023C36008BD2DE98048D6
:10F3C000DBB0AFF3008001210020FDF7E1FD01215A
:10F3D0000020F9F795FEE5F777FFB8B9032401217E
:10F3E0000020F9F78DFE4FF49670F9F701FF002128
:10F3F0000846F9F785FE4FF49670F9F7F9FE013CDF
:10F40000EDD14FF4FA60F9F7F3FEE7E74FF42E6021
:10F4100004F056FE814F824E04463946F9F7D7FD77
:10F420000025804BC4F8A45AC4F8A03A84F8AC5A1A
:10F4300004F52B607C49C4F8A87AFCF7BFF87B4B35
:10F44000236003F14C026833C4F8B03A0323C4F8D4
:10F45000A02A84F884364FF4E13184F8DD5A84F828
:10F4600098583846C6F8F440FBF72CFF2046EAF7D8
:10F470008DFD1020D6F8F44004F022FE0022002377
:10F48000C0E900236A4B0572186004F52A64694BD1
:10F4900069491B68694D2046F9F7D5FCD6F8F40098
:10F4A000674B684A6849009300F52A60674BF9F793
:10F4B000CAFCD6F8F400664900F52A60F9F7C3FCE7
:10F4C000012004F0FDFD634B6349186006F1400024
:10F4D000F9F71FFD614906F5A470F9F71AFDD5F893
:10F4E000E0255F4B03EA822303F1FF6303F5F22378
:10F4F000B3F1006F40F2C9805A4C2379002B40F0E1
:10F50000C480A068002840F0B780D5F8E055544F7B
:10F51000DFF82881DFF8509107EA852505F1FF65BE
:10F5200005F5F225D8F8E01507EA812101F100631D
:10F530009D42C0F0A68194F80480B8F1000F03D07A
:10F5400000232371F9F718FAA068FCF737FA05468B
:10F55000002856D1E3685A6A0146D208A06C04F02C
:10F5600020FCE2684148A563D2E9083214A9C4E945
:10F5700010539A4294BFE263E363F1F7DCFA002888
:10F580003DD13A482BA9F1F7D6FA0346002836D1E7
:10F5900002462BA93548F2F7F7F8054600282ED188
:10F5A000334B2C9F2D9A27614FF01009CDE90B9317
:10F5B000E3686261D9690F912E491B6A086810934C
:10F5C0004968CDF81C904FF00113119312ABCDE9AF
:10F5D0000D7203C33423CDE91D721C930CAF20239D
:10F5E000CDE9097308932148012307AA14A9F2F76A
:10F5F000CBF8002800F04F81343000F04D81F9F74E
:10F60000BBF92379002B40D1A06800283DD0FCF73E
:10F6100013FAB0FA80F04009207136E0400700206C
:10F6200050500020488302089E9C0208184C020893
:10F630003C3D002078030020AC9C02080070FF1FB6
:10F64000E59C02080D900208C99C02082694020855
:10F65000F99C0208AC1D0020329D0208419D020861
:10F6600000FCFF03483D0020007000F8543D0020DE
:10F670002E140008C69B0208FCF7DEF900280CBF18
:10F680000123002323717FF440AF0A21BA48FDF71C
:10F6900021FB602004F014FD0446A046B749FBF7A7
:10F6A0008DFFB74B48F8303B0023A363C4E90C88B7
:10F6B000B44B04F13C0203F1100718685968154671
:10F6C00003C50833BB422A46F7D118689B88AB8034
:10F6D000AD4B28601F6867650025E56584F85850C4
:10F6E000C6F8FC41FCF7E0FF07F13801C0F80880DC
:10F6F00002F0AFFB3B6C01333B64FCF7D5FF07F135
:10F7000034094146C0F8089002F0A3FBA36BD6F879
:10F71000FC019E4E0133A36303681B6A98473420A3
:10F7200004F0CEFC9A49016000F11003C0E90433F3
:10F73000C0E909550572C5608561C5830584C56248
:10F7400080F830500446B02204312BA8C6F8845308
:10F7500004F0CEFB8F48FBF765F8002840F0CC8022
:10F760000023039300238C49179314AACDE9153382
:10F770000BA818231493FCF73FF80B9DDFF81C82AD
:10F7800015A805F2C675FCF729FB834B8448CDF814
:10F79000008010222946FBF7EDFDD8F80030172B2A
:10F7A00000F2C9802046E6F71CFB6568A38BD5E90B
:10F7B000009B0A2B84BF0A23A38340F29C62ABEB1D
:10F7C0000903934200F22981AA6876489910A2EBB6
:10F7D0000B0241439210C1F10A014243914200F2EF
:10F7E000B5805846E8F7FBFB68606F4B6F480096A2
:10F7F00040F2146240F2E161FBF7BCFD012803D145
:10F80000D6F88433172B2BD82046E6F777FB7168A0
:10F810002046E6F7D5FD18B303790BB3644A00F12F
:10F820000C0300F1340153F8045B42F8045B8B4293
:10F83000F9D1002386F88930426BC6F88A2086F811
:10F840008E3090F83A3086F8963090F85E3086F830
:10F85000BA3090F85F3086F8BB300420FCF78EFB9E
:10F86000544D554B554800954FF4387240F2F221F3
:10F87000FBF780FD012800F0DA800020FCF748FD4E
:10F88000DAE0A9EB010129444D48C90AEFF798FBDA
:10F8900005F5006546E601252023CDE908370A93E2
:10F8A0004848CDF81C90012307AA14A9F1F76CFF72
:10F8B00028B134307FF4A3AE002D3FF4A0AE002376
:10F8C0000125404807AA14A9CDE90735F0F7F5FF4F
:10F8D00000287FF494AEE3681B6A6364F9F74CF880
:10F8E000B8F1000F3FF48DAEA068FCF7A5F8002832
:10F8F0007FF487AE2571C8E62E4D2F4B2F4800951B
:10F900004FF4387240F2F221FBF734FD01287FF406
:10F9100027AF95F8F831002B3FF422AFB5F81C3231
:10F920000393002B3FF41EAFB02205F5FD712BA809
:10F9300004F0DEFA16E708F104036360D8E9012356
:10F940009B1A184A9B105343A3832EE71E4A059324
:10F9500028460491E8F712FBDDE9041382460028EB
:10F9600059D01A4A904235D9194B984201D902F020
:10F9700040FD02F03BFD00BFB1940208519D02081A
:10F98000844B02085C830208E01C0020640900200C
:10F990007C830208579D020858810208181D002028
:10F9A000CF9B0208CF467D6714820208E29B0208C3
:10F9B000C609002080030020FC6F0208F69B0208A5
:10F9C00040020020543D0020679D0208414CAE00DB
:10F9D00082985C01BC2000FB0AF0CDE9041304F01E
:10F9E0006FFBDDE904130746F818E8F7F8FA3A4622
:10F9F00059464846FAF7B0FFB9F1000F02D0484621
:10FA000004F066FB07F5EB636B60BC2303FB0A7233
:10FA10002F60AA60E9E60746E6E7B3F5EB6F7FF6ED
:10FA2000E4AE09F5EB639B4518BF6B60DDE6D5F8E6
:10FA3000F431172B7FF622AF95F8A43133B195F846
:10FA4000A8311BB1C0480121E8F71AFC039B4BB158
:10FA5000BE48ADF8CE30B0222BA904F049FA0120FF
:10FA6000FCF78CFABA4FBB4BBB4800974FF42E7291
:10FA70004FF44D71FBF77EFC012800F0A181FCF7EB
:10FA8000DFFBDFF8D892B64BB648CDF800904FF4C4
:10FA90001A7240F2CE21FBF76DFC012800F096812E
:10FAA000FAF7C4FCB04B0093B048B14B8C22CC2188
:10FAB000FBF760FCD7F89031162B37D81823C7F81E
:10FAC0009031D7F84031B3F5617F04BF0023C7F808
:10FAD0004031D7F84431B3F5617F04BF0023C7F844
:10FAE0004431D7F84C31B3F5617F04BF0023C7F828
:10FAF0004C31D7F85431B3F5617F04BF0023C7F808
:10FB00005431D7F8EC31B3F5617F04BF0023C7F857
:10FB1000EC31D7F82832B3F5617F08BF00234FF0EE
:10FB2000020008BFC7F82832FCF728FA4FF0000A95
:10FB3000D1465746A28B9245C0F24E81D8F8047048
:10FB4000A2EB09039BB24FF0BC0A0AFB0377A38325
:10FB5000524600212BA804F024F92BAA0AFB0971B4
:10FB60003846E8F72DFA40F214618248F5F7D0FDE7
:10FB7000102107468048F5F7CBFD4FF4387103900C
:10FB80007E48F5F7C5FD4FF41A7104907348F5F7F8
:10FB9000BFFD47F2F85305902046F360E6F762F99F
:10FBA000482386F895302B7986F89730744B754842
:10FBB0001A689B88C6F88F2010218380724A736868
:10FBC0003D3804F02DFE95F8F81161B901235F4826
:10FBD00085F8F831B02204F0E4F86B7985F8A732A3
:10FBE0006B7E85F8A63295F8AA1249B901236748B9
:10FBF00085F8AA32302204F0D4F83C23C5F8D0327C
:10FC000096F89680B8F1000F1ED195F8B831DBB1A7
:10FC1000B5F8FAB1DFF87891BBF1200FD9F800A060
:10FC200000F00781B5F81C3284F81E80202B40F0CC
:10FC30001D81D9F80000574A0368A2F12201DB6850
:10FC40009847002840F01A8171682046E6F7CAFB01
:10FC5000514980466A222BA804F04AF928222FA98C
:10FC60000DF1560004F0EBFE052239A90DF17E00DE
:10FC700004F0E5FE3DAEDDF8E900BDF8ED3014908E
:10FC8000ADF854300FCE22AD0FC596E80F0085E8D1
:10FC90000F003C9B9DF8EFC021935A22BDF8143110
:10FCA000ADF8A83014A908F106008DF883C004F05F
:10FCB0001FF90123394888F80430FAF7B3FD08B971
:10FCC000FCF7A4F80020FBF701F8FBF769F8B8B3DC
:10FCD0002A4A1F4B1079D3F84011D3F84421022847
:10FCE00000F0EE800B2800F0EB8031B1B1F5E16F50
:10FCF00038BF4FF4E161C3F84011D3F84C0122B191
:10FD0000B2F5E16F38BF4FF4E162D3F85411C3F894
:10FD1000442120B1B0F5E16F38BF4FF4E160D3F872
:10FD20005C21C3F84C01002940F0EF80C3F8541166
:10FD30004FF4E16112B18A4238BF0A46C3F85C2130
:10FD4000064B1E7800252BE0280500207A050020B0
:10FD5000D43D0020E46F02080A9C020838480020C5
:10FD6000CC6F02081E9C020838010020B6960208DB
:10FD70007061020864090020181D00208003002023
:10FD8000281D0020F3090020199102082C060020EC
:10FD9000181000209E050020B6090020CF9B020805
:10FDA000E9B28E4240F2CE800846FAF74DFB90F859
:10FDB0003E301BB1036C002B40F0BE800135EFE7F5
:10FDC000D7F89031172B3FF65CAE58E6D9F864327D
:10FDD000172B3FF667AE63E66368039351461846F8
:10FDE000E6F7F9F902790AB3838F63B1002200F1D3
:10FDF0003E0E93461EF80B1029B90132D2B293423F
:10FE00009346F7D88187BA450CD051460398E6F758
:10FE1000E2F9394683460398E6F7DDF9BC225946F4
:10FE200004F066F801370AF1010A83E609F10109D5
:10FE3000F9E7DFF8F0E0BEE80F000DF1AC0CACE83C
:10FE40000F009EE80F008CE80F00DAF800305046F3
:10FE50001B6ADFF8D4A05A462BA9984720225146A6
:10FE60002BA803F074FFF0B90123A377D9F80000A1
:10FE70002E4A0368A2F122019B6898472023A5F827
:10FE8000FA31A5F81C32274D294AA6F8983005EB1F
:10FE9000030C2B4603CB6345106051601D4602F1F5
:10FEA0000802F6D1D0E608F10108B8F1180F0AF1FE
:10FEB000200AD3D10023A3771E4BB3F81C32B5E63A
:10FEC00039B14AF6C00081422CBFC3F84011C3F8D3
:10FED0004001D3F84C0122B14AF6C0018A4238BF32
:10FEE0000A46D3F85411C3F8442120B14AF6C0029F
:10FEF000904238BF1046D3F85C21C3F84C0151B989
:10FF0000C3F854114AF6C00114E7B1F5E16F38BFE8
:10FF10004FF4E1610AE74AF6C000814238BF01466A
:10FF2000EEE700BF7C050020308402089E0500201B
:10FF3000FE090020800300200846FAF70FFF002882
:10FF400041F0BB81CE4DCF4E6B69002BBCBF6FF033
:10FF500000436B61AB6E002BBCBF6FF00043AB6620
:10FF60002B6F002BBCBF6FF000432B676B6F002B18
:10FF7000BCBF6FF000436B67AB6F002BBCBF6FF073
:10FF80000043AB67EB6F002BBCBF6FF00043EB6728
:10FF9000D5F88030002BBCBF6FF00043C5F880302F
:10FFA000D5F88430002BBCBF6FF00043C5F8843017
:10FFB000D5F88830002BBCBF6FF00043C5F88830FF
:10FFC000D5F88C30002BBCBF6FF00043C5F88C30E7
:10FFD000D6F8EC31002BBCBF6FF00043C6F8EC3113
:10FFE000D6F84031002BBCBF6FF00043C6F840315B
:10FFF000D6F84431002BBCBF6FF00043C6F8443143
:020000040802F0
:10000000D6F84C31002BBCBF6FF00043C6F84C3122
:10001000D6F85C31002BBCBF6FF00043C6F85C31F2
:1000200096F8CA3043B1D6F8CC30B3F5616F3CBF17
:100030004FF46163C6F8CC30D6F8EC3123B1B3F598
:10004000615F38BF4FF46153C6F8EC318E4B93F8C3
:1000500096300BB102232B7495F89C318A48032B00
:1000600004BF002385F89C3140F2146104BF0123D2
:1000700085F8EC31F5F74CFB10213F1A834818BF87
:100080000127F5F745FB039BBF0083424FF438710E
:100090007B4818BF47F01007F5F73AFB049B4FF475
:1000A0001A7183427A4818BF47F00107F5F730FB11
:1000B000059B834295F86E3018BF47F008072BB1B7
:1000C000012385F89030002385F86E302046DFF854
:1000D000C481E6F729F93846FBF750FF6E4BD8F894
:1000E00000701C60B7B9382003F0EAFF38220446DC
:1000F000394603F056FE231DC4E90273C4E90437F0
:1001000004F11C03C4E90873C4E90A37277127778F
:10011000C8F80040D8F80000E8F771FFA02003F00D
:10012000CFFF5E490446FBF749FA6423236341F29B
:10013000301003F0C5FF41F230120021606303F07C
:1001400030FE0027564B23600820C4E91077C4E92D
:100150001277C4E91477C4E91677A763E063F8F768
:1001600026FF00F10C098046A0634FF4007003F0F5
:10017000A7FF00F50073C4E91503A3640423C4E9D1
:100180001937C8F80C00606420642065C4E91B7747
:10019000C4E91D77C4E91F77C4F84C90C4F85C909B
:1001A0002466012003F08CFF3E4BC4F89070186069
:1001B00004F19C03C4F884300123C4E922374FF0D2
:1001C0007E53C4F89430384B2360384B1C6095F84C
:1001D0009830C4E926772BB128790623052202211D
:1001E000EAF766F9324C3349C4F8781200274FF029
:1001F00001083A46434604F5007084F85D72A4F89D
:100200007C82F1F749FDFCF758FA234BDFF8A8A0F0
:100210001B68DAF80090049303F1100BFCF744FA22
:1002200009F13402C0F808B009F13801039201F075
:1002300010FED9F840104144C9F84010FCF734FAD8
:10024000039A8260594601F004FE049BDFF86CB00B
:100250009A6942449A614FF4907003F031FF802212
:100260008146C0F800B0C0E92177C0E9237739465C
:10027000043003F096FD20223946C9E927771FE0B4
:1002800080030020D43D002064090020181D0020B8
:10029000384800202C500020141D0020819D0208A9
:1002A000084E0208D44A0020A4670208341D00202A
:1002B0005050002000093D00D84A0020388702082D
:1002C000C9E92977C9E9257709F1AC0003F069FD8F
:1002D00009F58473C9E9423309F58A73C9E94533DD
:1002E000102389F8F630E34B89F80471C9E93F77A8
:1002F000C9E93377C9E93577C9E93777C9E9397782
:10030000C9E93B77C9F81071C9F81C71A9F8F470F4
:10031000C9F8F8708020C3F8009003F0D1FED649E8
:100320008146FBF74BF9D54BC9F800304FF47A738F
:10033000C9F8303009F13803C9E90E33D04BD14A3E
:10034000C9F83420C9E91237C9E91893CE4BC9F866
:10035000502009F15401C9E91511196889F82D7067
:1003600009F13400C9E91C77C9F84070C9F8449014
:10037000C9F85C70C9F86870A9F86C70C9F8787031
:10038000A9F87C7089F87E702831EFF7B3FEBF4B77
:10039000196809F150002831EFF7ACFE3C20C4F891
:1003A000809203F08DFEBA498146FCF71DF90623C1
:1003B000A9F814300BF10803C9F8183009F120032B
:1003C000C9E90833B34BC9F80030A9F81C70C9F863
:1003D000287089F82C70C9F82D70C9F83170C9F8E7
:1003E0003870902003F06CFEAB498146FCF7FCF8B6
:1003F0004E23A9F81430A94BC9F8003009F1200B9D
:10040000A74BC9F818305846A649A9F81C70FBF745
:10041000D5F8A54BC9F800303C333822C9F8203054
:100420003946C9E9147789F84D7009F1580003F08D
:10043000B8FC89F808805846E0F707FA9B4B74200F
:10044000C3F8009003F03CFE99498146FCF7CCF8D4
:100450000423A9F81430974BC9F80030964BC9F81B
:10046000183009F120009549A9F81C700390FBF79A
:10047000A5F8934B934AC9F800303C33C9F82030B3
:1004800009F16003C9E91973C9E91B3713780398A7
:10049000A9F8587003EB0801117047F2305B43F67E
:1004A000982101FB03B1C9E9147789F8607089F8D4
:1004B0000880E4F7A9FD844B2420C3F8009003F0E2
:1004C000FFFD82498146FCF78FF80823A9F8143014
:1004D00009F11803C9E906337D4BC9F80030C9F8A2
:1004E0002070F02003F0ECFD7A498146FCF77CF89F
:1004F00009F118034846C9E90633774BA9F8148077
:10050000C822C9F82070394640F8243B03F049FC62
:10051000724BC9F8EC70A020C3F8009003F0D0FD36
:100520006F498146FCF760F86E4AC9F800206E4AB0
:10053000C9F81820462309F12002A9F81430C9E9A6
:1005400008226A49A9F81C7009F12C00C9F8287022
:10055000FBF734F8664AC9F800203C32C9F82C2071
:1005600042F21072C9E91A22624989F85970C9E940
:100570001777C9F864B009F17000F8F79FFC5D497E
:1005800009F17C00F8F79AFC4623A9F8143096F894
:10059000E631C9F89070C9E9227789F89470C9F8F2
:1005A000987089F89C7089F80880C4F80C90002B2A
:1005B00000F0B28096F8E831002B00F0AD807C208E
:1005C00003F07EFD4C498146FCF70EF84B4AC9F812
:1005D000002047234A4A4B49A9F8143009F1200B5F
:1005E000C9F818205846A9F81C70FAF7E7FF464AE0
:1005F000C9F800203C32C9F8202009F15402C9E9A9
:100600001522424ADAF80010C9F85020404AC9F8C9
:100610005C704723A9F81430C9E91927C9E91B7789
:10062000C9E91D77C9F86090283109F15000EFF74A
:1006300061FD96F8E831002B00F065862B79D6F83D
:10064000EC2189F80880022B00F056860B2B4AF625
:10065000C00318BF4FF461634FF47A71002A00F0B1
:100660004F8651435846E4F7CFFC2A4BC3F800901D
:1006700052E000BF301D0020889D020888720208E9
:1006800039DA00085C720208DC4A0020E01C002015
:10069000989D0208446802089E9D0208A469020809
:1006A000F4670208AB9D02081C710208C04A0020D2
:1006B000B79D020804750208445D0208C09D020847
:1006C000A0740208B04A0020A44A0020C99D020874
:1006D00058740208B89F020828740208FC1C002005
:1006E000D29D0208F477020880740208DD9D02089A
:1006F000907702083B9B0208E89D020814730208E9
:1007000068720208F59D0208B07202084872020879
:10071000EFD90008B44A002096F8FA31DFF8F482E5
:10072000EBB196F8FC31D3B1502003F0C9FCBA49C3
:100730000746FBF759FF0A23BB82B849C7F8008078
:1007400007F11800FAF73AFFB54B3B603433BB6151
:10075000012387F845300023BB6487F84C30A02084
:1007600003F0AEFCAF49DFF8C0B20746FBF73CFF31
:10077000AE4BBB61AE4B3B604FF000090023002243
:10078000C7E90823C7E90A99A7F81C90C7F8309071
:1007900087F834902022494607F1350003F001FB29
:1007A0002022494607F1550003F0FBFA282249466A
:1007B00007F1750003F0F5FA0C23BB82802003F0EB
:1007C0007FFC9C490746FAF7F9FE9A4907F1300089
:1007D000FBF70AFF4323A7F84430974BBB64974BC2
:1007E0003B6034333B6307F15403C7E91533944B43
:1007F0003B65944B7B6660214EF66023C7E91A1374
:10080000914BA7F84C90C7E91C39DBF80030FB6727
:100810008E4BC7F85C9019683F66283107F150008D
:10082000C7F87890EFF766FC894A1378591C117065
:1008300047F2305243F6982101FB03213846E4F792
:10084000E3FB96F8D83053B396F8DC303BB395F819
:100850009C31032B23D04FF4336003F031FC7D49EE
:100860000546F8F7B4FB7C4905F52A60FAF7A6FEC1
:100870007A4B2B604033C5F8A03A012385F8CD3A76
:10088000DBF80030C5F8D03AC5F8D49A562249466C
:1008900005F6D82003F085FA032385F88436702006
:1008A00003F00EFC05466E49FBF79EFE0127C5F8D6
:1008B000008005F118086B49AF824046FAF77EFECA
:1008C000694B6A4A2B603433AB61AA6405F14C036F
:1008D000674AAD65C5E913330023C5E91723C5E9A8
:1008E00019376B65A5F86C3096F8F830002B00F0DE
:1008F0000F85604F604B61480097E722E921FAF7C6
:1009000039FD012804D05E49E722384604F097F803
:10091000D6F80001686610B10121FCF739FB00220E
:1009200028461146ECF76AFD564F96F808014FF03D
:100930000008C7F8008048B10121FCF729FB4246B6
:1009400001212846ECF75AFDC7F8048096F8090102
:1009500090B14D4B93F85D3003F0FD03012B0BD0AC
:1009600096F8076146B90121FCF712FB32460221D5
:100970002846ECF743FDBE60202003F0A1FB43496D
:100980000546FBF731FE0523AB82414BAB610023EB
:10099000AB83404B2B60404B1D60404B1B689A7FE4
:1009A00001262E72AE72D2B1DF7FC7B93C48E4F7A0
:1009B0008DFC1E230546037339460220E4F744FBF1
:1009C0003849A86005F10D0003F08AFA364B186823
:1009D000036829465B689847304B1B68DE77002523
:1009E0002C20149503F06CFB0123C0E90235036150
:1009F00004220323C0E90523D4F8843245600BB9EF
:100A0000C4F88402294BC361294B03620026294B99
:100A1000036051E014680208029E02080C9E02085E
:100A2000EC6802081C9E020878030020C06D0208D2
:100A3000807102082C9E020828760208847302083E
:100A400034720208A9D90008A0BB0D00D84A0020C2
:100A5000B04A0020E44A00203C9E0208C875020803
:100A6000439E02085E9E020848690208B8710208A7
:100A700095D4000890400020DC670208B692020876
:100A8000739E0208C84A002080030020DB9E0208F3
:100A900014810208887B0208383D0020141D0020C4
:100AA0002011002056A00208301D002050520020C6
:100AB00000093D00608702084FF00108A0F824807B
:100AC00080F828604FF4407003F0FAFA0346D14AE8
:100AD00043F8082BD04A0661C0E90233CF4B43608C
:100AE000C0E90626036200F12402C363CC4B4061D7
:100AF000C0E90922CB4AC662C0E91436CA4BC365B5
:100B0000C0E90D26C94B036600F140024FF004090D
:100B1000C0E9102200638664C06480F8586080F8E1
:100B2000649005464FF0A50AE7F794FD41F294134F
:100B3000C5E91CA340F603031027A5F8783011235C
:100B4000BB49A866A5F86C7085F8883105F5CA70B0
:100B5000C5E91F66FAF732FD42F60133A5F8D83130
:100B6000B44BC5F8DC31C5E97167C5E97366C5F8F2
:100B7000D4612C2003F0A4FA03238361D4F88432D7
:100B8000C0F81490C0E90168C0E9036807460BB9D2
:100B9000C4F88402DFF8A082A84BFB6108F1600E64
:100BA000A74B3B62BEE80F0005F5F27CACE80F00F6
:100BB0009EE807001C238CE807001A22C5E9802361
:100BC0001D211B2308F17C0EC5E98213BEE80F002E
:100BD00005F5047CACE80F000026DEF8003087F84D
:100BE00028604FF00109A7F82490C7F80080CCF8DE
:100BF000003005F51573C5F82832924BC5F8483218
:100C0000914B92481D60924BC5F84C320023C5F8B9
:100C10005032C5F89432C5F8A832C5F8C4328D4BAD
:100C2000C5F82462032285F89822C5E98C66C5E9D7
:100C30008E66C5E9AC66C5F8E07185F82C62A5F84A
:100C40004062C5F8446285F89062C5F8A06285F8F4
:100C5000A462A5F8A662C5F8B862A5F8BC6285F8DA
:100C6000BE62A5F8C062C5F8C86285F8CC62C5F856
:100C7000D06285F8AC9285F8D462C5E9B703764BAB
:100C8000C5F85832FF23C5F85C3205F5F073C5E9A5
:100C9000B966C5E9BC66C5F8D862A5F8EC62C5F8C6
:100CA000F862C5F89C32A5F8886285F88A62042348
:100CB0000226C5E99963082710234FF0200CC5E9E7
:100CC0009B734023C5E99DC34FF0800E4FF48073A2
:100CD000C5E99FE34FF40073C5F884325F4BC5F854
:100CE0008C3208F19803C5F854325D4B2B60843385
:100CF0002946C5F8943114A8C5F86092E4F7F4FACF
:100D0000149803685B6A9847014610B914A8E4F781
:100D1000EBFADFF850A1149E9AF8B8310D2B16D1DA
:100D2000AEB133683046DB68984780B98AF8B801BD
:100D30000120FBF723F9336830469B6A984730B9A6
:100D4000DBF80030484A03F59C53083313604FF436
:100D5000D47003F0B5F945490546FAF72FFC28464B
:100D6000434B40F8303B1822002103F01AF8F022E0
:100D7000002105F1480003F014F80123A5F83831EB
:100D800041F628130027A5F84031322385F8423177
:100D900085F83A71C5F83C716422394605F5A270B0
:100DA00002F0FFFF334B1D6056B1334B14991868A6
:100DB000149768302B97E4F797FA2BA8FBF777FC8A
:100DC0002E4E9AF804300393D6F8EC302C4DDFF811
:100DD000B4902D481C22534303F10C018A1975501D
:100DE0000021C2E902113344C2F80490106140F6B8
:100DF000B83219625A62D6F8EC300133C6F8EC30DA
:100E00000222224BA5F5B67105F11000F7F7E1FDBE
:100E10003EE000BF905102080F6C0008F463020826
:100E20001B6C0008FF6B00080000FA420905000275
:100E3000E39E02080000C842C8870208C0180020CC
:100E40000024F400EB9E02088C40002001060312EF
:100E500000000C43AD101B000024743FF99E0208F3
:100E6000F466020880030020D03D0020009F0208A5
:100E7000F8650208AC1B0020341D0020CC1B0020AC
:100E8000D8520020C01C0020089F0208159F0208AD
:100E90000399D14BA5F5BE77A5F5B678022914BF05
:100EA00041463946042205F11000F7F792FDCB4B7D
:100EB000042239463846F7F78CFDC94B012205F16B
:100EC000200105F11000F7F784FDC54B012205F163
:100ED00020013846F7F77DFD4946C14B01224046C7
:100EE000F7F777FD49464846BD4B0122F7F771FDFC
:100EF00005F120010846BA4B0122F7F76AFDB9490E
:100F0000B74B08460122F7F764FDB74B0A2205F1FB
:100F100030012846F7F75DFDB34B0A2205F1300199
:100F200005F11000F7F755FDAF4B0A2205F130012E
:100F30003846F7F74EFDAC4B0A2205F1300140462A
:100F4000F7F747FDA84B0A2205F1300105F1200013
:100F5000F7F73FFDA44BA3480A2205F13001F7F74C
:100F600038FDA24B102205F140012846F7F731FD6C
:100F70001022A8189D4B05F14001F7F72AFD9B4B65
:100F8000102205F140013846F7F723FD974B102258
:100F900005F140014046F7F71CFD944B102205F186
:100FA000400105F12000F7F714FD904B8D48102209
:100FB00005F14001F7F70DFD8D4B112205F12001E0
:100FC00005F11000F7F705FD894B112205F120010D
:100FD0003846F7F7FEFC864B112205F1200140460A
:100FE000F7F7F7FC05F120010846814B1122F7F7CE
:100FF000F0FC494648467E4B1122F7F7EAFC7D4B50
:10100000072205F120014046F7F7E3FC05F1200136
:10101000784B07220846F7F7DCFC039B022B05F10F
:1010200020091ED0744B042241463846F7F7D1FC04
:10103000724B0522494605F11000F7F7CAFC6F4BC9
:10104000052249463846F7F7C4FC6C4B0522494651
:101050004046F7F7BEFC694B052249464846F7F77C
:10106000B8FC674B5F4967480B22F7F7B2FC644B4B
:101070005C4965480B22F7F7ACFC614B5949634862
:101080000B22F7F7A6FC5E4B564961480B22F7F797
:10109000A0FC5B4B53495F480B22F7F79AFC5E4B71
:1010A0005C4958480D22F7F794FC5B4B5949564868
:1010B0000D22F7F78EFC584B564954480D22F7F78E
:1010C00088FC554B534952480D22F7F782FC534B8D
:1010D0004F4950480E22F7F77CFC514B4C49414890
:1010E0000C22F7F776FC49494E4B08460922F7F7E0
:1010F00070FC9AF80400DAF88C11022800F00D81D7
:101100000B2814BF4FF4167301234FF47A7C002987
:1011100000F005810CFB01FCD6F8EC20424F1C23AB
:101120005A4302F10C0506EB050E4FF0000846F895
:101130000590CEE90288354DCEF80450CEF81070F7
:101140003244C2E9088CD6F8EC20013253430C3308
:101150000228C6F8EC2006EB030C00F0E3800B2815
:1011600014BF4FF416784FF001084FF47A7E00292F
:1011700000F0DB800EFB01FEDFF8988046F803806C
:10118000294BCCF810304FF00008CCE90288CCF89D
:101190000450DFF898C01C2303FB02C2C2E9088E8A
:1011A000DCF8EC20013203FB02FE0EF10C030228F6
:1011B000CCF8EC2003EB0C0E00F0BA800B2814BF27
:1011C0004FF416784FF001084FF47A70002900F0C0
:1011D000B28048432CE000BF209F0208459F0208D0
:1011E000699F0208D01C00206F9F0208769F0208AA
:1011F0007F9F02088C9F02089E9F0208AF9F0208F3
:10120000BD9F0208E85200205C5100206C51002074
:10121000F8520020C01C0020C89F0208D69F020878
:10122000E99F0208FB9F02080EA00208CC1B0020C9
:1012300000214CF80350CEE902111C23CEF80450D3
:10124000CEF8107003FB0263C3E90810D6F8EC3047
:10125000DFF838820133C6F8EC30F9F7B1FA302004
:1012600002F02EFF8A490546FAF7A8F9894B2B6050
:10127000894B1868FBF7CCFA14A8FBF718FA4FF063
:1012800000094FF0000388F80030844B1B68002BE6
:1012900054D0DBF80020934250D28148F9F7EEFA9F
:1012A000BFF34F8F7F49804BCA6802F4E06213435B
:1012B000CB60BFF34F8F00BFFDE77C4B1A79022A4A
:1012C00017D00B2A4AF6C00118BF4FF461619A6E1D
:1012D00012B18A4238BF0A469A66D3F8882022B1F2
:1012E000B2F5967F38BF4FF49672C3F88820FEF7A8
:1012F00029BE4AF6C001EAE74AF6C003FFF7ACB9D7
:101300005943FFF7AFB95846DFF79FFAFFF7ADB97A
:101310004046DFF79AFAFFF72FBB0123F5E60CFBF7
:1013200003FCF9E64FF001081FE70EFB08FE23E778
:101330004FF0010848E700FB08F079E75C4B1A68BA
:1013400042B1DBF800108A4204D200221F201A604A
:10135000FAF714FE574D286808B3DBF80030D4F8CC
:10136000E4229B1AB3F57A7F08D3DBF80030C4F887
:10137000E43290F82C320BB1E7F72AFBD4F8E822DC
:10138000DBF800309B1A4EF65F22934207D928689B
:10139000DBF80030C4F8E83203681B6D9847464B11
:1013A0001D6895F8F56086B9444B2BA81968E7F7D6
:1013B00019FC9DF8AD2095F8F5309A4205D03346DA
:1013C00032462BA92846FBF73BF8D5E93F138B4261
:1013D00008D005F58470E4F7A4F918B9D5F8FC3005
:1013E000C5F80031636B03B19847DBF80030344F28
:1013F0000393C4F8F0906FF000464FF0000AD4F861
:10140000EC20524517DD57F8045F8DB12A68039927
:1014100052682846904700280AF1010A2DDC2A6804
:101420002846926890476A7D12B9C4F8F050164673
:10143000244B9F42E3D12448E3F7C4FD98F80030E1
:1014400033B9E3F741FF18B116B13046F7F7D0FED4
:101450001E4B2BB11E48F7F747F908B1AFF30080D8
:101460001C4B002B3FF40DAF1B48F7F73DF900284C
:101470003FF405AFAFF3008001E7B042D8DA6A7DF0
:10148000002AD5D1C4F8F0500646D1E7B41B00209D
:1014900020A00208D0650208141D0020D03D0020C5
:1014A0002853002000ED00E00400FA05800300202E
:1014B0007C0300208C400020301D0020341D0020C3
:1014C0009850002038510020745000200000000087
:1014D000E44A002000000000400700202DE9F84FFA
:1014E000D64BDFF85CB3DFF85C83D74C0122C3E94D
:1014F0001EB218466422002102F053FC4FF0FF3563
:10150000D24A4266C0E91A55C0E91C558030FBF743
:1015100069FCCF4B16261720C3E97D6003F111004B
:1015200000274FF47A7A08F6DC02C3F8080203F2C7
:101530001110A3F81472C3E9017AC3E98307A3F871
:101540001672C3E97F551A60C24B1A6003F111028B
:101550004FF00209C3F80822032103F21112C3E974
:10156000017AC3E97D91C3E98327A3F81472C3E923
:101570007F55A3F81672B84B4FF40052C3E92027E9
:10158000B64AC3F88820A3F89C70B54BC4E9BB7772
:10159000C4E9BD77C4E9BF771F705F70B14BC4F871
:1015A00078B208200122C4F87C22C3E9000739463A
:1015B000682204F50070C3E902771F824FF0060B22
:1015C00002F0EFFB0723C4E99AB30523C4E99C3575
:1015D00004F5727008F60813C4F80433C4E9C27A3B
:1015E000FBF700FC04F57670FBF7FCFB9C231A4626
:1015F000394604F54B7002F0D4FB9B4DC4F82073C0
:101600000B230C22C4E9E23219222A6108F1B0024C
:10161000C5E9077AAA61DFF854A2A4F82473394611
:10162000802205F59C70C4F81473A4F81873C5E9FA
:101630000C77AF60AF81AF73AF82C5F828A085F893
:101640002C7085F8387085F83771C5E9005502F0BF
:10165000A8FB3946882205F5DC7002F0A2FB844A1B
:10166000C4F8E0729760C2E90022824A824D976016
:10167000C2E9002204F53672C4E9B6223946442292
:101680000AF10C0002F08DFB7C4A7D48CAF8082064
:101690007C4ACAF8002008F63412C4E9FA27021F6F
:1016A0008AF80470FBF768FB1561774DD5605260CE
:1016B000764A774D40F8042C764A2846C2E90177ED
:1016C000D7602A1FFBF758FB734810617348D0603E
:1016D0005260734A45F8042C05F1100039464FF466
:1016E000FB5202F05EFB4FF0100A05F5FB5052462C
:1016F0003946504402F055FB6A486B4A051FFBF718
:101700003BFB2A61694AEA604FF02008684A40F8CA
:10171000042C3946424650446D6002F042FB654855
:101720006F63051F644AFBF727FB2A61634AEA607F
:10173000634A40F8042C39464FF4F06214306D606F
:1017400002F02FFB9C231846C5F8987702F0B8FCEE
:101750005C4B0546424640F8043B394602F021FB0B
:101760006F625246394605F1280002F01AFB3946ED
:10177000212205F1380002F014FB4246394605F1FA
:10178000590002F00EFB4246394605F1790002F09D
:1017900008FB4D484D4B20F8027B524639461D60F0
:1017A00002F0FFFA5C2002F08BFCFBF713F8034613
:1017B000474A43F8382BC0E90E33464B4363464B48
:1017C0000764C0E912374FF40073A0F85830434B58
:1017D00080F85090012242621860476580F85A9064
:1017E0004064CC2002F06CFCFAF7F4FF03463C4A5C
:1017F00043F8382BC0E90E333A4B43633A4B076446
:101800000546C0E9123774223946A0F8507080F8B6
:1018100052704064543002F0C4FAC5F8C870C5F87C
:101820002490582002F04CFCFAF7D4FF03462F4ACC
:1018300043F8382BC0E90E335AE000BFC01800202F
:1018400000093D008480020850500020000001582B
:10185000E44A002040070020780F002080EE360088
:101860004C50002038500020D4440020483D002037
:1018700018470020244700200F6D00084002002078
:10188000EC1C0020787B0208DF750008D471020888
:10189000B41D0020181D0020490900085309000844
:1018A000A86302089C3D0020730900087D09000818
:1018B000C0630208241100207F090008890900087C
:1018C000D8630208F44C0208001D00201810002004
:1018D000D44B0208E44B0208DD0B0008E01C00209A
:1018E000F84B0208A8650208950C0008084C02088D
:1018F0008D4B43638D4B0764C0E912378C4B0765F2
:10190000032141621860A0F8547080F8567040645A
:101910006C2002F0D5FBFAF75DFF0346854A43F8D9
:10192000382BC0E90E33844B4363844B94F8F02387
:101930000764C0E9123700F15C03C0E915370423DE
:1019400043627F4B07651860B4F8F033A4F8F830B1
:1019500094F8F13384F8F43380F85C7004F20C43AB
:10196000406404F1240084F8F323C4F8043484F8B8
:10197000F273C4F80074C4F8087484F80C74C4F8E2
:101980001C7484F8F07384F8F173C4E9FE77FDF7F2
:10199000E1FC04F59670FDF7DDFC6A4B6A4AC4F879
:1019A000D072C4E9B237694BC4F8D432684BC4F87A
:1019B0002034684BC4F82C34C4E9B073664BC4F8C7
:1019C0009832664BC4F89C32654BC4F8A032654B24
:1019D000C4F8A432644BC4F82474C4E94337634B9D
:1019E000C4F81831624BC4F82874C4E94737614B16
:1019F000C4F82831C4E9AE275F4B604AC4F890723E
:101A0000C3E900275E4A9A605E4ADA605E4BC4F81A
:101A10001471C4E9A2375D4BC4F894325C4BC4F82E
:101A20002471C4F8A8325B4B5B4AC4E9AB375B4B0B
:101A3000C4F8B4325A4B1A605A4A5A605A4A9A60E9
:101A40005A4ADA605A4A5B4B104604F5227400F891
:101A500004BBC3E900479F60C3F8EC7083F8F070E3
:101A6000FDF7A6FC4FF0070302F118001375FDF710
:101A70009FFC4FF0080302F12C0082F82830FDF79C
:101A800097FC092302F1400082F83C30FDF790FCFE
:101A90000A2302F1540082F85030FDF789FC02F16C
:101AA000680082F86460FDF783FC02F17C0082F834
:101AB0007860FDF77DFC02F1900082F88C60FDF704
:101AC00077FC02F1A40082F8A060FDF771FC02F13E
:101AD000B800292182F8B460FDF76AFC02F1CC005D
:101AE00082F8C810FDF764FC02F1E00082F8DC1017
:101AF000FDF75EFC02F1F40082F8F010FDF758FCEF
:101B000002F5847082F80411FDF752FC02F58E7024
:101B100082F81811FDF74CFC82F82C11BDE8F84F43
:101B200002F59870FDF744BC946502084D0C00085E
:101B3000D84A0020E44C0208BC650208F7510008AE
:101B4000DC4A0020930600086553000829A002081B
:101B50005D53000832A00208A1060008A50600088F
:101B6000A706000836A00208A906000839A0020846
:101B7000AD0600083CA00208D01C0020AF060008FB
:101B8000B106000841A00208B706000848A00208F4
:101B9000B5060008410D0008AB0600084DA002087C
:101BA000C01C0020A3060008B306000850A00208CD
:101BB00050190020CC1B002070B5744CA4F5A07502
:101BC000143C201DE1F7BAFEAC42F9D1704B714CC8
:101BD000586802F07DFA04F5A470F7F74AF904F1A9
:101BE0004000F7F746F9D4F81C04002840F09C8028
:101BF000694800F0F9FFD4E9FE56AE4240F0998002
:101C0000D4F8F80308B102F063FA6448644DE1F7D0
:101C10009EFE6448E1F7AFFE6348E1F7C0FE63480B
:101C2000FAF7DCF86248E5F7DCFC6248E3F7D2FB40
:101C30006148E3F7CFFB6148E3F7CCFB2868A84293
:101C40007CD15F4B94F99003C4F80433E0F72EFC89
:101C500094F99103E0F72AFCD4F83023D4F88C03EC
:101C6000242384F87133136823F0010313600321E4
:101C70000023C4F8743384F8703384F87133C4F8E3
:101C8000603384F87233E2F78DF8D4F888030321C7
:101C9000E2F788F8D4F82C334A4A934253D14FF0F4
:101CA000B0439A6B42F400129A639A6B22F40012CA
:101CB0009A639A6D22F400129A65D4F8200320B139
:101CC00002F006FA0023C4F82033D4F814030025E8
:101CD000A4F8245318B102F0FBF9C4F814530023FC
:101CE0003948A4F81833E1F729FE3848E1F726FE11
:101CF000D4F8F80208B102F0EBF9D4F8FC0208B10C
:101D000002F0E6F9D4F8000308B102F0E1F9304836
:101D10004021F6F761FA2F484021F6F75DFABDE859
:101D200070402D48E1F70ABE056802F0D1F9284657
:101D30005BE7284600F058FF18355EE7066802F0BA
:101D4000C7F930467BE7254A93420DD14FF0B043A7
:101D50009A6B42F480029A639A6B22F480029A632F
:101D60009A6D22F48002A7E71D4A9342A5D14FF055
:101D7000B0439A6B42F400029A639A6B22F4000219
:101D80009A639A6D22F4000296E700BF901A002031
:101D9000CC1B002050500020545400202011002063
:101DA000D4440020983D0020B01D00201C1D0020C0
:101DB000E81C00202853002024470020184700205A
:101DC0008C89020800540040285400201854002038
:101DD000780F0020B80F0020401900200058004064
:101DE000005C00400D488546E2F786F80C480D4936
:101DF0000D4A002302E0D458C4500433C4188C4266
:101E0000F9D30A4A0A4C002301E013600432A242CB
:101E1000FBD302F037F8FDF7D1FAFEE7000001200E
:101E2000000000207803002008AB0208780300209F
:101E300064580020FEE7904210B509D054684B6802
:101E400020601A60436819604460486850604B60C5
:101E500010BD4B680160436018604860704742687D
:101E6000511E012A416002D103685B681847704720
:101E700038B543680446B3B96068B0B9E36813BBCA
:101E8000E06810BB23691BBB206958BB204638BDE6
:101E900052F8250008B1FFF7E2FF0135D4E901232C
:101EA000AB42F5D8E8E70025F8E7E1F7C5FEE5E73E
:101EB00052F8250008B1FFF7D2FF0135D4E902320C
:101EC000AB42F5D8DCE70025F8E7E1F7B5FED9E746
:101ED00000252369585908B1E1F7AEFE0435182DE5
:101EE000F7D1D1E7E1F7A8FED0E703685A1E012B2E
:101EF00010B50446026006D1FFF7BAFF2046BDE8E0
:101F00001040E1F797BE10BD054B10B51B680446A5
:101F10000068984201D0FFF7E8FF204610BD00BFDF
:101F20009C540020C3689A68C26010B502B150602A
:101F300042685A600C68844203D10B609860436029
:101F400010BD916881420CBF9360D360F6E783684F
:101F5000DA68826010B502B1506042685A600C685D
:101F6000844203D10B60D860436010BDD1688142C8
:101F70000CBFD3609360F6E7C36823B118469B6833
:101F8000002BFBD170474368DA68824204D0C268F4
:101F9000934218BF1846704718465B68F4E702780A
:101FA00003462AB942685268824201D1D06870471C
:101FB0009A6822B11046D268002AFBD1704758684F
:101FC00082689A4200D0704703464068F8E7FFF7FE
:101FD000D3BFFFF7E4BF2DE9F8431D461F1D0023C3
:101FE000C1E902330C464A600B70A0B19542916082
:101FF00002D16960EC6003E0AB68934208BFA9605E
:102000004FF000094FF001086B68A34232D1012262
:102010001A70BDE8F883D160EB689342F0D1E9E72C
:10202000C368A34203D13946FFF77CFF04466368C7
:10203000394683F80080304686F80090FFF787FF26
:10204000E2E733B11A7822B980F8008083F8008083
:1020500021E08368A34203D13946FFF778FF0446A5
:102060006368394683F80080304686F80090FFF7B1
:1020700059FFC9E760680278002AC8D14668B3688A
:102080008342DED1F268002ACAD011780029C7D174
:1020900001211970117086F800903446B4E72DE9DB
:1020A000F8430F46D0E902120546002938D01AB984
:1020B00044680E46746037E0104603468068002886
:1020C000FBD1AB42DE682CD09A424B6099601ED0A7
:1020D0005C6806B1746059688E60DA60EA685360C3
:1020E0007A68AA4215D17B606A6829785A601A78A2
:1020F00019702A702B783BB17B68B34207F1040852
:102100007ED1002E40F0A1802846BDE8F8831C4611
:10211000E6E76A689168A9420CBF9360D360E3E781
:1021200016466C68002EC5D17B68AB420FD17E602D
:10213000BB68AB4203D1EB6883B96B68BB60FB68DB
:10214000AB42D7D1AB6883B96B68FB60D2E76B68F1
:102150009A68AA420CBF9E60DE60E9E733461A46E1
:102160009B68002BFBD1BA60E9E733461A46DB686F
:10217000002BFBD1FA60BDE713B11B78012B07D10F
:1021800001231370002303704146FFF7E0FEE0686F
:1021900023780370C3680122227003B11A7041468C
:1021A0002046FFF7BFFEACE703783BB9012202707F
:1021B000414620462370FFF7CAFEA068D0E90232EC
:1021C00012B11178012903D1A3B31978012931D0B3
:1021D00013B11B78012B07D1012313700023037067
:1021E0004146FFF79FFEA0682378037083680122B1
:1021F000227003B11A7041462046FFF7A8FE80E71F
:1022000006BBA068B042A146CED1E06803783BB9D6
:1022100001220270414620462370FFF783FEE068EA
:10222000D0E9022312B111780129A5D113B119788F
:102230000129A1D1002303707B68646899454E464B
:102240003FF45FAF3378012BDBD0012333705BE7C2
:10225000012A30B403D10B78037030BC7047002AD8
:10226000FBD030BC01F044BE08B5521AFFF7F0FFB6
:1022700008BD0000044B984204D000238360016035
:1022800008440373704700BFA0540020134A9042D3
:1022900010B5044602D9124800F0B1F8884207D8B8
:1022A00004F10D00E1F7C2FC00224460826010BD21
:1022B0004B00984238BF1C4604F11D03B3F5805F04
:1022C00004F10D00EED98C42ECD904F58054C3F32F
:1022D0000B03E41A944228BF1446E1E7FCFFFF3FDA
:1022E00086A00208184B1A68D1075CBF01221A6049
:1022F000164B1A68D2075CBF01221A60144B1A6889
:10230000D0075CBF01221A60124B1A68D1075CBF6C
:1023100001221A60104B1A68D2075CBF01221A60B2
:102320000E4B1A68D0075CBF01221A600C4B1A686A
:10233000D1075CBF01221A600A4B1A68D2075CBF42
:1023400001221A60704700BFCC540020C8540020FE
:10235000C4540020C0540020BC540020B8540020B5
:10236000B4540020B0540020184B1A68D1075CBF49
:1023700001221A60164B1A68D2075CBF01221A604C
:10238000144B1A68D0075CBF01221A60124B1A68FE
:10239000D1075CBF01221A60104B1A68D2075CBFDC
:1023A00001221A600E4B1A68D0075CBF01221A6026
:1023B0000C4B1A68D1075CBF01221A600A4B1A68DD
:1023C000D2075CBF01221A60704700BFEC540020A6
:1023D000E8540020E4540020E0540020DC540020A5
:1023E000D8540020D4540020D054002008B501F067
:1023F00079FB08B501F076FB08B501F073FB08B571
:1024000001F070FB0FB408B501F06CFB08B501F0EA
:1024100069FB00000D29F8B505462BD891B31A4B7E
:102420005C5C2046FBF760F9064628680F46FBF720
:102430006DF902460B4630463946FBF7BFF901F00D
:1024400023FAFBF755FC68602046F8BD581002EBF4
:10245000800452F820608E420FD21B1A221D013BCD
:10246000002BF3DC094B14689A4208D02046FBF796
:102470002BF9D9E7064AF923F2E70346F0E74FF0D4
:10248000FF30E0E70124DFE79EA00208A8A40208CD
:10249000C4A002082DE9F34792460A9A03EB02080A
:1024A0004B68984504460D4643D923B9B8F10B0F44
:1024B00038BF4FF00B082868FBF728F906460F468F
:1024C0004046FBF701F932463B46FBF7A1FA80464E
:1024D00050468946FBF7F8F802460B46CDE9002343
:1024E00042464B46FBF7E6FBC0B14046494601F089
:1024F000CBF9124B0022FAF7ABFFFBF7F9FB4FEADF
:102500004A01814238BF01462846FFF783FF012375
:1025100023706060204602B0BDE8F087DDE900234B
:1025200030463946FBF74AF901F0AEF9FBF7E0FB1C
:1025300068600023C4E90033ECE700BF0000F03F0F
:10254000244B1A68D0075CBF01221A60224B1A681C
:10255000D1075CBF01221A60204B1A68D2075CBF0A
:1025600001221A601E4B1A68D0075CBF01221A6054
:102570001C4B1A68D1075CBF01221A601A4B1A68FB
:10258000D2075CBF01221A60184B1A68D0075CBFE3
:1025900001221A60164B1A68D1075CBF01221A602B
:1025A000144B1A68D2075CBF01221A60124B1A68DA
:1025B000D0075CBF01221A60104B1A68D1075CBFBC
:1025C00001221A600E4B1A68D2075CBF01221A6002
:1025D000704700BF1C5500201855002014550020DE
:1025E000105500200C5500200855002004550020EF
:1025F00000550020FC540020F8540020F454002022
:10260000F054002002460846D2E901138B4230B54F
:1026100015D9451C0FD013F8015C146AC1B28D4264
:1026200002D1013B936030BDE40608D55C1E946086
:1026300003F8011CF7E7013B93600020F3E74FF03C
:10264000FF30F0E743694BB1C2680AB19A4205D244
:10265000026AC360120758BFC0E901337047036ABA
:102660001B0710B5044605D5FFF7ECFFD4E902308F
:10267000C01A10BD4FF0FF30FBE7036A1B0710B50F
:10268000044602D44FF0FF3010BDFFF7DBFFD4E962
:1026900002329342F6D21878F6E7000070B5DDE911
:1026A0000434C0E90411094982616FF00045B3F1B7
:1026B000004F74F10006426902DA1A44426170BDAB
:1026C0002A445B18426164F10004F0E701000080D5
:1026D0002DE9F04F0D4685B014461E464FF0FF32EF
:1026E0004FF0FF33C0E90023DDE90E710023C0E99C
:1026F00002332B6A0B408046C3F3001B03F010002B
:1027000013F008034FEAD10213D182F0010202EA6A
:102710000B0B0293D5F81090B9F1000F02D154EAD7
:10272000060319D1BBF1000F01D1029BA3B1002216
:1027300019E0A8B17B1E18BF0123029382F00102A9
:10274000CB0602EA0B0BE5D4D5F80490B9F1000FE3
:1027500008D154EA060305D0404605B0BDE8F08F25
:102760000290EBE7012228460392FFF76BFF012F4F
:10277000039A27D1AB686F69A3EB09031919A7EB7B
:10278000090746EBE37317EB040A46EBE7770C46C1
:102790001E468ABB029B03BBBBF1000FDCD0002F9F
:1027A000DADBEB68A3EB0903DA175345BA41D3DB55
:1027B000CDE900A72846AA692969FFF76FFFC8E994
:1027C00000A7C9E7022F05D1EB68A3EB09031C1989
:1027D00046EBE376A2463746DBE7002EDFDBEB680D
:1027E000A3EB0903DA17A342B241D8DB6B68234499
:1027F000C8E90046AB6008E0002E06DBEB68A3EBFF
:102800000903DA17A342B241F0DABBF1000FC6D1D7
:10281000029B002BC3D19FE782B02DE9F3470C4602
:102820000AA981E80C00164698464FF0FF324FF097
:10283000FF33C0E900230023C0E90233226A0E9B64
:10284000134013F00807054603F010090DD0D4F823
:1028500004A0BAF1000F35D156EA080317D0284674
:1028600002B0BDE8F04702B07047D4F810A0BAF14A
:10287000000F24D156EA0803F1D1B9F1000FEED0D0
:102880002046FFF7DFFEE368002B09DAE7E7204682
:10289000FFF7D8FEE368002BE1DB63683344A360F5
:1028A000B9F1000F06D0CDE900682046A269216980
:1028B000FFF7F4FE0AAB0FCB85E80F00CFE7B9F1C5
:1028C000000FCCD02046FFF7BDFEB8F1000FC6DBED
:1028D000E368A3EB0A03DA17B34272EB0802BEDB2C
:1028E000002FDAD1DCE72DE9F347856A04469A46E2
:1028F000036A243017460E460D4403F0080803F01F
:10290000100900F0B4F9626A964217BFED19321847
:102910002A460027B8F1000F03D03744C4E90275F6
:102920006660B9F1000F0DD00023CDF800A001932F
:1029300031462046FFF7B2FEB8F1000F02D1C4E9DC
:102940000155E56002B0BDE8F08738B5044639B1FD
:10295000002A05DB456A002383622B70FFF7C3FF63
:10296000204638BD2DE9F041036A0D46D90688B0EE
:1029700004466AD56A1C66D000F12407384600F088
:1029800076F9D4E90413A269561A864220D25B1A5A
:10299000666ADA17CDE90032314632182046FFF771
:1029A0007DFE236A1B070AD5D4E901135B1AF218CE
:1029B000E3685B1A0133C4E901623344E36063698D
:1029C0001D70636901336361284608B0BDE8F0817A
:1029D0009A42F5D86FF04043984236D04100994270
:1029E00028BF1946B1F5007F04AA4FF0000638BF92
:1029F0004FF4007102A8029203968DF8106000F067
:102A000077F923695FFA85F83BB1A269D21A00927F
:102A10003146039A02A800F09FF9414602A800F04F
:102A200082F902A9384600F04FFAD4E90430D4E91B
:102A30000121C31A8A1A2046616AFFF754FF02A8CF
:102A400000F0D2F8BDE70025BEE74FF0FF35BBE749
:102A50007047704730B500224FF0FF344FF0FF351C
:102A6000C0E90045C0E9022230BD82B08DE80C000B
:102A70004FF0FF334FF0FF32C0E900230023C0E9DD
:102A8000023302B0704700207047002070474FF0BB
:102A9000FF307047036810B55B6A04469847431CD3
:102AA0001EBFA36813F8010BA36010BD4FF0FF30E9
:102AB00070474FF0FF30704710B5044B044640F8A4
:102AC0001C3BFFF721FA204610BD00BF70A502088D
:102AD00010B50446FFF7F0FF2046E1F7ABF82046BB
:102AE00010BD2DE9F84306460F46904600254545A2
:102AF00002DB2846BDE8F883D6E90504241A11D084
:102B0000A8EB0509A145B8BF4C4639462246A8BFE7
:102B1000A14601F0EDF973694D442344A8452744CB
:102B20007361E4DD336839785B6B30469847013078
:102B3000DFD001350137DAE72DE9F84307460C46C7
:102B400090460026464502DB3046BDE8F883D7E9CB
:102B500002156D1A11D0A8EB0609A945B8BF4D465C
:102B600020462A46A8BFA94601F0C2F9BB684E44D8
:102B70002B44B0452C44BB60E4DD3B6838469B6A7F
:102B80009847431CE0D004F8010B0136DAE70AB19C
:102B900001F0AEB9704750F8083B1B1A5842584133
:102BA0007047000008B50B68B3F1804F02D30D48A1
:102BB000FFF725FC93420BD9B3EB420F4FEA4200DB
:102BC00006D2B0F1804F2ABF6FF0404308600B601F
:102BD0000868013001D5FFF709FCBDE80840E1F7BE
:102BE00025B800BFA8A5020810B50446FFF7D3FF1B
:102BF00020B92068BDE81040E1F71CB810BD40685E
:102C000001F180410139091A914208B502D21846F2
:102C1000FFF7F5FB08BD03688B4206D842681344F2
:102C2000994294BF00200120704701207047012A7B
:102C300010B403D10A7810BC0270704710BCFFF7C3
:102C4000A6BF012A30B403D10B78037030BC7047A3
:102C5000002AFBD030BC01F08AB808B5521AFFF741
:102C6000E6FF08BD08B5521AFFF7E1FF08BD10B531
:102C70000446FFF790FF08B9A06810BD0F20FCE7DD
:102C80002DE9F3470A9E1F46436801EB0208B21A7A
:102C90001A4404460D46A3EB08090192FFF7E7FF2B
:102CA00001A902462046FFF77DFF82461DB121683B
:102CB0002A46FFF7BCFF37B12EB1324639460AEB40
:102CC0000500FFF7B4FFB9F1000F07D021683544C4
:102CD0004A4641440AEB0500FFF7A9FF2046FFF7EB
:102CE00083FF019BC4F800A0A36002B0BDE8F08799
:102CF00037B504460191FFF7BAFF019B83420246B4
:102D00000FD901A92046FFF74DFF62682168013203
:102D10000546FFF78CFF2046FFF766FF019B256005
:102D2000A36003B030BDF7B5466804460F46FFF711
:102D30009EFF751C854207D90123009300231A4684
:102D400031462046FFF79CFF23689F552368656046
:102D500000225A5503B0F0BD2DE9F04F85B08046F2
:102D60000E9D144689462A4621461F46384BFFF7DA
:102D700046FFD8F804300393A5EB040B404603EB61
:102D80000B0AFFF774FF504559D3D8F80060039B36
:102D90004E443946A1444046A3EB0909FFF73BFFE7
:102DA00080B1B9F1000F06D0AC4204D04A463119C7
:102DB0007019FFF746FF95B12A4639463046FFF7AE
:102DC00036FF0CE0B5B9B9F1000F08D0AC4206D01F
:102DD0004A4631197019FFF734FFAC420FD3D8F8C7
:102DE0000030C8F804A00022404603F80A2005B0CD
:102DF000BDE8F08FAC420CD2B9F1000FE8D13444F9
:102E00007B199C420BD32A4639463046FFF719FFFF
:102E1000E5E72A4639463046FFF713FFD3E7BC42C1
:102E200003D82A4607EB0B01C8E7E41B22463946C4
:102E30003046FFF706FF2A1B71193019BFE70095CE
:102E40003B46224649464046FFF71AFFC7E700BF08
:102E5000C0A502082DE9F341D0F80480044602EB36
:102E600008070E461546FFF702FFB8420ED32DB1F4
:102E700020682A4631464044FFF7D9FE2368676040
:102E800000222046DA5502B0BDE8F08100953346B5
:102E9000002241462046FFF7F3FEEFE770B5064BF0
:102EA00004460D4616460021FFF7A9FE3246294684
:102EB0002046FFF7CFFF70BDD9A5020808B5D1E9BC
:102EC0000012FFF7EBFF08BD2DE9F043884285B003
:102ED00005460C4640D0FFF75EFE06462046FFF74B
:102EE0005AFE002E4AD06F68002838D06668D7B1E5
:102EF000013705F1080904F108081EB3013632460E
:102F000041466846FFF743FE3A4649464046FFF7CA
:102F10003EFE324669464846FFF739FE6B686268F6
:102F20006A60636018E0002EF8D0721C04F108019A
:102F300005F10800FFF72BFE63686B60236867608C
:102F40001F7009E03A4649464046FFF720FE6B688D
:102F500063602B686E601E7005B0BDE8F083264686
:102F60007A1C56F8088F05F108013046FFF70FFE6E
:102F700023682B602660C5F80880CFE7AF6868B18A
:102F8000626805F10806013204F108013046FFF7D6
:102F9000FEFD2B6823602E60A760BFE722682B68C8
:102FA0002A602360A368AB60F6E70000244B1A6830
:102FB000D0075CBF01221A60224B1A68D1075CBFA0
:102FC00001221A60204B1A68D2075CBF01221A60E6
:102FD0001E4B1A68D0075CBF01221A601C4B1A688E
:102FE000D1075CBF01221A601A4B1A68D2075CBF76
:102FF00001221A60184B1A68D0075CBF01221A60C0
:10300000164B1A68D1075CBF01221A60144B1A686C
:10301000D2075CBF01221A60124B1A68D0075CBF4E
:1030200001221A60104B1A68D1075CBF01221A6096
:103030000E4B1A68D2075CBF01221A60704700BFAE
:103040004C55002048550020445500204055002094
:103050003C550020385500203455002030550020C4
:103060002C550020285500202455002020550020F4
:103070007FB500241023CDE90234036815469E690C
:1030800012686B46CDE90044B0479DF8043003F068
:103090000603062B03BF009B2B600120204604B0D3
:1030A00070BD009890420CBF0620012070470000C0
:1030B00010B5034B0360044600F0DDF8204610BD58
:1030C00024A6020810B50446FFF7F2FF20460821A7
:1030D000E0F7B4FD204610BD2DE9F0411F46DDE9C3
:1030E0000834DDF8188098450646154607D107993B
:1030F00000F0C4F818B165710020BDE8F0813946D0
:10310000304600F0BBF80028F6D00123C4F8008058
:103110002571A371F0E738B515461C4600F0AEF8EE
:1031200020B10823E36006232560237138BD2DE913
:10313000F04105460C4616461F4600F09FF848B978
:10314000032F07D823683246294620465B69BDE82D
:10315000F0411847BDE8F08170470000024A03497A
:10316000034800F0C7B900BF14030020593102081A
:103170005055002010B5034B03600446FFF798FF3D
:10318000204610BD84A6020810B50446FFF7F2FFE2
:1031900020460C21E0F752FD204610BD2DE9F041FC
:1031A000DDF81880904506460F4615461C460BD0A4
:1031B000B0680368CDF818801E6A2A46234639464F
:1031C000B446BDE8F0416047194600F057F80028C2
:1031D000EED00620BDE8F0812DE9F14F0D461946ED
:1031E000DDE90A4BDDE90CA681461746984600F05A
:1031F00045F890B1002D3460377109DB2C44A245AD
:1032000014BF01240624B471002001B0BDE8F08F82
:103210000235F9D10123B371F6E7544506D1594679
:10322000484600F02BF808B17771EDE7D9F80800AF
:103230000368CDE90CA6CDE90A4BDC693A46434662
:103240002946A44601B0BDE8F04F60472DE9F041A2
:1032500007460C4615461E46FFF75DFF48B9B8689D
:1032600003689F692A4633462146BC46BDE8F041C3
:103270006047BDE8F081704700207047814208B583
:103280000ED0406803782A2B0CD049680B782A2B83
:1032900008BF0131FAF7DCFDB0FA80F0400908BD43
:1032A0000120FCE70020FAE700487047C0A60208AA
:1032B0007047000010B5034B0360044600F000F9AE
:1032C000204610BD24A7020810B50446FFF7F2FF00
:1032D0002046E0F7AFFC204610BD000013B51346B2
:1032E000012B00F10802026008BF0E234FF000021C
:1032F00018BF0D234260027211460BBF009300936A
:10330000034B044B0446FFF727FD204602B010BDD7
:10331000C9A60208D8A60208024A0349034800F0D9
:10332000E9B800BF14030020B132020818030020DE
:103330000048704744A702081368994204D15368B3
:103340001B1A584258417047002070470048704788
:103350004CA70208742A10B51ADC572A0CDC4D2A37
:1033600007DC3B2A0CDC242A0EDC0F2A18DC0E2A90
:1033700016D9C0E9002116E00B4BA2F158040CE06D
:103380000A4BA2F13C0408E0A2F12D03012BEFE768
:10339000A2F17604182CECD8054BE340DB07E8D506
:1033A000044B0260436010BD9D00BF1F8F080200E8
:1033B000BF07F10120030020C0E90021704713B5C9
:1033C000036814465B690A46014668469847636885
:1033D000019A9A4206D100982368C31A584258416C
:1033E00002B010BD0020FBE74B68834204D108689F
:1033F000831A584258417047002070477047704701
:103400007047704710B50446E0F714FC204610BD25
:1034100010B50446E0F70EFC204610BD10B50B6851
:1034200086B01B69044668469847DDE900122046CD
:1034300000F08CF86846FFF7D7FB204606B010BDB9
:1034400073B504461046EEF755FB04F108032360FC
:10345000054610B90F48FEF7CFFFFAF759FD0F28C0
:1034600005EB0006019007D9002201A92046FFF7CD
:1034700099FB019B2060A360206832462946FFF734
:10348000F1FB019B2268636000212046D15402B009
:1034900070BD00BF53A7020813B514460A46014683
:1034A0006846FFF757FF6368019A9A4206D1009871
:1034B0002368C31A5842584102B010BD0020FBE7F0
:1034C0007047000010B5064C06490748224600F038
:1034D00011F8224605490648BDE8104000F00AB838
:1034E00014030020013402082003002003340208E2
:1034F0001C0300200B460146184600F081BB00006B
:1035000088422DE9F04104460D4618D0A0B1A1EB48
:10351000000840460021FEF7B9FE00F10C07064600
:10352000214638462A46FEF79FFE41463046FEF7C2
:10353000A1FE3846BDE8F0810248FEF75DFF024F6C
:10354000F7E700BF68A80208AC54002013B5044692
:1035500008461146014401AAFFF7D2FF2060204629
:1035600002B010BD2DE9F047089D0C46002B4ED14E
:1035700094468C458646B2FA82F262D94AB1C2F1CB
:103580002003914020FA03F30CFA02FC194300FADD
:1035900002FE4FEA1C471FFA8CF6B1FBF7F44FEA24
:1035A0001E4307FB141143EA014304FB06F1994251
:1035B0000AD91CEB030304F1FF3080F01281994219
:1035C00040F20F81023C6344591A1FFA8EF3B1FB9B
:1035D000F7F007FB101143EA014300FB06F69E4299
:1035E0000AD91CEB030300F1FF3180F0FC809E42FE
:1035F00040F2F980634402389B1B40EA04400021FA
:103600001DB1D3400022C5E90032BDE8F0878B42EE
:1036100005D90DB1C5E9000100210846F5E7B3FA67
:1036200083F1002946D1A34202D39042C0F0F0803A
:10363000861A64EB03030120002DE6D0C5E9006380
:10364000E3E7002A40F09080A1EB0C044FEA1C480D
:103650001FFA8CF70121B4FBF8F64FEA1E4308FB72
:10366000164443EA044307FB06F0984208D91CEBD2
:10367000030306F1FF3402D2984200F2CD802646C1
:103680001C1A1FFA8EF3B4FBF8F008FB104443EA4F
:10369000044300FB07F79F4208D91CEB030300F12A
:1036A000FF3402D29F4200F2B0802046DB1B40EA8A
:1036B0000640A5E7C1F120068B4022FA06F71F431A
:1036C00020FA06FC04FA01F343EA0C03F44000FA82
:1036D00001F8380C4FEA1349B4FBF0FE1FFA87FCDF
:1036E00000FB1E4449EA04440EFB0CF9A14502FA12
:1036F00001F20AD93C190EF1FF3A80F08480A1450D
:1037000040F28180AEF1020E3C44A4EB09041FFAA2
:1037100083F9B4FBF0F300FB134449EA044403FBD0
:103720000CFCA44507D93C1903F1FF3067D2A4452E
:1037300065D9023B3C4443EA0E40A0FB0293A4EB54
:103740000C049C42CE469C4651D34ED055B1B8EBAA
:103750000E0364EB0C0404FA06F6CB401E43CC4087
:10376000C5E90064002150E7C2F1200320FA03F10B
:103770000CFA02FC24FA03F394400C434FEA1C4871
:1037800000FA02FE1FFA8CF7B3FBF8F008FB1031C9
:10379000230C43EA014300FB07F1994208D91CEBD3
:1037A000030300F1FF362CD299422AD90238634430
:1037B0005B1AA4B2B3FBF8F108FB113344EA0344EB
:1037C00001FB07F3A34208D91CEB040401F1FF3607
:1037D00013D2A34211D902396444E41A41EA0041E8
:1037E00039E70446F0E6084606E7C845AED2B9EB2D
:1037F000020E63EB070C0138A8E73146EDE70346FC
:1038000099E73046D4E7D6467FE7634402384DE770
:103810000646234608460FE7023E634430E700BFF2
:10382000C0F3C7520028A2F17F0CB4BF4FF0FF31A4
:103830000121BCF11E0F08B510DCBCF1000F1CDB30
:10384000C0F31603BCF1160F43F400030BDD963AE8
:1038500003FA02F202FB01F1084608BDFAF736FE50
:103860000146084608BD4FF4800242FA0CF21A44A1
:10387000CCF1170C22FA0CF2ECE7BCF1FF3F18BFB9
:103880000021084608BD00BFC1F30A5C2DE9F041E4
:10389000ACF2FF35132D02460B460C46064632DCD1
:1038A000002D20DBDFF8E08048FA05F801EA080C7B
:1038B0005CEA000C0F462BD031A3D3E90023F9F7C3
:1038C000C7FD00220023FAF709FA40B1002C03DA01
:1038D0004FF480132B411F4427EA08040026214699
:1038E0003046BDE8F08126A3D3E90023F9F7B0FD07
:1038F00000220023FAF7F2F90028F0D0002C27DB91
:1039000000263446EBE7332D06DDB5F5806F1CD07D
:1039100010461946BDE8F081ACF2134C4FF0FF376A
:1039200027FA0CF70742F3D015A3D3E90023F9F7E0
:103930008FFD00220023FAF7D1F90028CFD0002C08
:1039400033460CDB23EA0706C9E7F9F781FDE1E717
:1039500024F0004426430DD14FF00044BFE7142D5E
:1039600006D0C5F134050122AA401344B342E9D27E
:103970000134E7E7054C0026B1E700BFAFF3008054
:103980009C7500883CE4377EFFFF0F000000F0BF0D
:103990002DE9F041C0F3C7557F3D162D044620F0B8
:1039A000004724DC002D804614DB184F2F4138429D
:1039B0001AD01749FAF732FB0021FAF725FA98B125
:1039C000002C03DD4FF400032B41984428EA070044
:1039D000BDE8F0810E49FAF721FB0021FAF714FA4D
:1039E00010B1002C0EDB57B92046BDE8F081B7F1CD
:1039F000FF4FF9D30146FAF711FBBDE8F0814FF014
:103A00007E50F2E74FF00040EFE700BFFFFF7F007E
:103A1000CAF249712DE9F041C0F3C7557F3D162D1B
:103A2000044620F0004725DC002D804614DB184FAB
:103A30002F4138421BD01749FAF7F0FA0021FAF764
:103A4000E3F9A0B1002C03DA4FF400032B419844B2
:103A500028EA0700BDE8F0810E49FAF7DFFA0021F5
:103A6000FAF7D2F918B1002C0CDB002000E0204658
:103A7000BDE8F081B7F1FF4FF9D30146FAF7CEFA6E
:103A8000BDE8F08117B94FF00040F1E70248EFE7D9
:103A9000FFFF7F00CAF24971000080BF08B5C0F384
:103AA000C7537F3B162B014615DC002B02460BDB70
:103AB0000B481841084205D04FF4800119411144C8
:103AC00021EA0001084608BD013300F00041F9D1A8
:103AD00041F07E51F6E7802BF4D1FAF79FFA08BD4A
:103AE000FFFF7F0008B5062000F09EF90120E1F7F6
:103AF00051F9000010B5034B0446196800F0ACFA08
:103B0000204610BD24030020164B10B51C68236B03
:103B1000B3B9182000F0D4FA0246206320B9124B42
:103B200012485221EDF7E5FF1149124BC0E900138D
:103B3000114B83600B23838100210120C2E9040122
:103B4000216B0E480B694C690D4A584302FB040077
:103B5000A3FB0232013340EB0200C1E9043020F044
:103B6000004010BD2403002092A80208A9A8020862
:103B70000E33CDAB34126DE6ECDE05002DF451585A
:103B80002D7F954C164B10B51C68236BB3B91820CC
:103B900000F096FA0246206320B9124B12484C21DD
:103BA000EDF7A7FF1149124BC0E90013114B8360D9
:103BB0000B23838100210120C2E90401216B0E48FF
:103BC0000B694C690D4A584302FB0400A3FB023207
:103BD000013340EB0200C1E9043020F0004010BD89
:103BE0002403002092A802081EA902080E33CDABC0
:103BF00034126DE6ECDE05002DF451582D7F954C06
:103C000010B504460448134620B10A460220214656
:103C100000F07CF910BD00BF0D3F0208F0B5ADF516
:103C2000057D0E4604AF4FF40071039100933946B1
:103C3000134603AA054600F05BF8044680B102462D
:103C4000039B3146284600F00BF9BC42039003D099
:103C50002146284600F0B6F903980DF5057DF0BD24
:103C60004FF0FF30F9E7000013460A4601460248CC
:103C70000068FFF7D3BF00BF2403002030B514460F
:103C8000002C9BB005461A4605DA8B2303604FF0E3
:103C9000FF301BB030BD4FF40273ADF80C3014BFD1
:103CA00004F1FF332346029305934FF6FF7300910F
:103CB0000491ADF80E3069461E9B00F01BFB431CBF
:103CC000BCBF8B232B60002CE3D0009B00221A701A
:103CD000DFE7000007B5009313460A460146034894
:103CE0000068FFF7CBFF03B05DF804FB240300205E
:103CF00030B515469BB02C681A46D9B1002C19D0A6
:103D00004FF4C16300910491ADF80C30214619DBEA
:103D10004FF6FF7302910591ADF80E3069461E9B78
:103D200000F0E8FA00280FDB009B286000221A70E0
:103D300004980AE000214FF42273ADF80C30009192
:103D40000491E5E78B23036000201BB030BD10B564
:103D500001390244904201D1002005E0037811F8B6
:103D6000014FA34201D0181B10BD0130F2E7884279
:103D700010B501EB020402D98442234607D8431E42
:103D8000A14208D011F8012B03F8012FF8E70244F3
:103D900001468A4200D110BD13F8014D02F8014DD1
:103DA000F7E702440346934200D1704703F8011B32
:103DB000F9E710B56AB10139841810F8012B11F830
:103DC000013F9A4203D1A04201D0002AF5D1D01A76
:103DD00010BD1046FCE71F2938B505460C4604D92E
:103DE000162303604FF0FF3038BDC26B12B152F89A
:103DF00021304BB9284600F031F8224601462846CA
:103E0000BDE8384000F018B8012B0AD0591C03D186
:103E1000162303600120E7E7002142F82410204622
:103E200098470020E0E70000024B01461868FFF7C2
:103E3000D2BF00BF2403002038B5074D002304463D
:103E4000084611462B60E0F7A6FF431C02D12B6801
:103E500003B1236038BD00BF94560020E0F7A4BF33
:103E600038B5074D04460846114600222A601A4616
:103E7000F4F7D8FF431C02D12B6803B1236038BD8F
:103E80009456002070B50D4D0D4C641BA4100026F7
:103E9000A64209D10B4D0C4C00F01EFE641BA41071
:103EA0000026A64205D170BD55F8043B984701365F
:103EB000EEE755F8043B98470136F2E7D8AA020826
:103EC000D8AA0208D8AA020800AB020870477047B7
:103ED000024B0A460146186800F0D6BC24030020B5
:103EE000034611F8012B03F8012B002AF9D1704782
:103EF0000A44914200F1FF3300D1704710B511F828
:103F0000014B03F8014F9142F9D110BD2DE9F8435F
:103F1000274D0746286891460E469846FFF7D6FF7C
:103F2000244A14683CB9244B1360244A12B1126825
:103F3000C3F88820204C63681F2B06DD2868FFF734
:103F4000C6FF4FF0FF30BDE8F8832FB3D4F88800E8
:103F500068B91B4B002BF1D04FF4847000F0B0F81F
:103F60000028EBD00023C0E94033C4F88800636820
:103F700040F8239001229A4000EB8301D0F80031F1
:103F80001343C0F80031022FC1F8808002BFD0F87F
:103F900004311343C0F80431636828685A1C0233A3
:103FA000626044F82360FFF792FF0020CBE700BF78
:103FB00074030020285700209C56002098AA02086D
:103FC000C140020838B50546002941D051F8043CEB
:103FD0000C1F002BB8BFE41800F024F91D4A136829
:103FE00033B9636014602846BDE8384000F020B95A
:103FF000A34208D9206821188B4201BF19685B6869
:1040000009182160EDE71A465B680BB1A342FAD9A3
:1040100011685018A0420BD1206801445018834207
:104020001160E0D118685B68536008441060DAE7FB
:1040300002D90C232B60D6E7206821188B4204BFDD
:1040400019685B68636004BF091821605460CAE79F
:1040500038BD00BF5857002070B5164C05460846BD
:104060000E4600F0DFF823684BB10021304600F027
:104070001DFC421C18BF2268034618BF831A0E4A53
:104080001168002291B90D4C304623609B1A2262C0
:10409000E36100F0CDF80FCC2E460FC60FCC0FC653
:1040A00094E8030086E80300284670BD0868496864
:1040B0000244E7E754570020585700202C570020AF
:1040C000024B0146186800F02DB800BF2403002001
:1040D000024B01461868FFF775BF00BF240300209C
:1040E00070B50F4E0C463168054611B900F0DEFB85
:1040F00030602146284600F0D9FB431C03D14FF025
:10410000FF34204670BDC41C24F00304A042F8D044
:10411000211A284600F0CAFB0130F2D1EFE700BFB8
:10412000545700202DE9F843CD1C25F00305083530
:104130000C2D38BF0C25002D064601DBA94204D901
:104140000C2333600020BDE8F883DFF8D48000F052
:1041500069F8D8F800301C4644BB29463046FFF7C2
:10416000BFFF431C044658D1D8F800402746002F13
:1041700043D1002C4BD023683946304604EB030969
:1041800000F094FB814542D121686D1A29463046E2
:10419000FFF7A6FF01303AD023682B442360D8F8FC
:1041A00000305A6862BBC8F800700FE02268521BEA
:1041B00020D40B2A17D96119A342256018BF596072
:1041C000636808BFC8F8001062514B60304600F0C9
:1041D0002FF804F10B00231D20F00700C21A1CBFAA
:1041E0001B1AA350AFE76268A3420CBFC8F80020B7
:1041F0005A60EBE723466468AEE73C467F68B6E763
:104200001A465B68A342FBD100235360DEE70C2310
:104210003360304600F00CF894E70560D6E700BF45
:10422000585700200148FFF751BE00BF98560020A4
:104230000148FFF74CBE00BF985600202DE9F0471B
:104240008E681F46BE420B6882460C4690462DD8AB
:10425000B1F90C2012F4906F26D06569096905EB5D
:104260004505A3EB010905EBD5757B1C4B446D108F
:104270009D4238BF1D46530527D52946FFF752FFFB
:10428000064660B321694A46FFF732FEA38923F44C
:10429000906343F08003A381266165614E44A5EBE2
:1042A00009052660A5603E46BE4200D93E4620680C
:1042B00032464146FFF75BFDA3689B1BA360236862
:1042C000334423600020BDE8F0872A4600F0FEFA60
:1042D00006460028E0D121695046FFF773FE0C2303
:1042E000CAF80030A38943F04003A3814FF0FF30A8
:1042F000E9E700002DE9F04F98468B891B069DB039
:1043000007460D46144610D50B6973B94021FFF7D7
:1043100009FF2860286130B90C233B604FF0FF3063
:104320001DB0BDE8F08F40236B610023099320236B
:104330008DF82930CDF80C803023DFF89C818DF882
:104340002A304FF0010923469A4613F8012B0AB18F
:10435000252AF9D1BAEB040B0BD05B46224629463D
:104360003846FFF76BFF013000F0A780099A5A44E6
:1043700009929AF80030002B00F09F8000234FF044
:10438000FF32CDE905230AF1010A049307938DF862
:1043900053301A935446052214F8011B4E48F9F77E
:1043A00067FD049AD8B9D00644BF20238DF8533056
:1043B000110744BF2B238DF853309AF800302A2B75
:1043C00015D0079A544600204FF00A0C214611F8E8
:1043D000013B303B092B4BD9B0B1079214E0A0EB65
:1043E000080309FA03F313430493A246D2E7039B9D
:1043F000191D1B680391002BBBBF5B4242F00202F8
:1044000007930793B8BF049223782E2B0AD16378C1
:104410002A2B32D1039B1A1D1B68039243EAE373D4
:1044200002340593DFF8B4A0217803225046F9F74F
:104430001FFD38B1049BA0EB0A00402282401343C9
:104440000134049314F8011B25488DF82810062226
:10445000F9F70EFD002836D0224B1BBB039B073318
:1044600023F0070308330393099B334409936AE756
:104470000CFB02320C460120A8E70023013405930F
:1044800019464FF00A0C204610F8012B303A092A41
:1044900003D9002BC6D00591C4E70CFB01210446CB
:1044A0000123F0E703AB00932A460F4B04A93846DB
:1044B000AFF30080421C0646D6D1AB895B063FF5C0
:1044C0002DAF09982CE703AB00932A46064B04A9AD
:1044D000384600F079F8EDE79CAA0208A2AA020883
:1044E000A6AA0208000000003D4202082DE9F0479C
:1044F000164698468A680B69DDF820909342B8BF4B
:104500001346336091F8432007460C460AB1013345
:1045100033602368990642BF3368023333602568ED
:1045200015F0060506D104F1190AE36832689B1AF2
:10453000AB4226DC94F843302268003B18BF0123CD
:1045400092062BD404F1430241463846C847013055
:104550001ED02368226903F00603042B02BFE5681E
:104560003368ED1AA3680CBF25EAE5750025934270
:10457000C4BF9B1AED1800261A34B5421AD1002088
:1045800008E00123524641463846C847013003D16E
:104590004FF0FF30BDE8F0870135C6E7E1185A1C3F
:1045A000302081F84300224494F8451082F84310EB
:1045B0000233C7E70123224641463846C847013047
:1045C000E6D00136D9E700002DE9FF470F7E0C9EAB
:1045D000782F914680460C469A4601F1430207D84F
:1045E000622F0AD8002F00F0DD80582F00F0C38022
:1045F00004F1420684F842703AE0A7F16303152BF8
:10460000F6D801A151F823F0614602087546020868
:10461000F1450208F1450208F1450208F14502089A
:1046200075460208F1450208F1450208F145020805
:10463000F14502088B470208034702084347020876
:10464000F1450208F1450208AD470208F1450208AC
:1046500003470208F1450208F14502084B470208EA
:1046600033681A1D1B68326004F1420684F8423038
:104670000123A8E031682368081D30601E0601D5BB
:104680000D6803E05D06FBD5B1F900506168002DAF
:1046900078DA2D20002984F84300A1602DDA5E48E5
:1046A0006D420A231646B5FBF3F103FB1157C75DB4
:1046B00006F8017D2F46BB420D46F4D9082B0BD1DD
:1046C0002368DF0708D5236961689942DEBF30237C
:1046D00006F8013C06F1FF36921B2261CDF800A0DE
:1046E0004B4603AA21464046FFF700FF01306FD139
:1046F0004FF0FF3004B0BDE8F08723F004032360DF
:10470000CDE721683368080653F8045B02D44906F4
:1047100048BFADB26F2F4048336014BF0A2308234F
:10472000002184F843106668A660002EBADB216879
:1047300021F004012160002DB4D1002EB2D1164623
:10474000BCE7236843F0200323603448782784F8CB
:104750004570236831681F0651F8045B02D45F0678
:1047600048BFADB23160D90744BF43F02003236096
:104770001DB11023D4E72848E9E7236823F020037C
:104780002360F6E724480A23CDE73368256861698A
:10479000181D30602E061B6801D5196002E06806FE
:1047A000FBD5198000232361164697E733681A1D4D
:1047B00032601E68626800213046F9F759FB08B183
:1047C000801B606063682361002384F8433085E7C1
:1047D0002369324649464046D047013088D0236895
:1047E0009B0714D4E068039B9842B8BF184681E742
:1047F0000123324649464046D04701303FF478AF66
:104800000135E36803995B1AAB42F1DCEAE7002566
:1048100004F11906F5E700BFADAA0208BEAA020816
:104820000CB430B5174B0C1E1D689DB008DA8B23F5
:104830002B604FF0FF301DB0BDE8304002B0704734
:104840004FF40273ADF8143014BF04F1FF33234664
:10485000049307934FF6FF7302900690ADF816305D
:10486000209A21AB02A928460193FFF743FD431C80
:10487000BCBF8B232B60002CDDD0029B00221A7062
:10488000D9E700BF2403002038B5074D00230446B4
:10489000084611462B60DFF71FFA431C02D12B6834
:1048A00003B1236038BD00BF9456002038B5064DD3
:1048B0000023044608462B60E0F73EFA431C02D171
:1048C0002B6803B1236038BD945600202DE9F041D8
:1048D000804615460C4621B9BDE8F0411146FFF768
:1048E00021BC2AB9FFF76EFB00242046BDE8F08109
:1048F00000F01AF88542064602D8B5EB500FF4D8FE
:1049000029464046FFF70EFC07460028ECD0B5428A
:104910002A46214628BF3246FFF7EAFA214640469A
:10492000FFF750FB3C46E0E751F8043C181F002B12
:10493000BCBF0B58C0187047024B0A4601461868A6
:10494000FFF7C4BF24030020024B0344587800F053
:104950009700704795A90208024B0344587800F06D
:104960000800704795A902080EB400B59CB01DABB5
:10497000029006906FF0004109480791049109499F
:1049800053F8042B05910068019302A9FFF7B2FCCC
:10499000029B00221A701CB05DF804EB03B0704754
:1049A000240300200802FFFF30B50D4D044614F823
:1049B000013BEA5C02F00302012A11F8012BA85C1A
:1049C00000F0030008BF2033012803D12032981AD9
:1049D000EDD030BD981AFCD1002AE8D1F9E700BF2C
:1049E00096A9020810B50246147813460132002C2D
:1049F000FAD1013B11F8012B03F8012F002AF9D15C
:104A000010BDC9B20346184613F8012B12B18A42F1
:104A1000F9D17047002918BF0020704770B50346D0
:104A20001E4613F8014B44B14A1E01E0A54204D0D2
:104A300012F8015F002DF9D1F2E7301A70BD10B500
:104A40000139034632B111F8014F03F8014B013A25
:104A5000002CF7D11A440021934200D110BD03F875
:104A6000011BF9E738B511F0FF0403460ED12146CA
:104A7000BDE83840FFF7C5BF431C05462146184630
:104A8000FFF7BFFF0028F7D1284638BD0025F5E71E
:104A900070B503461E4613F8014B3CB14A1E01E0B7
:104AA000A542F7D012F8015F002DF9D1301A70BD80
:104AB000430803F05533C01A830803F0333300F082
:104AC0003330184400EB101000F00F3000EB0020E2
:104AD00000EB0040000E7047F8B500BFF8BC08BC02
:104AE0009E467047F8B500BFF8BC08BC9E467047AC
:104AF000A0860100400D0300801A060000350C005E
:104B000040420F0080841E0000093D0000127A0020
:104B10000024F40000366E010048E801006CDC025D
:104B20000000000000000000000000000000000085
:104B3000010000000300000005000000010000006B
:104B400001000000060000000A0000002000000034
:104B50000200000004000000080000001000000037
:104B60004000000080000000000100000002000082
:104B70000000000001000000020000000000000032
:104B80000000000039DC000843DC0008D94F0008B1
:104B9000470D0008710D0008390800084B0800088F
:104BA000911000084B060008000000000000000003
:104BB0001F100008A311000875060008000000007F
:104BC000000000003510000861100008000000001F
:104BD0000000000073100008311100080000000000
:104BE00000000000BF0D0008450E00085706000831
:104BF00000000000000000004311000861110008DF
:104C0000000000000000000073110008911100086E
:104C1000000000000000000067130008A713000850
:104C2000AD6A000843810008DF0A00086D6E0008C5
:104C3000156E00081D07000819500008C30600087B
:104C4000C3060008BD9B0008159B0008F10600087C
:104C500099E50108A1E50108ADE5010860F5FFFF50
:104C6000000000000F070008E9870108BF060008E0
:104C7000FB120008E551000850F5FFFF000000009E
:104C800039DC000843DC0008D94F0008A1130008F4
:104C9000B9130008390800084B0800081507000878
:104CA0000000000000000000000000000000000004
:104CB000AD6A000843810008D9A400086D6E0008A1
:104CC000156E000800000000B9690008C30600085E
:104CD000C3060008BD9B0008159B000800000000EB
:104CE00000000000FB130008211400080000000071
:104CF00000000000331400084D140008551500088A
:104D0000F1140008A11400087D160008CD17000852
:104D10004D190008ED2300085F140008BB080008C7
:104D2000CD08000803130008EF080008CB1900089D
:104D3000000000000000000055820108698201089F
:104D4000173401081B340108BD4601082139010848
:104D5000B13C01087B820108000000000000000057
:104D60006324000881240008FF3F0108173401086C
:104D700007400108634901082F400108C5400108A8
:104D80002D8301080000000000000000E9810108F7
:104D9000F981010817340108173401083D4501085D
:104DA0005137010809380108F782010800000000A6
:104DB000000000003524000851240008FF3F0108CE
:104DC0001734010807400108634901082F40010812
:104DD000C54001082D83010800000000000000000C
:104DE0000B8201081B820108173401081B340108DB
:104DF000D94501085137010809380108F78201082F
:104E0000000000000000000039DC000843DC00085E
:104E1000D94F00080D210008512100083908000869
:104E20004B08000871B10008898A000853AA0008DD
:104E3000056D0008016D00080D6D00080000000000
:104E40000000000039DC000843DC0008D94F0008EE
:104E500063210008B1210008390800084B08000848
:104E6000C55D0008898A0008E95B0008056D000837
:104E7000ED5F0008E9600008016200080000000022
:104E80000000000039DC000843DC0008D94F0008AE
:104E90000000000000000000390800084B0800086E
:104EA00071B10008898A0008475B0008056D000899
:104EB000F5570008A15B00080000000064520208DA
:104EC0005452020800000000000000000D00000025
:104ED0000D0000000000000000000000C186010875
:104EE000D18601081B340108294301082D4301081C
:104EF0008B490108EF49010855830108054B01085A
:104F00008D82010800000000000000000000000089
:104F1000000000000100000002000000030000008B
:104F200004000000010002000400060008000A005E
:104F30000C00100020004000800000010000000074
:104F40000000000000000000000000000000000061
:104F5000000000000100000002000000040000004A
:104F600008000000100000002000000040000000C9
:104F700080000000000100000002000000040000AA
:104F800000080000001000000020000000400000A9
:104F900000800000020000000080004012080000B5
:104FA0000201000000440040120700000900000058
:104FB00000380140120700001600000000380140D0
:104FC00012070000FFFFFFFF0000000000000000CC
:104FD00003000000008000401208000003010000F0
:104FE00000440040120700000A00000000380140A1
:104FF00012070000170000000038014012070000EF
:10500000FFFFFFFF000000000000000001000000A3
:105010000080004012080000010100000044004030
:10502000120700000C0000000038014012070000C9
:105030001300000000380140120700001C000000AF
:105040000080004012080000FFFFFFFF000000008A
:1050500000000000000000000044004012070000B3
:105060000600000000800040120800000B00000055
:105070000038014012070000140000000038014011
:1050800012070000FFFFFFFF00000000000000000B
:10509000845902083C920208000000000000000051
:1050A0000900000009000000320A28000000140076
:1050B0000000000000000000000000001E000000D2
:1050C000FC620208C062020800000000000000004C
:1050D00011000000110000000000000000000000AE
:1050E00000000000000000009D6C0008FF080008A0
:1050F000EB6B00080D750008816C0008197300083F
:10510000017400081F89000815890008457300080C
:10511000D973000800000000336C0008FF08000885
:10512000276C00082D6C0008000000000000000043
:1051300045060008B36C00080000000000000000F5
:10514000A96C0008CDE60108999D0008BB6C000819
:105150003B6C000800000000FF6C00086CFEFFFFC5
:105160000000000039DC000843DC0008D94F0008CB
:105170000000000000000000390800084B0800088B
:10518000EB130008919D00080000000000000000E3
:105190000000000000000000EB6B0008FF080008A2
:1051A000EB6B000800000000EF6B0008F96B0008D3
:1051B000F96B00081F89000815890008FD6B0008BD
:1051C000FB08000800000000336C0008FF0800081E
:1051D000276C00082D6C00080414004008140440DB
:1051E0000C11084010140C401412101000000000A4
:1051F000051B010000000600091701000600280039
:105200000D1701002E000500101233101410341079
:10521000181235101D1601003600220024105911F5
:1052200000000000D85102083C9202080000000073
:10523000000000000500000005000000F051020819
:105240003C9202080000000000000000080000007E
:10525000090000003C52020824520208145D0208B2
:1052600000000000041200400918012006005A0046
:105270000D180140640014001014784014147C4090
:1052800019180140840028001C12AC102010AD1029
:105290002412AF112810B0102C10B1103012B440ED
:1052A0003412B8400000000004110010081104403E
:1052B0000C11084000000000041200400810041007
:1052C00000000000041200100917010001000F0087
:1052D0000C121010000000000412004008120440DC
:1052E0000C100810000000000414004008140440D2
:1052F0000C14084010140C4000000000A8520208D2
:105300003C920208000000000000000003000000C2
:1053100003000000B85202083C920208000000009E
:10532000000000000200000002000000C452020859
:105330003C92020800000000000000000300000092
:10534000030000002C53020800000000D85202089D
:105350003C92020800000000000000000300000072
:1053600003000000E85202083C920208000000001E
:10537000000000000400000004000000FC520208CD
:10538000000000000518014004000C00091701008E
:10539000100014000C102410000000000410001075
:1053A000081001100C100210101003101517010046
:1053B000040010000000000004100010081001108C
:1053C0000C10021010110310141004101917010012
:1053D000050010001C1115100000000004120080D0
:1053E00009170100080028000C10301011170100E7
:1053F00031000A00000000000412008009170100BB
:1054000008002800000000000412008009170100B5
:10541000080028000C12304000000000145302085D
:1054200000000000041200400916010004002200E0
:105430000D17010026000C00101434401410381011
:10544000181039101D1801203C0008000000000051
:10545000041200100812011000000000505402084D
:105460003C92020800000000000000000200000062
:105470000200000004100010081001100C1204407B
:105480001012084014100C10181210401C101410A8
:105490002012184024121C40281020102C122440E6
:1054A000301028103410291038102A100000000085
:1054B000051701000000500000000000041000105B
:1054C000081204400C11084010110C4000000000AC
:1054D00004100010081204400C12084010100C10A8
:1054E000151701000D001400181221101C122210B3
:1054F00020102310000000000410001008120110FA
:105500000C120210101203101412041000000000FC
:1055100004100010081204400C10081000000000D5
:1055200004100010081001100D28042004001100C0
:105530000000000004100010081201100C120210EC
:105540001012031014120410181205101C12061069
:105550000000000004100010081204400C12084063
:1055600010120C4014121010181211101C121210EC
:10557000201013102410141029170100150010001A
:105580002C102510000000000412004008120440F6
:105590000C1008101010091014100A1018100B101D
:1055A0001C120C4020101010241214402810181047
:1055B0002C10191030121C403410201038102110FB
:1055C0003C102210000000000410001008120440DB
:1055D0000C1008101010091000000000041000103A
:1055E000081001100C1204401012084014120C4054
:1055F00018101010000000000410001008120440E1
:105600000C12084010100C1014100D1018100E1071
:105610001C100F102012101024121110281012103C
:105620002C101310301014103410151038121620CE
:105630003C101810000000000410001008100110A9
:105640000C1204401012084014120C1018121040D2
:105650001C12141020101510000000004C530208FA
:1056600000000000041000100917010001004000B4
:105670000D170100410040001117010081002000BA
:105680001410A1101810A2101C10A3102117010053
:10569000A40020002410C4102810C5102D180120CB
:1056A000C8000C00000000000516010000002200E8
:1056B000081222100C122440101028101410291067
:1056C00018102A101C102B1020102C1000000000A5
:1056D0000516010000002200091601002200220028
:1056E0000D260320460022001010AC101410AD103F
:1056F0001810AE102010AF100000000004100010B1
:10570000081201100C1204400000000005100100F6
:105710000000010009120100010001000D1201004A
:105720000200020011120100040004001512010021
:1057300008000100191401000C0004001D120100F2
:1057400010000100211201001400040025100100C6
:105750001800010029110100190001002D1201009B
:105760001A000200311001001C0001003510010078
:105770001D00010039140100200004003D1001004B
:105780002400010041120100280004009D22034072
:1057900030000410A11001003C000110A510010010
:1057A0003D000110A91201003E00011000000000A0
:1057B00004120040081204100C12084010100C10C3
:1057C00014100D1018120E101C120F1020121010B1
:1057D00024101110281012102C1213103010141055
:1057E0003410151038101610000000006453020821
:1057F00000000000041000100D170100010021003E
:10580000111701002200410015170100630021005B
:10581000181084101C128510211801208800100017
:1058200025170100980021002812BC402C10C01040
:105830000000000004100010081204400C1408407E
:1058400010120C40181210401C1214402012184064
:1058500024121C108012208000000000041200405E
:10586000081004100C100510101006101412084037
:1058700018120C401C121040201214402412184020
:1058800028121C402C1220403012244034122810C0
:105890000000000004120010081001101012044053
:1058A0001412084018120C101C1210402010141072
:1058B00024101510281016102D1701001700410094
:1058C000301058103412591038145C400000000099
:1058D0000412044408140C440C14144410141C4402
:1058E00014122444000000000414044408140C445E
:1058F0000C1114441014184014121C1018121D100E
:105900001C1420402011244024132C442813344418
:105910002C12384030123C4034124040381244407F
:105920003C124C44401254444412584048125C40CB
:105930004C126040501264405412684058126C403F
:105940005C1270400000000005170100000010000C
:1059500009170100100028000D170100380005008C
:10596000111B01003D0006001412431018104410D2
:105970001C12451021160100460022002410691156
:1059800000000000051201000000020009160100DD
:105990000200EC000D100100EE00010011140100E6
:1059A000F000040015140100F400040019140100B3
:1059B000F80004001D140100FC0004002114010083
:1059C0000001040025120110050101000000000083
:1059D000845302087C53020800000000000000000D
:1059E00003000000030000009C5302083C920208E0
:1059F000000000000000000005000000050000009D
:105A0000B85302083C9202080000000000000000A9
:105A10000700000007000000DC5302083C92020867
:105A2000000000000000000004000000040000006E
:105A3000F85302083C920208000000000000000039
:105A40000200000002000000085402083C92020814
:105A50000000000000000000030000000300000040
:105A6000245402081C54020800000000000000003A
:105A70000700000007000000745402083C9202086E
:105A800000000000000000000E0000000E000000FA
:105A9000B05402083C920208000000000000000020
:105AA0000100000001000000BC5402083C92020802
:105AB00000000000000000000400000004000000DE
:105AC000D05402083C9202080000000000000000D0
:105AD0000800000008000000F85402083C92020888
:105AE00000000000000000000500000005000000AC
:105AF000105502083C92020800000000000000005F
:105B0000030000000300000020550208445302086F
:105B1000000000000000000003000000030000007F
:105B2000345502083C92020800000000000000000A
:105B30000700000007000000545502083C920208CC
:105B400000000000000000000B0000000B0000003F
:105B5000885502083C920208000000000000000086
:105B60000F0000000F000000C85502083C92020818
:105B7000000000000000000004000000040000001D
:105B8000DC5502083C920208000000000000000002
:105B90000600000006000000F85502083C920208CA
:105BA00000000000000000000F0000000F000000D7
:105BB000385602083C920208000000000000000075
:105BC0000800000008000000645602085C56020845
:105BD00000000000000000000B0000000B000000AF
:105BE000C85B0208B05B0208985B0208805B020891
:105BF000685B0208505B0208385B0208205B020801
:105C0000085B0208F05A0208D85A0208C05A020873
:105C1000A85A0208905A0208785A02085C540208EE
:105C200000000000A85602083C9202080000000094
:105C30000000000008000000080000003C9202087C
:105C40003C9202080000000000000000000000007C
:105C500000000000D05602083C920208000000003C
:105C6000000000000700000008000000FC560208C9
:105C70003C92020800000000000000000300000049
:105C8000030000000C5702083C92020800000000CC
:105C900000000000140000006A000000B057020875
:105CA0003C92020800000000000000000E0000000E
:105CB0000E000000F4570208EC5702080000000034
:105CC000000000000A0000000B0000003458020829
:105CD0003C920208000000000000000009000000E3
:105CE000200000005C5802083C92020800000000FE
:105CF000000000000D0000000D0000009458020894
:105D00003C92020800000000000000000D000000AE
:105D10000E000000D05802083C920208000000006B
:105D2000000000000500000005000000E85802081F
:105D30003C92020800000000000000001700000074
:105D400017000000485902083C92020800000000B9
:105D5000000000000900000009000000005A0208CD
:105D6000E8590208D059020800000000041200405F
:105D7000081204100C12062010100810141009103C
:105D800018120C401C1210102010111024101210A8
:105D9000281213102C1214103118011016001600BE
:105DA000351801102D0014003916010042001200B0
:105DB0003D180140580028004012801044128440D1
:105DC000481088104C12891000000000485A020840
:105DD000305A0208185A02083C5C02083C5C02086F
:105DE0000000000005120140040004000914010035
:105DF000080004000D1201000C0001001117010041
:105E00000D0090012D380120A0013800313801200B
:105E1000A001300035380120A001400039380120B0
:105E2000A00101003D380120A00101000000000098
:105E3000051701000000E4000812E4400000000023
:105E40000517010000003C00093601203E00B601A4
:105E50000D3701203E00B30111100100F4010100D3
:105E60000000000005170100000012000812144095
:105E70000C1018101010191014101A1018101B10F4
:105E80001C121C102012204024122410281025104F
:105E90002C102610301228400000000004120010C0
:105EA000081202200C1204201116010006008200C4
:105EB0000000000004110010081201100C12021062
:105EC0001012044000000000605A020800000000A8
:105ED0000411001009180130040044000C1248108D
:105EE00000000000053801400400D40009380140DA
:105EF000040018000D38014004001C001138014056
:105F0000040014001538014004000C001938014049
:105F1000040024001D3801400400280021380140FD
:105F200004000700253801400400480029380140DA
:105F300004000C002D3801400400050031380140F8
:105F400004002400353801400400100039380140B5
:105F5000040050003D38014004002C00413801404D
:105F6000040002000000000005170100000080018D
:105F700009140100800104000D17010084012000B4
:105F800011120100A401010000000000FC5C0208E5
:105F9000E45C0208CC5C0208B45C02089C5C020869
:105FA000845C02086C5C0208545C02083C5C0208D9
:105FB00070610208245C02080000000005380180BE
:105FC000080060000938018008002C000D380180AD
:105FD00008002800113801800800C400153801802D
:105FE0000800180019380180080040001D380180A1
:105FF00008000800213801800800B0002538018021
:10600000080001002938018008008C002D3801802B
:106010000800300000000000445D02082C5D02080A
:10602000145D0208000000000512010000000400D9
:106030000918012006006A000D1801407400740060
:1060400011140100E800040015140100EC00040024
:1060500019180140F40028001D1201001C01010064
:10606000211001001D010100251201101F01010076
:1060700029100100200101002D1001002101010063
:10608000311001002201010035100100230101003F
:106090000000000004120040201204402C120840AE
:1060A000311601000C001200351701001E002800F7
:1060B000381246103C1248200000000090500208A0
:1060C0000000000005140100000004000914010094
:1060D000040004000D120100080001001138012025
:1060E0000C000801153601200C00020119140100F2
:1060F000140104001D140100180104002114010002
:106100001C010400251201002001010029100100DA
:10611000210101002D1201002201010031110100B5
:10612000240104003512010028010100391001008A
:10613000290101003D1201002A0101004116010060
:106140002C012200451001004E01010049120100FE
:10615000500104004D1201005401040051120100CD
:1061600058010400551201005C010100000000000C
:106170006C5D02085C5D0208000000000000000089
:106180001300000013000000E45D0208CC5D02086B
:106190000000000000000000090000000F000000E7
:1061A000305E02083C92020800000000000000007F
:1061B0000200000002000000405E02083C9202085B
:1061C00000000000000000000400000004000000C7
:1061D000645E02083C92020800000000000000001B
:1061E0000C0000000C0000009C5E02083C920208BB
:1061F0000000000000000000040000000400000097
:10620000B45E02083C92020800000000000000009A
:106210000400000004000000D05E0208C85E02080E
:106220000000000000000000030000000300000068
:10623000E45E0208E05B02080000000000000000CD
:106240001000000010000000685F02083C92020885
:106250000000000000000000040000000400000036
:10626000BC5F02088C5F0208000000000000000014
:106270000B0000000B0000002860020818600208F4
:1062800000000000000000000D0000000D000000F4
:10629000946002083C920208000000000000000028
:1062A000070000000F000000C4600208BC60020884
:1062B00000000000000000001500000015000000B4
:1062C000A86202089062020878620208606202080E
:1062D000486202083062020818620208006202087E
:1062E000E8610208D0610208B8610208A0610208F2
:1062F00088610208706102080000000005120100B8
:106300000000040009380140080060010D38014018
:1063100008004C00113801400800240115380140E4
:106320000800D000193801400800A8011D320140C2
:106330000800040021300140080001002538014018
:106340000800D8002938014008004C002D380140D1
:106350000800080031380140080088003538014045
:1063600008002C00393801400800F6013D38014092
:106370000800E800413801400800E00145380140CC
:1063800008008C0000000000000000000000000079
:1063900000000000000000000000000020110020AC
:1063A00000000000000000009F390008B539000817
:1063B000150A00083D0A0008000000000000000067
:1063C000773900088D390008D7090008EF0900085F
:1063D00000000000000000004F3900086539000887
:1063E0008B090008AD090008E81C0020000000002F
:1063F00000000000EB530008D35400080309000814
:10640000000000000000000039DC000843DC000848
:10641000D94F000800000000000000003908000803
:106420004B080008EB13000800000000000000000B
:10643000000000006D540008BB5400089D6C00086B
:10644000FF080008611C00080D750008816C000839
:106450001973000801740008C11A0008CD1B000858
:1064600045730008D97300085B1F0008336C0008EF
:10647000771C0008276C00082D6C0008D124000848
:10648000A11D0008E51C0008F11D0008A91D000859
:10649000891C0008A96C0008CDE60108999D000838
:1064A000090B00083B6C0008091F00082B1F00089F
:1064B0006CFEFFFF0000000039DC000843DC000830
:1064C000D94F0008B5540008CD5400083908000819
:1064D0004B080008EB130008919D00080000000025
:1064E00000000000018301081B830108FF3F010831
:1064F0001734010807400108634901082F400108CB
:10650000C54001082D8301080000000000000000C4
:106510000000000000000000173401080000000027
:10652000000000005137010809380108F78201080E
:106530000000000000000000318201083F820108D5
:10654000173401081B3401089F460108213901084E
:106550000D6D0008518201080000000000000000DD
:10656000000000000000000000000000000000002B
:10657000000000000000000000000000000000001B
:10658000000000000000000068090020000000007A
:1065900000000000870F00080D1000089D0800088B
:1065A0000000000000000000EF0E0008750F00085A
:1065B0007F0800080000000000000000570E0008DF
:1065C000DD0E000861080008000000000000000067
:1065D00039DC000843DC0008D94F0008A10D000891
:1065E000AD0D0008390800084B0800086D5300087D
:1065F000000000000000000039DC000843DC000857
:10660000D94F0008830D00088F0D000839080008D5
:106610004B0800083D0700080000000001000000D2
:10662000020000000300000004000000050000005C
:10663000060000000700000008000000090000003C
:106640000A0000000B0000000C0000000D0000001C
:106650000E0000000F0000001200000013000000F8
:1066600014000000150000001600000017000000D4
:10667000180000001C0000002D0000003300000086
:10668000000000000000000000000000000000000A
:1066900000000000000000000000000000000000FA
:1066A00000000000000000000000000000000000EA
:1066B00000000000000000000000000000000000DA
:1066C00000000000000000000000000000000000CA
:1066D00000000000000000000000000000000000BA
:1066E00000000000000000000000000000000000AA
:1066F00000000000A5720008CB7200089D6C000825
:10670000FF080008611C00080D750008816C000876
:1067100019730008017400085D890008CD1B00088A
:1067200045730008D97300085B1F0008336C00082C
:10673000771C0008276C00082D6C0008D124000885
:10674000A11D0008E51C0008F11D0008A91D000896
:10675000891C0008A96C0008CDE60108999D000875
:10676000090B00083B6C0008091F00082B1F0008DC
:106770006CFEFFFF0000000039DC000843DC00086D
:10678000D94F0008C5720008DD72000839080008FA
:106790004B080008EB130008919D00080000000062
:1067A0000000000039DC000843DC0008D94F000875
:1067B0008D750008A1750008390800084B0800080D
:1067C000C55D0008898A00087D9E0008056D0008E7
:1067D000E99E000835A80008016200089C6E0208C6
:1067E0003C920208000000000000000001000000D0
:1067F000010000004C6E0208446E02080000000018
:106800000000000008000000090000000000000077
:1068100000000000A17B0008B57B000845060008C9
:106820002F09000821090008250900083F09000870
:10683000FF080008270900082B09000800000000D5
:1068400000000000C77B0008F97B0008450600082F
:106850002F09000841A20008BFA200083F09000854
:10686000FF080008270900082B090008A9BF000835
:106870002D6D000800000000000000000000000076
:1068800000000000450600082F09000841A200088A
:10689000BFA200083F090008FF08000827090008F8
:1068A0002B090008000000002D6D0008000000000A
:1068B0000000000000000000000000004506000885
:1068C0002F090008D7A200081FA300083F090008ED
:1068D000FF080008270900082B0900080000000035
:1068E0002D6D00080000000000000000817C000801
:1068F000A37C0008450600082F09000821090008AC
:10690000250900083F090008FF08000827090008BA
:106910002B090008EDE80108E8FFFFFF0000000078
:1069200039DC000843DC0008D94F00089D7C0008D2
:10693000B57C0008390800084B08000875B300084A
:106940000000000000000000BB7C0008EF7C000895
:1069500045060008576D0008A9D40008250900085D
:106960003F090008FF08000827090008DD77000834
:1069700049EA0108E8FFFFFF0000000039DC0008D9
:1069800043DC0008D94F0008E97C0008017D0008BD
:10699000390800084B0800088DD4000800000000EA
:1069A0000000000000000000000000004506000894
:1069B0002F0900085FA30008A7A300083F090008EB
:1069C000FF080008270900082B0900080000000044
:1069D0002D6D000801000000008061440000684443
:1069E0000000C8421E000000987002080E970208BE
:1069F000020000000080D8430000D943000020417D
:106A00000A000000987002081197020803000000B5
:106A10009A5959449A695944000020411B000000CA
:106A20008470020818970208040000000000EB437D
:106A30000000FF430000C8421300000098700208E5
:106A40001F970208050000000020664400E066442D
:106A50000000C8420D00000098700208229702084A
:106A60000600000000C06444000068440000C84202
:106A70001E0000009870020825970208160000000A
:106A80006686D8431F65D9430000C8420E00000047
:106A9000987002082997020809000000CD2C59447B
:106AA000CD4C59440000C842140000009870020800
:106AB00031970208070000000000664400C06644E9
:106AC0000000C842170000009870020834970208BE
:106AD0000800000000006644004067440000C8420F
:106AE0001B00000098700208379702080A00000097
:106AF0000040584400C058440000C8421E00000036
:106B0000987002083A9702080B00000000005844F1
:106B1000000059440000C842240000009870020898
:106B20003D9702080C0000000000664400406744E6
:106B30000000C84210000000987002084497020844
:106B40000E0000000080D8439A59D943000020412C
:106B50000A00000098700208479702080F00000022
:106B600000005944662659440000803F0E00000092
:106B7000987002084E970208100000000080D84369
:106B80000080D9430000C842140000009870020839
:106B9000559702081100000000C0654400006744DA
:106BA0000000C8421B010000987002085C970208B0
:106BB0001200000000406544004067440000C842E5
:106BC0001400000098700208639702081300000088
:106BD0000080D8439A59D9430000C8420A000000F7
:106BE000987002086A9702081400000000005944D7
:106BF0009A5959440000C8420E00000098700208DB
:106C0000719702081500000000C0644400806544CC
:106C10000000C84218000000987002087897020827
:106C2000170000009A89D8433363D9430000C84253
:106C30000A000000987002087F9702081800000000
:106C400000C05744000059440000C8421E00000024
:106C50009870020886970208190000000040584406
:106C6000000059440000C8421E000000987002084D
:106C70008D9702081A0000000080614400E0624421
:106C80000000C8421E000000987002089497020895
:106C90000D0000000000164500381B450000C842EA
:106CA0000A000100987002089B970208000000008B
:106CB00000806144000068440000C8421E000000DB
:106CC00070700208A3970208010000000000000095
:106CD00000000000000000000000000000000000B4
:106CE00002000000010000000000000000000000A1
:106CF0000000000000000000040000000000000090
:106D00000100000000000000000000000000000082
:106D10000000000000000000000000000000000073
:106D20000000000000000000160000001800000035
:106D3000FFFFFFFFFFFFFFFFFFFFFFFFE070020805
:106D4000CC700208000000000000000006000000F7
:106D5000070000002F6D00082F6D00083B6D000834
:106D60003B6D00084B6D00084B6D000800000000F3
:106D70000000000000000000000000000000000013
:106D80000000000000000000000000000000000003
:106D900000000000000000000000000000000000F3
:106DA00000000000000000000000000000000000E3
:106DB00000000000000000000000000000000000D3
:106DC000846E02083C9202080000000000000000EF
:106DD000030000000300000028700208147002087D
:106DE0000000000000000000060000000600000097
:106DF0000000000000000000B1120008CD120008E1
:106E0000BF060008C306000804120111081404425A
:106E10000C120C441012144414121C442812244462
:106E20002C122C443012344400000000086E02087A
:106E30003C92020800000000000000000800000072
:106E40000C0000002C6E0208000000000517010075
:106E50000000200009160100200022000C1244400E
:106E60001012484019180140500038001C12884088
:106E7000211601008C001200251701009E00080059
:106E80000000000004120080091601000800220022
:106E90000D1601002A002200000000000517010065
:106EA0000000E70000000000186202080000000077
:106EB0000528084004004C00091201006402040087
:106EC00000000000051801400400D400091801402A
:106ED000DC0018000D180140F8001C0011180140DA
:106EE000180114001518014030010C001918014058
:106EF000400124001D1801406801280021120100F2
:106F0000900104002518011095010700291801209F
:106F10009E0148002D180120E8010C0031180110D5
:106F2000F501050035180120FC0124003918014045
:106F3000240210003D1801103502500041180130A4
:106F400088022C0045180110B50202000000000064
:106F5000FC5C0208E45C0208CC5C0208B45C020839
:106F60009C5C0208845C02086C5C0208545C0208A9
:106F7000245C0208000000000518014004006000C5
:106F80000918014068002C000D18014098002800E5
:106F900011180140C400C400151801408C011800EC
:106FA00019180140A80140001D180140EC0108001B
:106FB00021120100F401040025180120FA01B0009B
:106FC00029180120AC02300000000000B06E020859
:106FD000A86E02080000000000000000020000008F
:106FE00002000000C46E0208E05B0208000000001E
:106FF000000000001100000011000000786F02087E
:10700000506F020800000000000000000A000000AD
:107010000A000000FC6F0208E46F0208CC6F02084F
:10702000445D020800000000051201000000040099
:1070300009140100040004000D1801801000E00292
:1070400011180140F402B80215180140B005680299
:10705000191801201A086A000000000000FF000152
:107060000304050607FF000103040506070809FFDE
:107070005C70020800000000000000000100000039
:10708000000000005E700208000000000000000028
:107090000000000000000000667002080000000010
:1070A0000000000001000000000000000412004089
:1070B00000000000AC7002083C92020800000000D2
:1070C000000000000100000001000000A8620208AA
:1070D000E8610208B8610208B4700208000000000C
:1070E00005380140040060010D3201400400040035
:1070F00011300140040001001538014004008800EF
:10710000193801400400F6011D3801400400040054
:10711000000000000000000000000000077D0008E3
:107120002B7D0008450600082F0900085FA3000812
:10713000A7A300083F090008FF0800082709000866
:107140002B0900084D7800082D6D000889E601081C
:10715000E0FFFFFF0000000039DC000843DC00080E
:10716000D94F0008257D00083D7D0008390800083A
:107170004B080008D5770008000000000000000060
:107180000B7C0008217C0008450600082F09000838
:10719000D7A200081FA300084DB60008FF0800088A
:1071A000270900089BB30008377600082D6D0008FA
:1071B00000000000000000000D6F0008916F000843
:1071C0007D6D0008B69202082A96020800000000B1
:1071D00000000000E3750008F97500085B6E000808
:1071E000656E0008EC940208B6090020000000005B
:1071F0006410B71DC8206E3BAC30D9269041DC76B8
:10720000F4516B6B5861B24D3C7105502083B8ED61
:1072100044930FF0E8A3D6D68CB361CBB0C2649B85
:10722000D4D2D38678E20AA01CF2BDBD00000000D3
:107230000000000011E100084DE10008C1D900087C
:10724000000000000000000025E100085FE10008E8
:1072500099690008000000000000000039E1000802
:1072600071E10008C1DA0008587B0208507B02086F
:107270000000000000000000040000000400000006
:10728000000000000000000039DC000843DC0008BA
:10729000D94F000823E2000849E200083908000835
:1072A0004B0800086BEC0008000000000000000024
:1072B0005BE200089BE2000845060008DFD90008F1
:1072C000A7E30008EFE3000891020108FF080008A7
:1072D000270900082B090008C9E10008A3E10008FC
:1072E00019EB0108E0FFFFFF0000000039DC000897
:1072F00043DC0008D94F000895E20008ADE2000821
:10730000390800084B0800089BE100080000000055
:10731000000000000000000000000000450600081A
:107320002F090008A7E30008EFE300083F09000861
:10733000FF080008270900082B09000800000000CA
:107340002D6D00080000000000000000000000009B
:1073500000000000450600082F090008B7E40008F7
:10736000FFE400083F090008FF080008270900089B
:107370002B090008000000002D6D0008000000002F
:107380000000000039DC000843DC0008D94F000889
:10739000DBE2000817E30008390800084B08000882
:1073A00009060108FF08000829EE0108A9EE0108F6
:1073B000D0FFFFFF0000000011E3000829E30008F0
:1073C000450600082F0900083FE50008BDE5000854
:1073D000C3050108DFDA0008270900082B090008A7
:1073E0000DEE00082D6D00080000000000000000F8
:1073F0000000000000000000450600082F090008FA
:107400003FE50008BDE500083F090008FF08000847
:10741000270900082B090008000000002D6D000856
:1074200000000000000000002FE3000859E30008FE
:1074300045060008576D0008D3E900082509000833
:107440003F090008FF080008270900082B09000869
:1074500000000000000000006BE3000895E3000856
:10746000450600082F09000865EA000825090008FC
:107470003F090008FF08000801DB00082B0900088D
:10748000247802083C92020800000000000000007E
:1074900004000000040000000000000000000000E4
:1074A00081E90008BBE90008450600082F0900082B
:1074B0002FE4000877E4000881240108FF08000891
:1074C000270900082B090008CBFE00084DE9000839
:1074D00051EE0108E0FFFFFF0000000039DC00086A
:1074E00043DC0008D94F0008B5E90008CDE90008E1
:1074F000390800084B080008690301080000000073
:107500000000000000000000000000004506000828
:107510002F0900082FE4000877E400083F0900085D
:10752000FF080008270900082B09000800000000D8
:107530002D6D00082C01000058020000B00400006E
:1075400060090000C012000080250000004B000010
:107550000096000000E1000000C20100008403006A
:107560000008070000CA080000100E00110000000B
:1075700012000000100000000A0000000F000000D0
:107580000D0000000E0000000B0000000C000000C9
:107590000000000000000000F5EB000809EC000806
:1075A000450600080DDA000839EB00082509000837
:1075B00029EB0008FF080008270900082B0900082C
:1075C00000000000000000001BEC000853EC000865
:1075D000AD6A000843810008D9A400086D6E000858
:1075E000156E00081BDA0008B9690008C306000818
:1075F000C3060008BD9B0008159B000881EB01082D
:1076000060F5FFFF0000000039DC000843DC0008E3
:10761000D94F00084DEC000865EC00083908000857
:107620004B08000821EB0008D87A0208B47A020857
:107630000000000000000000090000000900000038
:1076400007000000003001401205000007010000A3
:1076500000000158020D00000A0000000038004040
:10766000120500000C00000000300140120500006F
:10767000150000000030014012050000FFFFFFFF71
:10768000000000000000000005000000003800407D
:107690001203000006000000003001401205000047
:1076A0000601000000000158020D00000B00000060
:1076B00000300140120500001400000000300140BD
:1076C00012050000FFFFFFFF0000000000000000A7
:1076D000010000000030014012050000050000001C
:1076E00000300140120500000501000000000158B3
:1076F000020D0000080000000038004012050000E4
:1077000009000000003800401205000013000000CE
:107710000030014012050000FFFFFFFF00000000E5
:1077200000000000040000000030014012050000CD
:107730000401000000000158020D000009000000D3
:1077400000380040120300000F000000003001402C
:107750001205000012000000003001401205000078
:107760001C0000000038004012050000FFFFFFFF72
:107770000000000000000000000000480004004875
:1077800000080048001C0048000000000000000045
:10779000F725010867260108450600082F0900089B
:1077A000D5E500081DE60008DFE80008E3DA000878
:1077B000FDDA00082B090008F9D300087F2601082C
:1077C00049EF0108D4FFFFFF0000000039DC00088A
:1077D00043DC0008D94F000861260108792601081A
:1077E000390800084B080008A12B01080000000020
:1077F0000000000000000000000000004506000836
:107800002F090008D5E500081DE600083F0900081B
:10781000FF080008270900082B09000800000000E5
:107820002D6D0008052408400400040009210820EB
:10783000260001000D24082030000400112108203A
:107840005200010000000000041200400812044031
:107850000C12084010120C40141210401812144060
:107860001C12184000000000051201000000040076
:1078700009120100080008000D12010010000800A4
:10788000111201802000080015120180300008004C
:1078900019120100380002001D1201003A00020016
:1078A000211201003C000200251701103F00C80012
:1078B0000000000004120111081203110C14084406
:1078C0000000000004120040081404400C1408409A
:1078D00010120C4014121040181214401C121820E0
:1078E00020121A2024121C40281220402C1224405E
:1078F0003012284034122C40381230203C113440D1
:10790000000000000414044408140C440C14144433
:1079100010141C441414244418142C441C1434440F
:1079200020143C442414444428144C442C1454443F
:1079300030145C443414644438146C443C1474446F
:1079400040147C44000000000412044408120C445B
:107950000C12144410121C441412244418122C4407
:107960001C12344420123C442412444428124C4437
:107970002C12544430125C443412644438146C4465
:107980003C14744440147C444414844448148C448F
:107990004C12944450129C445414A4445814AC44C3
:1079A0005C14B4446014BC446414C444000000007B
:1079B0000414044408140C440C14144410141C44FF
:1079C0001414244418142C441C1232222014384459
:1079D00024144044281448442C145044301458446F
:1079E00034125E22381464443C146C4440147444D1
:1079F00044147C44481484444C148C4450149444DF
:107A00005412991158149C42000000004878020852
:107A10003C92020800000000000000000700000087
:107A200007000000687802083C920208000000008D
:107A3000000000000900000009000000B4780208FE
:107A40003C9202080000000000000000030000005B
:107A500003000000C47802083C9202080000000005
:107A6000000000000F0000000F0000000479020871
:107A70003C9202080000000000000000100000001E
:107A800010000000487902083C9202080000000043
:107A9000000000001900000019000000B079020881
:107AA0003C920208000000000000000016000000E8
:107AB00016000000145D02089C7A0208847A02080D
:107AC0006C7A0208547A02083C7A0208247A020886
:107AD0000C7A0208000000000514010000000400F8
:107AE00009380140080028000D3801400800A000B6
:107AF000113801400800C800153801400800800016
:107B000019380140080038001D38014008000C00F9
:107B100021380140080008012538014008001C00F8
:107B20000000000004120040081404400C14084037
:107B300010120C4000000000247B02083C92020856
:107B4000000000000000000004000000040000002D
:107B5000387B0208000000000412004008120440B4
:107B60000C12084011280A4010001000000000000C
:107B7000000000000000000009DB000883E10008AD
:107B80000000000000000000B3E20008C9E20008A5
:107B9000450600083B090008B7E40008FFE40008B8
:107BA00009DA0008FF080008270900082B09000867
:107BB000710301082D6D000889EA0008FFFFFFFF2F
:107BC000000000008001000080010000637C777BE2
:107BD000F26B6FC53001672BFED7AB76CA82C97DC9
:107BE000FA5947F0ADD4A2AF9CA472C0B7FD93265A
:107BF000363FF7CC34A5E5F171D8311504C723C35E
:107C00001896059A071280E2EB27B27509832C1AA1
:107C10001B6E5AA0523BD6B329E32F8453D100EDFB
:107C200020FCB15B6ACBBE394A4C58CFD0EFAAFBDF
:107C3000434D338545F9027F503C9FA851A3408FA7
:107C4000929D38F5BCB6DA2110FFF3D2CD0C13ECBF
:107C50005F974417C4A77E3D645D197360814FDC54
:107C6000222A908846EEB814DE5E0BDBE0323A0A38
:107C70004906245CC2D3AC629195E479E7C8376DBC
:107C80008DD54EA96C56F4EA657AAE08BA78252EE1
:107C90001CA6B4C6E8DD741F4BBD8B8A703EB5666A
:107CA0004803F60E613557B986C11D9EE1F898115B
:107CB00069D98E949B1E87E9CE5528DF8CA1890D4A
:107CC000BFE6426841992D0FB054BB1652096AD5E0
:107CD0003036A538BF40A39E81F3D7FB7CE33982C1
:107CE0009B2FFF87348E4344C4DEE9CB547B943210
:107CF000A6C2233DEE4C950B42FAC34E082EA16658
:107D000028D924B2765BA2496D8BD12572F8F6642E
:107D100086689816D4A45CCC5D65B6926C704850A9
:107D2000FDEDB9DA5E154657A78D9D8490D8AB005E
:107D30008CBCD30AF7E45805B8B34506D02C1E8F87
:107D4000CA3F0F02C1AFBD0301138A6B3A911141C3
:107D50004F67DCEA97F2CFCEF0B4E67396AC7422AC
:107D6000E7AD3585E2F937E81C75DF6E47F11A712A
:107D70001D29C5896FB7620EAA18BE1BFC563E4B63
:107D8000C6D279209ADBC0FE78CD5AF41FDDA83325
:107D90008807C731B11210592780EC5F60517FA965
:107DA00019B54A0D2DE57A9F93C99CEFA0E03B4D94
:107DB000AE2AF5B0C8EBBB3C83539961172B047E08
:107DC000BA77D626E169146355210C7D001B362D48
:107DD0006C775A410001020408102040801B3600D5
:107DE000982F8A4291443771CFFBC0B5A5DBB5E926
:107DF0005BC25639F111F159A4823F92D55E1CAB9A
:107E000098AA07D8015B8312BE853124C37D0C5527
:107E1000745DBE72FEB1DE80A706DC9B74F19BC16F
:107E2000C1699BE48647BEEFC69DC10FCCA10C245F
:107E30006F2CE92DAA84744ADCA9B05CDA88F97643
:107E400052513E986DC631A8C82703B0C77F59BFAD
:107E5000F30BE0C64791A7D55163CA0667292914D9
:107E6000850AB72738211B2EFC6D2C4D130D385376
:107E700054730A65BB0A6A762EC9C281852C729238
:107E8000A1E8BFA24B661AA8708B4BC2A3516CC766
:107E900019E892D1240699D685350EF470A06A109F
:107EA00016C1A419086C371E4C774827B5BCB034EE
:107EB000B30C1C394AAAD84E4FCA9C5BF36F2E688C
:107EC000EE828F746F63A5781478C8840802C78C1B
:107ED000FAFFBE90EB6C50A4F7A3F9BEF27871C61E
:107EE0000100000002000000040000000800000083
:107EF0001000000020000000400000008000000092
:107F00000001000000020000000400000008000062
:107F10000010000000200000004000000080000071
:107F2000020104030204081004004000000422FBC4
:107F30001200110321001106210322021406110B65
:107F4000120B110E120E11141116220B1315211102
:107F5000240D211421162215231541134114331425
:107F60005213611652165316631664167416500097
:107F7000B00018017801B0021803C8053006300CB3
:107F8000980C010100000100010000000100010047
:107F9000000F060300122436480416283A4C081A2B
:107FA0002C3E0C1E30421022344601132537490561
:107FB00017293B4D091B2D3F0D1F31431123354719
:107FC000021426384A06182A3C4E0A1C2E400E205F
:107FD0003244031527394B07192B3D4F0B1D2F41F9
:107FE0000F213345000000000000000000000000E9
:107FF0000000000000000000000000000000000081
:10800000000000000100000000000000000000006F
:108010000000000000000000000000000000000060
:1080200000000000E0EB7A7C3B41B8AE1656E3FA64
:10803000F19FC46ADA098DEB9C32B1FD86620516A8
:108040005F49B8005F9C95BCA3508C24B1D0B1555A
:108050009C83EF5B04445CC4581C8E86D8224EDDA2
:10806000D09F1157ECFFFFFFFFFFFFFFFFFFFFFF58
:10807000FFFFFFFFFFFFFFFFFFFFFFFFFFFFFFFF10
:10808000FFFFFF7F00000000000000000000000074
:1080900000000000AD6A000843810008D9A4000870
:1080A0006D6E0008B769000800000000B96900089B
:1080B000C3060008C306000800000000000000001E
:1080C00000000000000000000000000000000000B0
:1080D00000000000000000000000000000000000A0
:1080E0000000000000000000000000000000000090
:1080F0000000000000000000000000000000000080
:10810000000000000000000000000000000000006F
:1081100000000000C08F0208B48F020800000000B9
:108120000000000003000000030000000000000049
:10813000000000000BDB000895120108BF060008D4
:10814000690E010823DB0008D70F0108F50F0108AD
:108150004188010863880108748D02086C8D02084B
:1081600000000000F12200080200000002000000F0
:108170003021120312033021031221302130031267
:108180004370340725165261526125163407437037
:108190000734704361521625162561527043073427
:1081A0003407437052612516251652614370340717
:1081B0007043073416256152615216250734704307
:1081C000000000000000000039DC000843DC00086B
:1081D00059FD0008000000000000000039DC000824
:1081E00043DC0008D94F0008000000000000000038
:1081F000390800084B0800080000000000000000DB
:108200000000000039DC000843DC00086DFD0008B8
:1082100000000000188D0208FC8C0208000000001D
:10822000000000000A0000000E0000000000000036
:1082300000000000000000000000000045060008EB
:108240000000000021090008250900083F09000876
:10825000FF080008270900082B090008000000009B
:1082600000000040128100000100000000000040FA
:108270001201010002000000000000401281010014
:108280000300000000000040120102000500000091
:108290000000004012810000060000000044014080
:1082A000128E000007000000002C01401281100017
:1082B0000701000000480140128E00000800000085
:1082C000002C01401281000009000000002C014038
:1082D000120101000A000000002C0140128101007F
:1082E0000B000000002C0140120102000F000000F2
:1082F0000000004012810000130000000000004058
:10830000120101001600000000440140128E10000E
:108310001700000000480140128E100018000000F5
:10832000002C01401201110018010000004401401E
:10833000128E0000FFFFFFFF0000000000000000A1
:108340000000000000000000C5060008E9870108E1
:10835000BF060008C3060008615000085E10D20F77
:10836000960F320FD80E880E2E0ECA0D5C0DE40C3F
:108370001C0C00000000000000000000C1630008A9
:1083800000000000000000000000000000000000ED
:1083900000000000000000000000000000000000DD
:1083A00000000000000000000000000000000000CD
:1083B00000000000000000000000000000000000BD
:1083C00000000000000000000000000000000000AD
:1083D000000000000000000000000000000000009D
:1083E000000000000000000000000000000000008D
:1083F000000000000000000000000000000000007D
:10840000000000000000000000000000000000006C
:10841000000000000000000000000000000000005C
:10842000000000000000000000000000000000004C
:10843000F47ECC17E6B4A322ECEED9084F3963EAF8
:108440008075E124CE05366963B2CBC028D3348B66
:108450005A9EA2A68AA666C15F550064A3A6FE71B5
:10846000C0BB82C3323D7A7AE36EFDDDAD3A66B9B8
:10847000B3DF3B2E67B6D5F8DF762C455E2EBD16F2
:10848000C5F867AA15F8920BDF5A6650AC0DBB2FE2
:108490003B8F863A381F7739A94EEF91185A62E11F
:1084A000AA9D36EACE60358D9D1FF4B8C9136A5D6A
:1084B000367E2DE1845F425229110A2564546A6B8D
:1084C000FDB665FF151A5171224057F6919B64580D
:1084D0001677EBA45291FB26CF8FD7D9D15DC46814
:1084E0007375EDC59558EE9056D42F3129F78C1F32
:1084F000318CA95EED3C12BF979C478E989DC23E81
:1085000086239029C8B020F8B1B0AA192ACF0A54FE
:10851000A48A990E51DC1220F313F52B3AE2434260
:10852000C65298CDBBCAB131A0D4D630F327FB498F
:10853000D23F138D22048D075958A0F955CF30A092
:108540002E2FCA8020E4DEA1ADD958B3432B227070
:108550004041EC6AD2D603E49A9EBD6C0A9B75A496
:10856000BCAB6FA795FF2DF6E9B9AB4C0C1CD03B0B
:108570002249322B00F922FA1702E96482F04D1BDE
:10858000C704FCDC8C5EB6D916D637CE59AA094989
:10859000486F1E48978864ACE8EB30A3C3E1CF97DF
:1085A00039A6555B5FBF18B73ADFA875E79DE01E97
:1085B00009B4E26D2898C9476646BFFF581791AACB
:1085C000C3BF4A9D0B88B1F103DD61D7BA9E6498A1
:1085D000393984E0222F7D78451872B413D2012FE7
:1085E0003CA1B0FE39D0F13C72D6EF54D57722A031
:1085F0000ADA5FECFF5CC02E5FC48D03E58059D3BF
:108600005D4986E98DF6F616353DF99B29559E6440
:108610000856F0D7EF77D6111C8F952D3CDFB1228D
:10862000BF609BE5A9C06E4B01DCD15744B2A5CF1A
:108630002CB27785D6B7489CFEBC802660F46DCE00
:108640001131A21E330A6D2B00FA0C90958F5C6BD2
:10865000FA59C86E94EE75C99AB0FE893640C99928
:108660004A3BF4AA1224A20FF9D108CB7819AAE543
:108670006E427A4A8C616222A189D3A4C219A38373
:1086800053A77A0A89E25452623DE7CA8CF66A60BF
:1086900020272FBA0C99D729F31135899D0E24A1D3
:1086A000C3CBDF8AF1C6FED0D79F92D68F59BFE4E5
:1086B0009170B47CFBFFA0596A251CA99EE94381F7
:1086C0005D74B1B10928004AAFE3FCA94E27764C8E
:1086D00085FE7CECB67874C3ECE1327FB0B70274EF
:1086E000F923D8E7FA14E6EE6644B18CA52F7ED2C2
:1086F0008E66657B3B6F7ECC57B457EACC83F5AA78
:10870000F765A3CE937213C1B6467B2945B5C893CE
:10871000CC11FB1AABA131876AC6DE8887A9B9598B
:1087200037828DB2CCD897409A5C8F4055CB4C3E67
:1087300000000000000000002F200008A120000819
:10874000D88D0208848D020800000000000000009F
:108750003B00000067000000000000000000000077
:108760001D8A00084F6E0008854B0108A54B0108C3
:10877000014C01085D4C0108A14E01089F4F010802
:10878000D72B0108012C0108A94F0108AD4F0108A2
:1087900081500108E37200080D2C0108396C0008B3
:1087A0004F2C01086F4B0108C92B01083D510108EE
:1087B000E5500108E92C0108EB2C0108B12B010858
:1087C00000000000000000000D6401084B4B010890
:1087D000934B0108B34B01080F4C01085D4C010895
:1087E000A14E01089F4F0108D72B0108012C010859
:1087F000A94F0108AD4F010881500108A15001089F
:108800000D2C01084D2C01084F2C01086F4B01085D
:10881000C92B01083D510108E5500108E92C010868
:10882000EB2C0108B12B01080000FFFF00008000C5
:108830000000000008000800000000000000000028
:10884000E8030000FFFFFFFFFFFFFFFFFFFFFFFF49
:10885000FFFFFFFFFFFFFFFF000000000000000020
:108860000B6401083F4B010881650108A55501080B
:10887000A9550108B1550108912F01082D330108B0
:10888000252E010857330108712F0108876601085A
:10889000376701083B610108735D0108F164010855
:1088A000456B0108CB6A0108E96C0108E36D01081A
:1088B000857A0108895E0108652D01083B6D010874
:1088C000F5790108715401084F3201080567010864
:1088D0007F55010831690108D12F0108716901082C
:1088E000653101085D550108555501087D310108C4
:1088F000AB2F010805680108F9680108152F010868
:10890000392F0108B95F0108352D01083D2D0108F7
:10891000352D01083D2D0108352D01083D2D01089B
:108920008B2D0108A16A0108137101084F6001082D
:1089300087310108594E0108754F0108DD6E0108A5
:10894000A96F0108EF600108197C01087F80010808
:10895000B58001080D810108000000000000000042
:108960002D8701087B8B0108118701085D890108AB
:10897000E9860108BD870108F786010841880108DA
:1089800063880108000000000000000049F20008B0
:10899000C9F10008BF0600085DE6000805DC000814
:1089A0000DDC000827DC0008418801086388010805
:1089B0000000000000000000E58D010804140040E4
:1089C000081004100C100510101006100000000014
:1089D000BC8902083C920208000000000000000070
:1089E0000400000004000000041204440000000021
:1089F00004100111081204420C140C441012144407
:108A000014121C4418102111000000000414044426
:108A1000081009110000000004100111081204429E
:108A20000C140C441012144414121C44181021117C
:108A30001C10231100000000041200400811044023
:108A40000C10081000000000D0890208000000008F
:108A5000051801400400080000000000051801404E
:108A600004000800091701000C0021000C1130401F
:108A700000000000E88902083C92020800000000A3
:108A8000000000000100000001000000F089020861
:108A90003C920208000000000000000006000000F8
:108AA000060000000C8A02083C9202080000000048
:108AB000000000000200000002000000188A020806
:108AC0003C920208000000000000000007000000C7
:108AD00007000000388A02083C92020800000000EB
:108AE000000000000300000003000000508A02089C
:108AF000488A020800000000000000000100000099
:108B0000010000005C8A0208488A02080000000098
:108B100000000000030000000300000004120040F9
:108B2000091801100500110000000000BC8A0208AD
:108B3000A48A02088C8A0208748A020800000000D5
:108B40000518014004002400091801402C000C0005
:108B50000D1801403C002400111801406400080079
:108B6000000000000412001009160100020022009B
:108B70000000000004120010081204400C120880CB
:108B80001012144400000000445D020800000000C0
:108B9000041200400918012006006A000C10701031
:108BA00010107110000000000412001008120110D3
:108BB0000C1202201012042000000000248C020875
:108BC000000000000528104004001800000000000C
:108BD0000517010000000800081108400C140C40A3
:108BE000111701001000050000000000048B0208AE
:108BF000EC8A0208D48A020814530208000000001C
:108C00000518014004003400091801403C000C0024
:108C10000D1801404C000C00111801405C000800C8
:108C2000000000001C8B02084453020800000000F2
:108C3000000000000200000002000000408B02085B
:108C40002C8B02080000000000000000040000005F
:108C500004000000648B02083C920208000000003F
:108C6000000000000200000002000000748B0208F7
:108C70003C92020800000000000000000400000018
:108C800004000000908B0208888B0208000000009E
:108C9000000000000400000004000000A88B02088F
:108CA0003C920208000000000000000004000000E8
:108CB00004000000C48B0208BC8B02080000000006
:108CC000000000000100000001000000D08B02083D
:108CD0003C920208000000000000000004000000B8
:108CE00004000000008C0208EC8B02080000000069
:108CF0000000000004000000040000009062020870
:108D0000445D0208A8620208A8620208A86202087C
:108D1000248C0208000000000918014004004C00E7
:108D20000D18012052006A0015280140C0006001A2
:108D30001D18014024026001211201008403040077
:108D400025100100880301002D1001008903010096
:108D5000311801208C03600135280C40F004180004
:108D6000391201001006040000000000BC4E020889
:108D700000000000041200400968010004000C001B
:108D80000000000018620208445D020860620208E8
:108D900030620208D0610208E48C0208CC8C020820
:108DA000B48C02089C8C0208445D02081862020818
:108DB00060620208306202082C5D020870610208DD
:108DC00070610208848C02086C8C0208548C0208C2
:108DD0003C8C0208000000000532018008000400FD
:108DE0000938018008004C000D30018008000100A6
:108DF0001138018008006A00153201800800010066
:108E0000193801800800D0001D32018008000100DF
:108E1000213801800800D8002930018008000100B5
:108E20002D3701800800C9003130018008000100A1
:108E30003538018008002C0039300180080001001D
:108E40003D3701800800E700413001800800010043
:108E50004538018008006400493801800800180086
:108E60004D30018008000100513801800800840164
:108E70005530018008000100593701800800C90001
:108E80005D320180080004006132018008000100A9
:108E9000653201800800010069320180080001008C
:108EA0006D380180080006008138018008006A00E2
:108EB0008538018008004C00893801800800D00006
:108EC0008D3801800800D800913701800800C90062
:108ED000953701800800E7009932018008000400FE
:108EE0009D32018008000400A132018008000400C6
:108EF000A538018008007400A93001800800010035
:108F0000AD34018008000400B13001800800010088
:108F1000B538018008008C00B938018008008C0049
:108F2000BD32018008000400C13201800800040045
:108F3000C5320180080004000130018008000110E2
:108F40000530018008000110093801800800741004
:108F50000D38018008001810113001800800011040
:108F600079310180080004107D310180080004106F
:108F70008130018008000110853101800800041053
:108F800089310180080004108D310180080004102F
:108F900091300180080001109516010090010A101F
:108FA00099380180080024109D38018008006C1059
:108FB00000000000807402088074020800000000B5
:108FC0000538014004005C000938014004005C00E1
:108FD0000C320414000000004445425547001B5B5E
:108FE00033346D00494E464F20001B5B33326D0019
:108FF0005741524E20001B5B33336D004552524F98
:1090000052001B5B33316D001B5B306D00322E371D
:109010002E32322E63636437343933004174746501
:109020006D707420656E63727970742077697468EE
:10903000206E6F6E63653A2000417474656D7074C4
:1090400020656E6372797074207769746820736824
:10905000617265645F6B6579207374617274696EA7
:109060006720776974683A2000417474656D707484
:1090700020646563727970742077697468206E6FFC
:109080006E63653A2000417474656D707420646588
:10909000637279707420776974682073686172658F
:1090A000645F6B6579207374617274696E67207791
:1090B0006974683A2000766563746F723A3A5F4D5E
:1090C0005F7265616C6C6F635F696E73657274006B
:1090D0005452414345001B5B33356D00257320001E
:1090E0007C20253032643A253032643A25303264AF
:1090F00020257520007C203F3F3A3F3F3A3F3F20EC
:10910000257520005B005D20004D657368746173F8
:109110007469632025303478002125303878002F99
:109120007374617469632F72616E676574657374BB
:109130002E63737600766563746F723A3A5F4D5FA3
:1091400072616E67655F636865636B3A205F5F6E2F
:109150002028776869636820697320257A7529203B
:109160003E3D20746869732D3E73697A6528292015
:1091700028776869636820697320257A7529004912
:109180006E636F6D696E67205075626B65793A200A
:10919000005361766564205075626B65793A2000F2
:1091A00052656D6F7465206465766963652025730B
:1091B00020686173206164766572746973656420E8
:1091C000796F7572207075626C6963206B65792E9A
:1091D0002054686973206D617920696E64696361E8
:1091E0007465206120636F6D70726F6D6973656463
:1091F000206B65792E20596F75206D6179206E6521
:10920000656420746F20726567656E657261746550
:1092100020796F7572207075626C6963206B657957
:10922000732E00766563746F723A3A5F4D5F7261B8
:109230006E67655F696E7365727400000000000000
:10924000456E746572205365637572697479204E3A
:10925000756D62657220666F72204B657920566568
:1092600072696669636174696F6E005665726966DA
:1092700069636174696F6E3A200A0046696E616CB9
:1092800020636F6E6669726D6174696F6E20666FC0
:109290007220696E636F6D696E67206D616E7561B6
:1092A0006C206B65792076657269666963617469A3
:1092B0006F6E202573002F70726566732F72696E52
:1092C00067746F6E652E70726F746F004D65736892
:1092D00020436F6E74726F6C2075706461746520CA
:1092E00072656365697665642066726F6D202725F7
:1092F000732720287365713D2575292E20417070D4
:10930000726F766520696E2061707020746F2061C5
:1093100070706C792073657474696E67732E006366
:10932000616E6E6F7420637265617465207374641E
:109330003A3A6465717565206C6172676572207474
:1093400068616E206D61785F73697A6528290050C5
:10935000726573657420257320696E76616C69642B
:1093600020666F722025732C207573696E67202527
:10937000730050726573657420257320696E766181
:109380006C696420666F72202573002573207370EA
:10939000616E20252E30666B487A203C2072657104
:1093A00075657374656420252E30666B487A0043BA
:1093B00068616E6E656C206E756D626572202575D4
:1093C00020696E76616C696420666F722025732C4B
:1093D000206D61782069732025750046726571756E
:1093E000656E6379206F7665727269646520696E57
:1093F00020706C6163652C207573696E6720252E63
:109400003366002F7072656673002F707265667325
:109410002F7472616E736D69745F686973746F72B3
:10942000792E6461740072616B333137320020250C
:10943000303278005365742061646D696E206B650D
:109440007920746F20005472616365526F75746582
:109450002063616E206F6E6C792062652073656E8B
:1094600074206F6E636520657665727920333020D5
:109470007365636F6E6473004D756C74692D686FEE
:1094800070207472616365726F75746520746F20EB
:1094900062726F6164636173742061646472657386
:1094A00073206973206E6F7420616C6C6F776564D4
:1094B000002F0044757479206379636C65206C69B2
:1094C0006D69742065786365656465642E20596FE5
:1094D000752063616E2073656E6420616761696EDB
:1094E00020696E202564206D696E73007365726952
:1094F000616C006770696F00257320737461746517
:109500003A20256900257320646574656374656479
:109510000046696E616C20636F6E6669726D61747E
:10952000696F6E20666F72206F7574676F696E6702
:10953000206D616E75616C206B657920766572694E
:109540006669636174696F6E20257300496E636F8D
:109550006D696E67204B657920566572696669632F
:109560006174696F6E2E0A53656375726974792030
:109570004E756D6265720A2530337520253033755E
:1095800000526562726F616463617374206D6F6411
:10959000652063616E277420626520736574207492
:1095A0006F204E4F4E4520666F72206120726F759E
:1095B00074657220726F6C6500526567696F6E200A
:1095C0002573207265717569726573206C696365B6
:1095D0006E736564206D6F6465006D73680025733C
:1095E0002F257300596F75206D7573742070726F1D
:1095F00076696465206174206C65617374206F6E98
:10960000652061646D696E207075626C6963206BA2
:10961000657920746F20656E61626C65206D616E86
:1096200061676564206D6F64650061646D696E00DB
:10963000496E636F6D696E672073657373696F6ED2
:10964000206B65793A200045787065637465642005
:1096500073657373696F6E206B65793A200073656B
:109660006B726974004C6963656E736564206D6F1D
:109670006465206163746976617465642C20726529
:109680006D6F76696E672061646D696E20636861D5
:109690006E6E656C20616E6420656E6372797074A5
:1096A000696F6E2066726F6D20616C6C20636861FB
:1096B0006E6E656C73002F70726566732F756963CB
:1096C0006F6E6669672E70726F746F002F626163D0
:1096D0006B757073002F6261636B7570732F6261BD
:1096E000636B75702E70726F746F004D65736820B8
:1096F000436F6E74726F6C20757064617465206462
:109700006973636172646564002E746D70005553F3
:109710000045555F3433330045555F3836380043D4
:109720004E004A5000414E5A00414E5A5F34333386
:10973000005255004B5200545700494E004E5A5F9C
:109740003836350054480055415F343333005541B5
:109750005F383638004D595F343333004D595F3927
:1097600031390053475F3932330050485F34333367
:109770000050485F3836380050485F393135004B6B
:109780005A5F343333004B5A5F383633004E505FE4
:109790003836350042525F393032004C4F52415F0B
:1097A000323400554E53455400656E642D6F662D5E
:1097B00073747265616D00696F206572726F7200FB
:1097C000766172696E74206F766572666C6F770071
:1097D000696E76616C696420776972655F7479700F
:1097E0006500706172656E742073747265616D20BE
:1097F000746F6F2073686F72740053657269616C67
:109800004D6F64756C65526164696F003F3F3F0046
:1098100025733A20257300696E76616C6964207344
:10982000697A650073697A6520746F6F206C617264
:109830006765007265616C6C6F63206661696C6559
:109840006400696E76616C696420756E696F6E2064
:10985000746167006172726179206F766572666CFF
:109860006F77006661696C656420746F207365743E
:109870002064656661756C747300696E76616C69ED
:1098800064206669656C64207479706500746F6F1C
:10989000206D616E7920617272617920656E7472DB
:1098A0006965730063616C6C6261636B20666169FA
:1098B0006C6564007A65726F2074616700696E760A
:1098C000616C696420657874656E73696F6E00778A
:1098D000726F6E672073697A6520666F72206669A1
:1098E00078656420636F756E74206669656C6400CA
:1098F0006D697373696E67207265717569726564ED
:10990000206669656C640077726F6E672077697294
:1099100065207479706500696E76616C6964206495
:109920006174615F73697A6500696E7465676572F9
:1099300020746F6F206C6172676500627974657363
:10994000206F766572666C6F7700737472696E67EC
:10995000206F766572666C6F7700696E76616C69F0
:1099600064206669656C64206465736372697074F1
:109970006F7200696E636F727265637420666978D6
:109980006564206C656E6774682062797465732005
:1099900073697A65002E2E0073747265616D20669E
:1099A000756C6C0062797465732073697A652065E3
:1099B00078636565646564007A65726F2D6C656EA9
:1099C00067746820737472696E6700756E7465726F
:1099D0006D696E6174656420737472696E6700638B
:1099E000616C6C6261636B206572726F7200617290
:1099F000726179206D61782073697A65206578637A
:109A0000656564656400286E6F6E652900203E20E0
:109A1000002800644229004E6F20726573706F6EDB
:109A20007365207265636569766564005761697462
:109A300020666F7220000000486172644661756C98
:109A400074210D0A0000000072303A202530387869
:109A50000D0A000072313A20253038780D0A0000D6
:109A600072323A20253038780D0A000072333A20DD
:109A7000253038780D0A00007231323A202530380E
:109A8000780D0A006C723A20253038780D0A0000F3
:109A900070635B72657475726E2061646472657365
:109AA000735D3A20253038780D0A000078707372A3
:109AB0003A20253038780D0A007375626D7367207F
:109AC00073697A65206368616E67656400212D3073
:109AD000333639002D256C642E25302A6C64003015
:109AE0007825303878000108AC00657870616E64C4
:109AF0002033322D62797465206BB02AAE7DEECBB7
:109B0000BBB1FC036FDDDC7D76670CE81F0DA3A005
:109B1000AA1EB0BD726B2B4C8A7E34FC3760F41EDB
:109B200022A00BFB188460A5777200D4F1BB3A2009
:109B3000290759F0BCFFABCF4E6901004375737420
:109B40006F6D004C6F6E67536C6F770053686F7268
:109B500074547572626F004C6F6E674D6F64005382
:109B6000686F7274536C6F77004C6F6E67466173E9
:109B7000740053686F72744661737400496E766145
:109B80006C6964004D656469756D536C6F77004C4A
:109B90006F6E67547572626F004D656469756D46CE
:109BA0006173740044656661756C74005468726515
:109BB00061642000546872656164436F6E74726FF3
:109BC0006C6C657220006C6974746C656673002F30
:109BD00070726566732F6E6F6465732E70726F742A
:109BE0006F002F70726566732F6465766963652EEA
:109BF00070726F746F002F70726566732F636F6E73
:109C00006669672E70726F746F002F70726566736D
:109C10002F6D6F64756C652E70726F746F002F708E
:109C2000726566732F6368616E6E656C732E7072F9
:109C30006F746F004D65736820436F6E74726F6C44
:109C40002073657474696E6773206170706C6965E8
:109C500064006D7174742E6D6573687461737469DA
:109C6000632E6F7267006D657368646576006C6162
:109C7000726765346361747300526573746F7265E3
:109C800064206B6579006D657368746173746963D2
:109C90002E706F6F6C2E6E74702E6F72670053652E
:109CA0007269616C436F6E736F6C65000D0A0D0A0B
:109CB0002F2F5C2045205320482054202F5C205318
:109CC0002054202F20430D0A0056657273696F6E71
:109CD00020257320666F722025732066726F6D20B9
:109CE00025730D0A0052434756312F6669726D770E
:109CF0006172652D466F726B004465627567206DF9
:109D000075746520697320656E61626C65642C20D2
:109D100074686572652077696C6C206265206E6F6F
:109D20002073657269616C206F75747075742E0D87
:109D30000A006D61696E436F6E74726F6C6C657250
:109D40000074696D6572436F6E74726F6C6C6572CE
:109D500000506F776572002F70726566732F6462B2
:109D60002E70726F746F00766563746F723A3A5F2B
:109D70004D5F64656661756C745F617070656E647B
:109D800000526F75746572005374617475734C453D
:109D9000444D6F64756C650041646D696E006D655E
:109DA00073685F636F6E74726F6C004D65736843A8
:109DB0006F6E74726F6C006E6F6465696E666F00B3
:109DC0004E6F6465496E666F00776179706F696E7A
:109DD00074007472616365726F75746500547261AA
:109DE0006365526F757465006E65696768626F724E
:109DF000696E666F004E65696768626F72496E666C
:109E00006F00646574656374696F6E0044657465A2
:109E10006374696F6E53656E736F72004B6579562C
:109E20006572696669636174696F6E00446576691D
:109E3000636554656C656D6574727900536572690C
:109E4000616C0045787465726E616C4E6F74696602
:109E500069636174696F6E4D6F64756C65004578F8
:109E60007465726E616C4E6F746966696361746962
:109E70006F6E0032343A643D33322C6F3D352C62C4
:109E80003D3536353A66362C702C66362C34702CBF
:109E9000702C66362C702C66362C32702C702C622E
:109EA000362C702C62362C702C62362C702C62365C
:109EB0002C702C622C702C622C702C622C702C62FA
:109EC0002C702C622C702C622C702C622C702C62EA
:109ED0002C31702E2C32702E2C7000726F757469BC
:109EE0006E6700526164696F496600526164696F10
:109EF0004C6962206572723D005358313236310030
:109F000041697254696D6500626F6F742074696D88
:109F1000656F75740057616B652074696D657200BB
:109F20005265636569766564207061636B65742C46
:109F30002065786974696E67206C6967687420733E
:109F40006C65657000526563656976656420706153
:109F5000636B65742C20726573657474696E672019
:109F600077696E2077616B65005072657373004C82
:109F70006F774261740053687574646F776E00493F
:109F80006E7075742044657669636500426C756512
:109F9000746F6F74682070616972696E67005061D8
:109FA000636B657420666F722070686F6E65005217
:109FB000656365697665642074657874007365729D
:109FC00069616C2041504900706F77657220636F42
:109FD0006E6E65637400706F776572206469736379
:109FE0006F6E6E65637465640073657269616C2081
:109FF000646973636F6E6E65637400436F6E746142
:10A0000063742066726F6D2070686F6E65005363B5
:10A010007265656E2D6F6E2074696D656F75740065
:10A02000506F77657246534D0053485554444F570F
:10A030004E00534453004C53004E42004441524B97
:10A040000053455249414C00424F4F54004F4E007F
:10A05000504F57455200436F6D70726F6D69736555
:10A0600064206B657973207765726520646574651B
:10A070006374656420616E6420726567656E6572E5
:10A08000617465642E0062617369635F73747269E1
:10A090006E673A3A5F535F637265617465000202EE
:10A0A0000203050507070B0B0B0B0D0D020000004B
:10A0B0000300000005000000070000000B00000086
:10A0C0000D00000011000000130000001700000048
:10A0D0001D0000001F0000002500000029000000F6
:10A0E0002B0000002F000000350000003B000000A6
:10A0F0003D00000043000000470000004900000050
:10A100004F000000530000005900000061000000F3
:10A11000670000006D000000710000007F0000007B
:10A12000890000008B000000950000009D000000E9
:10A13000A7000000B3000000C1000000C70000003D
:10A14000D3000000E3000000F10000000101000066
:10A150001501000025010000390100005101000037
:10A16000670100007F01000099010000B7010000B5
:10A17000D3010000F70100001D02000041020000B1
:10A180006B02000095020000C5020000F902000009
:10A190003703000077030000B90300000704000044
:10A1A00055040000A9040000090500006505000031
:10A1B000D50500004D060000CD0600005707000041
:10A1C000ED0700008308000035090000F5090000D4
:10A1D000C10A00009B0B0000890C00008D0D0000DF
:10A1E0009B0E0000BB0F0000FD1000005F1200007E
:10A1F000DF1300007F150000411700001B1900004D
:10A20000251B00005D1D0000BB1F00004F22000049
:10A210001925000021280000692B0000EB2E00000A
:10A22000B7320000D1360000453B00001B40000063
:10A2300055450000EF4A000011510000AF570000E3
:10A24000D95E00009B660000FB6E000007780000EE
:10A25000C78100005D8C0000D99700003BA400007E
:10A26000A9B1000031C00000D1CF0000D5E000004E
:10A2700019F30000EB060100711C0100BB33010063
:10A28000ED4C01002B6801009585010079A50100C6
:10A29000FBC701003FED01009F1502005141020084
:10A2A0007F70020085A30200D3DA0200A916030022
:10A2B0005B570300619D030017E903000D3B040099
:10A2C000AF93040097F30400555B05008BCB0500AA
:10A2D000E944060047C806007156070031F0070040
:10A2E00099960800874A0900410D0A00F9DF0A0023
:10A2F000E9C30B0085BA0C0053C50D00F1E50E0053
:10A30000431E100025701100ADDD12001D69140000
:10A31000F1141600DBE31700A3D8190071F61B0037
:10A32000A3401E00D1BA2000F36823003D4F260051
:10A330005972290037D72C0027833000237C340042
:10A3400057C83800AF6E3D007B764200BDE747003E
:10A3500013CB4D00D1295400F30D5B00C78262007E
:10A36000B5936A00E34D730017BF7C003BF686008F
:10A37000770392004DF89D00E9E7AA00B9E6B8001E
:10A38000DF0AC800736CD8006F25EA00F951FD00A0
:10A3900077101201DB812801B9C940018D0E5B01E4
:10A3A0000B7A77016D399601617DB701957ADB01F2
:10A3B000596A0202638A2C02871D5A02136C8B02AF
:10A3C00035C4C002B77AFA0219EB38036F787C0300
:10A3D000E18DC503679F1404752A6A04EBB6C604B1
:10A3E00087D72A052D2B9705B55D0C0629298B06E5
:10A3F00095561407DDBFA80751504908BB06F7085A
:10A40000F9F6B2090D4B7E0A93455A0BC343480C2B
:10A4100031BF490D5D50600E5BB18D0F5FC0D31031
:10A42000BD8234124D28B213890E4F15A5C40D17E5
:10A43000850FF11809EEFB1AC99D311D75A0951FF6
:10A4400011C12B225D1AF824F11CFF27A596452B7C
:10A45000B7B9D02EE725A6324BF0CB36D5AD483B69
:10A46000217D2340691264451FC3124B75933851F7
:10A47000D744DF57D164115FAD5EDA66AF8C466FAB
:10A48000434C6378D9123F822985E98CBD8F73983C
:10A49000F781EFA40F2B71B251F90DC1AF1CDDD0C4
:10A4A0004BABF7E1AFC878F4FBFFFFFFFBFFFFFF0B
:10A4B0004E5374375F5F6378783131313562617341
:10A4C00069635F737472696E67627566496353741A
:10A4D0003131636861725F74726169747349634595
:10A4E000536149634545450084A60208B0A40208AB
:10A4F00060A5020800000000E8A40208D51B0108BE
:10A50000FD1B0108512A02084B290208D126020826
:10A5100019280208872A02085F260208392B020838
:10A520007B260208952A020805260208E32A02086B
:10A53000652902085374313562617369635F73740E
:10A540007265616D62756649635374313163686128
:10A55000725F74726169747349634545000000005D
:10A5600024A6020834A502080000000060A5020825
:10A57000B92A0208D12A0208512A0208532A0208DD
:10A58000552A02086B2A0208872A02088B2A020829
:10A59000392B02088F2A0208952A0208AD2A0208E0
:10A5A000E32A0208B32A020862617369635F737465
:10A5B00072696E673A3A5F4D5F63726561746500F8
:10A5C00062617369635F737472696E673A3A5F4D73
:10A5D0005F7265706C6163650062617369635F736C
:10A5E0007472696E673A3A617070656E64004E31DC
:10A5F000305F5F637878616269763131375F5F63BE
:10A600006C6173735F747970655F696E666F450026
:10A6100084A60208EEA50208B8A602080000000001
:10A6200010A60208B1300208C530020879320208CB
:10A63000793202082F3102087130020817310208FE
:10A64000D9300208A33002084E31305F5F6378785A
:10A65000616269763132305F5F73695F636C617329
:10A66000735F747970655F696E666F450000000006
:10A6700084A6020848A6020810A6020800000000EE
:10A6800070A6020875310208893102087932020881
:10A69000793202082F310208713002084D32020867
:10A6A000D93102089D310208537439747970655F9D
:10A6B000696E666F0000000024A60208A8A60208C2
:10A6C000696F73747265616D00696F73747265612F
:10A6D0006D206572726F7200556E6B6E6F776E20B3
:10A6E0006572726F7200000084A60208F4A6020868
:10A6F000A0A702082A4E31325F474C4F42414C5FBF
:10A700005F4E5F313137696F5F6572726F725F6381
:10A71000617465676F7279450000000000000000F9
:10A72000E8A60208B5320208C9320208A9320208B6
:10A730001D340208DD320208B9330208BF330208B3
:10A74000E933020867656E65726963007379737433
:10A75000656D0062617369635F737472696E673AF5
:10A7600020636F6E737472756374696F6E206672A6
:10A770006F6D206E756C6C206973206E6F7420761F
:10A78000616C6964004E5374335F563231346572C4
:10A79000726F725F63617465676F72794500000064
:10A7A00024A6020885A7020884A60208B4A7020806
:10A7B000A0A702082A4E31325F474C4F42414C5FFE
:10A7C0005F4E5F31323267656E657269635F6572D5
:10A7D000726F725F63617465676F72794500000024
:10A7E00084A60208ECA70208A0A702082A4E31326C
:10A7F0005F474C4F42414C5F5F4E5F31323173795E
:10A800007374656D5F6572726F725F6361746567A3
:10A810006F7279450000000000000000A8A7020840
:10A82000FF33020805340208313302081D340208E0
:10A8300041340208B933020839330208E933020807
:10A8400000000000E0A70208FD33020811340208EE
:10A850004D3302081D340208413402085533020802
:10A8600099340208E933020862617369635F7374A3
:10A8700072696E673A3A5F535F636F6E7374727595
:10A880006374206E756C6C206E6F742076616C69D9
:10A8900064005245454E54206D616C6C6F632073AB
:10A8A0007563636565646564002F5F5F772F617210
:10A8B0006D2D6E6F6E652D656162692D6763632D09
:10A8C000787061636B2F61726D2D6E6F6E652D6593
:10A8D0006162692D6763632D787061636B2F6275A8
:10A8E000696C642F6C696E75782D7836342F736FB0
:10A8F00075726365732F6E65776C69622D63796716
:10A9000077696E2F6E65776C69622F6C6962632F51
:10A910007374646C69622F72616E642E63002F5FC2
:10A920005F772F61726D2D6E6F6E652D6561626947
:10A930002D6763632D787061636B2F61726D2D6E6F
:10A940006F6E652D656162692D6763632D78706137
:10A95000636B2F6275696C642F6C696E75782D78E6
:10A9600036342F736F75726365732F6E65776C69FC
:10A97000622D63796777696E2F6E65776C69622FD8
:10A980006C6962632F7374646C69622F72616E64A8
:10A990006F6D2E6300002020202020202020202802
:10A9A0002828282820202020202020202020202087
:10A9B00020202020202088101010101010101010BF
:10A9C00010101010101004040404040404040404FF
:10A9D000101010101010104141414141410101017E
:10A9E0000101010101010101010101010101010157
:10A9F0000110101010101042424242424202020264
:10AA00000202020202020202020202020202020226
:10AA100002101010102000000000000000000000D4
:10AA20000000000000000000000000000000000026
:10AA30000000000000000000000000000000000016
:10AA40000000000000000000000000000000000006
:10AA500000000000000000000000000000000000F6
:10AA600000000000000000000000000000000000E6
:10AA700000000000000000000000000000000000D6
:10AA800000000000000000000000000000000000C6
:10AA900000000000000000005C570020232D302B38
:10AAA0002000686C4C0065666745464700303132CF
:10AAB0003334353637383941424344454600303126
:10AAC0003233343536373839616263646566000085
:08AAD0008033FF7F010000004C
:10AAD800EDF001087DE50108DD140208E522020811
:10AAE8006923020841250208AD2F02085D310208DA
:08AAF80019330208C5340208FD
:08AB000059E50108B91B020828
:10AB0800010000000000000000000000000000003C
:10AB1800000000000000000002000000000000002B
:10AB2800000000000000000000000000000000001D
:10AB3800030000000000000000000000000000000A
:10AB480000000000000000000000000000000000FD
:10AB580000000000000000000000000000000000ED
:10AB68001000000000093D00000000000000000087
:10AB780000000000000000000000000000000000CD
:10AB880000000000000000000000000000000000BD
:10AB980000000000000000000000000000000000AD
:10ABA800000000000000000000000000000000009D
:10ABB800000000000000000000000000000000008D
:10ABC800000000000000000000000000000000007D
:10ABD800000000000000000000000000000000006D
:10ABE800000000000000000000000000000000005D
:10ABF800000000000000000000000000000000004D
:10AC08000000000000000000FFFFFFFFFFFFFFFF44
:10AC1800FFFFFFFFFFFFFFFF000300000000000031
:10AC2800000000000000000000000000000000001C
:10AC380068580020010000000000000099001E0074
:10AC480000000000000000000000000000000000FC
:10AC580000000000000000000000000000000000EC
:10AC680000000000000000000000000000000000DC
:10AC780000000000000000000000000000000000CC
:10AC880000000000000000000000000000000000BC
:10AC980000000000000000000000000000000000AC
:10ACA800000000000000000000000000000000009C
:10ACB800000000000000000000000000000000008C
:10ACC80000000000E44A0020FFFFFFFF0000000032
:10ACD80000300240000000000000000000000000FA
:10ACE800000000000000000000000000000000005C
:10ACF80001000000FF00000000000000000000004C
:10AD0800000000000000000000000000000000003B
:10AD1800000000000000000000000000000000002B
:10AD2800000000000000000000000000000000001B
:10AD3800000000000000000000000000000000000B
:10AD480000000000BDEA0008D5EE0008C1EF0008C9
:10AD580005DB0008000800000008000000080000EB
:10AD68000E0000008000000000000000000000004D
:10AD78000000000000000000747A706C6163656870
:10AD88006F6C646572202020202020202020202045
:10AD980020202020202020202020202020202020AB
:10ADA8002020202020202020202020202020000DCE
:10ADB8000A526164696F4C696220496E666F0A566F
:10ADC800657273696F6E3A202022372E362E302E28
:10ADD80030220D0A506C6174666F726D3A20224100
:10ADE800726475696E6F2053544D333220286F6634
:10ADF80066696369616C29220D0A224170722031EB
:10AE080037203230323622202230353A31333A3147
:10AE1800322200000000000024A7020848A8020807
:10AE280020A8020828030020000000005C5500202C
:10AE3800C45500202C56002000000000000000002F
:10AE480000000000000000000000000000000000FA
:10AE580000000000000000000000000000000000EA
:10AE680000000000000000000000000000000000DA
:08AE78000000000099560020C3
:0400000508021DE5EB
:00000001FF
