:020000040800F2
:1000000000000120899E0208D99E02081D6D020889
:10001000D99E0208D99E0208D99E0208000000005D
:10002000000000000000000000000000D99E02084F
:10003000D99E020800000000D99E0208C1290008CC
:10004000D99E0208D99E0208D99E0208D99E0208AC
:10005000D99E0208D99E02080D2A0008112A00081C
:10006000152A0008192A00081D2A0008D99E02082E
:10007000D99E0208D99E0208D99E0208D99E02087C
:10008000D99E0208D99E0208D99E0208D99E02086C
:1000900000000000D99E0208212A0008D99E02080B
:1000A00093280008D99E0208A5280008A92800085E
:1000B000BD280008D1280008878601089586010818
:1000C000A5860108B5860108D99E0208D99E0208B6
:1000D000A5390008BD390008D9390008D99E0208A1
:1000E000D99E0208372A0008D99E0208D99E020824
:1000F000D99E02080000000000000000D99E0208FE
:10010000C5860108D5860108DD090208D99E0208C6
:10011000D99E0208D99E0208D99E0208D99E0208DB
:10012000D99E0208D99E0208D99E0208D99E0208CB
:08013000D99E0208D99E0208C5
:100140004FF0B042536823F47F4343EA00235360E7
:1001500070474FF0B0432D4AD3F8083103F00F0336
:1001600002EB8301C0F30310096C52F82030B3FB9B
:10017000F1F32749096801F4C061B1F5007F10B5BA
:1001800010D024498B4231D301F5B70101F67F51DC
:100190008B4231D901F5741101F510618B422DD9D3
:1001A000002310E01C498B421CD91C498B421BD9EF
:1001B00001F5370101F5D8518B42F1D8022302EB4A
:1001C0008303D3F88030164916480A6822F00702E4
:1001D0001A430A6004680A6802F0070293420FD1CA
:1001E000002010BD0023EAE70123E8E7002302EB2B
:1001F0008302D2F88030E6E70123F8E70223F6E72E
:100200000268121B022AE6D90320EAE76805030800
:1002100000040058C0CF6A00BFEA21013F933402B6
:100220000040005810040020836A1A0710B506D554
:100230000168846B4A6822F4004222434A60DC076A
:1002400006D50168C46A4A6822F4003222434A6033
:10025000990706D50168046B4A6822F4803222436C
:100260004A605A0706D50168446B4A6822F4802226
:1002700022434A60DC0606D50168C46B8A6822F412
:10028000805222438A60990606D50168046C8A6808
:1002900022F4005222438A605A060FD50168446C4A
:1002A0004A6822F480122243B4F5801F4A6005D1C7
:1002B0004A68846C22F4C00222434A601B0606D5B9
:1002C0000268C16C536823F400230B43536010BDD4
:1002D000D0F88830212B10B51CD1B0F86A30CBB1E2
:1002E000B0F85620016892B2AAB9026802F1080378
:1002F00053E8003F23F40003083242E8003102686B
:100300000029F2D152E8003F43F0400342E80031B7
:100310000029F7D110BDCA6912060AD5026D12F87C
:10032000014B8C620265B0F85620013A92B2A0F8F7
:100330005620013B9BB2D2E7D0F88830212B10B574
:100340001CD1B0F86A30CBB1B0F85620046892B234
:10035000AAB9026802F1080353E8003F23F400033E
:10036000083242E8003102680029F2D152E8003F29
:1003700043F0400342E800310029F7D110BDE269A3
:1003800012060CD5026D32F8021BC1F30801A162FE
:100390000265B0F85620013A92B2A0F85620013B0F
:1003A0009BB2D0E7026852E8003F23F0800342E8A6
:1003B000003102680029F5D152E8003F43F04003C4
:1003C00042E800310029F7D17047D0F88820212A6F
:1003D000034610D1B0F8562092B202B9E2E7026D9E
:1003E000016812F8010B88621A65B3F85620013AC9
:1003F00092B2A3F856207047D0F88820212A0346ED
:1004000012D1B0F8562092B202B9CBE71A6D00684B
:1004100032F8021BC1F3080181621A65B3F8562055
:10042000013A92B2A3F8562070474FF0B04382B021
:10043000DA6C0243DA64DB6C03400193019B02B087
:10044000704703681847012A02D1016000207047F5
:10045000022A05D0032AF9D0002AF7D10260F5E775
:100460000B680360F2E74FF0B042D2F8883023F413
:1004700040630343C2F888307047D0F894300438A2
:100480001847D0F88C20B0F860100368222A4FD1AA
:100490005B6A826D0B401370836D01338365B0F826
:1004A0005E30013B9BB2A0F85E30B0F85E309BB28C
:1004B000002B41D1026852E8003F23F4907342E8D8
:1004C000003103680029F5D103F1080252E8002F3A
:1004D00022F0010203F1080C4CE800210029F3D1BD
:1004E0002022C0F88C20154A41679342016703D14E
:1004F000C26E012A0CD0C0E75A681102F8D553E841
:10050000002F22F0806243E800210029F7D1EFE7B5
:100510000022C26653E8002F22F0100243E80021B7
:100520000029F7D1DA69D20606D510221A6270477F
:100530009A6942F008029A61704700BF008000404B
:10054000D0F88C10B0F86020036822294ED15B6A85
:100550001A40836D23F8022B8365B0F85E30013BAF
:100560009BB2A0F85E30B0F85E309BB2002B41D158
:10057000026852E8003F23F4907342E800310368B8
:100580000029F5D103F1080252E8002F22F0010200
:1005900003F1080C4CE800210029F3D12022C0F817
:1005A0008C20154A41679342016703D1C26E012A2C
:1005B0000CD062E75A681102F8D553E8002F22F0F8
:1005C000806243E800210029F7D1EFE70022C266EC
:1005D00053E8002F22F0100243E800210029F7D150
:1005E000DA69D20606D510221A6270479A6942F07B
:1005F00008029A61704700BF008000400379994269
:1006000005D00171806810B103681B6818477047F6
:1006100083681979022906D04068036800391B688D
:1006200018BF01211847704700207047034600207B
:10063000187583F858007047826930B40469551002
:10064000034604EB6200D20748BF62595B6930BCC5
:1006500048BFD3581847826930B40469551003461F
:1006600004EB6200D20748BF62595B6930BC48BFE7
:10067000D3581847014B1A685A607047100400207D
:1006800070477047704770477047704770477047B2
:10069000704770477047704703685B6818470020D1
:1006A0007047704708B5094B93F800225AB193F888
:1006B000AF2293F8AC3103B11AB1806803681B68AC
:1006C0009847012008BD5A7BF3E700BF10040020C3
:1006D0000A2938B50D4600F52A6403D10D212046BC
:1006E000FFF7E0FF29462046BDE83840DAE7A0F5ED
:1006F0002A60EDE7A0F52B6027F024BC054BD0F86D
:1007000080261B6804489B1A83428CBF002001206E
:10071000704700BF100400209FBB0D00D0F83C3193
:100720002DE9F047044606220133C0F83C310A2186
:10073000B3FBF1F1B1FBF2F002FB101194F8382198
:10074000CEB2D2B10025F022002104F148002EF0F3
:1007500012FCC4E90C55C4E90E55C4E910556022D9
:10076000294604F5A2702EF006FC84F8385184F86E
:1007700039614FF47A70BDE8F08794F8A4214FF402
:100780006165B3FBF5F505F00705AA4225D0214FB9
:1007900004F5B070072207F53A7A07F5427950F868
:1007A000048DC0F80480D0F820E0D0F840C0C0F834
:1007B00024E0C0F844C04AF8228049F822E0013A17
:1007C000EDD1C4F84421C4F86421C4F88421C7F8E9
:1007D000E822C7F8082384F8A45194F83921B242DA
:1007E0001FBF0C31002284F8396144F821203C22DB
:1007F000B3FBF2F3B3FBF2F102FB113394F83A11BD
:10080000DAB291421FBF123384F83A21002244F831
:100810002320AEE71004002008B503685B68984702
:100820000028CCBF0020012008BD08B503680022C5
:1008300002751B686FF0004198476FF0004008BDDB
:10084000704770470A4B82B0B3F82823ADF80420F4
:100850009DF8042093F82A33002062F307009DF8E6
:10086000052062F30F2063F3174002B0704700BF0A
:1008700010040020002070470A4B82B0B3F82823F0
:10088000ADF804209DF8042093F82A33002062F389
:1008900007009DF8052062F30F2063F3174002B0B4
:1008A000704700BF100400200020704703460878FE
:1008B0001A781AB9003818BF0120704728B1587843
:1008C0004B7898422CBF00200120704770B5826A97
:1008D000243003464AB9984203D01A7C8A4288BF22
:1008E0000346C01A18BF012070BD167CD2E902541D
:1008F0008E422ABF134622462A46EBE7036810B40D
:100900005C680023A4461A4610BC6047C069704763
:1009100030B4094D95F8AC4154B195F8AF423CB1B3
:10092000012480F8DD4A80F8984830BC09F00EB9FF
:10093000002030BC704700BF1004002090F8412018
:10094000602A4FF0000206D1202180F8411080F883
:1009500040200263704790F89230026380F8402094
:100960000BB924F075BE7047806A836B0BB100220F
:100970009A63C36B0BB100229A63DFE7002370B563
:10098000C0F890300668144B1D6833681A07044697
:1009900016D433685B0708D56FF07E432A464FF4C0
:1009A0008001204622F036F998B900202023C4F8AF
:1009B000883084F88400C4F88C30E066206709E051
:1009C0006FF07E432A464FF4001122F023F90028ED
:1009D000DFD0032070BD00BF1004002030B591FAB5
:1009E000A1F391FAA1F1B3FA83F3C4685B00032584
:1009F000B1FA81F105FA03F3490024EA03038A40BE
:100A00001A43C26030BD10B504461046D4E9002335
:100A10009B1A0C4A0C4CDB105343E21A8A4201D257
:100A200029F03FFD994205D91944A14228BF21462A
:100A3000084610BDB3EB430F4FEA4301F5D92046FA
:100A4000F7E700BF35C2724FCB3D8D0038B5044685
:100A50000D464068012124F0B9FB60682946BDE8D5
:100A600038401FF020BF70B591F8502090F85030FA
:100A700091F859404D6D02F1FF3CDCF1000646EB68
:100A80000C069E4225D1631E5E425E4190F85930AD
:100A90009E421ED1436D5B1B18BF0123012680F8C7
:100AA0005020B24280F82060456508BF91F8582078
:100AB00080F8594018BF652280F8582091F85A20D4
:100AC00080F85A201BB10146283023F091FF002006
:100AD00070BD0123E2E70B6D026D534033F07F439D
:100AE00070B5044648D18A6D836D9A4244D10A6E2E
:100AF000036E9A4240D18A6E836E9A423CD1D1F8FD
:100B00008020D0F880309A4236D1D1F88C20D0F8AD
:100B10008C309A4230D1D1F8A820D0F8A8309A422F
:100B20002AD1D1F8A020D0F8A0309A4224D1D1F80F
:100B3000B450D0F8B430ED1A18BF0125012391F854
:100B4000506084F8203091F8513084F8506084F877
:100B500051307422543104F154002EF0ABFE4DB1EB
:100B60001EB1064B1B68C4F8C830214604F12800AA
:100B700023F03EFF002070BD0125DFE710040020B8
:100B80000D2021F073BD70B50546084B0360044687
:100B900055F8300FA84204D1204623F02CFE204601
:100BA00070BD06682EF07EFF3046F3E7FC050308B3
:100BB00010B50446FFF7E7FF20462EF073FF2046EE
:100BC00010BD10B5044623F016FE204610BD10B52A
:100BD0000446FFF7F6FF20462EF064FF204610BDC6
:100BE0002DE9FF4705461E4B55F8046F0360044688
:100BF0000DF104084FF00009AE4206D1606885424D
:100C000029D1204604B0BDE8F087CDE90188B76856
:100C1000CDF80C90396801988F4203D1404515D129
:100C20003668E9E78B68D1F800A09C420CD181427C
:100C30000AD0824508D0524629F04FF9039B013370
:100C40000393BB68013BBB605146E4E707682EF0A5
:100C500029FF3846E2E706682EF024FF3046CEE74B
:100C60005C1C030810B50446FFF7BAFF20462EF0BF
:100C700019FF204610BD10B5034B0360044623F056
:100C800075FE204610BD00BF2806030870B5054656
:100C9000084B0360044655F8280FA84204D1201DD4
:100CA000FFF7E9FF204670BD06682EF0FBFE3046D8
:100CB000F3E700BF3C06030810B50446FFF7E6FF64
:100CC00020462EF0EFFE204610BD10B5054B044621
:100CD00040F8343BFFF784FF2046FFF7D7FF20465C
:100CE00010BD00BF4C060308F0B599B001AD044635
:100CF000284623F08DFE214B019310330FAA0E934B
:100D00001F4B1295CDE90F220022CDE9133211922B
:100D10004FF0FF320223169240F2FF228DF854303A
:100D2000ADF85C208DF85E30164AE36D116803F56E
:100D30004343503327468B4238BF136857F8306F10
:100D400038BFE365BE4205D0B068036829469B689A
:100D5000984740B12846FFF7B8FF636D2BB94FF0B5
:100D6000FF3019B0F0BD3668ECE793F82030002B67
:100D700044F6206008BF4FF0FF30F2E74C0603084E
:100D8000670A00081004002010B50446FFF79DFF15
:100D900020462EF087FE204610BD10B50446FFF712
:100DA0006AFF20462EF07EFE204610BD08B5054B9A
:100DB000D3F8B00007F00FFC0022BDE80840114650
:100DC00016F0BBBD1004002008B5054BD3F8B000E9
:100DD00007F001FCBDE808400122002116F0ADBD7E
:100DE000100400202DE9F347324F019304460E46CC
:100DF00007F22B30A0212EF057F89F2884BF0A233A
:100E000087F8C9332C4F05464FF0000888BF9F254F
:100E10004FF0230A45450AD1C6B92A46264920463D
:100E2000FFF73AFC0546284602B0BDE8F08797F880
:100E3000009048462FF076FA20B9B9F10A0F18BF92
:100E400087F800A008F101080137E3E71B493046A5
:100E500026F074FC20B91A4905222046FFF71CFC35
:100E60001849304626F06AFC20B917490522204669
:100E7000FFF712FC1549304626F060FC20B91449F2
:100E800005222046FFF708FC1249304626F056FCA2
:100E900020B9114905222046FFF7FEFB2A460649E4
:100EA0002046FFF7F9FB0D49054604222046FFF7CF
:100EB000F3FBB8E7100400203B070020D04E0308E6
:100EC000D64E0308DC4E0308E24E0308E84E030842
:100ED000EE4E0308F44E0308FA4E0308004F0308D1
:100EE0000346C06A0A4640B193F83501424083F890
:100EF000352103F1140012F0C9BB70470346C06AE4
:100F000070B480B108465518854204D170BC03F115
:100F1000140016F054B810F8014B93F83561744082
:100F200083F83541F0E770BC7047A0F52A6027F0E0
:100F30000DB838B50C4D05F58473036005F5AA733B
:100F40000446C0F8A03A05F5B873C0F8B03A05F504
:100F5000CC7500F52B6023F04EFC2046256023F075
:100F600038FE204638BD00BF68050308A0F52B6099
:100F7000DFE710B50446FFF7DCFF20462EF092FDB8
:100F8000204610BDA0F52B60F3E7F8B504304368A8
:100F9000024643B9904203D00978137C99420CD29F
:100FA000074829F081FA1F7C0E78D3E90254B74232
:100FB0002ABF1A4623462B46EBE702F11100F8BD83
:100FC000054F030830B5036885B0DB688DF807105E
:100FD00005460C469847E0B10DF1070105F12000E8
:100FE000FFF7D3FF027843788DF80C408DF80D2081
:100FF0008DF80E309DF80C30002063F307009DF84B
:101000000D3063F30F209DF80E3063F3174005B0E9
:1010100030BD044BB3F82823ADF80C2093F82A33E5
:10102000E6E700BF10040020F0B5054685B0144681
:101030008E18A64207D11B4BB3F82823ADF8082021
:1010400093F82A331CE014F8017B2B688DF80770A5
:10105000DB683946284698470028EAD00DF1070199
:1010600005F12000FFF791FF437802788DF80D20FD
:101070008DF80E308DF80C70039BADF808301B0C0A
:101080008DF80A309DF80830002063F307009DF8C2
:10109000093063F30F209DF80A3063F3174005B061
:1010A000F0BD00BF10040020002807DB044A4109FE
:1010B000012300F01F00834042F82130704700BF39
:1010C00000E100E000280CDB4309064900F01F00A6
:1010D00020330122824041F82320BFF34F8FBFF31A
:1010E0006F8F704700E100E0164B30B5DC68C4F349
:1010F0000224C4F10703251D042B28BF0423062D59
:101100004FF0FF358CBF033C002405FA03F321EABE
:101110000303A54022EA0502A340002843EA020394
:10112000ACBF00F16040084A4FEA0313B8BF00F0BB
:101130000F00DBB2AABF00F56140135480F8003302
:1011400030BD00BF00ED00E014ED00E008B590F800
:101150002530022B03D00423C363012008BD03689C
:101160001A6822F00E021A601A6822F001021A6050
:10117000826C136823F480731360D0E9101303F0BA
:101180001C02012393404B60D0E913325A60436D37
:1011900033B11A6822F480721A60D0E916325A60AC
:1011A000012380F82530002380F82430836B03B1BD
:1011B00098470020D2E7074B5A69002ABFBF064A6A
:1011C0009A6002F188329A60BABF5869C00F002055
:1011D000704700BF0040005823016745044B5A691F
:1011E00042F000425A615869C043C00F704700BFC7
:1011F000004000580268436B9169126803B11847B8
:10120000704703689A69910744BF00229A629A69FD
:10121000D2075EBF9A6942F001029A61704730B509
:10122000039D04682B4343EA0243074A6068C1F305
:1012300009010B4342EA555223F0004320EA020021
:101240000343636030BD00BFFF63FF031C4A436B71
:10125000934270B501F002020DB201F001041DD0FD
:10126000184EB3421AD0184EB34217D0002DACBF5F
:101270000023B8230CB143F0F2030AB143F0F403A6
:10128000102902D143F0900303E0202901D143F05B
:10129000200301680A6813430B6070BD002DACBFCA
:1012A0000023B8230CB143F0F2030AB143F0F40376
:1012B0001029E7D0202908BF43F06003E9E700BF09
:1012C000651700083B1C00086718000811F00103AF
:1012D00007D090F8413003F02803282B14BFF223E5
:1012E00042238A0709D590F8412002F02802282AD3
:1012F0000CBF43F0440343F0F4030A0401680A6896
:1013000048BF43F0B80322EA03030B607047002391
:1013100080F8423090F8412010B5212A4FF0200289
:1013200080F841200BBF112212224363436307BFA1
:101330000263012102630221FFF7C8FF002380F846
:10134000403010BD08B503681A68002180F84210CB
:10135000510415D51A6822F480421A6090F8413081
:10136000292B13D1282380F8413021230363012145
:10137000FFF7ACFF002380F8403080F8903008BDC4
:101380001204EBD51A6822F40042E6E790F84130E7
:101390002A2BF4D1282380F8413022230363022131
:1013A000FFF794FF002380F84030BDE8084017F0B5
:1013B0005AB908B5164BC362202200230363436366
:1013C00080F8412080F842304B0712D503685A6AF2
:1013D000436A1A70436A01334362038D4BB1013B88
:1013E0000385438D013B9BB24385436C43F004036B
:1013F000436448F20301FFF769FF03681022DA61D2
:10140000002380F84030BDE8084017F017B900BF4E
:101410000000FFFF70B500223C4D90F8413080F88D
:101420004220C5624285426C283B0A43022B044697
:10143000426429D80321FFF749FF282380F841306F
:10144000334BA06B6363236B002840D0112B01D07A
:10145000212B3CD123681A68510442BF1A6822F438
:1014600080421A6090F82530012B2BD0294B8363E2
:10147000002384F84030FFF769FE002844D0A06BB9
:10148000836BBDE87040184748F20301FFF71EFF69
:10149000FFF7B7FE90F84130602B11D0202380F881
:1014A000413003689A6995060AD59A69D00605D530
:1014B0001022DA61626C42F0040262642022DA6176
:1014C0000023BEE72046BDE87040FFF737BAE06B67
:1014D0000028F7D0122B01D0222BF3D123681A68F1
:1014E000120442BF1A6822F400421A6090F82530B4
:1014F000012BE7D0074B8363002384F84030FFF7CC
:1015000025FE08B1E06BBBE770BD00BF0000FFFF28
:10151000291B000869090008036899691A6810B452
:10152000CC0508D5140606D5446C44F00104446487
:101530004FF48074DC614C0508D5140606D5446C64
:1015400044F0080444644FF48064DC61890508D5E4
:10155000120606D5426C42F0020242644FF4007259
:10156000DA61416C11F00B0F01D010BC52E710BCD6
:10157000704773B505682023EB6190F84130212B4B
:1015800004460E4634D10121FFF7A0FE1123236348
:101590006B6823F0FF7323F48B3323F4FF7323F082
:1015A00001036B6000236363F206A3F58033E362FB
:1015B00005D51023EB61636C43F00403636494F876
:1015C0004130602B05D1730741BF6B6ADBB20193D9
:1015D000019B2046FFF715FE636C94F84120602ABA
:1015E00000D073B1616C204602B0BDE8704011E7D5
:1015F00090F84130222BCBD10221FFF767FE122356
:10160000C5E794F84120212A0AD1202284F84120FC
:10161000236394F8422084F8403084F8423003E099
:1016200094F84120222AF0D002B070BD73B590F832
:101630004030012B04460D46164600F091800123F0
:10164000CA0680F8403017D5F30615D50368102276
:10165000DA61436C43F004034364FFF7D2FDAA064A
:1016600005D5B30603D529462046FFF782FF0020A3
:1016700084F8400002B070BD680712D5710710D51C
:1016800023685A6A636A1A70636A25F00405013395
:101690006362238D013B2385638D013B9BB2638590
:1016A000DDE76A060DD4AB0727D5B00725D5638DD6
:1016B0009BB2002BD3D0636A226813F8011B91629E
:1016C000E6E7290606F0400337D5002BC7D0638D27
:1016D00022689BB22BB3208D18BB5168638D9BB2DF
:1016E000FF2BC1F309010DD9FF2222854FF0807332
:1016F00000902046FFF793FDB1E72A06AFD57306A9
:10170000E5D4ACE7628DE36A92B213F5803F22859F
:10171000D2B202D0E36A0090EBE700904FF0007382
:10172000E7E75368980103D42046FFF7F0FD96E7FA
:1017300040212046FFF76EFE91E7002B8FD0638D8E
:101740009BB2002BF4D123685A68910187D4E26AD6
:1017500012F5803FE8D15A6842F480425A607EE731
:10176000022087E773B590F84030012B044678D00B
:10177000012380F84030CB0612D5D60610D5036879
:101780001022DA61436C43F0040343642021FFF725
:101790005DFDFFF736FD002084F8400002B070BD0B
:1017A0000D0641D550063FD525682B6823F0400330
:1017B0002B60638D9BB25BB36968638D9BB2FF2B1B
:1017C000C1F309011AD9FF2323854FF0807300224A
:1017D000268D009294F828202046FFF720FD638D87
:1017E0009B1B9BB2638594F84130222B2B680CBF66
:1017F00043F4004343F480432B60CCE7638D23859F
:10180000E36A13F5803F14BFE36A4FF00073DEE72D
:101810006B689A0103D42046FFF779FDBBE74021AE
:101820002046FFF7F7FDB6E74B0612D5560610D552
:10183000638D9BB2002BF2D123685A689501AAD41C
:10184000E26A12F5803FE6D15A6842F480425A605B
:10185000A1E788069FD593069DD52046FFF789FE10
:1018600099E702209AE713B590F84030012B04461F
:1018700000F08580012380F84030CB0612D5D306D6
:1018800010D503681022DA61436C43F0040343640B
:101890002021FFF7DBFCFFF7B4FC002084F84000B8
:1018A00002B010BD880708D5930706D52368226DBE
:1018B0009A624FF0FF332365EFE7080636D55306EB
:1018C00034D510212046FFF7C1FC638D9BB24BB38A
:1018D000638D9BB2FF2B17D90023FF22E16C228579
:1018E00000934FF0807389B2FFF799FC638D228DCE
:1018F0009B1A9BB2638594F841202368222A1A68B8
:101900000CD142F400420BE0628DE16C92B20023F4
:1019100022850093D2B24FF00073E4E742F4804294
:101920001A60BAE74021FFF775FDB6E748061ED5F5
:1019300053061CD594F84110124A134B222918BFA4
:101940001346628D92B2FF2A08D9FF22E16C2285EC
:1019500000934FF0807389B22046C5E7628DE16C39
:1019600092B222850093D2B24FF00073F3E788065B
:1019700093D5930691D52046FFF7FBFD8DE7022016
:101980008EE700BF00200080002400802DE9F8438E
:101990000568D5F80090D0F82C8090F8417007F0D9
:1019A000F7072023212F04460E46EB6163D148F24E
:1019B0000101FFF78BFC27636B6843F400436B6006
:1019C0006B6823F0FF7323F48B3323F4FF7323F04E
:1019D00001036B602046FFF714FC19F4804F4FD0D1
:1019E0002B6823F480432B60A36B1BB11B685B68DF
:1019F0009BB2638572070FD5636A6A6A1A70636A5D
:101A000001336362238D2BB1013B2385638D013B41
:101A10009BB2638526F00406638D9BB21BB1636C99
:101A200043F004036364F30611D519F0100F0ED0D0
:101A3000638D9BB2002B3DD194F84130282B28D1E7
:101A4000B8F1007F25D131462046FFF7B2FC0023D4
:101A500084F84230656C6363002D3AD0616C204697
:101A6000FFF7D8FC94F84130282B58D13146204656
:101A7000BDE8F8439DE4222F9ED148F2020198E789
:101A800019F4004FB6D02B6823F400432B60E36BAE
:101A9000ABE794F841202368292A4FF01002DA615D
:101AA000D5D118F5803FD2D02046FFF7AAFBFFF72B
:101AB00049FCCCE723681022DA61636C43F004032D
:101AC000636438F08073C2D1616C2046FFF7A2FCDA
:101AD000BDE7E36A13F5803F0FD02046FFF732FCE5
:101AE000104BE362202384F8413084F84050256392
:101AF0002046BDE8F84316F0A1BD94F8413084F8C3
:101B00004050222B4FF0200384F84130256304D14C
:101B10002046BDE8F84316F0A6BD84F89050BDE815
:101B2000F88300BF0000FFFF70B590F84060C56A01
:101B3000012E04460B467ED0012680F840608E06BA
:101B400007D5960605D5FFF721FF002084F8400051
:101B500070BDD90630D5D6062ED5628D92B2E2B9C7
:101B600094F84120282A07D1B5F1007F04D1194605
:101B70002046FFF71EFCE8E794F841202368292A55
:101B80004FF01002DA61E0D115F5803FDDD020463C
:101B9000FFF737FBFFF7D6FBD7E723681022DA61A0
:101BA000636C43F00403636435F08073CDD1616CE2
:101BB0002046FFF72FFCC8E758071BD5510719D55A
:101BC000638D9BB26BB123685A6A636A1A70636A49
:101BD00001336362238D013B2385638D013B9BB2FF
:101BE0006385638D9BB2002BAFD115F5803FACD0E0
:101BF0002046CFE71E0705D5100703D5204621F064
:101C000023FAA2E79907A0D593079ED5638D9BB2CF
:101C10006BB1636A226813F8011B91626362638D82
:101C2000013B9BB26385238D013B23858DE735F016
:101C300080738AD1DCE702208AE770B590F84060B3
:101C4000C56A012E04460B4670D0012680F840601C
:101C50008E0607D5960605D5FFF798FE002084F876
:101C6000400070BDD80659D5D10657D512F4404F63
:101C700050D0D4E90E10E0B921B1520402D50A685F
:101C800052680AB323681022DA61636C43F00403DC
:101C9000636494F8413035F08072DBB2DED1213BD1
:101CA000092B30D8DFE803F02D342F2F2F2F2F2FC3
:101CB0002D341604E0D5006840680028DCD119B145
:101CC000500444BF0A68526894F84120282A07D17A
:101CD000B5F1007F04D119462046FFF76AFBBDE746
:101CE00094F841202368292A4FF01002DA61B5D117
:101CF00015F5803FB2D02046FFF783FAFFF722FBAD
:101D0000ACE721232363616C2046FFF783FBA5E743
:101D10002223F7E723681022DA619FE719079DD590
:101D200013079BD5204621F08FF997E7022098E70B
:101D30004FF0B0431868C0F3802070474FF0B043B5
:101D40001868C0F3406070474FF0B04310B59A6810
:101D5000D96812F00C0205D00C2A4AD101F0030315
:101D6000012B51D14FF0B0412B480B6813F0080301
:101D700006D00B6813F0080337D1D1F8941007E0B0
:101D80000C68240756BFD1F894300968C3F30323C5
:101D900050F82330002A0CBF184600204FF0B04105
:101DA0008A6802F00C020C2A1ED1CA6802F00302F3
:101DB000022A2ED0032A06D10B68184A13F4801F7A
:101DC000174B18BF13464FF0B042D068D168D268A5
:101DD000C0F306205843C1F302130133B0FBF3F004
:101DE000530F0133B0FBF3F010BD0B68C3F30313C3
:101DF000CEE7042A05D0082A06D11B6813F4801305
:101E000005D006480023C9E700231846C6E7044862
:101E1000C4E7024BD7E700BF680503080024F400BD
:101E20000048E80108B5FFF78FFF4FF0B0439A680C
:101E3000044BC2F3031203EB82031B6CB0FBF3F001
:101E400008BD00BF6805030838B50546FFF7EAFF7F
:101E50004FF47A73B0FBF3F3013BB3F1807F01D30E
:101E6000012038BD4FF0E022F0215361094B0024DE
:101E700083F823100F2D4FF0070394611361EFD8FF
:101E80004FF0FF3022462946FFF72EF9024B20463D
:101E90001D60E6E700ED00E000000020F8B54FF01F
:101EA000B04304469D68DE6803689F0605F00C0594
:101EB00006F0030632D5016A1DB10C2D7CD1012E2E
:101EC0007AD109B90120F8BD4FF0B043A76A1A686A
:101ED000100756BFD3F894301B681B0903F0F003BA
:101EE0009F4255D93846FEF734F90028EAD14FF021
:101EF000B042136843F008031360136823F0F00343
:101F00003B431360606AFEF71BF9FFF78BFF994BA9
:101F100058601868FFF798FF0028D4D12268D007CE
:101F200040F1AD80082D616803D00C2D71D1032ED6
:101F30006FD10029C6D0910700F1B880170740F192
:101F40000481A1694FF0B043002900F0ED80D3F87F
:101F50009410E06901F01006B04200F0D28001F068
:101F60000306022EAED0CE0740F1C280D3F8941003
:101F7000814E21F00101C3F894103768D3F8941012
:101F8000890740F1B5803168C91B1129F6D931E0C4
:101F90004FF0B042136843F008031360136823F056
:101FA000F0033B431360606AFEF7CAF83846FEF759
:101FB000D0F80028A9D085E76F4A4FF0B043D9B1D7
:101FC000196841F0010119601068196889070DD579
:101FD0001A6842F008021A601A68A16A22F0F00238
:101FE0000A431A60606AFEF7ABF897E71168091AAE
:101FF0000229EAD9032066E7196821F00101196076
:10200000106819688F0789D51168091A0229F8D94B
:10201000F0E74FF0B043A768186820F48010384309
:10202000B1F5803F186054480ED1196841F48031F1
:10203000196001684FF0B0473B689B031FD40368E9
:102040005B1A642BF8D9D5E7B1F5041F04D11968E0
:1020500041F400111960E8E71F6827F480371F601A
:102060001F6827F400171F600029E2D1076819686C
:10207000890304D50168C91B6429F8D9BAE7930715
:102080007FF55CAF042D03D00C2D0FD1022E0DD1A6
:102090002369002B3FF416AF4FF0B04160694B68E5
:1020A00023F0FE4343EA00634B6047E7206932496F
:1020B0004FF0B04368B1186840F4807018600E6843
:1020C000FFF736FE0028E7D10B689B1B022BF7D9E0
:1020D00090E7186820F4807018600E68FFF728FEFB
:1020E00000283FF42BAF0B689B1B022BF6D981E72E
:1020F0004FF0B041D1F8943023F010030343C1F8FE
:1021000094304FF0B0411C48D1F8943043F00103B3
:10211000C1F894300668D1F894309F0715D403684D
:102120009B1B112BF7D965E7D3F89410124821F0C7
:102130000101C3F894100668D3F89410890704D5F8
:102140000168891B1129F7D954E757074ED50B4A67
:10215000136813F4807F084B12D1116841F4807129
:10216000116018681168CE050AD41968091A022985
:10217000F8D93FE7000000201004002000040058B8
:10218000E1684FF0B04200294BD021F080000528D3
:1021900002BFD2F8900040F00400C2F890004FF067
:1021A000B0421F68D2F8900040F00100C2F89000E1
:1021B00041F28836D2F89000800704D41868C01B1A
:1021C000B042F7D916E721F0040181291868D2F846
:1021D000901015D141F08001C2F8901041F288367C
:1021E0004FF0B041D1F89020120504D5E36A002BDE
:1021F0003DD1002067E61A68121AB242F2D9F9E618
:1022000021F08001C2F8901041F288364FF0B041C1
:10221000D1F890201705E9D51A68121AB242F7D9F9
:10222000E8E61868D2F8901021F08001C2F890100A
:1022300041F28836D2F89010090513D41868D2F804
:10224000901021F00101C2F890104FF0B04641F219
:102250008831D6F890209207C8D51A68121A8A4297
:10226000F7D9C7E61968091AB142E3D9C2E60C2DBD
:1022700046D0022B4FF0B043314A196821F08071EB
:102280001960116831D1FFF759FD20BBD4E90C303A
:102290004FF0B0410343CD682A4828400343E06B28
:1022A0000343206C0343606C0343A06B43EA0023A9
:1022B000CB600B6843F080730B60CB6843F08053B6
:1022C000CB601168FFF73AFD002892D113685B1AC2
:1022D0000A2BF7D98EE613685B1A0A2BD3D989E645
:1022E00013685B1A0A2B3FF685AEFFF727FD00281F
:1022F000F6D14FF0B042144BD1680B40D36078E771
:10230000012B3FF4DFAD4FF0B043D868236B00F0F2
:1023100003029A427FF4D6AD626B00F070039342E1
:102320007FF4D0ADA26B00F4FE43B3EB022F7FF439
:10233000C9AD636C00F06040C01A18BF0120C2E54F
:10234000100400208C80C111FCFFFEEE08B5FFF7E1
:1023500069FD4FF0B0439A68044BC2F3022203EBCD
:102360008203D3F8CC31D84008BD00BF680503080C
:1023700008B5FFF757FD4FF0B0439A68044BC2F31E
:10238000C22203EB8203D3F8CC31D84008BD00BF92
:102390006805030870B5044605682269A3682968C2
:1023A000C069666A134362691343774A03430A406C
:1023B00013432B606B68E26823F4405313436B6054
:1023C000724BA2699D421CBF236A1A43AB6823F07B
:1023D0006E4323F430631343AB60EB6A23F00F03C7
:1023E0003343EB626A4B9D4217D14FF0B043694AC9
:1023F000D3F8883003F0030343F44033934264D0AE
:10240000B3F1031F21D0013A934258D0B0F5004FE9
:1024100040F0B480FFF7ACFF34E05F4B9D4234D115
:102420004FF0B0435D49D3F8883003F00C0343F418
:1024300040228A4249D005D8FBB1594B9A423ED03E
:10244000012065E0B2F10C1FFAD1B0F5004F40D089
:102450004FF40040534B626803EB4603B3F8EC3192
:10246000B0FBF3F303EB5203B3FBF2F34FF6EF725F
:10247000A3F110019142E3D844E0B0F5004F78D1C8
:10248000FFF764FF002842D023E0404B9D42D7D1A4
:102490004FF0B043D3F8883003F44063B3F5006FD6
:1024A0003DD006D883B3B3F5806FC9D1FFF74CFC9C
:1024B0002CE0B3F5406FC3D14FF4004030E0B0F5ED
:1024C000004F5ED1FFF740FCDCE7B0F5004F364827
:1024D000C0D1344B626803EB4603B3F8EC31B0FB78
:1024E000F3F0530803EB4003B3FBF2F34FF6EF7244
:1024F000A3F110019142A3D823F00F0292B2C3F3CB
:1025000042031343EB6002E0FFF720FF40B90020D5
:102510004FF00113A3660023C4E91D3370BD2248A8
:10252000204B656803EB460305EB4501B3F8EC214E
:10253000B0FBF2F3994283D8B3EB053F80D8002378
:10254000194625F0E1F8090241EA10616B08000222
:10255000C0182A464FF0000341F1000125F0D4F8DD
:10256000124BA0F540729A423FF66AAF074BD86013
:10257000CDE7FFF7EBFE0028C9D06BE7FFF7F8FEC9
:10258000F9E7FFF7E1FBF6E7F369FFCF00800040D2
:1025900000380140020003000044004008000C0025
:1025A00004000C00680503080024F400FFFC0F0081
:1025B00038B5044638B3D0F888300BB980F8843089
:1025C00025682423C4F888302B6823F001032B608E
:1025D000A36A13B12046FDF727FE2046FFF7DAFE77
:1025E000012810D06B6823F490436B60AB6823F034
:1025F0002A03AB602B6843F001032B602046BDE843
:102600003840FEF7BBB9012038BD38B5044658B391
:10261000D0F888300BB980F8843025682423C4F8BA
:1026200088302B6823F001032B60A36A13B1204686
:10263000FDF7FAFD2046FFF7ADFE012814D06B68C8
:1026400023F490436B60AB6823F02203AB60AB686C
:1026500043F00803AB602B6843F001032B60204676
:10266000BDE83840FEF78AB9012038BD836810B54F
:10267000044613B1032201469847204610BD036962
:10268000DA6822F00102DA60DA6822F00202DA6027
:10269000DA6822F00402DA60DA6822F00802DA600E
:1026A000DA6822F01002DA60196A41F2111211425E
:1026B00008D1196A40F24442114202BF1A6822F05E
:1026C00001021A60012280F84D20196821F00101F1
:1026D000196080F84E2080F84F2080F8502080F854
:1026E000512080F8522080F8532080F8542080F840
:1026F000552080F8562080F8572070470B4B9842A1
:102700000BD0B0F1804F0AD003F5C053984208D0E7
:1027100003F58063984206D0FEE700207047012051
:102720007047022070470320704700BF002C014013
:10273000826810B50AB927F0BEFEBDE81040C36834
:1027400018470B4BDA68024211D0D86000230128E9
:1027500003F1010208D10748DBB2142202FB030097
:10276000043083681BB1E3E740081346EFE7704786
:1027700000080058000A0020037F013B072B14D8F3
:10278000DFE803F00411130D1313130F012350F8A6
:10279000040C1B0164331844836833B1C8E7032376
:1027A000F5E70423F3E70223F1E77047036870B508
:1027B000DD681E69B10704460BD5AA0709D56FF07D
:1027C00002021A61012202779B69FFF7D5FF0023FD
:1027D000237770070DD569070BD523686FF00402C6
:1027E0001A610222227720469B69FFF7C5FF00236A
:1027F000237732070DD52B070BD523686FF008021E
:102800001A61042222772046DB69FFF7B5FF002317
:102810002377F0060DD5E9060BD523686FF010027B
:102820001A61082222772046DB69FFF7A5FF002303
:102830002377F2070CD5EB070AD5236854F8040C6C
:102840006FF001021A61C36E13B16430FFF770FFBD
:10285000300605D5290642BF23686FF080021A6151
:10286000F20505D52B0642BF23686FF480721A610A
:10287000700605D5690642BF23686FF040021A61F1
:10288000B20605D5AB0642BF23686FF020021A617D
:1028900070BD034BD3F8300708B1043086E77047AA
:1028A00010040020FFF7F5BF034BD3F8340708B13D
:1028B00004307BE7704700BF10040020034BD3F8BF
:1028C000380708B1043071E7704700BF10040020DA
:1028D000034BD3F83C0708B1043067E7704700BFEB
:1028E000100400202DF0D6B82DF0D4B82DF0DAB8B1
:1028F0002DF0D8B82DF0D6B808B5032818D8DFE8E1
:1029000000F002080D120120FDF78FFD4FF09040FE
:1029100008BD0220FDF789FD0648F9E70420FDF710
:1029200084FD0548F4E78020FDF77FFD0348EFE7CD
:102930000020EDE70004004800080048001C0048A3
:102940004FF0B04382B09A6D02439A659B6D03408D
:102950000193019B02B070474FF0E0230B4A82B015
:1029600011689869019010689A6900925A698842C2
:1029700014BF009B019B01324FF47A71D31A4B4371
:10298000B3FBF2F301FB003002B0704710040020EB
:10299000094B70B500261D684FF47A73B5FBF3F54B
:1029A000C0E900560446FFF7D7FF044B03FB0500C0
:1029B000A060304670BD00BF10040020C0BDF0FF15
:1029C000024A136801331360704700BF10040020EF
:1029D0000C4BD3F8FC20D2015EBFD3F8FC2042F0B0
:1029E0008072C3F8FC20084B00225A601A6842F03B
:1029F00001021A6000BF00BF00BF5868B0FA80F043
:102A00004009704700ED00E0001000E0012098E66A
:102A1000022096E6042094E6082092E6102090E634
:102A200038B505242025A8B2FFF78BFE013C4FEAFC
:102A30004505F8D138BD38B506244FF48065A8B2F5
:102A4000FFF77FFE013C4FEA4505F8D138BD012A6A
:102A500002D0022A18BF0022FDF7C0BFF8B5471CFC
:102A600006460C4600D1FEE73F4B00F00F0203EB99
:102A70008203C0F30310D3F80412FFF73DFF91FA6D
:102A8000A1F3B3FA83F3876803225B0002FA03F32E
:102A900091FAA1F2B2FA82F227EA03075200032365
:102AA00093403B4304F007058360032D03D8DFE820
:102AB00005F057032559FEE7012391FAA1F2B2FA76
:102AC00082F206685200032707FA02F226EA02069B
:102AD00091FAA1F2B2FA82F252009340013D3343DF
:102AE000012D036005D8436822074CBF0B438B437D
:102AF0004360C4F30112BDE8F840A8E7C4F306221E
:102B00007F2A17D0360717D50B0A93FAA3F6B6FA21
:102B100086F6476A93FAA3F3B6004FF00F0CB3FAA8
:102B200083F30CFA06F69B0027EA060602FA03F383
:102B3000334343620223C0E791FAA1F3B3FA83F36C
:102B4000066A9B000F2707FA03F326EA030691FAA9
:102B5000A1F3B3FA83F39B009A4032430262E9E7A0
:102B60000023AAE70323A8E768050308431C05D14F
:102B70007047984201D1896870E70C310B685A1C84
:102B8000F7D1FEE7431C02D1002070470C310B68DF
:102B90005A1CF9D09842F9D14868704703468B42D5
:102BA000084604D01BB100290CBF1846002070470E
:102BB0004FF0B0431A6842F061021A604FF4E0220D
:102BC0009A6061221A60064ADA6000229A6140F235
:102BD0003F321A62034B4FF000629A60704700BFA9
:102BE0000001042200ED00E04FF0B04382B01A6E05
:102BF00002431A661B6E03400193019B02B07047AB
:102C000003680C4A934202D14FF40060ECE7B3F141
:102C1000804F01D1012093E6074A934202D14FF43D
:102C20000030F3E7054A934202D14FF48020EDE7EC
:102C3000704700BF002C01400044014000480140A3
:102C4000431C10D00C4B984210D007D8B0F1804FE5
:102C50000ED0A3F5C05398420CD0FEE7074B984224
:102C6000FBD11D2070476FF00D0070471C2070478E
:102C70001B20704718207047004401400048014065
:102C8000431C10D00C4B984210D007D8B0F1804FA5
:102C90000ED0A3F5C05398420CD0FEE7074B9842E4
:102CA000FBD11D2070476FF00D0070471C2070474E
:102CB0001B2070471A207047004401400048014023
:102CC0004FF0B042936B0343936370474FF0B042B1
:102CD000936B23EA0003936370472DE9F04FD0F81C
:102CE000A0A09DB0CDE904120446AE49069350461B
:102CF000269B0793FFF746FFD4F8A490AA490090BB
:102D00004846FFF73FFFD4F8A8B0A8490646584602
:102D1000FFF738FFD4F8AC30A54901938046184638
:102D2000FFF730FFA04902905046FFF72BFF9D4967
:102D300003904846FFF726FF009B05461BB9039BFF
:102D4000002B00F07681B9F1FF3F03D016B9002DBA
:102D500000F06F81BBF1FF3F03D0B8F1000F00F02E
:102D60006881019B013303D0029B002B00F061813D
:102D700000983146FFF712FF206020B903982946DA
:102D8000FFF70CFF206020684146FFF707FF02991C
:102D9000FFF704FF07462060002800F04A81854BBA
:102DA000984240F096804FF0B0434FF480401A6C48
:102DB00042F480421A641A6C22F480421A64FFF7CB
:102DC00013FF2423A4F8B030009B002B00F0A9804F
:102DD00074495046FFF7CAFE1EB173494846FFF7D3
:102DE000C5FE4FF00009B8F1000F05D06F495846F5
:102DF000FFF7BCFE4FF48078029B2BB16C49019821
:102E000048F40078FFF7B2FE94F8B1206A4B94F9C9
:102E1000B000C4F83C9003EB820304F1040AC3F849
:102E200040A7049BA360059BE360079B2361069B6F
:102E300063610C230022C4E906380823E36267605B
:102E4000226262620121FEF74FF95C4B9F4240F023
:102E50005C81049A94F88830B2F5165F7FD88B4273
:102E60006FD15046002E00F0EA80FFF7A1FB00284A
:102E700000F0DF80482200210AA82CF07CF8504A9C
:102E8000136843F4807313604FF48060FFF758FDBC
:102E90004FF0B043D3F8902042F00102C3F89020E5
:102EA000D3F89020910709D4D3F8902022F018028B
:102EB000C3F8902004230A9381230D930A9B002BCF
:102EC00000F0C3800AA8FEF7E9FF002800F0BD80EB
:102ED000FEE73C4B98420AD14FF40030FFF7F0FE7A
:102EE000FFF7F4FEFFF72CFD40F225136AE7334BA2
:102EF00098427FF469AF4FF0B043DA6B42F00102C1
:102F0000DA63DA6B22F00102DA63DA6D42F0010271
:102F1000DA65DB6D03F001030993099B40F2262378
:102F200050E7039B002B3FF45CAF1F495046FFF76F
:102F30001DFE1DB11B494846FFF718FE4FF400491E
:102F400051E784F88810616851E8003F43F00203BC
:102F500041E80032002AF6D184F8882081E7012B6D
:102F600048D15046002E5FD0FFF722FB002860D0EA
:102F7000FEF7DEFE2368002840F0BC80BB422FD164
:102F80000020FDF770FA16B9002D00F0878050463A
:102F9000FFF70EFB00284CD04FF48060FDF763FA7A
:102FA00022E000BFAC070308E80703082408030871
:102FB0006C08030800380140100400200080004025
:102FC0000004005800440040FEF7B2FE002840F024
:102FD00093802268504B9A42D2D0002E00F091800C
:102FE0005046FFF7E5FA20B350461DB0BDE8F04F5C
:102FF000FFF7DEBA84F88810616851E8003F23F0DB
:10300000020341E80032002AF6D184F888205046B5
:1030100056B1FFF7CDFA60B1FEF78AFE3E4B22684B
:10302000002857D19A42AAE735B9FFF7EEFA0028EF
:10303000CAD11DB0BDE8F08FFFF7BAFAF7E7002D4F
:103040007FF413AFFFF7E1FA11E74FF0B043D3F885
:1030500090309B07B8D527682F4B9F4203D14FF480
:103060004060FDF700FA5046002EE5D1002DE3D177
:10307000FFF7CBFA0028DCD0FEF75AFE264BE0B172
:103080009F4215D05046FFF7C0FA0028D1D02268E1
:10309000214B9A4213D10020FDF7E5F95046FFF786
:1030A000B4FA0028C5D04FF48060FDF7DCF90BE0DE
:1030B0004FF40060FDF7D7F9E4E79F42ECD05046AB
:1030C000FFF7A3FA0028B4D050461DB0BDE8F04F7A
:1030D000FFF79BBA9A4206D14FF40060FDF7C3F99F
:1030E0000EB9002DCED05046FFF762FA00287FF4CB
:1030F00070AF9EE7BB42EEE72268074B9A42EFD1E2
:10310000EAE7002D7FF46CAFD9E7002E7FF46CAFB7
:10311000002D7FF469AFD7E7008000402DE9F74F1D
:10312000DFF84891524F99F8B9303D68022B0646B6
:10313000884640D899F8B93007EB8303D3F8404765
:1031400094F8AD3007EB8303D3F84027D2F88830EA
:10315000D2F88C100B4303F02103212B65D0D4F857
:103160008830202B2CD15EB31FFA88F343B300259F
:103170002122C4F89050C4F888203F68A4F8543045
:10318000A4F85630A368B3F5805F03D123690BB967
:1031900035461E46B4F856309BB2002B4BD14FF447
:1031A0007A733A46402120461FF034FD40B920236F
:1031B000C4F8883006E02F490220FFF7E3FC80BB0B
:1031C0004FF00008404603B0BDE8F08F07EB8403E2
:1031D000D3F840A7BAF1000F07D059460220FFF7F5
:1031E000D1FCDAF800308342A4D00134E4B2032CDD
:1031F00089F8B940EAD11F490220FFF7C3FC002833
:10320000DED00223C9F8A830002300931A461A48DA
:103210004FF41651FFF761FD99F8B930022B89D9A7
:10322000CEE7DFF850B00024E1E73B685B1BB3F565
:103230007A7F8BD3C4E74FF47A733A4680212046D5
:103240001FF0E8FC0028BBD122685EB935F8023BCC
:10325000C3F308039362B4F85630013B9BB2A4F861
:10326000563097E716F8013BF4E700BF0000002056
:1032700010040020AC0703080800002090F8B120DB
:10328000084B03EB8203D3F84037D3F88800D3F818
:103290008C30184300F02200A0F12203584258411C
:1032A000704700BF1004002010B5044650F80439E0
:1032B000DA69D1070BD501221A62FFF7DFFFA8B93F
:1032C00004F1AE012046BDE810401FF0F5BEDA69FA
:1032D000920701D50222EFE7DA69510701D50422EE
:1032E000EAE7DA691207E8D50822E5E710BD0368C6
:1032F000D9691A682DE9F04140F60F0631429D6800
:10330000044610D18E0640F1BA8002F0200605F086
:1033100080573E4300F0B380436F002B00F0AD8038
:10332000BDE8F0411847AF4EAF482E401040304343
:1033300000F0A580CF0709D5D00507D50120186278
:10334000D4F8900040F00100C4F890008F0709D530
:10335000E80707D502201862D4F8900040F0040076
:10336000C4F890004F0709D5E80707D50420186274
:10337000D4F8900040F00200C4F890000F070BD57D
:1033800002F02000304307D008201862D4F89000E3
:1033900040F00800C4F890000E050AD5500108D589
:1033A0004FF400601862D4F8903043F02003C4F862
:1033B0009030D4F89030002B5FD0890609D502F008
:1033C000200205F080552A4303D0636F0BB12046DD
:1033D00098472368D4F890109A6801F0280102F009
:1033E000400252EA010543D053E8002F22F49072C4
:1033F00043E800210029F7D17C4803F1080252E894
:10340000002F024003F1080545E800210029F4D10E
:10341000E26E012A07D153E8002F22F0100243E8A0
:1034200000210029F7D12022C4F88C200022E26676
:1034300062679A68520617D503F1080252E8002F16
:1034400022F0400203F1080040E800210029F3D1F6
:10345000D4F8800040B1664B8363FDF777FE60B11E
:10346000D4F88000836B5BE72046BDE8F0411BE7A2
:103470002046FFF719FFC4F89050BDE8F081E06ED8
:10348000012840F0B780CF0640F1B480D60640F165
:10349000B18010221A629A68500671D5D4F8802043
:1034A0001068416889B20029E7D0B4F85C508D42B9
:1034B000E3D9A4F85E100168890634D453E8001FEC
:1034C00021F4807143E800100028F7D103F10801CE
:1034D00051E8001F21F0010103F1080545E8001043
:1034E0000028F3D103F1080151E8001F21F0400149
:1034F00003F1080545E800100028F3D12021C4F8A5
:103500008C10E06653E8001F21F0100143E8001022
:103510000028F7D13AB192F82530022B08D00423C5
:10352000D36382F8240002232367B4F85E30A4E753
:103530001368906C196821F00E011960016821F47C
:1035400080710160196821F001011960D2E910034E
:1035500003F01C0101238B404360D2E91331596011
:10356000536D33B1196821F480711960D2E91631B5
:103570005960012382F82530002382F82430D2E7F5
:10358000B4F85E20B4F85E10B4F85C0089B292B270
:1035900000293FF472AF90423FF46FAF53E8002F21
:1035A00022F4907243E800210029F7D10F4803F17B
:1035B000080252E8002F024003F1080545E8002107
:1035C0000029F4D12022C4F88C206167E16653E819
:1035D000002F22F0100243E800210029F7D1022336
:1035E00023674AE70100001020010004FEFFFFEFFF
:1035F0005D360008CF020BD56E0209D54FF480125C
:1036000004F1AE0120461A62BDE8F0411FF054BD3E
:1036100008060BD502F0800005F40005284305D00C
:10362000A36F002B3FF429AF204679E649067FF5CA
:1036300024AF52067FF521AF53E8002F22F040025D
:1036400043E800210029F7D12023C4F88830A1677E
:10365000D4F89830201FBDE8F0411847806A002355
:10366000A0F85E30A0F856301EE62DE9F84F03684A
:10367000B0F86060D3F81CB01F689D68D0F88C204B
:10368000222A044640F0B580B0F8683043B1DFF834
:103690006C91DFF86CA14FF000081BF0200F20D1D7
:1036A000B4F85E309BB2D3B1B4F868209A4216D910
:1036B000226802F1080353E8003F23F080530832E8
:1036C00042E8003122680029F2D14E4B636752E88C
:1036D000003F43F0200342E800310029F7D1BDE864
:1036E000F88F2368A26D5B6A33401370A36D0133BA
:1036F000A365B4F85E30013B9BB2A4F85E3023684A
:10370000D3F81CB01BF0070F2ED01BF0010F09D00F
:10371000F90507D501221A62D4F8902042F001027F
:10372000C4F890201BF0020F09D0EA0707D5022247
:103730001A62D4F8902042F00402C4F890201BF0E2
:10374000040F09D0E80707D504221A62D4F8903094
:1037500043F00203C4F89030D4F8903023B12046EF
:10376000FFF7A2FDC4F89080B4F85E309BB2002B46
:1037700093D1226852E8003F23F4807342E800317D
:1037800023680029F5D103F1080252E8002F02EA6C
:10379000090203F1080040E800210029F3D12022AA
:1037A0005345C4F88C20616721670AD05A6811021A
:1037B00007D553E8002F22F0806243E8002100295A
:1037C000F7D1E26E012A10D10022E26653E8002F01
:1037D00022F0100243E800210029F7D1DA69D2066D
:1037E0007FF55BAF10221A6257E72046FCF745FED3
:1037F00053E79A6942F008029A6170E7FEFFFFEF13
:1038000000800040830400082DE9F84F0368B0F8F9
:103810006060D3F81CB01F689D68D0F88C20222A05
:10382000044640F0B380B0F8683043B1DFF86891E7
:10383000DFF868A14FF000081BF0200F20D1B4F88A
:103840005E309BB2D3B1B4F868209A4216D9226890
:1038500002F1080353E8003F23F08053083242E8A6
:10386000003122680029F2D14D4B636752E8003FD6
:1038700043F0200342E800310029F7D1BDE8F88F7A
:103880002368A26D596A314022F8021BA265B4F880
:103890005E20013A92B2A4F85E20D3F81CB01BF06F
:1038A000070F2ED01BF0010F09D0F90507D5012213
:1038B0001A62D4F8902042F00102C4F890201BF064
:1038C000020F09D0EA0707D502221A62D4F8902025
:1038D00042F00402C4F890201BF0040F09D0E8075E
:1038E00007D504221A62D4F8903043F00203C4F8DA
:1038F0009030D4F8903023B12046FFF7D5FCC4F8BF
:103900009080B4F85E309BB2002B95D1226852E8CB
:10391000003F23F4807342E8003123680029F5D189
:1039200003F1080252E8002F02EA090203F108003D
:1039300040E800210029F3D120225345C4F88C200F
:10394000616721670AD05A68110207D553E8002F32
:1039500022F0806243E800210029F7D1E26E012ABB
:1039600010D10022E26653E8002F22F0100243E853
:1039700000210029F7D1DA69D2067FF55DAF102268
:103980001A6259E72046FCF778FD55E79A6942F03C
:1039900008029A6172E700BFFEFFFFEF008000405F
:1039A00041050008034B1022C3F88421024BD3F8D1
:1039B00040079CE400E100E010040020044B2022BA
:1039C000C3F88421034BD3F8440700B18FE4704758
:1039D00000E100E010040020034B4022C3F88421E2
:1039E000024BD3F8480782E400E100E01004002015
:1039F0000B490346D1F8D00010B50344EFF3088219
:103A0000934205D9074B0C221A604FF0FF3010BDCE
:103A1000054A064C121B9342F4D2C1F8D030F6E7A7
:103A200000000020F45B00200000012000040000E2
:103A30004FF0FF3070474FF400534B600020704749
:103A4000012070470020704700207047FEE7034BBD
:103A500016221A604FF0FF30704700BFF45B002061
:103A60000120704770477047814210B51346A1EBA3
:103A7000000405D00146224618462BF062FA0346A0
:103A8000181910BD73B5531A0F2B04460D46164670
:103A9000019306D9002201A927F0D8F8019B2060E4
:103AA000A36032462946206827F030F9019B22683E
:103AB00063600021D15402B070BD37B5062380F891
:103AC0001D3200F5AA750023C0F8201204460093A9
:103AD0001A462846FFF701F920461CF0F1FD28465A
:103AE000FFF7CCFBC0B90D4B94F90402C4F8EC31DC
:103AF000FDF7E8FA94F80522094B03EB820304F280
:103B00000621D3F840071FF0D7FA94F9040203B056
:103B1000BDE83040FDF7C8BA03B030BD0532020839
:103B20001004002008B500F12C0200F1440300202D
:103B300052F8041F9A420844FAD123F0A5FF034922
:103B400024F0AEF8024923F0F7FF08BD00606A4791
:103B50000000C84208B500F1440200F59A73002045
:103B600052F8041F9A420844FAD123F08DFF03490A
:103B700024F096F8024923F0DFFF08BD00BA5B4A43
:103B80000000C84238B579B190F84151FFF7CAFF3B
:103B90000446284623F07CFF0146204623F08CFD96
:103BA000003818BF012038BD90F84051EEE7134BA4
:103BB00070B5044693F8CC01E0B9D3F84C371049FE
:103BC000DE68304623F078FDA8B12046FFF7C2FF3B
:103BD000054694F8420123F05BFF314623F0ACFF29
:103BE000074924F05DF80146284623F065FD0038BA
:103BF00018BF012070BD0120FCE700BF10040020A9
:103C00000000C84270B505460E46104682B12B68CA
:103C100001241B682C75284600219847084B83F81F
:103C20005047BFF35B8F20462E63BFF35B8F70BDA1
:103C3000BFF35B8F2B6BBFF35B8F002BE7D0F6E7F7
:103C40001004002030B4034600F130020024BFF31A
:103C50005B8F52E8001F42E80045002DF9D1BFF309
:103C60005B8F19B11B6830BC1B6A184730BC7047AA
:103C700008B500220275FFF7E5FF4FF0FF3008BDE1
:103C8000034B1A68436882601344C360704700BFE7
:103C90001004002038B50368094DDB69C5F85407E6
:103CA0000446984701462046FFF7EAFF002902DB59
:103CB00023681B6898470023C5F8543738BD00BFF8
:103CC00010040020024B41601B681944C16070471A
:103CD00010040020002100F52B60F3E70368C9B24F
:103CE0001B68184710B50446006826F0C4F9206028
:103CF000204610BD2DE9F3418C6805460E46174657
:103D000001F1040801206CB9CDF80480D0B1F3684A
:103D1000434514D1002644462846C5E9006402B054
:103D2000BDE8F08104F110013846FCF7BFFDD4E98D
:103D300002230028A04614BF14461C46E3E701A84E
:103D4000FFF7D0FF019E394606F11000FCF7AEFDEB
:103D50000028DFD1E0E7F7B58C68054616460F1D51
:103D600001235CB90197CBB1CB68BB4213D10023CF
:103D70003C462846C5E9003403B0F0BD237C3778C3
:103D8000D4E902029F4238BF012327462ABF0023FD
:103D900004461446E5E701A8FFF7A4FF019B32782B
:103DA000197C9142E3D3E4E710B50446006826F09D
:103DB00060F92060204610BD2DE9F04F93B0CDE9A9
:103DC00002239C4F8DF81810134480460D46082698
:103DD0000493782E8DF8196002D113B0BDE8F08FEE
:103DE000039B73B1029B13F8012BB24209D0049AD2
:103DF0009A42F8D10136F6B2782E8DF81960F1D1D9
:103E0000EBE7012406FA04F900238B4887F87C4786
:103E10005FFA89F987F87297A7F87A3714F05AF998
:103E20008346002840F01982A6F10D036A2B00F2A8
:103E30001482DFE813F0AB0212021202DC0212025B
:103E4000AF026E031202120212021202EC01B10260
:103E50002103120278021903AD020B04C902C90240
:103E6000C902350312021202DE0212025A030103D2
:103E7000150312021202120233031202120212027C
:103E8000120212020301120217031D036B00120239
:103E9000130312029D009D0012020D0450015001F7
:103EA000C80150011502150212021202C7031202C4
:103EB0001202120212021202120212021202120262
:103EC00012021B031202EC0012022702120212025B
:103ED000700312025C0239021202DA0012021F039E
:103EE0005C03120212021202B40312029E039E032A
:103EF000DA027A021202120212021202BC01120249
:103F00001202120212021202150115012F2408F1E9
:103F1000240AD8F82820D346002A40F0B383DA4593
:103F200004D09BF81020A24240F2F88308F120034D
:103F3000142001932BF0AEFD0022DA454274827406
:103F40008146047400F1100240F0A683D8F83430A2
:103F50002BB1D8F830100B7CA342C0F0248408F1B8
:103F600020010EA8FFF7F7FEDDE90EB100F017BC47
:103F70000423DFF8C0A0019303244FF001030021C4
:103F80002D488AF87C37AAF87A178AF8729711F0C8
:103F9000CBF9294814F09EF801231A4626483146E9
:103FA00013F0BCFEBAF87027BAF86E379A4207D001
:103FB00021480FF0EDFBC0B2802802D11A24A6E7F9
:103FC0005846430700F00F020DD0D31E042B98BFB4
:103FD00001245A459BD0019B013B13F0FF03019341
:103FE00095D09346C9E70224F3E75F238DF831307B
:103FF0000022042301210CA88DF830508DF83230B6
:104000001EF07AF8022814BF09240C247FE75523F8
:104010008DF831300022042301210CA88DF8305096
:104020008DF832301EF068F800280CBF0A244524B1
:104030006DE700BF10040020680B002034238DF8CA
:1040400031300022902301210CA88DF830508DF8DA
:1040500032301EF051F8002814BF0D24412456E7D9
:10406000D023002201210CA88DF830508DF831604A
:104070008DF832301EF040F86028024600F0EA82E7
:1040800016D8C8B1552800F0E782002201210CA8FB
:104090008DF830508DF831608DF832201EF02CF8FC
:1040A000502800F0DB8260280CBF122410242EE779
:1040B0006128EAD10E242AE70D2301210CA88DF8EE
:1040C00030508DF831608DF832301EF015F8102820
:1040D000DBD13E241BE7FE23002202210CA88DF831
:1040E00032308DF830508DF831601EF005F845F211
:1040F0004943984212D1FF23002202210CA88DF8D7
:1041000032308DF830508DF831601DF0F5FF42F2FD
:104110006023984214BF13243B24F8E60023FA21BD
:10412000C448A7F87A37012487F87C4787F8729744
:10413000FFF7D4FDBF480F21FFF7D0FDBD4813F0B6
:10414000C9FF00283DD1BB4823460822314613F061
:10415000E5FD082835D1B74CB7F87037B7F86E27AA
:104160009B1A072B25DD0023FC21B248A7F87A37DC
:10417000012487F87C4787F87297FFF7AFFDAD48B9
:10418000C921FFF7ABFDAB4813F0A4FFC8B9A9489C
:1041900023460622314613F0C1FD062811D1A54C55
:1041A000B7F87037B7F86E279B1A052B05DD552435
:1041B000ADE620460FF0ECFACEE720460FF0E8FA25
:1041C000EEE71424A3E6FE234224002202210CA8D9
:1041D0008DF832308DF830508DF831401DF08CFF65
:1041E00045F24943984200F03B8205230122062113
:1041F0000CA88DF832308DF830508DF831401DF01C
:104200007BFF45F20533984227D131247FE607230F
:104210001824002202210CA88DF830508DF831406E
:104220008DF832301DF068FFB0F5806F00F01A8213
:104230000F23002202210CA88DF830508DF8314058
:104240008DF832301DF058FFB0F54C5F01D12124BC
:104250005DE643F233339842F9D00136F6B2B8E561
:104260007E23002202210CA88DF832308DF83050C8
:104270008DF831601DF040FF45F24943984296D1D8
:104280002C2444E657238DF831300022FF230121EE
:104290000CA88DF830508DF832301DF02DFF152808
:1042A00014BF2824372432E6BA2387F87237D02186
:1042B00000236048A7F87A3787F87C4711F034F874
:1042C0005C48602111F030F85A4813F003FF80B1C8
:1042D0005D238DF8313000220F2301210CA88DF8C9
:1042E00030508DF832301DF007FFB128B5D11824B9
:1042F0000DE614201CF068FB4E484E4C0123302282
:104300005D2113F00BFD8146B7F87027B7F86E37C3
:104310009A4204D1B9F1300FDAD15124F7E52046A1
:104320000FF036FAF0E71924F1E50A236B24002296
:1043300001210CA88DF830508DF831408DF83230C5
:104340001DF0DAFEC02800F08F8114230022012125
:104350000CA88DF830508DF831408DF832301DF0BA
:10436000CBFE00F00300022800F080810F23002222
:1043700001210CA88DF830508DF831408DF8323085
:104380001DF0BAFE6A2830D01B24C0E51C24BEE50F
:104390001D24BCE51E24BAE519238DF83130002216
:1043A0000F2302210CA88DF830508DF832301DF00B
:1043B000A3FEB0F54C5F3FF44AAF43F2333398426B
:1043C0003FF445AF2224A2E50223002201210CA8DC
:1043D0008DF830508DF831608DF832301DF08CFE44
:1043E000864214BF2524402491E524248FE5272408
:1043F0008DE54FF001092624002249460CA88DF8CE
:1044000030508DF831408DF832901DF075FE132834
:1044100001D034467BE5002249460CA88DF8305087
:104420008DF831408DF832201DF066FE8128F0D1E4
:104430004C246CE5680B002029238DF831300022D4
:10444000B22301210CA88DF830508DF832301DF0C8
:1044500053FE502814BF49242B2458E52D2456E53B
:10446000322454E5162452E53D2450E53F244EE520
:1044700042244CE553244AE51A238DF831300022BA
:10448000AB2301210CA88DF830508DF832301DF08F
:1044900033FEA92840F0EC804E2438E54D2436E563
:1044A00023238DF831300022862301210CA88DF8BA
:1044B00030508DF832301DF01FFE92284FF0460428
:1044C0003FF425AD01210023B84887F87C1787F811
:1044D0007247A7F87A37FFF701FCB44813F0FAFDEA
:1044E00000287FF4BAAE4B2411E547240FE5622380
:1044F0008DF831300022082301210CA88DF83050AE
:104500008DF832301DF0F8FD182814BF36245224DF
:10451000FDE44824FBE406235A24002201210CA8D0
:104520008DF830508DF831408DF832301DF0E4FDBB
:10453000AB28B1D00E23002201210CA88DF83050F9
:104540008DF831408DF832301DF0D6FDA04200F0DC
:104550009180002201210CA88DF831408DF8305057
:104560008DF832201DF0C8FDE02814BF39244A24FC
:10457000CDE4002201210CA88DF830508DF8316077
:104580008DF832201DF0B8FDEA2875D0242875D0AA
:10459000D82875D0692E14BF20243024B7E46623B0
:1045A000002201210CA88DF830508DF831308DF8A3
:1045B00032201DF0A1FD7D2802D07A287FF44DAE77
:1045C0003A24A4E4902387F872370023A7F87A37B7
:1045D000774B87F87C4718681A790C90D3F8050058
:1045E0008DF834205B7A0A9005220CA96F488DF86B
:1045F0002C3010F059FE6D4813F06CFD05226B480D
:1046000008A91BF07BFB0528024606D108A90AA8C9
:104610002AF087FC08B93C2479E448238DF81D3042
:1046200000220123022107A88DF81E308DF81C50AE
:104630001DF062FD48F28353984203D048F2805344
:10464000984201D1542462E4332460E40B245EE4F4
:1046500004245CE40F245AE4112458E4122456E4A0
:10466000152454E4172452E4232450E444244EE453
:1046700043244CE42E244AE4352448E44F2446E401
:10468000302444E492F810C0D2E90201A4452ABFC4
:1046900093460A4602463FE49BF81010A14217D900
:1046A000D8F82C10CDF830B08B4501D101202AE08C
:1046B0000CA80192FFF716FB0168019A097CA14240
:1046C000BFF44DAC0C99CA68002A6CD05946EDE78E
:1046D00001926FD2D8F83010CDF830B08B4562D04F
:1046E0000CA8FFF761FB0168019A097CA1427FF6E3
:1046F00036ACDBF80C20002A4ED15946087CA0428B
:1047000094BF0020012053460A46494625F0B5FCD7
:10471000D8F834300133C8F83430CB4608F10C03F4
:10472000BDF81820D8F81090ABF8112001939B46E3
:10473000B9F1000F43D1019B5B4506D00BF110018D
:1047400006A8FCF7B3F8002876D008F10803142077
:1047500005932BF09FF9BDF8183003820023837472
:10476000019B5B45814600F1100A35D1D8F81C3019
:10477000002B00F08780D8F818B051460BF11000DC
:10478000FCF794F800287DD0BBF1000F41D14846DA
:104790002BF088F9D9464EE0DDF830B0594649B1E2
:1047A000BBF1000F82D18A45A8D17FE7680B0020BA
:1047B000A808030848462BF075F9D946ADE709F17A
:1047C000100006A9FCF772F8D9E9021300280ABF05
:1047D000CB4699468946ABE70BF110031946504684
:1047E0000593FCF763F80B4648B3D8F81430CDF8BE
:1047F00030B09B4515D00CA8FFF774FA00685146FD
:104800001030FCF753F800283CD00C9BD96841B914
:104810009B46019B5B4533D00BF110015046FCF7E2
:1048200045F8019B5A46494625F027FCD8F81C302C
:104830000133C8F81C30CB468BF812400DE55146C9
:104840001846FCF733F80028A1D0D8F81830CDF876
:1048500030B09B45DDD00CA8FFF7A6FA01685046A2
:104860001031FCF723F868B1DBF80C30002BD3D003
:10487000DDF830B05B46BBF1000F0CD0002BC8D088
:104880000120CEE7524608F1080110A8FFF732FADE
:10489000DDE9103BEFE79B4679E770B50446084633
:1048A0000D4622F0A5FF23680246294620465B6894
:1048B000BDE8704018472DE9F3470E4605464B49C1
:1048C00030461746984622F039FF20B9484905225C
:1048D0002846FBF7E1FE4749304622F02FFF20B97A
:1048E000454905222846FBF7D7FE4449304622F0C9
:1048F00025FF20B9424905222846FBF7CDFE414954
:10490000304622F01BFF20B93F4905222846FBF71D
:10491000C3FE3E49304622F011FF20B93C49052232
:104920002846FBF7B9FE0121084603F089FDDFF8B0
:10493000E490002846D0384BB0FBF3F203FB1200A2
:1049400000F5A83404F5C0743449B4FBF3F22846EA
:1049500003FB12444FF461633246B4FBF3FA03FBEA
:104960001A441BF010FF2E4928461BF00CFF3C2177
:10497000B4FBF1F301FB1344D9F80020294900945A
:104980004FF47A70B2FBF0F22846019252461BF0C7
:10499000FAFED9F8544764B123492846FFF77DFF52
:1049A000E169626A2846FBF777FE20492846FFF74F
:1049B00074FF43463A463146284602B0BDE8F04708
:1049C000FCF710BA3246154928461BF0DCFE1449A4
:1049D00028461BF0D8FED9F8002015494FF47A7309
:1049E0002846B2FBF3F21BF0CEFED2E7D04E03080E
:1049F000D64E0308DC4E0308E24E0308E84E0308D7
:104A0000EE4E0308F44E0308FA4E03080D4F030858
:104A1000134F03081004002080510100194F0308B0
:104A2000004F03081D4F0308414F0308434F03087D
:104A3000324F0308A0F52A6023F08EBAF0B50023A8
:104A40008E1E0144451CCF1E1C4615F8012F224422
:104A500053FA82F3AF42D4B2DBB2F6D1845501F8F7
:104A6000013CF0BD38B580F82612C11880F8272225
:104A700046F2B5240022A0F8244280F8292280F8CA
:104A8000283281F82A2281F82B22049A00F2292167
:104A9000D41812F8015B01F8015FA242F9D103F1C9
:104AA0000804214600F50970FFF7C8FFE0B238BDE1
:104AB0002DE9F04FAF4D95F83C6885B00446002EC7
:104AC00040F0F980D0F8F82190F8B4303AB994F871
:104AD000B400082848D1304605B0BDE8F08F082B57
:104AE000F5D190F8FD31012B1ED890F8FC21A24B96
:104AF00003EB8203D3F8781307F051FC082884F8FD
:104B0000B40011D194F8E83194F8FD2163B994F818
:104B1000FC310133DBB2032B09BF531C84F8FC3199
:104B200084F8FC6184F8FD3194F8FD31022BCED17C
:104B300094F8FC21904B03EB82032046D3F88413B6
:104B400007F02DFC082884F8B400C0D194F8E831AF
:104B5000002BBCD194F8FC310133DBB2032B84F879
:104B6000FC31B4D10126B6E794F8003223B9012311
:104B700084F8003284F8FF31012815D17F4980483C
:104B8000FFF78BFEFA201BF01FFF7E497C48FFF7E2
:104B900084FEFA201BF018FF7B497948FFF77DFE61
:104BA000FA201BF011FF83E00B2800F2AB80DFE856
:104BB00000F038A9A9A9A9A9A98AA9062536734987
:104BC0006F48FFF76AFE4FF47A701BF0FDFE7049E4
:104BD0006B48FFF762FEFA201BF0F6FE6D4968484D
:104BE000FFF75BFEFA201BF0EFFE6B496448FFF70E
:104BF00054FEFA201BF0E8FE6849CEE76849604899
:104C0000FFF74BFE4FF47A701BF0DEFE60495C4804
:104C1000FFF743FEFA201BF0D7FE5E49BDE761496E
:104C2000EDE7614BDFF858912C22072120461DF05B
:104C30001DFAD5F8403804F5097602465B685048FD
:104C40003146984707201DF075F904221146574B4D
:104C500020461DF00BFAD5F8403802465B684848FC
:104C60003146984704201DF065F90423ADF808305B
:104C70000DF1080800274FF04E0B4FF0010A18F80D
:104C8000013B8DF80D30042203AB012120468DF845
:104C90000CB0ADF80EA01DF0E9F9D5F84038024689
:104CA0005B6831464846984701201DF043F947B1FB
:104CB000012385F83C383E4904F5027002F0BFFF3D
:104CC00050E70127DBE73B492D48FFF7E6FD40F2BF
:104CD000EE201BF079FE38492948FFF7DEFDFA2067
:104CE0001BF072FE35492648FFF7D7FDFA201BF06E
:104CF0006BFE33492248FFF7D0FDFA201BF064FE1B
:104D000030494AE70D230C2202210BF05FFA0028FC
:104D10006ED095F8C0310A2B01D0192B27D12A4922
:104D20001748FFF7BAFD29491548FFF7B6FD28498E
:104D30001348FFF7B2FD27491148FFF7AEFD26499A
:104D40000F48FFF7AAFD25490D48FFF7A6FD2449A6
:104D50000B48FFF7A2FD23490948FFF79EFDFA2003
:104D60001BF032FE20490648FFF797FDA0E71F49D8
:104D7000D6E700BF1004002068050308464F03086B
:104D8000500C0020554F03087C4F03088B4F03083D
:104D9000A34F0308D74F0308E74F0308FB4F03084F
:104DA0000B50030823500308F808030824090308DC
:104DB000CC0F00203B5003084C5003085C50030804
:104DC0006C5003087C5003088C500308C050030843
:104DD000D2500308E4500308F650030808510308B2
:104DE0001A5103082C5103083E510308A65003082A
:104DF00094F8B480B8F1020F40F03081944F1DF068
:104E000003F800970A23424606212046FFF72AFEB0
:104E1000D5F8403804F5097602465B688D4831467E
:104E200098474FF4FA7140461CF0FEFF07F10A0361
:104E300000933922082306212046FFF713FED5F8F8
:104E4000403802465B688348314698474FF4FA7110
:104E500039201CF0E9FF07F11203009323222823D5
:104E600006212046FFF7FEFDD5F8403802465B6874
:104E70007848314698474FF4FA7123201CF0D4FF4C
:104E800007F13A0300930623194608222046FFF74C
:104E9000E9FDD5F8403802465B686E4831469847D0
:104EA0004FF4FA7108201CF0BFFF07F14003009394
:104EB0000122082306212046FFF7D4FDD5F840380B
:104EC00002465B686348314698474FF4FA71012007
:104ED0001CF0AAFF07F148030093012208230621D2
:104EE0002046FFF7BFFDD5F8403802465B685948B9
:104EF000314698474FF4FA7101201CF095FF07F1F5
:104F0000500300930122082306212046FFF7AAFD43
:104F1000D5F8403802465B684E48314698474FF412
:104F2000FA7101201CF080FF07F158030093012261
:104F3000082306212046FFF795FDD5F840380246A4
:104F40005B684448314698474FF4FA7101201CF0E1
:104F50006BFF07F16003009301220823062120461E
:104F6000FFF780FDD5F8403802465B683948314686
:104F700098474FF4FA7101201CF056FF07F16803BF
:104F800000930122082306212046FFF76BFDD5F888
:104F9000403802465B682F48314698474FF4FA7113
:104FA00001201CF041FF1CF02FFF2B4B009311221E
:104FB000434606212046FFF755FDD5F84038024606
:104FC0005B682448314698474FF4FA7111201CF071
:104FD0002BFF07F1700300933B222C230621204670
:104FE000FFF740FDD5F8403802465B681948314666
:104FF00098474FF4FA713B201CF016FF07F19C0311
:1050000000930122082306212046FFF72BFDD5F847
:10501000403802465B680F4831469847A4374FF442
:10502000FA7101201CF000FF00970D2309220621D0
:105030002046FFF717FDD5F84038024631465B6839
:10504000044898474FF4FA6109201CF0EDFE2FE662
:1050500028090308500C0020AB5103080523032244
:1050600000931146042340460BF0B0F894F8B47056
:10507000002800F09581032F0BBFC24BC24B009359
:1050800000930CBF14232C233E2206212046FFF759
:10509000E9FCD5F8403804F5097602465B68BB4860
:1050A000314698474FF448713E201CF0BDFE012860
:1050B00003D04FF47A701BF087FCB54F1CF0A4FEB0
:1050C0000A230222062100972046FFF7CBFCD5F8E1
:1050D000403802465B68AD48314698474FF4FA7154
:1050E00002201CF0A1FE94F8B430042B40F00C8197
:1050F0001CF08AFE07F1F1030093392208230621F0
:105100002046FFF7AFFCD5F8403802465B689F4861
:10511000314698474FF4FA7139201CF085FE1CF097
:1051200073FEF93700972823232206212046FFF734
:1051300099FCD5F84038974F5B6802463146934852
:1051400098474FF4FA7123201CF06EFE062319468F
:10515000082200972046FFF785FCD5F84038024624
:105160005B688A48314698474FF4FA7108201CF072
:105170005BFEBB1D00930122082306212046FFF79A
:1051800071FCD5F8403802465B6880483146984744
:105190004FF4FA7101201CF047FE07F10E03009353
:1051A0000122082306212046FFF75CFCD5F8403891
:1051B00002465B687548314698474FF4FA71012002
:1051C0001CF032FE07F1160300930122082306218A
:1051D0002046FFF747FCD5F8403802465B686B482D
:1051E000314698474FF4FA7101201CF01DFE07F17B
:1051F0001E0300930122082306212046FFF732FCFC
:10520000D5F8403802465B686048314698474FF40D
:10521000FA7101201CF008FE07F126030093012219
:10522000082306212046FFF71DFCD5F8403802462A
:105230005B685648314698474FF4FA7101201CF0DC
:10524000F3FD07F12E0300930122082306212046D7
:10525000FFF708FCD5F8403802465B684B483146FA
:1052600098474FF4FA7101201CF0DEFD95F8B93B28
:10527000112B07F136085ED91CF0C6FD07F1E703D4
:1052800000938622082306212046FFF7EBFBD5F882
:10529000403802465B683D48314698474FF4FA7102
:1052A00086201CF0C1FD2C233B220621CDF8008076
:1052B0002046FFF7D7FBD5F8403802465B683348F5
:1052C000314698474FF4FA713B201CF0ADFD94F83D
:1052D000B430042B15D1EF371CF096FD14231722A0
:1052E000062100972046FFF7BDFBD5F8403802465F
:1052F00031465B68254898474FF4FA7117201CF037
:1053000093FD254B009390E607F10A0300933922A1
:10531000082306212046FFF7A5FBD5F840380246B2
:105320005B681A48314698474FF4FA7139201CF0EF
:105330007BFD1237F6E6194B00931122022306215A
:105340002046FFF78FFBD5F8403802465B680F48D0
:10535000314698474FF4FA7111201CF065FD2C235B
:105360003B220621CDF800802046FFF77BFBD5F8D5
:105370004038024631465B68044898474FF4FA715A
:105380003B20BCE7D9090308ED090308500C0020B5
:105390002809030862090308CC090308A851030877
:1053A000062F40F03E81DFF894824FF47A701BF0B4
:1053B0000BFB1CF029FD22238A223946CDF8008000
:1053C0002046FFF74FFBD5F8403804F50976024632
:1053D0005B689B48314698474FF496718A201CF0D1
:1053E00023FD40F2EE201BF0EFFA1CF00DFD08F15A
:1053F000220300938A22132339462046FFF732FB0B
:10540000D5F8403802465B688D48314698474FF4DE
:1054100096718A201CF008FD40F2EE201BF0D4FAB1
:105420001CF0F2FC08F1350300938A220923394667
:105430002046FFF717FBD5F8403802465B688048E6
:10544000314698474FF496718A201CF0EDFC40F2EB
:10545000EE201BF0B9FA1CF0D7FC08F13E030093D4
:105460008A22092339462046FFF7FCFAD5F840384E
:1054700002465B687248314698474FF496718A201D
:105480001CF0D2FC40F2EE201BF09EFA08F147031C
:1054900000938A22262339462046FFF7E3FAD5F8FF
:1054A000403802465B686648314698474FF496712B
:1054B0008A201CF0B9FC40F2EE201BF085FA08F1BE
:1054C0006D0300938A22262339462046FFF7CAFA45
:1054D000D5F8403802465B685948314698474FF442
:1054E00096718A201CF0A0FC40F2EE201BF06CFAB2
:1054F00008F1930300938A220E2339462046FFF7D2
:10550000B1FAD5F8403802465B684D4831469847B5
:105510004FF496718A201CF087FC40F2EE201BF0BD
:1055200053FA08F1A10300938A220E23394620463C
:10553000FFF798FAD5F8403802465B684048314694
:1055400098474FF496718A201CF06EFC40F2EE20D2
:105550001BF03AFA08F1AF0300938A220E23394672
:105560002046FFF77FFAD5F8403802465B6834489A
:10557000314698474FF496718A201CF055FC40F252
:10558000EE201BF021FA08F1BD0300938A220E23BE
:1055900039462046FFF766FAD5F8403802465B6880
:1055A0002748314698474FF496718A201CF03CFCFE
:1055B00040F2EE201BF008FA08F1CB0300938A2298
:1055C0000E2339462046FFF74DFAD5F840380246FB
:1055D0005B681B48314698474FF496718A201CF04F
:1055E00023FC40F2EE201BF0EFF908F1D903009301
:1055F0008A220E2339462046FFF734FAD5F8403880
:1056000002465B680E48314698474FF4FA718A208B
:105610001CF00AFC40F2EE201BF0D6F908F1E7037B
:1056200070E60F2F7FF444AB06490548FFF735F9C4
:10563000FA201BF0C9F90449FFF7AFBA650A03085D
:10564000500C00204C510308615103082DE9F04F24
:105650001646ADF5617D0022C0E900228260044655
:1056600050A81DF0FEFD569B73B19DF854315BB1FF
:1056700050A908A81DF094F8794F0E9B002B40F01C
:10568000A08050A811F08DFA20460DF5617DBDE88F
:10569000F08F98A81BF0A9F805A81BF0A6F8E8223F
:1056A000002198A829F067FC9DF83430002B5BD1CD
:1056B0000E9AD1695369890303D5126A934238BFA0
:1056C000134610A998A8D1932AF0ECF898A902A83B
:1056D0001BF06FF8394605A81BF06BF805A902A866
:1056E0001BF0CCF8054605A81BF07FF802A81BF0BC
:1056F0007CF85DB9D4E90183984537D0E82298A9B0
:1057000040462AF0D7F86368E833636008A811F0D0
:1057100048FA9CE05349544A0193ED1069432046EE
:10572000FBF771F982461FF036FA414602460546FC
:105730005846FEF799F9019B024619464846FEF77E
:1057400093F9414602464046FEF78EF98046BBF18A
:10575000000F02D058462AF0A5F9E823C4E9005802
:1057600003FB0A55A5606CE00023AAE73F4A01212C
:105770002046FBF748F9D4F8009082461FF00BFA58
:10578000A8EB090B0546E82298A958442AF092F89C
:1057900041462A4648461CF0DDFF414600F1E8023A
:1057A00040461CF0D7FF8046B9F1000F02D04846B2
:1057B0002AF078F9E823C4E9005803FB0A55A560EC
:1057C000A4E79DF83430002B3FF469AF10A905A879
:1057D0001AF0EFFF394698A81AF0EBFF98A905A830
:1057E0001BF04CF800287FF454AF98A81AF0FDFF86
:1057F00005A81AF0FAFF56B3721ED2B210A998A8E3
:10580000FFF724FFDDE998934B451AD0D4E900B89F
:10581000A268A3EB0905A2EB0802AA42FFF47AAF43
:10582000194642464846FEF71FF962682A446260FC
:1058300041464046FEF718F9424649464846FEF7BB
:1058400013F908A811F0ADF998A81FF0BDF950A9F7
:1058500098A81CF0A5FF98A908A81FF0FFF90CE76D
:105860006461030835C2724F765103088E510308F4
:1058700008B503689B699847002008BD90F8E001CF
:10588000013804288CBF002001207047D0F8DC01CB
:10589000003818BF01207047826930B40469551080
:1058A000034604EB6200D20748BF62595B6930BC13
:1058B00048BFD3581847826930B40469551003466D
:1058C00004EB6200D20748BF62595B6930BC48BF35
:1058D000D3581847826930B404695510034604EB65
:1058E0006200D20748BF62595B6930BC48BFD358D9
:1058F000184713B5006803689B6814469847C0F3BF
:105900000743C0B28DF8063040B1054B9DF8062024
:1059100003F8342003EBC403024A5A6002B010BDFE
:1059200020110020680B002003460068196010B1A8
:1059300003685B6818477047826930B40469551082
:10594000034604EB6200D20748BF62595B6930BC72
:1059500048BFD3581847826930B4046955100346CC
:1059600004EB6200D20748BF62595B6930BC48BF94
:10597000D3581847406A036810B40C465B69114657
:10598000224610BC184730B50B4600F1380201F131
:10599000200518685968144603C40833AB422246F0
:1059A000F7D11B78237030BD10B40468246BA44673
:1059B00010BC60470020704700207047826930B4F7
:1059C00004695510034604EB6200D20748BF6259D0
:1059D0005B6930BC48BFD3581847002070477047F8
:1059E0000020704700207047808A8A89131A584225
:1059F00058417047012070470346002200691A6130
:105A000070470068096803689B681847012A02D13B
:105A1000016000207047022A05D0032AF9D0002A2D
:105A2000F7D10260F5E70B680360F2E700680968E8
:105A300003689B681847E9E70068096803689B6882
:105A40001847E3E761B100F11803C91AB1F5B46F63
:105A500006D8044B491103FB0100002380F8983756
:105A6000704700BFEFEEEEEE00F29772002312F8DF
:105A7000011F49B9C218012182F898174FF4F0723A
:105A800002FB0300183070470133042BEFD10020D4
:105A9000704749B100F11403C91A18299EBF00EBE1
:105AA000E100002380F83430704700F13302002316
:105AB00012F8011F39B9C218012100EBC30082F8A6
:105AC0003410143070470133042BF1D1002070479B
:105AD00071B100F11403C91A41F66A53994207D80B
:105AE000044B491003FB010041F674730022C254B9
:105AF000704700BF330A029A10B500F5FB5213320B
:105B0000002312F8011F51B9C11841F67472012423
:105B10008C544FF4FB7202FB0300143010BD0133B0
:105B2000102BEED10020F9E7826930B404695510DA
:105B3000034604EB6200D20748BF62595B6930BC80
:105B400048BFD3581847F0B50646006850F8210002
:105B5000B8B10468A569AB4207D117686568AF4260
:105B600003D15768A568AF420BD0256865B1776847
:105B70002046AC69B4FBF7FC07FB1C44A14201D0F2
:105B80000020F0BD2C46E5E72846FAE770B5BC26B4
:105B9000B0B00C4605463246014601A829F08AFEFF
:105BA00032462146284629F085FE324601A9204684
:105BB00029F080FE30B070BD704770470723A0F811
:105BC0008434D0F86834C0F888340023C0F86834CE
:105BD0000B23037490F88436012B07D1154AD2F8B1
:105BE000982182F8203103689B6A1847023B042BF6
:105BF000F9D8DFE803F0030A0F1419000D4BD3F8AE
:105C00009831022283F82021EDE70A4B0322D3F8D2
:105C10009831F7E7074B0422D3F89831F2E7054BA8
:105C20000522D3F89831EDE7024B0622D3F89831DC
:105C3000E8E700BF20110020D0F8101108B5024697
:105C400029B10348FFF725FF0023C2F8103108BD32
:105C5000BC120020D0F8141110B5044629B1034835
:105C6000FFF736FF0023C4F8143110BDAC2F00201D
:105C7000D0F8181108B5024629B10348FFF7E2FE33
:105C80000023C2F8183108BDF812002008B500F54D
:105C9000157016F05FFB003818BF012008BD38B53D
:105CA000044600F5157016F055FB10F0140F12D0D5
:105CB000114DD4F844222B681AB9C4F8443201209B
:105CC00038BD216F9B1AB3EB410FF8D3C30604D440
:105CD0000023C4F844320020F2E7236800225B6B03
:105CE00040F20111204698472B68D4F844229B1AB1
:105CF0009842E4D8ECE700BF100400201FB5FF2352
:105D00008DF801304FF6FF730022ADF802304FF4EA
:105D1000C073CDE90123039390F863308DF8003010
:105D2000036804469B6F9847694604F5157014F0A4
:105D300067F9034BC11A4842484104B010BD00BF87
:105D400042FDFFFF00F5157015F096BF07F0D3BDBB
:105D500010B504461EF04FFD204610BD10B5044698
:105D6000FFF7F6FF204629F09DFE204610BD2DE9E5
:105D7000FF4705461E4B55F8046F036004460DF1BE
:105D800004084FF00009AE4206D16068854229D16F
:105D9000204604B0BDE8F087CDE90188B768CDF8AA
:105DA0000C90396801988F4203D1404515D136686F
:105DB000E9E78B68D1F800A09C420CD181420AD05F
:105DC000824508D0524624F088F8039B01330393A0
:105DD000BB68013BBB605146E4E7076829F062FEFF
:105DE0003846E2E7066829F05DFE3046CEE700BFA0
:105DF0005C1C030810B50446FFF7B9FF204629F0E4
:105E000051FE204610BD2DE9FF4705461E4B55F8B3
:105E1000046F036004460DF104084FF00009AE4220
:105E200006D16068854229D1204604B0BDE8F087DC
:105E3000CDE90188B768CDF80C90396801988F4298
:105E400003D1404515D13668E9E78B68D1F800A049
:105E50009C420CD181420AD0824508D0524624F09F
:105E60003CF8039B01330393BB68013BBB60514685
:105E7000E4E7076829F016FE3846E2E7066829F0ED
:105E800011FE3046CEE700BF5C1C030810B5044687
:105E9000FFF7B9FF204629F005FE204610BD2DE989
:105EA000F0411E4690F958308AB0002BDDF8408052
:105EB00004460D46174621DD00F12803102200217B
:105EC000184629F058F8B8F5807FA762E662256386
:105ED00014D8119A25466E4655F8447B0690CDE9B4
:105EE00007820FCD0FC695E8030046F8040B04F1B6
:105EF000380331700ECBBD6B2046A8470AB0BDE811
:105F0000F0812DE9F04790F8CC31D0F8E42180F809
:105F1000E031D0F8D8319A4238BFC0F8E431036894
:105F20008AB05B6A0446984720B9002528460AB023
:105F3000BDE8F08794F8B830980703D494F8382176
:105F40009107F2D5DA07F0D58F49D4F8EC2008682C
:105F5000801A41F287329042E7D894F8049119F000
:105F6000010FE2D00868D4F81051401B9042DCD8F1
:105F700094F8F08018F00105D7D00968D4F8FC0037
:105F8000091A9142D1D823F00203B4F8BC0084F876
:105F9000B8307E4BD4F8C070B4F8C810D4F8CC60D8
:105FA00094F8D0204FF0640CB7FBFCF703FB0077AC
:105FB00094F8C40000B17F4275488742B5DC642084
:105FC000B6FBF0F603FB016602B17642714B9E42CE
:105FD000ABDC022384F84C3094F88031D4F884A1EF
:105FE000C4F86CA023F0020384F88031504620F0FE
:105FF000E1FF61A3D3E9002321F056F821F0EEFA86
:10600000A066BAF1000F90D094F89031D4F89401C2
:10601000676323F00203E66384F8903120F0DAFF2F
:1060200000225D4B21F06AF921F000FC94F8383130
:10603000606623F00203824684F83831D4F83C01CC
:1060400020F0C8FF544B002221F058F906460F46B5
:10605000504620F0BFFF32463B4620F06FFE21F055
:10606000E5FB3946E065304621F0E0FB642294F818
:10607000E0316064C4F88830D4F80831B3FBF2F141
:10608000B1FBF2F002FB1011019142F21071B3FB6F
:10609000F1F0B0FBF2F602FB160002903F48B3FBB2
:1060A000F0F3DBB20393D4F8F430B3FBF2F0B3FBBC
:1060B000F1F102FB103303F5FA63C9B29BB204910C
:1060C000A3F26C73B0FBF2F129F0020902FB11019B
:1060D00028F002080139069384F80491002384F81B
:1060E000F08001A8099305911BF05AFE94F84831FD
:1060F00020659F0741BF23F0020384F84831D4F89C
:106100004C31C4F8903094F828319E0715D5D80743
:1061100013D523F00203D4F82C0184F8283148F673
:106120009F43984209D820F045FF1D4B002220F0E4
:10613000BBFF21F053FAC4F8840094F81831990792
:106140007FF5F4AEDA077FF5F1AE23F0020384F8B1
:106150001831D4F81C0120F02DFF09A3D3E9002346
:1061600020F0A2FF0C4B002221F0C8F821F036FAF3
:10617000E067DBE6AFF300808FC2F5285C8FF63F67
:106180006F1283C0CAA1FD3F1004002080969800C2
:1061900000E9A43500D2496B0000594040420F008D
:1061A00000408F402DE9F04390F80431044613F08D
:1061B00001008FB003F0010867D094F8F03013F0BD
:1061C000010062D06423D4F80851B5FBF3F2B2FBAE
:1061D000F3F003FB102020F0FDFED4F810910646EA
:1061E0000F46B8F1000F53D0334B1B68A3EB0903E4
:1061F0004FF47A70B3FBF0F020F0DCFE32463B4601
:1062000020F09CFD21F012FBD4F8F44005906422AC
:1062100042F21073B5FBF3F1B1FBF2F002FB101187
:10622000B4FBF3F306912549B5FBF1F5B4FBF2F1AC
:1062300002FB1144DBB204F5FA640893A4B2B1FB8B
:10624000F2F302FB1313013BA4F26C74EDB2099359
:106250000A9401334FF0000407950D9414D005A85B
:106260001BF09EFD164B0294834274EB0103CDE9B3
:10627000000110DB1049134A0B68D2F878091B1A89
:1062800043F69720834212D800200FB0BDE8F08378
:106290004FF0FF33ACE70C4B83428C41EADB69469D
:1062A00004201EF0AFF9431E58425841EDE70B6839
:1062B000C2F87839E8E700BF1004002040420F0020
:1062C0007F0FE86920110020801B18B52DE9F84FD9
:1062D00090F803520446002D00F09D801BF094FDC1
:1062E00000252846BDE8F88FBAF12A0F08D0BAF188
:1062F0002C0F6AD194F8A03183F02C0384F8A031DC
:1063000004F1B800F1B984F8A21112F0EBF994F895
:10631000C431013384F8C43128430023BAF12A0F71
:1063200084F8C53184F8A231C5B294F8A13114D1F2
:1063300043F0010384F8A131BBF1F10F14D00BF14C
:10634000010B1FE020294FF0000304D8214481F8FD
:10635000A2310121D9E71846D9E723F00103BBF1A7
:10636000F10F84F8A13154D15A46414604F5097021
:1063700009F09FFE20B1D4F820330133C4F8203354
:106380004FF0000B3B6827481B6998470028A8DDA1
:106390003B6838465B69984704EB0B035FFA80FA69
:1063A00083F824A2D4F8D031BAF1240F03F1010309
:1063B0000646C4F8D0311BD094F8C51194D8BAF170
:1063C0000A0F9DD0BAF10D0F9AD01F299FBF4B1C09
:1063D000091984F8C53181F8A2A194F8A131DB072D
:1063E0005EBF94F8A0318AEA030A84F8A0A1A3E76B
:1063F000D9F80030C4F8C831002384F8A031A4F8DB
:10640000C43194F8A131032284F8C32123F001039D
:1064100090E70D2E92E7034FDFF80C80DFF80C9029
:10642000AB46AFE7500C0020B45103081004002025
:1064300038B50C4605461EF05DF9291D846023F031
:106440005AFDEB680133EB601EF054F9214685607C
:1064500023F051FDA3680133A36038BD10B5034B91
:10646000036004461EF08AF9204610BD041D03088F
:1064700010B50446FFF7F2FF204629F013FB204633
:1064800010BD10B5034B036004461EF077F920469B
:1064900010BD00BF181D03080F4B10B503608433F7
:1064A0000446C0F89431D0F8CC0108B129F0FAFACA
:1064B00004F5CA701EF09FF92046084B40F83C3B9B
:1064C000FFF7DFFF04F12000FFF7DBFF201DFFF7E0
:1064D000D8FF204610BD00BF2C1D0308DC1D03089B
:1064E000A0F5CA70D8E710B50446FFF7D5FF2046DF
:1064F00029F0D8FA204610BDA0F5CA70F3E710B510
:106500000446FFF7BEFF204629F0CCFA204610BD16
:1065100010B5054B044640F8343BFFF774FC2046A9
:10652000FAF7B4FB204610BD2C1E030810B5044634
:10653000FFF7EEFF204629F0B5FA204610BD10B552
:10654000034B036004461EF0D8F8204610BD00BF80
:106550003C1E030810B5054B044640F8343BFFF7DA
:10656000EEFF2046FAF792FB204610BD501E0308AE
:106570002DE9F04790F8FF31BAB00446002B6AD0FD
:106580003B4F90F8FEA197F8908090F8009200257C
:1065900007AEB8F1010880F8FF51304618BF4FF040
:1065A00001081EF035FA334B0793143B15AA1493D8
:1065B000314B1795CDE9152204F1300174221CA846
:1065C000CDE91935399518968DF86CA08DF86D9038
:1065D0008DF86E8029F06EF954F8A85FA54206D0B8
:1065E000A868036831469B689847002836D097F81A
:1065F0009030012B2CD1214BD3F88009D3F8881986
:106600000268D3F87C491268904705461BF01CFBD2
:106610001BF03EFBE0B105F16C0393E807008DE849
:1066200007002146D5E9192304A80FF071FB144A8D
:1066300013689DF818305BB1236FD4F888107BB9CC
:10664000136823670FF08AFC6B6E6367AB6EA367FA
:106650003046FFF77FFF3AB0BDE8F0872D68BDE711
:106660001768FB1A9942F3D80FF078FC2767EBE71D
:1066700018040020501E0308D70A0008201100202B
:106680001004002010B50446FFF764FF204629F0EF
:1066900009FA204610BD10B50446FFF750FF20460A
:1066A00029F000FA204610BD10B5034B03600446E4
:1066B0001EF023F8204610BD601E030810B50446E6
:1066C000FFF7F2FF204629F0EDF9204610BD10B586
:1066D000074B044640F8543B24F0DAFA04F1340046
:1066E000FFF745FB2046FAF7D1FA204610BD00BF60
:1066F000741E030810B50446FFF7E9FF204629F091
:10670000D1F9204610BD70B5B1F85040B0F85060D6
:10671000B0F85230B1F85220A0F854300125A6420A
:1067200080F820500AD1934208D1A0F8523091F855
:106730005630A0F850602BB9002070BDA0F8504032
:10674000A0F85220014628301EF052F9F4E770B547
:106750000E4B044640F8683B1DF035FFA36B3BB180
:10676000E36DE56C1E1DAE420BD8A06B29F09AF9C3
:10677000606B08B129F096F920461EF03CF82046DF
:1067800070BD55F8040B29F08DF9ECE7841E030861
:1067900010B50446FFF7DBFF204629F083F92046B9
:1067A00010BD38B5D0F88C100F4B03600446A9B962
:1067B000D4F88820D4F88400920028F0DCFBD4F8C8
:1067C000840004F19C03984201D029F06BF9074B37
:1067D00023602046FFF7BBFF204638BD0D68084602
:1067E00029F060F92946E2E7C01E0308001F0308EC
:1067F00010B50446FFF7D5FF204629F053F920468F
:1068000010BD10B5064B03600446806A1DF0CEFE35
:1068100020691DF0CBFE2046BDE8104029F042B9AA
:10682000401F0308044B10B504460360406A08B1DA
:106830001AF013FE204610BD601F030810B5044671
:10684000FFF7F0FF204629F02DF9204610BD70B566
:106850000446406A00230E461546636208B11AF0EA
:10686000FCFD95B1442029F015F9084A0260034661
:10687000606A636208B11AF0F0FD606A03682A4634
:1068800031461B69BDE87040184770BDA41F03085E
:1068900070B5154692F844200E460AB1002070BD2E
:1068A0008C1C01F12402498C0368202914D1DB6877
:1068B000214698470028F1D0202333807384214655
:1068C000A5F846304835E31851F8042B45F8042B59
:1068D0009942F9D10120E2E79B6821469847EBE70E
:1068E00070B5531E154606460C461F3213F8011F9D
:1068F000C1B99342FAD1002070BD06F1790305F1C8
:10690000200255F8041B43F8041B9542F9D10436C4
:1069100004F1200354F8042B46F8042B9C42F9D1CF
:106920000120E9E700222946204618F07CFE204697
:1069300018F0FAFF0028E0D020220021204628F09D
:106940001AFBD8E72DE9F74FDFF80CA106464348BC
:10695000894690461AF0CAFFBAF89419102903D153
:106960000AF696101AF08CFF28F0F2F80421019034
:106970000DEB01001AF084FF394F351D06F1790443
:106980004FF0000B787E10F0400001D11AF0AEFFFE
:106990003A8BC2F30C03C2F3C9021F2AC8BFA3F586
:1069A00080733A8BCCBFC3F30C03002363F30C0258
:1069B00013043A834DD5002108461AF061FF7B7E0F
:1069C00087F835B06FF3C7137B76DAF8C83F013329
:1069D000CAF8C83F1AF028FEDFF888C022460CF13A
:1069E000200E634603CB7345106051609C4602F154
:1069F0000802F6D11AF016FF96F8793023F0070353
:106A000086F8793096F8983003F03F0343F040035E
:106A100086F8983000222146284618F004FE2846C1
:106A200018F082FF0028ADD1284605F1200350F868
:106A3000042B49F8042B9842F9D1214604F1200394
:106A400051F8042B48F8042B9942F9D103B0BDE862
:106A5000F08F1AF057FDB8E720110020E25103082B
:106A600020210020F820002082B02DE9F04F8FB0C7
:106A700004461993229B0093239BDDF890A0019379
:106A8000934628F065F8269B03EB0A09BDF86430AD
:106A9000C9F80800064633B9002738460FB0BDE8EC
:106AA000F04F02B0704723680DF16601DB692046A4
:106AB000984707460028EFD0A046202258F8593BB7
:106AC00020461B6A414604F1280598471022002100
:106AD000284628F050FA009BA362019BE362C4F8A9
:106AE00030B006B1E6623148314C0D22294609F03A
:106AF00007FB41462F48082209F002FB54F8C00C5E
:106B0000036820225B6A4146984719238DF8283094
:106B10002A460DF1290305F10C0852F8041B43F82D
:106B2000041B4245F9D198F800201A7054F8C00CA3
:106B30009AFA9AF3ADF83630036802AA9B6A0AA95A
:106B40009847259802AA514608F0AEFE01238DF819
:106B500018300DF1190355F8042B43F8042B454563
:106B6000F9D12A781A70269A259806AB51461AF060
:106B700079FC54F8C00C0023ADF8263003680AAA4B
:106B80009B6A06A9984709F1070402AA0AAB09F112
:106B9000FF3112F8010B13F8015B684001F8010F97
:106BA000A142F6D1C9F8086077E700BFF1510308A8
:106BB000182200200E52030882B02DE9F04F95B044
:106BC0008A461EA981E80C00DDE928B32A9E0193BC
:106BD0002B9B0C3E9F19BDF87830D7F808900546DE
:106BE0002BB9002015B0BDE8F04F02B07047036824
:106BF0000DF17A01DB6998470028F2D0A8462022DF
:106C000058F8593B28461B6A414605F12804984725
:106C100010220021204628F0AEF9019BC5F828B0CB
:106C2000EB62C5F830A0B9F1000F01D0C5F82C9087
:106C30003E483F4D0D22214609F062FA41463D484B
:106C4000082209F05DFA55F8C00C036820225B6A3F
:106C50004146984701238DF8203022460DF121034B
:106C600004F10C0852F8041B43F8041B4245F9D107
:106C700098F800201A7055F8C00C0023ADF82E309B
:106C8000036808A99B6A10AA98477B1E10A80CA944
:106C9000073713F801CF10F8012BBB4282EA0C0230
:106CA00001F8012BF5D108AB2C9A2B9831461AF03C
:106CB000D9FB19238DF840300DF1410354F8042B12
:106CC00043F8042B4445F9D122781A7055F8C00CCA
:106CD00073BAADF84E30036804AC9B6A224610A923
:106CE00098472C982246314608F0DEFD0CAB039401
:106CF00010930398002300283FF474AF10980028E5
:106D00003FF470AF8DF80B30039AD15C109AD05CD1
:106D10009DF80B20414001330A43082B8DF80B20CE
:106D2000F2D19DF80B000138C00F5BE73E5203081B
:106D3000182200205B520308F0B500F1590789B012
:106D40003B4601F1200251F8044B43F8044B9142B9
:106D5000F9D16C4600F1790200F1990326461068DA
:106D60005168254603C508329A422C46F7D1384669
:106D700018F0DAFD3A4631460546384618F053FC1D
:106D80000446384618F0D0FD84F0010405432C4336
:106D90003046202118F0BEFB04F0FF04E04300F071
:106DA000010009B0F0BD10B50446006808B11AF042
:106DB0004FFB204610BD84B02DE9F3419DF944807E
:106DC00009AE0024B8F1100F86E80E00DDE9135774
:106DD000009443D1E82028F05DFE264B03602C335D
:106DE000C362A0F828800A2380F8303000F138020E
:106DF00000F12C0342634360CDE9000401A8FFF7D2
:106E0000D2FF009C9DF94420236831461A4E1B692D
:106E1000204698472A463946304628F04BFDC5F5AE
:106E200080720021701928F0A6F8236812995B6916
:106E30001022204698470C2384F8293023683246D4
:106E4000D3F8188039462B462046C0476846FFF7DE
:106E5000AAFF02B0BDE8F04104B070474FF494704F
:106E600028F018FE10230385044B03602C33C36203
:106E70000E23B9E7CC1F03085C2100202020030863
:106E800010B591F85C31012B04460CD1064B1B79EF
:106E9000022B08D0D1F81421096808F018F910B1B4
:106EA000236F0133236710BD18040020F0B5054699
:106EB0008DB008F016F8284619F06BFF95F9883167
:106EC0000933BCBFF72385F888312B6828469B6BB4
:106ED000002498470594D5F850320493B5F86C30E7
:106EE000039395F98831029395F8D931019395F878
:106EF0006130009305F51576EA6D95F8603001462E
:106F0000304618F027F8821C4BD0274B984248D0C7
:106F1000D5F84C12304617F06EFF044610BB014600
:106F2000304617F08FFF0446E0B92049D5F89C029F
:106F30004FF0FF33CDE90933CDE907330B934B6CA9
:106F4000DB070BD407681A4BFA683F69C3E90122D3
:106F5000C3E90772C3E90D2701234B64144A07A94B
:106F600016F06CF8134B93F8C51101B101213046AE
:106F700019F0C9FF00230093012240F6B50105F581
:106F8000F07019F0E3FF4CB9012130461AF0C0F857
:106F9000044618B92B6828465B6D9847B4FA84F408
:106FA000640920460DB0F0BD3DFDFFFF1822002012
:106FB000D40000201804002038B5044607F07CFEF9
:106FC000236804F515759B6F2046984794F8601068
:106FD000284617F087F9E16D284617F01DF994F857
:106FE0006110284619F051FF94F8D911284619F07C
:106FF0006BFFD4F84C12284617F0FDFEB4F86C1065
:10700000284617F095FE236820469B6B984701465B
:10701000284616F00BFC94F98831162BC4BF1623B2
:1070200084F8883194F98811284616F0CBF8064B7D
:10703000284693F8C51119F066FF236820465B6D5A
:107040009847002038BD00BF1804002010B5036821
:1070500004469B6F984704F5157019F067FE0120F0
:1070600010BDF0B5C36F85B00446002B3DD190F83C
:107070002C32002B34D104F51575284619F056FE34
:107080000021284619F036FE7F238DF80F300022AC
:107090000123CDE9003289210DF10F0204F5F070D2
:1070A00016F012F8D4F8E0011C4E03680521DB69E4
:1070B00098473768D4F8E001D4F80C1203681B69CC
:1070C00098470346D4F8E0018BB90368D4F80C1252
:1070D0001B699847236890B15B6D2046984704E090
:1070E0000368DB6D98470028C5D005B0F0BD336854
:1070F0000268DB1B322BE8D8536D9847DAE79B6BAD
:10710000204698470146284616F01FFB044B2846A8
:1071100093F8C51119F0F7FE2368DDE7100400208D
:107120001804002008B53220F9F7CCFFBDE808406C
:1071300001481CF08BB800BFE0220020F0B50368C6
:1071400005469B6F85B09847B5F86C40B5F8A632F8
:1071500005F515766CB91C460F2C1ADC002300933C
:1071600040F2762202236FF07F41304613F042F95D
:1071700001E0A342F0D2012385F82C322B68334979
:10718000DB6C28469847284605B0BDE8F04007F07C
:1071900022BF95F8A03242F21070984020F074FCA3
:1071A0002B490746D5F8A80220F0C6FC0146384610
:1071B00020F076FD20F086FEA4F11007D5F8C83245
:1071C000BFB2474303F57E729742C7D304FB000466
:1071D000E41B04F57A74640800EBC000844238BFF5
:1071E00004467D22FF1AE4006FF07F41B4FBF2F405
:1071F000631EA7F57A778B424FEAC707B7FBF2F712
:10720000B9D27B1E8B42B6D2022340F276223046A0
:1072100017F0C3F80028AED1230C8DF80830230AEC
:107220008DF809303B0C8DF80B300123CDE900338C
:107230007FBAD5F89C028DF80A40062302AA942151
:10724000ADF80C7015F040FF95E700BF81DE000837
:107250000000204138B500F5157528460C4616F09B
:1072600005FDC4F81C01284615F085F824F0B8FC8B
:10727000C4F8240138BD10B5044600F5CA70FCF707
:10728000E1FC04F5157015F08BF8002384F82C321E
:10729000C4F84432236820469B6C98472046BDE8DA
:1072A000104008F071BB2DE9F04300248BB0054677
:1072B0000E46A04600F51577002A56D090F8A43265
:1072C000012B11D040F24971D0F89C0215F046FD17
:1072D00040F26B71C0F30214D5F89C0215F03EFD2C
:1072E000042CC0F300183CD80434E4B295F86000D4
:1072F000D5F85C90B5F86C308DF8244001248DF8F9
:107300001C00ADF8143004FA00F000238DF816309C
:10731000CDF8209020F0BCFB494620F0C1FC4FF096
:10732000834120F0DDF90028034618BF23468DF87D
:1073300018308DF81780DDE90501099B0190009355
:107340000396ADF80810DDE9072395F8D811384603
:1073500012F0A2FE4FF47A73B0FBF3F00BB0BDE86D
:10736000F083072C08BF0824C0E7384616F09EFCBF
:10737000F0E710B504461046D4E900239B1A0C4AE6
:107380000C4C9B105343E21A8A4201D223F089F835
:10739000994205D91944A14228BF2146084610BD8B
:1073A000B3EB430F4FEA4301F5D92046F7E700BF9F
:1073B000CF467D67414CAE0038B5D0F8F030082B91
:1073C00004460D4607D1C83019F060FC014610B1E3
:1073D0001548FEF77DFBD4F8F030072B01DD27F0D0
:1073E0005FFBD4F8F40018B1036800211B689847CC
:1073F000D4F8EC3004EB83020133C2F8C8505A428F
:1074000002F0070203F0070358BF5342C4F8EC3000
:10741000D4F8F0300133C4F8F030D4F81831013327
:10742000C4F8183138BD00BFAC2F002038B5D0F8F3
:107430000831022B04460D4607D1F83019F015FC2F
:10744000014610B11348FEF7FDFAD4F80831012BBC
:1074500001DD27F025FBD4F80C0118B103680021E9
:107460001B689847D4F8043104EB8302013303F01E
:10747000010348BF5B42C2F8F850C4F80431D4F8A5
:1074800008310133C4F80831D4F818310133C4F895
:10749000183138BDF812002010B5044B044640F8EE
:1074A000043BFBF7E3F8204610BD00BF742003083F
:1074B00010B50446FFF7F0FF204628F0F3FA204607
:1074C00010BD10B5034B044640F8043BFBF7CEF863
:1074D000204610BD7420030810B50446FFF7F1FFE5
:1074E000204628F0DFFA204610BD10B5034B0446B5
:1074F00040F8043BFBF7BAF8204610BD742003089F
:1075000010B50446FFF7F1FF204628F0CBFA2046DD
:1075100010BD0B685A89042A2DE9F047846E054690
:107520000E463BD11F4A20480C334FF4807108F0BF
:10753000F7F9236800F1180100225B6B2046984799
:107540001A4B8146D3F8D801FCF7ECFA184B94F8A3
:10755000788094F879A01F6820F03EFCAAEB08031D
:107560004343642293FBF2F301224344D04448FA9C
:1075700002F8DBB2616F02FA03F302FA08F202EBDF
:107580004A0213440F44A26E07EB490702FB03773C
:1075900077602846BDE8F04707F080BD988918302D
:1075A000C7E700BF10160308F022002018220020B1
:1075B000100400202DE9F04FD1E90036D0F804A0E6
:1075C0005E40B6FBFAF70AFB176785B088460A46A5
:1075D000334639460446FEF7B6FA38B103682BB194
:1075E00003F10C09484605B0BDE8F08F1C2028F0D7
:1075F00051FA034605464FF0000B98E8030043F8A4
:1076000004BB83E803000123C5E904BB0093E368DE
:10761000524604F1100102A822F090FF9DF80830B4
:1076200005F10C09C3B1039F012F04F1180A22D1FF
:10763000C4F818B0D046A4460020A2684CF8080F41
:1076400012BB2068504501D028F02CFAB6FBF7F3A6
:10765000C4E9008707FB13672368AE6153F827204E
:10766000B80072B312682A6053F827301D60E368CF
:107670000133E360B6E738461CF028FFBA005946EC
:10768000804627F078FCD6E79369B3FBF7F107FB58
:107690001133D2F800E058F8231059B9A1681160ED
:1076A000A26048F823C0116809B148F820201846A4
:1076B0007246C5E70968116058F823301A6003461E
:1076C000F5E7A2682A60A5603AB192696168B2FBE9
:1076D000F1F601FB162243F8225004F108021A5079
:1076E000C5E72DE9F0470546B0B014460E4631B166
:1076F000D369DFF8CC90D3E90078B84519D1A5B1AA
:10770000AB68E4698BB12E4901AA284614F0E1FE6A
:1077100058B1D4E901739F421ED0BC2201A938465A
:1077200028F0C8F86368BC336360012030B0BDE85E
:10773000F0873946BC2201A828F0BCF8A27D218A36
:1077400030461BF0EBFFBC370028EFD001AA4946BA
:10775000304614F065FFD0E71A4A01212046FFF7B2
:1077600008FED4F800800646A7EB080A28B31AF0F2
:1077700045F905464FF0BC094A4601A905EB0A0048
:1077800028F098F82A46394640461AF0E3FF394671
:1077900000EB090238461AF0DDFFA1680A4BA1EBA5
:1077A000080189100746594340461AF03DF9C4E9DB
:1077B000005709FB0655A560B7E70546DAE700BFA5
:1077C000842003088E510308CF467D67204A214953
:1077D0002DE9F041054602F5B26089C81E4E81F8D8
:1077E000DD71D6F8884981F8E101020C4FEA132CCB
:1077F0003F0A81F8E02181F8DF3181F8DEC181F8AC
:10780000DC7154B91B0403F47F03120243EA0C63D6
:1078100092B21343C0B243EA0004104FDFF8408035
:107820002B6821461B682846984728B1062239460E
:10783000104427F076FB30B9231F063303D8C6F86F
:107840008849BDE8F081404618F0AAFF041DE7E72B
:107850000070FF1F1822002020110020F4230020B8
:10786000FBFFFF7F70B51D4C182301250646C4F8A9
:10787000083D0023A4F8403A84F80E3D84F8A43B68
:1078800084F8845984F8D45907F0DFFB3046FFF7B9
:107890009DFFB4F88839124A282104F6E61028F032
:1078A000A9FCB4F888390F4A052104F60E2028F007
:1078B000A1FCD4F888390C4A102104F6D61028F01F
:1078C00099FC0A4BA4F83E5AD3F8DC21B3F8E03116
:1078D000C4F8132AA4F8173A70BD00BF2011002085
:1078E0008B520308965203089B520308182200206B
:1078F00038B5424BD3F8981191F82031012B04464A
:107900005DD190F88436012B04BF002381F820312B
:10791000237C002B52D0002501F59271204625745E
:10792000C4F86C5407F021F92046354907F01DF9D9
:10793000D4F8840018B11AF02FFEC4F88450204601
:10794000FEF77AF92046FEF785F92046FEF790F912
:10795000236800219B69204698474FF4007200215C
:1079600004F5906027F007FB4FF4FE72002104F548
:107970001B7027F000FB4FF49272002104F58E700B
:1079800027F0F9FA04F5107006F0F5FF0023D4F89B
:107990007424C4F88430D4F87034934218BFC4F807
:1079A000743404F1140007F008F8164A0023C4F8F0
:1079B0008030C4F86834637482F8243438BD022BF4
:1079C00003D190F88436022B9EE7032B03D190F865
:1079D0008436032B98E7042B03D190F88436042BCC
:1079E00092E7052B03D190F88436052B8CE7062B04
:1079F0008ED190F88436062B86E700BF2011002038
:107A0000FC2300201822002070B59EB00F4B00937D
:107A1000684614460E4618F001F80025E4B2A54267
:107A200009D320223146684618F057FA684618F004
:107A3000EDFD1EB070BD621B102A06EB050128BFCC
:107A40001022684618F017FA1035E8E7A42003085A
:107A500010B5054B044640F82C3B17F074FD20464A
:107A600017F0B7FD204610BD2020030810B50446CE
:107A7000FFF7EEFF204628F015F8204610BD10B5A0
:107A8000054B044640F82C3B17F04CFD204617F000
:107A9000A0FD204610BD00BFCC1F030810B5044652
:107AA000FFF7EDFF204627F0FDFF204610BD38B55B
:107AB00004460D46C42001211DF088FB85F001011C
:107AC000C42018F0F0FE94F8B4000A22012108F056
:107AD0007DFB28B1BDE8384002490348FCF7DDBE14
:107AE00038BD00BFA1520308500C0020F0B506239A
:107AF00085B00E460521CDE9011304230093074606
:107B0000144690F8B4000323022208F05FFB00281B
:107B10004CD0274D4EB12B68FF211B682846984753
:107B200005B0BDE8F0401AF06FB944B938462246B6
:107B30000121FFF7DBFF4FF4FA7018F045FF97F8CB
:107B4000B4301C4E062B5FFA84FCC4F30721C4F347
:107B50000742D6F82804184B4FEA14641AD183F868
:107B600064C083F8651083F8662083F8674060334B
:107B70000093102341220221FCF774FF2B68D6F8F2
:107B800028145B6802460A4801F5097105B0BDE892
:107B9000F040184783F870C083F8711083F87220A2
:107BA00083F87340703300930823E3E705B0F0BD1A
:107BB000500C002018220020D400002038B50F4BB4
:107BC0001A680F4B9A6790F803320025012B044680
:107BD00080F8035210D91AF017F9D4F8A400012143
:107BE0001CF006FE29462046FFF761FF2A46204684
:107BF0000121BDE8384079E738BD00BF10040020FE
:107C0000D400002038B503680025044605751B68BC
:107C10006FF000419847042384F80332D4F8A4009D
:107C200029461CF0E5FD20460121FFF740FF2046D4
:107C30002A462946FFF75AFF6FF0004038BD38B595
:107C40000C4605461CF056FD291D846022F053F9B0
:107C5000EB680133EB601CF04DFD2146856022F09E
:107C60004AF9A3680133A36038BD38B504460068FB
:107C7000844200D138BD056827F014FF2846F7E795
:107C800038B504460068844200D138BD056827F045
:107C900009FF2846F7E7F0B585B001ADCDE90155FC
:107CA0000E4600230168039304468C4204D1284603
:107CB000FFF7E6FF05B0F0BD8A6833680F689A42A7
:107CC0000DD1019881420AD0874208D03A4622F06D
:107CD00004F9039B01330393A368013BA360394676
:107CE000E3E72DE9FF41224B0360044600F50276ED
:107CF00001A920480196FFF7CEFF01ABCDE9013382
:107D0000D4F80C12DFF86C80002304F5037703939A
:107D10008F4211D101A82546FFF7A7FF3046FEF795
:107D20009DFB55F8A80FA8421CD120461CF063FD0E
:107D3000204604B0BDE8F0818B680D6843450FD143
:107D4000019881420CD085420AD02A4622F0C5F81B
:107D5000039B01330393D4F81432013BC4F814326B
:107D60002946D5E7066827F09DFE3046DBE700BFD1
:107D7000D4200308CC0F002010B50446FFF7B1FF54
:107D8000204627F08FFE204610BD2DE9F04F9BB016
:107D900014461D46CDE90001C749249E14A81EF0D3
:107DA0000DF8C64B0022204629461EF0C7FFC44BE3
:107DB000002204460D461FF0A1FAC24B00221EF01D
:107DC000BDFF1FF033FD002230704FF07F53DDE91F
:107DD00000011FF069F9BC4B00221EF0AFFF1FF03D
:107DE00025FD149B1B5C73700022B84B204629466E
:107DF0001FF084FA1FF01AFD4FF4B47358431FF0BC
:107E0000E9F802460B46204629461EF095FFAB4B8B
:107E100000221EF091FF9EA3D3E9002304460D46E5
:107E2000DDE900011FF040F9A44B00221FF066FAC3
:107E300097A3D3E9002382468B46204629461FF0AC
:107E400033F99E4B00221FF059FAA14BCDE90A01EC
:107E50000022DDE900011FF0ADFBB0B1DDE900015A
:107E60009C4B00221FF092FB78B19B4B00222046D6
:107E700029461FF09FFB40B1984B0022204629461F
:107E80001FF084FB08B120233370DDE90001944B1F
:107E900000221FF08FFBD0B1DDE90001914B0022E1
:107EA0001FF074FB98B100220023204629461FF0E2
:107EB00081FB002800F03F828B4B002220462946A0
:107EC0001FF064FB002800F036821F2333703078E7
:107ED000062301385843B1381FF07CF86CA3D3E96E
:107EE00000231FF0E1F8754B00221FF007FA8046CF
:107EF00089465046594623F0EFFD67A3D3E9002396
:107F000004460D461FF0D0F822462B461FF0CCF851
:107F100002460B4600206B491EF00EFF23F06CFD5D
:107F200002460B465EA1D1E900011FF0E7F9CDE959
:107F300008015046594623F019FE02460B46CDE98A
:107F400006231FF0B1F8CDE902015046594623F04F
:107F50007BFD55A3D3E9002304460D461FF0A4F88A
:107F600022462B461FF0A0F842464B46CDE90401BD
:107F7000DDE90A011EF0E0FE22462B461FF094F8D0
:107F8000524604460D465B46504659461EF0D6FE04
:107F900023F0A2FD554BCDE90C0100225046594675
:107FA0001FF082F823F098FD454BCDE90E01002229
:107FB000504659461FF078F823F08EFD464BCDE928
:107FC000100100222046294623F0A8FCDDE9022307
:107FD000CDE91201104619461FF066F8444BCDE971
:107FE0000A010022DDE902011FF05EF802460B469D
:107FF000002040491EF0A0FEDDE90A231EF09EFE8F
:10800000374B804689460022DDE904011FF04CF819
:1080100002460B46404649461EF090FE24A3D3E993
:1080200000231EF089FE22462B461FF03DF8224613
:108030002B461FF039F822462B461FF035F8224612
:108040002B461FF031F822462B461FF02DF82A4B05
:1080500000221FF053F9DDE9022380468946002003
:1080600018491EF069FEDDE904231EF067FEDDE914
:1080700012231FF019F8124B00221FF03FF922467D
:108080002B461EF05BFE02460B464046494635E055
:10809000182D4454FB2109408004ACF2906B7B3FC7
:1080A00000000040A6545841DDA447E2DF9A7B3F20
:1080B00068ED10E55A04D93FB152030800806640CC
:1080C000000018400000F03F00002440008076408F
:1080D00000004C40000050400000084000002840D4
:1080E00000005240000055400000224000001040B7
:1080F000000032400000144000005E401EF01EFEF2
:10810000A7A3D3E9002380468946DDE908011EF0D4
:10811000CBFF02460B46404649461EF0C5FFA2A3D0
:10812000D3E900231EF00AFE1FF058FADDE902230E
:10813000AD49074600201EF0FFFDAC4B8046894646
:108140000022DDE904011EF0AFFF02460B46404667
:1081500049461EF0F3FDA64B804689460022DDE924
:1081600004011EF0A1FFDDE904231EF09DFF02467D
:108170000B46404649461EF0E1FD22462B461EF0C6
:1081800093FF22462B461EF08FFF22462B461EF001
:108190008BFF22462B461EF087FF964B00221FF0D6
:1081A000ADF82246804689462B46204629461EF0D9
:1081B0007BFF914B00221EF077FF02460B464046A4
:1081C00049461EF0BBFD8D4BCDE912010022DDE9D1
:1081D00002011EF069FF02460B46002088491EF08E
:1081E000ABFDDDE90A231EF0A9FD864B80468946DA
:1081F0000022DDE904011EF057FF02460B4640460F
:1082000049461EF09BFD6AA3D3E900231EF094FDAE
:1082100022462B461EF048FF22462B461EF044FF06
:1082200022462B461EF040FF22462B461EF03CFF06
:1082300022462B461EF038FF22462B461EF034FF06
:10824000714B00221FF05AF802460B46DDE912017D
:108250001EF074FDDDE9082304460D46DDE9060144
:108260001EF022FF02460B46204629461EF01CFF48
:1082700051A3D3E9002304460D46504659461EF04B
:1082800013FF4FA3D3E9002380468946DDE90C01A3
:108290001EF00AFF02460B46404649461EF04CFDC2
:1082A00049A3D3E9002380468946DDE90E011EF08B
:1082B000FBFE02460B46404649461EF03FFD44A3E6
:1082C000D3E9002380468946DDE910011EF0ECFE6B
:1082D00002460B46404649461EF02EFD3EA3D3E91A
:1082E00000231EF0E1FE02460B46204629461EF002
:1082F00025FD2BA3D3E900231EF0D6FE1FF06EF957
:10830000002204460023DDE900011FF03FF950B1CF
:1083100020461EF04FFE32A3D3E900231EF00EFDCF
:108320001FF05CF90446C6E9017414A822F0B0FC01
:108330001BB0BDE8F08F2D4B0022204629461FF0D0
:1083400039F940B1314B0022204629461FF01EF971
:1083500008B12123BAE52D4B0022204629461FF003
:1083600029F940B12A4B0022204629461FF00EF978
:1083700008B12323AAE5264B0022204629461FF0F8
:1083800019F900283FF4A3AD224B002220462946CC
:108390001FF0FCF800283FF49AAD252396E500BFB6
:1083A000789CA223B9FCEF3F0000000080841E41AE
:1083B000422DD84CD2CA014061AE94CC45F2EF3F79
:1083C0002C024D638399643F4ABA6F364F23C63EF1
:1083D000FC48CCE45C5C2D3E00000040A6545841B3
:1083E00000000000D0126341000014400000224051
:1083F00000001040000038400000E03F00004D4009
:1084000000804E4000C08240008086400000354021
:10841000008040400000454010B5074B074AD3F8A4
:108420002C441268D3F830344FF47A71121BB2FB2B
:10843000F1F2D01810BD00BF182200201004002057
:10844000044B93F83834834201D30846E4E7002014
:10845000704700BF182200200AB126F062BD104606
:10846000704730B5036D0A6D93428DB004460D46DA
:1084700023D1012B18D100F1540106A81EF042FCB3
:1084800005F1540168461EF03DFC079A019B9A4293
:108490000DD100990698FFF7DFFF40B9684622F03A
:1084A000F7FB06A822F0F4FB00200DB030BD6846B3
:1084B00022F0EEFB06A822F0EBFB2B6D2365012BCF
:1084C0001FD105F1540106A81EF01CFC04F1540054
:1084D00022F0B5FB054606A822F0B1FB079AB0B121
:1084E0001AB10699606D22F0F6FB079B626DA365D9
:1084F0000021D154069A0023079306A8137022F096
:10850000C7FB214604F128001CF072FACCE706985C
:1085100008992DB1C4E91502E16508AB0693E9E7B6
:10852000636DE56DE165C4E91502002BF5D0069396
:108530000895DFE701207047036810B5DB6800216C
:108540009847044620B14FF4F072002126F013FD45
:10855000204610BD2DE9F041104F07F5EC7016468E
:108560001D46FFF7E9FF012303701E230446037332
:10857000466000210220FFF763FF2946A0604FF408
:10858000C87204F10D0027F048FFD7F8980103687E
:1085900021465B68BDE8F041184700BF201100206C
:1085A00073B5531A0F2B04460D461646019306D990
:1085B000002201A922F04AFB019B2060A360324601
:1085C0002946206822F09DFB019B22686360002100
:1085D000D15402B070BD48B9074B1B79022B09D0AA
:1085E000064A07480B2B08BF104670474FF47A73B2
:1085F000584370470148704718040020002E93022A
:1086000080EE36002DE9FF4790F801220368A04F65
:108610000446EAB997F89020022A04D19B6904B075
:10862000BDE8F04718471B6A984720B9D4F8EC0119
:1086300004B0BDE8F08797F89030012B03D0236891
:1086400020469B69EBE784F801322046FDF790FF56
:1086500023682046DB6A984738B194F8003223B982
:10866000012384F8003284F8FF3197F86D2094F8E4
:10867000033232B92BB119F0A2FB10B92046FFF733
:108680009DFA94F8033294F8E061002B3FD1386FE3
:10869000FFF7A1FF7F4B93F83834032B054605D82D
:1086A000236820461B6B9847804608B14FF00108AD
:1086B000236820465B6B9847014638B142F210733D
:1086C0009D4233D840F20113A4F8FE313B79BA6ED3
:1086D000022B46D00B2B44D04FF4616312B193426E
:1086E00038BF1346DFF8B091D4F8F051D9F87800CC
:1086F0004FF47A725343D9F87C20904234D894F8DE
:10870000FF61002D40F09B80002E40F0A28097F882
:108710006D301BB194F8FE31002B90D194F80332E8
:10872000002B41F2883008BFC82081E794F8FE3161
:108730005A4A33B12EB1D4F8F0311068C8338342AD
:10874000C4D20123126884F8FE31A5F51C53103BF6
:1087500044F62060834294BFD2181218C4F8F02166
:10876000B4E74AF6C003B9E7DFF830A1DAF8002031
:10877000121A934219D259B994F8FE3143B17422B6
:1087800004F1300026F0F7FB4FF48073A4F8FE31BB
:1087900015B9012500265DE0DAF800309D4257D377
:1087A00094F8FF51002DF5D1F3E794F8FF61002D07
:1087B000AAD0DAF80030AB4245D9002E62D1B8F128
:1087C000000F61D1354BD9F880A01D68D9F87830F9
:1087D000C9F87C50BAF1010FA5EB030525EAE57550
:1087E0005ED1C9F884500AF10103C9F88030D9F884
:1087F000848019F0E4FA0546386FFFF7ECFE42F288
:1088000010739842064601D9002D6AD194F80332BC
:108810000125AB4284F803527FF679AF19F0F4FAE0
:10882000D4F8A40029461BF0E3FF00212046FFF7FF
:108830003EF9002229462046FFF758F967E7174B13
:108840001B689D42B9D3002E3FF461AF002500E0C4
:1088500001252E46B8F1000F05D094F8FE3113B172
:10886000012384F8FF3194F8FF312BB10023C4F8C1
:10887000F0312046FDF77CFE002DA3D1002E3FF401
:1088800046AF9FE70025E5E746460025E5E700BF40
:108890001804002018220020D4000020100400201A
:1088A000A1D9D9F88400D9F888801FF0EDF84146A5
:1088B00006464FF07E501FF035F8014630461FF057
:1088C0003BF9064628461FF0E3F841461FF034F90D
:1088D000014630461FF028F81FF0F4FAC9F884006A
:1088E00081E705210623CDE9011304230093022229
:1088F000032394F8B40007F069FC4FF47A70B8FBD6
:10890000F0F01EF057FB1AA3D3E9002323F006F87A
:1089100019A3D3E900231EF0C7FB1EF05FFE8642B9
:108920000ED20223D4F8A40084F8033201211BF0F4
:108930005FFF01212046FFF7BAF82A4600217AE7B7
:10894000032384F80332D4F8A40000211BF050FF65
:1089500001212046FFF7ABF82A4600212046FFF709
:10896000C5F8002384F8E031D1E600BFAFF3008002
:1089700085EB51B81E85F33F00000000007CA54048
:1089800010B5044619F030FE164B17491B688B4290
:10899000A1F23C4111D001F24C429B1A18BF0123B5
:1089A0006375D1F85C3493F85930012B07D10F4B24
:1089B0001B68C1F86034642010BD0023F0E70C4B45
:1089C000D3F89C00431E0333F5D8084B1C68FFF70F
:1089D00002FED1F860341844A042ECD2102019F005
:1089E00045FEE8E7D80F00205426002010040020A0
:1089F000180400202DE9F74FD0E901840368A4EBA7
:108A00000806B610B34205460F469146B3462DD828
:108A1000444529D054F8041CD1F8586166B991F83E
:108A2000222197F822319A421ED2043C8460564893
:108A3000D0F864349B6894E0221F13460C46D4F8A7
:108A400058A1BAF1000F7DD0984502D053F8044DDB
:108A5000F5E74E4B1B689E4206D2D7F858310BB152
:108A60009E4201D9AA60E2E7002083E00AB1002318
:108A70001370C146002E0ADCEB689C4228D04C459E
:108A800004F1040317D12760AB60012078E04FEABE
:108A9000660A09EB8A0359F82A100193384600F058
:108AA000D3F930B9019BA6EB0A0A03F104090AF1D4
:108AB000FF3A5646DEE7214654F8042C41F80429D3
:108AC0004846AB6022461CF05DF8C9F80070DCE750
:108AD0006FF060439B4502D12D4821F0E2FC4445F4
:108AE00027D10BF1010ABAF1000F29D06FF06043D2
:108AF0009A4528BF9A4650461BF0E8FC0646A9EB6B
:108B000008033246F7504946404619F023FE2146F5
:108B1000021D484619F01EFE0446B8F1000F02D0AF
:108B2000404626F0BFFFC5E9016406EB8A06EE6009
:108B3000ABE7BBEB4B0F4FEA4B0AD4D99A46DAE7C7
:108B40005646DCE794F822C197F82201844580D28A
:108B50001946281D1BF038FC0B48D0F864349B687C
:108B6000214600F264409847002239462846FFF724
:108B700041FF0120B9F1000F02D0012389F8003034
:108B800003B0BDE8F08F00BF1822002010040020C1
:108B90008E51030838B5054600200C4619F0AEFF8B
:108BA00005F5987019F07EFD2046BDE838401CF0B0
:108BB000E1BF38B5044608460D4607F07FF8D4F803
:108BC000A830202B0BD1AB89012B01D0422B0CD12B
:108BD00004F1200019F0C6FC08B119F0DDFCD4F84E
:108BE000A8301F2B0ADD25F05BFF284619F0D4FCC6
:108BF000D4F818310133C4F8183138BDD4F8AC00BA
:108C000018B1036800211B689847D4F8A43004EB1E
:108C10008302013315625A4202F01F0203F01F0360
:108C200058BF5342C4F8A430D4F8A8300133C4F874
:108C3000A830DDE770B5056804460E46A54201D1AF
:108C4000002070BDA868036831469B6898470028DB
:108C5000F7D12D68F2E7C36810B50A4663B980689A
:108C600000B910BD11684368994203D15168836807
:108C70009942F6D00068F3E7D1E900314B404168F2
:108C8000B3FBF1F401FB1431FCF75DFF0028E8D0E1
:108C90000068E6E7006810B9014BD3F8880970470F
:108CA00020110020F8B5164B1A79012A04460D460A
:108CB00002D100263046F8BD1B7C042BF9D0866E0D
:108CC000002EF6D091F82021002AF2D03368084611
:108CD0001F6BFFF7DFFF13460146D5F8142130461E
:108CE000B84706460028E4D0284618F0A7FB2368BA
:108CF00029465B6B20469847E36E0133E366D9E76C
:108D0000180400207FB500230DF10F0200920546E4
:108D10001A4630308DF80F300C4618F071FA9DF875
:108D20000F30064663B321462846FFF7BBFF50B914
:108D30005EB1EB6E0133EB6694F82A315BB92146E4
:108D40002846FEF79DF8012003E09DF80F30CBB1D7
:108D5000002004B070BD94F820219A42EFD1D4F8DD
:108D600014212168284606F0F9F90028EBD12046A5
:108D700018F064FB2B6821465B6B28469847E2E7B6
:108D80000028D6D1084BD3F87834002BE0D0D4F8A3
:108D9000140103F12002E83352F8041F09B188429C
:108DA000C7D09A42F8D1D3E71822002038B504463C
:108DB0000846FFF76FFF60600B7A237208460D4686
:108DC00019F072FA84F820012B680BB195F8213163
:108DD00084F8213194F8223113B9462384F82231E2
:108DE000D5F81431C4F8043138BD37B55389042B94
:108DF00018BF0D4B1446204614BF93F87C24127AFA
:108E0000FFF748FF002300930D4613460146D4F8B0
:108E10001421284619F01AFA21460546FFF7C6FF25
:108E2000284603B030BD00BF18220020036833B1CC
:108E3000044AD2F88809C31A5842584170470120A1
:108E4000704700BF2011002038B5D0F85831D1F854
:108E500058411D1E18BF0125003C18BF0124A54222
:108E600003D0B3FA83F0400938BD90F8223191F86D
:108E700022219A4203D034BF01200020F4E7FFF7FB
:108E8000D5FF18B9BDE838400846CFE70020EBE72A
:108E90002DE9FF416E4686E80600044696E8030089
:108EA00002AB04F1840783E8050019463846FFF752
:108EB000D2FE90B3027D437DC5689A4210D2284607
:108EC000FFF7B4FF18B9414B1B79022B08D0284695
:108ED000FFF7E0FED5F814210146204606F0F7F82A
:108EE000D4F89030002B50D1D4F88C2004F18C03AE
:108EF00052B1DDE900065168884202D191688E4284
:108F000010D01168134659B93148D0F86434294655
:108F100000F264409B689847012004B0BDE8F081EE
:108F20000A46E8E71868D4F888208169B1FBF2F6B0
:108F300002FB1611D4F88420066852F82170BB4257
:108F40004FEA810C33D156B1B769D4F888E0B7FB4A
:108F5000FEF80EFB1877B9420DD042F8273052F8D0
:108F60000C7004F18C018F424FF0000108BFC4F86F
:108F70008C6042F80C1002681A6026F093FDD4F859
:108F80009030013BC4F89030BEE7DDE90032534039
:108F9000D4F88820B3FBF2F1384602FB1131324697
:108FA000FCF7D1FD03460028AED00068C2E7002ED2
:108FB000E1D0B669D4F88870B6FBF7FC07FB1C66F5
:108FC000B14218BF42F82630D5E700BF1804002090
:108FD0001822002082B0CDE9001202AB13E906008E
:108FE00002B055E730B5044687B00846FFF752FE99
:108FF00015460023CDE904336B1EDBB2D1F81421F2
:109000000190084602928DF814308DF815300391C6
:10901000FFF740FE03AD01462046FFF7DBFF294680
:1090200020468434FEF775FA01A92046FEF7C2FAFD
:10903000034695E8070083E8070001A92046FEF7EC
:10904000B9FA07B030BD421C03D0431E5842584104
:1090500070470120704773B5144BD1F85461D3F8B1
:109060008839C1F854310C460023054600931A464E
:10907000303018F0C5F86068FFF7E5FF68B12046AA
:10908000FFF7D4FE68B166B1C4F8546121462846A2
:1090900002B0BDE8704007F0BCB9D4F85031002BE5
:1090A000F4D10023C4F85431F0E700BF20110020B0
:1090B0004B89042B70B505460C4613D1D1F80461D9
:1090C00016B9D1F808316BB10A4B6168D3F8883909
:1090D000994207D00846FFF7B6FF18B9324628462E
:1090E00005F0F5FF2B68214628465B6BBDE8704014
:1090F000184700BF201100202DE9F341DFF8C88098
:10910000D1F85461D8F88839C1F854310C4600239D
:10911000054600931A46303018F072F86168D4F8AA
:1091200054710846FFF78FFF70B10021C4F8501149
:109130002046FFF77BFE00283CD12146284602B09E
:10914000BDE8F04107F065B9D8F8800903681B68ED
:1091500098470028E9D0D0F8B4100029E5D08F4214
:10916000E3D0C4F850112046FFF760FE60B1E6B1CD
:10917000C4F854612046FFF759FE28B194F8213114
:10918000002BDAD10029D8D094F820311BB994F8FB
:109190002131002BD1D021460C4819F0BEF8022213
:1091A00001462846FFF71EFFC7E794F82131002B40
:1091B000C3D1E9E7C4F85461002EBED02046FFF7C2
:1091C00035FE0028DAD1B8E7201100207C260020E7
:1091D0003C4B2DE9F3471F68D0F88C4005466FF0F3
:1091E00000461CB9304602B0BDE8F0872369D4F8C8
:1091F0000080BB4260D8217DC9B9D4F80C904846A4
:10920000FFF714FE60B14846FFF744FD99F80830B7
:10921000CDE900110146D9F81421052018F0D3FF3B
:10922000D4E901122846FFF733FE4446D9E7A37D6F
:109230000133DBB2A375AA6E7AB192F861100B44C8
:10924000DBB2082B194628BF0821E1752BB192F833
:1092500061308B4218BF82F86210E168D1F804A037
:109260005046FFF7F0FE814678B9237D012B14D1DB
:10927000154BC1F85001D3F88009036851461B68AB
:10928000984708B1C0F8B490E168104819F045F863
:1092900001462846FFF7DFFE06E00C4819F03DF8CE
:1092A00001462846FFF728FF237D013B237504F183
:1092B0000C012846FEF72DF92369DB1B9E42A8BF4F
:1092C0001E46B2E710040020201100207C2600205A
:1092D00038B50446FFF77CFF204607F029FC054619
:1092E0002046FFF775FFA842A8BF284638BD70B5D5
:1092F000104A0368D2F888191B68B8B00546984729
:1093000000241BAEC0E91944C0E91B442146742265
:10931000304625F030FE1EA96822684626F0CAFABB
:1093200096E80E00284618F069FC85F8214038B010
:1093300070BD00BF201100200346084693F82A2183
:109340002AB95989042908D193F8101129B193F841
:1093500020319A4224BFD21A50B270477FB5002301
:109360008DF80F308DF80E308DF80D300DF10D03A6
:10937000009305460DF10E030DF10F0230300C463F
:1093800017F03EFF9DF80D30064603BB36B394F848
:109390005C31012B08D1EB6E0133EB66D4F814215C
:1093A00021682846FFF716FE9DF80F30CBB1D4F8A0
:1093B00014212168284605F0D1FE70B9204618F026
:1093C0003DF82B6821465B6B2846984705E021460F
:1093D0002846FFF767FC0028D8D00126304604B0A5
:1093E00070BD4FF0FF312046FFF7A6FF48BBD4F811
:1093F00014212168284605F0B1FE0028EDD1204651
:1094000018F01CF82B6828465B6B214698470546E8
:109410000028E2D10F4B6268D3F888399A42DCD138
:1094200094F82131002BD8D02046FFF733FCCDE94A
:1094300000550146237AD4F81421284618F0C3FEBB
:10944000CBE79DF80E30002BC7D121462846FDF70B
:1094500017FDC2E72011002008B503681B68984774
:10946000034628B1007918B193F83A000130C0B230
:1094700008BD10B5D0E900420648121B92104243C5
:10948000914202D3044821F012F8BC2000FB0140B5
:1094900010BD00BFCF467D67C75203082DE9F047D6
:1094A0000C46DFF818816368D8F888198B420646A5
:1094B00000F081802046FFF7B9FC00287BD194F8AA
:1094C0002031002B5BD0D4F854312BB18B4203D028
:1094D000D4F850318B4252D1D4F81431002B4ED0F5
:1094E000374F3B79012B4AD03B7C042B47D0D4F833
:1094F00050310BB18B4242D12146324818F00DFF5A
:109500004FF0FF3105462046FFF716FF50B13B797B
:10951000022B07D1D8F88099B9F81CA04FF00008A9
:10952000D0452ED395F82031013B85F820312846CF
:1095300006F056FFD8B1D7F8D03113F0FF0202D1B0
:10954000002B08BF0322402A95F8201128BF402293
:1095500091420CD995F82A3185F82021881A834246
:10956000C3BF5B1A9B18DBB2002385F82A31D4F8FD
:10957000503129463046DBB9FFF76DFD0120BDE8CB
:10958000F087D9F804004146FFF773FF68B190F8FF
:10959000B03053B1037943B190F83B30022B04D182
:1095A0000268D4F854319A42C1D008F10108B7E7F3
:1095B000FFF7A2FDE2E70020E1E700BF2011002055
:1095C000180400207C260020828B0B4609689142FB
:1095D00003D24A1C40681A604BE7002070472DE90F
:1095E000F84F90F8303005469BB9C16A204A29B13E
:1095F00013685B1A41F287318B420AD91368DFF88E
:109600007480EB62AE8B0027013E002E03DC002F3E
:10961000F8D1BDE8F88FD5F804B006F1FF39494616
:109620005846FFF726FFD8F888A903685345044633
:109630000BD031465846FFF71CFF0268924503469F
:1096400005D12146FCF7A2FA01274E46DDE790F846
:10965000B01094F8B02041B1002AF2D0D96FE26F77
:109660009142F2D921461846ECE7002AEDD1F5E700
:109670001004002020110020F8B5878B05460E4607
:109680000024A74201DC0020F8BD68682146FFF7EE
:10969000F0FE0368B342F7D00134F2E703682DE926
:1096A000F74F1B6804460F4698470546002849D1E6
:1096B000A08B1AF025FD002837D04FF0FF366368E5
:1096C000B4F81CB001934FF0010A3546B046B146DC
:1096D000DA450ADB721C26D03546A38BD4F8048009
:1096E000013B9D4232DBA3831FE001985146FFF707
:1096F000C0FE90F8B0309BB990F8B13083B9D0F883
:10970000B830D90705D4C36F4B452CBF4B465546DF
:109710009946838F23B9C36F43453CBF564698464D
:109720000AF1010AD4E76B1CD7D1A18B60684B1CEE
:10973000A383FFF79EFE0546B8220021043025F0E2
:109740001AFC2F60284603B0BDE8F08F05F101092F
:1097500049464046FFF78DFE294606464046FFF73C
:1097600088FEBC22314626F0A5F84D46B5E72DE926
:10977000F04FD7B00C4618F067FA74220546002166
:109780001CA825F0F8FB94F85040002C00F08C80C9
:10979000494BD3F82844742204F130011CA826F068
:1097A00089F894F83030D4F8348094F838B0E76B06
:1097B00094F840A0666C94F84C40404A92F86D20B2
:1097C00062B3D5E91987D5E91B697422002139A84C
:1097D00095F8744025F0CFFBB8F1000318BF0123C2
:1097E000B7F1000B18BF4FF0010BB6F1000A18BF1C
:1097F0004FF0010A742239A91CA88DF8E4301A939D
:10980000CDE93E69CDF8E8808DF8ECB03C978DF855
:10981000F4A08DF8004126F04DF81A9B1B9300210F
:109820000220FEF70DFE264A1A90D2F88099D2F84F
:1098300088194846FFF732FF0546002830D01B9BA9
:109840008DF8703068221A9B21961FA968462293D2
:109850008DF88C40CDF874808DF878B01F978DF816
:1098600080A026F027F81CAB0ECB484618F0C6F9AE
:109870000023CDE939873D931A9B8DF8F4403B9640
:109880003C9339AE0FCE05F164040FC433682360F6
:10989000012385F860304846C9F80C501BF0D6F813
:1098A000002057B0BDE8F08F2646A2462746A346C3
:1098B000A046234681E700BF18220020180400209C
:1098C000201100202DE9F04FBBB006460F4615468B
:1098D0009946FFF7E3FE044600283DD0B5F8462040
:1098E000202A3ED1DFF84081D8F888399F4238D00D
:1098F00005F1480A4D48514606F002FCB8F81C2A0A
:10990000202A2ED108F61E21504625F00AFB40BB26
:1099100096F8207007BB01238322454986F8203042
:1099200019A825F0C7FF08F5EC70FEF705FE1E2309
:109930000446037339460220FEF782FD19A9A06090
:1099400005F1100204F10D0026F0FCFCD8F8980196
:10995000036821465B689847002528463BB0BDE870
:10996000F08FA38F202B0BD1B5F84620202AF3D1FE
:1099700004F13E0105F1480025F0D3FA0028EBD1AF
:109980003B462C4A1021284626F034FCD5F80880A6
:10999000D5F800B0D5F804A05E2205F10C016846A8
:1099A00025F088FF59465246434619A804F1060897
:1099B00005F046FF5A2219A9404625F0B2FA80BBAD
:1099C00094F8AC50B5EB090518BF01255A2219A926
:1099D000404625F06FFFA28F202A04D1164804F1DB
:1099E0003E0106F08DFB104BD3F888399F424FF0B3
:1099F000010318BF84F8AC902371002DACD0F46043
:109A00000E4C30461BF022F8726A23689B1A4EF601
:109A10005F229342A1D910201CF0ACF82368736236
:109A20009BE70125D2E700BF201100201153030856
:109A3000325303089B5203082353030810040020E9
:109A40001B4AF8B5D2F888290B68934206460C46A3
:109A50002CD04A89042A29D143B30846FFF71AF9C2
:109A600001463046FFF71AFE0546F8B1D4F8183122
:109A700003B1C367D4F81C71002138461DF012FEF3
:109A800000B9AF6794F8293185F8AD3020464FF022
:109A9000FF31FFF751FC0028A2BF012385F8AF007A
:109AA00085F8AE303046BDE8F84098E5F8BD00BF17
:109AB000201100202DE9F7439846224B224FD1F880
:109AC0001491164605460C46D3F88009FFF7B8FFF7
:109AD00032462146D7F8900407F084F8D7F890145E
:109AE0000646684605F0E6FA4B4632466946284681
:109AF0001AF018FC76B9B8F1000F20D0214607F211
:109B0000644018F00AFC0146284603B0BDE8F04363
:109B1000FFF74FB8232E12D1B8F1000F05D1204620
:109B200003B0BDE8F04318F037BD214607F26440AA
:109B300018F0F3FB01462846FFF73BF8EFE703B0C8
:109B4000BDE8F08320110020182200202DE9F04705
:109B5000DFF80083A4B0044609200D46164618F02D
:109B600085FDD8F80030C4F8803604F51B734FF437
:109B7000FE720021184625F0FEF9B74A0346314629
:109B8000284606F089F80546002800F0B680B4F8AB
:109B90006C32013B062B00F2B080DFE813F00700C7
:109BA000AE000C0171017601AE008301D4F884632C
:109BB00004F51C7966B104F12C02002352F8041F4D
:109BC0008E4200F09A8000295ED10C3344F8236065
:109BD000B4F87C32A14E462B62D0B4F87C72462F8A
:109BE00009D1D4F87402FFF72EFA20B194F890331B
:109BF000002B40F087800B234322CDE9003238460A
:109C000008230322042106F0E1FA04F51F7A04F187
:109C1000140700287AD1B4F87C32012B40F08C80F4
:109C20005146384604F0DCFE0368002B00F08480C7
:109C30005146384604F0D4FED8F8003002689B1A2A
:109C4000B3F5FA6F78D2864D21A8D5F8901405F0B7
:109C500031FAD6F89801D4F88433002221A91AF0F9
:109C600061FBD5F89404002847D000230268CDE9B1
:109C7000013394F878320093156BD4F88433D4F818
:109C800070222621A84738E00133142B96D14C22AC
:109C900004F1340104F1300025F053F9E66797E749
:109CA00004F51F7A04F114075146384604F098FE73
:109CB0000368002B91D05146384604F091FED8F845
:109CC000003002689B1A47F22F52934285D82368CE
:109CD0005D69644BD4F884231E212046A847604B5D
:109CE00021A8D3F8901405F0E5F9D4F88433D6F818
:109CF0009801002221A91AF015FB0025284624B05E
:109D0000BDE8F08723685D69574BE3E75146384665
:109D100004F066FE0368002B3FF47DAF51463846E1
:109D200004F05EFED8F8003002689B1A42F20F720F
:109D300093423FF670AFD2E7B4F87C32462B07D19E
:109D4000D4F87402FFF77FF910B9012384F8913336
:109D500051463846D8F8008004F042FE0023C0F88F
:109D60000080C4F87032C4F8C033D4F87432D6F826
:109D70009861013307D0D4F8C43323B93B4B1B6E31
:109D80000BB1C4F8C433D4F884331BB905F05DF9C2
:109D9000C4F8840300210220FEF752FB4946C4F8B0
:109DA0008803334818F0B9FA0023014602223046EE
:109DB000FFF780FEA2E7D4F87032C4F86834237C41
:109DC00083B9236801219B6920469847234BD3F828
:109DD0009811204601F5927104F0B7FD25492046FF
:109DE00004F0B3FD236820465B6A9847D4F86834D2
:109DF000214A2249934214BF0223032323740A22D7
:109E00001EA8FBF723FC1E99D4F87024C4F8701424
:109E10001F99C4F874142099D4F87834C4F87814CD
:109E2000002521A8239321921E9520951AF0CCFE9F
:109E30001EA81AF0C9FE4FF49272294604F58E70DE
:109E400025F099F804F5107004F095FDC4F86C54F1
:109E500053E700BF100400200C210308201100204C
:109E600018220020B5530308E75303081804002004
:109E70007C260020FC2300202D0F01002054030825
:109E800023682046DB68984737E704F5207178227D
:109E9000684604F51C7425F00DFD94E80F001AF0D7
:109EA000F7FE2AE7024B012283F8242425E700BFAE
:109EB0001822002038B503460C461546A34200D1AF
:109EC00038BD1846BC22294625F0F4FC0346BC33B5
:109ED000F4E770B5BC260C4632460021054625F055
:109EE0004AF8013C05EB060006D006FB04042A46AE
:109EF0002146FFF7DFFF204670BD70B5154C86B0D8
:109F0000064618234FF4EB60C4F8983425F0C2FDE0
:109F10000A210546FFF7DDFFD4F89C24C4F89C54C1
:109F200005F5EB65D4F8A434C4F8A004C4F8A4542F
:109F300003A8002503920593009502951AF0D4F822
:109F400068461AF0D1F804F29C44B583746006B0F8
:109F500070BD00BF182200202DE9F04F0121ADF5A2
:109F6000017D00201BF032F90020012116F09BFC3E
:109F7000FEF7E0FAB8B903240121002016F093FCA3
:109F80004FF4967016F020FD0021084616F08BFC69
:109F90004FF4967016F018FD013CEDD14FF4FA60C5
:109FA00016F012FDE7E74FF42E6025F073FDC74F62
:109FB000C74C054639461AF041FC0026C54BC5F88A
:109FC000A46AC5F8A03AC5F8A87A85F8AC6A05F580
:109FD0002B60C14919F092F9C04B2B6003F14C0280
:109FE0006833C5F8B03A0323C5F8A02A85F884364B
:109FF0004FF4E13185F8DD6A85F898683846C4F891
:10A00000CC54F9F75AFD284605F026FE1020D4F866
:10A01000CC54B34F25F03EFD00220023C0E90023BD
:10A0200005F52A65AF4B0672AF49C4F8D00428463F
:10A030001B68AE4E16F0A7FBD4F8CC04AC4BAD4A6F
:10A04000AD49009300F52A60AC4B16F09CFBD4F8A8
:10A05000CC04AB4900F52A6016F095FB012025F0F1
:10A0600019FDA849C4F8D40404F2F44016F0C4FB66
:10A07000A54904F2C45016F0BFFBD7F8E03506EA54
:10A08000832303F1FF6303F5F223B3F1006F7FD95C
:10A0900019F0D6FE00287BD1D7F8E055DFF86C82A6
:10A0A00006EA852505F1FF6505F5F225D7F8E015E7
:10A0B00006EA812101F100639D42C0F06082944D67
:10A0C00095F80480B8F1000F03D000232B7118F02D
:10A0D0004EFBA86819F030FE0646002856D1EB6802
:10A0E0005A6A0146D208A86C24F045FFEA688948FC
:10A0F000AE63D2E9083246A9C5E910639A4294BF1B
:10A10000EA63EB630CF0ACFB00283DD1814851A918
:10A110000CF0A6FB0346002836D1024651A97D4823
:10A120000DF0C8F9064600282ED17B4B529F539A5A
:10A130002F614FF01009CDE93D93EB686A61D96951
:10A14000419176491B6A086842934968CDF8E490CA
:10A150004FF00113439344ABCDE93F7203C3342363
:10A16000CDE94F724E933EAF2023CDE93B733A9336
:10A170006848012339AA46A90DF09CF9002800F08F
:10A180000882343000F0068218F0F1FA19F058FE17
:10A190000A2163481AF0BCFE62481BF069FA60208D
:10A1A00025F078FC05462E465F4919F0A7F85F4B6D
:10A1B00046F8303B0023AB63C5E90C665C4B05F108
:10A1C0003C0203F1100C18685968174603C708339E
:10A1D00063453A46F7D118689B88BB80D4F85C8405
:10A1E00038600027EF6585F85870C5F85480C4F8CA
:10A1F00078561AF07FFA08F1380186601FF07BFE6E
:10A20000D8F840300133C8F840301AF073FA08F13A
:10A2100034093146C0F808901FF06DFEAB6BD4F8DE
:10A2200078060133AB6303681B6A98473C2025F02E
:10A2300031FC3C220646394624F09DFE33463D4A19
:10A24000377143F80C2BC6E9053306F124030121CD
:10A25000C6E90B333046377386F824703996F6F723
:10A260004DFB336830461B699847334B5193336835
:10A2700051AA5B69042130469847C0F307238DF843
:10A28000D8008DF8D930BDF8D820ADF8D420C0F36F
:10A290000743C0B28DF8DA308DF8D630002800F0D0
:10A2A000A9810DF1D5031B88A4F8A834234B519341
:10A2B00044F23913ADF848313368DFF884905B69B4
:10A2C000204F51AA062130463EE000BFDC070020A7
:10A2D000182200202C2103082254030870060308CA
:10A2E0000070FF1F100400203054030800FCFF031F
:10A2F00071540308E2510308555403084D540308F0
:10A3000085540308BE540308CD540308007000F8B8
:10A31000CC100020D81000202E140008515803083B
:10A3200020540308680B0020DD540308FC050308D3
:10A3300040210308401F030805060708090A0B0C03
:10A3400060210308201100209847C0F307238DF8EF
:10A35000DD3033688DF8DC00C0F30740DB688DF832
:10A36000DE000D2130469847BB4B5193336884F88B
:10A370007C065B6951AA042130469847C0F3072345
:10A380008DF8E000C0F307408DF8E20004221321AD
:10A3900039A88DF8E130FBF7ACFA22223B2139A82D
:10A3A000FBF7A7FA0522142139A8FBF7A2FA0E221F
:10A3B000152139A8FBF79DFA1C22162139A8FBF7B5
:10A3C00098FA0922192139A8FBF793FA0A221B21CE
:10A3D00039A8FBF78EFA0B221C2139A8FBF789FA62
:10A3E0000B221D2139A8FBF784FA1F222E2139A840
:10A3F000FBF77FFA1B22352139A8FBF77AFA1E22D8
:10A40000372139A8FBF775FA342025F043FB0022E9
:10A4100000F11003C0E909220272C2608261C283A6
:10A420000284C26280F83020C0E90433C0F8009092
:10A43000C7F8082D0546B02209F1040151A825F0FE
:10A4400039FA864818F002F9002840F0D5804FF01C
:10A45000000B002346AACDE94733814949933DA823
:10A460001823469319F046F93D99DFF8F88101F277
:10A47000C67947A819F038FE794B7B48CDF80080A3
:10A480001022494618F006FFD4F89834172B00F232
:10A49000D5802846FFF731FDD5F80480AB8BD8E98D
:10A4A000009A0A2B84BF0A23AB8340F29C62AAEB7A
:10A4B0000903934200F22481D8F808206B489910D0
:10A4C000A2EB0A0241439210C1F10A0142438A42BF
:10A4D000C0F0E2805046FFF7FCFCC8F80400644B73
:10A4E00000936448644B40F2146240F2E16118F05A
:10A4F000D1FE012803D1D7F8083D172B2CD82846C8
:10A50000FDF7B0F9D7F888192846FFF7B5F818B362
:10A5100003790BB3594A00F10C0300F1340153F8ED
:10A5200004CB42F804CB8B42F9D1002387F80D3AD3
:10A53000426BC7F80E2A87F8123A90F83A3087F83B
:10A540001A3A90F85E3087F83E3A90F85F3087F814
:10A550003F3A04201BF00EFBDFF82481494B4A48A8
:10A56000CDF800804FF4387240F2F22118F092FEDC
:10A57000012800F0D580002019F03CFED5E0A8EBC2
:10A58000010129444148C90A0AF08AFD05F5006520
:10A590008CE501262023CDE93A373C933C48CDF8A1
:10A5A000E490012339AA46A90CF084FF28B1343085
:10A5B0007FF4EAAD002E3FF4E7AD002301263448D6
:10A5C00039AA46A9CDE939360CF00CF800287FF4F9
:10A5D000DBADEB681B6A6B6418F0C9F8B8F1000FCB
:10A5E0003FF4D4ADA86819F0E5FB00287FF4CEADA8
:10A5F0002E71CBE5274B56E6DFF884802248CDF854
:10A60000008009F1B4034FF4387240F2F22118F0DF
:10A6100041FE01287FF41BAF98F8F831002B3FF47E
:10A6200016AFB8F81CB2BBF1000F3FF412AFB02266
:10A6300008F5FD7151A825F03DF90AE708F104037A
:10A64000D4F89C246B60D4F8A0349B1A074A9B1062
:10A650005343AB8320E700BF1E503651E354030839
:10A660002C220308B026002007550308CF467D673B
:10A67000A41A00203455030844220308061B0020B6
:10A680001804002014220308F3540308600100207A
:10A69000D8100020C02600201F4A1B9340461A9164
:10A6A000FCF767FEDDE91A13199038B3CDE91A31CA
:10A6B00017F0A4F9DDE91A310246D0181A92FFF713
:10A6C00008FC1A9A5146484618F044F8D8F8081081
:10A6D000124BA1EB090189105943484617F0A4F920
:10A6E0001A9A1999C8F8002002F5EB63C8F80430EB
:10A6F000BC2303FB0122C8F80820F0E6199ADCE726
:10A70000B3F5EB6F7FF6EBAE09F5EB639A4518BF37
:10A71000C8F80430E3E600BF1A550308CF467D674A
:10A72000D8F8F431172B7FF627AF98F8A4312BB166
:10A7300098F8A83113B1C74804F06AFABBF1000FCA
:10A7400009D0C548ADF866B1B02251A925F0B2F8DC
:10A7500001201BF00FFAC14B0093C148C14B4FF4CD
:10A760002E724FF44D7118F095FD012800F06581AF
:10A7700019F0D9FCBC4B0093BC48BD4B4FF41A7286
:10A7800040F2CE2118F086FD012800F05C8117F020
:10A7900075F9B84B0093B848B84B8C22CC2118F00F
:10A7A00079FDD4F81038162B37D81823C4F8103890
:10A7B000D4F8C037B3F5617F04BF0023C4F8C037B5
:10A7C000D4F8C437B3F5617F04BF0023C4F8C4379D
:10A7D000D4F8CC37B3F5617F04BF0023C4F8CC377D
:10A7E000D4F8D437B3F5617F04BF0023C4F8D4375D
:10A7F000D4F86C38B3F5617F04BF0023C4F86C381B
:10A80000D4F8A838B3F5617F08BF00234FF00200E9
:10A8100008BFC4F8A8381BF0ADF94FF0000AD146C4
:10A82000D046AA8B9245C0F24181A2EB0903D4F82D
:10A830009C249BB24FF0BC0A0AFB0328AB83524610
:10A84000002151A824F097FB51AA0AFB0981404638
:10A85000FFF730FB40F214618948DFF8288212F0DC
:10A86000F5F810218246884812F0F0F84FF438715C
:10A870001990404612F0EAF84FF41A711A907A488B
:10A8800012F0E4F847F2F8531B902846C7F89039C5
:10A89000FCF79CFFFF2387F8193A98F8043087F8F3
:10A8A0001B3AD4F8DC31C7F8133A784B78489B88C8
:10A8B00083801021D7F88839764A3D3825F09AFCF4
:10A8C00098F8F81179B90123B02208F5FD7088F8DD
:10A8D000F83124F050FB98F8053088F8A73298F842
:10A8E000193088F8A63298F8AA1249B901236A48A3
:10A8F00088F8AA32302224F03EFB3C23C8F8D0323C
:10A9000097F81A9AB9F1000F1CD198F8B831CBB169
:10A91000B8F8FAB154F8C0ECBBF1200F00F0F480A5
:10A92000B8F81C3285F81E90202B40F0078154F8AF
:10A93000C00C5A4A0368A2F12201DB68984700283C
:10A9400040F00481DFF858912846D9F88819FEF7BD
:10A95000A5FED9F8D689D9F8DA79D9F8DEB904464E
:10A960005E2209F6E211684624F0A4FF5B464146E8
:10A970003A461CA804F064FF5A221CA9A01D24F02A
:10A9800099FF01234748237117F060FE08B91BF0B7
:10A9900039F8002018F0B2F818F01AF9424FB0B3A5
:10A9A000384BD7F8C0271979D7F8C437022900F0F7
:10A9B000F0800B2900F0ED8032B1B2F5E16F38BFC5
:10A9C0004FF4E162C7F8C027D7F8CC1723B1B3F52D
:10A9D000E16F38BF4FF4E163D7F8D427C7F8C43725
:10A9E00021B1B1F5E16F38BF4FF4E161D7F8DC3741
:10A9F000C7F8CC17002A40F0F180C7F8D4274FF4ED
:10AA0000E16213B1934238BF1346C7F8DC3797F8B9
:10AA100038B94FF000085FFA88F45C4580F0FA809E
:10AA2000204617F039F890F83E301BB1036C002B2C
:10AA300040F0EA8008F10108EDE7D4F81038172B50
:10AA40003FF698AE94E6D4F89C3B172B3FF6A1AEA8
:10AA50009DE600BFC00500201206002098280020B7
:10AA6000485503085C220308502B00205C5503085E
:10AA70007422030898010020725503083C1A030849
:10AA8000A41A002018040020B0260020F42300207F
:10AA9000331B00209B520308C4060020360600200A
:10AAA0002011002007550308182200206B68199315
:10AAB00051461846FEF7DDFC027912B3838F63B16D
:10AAC000002200F13E0E93461EF80B1029B9013208
:10AAD000D2B293429346F7D88187C2450CD05146F3
:10AAE0001998FEF7C6FC414683461998FEF7C1FC4B
:10AAF000BC22594624F0DEFE08F101080AF1010AE1
:10AB00008FE609F10109F9E7DFF8E8C0BCE80F00BA
:10AB100051AF0FC79CE80F0087E80F00DEF8003048
:10AB2000354F1B6A5A4651A970469847202239462C
:10AB300051A824F0F6F9F8B90123AB7754F8C00C0A
:10AB40002E4A0368A2F122019B6898472C4B294C9E
:10AB50002022A3F81C2AA8F8FA21A8F81C2203F640
:10AB60001E23A718224603CABA4218605960144629
:10AB700003F10803F6D1E5E609F10109B9F1180F6F
:10AB800007F12007D2D10023AB771E4BB3F81C325C
:10AB9000CAE63AB14AF6C0018A422CBFC7F8C027BC
:10ABA000C7F8C017D7F8CC1723B14AF6C0029342B2
:10ABB00038BF1346D7F8D427C7F8C43721B14AF6AF
:10ABC000C003994238BF1946D7F8DC37C7F8CC170D
:10ABD00052B9C7F8D4274AF6C00212E7B2F5E16FBE
:10ABE00038BF4FF4E16208E74AF6C0018A4238BF35
:10ABF0000A46EEE7140600208C22030836060020E1
:10AC00002011002018040020204617F0BFFF002864
:10AC100040F05385DFF87083D8F81430002BBCBFA8
:10AC20006FF00043C8F81430D8F86830002BBCBF70
:10AC30006FF00043C8F86830D8F87030002BBCBF04
:10AC40006FF00043C8F87030D8F87430002BBCBFE8
:10AC50006FF00043C8F87430D8F87830002BBCBFD0
:10AC60006FF00043C8F87830D8F87C30002BBCBFB8
:10AC70006FF00043C8F87C30D8F88030002BBCBFA0
:10AC80006FF00043C8F88030D8F88430002BBCBF88
:10AC90006FF00043C8F88430D8F88830002BBCBF70
:10ACA0006FF00043C8F88830D8F88C30002BBCBF58
:10ACB0006FF00043C8F88C30D7F86C38002BBCBF5D
:10ACC0006FF00043C7F86C38D7F8C037002BBCBF13
:10ACD0006FF00043C7F8C037D7F8C437002BBCBFAC
:10ACE0006FF00043C7F8C437D7F8CC37002BBCBF90
:10ACF0006FF00043C7F8CC37D7F8DC37002BBCBF68
:10AD00006FF00043C7F8DC3797F84A3743B1D7F8FC
:10AD10004C37B3F5616F3CBF4FF46163C7F84C37F4
:10AD2000D7F86C3823B1B3F5615F38BF4FF4615386
:10AD3000C7F86C3899F81A3A13B1022388F8103022
:10AD400098F89C319148032B04BF002388F89C316C
:10AD500040F2146104BF012388F8EC3111F076FE53
:10AD60001021BAEB000A8A4818BF4FF0010A11F00F
:10AD70006DFE199B4FEA8A0A83424FF4387182486C
:10AD800018BF4AF0100A11F061FE1A9B4FF41A71B5
:10AD90008342804818BF4AF0010A11F057FE1B9BFE
:10ADA000834298F86E3018BF4AF0080A2BB101238D
:10ADB00088F89030002388F86E302846FEF70FFCA4
:10ADC00050461AF0D7FEC9F88059D7F8A05BB5B93C
:10ADD000382024F05FFE38220446294624F0CBF8C0
:10ADE000231DC4E90253C4E9043504F11C03C4E97A
:10ADF0000853C4E90A3525712577C7F8A04BD7F861
:10AE0000A00BDFF894B104F091FAA02024F042FEE8
:10AE10006249044618F072FA6423236341F2301049
:10AE200024F038FE41F230120021606324F0A3F8D0
:10AE300000250820C4E91055C4E91255C4E9145589
:10AE4000C4E91655C4F800B0A563E06319F03EFBF1
:10AE500000F10C038246A0634FF40070199324F0B4
:10AE600019FE199BE36400F50072E3650423C4E94D
:10AE70001502C4E91935CAF80C0060642064206525
:10AE8000C4E91B55C4E91D55C4E91F55A2642466D5
:10AE9000012024F0FFFD04F19C03C4F88430012359
:10AEA000C4E922354FF07E53C4F894300BF5E263C9
:10AEB000236098F89830C7F8A40BC4E92655C4F865
:10AEC0009050C7F8904433B198F804000623052247
:10AED000022105F07BF93248324D0EF0C1FD19F028
:10AEE00078FB98F89030022B00F0088198F97C30BC
:10AEF00098F980B098F98C201992002B08BF15237F
:10AF00004FF44A70BBF1000F08BF4FF0140B1A93B7
:10AF100024F0C0FD2449DFF894A0044618F0EEF9AF
:10AF200020467422002140F830AB24F024F80021A0
:10AF30004FF0080304F1A80284F8B430C4E92F11DB
:10AF4000C4E93111C4E93311C4F8B01084F8B81061
:10AF5000A4F8D410C4F8D81084F8DC10A4F8E010D9
:10AF6000C4F8E41084F8E81084F8F010C4F8F41081
:10AF700084F8001184F80411C4F8081184F8181139
:10AF8000C4F81C1114E000BF18040020A41A00200B
:10AF9000B0260020502B0020841E0308885503088B
:10AFA000C02D0020182200208F550308D42003084C
:10AFB00084F82811C4F82C1184F83811C4F83C1115
:10AFC00084F84811C4F84C1184F88011C4F8841135
:10AFD000C4E92A2204F5D17084F890112122C4F822
:10AFE000941184F8A01184F8A11123F0C4FF032266
:10AFF00084F8C321FF22002184F8C6214FF4FA62AD
:10B00000C4E97B214FF08062C4F8002204F503728A
:10B01000C4E98322AAF57472C4F80822E44A84F8C9
:10B02000C411C4E98721C4E97411C4E9761184F814
:10B03000C511C4F8C81184F8CC1184F8E011C4F823
:10B04000E41184F8E811C4F8FC1184F80412C4F87F
:10B050001412FA22C4F8184204F5097023F08BFF89
:10B060001A9B0021C4E97D3BC4F8201384F8241303
:10B070000C2024F00FFD0AF5A06303600223037186
:10B08000199BC4F8A400002183468160A3B1082065
:10B0900024F000FD0AF20C520260199A42601990E5
:10B0A0000C2024F0F7FC199B43600AF5A3630360AE
:10B0B000C0F808B0CBF808002046FCF77FFDD4F8B4
:10B0C000F811BC4815F0D8FAD4F8F411B94815F0C5
:10B0D000AEFAB8484FF41651F8F7EFFCD5F828044B
:10B0E000C5F8284408B116F0DEFDD5F8281429B1BA
:10B0F000D5F8280CA8313430FBF79AF9D7F82C4C46
:10B10000D9F880A919F0F6FA0AF1100B04F134020B
:10B1100004F13801C0F808B019921EF0ECFE236C5F
:10B120000133236419F0E6FA199A826059461EF039
:10B13000E2FEDAF818300133CAF818304FF49E7086
:10B1400024F0A8FC9C4B0246002142F8083BA3F5E2
:10B15000F3634360994B01610446C0E90631C0E9DD
:10B160000222C0E92811C0E92A1140618022203062
:10B1700023F001FF0021C4E92E11C4E93011C4E914
:10B180002C11202204F1C80023F0F5FE002104F563
:10B190009273C4E94611C4E94933C4E93A1104F58C
:10B1A0009873C4E93C11C4E93E11C4E94011C4E9F3
:10B1B000421184F82011C4F82C11C4F83811A4F8F5
:10B1C0001011C4F81411D7F82814C9F89841C4E92B
:10B1D0004C33102384F8123119B1A831201DFBF72C
:10B1E00027F9802024F056FC7549DFF8D8A1814664
:10B1F00018F084F809F1380309F15401C9E90E3354
:10B20000C9E91511704BD7F8301CC9F800A000240B
:10B210000AF128024FF47A7BC9F83420C9F850208B
:10B22000C9E91234C9E9189309F13400C9E91C4489
:10B2300089F82D40C9F830B0C9F84040C9F84490A9
:10B24000C9F85C40C9F86840A9F86C40C9F8784072
:10B25000A9F87C4089F87E4028310AF023FBD7F812
:10B260005C1409F1500028310AF01CFB3C20C7F89F
:10B27000349C24F00FFC5549814619F037F9062318
:10B28000A9F814300AF13403C9F8183009F1200381
:10B29000C9E908330AF15403C9F80030A9F81C4081
:10B2A000C9F8284089F82C40C9F82D40C9F8314028
:10B2B000C9F83840902024F0EDFB4549814619F04B
:10B2C00015F94E23A9F814300AF18C03C9F800309F
:10B2D0000AF1BC03C9F8183009F1200318463D49AA
:10B2E000A9F81C40199318F009F80AF1DC02C9F812
:10B2F00000200AF58C722146C9F82020C9E91444BF
:10B3000089F84D40382209F1580023F034FE199B8A
:10B31000012289F808201846F5F787FA7420C7F843
:10B32000389C24F0B7FB2C49814619F0DFF8042340
:10B33000A9F814300AF5A073C9F80030274BC9F8F2
:10B34000183009F1200318462549A9F81C40199323
:10B3500017F0D4FF0AF5BC71C9F800100AF5DA71CC
:10B360000122C9F8201009F1600189F80820C9E913
:10B370001941C9E91B14C9E91444A9F8584089F8CE
:10B38000604016F053FC199B01461846F8F79AFCEA
:10B390008C20C7F83C9C24F07DFB1249074619F02D
:10B3A000A5F80323BB820AF5EE733B601CE000BFE7
:10B3B00071580008500C0020F82503086F9700080A
:10B3C000935503080826030861350108A3550308AF
:10B3D000A9550308B6550308C2550308F815030814
:10B3E000CB550308D455030807F12009C34BBB61B3
:10B3F000C349BC83484617F081FF0AF505733B60DB
:10B400000AF514733B6207F15403C7E915330AF5D3
:10B410001E733B65BB4BFC65C7E91934D8F888300F
:10B420003F66C7E91B44C7E91D44FC67C7F8844071
:10B43000002B00F061810BFB03F3D5F82C1CC7F83F
:10B440008830012307F15000C7F880403B72283153
:10B450000AF028FAD5F8A00B20B1032103F0E0FF91
:10B4600000B1386798F80430052B07D00A2B05D0B7
:10B4700016F0DCFB01464846F8F724FC98F8043047
:10B48000DFF88492DFF88482052B01D00A2B06D1E5
:10B4900098F898301BB1D9F88009FDF728FFF02003
:10B4A000C9F87C7924F0F6FA99499A4F044619F0C4
:10B4B0001DF820464FF0000A04F118034FF0010B6D
:10B4C000C4E90633A4F814B0C4F820A0C82240F898
:10B4D000247B514623F04FFD95F87A28C4F8ECA060
:10B4E000C5F87844F2B195F87C28DAB1502024F000
:10B4F000D1FA8949044618F0F9FF07F130030A220E
:10B50000A2828649236004F1180017F0F7FE07F1C4
:10B51000600294372260A76184F845B0C4F848A05F
:10B5200084F84CA0A02024F0B5FA7D4C7D49074654
:10B5300018F0DCFF04F120034FF0000B3B60002209
:10B540000023C7E90823C7E90ABBBC61A7F81CB000
:10B55000C7F830B087F834B05946202207F13500DB
:10B5600023F009FD5946202207F1550023F003FD81
:10B570002822594607F1750023F0FDFC0C23BB82FD
:10B58000802024F087FA6849824617F0B7FE6649A2
:10B590000AF1300018F0AAFF4322AAF8442004F16F
:10B5A0007002CAF8002004F1A402CAF830200AF19F
:10B5B0005402CAE9152260204EF66022CAE91A0236
:10B5C0005A4AAAF84CB0CAE91C2BCAF85CB0CAF8AF
:10B5D00078B0DFF85CB1D5F82C1CDBF80020CAF895
:10B5E0007C2004F15007DC34CAF85040514CCAF8B2
:10B5F000487028310AF15000CAF860A0CAF86440C7
:10B600000AF050F916F012FB01465046F8F75AFBC3
:10B6100095F8BC37002B00F0ED8095F8C837002B6B
:10B6200040F0908095F8C937002B40F08B8095F85A
:10B63000D037002B00F09B85802024F02BFA3E4968
:10B64000824617F05BFE0AF130003B4918F04EFFCE
:10B650003A49CAF8001001F134006C31CAF85010B0
:10B660006021CAF8681043220121AAF844208AF810
:10B670006C1000224EF66021CAE91D12D5F82C1C70
:10B68000CAF830000AF15400CAE91500CAE918A442
:10B690000AF15000CAF84870AAF84C20CAF85C2099
:10B6A000CAF87C20CAF8702028310AF0FBF842F270
:10B6B00010715046F8F706FB9CE0144B1A79022AE9
:10B6C00017D00B2A4AF6C00118BF4FF461619A6E79
:10B6D00012B18A4238BF0A469A66D3F8882022B14E
:10B6E000B2F5967F38BF4FF49672C3F88820FFF703
:10B6F00091BA4AF6C001EAE7114B9EE6E01503084D
:10B70000DD5503081735010820110020180400201A
:10B71000E057030894280308E6550308F05503088A
:10B72000482903080056030810560308A0BB0D0063
:10B7300010040020A134010835560308D82A030854
:10B74000E0930400802024F0A5F9C749824617F051
:10B75000D5FD5146C54A41F8302F0820199124F0F3
:10B7600099F919994160D5F8401C0160C5F8400C61
:10B77000BD490AF1340018F0B9FEBC4ACAF84C7051
:10B7800002F10C00CAF8000002F14800CAF83000CB
:10B7900002F154008C32CAF8542068224321CAF8BE
:10B7A0006C200122AAF848108AF8702000214EF679
:10B7B0006022CAE91E21AAF85010CAF86010CAF81F
:10B7C0007410D5F82C1CCAF834000AF15800CAE9E4
:10B7D000160028310AF15400CAE919A40AF062F8E7
:10B7E00042F210715046F8F76DFA95F8BC37002B0D
:10B7F0007FF41DAF95F8583753B395F85C373BB3DA
:10B8000098F89C31032B23D04FF4336024F042F995
:10B810009749044619F012F8964904F52A6017F082
:10B820006DFD954B23604033C4F8A03A012384F8A2
:10B83000CD3A0021DBF80030C4F8D03AC4F8D41A6D
:10B84000562204F6D82023F096FB032384F884368E
:10B85000702024F01FF9894904464FF0010A18F0BE
:10B8600045FE04F11807864B86492360A4F814A00E
:10B87000384617F043FD844B236003F1340203F193
:10B880005C01A261A16404F14C028049A465C4E991
:10B8900013220022C4E91712C4E9192A6265A4F828
:10B8A0006C2095F87827002A00F06884784F794852
:10B8B00000976833E722E92117F0ECFC504504D0EB
:10B8C0007549E722384624F0A8FDD5F88007606660
:10B8D00010B1012119F07AFC00222046114607F030
:10B8E0005CFA95F888070027C5F82C7D48B101213E
:10B8F00019F06CFC3A460121204607F04EFAC5F8D3
:10B90000307D95F8890790B198F85D3003F0FD031C
:10B91000012B0CD095F887774FB9012119F056FC0F
:10B920003A460221204607F038FAC5F8347D95F8EA
:10B93000AC3783B195F8B0376BB1342024F0AAF856
:10B940005649044617F0DAFC554B2360012384F86E
:10B950002D3000232363202024F09CF85149044615
:10B9600018F0C4FD0523A3824F4BA36120330022AE
:10B970002360D5F8407CA28301232372A372C5F80B
:10B980009444002F40F0FF8330463997FAF739FF8F
:10B99000D9F880399A7FDAB1DB7FCBB94348FCF71D
:10B9A000CBFD1E230446037339460220FCF748FDF5
:10B9B0003F49A06004F10D0023F074FFD9F898010D
:10B9C000036821465B689847D9F880390122DA7705
:10B9D00000242C20469424F05DF80123C0E90234B1
:10B9E000036104210323C0E90513D5F8383D446001
:10B9F0000BB9C5F8380D2F4B2F4FC36100262F4BC5
:10BA000003624FF0010A0760A0F824A080F82860C4
:10BA10004FF4407024F03EF80346A7F6E86243F87E
:10BA2000082BC0E90233264B0661C0E9063600F157
:10BA30002403C0E90933234B4061C0E90D3600F10E
:10BA40004003C0E91033204BC662C0E914361F4BD7
:10BA5000C365A7F6AC771E4B47604FF0040B076237
:10BA6000C763036636E000BF20560308382A030880
:10BA7000500C002044560308582B03084B5603086B
:10BA8000C428030866560308C02B0308412E01088A
:10BA90005C2E00207B56030891560308F9560308D4
:10BAA000482C030803570308682C0308F8120020E9
:10BAB000255B0308C02D0020C42C030800093D00AD
:10BAC0004BD800083BD8000857D800080000FA42BD
:10BAD0000905000200638664C06480F8586080F83D
:10BAE00064B0044603F097F8A52241F29413C4E928
:10BAF0001C2340F603031027A4F878301123D849FB
:10BB0000A066A4F86C7084F8883104F5CA70C4E9A2
:10BB10001F6617F0F3FB42F60133A4F8D831D14B7E
:10BB2000C4F8DC31C4E97167C4E97366C4F8D46150
:10BB30002C2023F0AFFF03238361D5F8383DC0F8F4
:10BB400014B0C0E9016AC0E9036A07460BB9C5F839
:10BB5000380DDFF814A3C54BFB610AF1600EC44B2E
:10BB60003B62BEE80F0004F5F27CACE80F009EE8F3
:10BB700007001C238CE807001A22C4E980231D213A
:10BB80001B230AF17C0EC4E98213BEE80F0004F502
:10BB9000047CACE80F000026DEF8003087F828604F
:10BBA0004FF0010BA7F824B0C7F800A0CCF8003084
:10BBB00004F51573C4F82832AE4BC4F84832AE4BC6
:10BBC000C4F84C320023AD48C4F85032C4F8943263
:10BBD000C4F8A832C4F8C432A94BC4F824620322C2
:10BBE00084F89822C4E98C66C4E98E66C4E9AC6620
:10BBF000C4F8E07184F82C62A4F84062C4F844628E
:10BC000084F89062C4F8A06284F8A462A4F8A662E2
:10BC1000C4F8B862A4F8BC6284F8BE62A4F8C0623A
:10BC2000C4F8C86284F8CC62C4F8D062C5F83C4D50
:10BC300084F8ACB284F8D462C4E9B703914BC4F879
:10BC40005832FF23C4F85C3204F5F073C4E9B966D6
:10BC5000C4E9BC66C4F8D862A4F8EC62C4F8F8621F
:10BC6000C4F89C32A4F8886284F88A62042302260D
:10BC7000C4E99963082710234FF0200CC4E99B7393
:10BC80004023C4E99DC34FF0800E4FF48073C4E994
:10BC90009FE34FF40073C4F884327B4BC4F88C32BA
:10BCA0000AF19803C4F854320AF5CC7323600AF5FC
:10BCB00007732146C4F8943146A8C4F860B2F9F776
:10BCC00033FE469803685B6A9847014610B946A858
:10BCD000F9F72AFE98F8B831469E0D2B16D1AEB171
:10BCE00033683046DB68984780B988F8B80101208E
:10BCF00019F040FF336830469B6A984730B9634B70
:10BD00001B6803F59C530833C5F8403D4FF4D470CD
:10BD100023F0C0FE5E49044617F0F0FA20465D4B62
:10BD200040F8303B1822002123F025F9F0220021B1
:10BD300004F1480023F01FF90123A4F8383141F63B
:10BD400028130027A4F84031322384F83A71C4F84C
:10BD50003C7184F842316422394604F5A27023F024
:10BD60000AF9C5F8D84156B1D5F8900446995197CB
:10BD700068304697F9F7D8FD51A818F024FC464DD5
:10BD8000464CD5F8EC30464898F804B01C22534392
:10BD900003F10C014A196C500021C2E90211A4F60A
:10BDA000081A2B44C2F804A0106140F6B832196298
:10BDB0005A62D5F8EC300133A4F69806A4F6880749
:10BDC000C5F8EC300222374BA4F6880104F11000CC
:10BDD00016F0EAFBBBF1020F14BF39463146324B75
:10BDE000042204F1100016F0DFFB304B0422314630
:10BDF000304616F0D9FB2E4B012204F1200104F14C
:10BE0000100016F0D1FB2A4B012204F1200130462C
:10BE100016F0CAFB5146264B0122384616F0C4FBE9
:10BE200051465046224B012216F0BEFB04F1200180
:10BE300008461F4B012216F0B7FBA4F6F80108468E
:10BE40001B4B012216F0B0FB1A4B0A2204F1300101
:10BE5000204616F0A9FB174B0A2204F130012BE013
:10BE60000B5703080000C8422C2D03086022002055
:10BE70000024F4001357030800000C4301060312CA
:10BE8000AD101B000024743F21570308100400204C
:10BE900028570308741C0308D80F00205C2F0020CB
:10BEA000305703083D570308485703086D570308E8
:10BEB000915703089757030804F1100016F074FB1C
:10BEC000BB4B0A2204F13001304616F06DFBB84B33
:10BED0000A2204F13001384616F066FBB44B0A2200
:10BEE00004F1300104F1200016F05EFBB04B0A2291
:10BEF00004F13001A4F6F80016F056FBAD4B102209
:10BF000004F14001204616F04FFB1022A018A94B67
:10BF100004F1400116F048FBA64B102204F1400149
:10BF2000304616F041FBA34B102204F14001384685
:10BF300016F03AFB9F4B102204F1400104F120005F
:10BF400016F032FB9B4B102204F14001A4F6F800DE
:10BF500016F02AFB984B112204F1200104F1100085
:10BF600016F022FB944B112204F12001304616F00A
:10BF70001BFB914B112204F12001384616F014FBF3
:10BF800004F1200108468C4B112216F00DFB51469E
:10BF90005046894B112216F007FB884B072204F10B
:10BFA0002001384616F000FB04F12001834B0722E4
:10BFB000084616F0F9FABBF1020F04F1200A1ED070
:10BFC0007F4B04223946304616F0EEFA7D4B0522AF
:10BFD000514604F1100016F0E7FA7A4B052251465B
:10BFE000304616F0E1FA774B05225146384616F0F6
:10BFF000DBFA744B05225146504616F0D5FA7249C9
:10C00000724B01F608100B2216F0CEFA6E496F4BF8
:10C0100001F160000B2216F0C7FA6B496B4B01F17E
:10C0200070000B2216F0C0FA6749684B01F6181031
:10C030000B2216F0B9FA6449644BA1F110000B22EF
:10C0400016F0B2FA6249634B01F618100D2216F091
:10C05000ABFA5F495F4B01F170000D2216F0A4FAB4
:10C060005B495C4B01F180000D2216F09DFA5849A6
:10C07000584B01F628100D2216F096FA5649574BE8
:10C08000A1F628100E2216F08FFA5349544BA1F650
:10C0900018100C2216F088FA5249534B0846092210
:10C0A00016F082FA98F80400D8F88C11022872D0A1
:10C0B0000B2814BF4FF4167301234FF47A72002932
:10C0C0006BD04A43D5F8EC301C24634303F10C06D3
:10C0D000AC1945F806A00026C4E902666760434F24
:10C0E00027612B44C3E90862D5F8EC30022803F13C
:10C0F0000103C5F8EC3052D00B2814BF4FF416736F
:10C1000001234FF47A7200294BD04A433549374B0B
:10C11000A1F1800017F03AF998F80430D8F88C11A2
:10C12000022B40D00B2B14BF4FF4167301234FF496
:10C130007A72002939D04A432A492C4B084617F015
:10C1400025F916F051FA302023F0A4FC28490446C2
:10C1500017F0D4F8274BD9F88009236018F076FC43
:10C1600046A818F030FA0DF5017DBDE8F08F95F87E
:10C17000D837002B3FF43EABFFF75EBA3846F4F7F2
:10C1800054FBFFF7D4BB7868036831461B689847B7
:10C190003F68FFF7F6BB01238FE75A4392E701237D
:10C1A000AFE75A43B2E70123C1E75A43C4E700BFF0
:10C1B000975703089E570308A7570308B457030867
:10C1C000C6570308D757030864260020E55703081D
:10C1D00054260020F05703087C2F0020FE57030848
:10C1E00011580308D42600202358030836580308A2
:10C1F00048580308742F030838B504460D480D4607
:10C2000016F024FA10B10B4816F05CFA2046FDF740
:10C2100074FE2046FBF726FB85F0010017F0EAFFCD
:10C2200017F081FF15F02AFC1F2019F0A3FC012054
:10C2300038BD00BF5A58030810B539B182B1D0E9F2
:10C2400000302C2404FB0303984201D3002010BDCE
:10C250004468A24202D10468A142F8D02C30F3E72E
:10C260001046F4E770B50C4619464368049E63B166
:10C27000036853B14CB1FFF7DFFF014628B13246E6
:10C280002046BDE8704014F0A0BF002070BD2DE92D
:10C29000F04FDFF8C48089B0D8F8883903934B8910
:10C2A000042B05460C464FD1D1F804311BB9D1F807
:10C2B0000831002B48D02168B1B3D8F88009036851
:10C2C0001B689847064678B3D4F85491D4F80421F3
:10C2D000636805F130074FF0000B4946CDF800B018
:10C2E0003846CDE90423FFF7BDFF0DF11F0182465B
:10C2F0000091DDE9042303998DF81FB03846FFF75C
:10C30000B1FF10B1BAF1000F08D14FF0FF31204654
:10C31000FDF712F840B99DF81F302BB1D6F8B430B4
:10C32000994518BFC6F8B4906168D8F88839994221
:10C330000AD0D4F80421284602F0C9FED4F804211A
:10C3400061682846FCF746FE2B685B6B2146284651
:10C3500009B0BDE8F04F18472011002010B5037C4C
:10C3600004460BB9002010BD0368DB69984700281C
:10C37000F8D123682046DB6898470120F3E770B5C1
:10C3800004460E46FFF7EAFF237C0B2B054604D13B
:10C39000236831461B6A20469847684270BD2DE9E4
:10C3A000F04FADF57D7D05463CAE0F464FF43F7234
:10C3B00000213DA8316022F0DEFD95F8E841062C11
:10C3C00000F22983DFE814F00700AC00FC006001F4
:10C3D000B401CF014602974C237C8BB1964AB4F846
:10C3E00012121068B4F816329BB2994208D0136842
:10C3F0001B1AB3F57A7FF5D3B4F81632A4F81232CB
:10C4000094F80562012E6DD0022E7AD06EB94FF0ED
:10C41000B0431A6C42F480421A641A6C22F48042CF
:10C420001A641A6E22F480421A66844B53F826303E
:10C43000ABB12422C3F888201A681168002021F0CB
:10C4400001011160106050609060C3F8900083F8A3
:10C450008400C3F88800C3F88C00D8661867784B4E
:10C46000744893F8B120B24204BF032283F8B1208C
:10C470003946B4F81032A4F81432F7F71EFB4FF423
:10C48000AB7200216F4822F076FD642014F09CFA14
:10C490006D496848F8F701FA142014F095FA6B49D1
:10C4A0006448F8F7FAF96A496248F8F7F6F9694911
:10C4B0006048F8F7F2F9142014F086FA66495D48EE
:10C4C000F8F7EBF965495B48F8F7E7F9644959482B
:10C4D000F8F7E3F914220123C5F8EC2185F8E831D7
:10C4E000082468E04FF40030F6F7EAFB4FF4003020
:10C4F000F6F7ECFB4FF0B042936D23F400339365F5
:10C5000093E74FF0B043DA6B42F00102DA63DA6B83
:10C5100022F00102DA63DA6D22F00102DA6584E7C3
:10C520000BAC5049204614F044F94E490EA814F0C3
:10C5300040F907264C498DF8446012A814F039F9E7
:10C54000494915A814F035F948498DF8606019A8D3
:10C5500014F02FF945491CA814F02BF90F238DF87E
:10C560007C306B4603221C605A6093E8060008A8E2
:10C5700016F026FF19A818F01FF912A818F01CF9D8
:10C58000204618F019F915F03FFC39492948F8F709
:10C5900084F93A4608A94FF4FA7015F089FB082887
:10C5A000044605D11423C5F8EC31022385F8E8319F
:10C5B00008A818F00BF920460DF57D7DBDE8F08F39
:10C5C0000BAC2C49204614F0F4F82B490EA814F0BB
:10C5D000F0F8002629498DF8446012A814F0E9F813
:10C5E000274915A814F0E5F8022202AB0294039241
:10C5F00093E8060008A88DF8606016F0E1FE12A826
:10C6000018F0DAF8204618F0D7F815F0FDFB1D49B0
:10C610000848F8F742F93A4608A94FF4FA7015F0BD
:10C6200047FB08280446C3D11423C5F8EC31032383
:10C63000BCE700BF500C002010040020500B00206D
:10C6400008000020740E0020705803089758030853
:10C65000B5580308D3580308F158030806590308CE
:10C660001B59030830590308375903083D5903087B
:10C6700043590308615903084E5903087D590308BB
:10C680006A59030886590308B749B848F8F705F905
:10C69000B749B648F8F701F90BACB649B348F8F713
:10C6A000FCF8B549204614F084F8B4490EA814F0FB
:10C6B00080F80C23B2498DF8443012A814F079F8B0
:10C6C000B04915A814F075F80D26AF498DF86060D3
:10C6D00019A814F06EF8AD491CA814F06AF80322EA
:10C6E00004AB0494059293E8060008A88DF87C60DA
:10C6F00016F066FE19A818F05FF812A818F05CF89A
:10C70000204618F059F815F07FFBA1499748F8F733
:10C71000C4F83A4608A94FF47A7015F0C9FA082807
:10C7200004467FF445AF1423C5F8EC3104233DE7FC
:10C7300015F06AFB97498D48F8F7AFF8964815F061
:10C7400059FC032800F01D8215F05EFB93498748D1
:10C75000F8F7A3F8924815F04DFC032800F0138277
:10C7600014220523B8E68F4980480BACF8F795F8FA
:10C77000142014F029F98C492046092614F019F8E0
:10C780008A490EA814F015F88949267612A814F0E3
:10C7900010F8884915A814F00CF80A2384F83430EE
:10C7A000854919A814F005F884491CA814F001F86B
:10C7B0000B2384F85030824920A813F0FAFF8149F6
:10C7C00023A813F0F6FF804984F86C6027A813F0C3
:10C7D000F0FF7E492AA813F0ECFF7D4984F88860B9
:10C7E0002EA813F0E6FF7B4931A813F0E2FF7A4947
:10C7F00084F8A46035A813F0DCFF784938A813F05A
:10C80000D8FF84F8C060072606AB0694079693E825
:10C81000060008A816F0D4FD4FF01C08013E04D312
:10C8200008FB064017F0C8FFF8E715F0EDFA6C4971
:10C830004E48F8F732F83A4608A94FF4FA7015F066
:10C8400037FA082804467FF4B3AE1423C5F8EC3158
:10C850000623ABE6634FDFF81491D7F8A001D7F8B1
:10C86000A4110BAB03C308210BA8F8F7E7F815F0E8
:10C87000CBFAD9F800300BA95B68082248469847E4
:10C8800040F2EE21082015F0CFFA30B94FF4FA63E8
:10C89000C5F8EC3185F8E80122E64FF4407200213A
:10C8A000304622F068FBD7F8A801D7F8AC114E4FFC
:10C8B00008AB03C3082108A8F8F7C0F815F0A4FADC
:10C8C000D9F8003008225B6808A948469847D7F88D
:10C8D00000804FF0000A4FF0000B05E0A0F1B50119
:10C8E000D1F1000B4BEB010B3B68A3EB0803B3F555
:10C8F000966F80F09080D9F8003048461B699847C1
:10C900000028F1D0D9F8003018485B699847BBF18E
:10C91000050FE9D801A353F82BF000BFDDC80008CC
:10C9200035C9000843C9000851C900085DC900089D
:10C93000EDC90008A0F16202504250414FEA400B9D
:10C94000D2E70A2814BF4FF0000B4FF0030BCBE7E0
:10C95000031F584258414FEA800BC5E71FFA80FA7F
:10C960004FF0050BC0E700BFE4500308500C002057
:10C97000F65003083E5103089E59030895590308D1
:10C98000AE590308A5590308B5590308BD59030852
:10C99000D7590308E5590308F5590308055A030850
:10C9A000145A0308285A0308645A03085C5A0308F7
:10C9B000695A03086B5A0308715A0308735A03082B
:10C9C000795A0308815A0308915A0308895A0308BF
:10C9D000955A03089B5A0308A25A0308A65A03084B
:10C9E000AD5A0308F42D0308100400204AEA002081
:10C9F0001FFA80FABAF5407FBFF46DAFD9F8003066
:10CA00006248DB6952463146984782457FF463AFFE
:10CA1000BAF1000F03D14FF4FA6200235CE55C4BDE
:10CA200032460DF5847E1F469446BCE80300F4456B
:10CA300018605960624603F10803F5D1DCF8000084
:10CA40001860BCF804209A80524BDDF80E211A6061
:10CA5000DDF812215A60BDF816211A8197F82830A6
:10CA6000452200214FF01E084FF02809A2F11D0CAD
:10CA700052451FFA8CFC35DB00294AD14FF4407235
:10CA80000021304622F077FADFF80C81DFF80CB194
:10CA90004FF0000997F828304B453DDC40493D48B0
:10CAA000082222F070FA002863D03E493948082253
:10CAB00022F069FA00285ED03B493648082222F06D
:10CAC00062FA002859D039493248082222F05BFA2C
:10CAD000002854D036492F48082222F054FA002862
:10CAE00099D168E518FB0390384400210CEB010E46
:10CAF0001FFA8EFE013116F80EE000F801EF1E2934
:10CB0000F4D10133DBB2092B02F11E024FF0010117
:10CB1000ACD987F82830B1E7A8F1040A25490422E6
:10CB2000504622F030FA50B94FF440724146304638
:10CB300023F073FC09F1010908F11E08AAE7072296
:10CB40005946504622F01FFA0028F3D106904FF4C0
:10CB5000407208F10401304623F05FFC307828B1C0
:10CB60000A2206A9304622F02BF9C0B287F85501F7
:10CB7000E0E702241FE503241DE504241BE505244A
:10CB800019E50D2417E5012415E500BF500C002020
:10CB9000740E0020920E0020A10E0020C05A03083F
:10CBA000C85A0308D15A0308DA5A0308E35A03089B
:10CBB000EC5A0308BB5A03082DE9F047ADF56A7D2E
:10CBC0009CAD9DF8C8A34C4E2E60044689469846FD
:10CBD000014600239EA817466B6013F0EAFDBAF1E8
:10CBE000000F02D1204615F06DFD214654A813F028
:10CBF000E0FD54A816F0B8FB54990122A1A816F044
:10CC000030FB54A813F0F1FD3C4B85F834A100240F
:10CC10003946424607A8CDE90735CDE90A4485F8EB
:10CC20003541CDF824900FF0D7FEEB6A07469BB153
:10CC3000A1A809F0B6FF9EA90CA813F0CCFD0CA882
:10CC400016F092FB0C99224654A816F00AFB5A9B48
:10CC50006BB90CA813F0C9FD9EA82E6013F0C5FD9A
:10CC600038460DF56A7DBDE8F0875C40E4B254A813
:10CC70000AF046F8031EF8DA54A809F092FF95F876
:10CC80003531A342E5D10CA813F0AFFD9EA968464B
:10CC900013F0A1FD684616F067FB009CD5F80880EC
:10CCA000002221460CA816F0DCFA129BBBB101222F
:10CCB000414654A816F0D5FA5A9B83B10CA806F049
:10CCC000F1FC00280DDC54A809F063FF54A809F01A
:10CCD00068FF0CA809F065FF204615F0F3FC6846D4
:10CCE000B8E703A910220CA809F0FCFF03A9C2B2FF
:10CCF00054A80AF064F9E1E7AC2F030855D90008FD
:10CD00002DE9F04FDFF81492D1B004460026D4F894
:10CD10006432D4F854229A1A003B18BF0123C3EBA3
:10CD2000A203D4E99621521A921009FB0233D4F8D7
:10CD30004812D4F85022521A921009FB0233032BE6
:10CD40000AD9002E00F0E68023681B6A00212046E5
:10CD500051B0BDE8F04F1847714D04F26C41D5F861
:10CD60008009FCF731FC01460028EAD007A802F050
:10CD7000C3FC0799D5F88829429B029391429DF8FC
:10CD800039310393DDF804B19DF83BA19DF83C31A6
:10CD90000BD100210220FBF753FB4FF0000A029059
:10CDA000CDF80CA04FF0000B01230193D4F86032B2
:10CDB000D4F85802A3F59273984218D0029B42937C
:10CDC000039B8DF839314FF49272019B8DF83C3101
:10CDD00007A9CDF804B18DF83BA122F06BFDD4F882
:10CDE000583203F59273C4F8583201268FE7D4F80D
:10CDF0005C32D4F86412D4F85482D4F84822C01AB1
:10CE00008310081EA1EB080618BF0120C0EBA60086
:10CE100009FB0300D4F850329B1A9B1009FB030056
:10CE2000404B98424FEAA60502D13F481DF039FB1E
:10CE3000D4E99023881AA3EBA000012822D8023558
:10CE4000B3EB450F01F1040149D95B1B5B0802EB11
:10CE50008305A8453DD92A464046F6F705FE2B68CE
:10CE6000C4F84C3203F59273C4F85032AB19C4F8CD
:10CE70006432AB59C4F85C3203F59273C4F854526F
:10CE8000C4F860324FF49270D4F8645222F002FE7B
:10CE9000029B68604293039B8DF839314FF4927284
:10CEA000019BD4F858028DF83C3107A9CDF804B1A4
:10CEB0008DF83BA122F0FEFCD4F864321A1D5B68A9
:10CEC000C4F8642203F59272C4F85C32C4F860229C
:10CED00089E7321D2A44404617F054FEBFE79F1CE5
:10CEE000012B2CBFFF1801373846059117F0EEFAD9
:10CEF0007D1B6D0800EB8505059904902A46404688
:10CF0000F6F7B2FDD4F8400222F0CCFD049BC4E950
:10CF10009037A4E751B0BDE8F08F00BFF9F1E3C747
:10CF2000201100201C387000F55A03082DE9F04745
:10CF3000B24D95F82434CCB004460F461BB300F52F
:10CF400090684FF400720021404622F014F86E46BB
:10CF50000B23A4F88434D5F89014304602F0AAF8D4
:10CF600096E8030004F5916484E80300002385F843
:10CF70002434A34A43464FF4FF7138464CB0BDE811
:10CF8000F04702F0CDBC037C013B0A2B7AD8DFE8E6
:10CF900003F00E0E0E0E0E0E0E060E0E2700D0F82B
:10CFA0005822D0F848329A4201D1FFF7A9FE04F581
:10CFB00090684FF400720021404621F0DCFF237C92
:10CFC000013B0A2B7CD8DFE813F0800061008C0065
:10CFD000C000F3000A01BB01AD020D0336033A03A2
:10CFE000D0F810313BB9874BD3F89801B03015F029
:10CFF00083F9C4F81001D4F814313BB9814BD3F84C
:10D000009801C83013F042FEC4F81401D4F8183166
:10D010003BB97C4BD3F89801F83013F026FEC4F8E6
:10D020001801D4F81031002BC1D1D4F81431002BE1
:10D03000BDD1D4F81831002BB9D194F888302BB178
:10D0400088220021704821F096FFB0E76E498822BF
:10D0500003A822F02FFC882203A9A01822F02AFCA2
:10D0600094F88830002BEBD1D4F88430002B9ED17B
:10D07000644BD3F89801203015F074FAC4F884009A
:10D08000002894D100204CB0BDE8F0875D4D5F4989
:10D090000323A4F88434282205F6A61023F0BDF952
:10D0A000D5F880394C229B8BA5F8D03905F688112C
:10D0B00004F5916022F0FEFB0123237414F0C4FDFB
:10D0C000B4F88434002BDDD053E71123A4F8843462
:10D0D0004F498C2204F5916022F0ECFB032323746A
:10D0E000EEE7484B04F26C41D3F88009FCF76CFA88
:10D0F0000146D8B103A802F0FFFA002501234FF43E
:10D10000927203A904F58E708DF82C318DF82A5196
:10D1100022F0D0FB0423A4F884344FF4927203A9C4
:10D1200004F5916022F0C6FBC4F81C51D4F86824C1
:10D13000384B9A4207D108232374236800211B6AC5
:10D1400020469847BCE70423C9E70D233249A4F8D9
:10D150008434122203A823F060F91823089395F869
:10D160007C368DF8243000238DF82530ADF826303C
:10D170002A4B1A799B6F0B93FF238DF8303095F86B
:10D180001E388DF831304FF457530D9301238DF82D
:10D1900028208DF8323003AD0FCD04F591660FC60F
:10D1A0000FCD0FC695E80700052386E8070096E730
:10D1B000657C0A23A4F88434284614F06DFC0135FC
:10D1C0000146EDB24C2204F5916022F073FB072D6D
:10D1D00065747FF675AF4FF48373238270E7637CC9
:10D1E0000522591EA4F88424092900F2A080DFE852
:10D1F00001F0172333535E6B7D8994991822002028
:10D20000C808030820110020B42500204D5403084D
:10D21000980100202D0F0100E2510308180400209E
:10D220000123A949A4F88834602204F5926022F011
:10D2300041FB0223637443E7A44E0223A4F888341D
:10D240000FCE04F592650FC50FCE0FC596E8070007
:10D2500085E807000323EDE7DFF874C203230CF130
:10D260009806A4F888340FCE04F592650FC50FCE4A
:10D270000FC596E803009CF80430022B85E80300F4
:10D2800008D00B2B934B18BF4FF49673C4F8A434FB
:10D290000423CFE78F4BF9E704238F49A4F88834A0
:10D2A000C42204F5926022F005FB0523C2E78B4EF1
:10D2B000A4F888240FCE04F592650FC596E8030004
:10D2C00085E803000623B5E7854E0623A4F88834D5
:10D2D0000FCE04F592650FC50FCE0FC50FCE0FC54B
:10D2E00096E80F0085E80F000723A3E77D4A92E840
:10D2F00003000723A4F8883404F5926383E803004D
:10D30000082397E708237849A4F88834B02204F565
:10D31000926022F0CFFA09238CE70923A4F888341D
:10D320000A2387E70A23A4F888340B2382E7013312
:10D33000DBB20B2B63747FF6C3AE40F207134CE7EE
:10D34000637C0922591EA4F884240C2900F2A480CD
:10D35000DFE801F0070F1C29343E4B5A69728A7CC2
:10D36000970001236149A4F88834D42204F28C4048
:10D370005DE75F4E0223A4F888340FCE04F28C459B
:10D380000FC596E8030085E8030063E7594E0323C1
:10D39000A4F888340FCE04F28C450FC596E8070038
:10D3A00085E8070074E7544E0423A4F888340FCEB0
:10D3B00004F28C450FC533682B6076E74F4A07CAE5
:10D3C0000523A4F8883404F28C4383E8070079E746
:10D3D0004B4E0623A4F888340FCE04F28C450FC5BB
:10D3E0000FCE0FC533682B607EE7464E0723A4F8A7
:10D3F00088340FCE04F28C450FC50FCE0FC596E8CA
:10D40000030085E803007BE70823A4F888343E4B3B
:10D41000D5F815089A889B79C4F88C04A4F8902450
:10D4200084F8923477E7A4F888243849482204F233
:10D430008C4022F03FFA73E7354A07CA0A23A4F862
:10D44000883404F28C4383E807006EE7314E0C23E6
:10D45000A4F888340FCE04F28C450FC50FCE0FC54B
:10D4600033682B600D23E5E60B23A4F888342A4BA0
:10D47000D5F875081B7984F89034C4F88C040C2313
:10D48000D8E60D23A4F88834244B0FCB04F28C4546
:10D4900085E80F000E23CDE60133DBB2102B637459
:10D4A0007FF60EAED4F868241D4B9A4203D10923AF
:10D4B00023740023BEE608232374236800211B6A1B
:10D4C00020469847F5E700BF1C0400208004002098
:10D4D0001804002080510100DC040020A405002075
:10D4E000C005002004060020120600209C28002011
:10D4F0007429002090290020B0290020C82900208C
:10D50000D8290020002A00202D2A0020362A0020B9
:10D51000802A0020942A00208D2A0020BC2A002086
:10D520002C0F01004FF49272002103A821F023FD7B
:10D53000D4F81C3104F58E76ABB9D4F84852D4F83F
:10D5400058329D420FD0D4E993A94FF492722946E4
:10D550003046A9F5927922F0ADF94D4525D005F573
:10D560009275C4F848524FF49272314603A822F0E3
:10D57000A1F9039D5DB34FF492720021304621F072
:10D58000FAFC2A465B490DF1120022F0DBFE04236F
:10D59000A4F884344FF4927203A904F5916022F048
:10D5A00089F92046FFF7ACFB8AE5504622F07AFA6B
:10D5B000D4F854321A1D5B68C4F8542203F59272F1
:10D5C000C4F84C32C4F85022C4F84832CBE704F512
:10D5D000107001F0D0F90923237439462046FFF773
:10D5E000A5FC50E5D4F87434D4F870144248657C36
:10D5F0005A1AD2104243954217D0D4F868043F4ECD
:10D60000B04212D00F239542A4F8843403D33C488F
:10D6100029461CF04CFFE82205FB021104F591603D
:10D62000013522F047F965744AE500228B426274A5
:10D6300018BFC4F874142046F8F7C0FA40E5D4F8CF
:10D64000102162B192E803000B23A4F8843404F59E
:10D65000916383E803002046F8F7EEFA30E5D4F84A
:10D6600014616EB10E23A4F884344FF4FB7231467A
:10D6700004F5916022F01EF92046F8F7EBFA1FE559
:10D6800094F8883083B10C2304F188052946A4F866
:10D690008434882204F5916022F00CF98822314606
:10D6A000284621F068FC0BE5D4F818516DB1102321
:10D6B000A4F884344FF4F072294604F5916022F006
:10D6C000F9F82046F8F7D4FAFAE4D4F88460002E8A
:10D6D0003FF4F6AC0223A4F884344FF4B072314620
:10D6E00004F5916022F0E6F8304614F055FFC4F8D6
:10D6F0008450E5E49B52030835C2724F2D0F0100A0
:10D70000C7520308000000001F2808B50FD03E28AC
:10D710000FD0C8280FD0B0F5C87F0ED0B0F5487F25
:10D720000DD0B0F5C86F0CD01AF0AEF908BD0648A0
:10D73000FCE70648FAE70648F8E70648F6E7064831
:10D74000F4E70648F2E700BF0000FA4100007A4221
:10D7500000204B430020CB4300204B440020CB440F
:10D7600030B5441E082C3DD8DFE804F0353C221BC0
:10D7700015103005290039B11D4905200724116015
:10D78000039A10701C7030BD1A49F6E709B11A49A6
:10D79000F3E71A49F1E711B117490824EFE71749F0
:10D7A000FBE719B1144905200924E8E71349FAE712
:10D7B00019B1114905200A24E1E71049FAE719B126
:10D7C0000B4908200B24DAE70A49FAE709B10C49AA
:10D7D000F7E70C49F5E719B1094908200C24CEE711
:10D7E0000849FAE711B104490520EBE70349FBE7D3
:10D7F0000020CB440000FA4300204B4400007A4351
:10D800000020CB430000FA421FB5002303930DF123
:10D810000A03009303AA0DF10B03FFF7A1FF03987E
:10D8200005B05DF804FB01207047002242600280D1
:10D830008270704700207047704708B503689B6886
:10D84000984780F00100C0B208BD08B503689B6A24
:10D850009847002008BD08B503681B699847002059
:10D8600008BDC0F88C117047C0F890117047D0F80F
:10D870008C017047704738B590F82C32C56F04465C
:10D8800013B93DB9012038BD0368DB6D9847002806
:10D89000F7D06DB1074AD4F8803012684EF65F2198
:10D8A000D21A8A4204D9044A03F57D43E83313604F
:10D8B0000020E8E710040020582F0020002210B5B7
:10D8C0004260D1F8C8410270D1E97312521AA4EB38
:10D8D000A2024270847010BDD0E97320131A58421E
:10D8E00058417047C06F003818BF012070470123AE
:10D8F00080F82C32704730B590F8623087B004461B
:10D90000CBB190F861209A4215D090F860208DF844
:10D910000C20C26DD0F8280204928DF81430032236
:10D92000036800925D6E06AB13E90E00A84710B1C4
:10D93000002384F8623007B030BD70470020704784
:10D94000806E03685B691847704700680968036860
:10D950009B6818474068036810B55B681446984791
:10D96000031B5842584110BD704781F00100400030
:10D9700000F0FE00704720B981F001004000C0B205
:10D98000704702207047884214BF81F001000220D6
:10D990007047084B93F830018B8908B1422B08D0AF
:10D9A000012B05D00A3B012B8CBF002001207047C2
:10D9B0001846704798280020826930B404695510D1
:10D9C000034604EB6200D20748BF62595B6930BC72
:10D9D00048BFD358184710B5044622F063F82046D4
:10D9E00010BD084609B122F05DB8704738B5202552
:10D9F00004462A460021353021F0BDFA2A4600218E
:10DA000004F1550021F0B7FA00230022C4E90823ED
:10DA1000002384F83430C4E90B33A36238BD4FF4DB
:10DA2000B07022F037B80F4B70B505461868F6F79E
:10DA300079F81AF0D1F995F8786095F87940A41B37
:10DA40004443642394FBF3F43444E4B20120A04043
:10DA5000002804DD12F0A4FEAB6E584370BD002018
:10DA6000FAE700BFF023002070B50D4E336805467D
:10DA7000A3B10C48FAF760FD044678B1282303737C
:10DA80004FF4C8712B46084A0D3022F0B3FB3068C2
:10DA9000036821465B68BDE87040184770BD00BF51
:10DAA000B8120020F8120020FA6003082DE9F04FA8
:10DAB000704C027CAFB00546884623780BB19A4281
:10DAC00024D12A7868786369002A3ED0A17C1F6837
:10DAD00000220023FE5CFF2E1FD19A4218D30121A1
:10DAE00014F059FF06463878A769B8F1000F16D12F
:10DAF000614A00973346A02106A822F07BFB06A8C6
:10DB0000FFF7B2FF00202FB0BDE8F08F1C34D4E740
:10DB1000BB5C834216D00132DBE70133DAE7012137
:10DB200014F039FF3346A021CDE90070534A06A80E
:10DB300022F060FB06A8FFF797FF63691B6818785F
:10DB40006870A17CFFF760FE02E06888FFF7DCFDEB
:10DB500063699968D3F804900646084619F0E4FE14
:10DB6000494619F0E1FE4649074630461AF098F852
:10DB70000146384619F0D8FE61680746A06819F0DA
:10DB8000D1FE3946824619F097FD002840F0828088
:10DB90005146484619F0C8FE39461AF081F81EF081
:10DBA0004DFA1AF08FF9374B8146187814F02AFF96
:10DBB00029788346687814F0EEFE41F20557024654
:10DBC000594611F8013B002B40F00181114641F20A
:10DBD000055611F8013B002B40F0FD80D5F820A040
:10DBE00005920021504619F05DFD002800F00B81E0
:10DBF000B6FBF9F309FB13666B8B059A002B00F05B
:10DC0000F1806169497C002900F0E980994214BFE4
:10DC100000210121DFF870A005938AF80010584612
:10DC2000114619F08BFD059BDFF860B0003818BF76
:10DC300001204B458BF800001AD9CDF80490A26959
:10DC40000092A021124A06A822F0D4FA06A8FFF7F3
:10DC50000BFFB8F1000F3FF455AF9BF80030002BDD
:10DC600000F0C280B7FBF9F309FB137701376F832C
:10DC7000012048E7183D0308785B0308555B03085B
:10DC800000007A449426002024020020404F002007
:10DC9000B55B0308304619F0AFF9CDE902015F49E1
:10DCA000504619F049FF19F0A7F9CDE900015C4A87
:10DCB000A369A02106A822F09DFA06A8FFF7D4FECA
:10DCC000B8F1000F3FF41EAFD4F81490A17CD9F83E
:10DCD00000301878FFF798FD5249064619F00AFD02
:10DCE00028B15149304619F0E7FC002860D14F496E
:10DCF000304619F0FFFC28B14D49304619F0DCFCE4
:10DD0000002857D14B49304619F0F4FC28B14A4954
:10DD1000304619F0D1FC00284ED14849304619F060
:10DD2000E9FC28B14649304619F0C6FC002845D127
:10DD30004449304619F0DEFC28B14349304619F019
:10DD4000BBFC00283DD14149304619F0D3FC28B135
:10DD50003F49304619F0B0FC002835D14FF07C51D6
:10DD6000304619F0E1FD1AF0ADF880B26880FFF797
:10DD7000CBFCD9F8046061688246A06819F0D2FD36
:10DD8000314619F0D1FDD9F808100746084619F0B8
:10DD9000CBFD314619F0C8FD20490646504619F022
:10DDA0007FFF0146304619F0BFFD01463846F4E6D4
:10DDB0001F20DBE73E20D9E7C820D7E74FF4C87023
:10DDC000D4E74FF44870D1E74FF4C860CEE707EBD3
:10DDD00047171F44F5E606EB46161E44F9E6591EA2
:10DDE000B14214E7012115E72B7853B163695A7CDE
:10DDF00001231AB16A838AF8003039E701366E834D
:10DE0000F9E70123F7E7504619F0F6F8114ACDE992
:10DE10000001A02106A822F0EDF929E700007A44CC
:10DE2000915B030885EBF9417B14FA41C3F5794214
:10DE30003D0A7A42B81E4B4348214B43B81ECB43A0
:10DE40004821CB435C1F4B44A4204B44AE1FCB4422
:10DE50005220CB44E15B03080EF023B838B5074DE0
:10DE60000446286803689B6C98472868214601226D
:10DE7000BDE8384000F5CA70F5F7C4BE542F002045
:10DE80000120EBE70220E9E713B50023009300F53A
:10DE9000E470012316F0A5FA044618B101460448BF
:10DEA000FFF79FFD201E18BF012002B010BD00BF6C
:10DEB0007C2600202DE9F04F85B0002700F5E476A0
:10DEC000044600973B46304616F08BFA0546A0B351
:10DED0001B4BD0F81C01D3F8009094F8798094F88B
:10DEE00078B0D4F868A019F077FFA8EB0B0300F125
:10DEF00014025A431E2392FBF3F25A44D2B20AFB95
:10DF000008F80AFA02F209EB48094A44C5F8582110
:10DF100029460DF10F0230468DF80F70FAF76AFDB1
:10DF200018B908482946FFF75CFD9DF80F3023B16A
:10DF3000B4F840320133A4F8403205B0BDE8F08FA8
:10DF4000100400207C26002007B5DBB2009300F50A
:10DF5000E470012316F045FA014618B10348FFF7B3
:10DF600040FD012003B05DF804FB00BF7C260020CB
:10DF70002DE9F041D0E973580E461746A84501D166
:10DF800000240AE055F8044B2046FAF783FE864247
:10DF9000F4D1D4F814319F42F0D1201E18BF0120D3
:10DFA000BDE8F0812DE9FF47D0E973329342814605
:10DFB0005ED01D68002D5BD0D5F8583100F5CA74CD
:10DFC000002B41D0D5F82431002B3AD0D5F81C11C4
:10DFD00016F059F8284B99F879801F68D5F8583110
:10DFE00099F878A0D9F868900344384483420290A5
:10DFF000D5F81C01019334BF02AE01AE19F0ECFE5E
:10E00000A8EB0A0200F1140353431E2293FBF2F320
:10E010005344DBB209FA03F309FB08F8326803EB57
:10E02000480307EB4303934238BF03AE03933168C1
:10E03000C5F85811C91B204604B0BDE8F04714F0DC
:10E04000B3B8FFF7F0FCC5E7D5F81C6100213046F6
:10E0500019F028FB38B1D5F8243123B94846FFF729
:10E06000E2FC0146E7E73146484616F00CF8F8E7CF
:10E0700004B0BDE8F08700BF1004002037B51D4A8A
:10E0800092F8B83104460D462BB190F8583013B9C8
:10E0900092F8C02132B918482946FFF7A2FC222085
:10E0A00003B030BD4A68012A21D00DF1070200F506
:10E0B000E4708DF80730FAF79DFC9DF8073050B1F9
:10E0C00023B1B4F840320133A4F840322046FFF7C0
:10E0D00069FF0020E4E723B1B4F840320133A4F82B
:10E0E000403205482946FFF77CFC2020D8E7232052
:10E0F000D6E700BF180400207C26002037B5104664
:10E1000014460D46FAF7C6FD0023CDE9003301465B
:10E11000237AD4F81421284614F055F8204603B089
:10E12000BDE8304014F0E4B8F7F770BC10B5044B0C
:10E13000044640F8043BF4F799FA204610BD00BFAE
:10E140007420030810B50446FFF7F0FF204621F0C5
:10E15000A9FC204610BD11B10B2014F087BA0C2089
:10E16000FBE7F8B545680646144679B95CB12B68FB
:10E1700028465B699847013004F1FF34F6D1B4FAC0
:10E1800084F04009F8BD4FF0FF34F8E792B228461A
:10E1900008F0A8FD2B6807461B692846984700B978
:10E1A000B060E31B58425841ECE738B590F8343082
:10E1B000044673B1856A0020FAF72EF93C3885428F
:10E1C00003D22046BDE8384010E40020FAF724F9D5
:10E1D000A06238BDF8B50F4604461546FFF7E5FFC7
:10E1E00097F84E61002E4ED03A68E36A9A4240F0AA
:10E1F000B18094F83430002B00F0AC80012B44D176
:10E20000D5E90002D4E908139A4208BF884240F0D9
:10E21000A1806B8D202B40F09D802B89002B40F03E
:10E22000998005F12C0304F155024C3553F8041B79
:10E2300042F8041BAB42F9D14748FAF77DF91E2397
:10E240000546037345490D3021F02CFB0C23A5F83E
:10E250009E31D4E90823C5E96823414BE16A186877
:10E2600003681B689847282200F10C0105F5D4705B
:10E2700022F0D3F83B4B1868036829465B6898473F
:10E28000022384F834303046F8BD052B62D12A8948
:10E29000202A5FD1D5E90071D4E90803994208BF6B
:10E2A000874257D105F10A0104F1350020F039FE0B
:10E2B000014600284ED104F175072822384620F087
:10E2C0005AFE2949384621F0EDFA04F1340204F1EE
:10E2D000380112F8013F9B0830338A4282F84F30F0
:10E2E000F7D1202384F8883004F1390204F13D018C
:10E2F00012F8013F9B083033914282F84F30F7D13A
:10E300001548FAF719F91E230546037317493A46CB
:10E310000D3022F017F80D23A5F89E31D4E908231B
:10E32000C5E968230E4BE16A186803681B689847C3
:10E33000282200F10C0105F5D47022F06EF80023BC
:10E3400085F8D031074B1868036829465B68984701
:10E35000042396E7002696E7F8120020095C0308DC
:10E36000A01A0020B8120020345C0308445C0308A3
:10E37000A0F1200019F05CBE37B5184613880E2BAB
:10E3800004D0252B0ED0002003B030BD91F8FA3018
:10E3900033B10F2320F8083B1049E72222F03DF863
:10E3A0000220F1E7137A0BB90120EDE702F108042E
:10E3B00021460A4819F0C2F9E722054621460748D6
:10E3C00022F02BF8002DEFD001230093044A034BD9
:10E3D0000448E92117F0FFFAE6E700BF5C2E0020B1
:10E3E000282C03087B56030838B590F82C300446D7
:10E3F000154673B9074B1868FAF7CCFB4DB194F882
:10E400002C3033B9044B054A1B6803F5DA53183333
:10E41000136038BDB812002010040020582F0020CF
:10E4200010B5034B0360044616F00BF8204610BDF0
:10E43000C428030810B50446FFF7F2FF204621F078
:10E4400031FB204610BD0EB417B51048FAF774F82A
:10E450000446A8B11E23037300210220F9F7F0FF40
:10E4600006ABA0604FF4C871059A019304F10D004A
:10E4700020F01AFD064B1868036821465B68984730
:10E4800003B0BDE8104003B0704700BFF812002091
:10E49000B81200202DE9F047B54D95F8CE32B2B054
:10E4A00006461746002B00F00481B5F8AC32202B4D
:10E4B00040F0FF80536C23B1AE4A5268934240F063
:10E4C000F880A822394608A821F0F4F9102200218A
:10E4D0000DF1AE0020F04FFDA74BDFF8A0820393B3
:10E4E00000244FF48C73A649CDF8108008AA03A825
:10E4F000CDE90534ADF8AC4007940EF06DFA08F1A3
:10E50000FF38002800F0D580DDF81890B9F1000F31
:10E5100000F0CF804022362108F2191020F02BFDA8
:10E5200040225C2108F2591020F025FD08F2591212
:10E53000DFF850E208F21911944608781EF8013FFE
:10E54000584001F8010B107801344340202C02F8A8
:10E55000013BF2D18C4BB9F5807F03F1800128BFDC
:10E560004FF480790C4653F8042B41F8042B634593
:10E57000F9D18249DFF814A24A4601F5EC7021F086
:10E5800099F9DAF800008249036809F140021B6A30
:10E590009847804B03F5C07253F8041B42F8041BE4
:10E5A000A342F9D17A4B03F5C07203F1200153F86D
:10E5B000040B42F8040B8B42F9D1DAF800007649DB
:10E5C000036860221B6A9847734B03F1600203F1F2
:10E5D000200153F8040B42F8040B8B42F9D1B7F831
:10E5E0008C20102A65D16D4807F18E0120F099FC2E
:10E5F00000285ED1D7F88830002B5AD0DFF874910C
:10E60000D9F81026934254D9D5F8D032002B54D0E3
:10E610004FF47A725343D8F85C1321B1604A126800
:10E62000521A9A4245D397F84C30002B41D095F8B6
:10E63000CE32012B44D1D6F854A0BAF1000F38D114
:10E6400007F150050FCD06F158040FC40FCD0FC4CC
:10E650000FCD0FC495E8030084E80300D7F8883095
:10E66000736586F84DA00420C9F8103617F082FAB9
:10E670004B4B4C481B68C8F85C33F9F75DFF044608
:10E68000B8B11E23037351460220F9F7D9FEA060EA
:10E69000D7F8883000934FF4C8713B46424A04F1E2
:10E6A0000D0021F0A7FD414B1868036821465B6807
:10E6B0009847002032B0BDE8F0874EF66023AAE705
:10E6C00096F84D3073B1002486F84D40382221462B
:10E6D00006F1580020F04FFC336A74659B6906F11F
:10E6E00020009847BB6CDFF8B8A007F150047BB35B
:10E6F0000FCC06F158050FC50FCC0FC50FCC0FC5B9
:10E7000094E8030085E803000122D7F88830736598
:10E7100086F84D200420C9F8103617F02BFADAF8E5
:10E720000030B96CC8F85C334FF47A73A1FB031363
:10E73000002BDAF8003018BF4FF0FF310B4433657F
:10E7400006F12000F5F7BEFA012386F83430B0E771
:10E75000D7F88830C9F81036042017F00BFADAF829
:10E760000030C8F85C33204617F012FAA1E700BF6A
:10E7700018040020A41A00202DB50108414F0020E4
:10E78000C4260308C5060020595000205821002047
:10E79000D9500020995000201952002079520020B1
:10E7A00010040020F81200207F5C0308B81200203B
:10E7B000F7B58C68054616460F1D01235CB9019715
:10E7C000CBB1CB68BB4213D100233C462846C5E9F8
:10E7D000003403B0F0BD238A3788D4E902029F4297
:10E7E00038BF012327462ABF002304461446E5E725
:10E7F00001A8F5F777FA019B3288198A9142E3D391
:10E80000E4E7F7B58C68054616460F1D01235CB991
:10E810000197CBB1CB68BB4213D100233C462846BD
:10E82000C5E9003403B0F0BD238A3788D4E9020279
:10E830009F4238BF012327462ABF002304461446BF
:10E84000E5E701A8F5F74EFA019B3288198A914253
:10E85000E3D3E4E72DE9FF4700F1040883680646A7
:10E860000D46444613BBA04503D02A88238A9A420A
:10E8700058D21C2021F00EF90023B5F80090A0F822
:10E880001090A04507464361037600F1100A17D1A6
:10E8900073691BB13269138A4B4523D35246314603
:10E8A00002A8FFF7AEFFDDE9024242E01F8A288896
:10E8B000D3E9021287422ABF1C4613460B46D1E712
:10E8C000238A4B4511D9F2680194944234D001A8AF
:10E8D000F5F708FA03681B8A4B45DFD2019AD36823
:10E8E000002B30D190450FD126E027D23269019418
:10E8F0009442F7D001A8F5F757FA03681B8A4B45F5
:10E90000CCD9E3689BB92246388A138A98422CBF37
:10E9100000200120434639461BF0AFFB73690133E9
:10E9200073613C4604F1140004B0BDE8F087019C1B
:10E9300022461AB1002CD5D00120EBE7384621F051
:10E94000B1F82746EDE72246F6E738B50C4605460E
:10E9500015F0D0FE291D84601BF0CDFAEB68013361
:10E96000EB6015F0C7FE214685601BF0C4FAA36872
:10E970000133A36038BD2DE9F047D0E90487436A2D
:10E98000D0E902A904463D1D1E1DAE4205D8C4E9CA
:10E9900006A9C4E90887BDE8F08755F8040B21F003
:10E9A00081F8F2E738B504460068844200D138BDEA
:10E9B000056821F077F82846F7E770B585680446C2
:10E9C00045B9626820689200294620F0D4FAC4E96B
:10E9D000025570BD2E68284621F064F83546EFE7F1
:10E9E0002DE9FF47B1F8008047680368B8FBF7F6E8
:10E9F00007FB1686044653F82630ABB11A68918897
:10EA000041450BD0116879B113468A88B2FBF7F003
:10EA100007FB1022964207D10A46F0E7186818B1A2
:10EA2000083004B0BDE8F0870C2021F033F84FF037
:10EA3000000A0123C0F800A0A0F80480C0F808A0D4
:10EA40000093E36805463A4604F1100102A81BF062
:10EA500075FD9DF80830C3B1039F012F04F118091B
:10EA600023D1C4F818A04E46A4460020A3684CF851
:10EA7000080F1BBB2068814501D021F013F8C4E9C1
:10EA80000067B8FBF7F607FB1686236853F82620C5
:10EA9000B00082B312682A6053F826301D60E36824
:10EAA0000133E36005F10800BBE7384615F00EFDC1
:10EAB000BA005146064620F05EFAD5E79A88B2FBC6
:10EAC000F7F107FB1122D3F800E056F8221059B9EC
:10EAD000A1681960A36046F822C0196809B146F818
:10EAE000203010467346C4E70968196056F82220A2
:10EAF00013600246F5E7A2682A60A5603AB19288E1
:10EB00006168B2FBF1F601FB162243F8225004F1D2
:10EB100008021A50C3E7F0B585B001ADCDE9015543
:10EB20000E4600230168039304468C42019803D1EA
:10EB3000A84215D105B0F0BD8A6833680F689A42C3
:10EB40000CD181420AD0874208D03A461BF0C5F961
:10EB5000039B01330393A368013BA3603946E4E7B9
:10EB6000046820F09FFF2046E2E7F0B585B00D462F
:10EB70000446019001A92846FFF7CDFF01ABCDE97E
:10EB8000013361680023271D03938F4204D101A83C
:10EB9000FFF708FF05B0F0BD8B680E68AB420DD1E2
:10EBA000019881420AD0864208D032461BF095F97E
:10EBB000039B01330393E368013BE3603146E4E7E1
:10EBC000064B93F8B811064B1A7812B9054A136030
:10EBD00070478A42FAD01C33F6E700BF18040020C1
:10EBE000183D03085C0B002030B504460FCC91B0F3
:10EBF0006D460FC50FCC0FC50FCC0FC594E80F00A5
:10EC000085E80F0000216846FEF750FF11B030BDC7
:10EC10000121FEF74BBF70B590F86050044601200B
:10EC2000A84018F031FFE16D19F03AF81E4B1B684F
:10EC30009B7C06468BB194F86400032303EB4503E9
:10EC400000EB531018F024FF314618F075FF1749F8
:10EC500018F06AFE19F036F970BD94F8630018F0E8
:10EC6000B9F9134B002218F069F8124B0022044640
:10EC70000D4618F0A9FC08B90E4D0024304618F0D6
:10EC8000BBF922462B4618F00FFA05A3D3E900235F
:10EC900018F054F818F0A2FCDEE700BFAFF30080D4
:10ECA0000000006066661E405C0B00203333F340BA
:10ECB0000000E03F000002402DE9F04F7E4D7F4E06
:10ECC00095F8B82187B00446337813B19A4240F0E2
:10ECD00090807B4B7B481E6095F8A831002B00F09C
:10ECE0008C80FFF781FF20B973691B681B7885F85A
:10ECF000A9310DF117030093B17C95F8A90104F136
:10ED0000600304F15C02FEF72BFD95F8B0219DF83D
:10ED10001710531F032B03D88A420B4601D36AD81E
:10ED20000B4684F8613095F9C13184F88831327C22
:10ED30002BB1934205DD644B93F896300BB984F800
:10ED4000882194F98831002B08BF112384F8883179
:10ED500085F8C131B368D6F81480039395F8A811EB
:10ED6000736895F8A901029313F015FED8F804B062
:10ED7000D8F80870D4F85CA041F2055910F8012BBE
:10ED8000002A4CD1D5F8C8610021304618F08AFC21
:10ED90004E4A002848D110704FF0FF382368414692
:10EDA0005B6C20469847D5F8B411304618F0BCFD8E
:10EDB000236801461B6C204698472046FFF72BFF2F
:10EDC00094F86030A0660120984018F05DFEE16D77
:10EDD00018F066FF0546B4F86C0018F059FE0146BD
:10EDE000284618F0A9FE19F06DF8206707B0BDE8B5
:10EDF000F08F1C3668E7134693E7FFF7F5FE10B96E
:10EE00003048FFF705FFB5F8AA01FEF77DFCD5F8FD
:10EE1000AC31E06584F8603095F8B03181E709EBFA
:10EE2000491302EB0309A9E73946384618F07CFD7F
:10EE3000594618F079FD26490646504618F030FF2D
:10EE40000146304618F070FD204A1278064672B32B
:10EE500098F8112042BB0299039818F063FD5946B7
:10EE600018F062FD314618F01BFF1DF0E7F819F0AD
:10EE700029F8B9FBF0F202FB10981649504618F039
:10EE80000FFF029918F050FD394618F04DFD074666
:10EE9000404618F0F9FD314618F04EFE014638465E
:10EEA00018F042FD064679E702F1FF38E5E7B5F8CC
:10EEB000C28108F1FF38E0E718040020183D03087C
:10EEC0005C0B0020C0050020A41A002024020020B2
:10EED00000007A440000FA4408B5FFF7EDFE012077
:10EEE00008BD0C4B196810B501F598710446043043
:10EEF000F8F7A5FE04F120000749F8F7A0FE07493E
:10EF000004F13C00F8F79BFE2046FFF7D5FE0120F8
:10EF100010BD00BFB8120020A0520020CC0F00206E
:10EF200030B587B00446FFF7DCFF1A4A1A4BC4F825
:10EF3000503202F16001D4F89C020EF07FF82046B6
:10EF400011F027FF236820469B6B98470023059309
:10EF5000D4F850320493B4F86C30039394F98831A8
:10EF6000029394F8D931019394F8613000930146EB
:10EF700094F86030E26D04F515700FF0EBFF054674
:10EF800018B9236820465B6D9847B5FA85F04009AB
:10EF900007B030BD0C4003089A99D93F10B5054B16
:10EFA000036084330446C0F89431F7F775FA2046BD
:10EFB00010BD00BFC42E0308A0F5CA70EEE710B55F
:10EFC0000446FFF7EBFF204620F06CFD204610BD05
:10EFD000A0F5CA70F3E738B5D0F8284223691F2B93
:10EFE000054607D1012205F5CA701146BDE8384033
:10EFF000F4F708BE23682046D3F884309847236985
:10F000001842EFD138BD036810B5DB68002198477E
:10F01000044620B14FF4B07200211FF0ACFF20462F
:10F0200010BD704710B5034B03600446F7F7B9FBFA
:10F03000204610BD9425030810B50446FFF7F2FFE3
:10F04000204620F02FFD204610BD10B5124C94F83C
:10F050006C336BB9012384F86C331FF03BFD6FF008
:10F06000004390FBF3F3C3EBC373C01AC4F87003FF
:10F07000D4F870330133C3F30903C4F870331FF0BD
:10F0800029FD6FF0004390FBF3F30344D4F87003C1
:10F0900040EA832010BD00BF404F002008B5036840
:10F0A00000211B689847024B01221A7008BD00BF5F
:10F0B000600B0020896E10B5044621B90180817073
:10F0C0004160204610BD0B689B699847F9E7F8B589
:10F0D0000446806E0E46174610B900252846F8BD36
:10F0E0000368DB69984705460028F6D0636B002B60
:10F0F000F4D0236B002BF1D03A46314604F13000B6
:10F10000FDF79AF80028E9D0134B5E68002300F160
:10F11000100200F128041F4652F8041F8E421FBF40
:10F1200000EB830C0133CCF81410DBB208BF17607E
:10F13000A242F1D1C3F10602062BD2B203F10503BC
:10F140004FEA82024FF0000188BF002200EB8300EB
:10F150001FF011FFC2E700BFA41A0020806E0368F1
:10F160001B6A184710B50446C9B1942380F8993832
:10F17000C32380F89A380B0A80F89B3880F89C18D3
:10F18000D0F8880603680A1D5B6804F69901984761
:10F19000D4F888060368BDE81040DB68184710BD46
:10F1A00070B5044600F69D0631462046FDF7BEFECA
:10F1B000054601462046FFF7D5FF002DF4D170BD6E
:10F1C000F8B504460D46A2B9264BD0F894281B6822
:10F1D0009B1AB3F5FA6F2CBFFA25052594F89838D9
:10F1E00013B12046FFF7DCFF2046FDF7B7F82846AD
:10F1F000F8BD8E180027D4F8903815F8012BE018C8
:10F20000591CC4F8901880F88C265BB9942A01D058
:10F21000C4F89078B542EED1124B1B68C4F894380C
:10F220000025DBE7012B01D1C32AF0E7022BF1D047
:10F23000B4F88E26032B52BA92B20FD1B2F5007FEA
:10F24000E6DC131D9942E5D30023C4F89038236807
:10F2500004F5D2611B6920469847DBE70029D9D025
:10F26000EFE700BF1004002038B50446D0F8880648
:10F2700003681B69984798B10025D4F8880603688D
:10F280001B69984730B1D4F8880603685B699847D2
:10F2900000281ADA244B1B68C4F89438002509E0CA
:10F2A000214BD4F894281B689B1AB3F5FA6F34BF2E
:10F2B0000525FA2594F8983813B12046FFF770FF1A
:10F2C0002046FDF74BF8284638BDD4F89038E218B0
:10F2D000C0B2591CC4F8901882F88C0623B994283F
:10F2E000CBD0C4F89058C8E7012B01D1C328F7E769
:10F2F000022BC2D0B4F88E26032B52BA92B20FD191
:10F30000B2F5007FEDDC131D9942B6D30023C4F89B
:10F310009038236804F5D2611B6920469847ACE712
:10F320000029AAD0EFE700BF100400202DE9F0412A
:10F33000CEB038490646002206A813F092FF0C9B77
:10F340006BB10024062202A906A80294ADF80C4075
:10F3500007F0C8FC062808D006A807F022FC002306
:10F3600086F830304EB0BDE8F081029A2A4B9A42BE
:10F37000F2D19DF80C30013B012BEDD89DF80D30FA
:10F38000102BE9D8274622E09DF80C300497012B7A
:10F3900023D1062204A906A8ADF8147007F0A2FC38
:10F3A000062813D1DDF8125085B1BDF81030ADF844
:10F3B00006300DF106013046FFF74CFA174B056099
:10F3C000013D9D428CBF00250125057101349DF84A
:10F3D0000D20E3B29A42D7D8BEE7072204A906A8B7
:10F3E000CDF8137007F07EFC0728EFD1DDF812503E
:10F3F000002DEBD0BDF810309DF81680ADF806302A
:10F400000DF106013046FFF725FA056080F804800B
:10F41000DCE700BFD25C0308545348547F33E1015A
:10F42000F8B500F11C04026A0346204632B9844252
:10F430000DD0028A8A420AD84069F8BD178AD2E9FB
:10F4400002658F422ABF10462A463246EEE7986888
:10F4500004331A4640B9934204D0138A8B4201D830
:10F46000546954B90020E8E7068AD0E902548E4274
:10F470002ABF024620462846ECE7137EDB0717D555
:10F48000164B1B78002BEDD1F8F7C6FF844209D844
:10F49000031B782BE6D8124A10684FF47A7202FBED
:10F4A0001300CAE7241A782CDCD80D4B1868C4E77F
:10F4B000F8F7B2FF0128D5D98442D3D8094B001BF5
:10F4C0009842CFD84FF47A7303FB00F2B2FBF3F308
:10F4D0009842C7D1024B1868801AAEE75026002028
:10F4E000100400208051010070B590F83030CEB08B
:10F4F0000446002B30D0254814F080FD244813F03A
:10F50000A5F810B1224813F0DDF806A82049012221
:10F5100013F0A7FE0C9800B31E4B029302238DF844
:10F520000C306369102B28BF1023062202A906A8FD
:10F530008DF80D3007F043FDE3680193261D11257A
:10F54000019B9E420BD106A807F023FB06A807F0FB
:10F5500028FB002384F8303001204EB070BD013DFF
:10F5600015F0FF05EFD01A8AADF810205A69CDF8D2
:10F5700012201B7E8DF81630072204A906A807F07A
:10F580001EFD01A8F4F710FCDAE700BFEE5C0308EB
:10F59000D25C0308545348542DE9F04FDFF84C91E6
:10F5A000026AD9F8003089B000F11C080646ADF8AF
:10F5B0000E1001931FFA81FA444612BBA04502D0F7
:10F5C000228A52455AD906F118031820029320F0D6
:10F5D00061FA0022A0450746A0F810A0426100F1A0
:10F5E000100B17D1F16A19B1B56A298A514523D395
:10F5F0005A4606F1180106A8FFF7DAF8DDE90645D4
:10F6000067E0158AD2E9021055452ABF1446024622
:10F610000A46D2E7218A8A4511D2756A0594AC421E
:10F620005AD005A8F4F75EFB0168098A5145DFD27C
:10F63000059DEB68002B56D1A84510D14CE04DD963
:10F64000B56A0594AC42F7D005A8F4F7ADFB0168A4
:10F65000098A5145CCD9E368002B38D12546388A30
:10F660002B8A98422CBF0020012043462A46394667
:10F670001AF003FDF36A0133F3623C46019B6361B8
:10F680000020F8F7C9FE012805461DD9184B0DF1D9
:10F690000E011C783046FFF7DDF8B4FA84F4726B83
:10F6A000056064090123047186F830302AB1D9F865
:10F6B00000309B1A0F4A934206D93046FFF714FFD9
:10F6C00010B1D9F80030736309B0BDE8F08F059C24
:10F6D00025461DB1002CAFD00120C6E7384620F0EA
:10F6E000E1F92746C9E72546F6E700BF10040020E8
:10F6F00050260020DF930400F0B50C4605464FF479
:10F700009272B3B000211FF036FCA36FC5F8E83049
:10F71000E36FD4F8B820C5F8EC30B4F8AC30A5F8F5
:10F720001C31B4F8B030A5F8203102F0010385F89F
:10F73000223194F8AE3026682E60C2F3400285F87C
:10F74000232133B1012385F81E3194F8AF3085F8B9
:10F750001F3194F86030E3B1636E012285F87020A8
:10F760000BB185F87420AB67A36E13B1012285F845
:10F770007C20C5F88030E36E13B1012285F8842027
:10F78000C5F8883094F8743085F89030236FC5F848
:10F790008C302379002B3BD001235A22A11D6846CF
:10F7A0002B7120F087F824496A2217A820F082F8EC
:10F7B0003346224A102117A820F01CFD28220DF103
:10F7C00006011BA820F029FE05220DF12E0125A817
:10F7D00020F023FE0EAF0098BDF80430CDF899005C
:10F7E000ADF89D300FCF29AE0FC697E80F0086E821
:10F7F0000F000D9B9DF833C028936A22BDF8583046
:10F800008DF89FC017A9A81DADF8C43020F052F89C
:10F8100094F880306BB10123843485F8F0300FCC3C
:10F8200005F1F4060FC60FCC0FC694E8030086E876
:10F830000300284633B0F0BD804003089B52030804
:10F8400084B038B5044605A880E80E00282209A92E
:10F85000A01D20F0E2FD052213A904F12E0020F0E6
:10F86000DCFDDDF8513023609DF85710BDF85530B0
:10F87000A38004F1380217AB1FA853F8045B42F8C9
:10F88000045B8342F9D1BDF85A30BDF85820E386B5
:10F8900084F83310BDF87C30A2862046A4F8583096
:10F8A000BDE8384004B070472DE9F04701F00F077C
:10F8B000DFF8689021F00F0106461546441802F162
:10F8C0000F08A64214D13FB36B1E274414F8011B46
:10F8D00013F8012FBC4282EA01021A70F6D10F4BD5
:10F8E000186803682A4629469B6ABDE8F04718470E
:10F8F0006B1E711E13F8012F11F8010F434582EAA8
:10F9000000021A70F6D1D9F8000003682A469B6AF3
:10F91000294610369847D4E7BDE8F08758210020E3
:10F9200010B50C461146084A86B0CDE901200020EA
:10F93000CDE904001A4601A803940DF04DF800B17A
:10F94000049806B010BD00BF2DB501084B89052BEA
:10F9500070B50446154608D18989183123682A46AE
:10F9600020465B6BBDE87040184701F10C03044A68
:10F9700004484FF48071FFF7D3FF00F11801EDE761
:10F9800010160308F0220020F0B590F8623087B01E
:10F990000446B3B1002380F86230D0F8280203682F
:10F9A0005D6E94F860308DF80C30E36D049394F83C
:10F9B00061308DF814300323009306AB13E90E0079
:10F9C000A847E66F0022E267002E3ED0314620466F
:10F9D000FFF7BCFF1E4B1F491B68D3F844210244AC
:10F9E000C3F844210A6802440A603C21D3F83C2150
:10F9F000B2FBF1F5B5FBF1F701FB175503EB8505FC
:10FA0000A96C0144A9640A21B2FBF1F20621B2FB00
:10FA1000F1F501FB152203EB82031A6B02441A6312
:10FA2000D4F838320133C4F838323046F9F7FEF9E9
:10FA300020B9D4F83C320133C4F83C320648314690
:10FA400007B0BDE8F040FDF7CCBF07B0F0BD00BF88
:10FA5000F0230020F80600207C260020A0F5CA70C4
:10FA600018F008BB38B590F8583004460D461BB95D
:10FA7000314B93F8C0312BB930482946FDF7B1FF1F
:10FA8000002038BD0368DB6E98472B68C4F88C30C3
:10FA90006B68C4F88830D5F81431C4F890302B7AEC
:10FAA00084F89630D5F85031C4F89830D5F85431F0
:10FAB000C4F89C3095F8203195F82121402B84BF63
:10FAC000402385F8203195F8203103F07F0343EA85
:10FAD000C21395F8292143EA022395F82A2143EA23
:10FAE0004223A4F89430AA8905F10E0104F1A00084
:10FAF0001FF0E0FED4F82802E567AA8903681832EF
:10FB00005D6A04F188010023A847054650B12046EC
:10FB1000FFF73AFF236820465B6D9847B5FA85F0FA
:10FB20004009AEE723680649DB6C20469847054B41
:10FB30001B68C4F88030F1E7180400207C26002000
:10FB400085DE00081004002091F8213170B50546CB
:10FB50000C4663B14868F9F776FA40B92146144873
:10FB600012F0DBFB052201462846F9F73BFAD5F8EF
:10FB70008C604EB96068F9F766FA214698B128465C
:10FB8000BDE87040F9F767BAB268D4F814319A4208
:10FB900007D0A86E00222146FFF7D8FE3369034440
:10FBA00033613668E5E72846BDE87040F9F7A4BA46
:10FBB0007C2600202DE9F043264B0A685B689A42B8
:10FBC00085B005460C4627D10846F9F763F8D4F806
:10FBD00014910DF10808CDE902090646414605F1E8
:10FBE0008400F9F738F80746B0B194F85C31012B7E
:10FBF00012D12046F9F74EF8FB68014600201B7A27
:10FC00004A46CDE9000012F0DEFACDE90269284645
:10FC100098E80600F9F73CF9D5F88C6056B96068A9
:10FC2000F9F711FA214678B1284605B0BDE8F0434E
:10FC3000F9F768B8A86E01222146FFF787FE3369FD
:10FC4000034433613668E9E7284605B0BDE8F04370
:10FC5000F9F784BBA41A002000F5906310B54FF4A7
:10FC600000720446002118461FF085F90822A4F806
:10FC70008424012284F8882403464FF4FF7104F69B
:10FC80009D00044AFFF74CFE01462046BDE81040A7
:10FC9000FFF768BAC80803081FB50C461146064AA4
:10FCA0000294CDE900200022039268461A460CF027
:10FCB00010FC04B010BD00BF654501082DE9F04FF0
:10FCC0008A4B1B7C032BD3B0044604D06389042BDE
:10FCD00014D100200FE0864D2168286803681B6856
:10FCE000984738B12868216803681B6898470379EA
:10FCF000002BEBD1012053B0BDE8F08FA689B6F5FB
:10FD0000807F00F2F080277A002F4BD0DFF8E4816B
:10FD1000DFF8E491DFF8E4A1002598F80030EFB2B5
:10FD2000BB42E7D909EB4703B3F90220237A9A4291
:10FD300040F0D780384612F0F5FB324604F10E0150
:10FD40006E481FF0B7FD6E4B18680368CDE9006A76
:10FD5000D3F834B0D4F8142121680023D8474FF4E5
:10FD60008472002110A81FF006F9664A634810ABA0
:10FD70003146FFF791FF002800F0B380BDF8403016
:10FD8000002B00F0AE80604A92F89610002940F0F7
:10FD90008C8061685268914240F08780012B40F06E
:10FDA0008480A7E7584B60685B689842AED1002812
:10FDB000ACD0F9F748F90028A8D1DFF834812168E0
:10FDC000D8F8000003681B68984700289ED0D8F830
:10FDD0000000216803681B689847838F002B95D02B
:10FDE000D8F80000616803681B689847838F002B70
:10FDF0008CD00C2E8AD9424BD8F80000D3F800A042
:10FE0000DAF8003025469B6955F80EBB0F9303685E
:10FE100059461B689847394B0A96CDE90B53D4F8DD
:10FE200014314FF00009CDE9083900F1440C864641
:10FE3000BCE80F006D460FC59CE8070003C52A808B
:10FE4000DEE90F230F9D59465046A84700283FF48E
:10FE50005DAF4FF48472494610A81FF08CF8294A10
:10FE6000264810ABA6F10C01FFF716FF00283FF45F
:10FE700041AFBDF84030002B3FF43CAFD8F8000054
:10FE80002168012384F84E3103681B68984704F504
:10FE9000977200F13E035E3053F8041B42F8041BD6
:10FEA0008342F9D12023A4F82C314FF4847210A995
:10FEB00004F10C001FF0FEFC0423638194F8103160
:10FEC0002772002B3FF405AF94F8113194F8FA2013
:10FED00003F00203134314BF0123002384F8FA3014
:10FEE000F7E6013519E7022005E700BF18040020F6
:10FEF000A01A0020502B002094260020B852002089
:10FF00005821002010160308A41A002030B54B8990
:10FF1000042BE9B005460C4619D18A89838A9A4296
:10FF200015D14FF4D072002168461FF024F8AA6959
:10FF3000E1896B4604F11000FFF7AEFE48B16A4656
:10FF40002B6821469B6A2846984769B030BD00223D
:10FF5000F6E70120F9E730B50D46E9B004464FF465
:10FF6000D072002168461FF006F8A269E9896B4645
:10FF700005F11000FFF790FE28B123686A46DB6A9E
:10FF800029462046984769B030BD10B44C89042CEE
:10FF900005D18C89838A9C4201D110BCDBE710BC5F
:10FFA000704730B54B89042B95B005460C4618D1E7
:10FFB0008A89838A9A4214D15022002168461EF011
:10FFC000DAFFAA69E1896B4604F11000FFF764FECD
:10FFD00048B16A462B6821469B6A2846984715B067
:10FFE00030BD0022F6E70120F9E730B54B89042B3C
:10FFF00095B005460C4616D18A89838A9A4212D159
:020000040801F1
:100000005022002168461EF0B6FFAA69E1896B46BE
:1000100004F11000FFF740FE28B12B686A46DB6A46
:1000200021462846984715B030BD30B54B89042B82
:10003000ABB005460C4618D18A89838A9A4214D1FE
:10004000A822002168461EF096FFAA69E1896B4646
:1000500004F11000FFF720FE48B16A462B682146E4
:100060009B6A284698472BB030BD0022F6E7012056
:10007000F9E730B54B89042BABB005460C4616D1D9
:100080008A89838A9A4212D1A822002168461EF0EA
:1000900072FFAA69E1896B4604F11000FFF7FCFDCD
:1000A00028B12B686A46DB6A2146284698472BB060
:1000B00030BD2DE9F84391F8009004461546B9F19A
:1000C000000F15D04E1C304617F092FB013D8046C4
:1000D0006B1C13D0274617F8013B7BB199450AD119
:1000E000A8450BD84246314638461EF04CFF10B9A1
:1000F0002046BDE8F883013D3C46E9E70024F7E7E8
:100100002DE9F84316460D46814617F071FB06EBC4
:1001100046088044044608F102001FF0BBFC22465A
:100120004946074620F079F9DFF830903C442E44E8
:1001300015F8013B20464A46042120F05BF8B54201
:1001400004F10304F4D107EB080005491FF0AAFBF2
:100150003846BDE8F8431FF0A5BC00BFF55C0308B6
:10016000BC540308F8B5836B04460D4643B1154AE9
:10017000963312684FF47A71B2FBF1F29A4210D9B9
:1001800004F12C0604F134071EF0E2FC06F8010F1E
:10019000B742F9D10B4B4FF47A721B68B3FBF2F301
:1001A000A363D4F82D30C5F89231D4F83130C5F8B6
:1001B00096310822A5F8902105F5C9710248BDE8DD
:1001C000F8409DE710040020FB5C03080EB483B0E8
:1001D00003AB53F8042B019303EB820253F8041B87
:1001E000814205D09A42F9D1002003B003B0704794
:1001F0000120FAE72DE9F74FDFF8D0814B6815466B
:10020000D8F80420934207460C4640F0CC80704A50
:10021000D2F87824002A4ED191F82161002E00F006
:100220009E804B89042B5DD10846F8F7FFFD0646FA
:10023000C8B9A089072301220221FFF7C7FF90B1A7
:100240002046F8F727FD8146204612F02DF80123BD
:10025000D4F814A194F808B0019300905B4652467C
:100260004946304625E0D4F804317BB9D4F808611A
:1002700066B92046F8F70EFD8146204612F014F8C4
:10028000D4F814A194F808B00196E6E74FF0FF31D6
:100290002046F9F751F810B1D4F850315BB120463F
:1002A000F8F7F8FC01460020CDE90000237AD4F8E5
:1002B000142111F088FF6389042B62D17DB12B7961
:1002C000232B0CD1B8F89830202B08D101234148BA
:1002D0000093237A21680068002205F034FBD4F8EB
:1002E000046152E08B68DFF8F09023F47F43B3F5AC
:1002F000A02F21D1394E0968306803681B689847E0
:1003000090B92046F8F7C6FC0646204611F0CCFF0F
:10031000D4F814A199F800900023CDE900035246C7
:100320004B4631462320C4E73068216803681B68C8
:100330009847838F002BE4D02046F8F7ABFC0646A5
:10034000204611F0B1FFD4F814A199F800900023D1
:10035000CDE9000352464B4631460620A9E7D1F8C5
:1003600050219A42A7D191F82031002BA3D0084602
:10037000F8F790FCCDE900660146237AD4F8142101
:100380006FE7D4F80461002DA9D166B12046F8F7D3
:100390004DFD18B194F85C31052B04D061683246EC
:1003A0003846F8F717FE6068F8F74DFE2A462146F2
:1003B00028B1384603B0BDE8F04FF8F779BE3846AB
:1003C00003B0BDE8F04FFBF762BF00BFA41A0020E6
:1003D000404F0020542E002094260020A01A002018
:1003E00013B5044698B14068F8F72DFE68B16389EB
:1003F000042B0CD194F8FA304BB947230093032215
:10040000A08943231146FFF7E1FE02B010BD002092
:10041000FBE72DE9F04FDFF89C92D1F804B0D9F852
:1004200004309B4591B005460C4604D1084611F0B6
:100430005FFF202059E0A04F97F8C431002B5FD117
:100440009E4B9F491B68D3F80CA0504617F034F917
:10045000002855D09B4B1E683046F3F77BFB804647
:100460000146504617F028F9002849D0DFF8589285
:1004700006F59C773B2657F8040D17F005FB494617
:1004800017F00EFC0146404617F04CFA8046014634
:10049000504617F02FF958B3C6F13B06F6B28B4819
:1004A000F8F74AF801230370D4F8143143601E238F
:1004B0000746037300210220F7F7C2FF8449B860A2
:1004C000324607F10D001FF03DFF824B18680368AC
:1004D00039465B6898472046F8F7A8FC60B1224689
:1004E00009212846FDF70AFE092011B0BDE8F08F6A
:1004F000013EC0D23C26D2E7204611F0F9FEF3E7D8
:100500005846F8F7A0FD10B1002384F821312046A9
:10051000F8F78CFCA0B12046FFF762FF80B1D7F856
:10052000D02112F0FF0302D1002A08BF032394F860
:100530002021402B28BF40239A4288BF84F82031D5
:100540002046F8F7A7FB20602046F8F76FFC18B1AB
:1005500094F8203184F82A3163891A1F012A3FF662
:1005600068AF94F82221002A40F0948094F8212169
:10057000002A0CBF40224622042B84F8222140F09E
:100580008C80A389052B73D1782384F82231237AB8
:1005900051480F93214611F0C0FE63890E90042B41
:1005A00040F0EE802046F8F741FC68B1012384F862
:1005B000103197F8E52194F81131134394F8FA209B
:1005C00043EA420384F8113104F10C03434A4448DE
:1005D0004FF48071FFF7A4F900F11803FF2B0646D2
:1005E0003AD8404B6168186894F808A003681B6803
:1005F000984783462046F8F719FC94F84E81002866
:1006000053D099F89630002B4FD1B8F1000F10D18C
:10061000504612F0F7F9344981461FF0B3FE002826
:1006200000F0B280314948461FF0ACFE002800F0CF
:10063000AB80B7F81C32202B37D167683846F8F703
:1006400002FD90BBA389462B2FD0033B022B2CD954
:1006500006F12403FF2B4BD907260E9811F048FE14
:1006600000232372224631462846FDF747FDC3E0AA
:10067000012B01D0062B01D1642386E7D4F8043185
:100680000BB1502381E794F8FA30002B3FF47FAF91
:1006900046237AE7042B3FF47AAFA86E03685B69C0
:1006A000214611B0BDE8F04F1847B8F1000F6BD0EC
:1006B0002226D2E7A41A0020180400205C0B002098
:1006C0000000C842F023002000A00C47F8120020D0
:1006D0000D5D0308B81200207C26002010160308C8
:1006E000B8520020A01A0020465D03084D5D0308A3
:1006F000BBF1000F68D0BBF83C30202B64D1B8F1BF
:10070000000F09D004F22D1304F24D1213F8011F4B
:10071000002977D19342F9D13F4BD3F80090D9F813
:10072000003020465B690F93F8F7B4FA04F10E032A
:100730000C933A4BCDE90A63D4F814314FF000081A
:10074000CDE908380BF1400E8246BEE80F00EC46BA
:10075000ACE80F009EE80F00ACE80700ACF80030F2
:10076000DBF83C30394652460F9F4846B8470123D4
:100770000C3684F8088084F84E310523A681638105
:100780000E9811F0B5FD88E7504611F0CBFE002819
:10079000207233DB204B214FD3F80080D8F8003093
:1007A0002046D3F83090F8F775FACDE90067014696
:1007B000D4F8142140460023C8473246394604F194
:1007C0000E001FF077F8D8E7AE6FCEB90E9BC5E9E3
:1007D0001E37134B1B68C5F880302046267211F077
:1007E00087FD1048009600680F9BE96F012205F015
:1007F000AAF82846FEF752FC304676E606262CE795
:1008000027262AE720220BF13E0104F597701EF0FF
:1008100088FB002880D04BE758210020B8520020E8
:1008200010040020542E00202DE9F04F91B00C460A
:100830000546002102200E92F7F702FE2146C4F879
:100840001801A24811F069FD68672046FFF736FAE3
:1008500002280DD1D4F8142121682846FEF737FC70
:10086000686F11F045FD00236B6711B0BDE8F08F94
:10087000638900284AD1042B48D1A389944E472B81
:1008800014D1944B93F8E62112B193F8E8316BB987
:10089000D4F8142121682846FEF719FC337C052B77
:1008A000DED16389042BDBD1012703E0337C052BE8
:1008B0002CD1002746232322CDE9093241210823E8
:1008C000CDE907310C200B23CDE905300626432363
:1008D000CDE903364FF0050C0423CDE9013C032399
:1008E0000093A089072301220D21FFF76FFC064624
:1008F00050B9D4F8142121682846FEF7E8FB686F48
:1009000011F0F6FC6E67B0E7002FA9D1724E676850
:10091000B4F80A900023C6F87834704B38465B6808
:100920000C93F8F790FB804628B90C9BDB1BD3F1A6
:10093000000848EB0308D6F87C34D3F800A0002761
:10094000D6F87C345B6853457CD0B9F1040F5AF873
:1009500004BBC6F8804402D09BF80A20CAB19BF8B9
:10096000082012B9B8F1000F13D0DBF8002021469F
:10097000D2685846904760B10E9B13B99BF8092086
:100980003AB1B9F1040FDBF80C1006D019B32268A4
:100990000AB30023C6F88034D2E70D91D9B122689A
:1009A000CAB1207A11F078F820B10D992A301FF0E1
:1009B000E9FC80B194F8FA20002AEAD06068F8F7E0
:1009C00042FB0028E5D1224621215846F8F70DFACE
:1009D000C6F87804DDE7DBF80020214612695846A6
:1009E0009047DBF800200D90526921465846904709
:1009F000B9F1040F1AD194F8FA20BAB1374A6168F4
:100A00005268914212D1D6F878247AB9DBF80020E6
:100A10005846926990470F9028B12146F8F7C6F9D9
:100A20000F9AC6F878240FB99BF80B70DBF81010FA
:100A300029B12648FCF7D5FF0023CBF810300D9BD9
:100A4000012BA6D1B9F1040F07D194F8FA3023B1E4
:100A5000224B62685B689A422AD0686F11F048FCAA
:100A6000AB6F00266E67002B3FF4FFAEEB6F216883
:100A700099427FF4FAAE6389042B7FF4F6AEA38922
:100A8000042B7FF4F2AE164B186803681B68984776
:100A900000283FF4EAAE838F202B7FF4E6AEA96FE7
:100AA00001222846C5E91E6611B0BDE8F04F99E065
:100AB000D6F87814C1B10B4800231A460068F8F73D
:100AC000F9FF0023C6F87834C7E700BF7C26002072
:100AD0001804002098280020404F0020A41A00206D
:100AE000A01A0020B812002023680C9A9A42B4D0B1
:100AF000002FB2D10D4BD3F80080D8F8003020463B
:100B0000D3F83090F8F7C6F80646204611F0CCFB33
:100B1000D4F814A194F808B0CDF800B0CDE90107DD
:100B20005346324608214046C84796E7AC26002087
:100B3000F8B5284E284F054605F1380010F078F832
:100B4000044698B9AA6F72B1244B1868D5F8803062
:100B500047F22F51C61A8E4237D9C5E91E442721C4
:100B60002846FDF7CBFA6FF00040F8BD2168B6F8D3
:100B7000D4C11B4A002398B284451CD83868036846
:100B80001B68984710B190F8B130D3B9236801338E
:100B900017D096F8E43113B194F829318BB92B684A
:100BA0002146DB6A2846984758B901222146284643
:100BB000FFF73AFE05E052F8040F814203F101030A
:100BC000D9D1204611F094FBB6E7C0F5EA403030A9
:100BD0001844CAE718040020A01A002010040020BE
:100BE000EC0500202DE9F0411646284A4B68526872
:100BF000934205460C4605D103681B6A98470020BE
:100C0000BDE8F081826E2AB90A460421FDF776FA22
:100C10002120F5E71846F8F716FA20B132462146AA
:100C20002846FFF701FE237A8BB994F84E3173B949
:100C300067683846F8F707FA48B9154B186803682B
:100C400039461B68984710B190F8AC302372022ED9
:100C500014D194F821318BB194F8203173B90D4B34
:100C6000D3F8BC3113F0FF0202BFB3FA83F35B0980
:100C70009A01402A28BF402284F820212B6821466F
:100C800028465B6ABDE8F041184700BFA41A00205F
:100C9000A01A00201804002010B5044611F0A8FA8C
:100CA000A38A838110BD70B50E460546FFF7F4FF99
:100CB000AA6904463346E9211030FEF731FEE0818F
:100CC000204670BDF8B5064628200C461EF0E2FE10
:100CD0002346144A144905461FF034FB3046FFF7FB
:100CE000DBFF0027044680F82171284616F080FDBE
:100CF000294682B2E08104F110001EF0DBFD0B4BAF
:100D00001B68B364384611F041FF034628B9024618
:100D1000074821460068F8F7CDFE2846BDE8F840B0
:100D20001EF0C0BEA12A0020525D0308100400205E
:100D3000B8120020A0F1180017F0ACBA70B50E463A
:100D40000546FFF7A9FFAA6904463346E92110309A
:100D5000FEF7E6FDE081204670BD2DE9F041154625
:100D6000BCB004460E46FDF720FA2B88432B40F01A
:100D70003A813768002F40F036812B7A002B39D129
:100D800094F834301BB101203CB0BDE8F08120461E
:100D9000EF68FDF70AFA94F83460002EF3D11DF0E5
:100DA000D7FE4FEAE0780546C4E908083046F7F771
:100DB00033FB5022C4E90A078C491EA81EF07AFDB5
:100DC0001EA92046CDE91E58FFF7B8FF0125642370
:100DD00080F8223101464760067280F84E5180F853
:100DE000FA5083482B4600683246F8F763FE84F8D1
:100DF0003450C8E7012B40F0D8802B7E002BC2D0A6
:100E000094F83430022BBED1D5E90402D4E908139A
:100E10009A4208BF8842B6D1EB69764EDFF8D88196
:100E200000931EA8754B1E930EF0F8FD3568D8F898
:100E300004301C22394603A8CDE901371EF09BF887
:100E40002B68E16A1B6828469847054620B103795C
:100E500013B1838F202B06D0002384F834301EA8D2
:100E60000FF0D4FB8FE71EA80EF0D8FD04F1200789
:100E7000042269461EA80EF0FEFF394608221EA86D
:100E80000EF0F9FF04220DEB02011EA80EF0F3FF95
:100E9000042204F12C011EA80EF0EDFFB8F89820F2
:100EA00057491EA80EF0E7FFAA8F05F13E011EA8C4
:100EB00004F135050EF0DFFF202229461EA80FF0B1
:100EC0000CF81EA80EF0AAFD394608221EA80EF046
:100ED000D2FF202229461EA80EF0CDFF04F15507AF
:100EE000202202A91EA80EF0F8FF2022394602A8EF
:100EF0001EF017F80028B2D1009B236350223B4913
:100F00000AA81EF0D7FCD4E90823CDE90A23202340
:100F1000ADF830300DF1320355F8042B43F8042BB3
:100F2000BD42F9D10AA92046FFF708FFDFF8C080CB
:100F3000E36A43600127002264230146027280F8BD
:100F40004E7180F8FA7080F82231D8F800003B46E4
:100F5000F8F7B0FD032384F834302A48F7F7ECFAA9
:100F60001E230546037304F1750227490D301FF057
:100F7000E9F90D23A5F89E31D4E90823C5E96823D2
:100F80003068E16A03681B689847282200F10C0169
:100F900005F5D4701FF041FAD8F8000085F8D0713B
:100FA000036829465B68984759E7022B18D1D5E9B1
:100FB0000402D4E908139A4208BF88427FF4E3AEE2
:100FC0000C4BE16A186803681B689847D0F8B83082
:100FD00043F00103C0F8B8302046FCF707FDD2E625
:100FE000032BF9D0CFE60020CEE600BF084103086E
:100FF000B8120020A01A0020A41A0020A420030880
:101000003E1B0020F81200206B5D03082DE9F04123
:101010006B4D6C4BADF5207D04462AA82A930EF04B
:10102000FDFC6B6801932046FDF7BFF894F834701F
:10103000002F40F0C180DFF89081D8F8801491F83B
:101040004E31002B00F0BA80052384F834304FF481
:10105000B07248A81EF02EFCBDF82E115B4A16ABEC
:101060004CA8FEF719FEDDE91623C4E90823CDE9F3
:101070000223489BE3623846F7F7CEF9A062544852
:101080000FF08EFB2646013046F8300F2AA80EF0EE
:10109000C5FC3146042204F120062AA80EF0EBFE1E
:1010A000314608222AA80EF0E6FE042204F12C01A3
:1010B0002AA80EF0E0FE04220DEB02012AA80EF091
:1010C000DAFED8F880142AA8B1F82C2101F597711E
:1010D0000EF0D1FEB5F8982005F19A012AA804F186
:1010E00035050EF0C8FE294620222AA80EF0F5FE8E
:1010F0002AA80EF093FC314608222AA80EF0BBFE67
:10110000294620222AA80EF0B6FE04F155031946FE
:1011100020222AA81D460EF0E0FE2023ADF8323032
:10112000ADF810702B4604F175060DAD18685968BE
:101130002A4603C20833B3421546F7D102A9204616
:10114000FFF7FCFD012380F84E3105462148F7F7F3
:10115000F3F91E230373216B4FF47A730646B1FB38
:10116000F3F20D3003FB12131B491FF0EBF80B23B6
:10117000A6F89E31D4E90823C6E96823174BE16A33
:10118000186803681B689847282200F10C0106F5CF
:10119000D4701FF042F9236BC6F8D031104B186899
:1011A000036831465B6898472AA80FF02FFA284653
:1011B0000DF5207DBDE8F0810025F5E71D46F3E73C
:1011C000A41A0020A4200308404F00204829030847
:1011D0003E420F00F8120020A65D0308A01A00206E
:1011E000B81200200B4B70B51E780025ECB2A64259
:1011F00001D8002070BD204610F04EFC90F83E3023
:1012000033B1036C23B12046BDE8704011F0BEBC81
:101210000135EBE7502B002038B511F0D9FC554CC7
:10122000554D90B32879D4F84011D4F84C31D4F806
:101230004421022875D00B2856D031B1B1F5E16FA9
:1012400038BF4FF4E161C4F8401122B1B2F5E16F4B
:1012500038BF4FF4E162C4F84421D4F8542123B1DB
:10126000B3F5E16F38BF4FF4E163C4F84C31D4F803
:101270005C31002A6ED1C4F854214FF4E16213B1FD
:10128000934238BF1346C4F85C31FFF7ABFFC0B1DF
:101290002A79AB6E022A69D00B2A4AF6C00218BF1F
:1012A0004FF4616213B1934238BF1346AB66D5F871
:1012B000883023B1B3F5967F38BF4FF49673C5F8E5
:1012C00088306B6923B1B3F5616F38BF4FF4616348
:1012D0006B61D4F8EC3123B1B3F5615F38BF4FF4E3
:1012E0006153C4F8EC3138BD4AF6C00091B952BB25
:1012F000D4F8542123B14AF6C0018B4238BF0B46C3
:10130000C4F84C31D4F85C3152BBC4F854214AF6CD
:10131000C002B4E781422CBFC4F84011C4F84001B8
:10132000E5E739B14AF6C00081422CBFC4F840114C
:10133000C4F8400122B14AF6C0018A4238BF0A46C9
:10134000C4F84421D4E782422CBFC4F84421C4F835
:101350004401CDE7B2F5E16F38BF4FF4E1628AE7AF
:101360004AF6C0018A4238BF0A46CEE74AF6C002B2
:1013700098E700BF98280020180400202DE9F047C6
:101380000B88DFF8D892013B99F8048099F8B8A14E
:10139000C8B006460C4617460A2B00F21E81DFE84D
:1013A00013F00B00F7001E016F0178019E014E0241
:1013B00057021C011C01B002D9F80820CB68012596
:1013C0009A4289F800500DD1D9F80C200B699A4245
:1013D00008D10B7A434505D199F810500B7DED1AD1
:1013E00018BF01259E48602204F108011EF062FA30
:1013F00099F81030042B0AD199F80430022B06D149
:101400000023984989F810303046FDF71CF8237AFC
:10141000434500F0BA80023B092B2AD8DFE803F0ED
:101420000529297644699F618C3F10F001FB8E4BA2
:101430000022C3F84421C3F84C21C3F85421C3F857
:101440005C21C3F8EC21C3F8282299F80420022A71
:1014500022D00B2A4AF6C00218BF4FF46162C3F8CB
:101460004021052389F81030804B40F20112A3F887
:10147000BA204FF0150AD9F81430B3F5616F03D2D2
:101480004FF46163C9F814302A465146304648B0DB
:10149000BDE8F047FCF7A8BF4AF6C002DFE7724B91
:1014A000734AC3F84021DFE7704B40F20112A3F802
:1014B000BA2099F80430022B10D00B2B4AF6C00347
:1014C00018BF4FF46163684AC2F84031012382F8C3
:1014D00048314FF49673C2F84431CAE74AF6C00364
:1014E000F1E7002389F86C304FF49673C9F868303F
:1014F000BFE75F4BC9F81430002289F86C20C9F8A7
:10150000683040F20932C9F878200EE0574B40F2BB
:101510000112A3F8BA2099F80430022B09D00B2B42
:101520004AF6C00318BF4FF461634F4AC2F8403116
:101530009FE74AF6C003F8E74C4B40F20112A3F8CC
:10154000BA20012289F86C20B422494BC9F86820DE
:1015500014200F22C9E92102C9F81430D1E7002272
:10156000022389F86C20404A89F810306FF000435C
:10157000C2E95033C9F81430C9F86830C2F8EC3108
:10158000C2F84C31C2F85C3173E74FF0010A72E7E0
:10159000012389F8643099F89030012B11D191F82A
:1015A0003030012B0DD099F86D3053B94D7B45B9D2
:1015B000304B1868F7F79BFE2A4611213046FCF79E
:1015C00013FF08340FCC2C4D0FC50FCC0FC594E87A
:1015D000070085E80700FFF71FFE01253BE0012516
:1015E00089F8945099F8B42091F824309A421ED189
:1015F00099F898200B7A9A4219D1D9F8AC20CB6986
:101600009A4214D1D9F8B0200B6A9A420FD1D9F876
:101610009C20CB689A420AD1D9F8A8208B699A42BB
:1016200005D1D9F8A4504B69ED1A18BF012504F172
:10163000080CBCE80F00114F0FC7BCE80F000FC724
:101640009CE8030087E80300E368013B1C2B02D8F9
:101650001E23C9F89C304FF0010A15E7180400203A
:101660001C040020DB5D030898280020A41A002039
:1016700080510100A01A002080040020B004002046
:101680000123C4220831A24889F8C0301EF012F9A3
:10169000A3E7012389F88831D9F88C11A26899F859
:1016A0009C31914209D1D9F898516269554015F0A1
:1016B000FF2502D1227E9A4208D0032B05D0237E3B
:1016C000032B04BF002389F8EC31012508340FCC2B
:1016D000904F0FC794E8030087E80300BBE7DFF8EB
:1016E00038C2BCE80F0010AD0FC5BCE80F000FC535
:1016F000BCE80F000FC59CE80F00083485E80F0018
:1017000099F8A9810FCC6D460FC50FCC0FC50FCC32
:101710000FC594E80F0085E80F00012389F8A43174
:101720009DF80830019A043B042B84BF05238DF8F3
:101730000830D31FDBB2052B01D8FF2A01D90B23B8
:101740000193764C9DF8105023681B78AB4224D04F
:10175000734B00E01C331A780AB19542FAD15A69EA
:10176000527B002A31D06F4A92F89620002A2CD161
:101770009B696D4AA02120A81EF03CFD20A8FCF723
:1017800073F910AD0FCD6C460FC40FCD0FC40FCD44
:101790000FC495E80F0084E80F004FF0010A684677
:1017A000FDF722FA18B9002F45D08DF801806C465C
:1017B0000FCC594D0FC50FCC0FC50FCC0FC594E8FA
:1017C0000F0085E80F0000255EE66846FDF70CFA7D
:1017D0000028D6D0BAF1000F1CD04DB389F8B8510B
:1017E000FDF7EEF924685149E06815F065FF10B186
:1017F00001238DF83C304E494E4803221DF0C3FBB7
:1018000028B9A3694A4A4C494A481EF09BFD4FF04B
:10181000030AC4E7002DE1D0484B186820B10368E3
:10182000474A1B694749984701238DF81830D5E787
:101830008DF81850D2E76846FDF7EAF9B7E70123BB
:1018400089F8E831D1E902013F4B83E80300C4E69F
:10185000344F3C48394DB02208311EF02BF897F830
:10186000963028686BB9BAF1000F0AD0B9F81C821B
:101870000368B8F1200F3AD0344A9B68A2F12201E4
:101880009847B9F8FA2132493248A7F898201EF053
:1018900011F82A682D4B793203F1200153F8040B1B
:1018A00042F8040B8B42F9D199F8A63293B1B9F8FA
:1018B0004032202B0ED0B9F86232202B0AD0B9F872
:1018C0008432202B06D00023234989F8A6323046E3
:1018D000FCF7B9FD99F8A82294F8B6309A427FF443
:1018E0007CAE99F8A75294F8B5305D40B3E6174A3C
:1018F000DB68A2F1220198470028C2D0A9F8FA813A
:10190000BFE74FF0010A154D89F8AAA2083452E743
:10191000DC040020A4050020C00500205C0B002092
:10192000183D0308A41A0020135E03080000C842F3
:10193000345E030840290020385E03085821002047
:10194000F61A0020120600200406002036060020A9
:10195000140600203E1B00203E5E0308C406002043
:101960002DE9F04F4B89042BADF66C1D05460E4654
:10197000144616D10846F7F759FA0746307A10F0A0
:101980008BF8804620460FF037F9D6F800900028F3
:1019900040F0CA80B9F1000F09D1874B93F8A63205
:1019A000ABB1002738460DF66C1DBDE8F08F8349BA
:1019B00008F12A001EF0E6FC00287FD17E4B93F848
:1019C000A932002B73D02388012B40F0B5802388E7
:1019D00087F00107013BFFB2652B01F24881DFE888
:1019E00013F0DB024609FD0046095F0146090402C7
:1019F000440646094609460931054609460946098D
:101A000011064609AD04460946091D014B08460961
:101A10005F08B308FC080209460946094609460959
:101A2000F80299048D03A70346094609A906780719
:101A30008607CA0735084008F5044609FC059507DE
:101A4000AD07BA0746094609460946094609460947
:101A5000460946094609460946094609460946090E
:101A600006060B06FF064609070946094609460908
:101A700046094609460946094609460946094609EE
:101A800046094609460946094609460946094609DE
:101A9000460946094609460946094609890546098F
:101AA0004609100524057E05A50546091F05324691
:101AB00021212846F7F799F9286172E796F84E3107
:101AC000002BF4D0DFF8F080B8F84022202A06D1AD
:101AD00008F2422106F597701DF023FA98B1B8F884
:101AE0006222202A05D1364906F597701DF019FAB1
:101AF00048B1B8F88422202A1BD1324906F59770E4
:101B00001DF00FFAA8B9304B1868036849461B68E6
:101B1000984748B190F8B03033B998F804300C2B9E
:101B200002D0012380F8B0303368002B7FF44BAF34
:101B30004DE732462521BCE70C2B06D8022B0ED9E7
:101B4000033B9BB240F2952204E00E3B9BB21E2B5E
:101B500005D81E4A22FA03F3D9073FF538AF2046CD
:101B60000FF04AF800287FF432AF04F5C97818481E
:101B70000822414605F12D09FEF7C2FA082249461E
:101B80001448FEF7BDFAAA6B134B02F596721B6858
:101B90004FF47A71B3FBF1F39A420AD9B4F8902169
:101BA000082A06D1494640461DF0BBF900283FF4FB
:101BB0000EAF324624217CE718040020845E03081F
:101BC0007C0600209E060020A01A00202500004070
:101BD0008A5E0308A15E03081004002096F8FA301C
:101BE000E3B14FF4D072002138A81DF0C4F9B34915
:101BF0006A223AA81DF05EFE042338A92846ADF8F3
:101C0000E030FEF7AFFA38A92846FFF74CF896F80F
:101C10004E31286113B1012380F84E3100270DF1B8
:101C200078090DF1E008AA4600214FF4D072404631
:101C3000C9F800101DF09FF9CDE91F485AF8204F50
:101C4000CDF88490544507D0A06803681FA99B680D
:101C50009847002801F04080D9F80030022B08D1C5
:101C600041462846FEF77EFA41462846FFF71BF814
:101C7000286196F8FA3033B1296921B932462846ED
:101C8000F7F7B3F8286196F84E31002B3FF48AAE8F
:101C90002B69002B3FF486AE012283F84E2181E6AA
:101CA0004FF4D072002138A8277A1DF064F996F815
:101CB000FA30002BB2D00A2F20D8DFE807F0060F49
:101CC0002132484F636D7377790001237C49ADF869
:101CD000E83060223CA81DF0EDFD0FE0DFF8E4C124
:101CE0000223ADF8E830BCE80F003CAF0FC7BCE8FA
:101CF0000F000FC79CE8070087E8070006237CE772
:101D0000DFF8C4C10323ADF8E830BCE80F003CAFF6
:101D10000FC7BCE80F000FC79CE8030087E803006B
:101D2000ECE76A490423C4223CA8ADF8E8301DF072
:101D3000C1FD67490DF5897015F000FD0028DDD162
:101D4000644941220DF589701EF067FBD6E7052333
:101D5000DFF884C1ADF8E8303CAFDAE7DFF87CC1EA
:101D60000623ADF8E830BCE80F003CAF0FC7BCE875
:101D70000F000FC7BCE80F000FC79CE80F0087E8F3
:101D80000F00BBE7564A92E803000723ADF8E8309E
:101D90003CAB83E80300B1E708235249ADF8E830D3
:101DA000B02297E70923ADF8E830A7E70A23FAE75E
:101DB000DFF834C10B23ADF8E830BCE80F003CAFCE
:101DC0000FC7BCE80F000FC79CE80F0087E80F00A3
:101DD00096F84E71002F91D1202239460DF1F20074
:101DE0001DF0C9F8ADF8F07088E74FF4D07200210B
:101DF00038A8277A1DF0BFF896F8FA30002B3FF488
:101E00000DAF0E2F3AD8DFE807F008111F2D3B4425
:101E10004E7F8F95A29BAEB7BD0001233349ADF82D
:101E2000E830D4223BA81DF045FD27E00223DFF86F
:101E3000C0C0ADF8E8303BAFBCE80F000FC79CE86E
:101E4000030087E8030019E00323DFF8A8C0ADF81A
:101E5000E8303BAFBCE80F000FC79CE8070087E8FD
:101E600007000BE00423DFF890C0ADF8E8303BAF8B
:101E7000BCE80F000FC7DCF800303B600823BCE66D
:101E800005231E4AADF8E8303BAB07CA83E80700DC
:101E9000F4E70623DFF868C0ADF8E8303BAFBCE8F4
:101EA0000F000FC7E4E7DFF85CC00723ADF8E830A8
:101EB000BCE80F003BAF0FC7BEE700BFF61A00201B
:101EC0001C04002080040020B0040020DC0400205A
:101ED000B85E0308FE040020A4050020C005002011
:101EE0000406002012060020C40600209C280020C2
:101EF0007429002090290020B0290020C829002042
:101F0000D8290020002A00200823ADF8E830BB4B78
:101F1000D3F89501B3F8992193F89B313B90ADF834
:101F2000F0208DF8F230A9E70923B549ADF8E83083
:101F3000482277E70A23ADF8E830B24A3BABA4E782
:101F40000C23DFF8C4C2ADF8E8303BAFA7E70B23A2
:101F5000ADF8E830A94BD3F8F50193F8F9313B908F
:101F60008DF8F0308AE70D23ADF8E830A74B0FCBA2
:101F70003BAF87E80F0081E70E23A549ADF8E830B5
:101F800050224FE7DFF88CC20F23ADF8E830BCE8F1
:101F90000F003BAF0FC75DE7A768013F072F03D9CD
:101FA0003246202100F0CABD96F8FA30002B3FF4EB
:101FB00035AE4FF4D072002138A81CF0DCFFF8B227
:101FC0000FF06AFD4C2201463AA81DF073FC022373
:101FD00013E694F81880B8F1000F0DD004F117073C
:101FE00017F8010F0028DBD01EF0A4F90028F7D164
:101FF00094F840301BB910E094F84070CFB104F170
:102000003F0919F8010F0028CAD01EF093F90746BE
:102010000028F6D1B8F1000F0BD004F118084146A2
:102020007D4815F08BFB2822074641467A481EF072
:10203000F4F994F840305BB104F140084146774828
:1020400015F07CFB05220743414674481EF0E5F974
:10205000DFF8CC81734AD8F80430102108F152001F
:102060001EF0C8F894F84C3098F896209A422BD07D
:1020700088F896300FF03CFD70B998F8BA2094F8C3
:1020800070309A4231D19AB194F8712098F8BB30EF
:102090009A420DD001232AE063492846FCF7D3F980
:1020A00098F8BA2094F8703093421ED1002BEBD1EF
:1020B00095F82C0080F001000EF0FEFD01221421A5
:1020C0002846FCF791F9A9E598F8BA2094F8703001
:1020D0009A420AD12AB198F8BB2094F871309A42FA
:1020E000D8D1002F3FF49AADE2E7002AD2D188F888
:1020F000BA3094F8713088F8BB30D9E72389062BC1
:1021000006D03A4604F108012846FFF737F985E57D
:1021100094F820300D2BF4D1444B186800283FF47C
:102120003FAF0368DB68984700283FF439AFE8E722
:1021300095F82C302BB90223208901221946FEF78D
:1021400045F82389013B0C2B39D801A252F823F022
:10215000A11F010885210108A3210108C52101084B
:10216000E3210108312201085922010871220108E6
:102170008D220108A5220108E7220108CF220108CB
:10218000FD2201081D4F012387F8D83004F10C0C03
:10219000DC37BCE80F000FC79CE8030087E80300AA
:1021A0000DE0164F012387F8F43004F10C0CBCE865
:1021B0000F00F8370FC79CE8070087E807000122E7
:1021C00002217DE70D4F012387F8143104F10C0C37
:1021D00007F58C77BCE80F000FC7DCF800303B60D8
:1021E000EDE7064B012283F82C2104F10C0207CA0B
:1021F00003F5987383E80700E1E700BF9828002003
:10220000362A0020802A0020942A0020BC2A0020A0
:10221000CD2A0020202B0020061B00202E1B002092
:10222000A41A00209B520308BF5E0308542F00200D
:10223000B14F012387F83C3104F10C0CBCE80F00CE
:1022400007F5A0770FC7BCE80F000FC7DCF8003018
:102250003B60FEF7E1FFB2E7A74F012387F8643147
:1022600004F10C0CBCE80F0007F5B4770FC790E73A
:10227000A14B012283F89421E068C3F89501218ADB
:10228000A27C83F89B21A3F8991198E79A4801232F
:1022900080F89C31482204F10C0100F5CF701DF04C
:1022A00009FB8CE7944B012283F8E62104F10C0230
:1022B00007CA03F5F47787E80700D3F8EC21B2F5F5
:1022C000615F3CBF45F26042C3F8EC21C1E78A4F31
:1022D000012387F8FA3104F10C0CBCE80F0007F574
:1022E000FE770FC776E7844B012283F8F421E0687C
:1022F000C3F8F501227C83F8F92160E77E4F0123C2
:1023000087F8203204F10C030FCB07F5097787E833
:102310000F0054E7237A072B3FF642AE04F1080082
:102320000FF0C8FB0FF0E4FB18B174492846FCF726
:102330008AF810F0CBFB00220821C1E6237A04F1D1
:10234000080904F118084BB1E71D17F8010F002820
:102350003FF464AC1DF0EEFF0028F6D1237E53B1AC
:1023600004F1170717F8010F00283FF457AC1DF0D0
:10237000E1FF0028F6D12822494661481EF04DF8B9
:102380000522604841461EF048F85F4B012283F861
:1023900096205E4B83F8C421226983F8C1216269CB
:1023A000C3F8C8214FF416725A6102221A740FF052
:1023B0009FFB18B151492846FCF745F810F086FB01
:1023C00000200EF079FC01221D2179E64FF4D07235
:1023D000002138A81CF0CFFD2D234D49ADF8E03089
:1023E0008C223AA81DF066FA38A92846FEF75BFC55
:1023F00096F84E31286113B1012380F84E31012740
:102400000DE4A268002AA1BF424B1B684FF47A7109
:1024100001FB0233B8BF00233F4A1360FFF7FEBB46
:102420003C4B1B6803F57A73F6E7A268002AA1BF4C
:10243000384B1B684FF47A7101FB0233B8BF00239D
:10244000364AEAE74FF4D072002138A81CF093FD19
:10245000334912221FA81DF0E0FF18232493314BAB
:102460001B788DF8943000238DF89530ADF89630B8
:10247000264B1A799B6F2793FF238DF8A0301E4BB4
:102480008DF8982093F89E318DF8A1304FF0010817
:102490004FF4575329938DF8A2801FAF0FCF0DF142
:1024A000E80CACE80F000FCFACE80F0097E807008E
:1024B0000D238CE8070038A92846ADF8E030FDF779
:1024C00051FE38A92846FEF7EEFB96F84E312861FA
:1024D000002B3FF4A3AB80F84E81FFF79FBB002198
:1024E000114B1868F9F788FE0A4B1B6803F5DA539D
:1024F000183391E70121F3E798280020BF5E030815
:10250000061B00202E1B0020A41A00201804002007
:102510009801002010040020582F002014040020EF
:10252000E251030894280020A01A0020A34BA44ADB
:102530001F6892F86D301279022A4FF001081ED1FF
:10254000CBB1A7F81C80DFF87C824FF000097868D7
:10255000D0E900239B1A9B1008FB03F3994529D36C
:10256000994B002283F8202283F88A2313F04AFA39
:1025700013F068FAB8E73846F6F7B9FEE1E794F8E1
:10258000089013B93846F6F7B2FEA7F81C80B9F1E7
:10259000000FD8D18D4B5F68D3F808804946BC370F
:1025A000BC2238A81CF0E7FC38AA41463846F7F7A9
:1025B00081FCD5E74946F6F75CFFB9F1000F08D07A
:1025C00090F8B01029B9BC221CF0D5FC09F1010922
:1025D000BDE7BB8B0133BB83F8E7012300937C4A43
:1025E0007C4804F10803CC2113F0F5F907E7012337
:1025F00085F82C30FFF712BB002385F82C30012220
:102600001F215DE54FF4D072002138A81CF0B3FC07
:10261000642200211FA81CF0AEFC6F4B6F4A1B68A0
:102620009A1A534253414FF4E13236921FA9642261
:1026300001273AA88DF8DC308DF8D4701DF03AF9F6
:10264000112338A92846ADF8E030FDF78BFD38A9F5
:102650002846FEF728FB96F84E312861002B3FF400
:10266000DDAA80F84E71FFF7D9BA002F3FF4D6AA41
:102670002389082B7FF4D2AA237B002B3FF4CEAA18
:10268000E389002B3FF4CAAADFF83CA1BAF8EC3486
:102690001B9300224FF0180B1B9B9A42BFF6BEAA59
:1026A0000BFB02A3D3F8F014002940D093F8F434C4
:1026B000002B3CD0002734E007EB071EA6440EF1A8
:1026C000100C0DF1E0080EF1200EDCF80000DCF833
:1026D0000410C146A9E803000CF1080CF445C846F3
:1026E000F3D19CF8001089F800101B998B4216DA80
:1026F0000BFB03A33168C3F8F0140DF1E00E03F2F5
:10270000F543F446BCE8030059603CA98C451860C9
:10271000E64603F10803F4D19CF800101970013764
:10272000FFB2E189BB188F42DBB2C5DB1A4601322A
:10273000D2B2B1E7214B0027D3F80090A3681B93D6
:10274000BA46BB46B9F81C309F4217DB1F49A3EBC2
:102750000A034F689BB2BC2202FB03770021A9F851
:102760001C3038A81CF007FC38AA07F1BC01384619
:10277000F7F7A0FB13F046F9FFF750BAD9F8042099
:102780001D9210463946F6F774FE1B9A03689A426A
:1027900080460FD01D9A0BF10103594610461C9339
:1027A000F6F767FEBC2241461DF084F81C9B9B4651
:1027B0000137C7E70AF1010AFAE700BFA01A0020B3
:1027C00018040020CF467D67A41A0020B026002000
:1027D0003C1A030872550308D80F00206426002015
:1027E000A84B742204F1080138A8D3F800801DF02A
:1027F00061F8DDF8E09040464946F6F74FFF07469E
:1028000000283FF40BAA9DF8E430002B3FF406AA01
:10281000D0F8B8A01AF0010F11D09DF8513173B95A
:10282000838FBDF82C219A427FF4F8A900F13E0174
:102830000DF597701CF075FB00287FF4EFA94FF0A1
:10284000010BC7F8009087F804B0DDF8E6301B9361
:10285000DDF8EA301C935E22DDF8EE301D930DF1B9
:10286000F20107F1060968461DF024F84846DDE943
:102870001B121D9BFCF7E4FF9DF8500178B100216D
:102880004FF48073A7F8B03087F8801087F8601095
:10289000B987202207F13E001CF06DFB6AE77A4BF6
:1028A0001B790C2B12D1F5F7B7FDF8679DF8513164
:1028B0001BB14AF00103C7F8B8304046C8F80C70A5
:1028C000F6F78DFE404612F0C1F853E787F8B0B036
:1028D000ECE76C4BA168186803681B6898470028F0
:1028E0003FF49CA9012380F8B03000220BE0654B37
:1028F000A168186803681B68984700283FF48EA9F0
:10290000002280F8B0201021FFF7DABB5D4BA168F0
:10291000186803681B68984700283FF47FA90027C0
:10292000012380F8B13080F8807080F8607087876C
:10293000202239463E301CF01EFBD6E7514BA168E1
:10294000186803681B68984700283FF467A90022AD
:1029500080F8B120D7E74B4BA168186803681B6863
:10296000984700283FF45AA9D0F8B83083F0020302
:10297000C0F8B830B9E7DFF80CA1444ADAF8000033
:10298000516803681B6898474FF0010980F8609010
:10299000D4E90723E768616994F824C0CDE9387168
:1029A000CDE93A234FF00008CDF8F08038AF8DF82C
:1029B000F0C000F1640C0FCFACE80F003B68CCF81E
:1029C0000030682204F1140168461CF073FF04F122
:1029D00008030ECBDAF800000FF010F92A4B42463C
:1029E0001121284683F86D90FBF7FEFC284B1F68E9
:1029F00037B3DFF8A0A03B6887F814901B68CAE9DA
:102A00000088CAE90288C82138469847224B1B68CB
:102A1000CAF8003097F8033287F803824B450FD984
:102A20000FF0F2F9D7F8A400494611F0E1FE414653
:102A30003846F5F73CF8424649463846F5F756F829
:102A4000164B186803F0B1F8FFF7E8B80D4B18689B
:102A5000F6F74DFC0C4B002283F86D201121FFF797
:102A60002FBBA268002338A90320CDE938233A936D
:102A700011F0C8FDFFF7D2B804F108000FF022FEF4
:102A8000FFF7CCB8A01A002018040020A41A0020D8
:102A9000402600204C010020100400209C1A002039
:102AA0008F4B94F808801A688E4B1B689A62B8F1B5
:102AB000000F7FF475AA40F68802414638A81CF042
:102AC0005AFA1823414601203893F5F7B9FC01273B
:102AD000854939904FF438723CA88DF8E8701CF0A5
:102AE000E9FE82498DF8D0734FF42E72F5A81CF0E0
:102AF000E1FE7F498DF88C764FF41A720DF5D260A5
:102B00001CF0D8FE7B498DF8F8786A220DF6FA00A1
:102B10001CF0D0FE784938AA1FA810F0EBFD7748CA
:102B200011F06CFA744A1F997548009738AB12F08F
:102B300052FF00283FF434AA324641462846F6F7B1
:102B400054F92861FFF76AB8277A002F7FF428AA82
:102B50006B480FF07BFD00283FF422AA38AB40F60B
:102B60008802394618461CF006FA634B009040F67E
:102B7000880263484FF4186110F08CFB00283FF482
:102B80000FAA4FF438723CA957481CF093FE4FF43B
:102B90002E72F5A955481CF08DFE6A220DF6FA0139
:102BA00054481CF087FE52484FF41A720DF5D2615A
:102BB0001CF080FE0F2012F0DDFF00283FF4F0A98A
:102BC000324639462846F6F710F9454B28611B680E
:102BD00003F5742303F510731EE4237A002B7FF4AE
:102BE0001DA847484AE711200FF040FDFFF716B82F
:102BF000444B94F808801F68002F3FF40FA8B8F1E9
:102C0000000F11D07B6D002B3FF408A807F1580886
:102C1000404612F0BDFF3822002140461CF0ABF9BF
:102C200000237B65FEF7FABF3822414607F15800C2
:102C30001CF0A1F9C7F854803348F5F77DFC07462E
:102C400000283EF4EBAF1423037341460220F5F74E
:102C5000F7FB2E49B86007F10D001CF023FE2C4B4A
:102C60001868036839465B689847FEF7D7BFDFF8F6
:102C7000A4904FF4D072002138A81CF07CF9D9F848
:102C80007C34002B3EF4CAAFD3F800800027D9F87B
:102C90007C345B6843450BD1022F7EF4BFAF38A96B
:102CA0002846FDF75FFA38A92846FDF7FCFF48E7FC
:102CB00058F8040B03682246D3F824A0314638ABF9
:102CC000D047022804D0022F04D0012818BF38466C
:102CD0000746DCE73846FBE72468FEF7B3BF00BFD2
:102CE00010040020A01A00201804002098280020BA
:102CF000502B0020F61A002058410308105F0308EB
:102D0000195F0308502E0020F81200202F5F0308DF
:102D1000B8120020404F002070B50A4B03600546F2
:102D2000044655F8200FA84206D1074B23602046E1
:102D3000FBF776FB204670BD06681CF0B3FE3046FC
:102D4000F1E700BF5C2603087841030810B504468C
:102D5000FFF7E2FF20461CF0A5FE204610BD10B58F
:102D6000054B044640F8183B11F045FD2046FBF7A3
:102D700057FB204610BD00BFF4280308A0F118003F
:102D8000EDE710B50446FFF7EAFF20461CF08AFE87
:102D9000204610BDA0F11800F3E70B461146144A77
:102DA0001A4410B482F88414124A1468124A012B8F
:102DB00042F823400AD0022B0FD0406EA8B10F4B2F
:102DC00093F8043133B981F0010103E00B4B93F820
:102DD000080150B110BC0DF066BD084B93F8090115
:102DE00018B193F80731002BF4D010BC704700BF26
:102DF000404F002010040020442F0020982800207D
:102E0000F8B500250B4F04462E46E9B200222046B5
:102E10000135FFF7C2FF032D47F8046BF5D1002100
:102E200004F11800F0F74EFF4FF0FF3384F86C60A8
:102E3000A366F8BD442F0020A0F1180015F0D2BA07
:102E400008B5836E013303D0FFF7DAFF012008BD18
:102E50000020FCE72DE9F74FA94F97F8F84082468C
:102E60000D46002C76D090F86D30002B72D10846BC
:102E7000F5F7DCFF064600286CD16FF00E00E989FB
:102E800005F10F03401BC218914225D84FF00008EE
:102E90009C4B2968186803681B6898478146287A04
:102EA00008B9994B18780EF0F7FD6D6890F83E3030
:102EB00090F84410019328460091F6F7C4F8DDE934
:102EC0000013024670B99148406885420AD1B9F1B1
:102ED000000F2CD1A3460CE013F8012F072AD2D102
:102EE000A046D5E7002B1A460EBF9B464FF0000BBD
:102EF0000A46874B97F8061193F85D9071B3B8F1C5
:102F0000000F40F0918097F80531ABB197F80C3184
:102F1000002A38D0002B40F0E78009F0FD03012B98
:102F200013D097F80D3183B100252B46FEE0D9F878
:102F3000B820C2F34002CDE797F80A41002C40F0D8
:102F40001281B9F1010F40F0418100210AF118000E
:102F5000F0F7B8FE002003B0BDE8F08F97F8050148
:102F600097F80C31002800F08480002A4FD0002B05
:102F7000D3D0B8F1000F00F0B780B9F1010F40F0E5
:102F800019810C468BE0002B40F09F8009F0FD0377
:102F9000012B97F80A5106D097F80D31002B40F01D
:102FA000C58097F80B615B4B1A68B7F80E31002BA0
:102FB00000F0F3804FF47A714B4313440122CAF8B6
:102FC00068308AF86C201CB100215046FFF7E5FEFE
:102FD00025B1012211465046FFF7DFFE002EB4D086
:102FE000B9F1040F05D1BBF1000F02D1B8F1000F08
:102FF000ABD097F81031002BA7D197F80731002BF1
:10300000A3D1012202215046FFF7C7FE9DE7002B06
:10301000BCD0B8F1000F58D0B9F1010F40F0EE80EC
:10302000444645461646BEE797F80C1161B997F835
:103030000A31002B40F08A80B9F1010F40F0CC80BA
:1030400044461E463546AEE709F0FD03012B00F06D
:10305000998097F80D61002E40F0928097F80B61EF
:10306000002E00F08F8082F0010234463546D6B241
:1030700099E763B997F80A51002D4DD1B9F1010FC5
:103080003FF463AFB9F1030F3FF45FAF4BE0B8F12A
:10309000000F06D0B9F1010F40F08280044645468A
:1030A00052E097F80A5129F0020325B9012B3FF4A9
:1030B0004CAF434637E082F00105012BEDB2F8D169
:1030C000002D3FF442AF00246DE797F80A3129F054
:1030D000020123B90129B4D01D46234623E001256E
:1030E000A94220D11C465EE797F80A5129F0020355
:1030F000002DDBD0012B3FF428AF4346454612E0BC
:1031000098280020A01A002094260020A41A00204D
:10311000180400201004002009F0FD0182F00105D0
:103120000129EDB2CCD097F80D11D1B11C46B8F100
:10313000000F2DD197F80B31F3B1FAB1002C7FF4C9
:1031400032AF002D3FF401AF26462CE709F0FD0019
:1031500082F001050128EDB217D097F80D41002C3F
:10316000F2D11C46E6E709F0FD0382F00105012BD0
:10317000EDB2A5D04446DDE7002CE2D01E4612E7B2
:1031800034465FE70C460D460DE71C460E460AE73F
:10319000464608E72546264695E7D7F8FC300CE773
:1031A000B9F1030F3FF47AAF97F80D41002CF1D13C
:1031B0004546BFE7B9F1030F3FF4E3AE97F80D4181
:1031C000002CF5D0254626460C46ECE6B9F1030F57
:1031D0003FF4BBAE2546ADE71D46B9F1030F3FF402
:1031E000E2AE97F80D31002BA0D197F80B61002EBD
:1031F0003FF4D9AE82F00102344638E74546ECE7A9
:103200002DE9FF4705461E4B55F8046F0360044641
:103210000DF104084FF00009AE4206D16068854206
:1032200029D1204604B0BDE8F087CDE90188B76810
:10323000CDF80C90396801988F4203D1404515D1E3
:103240003668E9E78B68D1F800A09C420CD1814236
:103250000AD0824508D0524616F03FFE039B013348
:103260000393BB68013BBB605146E4E707681CF071
:1032700019FC3846E2E706681CF014FC3046CEE73D
:103280005C1C0308084B10B50360343304468361AB
:103290004830FFF7B5FF04F1180011F0ACFA2046F2
:1032A000FBF7BEF8204610BDC02B0308A0F11800A4
:1032B000E8E710B50446FFF7E5FF20461CF0F2FBF7
:1032C000204610BDA0F11800F3E710B50446FFF743
:1032D00097FF20461CF0E6FB204610BD10B5034BBF
:1032E00003600446FBF79CF8204610BDB04103087C
:1032F00010B50446FFF7F2FF20461CF0D3FB204632
:1033000010BD10B50446203011F075FA034B236050
:103310002046FBF785F8204610BD00BF9426030821
:10332000A0F12000EDE710B50446FFF7EAFF2046C4
:103330001CF0B8FB204610BDA0F12000F3E72DE9FA
:10334000F84F04460D4600F13806616E002915DD80
:10335000E36DE26C9A1A003B18BF0123C3EBA20293
:10336000D4E914301B1A9B1003EBC213206CA26C1F
:10337000121A03EBA203994240F38580206E18B124
:10338000036800211B689847A36D206D043B984299
:1033900007D040F8045B20652046BDE8F84FFBF7F6
:1033A0007DBEE16D636DE76C0A1EA1EB070618BFD9
:1033B0000122C01AC2EBA602801000EBC210A36C5F
:1033C000226C9B1A00EBA3006FF0604398424FEA17
:1033D000A60802D1304817F064F8D4E90E030A1A9F
:1033E000A3EBA202012A1CD808F10208B3EB480F94
:1033F00001F104092BD9A3EB08035B0800EB830858
:1034000047451DD9424649463846F0F72DFBD8F8C6
:1034100000306364464403F50073C4F84C80A36431
:10342000E6654FF40070E66D1CF034FB46F8040FBF
:10343000226D00F500731560E6656065A365AAE777
:10344000321D42444946384611F09CFBDFE703F148
:10345000020A012B2CBF9A440AF1010A504611F0CE
:1034600035F8AAEB08084FEA580800EB88088346AD
:10347000424649463846F0F7F7FAA06B1CF012FBBB
:10348000C4E90EBAC3E730460DF0D2FB00283FF482
:103490005CAF0EF02DFF58E7F55A0308000000005E
:1034A0004B6A032B01BF034B1B68B3F85030838377
:1034B00000207047442E0020826930B40469551002
:1034C000034604EB6200D20748BF62595B6930BC17
:1034D00048BFD3581847826930B404695510034671
:1034E00004EB6200D20748BF62595B6930BC48BF39
:1034F000D3581847826930B404695510034604EB69
:103500006200D20748BF62595B6930BC48BFD358DC
:103510001847704770474B6A032B01BF034B1B686A
:10352000B3F8503083830020704700BF442E002042
:1035300000207047B0F872008A89131A5842584127
:103540007047054BD0F880261B6804489B1A8342BD
:103550008CBF002001207047100400209FBB0D008D
:103560004B6A012B03D0042B24D0002070471B4B47
:103570001B6893F8591093F85020012903D093F851
:103580005A1001290CD101218A4280F87D1003D103
:1035900093F85830632BE8D9022380F87D30E4E7B4
:1035A000012A03D193F85830052B01D90023F4E701
:1035B0000323F2E70A4B1B681B6D012B03D0022B80
:1035C00007D0002BD1D180F87E30064B1B680367F3
:1035D000CBE790F87E20022AC7D0F4E774260020BB
:1035E000482E002010040020826930B40469551070
:1035F000034604EB6200D20748BF62595B6930BCE6
:1036000048BFD3581847002070476FF000407047FC
:103610006FF000407047024B93F84901704700BFBC
:1036200098280020A0F1340014F056BF014B93F805
:103630005801704798280020836810B5044643B9A4
:103640000179064A02F83130012323734FF47A706E
:1036500010BD03681B689847F6E700BF20110020E3
:1036600000207047007B70478068003818BF012039
:103670007047704770470020704700207047002057
:1036800070470020704700207047704707B50368F7
:103690008DF807105B6801220DF10701984703B010
:1036A0005DF804FB037D53B983691A6A5869DB69C5
:1036B0009B0302D5904238BF1046801A7047002005
:1036C000704703681A6AC36AD31A1944B1FBF2F34C
:1036D00002FB1311036B8B4210B50AD94C09C06B66
:1036E00001F01F0150F8243001228A40134340F8B2
:1036F0002430002010BD0368013304D04068431C0F
:103700005842584170470120704710B50B68046853
:103710009C4209D040684968884205D08C4203D059
:10372000181A18BF012010BD0020FCE770B50D4D20
:103730000A44914200D170BD066811F8013B83EA4A
:10374000060404F00F0455F8244084EA161484EAB1
:10375000131303F00F0355F8233083EA14130360A7
:10376000E7E700BF9C42030882B00023054A0193AB
:10377000019B934201DB02B07047019B013301932F
:10378000F6E700BF80EE3600028BC08A101A704741
:10379000C28A018B914288BF0169034683BF885C5E
:1037A0000132DA824FF0FF307047028BC38A9A42AF
:1037B00086BF0269D05C4FF0FF307047037819B1C3
:1037C00043F004030370704703F0FB03FAE78368D8
:1037D00041600B44C3607047037D13B1C068401A59
:1037E00070476FF000407047F0B5056802892B8A7A
:1037F0009A4267D22A6841898B0052F8211001F061
:103800000307C1F30724012F8475C1F385061ED079
:10381000022F28D0002F32D1C1F30363C1F3074731
:103820000A0F4FF0010C42824268A0F814C00682D1
:103830005ABB8261026204F00E04082C05BFC289E3
:103840006B68002353F8223043620120F0BD1A4414
:10385000C1F30B4C5268130F46EA831697B20B0F55
:10386000C2F30B42DFE71A44D2E901374FEA114CA9
:10387000190A46EA811192898EB25BB2D3E71A44E3
:10388000D2E90137B2F810C0F2E73A44826104F09D
:10389000C00123B1D31A8029036209D10FE004F0DB
:1038A0003006202EF7D13F2C04D800F11403036218
:1038B000C261C0E78029FAD100F1140303621368E2
:1038C000C361B8E70020C1E70389016801330A8AB0
:1038D0009BB29A4210B5038103D80023C0E902339A
:1038E00010BD0B68428953F8221001240B0A01F025
:1038F000030104FA01F10A444281828903F0300194
:10390000002908BF01328281C28903F00E03082B0F
:1039100008BF0132C281E3E7F8B5038A8B4204464F
:103920000D4601D10120F8BD0668B28A8A4216D33D
:103930008B4288BF338A078988BF03812046FFF7FF
:10394000C3FF6289336853F8223085EA93039B06EC
:1039500007D02389BB42F1D12046FFF745FF002065
:10396000E1E7FFF741FF238AAB42F2D1A37D03F0E9
:103970000F030A2BEDD0D5E70B461146528A082AD1
:1039800010B40ED1CA6962B128B114681CB10432F6
:10399000234610BC184723B1146814B104321846EA
:1039A000F6E7012010BC704730B5044685B01546D7
:1039B00072B3A9B90268184B9A4211D0102D06D8DB
:1039C0002A4669462046FFF7EFFF05B030BD1022BA
:1039D00069462046FFF7E8FF0028F6D0103DEDE7E6
:1039E000A368AB4207D2E3680C4A002B08BF13461A
:1039F000E3600020E9E723682A462046984710B98B
:103A0000E368074AF1E7A368AB4203D20023A3604F
:103A10000120DAE75B1BFAE765450108E85F030868
:103A2000F65F0308836810B504463BB9C368094ACA
:103A3000002B08BF1346E360002010BD036801227D
:103A4000984710B9E368044AF2E7A368013BA36012
:103A5000F3E700BFE85F0308F65F03082DE9F341D1
:103A60000E460DF1070105461446FFF7DBFF07463A
:103A700058B9AB6823B10027384602B0BDE8F081E1
:103A8000002CF8D001232370F5E79DF907309DF84D
:103A90000740002B32DA04F07F044FF007080DF1E5
:103AA00007012846FFF7BEFF0028E4D0B8F11F0F3A
:103AB0009DF8073024D9B8F13E0F03F07F0207D8F4
:103AC000C2B1002C0CDAFF2B0AD108F10708E6E797
:103AD0006AB1002C04DA012B02D1B8F13F0F0DD0EE
:103AE000EB68114A002B08BF1346EB60C3E7B8F13F
:103AF0003F0FF5D11B0608F10708D0D43460BBE7AF
:103B0000B8F11C0F09D113F0700F03D003F0780245
:103B1000782AE5D144EA0374ECE703F07F0202FA65
:103B200008F21443E6E700BFFF5F03082DE9F34105
:103B3000002607468846354634460DF107013846CB
:103B4000FFF770FF58B13F2C9DF8071010D10129E5
:103B500009D9FB68114A002B08BF1346FB600020FF
:103B600002B0BDE8F08145EAC175C8E90065F7E734
:103B700001F07F02A4F12003C4F1200C02FA03F348
:103B800022FA0CFC43EA0C03A2401D430B0646EA52
:103B9000020604F10704D0D4E7E700BFFF5F030883
:103BA00037B515461A46002313700C460B702B6070
:103BB00001A9FFF753FF28B1019BDA0803F00703BF
:103BC0002A60237003B030BD13B50446052921D8FF
:103BD000DFE801F0030F1620201E012201A9204674
:103BE000FFF7E2FE18B19DF90430002BF5DB02B0BF
:103BF00010BD08220021204602B0BDE81040D3E6E7
:103C0000002201A9FFF72AFF0028F0D0019AF1E76E
:103C10000422EFE7C368034A002B08BF1346C360C2
:103C20000020E4E70F60030873B500220D4601A9E8
:103C30000446FFF713FF064660B194E80F0085E8DD
:103C40000F0001998A4209D2E368074A002B08BF96
:103C50001346E3600026304602B070BDA960A36839
:103C60005B1AA360F7E700BF216003088A6838B5D4
:103C700005460C462AB963686B60E368EB60012077
:103C800038BD00212046FFF78FFE0028F3D1F7E76B
:103C900038B585690F4B0360044635B1686808B1D3
:103CA0001BF000FF28461BF0FDFE606908B11BF009
:103CB000F9FEE06910B103685B689847206A10B1AB
:103CC00003685B689847606A10B103685B6898474F
:103CD000204638BDE442030810B50446FFF7D8FF7C
:103CE00020461BF0DFFE204610BD10B504461BF039
:103CF000D9FE204610BD10B504461BF0D3FE204669
:103D000010BD10B504461BF0CDFE204610BD10B509
:103D100004461BF0C7FE204610BD10B504461BF03C
:103D2000C1FE204610BDA0F1340014F0F9BBA0F193
:103D3000300014F00BBC38B508460C461546F4F7B5
:103D4000A9FF074A0346102128461CF053FA054AEA
:103D50002B46E92104F11000FBF7E2FDE08138BDBC
:103D60009B520308F815030870B5044608460E4632
:103D70001546F5F75BF8E0B1D4F880104B1E1E2B0A
:103D800017D8C1F120034FF0FF344FF00042CA4072
:103D90009C406968EB6823400C4013441444EB607A
:103DA000044A6C602B46E92106F11000FBF7B8FDD0
:103DB000F08170BDE0150308002070478B7D03F093
:103DC0000E03062B02D1002303607047082B03D19A
:103DD0004A8A00211BF0CFB87047F0B53A4B044631
:103DE00018688BB0B0B14389042B13D18389042B9D
:103DF00010D190F8FA306BB1F5F718F850B994F883
:103E000059303BB10123E37284F85900002528465C
:103E10000BB0F0BD2D4B00211868EFF7B3FE10B9C1
:103E20000123E372F2E72A4F386840BB294D002690
:103E3000E67295F89630002B38D16B68264A10212F
:103E400068461CF0D7F9694604A811F0B7FF049939
:103E500022481BF027FD04A816F01AFF386810B19D
:103E60000421FBF799FB2046FCF716FF1B4BA269C8
:103E70000546E9211030FBF753FDE881C7E704212F
:103E8000FBF7CEFA94F8583043B90028CED0144B43
:103E9000144A1B681B1A9342C8D8C1E70028C5D032
:103EA0000F4B1B684EF65F221B1AF4E7B5F89830EB
:103EB000002BC2D02022314605F19A001BF05BF89E
:103EC000A5F89860B9E700BFC0530020F023002098
:103ED000B82D0020A41A00209B520308F61A0020D7
:103EE00010040020BF27090010B5034B03600446EF
:103EF000FAF796FA204610BD2843030810B5044689
:103F0000FFF7F2FF20461BF0CDFD204610BD30B577
:103F10004B89042B9DB005460C4618D18A89838AAB
:103F20009A4214D16A22002101A81BF024F8AA6940
:103F3000E18901AB04F11000FBF7AEFE48B101AA24
:103F40002B6821469B6A284698471DB030BD002249
:103F5000F6E70120F9E730B54B89042B9DB0054603
:103F60000C4616D18A89838A9A4212D16A2200218C
:103F700001A81BF000F8AA69E18901AB04F1100067
:103F8000FBF78AFE28B12B6801AADB6A2146284686
:103F900098471DB030BD30B54B89042B9FB0054606
:103FA0000C4618D18A89838A9A4214D1742200213E
:103FB00001A81AF0E0FFAA69E18901AB04F1100041
:103FC000FBF76AFE48B101AA2B6821469B6A284686
:103FD00098471FB030BD0022F6E70120F9E730B561
:103FE0004B89042B9FB005460C4616D18A89838ADB
:103FF0009A4212D17422002101A81AF0BCFFAA69CA
:10400000E18901AB04F11000FBF746FE28B12B68F3
:1040100001AADB6A2146284698471FB030BD30B55B
:104020004B89042B99B005460C4618D18A89838A9E
:104030009A4214D16022002168461AF09CFFAA69B6
:10404000E1896B4604F11000FBF726FE48B16A4691
:104050002B6821469B6A2846984719B030BD00223C
:10406000F6E70120F9E730B54B89042B99B00546F6
:104070000C4616D18A89838A9A4212D16022002185
:1040800068461AF078FFAA69E1896B4604F11000CE
:10409000FBF702FE28B12B686A46DB6A21462846F8
:1040A000984719B030BD30B54B89042BC5B00546D3
:1040B0000C4619D18A89838A9A4215D14FF48872A5
:1040C000002168461AF057FFAA69E1896B4604F19E
:1040D0001000FBF7E1FD48B16A462B6821469B6A58
:1040E0002846984745B030BD0022F6E70120F9E7A1
:1040F00030B50D46C5B004464FF4887200216846BD
:104100001AF039FFA269E9896B4605F11000FBF747
:10411000C3FD28B123686A46DB6A294620469847D2
:1041200045B030BD10B44C89042C05D18C89838AEC
:104130009C4201D110BCDBE710BC70472DE9F04F69
:10414000BFB016460DF1840A0C467422314607466C
:1041500050461BF0AFFB73681A93204694F85C310D
:104160001B93F4F763FED6F80CB0B56996F81C9073
:10417000D6F82080064628BB0026002D61D0207A84
:104180000DF08AFC90F84830012B5AD1544B9A6FAD
:10419000544B1B68002A3FD1002B46D1524B5A7812
:1041A000524B5B789A424BD1002E72D1B9F1010F7C
:1041B00047D9022000231CA9CDE91C561E9310F0FC
:1041C00021FA3EE01B98072300220221FBF7FEFFA5
:1041D00090B12046F4F72AFE06460028CCD0444B86
:1041E00093F86D3063B13E4BB8F1000F08BFA8469D
:1041F000DD61C3F82480002630463FB0BDE8F08F73
:1042000024A9682268461BF055FB3A489AE80E003C
:1042100000680DF0F3FCB0E737490968891A374A9E
:1042200091428CBF0022012213B193F800323BB9B6
:104230002E4B59782C4B5B78994201D1002AB3D090
:104240003EBB2C4B20461E68F4F724FD0146304649
:10425000F5F724FA844690B1F5B11A9B4BEA0303B3
:1042600053EA080318D1B9F1000F15D105670123EE
:104270008CF860303046C6F80CC010F0E7FB207AAE
:104280000DF00AFC90F83E301BB3036CC7F8803089
:10429000B1E7002603208DE7002320931A9B8DF8B9
:1042A0008090CDE91C3B269BDCF87080CDE91E3563
:1042B0000DF17009B9E80F000CF1640EAEE80F00C3
:1042C000D9F80030CEF80030002DD0D1CCF8708075
:1042D000CDE790F84820012AD8D12023D6E700BFA7
:1042E000C853002040260020394F0020C02600205F
:1042F00018040020A01A002010040020FF5B2605EF
:104300002DE9F04FD0F88030D7B0054623B900240E
:10431000204657B0BDE8F08F0DF096FCDFF8A8A15D
:104320000021064674221CA8DAF878401AF023FE11
:10433000664B99681B69194334D1654B96F874B084
:104340001B681A93D6E91998D6E91B7339AE742203
:1043500030461B931AF00FFECDF8E890B9F1000932
:10436000CDF8F08018BF4FF00109B8F100083E9772
:1043700018BF4FF00108003F1B9B3F9318BF012758
:1043800068223CA968468DF800B18DF8E4908DF85C
:10439000EC808DF8F4701BF08DFA96E80E001A98F8
:1043A0000DF02CFC494E376FB3683169013753EA81
:1043B00001023767ABD0D5F880C00CF1FF321E2A5E
:1043C0000CD8CCF120004FF0FF3282404FF000407B
:1043D00020FA0CF013400A40034411181F914FF0CB
:1043E0000108002103201D93CDF8E0C08DF87080F6
:1043F0008DF87880F4F724F80146002854D0002185
:104400000320F4F71DF822909AF86D30002B59D153
:1044100096F820308DF88C30E30714D514F0020F95
:104420004FF0010315BFB269326B8DF880308DF803
:10443000983014BF21922792600741BFB36B299334
:1044400001238DF8A030210708D5E20649BF336C5F
:10445000F36B2B93736C4CBF2C932A93A30644BF2E
:10446000736E3493200644BF736A2493610648BF79
:104470003797E20541BFB36D319301238DF8C0300A
:10448000A30544BF336D2F93284644BF01238DF805
:10449000B830FCF701FCAA6904461CABE9211030D6
:1044A000FBF73EFAE08133E70A4B5A780A4B5B7818
:1044B0009A4201D04046A4E7084B1B78022B98BFD4
:1044C0002290A1E70123A5E718040020C85300208B
:1044D000A01A0020C0260020394F002050260020BE
:1044E00010B50E4B1B79092B04460CD0D0F8842054
:1044F0004AB10B4B1B689B1A0A4A934203D801230B
:10450000C372002010BD2046FFF7FAFE0028F8D045
:10451000034B1B68C4F88430F4E700BF1804002084
:10452000100400201FBF020038B518461546049A33
:104530008BB182B1094B0A4CD3F8E03504EA8324ED
:1045400004F1FF6404F5F2242C4404EBC1211BF0B8
:10455000B1F9002038BD6FF01500FBE70070FF1FB8
:1045600000FCFF0303460846596810B58C185C60D0
:1045700008B11BF09FF9012010BDD0F8EC3070B5E8
:10458000044604EB8302D1F8140150621B4D322221
:104590000133B3FBF2F002FB1033C4F8EC304FF4FC
:1045A000B07205F509700E461BF084F9012385F8F9
:1045B0002032134B93F8F83083B9124B1B796BB947
:1045C000114B1B683BB193F85020012A03D193F89B
:1045D0005830092B02D905200EF048F854F8185F1E
:1045E000A54201D1002070BDA868036831469B68D0
:1045F00098470028F6D12D68F2E700BFA41A0020E2
:104600009828002018040020742600202DE9F0418D
:104610003A4E96F83031D6F834710446002B6AD001
:1046200090F82D80B8F1000F1DD01C201BF032FA3D
:10463000334905460FF05AFF4223AB82314B2B60C2
:1046400001220023AB616A7284F82D302E4AD6F81D
:104650003431D567002B43D02C4B1B68236341F2C8
:104660008830BDE8F081002F45D0294B0121186822
:10467000EFF788FA68B3244EF06FFCF70DFB4FF0AC
:10468000FF334360D6F88030224A80F8FA80013345
:1046900005464FF48071A0F8208106F18400C6F829
:1046A00080301BF0A7FD06F1840013F0A1F806F19D
:1046B00084010246E88105F110001BF0FBF8164862
:1046C0004346006842462946F5F7F4F909200DF003
:1046D000CDFF0E4B226B1B689B1A104A934205D3E9
:1046E00023689B692046BDE8F04118474FF47A7370
:1046F00003FB07F0B5E723689B69F4E798280020DF
:104700003960030828430308C85300201004002020
:10471000F02300204E600308B81200200074B70197
:1047200013B5084611461A469DF8143000939DF8BB
:1047300010309DF818400DF089FD054B80F821419F
:1047400001461868012202B0BDE81040FCF74ABAE1
:10475000A8260020A0F52A6013F00EBF10B504466D
:104760000DF046FDB4F87230838110BD2DE9F04F95
:10477000DFF80C8298F8DC30BDB005460F461BB35D
:1047800098F8F060022E1FD00846F4F74FFB04465D
:1047900080B198F8DD30BBB1D7F814316A699A421C
:1047A00012D06B6107F11002764B774918680BF055
:1047B000EAFF09E0012E0BD8724BFA8918680368EA
:1047C00007F110015B68984700203DB0BDE8F08F0D
:1047D000032E21D16D4B1C68236838461D68F4F701
:1047E00059FA01462046A847A0B1037993B100F1D8
:1047F0003404644D66492868F0F74FF86549286825
:1048000007F1100322460BF0BEFF61492868F0F75C
:1048100044F8D9E7604CECE7043E012ED4D87B89FC
:10482000042BD1D1BA89B5F872309A42CCD1014665
:1048300074221FA81AF09FFB1FAB584AF98907F191
:104840001000FBF729FA514B0646002800F0838040
:10485000D3F80090D9F800303846D3F800A0F4F728
:1048600019FA01464846D04798F8F070229A249BDE
:10487000209900F10C090AA811F0B8FA0B989DF8DC
:1048800044300893052F14BF4FF04E0A4FF0500AE2
:104890000028B8BF4042CDF8249012F09BFB9DF851
:1048A0003DB09DF8347080465846894612F092FB20
:1048B0002FA3D3E9002312F0F7FB02460B46404634
:1048C000494612F039FA2CA3D3E9002312F0ECFB8D
:1048D000CDE906010A989DF83C3004930028B8BF42
:1048E0004042CDF814B012F075FB80463846894638
:1048F00012F070FB1EA3D3E9002312F0D5FB024691
:104900000B464046494612F017FA1BA3D3E9002391
:1049100012F0CAFB05F11806C5F1FF25CDE9020129
:104920001F4A009753465A21304605F57F051BF074
:1049300061FCE93532462346A918884207D8194A4E
:10494000C0F15A0130441BF055FC32462CE712F8F6
:10495000011F4B40F0E71C68236838461D68F4F7D8
:1049600099F901462046A8477368FFDEAFF300803F
:1049700000000000D012634154E41071732AD93E44
:104980009828002028020020FA600308A01A0020BE
:10499000BB540308F6600308F2600308E01503083F
:1049A000CB600308C160030810B5034B03600446E5
:1049B0000FF047FD204610BD9043030810B5044694
:1049C000FFF7F2FF20461BF06DF8204610BD10B532
:1049D0004FF47A73036390F87D30012B044622D1A3
:1049E00090F86C3083F0010384F86C303B4991F807
:1049F000EC31002B54D03A4B1A68236F03F5EA438D
:104A0000303393424CD394F87C30002B48D194F847
:104A10007E30002B48D0012B0ABF94F86D30012363
:104A200083F001033DE0022B01D10123DCE7032BDE
:104A300090F87C1031D12A4AA36F106803F5EA433D
:104A4000303383421CD221B9012384F87C301368AF
:104A5000A36794F86C30126883F0010384F86C301B
:104A6000FA232363A36F03F5FA630021934284F8CA
:104A70006D10BBD284F87C10012384F86C300AE0FE
:104A80000029E6D194F86C30002BF5D0002384F88F
:104A90006C3040F2E7332363A8E70029A6D1F1E7A1
:104AA000002384F86D300AE094F82D20A2B194F828
:104AB0006D2082F0010284F86D2084F82D3091F889
:104AC0005C3013B1002384F86C3094F86C10002033
:104AD0000BF0E9FE206B10BD0123EEE71804002067
:104AE0001004002007B5012100200BF0DCFE00239C
:104AF0000C4A0093009B93420CDD002108460BF00A
:104B0000D2FE0023074A0193019B934206DD03B0C6
:104B10005DF804FB009B01330093EBE7019B01333D
:104B20000193F1E77F4F120007B5012100200BF040
:104B3000BAFE00230C4A0093009B93420CDB002139
:104B400008460BF0B0FE0023084A0193019B9342F4
:104B500006DD03B05DF804FB009B01330093EBE737
:104B6000019B01330193F1E780EE36007F4F120085
:104B7000A0F1300013F08ABF70B54FF4887204467C
:104B80008AB00D4600211AF0F6F906232C220021E6
:104B900004F11400A3801AF0EEF90020F3F73CFCB6
:104BA000D5E91E234FF47A71B3FBF1F31D49206060
:104BB00001FB0233A3601C4B1E683046EEF7B2FFC8
:104BC000E0603046EEF7C6FFB5F84C302384174B53
:104BD00020611B689B8B6384154B1B686BB1D3F8FA
:104BE00038226261D3E98C120A44C4E90621D3F861
:104BF0003C22B3F84032A2622387684619F060FF76
:104C0000009B2363684619F05BFF089B6363094BB5
:104C10001B681BB1DA6E1B6F6262E36220460AB04A
:104C200070BD00BF37894100F0230020A01A00208A
:104C3000542F0020A826002010B504460123A360AD
:104C4000937823750846A16110F012FD2046FEF707
:104C5000F3FCA068003818BF012010BD10B5044651
:104C60000123A360937823754FF6FF73A383074B4B
:104C7000A1610846236210F0FBFC2046FEF7DCFC35
:104C8000A068003818BF012010BD00BF400D030010
:104C90002DE9F84301230B720B740B7690F860201A
:104CA00002F0C003402B04460D4600F1140600F04C
:104CB0004E8130460EF050FFE86094F864301F2BB0
:104CC00040F2678130460EF047FFFD2130460EF07E
:104CD0000DFFB4F95620236B94F95A101205C2EB5C
:104CE0008030B4F95820A3F5963303FB120010F579
:104CF000804094F8542044BF00F5FF407F305A4371
:104D000048BF02F2FF724B4348BF03F2FF33D21297
:104D100002F500429B12534348BF03F2FF33B4F93C
:104D2000522094F850109B1203F50013534313F5CF
:104D3000005344BF03F57F533F33C0139B134343DA
:104D4000002B1A46BCBF03F5FF427F32D2135243F9
:104D5000D2114A4348BF0F32A3EB221020EAE07081
:104D6000B0F1C85FA8BF4FF0C850001312F08CFE1E
:104D70004FF06A5112F0E0FE686194F8603013F071
:104D8000380F00F0088130460EF0E6FEF72130467D
:104D90000EF0C7FE216BB4F940E0CE17B1F5FA3141
:104DA00046F1FF36A1FB01C701FB06F307EB430702
:104DB0000EFB06F24FEAEE7301FB0322AEFB01E3AA
:104DC0001A44B4F942304FEAE37903FB07F80CFBCD
:104DD0000988A3FB0C39120318EB090842EA1E529A
:104DE0004FEA0E3E02D5FF3348F100081B0A43EAA2
:104DF000086313EB0E0342EB2822B4F83E8002F561
:104E00000042A3FB083E08FB02EEBEF1000F02DAEF
:104E1000013B4EF1010E4FEAEE734FEA6E0253EA88
:104E20006E0E00F0BA80B4F948E04FEAEE780EFB5F
:104E300007F70CFB0877AEFB0CCE7744B4F946E0DD
:104E40004FEAEE780EFB06F601FB0866AEFB01E1C9
:104E50000E44760446EADE3600114FEA4E4E1EEB53
:104E60000C0EC0F5801047EB060700F00041B4F9C6
:104E7000446041EA5001C007B0EB0E0007EBC607E3
:104E800040F6354661EB0701A0FB060706FB017102
:104E900012F0C8FF0029064603460A4604DA41F626
:104EA000FF73C31841F100025B0B43EAC24357137F
:104EB000B4F94E2002FB07FC4FEAE27E03FB0ECC66
:104EC000A2FB032E5743F44403FB0C77A2FB0332EF
:104ED000BA1804D56FF07E47DB1942F100025B0E71
:104EE00043EAC2139B1941EB6267B4F94C204FEAC5
:104EF000E27C51430CFB0011A2FB0626891903D565
:104F00002748121841F10001D20C42EA41329B18A5
:104F100047EBE142002A02DAFF3342F10002180AAD
:104F2000B4F94A3040EA026011121022C2FB0301B8
:104F300012F08CF81B4B002212F0B6F812F09EFC17
:104F4000194912F0ADFEE8610120BDE8F883C2F313
:104F5000C20302F007019B0043EA4113134F43EAE7
:104F60009212F42130460EF02BFDD7F80080F32189
:104F700030460EF0A8FD03077FF59BAE3B68A3EB20
:104F80000803B3F5FA6F3FF694AE01200BF01CFD59
:104F9000EDE70748F0E60648D2E70020D0E700BF7B
:104FA000FFFF07000000703F0000C842100400200F
:104FB0000000C07F2DE9F74F354F364C1E46D7F81D
:104FC000E03504EA832404F1FF640C9B04F5F22429
:104FD000144404EBC1244FEAD308ECF7ECF805467F
:104FE00058B9DFF8B49004EBC80844450AD1ECF78F
:104FF000F5F8284310F0FF0001D06FF0040003B073
:10500000BDE8F08FD7F8E025224B03EA822303F1B5
:10501000FF6202F5F222A24204D803F10063013BD1
:10502000A34204D2ECF7DAF86FF01500E7E799F83D
:105030008C33012B2AD001233268D6F804B089F8CA
:105040008C3300230192C9F890330DF0E5FE05463C
:10505000B0B9DFF848A0019ADAF8143043F0010340
:10506000CAF814302260BFF36F8FC4F804B00DF09B
:10507000D3FEDAF8143023F001030546CAF81430E1
:10508000002389F88C3308340836AEE70225FAE7A6
:105090000070FF1F00FCFF03C853002000400058B1
:1050A000F8B5284BD3F8E025274B03EA822303EB1E
:1050B000C12404F1FF6203F1FF6102F5F22201F560
:1050C000F22191423BD803F10063013B934236D376
:1050D0001E4EECF770F896F88C33012B04D1ECF7E8
:1050E0007DF86FF00400F8BD0025C6F890530DF070
:1050F00093FE0746D0B9164D6B69A4F5E044E40A67
:1051000023F47E7343EAC40343F4803343F0020381
:105110006B610DF081FE6B690E4A13406B612B6869
:105120002B68044628B186F88C73D8E786F88C5330
:10513000D5E786F88C03ECF751F82046D3E76FF0FB
:105140001500D0E70070FF1F00FCFF03C8530020CC
:105150000040005805FCFFFFF7B50C4609684B1CE2
:10516000054616460DD0006883690093D4E90123F3
:105170008768B84730B92B6836B9286821460EF0E1
:10518000D0FD002003B0F0BD9B690193A36800939C
:10519000D4E90023314628460DF0D5FB0028F1DB89
:1051A000EBD16FF03300EDE72DE9F74FDDE90C4867
:1051B0000E9E81460F4693469A4686BB304603B004
:1051C000BDE8F08FB4FBF2F302FB13431BBB964226
:1051D00021D3B6FBF2F502FB1565761B00968368BA
:1051E00022469C4651464346E0470028E7D1BBF1A2
:1051F000000F02D1B04434443AE0CDE900862346A2
:105200005246594648460DF09EFB0028D7DBF1D1A7
:105210006FF03300D3E7E31AC7F800A07B603B6868
:10522000D9F8000053458269CCD17B68A342C9D824
:105230009D18A542C6D92D1BE01AB542BB6828BFF0
:1052400035462A46184441461AF034FBD9F8003056
:105250009A692C44B4FBF2F302FB134333B95A4668
:1052600039464846FFF778FF0028A8D1A844751BA7
:105270002E46A2E70FB407B504AB4FF4807153F884
:10528000042B0848019319F00FFE011E05DBFF29CE
:105290000448A8BFFF21EDF741FF03B05DF804EB20
:1052A00004B070476C570020F8B5054690F824000C
:1052B0000F46164610B36B8C9818B0F5806F31D836
:1052C0002B8C984217D9202838BF2020044601464D
:1052D000E8691BF01FF868B1E8612C846B8CE86901
:1052E0003246184439461AF0E5FA6B8C33446B8425
:1052F000304602E0FEE70028F0D1F8BD92B2202A45
:10530000FBD883B29A4295F8BC3004D83344DBB260
:1053100085F8BC30ECE703442B44395C83F89C10DF
:105320000130EEE70020E8E770B590F8243004463D
:105330000E4663B990F8BC30034483F89C1090F893
:10534000BC300133DBB280F8BC30012070BD438C2F
:10535000591CB1F5806F14DC238CC069994208D9BF
:10536000202938BF20210D461AF0D4FF40B1E0615A
:105370002584638CE269D654638C01336384E4E74B
:10538000FEE70020E2E770B504460D4608683AB92A
:10539000E3680E4A002B08BF1346E360002070BD8F
:1053A00042EA0301B1F5803F05D3A3FB026111B1CD
:1053B000E368074AEEE703FB02F11AF0ABFF10B90E
:1053C000E368044AE6E728600120E8E7FD60030897
:1053D0000A61030819610308F7B5846D856ED4F876
:1053E000CC3006463BB3E28A238B9A4223D3A38A6E
:1053F00020699D4209D9202D2F4638BF20273946E4
:105400001AF088FF80B12061A78220692A4606F140
:1054100074011AF04FFA0023E382D4F8CC302583CC
:10542000019513B915F047F8FEE7D4F8D03001A97B
:1054300004F1C400984703B0F0BD806DD0F8DC30B3
:1054400023B100234384D430EDF772B9704738B5E7
:10545000057804462D2D08BF0134204619F02BFB9A
:1054600064235843224614F8013BA3F13001092973
:10547000F8D92E2B0BD15378303B092B07D80A21B2
:1054800001FB03009378303B092B98BFC0182D2DEA
:1054900008BF404238BD38B5B5230B800378A3F16F
:1054A0003002092A04460D4601D92E2B23D120466D
:1054B00019F001FB2378A3F13002092A214604F1F7
:1054C0000104F7D92E2B16D16422B0FBF2F302FBB4
:1054D00013002B800B4B0A24584311F8012F303A4C
:1054E000092A09D900EB800003230130B0FBF3F057
:1054F000002368602B7238BDB3FBF4F303FB02009A
:10550000EBE700BF80969800036910B5044603B12D
:1055100098472046BDE81040EEF7B2BB03692DE97D
:10552000F041044603B19847104BD3F8008004F1D2
:10553000240504F1C4070026D4F8C830B3420FDDB7
:1055400055F8040F50B1036841465B68984700283E
:1055500003DC286803689B6898470136AF42EBD1AB
:105560002046BDE8F041EEF78BBB00BF10040020E1
:1055700037B504460D4601A80191EEF715FC211D33
:10558000284614F0DEFD1AF08DFA63690198013B9C
:10559000636103B030BD2DE9F341214D2B68064610
:1055A000002B3AD05B68002B37D0D3E90034E41AE3
:1055B0001C4BA4105C43836E019300F15C0800F166
:1055C0006007019BBB420BD1336F9C4225D2B56E65
:1055D0000195AF421AD129464046FFF7C9FFF3E7CC
:1055E0002868196902681268904728B901994046ED
:1055F000FFF7BEFF0190E4E701A8EEF7D5FBE0E777
:10560000019B6A695969914238BF1D4601A8EEF7AE
:10561000CBFB03689F42F3D1DDE702B0BDE8F08128
:10562000A01A0020CF467D67F7B58C680546164660
:105630000F1D01235CB90197CBB1CB68BB4213D1DD
:1056400000233C462846C5E9003403B0F0BD236979
:105650003768D4E902029F4238BF012327462ABF98
:10566000002304461446E5E701A8EEF73BFB019B47
:10567000326819699142E3D3E4E72DE9F04F0D4612
:10568000DFF808A20023114680F859302A68DAF8BA
:1056900004309A42A1B0044600F0EB806A2205A8CB
:1056A0001AF008F995F8FA300093002B00F0A98061
:1056B0002846F3F7BBFB002840F0A3802846F3F709
:1056C000E9FAD5F8187181461FB93846F2F7A4FEF9
:1056D0000746626E04F1600846461346A3BBB04518
:1056E0000DD0336999450AD37369BB4204D8FB1ABC
:1056F0004AF6BF00834202D8012384F85930C346DA
:1057000062BBD84503D0DBF81020914574D204F178
:105710005C03182001931AF0BDF90022D8454261BC
:105720000646C0F8109000F1100220D1236F1BB183
:10573000E06E0369994530D803A804F15C01FFF7D6
:1057400073FFDDE903B048E0D3F810C0D3E90201EC
:10575000E14596BF1E460B460346BFE71069D2E9F6
:105760000236814596BF934632461A46C8E7DBF8B3
:1057700010000192814513D2A06ECDF808B0834588
:1057800030D002A8EEF7AEFA0068019A00698145B0
:10579000D2D90298C268002A76D1804512D121E080
:1057A0006BD9E06ECDF808B08345F6D002A8EEF7CD
:1057B000FBFA0068019A00698145BDD2DBF80C2034
:1057C00042B95846036932699A422CBF002301232B
:1057D000009307E0DDF808B0584600284DD0BBF133
:1057E000000FDAD0434602463146009814F045FCDB
:1057F000236F01332367B346CBF814702046FFF7BD
:10580000CAFE9DF858209AF896309A423AD1284616
:10581000F3F740FA1E4A0346102105A81AF0EAFCE5
:105820001C4B28461E68F3F735FA2B7A014605AA69
:105830003046F4F747F8C8B16E683046F3F703FC1A
:10584000A0B9DAF804309E4210D0294612480CF074
:1058500064FD05AB0546E921104A1030FAF760F8FF
:105860000F4BE88129461868F3F7A3F92046FFF7A4
:1058700092FE002021B0BDE8F08F30461AF012F9F8
:105880005E46B8E70120F5E75846ABE7A41A0020CA
:105890009B520308A01A00207C260020F81503085C
:1058A000B812002038B50C4605460EF023FF291D1E
:1058B000846014F020FBEB680133EB600EF01AFFFC
:1058C0002146856014F017FBA3680133A36038BD3F
:1058D00010B5034B036004460FF048F8204610BD96
:1058E000442B030810B50446FFF7F2FF20461AF0D8
:1058F000D9F8204610BD10B5034B036004460FF0E5
:1059000035F8204610BD00BFC42A030810B5044670
:10591000FFF7F1FF20461AF0C5F8204610BD10B57C
:10592000034B036004460FF021F8204610BD00BF72
:10593000242A030810B50446FFF7F1FF20461AF0A9
:10594000B1F8204610BD2DE9F0411546026D9DF8D5
:105950001870044688461E462AB1174B5968174BE3
:105960001868F9F7B4FB236884F858709B692046DF
:1059700098470146E8B1124BC0F804801B79053BFB
:10598000012B98BF0025002F0CBF0A23402380F86D
:10599000FA5080F8223106B10672D1F81431094864
:1059A000236500231A460068F4F784F8002384F87E
:1059B0005830BDE8F08100BFA41A0020A8260020BE
:1059C00018040020B8120020A0F1200013F072B8D3
:1059D0002DE9F7438B684D8923F47F43B3F5A02F5E
:1059E0000C46164621D14868F3F72DFBE8B9052D82
:1059F00040F09080514B1B7C023B012B00F28A80CF
:105A00004F4D2168286803681B689847C0B928680B
:105A1000616803681B68984770B12868616803680B
:105A20001B68984703799BB906E0052D72D1434B5B
:105A30001B7C023B012B6DD8002003B0BDE8F08336
:105A40002868216803681B6898470379002BDED01B
:105A50003C4B1868036832461B6B214698476568C3
:105A60002846F3F7F0FA18B9374B5B689D42E3D14B
:105A70002368002BE0D0354B314ED3F80090DFF88F
:105A8000BC8004200CF0F2FD30682146F3F7D8FF0B
:105A90000C23009398F804000B2302220321FAF749
:105AA00095FB6389042B05462BD1A389432B02D197
:105AB000D4F804312BBB3068216803681B68984711
:105AC0000379F3B9224F3B68DBB1D5B93368988BC2
:105AD0000EF016FBA8B91F4B01211868EEF752F81B
:105AE00078B1D8F8BC61204671B2F3F725FC0236D4
:105AF000B04206DC0095237A216838680122FFF75E
:105B000022FF214614480CF008FC01464846F3F7F2
:105B100050F891E70C4B93F89630002B98D0084D35
:105B200021682868F3F798FC012885D06168286807
:105B3000F3F792FC01288BD17EE700BF1804002008
:105B4000A01A0020A8260020A41A0020B8120020C5
:105B5000542E0020F02300207C260020094B10B595
:105B600003603C3304460362406E0EF07FFA04F19A
:105B700020000EF040FE044B23602046F8F750FC56
:105B8000204610BD8027030848270308A0F1200005
:105B9000E4E710B50446FFF7E1FF204619F082FF65
:105BA000204610BDA0F12000F3E7514B2DE9F04154
:105BB000D3F8A434C76FC367FF1A044618BF012780
:105BC00000255FFA85F840460BF066FF90F83E30FE
:105BD000002B00F08680036C002B00F08280454E85
:105BE00096F86D302BB9444B1B6893F82130002B8D
:105BF0007BD0E26E2AB1414B5968414B1868F9F7E6
:105C000066FA40460BF048FF90F83E3013B1036C43
:105C1000C4F880302046FEF773FB0146002864D0AC
:105C20004FF0FF3343603379052B52D00A2B0CBF62
:105C300046230A2381F82231D1F8143181F8FA7011
:105C4000E366B8F1000F01D081F808802D4F0123E1
:105C500038680022F3F72EFF30790A23052202214B
:105C6000FAF7B4FA002840D096F89830002B3CD0D0
:105C70002548F2F761FC1423054603730021022036
:105C8000F2F7DEFB3379A860022BB16E05F10D004F
:105C900022D00B2B4AF6C00318BF4FF461634FF4B8
:105CA0007A72E1B102FB01F3B3FBF2F217491AF089
:105CB00049FB3868036829465B689847012384F8E4
:105CC0004C3004F1200041F28831BDE8F041EDF79D
:105CD000F9BF00274623ADE74AF6C003DFE7534389
:105CE000E2E70135082D7FF46CAFBDE8F08100BF1D
:105CF000C853002018040020A01A0020A41A002075
:105D0000A8260020B8120020F812002028610308FD
:105D100082B02DE9F04F8FB0834618A880E80C00C0
:105D20001E468D4BD1E91D05D1F88010D3F884A013
:105D30004B1EBAF1000FDBB208BF4FF0640A1E2BF6
:105D4000144610D8C9B2C1F120024FF0FF3393407E
:105D50004FF00042CA4018401D401C4033401044E0
:105D600015441444D61811F035F975A3D3E900236E
:105D700011F09AF980462846894611F02BF970A354
:105D8000D3E9002311F090F9CDE90001204611F08C
:105D900021F96BA3D3E9002311F086F904463046BC
:105DA0000D4611F017F966A3D3E9002311F07CF931
:105DB0002246CDE902012B464046494611F0DCFB64
:105DC00040B1DDE90223DDE9000111F0D5FB002837
:105DD00040F0B3805CA3D3E900234046494611F06C
:105DE0008DFA59A3D3E9002380468946DDE90001F5
:105DF00011F084FA54A3D3E9002306460F46204647
:105E0000294611F07BFA50A3D3E90023CDE9040120
:105E1000DDE9020111F072FA04460D46DDE90401E4
:105E200015F012FECDE900014046494615F00CFE82
:105E3000CDE902013046394615F006FE02460B4612
:105E400020462946CDE90C2315F0FEFDCDE90601DB
:105E50003046394615F040FECDE908012046294676
:105E600015F03AFECDE90A014046494615F034FEE8
:105E700080468946DDE9040115F02EFEDDE90C239C
:105E800006460F46DDE9020111F00EF9DDE90023B7
:105E900011F00AF9DDE9062311F006F9DDE908231E
:105EA00004460D46DDE9020111F0FEF8DDE90023AC
:105EB00011F0FAF8DDE90A2311F0F6F802460B4674
:105EC0002046294610F03AFF324604460D463B462E
:105ED0004046494611F0E8F802460B46204629465E
:105EE00010F02CFF15F0F0FC02460B4604460D4660
:105EF00011F086FC08B10024002515A3D3E9002386
:105F00002046294611F0D0F811F0B8FC20F00044EA
:105F1000CBF80040CBF804A0504611F0B5FD214667
:105F200011F0D4FB003818BF01208BF80800584648
:105F30000FB0BDE8F04F02B070470020E6E700BFA9
:105F400048AFBC9AF2D77A3EF8C1631ADCA54C4040
:105F500000000000CC48584118040020014B18688C
:105F600023E600BF9C1A0020F8E710B5034B03603E
:105F700004460EF0FBFC204610BD00BF802803083D
:105F8000094B10B503603C33044603625030FFF701
:105F9000ECFF04F120000EF02EFC044B23602046A1
:105FA000F8F73EFA204610BD1C280308E427030832
:105FB000A0F12000E4E710B50446FFF7E1FF20461A
:105FC00019F070FD204610BDA0F12000F3E710B5D8
:105FD0000446FFF7CAFF204619F064FD204610BDB5
:105FE00010B504460EF007FC204610BD10B504465F
:105FF000FFF7F6FF204619F055FD204610BD10B5FD
:10600000034B03600446F8F70BFA204610BD00BFAF
:10601000C043030810B50446FFF7F1FF204619F00E
:1060200041FD204610BD094B10B5036040330446C6
:10603000C0F8A03A00F52A600EF0DDFB044B2360A7
:1060400020460EF0C6FD204610BD00BF582B0308A9
:1060500000070308A0F52A60E5E710B50446FFF73E
:10606000E2FF204619F01EFD204610BDA0F52A6073
:10607000F3E710B5034B036004460EF077FC2046AF
:1060800010BD00BF3026030810B5074B044640F88A
:10609000503BFFF7EEFF04F13400FFF7EAFF204624
:1060A0000EF0A9FB204610BD0826030810B50446D3
:1060B000FFF7EAFF204619F0F5FC204610BD10B5A9
:1060C0000446FFF7D6FF204619F0ECFC204610BD31
:1060D000F8B54FF4887204460D46002118F04BFFC6
:1060E00002230020A380F2F797F92346242243F8E5
:1060F000080B0021184618F03EFF012384F82030D9
:1061000023722376237484F82830174B1F6838468F
:10611000EDF720FD154B60621E6896F85030012B9C
:1061200020D196F85A30012B1CD096F85830E360F5
:106130003846EDF7F7FCE061706D10F04BFF0C4B4B
:10614000002211F0DBF811F099FBD5E91E234FF482
:106150007A71B3FBF1F30749606101FB0233E3623B
:106160002046F8BD6523E2E7F023002074260020D6
:1061700000408F403789410070B50E460546FAF75A
:106180008BFDAA6904463346E9211030F9F7C8FBB4
:10619000E081204670BDA0F1300012F0B7BC10B510
:1061A000C4B0044601466846FEF7E6FC694604F1C1
:1061B0003000FFF7E1FF4FF0FF334360002380F82A
:1061C000FA300A2380F82231034B0146186844B0A4
:1061D000BDE81040F2F7EDBCB8120020F8B5424B14
:1061E000424F1D68C36FC567AB4282BF836F0133E7
:1061F000836704463E4B38681E7910BB062E1CD1BF
:10620000012106263B4B1D6881F001012846EDF770
:10621000B9FC78B32846EDF7CAFC58B3082E29D04C
:10622000354B93F861312BB3002120460EF076FCFC
:106230003868002853D1E06EF8BDB31E5942594169
:10624000E0E748F20101F9F7EBF8062E014628D005
:10625000022E30D1002840D0274B2D1AD3F8400110
:1062600001214AF6C0024FF47A73002833D0434329
:10627000AB42C7D9214B1B68D3F8A830002BDAD129
:10628000012120460EF04AFC626F22B1E36F9B1A97
:10629000226F9342CFD32046FFF781FFE36F6367FE
:1062A000C9E70028ACD0144B2D1A0121D3F84001C6
:1062B0004FF46162D7E70028A4D00F4B0B2EA5EB5B
:1062C00000054AF6C002D3F840014FF0000118BFA4
:1062D0004FF46162C7E75343CAE7012192E748F2EE
:1062E0000101F9F759F9A6E710040020B82D0020A4
:1062F00018040020F023002098280020B812002065
:10630000A0F1340012F04ABCA0F1300012F08EBCB3
:10631000094B10B503603433044603635030FFF774
:10632000FEFA2046054B40F8303FF8F779F8204652
:106330000EF061FA204610BDB8290308F84303089F
:10634000A0F13000E4E710B50446FFF7E1FF204676
:1063500019F0A8FB204610BDA0F13000F3E7027948
:10636000034B13F83200003818BF0120704700BFFC
:10637000201100200B4B10B503F13C0203604833A1
:106380000446026343635430FFF7B5FA2046064BD8
:1063900040F8343FF8F744F820460EF02CFA204637
:1063A00010BD00BF442A0308F8430308A0F13400DD
:1063B000E0E710B50446FFF7DDFF204619F072FB59
:1063C000204610BDA0F13400F3E70A4B10B503607E
:1063D0003433044603635030FFF77AFA2046064B05
:1063E00040F8303FF8F71CF820460EF004FA20463B
:1063F00010BD00BFD82A0308F8430308A0F13000FD
:10640000E3E710B50446FFF7E0FF204619F04AFB2A
:10641000204610BDA0F13000F3E7704770B5054687
:10642000084B0360044655F8180FA84204D12046D3
:10643000F7F7F6FF204670BD066819F033FB3046CB
:10644000F3E700BF9428030810B50446FFF7E6FF02
:10645000204619F027FB204610BDF8B50446084633
:1064600015460E4611F0C4F904F108032360002319
:1064700063602372696807460144204614F08CFC6F
:106480003A463146204614F05DFD2946204614F078
:1064900069FD2046F8BD70472DE9F74FDDE90C474F
:1064A0000E9D83468846924699460DB9002064E0C9
:1064B000DBF80000BAF1000F1ED0DAF800304B45CF
:1064C0001AD1DAF80410A14216D886690E44A64201
:1064D00012D9361BAE42DAF8083028BF2E46611AB0
:1064E00038463246194419F0E5F9AD1B37443444B7
:1064F000DCD0DBF80000E0E7D8F8002043694A452B
:1065000017D1D8F80410A14213D8CE18A64210D93A
:10651000361BAE42D8F8083028BF2E46611A3246E4
:106520003846194419F0C6F937443444AE1B354691
:10653000BBE74168B4FBF3F203FB12428C467AB925
:10654000AB420DD8B5FBF3F603FB1656AD1B009519
:106550003B4622464946E04778B92F442C44E6E7BB
:10656000A21AC8F80090C8F804200093D8F80830A0
:1065700049466646B04700289AD003B0BDE8F08F80
:106580002DE9F04786B005460F46144600F1140980
:10659000D6184FF0010A0DF11708B44203D10020BC
:1065A00006B0BDE8F0870094CDE9018A3B460022A1
:1065B00049462846FFF770FF01340028F0D10E98B5
:1065C00001224146FDF7B2F8E7E71FB5069C0092AD
:1065D000CDE9013400220B4600F11401FFF75CFF06
:1065E00004B010BD2DE9F04F8BB013680493002662
:1065F0005368059307460C46B0460DF1100A06ADE8
:106600005AF826901023009300222B46494638461C
:10661000FFF7DBFF70B110F1340F06D146B1B8F1CE
:10662000000F0CBF6FF0330000200BB0BDE8F08FFF
:106630000126E5E7B8F1000F04D0E269069B9B1A3A
:10664000002BEBDB079B23F0004BBBF1130FE5D9CD
:106650003A68D2699345E1D84FF0FF3203A803921C
:1066600029461022FDF762F80090ABF110031022CA
:1066700049463846FFF784FF0028CCD1039B002B06
:10668000CCD10AAA86F0010302EB830304F11C0CAF
:1066900053F8183CA3601023E36095E80F00C4F89A
:1066A00004904FF001088CE80F00B7E72DE9F043A4
:1066B000064695B00F464FF00108336BD6E90D2121
:1066C0009A4261D1002900F0C880F06A3268034420
:1066D000106A526A8A4294BF32633163B3FBF0F4AA
:1066E000002100FB1433F362F06B7163D20818F0E1
:1066F00042FC301DFCF7FFFF0028DED10123039090
:10670000049303993046FCF7DCFF0446002860D16F
:1067100004993046FCF7D5FF0446002859D103AA56
:1067200009A93046FFF75EFF0446002851D14FF01B
:106730000C09119B0C9D23F0004305F10C02043B56
:106740009A4250D9129B039303A8139B0493FCF71E
:10675000D2FF0028D5D0F56806F11409002DACD081
:10676000EB69DA0369D4EB699B030BD501962B6ABD
:1067700000936B6A05F12C02494630460DF094FAFD
:10678000044630BB2D68E9E70139501CB163540958
:10679000F16B706351F8244002F01F0008FA00F01A
:1067A00020428BD1F36A13443268126AB3FBF2F0D1
:1067B00002FB10333B60356B0120736BAB424AD058
:1067C0005A0903F01F0451F8222000FA04F414407F
:1067D00003D1204615B0BDE8F08301337363B36B7A
:1067E000013BB363E9E70A99CDF8009006AB2A466E
:1067F0003046FFF7EAFE04460028EAD19DF81B2048
:106800009DF81A109DF819000DF02AFB9DF818301C
:1068100003F070032844102B0C908AD1089B00933E
:106820002246079B019606F1140130460DF03CFA12
:10683000044600283FF47DAFCBE701966B690093D7
:106840002B6905F12C02494630460DF02DFA04461D
:10685000002888D0BDE70024BBE76FF01B04B8E731
:1068600073B50C4604310646FFF720FF0546F0B924
:1068700004F108013046FFF719FF0546B8B90423B3
:1068800000930246616804F11C033046FFF79DFE49
:1068900010B110F1340F0DD1E3690133E36114221B
:1068A0004FF0FF33C4E90823A3621023E3602846B6
:1068B00002B070BD0546FAE72DE9F04F044689B0F5
:1068C0000E4600F1140B07A92046FFF7EFFE054620
:1068D00058B9DDF81C90206849460DF0C5FB054607
:1068E00000283BD010F1340FEDD0284609B0BDE8A8
:1068F000F08F0DF11B07CDE90087CDF808A0736A72
:10690000059A59462046FFF7C7FD70B9CDE9017ACF
:10691000CDF800804B465A4604F120012046FEF790
:1069200043FC20B110F1340FCDD00546DDE708F16E
:106930000108B36A4345DCD82368A16A9A69706B81
:1069400018F0B8FF236AF362636A2068336304F1C6
:1069500020010DF0E6F9C6F82490C6E706F12C03F5
:10696000804605934FF0010AE3E72DE9F743074618
:106970000C46164601F124084FF01009216AE2681E
:1069800021F0004302F10C00043B984215D80C237F
:1069900000936168331D3846FFF717FE054688B936
:1069A000E768F279B179707937600DF059FAA36927
:1069B00007440344E760A36104E0002906DB32607A
:1069C0006FF00105284603B0BDE8F083424621463A
:1069D0003846FFF707FE05460028F3D1A369C4F83F
:1069E0000C901433A361C9E72DE9F8430546043040
:1069F0000F4614461E46FCF77EFE10B10020BDE88F
:106A0000F88301235062936202F1240806F1080919
:106A10004046FCF770FE0028F0D142462146284649
:106A2000FFF7E0FD0028EAD1324621462846FFF76D
:106A30009CFF10B1831CEBD0E1E7337903F07003C6
:106A4000202BF1D139464846FCF75FFE0028EBD1F8
:106A50000120D4E7CB695A032DE9F04144BF23F468
:106A60008023CB61CB6944BF4FF0FF32CA629B03E6
:106A700090B005460C4652D50F6A2C22002102A880
:106A800005F1140618F077FA2369069396E80700D3
:106A9000636907930123CDE9093710AB03E90700C8
:106AA0004FF0FF38C5F81480226A63699A4213D305
:106AB00004F12C08324641462846FEF74DFB18B338
:106AC00010F1340F05D121462846FFF7F5FE0028C6
:106AD000F0D010B0BDE8F08101230DF1070202A94A
:106AE000284600F09BF80028F3DB01230DF1070294
:106AF0002146284600F038F90028EADB6B690133AB
:106B0000D2D0CDF83480CDE7636A2361236A636114
:106B1000E36923F4003343F48033C4E907370020EA
:106B2000D7E770B592B006460C46FFF793FF0546CF
:106B300050BBE36903F41023B3F5803F24D1221D39
:106B40001046FCF7D8FDF8B907A93046FFF74AFD13
:106B5000E8B90C23E26808990093304604ABCDE90C
:106B6000045506950392FFF730FD80B9236905931C
:106B700003AA6369069307A930460BF0CDFE30B92E
:106B8000E36923F48033E361284612B070BD054603
:106B9000FAE7037D23B90369816903F10C00C0E7BB
:106BA000704770B585690446A5B1037D0669ABB130
:106BB000F36906F11C021BB19D4219680BD11160EB
:106BC000A06918F06FFFE0690025A56108B118F011
:106BD00069FFE56170BD1A460B46ECE7294606F1F0
:106BE0000C00FFF79EFFB36906F118021BB19D422E
:106BF000196810D11160AB690BB11B682BB9F36830
:106C00005B6B13B9686B18F04DFFA06918F04AFF71
:106C10000023A361DEE71A460B46E7E72DE9F04FB4
:106C20001D46CB69904603F00302022A87B007464F
:106C30000C4654D09A0305D4236A6669B34208D33C
:106C4000002003E0FFF706FF0028F5D007B0BDE8FD
:106C5000F08FF61AAE4228BF2E4604F12803B14643
:106C600004F12C0A059304F1240BB9F1000F01D1B2
:106C70003046EBE7E3695B0304D53B68A26ADB6956
:106C80009A4210D1059BCDE901B3236A0093D4E960
:106C90000423514638460CF0C0FF0028D6D1E369E2
:106CA00043F48023E3613A68A36AD5690093ED1A3F
:106CB0004D4528BF4D46CDE901850022636A514606
:106CC0003846FFF7E9FB0028C0D1236A2B44236232
:106CD000A36A2B44A362A844A9EB0509C5E76FF09A
:106CE0000800B3E71346027D10B432B904690A46BE
:106CF000816904F10C0010BC90E7002010BC7047C3
:106D000007B501220DF10701FFF7ECFF0028CCBF0A
:106D10009DF807004FF0FF3003B05DF804FBF7B5B6
:106D200004460069237DE3B9A1698DF807300DF1B0
:106D3000070201230C300F6AFFF770FFA6690028D5
:106D40002069C8BF9DF80750314600F10C00D8BF3C
:106D50004FF0FF35FFF77EFE00B93762284603B0DB
:106D6000F0BD4FF0FF35F9E72DE9F04F8FB0CDE9D9
:106D70000623CB6903F00302012A05460C4600F006
:106D80001B815E0315D4E66932051BD416F4003668
:106D90001ED005F11403DDF81CA0099304F12C08A2
:106DA000E369BAF1000F26D123F40023079AE361C7
:106DB00004E0FFF74FFE02460028E4D010460FB073
:106DC000BDE8F08F6269216A914238BF2262DDE737
:106DD000276A63699F42DCD92362236A9F42D8D91C
:106DE0000DAA0123214628468DF83460FFF7BCFF29
:106DF000021EF2DAE2E79B0324D52B68A26ADB6964
:106E00009A4240F098802B681B6AAB6305F114032B
:106E10000493D4E90832CDE90B230DA92846FFF7E6
:106E200045FC024608BB0D9B2868059319460DF0EA
:106E30001BF9024618B312F1340F16D14FF0FF338D
:106E40002B62EAE7236A002BDDD004F128020292CC
:106E5000013B04F1240201920093D4E9042341464A
:106E600028460CF0DAFE024620B1E36943F4002321
:106E7000E361A3E7286841460CF053FFC3E70C9F8A
:106E80002E680890002F4FD0013F0CA930460C9778
:106E90000CF0A6FE0C9FF369089A01379F420C97ED
:106EA00068D1461C96FAA6F6B6FA86F606F1010BEC
:106EB00091460BAF4FEA890308930423CDE9017390
:106EC0004FEA890300934146DDE904232846FEF793
:106ED0006BF90B9B02460028ADD14E4550D109F10C
:106EE0000109CB45E6D84FEA8B071DE00022CDE92A
:106EF000016B0B9B0499CDF800902846FFF7CCFA64
:106F000002460028B1D1DDE90423CDE9016BCDF8BB
:106F1000009041462846FEF747F9024600288AD1EC
:106F200009F101094F45E1D8059BC4E90937E36937
:106F300043F40033E3612B68DE69A36AF61A564511
:106F400028BF5646069B02960193A36A0093099AAE
:106F5000636A41462846FEF727F90246E8B110F178
:106F6000340F82D121462846FFF7A6FC02460028AE
:106F7000E8D07AE791464FF0010B0DF12B06D1E7EF
:106F80000421CDE901710899009128460499FFF781
:106F900083FA02460028A2D067E7236A33442362BB
:106FA000A36A3344A362069B334406932B681B6A8F
:106FB000AB63AAEB060AF3E66FF00802FEE613469F
:106FC000027D10B54AB904690A46816904F10C00D2
:106FD000FFF7CAFE20EAE07010BD0020FCE7F7B51D
:106FE000044604300E461546FCF785FB10B1002020
:106FF00003B0F0BD009001236A4629462046019364
:10700000FFF7F0FA0028F3D105F124073846FCF722
:1070100072FB0028EBD131463846FCF776FB38B1DD
:107020003A4629462046FFF7DDFA0028EED0DFE792
:107030000120DDE730B5044693B004300D46FCF77F
:107040005AFB10B1002013B030BD0190012301AAFA
:1070500007A920460293FFF7C5FA0028F3D110A82C
:10706000FCF749FB0028EDD110AA07A92046FFF73D
:10707000B9FA0028E7D103AA07A92046FFF775FC53
:1070800010B1831CEBD0DEE79DF91030002BF2DB52
:107090000822294605A817F044FF0028EBD101205B
:1070A000D1E72DE9F04F87B01F68049340F6220323
:1070B000536043689360DFF8289183680391054625
:1070C0001446D3604946384619F0D0F907EB00085A
:1070D00083464946404619F08FF90128064608EBD9
:1070E000000A05D117F80B302E2B0AD15746E9E7D5
:1070F000022806D102463B49404617F012FF0028FD
:10710000F4D057464FF0010B4946504619F0AEF9FE
:1071100082444946504619F06FF9024690B1022860
:107120000CD105902F49504617F0FBFE059A28B95F
:10713000BBF1010B04D10AF10207C3E70BF1010B0C
:107140009244E1E798F8000000283DD0049BC3F882
:1071500000802379222B3FD104F1080A039952467B
:107160002846FFF73FFA78BB05F1140B0399224636
:107170002846FFF7FAFB38BB237903F07F03112B76
:1071800001D0222BF2D1E379B342EFD123686279A7
:1071900004331344A279CDE900861344039A594677
:1071A000526828460BF0CFFB00280DDBDED094F9A7
:1071B0000430002B86DA51462846FFF73BFF0028B3
:1071C00005D001DB6FF0010007B0BDE8F08F237937
:1071D00003F07F03237175E76FF01300F4E700BF3E
:1071E000205403086361030870B594B015460391F9
:1071F00003AB05AA09A90646FFF753FF0446C0B929
:1072000001464FF48472284617F0B5FE9DF81830F9
:107210002B70112B04BF089B6B60311D07A8FCF776
:1072200074FA05F10803044630B90C49184618F001
:1072300039FB204614B070BD059A9DF819109DF8D1
:107240001B00009004320A449DF81A1030460A448C
:107250000A99FFF7BAF90446EBE700BF2054030888
:10726000F0B5012680F84060A7B004460430FCF772
:1072700042FA0546002878D101462C2205A817F0CD
:107280007AFE4FF000432822294610A80D9317F0EC
:1072900072FE1A9623681B6A9D4202D36FF0330078
:1072A00020E019A8FCF727FA00285ED119AA10A936
:1072B0002046FFF797F9A8B90D9B002B34DB01ABF3
:1072C0001BAA0EA92046FFF78FFB00280ADB0BD173
:1072D000199B0E931A9B0F9300231A4605A920466B
:1072E00000F0E8F827B0F0BD039A0E99049B0F98C0
:1072F0008A4201D1984217D0904201D1994213D0CD
:107300000E92E8E79DF97030002B0DDA1DA920469A
:10731000FFF790FE0028E5DB1BD01BAA10A9204632
:1073200000F000FA0028DDD11BAA10A92046FFF7C3
:107330001CFB0028E6D0831CD4D110AF0FCF05AEC4
:107340000FC60FCF0FC697E80700013586E8070084
:10735000A0E79DF870301BAA03F07F0310A9204618
:107360008DF870300BF0D8FADCE70020BAE72DE991
:10737000F04F0546B2F1000893B04FF0380089464F
:1073800040F2031708BF012718F084FB0446A861E8
:1073900018B32E69CDF8089007F00309B9F1010F71
:1073A00006F10C0A0BD102AB03AA07A95046FFF75E
:1073B00078FEB0B99DF81030222B37D108E096F84E
:1073C0004C30002BEFD15046FFF74AFF0028EAD09F
:1073D000A86918F067FB0023AB61002013B0BDE87B
:1073E000F08F0230F4D1DDF808B02F21584618F0A4
:1073F000F6FF0028ECD1FA05EAD540F611028DF827
:10740000120001905846ADF8102010F0F1F9019BE0
:107410008DF813004FF0FF320592069303AA5B46E6
:1074200007A950460CF020FD0028D1D10023089A6E
:107430006260C4E90773099AF768A361A2604FF01C
:10744000FF33039AE260E362059A7B6B2261069A3E
:107450006261DBB9B9F1010F25D1786918F01AFB27
:1074600060630028B4D0B3692360B8F1010FB46140
:1074700008D1AC69286921460C30FFF7EBFA08B94E
:107480006369236200232B750120A7E7B269002AF4
:107490009ED1B9F1010F6363E5D004F12C013846A8
:1074A0000CF03FFCDFE7B86918F0F4FA60630028DD
:1074B000F3D18DE72DE9F04F9DB00D460893CB69D0
:1074C00004920133CB610B1D0646069308984B6866
:1074D00089680593C5E9011302EB001413469C4229
:1074E00012D1059B0C9300230B91079369683068B8
:1074F0000CF0BAFD044678B114F1340F00F0898025
:1075000020461DB0BDE8F08FD8682A6A024458684A
:10751000121A2A621033E2E705F11C084FF0FF331C
:10752000102241460DA810270D93FCF7FFF8CDE976
:107530000187009406F1200922466B6849463046CF
:10754000FDF732FE04460028D6D18246B84626E032
:10755000089B9A456CDA049A4FEA0A1302EB0A1B5D
:10756000D358434564D1DBE902420DA82146099274
:10757000FCF7DCF8099A0097CDE9014249466B68AF
:1075800000223046FDF710FE04460028B4D1DBF897
:1075900004309844DBF80C300AF1010A1F442B6ACE
:1075A00023F00043043BBB42D2D80DF13408CDE9AF
:1075B0000078042302936B68002249463046FDF7A9
:1075C000F3FD0446002897D14FF0FF37024677615C
:1075D00049463046FDF7C0FD044600288CD130688E
:1075E000036998470446002886D12B6A0A970AAA9D
:1075F000009223F0004302466968043B3046FEF7E0
:10760000BFFF044600287FF47BAF0A9A0D9B9A4285
:107610003ED04FF0FF3333620127002311A90BA89E
:10762000CDE91137FCF771F840BB6FF0330467E721
:107630004FF0010B0599CDF800B011AB4246304632
:10764000FEF7C3FF044600287FF45AAF5A4611A93B
:107650000DA8FCF76BF811ABCDE90073CDF808B0BD
:1076600022466B6849463046FDF79EFD04460028D9
:107670007FF442AF08F10108013790E706993046E0
:10768000FFF714F8044600287FF43AAF07972DE778
:10769000079B23B3434611AA0BA93046FFF7A4F971
:1076A0000028FFF62EAF29D06B680F934246AB68D7
:1076B000109311A930460BF02FF900287FF421AF69
:1076C000311D0BA8FCF721F818B96B687360AB6823
:1076D000B3603046FFF7C4FD00287FF412AF346971
:1076E000002C3FF40DAF0699201DFCF70EF818B9D9
:1076F0006B686360AB68A3602468F1E711AA0BA90B
:107700003046FFF76CFC0028FFF6FBAEE7D06B6855
:107710001A93AB681B9300231A4611A93046FFF752
:10772000C9FED9E72DE9F04F14460D46D279A1796B
:107730008DB0804660790CF093FB2B6A143023F0F7
:10774000004383421DD101AA291D4046FFF747FC93
:10775000061E12DB099A002A13DA2B6A63F0004333
:10776000134009936B6A0A93AB6A0B9300231A4682
:1077700001A94046FFF79EFE064630460DB0BDE823
:10778000F08F2368E279A179607901930CF068FBAE
:107790000023CDE903330290012301AA2946404684
:1077A000FFF788FE06460028E7D1D8F80C7005F1EF
:1077B000040B4FF0FF3AD7B9D8F8107005F1040860
:1077C000002FDAD04146381DFBF79FFF68B9FD68EE
:1077D00023689D4209D9E279A17960790CF040FBD8
:1077E000BB692D1A1B1AFD60BB613F68E8E759466B
:1077F000381DFBF78AFF30B9D7F80C9023689945FC
:1078000003D1C7E901AA3F68D5E7FCD9E279A1799C
:1078100060790CF025FBA9EB0000F860F3E7FEE7C8
:10782000004870477058002080B582B000AF786083
:107830002948FDF71FFD7B681B6819462748FDF79F
:1078400019FD7B685B6819462548FDF713FD7B68C9
:107850009B6819462348FDF70DFD7B68DB681946D8
:107860002148FDF707FD7B681B6919461F48FDF796
:1078700001FD7B685B6919461D48FDF7FBFC7B68D1
:107880009B6919461B48FDF7F5FC7B68DB691946C7
:107890001948FDF7EFFC194B1B6803F00103002B9F
:1078A00014BF01230023DBB2002B00D001BEFDF783
:1078B00019F9FDF717F9FDF715F9FDF735F9FDF79A
:1078C00033F9FDF731F9FDF70DF9FDF70BF9FDF788
:1078D00009F9FBF749FFEAE70063030810630308AF
:1078E0001C63030828630308346303084063030828
:1078F0004C6303085863030874630308F0ED00E069
:1079000010B5074B044640F8243B13F0C1F920465C
:10791000044B40F81C3B12F049FB204610BD00BF51
:10792000106B0308846B030810B50446FFF7E8FFEB
:10793000204618F0B7F8204610BD2DE9F041144656
:1079400081B9164DDFF858802F6847F22F56404610
:107950000AF0A8FE30B1642009F036F82B68DB1B72
:10796000B342F4D90F4D28680368DB6B98470E4883
:107970000AF098FE14B91F200EF0FCF80B4B1868A3
:1079800008B1F7F7B1FD0021084608F08CFF286820
:107990000368BDE8F041DB6B184700BF100400200E
:1079A000A0520020E4260020CC0F0020B82D00209B
:1079B000A0F1200011F084B990F82C302DE9F041AD
:1079C000674D0446B3B1002380F82C30654BD5F8E1
:1079D00044211B79022B1AD00B2B4AF6C00318BF87
:1079E0004FF461634FF47A70A2B150430022012139
:1079F000FFF7A3FF95F8483173B995F84931002B8B
:107A00003CD1236820469B69BDE8F04118474AF6FF
:107A1000C003E7E75843E9E794F87030002B31D111
:107A2000514B1F684FF0FF36002F5AD14F4F4D4B2F
:107A3000386893F8048000285CD14D4B1D68B8F17C
:107A4000060118BF01212846ECF79CF800286CD0ED
:107A50002846ECF7ACF8002867D0002120460AF051
:107A6000CBFC386818B148F20201F7F795FDA36F17
:107A70009E42304628BF1846BDE8F08194F8703029
:107A8000002BBED0002384F8703095F84831002BCD
:107A9000B7D0354D2B6805F2AC40002B14BF4FF426
:107AA0007A714FF0FF31FEF75AFC002805F5996016
:107AB00018BF6FF00041FEF752FC002805F2E440C9
:107AC00018BF6FF00041FEF74AFC30B905F5A06021
:107AD000FEF745FC08B9013193D0BDE8F0410AF04A
:107AE000A5B8786803689B6A984786423F6828BFB4
:107AF000064699E748F20201F7F792FC00289CD06D
:107B0000B8F1020FD5F8441125D0B8F10B0F4AF6A1
:107B1000C00218BF4FF461624FF47A73F1B14B4366
:107B2000144A1268121A9A4287D2E26F2AB1114B94
:107B30001B689B1AA26F9A4299D80F4B1B68D3F807
:107B4000A830002B93D1012120460AF055FC094BA7
:107B50001B68E3678BE74AF6C002DDE75343DFE7C4
:107B60009828002018040020C8530020B82D0020B9
:107B7000F023002010040020B812002090F82C30D0
:107B800070B55B4E0446B3B1002380F82C30594BDE
:107B9000D6F854211B79022B16D00B2B4AF6C003C2
:107BA00018BF4FF461634FF47A7082B150430022E2
:107BB0000121FFF7C2FE96F8503153B923682046E1
:107BC0009B69BDE8704018474AF6C003EBE758438D
:107BD000EDE7484BD6F854211B79022B46D00B2BEE
:107BE0004AF6C00318BF4FF461634FF47A75002A58
:107BF0003FD0554394F86C30002B3FD0002384F8DD
:107C00006C3096F85031002BD8D03B4D05F2AC408B
:107C1000FEF7A5FB78B395F8B834002B0CBF6FF0D6
:107C2000004100213548FEF79AFB30B195F8283520
:107C3000002B0CBF6FF0004100213148FEF78FFB95
:107C400030B195F8D434002B0CBF6FF00041002107
:107C50002C48FEF784FB28B92B48FEF780FB08B9B7
:107C60000131ABD0BDE8704009F0E0BF4AF6C00377
:107C7000BBE75D43BEE74FF0FF31D3E7234E3068EB
:107C8000A0B9234B1868EBF792FFD0B10021204632
:107C90000AF053FB306818B148F20501F7F77CFC95
:107CA000636F9D42284628BF184670BD48F2050103
:107CB000F7F7B6FB0028E4D0164B1B681B1A9D4251
:107CC000DFD9A26F2AB1134B1B689B1A626F9A42CD
:107CD000E6D8114B1B68D3F8A830002BE0D1012166
:107CE00020460AF02AFB0B4B1B68A367D8E700BFAE
:107CF0009828002018040020C8530020E4580020D1
:107D000090580020AC580020C8580020B82D002002
:107D1000F023002010040020B81200202DE9F341C8
:107D20001F4690F8BE30012B04460E46154640F023
:107D30009480A38A00699A420CD9202A904638BFC1
:107D40004FF02008414618F0E5FA00284DD0206198
:107D5000A4F81480002F49D1AA23414FA3657600CF
:107D60003B682069A26DF1B2002694F86DC0BCF1A9
:107D7000200F6CD194F86CC0BCF1010F67D00123C7
:107D800084F86C30222384F86D30102384F86E3030
:107D900000232367A4F85650324BA2652366B4F83B
:107DA000563020659BB2FF2B9EBFB4F85630A4F826
:107DB0005430A36DE06D82BFFF23A4F854304FF020
:107DC0008073122804D1AA2A02D0B2F52A4F17D103
:107DD000A26DAA2A0DD10022A265B4F8562092B253
:107DE000FF2A00D8A36D204A0BE0FEE74FF42A4398
:107DF000B3E7A26DB2F52A4FEFD14FF00072EBE777
:107E0000002204F12C08009294F854204046E9F72F
:107E100006FA002384F86C3002214046E9F716FA8E
:107E20003B6894F86D20202A06D0632E04D83E6863
:107E3000226FF61A002AF4D0632E236F0BD853B9A1
:107E40000023E3822583284602B0BDE8F0813E6826
:107E5000F61A642E89D90025F2E70025F3E700BF62
:107E6000100400202D160008002400800346C0697D
:107E700018B11A8C002117F07EB870472DE9FF4722
:107E8000044600294DD1AA2394F8BE20A365012AF7
:107E900040F017818C4E638C94F81A80D4F81CE063
:107EA000316804F12C07002B68D1039394F86D30EE
:107EB000202B46D1E56AAB6913F4004341D194F815
:107EC0006C1001293DD084F86C2048F00079242200
:107ED00084F86D2049F4205923674FF0100AA36BF2
:107EE000012B06BF48F0007343F400534B466B6010
:107EF0003168AB69AA69C3F34013C2F3001213439C
:107F000012D0AB69DB06384622D40AF0D9FEC0B9DC
:107F10002023EB6184F86D3084F86C0000256DB28D
:107F2000C2E04FF42A43AFE73268521A642AE0D91C
:107F3000202284F86D20226F84F86C3042F02002F9
:107F4000226794F86D30202B40F0AD800225E6E7E3
:107F50000AF0B6FE0028F4D12022C5F81CA0EA6180
:107F6000039B01330393039B002BB8D084F86D204F
:107F7000236F84F86C0013432367E2E7A06D0025AC
:107F800094F86D20202A40F0898094F86C20012A12
:107F900000F08480012284F86C20212284F86D2076
:107FA000102284F86E2000222267A4F85630A065C3
:107FB000464B2366B4F85630C4F850E09BB2FF2B12
:107FC00099BFB4F85630A4F85430FF23A4F85430C5
:107FD000B4F8542094BFA36D4FF0807320F0007C60
:107FE0009AB1BCF1000F25D1D4F82C901EF8011BDA
:107FF000C9F82810B4F85610C4F850E0013989B215
:10800000A4F85610511EA4F85410E16D112904D1A2
:10801000AA2802D0B0F52A4F15D1A16DAA290BD1FB
:108020000021A165B4F8561089B2FF2900D8A36DCC
:10803000274909E00022E8E7A16DB1F52A4FF1D107
:108040004FF00071EDE700210091BCF1000F22D14B
:10805000D2B241463846E9F7E2F8002384F86C30A2
:1080600001213846E9F7F2F8336894F86D20202AA8
:1080700006D0632D04D83568226FED1A002AF4D09B
:10808000632D236F0FD899060DD45A0717D4002BF0
:108090003FF444AF07E094F85420DAE735686D1AEE
:1080A000642D7FF66DAF04252046FFF7DFFE002329
:1080B000638484F82430E8B204B0BDE8F087032577
:1080C0002DE70425F7E700BF100400202D16000857
:1080D000002000800121D1E670B5012581F888508B
:1080E000027D8369AA409A76044683F824500022D0
:1080F00080695A840E460621EBF7F0FDA069FFF770
:10810000E9FF20B11148C6F88C00012070BD217D27
:10811000A0692B460322FFF701FE0028F2D0A069D8
:1081200003685B6998470502A06903685B69984723
:108130000543A06903685B6998472D0228430FF047
:10814000A3FC03490FF0ACFDDDE700BF000080BFDA
:1081500000002041F8B5012581F83C50027D83697B
:10816000AA409A76044683F8245000225A848069F3
:108170000F462946EBF7B2FDA069FFF7ABFF64207D
:1081800008F022FC217DA0692B460322FFF7C6FDE3
:10819000A06903681B699847022823DDA06903686A
:1081A0005B6998470546A06903685B69984706467E
:1081B000A06903685B6998472D04360205F47F05C2
:1081C000B6B23543C0B228430FF05EFC06490FF04B
:1081D00067FD064904460FF08DFA00B1034C3C647C
:1081E0000120F8BD0024FAE700007A4400A08C4585
:1081F000002110B50446C1820183006910B1A28A32
:1082000016F0B9FE002363842046BDE810402DE639
:10821000684B984210B540D14FF0B044664AD4F84C
:1082200088301B0903F4407343F44033934215D064
:1082300002F58072934215D0E9F786FDA2685F4986
:10824000A368C2F30312C3F3022351F82220B0FB48
:10825000F2F05B4A52F82330D84001E0E9F774FDB0
:1082600028B110BDE9F764FD012800F09F804FF0B0
:10827000B0435149D3F888301B0903F4407343F4E9
:1082800040328A4200F08B8001F580718A4200F012
:108290008D80002B00F08680FEE74A4B98423DD14E
:1082A0004FF0B044484AD4F888301B0903F44063C7
:1082B00043F44023934215D002F58062934216D0D6
:1082C000E9F742FDA2683D49A368C2F30312C3F374
:1082D000022351F82220B0FBF2F0394A52F8233041
:1082E000D84001E0E9F730FD0028BAD103E0E9F712
:1082F0001FFD01285AD04FF0B0433349D3F88830DE
:108300001B0903F4406343F440228A4247D001F53D
:1083100080618A424AD0002B44D0FEE72B4B984222
:1083200046D14FF0B0442A4AD4F888301B0903F4F0
:10833000405343F44013934215D002F580529342C8
:1083400017D0E9F701FDA2681C49A368C2F3031224
:10835000C3F3022351F82220B0FBF2F0184A52F87E
:108360002330D84001E0E9F7EFFC00287FF479AF33
:1083700003E0E9F7DDFC012818D04FF0B0431449C1
:10838000D3F888301B0903F4405343F440128A4267
:1083900005D001F580518A4208D01BB1FEE70D4B94
:1083A00018685EE7BDE81040E9F7D0BF0A4858E713
:1083B000002056E70054004000010300A805030810
:1083C000340703080058004000040C00005C004023
:1083D00000103000040000200024F4002DE9F04FCC
:1083E000934B0A4603EBC2029FB0D2F83845049182
:1083F00084424FEAC10105D1D2F83C85B8F1000FA3
:1084000040F011810B448B49049CC3F8380501EB03
:108410005003B3FBF0F0884B1C2202FB04334FF0F7
:10842000FF38D3F88C2193F8A65101EB5204B4FB2A
:10843000F2FAB3F8A2410594059EB3F89C41B3F853
:10844000A4210E92344414940E9EB3F89841CDF8B2
:108450003CA03444EA1C4243323CA41A24EAE474AB
:10846000059E0694B3F89A41A41BA4F582740244B5
:10847000A21A22EAE272079200FB05F20892D3F8F0
:108480009021B1FBF2F21592D3F89421B1FBF2F2F4
:108490001692089A02EB4002323212924242039242
:1084A000129A00261021821810910A963407059D11
:1084B0001C940E9CF1B22C441391129911946FF0FC
:1084C0000105AAEB0404511A05FB024418940D910E
:1084D0004FF00009149C0D9DAC4200F293801C9C4F
:1084E000049F49EA04041B94514C002504EBC70483
:1084F00002951D94069C029FBC427AD8079CBC4200
:1085000077D3109C139FBC4273D00A9C0134072C74
:108510000A9400F28880B3F89E4117941B9C2C4368
:108520001A94089C171B119C14440C94189C0B94CF
:1085300000240094089CDDF85CC03C44A44548D26B
:10854000A7F13204B0EB940F43D2DDF868C0009C71
:1085500044EA0C04DDF830C01994A2EB0A04644428
:10856000DDF82CC0CDF824C0019496464FF0000CE5
:10857000019C0AEB040B169C5C451BD8159C5C45C2
:1085800018D3B3F8A0B1F34514D8704512D2019CAA
:10859000DDF824B01BEA240B38BFA3460F9CA3458B
:1085A00008D2199C4CEA04081D9CC4F83C85139C15
:1085B000CDE90FB4019CDDF824B00C440194039C78
:1085C0000CF5807CA344BCF5803FCDF824B08E44EC
:1085D000CED1009CDDF80CC0013400940B9C6444A7
:1085E0000B940C9C0C440C94009CB4F5807F0F44BD
:1085F000A0D1029C05F580350C44B5F5801F02948E
:108600007FF478AF0D9C09F580190C44B9F1807F97
:108610000D947FF45FAF03990136091A102E039170
:1086200002447FF443AF40461FB0BDE8F08F00BF67
:10863000C853002000CA9A3B9C42030810B590F82A
:108640009130012B044604D1436E13B1836E04387C
:108650009847022384F89130002363662046BDE8E2
:1086600010400CF0F5BF436E1F2BDEBF436E01338D
:10867000436690F89130012B04D1416E7031014472
:108680000AF0F8BB7047024BD3F85005E8F7B2BDCB
:10869000C8530020024BD3F85005E8F73DBF00BF98
:1086A000C8530020024BD3F85405E8F7A3BD00BF20
:1086B000C8530020024BD3F85405E8F72DBF00BF84
:1086C000C8530020024BD3F85805E8F793BD00BF0C
:1086D000C8530020024BD3F85805E8F71DBF00BF70
:1086E000C853002070B590F8E930DE07044640F129
:1086F000288190F8EA20A2F1410105294BD8373AA8
:1087000094F8EB10A1F1410012010528D2B249D82A
:1087100037390A4494F8E81094F80B01D2B2914228
:1087200040F00381D4F8242113F0020302F1010286
:10873000C4F824213DD1002842D194F84C2055079B
:1087400008D594F85C00D4F81011002840F0E080BF
:1087500084F84C0094F890305D070BD5D4F81021C4
:10876000C4F89C2043F00303D4F89820C4F8942064
:1087700084F8903094F8C83058076DD5D4F810219B
:10878000C4F8D42043F00303D4F8D020C4F8CC209C
:1087900084F8C83060E0A2F16101052994BF573A1E
:1087A000303AADE7A1F16100052894BF573930395F
:1087B000AFE7D4F81C210132C4F81C21002863D093
:1087C000012849D194F83820500707D594F848106B
:1087D000D4F81001002941D184F8381094F84C20C5
:1087E000510707D594F85C10D4F81001002940D146
:1087F00084F84C1083B323785A0713D5D4F810218A
:108800006263E2696260226AA26094F824202273A3
:10881000A26A2261E26A626143F0030394F83020A5
:108820002276237094F860305E0708D5D4F81021C2
:10883000E26643F00303A26E626684F8603094F847
:1088400070305D0708D5D4F81021E26743F00303C8
:10885000A26F626784F87030012071E042F0030279
:10886000216C84F8382000226064E16384F8482099
:10887000B4E742F00302616D84F84C200022A06549
:10888000216584F85C20B5E794F84C20500706D5A4
:1088900094F85C00D4F81011D0BB84F84C00237815
:1088A000590713D5D4F810216263E2696260226A25
:1088B000A26094F824202273A26A2261E26A6261B3
:1088C00043F0030394F830202276237094F880302C
:1088D0005A070BD5D4F81021C4F88C2043F00303B9
:1088E000D4F88820C4F8842084F8803094F8D830F4
:1088F0005E077FF52FAFD4F81021C4F8E42043F0D1
:108900000303D4F8E020C4F8DC2084F8D83021E751
:1089100042F00302A16584F84C20616D21650022BC
:1089200084F85C20002BBAD114E7012802BF002391
:10893000A366A367D4F820310133C4F820310020A6
:1089400070BD90F80C2122BB00F1EA0528460EF01C
:108950004FFF052814D104F1EC06B6490322304636
:1089600016F011FB18B9012384F80B31E7E7B2497F
:108970000322304616F007FB10B984F80B01DEE73E
:10898000AE4928460EF0DAFE08B90223ECE70323CD
:10899000EAE790F80B01022844D1132ACFD8A8495E
:1089A000012393400B422CD1A6490B4217D1022A36
:1089B000C5D104F1EA0016F07AF8451E042D03D95A
:1089C000FF2384F80E31BAE72DB92822294604F195
:1089D000A00016F0D0FAAD0084F80E51AFE794F97C
:1089E0000E51002DABDB043A05EBA205132DA6DCDE
:1089F00004F1EA0016F05BF804EB450585F8A100E8
:108A00009DE794F90E51002D99DB043A05EBA20580
:108A1000132D94DC04F1EA0016F049F8503504F8FF
:108A200015008CE703288AD042EA4012013A282A2E
:108A300085D801A050F822F0DD8A01080D8B0108CD
:108A40002B8B01083D8B0108538B0108A78B010874
:108A5000C38B0108D98B0108EF8B01083F890108FE
:108A6000118C01083F8901083F8901083F890108ED
:108A70003F8901083F8901083F8901083F890108B2
:108A80003F8901083F8901083F8901083F890108A2
:108A90003F8901083F8901083F8901083F89010892
:108AA0003F8901083F8901083F8901083F89010882
:108AB0003F8901083F890108DD8A0108F78A01081A
:108AC0000D8B01082B8B01083D8B0108538B01088E
:108AD000658B0108798B01088D8B010804F14C002E
:108AE000FAF76CFE012384F85C3004F1EA00FCF72D
:108AF000AEFC606523E794F8EA20412A0CBF43F0FE
:108B0000020323F0010384F8E93018E7237849B120
:108B100043F00403214601F81C3B04F1EA00FCF792
:108B2000BAFC0CE703F0FB03F4E794F8EA30A3F196
:108B300053014B424B4184F8243000E7237829B19C
:108B400043F00403214601F8283BE6E703F0FB036A
:108B5000F8E794F8EA30A3F157025342534184F8FE
:108B60003030ECE604F16000FAF728FE04F1EA0088
:108B7000FCF76DFCA066E2E604F17000FAF71EFE59
:108B800004F1EA00FCF763FCA067D8E604F13800C2
:108B9000FAF714FE012384F8483004F1EA0015F0D6
:108BA0008AFF2064CBE694F8EA20302A8CBF43F099
:108BB000020303F0FE03303A84F8E93084F814210C
:108BC000BDE604F19000FAF7F9FD04F1EA0015F0B2
:108BD00072FFC4F89800B2E604F1C800FAF7EEFD9F
:108BE00004F1EA00FCF733FCC4F8D000A7E694F8DF
:108BF000803051B143F0040384F8803004F1EA007E
:108C0000FCF725FCC4F8880099E603F0FB03F3E7C2
:108C100094F8D83051B143F0040384F8D83004F10B
:108C2000EA00FCF714FCC4F8E00088E603F0FB035C
:108C3000F3E700BF876103088B6103088F610308B6
:108C4000101101008088080070B504460E461546D4
:108C500000212022083016F08EF9C4E90065204674
:108C6000BDE87040FAF7C0BD38B50B680C4699688E
:108C70000B681B681B0A03F0C003802B054614BF5A
:108C80006268221D0C34FFF7DFFF2C6238BD10B57F
:108C90000446FAF719FEFAF7A7FD2089003818BF35
:108CA000012010BD2DE9F04F9BB004461D4606A8DB
:108CB0000023CDE90433ADF80A30FFF7C5FF90BBC0
:108CC00000274FF6FF7AB946B846A368002B38D183
:108CD0004FF6FF739A4504D0BDF80A30BB4240F00E
:108CE000D780069B5B8AE3B1402B28BF40235909FC
:108CF00004A8002295B2A94200F2F18003F01F02FD
:108D0000DB060ED01AAB03EB8101C2F12003DBB20C
:108D10004FF0FF3222FA03F351F8582C9A4240F0F8
:108D2000E58001201AE0002DCAD106A800F05AFC07
:108D30000028C5D1E3686F4A002B08BF1346E360E3
:108D40000BE002AB03AA0DF109012046FAF728FF58
:108D500038B99DF80830002BBAD100201BB0BDE80F
:108D6000F08F039E16B9E368634AE5E7314606A82B
:108D7000FAF7D2FD88B19DF82E3003F00F020A2ACF
:108D800072D1B8F1000F2BD10D9BD3F80090B9F13F
:108D9000000F21D0BDF8288022E0B8F1000F1FD1CC
:108DA0009DF82E3003F00F030A2BEDD0BDF82050B4
:108DB00006A8FAF789FD069BBDF822201B6853F828
:108DC0002230C3F303230A2B24D1FAF70DFD002828
:108DD000DAD1B9F1000F05D14FF000094FF0FF389B
:108DE000464538D39DF80930D4F808B001934D4674
:108DF000A3686DB39B457FF468AF2B681B689C46E6
:108E00007BB1019B324629462046E0470028A4D08A
:108E1000AD68EDE7BDF82030AB42C9D1FAF7E4FC0C
:108E2000D7E7294610A8FFF71FFF10B9E368334AB8
:108E300082E7BDF850309E42EAD1119B002BE7D06B
:108E4000012301992B7310AA204600F0FDF9DDE7FC
:108E50009B457FF43AAF9DF809102046FAF7B4FE1F
:108E600000287FF432AF78E703F03003202B22D1C3
:108E70000E9A0BAB9A4217D1BDF82030534510D053
:108E80004FF6FF72924506D0BDF80A20BA4202D0D2
:108E9000E3681B4A50E70022BDF82C70ADF80A20A9
:108EA0009A460DF10A030E939DF8091006AA204672
:108EB00000F0CAF9D4E7002BF6D1BDF824303F2BDF
:108EC000F2D859091AAA02EB810103F01F0201230B
:108ED000934051F8582C134341F8583CE4E750F8BC
:108EE000045B013502F101023FF404AFE368054A77
:108EF00022E700BF95610308AC610308B561030870
:108F0000C7610308E8610308F0B5937D03F00F0320
:108F100085B0044615460B2B00F28E81DFE813F076
:108F20000C002600260026009800AA00BE00F200D1
:108F3000220122018C016E010139C9B2FD2906D836
:108F4000E368974A002B08BF1346E3605FE0002206
:108F50006946ED69FAF782FD064620B1009B003BA9
:108F600018BF01232B70304605B0F0BD0139C9B2DE
:108F7000FD29E5D9022B69462ED1FAF7D7FD064621
:108F8000002844D06B8A082B05D1DDE90001EB698C
:108F9000C3E90001E7E7042B0CD1EA69009B1360E9
:108FA000DDE900010022914208BF9842DBD0E3686E
:108FB0007C4AC7E7022B04D1009BEA6913809BB26D
:108FC000EEE7012B05D1009BEA69137003F0FF0364
:108FD000E6E7E368744AB5E7032B15D1FAF7A6FD77
:108FE000A8B1DDE900124B08C90743EAC2734FEA92
:108FF000520201D5DB43D243698A082910D1E969BD
:10900000C1E900320126AEE7FAF790FD08B9002663
:10901000A9E7DDE90032698A082918BFDA17EBE70A
:10902000042908D1E969D8170B601946904208BF96
:109030009942BCD1E6E7022904D1E86919B201805E
:10904000C817F3E70129C4D1E86959B20170F7E7FD
:10905000052902D0FF297FF473AF04226946204618
:10906000ED69FAF7A1FC064600283FF47CAF009BAF
:109070002B6078E7012902D0FF297FF461AF082235
:1090800069462046ED69FAF78FFC064600283FF452
:109090006AAFDDE90023C5E9002364E702297FF414
:1090A0004FAF00226946FAF7D9FC0028AFD0009EE6
:1090B000B6F5803F02D3E3683C4A43E7AB7D03F05B
:1090C000C003802B06F1020217D1A3689E4202D989
:1090D000E368374A36E7E96901232046FCF753F98C
:1090E000002894D0EB69196821F8026B32462046BB
:1090F00005B0BDE8F040FAF757BC6B8A9A42DAD85F
:10910000E969F1E702297FF41BAF00226946EF69A4
:10911000FAF7A4FC00283FF47AAF009E731C02D13A
:10912000E368244A0EE7AB7D03F0C003802B06F111
:10913000010211D1A3689E42CAD8E96901232046E1
:10914000FCF721F900283FF462AFEB691F680023A8
:10915000BB5532463946CAE76B8A9A42F7D9E3686B
:10916000154AEFE602297FF4EBAE6946FAF75CFD9B
:1091700000283FF44CAF6B6A13B9E3680F4AE1E68D
:10918000AB7D03F00F03092B1AD0AB7D3F2B2FD9FA
:109190000023EA69696A6846FFF784FD06461FE016
:1091A000FF610308216203080F62030833620308AA
:1091B000E85F03080A610308426203085262030879
:1091C0002A6A002AE1D052F8083C002BDDD0043A8C
:1091D000294668469847029B06460BB10028D4D121
:1091E00069462046FAF742FD00287FF4BCAE0EE740
:1091F00003F03003203B18BF0123CAE702297FF4A4
:109200009FAE00226946FAF729FC064600283FF483
:10921000FEAE0099B1F5803FBFF44DAF6A8A19B92F
:10922000E86915F0A8FE9EE6914202D0E368044A80
:1092300088E60A46E9695AE7C368024A82E600BF3F
:109240006B6203088D6203082DE9F043937D03F000
:109250003003302B8FB005460E46144628D1944675
:10926000BCE80F0004AF0FC7BCE80F000FC79CE8B5
:10927000030087E80300236A1988238AC1B1994251
:1092800016D004A8FAF748FB30B9EB688E4A002BD9
:1092900008BF1346EB6064E004A803F087F8A37DE1
:1092A00003F0C003802B01BFA26900231360E361B8
:1092B000A27D02F0C001402900F02681802977D0EC
:1092C00041B902F03003202B38D006D8002B2ED025
:1092D000102B28D0EB687D4AD9E7302BFAD102F069
:1092E0000E02082A238A206A5ED102889A425BD045
:1092F000628AE06915F03FFE616A8B682BB9CB6822
:109300001BB94B681B68002B4ED0E26904A8FFF71D
:109310009BFC002848D004A800F064F9002843D141
:10932000EB686B4AB3E7236A0BB101221A7022463D
:10933000314628460FB0BDE8F043E5E5276A608A6C
:109340003988A369022E01FB0033E36126D102F0C4
:109350000F02052A22D804A92846FAF765FC06461A
:1093600070B9002674E02246FF2104A8FFF7CCFD67
:1093700090B13B8801333B80628AE3691344E36127
:10938000069B1BB13A88A38A9A42ECD3069B002B1A
:1093900058D0EB684F4A7AE70646F7E74B1C3B800C
:1093A000A38A8B42F5D9C2E7236A228A1A80BEE7D4
:1093B00002F03003202B29D001D9302B8AD102F0C2
:1093C0000E02082A05D1A3691B6813B1204602F0DA
:1093D000EDFFA37D03F03002302A02BF226A218A0A
:1093E000118003F00E03062BA16901D1E1619EE714
:1093F000628A01232846FBF7C6FF0028B1D0A36983
:109400001868E0612146FAF7D9FC90E7D4F820808B
:10941000022EB8F800704FD102F00F02052A4BD887
:1094200004A92846FAF700FC0646002899D04FF612
:10943000FF79069B33B1B8F8001049450CD1264B93
:10944000EB60002604A92846FAF710FC002888D013
:1094500030460FB0BDE8F083013189B2B942628A6B
:1094600010D9A9EB0701013BB3FBF2F301338B42A7
:1094700034BFFF180137A1693B4604A8FBF783FFFF
:109480000028DED0A169B8F800200868638A02FBD2
:109490000300E0610028D4D02146FAF78FFC224671
:1094A000FF2104A8FFF730FD0028CAD0B8F800302B
:1094B0000133A8F80030BCE74FF6FF739F420DD18F
:1094C000EB68054AE3E600BFA06203088D6203086B
:1094D00095610308B2620308C16203080137628A1A
:1094E000A169BBB22846FBF74EFF00283FF439AF15
:1094F000A169B8F800300868628A03FB02000133F2
:10950000E061A8F800307DE72368DB6833B93146B5
:1095100028460FB0BDE8F043FAF756BB022E1FD124
:1095200004A92846FAF780FB00283FF41AAF236805
:10953000069EDB682246002104A8984730B9EB68F4
:10954000002B7FF4A7AE079B224AA0E6069B0BB137
:109550009E42ECD804A92846FAF788FB064677E72E
:10956000012E22D0052E29D086BB01AF01360B2E4D
:1095700002D1EB68184A8AE6012239462846FAF7F2
:1095800013FA00283FF4EDAE17F9013B002BEDDB99
:10959000124B049301ABCDE9053623680021DB684B
:1095A0000791224604A89847D8E7082201A928462F
:1095B000FAF7FAF908260028EAD1D2E604220DEBE0
:1095C00002012846FAF7F0F90426F4E7EB68044AAA
:1095D0005DE600BFD8620308FF5F03086545010828
:1095E0000F60030870B590B004461022002102A855
:1095F00015F0C1FC002301938DF8033023689B68AC
:1096000043BB0025A37D03F00F020A2A42D1E36980
:109610001E68002E31D1019BABB1228A934212D138
:109620009DF80310224602A8FFF70EFE10B30DF1BD
:10963000020301AA0DF1030102A8FAF7B1FAC8B1B9
:10964000236A03B11D702046FFF721FB0028D9D102
:10965000012010E02A4ACDE902234FF0FF330493A2
:1096600001AA0DF102030DF1030102A8FAF798FA1D
:109670000028C6D1002010B070BD314606A8FFF703
:10968000F3FA28B1357306A8FFF7ACFF0028F1D034
:10969000B668BEE73F2B29D803F03002102A1AD152
:1096A000226A02B1157003F00E03082B18D1616A0B
:1096B0008B6823B9CB6813B94B681B6883B1E26927
:1096C00006A8FFF7C1FA0028A5D006A8FFF78AFF71
:1096D0000028A0D1CEE79A06E5D5236A1D809AE737
:1096E000628AE069002115F046FC94E703F0C002AD
:1096F000802A90D1A2699B0615608CD5EDE700BF4A
:10970000654501082DE9F04F15469A46426EB14B6A
:10971000D0F86C909A4285B004460E4634D0AE49DB
:109720004846E9F72FFAAD490746A06EE9F72AFA4D
:10973000AB490190206FE9F725FAD4F874B0A94934
:1097400080465846E9F71EFA0090D7B1019BC3B195
:10975000B8F1000F15D019463846E9F71FFA0099FD
:1097600007464046E9F71AFA014680463846E9F7C7
:1097700015FA60662FB1B8F1000F02D0002840F052
:10978000F98005B0BDE8F08FB9F1FF3FF9D1836EE4
:109790000133F6D1036F0133F3D1436F0133F0D1BD
:1097A0004FF40073A3614FF48273676E63608E4B56
:1097B000276018682FB18D4B9F4240F0E280E8F798
:1097C000D7FDB6EB500F80F0F480B6EB900F80F031
:1097D000F280B6EBD00F80F0F080B6EB101F80F077
:1097E000EE80B6EB501F80F0EC80B6EB901F80F05F
:1097F000EA80B6EBD01F2CBF30233823E361002D65
:1098000000F0E380022D00F0E280013D18BF012549
:109810006D000123C4E904530723E3624FF4E063BE
:10982000E360BAFA8AF35B090026DB01C4E9083673
:10983000684BA6609F42A662666329D06649484687
:10984000E9F794F96549A06EE9F790F9276F644943
:109850003846E9F78BF93B09B54214BF01220222D1
:1098600013F00C0F02BF624903F00F0301EB8303F7
:1098700007F00F0708BFD3F818035E4B18BF304638
:1098800053F82710E9F7E3F85649606FE9F76EF9E6
:109890002368564A934240F0B3804FF48050E9F772
:1098A000A3F94FF0B0431A6C42F480521A641A6C58
:1098B00022F480521A64656A67680023002D40F024
:1098C000C780B7F5827F00D0E561A36294F85D3070
:1098D00003F0FF020BB984F85C202268E068A169FC
:1098E000022384F85D30136823F040031360B0F561
:1098F000E06F4FF000038ABF1E464FF48056B0F56C
:10990000706F18BFA362A36807F4827703F404435F
:109910003B43276907F002073B43676907F00107EC
:109920003B4301F400773B43E76907F038073B43CB
:10993000276A07F080073B431360636B05F010054F
:1099400003F008032B4300F47060090C034301F09B
:1099500004010B4333435360D36923F40063D361A1
:1099600000232366012384F85D30136843F040032D
:10997000136006E7BBF1FF3F3FF412AF4FF48023C3
:1099800010E71D4B9F4202D1E8F7E0FC19E7114BAD
:109990009F427FF416AFE8F7D7F94FF0B043174A6C
:1099A000D3F8083103F00F0352F82330B0FBF3F083
:1099B00007E7002322E7082320E710231EE71823E8
:1099C0001CE720231AE7282318E72B4622E7002369
:1099D00020E700BF000001587C440308C44403088A
:1099E0000C450308604503080400002000300140D6
:1099F0009C4203086C07030800380040A8050308D0
:109A0000154A93420CD14FF48040E8F799FF4FF488
:109A10008040E9F755F94FF48040E9F757F94AE7F4
:109A20000E4A93427FF447AF4FF0B0435A6E42F074
:109A300001025A665A6E02F001020392039A5A6CAE
:109A400042F001025A645A6C22F001025A6432E771
:109A5000C4E9043339E700BF003800400000015872
:109A6000002210B4054910BC80F85D2001238167F5
:109A700080F87C3080F87D2044E600BF00093D007E
:109A8000F7B58569977804460E46DDB9406908B197
:109A900016F008F8102015F0FDFF002303722023B4
:109AA0000546C36007704660606130460BF0E0FD1C
:109AB00001232B7228460BF06FFFC8B90020A0606D
:109AC00003B0F0BD95F90E00411C07D001210BF049
:109AD0007DFB95F90E00012106F0E5FE2E68002EB3
:109AE00000F0B7803046FFF7BBFF012385F8343024
:109AF00004F11405D021284609F0E5FF6028E06252
:109B0000DCD1B622E021284609F05AFF0A2006F0EF
:109B10005BFFF321284609F0D6FF10F00107F5D1CD
:109B20008821284609F0F7FF8A212087284609F076
:109B3000F2FF8C216087284609F0EDFF8E21A08777
:109B4000284609F0E8FF9021E087284609F0E3FF66
:109B50009221A4F84000284609F0DDFF9421A4F8E2
:109B60004200284609F0D7FF9621A4F84400284671
:109B700009F0D1FF9821A4F84600284609F0CBFF50
:109B80009A21A4F84800284609F0C5FF9C21A4F8B2
:109B90004A00284609F0BFFF9E21A4F84C00284641
:109BA00009F0B9FFA121A4F84E00284609F08BFF67
:109BB000E12184F85000284609F0ADFFE321A4F824
:109BC0005200284609F07FFFE42184F8540028461B
:109BD00009F079FFE5210646284609F074FF76B2C0
:109BE00000F00F0343EA0613A4F85630E621284696
:109BF00009F069FFE5210646284609F064FF76B2C0
:109C0000C0F3071343EA0613A4F85830E7212846A7
:109C100009F059FF052684F85A00334632460321DD
:109C200028460197009609F0F0FE642006F0CCFE6D
:109C30000123A3601A46CDE900361946284609F0EB
:109C4000E4FE2046F9F7F8FCA068003818BF0120B0
:109C500036E7012195F90F000BF0B8FA6B7B95F907
:109C60000F00012B94BF3146012106F01CFE95F92F
:109C70001000421C07D001210BF0A8FA95F9100042
:109C8000012106F010FE95F91100431C3FF42DAFA1
:109C900000210BF09BFA28E7A0F130000FF010B97B
:109CA00017B46B4683E80600816F009A9142044620
:109CB00005D1B0F87C10BDF8042091420DD0009879
:109CC0009B88A067A4F87C3094F87C3094F87D20C1
:109CD000A16F204603B010BC14E503B010BC704760
:109CE000F8B5C368044615469AB106688EB1D31814
:109CF00002D287689F4207D22369084A002B08BF17
:109D0000134623610020F8BDB04710B92369044A07
:109D1000F4E7E3682B44E3600120F4E78163030880
:109D2000F65F03084A8A042A01D1C969D8E7082ADC
:109D3000FBD002690349002A08BF0A4602610020DD
:109D4000704700BF0F6203087047704708467047AE
:109D50007047406C18B970478B4204D018300378B4
:109D6000002BF9D11846704790F8282012B10368EB
:109D70001B6C184770470748074B084A1B68B3FB22
:109D8000F2F310B544684B434268121B9342FBDC6C
:109D900010BD00BF001000E00400002040420F0092
:109DA000014B1868704700BF1004002070477047CF
:109DB000CBB2192B09D80F4A52F8233001F4E060D6
:109DC0001843431C18BF0846704701F0C002C02A60
:109DD0000CD1C82B0AD8084B01F03F0201F4E06017
:109DE00053F82220034B53F82230E9E74FF0FF30BD
:109DF000704700BF941C03085C4603080368D3F84F
:109E0000D43018470368D3F8D8301847012A02D154
:109E1000016000207047022A05D0032AF9D0002AE9
:109E2000F7D10260F5E70B680360F2E74AB1162943
:109E30000B466FF00800A8BF16238342B8BF034645
:109E400013700931C9B21F298CBF6FF00C000020BC
:109E5000704710B5012986B006D002292BD0C9B1B0
:109E60006FF0130006B010BD002203680592194A76
:109E700004924FF0080C0A22CDE9022C4FF0120E8A
:109E80000722CDE9002E1449D3F8E840134A0923EC
:109E9000A047E7E70F4A0368039210240A22CDE99E
:109EA00001240F4A04910092D3F8EC400D4A0E4B66
:109EB0000949A047D6E7002302680393054B0293A4
:109EC0000A210123CDE900310349D2F8F4400622EA
:109ED000A047C7E7CDCCCC3F0000D9430000FA42F1
:109EE00033331C439A9999400000A0402DE9F34177
:109EF0001D4603681B6904460F461646984700280E
:109F000044D16DB92368002EDB6F14BF3146FF21A9
:109F1000204698474FF47A7300EB8000B0FBF3F5CE
:109F200028460DF0B1FD2B490DF006FE2A490DF033
:109F3000B7FE0DF0C7FF236800220092D3F81C8003
:109F40000146022340F272222046C047F0B9A36CBA
:109F5000186803685B6A98478046A36C1868596A5A
:109F6000026812699047A0B10025236820461B694A
:109F7000984718B16FF43073984207D12368C5B180
:109F800023682046DB6A98476FF0050002B0BDE801
:109F9000F081A36C186803685B6D9847A36C186820
:109FA00003685B6A9847A0EB08008542D5D201257B
:109FB000DBE7D3F8843020469847236B1842DFD183
:109FC00023681B6B32463946204602B0BDE8F0419B
:109FD000184700BF00007A4400007A4130B5074BB3
:109FE00005460FCB85B06C4684E80F002B682146F0
:109FF000D3F8A0302846984705B030BD8046030806
:10A00000036810B5D3F894300446984728B110BDC2
:10A01000A36C186803685B6D9847A36C1868596A4D
:10A020000268126990470028F2D023682046D3F8CE
:10A030009830BDE810401847036810B5D3F8E430F5
:10A0400044F2FF310446984728B9236820461B692B
:10A05000BDE81040184710BD13B5036800220092F8
:10A06000DC6940F2722202236FF07F41A04702B008
:10A0700010BD30B5074B05460FCB85B06C4684E864
:10A080000F002B682146D3F894302846984705B036
:10A0900030BD00BF8046030882B02DE9F0410129A0
:10A0A00006A880E80C000B9C9DF826609DF82770A0
:10A0B00009D0022975D000294BD06FF01300BDE8FC
:10A0C000F04102B070479DF8188042F2107000FA1B
:10A0D00008F00DF0D9FC5149054607980DF02CFD0C
:10A0E000014628460DF0DCFD0DF0ECFEA8F105035D
:10A0F000DBB2012B9DF8283005468BBF08210021DB
:10A10000112019200BBB4FEA880304EB4707002EF0
:10A11000C8EB47020CBF1426002601EB8201DBB21C
:10A12000314409B25A1E0029A8BF521892FBF3F31A
:10A13000BDF824209DF820109BB2083201FB0323B8
:10A1400000EB830068438008B9E7A8F102039B0095
:10A15000DBE7F8000DF09CFC054630460DF098FC5E
:10A16000014628460DF0E0FB0546BDF824000DF041
:10A170008FFC014628460DF0D7FB0546E0000DF0A8
:10A1800083FC014628460DF0CFFB2549044606987E
:10A190000DF086FD014620460DF082FD0DF092FE89
:10A1A0008DE79DF81930032B34D8DFE803F002283F
:10A1B0002D300623634304330522B3FBF2F39CB234
:10A1C0003022B4FBF2F303EB830000EB800002FBD0
:10A1D00013444000A4B280B214B10234204480B2CF
:10A1E0009DF82430C3EBC30203EBC20300EB430032
:10A1F0000C4B80B258430DF047FC0B49CCE704EB05
:10A200004404C4F34F04DBE76400A4B2D8E704EBD2
:10A210004404FAE76FF0090051E700BF0000204155
:10A2200000007A4400127A001D24F44308B5084661
:10A230000DF02AFC02490DF033FD0DF043FE08BD80
:10A2400000007A41036889B2D3F8E4301847806C83
:10A25000704700F00E03062B0BD0082B0CD00A2BF6
:10A260000CD00138C0B2FD288CBF6FF00100002077
:10A2700070476FF43070704701487047014870476D
:10A280003EFDFFFF3DFDFFFF10B5B0F89230B0F886
:10A290009610B0F89040024603F001005B0818B138
:10A2A000B2F8940043409BB2994214BF81EA030084
:10A2B00008468442F0D3A2F8923010BD836C2DE999
:10A2C000F0411D682A6804465769926D0E4628467B
:10A2D000596A9047A36C1B68014632462846BC4623
:10A2E0005B69BDE8F0416047836C70B51C68596AD2
:10A2F000226820469569926D90472B46014620467C
:10A30000BDE8704018470368D3F8D4301847036895
:10A31000D3F8D830184730B585B004AC04E90E0046
:10A320009DF82030029C032B07D1036808A9D3F8BD
:10A33000C430984718B105B030BD4FF0FF309DF8DC
:10A340002030CBB9019D1F4928460DF0C9F968B3EB
:10A350001D4928460DF0BAF940B31A4920460DF0C0
:10A36000BFF930B3194920460DF0B0F9002814BFE9
:10A3700000206FF06500DEE7012BDCD19DF8043092
:10A38000053B072B18D8002120460DF0A9F9B0B1E4
:10A390000F4920460DF09AF988B19DF80C30043B26
:10A3A000042B94BF00206FF00900C4E76FF0640035
:10A3B000C1E76FF06500BEE76FF00800BBE76FF024
:10A3C0000700B8E79A99193F0000964300004843F8
:10A3D0000000FF436FF0180070476FF018007047DF
:10A3E0006FF018007047036800215B6918476FF031
:10A3F000180070471FB50293069B03930368CDE9CD
:10A400000012D3F8C8306A4602210446984720B9A2
:10A4100023682046D3F8CC30984704B010BD30B53F
:10A4200085B00025CDE902558DF808300368CDE9E7
:10A430000012D3F8C8306A4603210446984720B971
:10A4400023682046D3F8CC30984705B030BD6FF074
:10A45000180070476FF0180070476FF018007047D1
:10A460006FF0180070476FF0180070476FF0180019
:10A47000704784B004A800E90E006FF0180004B023
:10A480007047002070470148704700BF0000C8C1F6
:10A4900082B08DE80C00002002B0704700207047A9
:10A4A000002330B51A4601250C3005FA03F40C429E
:10A4B00004D050F823401F2C18BF22430133202B17
:10A4C000F3D1104630BD6FF0180070476FF01800E0
:10A4D00070470020704770476FF0180070471020D9
:10A4E000704720207047294B0A781A4492F834208C
:10A4F00002704A791A4492F8342042708A7A1A44D7
:10A5000092F834208270CA7B1A4492F83420C270C8
:10A510000A791A4492F8342002714A7A1A4492F85D
:10A52000342042718A7B1A4492F834208271CA78AE
:10A530001A4492F83420C2710A7A1A4492F83420EC
:10A5400002724A7B1A4492F8342042728A781A4482
:10A5500092F834208272CA791A4492F83420C27276
:10A560000A7B1A4492F8342002734A781A4492F80B
:10A57000342042738A791A4492F834208273CA7A5A
:10A58000134493F83430C373704700BF5C4603082C
:10A59000284B0A781A4492F8342102704A7B1A44F4
:10A5A00092F8342142708A7A1A4492F834218270E7
:10A5B000CA791A4492F83421C2700A791A4492F87E
:10A5C000342102714A781A4492F8342142718A7B0C
:10A5D0001A4492F834218271CA7A1A4492F83421CA
:10A5E000C2710A7A1A4492F8342102724A791A44E2
:10A5F00092F8342142728A781A4492F83421827295
:10A60000CA7B1A4492F83421C2720A7B1A4492F827
:10A61000342102734A7A1A4492F8342142738A79B7
:10A620001A4492F834218273CA78134493F834316F
:10A63000C37370475C460308F0B50E7891F801C00B
:10A640008D78CF78F40904EB44044FEADC1104EB75
:10A65000C40401EB410184EA46048CEA050E01EBD7
:10A66000C101E4B287EA0E0E81EA4C01C9B2EB09DE
:10A6700084EA0E0E81EA0E0EFA0903EB430303EBA4
:10A68000C30302EB420280F800E086EA050E83EA8B
:10A69000450387EA0E0E86EA0C0602EBC202DBB225
:10A6A00082EA470281EA0E0177407540D2B25940F2
:10A6B0006C407B405340624041708370C270F0BD7B
:10A6C0002DE9F04F91F800B04E78CF788D784FEAB1
:10A6D000DB1303EB430303EBC30387B083EA4B03B2
:10A6E000DBB20193F309FA0903EB430303EBC30362
:10A6F00002EB420283EA460302EBC20282EA47020D
:10A70000DBB20293D3B24B4A039302EB961402EBF3
:10A71000971C94F834429CF834C284EA8604E3B26D
:10A720008CEA870C04935FFA8CF302EB5B1C02EB60
:10A7300095149CF834A2059302EB561C019B9CF8DF
:10A74000348294F8344202EB551C84EA85049CF868
:10A7500034E202EB571C02EB9B129CF834C292F8D5
:10A76000349286EA05027A405A40029BE4B288EAB3
:10A77000C6085A405FFA88F88AEACB0A8EEAC50E04
:10A7800062405FFA8EFE5FFA8AFA8CEAC70C89EAA9
:10A790008B0988EA02025FFA8CFC8AEA09098EEAD0
:10A7A0000202E9095FFA89F98CEA020289EA0202E7
:10A7B00001EB4101027001EBC1018BEA05027A4015
:10A7C00081EA4501C9B25340049A4B405340059A6F
:10A7D00053408AEA030388EA03038EEA03038CEA00
:10A7E00003038BEA060643707740039B039A794084
:10A7F0005940019B75406B405340049A5340059A61
:10A800004C40534088EA04048AEA030A8EEA0404AE
:10A8100088EA0A088CEA04048EEA080E89EA040928
:10A820008CEA0E0C80F8029080F803C007B0BDE8F7
:10A83000F08F00BF5C4603082DE9F041846888B0C2
:10A84000531E0D46671E0F3204AE13F8011F17F892
:10A8500001CF934281EA0C0106F8011BF5D107797B
:10A8600010343E46A046012E1BD87B1E002FDBB2C3
:10A870004FEA031308BF00231C4404A96846FFF7EE
:10A8800032FE013D631E0F3413F8011F10F8012B37
:10A89000A34282EA010205F8012FF5D108B0BDE814
:10A8A000F08104A96846FFF71EFE694604A8FFF779
:10A8B000C3FE01A905A8FFF7BFFE02A906A8FFF77E
:10A8C000BBFE07A803A9FFF7B7FE08F1FF3304AAF0
:10A8D00008F10F00117813F801CF81EA0C018342CF
:10A8E00002F8011BF6D1013E08F11008F6B2BAE7F2
:10A8F0002DE9F0438468077989B00D4604EB07140D
:10A9000004A9531E661E0F32894613F8010F16F86C
:10A9100001CF934280EA0C0001F8010BF5D14946C2
:10A920006846FFF735FE3E46A046012EA8F1100806
:10A9300019D87B1E6FF00F02DBB2002F02FB03F36E
:10A9400008BF00231C44A2186B46013D12F8010BFE
:10A9500013F8011BA24281EA000105F8011FF5D19D
:10A9600009B0BDE8F0836A46434608F1100011784B
:10A9700013F801CB81EA0C01834202F8011BF6D1E6
:10A9800069464846FFF79CFE01A905A8FFF798FE17
:10A9900002A906A8FFF794FE03A907A8FFF790FEF7
:10A9A000013E49466846FFF7F3FDF6B2BDE730B514
:10A9B0000C4B4D789C181D4494F83C4295F834207B
:10A9C000624002708A781A4492F834204270CA7841
:10A9D0001A4492F8342082700A78134493F8343081
:10A9E000C37030BD5C4603080A780A4B1A4492F8DB
:10A9F000342002704A781A4492F8342042708A78DF
:10AA00001A4492F834208270CA78134493F8343090
:10AA1000C37070475C4603082DE9F04F9FB016AD38
:10AA20000A91041D00F12403AB46206861682E469C
:10AA300003C608349C423546F7D1531ECDF824B0E6
:10AA40000F3212A85C4613F8015F14F8011B934201
:10AA500081EA050100F8011BF5D10EA812A9FFF744
:10AA600042FD014612A8FFF7E7FD0FA913A8FFF763
:10AA7000E3FD10A914A8FFF7DFFD15A811A9FFF742
:10AA8000DBFD0DF1670012AA1023117810F8014FB9
:10AA9000013B614013F0FF0302F8011BF5D10122D5
:10AAA0000DA81DA90B92FFF782FF9DF858A09DF8F5
:10AAB00034309DF859909DF85A809DF85B709DF850
:10AAC00060109DF85D2002928AEA030A9DF83530F5
:10AAD0008DF858A089EA03099DF836308DF8599011
:10AAE00088EA03089DF837308DF85A805F409DF85A
:10AAF0005C3001938AEA03038DF85C304B4000938D
:10AB00008DF860309DF861308DF85B7089EA02063F
:10AB10009DF85E208DF85D605E409DF86230039286
:10AB200088EA02059DF85F208DF85E505D409DF833
:10AB30006330049287EA02048DF85F405C408DF830
:10AB400061608DF862508DF863409DF86430059324
:10AB5000059A009B53408DF864309DF8653006934C
:10AB600073408DF865309DF8663007936B408DF823
:10AB700066309DF86730089319A963408DF86730F7
:10AB8000FFF732FF9DF868109DF834309DF83500CE
:10AB90009DF86AC09DF837E059409DF869308DF8FE
:10ABA000681043409DF836008DF869308CEA000C3F
:10ABB0009DF86B008DF86AC080EA0E009DF86CE08D
:10ABC0008DF86B0081EA0E019DF86DE08DF86C1038
:10ABD00083EA0E039DF86EE08DF86D308CEA0E0C62
:10ABE0009DF86FE08DF86EC080EA0E009DF870E071
:10ABF0008DF86F0081EA0E019DF871E08DF87010FC
:10AC000083EA0E039DF872E08DF871308CEA0E0C29
:10AC10009DF873E08DF872C080EA0E009DF874E034
:10AC20008DF8730081EA0E018DF874109DF875108F
:10AC30004B408DF875309DF876308CEA030C9DF80A
:10AC400077308DF876C058408DF8770012A90EA89D
:10AC5000FFF749FC014612A8FFF7EEFC0FA913A865
:10AC6000FFF7EAFC10A914A8FFF7E6FC11A915A844
:10AC7000FFF7E2FC0B9ADC4612A9102308781CF8B7
:10AC800001EB013B80EA0E0013F0FF0301F8010B1A
:10AC9000F4D10EA812A90B92FFF725FC014612A8C9
:10ACA000FFF7CAFC0FA913A8FFF7C6FC10A914A848
:10ACB000FFF7C2FC11A915A8FFF7BEFC0B9A0DF116
:10ACC000670C12A9102308781CF801EF013B80EAF9
:10ACD0000E0013F0FF0301F8010BF4D10132D2B2E0
:10ACE000072A7FF4DDAE1DA90DA8FFF760FE9DF8D1
:10ACF00037309DF834009DF835109DF836205F40C0
:10AD00008DF85B70019F47408AEA000A8DF85C70FD
:10AD10003846029F8DF858A04F4089EA01098DF806
:10AD20005D703946039F8DF85990574088EA0208B4
:10AD30008DF85E703A46049F8DF85A805F403B461E
:10AD40005C408DF85F708DF86340009F059C474024
:10AD5000444006988DF8607048404E4007998DF841
:10AD6000650051405540089A8DF866105A4012A966
:10AD70000EA88DF867208DF861608DF862508DF80F
:10AD80006440FFF7B0FB0A9B5A1E0F33099D10F871
:10AD9000011B15F8014B0995614002F8011F9A4209
:10ADA000F4D11FB0BDE8F08F2DE9F04F97B00EAD94
:10ADB000039100F1240400F14403AB46206861686C
:10ADC0002F4603C708349C423D46F7D10AA9531EBB
:10ADD000CDF804B00F325C460D4613F8017F14F82D
:10ADE000010B9A4280EA070001F8010BF5D12946D0
:10ADF00006A8FFF7CDFBDDE910019DF840709DF836
:10AE000041209DF842309DF843409DF838909DF8D0
:10AE1000398041409DF83C00119187EA00018DF88E
:10AE200040109DF83D109DF83A704A408DF8412041
:10AE30009DF83E2053408DF842309DF83F305C40F5
:10AE40008DF843409DF83B4080EA090081EA080103
:10AE50007A4063408DF83C008DF83D108DF83E201F
:10AE600015A9072205A88DF83F30FFF7A0FD9DF832
:10AE7000143089EA03099DF815308DF8389088EA76
:10AE800003089DF816308DF839805F409DF8173023
:10AE90008DF83A705C408DF83B40062406AB0DF10E
:10AEA00047060293374619460022087817F801CF63
:10AEB0000132D2B280EA0C00102A01F8010BF4D161
:10AEC00006A92846FFF7FCFB07A90BA8FFF7F8FB2C
:10AED00008A90CA8FFF7F4FB09A90DA8FFF7F0FBE0
:10AEE000294606A8FFF754FB5F4601460022087872
:10AEF00017F801CB0132D2B280EA0C00102A01F817
:10AF0000010BF4D106A92846FFF7DAFB07A90BA825
:10AF1000FFF7D6FB08A90CA8FFF7D2FB09A90DA8DB
:10AF2000FFF7CEFB294606A8FFF732FBDDE9141236
:10AF30009DF850009DF84C709DF851809DF852E0AE
:10AF40009DF848A09DF849909DF853C04A4015923D
:10AF500080EA07029DF84D009DF84E108DF85020B4
:10AF600088EA000287EA0A079DF84A808DF8512096
:10AF70008EEA01028DF852208DF84C709DF84F201A
:10AF80009DF84B7080EA090081EA08018CEA020C06
:10AF90008DF84D007A408DF84E1005A811A98DF856
:10AFA00053C08DF84F20FFF71FFD9DF814209DF82A
:10AFB0003CC09DF843E08AEA020A9DF815208DF80E
:10AFC00048A089EA02099DF816208DF8499088EA80
:10AFD00002089DF817209DF841908DF84A8057404F
:10AFE0008DF84B709DF840709DF842809DF838A018
:10AFF00087EA0C07DDE910128DF840709DF83D706E
:10B0000089EA07094A408DF841909DF83E109DF865
:10B010003990119288EA010887EA09079DF83F20D4
:10B020008DF842808DF83D709DF83A809DF83B7018
:10B030008EEA020E81EA08017A408CEA0A0C8DF849
:10B040003E108DF83F2015A922468DF843E08DF87B
:10B050003CC0FFF7ACFC9DF814208AEA020A9DF878
:10B0600015208DF838A089EA02099DF816208DF880
:10B07000399088EA02089DF817208DF83A80013C43
:10B08000574014F0FF048DF83B707FF407AF06AA19
:10B09000117816F8010F0134E4B24140102C02F887
:10B0A000011BF5D106A92846FFF70AFB07A90BA843
:10B0B000FFF706FB08A90CA8FFF702FB09A90DA8DA
:10B0C000FFF7FEFA294606A8FFF762FA039B039AE8
:10B0D000013B02F10F060299019811F8012B029130
:10B0E00010F8011B01904A4003F8012F9E42F2D153
:10B0F00017B0BDE8F08F40680368DB68184770B58B
:10B100000446406803689B680D4616469847102819
:10B1100007D160680368324629461B69BDE8704064
:10B120001847002070BD2DE9F04704460F4616462B
:10B130001D4600F1080800F118094FF0000A0DB98A
:10B14000BDE8F08794F828300F2B0ED894F828002B
:10B15000C0F11000C0B2A84220D82D1A06EB000C96
:10B16000394666451CD10744E9E7606803684946EB
:10B170005B694246984794F8290084F828A010217A
:10B1800001238842E2D24A1ED1B254FA82F292F8E6
:10B1900008C063441372C3F30F23F2E7E8B2DCE79D
:10B1A00094F8283016F8012B03F1010E234484F89B
:10B1B00028E01B7E534001F8013BD2E710B404683D
:10B1C000A469A44610BC60472DE9F047CC6913265A
:10B1D000E30F0D1F24F000440027A3FB0636CC61CB
:10B1E000AC46B9464FF0260EDCF824805CF8044FDC
:10B1F000CA46E8FB0E4A0137E418FFB246EB0A03E1
:10B20000BA42CCF800404FF00006EDD1082A0CD02D
:10B2100051F82240E41841F8224002F10102D4B270
:10B2200046F100030026082CF1E72624A3FB043294
:10B2300004FB0622CC691326E70FE7FB063224F055
:10B2400000460C462F4644F81C6F57F8046FF6185A
:10B2500042F10003BC423E604FF00002F5D12E46A1
:10B26000132756F8043FDB1942F10007B44233625A
:10B270004FF00002F5D1CB6BDE1723F00043CB6318
:10B28000043855F8042F2B6A534033405340AC42E6
:10B2900040F8043FF5D1BDE8F087F0B589B06D46C0
:10B2A000034600F120070146002613202C4651F8E2
:10B2B000042B121846F100008F4245F8042B4FF082
:10B2C0000006F4D1079AD61722F00042191FF04366
:10B2D00007921C3351F8045F54F8042B6A40324043
:10B2E0006A408B420A60F5D109B0F0BD2DE9F04FFC
:10B2F00093B002AF0024D1F800C00B4602F1200841
:10B3000016462546394656F804EBEEFB0C454645F5
:10B3100047F8044B2C464FF00005F4D10A940AAFCD
:10B3200003F11C09019553F8044FA7F11C0E2546A3
:10B3300094460026DEF800405CF804ABDDF804B06B
:10B34000EAFB054BA4194BF10006C4454EF8044B2B
:10B35000F0D1994547F8046FE5D10822FFF734FF93
:10B3600013B0BDE8F08F0A46C0E7F0B4002401F145
:10B37000200C0546264651F8043B52F8047BDB19A5
:10B3800046EB06071B1947F10004614545F8043BED
:10B39000F1D1F0BC81E7F0B5002301F120070546AB
:10B3A00051F8044B52F8046B03F00103E41A63EB09
:10B3B0000303A41B63F10003B94245F8044BEFD12A
:10B3C000014603F0130251F8043B04469B1A44F86B
:10B3D000203B62EB02020B6802F001029B1A41F86B
:10B3E000043B62EB0202A142F5D123F00043C361AA
:10B3F000F0BD404230B5A1F1040065EB0505043A0B
:10B400001C3150F8044F52F8043F63402B405C401D
:10B4100004601468884284EA03041460F1D130BDEA
:10B4200010B5044614F03EFB204610BD10B504468E
:10B4300014F038FB204610BD10B5044614F032FB62
:10B44000204610BD10B5044614F02CFB204610BD5C
:10B4500010B5044614F026FB204610BD00B5837DD0
:10B460003F2B8BB0014649D813F030000ED0202876
:10B4700002D10B6A188806E03028FAD0102808D1CB
:10B480000A6A32B11078B0FA80F040090BB05DF86A
:10B4900004FB0A68906870B903F00F02052A0CD803
:10B4A000CB694A8A1A44934201D10120EEE713F88E
:10B4B000011B0029F7D00020E8E7062A01D1CB695B
:10B4C000D8E7072A02D1CB691878DCE70B2A01D12B
:10B4D000488AD8E703F00E03082BD7D1CA69496A16
:10B4E0006846FDF7B1FB0028DFD06846FFF7B6FFDE
:10B4F0000028CBD06846FDF7CAFBF4E703F0C00292
:10B50000802A01D1C069BEE7402AD4D103F00F03DD
:10B510000A2B02D1CB691868B5E70368024AD868DC
:10B520009042B0D1F6E700BF7939010810B5034663
:10B53000406884185C6014F0BDF9012010BD102A29
:10B5400070B548D100F10C0301F1100251F8044B21
:10B5500043F8044B9142F9D100F1180100F1B8060B
:10B5600001250423042B01F1040020D12A46FFF712
:10B570001EFA0B7911F80C2CCC7953400B7111F891
:10B580000B2C4B7953404B7111F80A2C8B7953409B
:10B590008B7111F8093C01355C40EDB20023013399
:10B5A000B042CC71DBB20146DCD1012070BD11F894
:10B5B0000C4C0A7862400A7111F80B4C4A786240D0
:10B5C0004A7111F80A4C8A7862408A71CC7811F875
:10B5D000092C5440E3E70020E8E7202A70B55DD14C
:10B5E00000F10C0301F1200251F8044B43F8044B25
:10B5F0009142F9D100F1280100F1F8060125082453
:10B60000082C01F1040020D12A46FFF7D0F90B796C
:10B6100011F81C2C53400B7111F81B2C4B79534023
:10B620004B7111F81A2C8B7953408B7111F8192C2E
:10B63000CB7901355340EDB200240134B042CB71D7
:10B64000E4B20146DCD1012070BD042C15D1FFF716
:10B65000CBF90B7911F81C2C53400B7111F81B2CF2
:10B660004B7953404B7111F81A2C8B7953408B71E5
:10B67000CB7911F8192C5340DFE711F81C2C0B780B
:10B6800053400B7111F81B2C4B7853404B7111F840
:10B690001A2C8B7853408B71CB78EAE70020D3E7E4
:10B6A000202A0AD1043001F1200351F8042B40F87C
:10B6B000042B9942F9D101207047002070472DE9F1
:10B6C000F04F91B004460D46FFF7EAFF0C900028BA
:10B6D00000F04481294604F1240305F1200251F8C9
:10B6E000040B43F8040B9142F9D104F14003039396
:10B6F00004F130034FF0010B0D935A4603990FA844
:10B70000FFF755F994F824A09DF83C3094F8259063
:10B7100094F8268094F827208AEA030A9DF83D30A1
:10B7200084F824A089EA03099DF83E3084F8259026
:10B7300088EA03089DF83F3084F82680534094F847
:10B740002920059289EA020794F82A20069288EABD
:10B75000020694F82B20019307920799019A84F826
:10B76000273094F82830049382EA010594F82C20BD
:10B7700084F829708AEA030384F82830534002933E
:10B7800084F82C3094F82D3084F82A605F4084F8D7
:10B790002B5084F82D7094F82E300D995E4094F85B
:10B7A0002F3084F82E605D4094F830300893089A6A
:10B7B000029B84F82F50534084F8303094F8313095
:10B7C00009937B4084F8313094F832300A93734007
:10B7D00084F8323094F833300B936B4084F8333074
:10B7E000FFF702F994F834209DF83C309DF83D10A5
:10B7F00094F836C09DF83FE05A4094F8353084F80C
:10B8000034204B409DF83E1084F835308CEA010C12
:10B8100094F8371084F836C081EA0E0194F838E0C5
:10B8200084F8371082EA0E0294F839E084F8382060
:10B8300083EA0E0394F83AE084F839308CEA0E0C6F
:10B8400094F83BE084F83AC081EA0E0194F83CE0B9
:10B8500084F83B1082EA0E0294F83DE084F83C2024
:10B8600083EA0E0394F83EE084F83D308CEA0E0C37
:10B8700094F83FE084F83EC081EA0E0194F840E07D
:10B8800084F83F1082EA0E0284F8402094F84120A8
:10B89000534084F8413094F842300BF1010B8CEAAC
:10B8A000030C94F8433084F842C05FFA8BFB594094
:10B8B000BBF1070F84F843107FF41FAF03995A467A
:10B8C000FFF775F89DF83FE0019B9DF83C009DF85F
:10B8D0003D109DF83E2083EA0E0C049B84F827C09F
:10B8E00043408AEA000A84F828301846059BDDF8B0
:10B8F00008C084F824A04B4089EA010984F8293063
:10B900001946069B84F82590534088EA020884F87B
:10B910002A301A46079B84F8268083EA0E035D408E
:10B9200084F82F50089D84F82B308CEA000C454099
:10B93000099884F82CC04F4048400A9984F82D702B
:10B94000564051400B9A84F82E605A4084F830508B
:10B9500084F8310084F8321084F833200C9811B048
:10B96000BDE8F08F102A10B50ED100F1080301F1E7
:10B97000100251F8044B43F8044B9142F9D11023C3
:10B9800080F82830012010BD0020FCE790F8282026
:10B9900008B512B103681B6B9847BDE80840E7F78C
:10B9A00017B80846431C114601D009F00FBC704778
:10B9B0000846A0F11A03032B114601D909F006BC71
:10B9C00070470846431C114601D004F06CBF704715
:10B9D00008461C28114604D81A281DD80DD004F09A
:10B9E00062BF1D28FBD14FF0B043D3F8942081B93A
:10B9F00042F40042C3F894207047084BD3F89020DB
:10BA000021B922F40042C3F89020704742F400426A
:10BA1000F9E722F40042EDE7704700BF0004005848
:10BA20004B1C084601D004F092BF00207047A1F1E2
:10BA30001A030846032B1BD8DFE803F00D02071397
:10BA40000C4B5869C0F3400070470B4BD3F804010E
:10BA5000C0F380407047074BD3F89000C0F3C0306C
:10BA600070474FF0B043D3F8940080F40040F5E7FE
:10BA700004F06DBF0004005800E100E02DE9F04F34
:10BA80001D464B1C8DB00C46164600F0BA8004A82B
:10BA900009F090FA0023079326B16F4B07936F4B81
:10BAA00004960693E3B2192B00F2AE806C4A52F86A
:10BAB000236004F4E0642643C6F30310E6F71CFF9A
:10BAC0000446002800F09A80022D00F0B180032D7A
:10BAD00000F0B180002D0CBF4FF404154FF4881511
:10BAE00006F00F060127B74004A908A809F067FA75
:10BAF0001FFA87F80023B8F1010F03F1010240F0AB
:10BB00009D80DBB2E068CDF8048059004FF0030956
:10BB100009FA01F20240CA4002EA090A05F4801259
:10BB20000292504805F4001200260392019AB24096
:10BB30003A404BD0D4F80CC0750009FA05FE2CEA47
:10BB40000E0C0AFA05F545EA0C05E560256826F0B5
:10BB5000030C0CF1804C25EA0E050CF5803C2560A9
:10BB6000B4F1904FDCF808806CD03F498C426BD028
:10BB70003E4DAC4214BF0725022506F0030E4FEAE6
:10BB80008E0E072101FA0EFB28EA0B0805FA0EF5C6
:10BB900045EA08050299CCF8085005686FEA020CDE
:10BBA000002953D105EA0C05039905604568002971
:10BBB0004ED015434560D0F880502A43C0F880200D
:10BBC000D0F8842002EA0C02C0F88420013637FA4B
:10BBD00006F5ABD1142202FB03F4254E201D08A963
:10BBE000304409F0FCF930572A460621E5F77CFA83
:10BBF0003057E5F759FA08A8E6F738FD04A8E6F744
:10BC000035FD0DB0BDE8F08F04F0C002C02A0CD1A4
:10BC1000C82B0AD8174B04F03F0204F4E06453F831
:10BC200022200F4B53F8226045E74FF0FF3643E7E1
:10BC30004FF4441554E74FF4041551E74FEA580800
:10BC4000134658E7002598E7012596E71543ABE72B
:10BC50000CEA0505AEE700BF4304000847040008EE
:10BC6000941C03080008005800040048000800481D
:10BC7000000A00205C4603081FB568460C4609F020
:10BC800099F90B4B039369460A4B0B4802930094B6
:10BC900009F0A5F9094B4FF48022C3F88421322022
:10BCA000E5F702FA6846E6F7E1FC04B010BD00BF14
:10BCB000A9BD01080D9E0108E022002000E100E07E
:10BCC0004B1C70B559D0CBB2192B42D82B4A52F825
:10BCD000233001F4E06119430B0913F00C044CD13B
:10BCE000274A03F00F0352F82330002B45D001F010
:10BCF0000F0101238B409BB2012B04F1010239D1CA
:10BD0000E4B214261F4D6643301D284407F09EFA06
:10BD1000A9572B461022284693F900508D4201D195
:10BD2000DD6855BB013A03F11403F5D1164A1749F2
:10BD300002EB8402D1F88030D2F8482223EA0203D1
:10BD4000C1F8803014235C430057BDE87040E5F72C
:10BD5000B9B901F0C002C02A0FD1C82B0DD80A4BC7
:10BD600001F03F0201F4E06153F82220034B53F845
:10BD70002230B0E75B081446BEE770BD941C030890
:10BD8000B4450308000A00205C4603080008005878
:10BD900008B53220E5F796F9BDE80840014807F0FC
:10BDA00055BA00BFE022002010B504463220E5F766
:10BDB00089F92368BDE810401847084609B104F026
:10BDC00003BE7047E6F7C8BD2DE9F8431D464B1C7E
:10BDD00014464DD0CBB2192B10D82D4A52F823302F
:10BDE00001F4E0611943090903F00F03012611F082
:10BDF0000C0F06FA03F612D0002715E001F0C0027E
:10BE0000C02A2CD1C82B2AD8224B01F03F0201F4C2
:10BE1000E06153F822201E4B53F82230E2E71E4B1C
:10BE200001F00F0153F82170002C18BF3446E6F7DB
:10BE300093FD80463B693340A34213D03B693340B6
:10BE40009C4217D1E6F788FD81463B6933409C420E
:10BE500017D0E6F781FDA0EB0900BDE8F8834FF4A9
:10BE60000046C9E7E6F778FDA0EB08008542E1D27D
:10BE70000020F2E7E6F770FDA0EB08008542DDD276
:10BE8000F6E7E6F769FDA0EB08008542DDD2EFE7B3
:10BE9000941C03085C460308B4450308C069FDF719
:10BEA000DFBDD0E90812C069FDF7FABEF7B5074655
:10BEB0000C465D1E8E18B44201D103B0F0BD14F8DB
:10BEC000013B8DF807300DF107020123F869114697
:10BED00007F046FC9DF8073005F8013FEBE7481CEA
:10BEE0001FD0C9B219290DD80E4B53F821305A1C56
:10BEF00017D00D4A1268934213D10C4B186880B1C9
:10BF0000E6F7BDBB01F0C003C02B0AD1C82908D891
:10BF1000074B01F03F0153F82120024B53F8223028
:10BF2000E5E77047941C03082C02002028590020E4
:10BF30005C4603082DE9FF474D1C90461C4633D054
:10BF40009D4DC9B219292B6821D89C4A52F82170FD
:10BF50003BB9B42013F09EFD9949064609F066F8F6
:10BF60002E60781C20D0974B1A68511C01D0974244
:10BF70001AD1B8F5803F17D22E68B8F1000F1ED144
:10BF800096B1304604B0BDE8F047E6F778BB01F063
:10BF9000C002C02A0BD03BB9B42013F07BFD884906
:10BFA000044609F043F82C6004B0BDE8F087C829C6
:10BFB000F1D8854A01F03F0152F82110C5E74FEA58
:10BFC00048081F60E4B108FB04F44FF47A72B4FB34
:10BFD000F2F4384601215C60E6F740FD4FF0B043D3
:10BFE00034699F68D3F80831784B621C1B687BD09A
:10BFF000774B9C420ED006D8B4F1804F6BD0FEE751
:10C000004FF0FF34E5E76E4B9C4203D003F58063AD
:10C010009C42F4D107F46057E6F7AAF9B7F5C06F70
:10C0200063D827F48077B7F5806F5BD0B0FBF8F06A
:10C03000020C531C984232BF0020B0FBF3F000F119
:10C04000FF30A262E062F061226812F0010207D1C3
:10C05000E36896F84C1013F0010349D101295ED131
:10C06000684608F0A7FF5B4B00935B4B03935B4B69
:10C070000293F36E06F164006946002B59D008F074
:10C08000AEFF6846E6F7F2FA554F2C6807F1040850
:10C0900004F1020926460025012139F8023F002B50
:10C0A00061D004F17C0252F825A0BAF1000F07D04C
:10C0B00098F800002269C1431161D1680143D16041
:10C0C000013B0A2B4ED8DFE803F042424242424293
:10C0D00042C7C7C78D0007F4E067E6F737F9B7F541
:10C0E000C06F9BD14000A1E7FEE7B7F5E06F9CE78A
:10C0F000E368012923F00103E36008D0022386F8F6
:10C100004D300123636186F84D3086F84C206FF086
:10C1100001032361E36843F00103E360A0E7022227
:10C1200086F84D200122626186F84D2086F84C3059
:10C1300096E708F054FF029B002BA2D033696FF002
:10C1400001021A61DA6842F00102DA6099E7337895
:10C15000DB0604D5294604F1100009F001F9337813
:10C16000D80722D400210435102D06F1010607F16D
:10C17000010708F1010890D1E36E3BB123696FF02C
:10C1800001021A61DA6842F00102DA6000293FF424
:10C190000BAF23691B68DB073FF506AF04F1100006
:10C1A00004B0BDE8F04709F033BA294604F11000A5
:10C1B00009F0B4F9D6E700BF28590020941C030801
:10C1C000004401402C0200205C4603080040005857
:10C1D000002C01404FFD01084304000847040008FB
:10C1E000E4480308294604F1100009F009F93A78F7
:10C1F000013AA15C11F0100306D0022A2AD8194B8B
:10C2000003EB4203B3F89032C90707D5032A21D8BC
:10C21000DFE802F002171A1D43F001032169086AE2
:10C2200003430B62BAF1000F9CD0032A13D80D4BC5
:10C23000134493F88C22D3430B61CB681343CB6038
:10C2400090E743F01003E9E743F48073E6E743F433
:10C250008053E3E7FEE7FEE7294604F1100009F00A
:10C26000CFF87FE75C460308F0B587B001AC84E8FF
:10C270000E0003689DF83060D3F8C430029F0DF1C2
:10C280001701054698470446002856D1032E9DF80D
:10C29000173002D0B3420FD13346E3B92B6801996E
:10C2A0001B6C284698470446002846D12B6839461F
:10C2B0005B6C284698470CE02B6828461B6998471A
:10C2C00038B92B683146D3F8C03028469847002843
:10C2D000E2D0044631E0012B16D12B689DF8041002
:10C2E000D3F8E03028469847044630BB2B683946DF
:10C2F000D3F8DC30284698470446F0B99DF80C1076
:10C30000284604F0C2FDE4E7022B16D19DF8052073
:10C310009DF80430032A13D8092B85F8882012D8F9
:10C3200085F88930032385F88A304FF48073A5F8A7
:10C3300098309DF8063085F88F30204607B0F0BD64
:10C340006FF00904F9E76FF00704F6E78AB21146C7
:10C3500004F085BD07B50023ADF8043001AA02231F
:10C360001221806C04F07EFEBDF8040040BA80B259
:10C3700003B05DF804FB08B5806C07F09DF9C0B20E
:10C380000AF028FE044B002201F100410AF08CFE65
:10C390000BF074FA08BD00BF0000E03F04F0C6BC1B
:10C3A00090F8361004F0A6BC04F0A4BC2DE9F041CE
:10C3B000857D05F03007302F8AB0044604D1036A2A
:10C3C0001A88038A9A426ED105F00F030A2B05F0F2
:10C3D000C00820D1E3691E689EB9B8F1800F62D110
:10C3E00005F03E05262D4CD0202F02D1236A0022D5
:10C3F0001A80A369186813F055FBA36900221A601C
:10C4000051E031466846FCF72FFC10B16846FFF753
:10C41000CDFFB668E0E705F00E03082BDDD1B8F1DB
:10C42000400F40D0B8F1800FA36914D11B68E361BD
:10C43000202F20D1226A1688002BD1D0002ECCD0FC
:10C44000E169606A00F032F8E369628A013E1344F0
:10C45000E361B6B2F2E7202FE36102D01BB30126FD
:10C46000ECE7226A3F2D16881BD8A28ADBB19642E0
:10C4700028BF1646E2E7002BF1D105F03E05262D38
:10C48000B7D1A3691D68236A1E884FF0000805EB29
:10C490008606B542A8D0286813F004FB45F8048B43
:10C4A000F7E7002BCAD10AB0BDE8F08100B50A4613
:10C4B0008BB059B101466846FCF7C6FB30B16846FF
:10C4C000FFF774FF6846FCF7E2FBF7E70BB05DF897
:10C4D00004FB70B500230D461646FCF7E3FB04464B
:10C4E00018B931462846FFF7E1FF204670BDF0B588
:10C4F000802A85B073F100010646D4B201A906D2A4
:10C500008DF804400122FDF7EBFB05B0F0BDD50925
:10C5100004F07F040846002253EA050C174602F196
:10C52000010208D13A4602F110036B44013203F8CC
:10C530000C4C3046E7E764F07F04042A00F8014B16
:10C5400005F07F044FEAD515E6D1002BEBD018019A
:10C5500000F070000443DB08002BE4D064F07F049B
:10C56000545403F07F040132DB09F5E770B5002372
:10C5700004460D461646FFF7BAFF30B1324629464B
:10C580002046BDE87040FDF7ABBB70BD10B48C7D9C
:10C590004B8A04F00F04022C16D1012B04D1CB6975
:10C5A0001A78002310BCA2E7022B02D1CB691A88AB
:10C5B000F7E7042B02D1CB691A68F2E7082B24D1E4
:10C5C000CB69D3E90023EDE7012B0DD1CB6993F9BA
:10C5D0000020D317032CE5D1921843EB030182EA24
:10C5E000E37281EAE373DDE7022B03D1CB69B3F990
:10C5F0000020EEE7042B02D1CB691A68E9E7082B8B
:10C6000003D1CB69D3E90023E4E70369034A10BCF3
:10C61000002B08BF13460361002070470F62030818
:10C620002DE9F04186B00E4617460021142204463B
:10C6300001A812F0A0FC3A46314601A800F0CCF95E
:10C6400010B9059B236108E0049D4FF000082A46BD
:10C6500043462046FFF74BFF18B9002006B0BDE85F
:10C66000F081216821B92A462046FDF739FBF5E71C
:10C67000E368A2682B44934205D923690E4A002B34
:10C6800008BF1346DEE7636801913A46314601A8C8
:10C69000CDE90235CDE9048800F09EF9049AE368FB
:10C6A0001344E360AA42029B6360059B01D12361AE
:10C6B000D4E7024AE3E700BF816303088D63030800
:10C6C000CB6970B504460D46002B7DD08A7D098A62
:10C6D00007F024F800286FD0A87D00F00F030B2B83
:10C6E0006FD8DFE803F00610101015151B324F4FFE
:10C6F0006E6BEB691A78003A204618BF0122BDE83C
:10C7000070400023F3E629462046BDE870403DE72F
:10C7100029462046BDE87040FDF704BBE96909B928
:10C720000A460EE03F280A880AD86B8A023B9342E9
:10C7300006D22369254A002B08BF134623613BE03C
:10C7400002312046BDE8704010E700F0C0008028AC
:10C750006B8AE9690ED013B923691D4AEBE7013BE7
:10C760000029DDD000229A42885C06D00028E8D05B
:10C770000132F8E74FF0FF33F2E70028E1D02369F8
:10C78000144AD8E76A6A12B92369134AD3E7092B16
:10C7900005D0EA69696A2046BDE8704040E72A6A28
:10C7A000002AF6D052F8083C002BF2D0043A294671
:10C7B000204698470028ECD1002070BD6A8AE969BC
:10C7C000BFE72369054AB6E70120F6E7A16303083E
:10C7D000B5630308C8630308526203088D62030847
:10C7E0002DE9F0438B7D03F03002302A87B00546F7
:10C7F0000C4608D10A6A1188228A91420AD0012087
:10C8000007B0BDE8F083102A28D10A6AB2B11278C5
:10C81000002AF4D0E269002AF1D003F0C003402BD3
:10C8200016D12368DB68002BE9D022462946002078
:10C8300098470028E3D12B69634A15E03F2BE9D8DC
:10C840000846FEF70BFE0028D9D1E369002BD6D0AD
:10C850002146284607B0BDE8F04331E7C96949B928
:10C86000002ACCD10369594A002B08BF13462B611B
:10C870000020C5E703F0C0014029D2D0202AE7D12B
:10C88000226A1688002EBAD0802923D103F00F0324
:10C89000052B60D8228AD20042F0020200232846EB
:10C8A000FFF725FE0028E3D0A37D03F00F03042B40
:10C8B00016D1B7003A4600232846FFF718FE002895
:10C8C000D6D0296879BB3A46284607B0BDE8F04380
:10C8D000FDF706BAA28AB242D8D203693C4AC3E73E
:10C8E000052B01D1F700E5E71422002101A812F081
:10C8F00042FBD4F81C800027214601A8FFF746FE22
:10C9000028B92B69002BB2D1059B324AACE7E36909
:10C91000628A01371344E361BBB29E42ECD8049FA4
:10C92000C4F81C80C6E70027A37D03F00E03042B88
:10C93000214628460CD1FDF7F5F9002898D0E36987
:10C94000628A01371344E361BBB29E42ECD856E7DA
:10C95000FFF71CFEF1E74FF00008A27D02F0CE03C6
:10C96000862B2BD1E769D7F80090C4F81C90B9F159
:10C97000000F1BD1218A284606F0D0FE08B9E761D6
:10C9800076E7012201A928468DF80490FDF7A8F961
:10C990000028F4D0E761E369628A08F101081344D2
:10C9A000E3611FFA88F3B342D7D328E7214628462C
:10C9B000FFF786FEE7610028EDD159E721462846BA
:10C9C000FFF77EFEF7E700BFDC630308E8610308BA
:10C9D000EB6303080364030830B595B0044668466A
:10C9E000FCF732F970B39DF8163003F00F030A2BF1
:10C9F00021D1079B1D681DB96846FCF748F9F1E78E
:10CA00002B685B68294623B12046984758B1AD682A
:10CA1000F1E70AA8FCF728F940B923690A4A002B74
:10CA200008BF13462361002015B030BD0AA9204677
:10CA3000FFF7D6FEEAE769462046FFF7D1FE002859
:10CA4000DAD1F0E70120EFE7B561030830B50B4D0F
:10CA500001444FF0FF33814201D1D84330BD10F87B
:10CA6000012B5340082243F30004013A2C4012F0FA
:10CA7000FF0284EA5303F6D1EDE700BF2083B8ED4F
:10CA80002DE9F74F90F810B001930C9B0093437C75
:10CA9000DDF834904FEADB0606EBD3064E4404463D
:10CAA00030468846924612F0F5FF0546304612F0B1
:10CAB000F1FFBBF1080F5FFA88F307465FFA8AFCC3
:10CAC00095BF2846284643EA0C0343EA1A238CBF45
:10CAD00000F8023B00F8013B638988BF85F801C07C
:10CAE000434501994A4630D112F0E4FE20680368BC
:10CAF0005B6B98472068216A0368C268DB689847C7
:10CB0000206803683246D3F838B029463B46D847F8
:10CB10002068216A03680269DB6898472068036817
:10CB2000DB6B98472389434506D1217C00984A4610
:10CB300007EBD10112F0BEFE284612F0B3FF3846D3
:10CB400003B0BDE8F04F12F0ADBFA18912F013FAA7
:10CB5000CCE72DE9F84FDDF830809DF834B004467D
:10CB60000E46154602EB080A994613B9837C0AEB78
:10CB7000D30A504612F08EFF2A460746314612F07D
:10CB800099FE7819B9F1000F55D00A99424612F072
:10CB900091FEBBF1000F07D0E26A20680132036802
:10CBA00050D1DB6932219847504612F073FF064698
:10CBB000206803685B6B98472068216A0368C26835
:10CBC000DB689847206803689B6B52469C46394651
:10CBD0003346E0472068216A03680269DB689847AA
:10CBE00020680368DB6B9847BBF1000F07D0E26A4F
:10CBF00020680132036843D1DB69012198476369EA
:10CC0000002B5CD0B8F1000F5BD0E27CB05C9847A1
:10CC10008246B9F1000F07D1A37C0B9805EBD30135
:10CC20004246314412F046FE384612F03BFF304691
:10CC300012F038FF21E0A27CA18908EBD20212F0A9
:10CC40009AF9A6E75B6A984706462068E16A036896
:10CC50001B6998470028A7D0206803685B6D984738
:10CC6000206803685B6A9847E369801B9842ECD3AD
:10CC7000384612F017FF6FF4307A5046BDE8F88F4F
:10CC80001B6A01219847206803685B6A98478246BF
:10CC90002068E16A03681B6998470028AFD02068C4
:10CCA00003685B6D9847206803685B6A9847E3698F
:10CCB000A0EB0A009842EBD36FF4307AA9E79A46CA
:10CCC000A7E7C246A5E72DE9F0431F46037987B0E1
:10CCD00006468C4643B9CDE900720A460189FFF742
:10CCE000CFFE07B0BDE8F08390F9115090F811E045
:10CCF000002DB8BF0735C5F3C705681E40B204ACA8
:10CD00004FEAC00803462146002B15DA0130307C7B
:10CD1000B8BF0025C0080D44441E64B2631C16D180
:10CD20000123CDE90223002300EBDE0201970093EB
:10CD30003046FFF70EFFD4E7B6F80890013B49FAFA
:10CD400008F904F8019B5BB2A8F10808DCE7E300EE
:10CD50002CFA03F305F8013B013CDEE7F0B589B09E
:10CD600000238DF81730037904460A465BB9012188
:10CD700001910DF1170100910189FFF781FE9DF8E6
:10CD8000170009B0F0BD90F91130467C002BB8BFF8
:10CD90000733C3F3C703581E40B206AF4FEAC00CB7
:10CDA00005463946002D17DA257C0130B8BF00232F
:10CDB000ED080B44681E40B2471C18D10123CDE991
:10CDC00002330DF1170301930023009305EBD60204
:10CDD0002046FFF7BEFED2E7B4F808E0013D4EFA68
:10CDE0000CFE07F801EB6DB2ACF1080CDAE7C700F6
:10CDF00022FA07F703F8017B0138DCE72DE9F0435D
:10CE000017461A46037987B006468C464BB9CDE9DA
:10CE100000320A463B464189FFF732FE07B0BDE8C3
:10CE2000F08390F9115090F811E0002DB8BF07354C
:10CE3000C5F3C705681E40B204AC4FEAC0080346FC
:10CE40002146002B15DA0130307CB8BF0025C00820
:10CE50000D44441E64B2631C16D10123CDE90223A4
:10CE60000022CDE9007200EBDE023046FFF771FED2
:10CE7000D4E7B6F80A90013B49FA08F904F8019B97
:10CE80005BB2A8F10808DCE7E3002CFA03F305F82D
:10CE9000013B013CDEE773B500230E460DF10702AE
:10CEA00040F6D80105468DF8073004F082F90446B3
:10CEB00070B99DF8073076B143F01E038DF8073046
:10CEC000A86C01230DF1070240F6D801FFF796FF89
:10CED000204602B070BD23F01E0343F00803EDE7C7
:10CEE000D0F8A0302DE9F34104460E46002B63D064
:10CEF000FDF7CAF9B4F89030471EBAB23FB2B7EBAB
:10CF0000530FA8BFD21A03F0010594F88F30A8BFC1
:10CF100017B20135002B53D0AD004FF480584FF0BD
:10CF20009841206C0AF008FE4FF074510AF004FE9C
:10CF30000AF0C8FFD4F8A42094F88A306D0208FBE8
:10CF400007559A42A0EB050004D29B1ADB0758BF95
:10CF500000F5807006EB460700BA7F0004230190BD
:10CF60000DEB0302A06C07F28A31FFF747FF66B3AF
:10CF700094F88A30B3422AD8D4F89C50312D28D85E
:10CF8000ADB200238DF80030A06C8DF80150022363
:10CF90006A4607F56271FFF731FFD4F89C305B1BDE
:10CFA000C4F89C30D4F8A030013BC4F8A030D4F8C9
:10CFB000A4300133C4F8A430002002B0BDE8F081F1
:10CFC0001A235D434FF4D048A9E77325D9E77225AA
:10CFD000D7E73225D5E770B586B000238DF813303A
:10CFE00090F91130427C002BB8BF0733DB10013BB6
:10CFF00004465BB205A8DD000146002B16DA0123CA
:10D00000CDE902330DF11303019300230093D208FD
:10D010002046FFF79EFD054628B963691BB19DF8C0
:10D0200013009847E080284606B070BDE689013BB2
:10D030002E4100F8016B5BB2083DDEE72DE9F041BF
:10D0400000F1300305460C460F4601F110083E463C
:10D0500003CE464518605960374603F10803F6D100
:10D0600030681860043C6A64286854F8041F036838
:10D0700082689B6898474445F6D1BDE8F081F8B5D1
:10D080000546FCF766FE88B1041D05F12C0605F186
:10D09000400756F8041F002904DB2868226803684B
:10D0A000DB689847BE4204F10404F2D1F8BD08B52C
:10D0B000806C0221FFF7E3FF4FF0FF3008BD83696A
:10D0C00003B11847184670472DE9F04390F9114015
:10D0D00090F811E0002CB8BF073487B0E410013C91
:10D0E000054664B205A89DF838809DF83C608C46E2
:10D0F000E7000146002C11DACDE902380023CDE922
:10D100000023284601234FEADE02FFF722FD68B91B
:10D1100066B1284607B0BDE8F043D0E74CFA07F9FE
:10D12000013C00F8019B64B2083FE3E707B0BDE8AB
:10D13000F0832DE9FF41036800229B6D05460E46F2
:10D1400098470446B8BB1E4B8DF80B00093603EB1D
:10D1500046060DF10B0296F8963240F6E701284696
:10D1600003F00F081F0904F024F8044618BB024618
:10D170003B464146284603F0F7FD0446D8B996F8E9
:10D1800097728DF80C700126CDE9006604238DF8A6
:10D190000D30A86C022303AA8E21FFF795FF0446E9
:10D1A00048B9A86C85F8787033460DF10B0240F64B
:10D1B000E701FFF723FE204604B0BDE8F08100BF81
:10D1C0005C4603082DE9FF410E464FF000080DF1C3
:10D1D0000B0240F6E70105468DF80B8003F0E9FFEE
:10D1E000044600285DD12B682846D3F8D0309847F4
:10D1F00004210246FCF7ADFD032107461046FCF76B
:10D20000A8FD28B167B90E2E4FDD6FF00C0448E081
:10D2100016F1090FF9DB002FF7D006F1090303E03F
:10D220000E2EF3B20DDD0933DBB21F2BEDD8072331
:10D2300022460421284603F097FD042304460121D9
:10D240000CE01133DBB21F2BDFD82346042101226F
:10D25000284603F089FD03230446414685F84430FF
:10D26000FCB92846FFF717FE0446D0B90127CDE9DF
:10D27000007704238DF80D30A86CF6B2022303AAC0
:10D280008E218DF80C60FFF71FFF044648B9A86C8B
:10D2900085F878603B460DF10B0240F6E701FFF799
:10D2A000ADFD204604B0BDE8F08106F11103DBB20C
:10D2B0001F2BAAD8234604210122284603F054FD3F
:10D2C000032304463946C9E71FB50B0C8DF80C3013
:10D2D0000B0A8DF80D3000220123CDE900328DF8C4
:10D2E0000E10032303AA8221806CFFF7EDFE05B028
:10D2F0005DF804FBF0B585B0002400940546234694
:10D30000224640F6E201806C03F020FE00942346A2
:10D31000224640F6E501A86C03F018FE6FF07F414D
:10D320002846FFF7D1FFAB6C186803680A21DB6958
:10D330009847264627460DF10F0240F61901284668
:10D340008DF80F7003F035FF9DF80F0000F001001D
:10D35000A04001343043082CC6B2ECD12B682846DB
:10D360001B6998470097A86C0023012240F6E20150
:10D3700003F0ECFD0097A86C0023012240F6E501C4
:10D3800003F0E4FD304605B0F0BD30B590F8345000
:10D39000022D85B0044606D0032D12D06FF018057B
:10D3A000284605B030BD2946806CFFF768FED4F8EA
:10D3B00084102046FFF788FF0546002384F83430A8
:10D3C000EEE790F84410806CFFF759FE0023ADF8AB
:10D3D0000C308DF80E300123CDE9003303AA2B4623
:10D3E000A06C8321FFF770FE05460028D8D1A36CFE
:10D3F0001868D96A0268126990470028DDD0A36CCA
:10D40000186803685B6D9847F1E71FB50123CDE904
:10D41000003349BA0223ADF80C1003AA1946806CF8
:10D42000FFF752FE05B05DF804FB10B5FFF7EDFF06
:10D43000074B4FF48022C3F88421064BD3F8883081
:10D44000044613B13220E3F72FFE204610BD00BF83
:10D4500000E100E0602200201FB50123CDE9003388
:10D4600009BA0391042303AA8621806CFFF72CFEDE
:10D4700005B05DF804FB37B50D46044690F844103E
:10D48000806CFFF7FCFD55B90123CDE90033002383
:10D49000A06C1A46D121FFF717FE03B030BD294614
:10D4A0002046FFF7D9FF0028EED0F6E730B585B06B
:10D4B0000D0C089C8DF80C30230C8DF80D300123D9
:10D4C000CDE9003308238DF808508DF80A100D0AB5
:10D4D0008DF80B2064BA0DEB03028B21806C8DF864
:10D4E0000950ADF80E40FFF7EFFD05B030BDF0B5C7
:10D4F00085B005460E4603F0A2FC0446002867D11D
:10D500008DF808600126CDE900663346A86C02AAB2
:10D510008A21FFF7D9FD0446002859D195F8363005
:10D52000CDE90066002B0CBF202330238DF8083096
:10D53000A86C334602AA9321FFF7C6FD04460028D3
:10D5400046D103238DF8083095F84C30ADF80C0027
:10D55000CDE900660D338DF809300A23ADF80A30A5
:10D560008DF80E000723A86C02AA8821FFF7ACFDF6
:10D57000044668BB2B6844F2FF31D3F8E4302846F8
:10D580009847224607462146284603F068FC074391
:10D590003CB2ECB9CDE900647F238DF80830A86C6B
:10D5A000334602AA8921FFF78FFD044680B9AB6C90
:10D5B000186803680521DB699847AB6C1868D96A5D
:10D5C00002681269904730B9A86CFFF704FD044661
:10D5D000204605B0F0BDAB6C186803685B6D9847DA
:10D5E000EBE72DE9F047846C054620681F46036889
:10D5F00086B05B6C8846164698472068216A0368A7
:10D6000082689B6898472068216A03680269DB6822
:10D610009847AB6C1868596A026894684268A047DA
:10D62000AB6C1868D96A026894684268A047AB6C12
:10D6300041484FF401621A820122DA74AB6C4FF454
:10D6400040011A713D4A5A61C3E90201D5F838A078
:10D650000A244FF00009284603F0B6FBA86C1022FC
:10D660004FF4487102ABCDE90299CDE90499FFF777
:10D670002AFB062202A9504611F085FC78B995F8DC
:10D6800035300BB339462846FFF731FF044648BB17
:10D69000A86C0123002E43D18DF8083043E0AB6C19
:10D6A000186803680A21DB69013C984714F0FF04FD
:10D6B000D1D1AB6C186803689B6C98476FF001047C
:10D6C000204606B0BDE8F087002140460AF012F877
:10D6D0000028D7D04146284605F034FF04460028EC
:10D6E000D0D0EDE72B6828461B699847A86C05F059
:10D6F00019FF134B9C42E3D18306E1D5002385F843
:10D7000035300021284605F01DFF04460028D7D1FA
:10D7100039462846FFF7EBFE04460028B8D0CFE78D
:10D7200000228DF80820CDE9003302AA9621FFF7E8
:10D73000CBFC0446C4E700BF1D000D0053A2010846
:10D740003DFDFFFF7047704770477FB500230546DA
:10D750000846ADF808300E460AF03EFBA0F28633CC
:10D760001A2B4BD9A0F25F33072B53D9A0F20B33FE
:10D77000082B52D9A0F5EB73282B51D9A0F5D773FC
:10D780000A2B50D94FF0814130460AF0CBF84FF0C8
:10D790007E510AF0C7F84FF07A510AF0CDF90EF039
:10D7A00009FC0AF08FFB4FF08141C4B230460AF009
:10D7B000BBF84FF07E510AF0B7F84FF07A510AF0FB
:10D7C000BBF90EF0B5FB0AF07DFBE107C3B25CBF0D
:10D7D00004F1FF34E4B2DA075CBF0133DBB28DF849
:10D7E0000D300123CDE900338DF80C40022303AA4C
:10D7F000A86C9821FFF768FC04B070BDE122E92312
:10D800008DF809300123CDE900338DF8082002237B
:10D8100002AAEDE7D722DB23F2E7C122C523EFE717
:10D8200075228123ECE76B226F23E9E738B50C46BC
:10D8300005461749204609F053FF30B315492046E5
:10D8400009F044FF08B3296C20460AF06BF812492E
:10D8500020F0004009F044FF80B92C644FF098415B
:10D8600020460AF069F94FF074510AF065F90AF0A0
:10D8700029FB01462846BDE83840EDE5214628460B
:10D88000FFF763FF0028E8D038BD6FF00B00FBE71F
:10D8900000001643000070440000A04107B5FF23BC
:10D8A0008DF807300DF1070201231121806C03F080
:10D8B000D9FB9DF8070003B05DF804FB2DE9F047A4
:10D8C000984603681B6904460F4616469847002889
:10D8D0003ED194F84D30042B3CD9072E6BD994F8E7
:10D8E0004F30012B36D1FD2E68D823683146DB6FCF
:10D8F0002046984723680546D3F82490324643468D
:10D9000039462046C84718BB20464FF47A7305EBCA
:10D910008505B5FBF3F5FFF7C1FFA36C0646186854
:10D9200003685B6A984705350746A36C1868036867
:10D930005B6D9847A36C186803685B6A9847C01BC7
:10D94000854209D2236820469B6A98476FF00400FD
:10D95000BDE8F087FF2EC7E7A36C1868596A026814
:10D96000126990470028E0D0032E23681DD1D3F818
:10D97000843020469847C20717D423682046D3F83E
:10D98000843098474304D0D5D4F8A410204601F041
:10D990000F01FFF7A5FA0028C7D1236844F2FF3131
:10D9A000D3F8E43020469847BFE7236820469B6AB7
:10D9B000BDE8F04718476FF01D00C9E76FF003009E
:10D9C000C6E7036873B51B69044698470546A8BBBC
:10D9D00094F85030012B27D12046FFF75FFF012834
:10D9E000064621D103460DF10602A06C8DF80650C3
:10D9F00040F60211FFF702FA0DF1070240F644115A
:10DA000020468DF8075003F0D4FBB8B99DF80730D5
:10DA1000A06C43F002038DF807300DF10702334686
:10DA200040F64411FFF7EAF92368D3F8E43044F2F2
:10DA3000FF31204602B0BDE87040184702B070BD0B
:10DA400013B50446FFF72AFF012806D194F8503099
:10DA5000012B02D1E06F02B010BD0023ADF80430FD
:10DA6000A06C022301AA132103F0FCFA9DF8040024
:10DA7000F1E72DE9F041054686B0806C0F46164669
:10DA8000FFF7A9FA2B680446D3F884302846984754
:10DA90006FF430739C4208D110F4007F18BF6FF010
:10DAA0000504204606B0BDE8F081002CF9D14306FC
:10DAB00043D400F03000202814BF4FF000086FF06E
:10DAC00006082846FFF7EAFE0023ADF8143005AA41
:10DAD0000223A86C132103F0C5FA9DF815209DF8C8
:10DAE000143016B1B34228BF3346AE6C8DF8152002
:10DAF0000122CDE902321E2100238DF81410019776
:10DB00000093022205A93046FFF723F804460028B7
:10DB1000C7D13046FFF7D3FA04460028C1D12B689D
:10DB200044F2FF31D3F8E43028469847B8F1000FAB
:10DB30000CBF04466FF00604B3E76FF00608C0E7B9
:10DB40002DE9FF4704460D46FFF7A8FE01286CD1DA
:10DB5000236820461B699847002863D1A06C0221E6
:10DB6000FFF78DFAA9682046FCF79AFCE96806469B
:10DB70002046FCF795FCB1B282B2204603F06FF963
:10DB800000284FD1236844F2FF31D3F8E430204617
:10DB90009847002846D1686895F8008095F801906C
:10DBA00094F84CA0AF78EE7809F06EFF20490AF0A7
:10DBB00077F80AF087F9B8F1FF0F08BF4FF00208B5
:10DBC0000125B9F1FF0F08BF0AF10D0ACDE9005593
:10DBD0004FEA104308BF5FFA8AF9FF2F08BF0A27F0
:10DBE0008DF80C30FF2E4FEA102308BF00268DF869
:10DBF0000D308DF80E000723A06C8DF8088002AA66
:10DC000088218DF809908DF80A708DF80B60FFF768
:10DC10005BFA38B9CDE9005503460246C521A06C30
:10DC2000FFF752FA04B0BDE8F0876FF01300F9E790
:10DC300000007A4110B50446FFF730FE01280ED1EE
:10DC400023682046D3F884309847C3050AD410F0DF
:10DC5000800F14BF6FF00E004FF0FF3010BD6FF05B
:10DC60001300FBE70048F9E742FDFFFF10B504464B
:10DC7000FFF714FE012812D1A06C05F01DFD10F471
:10DC8000004FC0F3072018BFA0F5807009F0A2F97B
:10DC9000044B002209F008FA09F0F0FD10BD02481B
:10DCA000FCE700BF0000D03F0000A0C12DE9F0421A
:10DCB0008AB004460F46FFF7F1FD05AE00230DF1D3
:10DCC0001C090128C9E90133054607930593B38070
:10DCD0003CD194F84D30042B34D80433DBB28DF8AA
:10DCE000243094F84C308DF81C30636D0893B4F8F0
:10DCF0005230ADF8143094F84F30003B18BF012378
:10DD00008DF8173094F85030591E4B424B418DF826
:10DD1000163094F84E30003B18BF01238DF81830B0
:10DD2000039796E80300099B0190ADF80810009353
:10DD3000216899E80C008E6F20462946B0470AB04A
:10DD4000BDE8F082072B08BF0823C8E720BBE06DC1
:10DD500009F09AFE0146204809F0A2FF0790206EC4
:10DD600009F092FE94F86730089013F0FB0F11D081
:10DD7000022B03D09A1F534253415B00B4F86C202E
:10DD8000ADF8142094F868208DF816208DF817301F
:10DD90000025C5E70123F1E703280ED1B4F8883048
:10DDA0005BBAADF81C3094F88F308DF81E3094F8C3
:10DDB0008A308DF814300225B2E7022808D1E06DD0
:10DDC00009F062FE0146044809F06AFF0790DFE7A8
:10DDD0006FF01300B3E700BF00007A4910B50C469E
:10DDE00059B1FFF75BFD012802D0032803D038B9F1
:10DDF0002070002010BD0220FAE76FF00200F9E762
:10DE00006FF01300F6E737B504460D46FFF746FD01
:10DE100058BB0021284609F04FFC60B91449284638
:10DE200009F05EFC20B11349284609F04FFC18B9EF
:10DE30006FF0650017E00E4D0F49284609F07CFE93
:10DE40004FF0984109F078FE0C4909F029FF0AF0DB
:10DE500039F82066009094F8653094F86620E16DFA
:10DE60002046FFF723FB03B030BD6FF01300FAE745
:10DE70009A99193F0000484300007A440024F44B6B
:10DE80007FB505460C46FFF709FD002855D003284D
:10DE900004D0022810D06FF013044BE05B492046F9
:10DEA00009F01EFC28B15A49204609F00FFC002851
:10DEB00043D16FF064043DE05649204609F010FC60
:10DEC0000028F6D05449204609F000FC0028F0D084
:10DED0005249204609F030FE0146514809F0E0FE63
:10DEE00009F0F0FF030C8DF80C30030A8DF80D30AB
:10DEF00016238DF80F300123E865CDE900338DF846
:10DF00000E000423A86C03AA8B21FFF7DDF804465A
:10DF100080B92846FFF7C2FC60B9EB6DA86CB3F579
:10DF2000966F20D104230093224640F6B80103F0F7
:10DF30000DF80446204604B070BD3849204609F06B
:10DF4000FBFD0146364809F0ABFE09F0BBFF2B6E26
:10DF5000E8650093014695F8653095F866202846F7
:10DF6000FFF7A4FAD3E7B3F5167F4FF0030300934E
:10DF70004FF0040326D1182240F2D16102F0E6FFEF
:10DF800004460028D6D1022300930423A86C1A4625
:10DF900040F69B0102F0DAFF04460028CAD10426AD
:10DFA000009602463346A86C40F6B80102F0CEFF58
:10DFB00004460028BED1009606235022A86C40F2E9
:10DFC000AC61B4E7082240F2D16102F0BFFF044621
:10DFD0000028AFD10223009302460423A86C40F628
:10DFE0009B0102F0B3FF04460028A3D1042600964B
:10DFF000A86C3346102240F6B80102F0A7FF044691
:10E00000002897D1009606230246D7E723DBF93E86
:10E01000355EFA3ECDCCCC3D9A99193F00007A444A
:10E020000024744E37B505460C46FFF737FC08B19F
:10E0300003281AD1042C1BD8DFE804F004031113C1
:10E04000150008242B6E85F86640009395F865301E
:10E05000E96D22462846FFF729FA03B030BD0924AE
:10E06000F0E70A24EEE70B24ECE76FF01300F4E787
:10E070006FF06900F1E77FB505460E461446FFF7DD
:10E080000DFCA0BB082C47D8234632464FF4D8617C
:10E09000A86CFEF7B3FEE400B5F86C10E4B2A14240
:10E0A0000A46A8BF22461F2A85F8684019DC172AAD
:10E0B00019DC0F2A19DC003A18BF01229200FF2355
:10E0C00085F86420039395F86A30029395F86930D7
:10E0D000CDE90043284695F8673002F0F2FF04B01E
:10E0E00070BD0722EBE70622E9E70522E7E70128F2
:10E0F00008D1012C10D83178284604B0BDE8704012
:10E1000002F0E2BE032804D1042C05D13368C5F81F
:10E110008B306FF01300E2E76FF06800DFE730B597
:10E1200087B004460D46FFF7B9FB00283BD1ADB9D7
:10E13000FF2384F86950039394F86A30CDE90153C2
:10E1400094F86830009394F8673094F86420B4F839
:10E150006C10204602F0B5FF07B030BD012384F8F3
:10E16000693005AA4FF4D761204603F022F8002851
:10E17000F2D19DF81430A06C23F0010343F00103A9
:10E180008DF81430FF25022305AA4FF4D7618DF8CE
:10E190001550FEF733FE039594F86A30029394F815
:10E1A00069300193CCE76FF01300D5E72DE9F04318
:10E1B0001E4685B090F858309DF830400546884698
:10E1C00017469BB190F84C004FF0010909FA00F096
:10E1D00009F05AFC696D09F063FD4FF0834109F0C5
:10E1E0007FFA0028044618BF4C46E4B2012385F8A4
:10E1F0004E40CDE9003303AAA86C8DF80C800423AF
:10E200008B218DF80D708DF80E608DF80F40FEF7A4
:10E210005BFF05B0BDE8F08373B505460E46FFF71A
:10E220003DFB0128044655D10021304609F058FA3B
:10E2300000283AD02949304609F048FA002834D05D
:10E240004FF07C51304609F077FC254909F06CFB12
:10E2500009F038FEC3B2142B20D8022B25D9033B7A
:10E26000112B22D8DFE803F02E2109210A212128D1
:10E27000212121212A212121212C082495F84E3009
:10E2800085F83C406E65009395F84D3095F84C103C
:10E2900022462846FFF78AFF02B070BD7D2B13D0BF
:10E2A00006D81F2B12D03E2B12D06FF00700F3E7D9
:10E2B000FA2BFAD10624E1E70924DFE70224DDE79F
:10E2C0000A24DBE70024D9E70524D7E70324D5E7B0
:10E2D0000424D3E76FF01300DEE700BF0000FF4324
:10E2E0000AD7233C37B504460D46FFF7D7FA012875
:10E2F00011D16B1F072B11D894F84E3084F84C5075
:10E30000009394F84D3094F83C2029462046FFF7BE
:10E310004DFF03B030BD6FF01300FAE76FF0080057
:10E32000F7E72DE9FF410C4616461F4602AA0023D7
:10E3300040F236719DF82C808DF80830054602F0C9
:10E3400038FF38BB9DF80810A86CB8F1010F0CBF5E
:10E3500001F0FB0141F004018DF80810012302AA2D
:10E3600040F23671FEF74AFD9DF828308DF80A30EC
:10E370000123CDE9003364BAA86CADF80840062348
:10E3800002AA8C218DF80B708DF80C608DF80D8031
:10E39000FEF79AFE04B0BDE8F081F0B51D460368B3
:10E3A00085B01B6904460F4616469847A0BB6FF020
:10E3B0007F439F423146204618BF45F40075FCF765
:10E3C0006FF8294606462046FCF76AF8B1B282B2D9
:10E3D000204602F044FDF8B9204602F030FDD8B9DD
:10E3E000236844F2FF31D3F8E4302046984798B9C7
:10E3F0002046FFF753FA012810D194F8803001939A
:10E4000094F85030009394F87C3094F84F20B4F88E
:10E4100052102046FFF785FF05B0F0BDA0B9FF23DD
:10E42000039394F86A30029394F86930019394F856
:10E430006830009394F8673094F86420B4F86C1056
:10E44000204602F03EFEE7E74FF0FF30E4E72DE91B
:10E45000F04FADF56F7D022904460891164608D0AD
:10E46000032924D06FF0180528460DF56F7DBDE80F
:10E47000F08F90F85030012B02D1D36803B1C367FD
:10E48000D6E9012331682046FFF787FF05460028BB
:10E49000EAD13368013304BF6FF07F4333603368E0
:10E4A000C4F88430089B84F834300025DCE75368D6
:10E4B000FF2B00F23184FFF7F1F90128074614D150
:10E4C00094F88030019394F850300093337994F8A5
:10E4D0004F20B4F852102046FFF723FF05460028CE
:10E4E000C2D1012240F2012153E0A0B93379039354
:10E4F00094F86A30029394F86930019394F8683084
:10E50000009394F8673094F86420B4F86C102046B7
:10E5100002F0D7FDE2E7022835D1E36D642B40F22B
:10E52000E14341F6705218BF1A4640F62F1343F2EA
:10E530000F7118BF194673688DF85831D800C3F3AE
:10E5400047138DF85D310123CDE900330D0A8DF8B5
:10E550005A11110A8DF85B118DF85C218DF85E015E
:10E5600056AAA06C8DF859518C21FEF7ADFD0546D9
:10E5700000287FF479AFA06C06230DF25912F02128
:10E58000FEF73CFCADE7032840F0CA8344F20102E9
:10E590001146204602F063FC054600287FF464AF74
:10E5A000204602F04CFC054600287FF45DAF032FA7
:10E5B00051D00E23ADF8583101233268A76C039374
:10E5C00031790092CDE90101022256A93846FEF7C1
:10E5D000C0FA054600287FF447AF3846FEF76FFDC6
:10E5E000054600287FF440AF236844F2FF31D3F89A
:10E5F000E43020469847054600287FF435AF8DF873
:10E60000580156AA40F68901204602F0D2FD05467F
:10E6100000287FF429AF2046FFF740F9012840F099
:10E620007683C549606D09F07DF9C44920F000404A
:10E6300009F04CF8002800F06A839DF8583103F087
:10E64000FB038DF85831A06C012356AA40F68901CE
:10E65000FEF7D4FB26E7BA4B94F8891018689B881C
:10E66000ADF85C3116AFB74B3B6012AD49F28E533B
:10E670002B8094F88F305690002BB34B03EB410363
:10E680000CBF34220822B3F8D632B3FBF2F30622D1
:10E69000632BA4F89030A4F8922000F0228100F2BD
:10E6A0002B813C2B00F0438100F217811E2B00F2DE
:10E6B0000B81092B40F20E81A44A22FA03F3DB07F7
:10E6C00040F10881B4F8983056A99A09B3F5C07F93
:10E6D0008A5CA4F8942003F03F02A4F8962080F00E
:10E6E000F9804FF0000894F88A30C3F104034345E1
:10E6F00000F332814FF00008FB224146C7F800804A
:10E7000017A810F038FCC4E92788C4F8A480D6E91B
:10E71000001A38460AEB0106FF228E4240F02281A1
:10E72000DFF82C821023002647F25B5C88F8043067
:10E7300051464FF6FF733846C8E902C3C8F8106067
:10E7400002F056F9C0F3072307F80A300DF1590318
:10E750004FF4177203F80A000AF102033146FE541F
:10E7600057A80B93569610F006FC032388F819302F
:10E770000AF10203D90056AA0FAB063138460F96AC
:10E7800088F8186004F056FEFF223146384610F033
:10E79000F2FB94F888300593032B31D06D4B03F1D5
:10E7A0000806186859682A4603C20833B34215465A
:10E7B000F7D1186810609A889B79AA80AB71059B85
:10E7C000022B9DBF604B059A9B184FF0000C98BF21
:10E7D00093F8F9C20F9B069300231A4618460DF1D1
:10E7E00048090DF1580E0DF5AC7B06998B4240F0AF
:10E7F000CF800F920732D20816A956A811F05AF806
:10E800000F9B0693002293B206985B438342114606
:10E8100002F10102F7D38BB294F88AB0BDF9185017
:10E820005B009BB20993CBEBCB030BEBC303C1F3B0
:10E830004E025B0000210C929BB207910A4616AE75
:10E84000002D00F3C7806FF0710202FB0B330F93B2
:10E85000059B94F88F2094F88910DFF8F4808DF8E8
:10E8600040A0DB0043EA820343EAD10343F0020302
:10E870008DF84130B4F898301A091B0142EA411270
:10E880008DF8433008238DF8422088F804302F2279
:10E89000FF23C8E902230027C8F810703E4616ADD2
:10E8A00094F88A108F42C0F001810B9B94F8882065
:10E8B000DB0006339BB2032A00F2C581DFE812F0C9
:10E8C000B701BF0122022402232B3FF4FBAE2F2B02
:10E8D0003FF4F8AE6FF06905C6E53E2B27D0562B06
:10E8E000F8D1B4F89830DA0903F07F03BA5CA4F8E1
:10E8F0009420A4F89630F4E6B3F5C37F10D00BD87B
:10E90000B92B01D0C62BE5D1B4F898301A0ADBB286
:10E91000AA5CA4F89420ECE740F293129342D9D178
:10E920004FF48473A4F89430B4F89830E1E73823B6
:10E93000A4F89230C6E600BF0000FA436F12833A93
:10E940000A640308414447485C46030800044050F9
:10E9500028590020464903082046FBF795FC08F19A
:10E960000108C0E611F8013B53404FEA031C4CEA92
:10E97000131300F8013B130983EA521383EAD2030D
:10E9800003F0010383EAD2135200D2B21A43C4E661
:10E9900019F80010C1B1D543012605F0070506FAA4
:10E9A00005F5DE084FEAD2081BF806601EF80810CD
:10E9B000DF4307F007073E41F60746BF2943C9B2C8
:10E9C000A9430EF8081001320130604508BF00204D
:10E9D00001330AE7302D28464FEAD307A8BF30207D
:10E9E0000A90D84316F807C04FF0010E00F0070058
:10E9F0000EFA00F02CEA000C03EB0E0006F807C03C
:10EA00004FEAE00CC04316F80C7000F007000EFA55
:10EA100000F027EA000706F80C704FF0000E03F133
:10EA2000020C6FEA0C074FF0010807F0070708FA1D
:10EA300007F70DF5AC794FEAD2084FEAEC0019F868
:10EA400008800D906FEA020909F00709305C48FA66
:10EA500009F818F0010F14BF3843B8434FEAEC0728
:10EA600018BFC0B2F05509980244069892B290427D
:10EA70000CD8079A0C980244099892B290429FBF12
:10EA8000013189B20A46079188BF07920A9F0EF1A9
:10EA9000010E0FFA8EF087420CF1010CC1DC3846F2
:10EAA0000230303D18442DB283B2C9E69DF84330A0
:10EAB0000139C91B23F00C0343EA810310A8042188
:10EAC0008DF8433001F094FF4FF0000902238DF8D8
:10EAD000440088F8193012AA4B46282110A8CDE925
:10EAE0001299ADF8509088F8189004F0A3FC4B46AA
:10EAF00012AA282110A804F09DFCF208F343A95C97
:10EB00004FF0010E03F007030EFA03F321EA0303AB
:10EB1000AB5406EB0E03DA10DB43A95C03F00703EA
:10EB20000EFA03F321EA0303AB547F4B059306F17E
:10EB3000020C06F12A00059B13F8011B05934FEA0E
:10EB4000D1090DF1480B4FEADC0A1BF8099015F8C2
:10EB50000A30C9436FEA0C0201F0070102F0070214
:10EB600049FA01F919F0010F0EFA02F218BF134326
:10EB70000CF1010C14BFDBB29343604505F80A3079
:10EB8000D9D106F17203DFF8A4A1059306F14A0C6E
:10EB90001AF8011F6FEA0C024FF0010E02F0070293
:10EBA0000EFA02F20DF1480B4FEAD10E4FEADC09E2
:10EBB0001BF80EE015F80930C94301F007014EFAC1
:10EBC00001FE1EF0010F1ABF1343DBB2934305F899
:10EBD0000930059B0CF1010C6345D9D100214FF0A0
:10EBE000010A04EBD10C4FEAD0096FEA010E9CF840
:10EBF0008BC015F80930C2430EF0070E02F0070271
:10EC00004CFA0EFC1CF0010F0AFA02F218BF134373
:10EC100001F1010114BFDBB29343202905F809304B
:10EC200000F10100DDD17236B6B2013738E60622B6
:10EC3000534304330522B3FBF2F39BB203E003EB2F
:10EC40004303C3F34F03302603F12F02B2FBF6F266
:10EC50000A44B3FBF6F0C4F8A02000EB800202EBFC
:10EC6000820206FB103352009BB292B213B1023300
:10EC70001A4492B2722313FB0122A66CC4F89C20A2
:10EC80000E230732ADF858314FF001080023D708A2
:10EC9000C2F3C702CDE900530292CDF80C8043467F
:10ECA000022256A93046FDF754FF054600287FF49E
:10ECB000DBAB3046FEF703FA054600287FF4D4AB01
:10ECC000D4F8A0308DF85A31A06C8DF85971032317
:10ECD00056AA40F285318DF85881FEF78FF894F8E6
:10ECE000A070102F28BF10272E46B7427FF67CACAD
:10ECF000F1B22046FEF7F4F8054600287FF4B4ABE5
:10ED00000136F2E75B0098E703EB430395E79DF8D4
:10ED1000583143F0040394E46FF00305FFF7A4BBFC
:10ED20004FF0FF35FFF7A0BB584903087F490308A0
:10ED300030B585B005460C46FEF7B0FD012811D16F
:10ED400095F88030A1B2A5F85210019395F8503093
:10ED5000009395F87C3095F84F202846FFF7E1FAAC
:10ED600005B030BD48BB95F86830A1B299420A465B
:10ED7000A8BF1A461F2AA5F86C1018DC172A18DC41
:10ED80000F2A18DC003A18BF01229200FF2085F8F4
:10ED90006420039095F86A00029095F86900CDE927
:10EDA0000030284695F8673002F08BF9D8E7072243
:10EDB000ECE70622EAE70522E8E74FF0FF30CFE76D
:10EDC00037B504460D46FEF769FD012810D184F8D9
:10EDD0008050019594F85030009394F87C3094F86A
:10EDE0004F20B4F852102046FFF79BFA03B030BD15
:10EDF0006FF01300FAE737B50C46054600212046B0
:10EE000008F06EFCB8B10D49204608F05FFC90B1E7
:10EE10000B49204608F044FF09F054F801238DF80F
:10EE200007000DF10702A86C40F6E701FDF7E6FFC9
:10EE3000002003B030BD6FF01000FAE700000C4373
:10EE4000000020401FB50123CDE900338DF80F10DD
:10EE50000DF10F029D21806CFEF736F905B05DF8CB
:10EE600004FB2DE9F14F1F46374B4365062380F81D
:10EE70003C300023BDF834804367164680F850309C
:10EE8000324AC264FF230D46C3679DF83C200E99A9
:10EE9000A0F8528001239DF828B09DF82CA09DF980
:10EEA00030900446FEF79DFB002849D15946204684
:10EEB00001F0EBFF002843D15146204602F004F850
:10EEC00000283DD1236841461B6E20469847002804
:10EED00036D11F492046FFF78EFF002830D101218F
:10EEE0002046FFF7AFFF58BB0221204602F010F981
:10EEF00030BB236801461B6D2046984700BB236842
:10EF00003946D3F8E03020469847C8B923683146DF
:10EF1000D3F8DC302046984790B923682946DB6B4C
:10EF20002046984760B901212046FDF7B4FF38B963
:10EF300023685B6D4946204601B0BDE8F04F184795
:10EF400001B0BDE8F08F00BF0000FA4309030001E3
:10EF500000007042F0B587B004469DF844E09DF88B
:10EF600030509DF834609DF93870BDF83CC0CDF844
:10EF700014E0DDF840E0CDF810E0CDE9027CCDE909
:10EF80000056FFF76EFF014620B9204607B0BDE8E6
:10EF9000F04057E707B0F0BD2DE9F047924699469B
:10EFA00045F255324CF6CC4386B0C0E91723194BD5
:10EFB00003671A23BDF8407080F8653040F209639A
:10EFC0000E46A0F866309DF848201199A0F86C70A4
:10EFD0000023DDF838809DF93C500446FEF701FB24
:10EFE000002840F0E781236851461B6C2046984773
:10EFF000002840F0DF81236849465B6C2046984733
:10F00000002840F0D7812046FEF748FC20B16FF081
:10F010001300CFE133331C43BC49C4F87080404631
:10F0200008F080FCBA4920F0004008F04FFB0028AF
:10F0300040F06881B749404608F074FCB44920F0BC
:10F04000004008F043FB002840F05E81B249404692
:10F0500008F068FCAE4920F0004008F037FB0028BB
:10F0600040F08281AD49404608F05CFCA84920F0A0
:10F07000004008F02BFB002840F07881A84940466A
:10F0800008F050FCA24920F0004008F01FFB0028C7
:10F0900040F06E81A349404608F044FC9C4920F0B2
:10F0A000004008F013FB002840F064819E49404670
:10F0B00008F038FC964920F0004008F007FB0028D3
:10F0C00040F05A819949404608F02CFC904920F0C4
:10F0D000004008F0FBFA002840F050819449404677
:10F0E00008F020FC8A4920F0004008F0EFFA0028E0
:10F0F00040F046818F49404608F014FC844920F0D6
:10F10000004008F0E3FA002840F03C818A4940467C
:10F1100008F008FC7E4920F0004008F0D7FA0028EB
:10F1200040F032818549404608F0FCFB784920F0E8
:10F13000004008F0CBFA002840F028818049404682
:10F1400008F0F0FB724920F0004008F0BFFA0028F8
:10F1500040F01E817B49404608F0E4FB6C4920F0FA
:10F16000004008F0B3FA002840F014817649404688
:10F1700008F0D8FB664920F0004008F0A7FA002804
:10F1800040F00A817149404608F0CCFB604920F00C
:10F19000004008F09BFA002840F000816C4940468E
:10F1A00008F0C0FB5A4920F0004008F08FFA002810
:10F1B00040F0F6806749404608F0B4FB544920F01F
:10F1C000004008F083FA002840F0EC806249404695
:10F1D00008F0A8FB4E4920F0004008F077FA00281C
:10F1E00040F0E2805D49404608F09CFB484920F031
:10F1F000004008F06BFA002840F0D880584940469B
:10F2000008F090FB424920F0004008F05FFA002827
:10F2100000F0CE800923226E84F86530009294F8C5
:10F220006620E16D2046FEF741F9002840F0C280DB
:10F230004C492046FFF7DFFD002840F0BB802368E3
:10F2400039461B6E20469847002840F0B3804AF6A6
:10F250001253ADF8143023680222DB6D05A9204655
:10F260009847002840F0A680236801469B6C204602
:10F270009847002840F09E8023680146DB6C2046BA
:10F280009847002840F096802046FEF707FB0028AC
:10F290007FF4BDAEFF230127CDE9027394F86930F6
:10F2A000019394F86830009394F8673094F86420E0
:10F2B000B4F86C10204601F004FF00287AD184F8DD
:10F2C0006A700221204601F023FF002872D13946DE
:10F2D0002046FFF7B7FD00286CD123683146DB6B71
:10F2E00020469847002865D101212046FDF7D3FD2F
:10F2F00000285FD123685B6D2946204606B0BDE833
:10F30000F04718471F2386E7172384E79A99994007
:10F310006F12833A9A99B9409A99E94033331B4165
:10F3200033333B419A99694100009C413333BB41DF
:10F330006666EA4100001C429A993B4266666A4250
:10F3400066669C429A99BB429A99EA4233331C43BF
:10F3500033333B43CD4C6A4300009C43CDCCBA438E
:10F360000080E943000070420F2354E71E2352E758
:10F37000162350E70E234EE71D234CE715234AE7DB
:10F380000D2348E71C2346E7142344E70C2342E7F8
:10F390001B2340E713233EE70B233CE71A233AE7FE
:10F3A000122338E70A2336E7192334E7112332E71B
:10F3B0006FF0670006B0BDE8F087F0B587B004468F
:10F3C0009DF93450BDF838609DF840700497CDE940
:10F3D00001560F9F0C9D03970095FFF7DDFD014639
:10F3E00020B9204607B0BDE8F0402BE507B0F0BDDE
:10F3F0002DE9F0410E4617461D469DF81C20069942
:10F4000002230446FEF7EDF8E0B9236839461B6C89
:10F4100020469847B0B901212046FFF713FD88B96F
:10F4200023683146DB6B2046984758B901212046B6
:10F43000FDF731FD30B92368294620465B6DBDE8F4
:10F44000F0411847BDE8F0812DE9FF411F469DF8C6
:10F45000283080F88F30884615460C999DF8342066
:10F460009DF92C6003230446FEF7BBF8002846D123
:10F4700026492046FFF7BFFC002840D10121204645
:10F48000FFF7E0FC00283AD1CDE90200CDE9000009
:10F49000034602460146204601F013FE78BB0B23CB
:10F4A00084F86630236884F8650020661B6C184970
:10F4B0002046984718BB032F1FD8092D84F8887061
:10F4C00020D8032384F88A304FF48073A4F898304E
:10F4D000236884F88950DB6B41462046984770B911
:10F4E00001212046FDF7D7FC48B923685B6D314602
:10F4F000204604B0BDE8F04118476FF0090004B0A1
:10F50000BDE8F0816FF00700F9E700BF000070422E
:10F510000000FA3E014400220346013088421A707E
:10F52000FAD1704710B5B02104460C30FFF7F2FF56
:10F53000204610BD10B50446FFF7F4FF204610F03A
:10F54000B1FA204610BD10B5F02104460C30FFF78B
:10F55000E1FF204610BD10B50446FFF7F4FF20463A
:10F5600010F0A0FA204610BD2021D3E710B50446C4
:10F570000430FFF7F9FF204610BD10B50446FFF731
:10F58000F5FF204610F08EFA204610BD0430EBE760
:10F5900010B504462430FFF7E7FF2046FFF7E6FFEB
:10F5A000204610BD10B50446FFF7F2FF204610F0CC
:10F5B00079FA204610BD10B504462430FFF7D4FF79
:10F5C000201DBDE81040CFE70179806801310901B5
:10F5D000A0E710B5102104460830FFF79BFF04F1A7
:10F5E00018001021FFF796FF204610BD10B5044605
:10F5F000FFF7EFFF204610F055FA204610BD10B57A
:10F60000044640680368DB699847102104F108004C
:10F61000FFF780FF102104F11800FFF77BFF102394
:10F6200084F8283010BD2DE9F04F8946ADF5037DF3
:10F6300080461146002A00F06E816AAC02F1200576
:10F6400010685168234603C30832AA421C46F7D10A
:10F65000719B23F0004371936AA8FBF71EFE1C22E6
:10F6600000F00103002163A801936AAC0FF083FC52
:10F6700001232022002152A862930FF07CFC0FCCC2
:10F680005AAD0FC594E80F0085E80F0062AD0FCDAD
:10F690004AAC0FC495E80F004FF0000B84E80F0050
:10F6A0001F26FF244025DA4619F806702F4087EA06
:10F6B0000B0B5AAA62A95846FBF79BFE4AAA52A90D
:10F6C0005846FBF796FE52AA62A942A8FBF74DFEE8
:10F6D00042A91AA8FBF747FE52AA3AA862A9FBF76B
:10F6E0005AFE014612A8FBF73EFE12AA1AA922A84A
:10F6F000FBF751FE4AAA5AA932A8FBF736FE2AA800
:10F700004AAA5AA9FBF747FE014642AA0AA8FBF7F4
:10F71000EDFD3AAA32A902A8FBF7E8FD02AA0AA960
:10F720005AA8FBF722FE5AA90846FBF71CFE4AA876
:10F7300002AA0AA9FBF72FFE0146FBF714FE4AA90D
:10F7400008466AAAFBF7D2FD12AA1AA962A8FBF71B
:10F75000CDFD7448082272A900230DF1880E5EF8D1
:10F7600004CBD346013AECFB003B12F0FF0241F818
:10F77000043B5B46F3D1012272A952A8CDF8E8B14F
:10F78000FBF722FD52A908461AAAFBF7EEFD52A983
:10F7900022AA0846FBF7AAFD6D0804BF06F1FF3652
:10F7A0004FEAC71B04F1FF3403BFF6B25FFA8BFBCD
:10F7B00080254FEA570B14F0FF047FF475AF5AAA67
:10F7C00062A95846FBF715FE4AAA52A95846FBF70C
:10F7D00010FE52A972A8FBF7C6FD092472A90846BB
:10F7E000013CFBF7C0FD14F0FF04F7D152AA72A947
:10F7F0004AA8FBF77BFD17250A2472A90846013C9D
:10F80000FBF7B1FD14F0FF04F7D14AA972AA08462C
:10F81000013DFBF76BFD15F0FF05EDD14AA972A87C
:10F82000FBF7A1FD4AA972AA0846FBF75FFD082471
:10F8300072A90846FBF797FD4AA972AA0846013C3F
:10F84000FBF754FD14F0FF04F2D172A8FFF78CFE11
:10F850004AA90846FBF787FD4AA90846FBF783FD3E
:10F860004AA952AA0846FBF741FD4AA90846FBF7F8
:10F870007AFD4AA90846FBF776FD4AA952AA08462E
:10F88000FBF734FD4AA90846FBF76DFD4AA9084677
:10F8900052AAFBF72BFD62A94AAA0846FBF726FDF0
:10F8A0006AAD62AB42461C4603CCAC42106051606C
:10F8B000234602F10802F6D16AA8FFF755FE62A8B6
:10F8C000FFF752FE5AA8FFF74FFE52A8FFF74CFE73
:10F8D0004AA8FFF749FE42A8FFF746FE3AA8FFF7FD
:10F8E00043FE32A8FFF740FE2AA8FFF73DFE22A8FC
:10F8F000FFF73AFE1AA8FFF737FE12A8FFF734FE0B
:10F900000AA8FFF731FE02A8FFF72EFE01980DF5B9
:10F91000037DBDE8F08F1C226BA80FF02CFB0923A0
:10F920006A9399E641DB0100F0B50021114C90F893
:10F930001FC005460846224605F11F0712F81F3F63
:10F940008CEA030303F07F0312F8016D17F801ED51
:10F95000944286EA0E0643EA0603F5D1C3F58073A6
:10F96000013140EA23200529C0B204F12004E2D18C
:10F97000F0BD00BFA849030808B5C369F3B102226E
:10F9800083F85D201A68116821F0400111600021A0
:10F99000196683F85C1083F85D101B4B9A420ED1F8
:10F9A0004FF0B0431A6C42F480521A641A6C22F47D
:10F9B00080521A641A6E22F480521A6608BD134BE4
:10F9C0009A420ED14FF48040E3F77AF94FF4804029
:10F9D000E3F77CF94FF0B042936D23F480439365D5
:10F9E000ECE70B4B9A42E9D14FF0B0435A6C42F02E
:10F9F00001025A645A6C22F001025A645A6E22F0D3
:10FA000001025A66DAE700BF0030014000380040CA
:10FA10000000015800000000402070470E4A0F4BC4
:10FA20000F49DFF840C0C0E902230F4BC0E90413BF
:10FA30000E4BC0E906C30E4B036203F17453A3F5EA
:10FA40002303A3F692434362002380F87030002220
:10FA50000023C0E91A23704767E6096A85AE67BBD1
:10FA600072F36E3C7F520E513AF54FA58C68059BA0
:10FA7000ABD9831F2DE9F04F00F124058BB000F1C5
:10FA800064072B4653F8042F12BA9F421A60F9D12B
:10FA900083680293C36803930369049343690593DE
:10FAA00083690693C3690793036A0893436A0993BA
:10FAB000DDE908B8DDE9061CDDE904E9DDE9024617
:10FAC000594B0193019B55F804AF53F8042B019354
:10FAD0004FEAF12383EAB113524483EA716313447A
:10FAE00001EA0C0A2BEA010282EA0A02134486EABE
:10FAF0000E024344224006EA0E0882EA08024FEA58
:10FB0000743888EAB40888EAB4589844AF424B4441
:10FB10004244F146D84678D110250195019D0F3D0C
:10FB200005F00F050A3550F825A0019D023D05F0AE
:10FB30000F050A3550F82590019D05F00F08073D87
:10FB400005F00F0500EB88080A35D8F8287050F842
:10FB500025503D442F464FEABA4585EAFA1585EA15
:10FB6000DA054FEAF94A8AEA794A8AEA992A3D444B
:10FB700055444FEAF329C8F8285003EA010A89EAF4
:10FB8000B3192CEA030889EA736988EA0A08C844A9
:10FB9000254FDDF8049057F82970B844A84408EBC5
:10FBA0000B054FEA723984EA060889EAB20908EAC5
:10FBB000020804EA060A89EAB25988EA0A08C8442F
:10FBC000A84405EB0E09019D0135402D0195B6466F
:10FBD000E34621D1029D45448560039D1544049A66
:10FBE000C56022440261059A32444261069A4A4441
:10FBF0008261079A1A44089BC2610B440362099B05
:10FC0000634443620BB0BDE8F08FE346B6468C46D2
:10FC100026461946144655E78C462646194614468C
:10FC20004B4642467AE700BF484A0308B0F8143210
:10FC3000B0F81022981AC0B27047B0F81432B0F879
:10FC400010229BB293421ABFD0F80832985C4FF052
:10FC5000FF30704790F81232B0F81602C0B28342FB
:10FC600027BFC3F13F03C018C01A00F1FF3070472F
:10FC7000037C43B1044BB0F812221B68B0F8163273
:10FC80009BB29A42FAD170471004002007B503686E
:10FC90008DF807105B6801220DF10701984703B04A
:10FCA0005DF804FB2DE9F04106460D468F180C4621
:10FCB000BC4202D1601BBDE8F0813368A0461B68DE
:10FCC00018F8011B304698470028F3D04446EFE768
:10FCD00038B5094D2B68C3600446236820465B692C
:10FCE0009847002807DAE2682B689B1AA2689342BB
:10FCF000F3D34FF0FF3038BD10040020F8B50746AD
:10FD00000D468E180C46B44201D1601BF8BD384632
:10FD1000FFF7DEFF031EF8DB04F8013BF3E72DE9F4
:10FD2000F0410746884616461D4673B10024384602
:10FD3000FFF7CEFF031E05DB434503D033550134E7
:10FD4000A542F4D12046BDE8F0811C46FAE71248EE
:10FD500003681A0912F00C0F10B519D10F4902F0FF
:10FD60000F0251F822209AB141680D4C03F00F03A5
:10FD7000002954F823300CD0C4BF01F1FF31416099
:10FD8000516901EA030023EA010343EA0043936156
:10FD900010BD9362FCE700BF2C020020B4450308AD
:10FDA0006C0703080309024613F00C0010B50DD1CF
:10FDB000074BD1B253F8044B8C4203D102F4E062FA
:10FDC000104310BD01301A28F4D1FAE71A20F8E7E1
:10FDD000941C0308024601440020914200D1704760
:10FDE00043BA12F8010B9BB24340C3F303104340E4
:10FDF000180380B24340580100F4FF505840ECE72C
:10FE000038B503689B68044603B19847E36803B1BB
:10FE1000984763681B6803B19847094B094A6168B2
:10FE2000D3F8EC00146819600022824200DB38BD70
:10FE3000DD68A94208BF1C6201321C33F5E700BF30
:10FE4000D80F00201004002010B50446702108309F
:10FE5000FFF760FB236820461B69BDE81040184788
:10FE600010B50446006808B10FF01CFE0023C4E979
:10FE70000133236010BD2DE9F84315468946D100B2
:10FE8000D0E91A325B1842EB5572C0E91A320446C7
:10FE900000F128074FF000080DB9BDE8F88394F889
:10FEA0007000C0F14006F6B2AE4288BFEEB24946DD
:10FEB000324638440FF0FEFC94F870303344DBB225
:10FEC000402B84F87030A5EB0605B144E4D1204600
:10FED000FFF7D0FD84F87080DEE7F8B500F1280563
:10FEE00090F8703017468022EA5490F87020372B33
:10FEF00004460E4602F101002FD8C2F1370200215C
:10FF000028440FF038F8A36E19BAE36E1A06180ADF
:10FF100042EA136200F47F401B02024303F47F03B2
:10FF20001343C4E918312046FFF7A4FD231D04F153
:10FF3000240153F8042F12BA8B421A62F9D12368B4
:10FF400020469B689847B8420246294628BF3A4651
:10FF50003046BDE8F8400FF0ADBCC2F13F020021D1
:10FF600028440FF008F82046FFF784FD38220021CE
:10FF70002846C6E72DE9F8431D4603689DF8209002
:10FF8000DB6804460E4690469847236807461B697F
:10FF900020469847AF420ED32A46414630460FF0DE
:10FFA00089FC74197A1B494620460EF0E4FFB442DE
:10FFB00017D1BDE8F88323682A46414620465B698D
:10FFC0009847236820469B689847236802469B69A8
:10FFD0000546314620469847236820461B699847C6
:10FFE000DFE716F8013B89EA030306F8013CDEE788
:10FFF00013B513463622044600920A4600F1280142
:020000040802F0
:10000000FFF7B8FFD4E91A3213F5007342F100028A
:100010002046C4E91A3202B0BDE810402AE52DE9B5
:10002000F04106461D4656F8283B8AB00F469046DA
:1000300002A99B692022044698475C23314600931D
:100040003A4643462046FFF795FFD4E91A2312F5B6
:10005000007243F10003C4E91A232046FFF70AFDAA
:1000600023685E699B68984702A902462046B0470C
:100070002368109A9B6929462046984702A8FFF7F3
:1000800073FA0AB0BDE8F08130B58BB00023012AC5
:100090000C468DF8243098BF0A2209A92546B4FBE6
:1000A000F2F404FB125303F0FF03092B94BF303327
:1000B0003733DBB2AA4201F8013DEFD9E4F7EDFB9B
:1000C0000BB030BD2DE9F84305460C46C71C00F1C6
:1000D0000609002617F8011F0A222046FFF7D4FF61
:1000E000236880461B682E21204698474F45404490
:1000F0000644EFD1E9790A222046FFF7C5FF3044D4
:10010000BDE8F88338B5044600680D4610B1636851
:100110008B4208D2691C10F0FDF828B1A368C4E92D
:10012000000503B90370012038BD70B58EB005AB72
:1001300004460A25184631BB83422DD001A91A4630
:100140000E4682422AD81A1A834238BF002202F190
:1001500038030DEB0302002302F8343C304607F06D
:1001600047FBA56860B1054429462046FFF7CAFF52
:10017000C8B12068A368314618440FF093FBA5600E
:1001800020460EB070BDB1FBF5F205FB1211303107
:1001900003F8011B1146CEE70A46F8E712F8015DA5
:1001A00001F8015BCDE72046FFF75AFEE8E770B59E
:1001B0000E46114604461546FFF7A4FF18B920461F
:1001C000BDE870404CE62068A5603146BDE870404F
:1001D0000FF068BB884210B50B46044604D009688E
:1001E00021B19A68FFF7E3FF204610BDFFF738FE04
:1001F000FAE738B5074C0546002104F5DC70882283
:100200000EF0B9FE84F8B851A18A2046BDE8384006
:10021000E8F710BDFC230020F8B51E46C3689A42DB
:100220000446154601D90020F8BD4368007801272F
:10023000B840987683F8247000205884606803687A
:100240005B6898478542EED160683146F7F716FE45
:10025000B0FA80F04009E7E72DE9F047914698466B
:10026000012200230746FFF7D7FFD8B10026FB681D
:1002700039787868A8EB06049C4228BF1C46A8EB96
:100280000403B3428CBF00230123E2B2F7F746FD1B
:10029000844207D10025A54205F1010A04D3264472
:1002A000B045E4D8BDE8F087786803685B69984793
:1002B0004D44A8555546EEE738B50D46044600288E
:1002C0005ED0304BC0F89C3090F9B000E0F7FAFEF9
:1002D00094F8B1202C4BB4F8C21053F82230D3F864
:1002E0008820202A89B205D094F9B000BDE83840B2
:1002F000E0F7DABED4F8B8205218F5D0ADB2002D30
:10030000F2D01A650022A3F85650C3F8902021229B
:10031000C3F888205A6E9968A3F85450B2F1005F70
:100320001A6818D1B1F5805F13D11D6917491848B3
:10033000002D08BF0146996702F1080353E8003F0A
:1003400043F4000302F1080040E800310029F3D132
:10035000CAE70E49EFE7B1F5805F0FD11D690D497E
:100360000D48002D08BF0146996752E8003F43F051
:10037000800342E800310029F7D1B5E70549F3E7EA
:1003800038BD00BF9D030208500B0020D1020008B9
:1003900039030008CB030008F9030008B0F8C220B5
:1003A000D0F8C41011FA82F202F03F0210B5A0F8A2
:1003B000C220B0F8C220B0F8BE1092B291421AD05A
:1003C000B0F8C240B0F8C220A4B24031091B4C4280
:1003D00092B204F03F0401F03F01C2F1400258BF65
:1003E0006142914228BF1146C0F8C410FFF764FF74
:1003F0004FF0FF3010BD0020FCE72DE9F843036803
:1004000004469B6890460F469847D4F8F831B4F8F4
:100410001262012201338146C6F1400622742AD1BC
:1004200094F81C323BB3002394F8051284F81C3274
:100430003D4B53F8213093F8841091421BD083F840
:1004400084202422C3F888201A6852E8001F21F073
:100450000C0142E800151868002DF5D150E8001F86
:1004600041F0080140E80012002AF7D12021C3F82A
:10047000881083F88420236820469B6898470028CA
:10048000F9D04546B5422DD8A9452BD3B4F8126210
:10049000D4F80C027319402B304438D82A46394618
:1004A0000FF008FA2E46B4F8123294F805221D44D3
:1004B0001D4B53F82220D2F88830D2F88C201343F9
:1004C00003F0210305F03F05212BA4F8125206D0BA
:1004D000C4F81862314604F5AA70FFF7EDFE4046F5
:1004E000BDE8F8834E45236828BF4E46324639465C
:1004F0005B6820469847236820469B689847AD1B59
:100500003744B4F812628146C6F14006BAE7C6F134
:100510004006324639460FF0CDF9D4F80C02AA1B3A
:10052000B9190FF0C7F9BEE7500B00202DE9F041D3
:100530008369C8B005460E4614460BB1F6F731FB89
:10054000286906AA31460C30F6F74EFE002858D12D
:100550009DF81830112B06D1224631462846F6F771
:1005600006FFD0B13EE02C200FF094FA0446A861BB
:1005700098B12F6901963B69436007F10C087B69CC
:100580008360014601AB02AA4046F6F78AFD38B106
:10059000A8690FF087FA0023AB6148B0BDE8F0818D
:1005A0009DF80C30222BF3D104AA21464046F6F7E1
:1005B00019F80028ECD163682361A36863610E23F6
:1005C000A3611023E360FB6923600123FC613046D3
:1005D0002B7507F00DF901300FF05CFA3146E86138
:1005E0000FF060F92F2130460FF02AFF203500B1BF
:1005F000461CFF223146284648B0BDE8F0410FF0C6
:100600000CBF0230C9D1012CC7D1A5E710B57021AC
:1006100004460830FEF77EFF204610BD10B50446A4
:10062000FFF7F4FF20460FF03DFA204610BDCBB295
:10063000192B08D80E4A52F8233001F4E06119430F
:10064000C0F8F811704701F0C002C02A0CD1C82BC5
:100650000AD8084B01F03F0201F4E06153F8222070
:10066000034B53F82230EAE74FF0FF31E8E700BFD1
:10067000941C03085C460308CBB2192B08D80E4A19
:1006800052F8233001F4E0611943C0F8F4117047C7
:1006900001F0C002C02A0CD1C82B0AD8074B01F0C8
:1006A0003F0201F4E06153F82220034B53F822305B
:1006B000EAE74FF0FF31E8E7941C03085C460308C3
:1006C000D0F8F831013310B5044631D10368DB6846
:1006D000984794F81C325BBBD4F8F83101220133FF
:1006E00084F81C2224D194F80512124B53F82130BF
:1006F00093F8841091421BD083F884202422C3F8FD
:100700008820196851E8002F22F00C0241E80024EB
:100710001868002CF5D150E8002F42F0040240E8A0
:1007200000210029F7D12022C3F8882083F8841003
:1007300010BD00BF500B002010B50446FFF7C0FFEE
:10074000B4F81422B4F8103292B29A421FBFD4F80F
:100750000822D05C0133DBB214BFA4F810324FF092
:10076000FF3010BD70B50D46144630B1461E012E47
:1007700005D811462846E2F7D1FC204670BD036833
:100780005B689847F9E70EB403B503AA52F8041B57
:1007900001920EF053FB02B05DF804EB03B070471A
:1007A00010B504460EF096F990FBF4F303FB140029
:1007B00010BD38B50023C0E90033044683600D4600
:1007C00039B1084607F014F8294602462046FFF7DB
:1007D000EEFC204638BD10B500230446C0E90033C6
:1007E0008360FFF7F7FC204610BD10B50446006893
:1007F0000FF058F9204610BD38B5044608460D469E
:1008000006F0F6FF294602462046FFF7D0FC2046B8
:1008100038BD7FB500F11C060025144B036004466B
:10082000457513493046FFF7C4FF01232375114B6B
:1008300011491B68A360C4E90355A4613046FFF762
:10084000DBFF314601A8FFF7C6FFA16901A8FFF74A
:100850006CFC01463046FFF7BDFC01A8FFF7C5FF61
:10086000A3686560E36004B070BD00BF504B03082F
:10087000AA510308100400201164030808B58A680F
:10088000836893420BD3006840B1096849B19B1A51
:10089000184406F053FFB0FA80F0400908BD00206C
:1008A000FCE70846FAE7C3B2192B1BD8174A52F8DF
:1008B000233000F4E0601843431C25D0030913F0F3
:1008C0000C0F04BF124A03F00F0300F00F0008BF23
:1008D00052F823300F4A18BF002352F8202091B15C
:1008E0009A61704700F0C002C02A0DD1C82B0BD806
:1008F000094B00F03F0200F4E06053F82220034B64
:1009000053F82230D7E79A62704700BF941C03085F
:10091000B44503086C0703085C46030890F90E0011
:10092000431C01D00121BEE7704710B504460068A2
:1009300020B1636893E80600F9F7B2F994F90E0064
:10094000431C03D0BDE810400021ACE710BDC3B28A
:10095000192B1BD8184A52F8233000F4E0601843D2
:10096000431C24D0030913F00C0F22D103F00F0312
:10097000124A00F00F0052F82320114B126953F86D
:10098000203093430CBF01200020704700F0C002CC
:10099000C02A0CD1C82B0AD80A4B00F03F0200F441
:1009A000E06053F82220044B53F82230D7E70020B0
:1009B000704700231B69FFDE941C0308B44503083D
:1009C0006C0703085C460308034A116813685B1A46
:1009D0008342FBD3704700BF100400200348D0F8C7
:1009E000883013B18030E1F7A3BE70476022002049
:1009F0002DE9F04F2E4D85B0CA002C7803922A7C49
:100A00000092A4F10802019204F1FF3C6A68AB680D
:100A100002924FF0010E00260EFA0CF93146039AAD
:100A200096420ED1EA6853406A7C002A3CD11D46AA
:100A3000C4F120044FF0FF30E040284005B0BDE88D
:100A4000F08F16F0070218D110F8018001F1010AA9
:100A50000099D1B117460EFA07F101EA0801F940F1
:100A6000C7F1070B013701FA0BF1082F42EA010227
:100A7000F1D101998A405340514603EA09025B00D3
:100A80000AB1029A53400136C9E74246F1E700FA3B
:100A900002F11940D140ACEB0206B1400D430132E6
:100AA000D1B28C42F3D8C3E7002215460120F7E704
:100AB0002C59002010B504460020E7F7ADFC0523B3
:100AC0002060A3808022002104F108000EF053FA78
:100AD000002010BDF8B506460020E7F79DFC032373
:100AE0003060B380A022002106F108000EF043FA26
:100AF000204B00251F682C46AFB91F48F5F72FFC87
:100B000007461E48F5F72BFC0646BFB1E4B11C486A
:100B1000F5F725FCD0B11B48F5F721FC044698B940
:100B200001252C4610E07868036831465B6B9847D6
:100B300001253F68002C08BF0446DDE71048F5F7A3
:100B40000EFC58B1002CE6D12046F8BD002EE2D1B3
:100B50000C48F5F704FC58B92546E2E7002EF1D120
:100B60000848F5F7FCFB0028EED1002CECD0D8E7C4
:100B70000446E9E7C853002074580020AC58002010
:100B800090580020C858002010B5044608200EF0E8
:100B900081FF23684360024B1A680260186010BD31
:100BA000C8530020094B10B51C6864B16068E8F7B1
:100BB0004AFA38B194F8200194F82A3198422CBFAF
:100BC0000020012010BD2046FCE700BFC0530020DC
:100BD00008B5084991F81D02FFF7B9FE91F81E32D9
:100BE000DB0703D5003818BF012008BDB0FA80F03C
:100BF0004009FAE7982800200388022B13D00D2B18
:100C000008D8032B01D800207047043B9BB240F268
:100C1000952004E00F3B9BB21E2BF4D80348D8402C
:100C200000F0010070470120704700BF2500004020
:100C300038B5826983689A42044614D02269C06834
:100C40001D68043A934203D00433A360284638BD9C
:100C50000EF028FF63691A1D5B68626103F500727C
:100C6000E3602261F1E70025F0E70169024659B12E
:100C7000836850F82300013303F0010348BF5B424F
:100C8000013993601161704708467047816A10B559
:100C9000024679B1036A50F8230001335C4204F044
:100CA000070403F0070301F1FF3158BF63421362E9
:100CB000916210BD0846FCE713B50B4904460B488A
:100CC000002301F1520200684968E8F7FBFD084B78
:100CD000186838B134B1002300931A464FF0FF3141
:100CE000F4F731FE02B010BDA41A0020A01A0020B3
:100CF000542E002030B5044685B00D46806C01218D
:100D0000FCF7BDF90023CDE900331A461946A06C63
:100D1000FCF7DAF90123CDE9003303AAA06C8DF8C2
:100D20000C508021FCF7D0F905B030BD30B5012161
:100D300085B00446806CFCF7A2F904238DF80F30CF
:100D40000023CDE900330DF10F02A06C01238421B3
:100D5000FCF7BAF9A36C0546186803680121DB6942
:100D60009847284605B030BD1FB58DF80D300123DA
:100D7000CDE900338DF80C108DF80E208DF80F3072
:100D800003AA04239521806CFCF79EF905B05DF859
:100D900004FB0B4B1B681B7C4BB190F988219A42DA
:100DA00005DD084A92F896200AB980F8883190F952
:100DB0008831162BC4BF162380F88831704700BFD6
:100DC0005C0B0020A41A0020836C70B504461868E0
:100DD000996A026895688268A847A36C1868996A3E
:100DE0000268D568C268A847A36C18680368012127
:100DF000DB699847A36C1868996A0268D56802692C
:100E0000A847A36C186803685B6A9847064623687E
:100E100020461B699847054678B1A36C186803689B
:100E20005B6A9847801BB0F57A7F06D2A36C18687E
:100E300003680A21DB699847E9E7284670BD1FB5BA
:100E40000023ADF80C300123CDE9003303AA0223BF
:100E50008F21806CFCF738F905B05DF804FB1FB5F5
:100E6000002303930123CDE9003349BA082352BA82
:100E7000ADF80810ADF80A2019460DEB0302806C9E
:100E8000FCF722F905B05DF804FB37B505460C46C2
:100E9000FCF704FD012811D1231FDBB2042B10D86D
:100EA00095F84E2085F84D30009295F83C2095F845
:100EB0004C102846FDF77AF903B030BD6FF01300EF
:100EC000FAE76FF00900F7E737B505460C46FCF77F
:100ED000E5FC012814D124F00F0343F0040324019E
:100EE000A86C8DF8043044F00404022301AA4FF4E6
:100EF000E8618DF80540FBF781FF002003B030BDAD
:100F00006FF01300FAE713B500290CBF9423962362
:100F100004468DF803300DF10302806C012340F686
:100F2000AC01FBF76BFF084BA06C1A889B78ADF8FF
:100F300004208DF8063001AA032340F29F21FBF71D
:100F40005DFF002002B010BD2B6403082DE9F041C5
:100F500088B005469DF8388043450E4617461C4626
:100F60007DD3FBF7FBFE631CFF22DBB2C8F1080850
:100F700002FA03F342FA08F21343DB43DBB280EADE
:100F80000702134203D1002008B0BDE8F08120EA37
:100F900003043B401C432B79E4B28DF81740CBB9D6
:100FA0000122CDE90032284669890DF11703324646
:100FB000FBF766FD286803689B6A98470746286820
:100FC00003689B6A9847C31BB3F5FA6F40D36FF071
:100FD0000F00D9E795F911306F7C002BB8BF0733AC
:100FE000C3F3C703581E40B20DF1180E4FEAC00CF0
:100FF00002467146002A18DA2A7C0130B8BF002365
:10100000D2080B44501E40B2B0F1FF3F18D100206F
:10101000012301900DF117000090CDE9023302EB9E
:10102000D7022846FBF795FDC4E7B5F80A80013AD8
:1010300048FA0CF80EF8018B52B2ACF1080CD9E763
:101040004FEAC00C26FA0CFC03F801CB0138DAE7B2
:1010500031462846FBF782FE8442B0D193E76FF019
:101060000A0091E7F0B590F9114090F811C0002CFA
:10107000B8BF0734E41087B0013C054664B205A848
:101080000F46E6000146002C11DA0120CDE90230BE
:101090000023019200934FEADC022846FBF759FD3A
:1010A00068B9284607B0BDE8F040FCF708B847FA31
:1010B00006FE013C00F801EB64B2083EE3E707B02E
:1010C000F0BD7FB58DF813309DF824308DF80E20DB
:1010D0008DF814309DF820208DF80F200123CDE9E4
:1010E000003300228DF810209DF828208DF8112063
:1010F00049BA9DF82C20ADF80C108DF81220092368
:1011000003AA8C21806CFBF7DFFF07B05DF804FBBE
:1011100030B587B004460D46FCF7C0FB024690BBD5
:10112000022D0CBF06230423FF2284F867300392AC
:1011300094F86A20029294F86920019294F8682049
:10114000009294F86420B4F86C102046FFF7B9FFC1
:101150000546A8B940F61D73A06CADF8143005AA79
:10116000022340F2BC61FBF749FE42F21013ADF8D6
:101170001430A06C022305AA40F2BE61FBF73EFECC
:10118000284607B030BD012810D194F8803084F88B
:101190004F00019394F85030009394F87C30B4F8E9
:1011A00052102046FDF7BDF80546E9E74FF0FF3540
:1011B000E6E710B504461346806C0122FBF783FD79
:1011C000A06CBDE81040FBF706BF002370B50546D4
:1011D00001F110041846283154F8046FAE420BD0C8
:1011E000002E18BF01238C42F6D122B130B183F01A
:1011F0000103DBB2137070BD0120F4E70346F9E789
:101200002DE9F04F456893B0CDE9032304460F461E
:10121000002D00F00A81D0F800A0BAF1000F00F014
:101220000681D1F81491B9F1000F00F0FC8024225E
:1012300000210DEB02000DF09EFE3846CDF8209007
:10124000E7F728FD7B4997F820B1D1F80480D7F85B
:1012500054110291884508BF4FEACB110BF07F0271
:1012600008BF01F47E51ADF82C2004BF0A43ADF84D
:101270002C20714A08BFCDF83080126801900CBF55
:1012800001260026012A38BF0122D7F850310790E5
:101290000992204601990A934A460593EAF7CCFF42
:1012A0000446002800F086801C9A059B42B1028A01
:1012B0001C9902F07F0293458CBF012200220A7024
:1012C000039AEAB1226890451AD0D4F80CB0BBF169
:1012D000000F15D0D84513D093B902981A4621466D
:1012E000FFF773FF60B121464046FFF76EFF38B944
:1012F00021465846FFF769FF10B9039A012313707E
:10130000049B33B1E368A3EB080253425341049AB0
:101310001370002E6BD1324621464046FFF755FF31
:10132000238A58B197F82011C3F3C612914202D014
:10133000013A914202D1029A0C920126BDF82C206A
:1013400003F47E5322F47E521343ADF82C30BDF8E3
:101350002C20238A02F07F0103F07F038B4284BF9D
:1013600022F07F0213434FF0000288BFADF82C300B
:10137000134604EB8301486978B10BAF062157F897
:1013800004CF604509D0013911F0FF01F7D1334492
:1013900012A901EB830343F8180C002E02F101029D
:1013A000D2B20CBF062105218A421346E1DBE36875
:1013B0000A9302E01C9B03B118701F4B2C221E687D
:1013C000002302FB0A521946954212D34BB107AED5
:1013D0001D460FCE0FC50FCE0FC596E8070085E856
:1013E0000700201E18BF012013B0BDE8F08F0126B2
:1013F000ADE7686858B9286888B1A868371A8F427D
:1014000028460ED939462B4600F12C05DCE78145EC
:10141000F3D12868019F8742EFD1A968711A10465D
:10142000F1E71D46EFE74846DEE72846DCE7504691
:10143000DAE700BFA41A002010040020034B014685
:10144000186808B1E8F7FCBA704700BFA01A00207E
:1014500010B103685B681847704710B103685B6898
:10146000184770472DE9F74FDFF894B081461646CC
:101470001D4601F00F080C0982460127A74220D91A
:10148000B8F1000F1AD0631CEB73C3F307221C4B97
:10149000AA731868036806EB04169B6A324629464D
:1014A000984709EB0414B04416F8012B14F8013BDB
:1014B000464583EA020306F8013CF5D103B0BDE8D6
:1014C000F08FDBF80000EF73C7F30723AB730368FB
:1014D00001929B6A29469847019A0AF1FF30531EF0
:1014E00002F10F0C13F8011F10F801EF634581EAB8
:1014F0000E011970F6D110320AF1100A0137BDE75A
:1015000058210020454B2DE9F3471A68444CDFF879
:1015100014E10C2101254FF0000C4FF004090226C4
:101520004FF00808187A012843D0587A1D72012814
:1015300070D15E72506840060ED5C3F80C80CDF8AD
:1015400004C0506840071BD4506820F04000506031
:10155000D86820F00800D860DEF800A05068C00706
:101560004AD5976850681F61400641BFC3F80C8098
:10157000506820F0010050605D7283F808C018E0E8
:10158000106840F080401060106820F080401060CB
:101590000196019801380190DDF804A0BAF1000F1E
:1015A00012D101205872D86883F808A040F00200D8
:1015B000D86054F8040F0139784011F0FF01206021
:1015C000B0D102B0BDE8F08710684000E1D45068A7
:1015D000400642BF506820F0400050600220019059
:1015E000019801380190DDF804A0BAF1000FD8D0BD
:1015F00050684007F4D4ABE7DEF80000A0EB0A0027
:101600000228ABD9506810F00100A7D15D721872A2
:10161000DE60CEE7C3F80C90AFE700BF445900206E
:10162000C4200020100400202DE9F04F7C4C2646F9
:101630000FCE04F140050FC50FCE0FC50FCE0FC55D
:1016400096E80F0089B085E80F00A36F0393A36E9F
:10165000D4F87C90D4F850E0D4F840C0D4F870B0FE
:10166000D4F86080616D676CD4F874A0606EA26D70
:10167000A66CE56C0193E36DE46E02940A24CDF848
:10168000109000940F4487EA0A0A00EB3A40F444B1
:1016900041408CEA0B0B07EB315787EA3A4A08EBDB
:1016A0003B4800EB3A6088EA0E0E0CEB3E5C80EAA9
:1016B0003151069003988CEA3B44164408EB346899
:1016C00080EA06090198CDF8148088EA3E5ECDF8DC
:1016D0001CE000EB394E04981D4485EA000802988E
:1016E0008EEA020206EB325600EB384086EA3949B0
:1016F00043400EEB396E05EB33558EEA325285EAE4
:1017000038480CEB716C00EB386007EB72678CEAC1
:1017100038680EEB384E87EA346480EA33538EEA39
:10172000716100EB344080EA72620CEB315C8CEA50
:10173000384807EB32574FEA386B87EA344400EBFE
:10174000346006EB7366CDF810B04FEA346B059C3D
:10175000029080EA325286EA3A600EEB386E04EB71
:10176000304888EA736306EB335686EA304008EB6C
:1017700030684FEA306A0798CDF804E005EB7065F1
:10178000069885EA39648EEA3151DDF81CE000EBF9
:10179000344989EA7E6E05EB3E5585EA34444FEACA
:1017A0003460039009EB3460009C013C88EA3353B9
:1017B00080EA3E5E14F0FF044FEA71614FEA726204
:1017C0004FEA73634FEA7E6E00947FF45BAF144C74
:1017D000DDF810906165C4E9135EC4E9173801991A
:1017E000039BA265029AC4F87C90C4F840C0A1662D
:1017F000C4F870B06764E266C4F874A0A664A36716
:10180000606622460434136C12681344E363009B41
:101810000133DBB2102B0093F3D109B0BDE8F08F98
:10182000B820002070B50C4E336B06F14005013333
:101830003363FFF7F9FE0FCD06F110040FC40FCD8F
:101840000FC495E80F0084E80F00E1F785F8736B8B
:101850004340736370BD00BFB820002010B5064C34
:10186000236B01332363FFF7DFFEFFF7DBFF034B3F
:101870001B68C4F8843010BDB8200020100400207C
:1018800038B505460C4641B3302C224628BF3022DD
:10189000A41A2B461544134A13F8011B12F8010B26
:1018A000AB4281EA000102F8011CF5D1FFF7BAFF53
:1018B000002CE9D10C4A92F88130990610D5B2F883
:1018C0008010C1F30C01B1F5C07F09D36FF345134C
:1018D00082F88130BDE83840C0E7FFF7A3FFE9E7B1
:1018E00038BD00BFC8200020B8200020F8B53E4C0D
:1018F00094F881305B06054657D43C4B264603F1ED
:10190000400718685968324603C20833BB4216467E
:10191000F7D1FFF7F7FDB4F8803023F47F5323F0BD
:101920003F0343F40053A4F88030FFF77BFF35B149
:10193000284605F05DFF01462846FFF7A1FF2C4A27
:10194000537A03F0FF0103B9117202235372136833
:101950005068196821F004011960196821F080416C
:1019600021F02001014341F08041196021491961B2
:101970004AF2B321196119681F4821F080411960AA
:10198000056819684E0011D4196841F00401196006
:1019900059684D0616D504235372FFF75FFF94F87C
:1019A000813043F0400384F88130F8BD0168491B61
:1019B0000229E6D919684F00E3D5012353720223A7
:1019C000D360EAE70568596811F0040103D10123E7
:1019D0005372D160E1E70168491B0229F3D95968C4
:1019E0004907F0D50423E9E7B82000202F64030855
:1019F00044590020BC0A59171004002008B5084BB0
:101A0000984206D9074B984201D908F044FD08F0E6
:101A10003FFDBC235843BDE808400EF03BB800BF73
:101A2000414CAE0082985C0108B10EF03BB87047A3
:101A300010B5104B19791E221A6702294FF03C028B
:101A40009A6601D00B290DD10B4901220C46104694
:101A5000C3F8AC100A21C3E92924C3F8B010C3F8B5
:101A60008C0110BD4FF496714FF0FF344FF4167097
:101A7000EEE700BF180400208051010008B5054BB7
:101A80004FF41A72002118460DF075FA1822C0F8AA
:101A9000642208BD502B0020044B1A889042BDBF21
:101AA00004334C2200FB023001487047502B0020C9
:101AB0005802002070B501460078FFF7EDFF91F85D
:101AC0004830012B03D04C220DF0F4FE70BD074BC3
:101AD0001C7800220225A242F5DA93F84C60012E10
:101AE00008BF83F84C5001324C33F4E7502B0020F0
:101AF000F0B5194B93F8965095B005B30024174FE5
:101B00002546E0B2FFF7C8FF4C22014601A80DF0C0
:101B1000D1FE9DF805607EB139460DF12E000EF024
:101B200031FC78B98DF84C008DF80E00ADF80C0042
:101B300001A8FFF7BFFF35460134082CE1D1284644
:101B400015B0F0BDBDF80C30002BF5D000238DF89A
:101B50000E30ADF80C30EBE7A41A0020845E0308C9
:101B60002DE9F041DFF88C8004460846FFF794FF2A
:101B700006462022002120460DF0FDF9737813B1AE
:101B800096F848701FB9FF2384F8203015E0358996
:101B900006F10A012A4620466DB20DF08BFE84F84C
:101BA000205025B9022F08D198F80000DEE7012D5A
:101BB00015D1227822B984F820202046BDE8F08192
:101BC0000D4B214603F1100053F8045B41F8045B10
:101BD0008342F9D1102384F82030E273EDE70F2D12
:101BE00001DC1023D0E71F2DE7DC102DE5D02023EA
:101BF000CAE700BF942600207064030884B038B59B
:101C000005AC84E80E0005467422214606480DF016
:101C100051FE069B089A13431CBF012385F821300F
:101C2000BDE8384004B07047CC530020054A137D0E
:101C3000591C117543F6982047F2305200FB0320DF
:101C4000704700BF445900200F4B104A1868516874
:101C5000036810B51B68984790F86010044631B9C6
:101C6000142264300DF087F9012384F860300021DC
:101C70000220E6F7E5FB0021E0670220E6F7E0FB43
:101C80002067204610BD00BFA01A0020A41A002023
:101C9000034690F8600028B15A6E1AB9986E003861
:101CA00018BF0120704710B103681B6918477047BF
:101CB0002DE9F74F1602B6F5961F814688461DDBC3
:101CC000344B9E421CDA4FF4165396FBF3F6304623
:101CD0000DF0E0FEDFF8C0A0DAF800300093054612
:101CE0000027DAF80030009A9B1A4B450BD30824E2
:101CF000002D4AD1204603B0BDE8F08F8026E6E7EC
:101D00004FF40066E3E72548FDF790FF0028E8D090
:101D10002248FEF711FD731E9F42C0B21EDB2C2825
:101D20003C4608D02B1913F8022C0D2A0AD113F8BF
:101D3000013C0A2B06D1D8E90073BB42BB4619D13E
:101D4000012C14D02B1913F8022C0D2A10D113F8E2
:101D5000013C0A2B04BF00242C7009E07C1CA4B2B7
:101D600000232C28E8552B55E5D0012CDAD101248D
:101D70002746B6E7F968019328460EF087FB1C3723
:101D8000019B0028D9D09BF8184028460DF08AFE08
:101D9000B0E700BF80252C0110040020500C00206B
:101DA00030B504460FCC8BB001AD0FC50FCC0FC5BD
:101DB00023682B6001A80DF0C7FA0BB030BD0E4BA5
:101DC00019680E4B186F1B79022B10D00B2B0C4A85
:101DD00018BF78224FF47A7358B143430948C26858
:101DE00040680A44801A184420EAE0707047044AA8
:101DF000F0E75343F2E700BF10040020180400206E
:101E0000805101004C01002038B50648054DFDF712
:101E10000DFF044604B938BD2846FEF78DFC013C91
:101E2000F8E700BF500C00202DE9F0433D4C3E4F39
:101E30008BB003460D46D4F82801D4F82C113E6827
:101E40006A4603C2B4F830111180384A03AC02F17B
:101E5000180E10685168A446ACE8030008327245B9
:101E60006446F6D11188ACF8001092788CF8022004
:101E700000210A4602201DF800400130144451FAA6
:101E800084F10628E2B2C9B2F5D106328DF80730E6
:101E900053FA82F3DBB251FA82F28DF808304FF038
:101EA00000081344DFF888908DF806008DF809309B
:101EB00044463B689B1B9D4209D90A2C2ED04846BC
:101EC000FDF7B4FE38B93B689B1BAB42F7D300204B
:101ED0000BB0BDE8F0831648FEF72EFC08F128038E
:101EE0006B44C0B213F81C3C834206D108F10108D0
:101EF000B8F11A0F03D10220EAE74FF0000804F10D
:101F000028036B4413F8283C834202D10134E4B225
:101F1000CFE7032C00D118B10024CAE70320D7E78C
:101F20000120D5E7484A0308100400208164030813
:101F3000500C00202DE9F043002585B02B4FDFF831
:101F4000B080D7F800900295CDE900550646ADF86F
:101F50000C5000241EE04046FDF768FEB8B3404632
:101F6000FEF7EAFB631C04F11002DBB20DEB020486
:101F7000022B04F8100C16D19DF800109DF80120DA
:101F8000BA2901D1CE2A04D08DF800208DF8015055
:101F900001231C463B68A3EB0903F92BDBD9002086
:101FA00005B0BDE8F0830D2BF3D19DF804009DF83A
:101FB00005109DF806209DF8073005280ED101294F
:101FC00007D1062A0AD1B34208D10320E8E7234605
:101FD000DFE719B9062A01D1B34205D00E2200214C
:101FE00068460CF0C8FFB4E70120D9E710040020D0
:101FF000500C00202DE9F0410024ADF5407D194F33
:10200000009406464FF43F72214601A80CF0B3FF3E
:102010003D68DFF8548005F5FA753B689D4204D8A9
:1020200000200DF5407DBDE8F0814046FDF7FEFD46
:102030000028F2D00C48FEF77FFBC3B20DF8043045
:1020400040F2FF220134944201D00D2BE5D122460B
:1020500031466846EEF72DF804460028DDD003200F
:10206000DFE700BF10040020500C002070B50625EB
:1020700080F828524CF6BA648518A0F8244200244F
:1020800080F8274280F8262280F8291285F82A4213
:1020900085F82B4285F82C4285F82D4200F2292440
:1020A0009D1813F8016B04F8016F9D42F9D100F5FA
:1020B000097302EB016100F22A2002F0FC0401F531
:1020C000C021044450F8045B84422944FAD1901D95
:1020D000C0B20C0A1954D01DC0B21C5402F1080041
:1020E000C0B20C0C1C5402F10900C0B2090E195404
:1020F00002F10A00C0B270BD2DE9F8434378294DC2
:10210000904601229340002785F82420AB766F8407
:1021100004460E4681782846F3F706F9B8F1000F19
:1021200007D039462846E1F7D9FD39462846E1F778
:10213000D5FD1C48F5F7CEFF1420FEF745FC012322
:10214000324661781748F5F7E9FD2F8BEB8AFA1ACA
:10215000012A15DD1348F1F71BFB04021148F1F7C2
:1021600017FBA4B20443A4B2DFF838904FF0000884
:10217000013E5FFA88F3B3420BDB2046BDE8F883EB
:102180009F4204D00748F1F703FB84B2ECE7002438
:10219000EAE7EB8ABB4202D04846F1F7F9FA08F1C8
:1021A0000108E6E7680B002070B500220E46032107
:1021B0000546E1F727FD044618B131462846E1F708
:1021C00081FD204670BD7FB5054608489DF8246016
:1021D0000068046802969DF82060CDE90036134639
:1021E000246B0A462946A04704B070BDAC260020E7
:1021F00010B51348ECF707FF04234381114B5B68CC
:1022000003604FF0FF3343600F4BD3F8BC3113F042
:10221000FF0202BFB3FA83F35B099A01402A28BF89
:10222000402280F820210446ECF70FFF0021C4F87B
:1022300014010220E6F704F9C4F81801204610BD85
:102240007C260020A41A002018040020F0B599B0C4
:1022500004460F46164600215E220DF102001D467F
:102260000CF089FE03238DF80440ADF80030FFF731
:10227000BFFF0523044683810A4A6B46E9211030DB
:10228000EDF74EFB782384F822319DF87830E08119
:10229000204684F820316760C4F80461257219B0C3
:1022A000F0BD00BF682C030810B54FF0FF310446A5
:1022B000E7F742F80D4B021ED3F8BC310BDB9A4214
:1022C00001DDD0B210BD94F82A010028FAD0023204
:1022D000D0B29842F6D313F0FF0002BFB3FA83F3F3
:1022E0005B099801402828BF4020EBE71804002034
:1022F00008B10DF0D7BB70470169024659B1836838
:1023000050F82300013303F0010348BF5B42013959
:102310009360116170470846704738B503680D46F1
:10232000DB684FF0FF319847044620B14FF4B0729C
:1023300029460DF0BFFA204638BD2DE9F041C4B062
:102340004FF4887204460F46684600210CF013FED5
:102350000020E6F761F800906846FEF7ABFB064602
:1023600048B34FF00008C4F87C80694604F130009F
:10237000F3F702FF4FF0FF3380F8FA80DFF86C804C
:10238000436098F80430062B14BF0A23462380F8D4
:102390002231216F054619B1154803689B6898479B
:1023A00013482946FFF7B9FF206712483FB100687C
:1023B0002946E6F7FEFB304644B0BDE8F081012334
:1023C00000683A462946E7F775FB98F80430062B73
:1023D000F1D198F89830002BEDD0012384F82C30FF
:1023E00041F288312046E1F76DFCE4E71804002053
:1023F0007C260020B81200202DE9F043C5B04FF430
:10240000887205468846684600210CF0B4FD032317
:102410000020ADF80430E5F7FFFF00906846FEF7B6
:1024200059FB064640B3694605F13400F3F7A4FEB4
:10243000DFF8D8904FF0FF334360002380F8FA3084
:1024400099F80430062B14BF0A23462380F8223162
:10245000696F044619B12E4803689B6898472C4859
:102460002C4F2146FFF759FF6867B8F1000F07D0DE
:1024700038682146E6F79DFB304645B0BDE8F0835D
:102480000123386842462146E7F714FB99F80430E7
:10249000062BF1D199F89830002BEDD01E48E6F7C5
:1024A0004BF814230446037341460220E5F7C8FFA6
:1024B0001A4BA060D3F8441199F80430022B04F1B0
:1024C0000D001DD00B2B4AF6C00318BF4FF46163FB
:1024D0004FF47A72B9B102FB01F3B3FBF2F2104987
:1024E0000DF030FF3868036821465B689847012388
:1024F00085F82C3041F288312846E1F7E3FBBBE751
:102500004AF6C003E4E75343E7E700BF180400209E
:102510007C260020B8120020F81200209828002005
:102520009C64030810B58AB00146044601A8FFF771
:1025300017FB9DF92430002B0CDB084B186803684F
:1025400001A9DB6A9847064B03EB4403B3F9020089
:102550000AB010BD4FF0FF30FAE700BF582100204D
:1025600094260020D0F8881010B5024691B1D0F81A
:10257000803050F8230001335C4204F01F0403F064
:102580001F0301F1FF3158BF6342C2F88030C2F827
:10259000881010BD0846FCE70146024802689268B0
:1025A000104700BF7C2600202DE9F0470D4D0F4657
:1025B000A9681424804601FB0441686891469A4644
:1025C0000DF0A8FEAE68686074430319002201365E
:1025D00040F80480C3E90179C3E9032AAE60BDE88D
:1025E000F08700BFD80F0020F8B5164D95F8F02001
:1025F0002B682AB91B68012285F8F02003B198479F
:102600002B685B6803B198470E4C0F4F0026D5F836
:10261000EC309E4200DBF8BDE2682B689A4203D1A1
:10262000226A3B681AB9236201361C34EFE79B1A11
:10263000626A9342F8D304F10C00FDF7E1FB00233A
:10264000F1E700BFD80F00201004002000B5C3B090
:1026500001466A460448F4F7C7FDB0FA80F0400925
:1026600043B05DF804FB00BFD81000200C4B93F87A
:10267000F01030B4024629B1D3E900409968002334
:102680008B4201DB30BC70470568A54205D18568E7
:10269000AA4202D130BCFDF7B3BB01331430EFE7DF
:1026A000D80F002038B505680446A54201D10020A6
:1026B00038BDA868036800219B6898470028F7D1B7
:1026C0002D68F2E700B59DB00190204890F84C309D
:1026D00063B11F4801AB02AA06A9F4F7E2FC58B1A6
:1026E000B0FA80F040091DB05DF804FB0C30F4F73F
:1026F000B7FD0028EDD0F3E79DF80C30222B1CD05D
:10270000134802AA06A9F5F70DF80028E8D19DF8AC
:102710000C30222BE4D10E4806AA12A9F4F75FFC74
:102720000028DDDB1A9B0F931B9B109300231A4696
:1027300006A90748F4F7BEFED2E7054804AA11A986
:10274000F3F750FF0028DBD0CAE700BFCC10002011
:10275000D810002010B50C1A002C134605DD0146D8
:10276000224618460CF0EDFB0346181910BD10B5B3
:102770000A4CE3689B6A13B9A06A0DF093F9E36809
:10278000DB6A13B9606B0DF08DF9E3681B6B23B93D
:10279000A06CBDE810400DF085B910BDCC10002034
:1027A0002DE9F043C9B000230D460A6903754FF4C3
:1027B0007A7180F8203080F81F31C0E90131C0E91A
:1027C00006332B7D5049016002AF04460261002BA5
:1027D00064D0DFF838812B69AE694FF48472002130
:1027E00007F1100003F10C090CF0C5FBB3690E2BC7
:1027F00046D122233B74414607F118000DF052F8F0
:10280000B3690133B36107F11801404604F096FF44
:102810000028E0D03E4807F1180104F08FFF00289F
:10282000D9D0D5F81C80404604F0E2FF054607F1F8
:10283000180004F0DDFF0544093525F007056E4654
:10284000ADEB050D02AB184641460DF02BF898F89C
:1028500000202F2A034602D198F8012022B1184601
:102860002C490DF0ADFD034607F1180118460DF097
:10287000A7FD002201462046FDF758FEB5460DE0B3
:102880000F2B03D1222322493B74B5E73A46314648
:102890004846F4F76AF838B1821C31D1204607F572
:1028A0008E77BD46BDE8F0833B7903F07F02112AA5
:1028B00001D0222AEAD11B060BD507F108014846B0
:1028C000F4F7B8FB00281BDBE0D13B7903F07F0372
:1028D0003B713B793B74112B08BFFB683A6808BF1A
:1028E0007B617B79B97904321A44FB7900930A44FD
:1028F00007F1180371684846F3F767FE002882D095
:10290000012880D0CAE700BF844B03086461030834
:10291000636103082054030830B5144689B054F8A5
:10292000043B00930C252B440493D3790593002298
:10293000CDE9062301236A46CDE901540395F4F756
:10294000B9FD09B030BD2DE9F04F87B0DDE9104584
:1029500006468B46174625444FF001090DF1170A2C
:10296000A3EB0408AC4201D1012011E008EB040301
:102970000093CDE901A93B46002259463046F3F7C2
:102980008BFD28B914F8013B9DF817209A42E9D035
:1029900007B0BDE8F08FD1B1092816D8DFE800F004
:1029A0000F0D15090B19071305110B4870470B483C
:1029B00070470B4870470B4870470B4870470B48EF
:1029C00070470B4870470B4870470B4870470B48DF
:1029D00070470B48704700BFE86403080E650308A2
:1029E0002065030835650308DF64030805650308EF
:1029F0002B650308F364030818650308D86403080B
:102A0000FB64030808B5C0B2FFF746F890F82A3017
:102A10000BB12A3008BD064B93F8A8212AB193F8D0
:102A2000A9010121BDE80840B5E70248F2E700BF6F
:102A300018040020D8640308F0B58BB00646FFF7F1
:102A40002BF841780670044639BB80F848104422C0
:102A500004300CF090FA01236370314601A8FFF7AF
:102A60007FF89DF92470002F29DB3046FFF7CAFF5D
:102A7000054604F0BDFE2B4628440025834215D1AF
:102A8000002101AA0B468F4214D86B400D4A02EB7D
:102A90004602204653800BB0F0BD0B492A3004F0AB
:102AA0004DFE0028D9D184F82A00D6E713F8012B6F
:102AB0005540E3E712F8010B01314340E3E74FF0E3
:102AC000FF33E3E79426002040650308F8B5094E7C
:102AD000094F002433889C4200DBF8BDE5B228464C
:102AE000FFF7AAFF90F84830012B08BF3D70013472
:102AF000F0E700BF502B00209426002038B518B115
:102B00001C4A1368013313601B4D2B88082B25D0FA
:102B100008232B8000242A88944225DB174B184C6D
:102B2000002183F8C11140F20141A3F8A8112D2121
:102B3000A3F8C211134B1449002A08BF1C460125F3
:102B4000A57225810C2204F12A000DF066FC2023D9
:102B500084F83E50657084F848502364FFF7B6FF50
:102B6000BDE83840ECF72CB8E0B2FFF765FF013460
:102B7000D1E700BF6C580020502B00201804002023
:102B8000542B002058020020AA51030808B5014622
:102B9000FEF782FF836823F07F43B3F1011F12D158
:102BA0000846FFF72FFF094B024693F8A81193F848
:102BB000A901FFF7F0FE0146104604F0BFFDB0FA90
:102BC00080F0400908BD0020FCE700BF1804002089
:102BD00038B50D4B93F8A80170B10C4A107858B174
:102BE000D3F8C801002104F05DFD28B1084B1D7821
:102BF0000024AC4201D3002038BDE0B2FFF7C6FF8D
:102C00000028F9D10134F4E7180400202402002040
:102C1000502B002070B50468284EE56931EA05059F
:102C200001D1002020E03568AD1AAB421DD254E836
:102C3000003F23F4D07344E80032002AF7D104F1B6
:102C4000080353E8003F23F0010304F1080141E8C1
:102C50000032002AF3D12023C0F88830C0F88C302D
:102C6000002380F88430032070BD25686D07D4D51B
:102C70008029D2D04029D0D0E5692D05CDD54FF49B
:102C80000063236254E8003F23F4D07344E8003229
:102C9000002AF7D104F1080353E8003F23F00103B1
:102CA00004F1080141E80032002AF3D12023C0F8E2
:102CB0008830C0F88C30C0F89030D1E71004002084
:102CC0002DE9F843534A0468054610274FF0200CBD
:102CD000A36913F0200301D000203BE0A66916F0A1
:102CE000100670D0E7610E461846D4F818E01EF0C2
:102CF000200F65D180B343F004060120A36913F4CB
:102D0000807F03F4806E03F400735ED04FF4807212
:102D100046F00106E261BEF1000F59D1002B5ED1F1
:102D20002846DEF76EFA636823F0FF7323F48B33D3
:102D300023F4FF7323F0010363606B6C33436B6414
:102D4000202385F84130002385F84230002385F8A0
:102D500040300120BDE8F883D2F800E0AEEB060E6B
:102D6000BEF1640F07D8D4F818E01EF0200FF3D09E
:102D7000C4F81CC0BFE7D4F8048095F842E0D4F84A
:102D8000189019F4004F5FFA8EFE0AD018F4804FA5
:102D900007D1BEF1200F04D0666846F48046666015
:102DA0001668D4F818E01EF0200F9ED1D2F800E08B
:102DB000AEEB060EBEF1190FF3D92023012094E7E4
:102DC0000028D5D097E7304698E7BEF1000F05D030
:102DD0004FF4806246F00806E2619FE72BB14FF4A2
:102DE000007346F00206E3619AE7002898D1136861
:102DF0005B1A642B7FF66CAFA3699B063FF568AF47
:102E00006B6C43F020036B64202385F8413085F818
:102E100042009BE710040020134A144910B51468BF
:102E20000B69DB0313D40B69D80744BF0120086189
:102E30004CF2FA310B4011D10C49086910F4802092
:102E40000BD013681B1BB3F57A7FF6D304E013682D
:102E50001B1BB3F57A7FE3D3032010BD034A136134
:102E6000034A01205360F8E7100400200040005896
:102E70005457002038B590F8413003F02803282B30
:102E800004460D4603D119B94FF40073436438BDAD
:102E900048F20201DEF71AFA94F84030012BF6D01E
:102EA00094F841300121292B84F8401014D1204698
:102EB000DEF70CFA23681A6852040DD51A68A06B65
:102EC00022F480421A6038B1174B8363DEF73EF973
:102ED00010B1A06B836B98472A2384F841302023DC
:102EE00084F842300021236861645A6822F4004269
:102EF0005A6001226285628D22854FF08072E26203
:102F00000A4A62639A6998696562C00303D412072A
:102F100044BF0822DA6184F84010204648F20201DA
:102F2000BDE83840DEF792B969090008291B00089E
:102F300070B590F89130012B04460E46A0F10405BF
:102F400009D1436E3BB1836E28469847022384F82B
:102F5000913000236366012E4FF0000364D1E26ECE
:102F600084F891301AB184F890302846904794F84C
:102F7000905094F8413003F02803282BEDB203D190
:102F80001DB94FF40073636470BD48F2010120461F
:102F9000DEF79CF994F84030012BF5D0012384F83A
:102FA000403094F841302A2B15D120460221DEF71B
:102FB0008DF923681A6810040DD51A68E06B22F4A5
:102FC00000421A6038B11E4B8363DEF7BFF810B1C0
:102FD000E06B836B9847292384F8413022462023F5
:102FE00084F8423052F8703B00206064596821F444
:102FF0000041596065856262628D22854FF00072E2
:10300000E262104A62639A699969C90303D512079B
:1030100044BF0822DA6184F8400048F201012046EA
:10302000BDE87040DEF712B96366012384F8913081
:10303000636E7433E9182046BDE870401AE700BF9C
:1030400069090008291B000870B590F84130026832
:1030500003F02803282B044628D1956991699368C9
:10306000D668C668022EC5F3004515D1C3F3C21356
:1030700083EA114313F006030ED1816C01318164A0
:10308000816C022917D108218364D16180F8403016
:103090002946BDE870404BE74FF40041DEF716F9D2
:1030A000002384F8403029462046F2E70823D36104
:1030B000002380F8403070BDD0F88C30202B10B544
:1030C00071D100296FD00023494AC3660368934237
:1030D0003FD1816581680122A0F85C20A0F85E20C4
:1030E000B1F5805F4FF0000242673ED10269002ACD
:1030F00040F2FF1218BFFF22A0F860200022C0F8A3
:1031000090202222C0F88C2003F1080252E8002F00
:1031100042F0010203F1080444E800210029F3D140
:10312000446E81680269B4F1005F42D1B0F8684032
:10313000012C3ED8B1F5805F36D132B32D4A4267BB
:1031400053E8002F42F4807243E800210029F7D1B0
:103150001DE05A681202BCD553E8002F42F080628D
:1031600043E80024002CF7D1B3E729B90269002A0B
:1031700014BF7F22FF22BFE7B1F1805FBCD102699B
:10318000002A14BF3F227F22B6E71B4A426703F1A1
:10319000080252E8002F42F0805203F1080040E894
:1031A00000210029F3D110BD12494167002AC7D17F
:1031B000EDE7B1F5805F16D152B1104A426753E88E
:1031C000002F42F4907243E800210029F7D1EAE78A
:1031D0000B4A426753E8002F42F0200243E80021E7
:1031E0000029F7D1DFE705494167002AF2D0E6E779
:1031F000008000406B36000809380008830400088E
:103200004105000838B50446E8B1E0F737F8D0B911
:1032100094F8B1200C4B214653F8220011F8B25F0C
:10322000FFF74AFFB4F8C030B4F8BC20013303F014
:10323000FF03934207D0B4F8C020D4F8B41092B280
:103240008D54A4F8C03038BD500B0020836810B5F1
:1032500004462BB10322014698470023C4E90233F8
:1032600010BD30B400244FF47A75C0E90145074D14
:103270000560074D0561C0E90644047580F82040EB
:1032800080F81F4130BCFDF751B900BF844B0308E3
:10329000CC1000202DE9F041CCB004AC0F4616460E
:1032A0000146002220461D46DDF84881FFF7D9FF80
:1032B000A369E3B10F4B0297CDE900340E4B002117
:1032C0009D42039103D0324640460BF054FE2946FE
:1032D00042466846F9F7FDF80028204614BF01254C
:1032E0000425F3F75EFC28464CB0BDE8F0810525C7
:1032F000F9E700BF63E100082C22030870B504461B
:103300000D46FDF786FA164B2360164BA362002389
:1033100084F82C30294604F11C00FDF76DFAA26AEE
:10332000CAB102F1240102F1C4050B4653F8040F9F
:1033300018B18669A06986420DD0AB42F6D1002350
:1033400051F8040F40B90A3342F82340D2F8C8308C
:103350000133C2F8C83070BD0133282BF0D1FAE731
:10336000B04B0308F026002038B58568043529469F
:103370000446FCF7C7FE30B12068A3680249184430
:103380000CF090FAA56038BD48650308F0B50B4D08
:10339000D5F8EC401C26744304F10C077E19E85163
:1033A00071600021C6E902113361D5F8EC302C447C
:1033B0000133C4E90812C5F8EC30F0BDD80F002085
:1033C0002DE9F34102AB03E906000023C0E9003315
:1033D000836015461C235D43144B9D4206460F46F1
:1033E00001EB050802D9124807F05BF865B12846E1
:1033F0000CF050FB044625443460B560B84505D157
:10340000746002B0BDE8F0812C46F4E739462046EE
:10341000FDF7E1F907F10C0104F10C00FDF7DBF910
:103420003B7E23761C371C34E8E700BFF0FFFF7FAC
:103430004D6503082DE9F74F9A46384F0190002358
:103440008B469C461C46A34514D11BF0070F09D0A0
:1034500032494978032904BF190C02F8011B190AE3
:1034600011705370BAF1000F01D0CAF800C003B058
:10347000BDE8F08F019897F801E0E108E543465C6C
:103480002749BEF1020FA1F1100005F0070508BFA2
:10349000014646FA05F606F0010689463978C6F176
:1034A00001006FEA01084FEA800008F00308C0B28B
:1034B00000EBC800C8464FEA910905FB0EF558F825
:1034C00029804FF0020928FA00F019FB01610CBFB6
:1034D0004FF010084FF04008B1FBF8F608FB16114A
:1034E00000F00F00397004F00701A840072943EAF3
:1034F00000030CD1BEF1030F04BF190C02F8011B2D
:103500001146180A01F8020B53700A460023797815
:1035100061441FFA81FC013495E700BF4059002047
:10352000E04B030807B50023ADF8043001AA0223DD
:103530001721FDF797FDBDF8040040BA80B203B033
:103540005DF804FB7FB590F8354006460D4614B192
:103550004F4804B070BD03681B699847B06CFFF713
:10356000E1FF83060AD50123CDE9003303AAB06C3D
:10357000ADF80C4002230721F9F7A6FD454925F0D7
:10358000004004F0A3F8044628B1304604B0BDE87A
:103590007040FDF719BC4049284604F0C3F93D4985
:1035A00020F0004004F092F8002862D13B49284600
:1035B00004F0B8F9374920F0004004F087F80028FB
:1035C00059D13749284604F0ADF9324920F000407E
:1035D00004F07CF8002850D13249284604F0A2F9C2
:1035E0002C4920F0004004F071F8002847D12E4902
:1035F000284604F097F9274920F0004004F066F8C7
:1036000000283ED12949284604F08CF9214920F0B0
:10361000004004F05BF8002835D12549284604F025
:1036200081F91C4920F0004004F050F868BB2149A2
:10363000284604F077F9174920F0004004F046F8D6
:10364000002885D0072000238DF80D3044F20103B7
:10365000ADF80E3041F2883373670123CDE90033B2
:103660008DF80C000423B06C03AA9721F9F72CFD08
:103670006FE72046E7E70120E5E70220E3E70320C4
:10368000E1E70420DFE70520DDE70620DBE700BFF8
:1036900041FDFFFF6F12833ACDCCCC3F9A99D93FC1
:1036A0006666E63FCDCC0C409A991940CDCC2C40B3
:1036B000000040403333534007B50D4BB3F8D821D9
:1036C00093F8DA31ADF804208DF8063001AA03230F
:1036D0001421FDF7C7FC9DF805309DF804209DF8E6
:1036E00006001B0243EA0243184303B05DF804FBE3
:1036F000484A030870B586B00D46164600211422CC
:10370000044601A80BF037FC3246294601A8F9F718
:1037100063F908B1049B236006B070BD02F00F028C
:103720000B2A13D8DFE802F00E0E0E0E10060C0C5A
:103730000C0C120C012242EAC1020023F8F7D7BE9A
:103740000222F8E70022F6E70522F4E70369034ABC
:10375000002B08BF13460361002070478D620308E9
:1037600070B5D3B10D4D00682E680B44994211D04D
:103770008468A407FCD511F8014B04738468E4073E
:10378000FCD5047B0AB102F8014B2C68A41BB4F5EC
:103790007A7FEBD383681B06FCD470BD1004002035
:1037A0002DE9F04F034687B000688DF817108E465C
:1037B00050B10DF1170201231146FFF7D1FF9DF81B
:1037C000170007B0BDE8F08F1A7B93F80D900292B6
:1037D000002A0CBF012280221142754C9968B4FB6B
:1037E000F1F409F0FD010391724D9969724EDFF811
:1037F000CCC101900CBF4FF001084FF00008E4B2BB
:103800005CB1D5F804A03768B7FBFCF76743D5F87F
:1038100004B0ABEB0A0B5F45F9DC039F002F53D1DB
:1038200093F91070781C14D01EEA020A14BF012705
:10383000002747450DD0D3F824805F69BAF1000F07
:1038400039D0D7F800A04AEA080AC7F800A04FF01C
:1038500001080F68D86A07430F605CB1D5F804A06F
:103860003768B7FBFCF76743D5F804B0ABEB0A0B3E
:103870005F45F9DC93F91170013707D0DF69986A69
:103880003F6807421EBF0198104301900F68D86A35
:1038900027EA00070F600298002840F08680520057
:1038A000D2B2002AACD193F9113001331CBF019B75
:1038B0008DF8173083E7D7F800A02AEA080AC7F87E
:1038C00000A0DDF80C80C4E7B9F1030F45D193F9EE
:1038D000107001370DD05F69D3F824B0D7F800A07D
:1038E0001EEA020F14BF4BEA0A0A2AEA0B0AC7F8BB
:1038F00000A00F68D86A27EA00070F6044B3D5F824
:1039000004A03768B7FBFCF76743D5F804B0ABEB0E
:103910000A0B5F45F9DC0F68D86A07430F60D5F8DA
:1039200004A03768B7FBFCF76743D5F804B0ABEBEE
:103930000A0B5F45F9DC93F911700137ABD0DF69F1
:10394000986A3F6807421EBF019810430190A2E7A2
:103950000F68D86A07430F60EDE70F68D86A07431E
:103960000F605CB1D5F804A03768B7FBFCF767437C
:10397000D5F804B0ABEB0A0B5F45F9DC93F9107096
:1039800001370DD05F69D3F824B0D7F800A01EEA44
:10399000020F14BF4AEA0B0A2AEA0B0AC7F800A072
:1039A0000F68D86A27EA0007D5E7520879E700BF11
:1039B00020A10700001000E00400002040420F009A
:1039C00013B5034600688DF8052040B18DF804104A
:1039D0000123022201A9FCF71FFC02B010BD5C68A4
:1039E00001F07F0120468DF80410FCF79EFF9DF842
:1039F00004102046FFF7D4FE9DF805102046FFF77F
:103A0000CFFE2046FCF78AFFE7E770B542EAC30223
:103A10009DF8106090F850309DF8145066F34713ED
:103A200080F8503090F8483025F0400503F040030E
:103A300004462B4342EA811280F8483080F84C203B
:103A4000F4210022FFF7BCFF94F8502020465209D1
:103A5000F221FFF7B5FF94F84820C2F3C20302F049
:103A600007019B0043EA411343EAD2122046F521A5
:103A7000FFF7A6FF94F84C20C2F3C20302F007013F
:103A80009B0043EA4113204643EA9212BDE870408E
:103A9000F42195E7F8B50F46054614461E46FCF797
:103AA00044FF39782846FFF77BFE2644FF2128464D
:103AB000FFF776FE04F8010BA642F7D12846BDE8D1
:103AC000F840FCF72BBF13B5044600688DF80410CE
:103AD00001AA0123114628B1FCF7BEFB9DF80400A2
:103AE00002B010BD6068FFF7D5FFF7E713B50446D5
:103AF00000688DF8041001AA0223114638B1FCF7C2
:103B0000ABFBBDF8040040BA80B202B010BD6068E3
:103B1000FFF7C0FFF5E708B5FFF7E8FF40BA80B24E
:103B200008BD13B5044600688DF8041001AA0323EC
:103B3000114668B1FCF790FB9DF805309DF8042014
:103B40009DF806001B0243EA0243184302B010BD71
:103B50006068FFF79FFFEFE790F84C305B0710B508
:103B6000044636D0FA21FFF7DCFFA28C00110028B2
:103B700001464FEA4203B8BFC11D0028B8BF0F304D
:103B8000C3EBE103B4F92610C2EB20124B435243BE
:103B9000B4F9281012134A43002BB8BF03F2FF7385
:103BA000002ABCBF02F57F523F32DB1203EBA23387
:103BB000226A1344E36103EB830313F1800048BFDF
:103BC00003F27F10001203F063FF034904F068F86A
:103BD00010BD0248FCE700BF0000C8420000C07FE3
:103BE000F8B5C6690D68083EB5420F4613D3B5FB5C
:103BF000F6F001380CF096FC841CA5EB8404B4FBB1
:103C0000F6F420460CF08EFCA5EB800504FB16555F
:103C10003D602046F8BD0020FCE72DE9F04F89B05B
:103C20000646DDF84C8005920F464BB94FF0FF3247
:103C3000C8F80020149A0020136009B0BDE8F08F86
:103C40000468013B07A920460793FFF7C9FF12A9A3
:103C500005462046FFF7C4FF4FF0040A81460DF1E8
:103C6000140BA945059B03D3C8F80030129BE1E76C
:103C7000A5EB0904B4FA84F495FAA5F2B2FA82F23B
:103C8000C4F11F04944228BF1446A2000092CDE95B
:103C900001BA002239463046F2F7FEFB0028CCD1AB
:103CA0000123A340ED1ADCE72DE9F04F89B0064669
:103CB000DDE912090F4690469B46E8B101380590B0
:103CC00005A93068FFF78CFF0DF1180A0446594624
:103CD0004846EFF7F6FC78B974B104F00105C5F178
:103CE00002039B00CDE901A300905B4642463946A2
:103CF0003046F2F7D1FB10B109B0BDE8F08FE343D5
:103D000013F0010B05D006994846EFF7DAFC0028BE
:103D1000F2D108AB03EB8B03023D53F808BC2C44F3
:103D2000D5E710B50C468269A068FF210BF023F996
:103D30004FF0FF33236010BD38B51C4C836AE06040
:103D40000546C3B1A362EB6A03B36363184928460F
:103D5000FFF7E7FF4FF0FF332362E3681A6BE2B12E
:103D6000A26400204FF0FF33C4E90433C4E9060025
:103D700084F84C0038BD40690BF08CFEA06200282E
:103D8000E1D1FEF7F4FC6FF00B00F3E7A8690BF04C
:103D900081FE60630028D9D1F3E7586AC0080BF0B0
:103DA00079FEA0640028DCD1EBE700BFCC10002036
:103DB000F810002030B599B0FFF7BEFF0446002888
:103DC0002ED11D4D0290EB6828641B6A6B64C5E917
:103DD0000E00012302AA0DA905F10C000393F2F7CE
:103DE00001FC044608BB202300930E9905AB10226A
:103DF00005F10C00F2F7E9FB0446B0B9069B2B6114
:103E00000E49079B6B6108220BA80BF08AF8044649
:103E100048B90A9B1A0C012A0AD19BB2012B07D878
:103E2000204619B030BD6FF03304FEF7A0FCF7E771
:103E30006FF01504F9E700BFCC10002051580308BB
:103E400010B5064C207940B9A36833B11846FFF786
:103E5000B1FFB0FA80F04009207110BDCC100020F5
:103E600004300844104470472DE9F043804695B073
:103E70000E461746994601F12405FA79B979787901
:103E8000346AFFF7EDFFD8F80030DB692044984230
:103E900015D8043C47F8044B00230C21CDE90A3720
:103EA000CDE90C14CDE90E3910920994022309AA28
:103EB00031464046F3F7FEFA15B0BDE8F083002C1A
:103EC00036DB35460FCD09AC0FC40FCD0FC495E8D6
:103ED000070084E8070031464046F2F7C1FC00289D
:103EE000EAD1129B7362139BB362336A3A46043B76
:103EF00042F8043B03920C22CDE90130CDE90423C2
:103F0000FB790893CDE90609022301AA3146404610
:103F1000F3F7D0FA0028CFD1119B43F0004311935F
:103F200073681293B36813930246034609A9C0E766
:103F30002A4631464046F2F755FB00289DD0BBE7A4
:103F400070B52C4D9CB095F84C300190002B42D0B0
:103F500001AB294802AA06A9F3F7A3F8831C04467B
:103F600043D1019E2F2130460CF039FA002839D177
:103F7000EB6821481B6A6B6411A9F2F771FC0446D7
:103F800000282FD10F9B1A93109B1B9302460346C8
:103F900011A91948F3F78EFA044618BB40F622031C
:103FA0008DF80E003046ADF80C3003F021FC129A6B
:103FB000139B8DF80F00CDE90F23049205930E4853
:103FC000334602AA06A9FFF74FFF044650B9EB6833
:103FD0001B6A6B6406E005F10C00F3F741F9044637
:103FE0000028B5D020461CB070BD002808BF6FF077
:103FF0001004F7E7CC100020D81000202DE9F8437A
:10400000037805462F2B00AF0CBF013028464FF038
:1040100000082F210CF0E3F9044618B92846FFF7F1
:104020008FFF1BE0661B06F1080323F00703E94638
:10403000ADEB030D684626EAE672002100F8018B1D
:104040000AF099FF3246294668460BF033FC684671
:10405000FFF776FF28B1113003D0CD46BD46BDE84D
:10406000F883601CCD46D4E7C368184738B50446CA
:1040700004B938BDE068FFF7F9FFA56820460BF0EA
:1040800011FD2C46F4E770B5044690F8786090F87E
:104090007950084603F0A0FEAA1B00F11403534315
:1040A0001E2293FBF2F33344D8B20E4B1B79022B42
:1040B00010D0A36E5D43012303FA00F000284FEAFD
:1040C000450505DDFCF76CFBA36E03FB005070BDDE
:1040D0000020F9E710B14000FCF762FBA36E5843E3
:1040E000F5E700BF18040020034600689B680349F9
:1040F0001B1A9B105943FDF797BC00BFCF467D6745
:1041000000B509288BB00CD868460AF0D9FC08988D
:1041100040F2DB5398428CBF002001200BB05DF8C9
:1041200004FB0120FAE738B52C4CD82200212046A8
:104130000AF021FF012518232949C4F890314022B3
:10414000601D257084F82C5184F8D85084F81451DF
:1041500084F83C5184F8F45084F864510CF05DF913
:104160002049402204F145000CF057F91E49202255
:1041700004F185000CF051F91C49202204F1A8003B
:104180000CF04BF91A4984F81E522D22C4F8002273
:104190000A2284F8F6218A88C98884F8F71152BA6D
:1041A0000023A4F8F8216FF00042C4E9502384F8FA
:1041B000A55084F8E65184F8E83184F8FA5184F87F
:1041C000FC3184F8F451C4F84C31C4F85431C4F8CB
:1041D0005C31C4F8EC31C4F8283238BD982800208E
:1041E0007E650308926503089A650308345E030838
:1041F000A41A002070B5444C88B0054658B194F814
:10420000F85145B1B4F81C22002A7AD004F21E21DC
:1042100068460BF04FFB4FF438723B4800210AF020
:10422000AAFE0222182384F8E6210422C4F8F431FD
:1042300084F8A92101234022237084F8883184F86E
:10424000A43184F8643084F8943084F8C03084F861
:10425000F83184F8C53184F8C03184F8B831C4F835
:10426000BC2184F8E431A5B12023284AA4F81C32EB
:104270006D460DEB03062B4603CBB3421060516035
:104280001D4602F10802F6D1204921482022EBF711
:1042900037FF0023A4F8FA3184F86C3064224FF41D
:1042A0009673C4E9212323790125022B84F89050C9
:1042B00004D00B2B1CBF42F6302363610026012083
:1042C00084F8A75284F8A962FEF718FC1149124835
:1042D00020220CF0A2F8114BC4F8F031104B84F8F6
:1042E000EC515B7D84F88461B3FA83F35B0984F855
:1042F000ED3140F22B33A36708B0BDE87040FDF705
:1043000097BB154687E700BF18040020360600203B
:10431000A5650308B26503083F05002040E20100DF
:10432000445900202DE9F04104460E4625484FF03F
:10433000FF3190461F46E1F7B8FB054600283ED006
:1043400096E8030085E8030085F80080D4F8C030C3
:104350006F60022B08D104F1B000FDF7CDFF0146DC
:1043600010B11848E1F795FB95E8030004F5887350
:1043700083E80300D4F8C030012B06DDD4F81831EF
:104380000133C4F81831BDE8F081D4F8C40018B185
:10439000036800211B689847D4F8BC3004EB830203
:1043A000013303F0010348BF5B42C2F8B050C4F8C8
:1043B000BC30D4F8C0300133C4F8C030DEE7007040
:1043C000FFDE00BFBC12002010B504460A46081DDF
:1043D0006168884201D0DFF747FB6368043B636094
:1043E00010BD2DE9F74FD0E9016B9DF830A00546CF
:1043F0000F46904699465E45314601D100241CE0A7
:1044000056F8044B01912046E4F744FCB842019968
:10441000F1D1D4F814314345EDD1D4F8583113B16A
:10442000B9F1000FE7D0BAF1000F03D094F82031B2
:104430005345E0D2281DFFF7C7FF204603B0BDE873
:10444000F08F204B70B503601F4B1D68D5E900311C
:10445000CC1A2411002C1A4608DCCB1A082B27D0C2
:104460000C2B21D0042B27D00A4606E01B6898426B
:1044700003D05368984209D10432101D814201D003
:10448000DFF7F2FA6B68043B6B6070BD936898428B
:1044900001D10832F1E7D668B04202F1100301D130
:1044A0000C32EAE7013CD5E713689842E5D00432C4
:1044B00013689842E1D004321368984218BF0A4644
:1044C000DBE700BF2C4C0308BC530020B0F1005FB9
:1044D00008B506D3B0F1804F01D305F0DCFF05F03D
:1044E000D7FFBDE8084080000BF0D4BA2DE9F047B3
:1044F0002B4D2C4B2C68C0E900310023C0E902335E
:104500000746036134B90C200BF0C4FAC0E900443B
:1045100084602860D5F80080D8E901539D4205D019
:1045200045F8047BC8F80450BDE8F087D8F800903F
:104530006FF06043A5EB090AB3EBAA0F4FEAAA0498
:1045400002D1194805F0ADFF4D4514BF22460122A6
:10455000A41821D214B39C4228BF1C462046FFF762
:10456000B5FF06462946324646F80A704846FEF729
:10457000F1F82946021D2846FEF7ECF80546B9F188
:10458000000F02D048460BF08DFAC8E9006506EB33
:104590008406C8F80860C7E71C46DFE72646E1E75F
:1045A000BC5300202C4C03088E51030838B5044638
:1045B00004B938BDE068FFF7F9FFA56820460BF0A5
:1045C00071FA2C46F4E7006810B103685B6818477D
:1045D00070471FB5002168460BF05CF940B9064BE7
:1045E0001A68064BDDE900011A60054BC3E90001BA
:1045F00005B05DF804FB00BF100400204426002035
:10460000482600202DE9F041D1E900762E492F4CB3
:104610000246B9424FF0000070EB060123680CDB44
:104620002B4A236811685B1A43F697218B4284BF9B
:10463000236813600320BDE8F0812649B94270EB7E
:104640000601EDDB244D95F8008090451ED3042A29
:1046500018D0032AEFD1DFF884C02168DCF81840B5
:10466000091B1F4CA142E6D32A70CCF818301D4A12
:1046700013601D4A13601D4BC3E90076FFF7A9FFC5
:104680000120D8E72A70154A9361F0E7022A2A70C0
:1046900018BF144A114918BF1360134A8B61136085
:1046A000124BC3E90076FFF794FFB8F1000FE7D192
:1046B0002B78002BE4D00E4B18680028E0D0414640
:1046C0002030DFF7FFFADBE77F0FE86910040020F6
:1046D000981A0020801B18B550260020445900204D
:1046E000002E93024054002044260020482600203B
:1046F000542E00200C200BF0CDB92DE9FF470546C4
:104700001D4B55F8046F036004460DF104084FF08B
:104710000009AE4205D16068854228D104B0BDE8E9
:10472000F087CDE90188B768CDF80C903968019819
:104730008F4203D1404515D13668EAE78B68D1F83E
:1047400000A09C420CD181420AD0824508D052463A
:1047500005F0C3FB039B01330393BB68013BBB60C4
:104760005146E4E707680BF09DF93846E2E7046834
:104770000BF098F92046CFE75C1C030873B506469A
:104780000C4B56F8044F03600546B4420AD120464C
:10479000E3F76BFA2046C5E9014402B0BDE870407A
:1047A000E3F763BAA068019501A9E3F774FA2468F6
:1047B000EBE700BF5C1C030810B504460C30FCF7A7
:1047C00014F82046BDE81040FCF70FB870B5D0E9EA
:1047D00000560446AE4205D1206840B1BDE87040A5
:1047E0000BF060B92846FFF7E7FF1C35F2E770BD14
:1047F00003681B681847826A0F4B30B4036092B19C
:10480000856902F12401002351F8044F7CB1A469A9
:10481000A5420CD10A33002142F82310D2F8C83047
:10482000013BC2F8C83030BC1C30FBF7DEBF01339F
:10483000282BE9D1F7E700BFB04B0308031D2DE992
:10484000F047C0E90133464B036000F12C030446F6
:10485000002543614FF001084FF07E5388224362E8
:104860004FF4927AC0E90685C0E90A55C0E920559F
:104870000F46C56005820562294610440AF07BFB9D
:1048800052462946C4E94455C4F8185104F58E70BF
:104890000AF071FB0820C4E99255C4E99455C4E9B3
:1048A0009655C4E99855C4F84052C4F84402FFF73D
:1048B0000DFE00F10C090646C4F8400250460BF00C
:1048C000E9F800EB0A03C4E99703C4F85032F0603A
:1048D000C4F84C02C4F84802C4F858022946C4F887
:1048E0005492C4F864924FF4FE7204F51B700AF0FF
:1048F00042FB2946C4F86854C4F86C54C4F8705498
:10490000C4F87454C4F878544FF4007204F59060FD
:104910000AF031FB134B84F884561B68C4F88036C8
:104920002946502204F130000AF025FB4FF40176AD
:104930000D4B236032462946C4F8887604F28C6019
:104940000AF019FBC4F89058C4F8945884F8988871
:104950003246294604F699000AF00DFBBDE8F087BF
:104960005C4C030810040020000703082DE9FF47F2
:1049700005461E4B55F8046F036004460DF104080C
:104980004FF00009AE4205D16068854228D104B0DD
:10499000BDE8F087CDE90188B768CDF80C9039689B
:1049A00001988F4203D1404515D13668EAE78B68FC
:1049B000D1F800A09C420CD181420AD0824508D097
:1049C000524605F08AFA039B01330393BB68013B0F
:1049D000BB605146E4E707680BF064F83846E2E74D
:1049E00004680BF05FF82046CFE700BF5C1C0308AB
:1049F00070B5056804460E46A54200D170BDA86892
:104A0000036831469B6898470028F7D12D68F3E783
:104A100003460B4A43F8082B0A4A42600A4A40619F
:104A2000C0E902330023C0E9062300F12802C0E9EF
:104A30000A22036180F8203043620363704700BF9D
:104A40003C0603082806030829060008F0B50025DF
:104A500097B004462E46A18B8D4228DB6846FFF7AF
:104A6000D7FF1C4B1C4A00930D920EAB1B4A54F807
:104A7000105FCDF844D0CDE90E330023CDE91223E9
:104A80001093ADF8543001238DF85630ADF85060D6
:104A9000ADF85210A54205D0A868036869469B6826
:104AA0009847A0B16846E1F733FD17B0F0BD29463D
:104AB0006068E4F7DEFC07460020E3F7ADFCFB6F1F
:104AC000C01AB0F5E15FB8BF01360135C3E72D6804
:104AD000E0E700BF2C1E0308EC3C03080767000852
:104AE000F8B507461446E4F7D9FD0646A8B1A388F1
:104AF000022B12D1083400F184050FCC0FC50FCC66
:104B00000FC594E80300012385E8030086F8803090
:104B10003846FE60BDE8F84098E7F8BD30B5C5B04E
:104B200004460D4601466846F1F7D2FA694604F19B
:104B30003000F1F721FB4FF0FF334360002380F892
:104B4000FA300A2380F822310B4B59680B4B04468C
:104B50006A461868FFF7C4FF094835B10068214666
:104B6000E4F727F8012045B030BD006801232A464C
:104B70002146E4F79FFFF5E7A41A0020A01A0020C1
:104B8000B81200208842134604D00A1A0146981A27
:104B90000AF0D7B9704708B5034678B1084A904281
:104BA00006D9084A904201D905F075FC05F070FC61
:104BB000E8205843BDE808400AF06CBF08BD00BFBC
:104BC000CB3D8D00967B1A01006808B10AF06ABFE0
:104BD0007047204B73B503600446E2F789FE04F585
:104BE0008E60FFF7F1FFD4F8403253B1D4F864324D
:104BF000D4F854521E1DAE4220D8D4F840020AF018
:104C000051FF04F11400E9F7D8FE606904F12C03A8
:104C1000984201D00AF046FF26460F4B56F8045F33
:104C20002360B5420FD12846E9F7BCFE2846C4E907
:104C3000015502B0BDE87040E9F7B4BE55F8040B69
:104C40000AF030FFD7E7A868019401A9E9F763FFEC
:104C50002D68E6E75C4C03085C1C03084B68436066
:104C60008B688360CB68C3600B6903610B7D037540
:104C70008B698361CB69C3611F3100F1200300F5AB
:104C8000907011F8012F03F8012B8342F9D170477E
:104C900084B070B5C8B04CAC84E80F009DF83051BA
:104CA000062D00F0B68031D8022D28D84DB3944C93
:104CB000BDF83231227B002B77D1002A76D1667B7A
:104CC000002E40F09380BDF836214EA904F59C706B
:104CD0000AF0F0FD012D30D12A4604F59C7168469A
:104CE000FEF7BFFA694604F11800FFF7B7FF266B1D
:104CF000F6B10620FBF77DFA2573A58201E0042DAD
:104D00007AD048B0BDE8704004B07047152D00F06F
:104D1000B780182DF5D10620FBF76BFA7948F1F72B
:104D200038FF7848F1F73DFF7748FDF7CBFC6CE0A2
:104D30001520FBF75EFA2673E3E7324604F59C7113
:104D40006846FEF78EFA694604F11800FFF786FF01
:104D5000256B25B91520FBF74CFA6573D1E7314671
:104D60000125882204F5DC70A58265730AF003F939
:104D70004FF00113802204F5E07104F11800C4F82B
:104D8000B831F1F7AFFF86B2314604F5E070A4F810
:104D9000BE61FBF71FF87F2EA4F8BC0100D8A573F5
:104DA000A18A5748E3F746FFABE7E2B1A28A9A42ED
:104DB00015D1BDF83651BDF8346129464EA8FBF730
:104DC00009F886420BD12A464EA94E48F2F7F7F869
:104DD0000620FBF70EFAA38A0133A38291E7152080
:104DE000FBF707FA8DE7637B002B8AD01820FBF7CF
:104DF00000FA0023637384E70620FBF7FAF94148C1
:104E0000F1F7C7FE3F48F1F7CCFE3D4B00221A7385
:104E100077E73B4C637B8BB3A17B51B10420FBF75D
:104E2000E8F904F11800F1F7BCFE00236373A373E3
:104E300067E7A58A01351923ADB2882204F5DC7035
:104E40002361A58201260AF096F8802204F5E0711C
:104E500004F11800A4F8BA5184F8B861F1F742FFE0
:104E600085B2294604F5E070A4F8BE51FAF7B2FF06
:104E70007F2DA4F8BC0193D8A67391E71820AFE763
:104E80001F4C637B002BF9D02369013B002B23616E
:104E900007DC1820FBF7ADF904F11800F1F781FEEB
:104EA000A7E78822002104F5DC700AF064F80123EA
:104EB00084F8B83194F82C30A58AA06AA4F8BA51C5
:104EC00043B9266B0C303146F1F7C4FD10B9013DF2
:104ED000ED0135620D498022A1F5D470F1F702FF92
:104EE00085B229460948A4F8BE51FAF773FF7F2D11
:104EF00098BF0123A4F8BC0198BFA37350E700BF7B
:104F0000FC2300201424002034250020BC25002090
:104F100030B5ADF55D7D0C460022014604A8FEF7D4
:104F2000A0F90A9B002B40D09DF82430002B3CD0E8
:104F300004A94CA8FDF734FC1D4D529B002B31D029
:104F40009DF8503173B39DF84431FBB154A994A836
:104F5000FBF72FFC294601A8FBF72BFC01A994A81D
:104F6000FBF78CFC60B901A8FBF73FFC94A8FBF7AA
:104F70003CFC74B1611EC9B254A8FFF7C9FF05E03B
:104F800001A8FBF732FC94A8FBF72FFC4CA8F1F723
:104F900008FE04A994A8FDF703FC94A94CA8FFF708
:104FA0005DFECAE704A8F1F7FCFD0DF55D7D30BD9F
:104FB000646103080023C0E900338360704738B59B
:104FC000FFF7F8FF0023C3608B6804460D462BB142
:104FD00002229847EB68E360AB68A36038BD30B548
:104FE00087B002AD04462846FFF7E9FF95E80300C5
:104FF0006B4683E8030094E8030085E8030093E828
:105000000300049BA268A360059B049284E803004C
:10501000E268E36028460592DDF728FB07B030BD63
:1050200008B5FFF7C7FF0023C36008BDF8B5044605
:1050300000F164070D46384604F1B402FFF7F0FFB3
:1050400010309042FAD12846DDF758FB5C4A2561C2
:1050500004F10C03002542F8203004F110060E2361
:10506000C4E917353046C4E90C55C4E90E55C4E906
:10507000105584F82C50A56484F84C5084F84D5099
:10508000E460DDF7BDFD3846FEF7E0F804F174009A
:10509000FEF7DCF804F18400FEF7D8F804F1940080
:1050A000FEF7D4F804F1A400FEF7D0F84FF6FF7332
:1050B000C4E906538023A36294F84D30A560C4E987
:1050C0000055C4E90855656103F0FF0223BB84F86D
:1050D0004C203046DDF794FD2069DDF7B1FDD4E9C1
:1050E0001712DCF701F82069DDF7AAFDDBF7DCFF1A
:1050F00026693046DDF7C4FD05463046DDF7A0FDE4
:10510000854209D0D4E917122846DBF7EDFF206964
:10511000DDF7B6FDDBF7C8FF22692A49022384F8D0
:105120004D308A42136802D0B2F1804F08D1A16994
:1051300023F070030B43216A23F440730B4306E012
:1051400021498A42F7D001F580618A42F3D0A16AF1
:1051500023F080030B431360E369D36263699362B6
:10516000184B9A4207D003F5C0539A4203D003F577
:1051700080639A4201D1636A136301235361116909
:10518000C90742BF116921F00101116184F858304B
:1051900084F84E3084F84F3084F8503084F8513021
:1051A00084F8523084F8533084F8543084F8553001
:1051B00084F8563084F8573084F84D30F8BD00BF7D
:1051C000400B0020002C0140004401402DE9F84F25
:1051D000C3B2192B0E4618D8594A52F8233000F49E
:1051E000E0641C43651C00F0A980DFF85881C4F31B
:1051F00003134FEA830908EB830304F00F07DB690D
:10520000FB40D80723D5504B15E000F0C002C02A60
:1052100040F09480C82B00F291804C4B00F03F028C
:1052200000F4E06453F82220454B53F82230D8E7CD
:10523000944253D00C331A68511CF9D1C144012255
:10524000D9F81C30BA4023EA0203C9F81C30052EF5
:1052500033D8DFE806F0333F393B3D41BBF1804FA7
:1052600015D14FF0B042936D23F0010393650023F5
:105270004AF8203005F1640BEB6005F1B40ADA4519
:1052800017D0AAF1100A5046DDF7F0F9F7E7304BD6
:105290009B4505D14FF0B042136E23F400334BE031
:1052A0002C4B9B45E3D14FF0B042136E23F4802387
:1052B00042E028460AF0F6FBC0E7FEE70021204660
:1052C000BDE8F84FDDF7CABB1021F8E72021F6E76B
:1052D0000321F4E70121F2E70921F0E71A49DFF899
:1052E00078A02046DDF74EFCDDF708FA5AF82030AA
:1052F00005467BB9B4200AF0CDFB1349834620460E
:10530000DDF740FC01465846FFF790FE5AF825307D
:10531000C3F800B05AF825301D68002D8ED0D5F89E
:1053200010B05846DDF7EAF90C4B9B4596D14FF08B
:10533000B042136E23F40063136698E7BDE8F88F5C
:10534000941C030844590020884C03085C46030859
:105350000044014000480140400B0020002C014067
:1053600021B990F84430012B13D07047042904D19F
:1053700090F84530012B32D07047082904D090F8BE
:105380004730012B33D0704790F84630012B2AD09C
:105390007047022380F84430036801F01F010422A3
:1053A0008A40196A21EA02011962196A0A431A62DB
:1053B0005A6C42F400425A640F4A934202D0B3F14D
:1053C000804F07D199680D4A0A40062A06D0B2F5E7
:1053D000803F03D01A6842F001021A60704702232E
:1053E00080F84530D8E7022380F84630D4E702231E
:1053F00080F84730D0E700BF002C014007000100D3
:1054000008293ED015D829B304292BD090F8432081
:1054100090F84730012ADBB25FD1012B5DD10C2916
:1054200074D8042927D000296AD0022380F8433099
:1054300060E00C2952D01029E8D190F8422090F871
:105440004730012ADBB248D1012B46D1022380F834
:1054500042304FE090F83E2090F84430012ADBB211
:105460004CD0704790F83F2090F84530012ADBB2CD
:1054700033D1012B31D1022380F83F3080F8453001
:105480000DE090F8402090F84630012ADBB224D19C
:10549000012B22D1022380F8403080F84630036887
:1054A00001F01F0101228A40196A21EA02011962F2
:1054B000196A0A431A62174A934202D0B3F1804F25
:1054C00007D19968144A0A40062A06D0B2F5803FEF
:1054D00003D01A6842F001021A60704790F8412028
:1054E00090F84730012ADBB2F7D1012BF5D1022326
:1054F00080F84130022380F84730D0E7012BECD10F
:10550000022380F83E3080F84430C8E710298CD15F
:105510009CE700BF002C01400700010008291BD0B8
:1055200007D879B1042912D090F84330012B54D018
:1055300070470C2915D0102918D090F84330012B52
:105540004BD0704790F83E30012B14D0704790F844
:105550003F30012B31D0704790F84030012B30D0D4
:10556000704790F84130012B2FD0704790F84230AF
:10557000012B2ED07047022380F83E30036801F0E3
:105580001F0101228A40196A21EA02011962196A7F
:105590000A431A621C4A934228D002F5C052934231
:1055A0001FD002F5806293421BD0B3F1804F21D00F
:1055B0001A6842F001021A6024E0022380F83F30AA
:1055C000DCE7022380F84030D8E7022380F841303E
:1055D000D4E7022380F84230D0E7022380F843303A
:1055E000CCE75A6C42F400425A64E1E75A6C42F448
:1055F00000425A649968054A0A40062A02D0B2F568
:10560000803FD5D1704700BF002C0140070001004A
:1056100090F83D30012B15D102230B4A80F83D3024
:105620000368934202D0B3F1804F07D19968074ACB
:105630000A40062A06D0B2F5803F03D01A6842F02D
:1056400001021A60704700BF002C014007000100F2
:1056500090F84120202A08D1282280F84120034ACE
:1056600042634FF40041DBF7F1BD7047291B00088E
:1056700000212DE9F0410446C1820183006910B187
:10568000A28A09F078FC002520466584A576F2F709
:10569000EDFB04F1D400C4F88040FDF7D7FD4FF0D6
:1056A00001084FF40073A384D4F88400A4F8BE80EA
:1056B00084F8C050FAF776FB2946FFF787FDD4F847
:1056C00084301A0912F00C0F40F04481A54EA64F09
:1056D00002F00F0203F00F0356F8222057F8233090
:1056E0001269934340F09180A049D4F8840094F863
:1056F0002570DDF747FA9E490646D4F88800DDF7A5
:1057000041FA04F12C050146002E00F01381002817
:1057100000F010813046DDF741FAA062002800F069
:105720000981944B984240F0A9804FF40010DDF7B6
:1057300007F94FF40010DDF7C3FA4FF40010DDF75E
:10574000C5FA41F61E73A4F88C308B4B1D60884956
:10575000D4F88800DDF70AFA8449D4F88400DDF72C
:1057600005FAA06AE062F2F753FD0021F2F736FE77
:1057700000260123C4E90E3694F8BF3026649B1B33
:1057800018BF0123DB04A36494F8C03084F86D6073
:105790009B1B18BF01235B04E36432460221C4E96A
:1057A0000C0794F98C00DBF79FFC94F98C00DBF775
:1057B0007BFC324694F98D000221DBF795FC94F9CD
:1057C0008D00DBF771FC94F86D3003F0FF020BB92C
:1057D00084F86C20242384F86D30E36A1A6822F080
:1057E00001021A60226B22F070621A619A6822F438
:1057F00000429A60D4E90D2101296CD142F40042A3
:105800009A605A6822F400626DE0D4F88800FAF7D2
:10581000C9FA4146FFF7DAFC584B594A1B68594808
:10582000B3FBF2F30A2253431425D4F8882011095C
:1058300011F00C0F40F0908001F00F0102F00F0208
:1058400056F8211057F822C0C1F828C0D0F804E05B
:105850004268A2EB0E029342FADCC1F818C041681C
:105860004268521A9342FBDC013DDED1D4F8880035
:10587000FAF798FA2946FFF7A9FC35E7424B984218
:1058800012D14FF48000DDF75BF84FF48000DDF7B4
:1058900017FA4FF48000DDF719FA42F22013A4F84A
:1058A0008C30354B5D6052E7384B98427FF44FAFF8
:1058B0004FF40000DDF744F84FF40000DDF700FA84
:1058C0004FF40000DDF702FA43F23013A4F88C30F5
:1058D000294B9D603BE742F4044202299A6090D133
:1058E0005A6842F400625A605A6842F0007242F408
:1058F00000425A60DA6822F40042DA60D4E90F21EB
:105900000A43616C42EA0122DA60D4E912210A43B7
:105910001A601A6842F001021A60002320222367ED
:1059200084F86D20E36584F86E30C4F8903002236B
:1059300084F8BD3094F8BE308BB9154BC4F898305C
:105940002846FFF785FE134BC4F894302846BDE87F
:10595000F0417DE62B69FFDE00239B62FBE7BDE89B
:10596000F08100BFB44503086C0703086C4D0308C1
:10597000B44D0308005400401859002004000020D2
:1059800040420F00001000E000580040005C004062
:105990003B540108D953010810B504464068237AE6
:1059A0007BB12278636801218A409A7683F82410BB
:1059B000002260685A84F2F78DFBB0FA80F040094B
:1059C00010BDFFF755FE012323722046FFF7E4FFC9
:1059D0000028E6D1F4E72DE9F04104469DF818804F
:1059E0000D4616461F46E2F7A5FD48B1CDF81880D2
:1059F0003B46324629462046BDE8F041E7F7DCB891
:105A0000BDE8F0811FB5E2F795FD78B10948FEF7D2
:105A1000F5FA094A094903A8FDF76CFE0023009333
:105A2000064A054B03990648FFF7D5FF05B05DF818
:105A300004FB00BFEE5C0308B02600202C22030804
:105A40000755030807B5E2F775FD58B10748FEF79B
:105A5000D5FA01230093064A064B074840F2E1615C
:105A6000FFF7B9FF03B05DF804FB00BFEE5C03086D
:105A700044220308A41A00203455030837B505460C
:105A8000E2F758FD044600285DD03048FEF7B6FA2C
:105A9000EB0718D52E4B2F4801221A7083F8882166
:105AA00083F8A42183F8642083F8942083F8C0202D
:105AB00083F8E82183F8F82140F2F2210092264A87
:105AC000FFF789FF0446A80721D5244B244801226B
:105AD00083F8642183F8F4201A7083F82C2183F86A
:105AE000D82083F8142183F83C2183F8E62183F839
:105AF000FA2183F8F42183F8942183F820224FF4CB
:105B00004D710092174AFFF766FF2040C4B2290783
:105B10000DD50E48FEF772FA01230093124A134B7B
:105B2000134840F2CE21FFF756FF2040C4B26A0767
:105B300003D5FFF787FF2040C4B2EB0603D5FFF77C
:105B400061FF2040C4B2204603B030BDEE5C0308C4
:105B500018040020F3540308142203089828002096
:105B6000485503085C22030874220308502B0020C8
:105B70005C55030810B50446E2F7DCFC38B120465A
:105B8000FFF77CFF18B92046BDE8104076E710BD4E
:105B90002DE9F043834F97F8D48291B00446B8F1D1
:105BA000000F41D090F8009090F802E090F808C003
:105BB000B9F1000F05D1BEF1000F02D1BCF1000F09
:105BC00075D0794E0FCE6D460FC50FCE0FC50FCED7
:105BD0000FC596E80F0085E80F00B9F1000F05D05A
:105BE00063788DF8013001238DF80030BEF1000F8D
:105BF00001D063680893BCF1000F02D0E368ADF8F0
:105C00001A306846E8F7F0FF10B96846E9F700F87F
:105C10006D460FCD644E0FC60FCD0FC60FCD0FC60C
:105C200095E80F0086E80F0097F8D5329BB1227CEB
:105C30003AB163692BB1402B28BF4023C7F8BC3170
:105C40009046227E3AB1E3692BB1402B28BF402316
:105C5000C7F8D031904697F8D61297F8D83297F80F
:105C6000D72231BB002A7BD1002B40F08280B8F1D3
:105C7000000F40F092804D48E2F75EFC0446002899
:105C800000F08D801423037300210220E2F7D8FB7B
:105C90004749A06004F10D0009F004FE454B186867
:105CA00003685B68214611B0BDE8F0431847E04641
:105CB000BAE794F820100029D4D0616A0029D1D025
:105CC000B966002A41D12BB194F8303013B1636B1F
:105CD000002B57D1FCF77CFF88B13A793649022A6C
:105CE000D1F8403150D00B2A4AF6C00218BF4FF409
:105CF000E16213B1934238BF1346C1F84031EBF76C
:105D000071FA70B13A79BB6E022A40D00B2A4AF67A
:105D1000C00218BF4FF4616213B1934238BF1346FB
:105D2000BB667B6923B1B3F5616F38BF4FF4616324
:105D30007B610320B8F1000F2CD0FFF71BFF1D4B38
:105D400001211868E2F726FF95E794F82820002A39
:105D5000B9D0E26A002AB6D01749C1F84021B2E7AB
:105D600094F82820002A3FF47FAFE26A002AF3D19A
:105D70007AE794F83030002B3FF479AF636B002B57
:105D80003FF475AF7B61A5E74AF6C002B1E74AF67A
:105D9000C002C1E7FFF7EEFE6DE70120CDE711B0CD
:105DA000BDE8F08318040020C0050020F812002090
:105DB00002660308B81200209828002000F10803AA
:105DC00070B5054603600C4611B9074804F066FB40
:105DD000084601F00DFD214622184FF00003284629
:105DE000BDE87040DDF74EBE676D03082DE9F04F4A
:105DF0008346C7B0C0E9001283600D4614460021F7
:105E000014220C3009F0B7F80023CBE90833CBE9B2
:105E10000A33CBE90C33CBE90E33CBE91033CBE9B2
:105E2000123301238BF85030284601F0D3F8D0A369
:105E3000D3E9002301F038F9CDE90401204601F04F
:105E4000C9F8CBA3D3E9002301F02EF90023CDE953
:105E500002010022DDE9040101F098FB002814BFD3
:105E600053234E238BF81430DDE904010022002374
:105E700001F08CFB002800F0E185DDE9044303F12B
:105E800000452046294605F0CFFF01F0A7FBC0B230
:105E90008BF80C0001F09EF802460B46204629467E
:105EA00000F04AFFBE4B002201F0FEF804460D460A
:105EB00005F0BAFF01F092FBC0B28BF80D0001F0C3
:105EC00089F802460B462046294600F035FFB44BC0
:105ED000002201F0E9F801F081FB0023CBF810006B
:105EE0000022DDE9020101F051FB002814BF572315
:105EF00045238BF81C30DDE902010022002301F06C
:105F000045FB002800F09E85DDE9024303F10045D2
:105F10002046294605F088FF01F060FBC0B28BF8EF
:105F2000150001F057F802460B462046294600F0BE
:105F300003FF9B4B9B4E002201F0B6F804460D4632
:105F400005F072FF01F04AFBC0B28BF8160001F0B9
:105F500041F802460B462046294600F0EDFE904BE4
:105F6000002201F0A1F801F039FB0BF12003CBF87E
:105F70001800DDE904010093DDE90223E1F705FFE4
:105F8000894934A8FFF71AFF88493AA8FFF716FF96
:105F9000874940A8FFF712FF864928A8FFF70EFFA0
:105FA00085492EA8FFF70AFF25ABDDE90401009320
:105FB000DDE90223E1F7E9FE9DF89440BDF8943055
:105FC000269FABF82C30013C032594FBF5F505EB3F
:105FD00045054FF0180846AB651BB7FBF6F008FB0C
:105FE000053500F0E7FF0022744B00F0A5FE01F03C
:105FF000F5FA55F8483C279D1B5C8BF82E30284657
:1060000000F0D8FF5CA3D3E9002301F077F905F095
:106010000BFF002C04F00104B8BF644246AB08FB40
:10602000043401F003FC142390FBF3F202FB130091
:1060300054F8783C1B5C8BF82F3097FBF6F306FB8B
:10604000137795FBF6F306FB1355CBF834502EA8C7
:10605000CBF8307004F01CFE28A804F019FE40A80C
:1060600004F016FE3AA804F013FE34A804F010FE63
:10607000534A34AB02EB0805106851681C4603C450
:106080000832AA422346F7D112882280DDE90401B2
:106090003BA3D3E9002301F007F84A4B002201F0AB
:1060A0002DF937A3D3E9002306460F46DDE90201A7
:1060B00000F0FAFF434B002201F020F980468946A8
:1060C0003046394605F008FD02460B46CDE9082367
:1060D00000F0EAFF2CA3D3E9002300F0E5FF02461D
:1060E0000B460020354900F027FE05F085FC0246EE
:1060F0000B4627A1D1E9000101F000F904460D4645
:106100003046394605F0A0FC002206460F46002323
:106110002046294600F012FE32463B4600F0C4FFFE
:1061200006460F464046494605F08EFC02460B46A1
:106130003046394600F0B8FFCDE9060140464946F1
:1061400005F0CAFC02460B463046394600F0ACFF6B
:1061500011A3D3E9002306460F462046294600F046
:10616000A3FF0022002300F0E9FDDDE908232BE076
:1061700048AFBC9AF2D77A3E00000000006AF840AF
:10618000182D4454FB210940F094FEF1906B7B3FA5
:1061900000000040A6545841D6021CDE28C9EF3F3B
:1061A00000004E40A086010020660308296603080F
:1061B0006D66030832660308476603080000F03F77
:1061C0005C6603080080664000F06EFFD2A3D3E94E
:1061D000002380468946DDE9060100F065FFD0A373
:1061E000D3E9002300F0A8FDCFA3D3E900230446A0
:1061F0000D463046394600F057FF02460B46204612
:10620000294600F099FDCAA3D3E9002304460D46B0
:106210004046494600F048FF02460B4620462946C4
:1062200000F08CFDC0A3D3E90023CDE90801DDE92E
:10623000060100F039FFC0A3D3E9002300F07EFD82
:10624000B5A3D3E9002304460D463046394600F095
:106250002BFF02460B462046294600F06FFDB8A3EF
:10626000D3E9002304460D464046494600F01CFF92
:1062700002460B462046294600F05EFDACA3D3E95A
:106280000023CDE90C01DDE9060100F00DFF024617
:106290000B46ADA1D1E9000100F04EFDA8A3D3E962
:1062A000002304460D463046394600F0FDFE024606
:1062B0000B462046294600F041FD97A3D3E9002371
:1062C00004460D464046494600F0EEFE02460B46A7
:1062D0002046294600F032FDDDE908238046894644
:1062E0001046194600F0E0FEDDE90C2304460D4699
:1062F0001046194600F0D8FE02460B4620462946B5
:1063000000F01CFD05F078FB02460B46CDE90623A4
:1063100000F0CAFE424604460D464B4640464946FA
:1063200000F0C2FE02460B462046294600F006FD5C
:1063300005F062FB86A3D3E9002306460F464046DC
:10634000494600F0B1FE84A3D3E9002304460D467C
:10635000DDE9060100F0A8FE02460B46204629466C
:1063600000F0CCFF324604460D463B467CA1D1E905
:10637000000100F0C3FF844B002200F0DFFC024666
:106380000B462046294600F08FFE02460B46064685
:106390000F4600F089FE7C4B002200F0CFFC05F098
:1063A0002BFB02460B463046394600F0A7FF32462B
:1063B0003B4604460D4600F0A1FF6BA3D3E9002342
:1063C00006460F4600F070FE32463B4600F06CFE7B
:1063D00032463B4600F068FE02460B46DDE9060108
:1063E00000F0AAFC5EA3D3E9002306460F46204630
:1063F000294600F059FE22462B4600F055FE224663
:106400002B4600F051FE42464B4600F097FC3246C8
:106410003B4605F081FADDE90823CDE90A01DDE913
:106420000C0105F079FA06460F46DDE90A0105F090
:1064300053FB02460B46CDE90E234DA3D3E90023BF
:1064400000F032FEDDE90E2300F02EFE02460B4680
:1064500000204D4900F070FC04460D4605F0CCFAD2
:1064600002460B4644A1D1E9000100F047FF474B2B
:10647000CDE9060100222046294605F04FFA0246E2
:106480000B463FA1D1E9000100F038FF02460B4660
:10649000DDE9060100F032FF02460B46CDE9142388
:1064A000394B002200F048FCCDE91001DDE90A017A
:1064B00005F0CAFA02460B46CDE9082300F0F4FDC8
:1064C000DDE9082300F0F0FD02460B46CDE912019C
:1064D000DDE9080100F0E8FDDDE9082300F0E4FD56
:1064E000CDE91601DDE90A0105F040FB02460B4645
:1064F00000F0DAFD02460B46CDE90C2300F0D4FD96
:10650000234BCDE918010022DDE90C0100F0CCFDA0
:1065100040E000BFAFF30080BDD8147C1500F03F11
:10652000BA490C022BE77B405F887CF1AC1FD1BEDF
:10653000CB0969F32D17B4BE355EBA490C4A5F40EA
:1065400061F179121B6FA8BE14AE47E17AF080C0EA
:10655000560E2D3A483F5841621058D916545841AA
:10656000A457FB9A8CD7E440BD9AE555B9C5E440E1
:10657000002A717791527B3FF785C81E9B51584185
:10658000187DB0E9132858410000F03F0000F83FA3
:1065900000004D40C0A3D3E90023CDE91A013046E5
:1065A000394600F0CBFB02460B4604460D4600F090
:1065B0007BFDCD4B804689460022DDE90C0100F0D1
:1065C00073FD02460B460020C84900F0B5FBDDE92B
:1065D000182300F0B3FBC64B06460F460022DDE948
:1065E000100100F061FD02460B463046394600F0CE
:1065F000A5FBDDE91A2306460F46DDE9100100F090
:1066000053FD02460B463046394600F095FBB94B28
:1066100006460F460022DDE9060100F06FFEDDE9C7
:10662000162300F041FD02460B463046394600F085
:106630003BFD42464B4600F037FD42464B4600F0DC
:1066400033FD22462B4600F02FFDAB4BCDE91C015C
:106650000022DDE9060100F051FEDDE9122300F021
:1066600023FDDDE90C2306460F46DDE9140100F0A9
:1066700063FB02460B463046394600F015FD4246A4
:106680004B4600F011FD22462B4600F00DFDDDE9E2
:10669000082306460F46DDE9060100F005FD224607
:1066A0002B4600F001FD7EA3D3E9002300F046FB5A
:1066B00002460B463046394600F040FB02460B4688
:1066C000DDE91C0100F03AFB02460B46CDE914233C
:1066D0000022002300F05AFF002840F06E8172A3D0
:1066E000D3E90023DDE9140100F06EFF002840F03B
:1066F0006481DDE90A016EA3D3E9002300F01CFBED
:106700006BA3D3E9002304460D46DDE90A0100F03E
:1067100015FB06460F4605F097F9CDE91C0120460A
:10672000294605F0D9F932463B46CDE90A01304603
:10673000394600F003FB05F087F922462B46CDE9E8
:1067400020012046294600F0F9FA05F0C5F96B4B07
:10675000CDE91E0100223046394600F0A5FC05F0C7
:1067600073F9664BCDE9220100222046294600F04C
:106770009BFC05F0B1F950A3D3E9002306460F4670
:106780002046294600F090FC4DA3D3E9002304469F
:106790000D46DDE90A0100F087FCDDE91C2300F06D
:1067A00083FC02460B462046294600F0C5FA46A364
:1067B000D3E9002304460D46DDE91E0100F074FC18
:1067C000DDE9202300F070FC02460B4620462946F6
:1067D00000F0B4FA3EA3D3E9002304460D46304648
:1067E000394600F061FCDDE9222300F05DFC024641
:1067F0000B462046294600F09FFA37A3D3E9002331
:1068000000F052FC36A3D3E9002300F095FA3C4B8C
:1068100004460D460022DDE9060100F045FCDDE9F5
:106820000E2300F041FCDDE9082300F03DFC424668
:106830004B4600F039FC02460B462046294600F044
:106840007DFA304BCDE908010022DDE9060100F0B8
:1068500055FDDDE90E2300F027FCDDE9122300F0F1
:1068600023FCDDE90C2304460D4600201F4900F0FF
:1068700063FA254B06460F460022DDE9100100F0C1
:1068800013FC02460B463046394600F057FA0246E2
:106890003CE000BFAFF30080399D52A246DFA13F2C
:1068A00000000000006A184100000000C05C2541A3
:1068B000BF808E28E45DEB3F96FC7270DD06F03FF2
:1068C000C1E30B175098743F09CFE71D4C86C73EB4
:1068D000BDE60CDA9D1E343EC8C6539FCE3C5841DF
:1068E00000000000006AF840000032400000144040
:1068F00000002C4000005E400000184000000840EE
:106900000000E03F00003840000022400B462046D7
:10691000294600F0C9FB42464B4600F0C5FB424603
:106920004B4600F0C1FB02460B46DDE9080100F0D2
:1069300005FA814B04460D460022DDE9060100F010
:10694000DDFCDDE90E2300F0AFFBDDE9162300F0EE
:10695000ABFBDDE91A2306460F460020774900F01D
:10696000EBF9DDE9182300F0E9F902460B46304661
:10697000394600F099FB42464B4600F095FB4246F3
:106980004B4600F091FB42464B4600F08DFB024621
:106990000B462046294600F0D1F900220023044688
:1069A0000D4600F0F3FD40B95DA3D3E90023204676
:1069B000294600F009FE002848D0614A07CA0BF1B9
:1069C000380383E807005F4B28AA03F108059246C5
:1069D00018685968144603C40833AB422246F7D1FD
:1069E00018689B88A380584B206034AA03F11005D7
:1069F00018685968144603C40833AB422246F7D1DD
:106A000018681B7923712060DDE904014F4B0022D7
:106A100000F0DAFD002800F05A81DDE904014C4B5A
:106A2000002200F0B3FD20B93FA4D4E90034CDE941
:106A30000434484F484D0026002499E0DDE9044520
:106A4000FFF71FBADDE90245FFF762BA38A3D3E9C1
:106A50000023DDE9140100F051FC05F0E5F900F038
:106A6000BDFD33A3D3E9002382462946204600F02A
:106A700045FC05F0D9F900F0B1FD4FF0050980465D
:106A8000C0F11300B0FBF9F000EB800000F092FAC7
:106A900006460AF10A00B0FBF9F00F4600F08AFA48
:106AA000BAFBF9F902460B463046394600F046F982
:106AB00000F0BCFE46AB43FA80F009EB890910F800
:106AC000483C8BF838306FF0040303FB08F808F1FA
:106AD0005F081923AAEB090AB8FBF3F203FB12883B
:106AE000D04446AB53FA88F8DDE9140118F8483C65
:106AF0008BF8393000F09AFE184E90FBF6F303FB4A
:106B00001600CBF83C002946204600F08FFE90FB93
:106B1000F6F303FB1600CBF8400054E7AFF3008018
:106B20000000000020D633412A3A92CBFF7F564026
:106B300000000000006AF8400080864000804E405F
:106B4000C44E03087666030884660308008056C0B6
:106B500000805640008066C000807640A08601001C
:106B6000DDE9020122462B4600F0E8F8CDE90201FA
:106B7000DDE9020132463B4600F008FD0028EFD176
:106B80005D4F5E4D00260024DDE9020132463B46A2
:106B900000F010FD00287BD14FA3D3E90023DDE9ED
:106BA000040100F081FA4EA3D3E9002300F0C6F8F7
:106BB00009F082FC4CA3D3E9002306460F46DDE929
:106BC000020100F071FA4AA3D3E9002300F0B6F8FD
:106BD00009F072FC4FF00B0804460D46304639466A
:106BE0000522002301F01EF9002D06460F4604F091
:106BF000030303DA013B63F00303013346A901EB0E
:106C000082021A44002D12F8483C0AF8083002DAD1
:106C1000033445F1000508F1FF38A408B8F1060F68
:106C200044EA85744FEAA505D8D14FF000084FF02B
:106C30000A09304639461422002301F0F3F80023F4
:106C4000029206460F4620462946142201F0EAF831
:106C500034AB04469B5C0D4609F58C72029934A84E
:106C60006A44415C02F8783C02F8791CA9F10203FD
:106C7000B8F1000F15D103F58C736B444FF02B0264
:106C800003F8782C4FF00108A9F103039946D0E7E7
:106C9000DDE9020122462B4600F04EF8CDE9020163
:106CA00072E708F10108B8F1050FEFD19AE8070083
:106CB0000BF1440303C323F8022B120C1A700023B8
:106CC0008BF84F308BF8503047B0BDE8F08F0C4C4C
:106CD0000023ACE6AFF300800000000084D77741CA
:106CE000000000D088C3E0410000000000405F4188
:106CF0000000000000F9D541008066400080764029
:106D0000008056C00B4600F108010160D3E9001273
:106D10004FF000030A44E1F743BC00BF1EF0040F2C
:106D20000CBFEFF30880EFF30980F0F77DBD0000A2
:106D300081F0004102E000BF83F0004330B54FEA2C
:106D400041044FEA430594EA050F08BF90EA020F99
:106D50001FBF54EA000C55EA020C7FEA645C7FEA2C
:106D6000655C00F0E2804FEA5454D4EB5555B8BF4F
:106D70006D420CDD2C4480EA020281EA030382EAC0
:106D8000000083EA010180EA020281EA0303362D52
:106D900088BF30BD11F0004F4FEA01314FF4801C25
:106DA0004CEA113102D0404261EB410113F0004F37
:106DB0004FEA03334CEA133302D0524263EB4303EE
:106DC00094EA050F00F0A780A4F10104D5F1200E8C
:106DD0000DDB02FA0EFC22FA05F2801841F10001E7
:106DE00003FA0EF2801843FA05F359410EE0A5F1BB
:106DF00020050EF1200E012A03FA0EFC28BF4CF0EC
:106E0000020C43FA05F3C01851EBE37101F00045A1
:106E100007D54FF0000EDCF1000C7EEB00006EEBAE
:106E20000101B1F5801F1BD3B1F5001F0CD3490838
:106E30005FEA30004FEA3C0C04F101044FEA44528F
:106E400012F5800F80F09A80BCF1004F08BF5FEA16
:106E5000500C50F1000041EB045141EA050130BDF6
:106E60005FEA4C0C404141EB0101013C28BFB1F508
:106E7000801FE9D291F0000F04BF01460020B1FA53
:106E800081F308BF2033A3F10B03B3F120020CDA26
:106E90000C3208DD02F1140CC2F10C0201FA0CF004
:106EA00021FA02F10CE002F11402D8BFC2F1200C69
:106EB00001FA02F120FA0CFCDCBF41EA0C0190401F
:106EC000E41AA2BF01EB0451294330BD6FEA040468
:106ED0001F3C1CDA0C340EDC04F11404C4F1200253
:106EE00020FA04F001FA02F340EA030021FA04F365
:106EF00045EA030130BDC4F10C04C4F1200220FABC
:106F000002F001FA04F340EA0300294630BD21FAF9
:106F100004F0294630BD94F0000F83F4801306BFBF
:106F200081F480110134013D4EE77FEA645C18BFB3
:106F30007FEA655C29D094EA050F08BF90EA020F4A
:106F400005D054EA000C04BF1946104630BD91EA42
:106F5000030F1EBF0021002030BD5FEA545C05D145
:106F60004000494128BF41F0004130BD14F5800484
:106F70003CBF01F5801130BD01F0004545F0FE41F8
:106F800041F470014FF0000030BD7FEA645C1ABF2D
:106F9000194610467FEA655C1CBF0B46024650EA64
:106FA000013406BF52EA033591EA030F41F4002190
:106FB00030BD00BF90F0000F04BF0021704730B516
:106FC0004FF4806404F132044FF000054FF00001EB
:106FD00050E700BF90F0000F04BF0021704730B5AC
:106FE0004FF4806404F1320410F0004548BF404281
:106FF0004FF000013EE700BF42004FEAE2014FEAD6
:1070000031014FEA02701FBF12F07F4393F07F4FB0
:1070100081F06051704732F07F4208BF704793F0B3
:107020007F4F04BF41F40021704730B54FF46074C6
:1070300001F0004521F000411CE700BF50EA0102C9
:1070400008BF704730B54FF000050AE050EA010272
:1070500008BF704730B511F0004502D5404261EBE2
:1070600041014FF4806404F132045FEA915C3FF423
:10707000D8AE4FF003025FEADC0C18BF03325FEAC0
:10708000DC0C18BF033202EBDC02C2F1200300FA71
:1070900003FC20FA02F001FA03FE40EA0E0021FA96
:1070A00002F11444BDE600BF70B54FF0FF0C4CF484
:1070B000E06C1CEA11541DBF1CEA135594EA0C0F36
:1070C00095EA0C0F00F0DEF82C4481EA030621EA71
:1070D0004C5123EA4C5350EA013518BF52EA0335AC
:1070E00041F4801143F4801338D0A0FB02CE4FF05E
:1070F0000005E1FB02E506F00042E0FB03E54FF08E
:107100000006E1FB03569CF0000F18BF4EF0010E85
:10711000A4F1FF04B6F5007F64F5407404D25FEA81
:107120004E0E6D4146EB060642EAC62141EA555134
:107130004FEAC52040EA5E504FEACE2EB4F1FD0C76
:1071400088BFBCF5E06F1ED8BEF1004F08BF5FEAF4
:10715000500E50F1000041EB045170BD06F00046A6
:1071600046EA010140EA020081EA0301B4EB5C0453
:10717000C2BFD4EB0C0541EA045170BD41F480114B
:107180004FF0000E013C00F3AB8014F1360FDEBF70
:10719000002001F0004170BDC4F10004203C35DA4C
:1071A0000C341BDC04F11404C4F1200500FA05F3CF
:1071B00020FA04F001FA05F240EA020001F0004270
:1071C00021F0004110EBD37021FA04F642EB0601E6
:1071D0005EEA430E08BF20EAD37070BDC4F10C0410
:1071E000C4F1200500FA04F320FA05F001FA04F2D4
:1071F00040EA020001F0004110EBD37041F10001C0
:107200005EEA430E08BF20EAD37070BDC4F12005CA
:1072100000FA05F24EEA020E20FA04F301FA05F232
:1072200043EA020321FA04F001F0004121FA04F2DA
:1072300020EA020000EBD3705EEA430E08BF20EAAA
:10724000D37070BD94F0000F0FD101F000464000E4
:1072500041EB010111F4801F08BF013CF7D041EA66
:10726000060195F0000F18BF704703F0004652006A
:1072700043EB030313F4801F08BF013DF7D043EA3B
:107280000603704794EA0C0F0CEA135518BF95EAF1
:107290000C0F0CD050EA410618BF52EA4306D1D178
:1072A00081EA030101F000414FF0000070BD50EA97
:1072B000410606BF1046194652EA430619D094EA21
:1072C0000C0F02D150EA013613D195EA0C0F05D10B
:1072D00052EA03361CBF104619460AD181EA03015F
:1072E00001F0004141F0FE4141F470014FF0000017
:1072F00070BD41F0FE4141F4780170BD70B54FF0B2
:10730000FF0C4CF4E06C1CEA11541DBF1CEA135531
:1073100094EA0C0F95EA0C0F00F0A7F8A4EB050413
:1073200081EA030E52EA03354FEA013100F088800A
:107330004FEA03334FF0805545EA131343EA1263D3
:107340004FEA022245EA111545EA10654FEA002688
:107350000EF000419D4208BF964244F1FD0404F541
:10736000407402D25B084FEA3202B61A65EB03059D
:107370005B084FEA32024FF480104FF4002CB6EB5A
:10738000020E75EB030E22BFB61A754640EA0C00DA
:107390005B084FEA3202B6EB020E75EB030E22BF1A
:1073A000B61A754640EA5C005B084FEA3202B6EB5B
:1073B000020E75EB030E22BFB61A754640EA9C001A
:1073C0005B084FEA3202B6EB020E75EB030E22BFEA
:1073D000B61A754640EADC0055EA060E18D04FEAA8
:1073E000051545EA16754FEA06164FEAC30343EA48
:1073F00052734FEAC2025FEA1C1CC0D111F4801F15
:107400000BD141EA00014FF000004FF0004CB6E70D
:1074100011F4801F04BF01430020B4F1FD0C88BFAC
:10742000BCF5E06F3FF6AFAEB5EB030C04BFB6EBB7
:10743000020C5FEA500C50F1000041EB045170BDAA
:107440000EF0004E4EEA113114EB5C04C2BFD4EBD7
:107450000C0541EA045170BD41F480114FF0000E5B
:10746000013C90E645EA060E8DE60CEA135594EAD7
:107470000C0F08BF95EA0C0F3FF43BAF94EA0C0FDA
:107480000AD150EA01347FF434AF95EA0C0F7FF44F
:1074900025AF104619462CE795EA0C0F06D152EAA3
:1074A00003353FF4FDAE1046194622E750EA410687
:1074B00018BF52EA43067FF4C5AE50EA41047FF498
:1074C0000DAF52EA43057FF4EBAE12E74FF0FF3CFD
:1074D00006E000BF4FF0010C02E000BF4FF0010CCE
:1074E0004DF804CD4FEA410C7FEA6C5C4FEA430C47
:1074F00018BF7FEA6C5C1BD001B050EA410C0CBF96
:1075000052EA430C91EA030F02BF90EA020F0020F7
:10751000704710F1000F91EA030F58BF994208BF5E
:1075200090422CBFD8176FEAE37040F0010070471B
:107530004FEA410C7FEA6C5C02D150EA013C07D172
:107540004FEA430C7FEA6C5CD6D152EA033CD3D0BD
:107550005DF8040B704700BF8446104662468C46B7
:107560001946634600E000BF01B5FFF7B7FF0028EA
:1075700048BF10F1000F01BD4DF808EDFFF7F4FF13
:107580000CBF012000205DF808FB00BF4DF808ED9E
:10759000FFF7EAFF34BF012000205DF808FB00BFC1
:1075A0004DF808EDFFF7E0FF94BF012000205DF8E3
:1075B00008FB00BF4DF808EDFFF7CEFF94BF012098
:1075C00000205DF808FB00BF4DF808EDFFF7C4FF91
:1075D00034BF012000205DF808FB00BF4A0011D233
:1075E00012F5001211D20DD56FF47873B3EB62521D
:1075F0000ED44FEAC12343F0004343EA505323FA29
:1076000002F070474FF00000704750EA013002D19D
:107610004FF0FF3070474FF0000070474FF0FF3CD5
:1076200006E000BF4FF0010C02E000BF4FF0010C7C
:107630004DF804CD4FEA40024FEA41037FEA226C45
:1076400018BF7FEA236C11D001B052EA530C18BF67
:1076500090EA010F58BFB2EB030088BFC81738BFCC
:107660006FEAE17018BF40F0010070477FEA226CBA
:1076700002D15FEA402C05D17FEA236CE4D15FEAB6
:10768000412CE1D05DF8040B704700BF84460846EA
:107690006146FFE70FB5FFF7C9FF002848BF10F1AB
:1076A000000F0FBD4DF808EDFFF7F4FF0CBF0120F0
:1076B00000205DF808FB00BF4DF808EDFFF7EAFF7A
:1076C00034BF012000205DF808FB00BF4DF808ED35
:1076D000FFF7E0FF94BF012000205DF808FB00BF2A
:1076E0004DF808EDFFF7D2FF94BF012000205DF8B0
:1076F00008FB00BF4DF808EDFFF7C8FF34BF0120BD
:1077000000205DF808FB00BF53B94AB9002908BF43
:1077100000281CBF4FF0FF314FF0FF3000F00CB8D5
:10772000ADF1080C6DE904CE03F070FFDDF804E064
:10773000DDE9022304B07047704700BF10F8012B49
:1077400011F8013B012A28BF9A42F7D0D01A70479E
:1077500001F0FF01102A2BDB10F0070F08D010F802
:10776000013B013A8B422DD010F0070F42B3F6D106
:10777000F0B441EA012141EA014122F007047FF01F
:1077800000070023F0E80256083C85EA010586EA76
:10779000010685FA47F5A3FA87F586FA47F6A5FAB2
:1077A00087F68EB9EED1F0BC01F0FF0102F00702BE
:1077B00032B110F8013B013A83EA010313B1F8D169
:1077C0000020704701387047002D06BF354603384A
:1077D000073815F0010F07D1013015F4807F02BF83
:1077E000013015F4C03F0130F0BC0138704700BFD4
:1077F000034613F8012B002AFBD1181A01387047F1
:107800004FEA410C7FEA6C5C02D150EA013C0AD19C
:107810004FEA430C7FEA6C5C02D152EA033C02D18E
:107820004FF0000070474FF0010070474FEA4102EF
:1078300012F5001215D211D56FF47873B3EB6252C2
:1078400012D94FEAC12343F0004343EA505311F0E9
:10785000004F23FA02F018BF404270474FF000007B
:10786000704750EA013005D111F0004008BF6FF0B9
:10787000004070474FF00000704700BF4FEA4102E0
:10788000B2F1E04324BFB3F5001CDCF1FE5C0DD97E
:1078900001F0004C4FEAC0024CEA5070B2F1004FC8
:1078A00040EB830008BF20F00100704711F0804FCB
:1078B00021D113F13872BCBF01F00040704741F490
:1078C00080114FEA5252C2F11802C2F1200C10FA94
:1078D0000CF320FA02F018BF40F001004FEAC12378
:1078E0004FEAD32303FA0CFC40EA0C0023FA02F31C
:1078F0004FEA4303CCE77FEA625307D150EA0133F2
:107900001EBF4FF0FE4040F44000704701F00040C1
:1079100040F0FE4040F40000704700BF80F000409F
:1079200002E000BF81F0004142001FBF5FEA410357
:1079300092EA030F7FEA226C7FEA236C6AD04FEA57
:107940001262D2EB1363C1BFD2184140484041409C
:10795000B8BF5B42192B88BF704710F0004F40F44E
:10796000000020F07F4018BF404211F0004F41F46A
:10797000000121F07F4118BF494292EA030F3FD036
:10798000A2F1010241FA03FC10EB0C00C3F1200349
:1079900001FA03F100F0004302D5494260EB4000D8
:1079A000B0F5000F13D3B0F1807F06D340084FEA43
:1079B000310102F10102FE2A51D2B1F1004F40EB38
:1079C000C25008BF20F0010040EA030070474900A0
:1079D00040EB0000013A28BFB0F5000FEDD2B0FA3D
:1079E00080FCACF1080CB2EB0C0200FA0CF0AABF60
:1079F00000EBC25052421843BCBFD04018437047FE
:107A000092F0000F81F4000106BF80F40000013203
:107A1000013BB5E74FEA41037FEA226C18BF7FEADA
:107A2000236C21D092EA030F04D092F0000F08BF1C
:107A30000846704790EA010F1CBF0020704712F003
:107A40007F4F04D1400028BF40F00040704712F142
:107A500000723CBF00F50000704700F0004343F0A7
:107A6000FE4040F4000070477FEA226216BF0846DD
:107A70007FEA23630146420206BF5FEA412390EAA0
:107A8000010F40F4800070474FF0000304E000BF96
:107A900010F0004348BF40425FEA000C08BF704747
:107AA00043F0964301464FF000001CE050EA01020B
:107AB00008BF70474FF000030AE000BF50EA010220
:107AC00008BF704711F0004302D5404261EB41010D
:107AD0005FEA010C02BF84460146002043F0B64332
:107AE00008BFA3F18053A3F50003BCFA8CF2083A57
:107AF000A3EBC25310DB01FA02FC634400FA02FC60
:107B0000C2F12002BCF1004F20FA02F243EB020066
:107B100008BF20F00100704702F1200201FA02FCC8
:107B2000C2F1200250EA4C0021FA02F243EB0200BB
:107B300008BF20EADC7070474FF0FF0C1CEAD052FF
:107B40001EBF1CEAD15392EA0C0F93EA0C0F6FD0C0
:107B50001A4480EA010C400218BF5FEA41211ED09E
:107B60004FF0006343EA501043EA5111A0FB01318A
:107B70000CF00040B1F5000F3EBF490041EAD3715F
:107B80005B0040EA010062F17F02FD2A1DD8B3F1DB
:107B9000004F40EBC25008BF20F00100704790F04A
:107BA000000F0CF0004C08BF49024CEA502040EA9C
:107BB00051207F3AC2BFD2F1FF0340EAC250704762
:107BC00040F400004FF00003013A5DDC12F1190FA0
:107BD000DCBF00F000407047C2F10002410021FA12
:107BE00002F1C2F1200200FA02FC5FEA310040F12A
:107BF000000053EA4C0308BF20EADC70704792F0A3
:107C0000000F00F0004C02BF400010F4000F013ADA
:107C1000F9D040EA0C0093F0000F01F0004C02BFD5
:107C2000490011F4000F013BF9D041EA0C018FE744
:107C30000CEAD15392EA0C0F18BF93EA0C0F0AD04A
:107C400030F0004C18BF31F0004CD8D180EA010070
:107C500000F00040704790F0000F17BF90F0004F09
:107C6000084691F0000F91F0004F14D092EA0C0FEB
:107C700001D142020FD193EA0C0F03D14B0218BF7E
:107C8000084608D180EA010000F0004040F0FE40C4
:107C900040F40000704740F0FE4040F44000704760
:107CA0004FF0FF0C1CEAD0521EBF1CEAD15392EADF
:107CB0000C0F93EA0C0F69D0A2EB030280EA010CCF
:107CC00049024FEA402037D04FF0805343EA111168
:107CD00043EA10130CF000408B4238BF5B0042F1C6
:107CE0007D024FF4000C8B4224BF5B1A40EA0C006B
:107CF000B3EB510F24BFA3EB510340EA5C00B3EB9D
:107D0000910F24BFA3EB910340EA9C00B3EBD10F8A
:107D100024BFA3EBD10340EADC001B0118BF5FEADC
:107D20001C1CE0D1FD2A3FF650AF8B4240EBC25005
:107D300008BF20F0010070470CF0004C4CEA5020C6
:107D40007F32C2BFD2F1FF0340EAC250704740F415
:107D500000004FF00003013A37E792F0000F00F007
:107D6000004C02BF400010F4000F013AF9D040EA85
:107D70000C0093F0000F01F0004C02BF490011F419
:107D8000000F013BF9D041EA0C0195E70CEAD15311
:107D900092EA0C0F08D142027FF47DAF93EA0C0FF8
:107DA0007FF470AF084676E793EA0C0F04D14B02DC
:107DB0003FF44CAF08466EE730F0004C18BF31F08E
:107DC000004CCAD130F000427FF45CAF31F0004388
:107DD0007FF43CAF5FE700BF4FEA4002B2F1FE4FD5
:107DE0000FD34FF09E03B3EB12620DD94FEA00237D
:107DF00043F0004310F0004F23FA02F018BF404256
:107E000070474FF00000704712F1610F01D142023C
:107E100005D110F0004008BF6FF0004070474FF0F0
:107E2000000070477BB972B90029BEBF00204FF037
:107E3000004106E008BF00281CBF6FF000414FF072
:107E4000FF30FFF779BCADF1080C6DE904CE0029D5
:107E500009DB002B1ADB03F0D9FBDDF804E0DDE9D8
:107E6000022304B07047404261EB4101002B1BDB51
:107E700003F0CCFBDDF804E0DDE9022304B040426E
:107E800061EB4101524263EB43037047524263EBA3
:107E9000430303F0BBFBDDF804E0DDE9022304B09B
:107EA000404261EB41017047524263EB430303F0F0
:107EB000ADFBDDF804E0DDE9022304B0524263EBE0
:107EC0004303704742000ED2B2F1FE4F0BD34FF086
:107ED0009E03B3EB126209D44FEA002343F0004340
:107EE00023FA02F070474FF00000704712F1610F63
:107EF00001D1420202D14FF0FF3070474FF0000035
:107F0000704700BF10B5054C237833B9044B13B14B
:107F10000448AFF300800123237010BDDC5900201A
:107F2000000000004C05030808B5034B1BB10349D2
:107F30000348AFF3008008BD00000000E0590020B6
:107F40004C0503080368DB6A184700000148F7F78F
:107F50008FBE00BFDC0700202DE9F0471E4690F8D9
:107F6000DD3A04461546002B51D02D4A92F8B03226
:107F7000002B4CD009784339C9B214299BBF294B37
:107F80005B184FF0000993F84A93D2F85437DBB3EB
:107F9000D3F81C8004F590674FF400720021384636
:107FA00006F0E9FF06230121A4F88434084684F88A
:107FB0002C96E0F745FA1F22C4F80806414604F261
:107FC0000C6008F02AFA33462A4640F27F1104F585
:107FD000916006F069FF002808DD0138204490F820
:107FE00088340A2B04BF002380F888343B464FF4C2
:107FF000FF7104F69D000C4AE7F792FC014620460B
:10800000BDE8F047E7F7AEB8DFF82080C2E73346B7
:108010002A4604F52A60BDE8F047DCF74CBC00BFF7
:108020001004002068050308C8080308AA510308C3
:1080300090F84D3070B50446BBB10D4B026D1B6816
:108040009A4212D8002500F1580680F84D50456537
:108050003046FDF79DFD38222946304606F08BFF5D
:10806000236A04F120009B6998476FF0004070BDBF
:108070001004002002292DE9F04104460E4633D0B9
:10808000032900F0BC80012940F0F58090F82C32E3
:1080900073B3002380F82C32D0F828020368DB6E1B
:1080A0009847236832465B6B01460746204698474F
:1080B000724B93F8B8310646FBB9714B1B68D3F885
:1080C00084213244C3F884210A21D3F83C21B2FB35
:1080D000F1F20621B2FBF1F001FB102203EB820367
:1080E0001A6B32441A6303E0C36F0BB1E7F74CFC21
:1080F000236820465B6D984789E0D4F8280203681E
:108100003A461B6B04F18801984728B1D4F8303205
:108110000133C4F83032D0E7183FF7D4D4F8343202
:108120000133C4F83432D4F88C30002BE0D05548F9
:10813000E6F769FFD4F88C300360D4F888304360E8
:10814000D4F89030C0F8143194F896300372B4F833
:10815000943003F07F0380F82031B4F894305B0A48
:1081600080F82A31B4F89420C2F3C011C2F300227F
:10817000054680F8211180F82921002B38D1C0F85C
:108180005031C5F85431236829465B6F2046984723
:1081900005236B813A4604F1A00105F10E0007F0BA
:1081A00089FB374BAF811B683749D3F864213244D0
:1081B000C3F864210A6832440A60D3F83C210A21DA
:1081C000B2FBF1F20621B2FBF1F001FB102203EB4E
:1081D00082031A6B32441A632C4B1868002887D02C
:1081E000012385F85C31036829461B6A98477FE7BD
:1081F000D4F89830C0F85031D4F89C30C1E7D0E9B9
:1082000073239A4237D003681B6F984720B92046E2
:10821000BDE8F041E5F7C6BED4E97332934226D0FB
:108220001B68D3F8581151B1194B1B68C91A0029A2
:1082300005DD04F5CA70BDE8F041F9F7B5BF236864
:1082400020469B6D9847054600287FF451AFD4E93E
:108250007313994204D004F5E6700D68FCF7B4F886
:108260002368294620469B6EBDE8F041184700234D
:10827000D3F85831FFDEBDE8F08100BF18040020BC
:10828000F02300207C26002018070020A8260020CC
:10829000100400202DE9F14F4D4E96F8FC310446B4
:1082A0003BB9A3699B6904F1180001B0BDE8F04F28
:1082B000184790F8453083B1002380F8453096F890
:1082C0001D020028EDD096F81F124900FCF77EFF32
:1082D00001B0BDE8F04FF9F7A9BCDFF8F8B0856C44
:1082E000D6F80002E0F777F9DBF800305B1B984224
:1082F00013D8F8F76DFC96F81E22374B03EB820378
:1083000005460146D3F8D43394F84C00984784F8D6
:108310004C50804690B1012852D0D6F80432002B40
:1083200053D0A16CDBF80020521A4FF47A714B4302
:108330009A424AD3F8F74CFC014642E0282007F065
:10834000A9FB264906F20922814607F0FBFF2046D9
:10835000E8F7A2FC074680F821814846FFF748FA73
:108360001FFA80FAA7F80EA05246494607F11000FE
:1083700007F0A0FA96F8083255465BB1BAF1E80F5B
:1083800008D83D4407230AF1010A2B7485F81180AF
:10839000A7F80EA0DBF80030A3640020FAF7F6FB84
:1083A000034628B902460E4839460068E1F782FBC9
:1083B000484607F077FB4FF47A7001B0BDE8F08FC4
:1083C00029462046E8F77EFCF5E76420F5E700BF84
:1083D0009828002010040020183D03085F5D030862
:1083E000B81200202DE9F041334F97F8F8300546D8
:1083F00063B1324E826E33689A420BD24FF0FF3334
:108400008366EAF7FDFC002385F86C306FF00040CE
:10841000BDE8F08190F86C30002B49D0D7F8FC40D3
:10842000DFF89C803268D8F80030002C08BF4FF489
:108430007A742344934207D2224B93F88424002178
:1084400082F00102EAF7A9FCD8F80430326823442C
:10845000934208D21B4B93F88524012182F001023C
:108460002846EAF79AFC97F8073173B9D8F808302C
:1084700032682344934208D2124B93F88624022197
:1084800082F001022846EAF788FC97F807316BB1C1
:108490000D4BDA6852B193F85D3003F0FD03012B08
:1084A00004D095F86C3003B1336819242046AFE747
:1084B0004FF47A74E9E700BF9828002010040020E8
:1084C000442F0020404F002018040020014B93F857
:1084D00049017047982800202DE9F0411F460A4BBA
:1084E0001C680D46164614B92046BDE8F081606848
:1084F00003683246D3F80C8029463B46C047002823
:10850000F3D12468EFE700BFC8530020014B93F874
:1085100058017047982800200020704700207047BD
:1085200038B59388032B04460D460AD1416F19B123
:10853000054803689B68984703482946F9F7EDFE0C
:108540006067002038BD00BF7C26002038B59388C6
:10855000052B04460D460AD1016F19B10548036881
:108560009B68984703482946F9F7D7FE2067002003
:1085700038BD00BF7C2600202DE9F04FAE4E96F8A6
:10858000DC30AFB004462BB9D4F8A03A04F52A6029
:108590009B6996E096F8F13053B190F8CD3A002BF4
:1085A00000F0888096F8E830012B57D16E255EE008
:1085B000D6F8E030002BE7D0D6F8E430002BE3D03B
:1085C00090F8CD3A002B75D096F8E830012B5BD0AF
:1085D000023BDBB20D2B59D8984A02EB8303D3F848
:1085E000B450D6F8E0704FB1D6F8E41031B19448E9
:1085F000F8F742F892483946F8F719F829469048B2
:10860000DBF75BFAD6F8EC308D4A002B08BFFA2373
:108610007420936007F03EFA8A4905460027FBF76D
:1086200065FF894B2B605622C5E90577394605F170
:108630001C0006F0A0FC96F8F030844A032B28D0EA
:10864000191F012927D80323A5F87230C2F88451D5
:1086500084F8CD7A0A202FB0BDE8F08F023BDBB260
:108660000D2B0ED8754A02EB8303D3F8B450784F24
:108670003846F7F7FDFA774B0A201F60F8F7A4F9A0
:10868000AFE74FF41645F2E76E25AAE74FF416451B
:10869000A7E70123D8E74021A5F87210022B6E4905
:1086A000E960C2F8845184F8CD7AD3D12046E7F747
:1086B000D3FACFE796F8F030022B06D12368DB6AB5
:1086C00020462FB0BDE8F04F1847042B40F0D08073
:1086D000624AD4F8D01A13685B1AB3F5FA6FB9D3AB
:1086E0005A4D1368A9682A69C4F8D03A19A8AB6929
:1086F000FDF77CFB6B6A002716A8CDE9163706F05C
:1087000085FC574B1B7804F6D42A06464BB13946F4
:108710000120DFF795FECDE9160716A806F076FCD6
:1087200006460027CDE912774D231193AA6B1A98BC
:108730009DF879809DF870B0CDE90F321B9B0E93A8
:108740002B6C0D936B6E0C93EB6D0B930028B8BFE5
:1087500040429DF880300A93FEF73CFCCDE91401BD
:108760004046FEF737FC30A3D3E90023FEF79CFC1C
:1087700002460B46DDE91401FEF7DEFA2CA3D3E92D
:108780000023FEF791FCCDE9080119989DF8783097
:1087900006930028B8BF4042CDF81C80FEF71AFCB3
:1087A000804658468946FEF715FC1FA3D3E90023EF
:1087B000FEF77AFC02460B4640464946FEF7BCFAF5
:1087C0001BA3D3E90023FEF76FFCCDE90401CDF82C
:1087D0000CB0AB6A02933368019373680093C4F1E1
:1087E0007F4404F57F04B3681E4A5A21504604F5BD
:1087F000754407F0FFFC2D3452463B46A1188842D1
:108800000CD8C0F15A01184A504407F0F3FC114B40
:10881000164918685246F7F7B6FF1BE712F8011F12
:108820004B40EBE7AFF3008000000000D012634143
:1088300054E41071732AD93E982800209C42030802
:10884000500C00205560030890430308C8530020D3
:10885000DC07002028020020465D030810040020E9
:108860005026002067600308C1600308FA6003080F
:10887000052B40F09280784AD4F8D01A13685B1A1E
:1088800042F20F718B427FF6E5AE1368C4F8D03A1E
:10889000DFF8C88100231693D8F8000016A9E0F786
:1088A00093FE064600283FF4D5AE3379002BF3D073
:1088B0003046F9F7EDF90028EED0D6E91A23716EAB
:1088C00019A8FDF793FA1A989DF8803008930028AC
:1088D000B8BF40420C360996FEF77CFB9DF879A0A4
:1088E0009DF87090064650460F46FEF773FB56A360
:1088F000D3E90023FEF7D8FB02460B463046394643
:10890000FEF71AFA52A3D3E90023FEF7CDFBCDE917
:10891000060119989DF8783004930028B8BF4042AA
:10892000CDF814A0FEF756FB064648460F46FEF764
:1089300051FB45A3D3E90023FEF7B6FB02460B46E5
:1089400030463946FEF7F8F941A3D3E90023FEF794
:10895000ABFB04F6D425424E424ACDF80090CDE957
:10896000020150235A21284607F044FC361B2A46B0
:108970000023B11881420CD3C0F15A013A4A28446D
:1089800007F038FC394B3A4918682A46F7F7FBFEDE
:1089900082E712F8011F4B40EBE7062B3FF45AAE7B
:1089A000344FDFF8D48007F5C4794046F7F73EF935
:1089B00000283FF44FAEE92249464046F7F79EF9BA
:1089C000D7F88461C7F88803F468CCB1DFF8ACA0AD
:1089D0009AF800B00025EBB29B4505D8284B1878D3
:1089E000F9F75AF804460BE02846FAF70BF8214647
:1089F00007F0C8FC6B1C28BB4C2404FB05A4043402
:108A0000336830469B6998474FF0FF330546436013
:108A10000CB123780372D7F88823EA81002401235C
:108A200085F82131174985F8FA4092B205F1100016
:108A300006F040FF14482346006822462946E1F725
:108A400039F8B2E71D46C6E700000000D0126341C6
:108A500054E41071732AD93E10040020A01A00209B
:108A60002DF5FFFFC9600308C1600308280200203C
:108A7000FA600308C8530020500C0020502B00203F
:108A80009426002050550020B812002038B5938855
:108A9000022B0846144608D1054B1D68E0F7FAF88A
:108AA000224601462846FCF71BF8002038BD00BFCF
:108AB000A01A0020114BF7B5D3F8A464104B476DF2
:108AC0004665044618680F4DDBF771F860B12B79E5
:108AD000082B09D00023BA1B009318BF01224FF0C6
:108AE000FF312046ECF72FFF686920B14FF47A730D
:108AF000584303B0F0BD0448FBE700BFC853002053
:108B0000F02300201804002080CBA40030B5204BB7
:108B10001D68ADF5617D04465DB1F8F743F850B1CD
:108B20001C4B1B7903F0FB03022B04D0012384F8B8
:108B30003B30002022E04FF4B072294688A806F0AE
:108B4000B9FE4FF488720021684606F014FA124A02
:108B5000BDF82E126B468CA8E7F79EF80028E8D0E7
:108B6000BDF80430022B04F130050AD1214644A897
:108B7000EDF7AEFA44A92846EDF7FEFA0DF5617D52
:108B800030BD062BD5D1214644A8EBF7F5FFF1E720
:108B9000C0530020180400209829030830B5204B4A
:108BA0001D68ADF5617D04465DB1F7F7FBFF50B17F
:108BB0001C4B1B7903F0FB03022B04D0012384F828
:108BC0003F30002028E04FF4B072294688A806F014
:108BD00071FE4FF488720021684606F0CCF9124A03
:108BE000BDF82E126B468CA8E7F756F80028E8D09F
:108BF000BDF80430032BE4D14FF4887200210DEB53
:108C0000020006F0B8F944A8F7F764FF20B144A9C0
:108C100004F13400EDF7B0FA0DF5617D30BD00BF11
:108C2000C0530020180400209829030830B5204BB9
:108C30001D68ADF5617D04465DB1F7F7B3FF50B136
:108C40001C4B1B7903F0FB03022B04D0012384F897
:108C50003B30002028E04FF4B072294688A806F087
:108C600029FE4FF488720021684606F084F9124A02
:108C7000BDF82E126B468CA8E7F70EF80028E8D056
:108C8000BDF80430052BE4D14FF4887200210DEBC0
:108C9000020006F070F944A8F7F70CFF20B144A9D0
:108CA00004F13000EDF768FA0DF5617D30BD00BFCD
:108CB000C053002018040020982903080000000079
:108CC0002DE9F04F90F84C3089B0044653B1724B07
:108CD000002580F84C50986EDFF77DFC2A46294627
:108CE000EEF72BFEDFF8B4B16D4ADBF800005168F7
:108CF00003681B6898470646002800F0BA80664F54
:108D0000DFF8A0813979D8F80090BD6ED4F870A052
:108D1000654B02293FD1002D48D04FF47A72186874
:108D200055430A3918BF0121DAF72CFF002800F05B
:108D3000A080BAF1000F3ED0A9EB0A0AAA4543D29F
:108D400097F86C30002B00F09480F8F77DFFF8F76F
:108D50009FFF002800F08D8006F16C0393E8070068
:108D60008DE807002146D6E9192305A8ECF7D0FFC6
:108D70009DF81C30002B7CD0236FD4F88820002B6A
:108D80007CD1D8F800302367EDF7EEF8736E636797
:108D9000B36EA3676DE00B29BDD055B14FF47A7265
:108DA000554305291868BCD10021BDE718683F4D1F
:108DB000B7E73F4DF5E797F86D302BB9DBF800309A
:108DC00093F82130002B54D03046F8F761FF00288B
:108DD0004FD0C4F87090736E6367B36EA367354B62
:108DE000186810B10321E6F7D7FB2046ECF7DDFE4B
:108DF0003B79092B3DD12046E7F74EFF4FF0FF337B
:108E0000054643603C2006F045FE0646606FFEF7CF
:108E1000E1F81FA3D3E90023FEF746F98046A06FCF
:108E20008946FEF7D7F81AA3D3E90023FEF73CF9E9
:108E300001274B46CDE9000142461F490024304638
:108E400007F080FAAF8185F821413046FEF7D0FC6B
:108E5000314682B2E88105F1100006F02BFD17487B
:108E60003B46006822462946E0F724FE304606F0DD
:108E700019FE41F2883009B0BDE8F08FD8F80050F3
:108E8000EB1A9A42F5D8EDF76FF825677EE700BF39
:108E900048AFBC9AF2D77A3E18040020A01A0020EE
:108EA000A41A002010040020F0230020002E9302BA
:108EB00080EE3600B82D002066610308B81200204D
:108EC000514B93F8483137B50D46002B00F08880A0
:108ED0000B6828469B6828219847C0F307238DF824
:108EE00000008DF80130C0F30743C0B28DF80230A6
:108EF000F0B1242006F0CEFD002303738360434BC2
:108F000003605723424A03754FF6FF7341490261DC
:108F100083831022404B0271816103626A460446DA
:108F20000190EBF79BFE00285CD001A8F7F72CFE20
:108F30002B683A219B6828469847C0F307238DF891
:108F400000008DF80130C0F30743C0B28DF8023045
:108F5000C8B11C2006F09EFD0023304A03738360D5
:108F60002F4B2C4902610360212266230271037595
:108F700081616A4604460190EBF75EFE002836D018
:108F800001A8F7F701FE2B680F219B682846984738
:108F9000C0F307238DF800008DF80130C0F30743BC
:108FA000C0B28DF80230D8B1682006F073FD1D4ABA
:108FB00002610122002302711B4A0260C0E90533ED
:108FC000C0E90733134903738360436243636A460E
:108FD00004460190F0F754FD70B101A8F7F7D4FDF5
:108FE00003B030BD236820469B689847A0E72368FC
:108FF00020469B689847C6E723689B68204603B0D5
:10900000BDE83040184700BF98280020CC45030831
:10901000E8620308680B0020400D0300F1620308BA
:1090200010460308F9620308E442030830B5044619
:1090300085B0F7F7EEFB0025114B2360A022C4E9B1
:109040003255294604F1280005F095FFA3686560B4
:1090500004F11C05E3600B492846F7F7CDFB2946D0
:1090600001A8F7F7B8FBA16901A8F7F75EF8014678
:109070002846F7F7AFF801A8F7F7B7FB05B030BD02
:10908000644B03081964030870B5904C904DE36875
:109090004FF6FF0633402B43E3604FF0B04396B0EA
:1090A0001A6D42F400221A651A6D02F4002203922E
:1090B000039A9A6C42F480529A649B6C03F4805336
:1090C0000293029BD9F784FCE36833402B43E360AF
:1090D000D8F7A8FE7F4C20600020D8F7B5FE4422C8
:1090E000002105A805F047FF7B4A136823F4C063FD
:1090F00043F400731360136803F4C0630193019B8E
:10910000202304934FF0010E0023B02204A8CDE9E0
:109110000CE3CDE90E23D8F7C1FE00B1FEE76F499D
:109120000B6813F0060F6E4B1BD04FF0B0429168E6
:1091300021F0F001916018689168CE0322D5D2F831
:10914000081121F00F01C2F8081118684FF0B04261
:10915000D2F80811CD031AD41968091A0229F7D9CF
:109160000FE00A6822F0070242F002020A60186863
:109170000A6802F00702022AD7D01A68121A022AD5
:10918000F6D9FEE71968091A0229D5D9F9E79168D5
:1091900021F4E061916018684FF0B0429168890352
:1091A00004D41968091A0229F8D9EAE7916821F468
:1091B0006051916018684FF0B04291684E0304D43A
:1091C0001968091A0229F8D9DBE711688D07D8D583
:1091D000916821F00301916018684FF0B04141F2AD
:1091E00088358A6812F00C0F0ED13C490A6802F0EB
:1091F0000702022A0DD8D8F715FE3A4B20601868EE
:10920000D8F722FEB0B1BCE71A68121AAA42E8D910
:10921000B7E70A6822F0070242F002020A60186803
:109220000A6802F00702022AE5D01A68121A022A16
:10923000F6D9A6E72C4B5A7F02F0FF0102B9197745
:1092400002225A771A79E2B91A682849516191685D
:1092500021F01801916059791A68002934D14FF032
:10926000FF3111619168586921F0600101439160FB
:109270009168986921F080010143916001225A7739
:1092800010E09C68E0070DD51F22013A03D324FAB1
:1092900002F1C907F9D5D968102911D004D839B11C
:1092A00008290FD016B070BD1829FBD1062AF9D8AD
:1092B00018684461826822F018020A438260CAE793
:1092C000072AF4E70F2AF2E71969CAE700ED00E080
:1092D0000003FA0504000020000400580040005874
:1092E000100400200000002034020020B71DC1043B
:1092F00008B5FBF75FFE0023C36008BD2DE9F84FFA
:10930000D14BDFF848A3D24DD24C4FF0010B184699
:1093100064220021C3E91EAB05F02DFE4FF0FF369D
:10932000CD4A4266C0E91A66C0E91C668030FBF788
:1093300077FECA4B16211720C3E97D1003F11100F7
:1093400000274FF47A7905F56F72C3F8080203F22B
:109350001110A3F81472C3E90179C3E98307A3F8D4
:109360001672C3E97F661A60BD4B4FF002081A609F
:109370000322C3E97D8203F11102C3F8082203F23C
:109380001112C3E90179C3E98327A3F81472C3E971
:109390007F66A3F81672B34B4FF40052C3E920273F
:1093A000B14AC3F88820A3F89C70B04BC4E90B778E
:1093B000C4E90D77C4E90F771F705F70AC4B0821CB
:1093C000C3E90017C3E902771F82AA4B3946682216
:1093D0001846C3E91EAB05F0CEFD06220721C0E901
:1093E0001A210522C0E91C26A34E304605EB0903CD
:1093F00040F8C43BC6E90179FBF712FE06F1D40040
:10940000FBF70EFE9C231A46394606F1280005F0AC
:10941000B2FD0B210C22C6E92112F76137843761B6
:10942000B782964E1922326105F59E72C6E9077918
:10943000B261DFF84C92B7603946802206F59C7025
:10944000C6E90C77B781B773B782C6F8289086F85B
:109450002C7086F8387086F83771C6E9006605F01A
:109460008AFD3946882206F5DC7005F084FD854AC0
:10947000E7649760C2E90022834A844E9760C2E99C
:10948000002204F14402C4E911223946442209F1C0
:109490000C0005F070FD7E4AC9F808207D4AC9F825
:1094A000002005F214427C4889F80470C4E91427AE
:1094B0007A4A1760021FFBF77DFD1661784ED66071
:1094C0005260784A784E40F8042C784A3046C2E917
:1094D0000177D760321FFBF76DFD75481061754845
:1094E000D0605260744A46F8042C06F110003946E8
:1094F0004FF4FB5205F03FFD4FF0100A06F5FB500C
:1095000052463946504405F036FD6C486C4A061FF9
:10951000FBF750FD32616B4AF2604FF020096A4A56
:1095200040F8042C39464A465044766005F023FD45
:1095300066487763061F664AFBF73CFD3261654A61
:10954000F260654A40F8042C39464FF4F06214305A
:10955000766005F010FD9C231846C6F8987706F053
:1095600099FA5E4B06464A4640F8043B394605F0F8
:1095700002FD77625246394606F1280005F0FBFCF1
:109580003946212206F1380005F0F5FC4A463946F5
:1095900006F1590005F0EFFC4A46394606F179001C
:1095A00005F0E9FC4E484F4B20F8027B5246394605
:1095B0001E6005F0E0FC5C2006F06CFAFBF728FA70
:1095C0000346494A43F8382BC0E90E33474B4363FF
:1095D000474B0764C0E912374FF40073A0F85830C6
:1095E000444B80F850801860476580F85A80C0F876
:1095F00024B04064CC2006F04DFAFBF709FA03468C
:109600003D4A43F8382BC0E90E333C4B43633C4B97
:10961000076439460646C0E912377422A0F8507034
:1096200080F852704064543005F0A5FC354BC6F804
:10963000C870C6F8248058201E6006F02BFAFBF78D
:10964000E7F9034660E000BF6022002000093D000A
:10965000484A03084459002000000158500C0020DB
:10966000DC070020B820002080EE360040590020A2
:109670002C590020C02D0020680B0020FC23002066
:10968000CC100020A0520020CC0F00204BD90008A5
:10969000600100205446030880260020C8530020A3
:1096A00029E1000884420308B02F0020B0260020E2
:1096B000035A00080D5A0008F43B0308C0120020AA
:1096C0002D5A0008375A00080C3C0308FC120020F1
:1096D000395A0008435A0008243C0308601F030855
:1096E00094260020582100204C0603085C0603083D
:1096F000670A000874260020501E03083C1E030859
:10970000D70A0008402E0020A24A43F8382BC0E9AF
:109710000E33A14B4363A14B0764C0E91237A04B42
:109720000765032242621860A0F8547080F85670F2
:1097300040646C2006F0AEF9FBF76AF90346994ADB
:1097400043F8382BC0E90E33974B4363974B0764BC
:10975000C0E9123700F15C03C0E915370423436206
:10976000934B07651860934B80F85C704064924897
:109770001A88A4F8152002805A7884F85A2004F137
:10978000700218785F70C4E91A271F708B4A8C4BDF
:1097900084F859008B4817601F70C4E9177784F864
:1097A0005870676684F870705F709F70FFF73EFCBA
:1097B0008548FFF73BFC854B854A9F60C3E900273E
:1097C000844ADA60844B854A8548C4F88C20C4E911
:1097D0002037844BC4F88870C3E90272C3E90007DC
:1097E000814B824A1A60824A5A60824A9A60824A4F
:1097F000DA60824B824A9F60C3E90027814ADA60BF
:10980000814B824A9F60C3E90027814ADA60814B1D
:10981000814A8248824CC3E90027824A9A60824A80
:10982000DA60824A824B9760C2E90037814BD3608D
:10983000814B18608148C3E901078148D860814B9A
:109840008148186081485860814898608148D86094
:10985000814BC3E900279F60C3F8EC7083F8F07078
:109860007E4B05F5846005F26C4205F58F651F732C
:109870001C611F719F6018605A619D61784BC3E93C
:1098800005251F731C611F719F601860754B1F7346
:109890001C611F719F601860C3E90525724BC3E905
:1098A00005251F731C611F719F6018606F4BC3E912
:1098B00005256F4A186010461F731C611F719F6059
:1098C0004FF0060300F8043BFFF712FD4FF00703CB
:1098D00002F118001375FFF70BFD4FF0080302F1BA
:1098E0002C0082F82830FFF703FD092302F1400025
:1098F00082F83C30FFF7FCFC0A2302F1540082F8A6
:109900005030FFF7F5FC4FF0160302F168001946DE
:1099100082F86430FFF7ECFC02F17C0082F87810EA
:10992000FFF7E6FC02F1900082F88C10FFF7E0FCF4
:1099300002F1A40082F8A010FFF7DAFC02F1B800EF
:1099400082F8B4102921FFF7D3FC02F1CC0082F891
:10995000C810FFF7CDFC02F1E00082F8DC10FFF741
:10996000C7FC02F1F40082F8F010FFF7C1FC02F529
:10997000847082F80411FFF7BBFC02F58E7082F848
:109980001811FFF7B5FC82F82C11BDE8F84F02F56D
:109990009870ADE42C1E0308EC3C03080767000830
:1099A000442E0020741E0308003D03086384000851
:1099B000482E0020394F0020C0260020582E0020BD
:1099C00038070020F0260020C02700209C2F002010
:1099D00075060008CA650308AD0D0008D3650308C5
:1099E000C90D00088C2F00206C2F00208106000874
:1099F0008506000887060008D7650308C4260020EE
:109A000089060008DA650308D42600208D060008C0
:109A1000DD650308642600208F060008950600080F
:109A2000F765030891060008E26503085C2F002033
:109A300097060008E96503087C2F0020810B0008C9
:109A4000EE650308542600208B06000883060008F4
:109A500093060008F1650308D80F00207458002011
:109A6000E458002090580020AC580020C85800202E
:109A7000000A00202DE99F48AFF30080E0F76CFA60
:109A8000DFF884814FF000094FF0000388F80030C0
:109A90005E4B5F4D1B6893B12A6893420FD25D48BD
:109AA000F8F700FEBFF34F8F5B495C4BCA6802F4C6
:109AB000E0621343CB60BFF34F8F00BFFDE7584B0D
:109AC0001A683AB129688A4204D200221F201A601B
:109AD000FCF750F8534E3068F0B1534C2B68D4F873
:109AE00090209B1AB3F57A7F07D32B68C4F8903087
:109AF00090F82C320BB1E5F76EFAD4F894202B686D
:109B00009B1A4EF65F22934206D930682B68C4F840
:109B1000943003681B6D9847444B1C6894F811619E
:109B200086B9434B02A81968E5F7C4FA9DF80920E5
:109B300094F811319A4205D03346324602A92046A4
:109B4000FAF7F0FBD4E946138B4208D004F5927083
:109B5000DFF770F818B9D4F81831C4F81C31354E55
:109B6000336903B19847344F2B680193C6F8CC9002
:109B700007F1A00B6FF000454FF0000AD6F8C8209F
:109B8000524516DD57F8044F8CB12268019952688E
:109B90002046904700280AF1010A2CDC2268204662
:109BA00092689047627D12B9C6F8CC401546BB4515
:109BB000E4D12048DAF764F898F8003033B9DEF7DA
:109BC000B9FC18B115B12846F6F7FEFE1B4B2BB1B8
:109BD0001B48F6F72BF808B1AFF30080194B002BA8
:109BE0003FF452AF1848F6F721F800283FF44AAF87
:109BF000AFF3008046E7A842D9DA627D002AD6D1C9
:109C0000C6F8CC400546D2E7600B0020582F002054
:109C1000100400208859002000ED00E00400FA053F
:109C200014040020542F002044590020B8120020B2
:109C3000A8260020F02600201427002000000000A5
:109C4000500C002000000000DC07002070B5734CB1
:109C5000A4F5A075143C201DD8F708FDAC42F9D13D
:109C60006F4B586805F01EFF6E48F6F7BEFD6E4854
:109C7000F6F7BBFD6D4B1868002840F099806C4BDF
:109C8000186808B1F8F70FF86A4D05F1680000F0A0
:109C9000FFFFD5E91746A64240F08F80E86D08B176
:109CA00005F000FF6448DDF7F7FB6448DDF709FCC9
:109CB0006348DDF71AFC6348FAF716FA6248E4F7DE
:109CC00035FA624B186800287CD16148614CDDF799
:109CD000D7FF6148DDF7D4FF6048DDF7D1FF20688A
:109CE000A04274D15E4C5F4B94F98C002360D7F78F
:109CF000E9F994F98D00D7F7E5F9E26AD4F888001C
:109D0000242384F86D30136823F0010313600321CA
:109D10000023236784F86C3084F86D30E36584F8A1
:109D20006E30D8F79BFED4F884000321D8F796FE56
:109D3000A36A4D4A93424FD14FF40010D8F7C0FFA9
:109D40004FF40010D8F7C2FF4FF0B042936D23F4E8
:109D500000139365E06918B105F0A4FE0023E361E8
:109D600020690026268410B105F09CFE26610023A0
:109D70003E48A382D8F77AFC3D48D8F777FCA86B19
:109D800008B105F08FFEE86B08B105F08BFE286C7A
:109D900008B105F087FE37484021F5F7BBFB364890
:109DA0004021F5F7B7FBBDE870403448D8F75EBCFA
:109DB000046805F077FE20465EE7204600F068FF65
:109DC000183468E7046805F06DFE20467BE70668F6
:109DD00005F068FE304683E7294A93420DD14FF4DF
:109DE0008000D8F76DFF4FF48000D8F76FFF4FF079
:109DF000B042936D23F48003ABE7224A9342A9D18A
:109E00004FF40000D8F75CFF4FF40000D8F75EFF76
:109E10004FF0B042936D23F400039AE7400B00200B
:109E2000D80F0020DC2700200C270020582E00200F
:109E30004026002044590020F8120020BC120020C7
:109E4000AC2F0020B42600207C260020C853002020
:109E500088590020FC230020CC0F0020A0520020B5
:109E6000680B0020304E0308005400403C0C0020DA
:109E70002C0C0020B8200020F8200020E022002038
:109E800000580040005C00400D488546D8F790FE21
:109E90000C480D490D4A002302E0D458C450043345
:109EA000C4188C42F9D30A4A0A4C002301E013601B
:109EB0000432A242FBD305F0C5FCFFF7DBFDFEE751
:109EC0000000012000000020100400209C74030802
:109ED00010040020C45D0020FEE7904210B509D0B8
:109EE00054684B6820601A60436819604460486891
:109EF00050604B6010BD4B68016043601860486063
:109F000070474268511E012A416002D103685B68B4
:109F10001847704738B543680446B3B96068B0B9AC
:109F2000E36813BBE06810BB23691BBB206958BB07
:109F3000204638BD52F8250008B1FFF7E2FF013591
:109F4000D4E90123AB42F5D8E8E70025F8E7D8F7D4
:109F5000CFFCE5E752F8250008B1FFF7D2FF013545
:109F6000D4E90232AB42F5D8DCE70025F8E7D8F7B0
:109F7000BFFCD9E700252369585908B1D8F7B8FCC8
:109F80000435182DF7D1D1E7D8F7B2FCD0E7036834
:109F90005A1E012B10B50446026006D1FFF7BAFF26
:109FA0002046BDE81040D8F7A1BC10BD054B10B548
:109FB0001B6804460068984201D0FFF7E8FF20467E
:109FC00010BD00BFF8590020C3689A68C26010B580
:109FD00002B1506042685A600C68844203D10B6041
:109FE0009860436010BD916881420CBF9360D3605C
:109FF000F6E78368DA68826010B502B150604268A3
:10A000005A600C68844203D10B60D860436010BD75
:10A01000D16881420CBFD3609360F6E7C36823B177
:10A0200018469B68002BFBD170474368DA68824270
:10A0300004D0C268934218BF1846704718465B6840
:10A04000F4E7027803462AB942685268824201D195
:10A05000D06870479A6822B11046D268002AFBD1B6
:10A060007047586882689A4200D07047034640683B
:10A07000F8E7FFF7D3BFFFF7E4BF2DE9F8431D462C
:10A080001F1D0023C1E902330C464A600B70A0B1CA
:10A090009542916002D16960EC6003E0AB68934245
:10A0A00008BFA9604FF000094FF001086B68A34298
:10A0B00032D101221A70BDE8F883D160EB68934277
:10A0C000F0D1E9E7C368A34203D13946FFF77CFF2B
:10A0D00004466368394683F80080304686F800906D
:10A0E000FFF787FFE2E733B11A7822B980F80080E2
:10A0F00083F8008021E08368A34203D13946FFF74B
:10A1000078FF04466368394683F80080304686F855
:10A110000090FFF759FFC9E760680278002AC8D1AC
:10A120004668B3688342DED1F268002ACAD011784B
:10A130000029C7D101211970117086F800903446AA
:10A14000B4E72DE9F8430F46D0E90212054600298D
:10A1500038D01AB944680E46746037E0104603469A
:10A1600080680028FBD1AB42DE682CD09A424B605D
:10A1700099601ED05C6806B1746059688E60DA60C0
:10A18000EA6853607A68AA4215D17B606A682978C8
:10A190005A601A7819702A702B783BB17B68B342E9
:10A1A00007F104087ED1002E40F0A1802846BDE8CA
:10A1B000F8831C46E6E76A689168A9420CBF936081
:10A1C000D360E3E716466C68002EC5D17B68AB42CE
:10A1D0000FD17E60BB68AB4203D1EB6883B96B687B
:10A1E000BB60FB68AB42D7D1AB6883B96B68FB60DF
:10A1F000D2E76B689A68AA420CBF9E60DE60E9E70E
:10A2000033461A469B68002BFBD1BA60E9E7334618
:10A210001A46DB68002BFBD1FA60BDE713B11B784F
:10A22000012B07D101231370002303704146FFF770
:10A23000E0FEE06823780370C3680122227003B156
:10A240001A7041462046FFF7BFFEACE703783BB9E2
:10A2500001220270414620462370FFF7CAFEA06823
:10A26000D0E9023212B11178012903D1A3B31978D0
:10A27000012931D013B11B78012B07D101231370B1
:10A28000002303704146FFF79FFEA0682378037008
:10A2900083680122227003B11A7041462046FFF7FD
:10A2A000A8FE80E706BBA068B042A146CED1E06818
:10A2B00003783BB901220270414620462370FFF724
:10A2C00083FEE068D0E9022312B111780129A5D1FB
:10A2D00013B119780129A1D1002303707B68646848
:10A2E00099454E463FF45FAF3378012BDBD0012315
:10A2F00033705BE7012A30B403D10B78037030BCB4
:10A300007047002AFBD030BC05F0D4BA08B5521A09
:10A31000FFF7F0FF08BD0000044B984204D0002373
:10A320008360016008440373704700BFFC5900203C
:10A33000134A904210B5044602D9124800F0B1F811
:10A34000884207D804F10D00D8F7CCFA0022446007
:10A35000826010BD4B00984238BF1C4604F11D03BB
:10A36000B3F5805F04F10D00EED98C42ECD904F511
:10A370008054C3F30B03E41A944228BF1446E1E768
:10A38000FCFFFF3F99660308184B1A68D1075CBFB2
:10A3900001221A60164B1A68D2075CBF01221A60AC
:10A3A000144B1A68D0075CBF01221A60124B1A685E
:10A3B000D1075CBF01221A60104B1A68D2075CBF3C
:10A3C00001221A600E4B1A68D0075CBF01221A6086
:10A3D0000C4B1A68D1075CBF01221A600A4B1A683D
:10A3E000D2075CBF01221A60704700BF285A0020C4
:10A3F000245A0020205A00201C5A0020185A0020FD
:10A40000145A0020105A00200C5A0020184B1A68C9
:10A41000D1075CBF01221A60164B1A68D2075CBFD5
:10A4200001221A60144B1A68D0075CBF01221A601F
:10A43000124B1A68D1075CBF01221A60104B1A68D0
:10A44000D2075CBF01221A600E4B1A68D0075CBFAE
:10A4500001221A600C4B1A68D1075CBF01221A60F6
:10A460000A4B1A68D2075CBF01221A60704700BF0E
:10A47000485A0020445A0020405A00203C5A0020EC
:10A48000385A0020345A0020305A00202C5A00201C
:10A4900008B504F005FB08B504F002FB08B504F0AC
:10A4A000FFFA08B504F0FCFA08B504F0F9FA0FB4A5
:10A4B00008B504F0F5FA08B504F0F2FA0D29F8B57C
:10A4C00005462BD891B31A4B5C5C2046FCF782FD05
:10A4D000064628680F46FCF78FFD02460B463046BD
:10A4E0003946FCF7E1FD01F09FFCFDF777F8686065
:10A4F0002046F8BD581002EB800452F820608E42CE
:10A500000FD21B1A221D013B002BF3DC094B1468F0
:10A510009A4208D02046FCF74DFDD9E7064AF923B8
:10A52000F2E70346F0E74FF0FF30E0E70124DFE712
:10A53000B1660308BC6A0308D86603082DE9F3472F
:10A5400092460A9A03EB02084B68984504460D466A
:10A5500043D923B9B8F10B0F38BF4FF00B08286867
:10A56000FCF74AFD06460F464046FCF723FD3246FF
:10A570003B46FCF7C3FE804650468946FCF71AFD71
:10A5800002460B46CDE9002342464B46FDF708F84C
:10A59000C0B14046494601F047FC124B0022FCF78F
:10A5A000CDFBFDF71BF84FEA4A01814238BF014657
:10A5B0002846FFF783FF012323706060204602B026
:10A5C000BDE8F087DDE9002330463946FCF76CFD35
:10A5D00001F02AFCFDF702F868600023C4E90033AB
:10A5E000ECE700BF0000F03F244B1A68D0075CBFC7
:10A5F00001221A60224B1A68D1075CBF01221A603F
:10A60000204B1A68D2075CBF01221A601E4B1A68E1
:10A61000D0075CBF01221A601C4B1A68D1075CBFCF
:10A6200001221A601A4B1A68D2075CBF01221A6015
:10A63000184B1A68D0075CBF01221A60164B1A68C3
:10A64000D1075CBF01221A60144B1A68D2075CBFA5
:10A6500001221A60124B1A68D0075CBF01221A60EF
:10A66000104B1A68D1075CBF01221A600E4B1A68A2
:10A67000D2075CBF01221A60704700BF785A0020E1
:10A68000745A0020705A00206C5A0020685A00202A
:10A69000645A0020605A00205C5A0020585A00205A
:10A6A000545A0020505A00204C5A002002460846B6
:10A6B000D2E901138B4230B515D9451C0FD013F8E0
:10A6C000015C146AC1B28D4202D1013B936030BD7E
:10A6D000E40608D55C1E946003F8011CF7E7013B13
:10A6E00093600020F3E74FF0FF30F0E743694BB190
:10A6F000C2680AB19A4205D2026AC360120758BF03
:10A70000C0E901337047036A1B0710B5044605D53D
:10A71000FFF7ECFFD4E90230C01A10BD4FF0FF3054
:10A72000FBE7036A1B0710B5044602D44FF0FF3065
:10A7300010BDFFF7DBFFD4E902329342F6D218785E
:10A74000F6E7000070B5DDE90434C0E904110949F9
:10A7500082616FF00045B3F1004F74F10006426969
:10A7600002DA1A44426170BD2A445B18426164F106
:10A770000004F0E7010000802DE9F04F0D4685B0A0
:10A7800014461E464FF0FF324FF0FF33C0E900235E
:10A79000DDE90E710023C0E902332B6A0B408046CD
:10A7A000C3F3001B03F0100013F008034FEAD102BB
:10A7B00013D182F0010202EA0B0B0293D5F810903C
:10A7C000B9F1000F02D154EA060319D1BBF1000F11
:10A7D00001D1029BA3B1002219E0A8B17B1E18BFD2
:10A7E0000123029382F00102CB0602EA0B0BE5D4AF
:10A7F000D5F80490B9F1000F08D154EA060305D04A
:10A80000404605B0BDE8F08F0290EBE701222846F4
:10A810000392FFF76BFF012F039A27D1AB686F6993
:10A82000A3EB09031919A7EB090746EBE37317EB31
:10A83000040A46EBE7770C461E468ABB029B03BB25
:10A84000BBF1000FDCD0002FDADBEB68A3EB0903D0
:10A85000DA175345BA41D3DBCDE900A72846AA69E8
:10A860002969FFF76FFFC8E900A7C9E7022F05D1E3
:10A87000EB68A3EB09031C1946EBE376A2463746C7
:10A88000DBE7002EDFDBEB68A3EB0903DA17A3425B
:10A89000B241D8DB6B682344C8E90046AB6008E0EE
:10A8A000002E06DBEB68A3EB0903DA17A342B241E3
:10A8B000F0DABBF1000FC6D1029B002BC3D19FE79A
:10A8C00082B02DE9F3470C460AA981E80C00164630
:10A8D00098464FF0FF324FF0FF33C0E900230023CA
:10A8E000C0E90233226A0E9B134013F008070546A5
:10A8F00003F010090DD0D4F804A0BAF1000F35D13F
:10A9000056EA080317D0284602B0BDE8F04702B067
:10A910007047D4F810A0BAF1000F24D156EA08030A
:10A92000F1D1B9F1000FEED02046FFF7DFFEE3686A
:10A93000002B09DAE7E72046FFF7D8FEE368002B93
:10A94000E1DB63683344A360B9F1000F06D0CDE9C1
:10A9500000682046A2692169FFF7F4FE0AAB0FCB1D
:10A9600085E80F00CFE7B9F1000FCCD02046FFF704
:10A97000BDFEB8F1000FC6DBE368A3EB0A03DA17EC
:10A98000B34272EB0802BEDB002FDAD1DCE72DE91F
:10A99000F347856A04469A46036A243017460E46F2
:10A9A0000D4403F0080803F0100900F0B4F9626ADE
:10A9B000964217BFED1932182A460027B8F1000F4A
:10A9C00003D03744C4E902756660B9F1000F0DD0B9
:10A9D0000023CDF800A0019331462046FFF7B2FED8
:10A9E000B8F1000F02D1C4E90155E56002B0BDE83D
:10A9F000F08738B5044639B1002A05DB456A0023E3
:10AA000083622B70FFF7C3FF204638BD2DE9F0416C
:10AA1000036A0D46D90688B004466AD56A1C66D01A
:10AA200000F12407384600F076F9D4E90413A2694E
:10AA3000561A864220D25B1A666ADA17CDE90032CE
:10AA4000314632182046FFF77DFE236A1B070AD5E0
:10AA5000D4E901135B1AF218E3685B1A0133C4E905
:10AA600001623344E36063691D70636901336361AC
:10AA7000284608B0BDE8F0819A42F5D86FF040430F
:10AA8000984236D04100994228BF1946B1F5007F5F
:10AA900004AA4FF0000638BF4FF4007102A80292DA
:10AAA00003968DF8106000F077F923695FFA85F856
:10AAB0003BB1A269D21A00923146039A02A800F073
:10AAC0009FF9414602A800F082F902A9384600F039
:10AAD0004FFAD4E90430D4E90121C31A8A1A204676
:10AAE000616AFFF754FF02A800F0D2F8BDE7002525
:10AAF000BEE74FF0FF35BBE77047704730B5002227
:10AB00004FF0FF344FF0FF35C0E90045C0E90222A5
:10AB100030BD82B08DE80C004FF0FF334FF0FF32B4
:10AB2000C0E900230023C0E9023302B070470020CF
:10AB30007047002070474FF0FF307047036810B532
:10AB40005B6A04469847431C1EBFA36813F8010BB9
:10AB5000A36010BD4FF0FF3070474FF0FF307047DB
:10AB600010B5044B044640F81C3BFFF71FFA204683
:10AB700010BD00BF846B030810B50446FFF7F0FF5B
:10AB80002046D7F7B3FE204610BD2DE9F843064610
:10AB90000F4690460025454502DB2846BDE8F88370
:10ABA000D6E90504241A11D0A8EB0509A145B8BFC0
:10ABB0004C4639462246A8BFA14604F07BFE736985
:10ABC0004D442344A84527447361E4DD3368397854
:10ABD0005B6B304698470130DFD001350137DAE74B
:10ABE0002DE9F84307460C4690460026464502DB11
:10ABF0003046BDE8F883D7E902156D1A11D0A8EBED
:10AC00000609A945B8BF4D4620462A46A8BFA94611
:10AC100004F050FEBB684E442B44B0452C44BB604E
:10AC2000E4DD3B6838469B6A9847431CE0D004F853
:10AC3000010B0136DAE70AB104F03CBE704750F868
:10AC4000083B1B1A584258417047000008B50B6872
:10AC5000B3F1804F02D30D48FFF723FC93420BD989
:10AC6000B3EB420F4FEA420006D2B0F1804F2ABF49
:10AC70006FF0404308600B600868013001D5FFF7B2
:10AC800007FCBDE80840D7F72DBE00BFBC6B03082A
:10AC900010B50446FFF7D3FF20B92068BDE8104087
:10ACA000D7F724BE10BD406801F180410139091A6F
:10ACB000914208B502D21846FFF7F3FB08BD0368BE
:10ACC0008B4206D842681344994294BF0020012069
:10ACD000704701207047012A10B403D10A7810BCD4
:10ACE0000270704710BCFFF7A6BF012A30B403D131
:10ACF0000B78037030BC7047002AFBD030BC04F0E6
:10AD000020B908B5521AFFF7E6FF08BD08B5521A78
:10AD1000FFF7E1FF08BD10B50446FFF790FF08B943
:10AD2000A06810BD0F20FCE72DE9F3470A9E1F46DF
:10AD3000436801EB0208B21A1A4404460D46A3EB1D
:10AD400008090192FFF7E7FF01A902462046FFF735
:10AD50007DFF82461DB121682A46FFF7BCFF37B14F
:10AD60002EB1324639460AEB0500FFF7B4FFB9F1C0
:10AD7000000F07D0216835444A4641440AEB0500DC
:10AD8000FFF7A9FF2046FFF783FF019BC4F800A04F
:10AD9000A36002B0BDE8F08737B504460191FFF724
:10ADA000BAFF019B834202460FD901A92046FFF753
:10ADB0004DFF6268216801320546FFF78CFF20468F
:10ADC000FFF766FF019B2560A36003B030BDF7B5B8
:10ADD000466804460F46FFF79EFF751C854207D95B
:10ADE0000123009300231A4631462046FFF79CFFBB
:10ADF00023689F552368656000225A5503B0F0BD53
:10AE00002DE9F04F85B080460E9D144689462A46AE
:10AE100021461F46384BFFF746FFD8F8043003930E
:10AE2000A5EB040B404603EB0B0AFFF774FF5045FC
:10AE300059D3D8F80060039B4E443946A14440469C
:10AE4000A3EB0909FFF73BFF80B1B9F1000F06D072
:10AE5000AC4204D04A4631197019FFF746FF95B14C
:10AE60002A4639463046FFF736FF0CE0B5B9B9F14E
:10AE7000000F08D0AC4206D04A4631197019FFF7CE
:10AE800034FFAC420FD3D8F80030C8F804A0002239
:10AE9000404603F80A2005B0BDE8F08FAC420CD262
:10AEA000B9F1000FE8D134447B199C420BD32A46F8
:10AEB00039463046FFF719FFE5E72A46394630465E
:10AEC000FFF713FFD3E7BC4203D82A4607EB0B0179
:10AED000C8E7E41B224639463046FFF706FF2A1B27
:10AEE00071193019BFE700953B4622464946404656
:10AEF000FFF71AFFC7E700BFD46B03082DE9F34142
:10AF0000D0F80480044602EB08070E461546FFF70A
:10AF100002FFB8420ED32DB120682A463146404484
:10AF2000FFF7D9FE2368676000222046DA5502B099
:10AF3000BDE8F08100953346002241462046FFF7E8
:10AF4000F3FEEFE770B5064B04460D4616460021AA
:10AF5000FFF7A9FE324629462046FFF7CFFF70BD16
:10AF6000ED6B030808B5D1E90012FFF7EBFF08BD50
:10AF70002DE9F043884285B005460C4640D0FFF7E6
:10AF80005EFE06462046FFF75AFE002E4AD06F6846
:10AF9000002838D06668D7B1013705F1080904F1F7
:10AFA00008081EB30136324641466846FFF743FEA5
:10AFB0003A4649464046FFF73EFE32466946484615
:10AFC000FFF739FE6B6862686A60636018E0002E04
:10AFD000F8D0721C04F1080105F10800FFF72BFE00
:10AFE00063686B60236867601F7009E03A464946F2
:10AFF0004046FFF720FE6B6863602B686E601E7032
:10B0000005B0BDE8F08326467A1C56F8088F05F196
:10B0100008013046FFF70FFE23682B602660C5F855
:10B020000880CFE7AF6868B1626805F108060132B1
:10B0300004F108013046FFF7FEFD2B6823602E6007
:10B04000A760BFE722682B682A602360A368AB6013
:10B05000F6E70000244B1A68D0075CBF01221A6093
:10B06000224B1A68D1075CBF01221A60204B1A6874
:10B07000D2075CBF01221A601E4B1A68D0075CBF62
:10B0800001221A601C4B1A68D1075CBF01221A60AA
:10B090001A4B1A68D2075CBF01221A60184B1A6853
:10B0A000D0075CBF01221A60164B1A68D1075CBF3B
:10B0B00001221A60144B1A68D2075CBF01221A6081
:10B0C000124B1A68D0075CBF01221A60104B1A6835
:10B0D000D1075CBF01221A600E4B1A68D2075CBF11
:10B0E00001221A60704700BFA85A0020A45A00200D
:10B0F000A05A00209C5A0020985A0020945A002000
:10B10000905A00208C5A0020885A0020845A00202F
:10B11000805A00207C5A00207FB500241023CDE9FE
:10B120000234036815469E6912686B46CDE90044F7
:10B13000B0479DF8043003F00603062B03BF009BC5
:10B140002B600120204604B070BD009890420CBFD7
:10B15000062001207047000010B5034B0360044631
:10B1600000F0DDF8204610BD386C030810B5044629
:10B17000FFF7F2FF20460821D7F7BCFB204610BDA1
:10B180002DE9F0411F46DDE90834DDF818809845C7
:10B190000646154607D1079900F0C4F818B1657145
:10B1A0000020BDE8F0813946304600F0BBF80028A9
:10B1B000F6D00123C4F800802571A371F0E738B5FB
:10B1C00015461C4600F0AEF820B10823E3600623C4
:10B1D0002560237138BD2DE9F04105460C46164621
:10B1E0001F4600F09FF848B9032F07D8236832465E
:10B1F000294620465B69BDE8F0411847BDE8F0816B
:10B2000070470000024A0349034800F0C7B900BF75
:10B210004003002001B20208AC5A002010B5034BD5
:10B2200003600446FFF798FF204610BD986C0308A2
:10B2300010B50446FFF7F2FF20460C21D7F75AFB62
:10B24000204610BD2DE9F041DDF8188090450646F6
:10B250000F4615461C460BD0B0680368CDF8188021
:10B260001E6A2A4623463946B446BDE8F041604787
:10B27000194600F057F80028EED00620BDE8F0810E
:10B280002DE9F14F0D461946DDE90A4BDDE90CA623
:10B2900081461746984600F045F890B1002D34607D
:10B2A000377109DB2C44A24514BF01240624B47174
:10B2B000002001B0BDE8F08F0235F9D10123B37150
:10B2C000F6E7544506D15946484600F02BF808B138
:10B2D0007771EDE7D9F808000368CDE90CA6CDE950
:10B2E0000A4BDC693A4643462946A44601B0BDE80C
:10B2F000F04F60472DE9F04107460C4615461E46C3
:10B30000FFF75DFF48B9B86803689F692A4633466E
:10B310002146BC46BDE8F0416047BDE8F08170477A
:10B3200000207047814208B50ED0406803782A2B70
:10B330000CD049680B782A2B08BF0131FCF7FEF9C5
:10B34000B0FA80F0400908BD0120FCE70020FAE7D0
:10B3500000487047D46C03087047000010B5034BD9
:10B360000360044600F000F9204610BD386D030864
:10B3700010B50446FFF7F2FF2046D7F7B7FA20468C
:10B3800010BD000013B51346012B00F10802026046
:10B3900008BF0E234FF0000218BF0D234260027257
:10B3A00011460BBF00930093034B044B0446FFF779
:10B3B00027FD204602B010BDDD6C0308EC6C0308CD
:10B3C000024A0349034800F0E9B800BF40030020E7
:10B3D00059B302084403002000487047586D030821
:10B3E0001368994204D153681B1A58425841704758
:10B3F0000020704700487047606D0308742A10B53C
:10B400001ADC572A0CDC4D2A07DC3B2A0CDC242AE8
:10B410000EDC0F2A18DC0E2A16D9C0E9002116E02E
:10B420000B4BA2F158040CE00A4BA2F13C0408E0DB
:10B43000A2F12D03012BEFE7A2F17604182CECD832
:10B44000054BE340DB07E8D5044B0260436010BDC9
:10B450009D00BF1F8F080200BF07F1014C030020B1
:10B46000C0E90021704713B5036814465B690A46BA
:10B470000146684698476368019A9A4206D1009847
:10B480002368C31A5842584102B010BD0020FBE7A0
:10B490004B68834204D10868831A58425841704768
:10B4A00000207047704770477047704710B50446DA
:10B4B000D7F71CFA204610BD10B50446D7F716FA88
:10B4C000204610BD10B50B6886B01B69044668465F
:10B4D0009847DDE90012204600F08CF86846FFF737
:10B4E000D7FB204606B010BD73B504461046ECF7F6
:10B4F00097F904F108032360054610B90F48FEF7D9
:10B50000CDFFFCF775F90F2805EB0006019007D970
:10B51000002201A92046FFF799FB019B2060A36050
:10B52000206832462946FFF7F1FB019B22686360E1
:10B5300000212046D15402B070BD00BF676D0308E2
:10B5400013B514460A4601466846FFF757FF63687D
:10B55000019A9A4206D100982368C31A584258416A
:10B5600002B010BD0020FBE77047000010B5064C8C
:10B5700006490748224600F011F8224605490648C8
:10B58000BDE8104000F00AB840030020A9B402084A
:10B590004C030020ABB40208480300200B460146D0
:10B5A000184603F017BC000088422DE9F04104461C
:10B5B0000D4618D0A0B1A1EB000840460021FEF7CF
:10B5C000B7FE00F10C070646214638462A46FEF72C
:10B5D0009DFE41463046FEF79FFE3846BDE8F081AD
:10B5E0000248FEF75BFF024FF7E700BF7C6E0308DF
:10B5F000085A002013B5044608461146014401AA22
:10B60000FFF7D2FF2060204602B010BD2DE9F047C1
:10B61000089D0C46002B4ED194468C458646B2FAC6
:10B6200082F262D94AB1C2F12003914020FA03F3B9
:10B630000CFA02FC194300FA02FE4FEA1C471FFAFB
:10B640008CF6B1FBF7F44FEA1E4307FB141143EAF3
:10B65000014304FB06F199420AD91CEB030304F1F0
:10B66000FF3080F01281994240F20F81023C634426
:10B67000591A1FFA8EF3B1FBF7F007FB101143EADA
:10B68000014300FB06F69E420AD91CEB030300F1BE
:10B69000FF3180F0FC809E4240F2F9806344023822
:10B6A0009B1B40EA044000211DB1D3400022C5E9A4
:10B6B0000032BDE8F0878B4205D90DB1C5E9000124
:10B6C00000210846F5E7B3FA83F1002946D1A342E9
:10B6D00002D39042C0F0F080861A64EB030301208D
:10B6E000002DE6D0C5E90063E3E7002A40F0908032
:10B6F000A1EB0C044FEA1C481FFA8CF70121B4FBA4
:10B70000F8F64FEA1E4308FB164443EA044307FBDE
:10B7100006F0984208D91CEB030306F1FF3402D26D
:10B72000984200F2CD8026461C1A1FFA8EF3B4FB15
:10B73000F8F008FB104443EA044300FB07F79F427C
:10B7400008D91CEB030300F1FF3402D29F4200F240
:10B75000B0802046DB1B40EA0640A5E7C1F1200689
:10B760008B4022FA06F71F4320FA06FC04FA01F385
:10B7700043EA0C03F44000FA01F8380C4FEA13498D
:10B78000B4FBF0FE1FFA87FC00FB1E4449EA0444A8
:10B790000EFB0CF9A14502FA01F20AD93C190EF18F
:10B7A000FF3A80F08480A14540F28180AEF1020E24
:10B7B0003C44A4EB09041FFA83F9B4FBF0F300FB4B
:10B7C000134449EA044403FB0CFCA44507D93C1983
:10B7D00003F1FF3067D2A44565D9023B3C4443EAFC
:10B7E0000E40A0FB0293A4EB0C049C42CE469C4668
:10B7F00051D34ED055B1B8EB0E0364EB0C0404FAF0
:10B8000006F6CB401E43CC40C5E90064002150E75A
:10B81000C2F1200320FA03F10CFA02FC24FA03F32C
:10B8200094400C434FEA1C4800FA02FE1FFA8CF7C2
:10B83000B3FBF8F008FB1031230C43EA014300FB93
:10B8400007F1994208D91CEB030300F1FF362CD213
:10B8500099422AD9023863445B1AA4B2B3FBF8F1C7
:10B8600008FB113344EA034401FB07F3A34208D960
:10B870001CEB040401F1FF3613D2A34211D90239A3
:10B880006444E41A41EA004139E70446F0E6084618
:10B8900006E7C845AED2B9EB020E63EB070C0138E0
:10B8A000A8E73146EDE7034699E73046D4E7D646A8
:10B8B0007FE7634402384DE70646234608460FE714
:10B8C000023E634430E700BFF8B504460D4600F081
:10B8D000C7FF224606460F462B4620462946FBF761
:10B8E0008FFF40B92046294600F0F2F8084B0022AD
:10B8F000FBF76AFE10B930463946F8BD03F09CFFED
:10B90000034621221A600348BDE8F84000F062B9FE
:10B910000000F03F0C63030801F0FAB92DE9F84389
:10B9200014461D468046894601F0BEFA2246064668
:10B930000F462B4620462946FBF762FF78B90022C6
:10B94000002340464946FBF717FED8B100220023EA
:10B9500020462946FBF710FE28B1264F0026304628
:10B960003946BDE8F8832046294600F02DF9002825
:10B97000F5D02046294600220023FBF707FE0028C9
:10B98000EDD02CE03046394600F01EF9A0B100227F
:10B99000002330463946FBF7EFFD0028DFD0404654
:10B9A000494600F011F90028D9D02046294600F078
:10B9B0000BF90028D3D012E04046494600F004F9C4
:10B9C0000028E4D02046294600F0FEF80028DED00A
:10B9D00032463B4630463946FBF712FF20B903F0AA
:10B9E0002BFF22230360BAE703F026FF2123036025
:10B9F000B5E700BF0000F03FF8B504460D4600F083
:10BA000023F9224606460F462B4620462946FBF7D9
:10BA1000F7FE30B92046294600220023FBF7B6FD89
:10BA200010B930463946F8BD03F006FF0022002366
:10BA30002121016010461946FBF760FC06460F46BF
:10BA400030463946F8BD00BF1F4A21F000439342FB
:10BA50001DD930B51D4A934287B005D902460B4621
:10BA6000FBF76AF907B030BD02AA01F0C5FF00F08C
:10BA70000304012C0FD0022C1FD0BCB10124DDE93E
:10BA80000423DDE90201009400F026FCEAE700222D
:10BA9000002300F0F9BADDE90423DDE90201009496
:10BAA00000F01AFC01F1004107B030BDDDE90423CC
:10BAB000DDE9020100F0E8FAD4E7DDE90423DDE97D
:10BAC000020100F0E1FAEDE7FB21E93FFFFFEF7F24
:10BAD00021F000431946704730B5224A21F0004357
:10BAE000934287B01CD9204A934205D902460B469F
:10BAF000FBF722F907B030BD02AA01F07DFF00F08C
:10BB00000300012814D0022822D0C0B1DDE90423AB
:10BB1000DDE9020100F0B8FA01F1004107B030BDE3
:10BB2000002300930022002300F0D6FB07B030BDB5
:10BB3000DDE90423DDE9020100F0A6FADAE70124D9
:10BB4000DDE90423DDE90201009400F0C5FBD1E743
:10BB50000124DDE90423DDE90201009400F0BCFBCF
:10BB6000DAE700BFFB21E93FFFFFEF7F30B5144A62
:10BB700021F00043934287B019D9124A934205D964
:10BB800002460B46FBF7D8F807B030BD02AA01F019
:10BB900033FF440004F00204C4F10104DDE904238E
:10BBA000DDE90201009400F04FFC07B030BD012335
:10BBB00000930022002300F047FC07B030BD00BF17
:10BBC000FB21E93FFFFFEF7F41F0004000F58010CF
:10BBD000C00F704701490020704700BF0000F87F88
:10BBE000C0F3C7520028A2F17F0CB4BF4FF0FF3161
:10BBF0000121BCF11E0F08B510DCBCF1000F1CDBED
:10BC0000C0F31603BCF1160F43F400030BDD963AA4
:10BC100003FA02F202FB01F1084608BDFCF7DCF86A
:10BC20000146084608BD4FF4800242FA0CF21A445D
:10BC3000CCF1170C22FA0CF2ECE7BCF1FF3F18BF75
:10BC40000021084608BD00BF2DE9F84F724F8F4311
:10BC500004460D4600F0B28000290B460646024617
:10BC600055DD081500F09B80C3F31303C107A0F254
:10BC7000FF3743F4801303D4D10F01EB4303520089
:10BC80005B00002603EBD2737F1052001624B446EB
:10BC90004FF400110CEB0100984203DC1B1A01EB7E
:10BCA000000C0E445B00013C03EBD2734FEA5101E0
:10BCB0004FEA4202EED1A04620254FF000400AE0B4
:10BCC00039D0590001EBD271013D0B464FEA4202D7
:10BCD0004FEA50003BD09C4508EB000EF0DABEF175
:10BCE000000F0EEB00080CDBE146A3EB0C019645C0
:10BCF00088BF01F1FF314900CC46A2EB0E0204449B
:10BD0000E0E7B8F1000FEFDB0CF10109EDE721F0FE
:10BD1000004707433DD0002973D1D10A153B520596
:10BD20000029FAD0CD02184616460B4637D52024F6
:10BD30004FF0FF313EE0964502D94FEA4C01C1E792
:10BD4000BEF1000F0EEB000825DB0021D5E7114303
:10BD500012D0DFF8C8A0DFF8C8B0DAE90001DBE9EB
:10BD60000023FAF7E9FFDAE9008902460B4640466C
:10BD70004946FBF715FC58BB6508731003F17F5368
:10BD8000F20703F5001348BF45F0004503EB0751E8
:10BD90002846BDE8F88FB8F1000FB5DAD5E70022E4
:10BDA0005B00DC02114602F10102F9D5C2F1200468
:10BDB00006FA02F2E640401A334355E702460B46C4
:10BDC000FBF772F922462B46FAF7B8FFBDE8F88F69
:10BDD000B4F1FF3FDAE90001DBE9002318D0FAF7FC
:10BDE000ADFFDAE9008902460B4640464946FBF7BB
:10BDF000CDFB78B1A11C04F1020508BF01366D0826
:10BE0000BBE7FAF799FF02460B46FBF777FAC0E764
:10BE10000136B2E70134AFE70000F07F580300209D
:10BE20005003002000000000C1F30A5C2DE9F0413E
:10BE3000ACF2FF35132D02460B460C46064632DCAB
:10BE4000002D20DBDFF8E08048FA05F801EA080C55
:10BE50005CEA000C0F462BD031A3D3E90023FAF79C
:10BE60006DFF00220023FBF7AFFB40B1002C03DA8B
:10BE70004FF480132B411F4427EA08040026214673
:10BE80003046BDE8F08126A3D3E90023FAF756FF38
:10BE900000220023FBF798FB0028F0D0002C27DBC2
:10BEA00000263446EBE7332D06DDB5F5806F1CD058
:10BEB00010461946BDE8F081ACF2134C4FF0FF3745
:10BEC00027FA0CF70742F3D015A3D3E90023FAF7BA
:10BED00035FF00220023FBF777FB0028CFD0002C92
:10BEE00033460CDB23EA0706C9E7FAF727FFE1E749
:10BEF00024F0004426430DD14FF00044BFE7142D39
:10BF000006D0C5F134050122AA401344B342E9D258
:10BF10000134E7E7054C0026B1E700BFAFF300802E
:10BF20009C7500883CE4377EFFFF0F000000F0BFE7
:10BF30002DE9F041C0F3C7557F3D162D044620F092
:10BF4000004724DC002D804614DB184F2F41384277
:10BF50001AD01749FBF7E8FC0021FBF7CBFB98B19F
:10BF6000002C03DD4FF400032B41984428EA07001E
:10BF7000BDE8F0810E49FBF7D7FC0021FBF7BAFBC7
:10BF800010B1002C0EDB57B92046BDE8F081B7F1A7
:10BF9000FF4FF9D30146FBF7C7FCBDE8F0814FF036
:10BFA0007E50F2E74FF00040EFE700BFFFFF7F0059
:10BFB000CAF249712DE9F041C0F3C7557F3D162DF6
:10BFC000044620F0004725DC002D804614DB184F86
:10BFD0002F4138421BD01749FBF7A6FC0021FBF785
:10BFE00089FBA0B1002C03DA4FF400032B419844E5
:10BFF00028EA0700BDE8F0810E49FBF795FC002117
:10C00000FBF778FB18B1002C0CDB002000E0204689
:10C01000BDE8F081B7F1FF4FF9D30146FBF784FC8F
:10C02000BDE8F08117B94FF00040F1E70248EFE7B3
:10C03000FFFF7F00CAF24971000080BF08B5C0F35E
:10C04000C7537F3B162B014615DC002B02460BDB4A
:10C050000B481841084205D04FF4800119411144A2
:10C0600021EA0001084608BD013300F00041F9D182
:10C0700041F07E51F6E7802BF4D1FBF755FC08BD6B
:10C08000FFFF7F00000000002DE9F04F21F0004885
:10C09000B8F1795F85B092469B4606460F466DD251
:10C0A000FBF7C4FB002800F0EE8032463B463046EA
:10C0B0003946FAF7F9FF76A3D3E9002304460D4683
:10C0C000FAF7F2FF74A3D3E90023FAF737FE22460A
:10C0D0002B46FAF7E9FF72A3D3E90023FAF72CFE07
:10C0E00022462B46FAF7E0FF6FA3D3E90023FAF7C5
:10C0F00025FE22462B46FAF7D7FF6DA3D3E900238E
:10C10000FAF71AFE22462B46FAF7CEFF6AA3D3E9C6
:10C110000023FAF713FE22462B46FAF7C5FFCDE9B6
:10C120000001674B002220462946FAF7BDFFDDE9F2
:10C1300000238046894620462946FAF7B5FF444643
:10C140004D468046894652465B4630463946FAF7A8
:10C15000ABFF02460B4640464946FAF7EDFD024664
:10C160000B4620462946FAF7E7FD02460B4600201B
:10C170005449FAF7E1FD05B0BDE8F08F02460B46E1
:10C18000FAF792FF42A3D3E9002304460D46FAF7DB
:10C190008BFF41A3D3E90023FAF7D0FD22462B46BB
:10C1A000FAF782FF3EA3D3E90023FAF7C5FD224642
:10C1B0002B46FAF779FF3CA3D3E90023FAF7BEFD3B
:10C1C00022462B46FAF770FF39A3D3E90023FAF78A
:10C1D000B3FD22462B46FAF767FF37A3D3E90023C6
:10C1E000FAF7ACFD2B462246FAF75EFF364B984530
:10C1F000CDE9000195D9354B98454FF000023AD86A
:10C20000A8F500132F49002090469946FAF794FDAF
:10C21000CDE902012A4B002220462946FAF744FFC5
:10C2200042464B46FAF788FDDDE900238046894601
:10C2300020462946FAF738FF44464D46804689464F
:10C2400052465B4630463946FAF72EFF02460B4609
:10C2500040464946FAF770FD02460B4620462946FD
:10C26000FAF76AFD02460B46DDE90201FAF764FDC2
:10C2700005B0BDE8F08F164BDFF85890CDE90223EA
:10C280004FF00008C6E70F49002005B0BDE8F08F69
:10C29000D43888BEE9FAA8BDC4B1B4BD9EEE213E33
:10C2A000AD529C804F7E923E9015CB19A001FA3E74
:10C2B0007751C1166CC1563F4C5555555555A53F44
:10C2C0000000E03F0000F03F3233D33F0000E93F81
:10C2D0000000E73F0000D23F2DE9F04F994621F0E2
:10C2E0000043B3F1795F85B0904604460D4604D211
:10C2F000FBF79CFA002800F0858022462B4620465A
:10C300002946FAF7D1FE06460F4602460B4620465E
:10C310002946FAF7C9FE3EA3D3E9002382468B469D
:10C3200030463946FAF7C0FE3BA3D3E90023FAF7BB
:10C3300003FD32463B46FAF7B7FE39A3D3E90023A3
:10C34000FAF7FCFC32463B46FAF7AEFE36A3D3E9D9
:10C350000023FAF7F1FC32463B46FAF7A5FE34A378
:10C36000D3E90023FAF7EAFC0E9BCDE900019BB369
:10C37000334B002240464946FAF796FEDDE900239A
:10C38000CDE9020150465946FAF78EFE02460B46A9
:10C39000DDE90201FAF7D0FC32463B46FAF784FEAB
:10C3A00042464B46FAF7C8FC23A3D3E900230646CE
:10C3B0000F4650465946FAF777FE02460B4630467E
:10C3C0003946FAF7BBFC02460B4620462946FAF7E7
:10C3D000B3FC05B0BDE8F08F02460B463046394647
:10C3E000FAF762FE14A3D3E90023FAF7A5FC52463C
:10C3F0005B46FAF759FE22462B46FAF79FFC05B03A
:10C40000BDE8F08F2046294605B0BDE8F08F00BF9B
:10C410007CD5CF5A3AD9E53DEB9C2B8AE6E55A3ECE
:10C420007DFEB157E31DC73ED561C119A0012A3F6A
:10C43000A6F810111111813F495555555555C53F65
:10C440000000E03F000000002DE9F04F9B46D04B7C
:10C4500021F00048984587B0924604460D4689462B
:10C460004BD8FBF7E3F90646002866D1109B013351
:10C47000234353EA080300F0E081109B012B00F0F6
:10C48000E98152465B4620462946FAF757FC0246A8
:10C490003046CDE900010B460020BE49FAF72EFFD9
:10C4A00022463446DDE9006789462B4680460D4624
:10C4B00030463946FAF740FC02460B46504659468C
:10C4C000FAF73AFC22464B46FAF7EEFD02460B46D7
:10C4D0003046394616461F4622464B46FAF7E4FDDB
:10C4E000AD4B0022FAF72AFC02460B46304639468D
:10C4F000FAF724FC42464B4600E1A84B98451CD96C
:10C500000029C0F2938122462B4683A1D1E9000184
:10C51000FAF712FC52465B4606460F4680A1D1E967
:10C520000001FAF709FC32463B46FAF707FC4FF0E8
:10C53000000A04460D464FF0000B22462B462046CB
:10C540002946FAF7B1FD02460B46CDE90023FAF77A
:10C55000ABFDDDE9002306460F4620462946FAF7E3
:10C56000A3FD71A3D3E90023CDE90201304639468A
:10C57000FAF79AFD6EA3D3E90023FAF7DFFB324600
:10C580003B46FAF791FD6CA3D3E90023FAF7D6FBFB
:10C5900032463B46FAF788FD69A3D3E90023FAF750
:10C5A000CDFB32463B46FAF77FFD67A3D3E9002374
:10C5B000FAF7C4FB32463B46FAF776FD64A3D3E9AB
:10C5C0000023FAF7BBFBDDE90023FAF76DFD62A358
:10C5D000D3E90023CDE9040130463946FAF764FD7A
:10C5E0005FA3D3E90023FAF7A9FB32463B46FAF7EB
:10C5F0005BFD5DA3D3E90023FAF7A0FB32463B467F
:10C60000FAF752FD5AA3D3E90023FAF797FB324613
:10C610003B46FAF749FD58A3D3E90023FAF78EFB0E
:10C6200032463B46FAF740FD55A3D3E90023FAF71B
:10C6300085FB02460B46DDE90401FAF77FFBDDE9E5
:10C640000223FAF731FD52465B46FAF777FBDDE944
:10C650000023FAF729FD52465B46FAF76FFB4AA31F
:10C66000D3E9002306460F46DDE90201FAF71CFD77
:10C6700032463B46FAF762FB0B46024682468B4641
:10C6800020462946FAF75AFB444B984506460F4682
:10C6900000F28680109B012B38D002460B4600200A
:10C6A0003C49FAF72BFE0026CDE9000122462B4635
:10C6B00030460D463946FAF73FFB02460B465046D8
:10C6C0005946FAF739FB32462B46FAF7EDFC02469B
:10C6D0000B469046994632462B4630463946FAF785
:10C6E000E3FC2D4B0022FAF729FB02460B4640469D
:10C6F0004946FAF723FBDDE900233446FAF7D4FC78
:10C7000022462B46FAF71AFB06460F4630463946B4
:10C7100007B0BDE8F08F00BF182D4454FB21E93F5E
:10C72000075C143326A6813CD47ABF74702AFB3E82
:10C73000E9A7F0320FB8123F68108D1AF726303F84
:10C740001583E0FEC8DB573F93846EE9E326823F02
:10C75000FE41B31BBAA1AB3F735360DBCB75F3BE95
:10C76000A69237A0887E143F0165F2F2D844433F79
:10C77000280356C9226D6D3F37D60684F464963F70
:10C780007AFE10111111C13F635555555555D53FCE
:10C79000FFFF2F3E0000F0BF0000F03F2794E53F71
:10C7A0001098FAF717FC3246CDE900013B463046B7
:10C7B0003946FAF779FCCDE9020130463946DDE920
:10C7C000006732463B46FAF7B9FA02460B46DDE906
:10C7D0000201FAF793FD52465B46FAF7ADFA0246BC
:10C7E0000B4620462946FAF7A7FA02460B46FAF707
:10C7F000A5FA02460B4630463946FAF79DFA4FEA4B
:10C80000A97303F002030446C3F101000D46FAF7D1
:10C81000E1FB02460B4620462946FAF745FC064650
:10C820000F463046394607B0BDE8F08F01F10043AE
:10C830001D460BF100439B4665E620462946FFF75F
:10C8400047F902460B4600200449FAF757FD064611
:10C850000F465BE726462F4658E700BF0000F03F33
:10C860002DE9F84FC44E21F00043B34204460D4673
:10C870000DD903F1404303F58013034340F0B98021
:10C88000002940F3C08000200021BDE8F88FBB4E96
:10C89000B34208D8BA4A934200F2BA809CA1D1E9C7
:10C8A0000001BDE8F88F0029C0F2708102460B46F6
:10C8B0000020B449FAF740FAB34B0022FAF7F4FB30
:10C8C00004460D46FFF7C0F993A3D3E90023894638
:10C8D000804629462046FAF7E7FB91A3D3E90023D7
:10C8E000FAF72CFA22462B46FAF7DEFB8EA3D3E9A1
:10C8F0000023FAF721FA22462B46FAF7D5FB8CA340
:10C90000D3E90023FAF71AFA22462B46FAF7CCFBB2
:10C9100089A3D3E90023FAF70FFA22462B46FAF748
:10C92000C3FB87A3D3E90023FAF708FA22462B4674
:10C93000FAF7BAFB84A3D3E9002382468B4620464C
:10C940002946FAF7B1FB82A3D3E90023FAF7F4F9F9
:10C9500022462B46FAF7A8FB7FA3D3E90023FAF778
:10C96000EDF922462B46FAF79FFB7DA3D3E900237E
:10C97000FAF7E2F922462B46FAF796FB814B0022A2
:10C98000FAF7DCF902460B4650465946FAF7B6FC70
:10C9900042464B46FAF788FB002682468B463246D3
:10C9A0004B4630464946FAF77FFB02460B46204687
:10C9B0002946FAF7C1F9324604460D464B46404631
:10C9C0004946FAF7BBF902460B4620462946FAF7D4
:10C9D00095FC02460B4650465946FAF7AFF93246E7
:10C9E0004B46FAF7ABF902460B46FAF7A7F9BDE852
:10C9F000F88F02460B46FAF79FF902460B46FAF704
:10CA00007DFCBDE8F88F58A1D1E90001BDE8F88FA1
:10CA100002460B46FAF748FB3FA3D3E9002306463C
:10CA20000F46FAF741FB3EA3D3E90023FAF786F954
:10CA300032463B46FAF738FB3BA3D3E90023FAF72B
:10CA40007BF932463B46FAF72FFB39A3D3E90023A3
:10CA5000FAF774F932463B46FAF726FB36A3D3E9D8
:10CA60000023FAF769F932463B46FAF71DFB34A377
:10CA7000D3E90023FAF762F932463B46FAF714FB92
:10CA800031A3D3E900238046894630463946FAF778
:10CA90000BFB2FA3D3E90023FAF74EF932463B46AE
:10CAA000FAF702FB2CA3D3E90023FAF747F9324641
:10CAB0003B46FAF7F9FA2AA3D3E90023FAF73CF93F
:10CAC00032463B46FAF7F0FA2E4B0022FAF736F9D7
:10CAD00002460B4640464946FAF710FC22462B46D2
:10CAE000FAF7E2FA02460B4621A1D1E90001FAF772
:10CAF00023F902460B4620462946FAF71DF902465D
:10CB00000B4603A1D1E90001FAF716F9BDE8F88F49
:10CB1000182D4454FB21F93F09F7FD0DE13D023F7B
:10CB200088B20175E0EF493F3B8F68B52882A43F8A
:10CB30005544880E55C1C93F7D6FEB0312D6D43FD3
:10CB4000555555555555C53F82922EB1C5B8B33F81
:10CB500059018D1B6C06E63FC88A599CE52A0040A6
:10CB60004B2D8A1C273A0340182D4454FB210940C1
:10CB7000075C143326A6913CFFFFEF3FFFFFDF3F2A
:10CB80000000603C0000F03F0000E03F5E4B0022F0
:10CB9000FAF7D4F85D4B0022FAF786FA42A3D3E9FC
:10CBA000002304460D46FAF77FFA41A3D3E9002398
:10CBB000FAF7C4F822462B46FAF776FA3EA3D3E9F1
:10CBC0000023FAF7B9F822462B46FAF76DFA3CA390
:10CBD000D3E90023FAF7B2F822462B46FAF764FAB3
:10CBE00039A3D3E90023FAF7A7F822462B46FAF730
:10CBF0005BFA37A3D3E90023FAF7A0F822462B46C5
:10CC0000FAF752FA34A3D3E9002306460F4620462A
:10CC10002946FAF749FA32A3D3E90023FAF78CF848
:10CC200022462B46FAF740FA2FA3D3E90023FAF75E
:10CC300085F822462B46FAF737FA2DA3D3E90023CD
:10CC4000FAF77AF822462B46FAF72EFA2E4B0022F4
:10CC5000FAF774F88046894620462946FEF7F4FF25
:10CC6000424604460D464B4630463946FAF746FBE7
:10CC700022462B46FAF718FA1FA3D3E90023FAF746
:10CC80005BF822462B46FAF759F802460B46FAF7AC
:10CC900055F802460B461AA1D1E90001FAF74CF803
:10CCA000BDE8F88FAFF3008009F7FD0DE13D023FCD
:10CCB00088B20175E0EF493F3B8F68B52882A43FF9
:10CCC0005544880E55C1C93F7D6FEB0312D6D43F42
:10CCD000555555555555C53F82922EB1C5B8B33FF0
:10CCE00059018D1B6C06E63FC88A599CE52A004015
:10CCF0004B2D8A1C273A0340075C143326A6913C2F
:10CD0000182D4454FB2109400000F03F0000E03F93
:10CD10002DE9F84F994653425F4F134329F0004ED7
:10CD20004EEAD373BB42904604460D463DD8464278
:10CD3000064321F0004A4AEAD676BE4203468B46B5
:10CD400033D809F1404606F5801616433DD04FEA28
:10CD5000A97606F002065AEA030346EAD1762CD0F9
:10CD60005EEA020235D0BE4546D0BA4531D0AAEBC4
:10CD70000E0ABAF1747F4FEA2A5339DAB9F1000F7B
:10CD800046DA3C3344DA00200021012E58D0022E2E
:10CD900049D086B134A3D3E90023F9F7CDFF34A3FA
:10CDA000D3E90023F9F7C8FF05E022462B464046A9
:10CDB0004946F9F7C3FFBDE8F88F022E10D0032EC5
:10CDC000F9D12DA1D1E90001F5E7BDE8F84F01F057
:10CDD0002BB8BBF1000F07DB29A1D1E90001EAE77D
:10CDE00023A1D1E90001E6E727A1D1E90001E2E7AB
:10CDF00023A1D1E90001C8E7F24506F1FF3623D0AF
:10CE0000022E29D8254B03EBC603D3E90001D2E754
:10CE100042464B4620462946FAF770FAFEF758FE7E
:10CE200001F002F8B1E710A3D3E90023F9F784FF7A
:10CE300002460B460EA1D1E90001F9F77DFFBAE7E2
:10CE400001F100431946B6E7022E08D8144B03EB54
:10CE5000C603D3E90001AEE700200021ABE70CA137
:10CE6000D1E90001A7E700BF075C143326A6A13C67
:10CE7000182D4454FB210940182D4454FB2109C0AE
:10CE8000182D4454FB21F93F182D4454FB21F9BFC0
:10CE9000182D4454FB21E93F0000F07FA86E0308E1
:10CEA000C06E0308000000002DE9F04F23F000479A
:10CEB000044657EA020093B092469B460D4610D1B5
:10CEC0002319824985F4002252419842914121D28E
:10CED00052465B4620462946F9F730FF13B0BDE8BD
:10CEE000F08F98467A4B0E4621F00041994200910E
:10CEF000A14614D906F1404606F5801656EA090601
:10CF0000E6D15346DB1871498BF4002252419E4210
:10CF10009141DDD36F49002013B0BDE8F08F14D0EC
:10CF20009F42E7D8009B00F0B780002E15DB002A57
:10CF300040F0A48067498F4240F0CA83B8F1000FE7
:10CF4000C0F2BF8420462946C8E7002CC0D18F42DA
:10CF5000BED800F0F283009BE7E75F498F4200F202
:10CF6000C6835E498F420DD93915A1F2FF311429CC
:10CF700040F38E84C1F1340122FA01F000FA01F18C
:10CF8000914236D0002A45D1B8F1804F3BD0029271
:10CF9000204629460493FEF79BFD049BB9F1000F40
:10CFA00043D0DDF808C0F20F013A52EA0C0C00F051
:10CFB0008A80029C013C224314BF464D484D002408
:10CFC000B7F1844FCDE9064540F28E80454B009A7B
:10CFD0009F42424B40F2E8839A4200F29484B8F1B7
:10CFE000000FC0F29484002013B0BDE8F04F01F0B0
:10CFF00039B900F00100C0F102010291002A3FD1CD
:10D00000B8F1804FC4D122462B4620462946FAF774
:10D010004BF863E7204629460293FEF759FD029B31
:10D02000B9F1000F4FD1CDF808902A4A26F0404CB4
:10D03000944502D0009A002AB3D1B8F1000F05DA66
:10D0400002460B4600202349FAF758F9002EBFF696
:10D0500045AF009B03F1404A029B0AF5801A5AEA49
:10D06000030A40F0368402460B4610461946F9F78B
:10D0700063FE02460B46FAF741F92FE700220292BF
:10D08000204629460493FEF723FD049BB9F1000FC7
:10D09000CBD0F20F013A8CE7002A7FF42BAF009B34
:10D0A00003F1404303F5801323433FF433AF0B4BAD
:10D0B000009A9A4240F2DF83B8F1000FC0F249842F
:10D0C000504659460AE722462B46CEE70000F0FFBD
:10D0D0000000F07F0000F03FFFFF3F43FFFFEF3F06
:10D0E0000000F0BF0000F043D74A3240002A40F071
:10D0F0002883D64B0022F9F7D7FF6FF034040B4694
:10D100001A15A2F2FF321519D14A0B95C3F3130376
:10D1100043F07F54934244F4401407DDCD4A9342D8
:10D1200040F3E08301350B95A4F580140022002321
:10D13000CDE90823CDE91023C74B0022CDE9042314
:10D140000025DDE9042321468046F9F7F5FDA146D7
:10D15000DDE9042306460F4640462146CDE90C8909
:10D16000F9F7ECFD02460B460020BB49FAF7C6F87A
:10D170000A460146CDE90E121346394602463046AC
:10D18000F9F792FF0A4601464FF0000CCDE9021272
:10D190001146CDE900016410CDF800C0DDE9008939
:10D1A00044F0005404F500230020591904460D46AC
:10D1B00002460B4640464946F9F776FF02460B46C3
:10D1C00030463946F9F7B8FDDDE9042306460F4637
:10D1D00020462946F9F7B0FD02460B46DDE90C0171
:10D1E000F9F7AAFD42464B46F9F75EFF02460B46A9
:10D1F00030463946F9F7A0FDDDE90E23F9F754FF73
:10D20000DDE90245CDE9040122462B4620462946A8
:10D21000F9F74AFF7AA3D3E9002304460D46F9F74C
:10D2200043FF79A3D3E90023F9F788FD22462B4673
:10D23000F9F73AFF76A3D3E90023F9F77FFD2246F9
:10D240002B46F9F731FF74A3D3E90023F9F776FDF4
:10D2500022462B46F9F728FF71A3D3E90023F9F7FB
:10D260006DFD22462B46F9F71FFF6FA3D3E900237C
:10D27000F9F764FD224606460F462B46204629460E
:10D28000F9F712FF02460B4630463946F9F70CFF14
:10D29000424604460D464B46DDE90201F9F74EFDD4
:10D2A000DDE90423F9F700FF22462B46F9F746FD96
:10D2B000424604460D464B4640464946F9F7F4FEC1
:10D2C000664B002206460F46F9F738FD22462B46EC
:10D2D000CDE90C45F9F732FD00240D4622462B46D8
:10D2E00040464946F9F7E0FE5C4B804689460022FD
:10D2F00020462946F9F720FD32463B46F9F71CFD4A
:10D3000002460B46DDE90C01F9F716FDDDE90223C3
:10D31000F9F7CAFE224606460F462B46DDE9040110
:10D32000F9F7C2FE02460B4630463946F9F706FDCC
:10D3300006460F4602460B4640464946F9F7FEFCB4
:10D3400000243BA3D3E9002320460D46F9F7ACFEA9
:10D3500042464B468046894620462946F9F7ECFC72
:10D3600002460B4630463946F9F7E6FC32A3D3E9CC
:10D370000023F9F799FE32A3D3E9002306460F46AE
:10D3800020462946F9F790FE02460B4630463946BC
:10D39000F9F7D4FCDDE91023F9F7D0FC06460B9829
:10D3A0000F46F9F717FE324604460D463B46404607
:10D3B0004946CDE90289F9F7C1FCDDE90823F9F70F
:10D3C000BDFC22462B46F9F7B9FC002022462B462D
:10D3D00080468946F9F7B0FCDDE90823F9F7ACFC93
:10D3E000DDE90223F9F7A8FC02460B463046394630
:10D3F000F9F7A2FCCDE9020132E000BFAFF30080F3
:10D40000EF4E454A287ECA3F65DBC9934A86CD3F29
:10D4100001411DA96074D13F4D268F515555D53F0F
:10D42000FFAB6FDBB66DDB3F033333333333E33FA7
:10D43000000000E009C7EE3FFD033ADC09C7EE3FFC
:10D44000F5015B14E02F3EBE0000F07F000040437A
:10D450008E98030079B60B000000F03F00000840F2
:10D460000023CDE900AB0093DDE900675946324661
:10D470003B465046F9F760FC42464B46F9F714FE2E
:10D480005B4604460D465246DDE90201F9F70CFE03
:10D4900002460B4620462946F9F750FC3246044620
:10D4A0000D463B4640464946F9F7FEFD0B4602460F
:10D4B00006460F4620462946F9F740FCB44B9942F0
:10D4C000A046A94604460D468B4640F3168101F15D
:10D4D0003F4303F5E003034340F01F829AA3D3E9DF
:10D4E000002340464946F9F729FC3246CDE90001C0
:10D4F0003B4620462946F9F71FFC02460B46DDE96C
:10D500000001FAF761F8002840F007824FF4007339
:10D510005B44C3F30A529F4CA2F2FF32C3F31301E0
:10D52000144141F48011C2F1140241FA02FA0020C0
:10D5300004EA0301BBF1000F02460B4630463946B0
:10D54000B8BFCAF1000AF9F7F7FB02460B460646D8
:10D550000F4640464946F9F7F1FB4FEA0A5B0D4694
:10D5600000247BA3D3E9002320462946F9F79CFD3C
:10D570003246CDE900013B4620462946F9F7DCFB5F
:10D5800002460B4640464946F9F7D6FB72A3D3E95B
:10D590000023F9F789FD72A3D3E9002306460F465D
:10D5A00020462946F9F780FD02460B4630463946AB
:10D5B000F9F7C4FBDDE9008906460F4602460B4633
:10D5C00040464946F9F7BAFB42464B4604460D46EB
:10D5D000F9F7B2FB02460B4630463946F9F7ACFB89
:10D5E0002246804689462B4620462946F9F75CFDAF
:10D5F0005DA3D3E9002306460F46F9F755FD5CA36A
:10D60000D3E90023F9F798FB32463B46F9F74CFD86
:10D6100059A3D3E90023F9F791FB32463B46F9F7CA
:10D6200043FD57A3D3E90023F9F786FB32463B4677
:10D63000F9F73AFD54A3D3E90023F9F77FFB32460B
:10D640003B46F9F731FD02460B4620462946F9F7DD
:10D6500073FB06460F4602460B4620462946F9F75D
:10D6600023FD0022CDE900014FF0804330463946CA
:10D67000F9F762FB02460B46DDE90001F9F73EFED1
:10D68000424606460F464B4620462946F9F70CFD12
:10D6900042464B46F9F752FB02460B4630463946A6
:10D6A000F9F74AFB22462B46F9F746FB02460B46A2
:10D6B00000203949F9F740FB0C465C44B4F5801F63
:10D6C000C0F235812146DDE90623F9F7EDFC05E4DA
:10D6D000B8F1804F3FF497AC304988457FF457ACA0
:10D6E0002046294613B0BDE8F04FFEF7ADBA002A38
:10D6F00000F0338102220292C2E4DFF8A4C021F0DC
:10D700000043634540F2D580264B0B4403430AD1C6
:10D7100032463B46F9F710FB42464B46F9F74AFFC3
:10D7200000283FF4F3AEDDE9060100220023F9F7FB
:10D730002DFF003818BF012056E4002A7FF4C8AB43
:10D74000B5E40024DCE400BFFE822B654715973C5E
:10D7500000000000432EE63FEF39FAFE422EE63F7E
:10D76000396CA80C615C20BED0A4BE726937663EDD
:10D77000F16BD2C541BDBB3E2CDE25AF6A56113FD1
:10D7800093BDBE166CC1663F3E5555555555C53FB8
:10D79000FFFF8F400000F0FF0000F03F0000E03F7F
:10D7A000FFCB904000346F3F9A42C0F0C480009A93
:10D7B0008D4B9A424FF0000200F2D7808A4BF9F766
:10D7C000BBFA7DA3D3E9002304460D46F9F76CFCB0
:10D7D0007BA3D3E9002306460F4620462946F9F7E6
:10D7E00063FC824B80468946002220462946F9F791
:10D7F0005BFC02460B4674A1D1E90001F9F79CFAE3
:10D8000022462B46F9F750FC02460B460020784989
:10D81000F9F792FA2246CDE900012B462046294627
:10D82000F9F742FC02460B46DDE90001F9F73CFC42
:10D8300067A3D3E90023F9F737FC02460B464046BD
:10D840004946F9F779FA02460B4604460D4630463A
:10D850003946F9F773FA002032463B46804689463E
:10D86000F9F76AFA02460B4620462946F9F764FAA8
:10D87000CDE90201F4E5B8F1000F4FF000004FF0E0
:10D880000001BFF62BAB50460BF10041FFF726BB62
:10D89000002A7FF4BFABC1F1140147FA01F000FA8E
:10D8A00001F1B9426ED050498F423FF447ABFFF7C8
:10D8B0006BBB4F4A934274D8DDE9002393469246EE
:10D8C0004EE622462B4648490020F9F717FDFFF7A0
:10D8D00005BB029B012B7FF401AB01F1004319460C
:10D8E000FFF7FCBA3CA3D3E90023CDE908233CA30E
:10D8F000D3E90023CDE910233E4B0022CDE90423D8
:10D900004FF480251DE4B8F1000F7FF76CAB0020C9
:10D9100013B0BDE8F04F00F0ABBCDDE9060100221A
:10D920000023F9F733FE003818BF0120F0E7524614
:10D9300000F006FCC7E6DDE9060100220023F9F746
:10D9400025FE003818BF0120B8F1000FBFF64CAB20
:10D95000DEE700200021FFF7C1BAB8F1804F3FF4A5
:10D9600052AB02220292FFF713BBDDE9060100234E
:10D97000F9F70CFE003818BF0120B8F1000FC7DC22
:10D98000FFF732BB184A97423FF4D8AAB8F1804F4C
:10D990003FF439AB00F00100C0F102020292FFF740
:10D9A000F7BA1B15A3F2FE334FF4801242FA03F3C9
:10D9B000AEE500BFAFF30080000000604715F73F01
:10D9C00044DF5DF80BAE543E555555555555D53F82
:10D9D000FE822B654715F73F0000004003B8E23F89
:10D9E00006D0CF43EBFD4C3E0000F03F0000D03F9F
:10D9F0000000E03F0000F83F2DE9F04F964B21F08A
:10DA000000449C428FB006460F46914640F28C80FF
:10DA1000924B9C428A4628D8002985A3D3E900234B
:10DA200040F3AD81F9F788F98D4B9C4206460F46CD
:10DA300000F08A8080A3D3E90023F9F77DF904463A
:10DA40000D4622462B4630463946F9F775F97AA33A
:10DA5000D3E90023F9F770F9C9E90201C9E90045E2
:10DA6000012528460FB0BDE8F08F7E4B9C4240F266
:10DA700085807D4B9C4202465ED84FEA2458A8F22E
:10DA80001648A4EB08573946F9F7D0FEF9F7A2FA81
:10DA900002460B4630463946CDE90823F9F74CF9E2
:10DAA000724B0022F9F700FB0F460646F9F7BEFE5F
:10DAB000F9F790FA02460B4630463946CDE90A237B
:10DAC000F9F73AF9694B0022F9F7EEFACDE90C01C2
:10DAD0000EAD03240026002775E9020132463B46BD
:10DAE000A346013CF9F748FD0028F5D1604B0193AE
:10DAF0000223009342465B46494608A800F0BEFB5D
:10DB0000BAF1000F0546ACDAD9E9002101F1004372
:10DB1000D9F80C10C9E90023D9F8082001F1004315
:10DB2000C9E9022345429CE700220023C9E90067B6
:10DB3000C9E90223002594E70B46F9F7FDF8C9E986
:10DB40000201C9E90001F5E73DA3D3E90023F9F794
:10DB5000F3F83DA3D3E9002306460F46F9F7ECF8A6
:10DB600004460D4622462B4630463946F9F7E4F87E
:10DB700035A3D3E90023F9F7DFF86DE7FDF7A8FF38
:10DB800033A3D3E9002306460F46F9F78DFA394B44
:10DB90000022F9F7D3F8F9F749FE0546F9F71AFA22
:10DBA00002460B46CDE9062321A3D3E90023F9F76A
:10DBB0007BFA02460B4630463946F9F7BDF81EA3FC
:10DBC000D3E90023CDE90201DDE90601F9F76CFA9A
:10DBD0001F2D06460F46CDE904674FDC264B6A1E13
:10DBE00053F82230A34249D002460B46DDE9020138
:10DBF000F9F7A2F806460F4632463B46C9E90067E8
:10DC0000DDE90201F9F798F8DDE90423F9F794F862
:10DC1000BAF1000FC9E90201BFF623AF07F10043D3
:10DC2000C9E9006301F10043C9E902036D4218E745
:10DC300000004054FB21F93F3163621A61B4D03DCA
:10DC40000000601A61B4D03D7370032E8A19A33BA3
:10DC500083C8C96D305FE43FFB21E93F7BD90240B7
:10DC6000FB21F93FFB213941FFFFEF7F00007041AD
:10DC7000586F03080000E03FD86E0308DDE9042375
:10DC8000DDE90201F9F758F8C1F30A53C3EB145365
:10DC9000102B4FEA245806460F46ADDD56A3D3E9B4
:10DCA0000023DDE90601F9F7FFF906460F460246B3
:10DCB0000B46DDE90201F9F73FF803460C461A4628
:10DCC000DDE90201CDE902342346F9F735F83246A1
:10DCD0003B46F9F731F84AA3D3E9002306460F463D
:10DCE000DDE90601F9F7E0F932463B46F9F724F899
:10DCF0000B460246DDE90201CDE90423F9F71CF8E1
:10DD0000C1F30A53A8EB0308B8F1310F06460F46DA
:10DD10007FF772AF3CA3D3E90023DDE90601F9F7F1
:10DD2000C3F906460F4602460B46DDE90201F9F744
:10DD300003F802460B46DDE90201CDE90223F8F7BC
:10DD4000FBFF32463B46F8F7F7FF31A3D3E9002348
:10DD500006460F46DDE90601F9F7A6F932463B46CD
:10DD6000F8F7EAFF03460C46CDE9043402460B46B9
:10DD7000DDE90201F8F7E0FF06460F463CE7F8F759
:10DD8000DDFF274B9C4206460F4618D022A3D3E95D
:10DD90000023F8F7D3FF04460D4622462B463046B3
:10DDA0003946F8F7C9FF1CA3D3E90023F8F7C6FFEB
:10DDB000C9E90045C9E902014FF0FF3551E60EA35C
:10DDC000D3E90023F8F7BAFF0DA3D3E900230646F1
:10DDD0000F46F8F7B3FF04460D4622462B46304661
:10DDE0003946F8F7A9FF06A3D3E90023F8F7A6FF01
:10DDF000DEE700BFAFF300800000601A61B4D03DE1
:10DE00007370032E8A19A33B0000002E8A19A33BCE
:10DE1000C14920259A837B393163621A61B4D03DB0
:10DE2000FB21F93F000000002DE9F84FBA4B21F02B
:10DE300000469E4204460D468A4616D9B74B9E427E
:10DE40000BD808D0BAF1000F40F3C28096A1D1E9F7
:10DE50000001BDE8F88F0028F4D022462B4620466A
:10DE60002946F8F76BFFBDE8F88FAD4B9E4200F2F4
:10DE7000B480A3F1DE739E4240F29B804FF0FF3BE3
:10DE800022462B4620462946F9F70EF902460B4654
:10DE900080468946F9F708F985A3D3E900230646A9
:10DEA0000F46F9F701F984A3D3E90023F8F746FFF9
:10DEB00032463B46F9F7F8F881A3D3E90023F8F797
:10DEC0003DFF32463B46F9F7EFF87FA3D3E9002345
:10DED000F8F734FF32463B46F9F7E6F87CA3D3E97E
:10DEE0000023F8F72BFF32463B46F9F7DDF87AA31B
:10DEF000D3E90023F8F722FF42464B46F9F7D4F85E
:10DF000077A3D3E900238046894630463946F9F79E
:10DF1000CBF875A3D3E90023F8F70EFF32463B4652
:10DF2000F9F7C2F872A3D3E90023F8F705FF3246E8
:10DF30003B46F9F7B9F870A3D3E90023F8F7FCFEE4
:10DF400032463B46F9F7B0F86DA3D3E90023F8F762
:10DF5000F3FE32463B46F9F7A7F802460B46404629
:10DF60004946F8F7EBFE22462B46F9F79DF8BBF140
:10DF7000FF3F02460B4652D06A4B6B4E03EBCB037E
:10DF8000D3E90023F8F7D8FE22462B46F8F7D4FE53
:10DF900006EBCB0602460B46D6E90001F8F7CCFEAD
:10DFA000BAF1000FBFF65FAF01F100431946BDE8BB
:10DFB000F88F55A3D3E90023F8F7C0FE5B4B00228E
:10DFC000F9F702FB00283FF459AF204629464AE7FB
:10DFD0004FA1D1E90001BDE8F88FFDF779FD544B61
:10DFE0009E4204460D4620D8A3F550239E4247D9B1
:10DFF0004E4B0022F8F7A0FE4C4B06460F464FF062
:10E00000010B204629460022F8F798FE02460B46EF
:10E0100030463946F9F772F904460D4630E7204696
:10E020002946F8F789FEBDE8F88F424B9E421CD284
:10E03000414B0022F8F780FE02460B462046294657
:10E0400014461D4600223C4BF9F72EF8374B0022B0
:10E05000F8F774FE02460B4620462946F9F74EF9BA
:10E060004FF0020B04460D460AE702460B4600201D
:10E070003249F9F743F94FF0030B04460D46FFE62A
:10E0800002460B46F8F75AFE284B0022F8F754FEDA
:10E090004FF0000B06460F462046294600224FF05F
:10E0A0008043B1E7AFF30080182D4454FB21F93FC2
:10E0B00011DA22E33AAD903FEB0D76244B7BA93F7A
:10E0C000513DD0A0660DB13F6E204CC5CD45B73F48
:10E0D000FF8300922449C23F0D5555555555D53FF4
:10E0E0002F6C6A2C44B4A2BF9AFDDE522DDEAD3FE8
:10E0F0006D9A74AFF2B0B33F711623FEC671BC3F88
:10E10000C4EB98999999C93F9C7500883CE4377E87
:10E11000182D4454FB21F9BFFFFF0F440000F07F8E
:10E12000FFFFDB3F60700308807003080000F03FD2
:10E13000FFFFF23F008003400000F83F0000F0BF07
:10E1400070B51646C1F30A5204460D460B465ABB3B
:10E1500021F00043034326D02D4B0022F8F7A4FF03
:10E160002C4B9E4204460D4643DBC1F30A520B463C
:10E17000363A4CF250318E421EDC164440F2FE72AA
:10E18000964219DC002E23DC16F1350F28DB23F034
:10E19000FF4323F4E003363643EA065120461E4B84
:10E1A0000022F8F781FF70BD40F2FF7C6245E0D1AC
:10E1B0000246F8F7C3FD70BD11A3D3E90023ED0FAC
:10E1C0001C4665F3DF7421461448F8F76DFF70BDF7
:10E1D00023F0FF4323F4E003204643EA065170BDD9
:10E1E00005F0004343F0D27141F4B7310C4841F0DF
:10E1F0001F0105A3D3E90023F8F756FF70BD00BF48
:10E200009C7500883CE4377E59F3F8C21F6EA50167
:10E2100000005043B03CFFFF0000903C9C7500881C
:10E2200059F3F8C2D0B506460F46144601F004FB78
:10E230000346394630461C60D0BD00BF10B50446C9
:10E2400082B0104619460CB103F10043CDE900231A
:10E25000DDE90023F8F728FF222202B0BDE81040D4
:10E26000FFF7E0BF00224FF08053FFF7E7BF00BF8A
:10E2700000224FF0E043FFF7E1BF00BF2DE9F04F70
:10E28000ADF51B7D9E460D91BD4BA49953F82130F1
:10E29000079312F1140F0EF1FF3382460593C0F27B
:10E2A0004383B849D31E81FB0301DB17C3EBA103F2
:10E2B0000A930133A3EB8303DB00D6180A9A0EF10D
:10E2C000FF33D71A079A12EB030921D409F1010988
:10E2D000B9440DF188080096DDF894B24E4600244A
:10E2E000C1460025F04608E05BF82700F8F772FE0B
:10E2F0000137B742E9E8020108D0002FF4DA01370C
:10E3000020462946B742E9E80201F6D1009EC646FA
:10E31000079B002BAAF108030693B8BF4FEACE076C
:10E3200037DB22AADDF81490029602EBCE0A4FEA00
:10E33000CE07079ACDE908E70DF5E47B724403EBBD
:10E34000CE084B460092D9469B46059B002BC0F257
:10E35000A981069E57460024002577E90223F6E9A5
:10E360000201F8F7A1FE02460B4620462946F8F7BF
:10E37000E5FC464504460D46EFD1009B0BF1010B31
:10E380009B45E9E802450AF1080ADED1DDE908E724
:10E39000029E069B079A009203EB070B0EAB03EB62
:10E3A0008203043B0B930EAB03EB8207CDF830E006
:10E3B000009A9AAB03EBC203002A53E928452DDDEE
:10E3C0000DF5E47A0AEBC2080DF1380902960897B8
:10E3D0006D4B002220462946F8F766FEF9F726FA2B
:10E3E000F8F7F8FD694B002206460F46F8F75CFE89
:10E3F00002460B4620462946F8F79EFCF9F716FA26
:10E4000078E9022349F8040B39463046F8F796FCC0
:10E41000D04504460D46DBD1029E089F2046294682
:10E420003246FFF78DFE00224FF07F5304460D4623
:10E43000F8F73AFEFDF7F8FC554B0022F8F734FEEA
:10E4400002460B4620462946F8F776FC0D46044660
:10E45000F9F7ECF98246F8F7BDFD02460B46204677
:10E460002946F8F769FC002E8046894640F39280E1
:10E47000009B0EAA581EC6F1180352F8202042FA3B
:10E4800003F404FA03F3D21AC6F117010EAB42FAF1
:10E4900001F5002D43F82020A24400F3EA80002279
:10E4A000002340464946F9F767F8002800F0448207
:10E4B000009B079A93420CDD0EAA02EB8303002215
:10E4C00053F8041DBB4242EA0102F9D1002A40F090
:10E4D000F080079B0EAA013B52F82330002B40F03E
:10E4E000DC800B9A012352F8041D01330029FAD075
:10E4F000009A134402F101080A9A0099089608EB61
:10E50000020A0AF1804AA59A02930AF1FF3A02EB45
:10E510008A0A0C9A09970A4422A800EBC20972AA37
:10E5200002EBC10200925AF8040FF8F753FD059B65
:10E53000002BE9E8020120DB069E4F46002400255F
:10E5400077E90223F6E90201F8F7AEFD02460B4631
:10E5500020462946F8F7F2FB5E4504460D46EFD10A
:10E56000009BE3E902450093029B08F101089845EE
:10E57000D9DDDDE9086700931AE700240025EFE7FD
:10E58000E0700308ABAAAA2A0000703E00007041A8
:10E590000000204064D1009B0EAA013B52F823509A
:10E5A000ED15002D7FF77BAF009B002B0AF1010AD0
:10E5B00040F348820021CDE90289DDF800E00EA891
:10E5C0000C466FF07F4C0FE001318E4542F8049C01
:10E5D0006BDD136808300131ACEB03038E454FF05F
:10E5E000010440F8043C0BDD024652F8043BACBB8E
:10E5F000C3F18079002BE7D101318E451046F3DC61
:10E60000DDE90289002E0DDD012E3BD0022E09D15D
:10E61000009B5A1E0EAB0EA953F82230C3F315030C
:10E6200041F82230022D7FF43AAF42464B46BA49B8
:10E630000020F8F781FB80468946002C3FF42FAF7D
:10E640003246B5490020FFF77BFD02460B464046A7
:10E650004946F8F771FB8046894620E71046BAE73D
:10E66000AE4B0022F8F7A6FF002840F04381054694
:10E6700015E7009B002B0AF1010AD8BF002499DCA2
:10E68000012EC3D1009B5A1E0EAB0EA953F82230A7
:10E69000C3F3160341F82230C4E7009B03F10108DD
:10E6A000434629E70024002567E6DDE902890124C5
:10E6B000A8E7009A0EAB541ECDE9055A53F8243052
:10E6C000183E5BB902F18043013B0EAA02EB8303C3
:10E6D00053F8042D013C183E002AF9D032468E49E9
:10E6E0000020FFF72DFD002C06460F46C0F2B0813A
:10E6F00004F1010A0EAB03EB8A054FEACA0272ABC2
:10E70000DFF81C9203EBCA0A4FF00008934655F855
:10E71000040DF8F75FFC32463B46F8F7C5FC4B4664
:10E720006AE90201424630463946F8F7BDFC0EABB5
:10E730009D4206460F46EAD1ABF1080372A95A463C
:10E7400001EB030A0DF594784FF00009CDE908427A
:10E7500043465246A346CA46DDF81C90CDF81C80BD
:10E76000B9F1000FC0F2E580DFF8B88100921746DA
:10E77000002600240025029301E0564510DCF8E94C
:10E780000223F7E80201F8F78FFC02460B46204609
:10E790002946F8F7D3FA0136B14504460D46ECDABE
:10E7A000009A029B0BF1FF3BBBF1FF3FE3E8024500
:10E7B0000AF1010AA2F10802D2D1A49BDDF81C8063
:10E7C000022BDDE908421CDC002B00F3E48011D1B0
:10E7D00008EB02040020002174E90223F8F7AEFAE6
:10E7E0004445F9D1059B13B101F1004319460D9B36
:10E7F000C3E90001069B03F007000DF51B7DBDE892
:10E80000F08FA49B032BF5D1002C00F0318108EB95
:10E81000C4054FEAC40AD5E90067CDE907A500950C
:10E82000A946029459E902453046394622462B460C
:10E83000F8F784FAB246BB4606460F4632463B46D8
:10E8400020462946F8F778FA52465B46F8F776FAFA
:10E85000C9E9000169E90267C145E3D1029C012CC5
:10E86000DDE907A500F00481D5E90045009E08F127
:10E87000080B474656E902892046294642464B4640
:10E88000CDE90045F8F75AFA04460D4622462B46D4
:10E8900040464946F8F750FADDE90023F8F74EFA0A
:10E8A000C6E9000166E90245B345E3D10AF108046F
:10E8B000B8463C4407F110050020002174E902230A
:10E8C000F8F73CFAA542F9D1059BD8E90278DDE9D1
:10E8D0004A45002B40F086800D9BC3E90401C3E943
:10E8E0000045C3E90278069B03F007000DF51B7D88
:10E8F000BDE8F08F009B002B0AF1010AC8BF02257A
:10E900003FF758AE42464B46022503490020F8F730
:10E9100013FA80468946C2E50000F03F0000E03F60
:10E920000000703E9870030800216FF017030A91F1
:10E93000C3E40024002535E7404649467242CDE94C
:10E94000055AFFF7FDFB544B002280468946F8F735
:10E9500031FE00283CD0514B009F002240464946E2
:10E96000F8F7A2FBF8F762FF0546F8F733FB4A4BCE
:10E970000022F8F799FB0B46024649464046F8F755
:10E98000DBF9F8F753FF7C1C0EAB183643F8270071
:10E9900043F82450A2E608EB02050026002775E99B
:10E9A000022330463946F8F7C9F9454506460F4671
:10E9B000F5D13B46DDE94A013246F8F7BDF9059B42
:10E9C0002BB30D9D07F10043C5E900631CBB2CE090
:10E9D00040464946F8F72AFF009B0EAA1C4642F81B
:10E9E00023007BE6264605F100440D9D08F1004317
:10E9F000C5E9027301F10043C5E90403069B03F076
:10EA00000700C5E900640DF51B7DBDE8F08F0D9B87
:10EA1000C3E9006764B10125F8E902230135F8F77D
:10EA20008DF9AC42F8DA059B13B101F100431946A8
:10EA30000D9BC3E90201069B03F007000DF51B7D4A
:10EA4000BDE8F08F022D7FF42AAD02460B465CE74D
:10EA5000A49B022B06DC002B0DDC7FF4CBAE002048
:10EA60000021BFE6A49B032B7FF4C4AE0DF5947880
:10EA70000020002128E7059BDDE94A0133B10D9C08
:10EA800000224FF00043C4E90023CEE70D9C002292
:10EA90000023C4E90023CBE7000070410000703E72
:10EAA00008B5062000F0AAFA0120D4F7CFFF0A2209
:10EAB000002100F009B90A22002100F005B9000088
:10EAC00010B5034B0446196800F0B0FF204610BD96
:10EAD00060030020164B10B51C68236BB3B91820D7
:10EAE00000F0D8FF0246206320B9124B1248522191
:10EAF000E8F795FE1149124BC0E90013114B8360F2
:10EB00000B23838100210120C2E90401216B0E48FF
:10EB10000B694C690D4A584302FB0400A3FB023207
:10EB2000013340EB0200C1E9043020F0004010BD89
:10EB300060030020F0700308077103080E33CDABAB
:10EB400034126DE6ECDE05002DF451582D7F954C06
:10EB5000164B10B51C68236BB3B9182000F09AFF50
:10EB60000246206320B9124B12484C21E8F757FEA9
:10EB70001149124BC0E90013114B83600B238381B1
:10EB800000210120C2E90401216B0E480B694C6988
:10EB90000D4A584302FB0400A3FB0232013340EB51
:10EBA0000200C1E9043020F0004010BD60030020E5
:10EBB000F07003087C7103080E33CDAB34126DE6A0
:10EBC000ECDE05002DF451582D7F954C242B2DE9BA
:10EBD000F0478646904601D8012B06D100F02CFE66
:10EBE000162303600020BDE8F08736480D462A460C
:10EBF00015F8014B065D16F00806F8D12D2C24D12E
:10EC00002C780126951C2BBB302C30D00A2306F122
:10EC1000004C0CF1FF3C0022BCFBF3F9104603FB57
:10EC200019CAA4F13007092F28D83C46A34234DD85
:10EC3000571C07D081452DD301D1A2452ADB00FB0B
:10EC40000340012215F8014BEBE72B2C04BF2C7875
:10EC5000951CD8E7102BDAD1302CD8D12A7802F0C5
:10EC6000DF02582AD3D16C7810230235CFE72B78F6
:10EC700003F0DF03582BF6D00823C8E7A4F14107BF
:10EC8000192F01D8373CD1E7A4F16107192F04D817
:10EC9000573CCBE74FF0FF32D4E7531C08D1222377
:10ECA000CEF800306046B8F1000F9CD0691E06E037
:10ECB00006B14042B8F1000F95D0002AF6D1C8F84D
:10ECC000001090E7F471030813460A460146024813
:10ECD0000068FFF77BBF00BF600300202DE9F04311
:10ECE000364E86460D46284615F8014B375D17F01F
:10ECF0000807F8D12D2C26D12C780127851C3BBB89
:10ED0000302C32D00A234FF0FF380026B8FBF3F83E
:10ED100003FB08F96FEA09093046A4F1300CBCF195
:10ED2000090F29D86446A34237DDB6F1FF3F07D06B
:10ED300080452FD301D1A1452CDB00FB03400126E8
:10ED400015F8014BE9E72B2C04BF2C78851CD6E77E
:10ED5000102BD8D1302CD6D1287800F0DF005828DD
:10ED6000D1D16C7810230235CDE72B7803F0DF0387
:10ED7000582BF6D00823C6E7A4F1410CBCF1190FBB
:10ED800001D8373CCFE7A4F1610CBCF1190F04D8CE
:10ED9000573CC8E74FF0FF36D2E7731C06D1222359
:10EDA000CEF80030304632B9BDE8F08307B14042BA
:10EDB000002AF9D006B1691E1160F5E7F471030865
:10EDC00013460A46014602480068FFF787BF00BFA6
:10EDD0006003002010B504460448134620B10A46DB
:10EDE0000220214600F074FD10BD00BFD1F80208DA
:10EDF000F0B5ADF5057D0E4604AF4FF400710391FB
:10EE000000933946134603AA054600F05BF8044612
:10EE100080B10246039B3146284600F0FBFCBC4211
:10EE2000039003D02146284600F0B6FD03980DF567
:10EE3000057DF0BD4FF0FF30F9E7000013460A46AC
:10EE4000014602480068FFF7D3BF00BF60030020FF
:10EE500030B51446002C9BB005461A4605DA8B23C4
:10EE600003604FF0FF301BB030BD4FF40273ADF8BC
:10EE70000C3014BF04F1FF332346029305934FF681
:10EE8000FF7300910491ADF80E3069461E9B00F0AF
:10EE90001BFF431CBCBF8B232B60002CE3D0009BCB
:10EEA00000221A70DFE7000007B5009313460A46F8
:10EEB000014603480068FFF7CBFF03B05DF804FB91
:10EEC0006003002030B515469BB02C681A46D9B1B6
:10EED000002C19D04FF4C16300910491ADF80C30AF
:10EEE000214619DB4FF6FF7302910591ADF80E3004
:10EEF00069461E9B00F0E8FE00280FDB009B28609F
:10EF000000221A7004980AE000214FF42273ADF831
:10EF10000C3000910491E5E78B23036000201BB0C7
:10EF200030BD10B501390244904201D1002005E006
:10EF3000037811F8014FA34201D0181B10BD013016
:10EF4000F2E7884210B501EB020402D9844223465D
:10EF500007D8431EA14208D011F8012B03F8012F56
:10EF6000F8E7024401468A4200D110BD13F8014D72
:10EF700002F8014DF7E702440346934200D170477F
:10EF800003F8011BF9E710B56AB10139841810F8CC
:10EF9000012B11F8013F9A4203D1A04201D0002A6F
:10EFA000F5D1D01A10BD1046FCE71F2938B505462B
:10EFB0000C4604D9162303604FF0FF3038BDC26BF6
:10EFC00012B152F821304BB9284600F021FC2246FC
:10EFD00001462846BDE8384000F008BC012B0AD0A5
:10EFE000591C03D1162303600120E7E7002142F8F2
:10EFF0002410204698470020E0E70000024B01461D
:10F000001868FFF7D2BF00BF6003002038B50B4B74
:10F010001D686B6B044653B9242000F03BFD02468B
:10F02000686320B9064B07483D21E8F7F8FB696B98
:10F030002046BDE8384000F007B800BF600300205C
:10F04000F0700308F47203082DE9F0414D4A0C46B4
:10F050000023D0E90001F8F7E5FE002ABCBF02F565
:10F06000A83202F5C0724FF4616100F52F20B2FBA7
:10F07000F1F301FB13224FF03C01ACBF00F66C2012
:10F0800000F66B20A360B2FBF1F301FB1322636077
:10F090002260C31C072293FBF2F2C2EBC2029B1A4E
:10F0A000394955D50733A361A0F50E33A3F52C7369
:10F0B00093FBF1F1354B03FB010048F6AC63B0FB69
:10F0C000F3F3034440F2B45CB0FBFCF29B1A40F251
:10F0D0006D172F4AB0FBF2F264269B1AB3FBF7F2CE
:10F0E000B3FBFCF3B2FBF6F5EB1A034407FB123358
:10F0F000992003EB8307023703F1010EB7FBF0FC05
:10F1000000FB0CF002304FF00508B0FBF8F0AEEB5E
:10F11000000040F2F95E77458CBF6FF009070227C7
:10F1200067444FF4C87C0CFB0121012F98BF0131CB
:10F13000B3F5997F12D3A3F59973E361A1F26C71D2
:10F140000023E060C4E9047123622046BDE8F08139
:10F150000028A361A8DB90FBF1F1ABE712F0030FED
:10F1600002D106FB15255DB94FF4C875B2FBF5F663
:10F1700005FB1622B2FA82F252093B331344DCE754
:10F180000122FAE780510100B13A02004FC5FDFFAC
:10F19000B03A0200F7B501683B29044611D93C2278
:10F1A000684600F0F1FB019A63680099002A0B445D
:10F1B0006360BBBF3C3203F1FF3322602260B8BF03
:10F1C000636061683B2911D93C22684600F0DCFB92
:10F1D000019AA3680099002A0B44A360BBBF3C328C
:10F1E00003F1FF3362606260B8BFA360A1681729B2
:10F1F00011D91822684600F0C7FB019AE36800990C
:10F20000002A0B44E360BBBF183203F1FF33A26056
:10F21000A260B8BFE36021690B2911D90C226846AE
:10F2200000F0B2FB019A63690099002A0B44636104
:10F23000BBBF0C3203F1FF3322612261B8BF6361AF
:10F2400063699A071CD1642193FBF1F201FB12322E
:10F25000C2B903F26C734FF4C87293FBF2F102FB74
:10F260001133002B14BF1C231D23E268002A0BDC82
:10F27000344D0B206421E668002E11DD03B0F0BD93
:10F280001C23F2E71D23F0E72E480225D4E90321D1
:10F29000012932D19342F1DAD21AC4E90325F5E704
:10F2A0002269013A2261013216D163695A1E970719
:10F2B000C4E9040219D192FBF1F701FB1722B2B99C
:10F2C00003F26B734FF4C87293FBF2F702FB173330
:10F2D000002B14BF1C231D232269012A14BF55F8DB
:10F2E00022201A463244E260C5E71C23F4E71D23BE
:10F2F000F2E71C23CAE71D23C8E750F82160B24299
:10F30000BCDD0131921B0C29E2602161BED1636931
:10F3100000215A1C216191076261EAD1642192FBAC
:10F32000F1F601FB1622002AE5D103F26D734FF4CA
:10F33000C87293FBF2F102FB1133002B14BF1C23A4
:10F340001D23A3E79C7303082DE9F74F074600F040
:10F3500085FF82463846FFF71DFFD7E900433C2270
:10F3600002FB0344BB687D694FF4616202FB034406
:10F37000D7E90363BC4A52F82320013E012B16440F
:10F3800011DDA9070FD1642295FBF2F302FB1353A1
:10F3900043B905F26C734FF4C87293FBF2F102FBB0
:10F3A000113303B9013605F51C53103344F62062BE
:10F3B0009342FE6100F25481462D40F39F80462324
:10F3C00040F26D1C64214FF4C8709A0740F09080A1
:10F3D00093FBF1F201FB1232002A40F08C8003F221
:10F3E0006C7292FBF0FE00FB1E22002A14BF6246E4
:10F3F0004FF4B77201339D421644E6D19B4B4FEA5E
:10F40000E478C6FB034800F0DFF900F0E9F9984B17
:10F410001B68002B00F01A817869DAF80430D7F8FD
:10F42000209000F26C70834240F0AB80DAE9082350
:10F43000DAE9121BDAF85000DAF828C0121A63EB86
:10F44000E073B1EB0C0ECDF800E06BEBEC7ECDF889
:10F4500004E0DDF800E07445DDF804E078EB0E0E22
:10F4600080F2B580DAF8001021B1944278EB030302
:10F47000C0F2BB80B9F1000F40F09080ACEB00000F
:10F480004FF001093B68D7F80CB00419034448EB6E
:10F49000E0783B603846FFF77DFEFA68B2EB0B027E
:10F4A00079D0012A00F3A980931CD8BF0122FB69FF
:10F4B000D31840F1AB806B1E980740F0A180642107
:10F4C00093FBF1F001FB1033002B40F09C804FF4D4
:10F4D000C87305F26B7595FBF3F103FB1155002D15
:10F4E00040F26D1318BF4FF4B673FB61164452E03F
:10F4F00040F26D127EE74FF4B7727BE73FF47EAFC8
:10F50000452340F26D1C64214FF4C87012E062BBC9
:10F5100093FBF1F201FB123252BB03F26C7292FBCD
:10F52000F0FE00FB1E22002A14BF62464FF4B772A1
:10F53000B61A013B9D4203F00302E8DBDAB964220C
:10F5400095FBF2F302FB1353C3B905F26C734FF44E
:10F55000C87293FBF2F102FB1133002B40F26D13E2
:10F5600008BF4FF4B773F61A48E740F26D12DFE7B1
:10F570004FF4B772DCE740F26D13F4E74FF4B77362
:10F58000F1E700F077F800287FF450AFB9F1010FF0
:10F59000A8BF4FF00109B9F1010F59D1DAF8503085
:10F5A0001C1948EBE3784FF0010900F013F9043619
:10F5B000072396FBF3F3C3EBC303F61A4ED4C7F845
:10F5C0002090BE612046414603B0BDE8F08F091A85
:10F5D0004FEAE07E6BEB0E0E8C4278EB0E0ED5DB25
:10F5E000DAF8001000293FF440AFB9F1000F2DDD2B
:10F5F000A0EB0C004FF0000944E74FF0FF3256E754
:10F600004FF4B67371E740F26D136EE7A90717D197
:10F61000642095FBF0F100FB1151A1B94FF4C871C2
:10F6200005F26C7595FBF1F001FB1055002D40F2D1
:10F630006D1108BF4FF4B7718B42A8BF5B1A54E736
:10F6400040F26D11F8E74FF4B771F5E74FF000099C
:10F65000DAF828301C1948EBE378A6E70736AEE75E
:10F660004FF0FF34A046ADE76C73030880510100F2
:10F67000F05B00202DE9F047044600F0EFFD40F27A
:10F68000B1739C4240F399806FF4F667E519A4F2D8
:10F69000B27340F26D12AD1002FB03556FF4C86CEB
:10F6A0006FF06302A4F26D73454F93FBF2F31D44B8
:10F6B0004FF4C87204EB0C034460B3FBF2F3014651
:10F6C0001D4400F1500C0B7A4A694A2B33D1A6072E
:10F6D00005EB020306D14FF0640E94FBFEF60EFB21
:10F6E000164636B94FF4C87E94FBFEF60EFB16465E
:10F6F000FEB93B2AD4BF002201221344013B8A6990
:10F70000D617C3FB07268B6AD21846EBE373C1E911
:10F71000082328318C45D6D1D0E90843D0E912120C
:10F720008C429341B4BF0123002303600120BDE854
:10F73000F0870022E1E7442B01D1AB18DFE7A307F4
:10F7400005D1642694FBF6F306FB13437BBB4FF411
:10F75000C87394FBF3F603FB1646B6FA86F67609F1
:10F76000DFF860E0D1F80C904FF0300A2B464FF0F4
:10F7700000080AFB06E608F10108C14556F828E032
:10F7800017DC03F10408072698FBF6F6C6EBC6065D
:10F79000A8EB0606921B0E6906F1FF3648BF07323A
:10F7A000C6EBC6063244724505DA1344A7E70126C4
:10F7B000D6E77344DFE7073AF5E70020B7E700BF75
:10F7C0008051010000740308014800F05FB800BFD9
:10F7D000F85B0020014800F05BB800BFF85B002038
:10F7E000014B1868D4F73EB96003002038B5074DC7
:10F7F00000230446084611462B60D4F728F9431C21
:10F8000002D12B6803B1236038BD00BFF45B002038
:10F81000D4F726B938B5074D0446084611460022EC
:10F820002A601A46F0F79EFF431C02D12B6803B1F1
:10F83000236038BDF45B0020014B1868704700BF9F
:10F840006003002070B50D4D0D4C641BA410002604
:10F85000A64209D10B4D0C4C00F078FE641BA4109D
:10F860000026A64205D170BD55F8043B98470136E5
:10F87000EEE755F8043B98470136F2E76C7403084D
:10F880006C7403086C740308947403087047704721
:10F8900070477047024B0A460146186800F0E2BC08
:10F8A00060030020034611F8012B03F8012B002A06
:10F8B000F9D170470A44914200F1FF3300D17047FB
:10F8C00010B511F8014B03F8014F9142F9D110BD69
:10F8D0002DE9F843274D0746286891460E4698467D
:10F8E000FFF7D5FF244A14683CB9244B1360244A1F
:10F8F00012B11268C3F88820204C63681F2B06DD04
:10F900002868FFF7C6FF4FF0FF30BDE8F8832FB33C
:10F91000D4F8880068B91B4B002BF1D04FF48470E9
:10F9200000F0B8F80028EBD00023C0E94033C4F859
:10F930008800636840F8239001229A4000EB83011D
:10F94000D0F800311343C0F80031022FC1F8808095
:10F9500002BFD0F804311343C0F80431636828684B
:10F960005A1C0233626044F82360FFF792FF0020C4
:10F97000CBE700BFB0030020885C0020FC5B0020C8
:10F98000CC73030895FA020810B591FBF2F402FB60
:10F9900014110460416010BD38B50546002941D0FE
:10F9A00051F8043C0C1F002BB8BFE41800F024F9F8
:10F9B0001D4A136833B9636014602846BDE83840B7
:10F9C00000F020B9A34208D9206821188B4201BF5A
:10F9D00019685B6809182160EDE71A465B680BB18E
:10F9E000A342FAD911685018A0420BD120680144F3
:10F9F000501883421160E0D118685B685360084476
:10FA00001060DAE702D90C232B60D6E720682118B2
:10FA10008B4204BF19685B68636004BF09182160EA
:10FA20005460CAE738BD00BFB85C002070B5164C02
:10FA3000054608460E4600F0DFF823684BB100216A
:10FA4000304600F021FC421C18BF2268034618BF54
:10FA5000831A0E4A1168002291B90D4C304623607A
:10FA60009B1A2262E36100F0CDF80FCC2E460FC640
:10FA70000FCC0FC694E8030086E80300284670BD4B
:10FA8000086849680244E7E7B45C0020B85C0020DD
:10FA90008C5C0020024B0146186800F02DB800BFB6
:10FAA00060030020024B01461868FFF775BF00BFD6
:10FAB0006003002070B50F4E0C463168054611B941
:10FAC00000F0E2FB30602146284600F0DDFB431CDD
:10FAD00003D14FF0FF34204670BDC41C24F0030452
:10FAE000A042F8D0211A284600F0CEFB0130F2D116
:10FAF000EFE700BFB45C00202DE9F843CD1C25F0F2
:10FB0000030508350C2D38BF0C25002D064601DBFA
:10FB1000A94204D90C2333600020BDE8F883DFF844
:10FB2000D48000F069F8D8F800301C4644BB294660
:10FB30003046FFF7BFFF431C044658D1D8F80040B9
:10FB40002746002F43D1002C4BD02368394630463E
:10FB500004EB030900F098FB814542D121686D1A3E
:10FB600029463046FFF7A6FF01303AD023682B44E0
:10FB70002360D8F800305A6862BBC8F800700FE004
:10FB80002268521B20D40B2A17D96119A342256081
:10FB900018BF5960636808BFC8F8001062514B6015
:10FBA000304600F02FF804F10B00231D20F0070071
:10FBB000C21A1CBF1B1AA350AFE76268A3420CBF56
:10FBC000C8F800205A60EBE723466468AEE73C467D
:10FBD0007F68B6E71A465B68A342FBD100235360F7
:10FBE000DEE70C233360304600F00CF894E7056044
:10FBF000D6E700BFB85C00200148FFF748BE00BF51
:10FC0000F95B00200148FFF744BE00BFF95B00200C
:10FC10002DE9F0478E681F46BE420B6882460C46AF
:10FC200090462DD8B1F90C2012F4906F26D065695A
:10FC3000096905EB4505A3EB010905EBD5757B1CAF
:10FC40004B446D109D4238BF1D46530527D52946AC
:10FC5000FFF752FF064660B321694A46FFF72AFEC6
:10FC6000A38923F4906343F08003A3812661656137
:10FC70004E44A5EB09052660A5603E46BE4200D96C
:10FC80003E46206832464146FFF75BF9A3689B1B5E
:10FC9000A3602368334423600020BDE8F0872A4630
:10FCA00000F002FB06460028E0D121695046FFF72C
:10FCB00073FE0C23CAF80030A38943F04003A381EC
:10FCC0004FF0FF30E9E700002DE9F04F98468B89AF
:10FCD0001B069DB007460D46144610D50B6973B937
:10FCE0004021FFF709FF2860286130B90C233B60F1
:10FCF0004FF0FF301DB0BDE8F08F40236B61002353
:10FD0000099320238DF82930CDF80C803023DFF8BB
:10FD10009C818DF82A304FF0010923469A4613F84A
:10FD2000012B0AB1252AF9D1BAEB040B0BD05B46A3
:10FD3000224629463846FFF76BFF013000F0A780C6
:10FD4000099A5A4409929AF80030002B00F09F80DB
:10FD500000234FF0FF32CDE905230AF1010A049395
:10FD600007938DF853301A935446052214F8011B5B
:10FD70004E48F7F7EDFC049AD8B9D00644BF2023CB
:10FD80008DF85330110744BF2B238DF853309AF868
:10FD900000302A2B15D0079A544600204FF00A0C49
:10FDA000214611F8013B303B092B4BD9B0B10792EA
:10FDB00014E0A0EB080309FA03F313430493A246EB
:10FDC000D2E7039B191D1B680391002BBBBF5B424D
:10FDD00042F0020207930793B8BF049223782E2BB8
:10FDE0000AD163782A2B32D1039B1A1D1B68039218
:10FDF00043EAE37302340593DFF8B4A021780322C9
:10FE00005046F7F7A5FC38B1049BA0EB0A0040224E
:10FE1000824013430134049314F8011B25488DF8E4
:10FE200028100622F7F794FC002836D0224B1BBB83
:10FE3000039B073323F0070308330393099B3344E1
:10FE400009936AE70CFB02320C460120A8E7002365
:10FE50000134059319464FF00A0C204610F8012B87
:10FE6000303A092A03D9002BC6D00591C4E70CFB10
:10FE7000012104460123F0E703AB00932A460F4B10
:10FE800004A93846AFF30080421C0646D6D1AB89A0
:10FE90005B063FF52DAF09982CE703AB00932A468C
:10FEA000064B04A9384600F079F8EDE7D073030853
:10FEB000D6730308DA7303080000000011FC02087F
:10FEC0002DE9F047164698468A680B69DDF82090C0
:10FED0009342B8BF1346336091F8432007460C465F
:10FEE0000AB1013333602368990642BF3368023395
:10FEF0003360256815F0060506D104F1190AE36898
:10FF000032689B1AAB4226DC94F843302268003BEF
:10FF100018BF012392062BD404F143024146384610
:10FF2000C84701301ED02368226903F00603042B62
:10FF300002BFE5683368ED1AA3680CBF25EAE575D2
:10FF400000259342C4BF9B1AED1800261A34B5420F
:10FF50001AD1002008E00123524641463846C847DE
:10FF6000013003D14FF0FF30BDE8F0870135C6E71F
:10FF7000E1185A1C302081F84300224494F84510BF
:10FF800082F843100233C7E7012322464146384630
:10FF9000C8470130E6D00136D9E700002DE9FF4718
:10FFA0000F7E0C9E782F914680460C469A4601F1B2
:10FFB000430207D8622F0AD8002F00F0DD80582FA7
:10FFC00000F0C38004F1420684F842703AE0A7F1E1
:10FFD0006303152BF6D801A151F823F0350003086F
:10FFE00049000308C5FF0208C5FF0208C5FF020853
:10FFF000C5FF020849000308C5FF0208C5FF020843
:020000040803EF
:10000000C5FF0208C5FF02085F010308D700030807
:1000100017010308C5FF0208C5FF02088101030894
:10002000C5FF0208D7000308C5FF0208C5FF020884
:100030001F01030833681A1D1B68326004F1420671
:1000400084F842300123A8E031682368081D30603D
:100050001E0601D50D6803E05D06FBD5B1F9005021
:100060006168002D78DA2D20002984F84300A16012
:100070002DDA5E486D420A231646B5FBF3F103FB09
:100080001157C75D06F8017D2F46BB420D46F4D9D6
:10009000082B0BD12368DF0708D5236961689942D3
:1000A000DEBF302306F8013C06F1FF36921B2261C9
:1000B000CDF800A04B4603AA21464046FFF700FFBB
:1000C00001306FD14FF0FF3004B0BDE8F08723F06E
:1000D00004032360CDE721683368080653F8045B06
:1000E00002D4490648BFADB26F2F4048336014BFF9
:1000F0000A230823002184F843106668A660002EB6
:10010000BADB216821F004012160002DB4D1002E5A
:10011000B2D11646BCE7236843F02003236034487D
:10012000782784F84570236831681F0651F8045B0E
:1001300002D45F0648BFADB23160D90744BF43F077
:10014000200323601DB11023D4E72848E9E7236882
:1001500023F020032360F6E724480A23CDE7336821
:1001600025686169181D30602E061B6801D519606D
:1001700002E06806FBD5198000232361164697E745
:1001800033681A1D32601E68626800213046F7F736
:10019000DFFA08B1801B606063682361002384F884
:1001A000433085E72369324649464046D04701300F
:1001B00088D023689B0714D4E068039B9842B8BF9B
:1001C000184681E70123324649464046D047013070
:1001D0003FF478AF0135E36803995B1AAB42F1DC79
:1001E000EAE7002504F11906F5E700BFE17303080B
:1001F000F27303080CB430B5174B0C1E1D689DB08C
:1002000008DA8B232B604FF0FF301DB0BDE8304083
:1002100002B070474FF40273ADF8143014BF04F10C
:10022000FF332346049307934FF6FF730290069023
:10023000ADF81630209A21AB02A928460193FFF7AA
:1002400043FD431CBCBF8B232B60002CDDD0029BE5
:1002500000221A70D9E700BF6003002000487047F1
:10026000B803002038B5074D002304460846114660
:100270002B60D2F78DFB431C02D12B6803B12360A6
:1002800038BD00BFF45B002038B5064D002304469E
:1002900008462B60D3F7ACFB431C02D12B6803B19B
:1002A000236038BDF45B00202DE9F04180461546FF
:1002B0000C4621B9BDE8F0411146FFF71DBC2AB933
:1002C000FFF76AFB00242046BDE8F08100F01AF831
:1002D0008542064602D8B5EB500FF4D82946404671
:1002E000FFF70AFC07460028ECD0B5422A46214613
:1002F00028BF3246FFF7DEFA21464046FFF74CFBA7
:100300003C46E0E751F8043C181F002BBCBF0B58DB
:10031000C0187047024B0A4601461868FFF7C4BF71
:1003200060030020024B0344587800F097007047A8
:10033000F3710308024B0344587800F0080070473B
:10034000F37103080EB400B59CB01DAB029006908B
:100350006FF00041094807910491094953F8042BB3
:1003600005910068019302A9FFF7AEFC029B0022F1
:100370001A701CB05DF804EB03B0704760030020F6
:100380000802FFFF30B50D4D044614F8013BEA5C4E
:1003900002F00302012A11F8012BA85C00F003000F
:1003A00008BF2033012803D12032981AEDD030BD88
:1003B000981AFCD1002AE8D1F9E700BFF4710308CC
:1003C00010B50246147813460132002CFAD1013BD5
:1003D00011F8012B03F8012F002AF9D110BDC9B281
:1003E0000346184613F8012B12B18A42F9D170471F
:1003F000002918BF0020704770B503461E4613F849
:10040000014B44B14A1E01E0A54204D012F8015F3D
:10041000002DF9D1F2E7301A70BD10B5013903464D
:1004200032B111F8014F03F8014B013A002CF7D11A
:100430001A440021934200D110BD03F8011BF9E7D3
:1004400038B511F0FF0403460ED12146BDE838400F
:10045000FFF7C5BF431C054621461846FFF7BFFFFF
:100460000028F7D1284638BD0025F5E770B50346CA
:100470001E4613F8014B3CB14A1E01E0A542F7D0DD
:1004800012F8015F002DF9D1301A70BD0A7870B5ED
:100490006AB970BD9A4209D10C46054614F8013F6D
:1004A000002BF6D015F8016F9E42F7D0013003788B
:1004B000002BEFD11846ECE738B5002200230446A4
:1004C0000D46F7F763F828B920462946BDE83840BD
:1004D00000F00AB8204605F1004100F005F840425E
:1004E00061EB410138BD00BFD0B50C4B0022064680
:1004F0000F46F6F7D9FDF7F771F80446F6F75AFDFF
:10050000074B0022F6F7D0FD02460B46304639462F
:10051000F6F712FCF7F762F82146D0BD0000F03D77
:100520000000F041430803F05533C01A830803F07C
:10053000333300F03330184400EB101000F00F306C
:1005400000EB002000EB0040000E7047F8B500BF44
:10055000F8BC08BC9E467047F8B500BFF8BC08BCA4
:040560009E467047FC
:10056800A0860100400D0300801A060000350C002B
:1005780040420F0080841E0000093D0000127A00EE
:100588000024F40000366E010048E801006CDC022B
:100598000000000000000000000000000000000053
:1005A8000100000003000000050000000100000039
:1005B80001000000060000000A0000002000000002
:1005C8000200000004000000080000001000000005
:1005D8004000000080000000000100000002000050
:1005E8000000000001000000020000000000000000
:1005F80000000000CF370108D9370108953C0008F2
:10060800870B0008B10B0008190800082B08000820
:10061800E90C00082D06000800000000000000009A
:10062800770C00089B0D0008570600080000000022
:10063800000000008D0C0008B90C00080000000044
:1006480000000000CB0C0008890D00080000000025
:1006580000000000E10B0008650C000839060008DE
:100668000000000000000000330F0008730F0008AE
:100678007FC30008F17800081109000855850008B3
:1006880057E10008FD060008D53C0008A30600084D
:10069800A306000869F20008C1F10008D1060008A5
:1006A800457F02084D7F0208597F020860F5FFFF69
:1006B80000000000EF060008A5FC01089F060008DE
:1006C8002B0F0008354A000850F5FFFF0000000016
:1006D800CF370108D9370108953C00086D0F00088D
:1006E800850F0008190800082B080008F5060008FF
:1006F80000000000000000000000000000000000F2
:100708007FC30008F17800084D9B00085585000854
:1007180057E1000800000000BB5B0008A3060008C2
:10072800A306000869F20008C1F1000800000000F3
:1007380000000000000000000000000001000000B0
:100748000200000003000000040000000100020095
:100758000400060008000A000C00100020004000F9
:1007680080000001010000000200000004000000F9
:1007780008000000100000002000000040000000F9
:1007880080000000000100000002000000040000DA
:1007980000080000001000000020000000400000D9
:1007A80000800000020000000080004012080000E5
:1007B8000201000000440040120700000900000088
:1007C8000038014012070000160000000038014000
:1007D80012070000FFFFFFFF0000000000000000FC
:1007E8000300000000800040120800000301000020
:1007F80000440040120700000A00000000380140D1
:10080800120700001700000000380140120700001E
:10081800FFFFFFFF000000000000000001000000D3
:100828000080004012080000010100000044004060
:10083800120700000C0000000038014012070000F9
:100848001300000000380140120700001C000000DF
:100858000080004012080000FFFFFFFF00000000BA
:1008680000000000000000000044004012070000E3
:100878000600000000800040120800000B00000085
:100888000038014012070000140000000038014041
:1008980012070000FFFFFFFF00000000000000003B
:1008A8005AC000FFFCA5E0003F19320A28000000EA
:1008B80014000000000000000000000000001E00FE
:1008C800C81B03088C1B0308000000000000000080
:1008D80011000000110000008025000000C2010086
:1008E80000960000C012000000E100008025000012
:1008F80003010000030300000000000000070000DF
:1009080000000000000000000000000000000000DF
:10091800000000000000000000000000E8030000E4
:1009280001000000030300030300F3AC62AD1E03E3
:10093800000000004C6600000000000003100600E4
:10094800000000000000000000000000000100009E
:1009580000000000000000000000E80301000100A2
:10096800F001000000000000F0020000000000009C
:10097800F003000000000000F00500000000000087
:10098800F004000100010000F00000010001000077
:100998000100000000110300E80300001027000018
:1009A800000000000100000000000000000000003E
:1009B8000000000000000000000000000B320000F2
:1009C8000000000000000000FFFF00000000000021
:1009D800170000FF020008100001000001010103D8
:1009E80000010000010000FF0500081000010001DF
:1009F80001010103000100010102040800010001D6
:100A080001050003000100010106080E00010001B4
:100A180001F3AC62AD1E43000002004C660000000A
:100A280000000003100600000000000000000000A5
:100A380000000000010000000000000000000000AD
:100A48000000030000000000000041000200000058
:100A5800000000000100000000000000000001008C
:100A680000C000912000CA00912000C5009120001C
:100A7800AC00912000B100912000BB009120000043
:100A8800020000CA00912000C500912000B1009129
:100A98002000000100000700922003000200000768
:100AA80000922003000100000100D020020200D0C3
:100AB80040050000000500D03001000800D01001FA
:100AC8000900D010011000D0100100020000010040
:100AD800D020020200D040050000000500D03001FF
:100AE800000800D010010900D010011000D010013A
:100AF800000100000D004110011300411001000227
:100B080000000D0041100113004110010001000018
:100B18002000311000050031100000020000200004
:100B2800311000050031100000020000BB009120C8
:100B380001AC0091200100010000BB00912001AC34
:100B48000091200100000000FFFF000000000000ED
:100B58000100000004110010081104400C110840A5
:100B680000000000041200400810041000000000FB
:100B7800041200100917010001000F000C121010D8
:100B88000000000004120040081204400C10081075
:100B98000000000004140040081404400C1408402D
:100BA80010140C40000000005C0B0308B05103084F
:100BB8000000000000000000030000000300000027
:100BC8006C0B0308B051030800000000000000008F
:100BD8000200000002000000780B0308B05103086F
:100BE80000000000000000000300000003000000F7
:100BF800E00B0308000000008C0B0308B051030849
:100C080000000000000000000300000003000000D6
:100C18009C0B0308B051030800000000000000000E
:100C28000400000004000000B00B030800000000EE
:100C38000518014004000C000917010010001400F9
:100C48000C102410000000000410001008100110FF
:100C58000C100210101003101517010004001000EA
:100C68000000000004100010081001100C10021001
:100C780010110310141004101917010005001000BA
:100C88001C11151000000000041200800917010053
:100C9800080028000C1030101117010031000A005C
:100CA8000000000004120080091701000800280055
:100CB8000000000004120080091701000800280045
:100CC8000C12304000000000C80B030800000000B0
:100CD8000412004009160100040022000D1701004B
:100CE80026000C0010143440141038101810391055
:100CF8001D1801203C00080000000000041200102C
:100D08000812011000000000040D0308B051030888
:100D180000000000000000000200000002000000C7
:100D280004100010081001100C12044010120840A2
:100D380014100C10181210401C1014102012184017
:100D480024121C40281020102C1224403010281087
:100D58003410291038102A1000000000051701006F
:100D680000005000000000000410001008120440A9
:100D78000C11084010110C40000000000410001075
:100D8800081204400C12084010100C10151701002E
:100D98000D001400181221101C122210201023100C
:100DA8000000000004100010081201100C120210BC
:100DB8001012031014120410000000000410001098
:100DC800081204400C100810000000000410001065
:100DD800081001100D280420040011000000000074
:100DE80004100010081201100C1202101012031047
:100DF80014120410181205101C120610000000002E
:100E080004100010081204400C12084010120C4084
:100E180014121010181211101C1212102010131096
:100E28002410141029170100150010002C1025108B
:100E38000000000004120040081204400C100810C2
:100E48001010091014100A1018100B101C120C4066
:100E58002010101024121440281018102C101910EB
:100E680030121C4034102010381021103C10221071
:100E78000000000004100010081204400C100810B4
:100E880010100910000000000410001008100110D4
:100E98000C1204401012084014120C4018101010C4
:100EA8000000000004100010081204400C12084052
:100EB80010100C1014100D1018100E101C100F101C
:100EC8002012101024121110281012102C101310B8
:100ED8003010141034101510381216203C10181049
:100EE8000000000004100010081001100C1204404B
:100EF8001012084014120C10181210401C12141072
:100F08002010151000000000000C0308000000006D
:100F18000410001009170100010040000D1701001E
:100F28004100400011170100810020001410A11099
:100F38001810A2101C10A31021170100A4002000F3
:100F48002410C4102810C5102D180120C8000C004A
:100F580000000000051601000000220008122210FF
:100F68000C122440101028101410291018102A10E0
:100F78001C102B1020102C1000000000051601007A
:100F88000000220009160100220022000D2603207D
:100F9800460022001010AC101410AD101810AE103E
:100FA8002010AF10000000000410001008120110FB
:100FB8000C120440000000000510010000000100B0
:100FC80009120100010001000D12010002000200D7
:100FD80011120100040004001512010008000100AC
:100FE800191401000C0004001D120100100001007A
:100FF800211201001400040025100100180001004E
:1010080029110100190001002D1201001A00020027
:10101800311001001C000100351001001D00010005
:1010280039140100200004003D10010024000100D3
:1010380041120100280004009D22034030000410E2
:10104800A11001003C000110A51001003D00011095
:10105800A91201003E000110000000000412004027
:10106800081204100C12084010100C1014100D1067
:1010780018120E101C120F1020121010241011102C
:10108800281012102C1213103010141034101510D0
:101098003810161000000000180C030800000000AB
:1010A800041000100D1701000100210011170100A4
:1010B8002200410015170100630021001810841058
:1010C8001C12851021180120880010002517010026
:1010D800980021002812BC402C10C010000000000D
:1010E80004100010081204400C14084010120C40A0
:1010F800181210401C1214402012184024121C1000
:101108008012208000000000041200400810041023
:101118000C100510101006101412084018120C407C
:101128001C121040201214402412184028121C408F
:101138002C122040301224403412281000000000E5
:101148000412001008100110101204401412084074
:1011580018120C101C121040201014102410151016
:10116800281016102D1701001700410030105810D4
:101178003412591038145C40000000000412044472
:1011880008140C440C14144410141C441412244461
:10119800000000000414044408140C440C11144406
:1011A8001014184014121C1018121D101C14204082
:1011B8002011244024132C44281334442C12384082
:1011C80030123C4034124040381244403C124C44E7
:1011D800401254444412584048125C404C1260403B
:1011E800501264405412684058126C405C127040AF
:1011F8000000000005170100000010000917010099
:10120800100028000D17010038000500111B01000F
:101218003D00060014124310181044101C1245100B
:101228002116010046002200241069110000000068
:101238000512010000000200091601000200EC007E
:101248000D100100EE00010011140100F00004006F
:1012580015140100F400040019140100F80004003A
:101268001D140100FC000400211401000001040009
:10127800251201100501010000000000380C0308C8
:10128800300C03080000000000000000030000000C
:1012980003000000500C0308B051030800000000D0
:1012A8000000000005000000050000006C0C0308A9
:1012B800B051030800000000000000000700000013
:1012C80007000000900C0308B0510308000000005C
:1012D800000000000400000004000000AC0C03083B
:1012E800B0510308000000000000000002000000E8
:1012F80002000000BC0C0308B05103080000000005
:10130800000000000300000003000000D80C0308E0
:10131800D00C0308000000000000000007000000D7
:1013280007000000280D0308B05103080000000062
:10133800000000000E0000000E000000640D03080D
:10134800B051030800000000000000000100000088
:1013580001000000700D0308B051030800000000F0
:10136800000000000400000004000000840D0308D1
:10137800B051030800000000000000000800000051
:1013880008000000AC0D0308B0510308000000007D
:10139800000000000500000005000000C40D03085F
:1013A800B051030800000000000000000300000026
:1013B80003000000D40D0308F80B03080000000028
:1013C800000000000300000003000000E80D03080F
:1013D800B0510308000000000000000007000000F2
:1013E80007000000080E0308B051030800000000C1
:1013F800000000000B0000000B0000003C0E03087A
:10140800B051030800000000000000000F000000B9
:101418000F0000007C0E0308B05103080000000014
:10142800000000000400000004000000900E030803
:10143800B051030800000000000000000600000092
:1014480006000000AC0E0308B051030800000000BD
:10145800000000000F0000000F000000EC0E030861
:10146800B051030800000000000000000800000060
:1014780008000000180F0308100F03080000000000
:10148800000000000B0000000B0000007C140308A3
:10149800641403084C140308341403081C140308C8
:1014A80004140308EC130308D4130308BC1303083B
:1014B800A41303088C130308741303085C130308AC
:1014C800441303082C130308100D03080000000040
:1014D8005C0F0308B0510308000000000000000082
:1014E8000800000008000000B0510308B0510308CC
:1014F80000000000000000000000000000000000E4
:10150800840F0308B0510308000000000000000029
:101518000700000008000000B00F0308B0510308DE
:1015280000000000000000000300000003000000AD
:10153800C00F0308B05103080000000000000000BD
:10154800140000006A00000064100308B05103088A
:1015580000000000000000000E0000000E00000067
:10156800A8100308A01003080000000000000000F5
:101578000A0000000B000000E8100308B05103083F
:10158800000000000000000009000000200000002A
:1015980010110308B051030800000000000000000B
:1015A8000D0000000D00000048110308B0510308A9
:1015B80000000000000000000D0000000E00000008
:1015C80084110308B0510308000000000000000067
:1015D80005000000050000009C110308B051030835
:1015E80000000000000000001700000017000000C5
:1015F800FC110308B05103080000000000000000BF
:10160800090000000900000038120308B05103085F
:1016180000000000000000000900000009000000B0
:10162800B41203089C120308841203080000000087
:1016380004120040081204100C12062010100810A2
:101648001410091018120C401C1210102010111040
:1016580024101210281213102C1214103118011013
:1016680016001600351801102D0014003916010057
:10167800420012003D180140580028004012801016
:1016880044128440481088104C1289100000000051
:10169800FC120308E4120308CC120308F014030830
:1016A800F0140308000000000512014004000400C3
:1016B80009140100080004000D1201000C000100CB
:1016C800111701000D0090012D380120A0013800EC
:1016D80031380120A001300035380120A001400038
:1016E80039380120A00101003D380120A001010086
:1016F80000000000051701000000E4000812E440A3
:10170800000000000517010000003C000936012018
:101718003E00B6010D3701203E00B3011110010053
:10172800F40101000000000005170100000012008C
:10173800081214400C1018101010191014101A1058
:1017480018101B101C121C102012204024122410E8
:10175800281025102C1026103012284000000000F8
:1017680004120010081202200C12042011160100A5
:101778000600820000000000041100100812011089
:101788000C12021010120440000000001413030889
:101798000000000004110010091801300400440082
:1017A8000C12481000000000053801400400D40065
:1017B80009380140040018000D38014004001C00DD
:1017C80011380140040014001538014004000C00D1
:1017D80019380140040024001D3801400400280085
:1017E8002138014004000700253801400400480062
:1017F8002938014004000C002D3801400400050080
:10180800313801400400240035380140040010003C
:1018180039380140040050003D38014004002C00D4
:1018280041380140040002000000000005170100D3
:101838000000800109140100800104000D17010057
:101848008401200011120100A40101000000000021
:10185800B0150308981503088015030868150308D0
:101868005015030838150308201503080815030840
:10187800F01403083C1A0308D814030800000000F9
:1018880005380180080060000938018008002C0034
:101898000D38018008002800113801800800C400B4
:1018A8001538018008001800193801800800400028
:1018B8001D38018008000800213801800800B000A8
:1018C80025380180080001002938018008008C00B3
:1018D8002D3801800800300000000000F8150308CA
:1018E800E0150308C81503080000000005120100F0
:1018F800000004000918012006006A000D180140C4
:101908007400740011140100E800040015140100AB
:10191800EC00040019180140F40028001D12010011
:101928001C010100211001001D01010025120110F8
:101938001F01010029100100200101002D100100E4
:1019480021010100311001002201010035100100C0
:10195800230101000000000004120040201204408E
:101968002C120840311601000C0012003517010036
:101978001E002800381246103C12482000000000C3
:101988001016030800000000051401000000040000
:1019980009140100040004000D12010008000100F0
:1019A800113801200C000801153601200C00020135
:1019B80019140100140104001D1401001801040089
:1019C800211401001C01040025120100200101005E
:1019D80029100100210101002D120100220101003E
:1019E8003111010024010400351201002801010011
:1019F80039100100290101003D1201002A010100EE
:101A0800411601002C012200451001004E01010081
:101A180049120100500104004D1201005401040054
:101A28005112010058010400551201005C01010027
:101A380000000000381603082816030800000000FC
:101A4800000000001300000013000000B016030897
:101A580098160308000000000000000009000000BC
:101A68000F000000FC160308B05103080000000036
:101A78000000000002000000020000000C1703082C
:101A8800B05103080000000000000000040000003E
:101A98000400000030170308B051030800000000DC
:101AA800000000000C0000000C000000681703088C
:101AB800B05103080000000000000000040000000E
:101AC8000400000080170308B0510308000000005C
:101AD8000000000004000000040000009C17030838
:101AE8009417030800000000000000000300000035
:101AF80003000000B0170308941403080000000056
:101B08000000000010000000100000003418030856
:101B1800B0510308000000000000000004000000AD
:101B28000400000088180308581803080000000083
:101B3800000000000B0000000B000000F418030870
:101B4800E418030800000000000000000D00000079
:101B58000D00000060190308B051030800000000E0
:101B680000000000070000000F00000090190308A3
:101B7800881903080000000000000000150000009C
:101B880015000000741B03085C1B0308441B0308B2
:101B98002C1B0308141B0308FC1A0308E41A030887
:101BA800CC1A0308B41A03089C1A0308841A0308F9
:101BB8006C1A0308541A03083C1A030800000000B2
:101BC8000512010000000400093801400800600106
:101BD8000D38014008004C0011380140080024016C
:101BE800153801400800D000193801400800A80144
:101BF8001D320140080004002130014008000100A6
:101C0800253801400800D8002938014008004C0058
:101C18002D380140080008003138014008008800CC
:101C28003538014008002C00393801400800F60119
:101C38003D3801400800E800413801400800E00153
:101C48004538014008008C0000000000000000003A
:101C5800000000000000000000000000000000007C
:101C6800500C00200000000000000000CF370108E1
:101C7800D9370108953C0008C30B0008CF0B0008B2
:101C8800190800082B0800081D07000800000000BC
:101C98000100000002000000030000000400000032
:101CA8000500000006000000070000000800000012
:101CB800090000000A0000000B0000000C000000F2
:101CC8000D0000000E0000000F00000012000000D0
:101CD80013000000140000001500000016000000AA
:101CE80017000000180000001C0000002D00000074
:101CF8003300000000000000000000005D640008E0
:101D080071640008995800080000000000000000F5
:101D180083640008FF640008BD5900080000000043
:101D2800000000000000000000000000D9D80008F2
:101D3800B959000827D800087DE00008BDD8000878
:101D480089DE000871DF0008E3EE0008D9EE00081C
:101D5800B5DE000849DF0008000000006FD8000861
:101D6800B959000863D8000869D8000800000000C5
:101D780000000000653A0008EFD8000800000000E5
:101D880000000000E5D800087580020865FA000820
:101D9800F7D8000877D80008000000003BD90008F1
:101DA8006CFEFFFF00000000CF370108D93701089B
:101DB800953C000800000000000000001908000819
:101DC8002B080008713C00085DFA000800000000BC
:101DD80000000000000000000000000027D80008F4
:101DE800B959000827D80008000000002BD80008BF
:101DF80035D8000835D80008E3EE0008D9EE000809
:101E080039D80008B5590008000000006FD800084C
:101E1800B959000863D8000869D800080000000014
:101E280000000000116500082D6500080000000092
:101E3800000000003F65000897660008D5580008B4
:101E480000000000000000005565000885660008D5
:101E58000000000000000000A9660008BD66000838
:101E6800295B00080000000000000000CF660008A1
:101E7800F56600080000000000000000CF370108E8
:101E8800D9370108953C00084F670008916700089A
:101E9800190800082B080008310B01083F33010816
:101EA8001304010841D900083DD9000849D90008A0
:101EB8000000000000000000CF370108D9370108F2
:101EC800953C0008A3670008F16700081908000896
:101ED8002B080008D19200083F330108F990000848
:101EE80041D900085D9300088FC200089D9400083E
:101EF8000000000000000000CF370108D9370108B2
:101F0800953C0008000000000000000019080008C7
:101F18002B080008310B01083F33010857900008CF
:101F280041D90008058D0008B190000800000000A4
:101F38000000000000000000FD080008B93D00088E
:101F4800C50F0008CD0800080D0900082910000871
:101F58000000000000000000256800083D68000837
:101F680045690008E168000891680008696A000886
:101F7800B96B0008396D0008097A00084F68000835
:101F880075590008875900089F5E0008A95900087C
:101F9800B76D0008000000000000000091F501087E
:101FA800A5F50108DFA40108E3A40108BFB60108EC
:101FB80019AA0108A9AD0108B7F501080000000039
:101FC800000000007F7A00089D7A0008F7B0010839
:101FD800DFA40108FFB0010865B9010827B10108AD
:101FE800BDB10108FFF50108000000000000000075
:101FF80025F5010835F50108DFA40108DFA401086B
:102008003FB5010839A80108F1A80108C9F5010878
:102018000000000000000000517A00086D7A0008F6
:10202800F7B00108DFA40108FFB0010865B901088D
:1020380027B10108BDB10108FFF501080000000043
:102048000000000047F5010857F50108DFA4010862
:10205800E3A40108DBB5010839A80108F1A80108C3
:10206800C9F50108000000000000000000000000A1
:1020780000000000000000000000000020320308FB
:102088001032030800000000000000000D000000EE
:102098000D00000000000000000000000D0602080E
:1020A8001D060208E3A4010819FA01081DFA01082F
:1020B80077FE0108DBFE010849FE0108F1FF01086F
:1020C8001F0002080000000000000000CF370108D0
:1020D800D9370108953C0008E37C0008797D0008A1
:1020E80019080008057C000805860008B14A0008A0
:1020F8007D5800088D580008CD620008A5610008C9
:10210800035F0008F02F0308DC2F0308000000001D
:1021180000000000060000000700000000000000AA
:1021280000000000A5060008A5FC01089F0600089D
:10213800A3060008B74800085E10D20F960F320FAA
:10214800D80E880E2E0ECA0D5C0DE40C1C0C000077
:102158000000000000000000799600080000000060
:102168000000000000000000000000000000000067
:102178000000000000000000000000000000000057
:102188000000000000000000000000000000000047
:102198000000000000000000000000000000000037
:1021A8000000000000000000000000000000000027
:1021B8000000000000000000000000000000000017
:1021C8000000000000000000000000000000000007
:1021D80000000000000000000000000000000000F7
:1021E80000000000000000000000000000000000E7
:1021F80000000000000000000000000000000000D7
:102208000000000000000000000000007038030813
:102218004838030800000000000000000A00000021
:102228000A000000383803083038030800000000AE
:10223800E37600080200000002000000DC37030813
:10224800C037030800000000000000000A0000007A
:102258000E0000003437030894140308000000003F
:1022680000000000110000001100000020370308E2
:1022780018370308000000000000000002000000FA
:1022880002000000F47ECC17E6B4A322ECEED908D5
:102298004F3963EA8075E124CE05366963B2CBC055
:1022A80028D3348B5A9EA2A68AA666C15F550064BD
:1022B800A3A6FE71C0BB82C3323D7A7AE36EFDDD10
:1022C800AD3A66B9B3DF3B2E67B6D5F8DF762C4555
:1022D8005E2EBD16C5F867AA15F8920BDF5A665030
:1022E800AC0DBB2F3B8F863A381F7739A94EEF913B
:1022F800185A62E1AA9D36EACE60358D9D1FF4B862
:10230800C9136A5D367E2DE1845F425229110A2580
:1023180064546A6BFDB665FF151A5171224057F671
:10232800919B64581677EBA45291FB26CF8FD7D98F
:10233800D15DC4687375EDC59558EE9056D42F31AC
:1023480029F78C1F318CA95EED3C12BF979C478EF4
:10235800989DC23E86239029C8B020F8B1B0AA192A
:102368002ACF0A54A48A990E51DC1220F313F52BB4
:102378003AE24342C65298CDBBCAB131A0D4D63056
:10238800F327FB49D23F138D22048D075958A0F932
:1023980055CF30A02E2FCA8020E4DEA1ADD958B386
:1023A800432B22704041EC6AD2D603E49A9EBD6C5E
:1023B8000A9B75A4BCAB6FA795FF2DF6E9B9AB4C8A
:1023C8000C1CD03B2249322B00F922FA1702E9648F
:1023D80082F04D1BC704FCDC8C5EB6D916D637CE0E
:1023E80059AA0949486F1E48978864ACE8EB30A39E
:1023F800C3E1CF9739A6555B5FBF18B73ADFA87519
:10240800E79DE01E09B4E26D2898C9476646BFFFFC
:10241800581791AAC3BF4A9D0B88B1F103DD61D754
:10242800BA9E6498393984E0222F7D78451872B4B1
:1024380013D2012F3CA1B0FE39D0F13C72D6EF5433
:10244800D57722A00ADA5FECFF5CC02E5FC48D034B
:10245800E58059D35D4986E98DF6F616353DF99B39
:1024680029559E640856F0D7EF77D6111C8F952D05
:102478003CDFB122BF609BE5A9C06E4B01DCD157A0
:1024880044B2A5CF2CB27785D6B7489CFEBC80262F
:1024980060F46DCE1131A21E330A6D2B00FA0C9038
:1024A800958F5C6BFA59C86E94EE75C99AB0FE891F
:1024B8003640C9994A3BF4AA1224A20FF9D108CB95
:1024C8007819AAE56E427A4A8C616222A189D3A45E
:1024D800C219A38353A77A0A89E25452623DE7CA14
:1024E8008CF66A6020272FBA0C99D729F311358901
:1024F8009D0E24A1C3CBDF8AF1C6FED0D79F92D60A
:102508008F59BFE49170B47CFBFFA0596A251CA9C0
:102518009EE943815D74B1B10928004AAFE3FCA983
:102528004E27764C85FE7CECB67874C3ECE1327F9E
:10253800B0B70274F923D8E7FA14E6EE6644B18C12
:10254800A52F7ED28E66657B3B6F7ECC57B457EA4B
:10255800CC83F5AAF765A3CE937213C1B6467B293F
:1025680045B5C893CC11FB1AABA131876AC6DE8882
:1025780087A9B95937828DB2CCD897409A5C8F40D9
:1025880055CB4C3E0000000000000000CF3701088A
:10259800D9370108953C000825F0000839F00008F3
:1025A800190800082B080008D19200083F330108D9
:1025B80049FB000841D90008B5FB0008F5010108EE
:1025C8009D9400080000000000000000FD050008C0
:1025D80000000000000000004D0A00080000000094
:1025E80000000000110600080000000000000000C4
:1025F800B97300082D7400080000000000000000F6
:10260800CF370108D9370108953C000889600108CF
:10261800AD600108190800082B080008CF49010817
:10262800000000000000000073600108BF6001089E
:10263800E935010818390308C43803080000000008
:10264800000000003B0000006700000000000000E0
:1026580000000000192D01084D2D0108653A0008F9
:10266800E95900080DFF00088BFF0008F959000818
:10267800B9590008E1590008E5590008611901082D
:1026880069D90008000000000000000000000000F8
:1026980000000000653A0008E95900082B0001080D
:1026A80073000108F9590008B9590008E1590008F0
:1026B800E55900080000000069D90008FC3A030841
:1026C800F43A0308000000000000000008000000C1
:1026D80009000000000000000000000003330108AA
:1026E80027330108653A0008E95900082B0001085A
:1026F80073000108F9590008B9590008E1590008A0
:10270800E559000895E4000869D9000831800208F5
:10271800E0FFFFFF00000000CF370108D9370108AC
:10272800953C0008213301083933010819080008CD
:102738002B08000871E300080000000000000000FA
:102748000000000000000000653A0008E959000890
:102758000F3F0108573F0108F9590008B959000807
:10276800E1590008E55900080000000069D900088F
:1027780000000000000000005D5B0108935B010899
:10278800653A0008E95900080F3F0108573F01085A
:10279800DB3D0108B9590008E1590008E55900086E
:1027A8007B560108373D0108B58A0208E0FFFFFFA4
:1027B80000000000CF370108D9370108953C000810
:1027C8008D5B0108A55B0108190800082B080008A3
:1027D800C9590108000000000000000000000000C6
:1027E80000000000653A0008E9590008973F010811
:1027F800DF3F0108F9590008B9590008E1590008F4
:10280800E55900080000000069D900080000000030
:1028180000000000815F0108B75F0108653A000801
:10282800E9590008973F0108DF3F0108E144010822
:10283800B9590008E1590008E55900083D41010867
:10284800693D0108C18C0208E0FFFFFF000000009D
:10285800CF370108D9370108953C0008B15F010856
:10286800C95F0108190800082B080008B179010898
:1028780000000000000000006B5F0108CF5F010846
:10288800B758000800000000000000001D6401089F
:1028980049640108653A000893D900087B45010896
:1028A800DF590008F9590008B9590008E15900082A
:1028B800E5590008000000000000000021E40008BD
:1028C80035E40008653A0008E9590008DB590008B2
:1028D800DF590008F9590008B9590008E1590008FA
:1028E800E559000800000000000000005F2D010805
:1028F800832D0108653A0008E9590008DB590008EA
:10290800DF590008F9590008B9590008E1590008C9
:10291800E559000895820208E8FFFFFF0000000063
:10292800CF370108D9370108953C00087D2D0108EB
:10293800952D0108190800082B080008350D010815
:10294800343B0308B05103080000000000000000F9
:102958000300000003000000000000000000000069
:10296800DD320108F1320108653A0008E95900082A
:10297800A3FF0008EBFF00080D100108B959000873
:10298800E15900085B0D0108D5E1000869D9000884
:10299800703B03084C3B03080000000000000000E7
:1029A800090000000900000000000000000000000D
:1029B800CF370108D9370108953C00081163010891
:1029C80047630108190800082B080008DD610108A1
:1029D800B95900088D8A02080D8B0208D0FFFFFF45
:1029E800000000004163010859630108653A0008C6
:1029F800E9590008A7400108254101089761010825
:102A080007360108E1590008E5590008714B01082B
:102A180069D9000800000000000000001F590108E3
:102A280035590108F53401080000000000000000D5
:102A3800000000000000000000000000CF3701087F
:102A4800D9370108953C000875630108B36301088C
:102A5800190800082B080008B9790108CD84020874
:102A6800218502089D8B0208D9840208C18E0208BC
:102A7800D0FFFFFF00000000999C0108CCFFFFFF7A
:102A880000000000AD630108C5630108653A00084D
:102A9800E9590008A7400108254101080163010818
:102AA80017360108E159000825360108273D0108B5
:102AB80069D900080000000000000000F75801086C
:102AC8000D590108D734010800000000000000007B
:102AD800CF370108D9370108953C0008CB630108B6
:102AE80003640108190800082B0800087D7B010809
:102AF8000D8502084D8502082D8C0208D0FFFFFFC6
:102B080000000000FD63010815640108653A00082B
:102B1800E9590008A740010825410108096301088F
:102B28002D360108E1590008E55900082F3D010834
:102B380069D900080000000000000000D158010811
:102B4800E5580108B9340108000000000000000041
:102B5800276001085B6001087FC30008F17800085E
:102B68004D9B00085585000857E1000843350108CA
:102B7800BB5B0008A3060008A306000869F200086A
:102B8800C1F100087985020860F5FFFF0000000028
:102B9800CF370108D9370108953C0008556001086E
:102BA8006D600108190800082B080008554701083E
:102BB800000000000000000085320108B33201085F
:102BC800653A000893D90008552E0108DF59000816
:102BD800F9590008B9590008E159000879E30008D3
:102BE800E5830208E8FFFFFF00000000CF37010877
:102BF800D9370108953C0008AD320108C5320108F3
:102C0800190800082B080008392E010800000000E8
:102C18000000000001320108CB320108B9D90008D0
:102C2800BC3B0308B051030800000000000000008E
:102C3800010000000100000000000000000000008A
:102C4800CF370108D9370108953C0008E15F010832
:102C5800ED5F0108190800082B0800080D46010857
:102C6800D43B0308C83B0308000000000000000034
:102C78000300000003000000000000000000000046
:102C8800FF5F010815600108653A0008F55900085A
:102C98001F4001086740010831350108B95900088B
:102CA800E1590008E5590008D159010869D9000817
:102CB80021470108000000000000000023F0000880
:102CC800D7D90008A3B90108C3B9010821BA010876
:102CD8007DBA0108C1BC0108BBBD0108779D010888
:102CE800A19D0108C5BD0108C9BD01089DBE010817
:102CF80059DE0008ADBE010875D8000879F9010849
:102D08008DB90108699D010835BF0108DFBE0108BA
:102D1800AF9D0108B19D0108519D01080000000008
:102D28000000000049D7010839B40108B1B9010809
:102D3800D1B901082FBA01087DBA0108C1BC010840
:102D4800BBBD0108779D0108A19D0108C5BD01080B
:102D5800C9BD01089DBE0108A3BE0108ADBE01089A
:102D6800AD9D010879F901088DB90108699D01082F
:102D780035BF0108DFBE0108AF9D0108B19D0108FC
:102D8800519D01080000FFFF0000800000000000C6
:102D9800080008000000000000000000E803000030
:102DA800FFFFFFFFFFFFFFFFFFFFFFFFFFFFFFFF2B
:102DB800FFFFFFFF000000000000000047D70108E8
:102DC8002DB40108BDD801089DC30108A1C301089D
:102DD800A9C3010859A00108F5A30108ED9E01083F
:102DE8001FA4010839A00108C3D9010873DA010832
:102DF80077D40108AFD001082DD8010881DE010879
:102E080007DE010825E001081FE10108C1ED0108FE
:102E1800C5D101082D9E010877E0010831ED0108B0
:102E280069C2010817A3010841DA010877C301083C
:102E38006DDC010899A00108ADDC01082DA201088C
:102E480055C301084DC3010845A2010873A0010834
:102E580041DB010835DC0108DD9F010801A00108FC
:102E6800F5D20108FD9D0108059E0108FD9D010898
:102E7800059E0108FD9D0108059E0108539E010855
:102E8800DDDD01084FE401088BD301084FA20108DA
:102E980079BC010891BD010819E20108E5E20108C1
:102EA8002BD4010855EF0108BBF30108F1F3010821
:102EB80049F4010800000000000000009DEF000830
:102EC800BFEF0008D9D80008B95900084D700008AC
:102ED8007DE00008BDD8000889DE000871DF000821
:102EE80021EF0008B96F0008B5DE000849DF0008C7
:102EF800A77200086FD800088D5C000863D8000826
:102F080069D8000825710008455D0008637000084D
:102F18003D710008FD5C00089F5C0008E5D80008CA
:102F28007580020865FA00084D5D000877D800082A
:102F380055720008777200086CFEFFFF0000000061
:102F4800CF370108D9370108953C0008B9EF0008C8
:102F5800D1EF0008190800082B080008713C000888
:102F68005DFA00080000000000000000CF370108EB
:102F7800D9370108953C0008515D00085D5D0008DF
:102F8800190800082B08000881890008B56206089E
:102F980000000000B5620A04000000000000000004
:102FA80000000000E10E0008FD0E00089F06000862
:102FB800A30600080412004000000000BC2F03080C
:102FC800B0510308000000000000000001000000EC
:102FD80001000000741B0308B41A0308841A0308CC
:102FE800C42F0308000000000538014004006001F8
:102FF8000D320140040004001130014004000100BA
:103008001538014004008800193801400400F60111
:103018001D380140040004000000000004140040B2
:10302800081004100C100510101006100000000005
:1030380024300308B051030800000000000000001D
:1030480004000000040000000414004008140440B8
:103058000C11084010140C4014121010000000004D
:10306800051B0100000006000917010006002800E2
:103078000D1701002E000500101233101410341023
:10308800181235101D16010036002200241059119F
:1030980000000000041204440000000004100111A4
:1030A800081204420C140C441012144414121C4448
:1030B800181021110000000004140444081009111C
:1030C8000000000004100111081204420C140C4402
:1030D8001012144414121C44181021111C1023112E
:1030E8000000000004120040081104400C100810F1
:1030F80000000000383003080000000005180140F7
:103108000400080000000000051801400400080041
:10311800091701000C0021000C11304000000000CC
:1031280050300308B0510308000000000000000000
:10313800050000000500000068300308B0510308CE
:103148000000000000000000080000000900000066
:103158009C300308B0510308000000000000000084
:103168000100000001000000A4300308B05103086A
:10317800000000000000000006000000060000003B
:10318800C0300308B0510308000000000000000030
:103198000200000002000000CC300308B051030810
:1031A8000000000000000000070000000700000009
:1031B800EC300308B05103080000000000000000D4
:1031C800030000000300000004310308FC3003087A
:1031D80000000000000000000100000001000000E5
:1031E80010310308FC300308000000000000000054
:1031F8000300000003000000041200400918011039
:1032080005001100000000004031030828310308C0
:10321800C815030800000000041200400918012026
:1032280006005A000D18014064001400101478407C
:1032380014147C4019180140840028001C12AC109A
:103248002010AD102412AF112810B0102C10B1109E
:103258003012B4403412B84000000000A031030816
:103268008831030870310308583103080000000052
:103278000518014004002400091801402C000C0026
:103288000D1801403C00240011180140640008009A
:1032980000000000041200100916010002002200BC
:1032A8000000000004120010081204400C120880EC
:1032B8001012144400000000F81503080000000074
:1032C800041200400918012006006A000C10701052
:1032D80010107110000000000412001008120110F4
:1032E8000C120220101204200000000068350308A8
:1032F800000000000528104004001800000000002D
:103308000517010000000800081108400C140C40C3
:10331800111701001000050000000000E831030843
:10332800D0310308B8310308C80B030800000000B7
:103338000518014004003400091801403C000C0045
:103348000D1801404C000C00111801405C000800E9
:103358000000000004120111081404420C120C446D
:103368001012144414121C44281224442C122C4405
:1033780030123444000000000412004008120440D7
:103388000C12084010120C4014121040181214406D
:103398001C12184000000000051201000000040083
:1033A80009120100080008000D12010010000800B1
:1033B8001112018020000800151201803000080059
:1033C80019120100380002001D1201003A00020023
:1033D800211201003C000200251701103F00C8001F
:1033E8000000000004120111081203110C14084413
:1033F8000000000004120040081404400C140840A7
:1034080010120C4014121040181214401C121820EC
:1034180020121A2024121C40281220402C1224406A
:103428003012284034122C40381230203C113440DD
:10343800000000000414044408140C440C14144440
:1034480010141C441414244418142C441C1434441C
:1034580020143C442414444428144C442C1454444C
:1034680030145C443414644438146C443C1474447C
:1034780040147C44000000000412044408120C4468
:103488000C12144410121C441412244418122C4414
:103498001C12344420123C442412444428124C4444
:1034A8002C12544430125C443412644438146C4472
:1034B8003C14744440147C444414844448148C449C
:1034C8004C12944450129C445414A4445814AC44D0
:1034D8005C14B4446014BC446414C4440000000088
:1034E8000414044408140C440C14144410141C440C
:1034F8001414244418142C441C1232222014384466
:1035080024144044281448442C145044301458447B
:1035180034125E22381464443C146C4440147444DD
:1035280044147C44481484444C148C4450149444EB
:103538005412991158149C420000000005240840B8
:103548000400040009210820260001000D24082099
:103558003000040011210820520001000000000082
:1035680000320308F80B0308000000000000000008
:1035780002000000020000007832030864320308E9
:10358800000000000000000004000000040000002B
:103598009C320308B051030800000000000000003E
:1035A8000200000002000000AC320308B05103081A
:1035B80000000000000000000400000004000000FB
:1035C800C8320308C03203080000000000000000F1
:1035D8000400000004000000E0320308B0510308B2
:1035E80000000000000000000400000004000000CB
:1035F800FC320308F4320308000000000000000059
:10360800010000000100000008330308B05103085E
:10361800000000000000000004000000040000009A
:1036280038330308243303080000000000000000BA
:1036380004000000040000005C330308B0510308D4
:103648000000000000000000080000000C0000005E
:1036580080330308B0510308000000000000000098
:103668000700000007000000A0330308B05103085A
:103678000000000000000000090000000900000030
:10368800EC330308B05103080000000000000000FC
:103698000300000003000000FC330308B0510308D6
:1036A80000000000000000000F0000000F000000F4
:1036B8003C340308B051030800000000000000007B
:1036C800100000001000000080340308B051030807
:1036D80000000000000000001900000019000000B0
:1036E800E8340308B051030800000000000000009F
:1036F800160000001600000044350308B051030806
:1037080000000000000000000400000004000000A9
:10371800E41A0308000000000528084004004C00D3
:1037280009120100640204000000000005180140AD
:103738000400D40009180140DC0018000D180140ED
:10374800F8001C0011180140180114001518014058
:1037580030010C0019180140400124001D180140D7
:1037680068012800211201009001040025180110A9
:1037780095010700291801209E0148002D180120F5
:10378800E8010C0031180110F50105003518012079
:10379800FC01240039180140240210003D180110D2
:1037A800350250004118013088022C0045180110DC
:1037B800B5020200000000005C1B0308F8150308AE
:1037C800741B0308741B0308741B0308683503087B
:1037D800000000000918014004004C000D180120E9
:1037E80052006A0015280140C00060011D18014000
:1037F8002402600121120100840304002510010045
:10380800880301002D1001008903010031180120EF
:103818008C03600135280C40F004180039120100AF
:1038280010060400000000008420030800000000C7
:10383800041200400968010004000C0000000000A8
:10384800B0150308981503088015030868150308C0
:103858005015030838150308201503080815030830
:10386800D814030800000000051801400400600097
:103878000918014068002C000D1801409800280024
:1038880011180140C400C400151801408C0118002B
:1038980019180140A80140001D180140EC0108005A
:1038A80021120100F401040025180120FA01B000DA
:1038B80029180120AC02300000000000E41A0308B7
:1038C800F81503082C1B0308FC1A03089C1A0308A4
:1038D8002836030810360308F8350308E0350308CE
:1038E800F8150308E41A03082C1B0308FC1A03083C
:1038F800E01503083C1A03083C1A0308C8350308F6
:10390800B035030898350308803503080000000027
:1039180005320180080004000938018008004C00C5
:103928000D300180080001001138018008006A008C
:103938001532018008000100193801800800D00004
:103948001D32018008000100213801800800D800DC
:1039580029300180080001002D3701800800C900C6
:1039680031300180080001003538018008002C0042
:1039780039300180080001003D3701800800E70068
:1039880041300180080001004538018008006400CA
:1039980049380180080018004D30018008000100F6
:1039A8005138018008008401553001800800010069
:1039B800593701800800C9005D3201800800040001
:1039C80061320180080001006532018008000100B1
:1039D80069320180080001006D3801800800060086
:1039E8008138018008006A008538018008004C0091
:1039F800893801800800D0008D3801800800D8007F
:103A0800913701800800C900953701800800E70058
:103A180099320180080004009D32018008000400EA
:103A2800A132018008000400A53801800800740054
:103A3800A930018008000100AD34018008000400AD
:103A4800B130018008000100B538018008008C0001
:103A5800B938018008008C00BD32018008000400DC
:103A6800C132018008000400C5320180080004004A
:103A780001300180080001100530018008000110A4
:103A880009380180080074100D38018008001810EA
:103A980011300180080001107931018008000410FC
:103AA8007D31018008000410813001800800011078
:103AB8008531018008000410893101800800041054
:103AC8008D31018008000410913001800800011038
:103AD8009516010090010A109938018008002410F9
:103AE8009D38018008006C10000000004036030873
:103AF8000000000005170100000020000916010061
:103B0800200022000C1244401012484019180140AD
:103B1800500038001C128840211601008C00120049
:103B2800251701009E000800000000000412008014
:103B380009160100080022000D1601002A002200C3
:103B480000000000C8150308E8360308D03603084B
:103B5800B8360308A0360308883603087036030809
:103B68005836030800000000051401000000040096
:103B780009380140080028000D3801400800A0005D
:103B8800113801400800C8001538014008008000BD
:103B980019380140080038001D38014008000C00A1
:103BA80021380140080008012538014008001C00A0
:103BB80000000000051701000000E70000000000F9
:103BC80000370308003703080000000005380140EB
:103BD80004005C000938014004005C000C32041445
:103BE800000000000000000000000000EB74000866
:103BF80001750008D15A0008F95A000800000000B1
:103C080000000000C3740008D9740008935A000823
:103C1800AB5A00080000000000000000997400087A
:103C2800B1740008455A0008695A00087C2600202B
:103C38000000000000000000D3F50108EDF50108C0
:103C4800F7B00108DFA40108FFB0010865B9010851
:103C580027B10108BDB10108FFF501080000000007
:103C6800000000000000000000000000DFA40108C0
:103C7800000000000000000039A80108F1A80108B0
:103C8800C9F5010800000000000000006DF50108FA
:103C98007BF50108DFA40108E3A40108A1B6010827
:103CA80019AA010849D900088DF50108000000008B
:103CB80000000000000000000000000000000000FC
:103CC80000000000000000000000000000000000EC
:103CD80000000000000000000000000000000000DC
:103CE80000000000075E00088D5E000857590008B4
:103CF80000000000000000006F5D0008F55D00088E
:103D0800395900087B560308F8120020A81A002029
:103D18000100000000806144000068440000C842BF
:103D28001E000000644203084D5F03080200000003
:103D38000080D8430000D943000020410A00000059
:103D480064420308505F0308030000009A5959446D
:103D58009A695944000020411B00000050420308A2
:103D6800575F0308040000000000EB430000FF4316
:103D78000000C84213000000644203085E5F0308A5
:103D8800050000000020664400E066440000C842C8
:103D98000D00000064420308615F0308060000008C
:103DA80000C06444000068440000C8421E000000CF
:103DB80064420308645F0308160000006686D8435F
:103DC8001F65D9430000C8420E0000006442030882
:103DD800685F030809000000CD2C5944CD4C5944B4
:103DE8000000C8421400000064420308705F030822
:103DF800070000000000664400C066440000C84296
:103E08001700000064420308735F030808000000FD
:103E180000006644004067440000C8421B000000E0
:103E280064420308765F03080A0000000040584413
:103E380000C058440000C8421E0000006442030845
:103E4800795F03080B000000000058440000594443
:103E58000000C84224000000644203087C5F030895
:103E68000C00000000006644004067440000C8429F
:103E78001000000064420308835F03080E0000007E
:103E88000080D8439A59D943000020410A00000015
:103E980064420308865F03080F00000000005944CD
:103EA800662659440000803F0E0000006442030863
:103EB8008D5F0308100000000080D8430080D943BC
:103EC8000000C8421400000064420308945F03081D
:103ED8001100000000C06544000067440000C842AB
:103EE8001B010000644203089B5F030812000000E6
:103EF80000406544004067440000C84214000000C8
:103F080064420308A25F0308130000000080D8433E
:103F18009A59D9430000C8420A00000064420308C5
:103F2800A95F030814000000000059449A59594435
:103F38000000C8420E00000064420308B05F030896
:103F48001500000000C06444008065440000C842B9
:103F58001800000064420308B75F03081700000058
:103F68009A89D8433363D9430000C8420A00000045
:103F780064420308BE5F03081800000000C05744ED
:103F8800000059440000C8421E00000064420308B3
:103F9800C55F030819000000004058440000594458
:103FA8000000C8421E00000064420308CC5F0308FA
:103FB8001A0000000080614400E062440000C8422A
:103FC8001E00000064420308D35F03080D000000D0
:103FD8000000164500381B450000C8420A000100D1
:103FE80064420308DA5F03080000000000806144AF
:103FF800000068440000C8421E0000003C4203085C
:10400800E25F03080100000000000000000000005B
:104018000000000000000000000000000200000096
:104028000100000000000000000000000000000087
:104038000000000004000000000000000100000073
:104048000000000000000000000000000000000068
:104058000000000000000000000000000000000058
:10406800000000001600000018000000FFFFFFFF1E
:10407800FFFFFFFFFFFFFFFF000000000000000040
:104088000000000000000000000000000000000028
:104098000000000000000000000000000000000018
:1040A8000000000000000000000000000000000008
:1040B80000000000000000000000000000000000F8
:1040C80000000000000000000000000000000000E8
:1040D80000000000000000000000000000000000D8
:1040E800000000006BD900086BD9000877D90008D8
:1040F80077D9000887D9000887D900080000000090
:1041080000000000000000000000000000000000A7
:104118000000000000000000000000000000000097
:104128000000000000000000000000000000000087
:104138000000000000000000000000000000000077
:104148000000000000000000000000000000000067
:10415800F4410308E04103080000000000000000EB
:10416800060000000600000000000000000000003B
:104178000000000000000000653A0008E959000846
:104188000DFF00088BFF0008F9590008B95900080D
:10419800E1590008E55900080000000069D9000845
:1041A8000000000000000000000000000000000007
:1041B800653A0008E9590008A3FF0008EBFF00086A
:1041C800F9590008B9590008E1590008E5590008EB
:1041D8000000000069D90008142203085C220308C3
:1041E80074220308F81503080000000005120100F6
:1041F8000000040009140100040004000D180180E7
:104208001000E00211180140F402B802151801402C
:10421800B0056802191801201A086A000000000099
:1042280000FF00010304050607FF0001030405065B
:10423800070809FF284203080000000000000000EA
:1042480001000000000000002A42030800000000EE
:1042580000000000000000000000000032420308D7
:104268000000000000000000010000000000000045
:10427800845E030800000000000000002DE1000833
:1042880045E10008E3D900081FDA0008465D030885
:10429800F61A0020000000006410B71DC8206E3B0D
:1042A800AC30D9269041DC76F4516B6B5861B24D35
:1042B8003C7105502083B8ED44930FF0E8A3D6D69F
:1042C8008CB361CBB0C2649BD4D2D38678E20AA007
:1042D8001CF2BDBD0000000000000000A30600089D
:1042E800913C0108D93C0108E5590008A3060008DB
:1042F8006136010827D80008B95900089F06000848
:104308009F0600080B360108653601086936010862
:10431800914C0108819A010800000000000000008B
:10432800E93E0108FD3E0108653A0008E959000820
:10433800B93D0108DF590008F9590008B9590008C2
:10434800E1590008E55900082C0100005802000056
:10435800B004000060090000C012000080250000C1
:10436800004B00000096000000E1000000C20100C0
:10437800008403000008070000CA080000100E00AF
:104388000000000000000000A9490108BD4901081B
:10439800653A0008353501086D470108DF590008FE
:1043A8005D470108B9590008E1590008E5590008B6
:1043B80000000000000000000000000000000000F5
:1043C800653A0008E95900081F40010867400108DC
:1043D800F9590008B9590008E1590008E5590008D9
:1043E8000000000069D9000800000000000000007B
:1043F8000000000000000000653A0008E9590008C4
:10440800A740010825410108F9590008B9590008D1
:10441800E1590008E55900080000000069D90008C2
:10442800A086010080380100C0D4010000007A0D88
:10443800FA005C12A00F800214000000801A060027
:1044480000E2040000530700000084036400140520
:104458005802FA006400000040420F0000350C00CA
:10446800804F12000000C2013200F40104013C0038
:104478006400000007000000003001401205000041
:104488000701000000000158020D00000A000000AA
:1044980000380040120500000C0000000030014008
:1044A8001205000015000000003001401205000050
:1044B800FFFFFFFF000000000000000005000000F3
:1044C80000380040120300000600000000300140E0
:1044D800120500000601000000000158020D00004E
:1044E8000B0000000030014012050000140000001D
:1044F8000030014012050000FFFFFFFF0000000030
:10450800000000000100000000300140120500001A
:104518000500000000300140120500000501000000
:1045280000000158020D000008000000003800409B
:1045380012050000090000000038004012050000C4
:10454800130000000030014012050000FFFFFFFFCC
:1045580000000000000000000400000000300140DE
:10456800120500000401000000000158020D0000BF
:104578000900000000380040120300000F0000008E
:104588000030014012050000120000000030014018
:10459800120500001C000000003800401205000051
:1045A800FFFFFFFF000000000000000000000048BF
:1045B8000004004800080048001C004800000000F3
:1045C80000000000A306000875360108F73C010842
:1045D800E5590008A30600086136010827D8000835
:1045E800B95900089F0600089F0600080B36010805
:1045F8006536010869360108558101085D4C0108D6
:104608000000000000000000A3060008733601083F
:10461800EB3C0108E5590008A306000861360108CB
:1046280027D80008B95900089F0600089F06000807
:104638000B3601086536010869360108D98001087A
:10464800394C010800000000000000008B3601080A
:104658000F3D0108110000001200000010000000CA
:104668000A0000000F0000000D0000000E0000000E
:104678000B0000000C000000FFFFFFFF000000001F
:104688008001000080010000637C777BF26B6FC5BE
:104698003001672BFED7AB76CA82C97DFA5947F03D
:1046A800ADD4A2AF9CA472C0B7FD9326363FF7CC19
:1046B80034A5E5F171D8311504C723C31896059AB6
:1046C800071280E2EB27B27509832C1A1B6E5AA0D9
:1046D800523BD6B329E32F8453D100ED20FCB15BC4
:1046E8006ACBBE394A4C58CFD0EFAAFB434D33852D
:1046F80045F9027F503C9FA851A3408F929D38F501
:10470800BCB6DA2110FFF3D2CD0C13EC5F97441737
:10471800C4A77E3D645D197360814FDC222A9088AE
:1047280046EEB814DE5E0BDBE0323A0A4906245C3A
:10473800C2D3AC629195E479E7C8376D8DD54EA99F
:104748006C56F4EA657AAE08BA78252E1CA6B4C66B
:10475800E8DD741F4BBD8B8A703EB5664803F60EC4
:10476800613557B986C11D9EE1F8981169D98E94B3
:104778009B1E87E9CE5528DF8CA1890DBFE64268CC
:1047880041992D0FB054BB1652096AD53036A53859
:10479800BF40A39E81F3D7FB7CE339829B2FFF8721
:1047A800348E4344C4DEE9CB547B9432A6C2233D05
:1047B800EE4C950B42FAC34E082EA16628D924B2B6
:1047C800765BA2496D8BD12572F8F66486689816D7
:1047D800D4A45CCC5D65B6926C704850FDEDB9DA36
:1047E8005E154657A78D9D8490D8AB008CBCD30A24
:1047F800F7E45805B8B34506D02C1E8FCA3F0F0200
:10480800C1AFBD0301138A6B3A9111414F67DCEACE
:1048180097F2CFCEF0B4E67396AC7422E7AD358547
:10482800E2F937E81C75DF6E47F11A711D29C58951
:104838006FB7620EAA18BE1BFC563E4BC6D2792033
:104848009ADBC0FE78CD5AF41FDDA8338807C7313C
:10485800B11210592780EC5F60517FA919B54A0D34
:104868002DE57A9F93C99CEFA0E03B4DAE2AF5B0A9
:10487800C8EBBB3C83539961172B047EBA77D626C5
:10488800E169146355210C7D001B362D6C775A4164
:104898000001020408102040801B360001000000BF
:1048A80002000000040000000800000010000000E2
:1048B800200000004000000080000000000100000F
:1048C80000020000000400000008000000100000C2
:1048D80000200000004000000080000002010403E6
:1048E8000204081004004000000422FB1200110317
:1048F80021001106210322021406110B120B110EBE
:10490800120E11141116220B13152111240D211446
:10491800211622152315411341143314521361161D
:10492800521653166316641674165000B000180118
:104938007801B0021803C8053006300C980C010144
:10494800000001000100000001000100000F060343
:1049580000122436480416283A4C081A2C3E0C1E1D
:1049680030421022344601132537490517293B4D9B
:10497800091B2D3F0D1F31431123354702142638DB
:104988004A06182A3C4E0A1C2E400E2032440315B3
:1049980027394B07192B3D4F0B1D2F410F2133454D
:1049A80000000000000000000000000000000000FF
:1049B80000000000000000000000000000000000EF
:1049C80001000000000000000000000000000000DE
:1049D80000000000000000000000000000000000CF
:1049E800E0EB7A7C3B41B8AE1656E3FAF19FC46A15
:1049F800DA098DEB9C32B1FD866205165F49B80075
:104A08005F9C95BCA3508C24B1D0B1559C83EF5BBF
:104A180004445CC4581C8E86D8224EDDD09F1157A2
:104A2800ECFFFFFFFFFFFFFFFFFFFFFFFFFFFFFFA1
:104A3800FFFFFFFFFFFFFFFFFFFFFFFFFFFFFF7FFE
:104A4800982F8A4291443771CFFBC0B5A5DBB5E9F1
:104A58005BC25639F111F159A4823F92D55E1CAB65
:104A680098AA07D8015B8312BE853124C37D0C55F3
:104A7800745DBE72FEB1DE80A706DC9B74F19BC13B
:104A8800C1699BE48647BEEFC69DC10FCCA10C242B
:104A98006F2CE92DAA84744ADCA9B05CDA88F9760F
:104AA80052513E986DC631A8C82703B0C77F59BF79
:104AB800F30BE0C64791A7D55163CA0667292914A5
:104AC800850AB72738211B2EFC6D2C4D130D385342
:104AD80054730A65BB0A6A762EC9C281852C729204
:104AE800A1E8BFA24B661AA8708B4BC2A3516CC732
:104AF80019E892D1240699D685350EF470A06A106B
:104B080016C1A419086C371E4C774827B5BCB034B9
:104B1800B30C1C394AAAD84E4FCA9C5BF36F2E6857
:104B2800EE828F746F63A5781478C8840802C78CE6
:104B3800FAFFBE90EB6C50A4F7A3F9BEF27871C6E9
:104B48000000000000000000CF370108D937010835
:104B5800095501080000000000000000CF370108D7
:104B6800D93701081D550108B5620501020000008A
:104B78000000000000000000000000008D36010861
:104B8800BF6F01089F060008936B0108A53601084E
:104B9800016D01081F6D0108FDFC01081FFD0108DA
:104BA8000000000000000000CF370108D9370108D5
:104BB800953C0008000000000000000019080008EB
:104BC8002B080008000000003021120312033021D6
:104BD8000312213021300312437034072516526125
:104BE8005261251634074370073470436152162505
:104BF80016256152704307343407437052612516F5
:104C080025165261437034077043073416256152E4
:104C180061521625073470430000000000000000B0
:104C2800000000000000000000000000653A0008D5
:104C380000000000DB590008DF590008F959000896
:104C4800B9590008E1590008E559000800000000BA
:104C58000000000000000000000000007FC3000802
:104C6800F17800084D9B000855850008B95B0008DD
:104C780000000000BB5B0008A3060008A3060008AC
:104C88000000000000000040128100000100000048
:104C98000000004012010100020000000000004076
:104CA8001281010003000000000000401201020010
:104CB800050000000000004012810000060000000E
:104CC80000440140128E000007000000002C014043
:104CD800128110000701000000480140128E0000F8
:104CE80008000000002C01401281000009000000AB
:104CF800002C0140120101000A000000002C0140B4
:104D0800128101000B000000002C0140120102007A
:104D18000F00000000000040128100001300000096
:104D2800000000401201010016000000004401408C
:104D3800128E10001700000000480140128E10006B
:104D480018000000002C0140120111001801000099
:104D580000440140128E0000FFFFFFFF000000002A
:104D6800000000000A000000005400400A0400008F
:104D78000B000000005800400A0400000F0000006B
:104D8800005800400A04000014000000005C0040C5
:104D98000A04000017000000005400400A04000044
:104DA800FFFFFFFF000000000000000007000000F8
:104DB800005C00400A0400000900000000540040A4
:104DC8000A0400000C000000005800400A0400001B
:104DD80016000000005400400A04000018000000FB
:104DE800005400400A040000FFFFFFFF000000001D
:104DF8000000000000000000000000008DFC010819
:104E0800FB03020855FC010871FC01082DFC010890
:104E1800390702083BFC0108FDFC01081FFD0108D9
:104E2800000000000000000029530108A9520108F1
:104E38009F060008F18101088937010891370108A8
:104E4800AB370108FDFC01081FFD01080000000048
:104E580000000000C500020800000000000000007B
:104E6800653A00081B640108033D0108E55900087C
:104E7800A30600086136010827D80008B9590008B8
:104E88009F0600089F0600081136010865360108CC
:104E9800693601087B36010877360108198502084A
:104EA8001D850208ECFFFFFF000000007F360108A7
:104EB800E8FFFFFF000000008336010849490000B1
:104EC80000000000000000004445425547001B5BFD
:104ED80033346D00494E464F20001B5B33326D0062
:104EE8005741524E20001B5B33336D004552524FE1
:104EF80052001B5B33316D001B5B306D006D6170C0
:104F08003A3A6174005452414345001B5B33356D96
:104F180000257320007C20253032643A2530326425
:104F28003A2530326420257520007C203F3F3A3FE7
:104F38003F3A3F3F20257520005B005D200024504C
:104F480043415330342C372A31450D0A002450434D
:104F5800415330332C312C302C302C302C312C3028
:104F68002C302C302C302C302C2C2C302C302A305F
:104F7800320D0A00245043415331312C332A314534
:104F88000D0A0024504D544B3335332C312C312C21
:104F9800302C302C302A32420D0A0024504D544B0C
:104FA8003331342C302C312C302C312C302C302C0B
:104FB800302C302C302C302C302C302C302C302C09
:104FC800302C302C302C302C302A32380D0A00246A
:104FD800504D544B3330312C322A32450D0A0024BF
:104FE800504D544B3238352C332C3130302A33461F
:104FF8000D0A0024504D544B3838362C312A32399A
:105008000D0A0024504D544B3335332C312C312CA0
:10501800312C312C312A32410D0A0024504D544B89
:105028003335332C312C302C302C302C302A324173
:105038000D0A00244346475359532C6833353135FC
:10504800350D0A00244346474D53472C302C332C4A
:10505800300D0A00244346474D53472C302C322C40
:10506800300D0A00244346474D53472C362C302C2C
:10507800300D0A00244346474D53472C362C312C1B
:10508800300D0A0024504149523036362C312C302C
:105098002C312C302C302C312A33420D0A0024506C
:1050A8004149523036362C312C312C312C312C30B0
:1050B8002C302A33410D0A002450414952303632EF
:1050C8002C302C312A33460D0A00245041495230E5
:1050D80036322C312C302A33460D0A0024504149EF
:1050E800523036322C322C302A33430D0A002450E9
:1050F8004149523036322C332C302A33440D0A00C1
:1051080024504149523036322C342C312A33420D46
:105118000A0024504149523036322C352C302A337B
:10512800420D0A0024504149523036322C362C3078
:105138002A33380D0A0024504149523531332A3375
:10514800440D0A00244346474D53472C302C302C3D
:10515800312C312A31420D0A00244346474D53472A
:105168002C302C342C312C312A31460D0A0076652E
:1051780063746F723A3A5F4D5F72616E67655F691B
:105188006E7365727400766563746F723A3A5F4D38
:105198005F7265616C6C6F635F696E7365727400D2
:1051A80008010008040000000000000024475054D3
:1051B80058542C30312C30312C30322C752D626CF7
:1051C8006F78206167202D207777772E752D626C98
:1051D8006F782E636F6D2A353000322E372E3232BB
:1051E8002E6335333033633600417474656D7074E3
:1051F80020656E63727970742077697468206E6FA9
:105208006E63653A2000417474656D707420656E34
:105218006372797074207769746820736861726545
:10522800645F6B6579207374617274696E67207747
:105238006974683A2000417474656D7074206465FF
:1052480063727970742077697468206E6F6E636515
:105258003A2000417474656D7074206465637279D6
:1052680070742077697468207368617265645F6B15
:105278006579207374617274696E672077697468E0
:105288003A20004D65736874617374696320253032
:1052980034780021253038780024504D544B323270
:1052A800352C342A32460D0A004344454647484ABD
:1052B8004B4C4D4E505152535455565758580076F2
:1052C8006563746F723A3A5F4D5F72616E67655FCE
:1052D800636865636B3A205F5F6E2028776869634F
:1052E8006820697320257A7529203E3D20746869F5
:1052F800732D3E73697A6528292028776869636861
:1053080020697320257A752900496E636F6D696E6F
:1053180067205075626B65793A2000536176656441
:10532800205075626B65793A200052656D6F74651F
:105338002064657669636520257320686173206140
:1053480064766572746973656420796F757220700C
:1053580075626C6963206B65792E205468697320C7
:105368006D617920696E6469636174652061206389
:105378006F6D70726F6D69736564206B65792E202F
:10538800596F75206D6179206E65656420746F2092
:10539800726567656E657261746520796F757220D4
:1053A8007075626C6963206B6579732E0054726145
:1053B8006365526F7574652063616E206F6E6C79DA
:1053C8002062652073656E74206F6E636520657654
:1053D800657279203330207365636F6E6473004D96
:1053E800756C74692D686F70207472616365726F73
:1053F80075746520746F2062726F61646361737481
:105408002061646472657373206973206E6F742001
:10541800616C6C6F776564002F0053657269616C0D
:10542800436F6E736F6C65000D0A0D0A2F2F5C2099
:1054380045205320482054202F5C20532054202FEF
:1054480020430D0A0072757373656C6C00566572A3
:1054580073696F6E20257320666F7220257320662E
:10546800726F6D2025730D0A0052434756312F661F
:1054780069726D776172652D466F726B0044656263
:105488007567206D75746520697320656E61626C3F
:1054980065642C2074686572652077696C6C20627D
:1054A80065206E6F2073657269616C206F7574700A
:1054B80075742E0D0A006D61696E436F6E74726F9C
:1054C8006C6C65720074696D6572436F6E74726F8F
:1054D8006C6C657200506F776572002F707265662C
:1054E800732F64622E70726F746F002F707265660E
:1054F800732F636F6E6669672E70726F746F002FFB
:1055080070726566732F6E6F6465732E70726F7438
:105518006F00766563746F723A3A5F4D5F646566D3
:1055280061756C745F617070656E64002F70726570
:1055380066732F6465766963652E70726F746F0089
:105548002F70726566732F6D6F64756C652E70723F
:105558006F746F002F70726566732F6368616E6E6B
:10556800656C732E70726F746F002F70726566733E
:105578002F7569636F6E6669672E70726F746F003E
:10558800526F757465720047505300537461747597
:10559800734C45444D6F64756C650041646D696E6C
:1055A800006D6573685F636F6E74726F6C004D6534
:1055B8007368436F6E74726F6C006E6F6465696EAA
:1055C800666F004E6F6465496E666F00706F736931
:1055D80074696F6E00506F736974696F6E006465EB
:1055E80074656374696F6E00446574656374696F8C
:1055F8006E53656E736F72004B6579566572696696
:1056080069636174696F6E004465766963655465A2
:105618006C656D6574727900456E7669726F6E6D32
:10562800656E7454656C656D6574727900506F773A
:10563800657254656C656D6574727900536572693D
:10564800616C0045787465726E616C4E6F74696642
:1056580069636174696F6E4D6F64756C6500457838
:105668007465726E616C4E6F7469666963617469A2
:105678006F6E002F70726566732F72696E67746F34
:105688006E652E70726F746F0032343A643D333237
:105698002C6F3D352C623D3536353A66362C702CEC
:1056A80066362C34702C702C66362C702C66362C92
:1056B80032702C702C62362C702C62362C702C6256
:1056C800362C702C62362C702C622C702C622C704C
:1056D8002C622C702C622C702C622C702C622C701A
:1056E8002C622C702C622C31702E2C32702E2C7067
:1056F8000052616E67655465737400726F757469E2
:105708006E6700526164696F496600526164696F2F
:105718004C6962206572723D00535831323631004F
:1057280041697254696D6500626F6F742074696DA8
:10573800656F75740057616B652074696D657200DB
:105748005265636569766564207061636B65742C66
:105758002065786974696E67206C6967687420735E
:105768006C65657000526563656976656420706173
:10577800636B65742C20726573657474696E672039
:1057880077696E2077616B65005072657373004CA2
:105798006F774261740053687574646F776E00495F
:1057A8006E7075742044657669636500426C756532
:1057B800746F6F74682070616972696E67005061F8
:1057C800636B657420666F722070686F6E65005237
:1057D80065636569766564207465787400736572BD
:1057E80069616C2041504900706F77657220636F62
:1057F8006E6E65637400706F776572206469736399
:105808006F6E6E65637465640073657269616C20A0
:10581800646973636F6E6E65637400436F6E746161
:1058280063742066726F6D2070686F6E65005363D5
:105838007265656E2D6F6E2074696D656F75740085
:10584800506F77657246534D006C6974746C656669
:1058580073002F7374617469632F72616E67657466
:105868006573742E63737600245043415330332C90
:10587800302C302C302C302C302C302C302C302C40
:10588800302C302C2C2C302C302A30320D0A0024AD
:10589800505542582C34302C474C4C2C302C302C42
:1058A800302C302C302C302A35430D0A002450552A
:1058B80042582C34302C4753562C302C302C302C5A
:1058C800302C302C302A35390D0A002450554258D6
:1058D8002C34302C5654472C302C302C302C302C77
:1058E800302C302A35450D0A00244346474D53478E
:1058F8002C302C312C302C312A31420D0A00244313
:1059080046474D53472C302C322C302C312A313815
:105918000D0A00244346474D53472C302C332C3076
:105928002C312A31390D0A005543363538300055A7
:105938004D36303000434D31323100245044544903
:105948004E464F0D0A002447505458542C30312CE1
:1059580030312C30322C48573D4154474D33333683
:1059680048002447505458542C30312C30312C30B6
:10597800322C48573D4154474D333332440024506C
:1059880043415330362C312A31410D0A002450410D
:1059980049523032312C414733333335002450419A
:1059A80049523032312C4147333335320052595342
:1059B800333532300024504149523032312C52456F
:1059C8005941585F525953333532305F56320024AB
:1059D800504149523032312A33390D0A002450518E
:1059E800544D5645524E4F2A35380D0A0024505111
:1059F800544D5645524E4F2C4C4338360024504394
:105A0800415330362C302A31420D0A002447505475
:105A180058542C30312C30312C30322C53573D0017
:105A280024504D544B3531342C302C302C302C3004
:105A38002C302C302C302C302C302C302C302C307E
:105A48002C302C302C302C302C302C302C302A326E
:105A5800450D0A005175656374656C2D4C373642E7
:105A680000504131303130440050413136313653E5
:105A7800004C533230303331004D432D3135313302
:105A8800005175656374656C2D4C3936004C38309F
:105A98002D52005F333333375F004C3830005F33AB
:105AA8003333395F0024504D544B3630352A333167
:105AB8000D0A004D4F443D0050524F545645520078
:105AC80030303034303030370030303037303030EC
:105AD800300030303038303030300030303139300C
:105AE8003030300030303041303030300063616E5B
:105AF8006E6F7420637265617465207374643A3ADA
:105B08006465717565206C6172676572207468617F
:105B18006E206D61785F73697A65282900436F6D1F
:105B280070726F6D69736564206B65797320776532
:105B3800726520646574656374656420616E6420B1
:105B4800726567656E6572617465642E0050726572
:105B580073657420257320696E76616C69642066AC
:105B68006F722025732C207573696E67202573006A
:105B780050726573657420257320696E76616C694F
:105B88006420666F72202573002573207370616E20
:105B980020252E30666B487A203C20726571756529
:105BA8007374656420252E30666B487A00436861FB
:105BB8006E6E656C206E756D626572202575206944
:105BC8006E76616C696420666F722025732C206D77
:105BD8006178206973202575004672657175656E58
:105BE8006379206F7665727269646520696E2070CA
:105BF8006C6163652C207573696E6720252E33668A
:105C080000456E74657220536563757269747920F6
:105C18004E756D62657220666F72204B65792056ED
:105C28006572696669636174696F6E005665726949
:105C38006669636174696F6E3A200A0046696E612D
:105C48006C20636F6E6669726D6174696F6E206631
:105C58006F7220696E636F6D696E67206D616E7516
:105C6800616C206B65792076657269666963617419
:105C7800696F6E202573004D65736820436F6E74DD
:105C8800726F6C20757064617465207265636569F4
:105C98007665642066726F6D202725732720287328
:105CA80065713D2575292E20417070726F766520CB
:105CB800696E2061707020746F206170706C79203B
:105CC80073657474696E67732E002F7072656673DE
:105CD8002F7472616E736D69745F686973746F7223
:105CE800792E646174002F70726566730020253008
:105CF8003278005365742061646D696E206B657934
:105D080020746F200044757479206379636C652072
:105D18006C696D69742065786365656465642E20B7
:105D2800596F752063616E2073656E6420616761C9
:105D3800696E20696E202564206D696E7300736535
:105D48007269616C006770696F00257320737461F4
:105D580074653A2025690025732064657465637449
:105D680065640046696E616C20636F6E6669726D6A
:105D78006174696F6E20666F72206F7574676F69E2
:105D88006E67206D616E75616C206B657920766534
:105D980072696669636174696F6E20257300496E64
:105DA800636F6D696E67204B657920566572696609
:105DB80069636174696F6E2E0A53656375726974DD
:105DC80079204E756D6265720A253033752025304D
:105DD800337500526562726F616463617374206D1C
:105DE8006F64652063616E27742062652073657433
:105DF80020746F204E4F4E4520666F7220612072CE
:105E08006F7574657220726F6C6500526567696F93
:105E18006E202573207265717569726573206C69CF
:105E280063656E736564206D6F6465006D736800EB
:105E380025732F257300596F75206D757374207045
:105E4800726F76696465206174206C656173742073
:105E58006F6E652061646D696E207075626C696330
:105E6800206B657920746F20656E61626C65206DAA
:105E7800616E61676564206D6F64650061646D695A
:105E88006E00496E636F6D696E6720736573736921
:105E98006F6E206B65793A2000457870656374658C
:105EA800642073657373696F6E206B65793A20009F
:105EB80073656B726974004C6963656E7365642001
:105EC8006D6F6465206163746976617465642C2004
:105ED80072656D6F76696E672061646D696E2063A7
:105EE80068616E6E656C20616E6420656E637279A0
:105EF8007074696F6E2066726F6D20616C6C2063C0
:105F080068616E6E656C73002F6261636B75707388
:105F1800002F6261636B7570732F6261636B7570BC
:105F28002E70726F746F004D65736820436F6E74C6
:105F3800726F6C2075706461746520646973636145
:105F4800726465640055530045555F34333300452A
:105F5800555F38363800434E004A5000414E5A00CB
:105F6800414E5A5F343333005255004B5200545758
:105F780000494E004E5A5F383635005448005541A6
:105F88005F3433330055415F383638004D595F343C
:105F98003333004D595F3931390053475F39323354
:105FA8000050485F3433330050485F38363800506B
:105FB800485F393135004B5A5F343333004B5A5FF1
:105FC800383633004E505F3836350042525F39302C
:105FD80032004C4F52415F323400554E5345540005
:105FE800656E642D6F662D73747265616D00696FDF
:105FF800206572726F7200766172696E74206F76B6
:106008006572666C6F7700696E76616C696420777B
:106018006972655F7479706500706172656E74206D
:1060280073747265616D20746F6F2073686F72741A
:106038000052616E6765546573744D6F64756C6565
:10604800526164696F00736571202575005365722C
:1060580069616C4D6F64756C65526164696F002489
:10606800474E4747412C253032642530326425306D
:1060780032642E253032642C253032642530372E98
:1060880034662C25632C253033642530372E34664E
:106098002C25632C25752C253032752C253034752C
:1060A8002C253034642C25632C253034642C25634E
:1060B8002C25642C25303464002A253032580D0AEA
:1060C800000D0A2447256357504C2C25303264258F
:1060D80030372E34662C25632C2530336425303731
:1060E8002E34662C25632C2573003F3F3F00257313
:1060F8003A20257300696E76616C69642073697A49
:10610800650073697A6520746F6F206C61726765CA
:10611800007265616C6C6F63206661696C65640010
:1061280053656E64696E6720706F736974696F6E0A
:1061380020616E6420736C656570696E6720666F98
:10614800722025757320696E74657276616C20699A
:106158006E2061206D6F6D656E74002E2E00F09FAD
:106168009AA849276D206C6F737421204C617420A4
:106178002F204C6F6E3A2025662C2025660700528A
:106188004D430047474100475047535600666169F1
:106198006C656420746F207365742064656661752E
:1061A8006C7473007A65726F2074616700696E762B
:1061B800616C696420657874656E73696F6E0077C9
:1061C800726F6E672073697A6520666F72206669E0
:1061D80078656420636F756E74206669656C640009
:1061E8006D697373696E672072657175697265642C
:1061F800206669656C640077726F6E6720776972D4
:1062080065207479706500696E76616C69642064D4
:106218006174615F73697A6500696E746567657238
:1062280020746F6F206C61726765006279746573A2
:10623800206F766572666C6F7700737472696E672B
:10624800206F766572666C6F7700696E76616C692F
:1062580064206669656C6420646573637269707430
:106268006F7200696E636F72726563742066697815
:106278006564206C656E6774682062797465732044
:1062880073697A6500696E76616C69642066696510
:106298006C64207479706500696E76616C6964203D
:1062A800756E696F6E207461670061727261792022
:1062B8006F766572666C6F7700746F6F206D616EB4
:1062C8007920617272617920656E747269657300F4
:1062D80063616C6C6261636B206661696C65640004
:1062E8005243574C393632300052616453656E73ED
:1062F80000424D4532383000486172644661756C21
:1063080074210D0A0000000072303A2025303878D8
:106318000D0A000072313A20253038780D0A000045
:1063280072323A20253038780D0A000072333A204C
:10633800253038780D0A00007231323A202530387D
:10634800780D0A006C723A20253038780D0A000062
:1063580070635B72657475726E20616464726573D4
:10636800735D3A20253038780D0A00007870737212
:106378003A20253038780D0A0073747265616D20F3
:1063880066756C6C007375626D73672073697A65E6
:10639800206368616E676564006279746573207351
:1063A800697A65206578636565646564007A6572F5
:1063B8006F2D6C656E67746820737472696E670000
:1063C800756E7465726D696E61746564207374723C
:1063D800696E670063616C6C6261636B20657272E1
:1063E8006F72006172726179206D61782073697AC9
:1063F8006520657863656564656400286E6F6E6501
:106408002900212D303336390054687265616420C3
:1064180000546872656164436F6E74726F6C6C656A
:106428007220000108AC00657870616E6420333218
:106438002D62797465206BB02AAE7DEECBBBB1FCC2
:10644800036FDDDC7D76670CE81F0DA3A0AA1EB0E4
:10645800BD726B2B4C8A7E34FC3760F41E22A00B75
:10646800FB188460A5777200D4F1BB3A202907593C
:10647800F0BCFFABCF4E6901004D6F7265207468A8
:10648800616E20313030206672616D6520657272F0
:106498006F72730053656E64696E672074656C650E
:1064A8006D6574727920616E6420736C65657069BE
:1064B8006E6720666F722025757320696E74657229
:1064C80076616C20696E2061206D6F6D656E740059
:1064D800437573746F6D004C6F6E67536C6F770004
:1064E80053686F7274547572626F004C6F6E674DAB
:1064F8006F640053686F7274536C6F77004C6F6EE3
:1065080067466173740053686F72744661737400F0
:10651800496E76616C6964004D656469756D536C8C
:106528006F77004C6F6E67547572626F004D6564CB
:1065380069756D466173740044656661756C7400B5
:106548002E746D700063616E6E6F74206372656186
:106558007465207374643A3A766563746F72206C5C
:106568006172676572207468616E206D61785F730F
:10657800697A652829006D7174742E6D6573687465
:1065880061737469632E6F7267006D657368646503
:1065980076006C6172676534636174730052657369
:1065A800746F726564206B6579006D6573687461DA
:1065B800737469632E706F6F6C2E6E74702E6F72A9
:1065C800670053485554444F574E00534453004CAA
:1065D80053004E42004441524B0053455249414CEE
:1065E80000424F4F54004F4E00504F574552006ED7
:1065F800756C6C53656E736F72004D6573682043DC
:106608006F6E74726F6C2073657474696E67732033
:106618006170706C6965640041424344454647486F
:10662800004A4B4C4D4E505152004142434445465E
:1066380047484A4B4C4D4E505152535455560046BC
:1066480047484A4B4C4D4E5051525354555641426F
:106658004344450041424344454647484A4B4C4D14
:106668004E4F505152535455565758595A0031327B
:106678003334353637383930616263003233343574
:1066880036373839434647484A4D5051525657587D
:106698000062617369635F737472696E673A3A5F27
:1066A800535F6372656174650002020203050507A2
:1066B800070B0B0B0B0D0D00020000000300000080
:1066C80005000000070000000B0000000D0000009E
:1066D8001100000013000000170000001D0000005A
:1066E8001F00000025000000290000002B0000000A
:1066F8002F000000350000003B0000003D000000B6
:106708004300000047000000490000004F0000005F
:1067180053000000590000006100000067000000FD
:106728006D000000710000007F000000890000007B
:106738008B000000950000009D000000A7000000ED
:10674800B3000000C1000000C7000000D300000033
:10675800E3000000F1000000010100001501000045
:106768002501000039010000510100006701000007
:106778007F01000099010000B7010000D30100006B
:10678800F70100001D020000410200006B0200003A
:1067980095020000C5020000F9020000370300005E
:1067A80077030000B9030000070400005504000047
:1067B800A90400000905000065050000D5050000D2
:1067C8004D060000CD06000057070000ED07000049
:1067D8008308000035090000F5090000C10A00001F
:1067E8009B0B0000890C00008D0D00009B0E000023
:1067F800BB0F0000FD1000005F120000DF13000057
:106808007F150000411700001B190000251B000020
:106818005D1D0000BB1F00004F220000192500006D
:1068280021280000692B0000EB2E0000B732000081
:10683800D1360000453B00001B40000055450000D4
:10684800EF4A000011510000AF570000D95E000068
:106858009B660000FB6E000007780000C7810000FF
:106868005D8C0000D99700003BA40000A9B100008E
:1068780031C00000D1CF0000D5E0000019F30000BE
:10688800EB060100711C0100BB330100ED4C010057
:106898002B6801009585010079A50100FBC701005F
:1068A8003FED01009F150200514102007F70020078
:1068B80085A30200D3DA0200A91603005B57030080
:1068C800619D030017E903000D3B0400AF9304002A
:1068D80097F30400555B05008BCB0500E9440600DF
:1068E80047C806007156070031F00700999608005E
:1068F800874A0900410D0A00F9DF0A00E9C30B00C5
:1069080085BA0C0053C50D00F1E50E00431E1000BA
:1069180025701100ADDD12001D691400F114160078
:10692800DBE31700A3D8190071F61B00A3401E0073
:10693800D1BA2000F36823003D4F26005972290080
:1069480037D72C0027833000237C340057C8380001
:10695800AF6E3D007B764200BDE7470013CB4D008C
:10696800D1295400F30D5B00C7826200B5936A0019
:10697800E34D730017BF7C003BF686007703920057
:106988004DF89D00E9E7AA00B9E6B800DF0AC8009B
:10699800736CD8006F25EA00F951FD0077101201D9
:1069A800DB812801B9C940018D0E5B010B7A7701A3
:1069B8006D399601617DB701957ADB01596A02024A
:1069C800638A2C02871D5A02136C8B0235C4C002DD
:1069D800B77AFA0219EB38036F787C03E18DC503A7
:1069E800679F1404752A6A04EBB6C60487D72A057C
:1069F8002D2B9705B55D0C0629298B06955614078E
:106A0800DDBFA80751504908BB06F708F9F6B209D7
:106A18000D4B7E0A93455A0BC343480C31BF490DB1
:106A28005D50600E5BB18D0F5FC0D310BD82341214
:106A38004D28B213890E4F15A5C40D17850FF118EF
:106A480009EEFB1AC99D311D75A0951F11C12B2296
:106A58005D1AF824F11CFF27A596452BB7B9D02E4F
:106A6800E725A6324BF0CB36D5AD483B217D2340F8
:106A7800691264451FC3124B75933851D744DF57C9
:106A8800D164115FAD5EDA66AF8C466F434C6378B4
:106A9800D9123F822985E98CBD8F7398F781EFA4BD
:106AA8000F2B71B251F90DC1AF1CDDD04BABF7E123
:106AB800AFC878F4FBFFFFFFFBFFFFFF4E537437AF
:106AC8005F5F6378783131313562617369635F7311
:106AD8007472696E676275664963537431316368AD
:106AE80061725F7472616974734963455361496384
:106AF80045454500986C0308C46A0308746B03088D
:106B080000000000FC6A03080179010829790108DE
:106B1800F9AA0208F3A9020879A70208C1A802087D
:106B28002FAB020807A70208E1AB020823A7020857
:106B38003DAB0208ADA602088BAB02080DAA0208FD
:106B48005374313562617369635F73747265616D23
:106B5800627566496353743131636861725F747238
:106B6800616974734963454500000000386C030887
:106B7800486B030800000000746B030861AB02084F
:106B880079AB0208F9AA0208FBAA0208FDAA0208C2
:106B980013AB02082FAB020833AB0208E1AB0208C3
:106BA80037AB02083DAB020855AB02088BAB0208B5
:106BB8005BAB020862617369635F737472696E67C5
:106BC8003A3A5F4D5F63726561746500626173692B
:106BD800635F737472696E673A3A5F4D5F7265708E
:106BE8006C6163650062617369635F737472696E77
:106BF800673A3A617070656E64004E31305F5F636A
:106C08007878616269763131375F5F636C6173737D
:106C18005F747970655F696E666F4500986C0308EC
:106C2800026C0308CC6C030800000000246C030805
:106C380059B102086DB1020821B3020821B3020854
:106C4800D7B1020819B10208BFB1020881B1020820
:106C58004BB102084E31305F5F63787861626976C4
:106C68003132305F5F73695F636C6173735F74792E
:106C780070655F696E666F4500000000986C0308D8
:106C88005C6C0308246C030800000000846C030893
:106C98001DB2020831B2020821B3020821B302086A
:106CA800D7B1020819B10208F5B2020881B2020888
:106CB80045B20208537439747970655F696E666FFE
:106CC80000000000386C0308BC6C0308696F73741B
:106CD8007265616D00696F73747265616D206572AC
:106CE800726F7200556E6B6E6F776E206572726F81
:106CF80072000000986C0308086D0308B46D03085F
:106D08002A4E31325F474C4F42414C5F5F4E5F31F4
:106D18003137696F5F6572726F725F63617465673F
:106D28006F7279450000000000000000FC6C030849
:106D38005DB3020871B3020851B30208C5B4020872
:106D480085B3020861B4020867B4020891B4020866
:106D580067656E657269630073797374656D006247
:106D6800617369635F737472696E673A20636F6EEB
:106D7800737472756374696F6E2066726F6D206EBE
:106D8800756C6C206973206E6F742076616C696411
:106D9800004E5374335F563231346572726F725FCE
:106DA80063617465676F727945000000386C030889
:106DB800996D0308986C0308C86D0308B46D03083F
:106DC8002A4E31325F474C4F42414C5F5F4E5F3134
:106DD800323267656E657269635F6572726F725F82
:106DE80063617465676F727945000000986C0308E9
:106DF800006E0308B46D03082A4E31325F474C4FCA
:106E080042414C5F5F4E5F31323173797374656D07
:106E18005F6572726F725F63617465676F727945DF
:106E28000000000000000000BC6D0308A7B40208C1
:106E3800ADB40208D9B30208C5B40208E9B402081F
:106E480061B40208E1B3020891B40208000000002E
:106E5800F46D0308A5B40208B9B40208F5B3020832
:106E6800C5B40208E9B40208FDB3020841B5020836
:106E780091B4020862617369635F737472696E67C3
:106E88003A3A5F535F636F6E737472756374206E02
:106E9800756C6C206E6F742076616C6964000000FC
:106EA8000000000000000080182D4454FB21094018
:106EB800182D4454FB2109C0182D4454FB21E9BF67
:106EC800D221337F7CD90240D221337F7CD902C0C2
:106ED800FB21F93FFB2109407CD91240FB211940D5
:106EE8007A6A1F407CD92240BBFD2540FB212940FE
:106EF8003A462C407A6A2F405C4731407CD9324070
:106F08009C6B3440BBFD3540DB8F3740FB2139405B
:106F18001BB43A403A463C405AD83D407A6A3F4012
:106F28004C7E40405C4741406C1042407CD9424016
:106F38008CA243409C6B4440AC344540BBFD45406B
:106F4800CBC64640DB8F4740EB584840FB214940C1
:106F580083F9A200444E6E00FC291500D157270082
:106F6800DD34F50062DBC0003C9995004190430098
:106F78006351FE00BBDEAB00B761C5003A6E24006A
:106F8800D24D42004906E00009EA2E001C92D100C9
:106F9800EB1DFE0029B11C00E83EA700F535820074
:106FA80044BB2E009CE98400B4267000417E5F003B
:106FB800D6913900538339009CF439008B5F8400E3
:106FC80028F9BD00F81F3B00DEFF97000F98050069
:106FD800112FEF000A5A8B006D1F6D00CF7E36000F
:106FE80009CB2700464FB7009E663F002DEA5F0099
:106FF800BA277500E5EBC7003D7BF100F7390700BC
:1070080092528A00FB6BEA001FB15F00085D8D0099
:10701800300356007BFC4600F0AB6B0020BCCF0071
:1070280036F49A00E3A91D005E619100081BE60092
:1070380085996500A0145F008D40680080D8FF0026
:1070480027734D0006063100CA561500C9A87300FB
:107058007BE260006B8CC000E2652F227F2B7A3CBC
:10706800075C143326A6813CBDCBF07A8807703CB8
:10707800075C143326A6913C4FBB610567ACDD3F26
:10708800182D4454FB21E93F9BF681D20B73EF3F47
:10709800182D4454FB21F93F00000040FB21F93F23
:1070A800000000002D44743E000000809846F83C23
:1070B8000000006051CC783B00000080831BF03951
:1070C8000000004020257A38000000802282E33644
:1070D800000000001DF369350200000003000000F5
:1070E80004000000060000005245454E54206D6122
:1070F8006C6C6F6320737563636565646564002FEA
:107108005F5F772F61726D2D6E6F6E652D656162A1
:10711800692D6763632D787061636B2F61726D2DC4
:107128006E6F6E652D656162692D6763632D78707A
:1071380061636B2F6275696C642F6C696E75782D4D
:107148007836342F736F75726365732F6E65776C3D
:1071580069622D63796777696E2F6E65776C6962EE
:107168002F6C6962632F7374646C69622F72616E2D
:10717800642E63002F5F5F772F61726D2D6E6F6EC7
:10718800652D656162692D6763632D787061636B36
:107198002F61726D2D6E6F6E652D656162692D6749
:1071A80063632D787061636B2F6275696C642F6CF3
:1071B800696E75782D7836342F736F7572636573C1
:1071C8002F6E65776C69622D63796777696E2F6EAC
:1071D80065776C69622F6C6962632F7374646C697C
:1071E800622F72616E646F6D2E6300002020202074
:1071F800202020202028282828282020202020205F
:10720800202020202020202020202020881010103E
:107218001010101010101010101010100404040496
:10722800040404040404101010101010104141410B
:107238004141410101010101010101010101010176
:107248000101010101010110101010101042424209
:107258004242420202020202020202020202020246
:1072680002020202020202101010102000000000A8
:107278000000000000000000000000000000000006
:1072880000000000000000000000000000000000F6
:1072980000000000000000000000000000000000E6
:1072A80000000000000000000000000000000000D6
:1072B80000000000000000000000000000000000C6
:1072C80000000000000000000000000000000000B6
:1072D80000000000000000000000000000000000A6
:1072E8000000000000000000000000002F5F5F7732
:1072F8002F61726D2D6E6F6E652D656162692D67E8
:1073080063632D787061636B2F61726D2D6E6F6E84
:10731800652D656162692D6763632D787061636BA4
:107328002F6275696C642F6C696E75782D783634A8
:107338002F736F75726365732F6E65776C69622D35
:1073480063796777696E2F6E65776C69622F6C69F0
:1073580062632F74696D652F676D74696D652E633F
:1073680000000000000000001F0000003B000000BB
:107378005A0000007800000097000000B5000000E7
:10738800D4000000F30000001101000030010000EB
:107398004E0100001F0000001C0000001F0000003C
:1073A8001E0000001F0000001E0000001F0000005B
:1073B8001F0000001E0000001F0000001E0000004B
:1073C8001F000000BC5C0020232D302B2000686CBF
:1073D8004C006566674546470030313233343536F0
:1073E8003738394142434445460030313233343529
:1073F8003637383961626364656600001F00000033
:107408001C0000001F0000001E0000001F000000FC
:107418001E0000001F0000001F0000001E000000EA
:107428001F0000001E0000001F0000001F000000D9
:107438001D0000001F0000001E0000001F000000CB
:107448001E0000001F0000001F0000001E000000BA
:0C7458001F0000001E0000001F000000CC
:08746400D802FF7F01000000C7
:10746C0089900208297F0208FD92020889A302086C
:10747C000DA40208E9A5020855B0020805B20208DD
:08748C00C1B302086DB502084E
:08749400057F02084D9C02086F
:10749C001000000000093D0000000000000000008A
:1074AC0000000000000000000000000000000000D0
:1074BC0000000000000000000000000000000000C0
:1074CC0000000000000000000000000000000000B0
:1074DC0000000000000000000000000000000000A0
:1074EC000000000000000000000000000000000090
:1074FC000000000000000000000000000000000080
:10750C00000000000000000000000000000000006F
:10751C00000000000000000000000000000000005F
:10752C00000000000000000000000000000000004F
:10753C000000000000000000FFFFFFFFFFFFFFFF47
:10754C00FFFFFFFFFFFFFFFF000300000000000034
:10755C00000000000000000000000000000000001F
:10756C00C85D0020010000000000000000000000C9
:10757C0000000000000000000000000002000000FD
:10758C0000000000000000000000000000000000EF
:10759C0000000000030000000000000000000000DC
:1075AC0000000000000000000000000000000000CF
:1075BC0000000000000000000000000000000000BF
:1075CC0000000000000000000000000006000000A9
:1075DC000800000000000000020000000000000095
:1075EC00000000000000000000000000CDCC4C3E6C
:1075FC000000000029450108B54F0108A150010801
:10760C008736010800080000000800000008000090
:10761C000E000000800000000000000000000000D0
:10762C0000000000000000000000000099001E0097
:10763C00000000000000000000000000000000003E
:10764C00000000000000000000000000000000002E
:10765C00000000000000000000000000000000001E
:10766C00000000000000000000000000000000000E
:10767C0000000000000000000000000000000000FE
:10768C0000000000000000000000000000000000EE
:10769C0000000000000000000000000000000000DE
:1076AC0000000000000000000000000000000000CE
:1076BC000000000001000000500C0020FFFFFFFF45
:1076CC00000000000030024000000000000000003C
:1076DC00000000000000000000000000000000009E
:1076EC000000000001000000FF000000000000008E
:1076FC00000000000000000000000000000000007E
:10770C00000000000000000000000000000000006D
:10771C00000000000000000000000000000000005D
:10772C00000000000000000000000000000000004D
:10773C0000000000747A706C616365686F6C64653E
:10774C0072202020202020202020202020202020DB
:10775C00202020202020202020202020202020201D
:10776C0020202020202020202020000D0A5261649F
:10777C00696F4C696220496E666F0A56657273694F
:10778C006F6E3A202022372E362E302E30220D0AE4
:10779C00506C6174666F726D3A2022417264756927
:1077AC006E6F2053544D333220286F6666696369BF
:1077BC00616C29220D0A2241707220323220323043
:1077CC00323622202230333A33363A353222000018
:1077DC0000000000386D03085C6E0308346E03086B
:1077EC0059F3F8C21F6EA501000000000000F03F25
:1077FC006403002000000000B85A0020205B002029
:10780C00885B002000000000000000000000000069
:10781C00000000000000000000000000000000005C
:10782C00000000000000000000000000000000004C
:10783C00000000000000000000000000000000003C
:10784C00FA5B0020000000000100000000000000B6
:10785C004A000000000000000000000000000000D2
:10786C00000000000000000000000000000000000C
:10787C0000000000000000004A00000000000000B2
:10788C0000000000000000000000000000000000EC
:10789C0000000000000000000000000000000000DC
:0400000508029E89C6
:00000001FF
