:020000040800F2
:1000000000000120CDA502081DA602089D56020889
:100010001DA602081DA602081DA602080000000079
:100020000000000000000000000000001DA6020803
:100030001DA60208000000001DA6020849310008A4
:100040001DA602081DA602081DA602081DA602087C
:100050001DA602081DA60208953100089931000866
:100060009D310008A1310008A53100081DA6020835
:100070001DA602081DA602081DA602081DA602084C
:100080001DA602081DA602081DA602081DA602083C
:10009000000000001DA60208A93100081DA60208E4
:1000A0001B3000081DA602082D3000083130000862
:1000B0004530000859300008F7790108057A010831
:1000C000157A0108257A01081DA602081DA6020856
:1000D0002D41000845410008614100081DA60208A5
:1000E0001DA60208BF3100081DA602081DA60208B1
:1000F0001DA6020800000000000000001DA6020866
:10010000357A0108457A0108A1F401081DA6020804
:100110001DA602081DA602081DA602081DA60208AB
:100120001DA602081DA602081DA602081DA602089B
:080130001DA602081DA602082D
:100140004FF0B042536823F47F4343EA00235360E7
:1001500070474FF0B0432D4AD3F8083103F00F0336
:1001600002EB8301C0F30310096C52F82030B3FB9B
:10017000F1F32749096801F4C061B1F5007F10B5BA
:1001800010D024498B4231D301F5B70101F67F51DC
:100190008B4231D901F5741101F510618B422DD9D3
:1001A000002310E01C498B421CD91C498B421BD9EF
:1001B00001F5370101F5D8518B42F1D8022302EB4A
:1001C0008303D3F88030164916480A6822F00702E4
:1001D0001A430A6004680A6802F0070293420FD1CA
:1001E000002010BD0023EAE70123E8E7002302EB2B
:1001F0008302D2F88030E6E70123F8E70223F6E72E
:100200000268121B022AE6D90320EAE7A80C0308B9
:1002100000040058C0CF6A00BFEA21013F933402B6
:100220000040005878030020836A1A0710B506D5ED
:100230000168846B4A6822F4004222434A60DC076A
:1002400006D50168C46A4A6822F4003222434A6033
:10025000990706D50168046B4A6822F4803222436C
:100260004A605A0706D50168446B4A6822F4802226
:1002700022434A60DC0606D50168C46B8A6822F412
:10028000805222438A60990606D50168046C8A6808
:1002900022F4005222438A605A060FD50168446C4A
:1002A0004A6822F480122243B4F5801F4A6005D1C7
:1002B0004A68846C22F4C00222434A601B0606D5B9
:1002C0000268C16C536823F400230B43536010BDD4
:1002D000D0F88830212B10B51CD1B0F86A30CBB1E2
:1002E000B0F85620016892B2AAB9026802F1080378
:1002F00053E8003F23F40003083242E8003102686B
:100300000029F2D152E8003F43F0400342E80031B7
:100310000029F7D110BDCA6912060AD5026D12F87C
:10032000014B8C620265B0F85620013A92B2A0F8F7
:100330005620013B9BB2D2E7D0F88830212B10B574
:100340001CD1B0F86A30CBB1B0F85620046892B234
:10035000AAB9026802F1080353E8003F23F400033E
:10036000083242E8003102680029F2D152E8003F29
:1003700043F0400342E800310029F7D110BDE269A3
:1003800012060CD5026D32F8021BC1F30801A162FE
:100390000265B0F85620013A92B2A0F85620013B0F
:1003A0009BB2D0E7026852E8003F23F0800342E8A6
:1003B000003102680029F5D152E8003F43F04003C4
:1003C00042E800310029F7D17047D0F88820212A6F
:1003D000034610D1B0F8562092B202B9E2E7026D9E
:1003E000016812F8010B88621A65B3F85620013AC9
:1003F00092B2A3F856207047D0F88820212A0346ED
:1004000012D1B0F8562092B202B9CBE71A6D00684B
:1004100032F8021BC1F3080181621A65B3F8562055
:10042000013A92B2A3F8562070474FF0B04382B021
:10043000DA6C0243DA64DB6C03400193019B02B087
:10044000704703681847012A02D1016000207047F5
:10045000022A05D0032AF9D0002AF7D10260F5E775
:100460000B680360F2E74FF0B042D2F8883023F413
:1004700040630343C2F888307047D0F894300438A2
:100480001847D0F88C20B0F860100368222A4FD1AA
:100490005B6A826D0B401370836D01338365B0F826
:1004A0005E30013B9BB2A0F85E30B0F85E309BB28C
:1004B000002B41D1026852E8003F23F4907342E8D8
:1004C000003103680029F5D103F1080252E8002F3A
:1004D00022F0010203F1080C4CE800210029F3D1BD
:1004E0002022C0F88C20154A41679342016703D14E
:1004F000C26E012A0CD0C0E75A681102F8D553E841
:10050000002F22F0806243E800210029F7D1EFE7B5
:100510000022C26653E8002F22F0100243E80021B7
:100520000029F7D1DA69D20606D510221A6270477F
:100530009A6942F008029A61704700BF008000404B
:10054000D0F88C10B0F86020036822294ED15B6A85
:100550001A40836D23F8022B8365B0F85E30013BAF
:100560009BB2A0F85E30B0F85E309BB2002B41D158
:10057000026852E8003F23F4907342E800310368B8
:100580000029F5D103F1080252E8002F22F0010200
:1005900003F1080C4CE800210029F3D12022C0F817
:1005A0008C20154A41679342016703D1C26E012A2C
:1005B0000CD062E75A681102F8D553E8002F22F0F8
:1005C000806243E800210029F7D1EFE70022C266EC
:1005D00053E8002F22F0100243E800210029F7D150
:1005E000DA69D20606D510221A6270479A6942F07B
:1005F00008029A61704700BF008000400379994269
:1006000005D00171806810B103681B6818477047F6
:1006100083681979022906D04068036800391B688D
:1006200018BF01211847704700207047034600207B
:10063000187583F858007047826930B40469551002
:10064000034604EB6200D20748BF62595B6930BCC5
:1006500048BFD3581847826930B40469551003461F
:1006600004EB6200D20748BF62595B6930BC48BFE7
:10067000D3581847014B1A685A6070477803002016
:1006800070477047704770477047704770477047B2
:10069000704770477047704703685B6818470020D1
:1006A0007047704708B5094B93F800225AB193F888
:1006B000AF2293F8AC3103B11AB1806803681B68AC
:1006C0009847012008BD5A7BF3E700BF780300205C
:1006D0000A2938B50D4600F52A6403D10D212046BC
:1006E000FFF7E0FF29462046BDE83840DAE7A0F5ED
:1006F0002A60EDE7A0F52B6026F0E4B8054BD0F8B2
:1007000080261B6804489B1A83428CBF002001206E
:10071000704700BF780300209FBB0D00D0F83C312C
:100720002DE9F047044606220133C0F83C310A2186
:10073000B3FBF1F1B1FBF2F002FB101194F8382198
:10074000CEB2D2B10025F022002104F148002EF0F3
:10075000B2FFC4E90C55C4E90E55C4E91055602236
:10076000294604F5A2702EF0A6FF84F8385184F8CB
:1007700039614FF47A70BDE8F08794F8A4214FF402
:100780006165B3FBF5F505F00705AA4225D0214FB9
:1007900004F5B070072207F53A7A07F5427950F868
:1007A000048DC0F80480D0F820E0D0F840C0C0F834
:1007B00024E0C0F844C04AF8228049F822E0013A17
:1007C000EDD1C4F84421C4F86421C4F88421C7F8E9
:1007D000E822C7F8082384F8A45194F83921B242DA
:1007E0001FBF0C31002284F8396144F821203C22DB
:1007F000B3FBF2F3B3FBF2F102FB113394F83A11BD
:10080000DAB291421FBF123384F83A21002244F831
:100810002320AEE77803002008B503685B6898479B
:100820000028CCBF0020012008BD08B503680022C5
:1008300002751B686FF0004198476FF0004008BDDB
:10084000704770470A4B82B0B3F82823ADF80420F4
:100850009DF8042093F82A33002062F307009DF8E6
:10086000052062F30F2063F3174002B0704700BF0A
:1008700078030020002070470A4B82B0B3F8282389
:10088000ADF804209DF8042093F82A33002062F389
:1008900007009DF8052062F30F2063F3174002B0B4
:1008A000704700BF78030020002070470346087897
:1008B0001A781AB9003818BF0120704728B1587843
:1008C0004B7898422CBF00200120704770B5826A97
:1008D000243003464AB9984203D01A7C8A4288BF22
:1008E0000346C01A18BF012070BD167CD2E902541D
:1008F0008E422ABF134622462A46EBE7036810B40D
:100900005C680023A4461A4610BC6047C069704763
:10091000F0B500238E1E0144451CCF1E1C4615F861
:10092000012F224453FA82F3AF42D4B2DBB2F6D1A4
:10093000845501F8013CF0BD38B580F82612C11885
:1009400080F8272246F2B5240022A0F8244280F83D
:10095000292280F8283281F82A2281F82B22049A51
:1009600000F22921D41812F8015B01F8015FA242BC
:10097000F9D103F10804214600F50970FFF7C8FF1B
:10098000E0B238BD08B503689B699847002008BDF0
:1009900090F8E001013804288CBF00200120704746
:1009A000D0F8DC01003818BF01207047826930B4EC
:1009B00004695510034604EB6200D20748BF625930
:1009C0005B6930BC48BFD3581847826930B40469AA
:1009D0005510034604EB6200D20748BF62595B69B9
:1009E00030BC48BFD3581847826930B404695510E9
:1009F000034604EB6200D20748BF62595B6930BC12
:100A000048BFD358184730B4084D95F8AC4154B19D
:100A100095F8AF423CB1012480F8DD4A80F898484F
:100A200030BC0CF041BC002030BC70477803002083
:100A300090F84120602A4FF0000206D1202180F872
:100A4000411080F840200263704790F892300263B2
:100A500080F840200BB923F0B5BC7047806A836BE7
:100A60000BB100229A63C36B0BB100229A63DFE7DC
:100A7000002370B5C0F890300668144B1D683368C9
:100A80001A07044616D433685B0708D56FF07E4317
:100A90002A464FF48001204621F0F6FF98B9002045
:100AA0002023C4F8883084F88400C4F88C30E066D1
:100AB000206709E06FF07E432A464FF4001121F0D1
:100AC000E3FF0028DFD0032070BD00BF78030020C3
:100AD00030B591FAA1F391FAA1F1B3FA83F3C468A6
:100AE0005B000325B1FA81F105FA03F3490024EA1A
:100AF00003038A401A43C26030BD10B50446104655
:100B0000D4E900239B1A0C4A0C4CDB105343E21A25
:100B10008A4201D22AF067F8994205D91944A142C4
:100B200028BF2146084610BDB3EB430F4FEA4301EF
:100B3000F5D92046F7E700BF35C2724FCB3D8D0097
:100B400038B504460D46406801211EF060FB606820
:100B50002946BDE838401EF021BC70B591F8502000
:100B600090F8503091F859404D6D02F1FF3CDCF1A6
:100B7000000646EB0C069E4225D1631E5E425E4196
:100B800090F859309E421ED1436D5B1B18BF012364
:100B9000012680F85020B24280F82060456508BFE9
:100BA00091F8582080F8594018BF652280F85820E5
:100BB00091F85A2080F85A201BB10146283023F0C2
:100BC000C9F8002070BD0123E2E70B6D026D5340B0
:100BD00033F07F4370B5044648D18A6D836D9A42E5
:100BE00044D10A6E036E9A4240D18A6E836E9A4255
:100BF0003CD1D1F88020D0F880309A4236D1D1F85B
:100C00008C20D0F88C309A4230D1D1F8A820D0F87E
:100C1000A8309A422AD1D1F8A020D0F8A0309A4228
:100C200024D1D1F8B450D0F8B430ED1A18BF012552
:100C3000012391F8506084F8203091F8513084F805
:100C4000506084F851307422543104F154002FF074
:100C5000D1F94DB11EB1064B1B68C4F8C83021460E
:100C600004F1280023F076F8002070BD0125DFE7AD
:100C7000780300200D2021F08FB870B50546084B91
:100C80000360044655F8300FA84204D1204623F0F3
:100C9000C5FB204670BD06682FF0A4FA3046F3E786
:100CA0003C0D030810B50446FFF7E7FF20462FF080
:100CB00099FA204610BD10B5044623F0AFFB20463C
:100CC00010BD10B50446FFF7F6FF20462FF08AFA54
:100CD000204610BD2DE9FF4705461E4B55F8046F11
:100CE000036004460DF104084FF00009AE4206D13E
:100CF0006068854229D1204604B0BDE8F087CDE97F
:100D00000188B768CDF80C90396801988F4203D1FB
:100D1000404515D13668E9E78B68D1F800A09C42C0
:100D20000CD181420AD0824508D0524629F077FC86
:100D3000039B01330393BB68013BBB605146E4E76F
:100D400007682FF04FFA3846E2E706682FF04AFAB4
:100D50003046CEE76C24030810B50446FFF7BAFF0F
:100D600020462FF03FFA204610BD10B5034B03601C
:100D7000044622F0ADFF204610BD00BF680D0308F9
:100D800070B50546084B0360044655F8280FA84285
:100D900004D1201DFFF7E9FF204670BD06682FF043
:100DA00021FA3046F3E700BF7C0D030810B5044676
:100DB000FFF7E6FF20462FF015FA204610BD10B5CC
:100DC000054B044640F8343BFFF784FF2046FFF70D
:100DD000D7FF204610BD00BF8C0D0308F0B599B0B9
:100DE00001AD0446284622F0C5FF214B0193103384
:100DF0000FAA0E931F4B1295CDE90F220022CDE9C9
:100E0000133211924FF0FF320223169240F2FF226A
:100E10008DF85430ADF85C208DF85E30164AE36DE5
:100E2000116803F54343503327468B4238BF13689C
:100E300057F8306F38BFE365BE4205D0B06803682D
:100E400029469B68984740B12846FFF7B8FF636D75
:100E50002BB94FF0FF3019B0F0BD3668ECE793F8CE
:100E60002030002B44F6206008BF4FF0FF30F2E73F
:100E70008C0D03085B0B00087803002010B50446B6
:100E8000FFF79DFF20462FF0ADF9204610BD10B5AD
:100E90000446FFF76AFF20462FF0A4F9204610BD54
:100EA00008B5054BD3F8B00008F0A4FB0022BDE85C
:100EB0000840114615F0A5BF7803002008B5054B82
:100EC000D3F8B00008F096FBBDE8084001220021ED
:100ED00015F097BF780300202DE9F347324F0193B7
:100EE00004460E4607F22B30A0212EF07DFB9F28F2
:100EF00084BF0A2387F8C9332C4F05464FF00008FA
:100F000088BF9F254FF0230A45450AD1C6B92A4616
:100F100026492046FFF7C0FB0546284602B0BDE83B
:100F2000F08797F8009048462FF09CFD20B9B9F162
:100F30000A0F18BF87F800A008F101080137E3E79E
:100F40001B49304625F0BAF820B91A490522204637
:100F5000FFF7A2FB1849304625F0B0F820B9174931
:100F600005222046FFF798FB1549304625F0A6F8E4
:100F700020B9144905222046FFF78EFB124930465E
:100F800025F09CF820B9114905222046FFF784FB83
:100F90002A4606492046FFF77FFB0D4905460422F5
:100FA0002046FFF779FBB8E778030020A30600206E
:100FB000905A0308965A03089C5A0308A25A030839
:100FC000A85A0308AE5A0308B45A0308BA5A0308C9
:100FD000C05A03080346C06A0A4640B193F8350177
:100FE000424083F8352103F1140012F0FCB9704738
:100FF0000346C06A70B480B108465518854204D1D2
:1010000070BC03F1140015F03EBA10F8014B93F8D0
:101010003561744083F83541F0E770BC7047A0F546
:101020002A6025F053BC38B50C4D05F58473036078
:1010300005F5AA730446C0F8A03A05F5B873C0F8E0
:10104000B03A05F5CC7500F52B6023F0E7F92046A2
:10105000256022F0D4FE204638BD00BFA80C03084E
:10106000A0F52B60DFE710B50446FFF7DCFF204654
:101070002FF0B8F8204610BDA0F52B60F3E7F8B5C7
:1010800004304368024643B9904203D00978137C88
:1010900099420CD2074829F0A9FD1F7C0E78D3E9AC
:1010A0000254B7422ABF1A4623462B46EBE702F109
:1010B0001100F8BDC55A030830B5036885B0DB6878
:1010C0008DF8071005460C469847E0B10DF1070171
:1010D00005F12000FFF7D3FF027843788DF80C402C
:1010E0008DF80D208DF80E309DF80C30002063F344
:1010F00007009DF80D3063F30F209DF80E3063F369
:10110000174005B030BD044BB3F82823ADF80C20D0
:1011100093F82A33E6E700BF78030020F0B50546D0
:1011200085B014468E18A64207D11B4BB3F828236E
:10113000ADF8082093F82A331CE014F8017B2B68E3
:101140008DF80770DB683946284698470028EAD0B2
:101150000DF1070105F12000FFF791FF43780278B8
:101160008DF80D208DF80E308DF80C70039BADF8C6
:1011700008301B0C8DF80A309DF80830002063F30E
:1011800007009DF8093063F30F209DF80A3063F3E0
:10119000174005B0F0BD00BF780300202DE9F047EF
:1011A00090F8CC31D0F8E42180F8E031D0F8D83193
:1011B0009A4238BFC0F8E43103688AB05B6A0446DB
:1011C000984720B9002528460AB0BDE8F08794F872
:1011D000B830980703D494F838219107F2D5DA078C
:1011E000F0D58F49D4F8EC200868801A41F2873294
:1011F0009042E7D894F8049119F0010FE2D0086802
:10120000D4F81051401B9042DCD894F8F08018F0CC
:101210000105D7D00968D4F8FC00091A9142D1D849
:1012200023F00203B4F8BC0084F8B8307D4BD4F846
:10123000C070B4F8C810D4F8CC6094F8D0204FF047
:10124000640CB7FBFCF703FB007794F8C40000B113
:101250007F4275488742B5DC6420B6FBF0F603FB9D
:10126000016602B17642714B9E42ABDC022384F8E8
:101270004C3094F88031D4F884A1C4F86CA023F0E9
:10128000020384F88031504624F054FB60A3D3E974
:10129000002324F0C9FB24F061FEA066BAF1000F20
:1012A00090D094F89031D4F89401676323F002034E
:1012B000E66384F8903124F04DFB00225C4B24F06F
:1012C000DDFC24F073FF94F83831606623F00203EC
:1012D000824684F83831D4F83C0124F03BFB544B6F
:1012E000002224F0CBFC06460F46504624F032FB89
:1012F00032463B4624F0E2F924F058FF3946E065D7
:10130000304624F053FF642294F8E0316064C4F85E
:101310008830D4F80831B3FBF2F1B1FBF2F002FBF4
:101320001011019142F21071B3FBF1F0B0FBF2F633
:1013300002FB160002903F48B3FBF0F3DBB20393CD
:10134000D4F8F430B3FBF2F0B3FBF1F102FB10334D
:1013500003F5FA63C9B29BB20491A3F26C73B0FBBC
:10136000F2F129F0020902FB110128F0020801390B
:10137000069384F80491002384F8F08001A809936F
:1013800005911FF0A3FF94F8483120659F0741BFE6
:1013900023F0020384F84831D4F84C31C4F890307B
:1013A00094F828319E0715D5D80713D523F00203EA
:1013B000D4F82C0184F8283148F69F43984209D884
:1013C00024F0B8FA1C4B002224F02EFB24F0C6FDBA
:1013D000C4F8840094F8183199077FF5F4AEDA0761
:1013E0007FF5F1AE23F0020384F81831D4F81C0124
:1013F00024F0A0FA08A3D3E9002324F015FB0C4B3A
:10140000002224F03BFC24F0A9FDE067DBE600BFEE
:101410008FC2F5285C8FF63F6F1283C0CAA1FD3FD3
:10142000780300208096980000E9A43500D2496B2B
:101430000000594040420F0000408F402DE9F0432A
:1014400090F80431044613F001008FB003F0010856
:1014500066D094F8F03013F0010061D06423D4F822
:101460000851B5FBF3F2B2FBF3F003FB102024F0BC
:1014700071FAD4F8109106460F46B8F1000F52D019
:10148000324B1B68A3EB09034FF47A70B3FBF0F007
:1014900024F050FA32463B4624F010F924F086FE40
:1014A000D4F8F4400590642242F21073B5FBF3F1D6
:1014B000B1FBF2F002FB1011B4FBF3F306912449E7
:1014C000B5FBF1F5B4FBF2F102FB1144DBB204F51C
:1014D000FA640893A4B2B1FBF2F302FB1313013BCD
:1014E000A4F26C74EDB209930A9401334FF0000436
:1014F00007950D9413D005A81FF0E8FE154B029434
:10150000834274EB0103CDE900010FDB0F4BD3F8ED
:10151000F0151A68521A43F697218A4212D8002011
:101520000FB0BDE8F0834FF0FF33ADE70A4B8342C5
:101530008C41EBDB694604201FF0D7FE431E584266
:101540005841EDE71A68C3F8F025E8E77803002072
:1015500040420F007F0FE869801B18B52DE9F04766
:1015600090F803620446002E00F097801FF05AFFA7
:1015700000263046BDE8F0872A2D07D02C2D67D1F4
:1015800094F8A03183F02C0384F8A03104F1B80062
:10159000E9B984F8A21116F05DFA94F8C431013368
:1015A00084F8C431304300232A2D84F8C53184F8EF
:1015B000A231C6B294F8A13114D143F0010384F8EA
:1015C000A131BAF1F10F14D00AF1010A1FE020296C
:1015D0004FF0000304D8214481F8A2310121DAE759
:1015E0001846DAE723F00103BAF1F10F84F8A131CC
:1015F00050D12C49524604F509700EF0CCF920B1B7
:10160000D4F820330133C4F820334FF0000AD7F860
:10161000F43540461B6998470028AADDD7F8F43511
:1016200040465B69984704EB0A03C5B283F824522D
:10163000D4F8D031242D03F101038146C4F8D03110
:1016400018D094F8C51197D80A2D9FD00D2D9DD094
:101650001F299FBF4B1C091984F8C53181F8A2517D
:1016600094F8A131DB075EBF94F8A0315D4084F8A7
:10167000A051A6E73B68C4F8C831002384F8A03124
:10168000A4F8C43194F8A131032284F8C32123F0D3
:10169000010394E7B9F10D0F95E7034FB24607F246
:1016A000F458B4E7CD5A03087803002010B5034B73
:1016B0000360044622F052FA204610BD7C0E030857
:1016C00010B50446FFF7F2FF20462EF08BFD2046B2
:1016D00010BD10B5034B0360044622F0FEF920460E
:1016E00010BD00BF900E030810B5054B044640F82E
:1016F000343BFFF7EEFF2046FFF742FB204610BDCC
:10170000A40E03082DE9F04790F8FF31BAB0044663
:10171000002B68D03A4D90F8FEA195F8988090F88B
:101720000092002607AFB8F1010880F8FF61384643
:1017300018BF4FF0010822F01DFB324B0793143BFA
:1017400015AA1493304B1796CDE9152204F13001F8
:1017500074221CA8CDE91936399618978DF86CA01B
:101760008DF86D908DF86E802EF044FC54F8A86FC3
:10177000A64206D0B068036839469B68984700289F
:1017800034D095F89830012B2AD1D5F81C08D5F81B
:1017900024180368D5F818481B68984706461FF0B8
:1017A000E1FC1FF003FDD8B106F16C0393E80700DC
:1017B0008DE807002146D6E9192304A810F0AEFFF2
:1017C0002B689DF818305BB1236FD4F888207BB963
:1017D0002B68236711F0CAF8736E6367B36EA36753
:1017E0003846FFF781FF3AB0BDE8F0873668BFE7BB
:1017F0002D68EB1A9A42F3D811F0B8F82567EBE799
:1018000078030020A40E0308CB0B000810B5044693
:10181000FFF76AFF20462EF0E5FC204610BD10B50C
:101820000446FFF756FF20462EF0DCFC204610BD94
:10183000002807DB044A4109012300F01F00834010
:1018400042F82130704700BF00E100E000280CDBC7
:101850004309064900F01F0020330122824041F86D
:101860002320BFF34F8FBFF36F8F704700E100E07D
:10187000164B30B5DC68C4F30224C4F10703251D00
:10188000042B28BF0423062D4FF0FF358CBF033CEB
:10189000002405FA03F321EA0303A54022EA050226
:1018A000A340002843EA0203ACBF00F16040084AAD
:1018B0004FEA0313B8BF00F00F00DBB2AABF00F578
:1018C0006140135480F8003330BD00BF00ED00E0EC
:1018D00014ED00E008B590F82530022B03D0042366
:1018E000C363012008BD03681A6822F00E021A6063
:1018F0001A6822F001021A60826C136823F4807364
:101900001360D0E9101303F01C02012393404B60D5
:10191000D0E913325A60436D33B11A6822F48072F1
:101920001A60D0E916325A60012380F8253000236E
:1019300080F82430836B03B198470020D2E7074B2F
:101940005A69002ABFBF064A9A6002F188329A603B
:10195000BABF5869C00F0020704700BF0040005850
:1019600023016745044B5A6942F000425A615869A5
:10197000C043C00F704700BF004000580268436B6F
:101980009169126803B11847704703689A69910713
:1019900044BF00229A629A69D2075EBF9A6942F0F8
:1019A00001029A61704730B5039D04682B4343EAF6
:1019B0000243074A6068C1F309010B4342EA5552EA
:1019C00023F0004320EA02000343636030BD00BF00
:1019D000FF63FF031C4A436B934270B501F00202A0
:1019E0000DB201F001041DD0184EB3421AD0184EAA
:1019F000B34217D0002DACBF0023B8230CB143F085
:101A0000F2030AB143F0F403102902D143F090032A
:101A100003E0202901D143F0200301680A68134341
:101A20000B6070BD002DACBF0023B8230CB143F098
:101A3000F2030AB143F0F4031029E7D0202908BFCC
:101A400043F06003E9E700BFED1E0008C323000870
:101A5000EF1F000811F0010307D090F8413003F0A8
:101A60002803282B14BFF22342238A0709D590F8B4
:101A7000412002F02802282A0CBF43F0440343F01F
:101A8000F4030A0401680A6848BF43F0B80322EA75
:101A900003030B607047002380F8423090F8412028
:101AA00010B5212A4FF0200280F841200BBF1122EF
:101AB00012224363436307BF0263012102630221D1
:101AC000FFF7C8FF002380F8403010BD08B5036859
:101AD0001A68002180F84210510415D51A6822F4C2
:101AE00080421A6090F84130292B13D1282380F8C6
:101AF0004130212303630121FFF7ACFF002380F86D
:101B0000403080F8903008BD1204EBD51A6822F4FA
:101B10000042E6E790F841302A2BF4D1282380F8E0
:101B20004130222303630221FFF794FF002380F852
:101B30004030BDE8084015F04EBF08B5164BC362F3
:101B4000202200230363436380F8412080F8423061
:101B50004B0712D503685A6A436A1A70436A013305
:101B60004362038D4BB1013B0385438D013B9BB227
:101B70004385436C43F00403436448F20301FFF7D9
:101B800069FF03681022DA61002380F84030BDE865
:101B9000084015F00BBF00BF0000FFFF70B500222A
:101BA0003C4D90F8413080F84220C5624285426C3D
:101BB000283B0A43022B0446426429D80321FFF73D
:101BC00049FF282380F84130334BA06B6363236BBC
:101BD000002840D0112B01D0212B3CD123681A685A
:101BE000510442BF1A6822F480421A6090F82530EE
:101BF000012B2BD0294B8363002384F84030FFF75F
:101C000069FE002844D0A06B836BBDE87040184784
:101C100048F20301FFF71EFFFFF7B7FE90F84130CF
:101C2000602B11D0202380F8413003689A69950613
:101C30000AD59A69D00605D51022DA61626C42F0A5
:101C4000040262642022DA610023BEE72046BDE878
:101C50007040FEF7EDBEE06B0028F7D0122B01D0EC
:101C6000222BF3D123681A68120442BF1A6822F4A7
:101C700000421A6090F82530012BE7D0074B8363B0
:101C8000002384F84030FFF725FE08B1E06BBBE786
:101C900070BD00BF0000FFFFB12200085D0A000810
:101CA000036899691A6810B4CC0508D5140606D5DE
:101CB000446C44F0010444644FF48074DC614C05CE
:101CC00008D5140606D5446C44F0080444644FF467
:101CD0008064DC61890508D5120606D5426C42F0A5
:101CE000020242644FF40072DA61416C11F00B0F92
:101CF00001D010BC52E710BC704773B505682023B3
:101D0000EB6190F84130212B04460E4634D101217D
:101D1000FFF7A0FE112323636B6823F0FF7323F406
:101D20008B3323F4FF7323F001036B6000236363A1
:101D3000F206A3F58033E36205D51023EB61636CF3
:101D400043F00403636494F84130602B05D17307BA
:101D500041BF6B6ADBB20193019B2046FFF715FE82
:101D6000636C94F84120602A00D073B1616C204606
:101D700002B0BDE8704011E790F84130222BCBD182
:101D80000221FFF767FE1223C5E794F84120212ABC
:101D90000AD1202284F84120236394F8422084F859
:101DA000403084F8423003E094F84120222AF0D0F9
:101DB00002B070BD73B590F84030012B04460D465B
:101DC000164600F091800123CA0680F8403017D5EE
:101DD000F30615D503681022DA61436C43F004035F
:101DE0004364FFF7D2FDAA0605D5B30603D52946FD
:101DF0002046FFF782FF002084F8400002B070BD4B
:101E0000680712D5710710D523685A6A636A1A7079
:101E1000636A25F0040501336362238D013B23854A
:101E2000638D013B9BB26385DDE76A060DD4AB078A
:101E300027D5B00725D5638D9BB2002BD3D0636A1D
:101E4000226813F8011B9162E6E7290606F04003B9
:101E500037D5002BC7D0638D22689BB22BB3208D62
:101E600018BB5168638D9BB2FF2BC1F309010DD9DB
:101E7000FF2222854FF0807300902046FFF793FDEC
:101E8000B1E72A06AFD57306E5D4ACE7628DE36A05
:101E900092B213F5803F2285D2B202D0E36A00905D
:101EA000EBE700904FF00073E7E75368980103D425
:101EB0002046FFF7F0FD96E740212046FFF76EFE33
:101EC00091E7002B8FD0638D9BB2002BF4D1236858
:101ED0005A68910187D4E26A12F5803FE8D15A68C6
:101EE00042F480425A607EE7022087E773B590F89B
:101EF0004030012B044678D0012380F84030CB06D7
:101F000012D5D60610D503681022DA61436C43F06F
:101F1000040343642021FFF75DFDFFF736FD002039
:101F200084F8400002B070BD0D0641D550063FD583
:101F300025682B6823F040032B60638D9BB25BB355
:101F40006968638D9BB2FF2BC1F309011AD9FF2386
:101F500023854FF080730022268D009294F828206C
:101F60002046FFF720FD638D9B1B9BB2638594F891
:101F70004130222B2B680CBF43F4004343F48043D1
:101F80002B60CCE7638D2385E36A13F5803F14BF94
:101F9000E36A4FF00073DEE76B689A0103D42046D2
:101FA000FFF779FDBBE740212046FFF7F7FDB6E7D5
:101FB0004B0612D5560610D5638D9BB2002BF2D17D
:101FC00023685A689501AAD4E26A12F5803FE6D1E7
:101FD0005A6842F480425A60A1E788069FD593066A
:101FE0009DD52046FFF789FE99E702209AE713B5B1
:101FF00090F84030012B044600F08580012380F8E2
:102000004030CB0612D5D30610D503681022DA6112
:10201000436C43F0040343642021FFF7DBFCFFF72C
:10202000B4FC002084F8400002B010BD880708D539
:10203000930706D52368226D9A624FF0FF3323651C
:10204000EFE7080636D5530634D510212046FFF7B2
:10205000C1FC638D9BB24BB3638D9BB2FF2B17D931
:102060000023FF22E16C228500934FF0807389B238
:10207000FFF799FC638D228D9B1A9BB2638594F8C0
:1020800041202368222A1A680CD142F400420BE056
:10209000628DE16C92B2002322850093D2B24FF0A0
:1020A0000073E4E742F480421A60BAE74021FFF788
:1020B00075FDB6E748061ED553061CD594F84110A9
:1020C000124A134B222918BF1346628D92B2FF2A7F
:1020D00008D9FF22E16C228500934FF0807389B20A
:1020E0002046C5E7628DE16C92B222850093D2B2A0
:1020F0004FF00073F3E7880693D5930691D52046F9
:10210000FFF7FBFD8DE702208EE700BF0020008077
:10211000002400802DE9F8430568D5F80090D0F838
:102120002C8090F8417007F0F7072023212F0446F8
:102130000E46EB6163D148F20101FFF78BFC276388
:102140006B6843F400436B606B6823F0FF7323F408
:102150008B3323F4FF7323F001036B602046FFF7FA
:1021600014FC19F4804F4FD02B6823F480432B606C
:10217000A36B1BB11B685B689BB2638572070FD5AD
:10218000636A6A6A1A70636A01336362238D2BB1D2
:10219000013B2385638D013B9BB2638526F00406DA
:1021A000638D9BB21BB1636C43F004036364F3065D
:1021B00011D519F0100F0ED0638D9BB2002B3DD1BD
:1021C00094F84130282B28D1B8F1007F25D1314631
:1021D0002046FFF7B2FC002384F84230656C63634D
:1021E000002D3AD0616C2046FFF7D8FC94F84130BE
:1021F000282B58D131462046BDE8F8439DE4222FD4
:102200009ED148F2020198E719F4004FB6D02B682E
:1022100023F400432B60E36BABE794F84120236881
:10222000292A4FF01002DA61D5D118F5803FD2D0BB
:102230002046FFF7AAFBFFF749FCCCE723681022F2
:10224000DA61636C43F00403636438F08073C2D1D5
:10225000616C2046FFF7A2FCBDE7E36A13F5803FFF
:102260000FD02046FFF732FC104BE362202384F8A6
:10227000413084F8405025632046BDE8F84315F00E
:1022800095BB94F8413084F84050222B4FF0200346
:1022900084F84130256304D12046BDE8F84315F0A9
:1022A0009ABB84F89050BDE8F88300BF0000FFFFA0
:1022B00070B590F84060C56A012E04460B467ED08A
:1022C000012680F840608E0607D5960605D5FFF7F3
:1022D00021FF002084F8400070BDD90630D5D60615
:1022E0002ED5628D92B2E2B994F84120282A07D106
:1022F000B5F1007F04D119462046FFF71EFCE8E740
:1023000094F841202368292A4FF01002DA61E0D1C5
:1023100015F5803FDDD02046FFF737FBFFF7D6FBF2
:10232000D7E723681022DA61636C43F00403636427
:1023300035F08073CDD1616C2046FFF72FFCC8E7E4
:1023400058071BD5510719D5638D9BB26BB1236814
:102350005A6A636A1A70636A01336362238D013BB0
:102360002385638D013B9BB26385638D9BB2002BFC
:10237000AFD115F5803FACD02046CFE71E0705D57D
:10238000100703D5204620F099FDA2E79907A0D5B4
:1023900093079ED5638D9BB26BB1636A226813F875
:1023A000011B91626362638D013B9BB26385238D48
:1023B000013B23858DE735F080738AD1DCE702206D
:1023C0008AE770B590F84060C56A012E04460B4656
:1023D00070D0012680F840608E0607D5960605D598
:1023E000FFF798FE002084F8400070BDD80659D54C
:1023F000D10657D512F4404F50D0D4E90E10E0B9B1
:1024000021B1520402D50A6852680AB32368102227
:10241000DA61636C43F00403636494F8413035F08F
:102420008072DBB2DED1213B092B30D8DFE803F02C
:102430002D342F2F2F2F2F2F2D341604E0D5006889
:1024400040680028DCD119B1500444BF0A685268C2
:1024500094F84120282A07D1B5F1007F04D119460C
:102460002046FFF76AFBBDE794F841202368292A3C
:102470004FF01002DA61B5D115F5803FB2D0204699
:10248000FFF783FAFFF722FBACE721232363616C9C
:102490002046FFF783FBA5E72223F7E723681022F6
:1024A000DA619FE719079DD513079BD5204620F0D9
:1024B00005FD97E7022098E74FF0B0431868C0F396
:1024C000802070474FF0B0431868C0F340607047F9
:1024D0004FF0B04310B59A68D96812F00C0205D0DD
:1024E0000C2A4AD101F00303012B51D14FF0B04126
:1024F0002B480B6813F0080306D00B6813F0080391
:1025000037D1D1F8941007E00C68240756BFD1F8F2
:1025100094300968C3F3032350F82330002A0CBF1A
:10252000184600204FF0B0418A6802F00C020C2AD5
:102530001ED1CA6802F00302022A2ED0032A06D155
:102540000B68184A13F4801F174B18BF13464FF03F
:10255000B042D068D168D268C0F306205843C1F3B6
:1025600002130133B0FBF3F0530F0133B0FBF3F070
:1025700010BD0B68C3F30313CEE7042A05D0082A65
:1025800006D11B6813F4801305D006480023C9E761
:1025900000231846C6E70448C4E7024BD7E700BF4C
:1025A000A80C03080024F4000048E80108B5FFF770
:1025B0008FFF4FF0B0439A68044BC2F3031203EB52
:1025C00082031B6CB0FBF3F008BD00BFA80C03082E
:1025D00038B50546FFF7EAFF4FF47A73B0FBF3F323
:1025E000013BB3F1807F01D3012038BD4FF0E022E1
:1025F000F0215361094B002483F823100F2D4FF075
:10260000070394611361EFD84FF0FF30224629464B
:10261000FFF72EF9024B20461D60E6E700ED00E0D3
:1026200000000020F8B54FF0B04304469D68DE6816
:1026300003689F0605F00C0506F0030632D5016A13
:102640001DB10C2D7CD1012E7AD109B90120F8BD24
:102650004FF0B043A76A1A68100756BFD3F89430FA
:102660001B681B0903F0F0039F4255D93846FDF75C
:1026700070FD0028EAD14FF0B042136843F0080320
:102680001360136823F0F0033B431360606AFDF7A7
:1026900057FDFFF78BFF994B58601868FFF798FFBD
:1026A0000028D4D12268D00740F1AD80082D6168A0
:1026B00003D00C2D71D1032E6FD10029C6D0910704
:1026C00000F1B880170740F10481A1694FF0B043D1
:1026D000002900F0ED80D3F89410E06901F01006B5
:1026E000B04200F0D28001F00306022EAED0CE0739
:1026F00040F1C280D3F89410814E21F00101C3F85B
:1027000094103768D3F89410890740F1B580316888
:10271000C91B1129F6D931E04FF0B042136843F0DC
:1027200008031360136823F0F0033B431360606AEF
:10273000FDF706FD3846FDF70CFD0028A9D085E71A
:102740006F4A4FF0B043D9B1196841F001011960E7
:102750001068196889070DD51A6842F008021A60D6
:102760001A68A16A22F0F0020A431A60606AFDF753
:10277000E7FC97E71168091A0229EAD9032066E7FE
:10278000196821F001011960106819688F0789D54F
:102790001168091A0229F8D9F0E74FF0B043A76889
:1027A000186820F480103843B1F5803F1860544811
:1027B0000ED1196841F48031196001684FF0B047BB
:1027C0003B689B031FD403685B1A642BF8D9D5E7D9
:1027D000B1F5041F04D1196841F400111960E8E74C
:1027E0001F6827F480371F601F6827F400171F60D9
:1027F0000029E2D107681968890304D50168C91B5B
:102800006429F8D9BAE793077FF55CAF042D03D0AC
:102810000C2D0FD1022E0DD12369002B3FF416AFE2
:102820004FF0B04160694B6823F0FE4343EA006318
:102830004B6047E7206932494FF0B04368B11868F0
:1028400040F4807018600E68FFF736FE0028E7D16C
:102850000B689B1B022BF7D990E7186820F4807057
:1028600018600E68FFF728FE00283FF42BAF0B68B6
:102870009B1B022BF6D981E74FF0B041D1F8943081
:1028800023F010030343C1F894304FF0B0411C48CB
:10289000D1F8943043F00103C1F894300668D1F8C0
:1028A00094309F0715D403689B1B112BF7D965E75C
:1028B000D3F89410124821F00101C3F8941006686F
:1028C000D3F89410890704D50168891B1129F7D919
:1028D00054E757074ED50B4A136813F4807F084B13
:1028E00012D1116841F48071116018681168CE0529
:1028F0000AD41968091A0229F8D93FE70000002014
:102900007803002000040058E1684FF0B04200292D
:102910004BD021F08000052802BFD2F8900040F093
:102920000400C2F890004FF0B0421F68D2F8900047
:1029300040F00100C2F8900041F28836D2F89000D1
:10294000800704D41868C01BB042F7D916E721F0FD
:10295000040181291868D2F8901015D141F0800146
:10296000C2F8901041F288364FF0B041D1F8902073
:10297000120504D5E36A002B3DD1002067E61A68F2
:10298000121AB242F2D9F9E621F08001C2F8901091
:1029900041F288364FF0B041D1F890201705E9D5C3
:1029A0001A68121AB242F7D9E8E61868D2F89010FD
:1029B00021F08001C2F8901041F28836D2F89010D0
:1029C000090513D41868D2F8901021F00101C2F85B
:1029D00090104FF0B04641F28831D6F8902092071F
:1029E000C8D51A68121A8A42F7D9C7E61968091AAF
:1029F000B142E3D9C2E60C2D46D0022B4FF0B043D2
:102A0000314A196821F080711960116831D1FFF7DE
:102A100059FD20BBD4E90C304FF0B0410343CD68E1
:102A20002A4828400343E06B0343206C0343606C57
:102A30000343A06B43EA0023CB600B6843F0807331
:102A40000B60CB6843F08053CB601168FFF73AFD11
:102A5000002892D113685B1A0A2BF7D98EE6136807
:102A60005B1A0A2BD3D989E613685B1A0A2B3FF647
:102A700085AEFFF727FD0028F6D14FF0B042144B8A
:102A8000D1680B40D36078E7012B3FF4DFAD4FF006
:102A9000B043D868236B00F003029A427FF4D6ADAE
:102AA000626B00F0700393427FF4D0ADA26B00F430
:102AB000FE43B3EB022F7FF4C9AD636C00F06040BE
:102AC000C01A18BF0120C2E5780300208C80C11114
:102AD000FCFFFEEE08B5FFF769FD4FF0B0439A68C2
:102AE000044BC2F3022203EB8203D3F80432D84032
:102AF00008BD00BFA80C030808B5FFF757FD4FF04D
:102B0000B0439A68044BC2F3C22203EB8203D3F8AA
:102B10000432D84008BD00BFA80C030870B50446B5
:102B200005682269A3682968C069666A13436269F7
:102B30001343774A03430A4013432B606B68E268F0
:102B400023F4405313436B60724BA2699D421CBF38
:102B5000236A1A43AB6823F06E4323F430631343B4
:102B6000AB60EB6A23F00F033343EB626A4B9D4289
:102B700017D14FF0B043694AD3F8883003F003030C
:102B800043F44033934264D0B3F1031F21D0013AA0
:102B9000934258D0B0F5004F40F0B480FFF7ACFF3F
:102BA00034E05F4B9D4234D14FF0B0435D49D3F8E0
:102BB000883003F00C0343F440228A4249D005D800
:102BC000FBB1594B9A423ED0012065E0B2F10C1F97
:102BD000FAD1B0F5004F40D04FF40040534B62683B
:102BE00003EB4603B3F82432B0FBF3F303EB5203D9
:102BF000B3FBF2F34FF6EF72A3F110019142E3D869
:102C000044E0B0F5004F78D1FFF764FF002842D0D0
:102C100023E0404B9D42D7D14FF0B043D3F88830EA
:102C200003F44063B3F5006F3DD006D883B3B3F52A
:102C3000806FC9D1FFF74CFC2CE0B3F5406FC3D1D6
:102C40004FF4004030E0B0F5004F5ED1FFF740FC9C
:102C5000DCE7B0F5004F3648C0D1344B626803EB77
:102C60004603B3F82432B0FBF3F0530803EB400300
:102C7000B3FBF2F34FF6EF72A3F110019142A3D828
:102C800023F00F0292B2C3F342031343EB6002E05E
:102C9000FFF720FF40B900204FF00113A366002387
:102CA000C4E91D3370BD2248204B656803EB460321
:102CB00005EB4501B3F82422B0FBF2F3994283D827
:102CC000B3EB053F80D80023194623F0DDF9090254
:102CD00041EA10616B080002C0182A464FF0000359
:102CE00041F1000123F0D0F9124BA0F540729A4255
:102CF0003FF66AAF074BD860CDE7FFF7EBFE002841
:102D0000C9D06BE7FFF7F8FEF9E7FFF7E1FBF6E75D
:102D1000F369FFCF0080004000380140020003004B
:102D20000044004008000C0004000C00A80C03083C
:102D30000024F400FFFC0F0038B5044638B3D0F887
:102D400088300BB980F8843025682423C4F8883093
:102D50002B6823F001032B60A36A13B12046FDF713
:102D600063FA2046FFF7DAFE012810D06B6823F4DF
:102D700090436B60AB6823F02A03AB602B6843F091
:102D800001032B602046BDE83840FDF771BE0120ED
:102D900038BD38B5044658B3D0F888300BB980F840
:102DA000843025682423C4F888302B6823F001037D
:102DB0002B60A36A13B12046FDF736FA2046FFF7D1
:102DC000ADFE012814D06B6823F490436B60AB68B0
:102DD00023F02203AB60AB6843F00803AB602B68C1
:102DE00043F001032B602046BDE83840FDF740BEAC
:102DF000012038BD836810B5044613B10322014693
:102E00009847204610BD0369DA6822F00102DA60B3
:102E1000DA6822F00202DA60DA6822F00402DA608C
:102E2000DA6822F00802DA60DA6822F01002DA606A
:102E3000196A41F21112114208D1196A40F2444252
:102E4000114202BF1A6822F001021A60012280F8C2
:102E50004D20196821F00101196080F84E2080F89A
:102E60004F2080F8502080F8512080F8522080F8C0
:102E7000532080F8542080F8552080F8562080F8A0
:102E8000572070470B4B98420BD0B0F1804F0AD0BF
:102E900003F5C053984208D003F58063984206D0EA
:102EA000FEE7002070470120704702207047032092
:102EB000704700BF002C0140826810B50AB927F0A6
:102EC0009CFEBDE81040C36818470B4BDA6802420D
:102ED00011D0D8600023012803F1010208D107486E
:102EE000DBB2142202FB0300043083681BB1E3E76A
:102EF00040081346EFE7704700080058AC11002067
:102F0000037F013B072B14D8DFE803F00411130DF6
:102F10001313130F012350F8040C1B0164331844DE
:102F2000836833B1C8E70323F5E70423F3E70223FB
:102F3000F1E77047036870B5DD681E69B1070446A4
:102F40000BD5AA0709D56FF002021A610122027798
:102F50009B69FFF7D5FF0023237770070DD569071D
:102F60000BD523686FF004021A61022222772046F3
:102F70009B69FFF7C5FF0023237732070DD52B0789
:102F80000BD523686FF008021A61042222772046CD
:102F9000DB69FFF7B5FF00232377F0060DD5E906BF
:102FA0000BD523686FF010021A61082222772046A1
:102FB000DB69FFF7A5FF00232377F2070CD5EB07AA
:102FC0000AD5236854F8040C6FF001021A61C36E2D
:102FD00013B16430FFF770FF300605D5290642BFF4
:102FE00023686FF080021A61F20505D52B0642BFF7
:102FF00023686FF480721A61700605D5690642BFB6
:1030000023686FF040021A61B20605D5AB0642BFD5
:1030100023686FF020021A6170BD034BD3F8740F60
:1030200008B1043086E7704778030020FFF7F5BF4A
:10303000034BD3F8780F08B104307BE7704700BF2B
:1030400078030020034BD3F87C0F08B1043071E7FC
:10305000704700BF78030020034BD3F8800F08B1FE
:10306000043067E7704700BF780300202DF0B2B846
:103070002DF0B0B82DF0B6B82DF0B4B82DF0B2B830
:1030800008B5032818D8DFE800F002080D12012067
:10309000FDF7CBF94FF0904008BD0220FDF7C5F9D0
:1030A0000648F9E70420FDF7C0F90548F4E7802059
:1030B000FDF7BBF90348EFE70020EDE70004004807
:1030C00000080048001C00484FF0B04382B09A6DE1
:1030D00002439A659B6D03400193019B02B07047C8
:1030E0004FF0E0230B4A82B0116898690190106894
:1030F0009A6900925A69884214BF009B019B013271
:103100004FF47A71D31A4B43B3FBF2F301FB003057
:1031100002B0704778030020094B70B500261D6887
:103120004FF47A73B5FBF3F5C0E900560446FFF798
:10313000D7FF044B03FB0500A060304670BD00BF05
:1031400078030020C0BDF0FF024A1368013313600A
:10315000704700BF780300200C4BD3F8FC20D2014D
:103160005EBFD3F8FC2042F08072C3F8FC20084B0D
:1031700000225A601A6842F001021A6000BF00BFC4
:1031800000BF5868B0FA80F04009704700ED00E0D9
:10319000001000E0012098E6022096E6042094E664
:1031A000082092E6102090E638B505242025A8B224
:1031B000FFF78BFE013C4FEA4505F8D138BD38B525
:1031C00006244FF48065A8B2FFF77FFE013C4FEA6A
:1031D0004505F8D138BD012A02D0022A18BF0022C5
:1031E000FDF776BCF8B5471C06460C4600D1FEE755
:1031F0003F4B00F00F0203EB8203C0F30310D3F840
:103200003C12FFF73DFF91FAA1F3B3FA83F387680D
:1032100003225B0002FA03F391FAA1F2B2FA82F2FE
:1032200027EA03075200032393403B4304F00705BA
:103230008360032D03D8DFE805F057032559FEE727
:10324000012391FAA1F2B2FA82F206685200032732
:1032500007FA02F226EA020691FAA1F2B2FA82F223
:1032600052009340013D3343012D036005D843686C
:1032700022074CBF0B438B434360C4F30112BDE8EC
:10328000F840A8E7C4F306227F2A17D0360717D5DF
:103290000B0A93FAA3F6B6FA86F6476A93FAA3F3F3
:1032A000B6004FF00F0CB3FA83F30CFA06F69B004E
:1032B00027EA060602FA03F3334343620223C0E718
:1032C00091FAA1F3B3FA83F3066A9B000F2707FA7A
:1032D00003F326EA030691FAA1F3B3FA83F39B0002
:1032E0009A4032430262E9E70023AAE70323A8E7F2
:1032F000A80C0308431C05D17047984201D1896886
:1033000070E70C310B685A1CF7D1FEE7431C02D161
:10331000002070470C310B685A1CF9D09842F9D143
:103320004868704703468B42084604D01BB1002909
:103330000CBF1846002070474FF0B0431A6842F0A7
:1033400061021A604FF4E0229A6061221A60064A14
:10335000DA6000229A6140F23F321A62034B4FF06A
:1033600000629A60704700BF0001042200ED00E097
:103370004FF0B04382B01A6E02431A661B6E0340D0
:103380000193019B02B0704703680C4A934202D13B
:103390004FF40060ECE7B3F1804F01D1012093E6D8
:1033A000074A934202D14FF40030F3E7054A9342B3
:1033B00002D14FF48020EDE7704700BF002C0140A0
:1033C0000044014000480140431C10D00C4B98427F
:1033D00010D007D8B0F1804F0ED0A3F5C05398425B
:1033E0000CD0FEE7074B9842FBD11D2070476FF0D1
:1033F0000D0070471C2070471B2070471820704735
:103400000044014000480140431C10D00C4B98423E
:1034100010D007D8B0F1804F0ED0A3F5C05398421A
:103420000CD0FEE7074B9842FBD11D2070476FF090
:103430000D0070471C2070471B2070471A207047F2
:1034400000440140004801404FF0B042936B0343F9
:10345000936370474FF0B042936B23EA000393638A
:1034600070472DE9F04FD0F8A0A09DB0CDE904122F
:103470000446AE4906935046269B0793FFF746FF46
:10348000D4F8A490AA4900904846FFF73FFFD4F82B
:10349000A8B0A84906465846FFF738FFD4F8AC3024
:1034A000A549019380461846FFF730FFA0490290D6
:1034B0005046FFF72BFF9D4903904846FFF726FF34
:1034C000009B05461BB9039B002B00F07681B9F1E8
:1034D000FF3F03D016B9002D00F06F81BBF1FF3F15
:1034E00003D0B8F1000F00F06881019B013303D0D5
:1034F000029B002B00F0618100983146FFF712FF1C
:10350000206020B903982946FFF70CFF206020684F
:103510004146FFF707FF0299FFF704FF07462060C7
:10352000002800F04A81854B984240F096804FF089
:10353000B0434FF480401A6C42F480421A641A6C13
:1035400022F480421A64FFF713FF2423A4F8B0305A
:10355000009B002B00F0A98074495046FFF7CAFE7B
:103560001EB173494846FFF7C5FE4FF00009B8F198
:10357000000F05D06F495846FFF7BCFE4FF4807826
:10358000029B2BB16C49019848F40078FFF7B2FE1A
:1035900094F8B1206A4B94F9B000C4F83C9003EB66
:1035A000820304F1040AC3F884AF049BA360059B63
:1035B000E360079B2361069B63610C230022C4E93F
:1035C00006380823E3626760226262620121FEF727
:1035D0004FF95C4B9F4240F05C81049A94F888302C
:1035E000B2F5165F7FD88B426FD15046002E00F0A7
:1035F000EA80FFF7A1FB002800F0DF8048220021CD
:103600000AA82CF058F8504A136843F480731360EA
:103610004FF48060FFF758FD4FF0B043D3F890208F
:1036200042F00102C3F89020D3F89020910709D40A
:10363000D3F8902022F01802C3F8902004230A93B4
:1036400081230D930A9B002B00F0C3800AA8FEF78C
:10365000E9FF002800F0BD80FEE73C4B98420AD10C
:103660004FF40030FFF7F0FEFFF7F4FEFFF72CFDFC
:1036700040F225136AE7334B98427FF469AF4FF06D
:10368000B043DA6B42F00102DA63DA6B22F0010236
:10369000DA63DA6D42F00102DA65DB6D03F00103F3
:1036A0000993099B40F2262350E7039B002B3FF42C
:1036B0005CAF1F495046FFF71DFE1DB11B49484630
:1036C000FFF718FE4FF4004951E784F8881061684D
:1036D00051E8003F43F0020341E80032002AF6D1EE
:1036E00084F8882081E7012B48D15046002E5FD016
:1036F000FFF722FB002860D0FEF7DEFE23680028DB
:1037000040F0BC80BB422FD10020FCF7ACFE16B9C4
:10371000002D00F087805046FFF70EFB00284CD0AC
:103720004FF48060FCF79FFE22E000BF240F0308E7
:10373000780F0308CC0F030820100308003801405D
:10374000780300200080004000040058004400403E
:10375000FEF7B2FE002840F093802268504B9A4258
:10376000D2D0002E00F091805046FFF7E5FA20B34A
:1037700050461DB0BDE8F04FFFF7DEBA84F8881060
:10378000616851E8003F23F0020341E80032002A5B
:10379000F6D184F88820504656B1FFF7CDFA60B1D3
:1037A000FEF78AFE3E4B2268002857D19A42AAE7CC
:1037B00035B9FFF7EEFA0028CAD11DB0BDE8F08F89
:1037C000FFF7BAFAF7E7002D7FF413AFFFF7E1FA3E
:1037D00011E74FF0B043D3F890309B07B8D5276876
:1037E0002F4B9F4203D14FF44060FCF73CFE504604
:1037F000002EE5D1002DE3D1FFF7CBFA0028DCD075
:10380000FEF75AFE264BE0B19F4215D05046FFF717
:10381000C0FA0028D1D02268214B9A4213D100204F
:10382000FCF721FE5046FFF7B4FA0028C5D04FF44C
:103830008060FCF718FE0BE04FF40060FCF713FE0D
:10384000E4E79F42ECD05046FFF7A3FA0028B4D03B
:1038500050461DB0BDE8F04FFFF79BBA9A4206D123
:103860004FF40060FCF7FFFD0EB9002DCED050469E
:10387000FFF762FA00287FF470AF9EE7BB42EEE7E5
:103880002268074B9A42EFD1EAE7002D7FF46CAF34
:10389000D9E7002E7FF46CAF002D7FF469AFD7E736
:1038A000008000402DE9F74FDFF84891524F99F81A
:1038B000B9303D68022B0646884640D899F8B930A1
:1038C00007EB8303D3F8844F94F8AD3007EB830301
:1038D000D3F8842FD2F88830D2F88C100B4303F041
:1038E0002103212B65D0D4F88830202B2CD15EB356
:1038F0001FFA88F343B300252122C4F89050C4F87E
:1039000088203F68A4F85430A4F85630A368B3F573
:10391000805F03D123690BB935461E46B4F8563093
:103920009BB2002B4BD14FF47A733A46402120468C
:103930001FF0AAF840B92023C4F8883006E02F49C8
:103940001620FFF7E3FC80BB4FF00008404603B0B1
:10395000BDE8F08F07EB8403D3F884AFBAF1000F12
:1039600007D059461620FFF7D1FCDAF80030834221
:10397000A4D00134E4B2032C89F8B940EAD11F493C
:103980001620FFF7C3FC0028DED01623C9F8A830A4
:10399000002300931A461A484FF41651FFF761FDB1
:1039A00099F8B930022B89D9CEE7DFF850B000245E
:1039B000E1E73B685B1BB3F57A7F8BD3C4E74FF439
:1039C0007A733A46802120461FF05EF80028BBD16A
:1039D00022685EB935F8023BC3F308039362B4F87A
:1039E0005630013B9BB2A4F8563097E716F8013BDE
:1039F000F4E700BF0000002078030020240F030834
:103A00000800002090F8B120084B03EB8203D3F8A4
:103A1000843FD3F88800D3F88C30184300F022009C
:103A2000A0F1220358425841704700BF780300209C
:103A300010B5044650F80439DA69D1070BD50122D4
:103A40001A62FFF7DFFFA8B904F1AE012046BDE816
:103A500010401FF06BBADA69920701D50222EFE736
:103A6000DA69510701D50422EAE7DA691207E8D5D5
:103A70000822E5E710BD0368D9691A682DE9F0410D
:103A800040F60F0631429D68044610D18E0640F183
:103A9000BA8002F0200605F080573E4300F0B38064
:103AA000436F002B00F0AD80BDE8F0411847AF4EEA
:103AB000AF482E401040304300F0A580CF0709D515
:103AC000D00507D501201862D4F8900040F001001D
:103AD000C4F890008F0709D5E80707D502201862BF
:103AE000D4F8900040F00400C4F890004F0709D5C6
:103AF000E80707D504201862D4F8900040F00200CF
:103B0000C4F890000F070BD502F02000304307D017
:103B100008201862D4F8900040F00800C4F8900023
:103B20000E050AD5500108D54FF400601862D4F88C
:103B3000903043F02003C4F89030D4F89030002B3C
:103B40005FD0890609D502F0200205F080552A438E
:103B500003D0636F0BB1204698472368D4F89010C8
:103B60009A6801F0280102F0400252EA010543D0B0
:103B700053E8002F22F4907243E800210029F7D186
:103B80007C4803F1080252E8002F024003F10805C7
:103B900045E800210029F4D1E26E012A07D153E85B
:103BA000002F22F0100243E800210029F7D1202243
:103BB000C4F88C200022E26662679A68520617D524
:103BC00003F1080252E8002F22F0400203F108003E
:103BD00040E800210029F3D1D4F8800040B1664BC1
:103BE0008363FDF777FE60B1D4F88000836B5BE7F9
:103BF0002046BDE8F0411BE72046FFF719FFC4F857
:103C00009050BDE8F081E06E012840F0B780CF060B
:103C100040F1B480D60640F1B18010221A629A6851
:103C2000500671D5D4F880201068416889B2002907
:103C3000E7D0B4F85C508D42E3D9A4F85E10016877
:103C4000890634D453E8001F21F4807143E8001042
:103C50000028F7D103F1080151E8001F21F001010C
:103C600003F1080545E800100028F3D103F108012D
:103C700051E8001F21F0400103F1080545E800105C
:103C80000028F3D12021C4F88C10E06653E8001F0F
:103C900021F0100143E800100028F7D13AB192F862
:103CA0002530022B08D00423D36382F8240002239A
:103CB0002367B4F85E30A4E71368906C196821F0AC
:103CC0000E011960016821F480710160196821F00A
:103CD00001011960D2E9100303F01C0101238B409C
:103CE0004360D2E913315960536D33B1196821F43F
:103CF00080711960D2E916315960012382F82530AC
:103D0000002382F82430D2E7B4F85E20B4F85E10C5
:103D1000B4F85C0089B292B200293FF472AF9042CD
:103D20003FF46FAF53E8002F22F4907243E8002174
:103D30000029F7D10F4803F1080252E8002F024092
:103D400003F1080545E800210029F4D12022C4F838
:103D50008C206167E16653E8002F22F0100243E8EF
:103D600000210029F7D1022323674AE70100001050
:103D700020010004FEFFFFEFE53D0008CF020BD558
:103D80006E0209D54FF4801204F1AE0120461A628A
:103D9000BDE8F0411FF0CAB808060BD502F080005C
:103DA00005F40005284305D0A36F002B3FF429AF8D
:103DB000204679E649067FF524AF52067FF521AF0C
:103DC00053E8002F22F0400243E800210029F7D1F8
:103DD0002023C4F88830A167D4F89830201FBDE8AC
:103DE000F0411847806A0023A0F85E30A0F85630F2
:103DF0001EE62DE9F84F0368B0F86060D3F81CB0F8
:103E00001F689D68D0F88C20222A044640F0B580B7
:103E1000B0F8683043B1DFF86C91DFF86CA14FF077
:103E200000081BF0200F20D1B4F85E309BB2D3B154
:103E3000B4F868209A4216D9226802F1080353E8C0
:103E4000003F23F08053083242E800312268002905
:103E5000F2D14E4B636752E8003F43F0200342E843
:103E600000310029F7D1BDE8F88F2368A26D5B6AA5
:103E700033401370A36D0133A365B4F85E30013B8A
:103E80009BB2A4F85E302368D3F81CB01BF0070F78
:103E90002ED01BF0010F09D0F90507D501221A62B7
:103EA000D4F8902042F00102C4F890201BF0020FD9
:103EB00009D0EA0707D502221A62D4F8902042F00E
:103EC0000402C4F890201BF0040F09D0E80707D5BE
:103ED00004221A62D4F8903043F00203C4F8903000
:103EE000D4F8903023B12046FFF7A2FDC4F89080AB
:103EF000B4F85E309BB2002B93D1226852E8003FA9
:103F000023F4807342E8003123680029F5D103F1DE
:103F1000080252E8002F02EA090203F1080040E813
:103F200000210029F3D120225345C4F88C20616779
:103F300021670AD05A68110207D553E8002F22F0F2
:103F4000806243E800210029F7D1E26E012A10D1F6
:103F50000022E26653E8002F22F0100243E800211D
:103F60000029F7D1DA69D2067FF55BAF10221A6219
:103F700057E72046FCF781FA53E79A6942F00802B6
:103F80009A6170E7FEFFFFEF0080004083040008A5
:103F90002DE9F84F0368B0F86060D3F81CB01F68D3
:103FA0009D68D0F88C20222A044640F0B380B0F8F7
:103FB000683043B1DFF86891DFF868A14FF000087E
:103FC0001BF0200F20D1B4F85E309BB2D3B1B4F80F
:103FD00068209A4216D9226802F1080353E8003F8C
:103FE00023F08053083242E8003122680029F2D1E0
:103FF0004D4B636752E8003F43F0200342E8003135
:104000000029F7D1BDE8F88F2368A26D596A3140C5
:1040100022F8021BA265B4F85E20013A92B2A4F81D
:104020005E20D3F81CB01BF0070F2ED01BF0010F41
:1040300009D0F90507D501221A62D4F8902042F080
:104040000102C4F890201BF0020F09D0EA0707D53F
:1040500002221A62D4F8902042F00402C4F89020A0
:104060001BF0040F09D0E80707D504221A62D4F820
:10407000903043F00203C4F89030D4F8903023B16C
:104080002046FFF7D5FCC4F89080B4F85E309BB2B0
:10409000002B95D1226852E8003F23F4807342E858
:1040A000003123680029F5D103F1080252E8002FFE
:1040B00002EA090203F1080040E800210029F3D1D7
:1040C00020225345C4F88C20616721670AD05A68C2
:1040D000110207D553E8002F22F0806243E8002147
:1040E0000029F7D1E26E012A10D10022E26653E8DE
:1040F000002F22F0100243E800210029F7D1DA69ED
:10410000D2067FF55DAF10221A6259E72046FCF710
:10411000B4F955E79A6942F008029A6172E700BF64
:10412000FEFFFFEF0080004041050008034B102216
:10413000C3F88421024BD3F8840F9CE400E100E033
:1041400078030020044B2022C3F88421034BD3F8CA
:10415000880F00B18FE4704700E100E07803002091
:10416000034B4022C3F88421024BD3F88C0F82E426
:1041700000E100E0780300200B490346D1F8D000AD
:1041800010B50344EFF30882934205D9074B0C2284
:104190001A604FF0FF3010BD054A064C121B9342C7
:1041A000F4D2C1F8D030F6E700000020685B0020B0
:1041B00000000120000400004FF0FF3070474FF472
:1041C00000534B600020704701207047002070476B
:1041D00000207047FEE7034B16221A604FF0FF30B5
:1041E000704700BF685B0020012070477047704730
:1041F000814210B51346A1EB000405D001462246CA
:1042000018462BF03EFA0346181910BD73B5531A21
:104210000F2B04460D461646019306D9002201A92C
:1042200027F0B6F8019B2060A3603246294620683B
:1042300027F00EF9019B226863600021D15402B07F
:1042400070BD37B5062380F81D3200F5AA7500232E
:10425000C0F82012044600931A462846FFF701F9D9
:1042600020461AF0A7FE2846FFF7CCFBC0B90D4B3D
:1042700094F90402C4F8EC31FDF7E8FA94F8052249
:10428000094B03EB820304F20621D3F8840F1EF0DE
:104290004DFE94F9040203B0BDE83040FDF7C8BA02
:1042A00003B030BD2DEB01087803002008B500F104
:1042B0002C0200F14403002052F8041F9A420844E3
:1042C000FAD122F0A1F8034922F0AAF9024922F01A
:1042D000F3F808BD00606A470000C84208B500F165
:1042E000440200F59A73002052F8041F9A420844D1
:1042F000FAD122F089F8034922F092F9024922F01A
:10430000DBF808BD00BA5B4A0000C84238B579B195
:1043100090F84151FFF7CAFF0446284622F078F88A
:104320000146204621F088FE003818BF012038BD24
:1043300090F84051EEE7134B70B5044693F8CC016A
:10434000E0B9D3F8903F1049DE68304621F074FEA2
:10435000A8B12046FFF7C2FF054694F8420122F0BB
:1043600057F8314622F0A8F8074922F059F90146DA
:10437000284621F061FE003818BF012070BD0120E1
:10438000FCE700BF780300200000C84270B5054676
:104390000E46104682B12B6801241B682C752846F6
:1043A00000219847084B83F8944FBFF35B8F20465A
:1043B0002E63BFF35B8F70BDBFF35B8F2B6BBFF3BF
:1043C0005B8F002BE7D0F6E77803002030B403467C
:1043D00000F130020024BFF35B8F52E8001F42E877
:1043E0000045002DF9D1BFF35B8F19B11B6830BCBC
:1043F0001B6A184730BC704708B500220275FFF7EA
:10440000E5FF4FF0FF3008BD034B1A684368826038
:104410001344C360704700BF7803002038B50368B9
:10442000094DDB69C5F8980F0446984701462046B8
:10443000FFF7EAFF002902DB23681B689847002387
:10444000C5F8983F38BD00BF78030020024B41609B
:104450001B681944C160704778030020002100F5F3
:104460002B60F3E70368C9B21B68184710B5044610
:10447000006826F0A2F92060204610BD2DE9F34126
:104480008C6805460E46174601F1040801206CB9F8
:10449000CDF80480D0B1F368434514D100264446DA
:1044A0002846C5E9006402B0BDE8F08104F11001BE
:1044B0003846FCF7FBF9D4E902230028A04614BFD4
:1044C00014461C46E3E701A8FFF7D0FF019E3946DA
:1044D00006F11000FCF7EAF90028DFD1E0E7F7B5B4
:1044E0008C68054616460F1D01235CB90197CBB1B8
:1044F000CB68BB4213D100233C462846C5E90034B3
:1045000003B0F0BD237C3778D4E902029F4238BF64
:10451000012327462ABF002304461446E5E701A8E5
:10452000FFF7A4FF019B3278197C9142E3D3E4E7C3
:1045300010B50446006826F03EF92060204610BD04
:104540002DE9F04F93B0CDE902239E4E8DF818105F
:10455000134480460D4608270493782F8DF8197070
:1045600002D113B0BDE8F08F039B73B1029B13F827
:10457000012BBA4209D0049A9A42F8D10137FFB20E
:10458000782F8DF81970F1D1EBE7012407FA04F9BF
:1045900000238D4886F8C04F5FFA89F986F8B69FE8
:1045A000A6F8BE3F12F02CFE8246002840F01D8285
:1045B000A7F10D036A2B00F21882DFE813F0AE02B8
:1045C00016021602DF021602B20272031602160269
:1045D00016021602F001B402250316027B021D0327
:1045E000B0020F04CC02CC02CC0239031602160230
:1045F000E10216025E0305031903160216021602F3
:1046000037031602160216021602160209011602D6
:104610001B0321036B001602170316029D009D0069
:104620001602110456015601CC0156011902190255
:1046300016021602CB031602160216021602160204
:10464000160216021602160216021F031602F000C8
:1046500016022B02160216027403160260023D02B5
:104660001602DE001602230360031602160216026B
:10467000B8031602A203A203DD027D02160216028F
:1046800016021602C00116021602160216021602C1
:104690001B011B012F2408F1240AD8F82820D34637
:1046A000002A40F0B783DA4504D09BF81020A242DC
:1046B00040F2FC8308F12003142001932BF08AFDC3
:1046C0000022DA45427482748146047400F11002BB
:1046D00040F0AA83D8F834302BB1D8F830100B7CD6
:1046E000A342C0F0288408F120010EA8FFF7F7FECE
:1046F000DDE90EB100F01BBC0423DFF8CCB0019360
:1047000003244FF001030021584686F8C03FA6F865
:10471000BE1F86F8B69F10F079F8584612F070FD6B
:104720002A4B93F85A20012A04D13946A3F1640098
:104730001DF056F8B6F8B42FB6F8B23F9A4207D03B
:1047400021480EF0D1FEC0B2802802D11A24A2E77F
:104750005046430700F00F020DD0D31E042B98BF24
:104760000124524597D0019B013B13F0FF030193B5
:1047700091D09246C5E70224F3E75F238DF83130EC
:104780000022042301210CA88DF830508DF832301E
:104790001CF0CEFF022814BF09240C247BE755230C
:1047A0008DF831300022042301210CA88DF83050FF
:1047B0008DF832301CF0BCFF00280CBF0A244524C1
:1047C00069E700BF7803002014130020781300204D
:1047D00034238DF831300022902301210CA88DF86C
:1047E00030508DF832301CF0A3FF002814BF0D2488
:1047F000412450E7D023002201210CA88DF830502D
:104800008DF831708DF832301CF092FF602802462E
:1048100000F0E88216D8C8B1552800F0E5820022E1
:1048200001210CA88DF830508DF831708DF83220B0
:104830001CF07EFF502800F0D98260280CBF1224A3
:10484000102428E76128EAD10E2424E70D23012152
:104850000CA88DF830508DF831708DF832301CF086
:1048600067FF1028DBD13E2415E7FE23002202213A
:104870000CA88DF832308DF830508DF831701CF066
:1048800057FF45F24943984212D1FF2300220221EB
:104890000CA88DF832308DF830508DF831701CF046
:1048A00047FF42F26023984214BF13243B24F2E6F0
:1048B000012386F8C03FFA210023C248A6F8BE3F74
:1048C00086F8B69FFFF7CEFDBE480F21FFF7CAFD61
:1048D000BC4812F095FC00283BD1BA480822394662
:1048E00012F07EFC082834D1B64CB6F8B43FB6F8C6
:1048F000B22F9B1A072B24DD012386F8C03FFC2131
:104900000023B048A6F8BE3F86F8B69FFFF7AAFD81
:10491000AC48C921FFF7A6FDAA4812F071FCC0B946
:10492000A8480622394612F05BFC062811D1A54C96
:10493000B6F8B43FB6F8B22F9B1A052B05DD552407
:10494000A9E620460EF0D0FDCFE720460EF0CCFDC4
:10495000EEE714249FE6FE234224002202210CA845
:104960008DF832308DF830508DF831401CF0E0FE7B
:1049700045F24943984200F03B820523012206217B
:104980000CA88DF832308DF830508DF831401CF085
:10499000CFFE45F20533984227D131247BE6072329
:1049A0001824002202210CA88DF830508DF83140D7
:1049B0008DF832301CF0BCFEB0F5806F00F01A822A
:1049C0000F23002202210CA88DF830508DF83140C1
:1049D0008DF832301CF0ACFEB0F54C5F01D12124D3
:1049E00059E643F233339842F9D00137FFB2B4E5C8
:1049F0007E23002202210CA88DF832308DF8305031
:104A00008DF831701CF094FE45F24943984296D1DE
:104A10002C2440E657238DF831300022FF2301215A
:104A20000CA88DF830508DF832301CF081FE15281E
:104A300014BF282437242EE6BA2386F8B63FD021A7
:104A400000236048A6F8BE3F86F8C04F0FF0DEFE98
:104A50005C4860210FF0DAFE5A4812F0D1FB80B1B9
:104A60005D238DF8313000220F2301210CA88DF831
:104A700030508DF832301CF05BFEB128B5D11824CF
:104A800009E614201AF002FD4E484E4C30225D21FA
:104A900012F0A6FB8146B6F8B42FB6F8B23F9A42A0
:104AA00004D1B9F1300FDBD15124F4E520460EF0EA
:104AB0001BFDF0E71924EEE50A236B2400220121F7
:104AC0000CA88DF830508DF831408DF832301CF044
:104AD0002FFEC02800F090811423002201210CA891
:104AE0008DF830508DF831408DF832301CF020FEBA
:104AF00000F00300022800F081810F230022012131
:104B00000CA88DF830508DF831408DF832301CF003
:104B10000FFE6A2830D01B24BDE51C24BBE51D24F4
:104B2000B9E51E24B7E519238DF8313000220F2393
:104B300002210CA88DF830508DF832301CF0F8FDB1
:104B4000B0F54C5F3FF44BAF43F2333398423FF440
:104B500046AF22249FE50223002201210CA88DF8F4
:104B600030508DF831708DF832301CF0E1FD874205
:104B700014BF252440248EE524248CE527248AE5CF
:104B80004FF001092624002249460CA88DF8305028
:104B90008DF831408DF832901CF0CAFD132801D0F9
:104BA0003C4678E5002249460CA88DF830508DF837
:104BB00031408DF832201CF0BBFD8128F0D14C240F
:104BC00069E500BF1413002029238DF8313000223D
:104BD000B22301210CA88DF830508DF832301CF032
:104BE000A7FD502814BF49242B2454E52D2452E559
:104BF000322450E516244EE53D244CE53F244AE599
:104C0000422448E5532446E51A238DF8313000222A
:104C1000AB2301210CA88DF830508DF832301CF0F8
:104C200087FDA92840F0EC804E2434E54D2432E580
:104C300023238DF831300022862301210CA88DF822
:104C400030508DF832301CF073FD92284FF046043E
:104C50003FF421AD01210023B84886F8C01F86F833
:104C6000B64FA6F8BE3FFFF7FDFBB44812F0C8FAF6
:104C700000287FF4BAAE4B240DE547240BE56223F0
:104C80008DF831300022082301210CA88DF8305016
:104C90008DF832301CF04CFD182814BF36245224F5
:104CA000F9E44824F7E406235A24002201210CA841
:104CB0008DF830508DF831408DF832301CF038FDD1
:104CC000AB28B1D00E23002201210CA88DF8305062
:104CD0008DF831408DF832301CF02AFDA04200F0F2
:104CE0009180002201210CA88DF831408DF83050C0
:104CF0008DF832201CF01CFDE02814BF39244A2412
:104D0000C9E4002201210CA88DF830508DF83170D3
:104D10008DF832201CF00CFDEA2875D0242875D0BF
:104D2000D82875D0692F14BF20243024B3E466231B
:104D3000002201210CA88DF830508DF831308DF80B
:104D400032201CF0F5FC7D2802D07A287FF44DAE8D
:104D50003A24A0E4902386F8B63F0023A6F8BE3F8D
:104D6000774B86F8C04F18681A790C90D3F8050075
:104D70008DF834205B7A0A9005220CA96F488DF8D3
:104D80002C300FF003FD6D4812F03AFA05226B4803
:104D900008A919F025FE0528024606D108A90AA887
:104DA0002AF05FFC08B93C2475E448238DF81D30D7
:104DB00000220123022107A88DF81E308DF81C5017
:104DC0001CF0B6FC48F28353984203D048F280535B
:104DD000984201D154245EE433245CE40B245AE469
:104DE000042458E40F2456E4112454E4122452E419
:104DF000152450E417244EE423244CE444244AE4CC
:104E0000432448E42E2446E4352444E44F2442E479
:104E1000302440E492F810C0D2E90201A4452ABF30
:104E200093460A4602463BE49BF81010A14217D96C
:104E3000D8F82C10CDF830B08B4501D101202AE0F4
:104E40000CA80192FFF712FB0168019A097CA142AC
:104E5000BFF449AC0C99CA68002A6CD05946EDE7FA
:104E600001926FD2D8F83010CDF830B08B4562D0B7
:104E70000CA8FFF75DFB0168019A097CA1427FF64F
:104E800032ACDBF80C20002A4ED15946087CA042F7
:104E900094BF0020012053460A46494625F08FFC66
:104EA000D8F834300133C8F83430CB4608F10C035D
:104EB000BDF81820D8F81090ABF8112001939B464C
:104EC000B9F1000F43D1019B5B4506D00BF11001F6
:104ED00006A8FBF7EBFC002876D008F108031420A5
:104EE00005932BF077F9BDF8183003820023837403
:104EF000019B5B45814600F1100A35D1D8F81C3082
:104F0000002B00F08780D8F818B051460BF1100044
:104F1000FBF7CCFC00287DD0BBF1000F41D1484607
:104F20002BF060F9D9464EE0DDF830B0594649B172
:104F3000BBF1000F82D18A45A8D17FE7141300206E
:104F40006810030848462BF04DF9D946ADE709F142
:104F5000100006A9FBF7AAFCD9E9021300280ABF32
:104F6000CB4699468946ABE70BF1100319465046EC
:104F70000593FBF79BFC0B4648B3D8F81430CDF8EB
:104F800030B09B4515D00CA8FFF770FA0068514669
:104F90001030FBF78BFC00283CD00C9BD96841B942
:104FA0009B46019B5B4533D00BF110015046FBF74C
:104FB0007DFC019B5A46494625F001FCD8F81C307F
:104FC0000133C8F81C30CB468BF812400DE5514632
:104FD0001846FBF76BFC0028A1D0D8F81830CDF8A4
:104FE00030B09B45DDD00CA8FFF7A2FA016850460F
:104FF0001031FBF75BFC68B1DBF80C30002BD3D031
:10500000DDF830B05B46BBF1000F0CD0002BC8D0F0
:105010000120CEE7524608F1080110A8FFF72EFA4A
:10502000DDE9103BEFE79B4679E770B5044608469B
:105030000D4621F09DF823680246294620465B680C
:10504000BDE8704018472DE9F3470E4605464B4929
:1050500030461746984621F031F820B948490522D4
:105060002846FBF719FB4749304621F027F820B9BD
:10507000454905222846FBF70FFB4449304621F0FD
:105080001DF820B9424905222846FBF705FB414996
:10509000304621F013F820B93F4905222846FBF796
:1050A000FBFA3E49304621F009F820B93C49052277
:1050B0002846FBF7F1FA0121084604F089F9DFF8E8
:1050C000E490002846D0384BB0FBF3F203FB12000B
:1050D00000F5A83404F5C0743449B4FBF3F2284653
:1050E00003FB12444FF461633246B4FBF3FA03FB53
:1050F0001A4419F0C2FF2E49284619F0BEFF3C2180
:10510000B4FBF1F301FB1344D9F8002029490094C2
:105110004FF47A70B2FBF0F228460192524619F031
:10512000ACFFD9F8984F64B123492846FFF77DFFBB
:10513000E169626A2846FBF7AFFA20492846FFF783
:1051400074FF43463A463146284602B0BDE8F04770
:10515000FBF7C2BE32461549284619F08EFF1449A6
:10516000284619F08AFFD9F8002015494FF47A73C0
:105170002846B2FBF3F219F080FFD2E7905A0308F9
:10518000965A03089C5A0308A25A0308A85A03080F
:10519000AE5A0308B45A0308BA5A0308FB5A030864
:1051A000015B03087803002080510100075B0308BE
:1051B000C05A03080B5B03082F5B0308315B03082D
:1051C000205B0308A0F52A6021F086BBF0B506231A
:1051D00085B00E460521CDE901130423009307464F
:1051E000144690F8B400032302220AF061FC002860
:1051F0004FD0294D5EB1D5F8F435FF211B6805F27B
:10520000F450984705B0BDE8F0401CF00BB944B924
:10521000384622460121FFF7D9FF4FF4FA701AF001
:1052200035F997F8B4301D4E062B5FFA84FCC4F3B1
:105230000721C4F3074256F8780C194B4FEA14645F
:105240001BD183F8D8C083F8D91083F8DA2083F80B
:10525000DB40D4330093102341220221FBF76CFB87
:10526000D5F8F43556F8781C5B6802460D4801F510
:10527000097105B0BDE8F040184783F8E4C083F831
:10528000E51083F8E62083F8E740E4330093082331
:10529000E2E705B0F0BD00BF7803002070140020E5
:1052A000000000206C0900202DE9FF4790F8012242
:1052B0000368A34E0446EAB996F89820022A04D15E
:1052C0009B6904B0BDE8F04718471B6A984720B9AE
:1052D000D4F8EC0104B0BDE8F08796F89830012BC3
:1052E00003D0236820469B69EBE784F8013220460F
:1052F000FCF708FA23682046DB6A984738B194F82F
:10530000003223B9012384F8003284F8FF3196F883
:10531000753094F80372C3B9BFB11CF05FF805464D
:1053200098B9884B3268C3F8EC20012F84F8030247
:105330000BD01CF077F8D4F8A40001211EF02CFC4F
:105340002A4601212046FFF741FF94F8033294F8E2
:10535000E071002B3FD1B06F04F04CF97A4B13F899
:10536000743C032B054605D8236820461B6B9847E1
:10537000804608B14FF00108236820465B6B9847D0
:10538000014638B142F210739D4234D840F2011305
:10539000A4F8FE31337B326F022B46D00B2B44D066
:1053A0004FF4616312B1934238BF1346DFF8949112
:1053B000D4F8F051D9F8EC004FF47A725343D9F88D
:1053C000F020904234D894F8FF71002D40F0918085
:1053D000002F40F0978096F8753023B194F8FE3195
:1053E000002B7FF47EAF94F80332002B41F288301B
:1053F00008BFC8206EE794F8FE3133B12FB1D4F85E
:10540000F0313268C8339342C4D20123326884F841
:10541000FE31A5F51C53103B44F62060834294BF37
:10542000D2181218C4F8F021B4E74AF6C003B9E75D
:105430003268121A934218D259B994F8FE3143B126
:10544000742204F130002AF036F94FF48073A4F886
:10545000FE3115B90125002755E033689D4250D330
:1054600094F8FF51002DF6D1F4E794F8FF71002D68
:10547000AED03368AB423FD9002F5CD1B8F1000FFA
:105480005BD13568D9F8EC30D9F8F4A0C9F8F05000
:10549000BAF1010FA5EB030525EAE57556D1C9F868
:1054A000F8500AF10103C9F8F430D9F8F8801BF07C
:1054B00095FF0546B06F04F09DF842F210739842D4
:1054C000074601D9002D62D194F803320125AB4281
:1054D00084F803527FF67FAF1BF0A4FF2946D4F86F
:1054E000A4001EF059FB002229462046FFF76EFE5D
:1054F00071E733689D42BFD3002F3FF46CAF0025A6
:1055000000E001252F46B8F1000F05D094F8FE31D8
:1055100013B1012384F8FF3194F8FF312BB100233C
:10552000C4F8F0312046FCF7EDF8002DA9D1002F8A
:105530003FF451AFA5E70025E5E747460025E5E73D
:10554000780300200000002070140020A9D9D9F8A9
:10555000F800D9F8FC8020F057FF414607464FF08D
:105560007E5020F09FFE0146384620F0A5FF0746FA
:10557000284620F04DFF414620F09EFF0146384668
:1055800020F092FE21F05EF9C9F8F80089E70623C1
:105590000521CDE901130423009394F8B4000323FB
:1055A00002220AF085FAF0B14FF47A70B8FBF0F0FD
:1055B00020F0C0F914A3D3E9002326F051FD14A371
:1055C000D3E9002320F030FA20F0C8FC87420AD249
:1055D00002230121D4F8A40084F803321EF0DCFA7F
:1055E0002A46002181E7032384F80332D4F8A4007B
:1055F00000211EF0D1FA2A4600212046FFF7E6FDE1
:10560000002384F8E031E6E685EB51B81E85F33FD0
:1056100000000000007CA54038B503680025044662
:1056200005751B686FF0004198470423D4F8A40067
:1056300084F8033229461EF0AFFA20462A4629464E
:10564000FFF7C4FD6FF0004038BD38B50C46054685
:105650001EF040FA291D846024F0EFFFEB6801334F
:10566000EB601EF037FA2146856024F0E6FFA36860
:105670000133A36038BD38B504460068844200D1C8
:1056800038BD05682AF0AEFD2846F7E738B5044670
:105690000068844200D138BD05682AF0A3FD284681
:1056A000F7E7F0B585B001ADCDE901550E46002311
:1056B0000168039304468C4204D12846FFF7E6FFB5
:1056C00005B0F0BD8A6833680F689A420DD1019821
:1056D00081420AD0874208D03A4624F0A0FF039BBB
:1056E00001330393A368013BA3603946E3E72DE947
:1056F000FF41224B0360044600F5027601A92048D1
:105700000196FFF7CEFF01ABCDE90133D4F80C12BF
:10571000DFF86C80002304F5037703938F4211D1E7
:1057200001A82546FFF7A7FF3046FBF7BFFF55F856
:10573000A80FA8421CD120461EF070FE204604B0DF
:10574000BDE8F0818B680D6843450FD10198814217
:105750000CD085420AD02A4624F061FF039B013316
:105760000393D4F81432013BC4F814322946D5E728
:1057700006682AF037FD3046DBE700BFA8100308B3
:105780000014002010B50446FFF7B1FF20462AF0B0
:1057900029FD204610BD2DE9F04F1646ADF5617D7F
:1057A0000022C0E900228260044650A81DF09DFE40
:1057B000569B73B19DF854315BB150A908A81CF0F9
:1057C000ACFC7A4F0E9B002B40F0A08050A810F04C
:1057D0004CFC20460DF5617DBDE8F08F98A819F0CE
:1057E00074FC05A819F071FCE822002198A829F0A2
:1057F00062FF9DF83430002B5BD10E9AD16953695A
:10580000890303D5126A934238BF134610A998A89A
:10581000D1932AF0E7FB98A902A819F044FC394675
:1058200005A819F040FC05A902A819F0DBFC054603
:1058300005A819F04AFC02A819F047FC5DB9D4E9A3
:105840000183984537D0E82298A940462AF0D2FB38
:105850006368E833636008A810F007FC9CE05449D3
:10586000544A0193ED1069432046FBF746F98246FE
:105870001EF0A7FA4146024605465846FEF7B8FC18
:10588000019B024619464846FEF7B2FC41460246D5
:105890004046FEF7ADFC8046BBF1000F02D05846F3
:1058A0002AF0A0FCE823C4E9005803FB0A55A560D0
:1058B0006CE00023AAE7404A01212046FBF71DF9CE
:1058C000D4F8009082461EF07CFAA8EB090B05463E
:1058D000E82298A958442AF08DFB41462A464846BA
:1058E0001CF00EFC414600F1E80240461CF008FCAA
:1058F0008046B9F1000F02D048462AF073FCE82335
:10590000C4E9005803FB0A55A560A4E79DF83430AC
:10591000002B3FF469AF10A905A819F0C4FB394664
:1059200098A819F0C0FB98A905A819F05BFC0028FD
:105930007FF454AF98A819F0C8FB05A819F0C5FB6F
:1059400056B3721ED2B210A998A8FFF724FFDDE962
:1059500098934B451AD0D4E900B8A268A3EB090587
:10596000A2EB0802AA42FFF47AAF19464246484623
:10597000FEF73EFC62682A44626041464046FEF7FC
:1059800037FC424649464846FEF732FC08A810F06C
:105990006CFB98A81EF02EFA50A998A81CF0BDFB2D
:1059A00098A908A81EF070FA0CE700BF056C030860
:1059B00035C2724F345B03084C5B03082DE9F04F8E
:1059C000ADF57D7D05463CAE0F464FF43F7200219C
:1059D0003DA8316029F06FFE95F8E841062C00F2F1
:1059E0001A83DFE814F00700AB00FB005D01B10192
:1059F000CC014302964C94F8043683B12168B4F884
:105A00000628B4F80A389BB29A4208D023685B1A79
:105A1000B3F57A7FF5D3B4F80A38A4F8063894F8C9
:105A2000F91701296ED0022979D069B94FF0B04336
:105A30001A6C42F480421A641A6C22F480421A648E
:105A40001A6E22F480421A6604EB8103D3F8843F75
:105A5000ABB12422C3F888201A68106820F0010036
:105A600010600020106050609060C3F8900083F8D0
:105A70008400C3F88800C3F88C00D8661867754B9B
:105A8000754893F8B9208A4204BF032283F8B920ED
:105A90003946B4F80438A4F80838FEF7D2FB4FF4BE
:105AA000AB7200216D4829F006FE642019F0EEFC6F
:105AB0006B496948FFF7B9FA142019F0E7FC694906
:105AC0006548FFF7B2FA68496348FFF7AEFA6749DD
:105AD0006148FFF7AAFA142019F0D8FC64495E481F
:105AE000FFF7A3FA63495C48FFF79FFA62495A48F7
:105AF000FFF79BFA14220123C5F8EC2185F8E83161
:105B0000082466E04FF40030FDF79EFCFDF7A2FC90
:105B10004FF0B042936D23F40033936594E74FF058
:105B2000B043DA6B42F00102DA63DA6B22F0010271
:105B3000DA63DA6D22F00102DA6585E70BAC4F49D2
:105B4000204619F0B0FA4D490EA819F0ACFA072614
:105B50004B498DF8446012A819F0A5FA484915A8D8
:105B600019F0A1FA47498DF8606019A819F09BFA5D
:105B700044491CA819F097FA0F238DF87C306B4626
:105B800003221C605A6093E8060008A81EF06CFC13
:105B900019A81EF027FC12A81EF024FC20461EF0B7
:105BA00021FC1BF03FFC38492B48FFF73EFA3A46F0
:105BB00008A94FF4FA701BF009FB0828044605D128
:105BC0001423C5F8EC31022385F8E83108A81EF04B
:105BD00013FC20460DF57D7DBDE8F08F0BAC2B4905
:105BE000204619F060FA2A490EA819F05CFA00263E
:105BF00028498DF8446012A819F055FA264915A8CD
:105C000019F051FA022202AB0294039293E80600C3
:105C100008A88DF860601EF027FC12A81EF0E2FBB9
:105C200020461EF0DFFB1BF0FDFB1C490A48FFF776
:105C3000FCF93A4608A94FF4FA701BF0C7FA082895
:105C40000446C3D11423C5F8EC310323BCE700BFDD
:105C500078030020000000206C0900200C140020B4
:105C6000665B03088D5B0308AB5B0308C95B030835
:105C7000E75B0308FC5B0308115C0308265C030870
:105C80002D5C0308335C0308395C0308575C030888
:105C9000445C0308735C0308605C03087C5C0308D5
:105CA000B249B348FFF7C1F9B249B148FFF7BDF9AE
:105CB0000BACB149AE48FFF7B8F9B049204619F02E
:105CC000F2F9AF490EA819F0EEF90C23AD498DF8A1
:105CD000443012A819F0E7F9AB4915A819F0E3F917
:105CE0000D26AA498DF8606019A819F0DCF9A849B9
:105CF0001CA819F0D8F9032204AB0494059293E888
:105D0000060008A88DF87C601EF0AEFB19A81EF0F6
:105D100069FB12A81EF066FB20461EF063FB1BF019
:105D200081FB9C499248FFF780F93A4608A94FF455
:105D30007A701BF04BFA082804467FF447AF14230F
:105D4000C5F8EC3104233FE71BF06CFB924988480F
:105D5000FFF76BF991481BF065FC032800F01482F3
:105D60001BF060FB8E498248FFF75FF98D481BF0FE
:105D700059FC032800F00A8214220523BCE68A4954
:105D80007B480BACFFF751F9142019F07FFB8749D2
:105D90002046092619F087F985490EA819F083F9DC
:105DA0008449267612A819F07EF9834915A819F0BE
:105DB0007AF90A2384F83430804919A819F073F964
:105DC0007F491CA819F06FF90B2384F850307D49E6
:105DD00020A819F068F97C4923A819F064F97B49D7
:105DE00084F86C6027A819F05EF979492AA819F09F
:105DF0005AF9784984F888602EA819F054F9764940
:105E000031A819F050F9754984F8A46035A819F043
:105E10004AF9734938A819F046F984F8C060072692
:105E200006AB0694079693E8060008A81EF01CFB34
:105E30004FF01C08013E04D308FB06401EF0D2FAC6
:105E4000F8E71BF0EFFA67494948FFF7EEF83A46E2
:105E500008A94FF4FA701BF0B9F9082804467FF43A
:105E6000B5AE1423C5F8EC310623ADE65E4FDFF87E
:105E70007C91D7F83804D7F83C140BAB03C3082146
:105E80000BA8FAF745FD1BF0CDFAD9F8F4350BA9AC
:105E90005B68082209F2F450984740F2EE2108208E
:105EA0001BF0D2FA30B94FF4FA63C5F8EC3185F83B
:105EB000E80125E64FF440720021304629F0FBFB53
:105EC000D7F84004D7F8441408AB03C3082108A846
:105ED000FAF71EFD1BF0A6FAD9F8F43508225B6824
:105EE00008A909F2F45098474FF0000AD9F8007059
:105EF000D34609F2F458D9F80030DB1BB3F5966F9E
:105F000080F08980D9F8F43540461B69984700280D
:105F1000F1D0D9F8F43516485B699847BBF1050F05
:105F2000E9D8DFE80BF0030A11181E65A0F1B501EE
:105F3000D1F1000B4BEB010BDDE7A0F16202504207
:105F400050414FEA400BD6E70A2814BF4FF0000B30
:105F50004FF0030BCFE7031F584258414FEA800B25
:105F6000C9E71FFA80FA4FF0050BC4E78B5C030802
:105F70006C0900209D5C0308AF5C0308C65C030845
:105F8000BD5C0308D65C0308CD5C0308DD5C030838
:105F9000E55C0308FF5C03080D5D03081D5D030855
:105FA0002D5D03083C5D0308505D03088C5D03080C
:105FB000845D0308915D0308935D0308995D030800
:105FC0009B5D0308A15D0308A95D0308B95D030893
:105FD000B15D0308BD5D0308C35D0308CA5D030826
:105FE000CE5D0308D55D0308A80C030878030020E4
:105FF0004AEA00201FFA80FABAF5407F0FD2D9F89A
:10600000F4356348DB69524631469847824506D1EC
:10601000BAF1000F06D14FF4FA6200236CE54FF09D
:10602000000B68E75B4B32460DF5847E9C461746B5
:1060300003CF7745186059603A4603F10803F6D15B
:1060400038681860BA889A80534FDDF80E3147F8E7
:10605000463CDDF8123147F8423CBDF8163127F8CE
:106060003E3C17F83C3C452200214FF01E094FF002
:10607000280BA2F11D0E52451FFA8EFE35DB0029BA
:106080004AD14FF440720021304629F014FBDFF86A
:106090000C81DFF80CB14FF0000917F83C3C4B4580
:1060A0003DDC40494048082229F00DFB002863D020
:1060B0003E493D48082229F006FB00285ED03C49B5
:1060C0003948082229F0FFFA002859D039493648C2
:1060D000082229F0F8FA002854D03749324808221B
:1060E00029F0F1FA002896D173E519FB03B060445A
:1060F00000210EEB01081FFA88F8013116F808801C
:1061000000F8018F1E29F4D10133DBB2092B02F113
:106110001E024FF00101ACD907F83C3CB1E7A8F1F1
:10612000040A26490422504629F0CDFA50B94FF40A
:106130004072414630462AF010FD09F1010908F18C
:106140001E08AAE707225946504629F0BCFA002843
:10615000F3D106904FF4407208F1040130462AF062
:10616000FCFC307828B10A2206A9304629F0C8F98B
:10617000C0B287F8F100E0E702242AE5032428E50D
:10618000042426E5052424E50D2422E5012420E548
:106190006C0900200C140020701400203914002019
:1061A000E85D0308F05D03082A140020F95D030888
:1061B000025E03080B5E0308145E0308E35D030838
:1061C0002DE9F04FB34E96F8F25085B00446002DFD
:1061D00040F0FD80D0F8F82190F8B4303AB994F846
:1061E000B400082848D1284605B0BDE8F08F082B38
:1061F000F5D190F8FD31012B1ED890F8FC21A64B6B
:1062000003EB8203D3F84814FFF7D8FB082884F87F
:10621000B40011D194F8E83194F8FD2163B994F8F1
:10622000FC310133DBB2032B09BF531C84F8FC3172
:1062300084F8FC5184F8FD3194F8FD31022BCED165
:1062400094F8FC21944B03EB82032046D3F85414BA
:10625000FFF7B4FB082884F8B400C0D194F8E83103
:10626000002BBCD194F8FC310133DBB2032B84F852
:10627000FC31B4D10125B6E794F8003223B90123EB
:1062800084F8003284F8FF31012815D1834984480D
:10629000FEF7CBFEFA2019F0F9F882498048FEF7A4
:1062A000C4FEFA2019F0F2F87F497D48FEF7BDFEE2
:1062B000FA2019F0EBF887E00B2800F2B080DFE855
:1062C00000F038AEAEAEAEAEAE8FAE062536774934
:1062D0007348FEF7AAFE4FF47A7019F0D7F87449A4
:1062E0006F48FEF7A2FEFA2019F0D0F871496C4809
:1062F000FEF79BFEFA2019F0C9F86F496848FEF7CF
:1063000094FEFA2019F0C2F86C49CEE76C49644853
:10631000FEF78BFE4FF47A7019F0B8F864496048C4
:10632000FEF783FEFA2019F0B1F86249BDE765492E
:10633000EDE7654D654B2C22072120461BF0B2F995
:10634000D5F8F43504F5097702465B68394605F25D
:10635000F450984707201BF001F9042211465C4BCA
:1063600020461BF09FF9D5F8F43502465B683946A4
:1063700005F2F450984704201BF0F0F80423ADF820
:1063800008300DF108094FF000084FF04E0B4FF0A8
:10639000010A19F8013B8DF80D30042203AB0121ED
:1063A00020468DF80CB0ADF80EA01BF07BF9D5F8A7
:1063B000F43502465B683A483946984701201BF09D
:1063C000CDF8B8F1000F08D0012386F8F23041492A
:1063D00004F50270FFF739F94CE74FF00108D8E7F0
:1063E0003D492F48FEF721FE40F2EE2019F04EF80D
:1063F0003A492B48FEF719FEFA2019F047F83849B8
:106400002748FEF712FEFA2019F040F835492448D3
:10641000FEF70BFEFA2019F039F8334945E70D2352
:106420000C22022109F044FB002873D0264890F882
:10643000C0310A2B01D0192B27D12C491848FEF75F
:10644000F4FD2B491648FEF7F0FD2A491448FEF7E3
:10645000ECFD29491248FEF7E8FD28491048FEF7EF
:10646000E4FD27490E48FEF7E0FD26490C48FEF7FB
:10647000DCFD25490A48FEF7D8FDFA2019F006F898
:1064800022490748FEF7D1FD9EE7214900F2F4506A
:10649000D5E700BF70140020A80C03081D5E030898
:1064A0006C0900202C5E0308535E0308625E03083B
:1064B0007A5E0308AE5E0308BE5E0308D25E030880
:1064C000E25E0308FA5E030878030020081103085F
:1064D0003411030800140020125F0308235F03082F
:1064E000335F0308435F0308535F0308635F0308D8
:1064F000975F0308A95F03088B5C03089D5C030892
:10650000BB5F0308CD5F0308DF5F0308AF5C0308D0
:106510007D5F030894F8B490B9F1020F40F03C811C
:10652000DFF868829A4D1AF07DFF0A234A46062159
:10653000CDF800802046FAF7FFF9D5F8F43504F5D8
:10654000097702465B68394605F2F45098474FF4E4
:10655000FA7148461AF078FF08F10A0300933922CD
:10656000082306212046FAF7E7F9D5F8F435024664
:106570005B68394605F2F45098474FF4FA713920B8
:106580001AF062FF08F11203009323222823062148
:106590002046FAF7D1F9D5F8F43502465B6839465A
:1065A00005F2F45098474FF4FA7123201AF04CFF8B
:1065B00008F13A0300930623194608222046FAF709
:1065C000BBF9D5F8F43502465B68394605F2F4505C
:1065D00098474FF4FA7108201AF036FF08F140038B
:1065E00000930122082306212046FAF7A5F9D5F8E1
:1065F000F43502465B68394605F2F45098474FF48B
:10660000FA7101201AF020FF08F1480300930122DB
:10661000082306212046FAF78FF9D5F8F43502460B
:106620005B68394605F2F45098474FF4FA7101203F
:106630001AF00AFF08F150030093012208230621F3
:106640002046FAF779F9D5F8F43502465B68394601
:1066500005F2F45098474FF4FA7101201AF0F4FE55
:1066600008F1580300930122082306212046FAF777
:1066700063F9D5F8F43502465B68394605F2F45003
:1066800098474FF4FA7101201AF0DEFE08F160031A
:1066900000930122082306212046FAF74DF9D5F888
:1066A000F43502465B68394605F2F45098474FF4DA
:1066B000FA7101201AF0C8FE08F168030093012264
:1066C000082306212046FAF737F9D5F8F4350246B3
:1066D0005B68394605F2F45098474FF4FA7101208F
:1066E0001AF0B2FE1AF09EFE2A4B009311224B467E
:1066F00006212046FAF720F9D5F8F43502465B6802
:10670000394605F2F45098474FF4FA7111201AF007
:106710009BFE08F1700300933B222C2306212046A8
:10672000FAF70AF9D5F8F43502465B68394605F2FE
:10673000F45098474FF4FA713B201AF085FE08F1A7
:106740009C0300930122082306212046FAF7F4F85F
:10675000D5F8F43502465B68394605F2F45098479F
:106760004FF4FA7101201AF06FFE08F1A4030093B0
:1067700009220D2306212046FAF7DEF8D5F8F43574
:1067800002465B68394605F2F45070E1381103089F
:10679000780300201E60030805230322009311469E
:1067A0000423484609F084F994F8B480002800F0E6
:1067B000B581B8F1030F0BBFD04BD14B00930093C1
:1067C0000CBF14232C23CF4D3E2206212046FAF77E
:1067D000B3F8D5F8F43504F5097702465B68394615
:1067E00005F2F45098474FF448713E201AF02CFE01
:1067F000012803D04FF47A7018F048FEDFF80883C0
:106800001AF010FE0A2302220621CDF8008020464D
:10681000FAF792F8D5F8F43502465B68BB4839467A
:1068200098474FF4FA7102201AF00EFE94F8B43033
:10683000042B40F023811AF0F5FD08F1F1030093D9
:106840003922082306212046FAF776F8D5F8F435E0
:1068500002465B68AD48394698474FF4FA713920D3
:106860001AF0F2FD1AF0DEFD08F1F903009323227D
:10687000282306212046FAF75FF8D5F8F435DFF82B
:1068800090825B6802463946A04898474FF4FA71F7
:1068900023201AF0D9FD062319460822CDF80080DE
:1068A0002046FAF749F8D5F8F43502465B68974870
:1068B000394698474FF4FA7108201AF0C5FD08F1DF
:1068C000060300930122082306212046FAF734F834
:1068D000D5F8F43502465B688C48394698474FF442
:1068E000FA7101201AF0B0FD08F10E0300930122A5
:1068F000082306212046FAF71FF8D5F8F43502469A
:106900005B688248394698474FF4FA7101201AF0C3
:106910009BFD08F11603009301220823062120465F
:10692000FAF70AF8D5F8F43502465B687748394635
:1069300098474FF4FA7101201AF086FD08F11E0302
:1069400000930122082306212046F9F7F5FFD5F828
:10695000F43502465B686D48394698474FF4FA7142
:1069600001201AF071FD08F126030093012208238B
:1069700006212046F9F7E0FFD5F8F43502465B68BA
:106980006248394698474FF4FA7101201AF05CFDCD
:1069900008F12E0300930122082306212046F9F76F
:1069A000CBFFD5F8F43502465B685848394698471E
:1069B0004FF4FA7101201AF047FD96F8F130112BCF
:1069C00008F1360972D91AF02DFD08F1E70300939A
:1069D0008622082306212046F9F7AEFFD5F8F435C4
:1069E00002465B684948394698474FF4FA71862059
:1069F0001AF02AFD2C233B220621CDF800902046D8
:106A0000F9F79AFFD5F8F43502465B683F483946F6
:106A100098474FF4FA713B201AF016FD94F8B43001
:106A2000042B16D11AF0FEFC08F1EF030093172295
:106A3000142306212046F9F77FFFD5F8F4350246E6
:106A400039465B68314898474FF4FA7117201AF0BD
:106A5000FBFC304B009309220D2306212046F9F759
:106A60006BFFD5F8F43502465B68284839469847ED
:106A70004FF4FA6109201AF0E7FCA5E408F10A03D3
:106A800000933922082306212046F9F755FFD5F84F
:106A9000F43502465B681D48394698474FF4FA7151
:106AA00039201AF0D1FC08F11203DFE61A4B0093EB
:106AB0001122022306212046F9F73EFFD5F8F435CE
:106AC00002465B681148394698474FF4FA71112025
:106AD0001AF0BAFC2C233B220621CDF80090204668
:106AE000F9F72AFFD5F8F435024639465B680748BE
:106AF00098474FF4FA713B20A9E700BFE91103085A
:106B0000FD11030878030020381103086C090020E8
:106B100072110308DC1103081B600308B8F1060FAB
:106B200040F04F81DFF8B892AE4D4FF47A7018F014
:106B3000ADFC1AF077FC22238A224146CDF8009062
:106B40002046F9F7F9FED5F8F43504F50977024641
:106B50005B68394605F2F45098474FF496718A20E5
:106B60001AF072FC40F2EE2018F090FC1AF05AFC79
:106B700009F1220300938A22132341462046F9F7A4
:106B8000DBFED5F8F43502465B68394605F2F45071
:106B900098474FF496718A201AF056FC40F2EE2086
:106BA00018F074FC1AF03EFC09F1350300938A22B8
:106BB000092341462046F9F7BFFED5F8F4350246D1
:106BC0005B68394605F2F45098474FF496718A2075
:106BD0001AF03AFC40F2EE2018F058FC1AF022FCB1
:106BE00009F13E0300938A22092341462046F9F722
:106BF000A3FED5F8F43502465B68394605F2F45039
:106C000098474FF496718A201AF01EFC40F2EE204D
:106C100018F03CFC09F1470300938A2226234146E1
:106C20002046F9F789FED5F8F43502465B68394607
:106C300005F2F45098474FF496718A201AF004FC3C
:106C400040F2EE2018F022FC09F16D0300938A2235
:106C5000262341462046F9F76FFED5F8F435024663
:106C60005B68394605F2F45098474FF496718A20D4
:106C70001AF0EAFB40F2EE2018F008FC09F1930349
:106C800000938A220E2341462046F9F755FED5F897
:106C9000F43502465B68394605F2F45098474FF4E4
:106CA00096718A201AF0D0FB40F2EE2018F0EEFB2D
:106CB00009F1A10300938A220E2341462046F9F7E9
:106CC0003BFED5F8F43502465B68394605F2F450D0
:106CD00098474FF496718A201AF0B6FB40F2EE20E6
:106CE00018F0D4FB09F1AF0300938A220E2341462A
:106CF0002046F9F721FED5F8F43502465B6839469F
:106D000005F2F45098474FF496718A201AF09CFBD4
:106D100040F2EE2018F0BAFB09F1BD0300938A227D
:106D20000E2341462046F9F707FED5F8F435024612
:106D30005B68394605F2F45098474FF496718A2003
:106D40001AF082FB40F2EE2018F0A0FB09F1CB0311
:106D500000938A220E2341462046F9F7EDFDD5F82F
:106D6000F43502465B68394605F2F45098474FF413
:106D700096718A201AF068FB40F2EE2018F086FB2C
:106D800009F1D90300938A220E2341462046F9F7E0
:106D9000D3FDD5F8F43502465B68394605F2F45068
:106DA00098474FF4FA718A201AF04EFB40F2EE2019
:106DB00018F06CFB09F1E703009309220D2341460B
:106DC000D9E4B8F10F0F7FF4FFAA07490748FEF78F
:106DD0002CF9FA2018F05AFB0549FFF766BA00BFF4
:106DE0007512030878030020F15F03086C09002086
:106DF0000660030800000000826930B40469551081
:106E0000034604EB6200D20748BF62595B6930BC9D
:106E100048BFD3581847826930B4046955100346F7
:106E200004EB6200D20748BF62595B6930BC48BFBF
:106E3000D3581847406A036810B40C465B69114682
:106E4000224610BC184730B50B4600F1380201F15C
:106E5000200518685968144603C40833AB4222461B
:106E6000F7D11B78237030BD10B40468246BA4469E
:106E700010BC604700207047704700207047012316
:106E800080F82C3270477047826930B4046955101D
:106E9000034604EB6200D20748BF62595B6930BC0D
:106EA00048BFD358184700207047704700207047EC
:106EB00000207047808A8A89131A584258417047C7
:106EC000012070470346002200691A61704700687C
:106ED000096803689B681847012A02D101600020F5
:106EE0007047022A05D0032AF9D0002AF7D10260A0
:106EF000F5E70B680360F2E70068096803689B68C0
:106F00001847E9E70068096803689B681847E3E7E2
:106F100061B100F11803C91AB1F5B46F06D8044B7A
:106F2000491103FB0100002380F89837704700BF28
:106F3000EFEEEEEE00F29772002312F8011F49B94E
:106F4000C218012182F898174FF4F07202FB030077
:106F5000183070470133042BEFD10020704749B13E
:106F600000F11403C91A18299EBF00EBE1000023A9
:106F700080F83430704700F13302002312F8011F0B
:106F800039B9C218012100EBC30082F83410143063
:106F900070470133042BF1D10020704771B100F12B
:106FA0001403C91A41F66A53994207D8044B491091
:106FB00003FB010041F674730022C254704700BF06
:106FC000330A029A10B500F5FB521332002312F86F
:106FD000011F51B9C11841F6747201248C544FF449
:106FE000FB7202FB0300143010BD0133102BEED1F5
:106FF0000020F9E7826930B404695510034604EBB8
:107000006200D20748BF62595B6930BC48BFD358A1
:107010001847F0B50646006850F82100B8B104687A
:10702000A569AB4207D117686568AF4203D15768BD
:10703000A568AF420BD0256865B177682046AC697A
:10704000B4FBF7FC07FB1C44A14201D00020F0BDBB
:107050002C46E5E72846FAE7C36810B50A4663B947
:10706000806800B910BD11684368994203D1516826
:1070700083689942F6D00068F3E7D1E900314B40CC
:107080004168B3FBF1F401FB1431FFF7C2FF0028A4
:10709000E8D00068E6E770B5BC26B0B00C460546FF
:1070A0003246014601A828F0A5FF3246214628466F
:1070B00028F0A0FF324601A9204628F09BFF30B0FF
:1070C00070BD826930B404695510034604EB620058
:1070D000D20748BF62595B6930BC48BFD3581847D4
:1070E0007047704710B5037C04460BB9002010BDF3
:1070F0000368DB6998470028F8D123682046DB68DD
:1071000098470120F3E70723A0F88434D0F86834C7
:10711000C0F888340023C0F868340B23037490F857
:107120008436012B06D1124A126882F82031036896
:107130009B6A1847023B042BF9D8DFE803F00309E8
:107140000D1115000A4B1B68022283F82021EEE77F
:10715000074B03221B68F8E7054B04221B68F4E782
:10716000034B05221B68F0E7014B06221B68ECE786
:1071700068150020D0F8101108B5024629B103485F
:10718000FFF7EDFE0023C2F8103108BDB016002055
:10719000D0F8141110B5044629B10348FFF7FEFEDC
:1071A0000023C4F8143110BD7C2C0020D0F8181135
:1071B00008B5024629B10348FFF7AAFE0023C2F82A
:1071C000183108BDE816002070B504460E46FFF7DA
:1071D00089FF237C0B2B054604D1236831461B6AAB
:1071E00020469847684270BD1F2808B50FD03E283A
:1071F0000FD0C8280FD0B0F5C87F0ED0B0F5487FAB
:107200000DD0B0F5C86F0CD01FF0FEF808BD0648D1
:10721000FCE70648FAE70648F8E70648F6E70648B6
:10722000F4E70648F2E700BF0000FA4100007A42A6
:1072300000204B430020CB4300204B440020CB4494
:1072400030B5441E082C3DD8DFE804F0353C221B45
:1072500015103005290039B11D490520072411609A
:10726000039A10701C7030BD1A49F6E709B11A492B
:10727000F3E71A49F1E711B117490824EFE7174975
:10728000FBE719B1144905200924E8E71349FAE797
:1072900019B1114905200A24E1E71049FAE719B1AB
:1072A0000B4908200B24DAE70A49FAE709B10C492F
:1072B000F7E70C49F5E719B1094908200C24CEE796
:1072C0000849FAE711B104490520EBE70349FBE758
:1072D0000020CB440000FA4300204B4400007A43D6
:1072E0000020CB430000FA421FB5002303930DF1A9
:1072F0000A03009303AA0DF10B03FFF7A1FF039804
:1073000005B05DF804FB0120704700224260028056
:107310008270704700207047704708B503689B680B
:10732000984780F00100C0B208BD08B503689B6AA9
:107330009847002008BD08B503681B6998470020DE
:1073400008BDC0F88C117047C0F890117047D0F894
:107350008C017047704738B590F82C32C56F0446E1
:1073600013B93DB9012038BD0368DB6D984700288B
:10737000F7D075B1084AD4F8803012684EF65F2114
:10738000D21A8A4205D9054A03F57D43E833C2F88B
:10739000D8370020E7E700BF78030020B0160020B0
:1073A000002210B54260D1F8C8410270D1E97312D1
:1073B000521AA4EBA2024270847010BDD0E973206F
:1073C000131A584258417047C06F003818BF012047
:1073D000704730B590F8623087B00446CBB190F872
:1073E00061209A4215D090F860208DF80C20C26D73
:1073F000D0F8280204928DF814300322036800921A
:107400005D6E06AB13E90E00A84710B1002384F8A7
:10741000623007B030BDDCE70020704708B5036874
:1074200000211B689847024B01221A7008BD00BF5B
:107430000C130020806E03685B691847806E036838
:107440001B6A18470068096803689B68184743E58A
:1074500070B5B1F85040B0F85060B0F85230B1F8A3
:107460005220A0F854300125A64280F820500AD1BD
:10747000934208D1A0F8523091F85630A0F85060ED
:107480002BB9002070BDA0F85040A0F85220014652
:1074900028301CF05FFCF4E711B10B201AF07CBC23
:1074A0000C20FBE738B50C4605461CF013FB291DE4
:1074B000846023F0C2F8EB680133EB601CF00AFB38
:1074C0002146856023F0B9F8A3680133A36038BD75
:1074D0002DE9F0411E4690F958308AB0002BDDF8B6
:1074E000408004460D46174621DD00F12803102296
:1074F0000021184628F0DFF8B8F5807FA762E66221
:10750000256314D8119A25466E4655F8447B06909B
:10751000CDE907820FCD0FC695E8030046F8040BAE
:1075200004F1380331700ECBBD6B2046A8470AB07A
:10753000BDE8F08110B504461CF070FF204610BD78
:1075400010B50446FFF7F6FF204628F04BFE204614
:1075500010BD2DE9F047D0E90487436AD0E902A9BC
:1075600004463D1D1E1DAE4205D8C4E906A9C4E966
:107570000887BDE8F08755F8040B28F033FEF2E7E2
:1075800010B5044628F02EFE204610BD084609B16D
:1075900028F028BE70472DE9FF4705461E4B55F8D9
:1075A000046F036004460DF104084FF00009AE4279
:1075B00006D16068854229D1204604B0BDE8F08735
:1075C000CDE90188B768CDF80C90396801988F42F1
:1075D00003D1404515D13668E9E78B68D1F800A0A2
:1075E0009C420CD181420AD0824508D0524623F0F9
:1075F00016F8039B01330393BB68013BBB60514604
:10760000E4E7076828F0EEFD3846E2E7066828F070
:10761000E9FD3046CEE700BF6C24030810B5074BE8
:10762000044640F8543B23F0D5FE04F13400FFF744
:10763000B2FF2046F9F7A4FB204610BD5C250308E5
:1076400010B50446FFF7EAFF204628F0CBFD2046A0
:1076500010BD10B50446FFF79EFF204628F0C2FD7E
:10766000204610BD2DE9FF4705461E4B55F8046F17
:10767000036004460DF104084FF00009AE4206D144
:107680006068854229D1204604B0BDE8F087CDE985
:107690000188B768CDF80C90396801988F4203D102
:1076A000404515D13668E9E78B68D1F800A09C42C7
:1076B0000CD181420AD0824508D0524622F0AFFF59
:1076C000039B01330393BB68013BBB605146E4E776
:1076D000076828F087FD3846E2E7066828F082FD53
:1076E0003046CEE76C24030810B5054B044640F83D
:1076F000343BFFF7B7FF2046F9F742FB204610BDA9
:107700006C25030810B50446FFF7EEFF204628F06D
:1077100069FD204610BD10B50446FFF7A3FF2046C3
:1077200028F060FD204610BD044B10B504460360F0
:10773000406A08B118F039FE204610BD7C250308C8
:1077400010B50446FFF7F0FF204628F04BFD204619
:1077500010BD70B5154692F844200E460AB10020BF
:1077600070BD8C1C01F12402498C0368202914D1BE
:10777000DB68214698470028F1D0202333807384AA
:107780002146A5F846304835E31851F8042B45F852
:10779000042B9942F9D10120E2E79B6821469847E2
:1077A000EBE770B5531E154606460C461F3213F81C
:1077B000011FC1B99342FAD1002070BD06F17903CF
:1077C00005F1200255F8041B43F8041B9542F9D13A
:1077D000043604F1200354F8042B46F8042B9C4291
:1077E000F9D10120E9E700222946204616F086FE5D
:1077F000204617F005F80028E0D02022002120467E
:1078000027F059FFD8E72DE9F34707464448894652
:10781000904619F01BF84348018A102902D1123012
:1078200018F0DEFF27F034FD042101900DEB01007C
:1078300018F0D6FF3C4C3E1D07F179054FF0000AC9
:1078400094F85D0810F0400001D118F0FFFFB4F883
:107850005C28C2F30C03C2F3C9021F2AC8BFA3F5F8
:107860008073B4F85C28CCBFC3F30C03002363F32C
:107870000C021304A4F85C284FD50021084618F028
:10788000AFFF94F85D3884F879A86FF3C71384F8D4
:107890005D38D4F80C380133C4F80C3818F074FE95
:1078A000DFF888C02A460CF1200E634603CB7345EF
:1078B000106051609C4602F10802F6D118F062FF98
:1078C00097F8793023F0070387F8793097F89830E4
:1078D00003F03F0343F0400387F898300022294625
:1078E000304616F00BFE304616F08AFF0028A7D16E
:1078F000304606F1200350F8042B49F8042B984237
:10790000F9D1294605F1200351F8042B48F8042B3E
:107910009942F9D102B0BDE8F08718F09BFDB8E7B5
:1079200028600308980B0020B0160020CC1E002011
:1079300082B02DE9F04F8FB004461993229B00933B
:10794000239BDDF890A00193934627F0A1FC269B92
:1079500003EB0A09BDF86430C9F80800064633B9DC
:10796000002738460FB0BDE8F04F02B070472368DB
:107970000DF16601DB692046984707460028EFD0E5
:10798000A046202258F8593B20461B6A414604F184
:107990002805984710220021284627F08CFE009BDE
:1079A000A362019BE362C4F830B006B1E6623148DD
:1079B000314C0D22294608F015F841462F4808227F
:1079C00008F010F8D4F87C08036820225B6A41466E
:1079D000984719238DF828302A460DF1290305F11F
:1079E0000C0852F8041B43F8041B4245F9D198F8DF
:1079F00000201A70D4F87C089AFA9AF3ADF8363061
:107A0000036802AA9B6A0AA99847259802AA5146C8
:107A100007F010FC01238DF818300DF1190355F80B
:107A2000042B43F8042B4545F9D12A781A70269A7D
:107A3000259806AB514618F0BDFCD4F87C0800230D
:107A4000ADF8263003680AAA9B6A06A9984709F18F
:107A5000070402AA0AAB09F1FF3112F8010B13F86F
:107A6000015B684001F8010FA142F6D1C9F8086036
:107A700077E700BF37600308B016002054600308A2
:107A800082B02DE9F04F95B08A461EA981E80C001E
:107A9000DDE928B32A9E01932B9B0C3E9F19BDF86C
:107AA0007830D7F8089005462BB9002015B0BDE80E
:107AB000F04F02B0704703680DF17A01DB69984717
:107AC0000028F2D0A846202258F8593B28461B6AC5
:107AD000414605F12804984710220021204627F04E
:107AE000EAFD019BC5F828B0EB62C5F830A0B9F1FA
:107AF000000F01D0C5F82C903E483F4D0D22214685
:107B000007F070FF41463D48082207F06BFFD5F8AB
:107B10007C08036820225B6A4146984701238DF860
:107B2000203022460DF1210304F10C0852F8041B09
:107B300043F8041B4245F9D198F800201A70D5F893
:107B40007C080023ADF82E30036808A99B6A10AAB0
:107B500098477B1E10A80CA9073713F801CF10F81F
:107B6000012BBB4282EA0C0201F8012BF5D108ABD4
:107B70002C9A2B98314618F01DFC19238DF84030B3
:107B80000DF1410354F8042B43F8042B4445F9D17B
:107B900022781A70D5F87C0873BAADF84E300368B5
:107BA00004AC9B6A224610A998472C98224631467D
:107BB00007F040FB0CAB03941093039800230028BC
:107BC0003FF474AF109800283FF470AF8DF80B307D
:107BD000039AD15C109AD05C9DF80B204140013390
:107BE0000A43082B8DF80B20F2D19DF80B000138C9
:107BF000C00F5BE784600308B0160020A160030893
:107C000070B50446406A00230E461546636208B10B
:107C100018F0CBFB95B1442028F0DCFA084A02604A
:107C20000346606A636208B118F0BFFB606A0368CC
:107C30002A4631461B69BDE87040184770BD00BF39
:107C4000C02503084FF4B07028F0C4BAF0B500F1B5
:107C5000590789B03B4601F1200251F8044B43F823
:107C6000044B9142F9D16C4600F1790200F199037D
:107C7000264610685168254603C508329A422C46AC
:107C8000F7D1384616F0BCFD3A463146054638462F
:107C900016F034FC0446384616F0B2FD84F00104B8
:107CA00005432C433046202116F05EFB04F0FF0410
:107CB000E04300F0010009B0F0BD10B504460068D3
:107CC00008B118F06DFB204610BD84B02DE9F341DA
:107CD0009DF9448009AE0024B8F1100F86E80E002B
:107CE000DDE91357009443D1E82028F073FA264BBE
:107CF00003602C33C362A0F828800A2380F8303058
:107D000000F1380200F12C0342634360CDE9000426
:107D100001A8FFF7D2FF009C9DF94420236831465B
:107D20001A4E1B69204698472A463946304628F0A5
:107D300061F9C5F580720021701927F0BCFC236839
:107D400012995B691022204698470C2384F8293049
:107D500023683246D3F8188039462B462046C04760
:107D60006846FFF7AAFF02B0BDE8F04104B07047D3
:107D70004FF4947028F02EFA10230385044B03600F
:107D80002C33C3620E23B9E7E8250308301F002017
:107D90003C26030810B5036804469B6F984704F51A
:107DA000157017F079FE012010BD08B500F51570AB
:107DB00013F09CFC003818BF012008BD38B50446FC
:107DC00000F5157013F092FC10F0140F12D0114D45
:107DD000D4F844222B681AB9C4F84432012038BDC3
:107DE000216F9B1AB3EB410FF8D3C30604D40023D1
:107DF000C4F844320020F2E7236800225B6B40F2B3
:107E00000111204698472B68D4F844229B1A9842C7
:107E1000E4D8ECE778030020F0B5C36F85B00446E2
:107E2000002B3DD190F82C32002B34D104F5157580
:107E3000284617F031FE0021284617F011FE7F2357
:107E40008DF80F3000220123CDE9003289210DF198
:107E50000F0204F5F07014F061F8D4F8E0011D4E43
:107E600003680521DB6998473768D4F8E001D4F846
:107E70000C1203681B6998470346D4F8E0018BB9DC
:107E80000368D4F80C121B699847236890B15B6DA6
:107E90002046984704E00368DB6D98470028C5D06A
:107EA00005B0F0BD33680268DB1B322BE8D8536D98
:107EB0009847DAE79B6B204698470146284614F01E
:107EC0006EFB054B284693F8C51117F08BFF23680E
:107ED000DDE700BF780300208003002008B53220D2
:107EE000F9F7B4FCBDE8084001481BF0C5B800BF75
:107EF000B020002000F5157013F076B81FB5FF23F1
:107F00008DF801304FF6FF730022ADF802304FF4C8
:107F1000C073CDE90123039390F863308DF80030EE
:107F2000036804469B6F9847694604F5157011F085
:107F3000B3F8034BC11A4842484104B010BD00BF1A
:107F400042FDFFFF38B500F5157528460C4614F0C4
:107F5000B7FDC4F81C01284613F0D9FB24F0E2F960
:107F6000C4F8240138BD2DE9F04300248BB0054648
:107F70000E46A04600F51577002A58D090F8A43296
:107F8000012B11D040F24971D0F89C0213F010FE81
:107F900040F26B71C0F30214D5F89C0213F008FE96
:107FA000042CC0F300183ED80434E4B295F8600005
:107FB000D5F85C90B5F86C308DF8244001248DF82C
:107FC0001C00ADF8143004FA00F000238DF81630D0
:107FD000CDF820901EF01CFA49461EF021FB4FF010
:107FE00083411EF03DF80028034618BF23468DF854
:107FF00018308DF81780DDE90501D5F85442099B4A
:10800000019000930396ADF80810DDE90723A46FF3
:1080100095F8D8113846A0474FF47A73B0FBF3F0C7
:108020000BB0BDE8F083072C08BF0824BEE7D0F8EA
:1080300054323846DB6F9847EEE710B5034B0360C8
:1080400004461BF08BFD204610BD00BF90260308A0
:108050000F4B10B5036084330446C0F89431D0F858
:10806000CC0108B128F0BEF804F5CA701CF0D6F9AE
:108070002046084B40F83C3BFFF7DFFF04F12000AF
:10808000FFF7DBFF201DFFF7D8FF204610BD00BF24
:10809000A426030854270308A0F5CA70D8E710B532
:1080A0000446FFF7D5FF204628F09CF8204610BD77
:1080B000A0F5CA70F3E710B5064B03F5147203F58B
:1080C000357304460260C0F89431FFF7C1FF2046C3
:1080D00010BD00BF54250308A0F5CA70EBE710B52A
:1080E0000446FFF7E8FF204628F07CF8204610BD44
:1080F000A0F5CA70F3E710B50446FFF79EFF2046CF
:1081000028F070F8204610BD2DE9F74FD0E9018422
:108110000368A4EB0806B610B34205460F46914625
:10812000B3463AD8444536D054F8041CD1F85861C7
:10813000CEB991F8222197F822319A422BD2043CF1
:1081400084605248FFF722FA002239462846FFF79A
:10815000DBFF0120B9F1000F02D0012389F80030C4
:1081600003B0BDE8F08F221F13460C46D4F858A187
:10817000BAF1000F7DD0984502D053F8044DF5E7D1
:10818000434B1B689E4206D2D7F858310BB19E4232
:1081900001D9AA60D5E70020DCE70AB100231370FB
:1081A000C146002E0ADCEB689C4228D04C4504F105
:1081B000040317D12760AB600120D1E74FEA660ABC
:1081C00009EB8A0359F82A100193384601F034FB71
:1081D00030B9019BA6EB0A0A03F104090AF1FF3A40
:1081E0005646DEE7214654F8042C41F80429484657
:1081F000AB6022461BF0DCFDC9F80070DCE76FF0D5
:1082000060439B4502D1234822F0EDFC444527D131
:108210000BF1010ABAF1000F29D06FF060439A45C3
:1082200028BF9A4650461BF0B9FB0646A9EB080347
:108230003246F7504946404619F062FF2146021D7A
:10824000484619F05DFF0446B8F1000F02D04046E1
:1082500027F0C8FFC5E9016406EB8A06EE60ABE7CC
:10826000BBEB4B0F4FEA4B0AD4D99A46DAE7564696
:10827000DCE794F822C197F82201844580D21946A0
:10828000281D1BF039FB21465BE700BFC020002002
:10829000780300204C5B030838B5D0F8F030082B89
:1082A00004460D4607D1C83017F076FB014610B1E1
:1082B0001548FEF773FED4F8F030072B01DD26F0E9
:1082C0008FFFD4F8F40018B1036800211B689847A9
:1082D000D4F8EC3004EB83020133C2F8C8505A42A0
:1082E00002F0070203F0070358BF5342C4F8EC3012
:1082F000D4F8F0300133C4F8F030D4F81831013339
:10830000C4F8183138BD00BF7C2C002038B5D0F837
:108310000831022B04460D4607D1F83017F02BFB2D
:10832000014610B11348FEF7F3FDD4F80831012BD4
:1083300001DD26F055FFD4F80C0118B103680021C7
:108340001B689847D4F8043104EB8302013303F02F
:10835000010348BF5B42C2F8F850C4F80431D4F8B6
:1083600008310133C4F80831D4F818310133C4F8A6
:10837000183138BDE816002010B5044B044640F80B
:10838000043BFAF737FD204610BD00BF5428030810
:1083900010B50446FFF7F0FF204627F023FF2046E4
:1083A00010BD10B5034B044640F8043BFAF722FD1C
:1083B000204610BD5428030810B50446FFF7F1FF0E
:1083C000204627F00FFF204610BD10B5034B044692
:1083D00040F8043BFAF70EFD204610BD5428030870
:1083E00010B50446FFF7F1FF204627F0FBFE2046BC
:1083F00010BD10B5034B044640F8043BFAF7FAFCF5
:10840000204610BD5428030810B50446FFF7F1FFBD
:10841000204627F0E7FE204610BD10B5034B036051
:1084200004461BF05AFB204610BD00BF6C28030811
:1084300010B50446FFF7F1FF204627F0D3FE204693
:1084400010BD70B50E4B044640F8683B1BF023FB93
:10845000A36B3BB1E36DE56C1E1DAE420BD8A06B68
:1084600027F0C0FE606B08B127F0BCFE20461BF071
:10847000D5FF204670BD55F8040B27F0B3FEECE79E
:108480008028030810B50446FFF7DBFF204627F0DD
:10849000A9FE204610BD38B5D0F88C100F4B0360F4
:1084A0000446A9B9D4F88820D4F88400920027F0B3
:1084B00002F9D4F8840004F19C03984201D027F01B
:1084C00091FE074B23602046FFF7BBFF204638BDD7
:1084D0000D68084627F086FE2946E2E7BC28030817
:1084E000FC28030810B50446FFF7D5FF204627F007
:1084F00079FE204610BD10B5034B03600446FFF71C
:10850000CAFF204610BD00BF3C29030810B5044631
:10851000FFF7F1FF204627F065FE204610BD0F4B08
:1085200070B50546D3F8240AFBF7C0FE1EF014F917
:1085300095F8786095F87940A41B4443642394FB34
:10854000F3F43444E4B20120A040002804DD16F026
:10855000A1FDAB6E584370BD0020FAE7B0160020B5
:108560000B685A89042A2DE9F047846E05460E46A9
:108570003BD11F4A1F480C334FF4807106F096FE22
:10858000236800F1180100225B6B204698471A4BC4
:108590008146D3F8240AFBF789FE184B94F87880BB
:1085A00094F879A01F681EF0D7F8AAEB080343439C
:1085B000642293FBF2F301224344D04448FA02F8C8
:1085C000DBB2616F02FA03F302FA08F202EB4A022D
:1085D00013440F44A26E07EB490702FB0377776051
:1085E0002846BDE8F047FEF719BF98891830C7E75D
:1085F000201E0308D8200020B01600207803002099
:108600004B89052B70B50446154608D18989183168
:1086100023682A4620465B6BBDE87040184701F18D
:108620000C03044A04484FF4807106F03FFE00F149
:108630001801EDE7201E0308D82000202DE9F04F97
:10864000D1E90036D0F804A05E40B6FBFAF70AFB89
:10865000176785B088460A46334639460446FEF712
:10866000D8FC38B103682BB103F10C09484605B0BA
:10867000BDE8F08F1C2027F0ADFD034605464FF006
:10868000000B98E8030043F804BB83E803000123D0
:10869000C5E904BB0093E368524604F1100102A847
:1086A00022F0EEFA9DF8083005F10C09C3B1039FE2
:1086B000012F04F1180A22D1C4F818B0D046A446FC
:1086C0000020A2684CF8080F12BB2068504501D06A
:1086D00027F088FDB6FBF7F3C4E9008707FB1367B3
:1086E0002368AE6153F82720B80072B312682A607D
:1086F00053F827301D60E3680133E360B6E738467E
:108700001BF04CF9BA005946804626F0D4FFD6E754
:108710009369B3FBF7F107FB1133D2F800E058F887
:10872000231059B9A1681160A26048F823C01168EC
:1087300009B148F8202018467246C5E7096811605B
:1087400058F823301A600346F5E7A2682A60A5604E
:108750003AB192696168B2FBF1F601FB162243F867
:10876000225004F108021A50C5E72DE9FF47B1F87D
:10877000008047680368B8FBF7F607FB16860446D7
:1087800053F82630ABB11A68918841450BD0116877
:1087900079B113468A88B2FBF7F007FB10229642A4
:1087A00007D10A46F0E7186818B1083004B0BDE8F0
:1087B000F0870C2027F00EFD4FF0000A0123C0F8CF
:1087C00000A0A0F80480C0F808A00093E368054664
:1087D0003A4604F1100102A822F052FA9DF808303E
:1087E000C3B1039F012F04F1180923D1C4F818A0C5
:1087F0004E46A4460020A3684CF8080F1BBB206817
:10880000814501D027F0EEFCC4E90067B8FBF7F61C
:1088100007FB1686236853F82620B00082B312683F
:108820002A6053F826301D60E3680133E36005F1E8
:108830000800BBE738461BF0B1F8BA0051460646BF
:1088400026F039FFD5E79A88B2FBF7F107FB112232
:10885000D3F800E056F8221059B9A1681960A36056
:1088600046F822C0196809B146F820301046734610
:10887000C4E70968196056F8222013600246F5E73C
:10888000A2682A60A5603AB192886168B2FBF1F6ED
:1088900001FB162243F8225004F108021A50C3E7E4
:1088A00012F0C6BC38B5084D0446D5F8280B03684D
:1088B0009B6C9847D5F8280B21460122BDE838402B
:1088C00000F5CA70FBF762BDB01600200120E9E791
:1088D0000220E7E713B50023009300F5E4700123BD
:1088E00017F08EF8044618B101460448FEF74EFE14
:1088F000201E18BF012002B010BD00BFC020002004
:108900002DE9F04F85B0002700F5E4760446009786
:108910003B46304617F074F80546A0B31B4BD0F821
:108920001C01D3F8009094F8798094F878B0D4F8CA
:1089300068A01DF011FFA8EB0B0300F114025A43CD
:108940001E2392FBF3F25A44D2B20AFB08F80AFA49
:1089500002F209EB48094A44C5F8582129460DF1AD
:108960000F0230468DF80F70FFF7CEFB18B908489C
:108970002946FEF70BFE9DF80F3023B1B4F84032C4
:108980000133A4F8403205B0BDE8F08F7803002031
:10899000C020002007B5DBB2009300F5E47001238E
:1089A00017F02EF8014618B10348FEF7EFFD01203D
:1089B00003B05DF804FB00BFC02000202DE9FF4795
:1089C000D0E97332934281465ED01D68002D5BD0A2
:1089D000D5F8583100F5CA74002B41D0D5F82431B0
:1089E000002B3AD0D5F81C111AF0ECFD284B99F861
:1089F00079801F68D5F8583199F878A0D9F868902F
:108A00000344384483420290D5F81C01019334BFDB
:108A100002AE01AE1DF0A0FEA8EB0A0200F11403A5
:108A200053431E2293FBF2F35344DBB209FA03F3E0
:108A300009FB08F8326803EB480307EB4303934252
:108A400038BF03AE03933168C5F85811C91B2046DF
:108A500004B0BDE8F04718F05DBFFFF760FDC5E763
:108A6000D5F81C61002130461DF0DCFA38B1D5F88C
:108A7000243123B94846FFF752FD0146E7E7314666
:108A800048461AF09FFDF8E704B0BDE8F08700BF44
:108A90007803002037B51D4A92F8B83104460D46D8
:108AA0002BB190F8583013B992F8C02132B9184858
:108AB0002946FEF76BFD222003B030BD4A68012A2B
:108AC00021D00DF1070200F5E4708DF80730FFF7B3
:108AD0001BFB9DF8073050B123B1B4F8403201338D
:108AE000A4F840322046FFF769FF0020E4E723B1F5
:108AF000B4F840320133A4F8403205482946FEF765
:108B000045FD2020D8E72320D6E700BF80030020C2
:108B1000C020002070B59EB00F4B009368461446ED
:108B20000E4611F0CBFC0025E4B2A54209D3202269
:108B30003146684612F023F8684615F089FE1EB0EB
:108B400070BD621B102A06EB050128BF1022684683
:108B500011F0E3FF1035E8E77C29030810B5054B59
:108B6000044640F82C3B15F018FC204615F090FC0C
:108B7000204610BD3C26030810B50446FFF7EEFF63
:108B8000204627F02FFB204610BD10B5054B0446AC
:108B900040F82C3B15F0F0FB204615F079FC204600
:108BA00010BD00BFE825030810B50446FFF7EDFF30
:108BB000204627F017FB204610BD2DE9F84F04464C
:108BC0000D4600F13806616E002915DDE36DE26C9B
:108BD0009A1A003B18BF0123C3EBA202D4E9143058
:108BE0001B1A9B1003EBC213206CA26C121A03EB2E
:108BF000A203994240F38580206E18B103680021DA
:108C00001B689847A36D206D043B984207D040F83D
:108C1000045B20652046BDE8F84FFEF7FFBBE16D21
:108C2000636DE76C0A1EA1EB070618BF0122C01A8C
:108C3000C2EBA602801000EBC210A36C226C9B1A40
:108C400000EBA3006FF0604398424FEAA60802D100
:108C5000304821F0C8FFD4E90E030A1AA3EBA202A0
:108C6000012A1CD808F10208B3EB480F01F10409EE
:108C70002BD9A3EB08035B0800EB830847451DD9FC
:108C8000424649463846FBF7B3FAD8F800306364E9
:108C9000464403F50073C4F84C80A364E6654FF4C2
:108CA0000070E66D27F096FA46F8040F226D00F585
:108CB00000731560E6656065A365AAE7321D42444E
:108CC000494638461BF074F8DFE703F1020A012B2E
:108CD0002CBF9A440AF1010A50461AF05FFEAAEB33
:108CE00008084FEA580800EB880883464246494680
:108CF0003846FBF77DFAA06B27F074FAC4E90EBA88
:108D0000C3E7304616F01AFE00283FF45CAF18F0B7
:108D1000A5FE58E7D16003082DE9F04F9BB014463B
:108D20001D46CDE90001C849249E14A81BF0D6FBBE
:108D3000C64B0022204629461CF0C0FCC44B002232
:108D400004460D461CF09AFFC24B00221CF0B6FCF4
:108D50001DF02CFA002230704FF07F53DDE9000146
:108D60001CF062FEBC4B00221CF0A8FC1DF01EFA99
:108D7000149B1B5C73700022B84B204629461CF0E4
:108D80007DFF1DF013FA4FF4B47358431CF0E2FD5D
:108D900002460B46204629461CF08EFCAB4B0022B7
:108DA0001CF08AFC9EA3D3E9002304460D46DDE9AE
:108DB00000011CF039FEA54B00221CF05FFF98A3B8
:108DC000D3E9002382468B46204629461CF02CFE20
:108DD0009E4B00221CF052FFA14BCDE90A0100225C
:108DE000DDE900011DF0A6F8B0B1DDE900019D4B01
:108DF00000221DF08BF878B19B4B002220462946BB
:108E00001DF098F840B1994B0022204629461DF0EC
:108E10007DF808B120233370DDE90001944B002276
:108E20001DF088F8D0B1DDE90001924B00221DF061
:108E30006DF898B100220023204629461DF07AF8EB
:108E4000002800F040828C4B0022204629461DF06D
:108E50005DF8002800F037821F2333703078062336
:108E600001385843B1381CF075FD6DA3D3E90023D8
:108E70001CF0DAFD754B00221CF000FF804689468D
:108E80005046594623F0CAF967A3D3E900230446A4
:108E90000D461CF0C9FD22462B461CF0C5FD0246BE
:108EA0000B4600206B491CF007FC23F047F90246F3
:108EB0000B465FA1D1E900011CF0E0FECDE90801FD
:108EC0005046594623F0F4F902460B46CDE90623F5
:108ED0001CF0AAFDCDE902015046594623F056F98F
:108EE00055A3D3E9002304460D461CF09DFD224600
:108EF0002B461CF099FD42464B46CDE90401DDE9C5
:108F00000A011CF0D9FB22462B461CF08DFD52466F
:108F100004460D465B46504659461CF0CFFB23F0F5
:108F20007DF9564BCDE90C010022504659461CF004
:108F30007BFD23F073F9464BCDE90E01002250462C
:108F400059461CF071FD23F069F9474BCDE910013A
:108F500000222046294623F083F8DDE90223CDE9EB
:108F60001201104619461CF05FFD454BCDE90A0180
:108F70000022DDE902011CF057FD02460B460020ED
:108F800040491CF099FBDDE90A231CF097FB384BA4
:108F9000804689460022DDE904011CF045FD0246B9
:108FA0000B46404649461CF089FB25A3D3E9002324
:108FB0001CF082FB22462B461CF036FD22462B4637
:108FC0001CF032FD22462B461CF02EFD22462B467D
:108FD0001CF02AFD22462B461CF026FD2A4B0022BF
:108FE0001CF04CFEDDE90223804689460020194929
:108FF0001CF062FBDDE904231CF060FBDDE91223B9
:109000001CF012FD124B00221CF038FE22462B46AB
:109010001CF054FB02460B464046494636E000BF72
:10902000182D4454FB2109408004ACF2906B7B3F27
:1090300000000040A6545841DDA447E2DF9A7B3F80
:1090400068ED10E55A04D93F0161030800806640CD
:10905000000018400000F03F0000244000807640EF
:1090600000004C4000005040000008400000284034
:109070000000524000005540000022400000104017
:10908000000032400000144000005E401CF016FB5F
:10909000A7A3D3E9002380468946DDE908011CF037
:1090A000C3FC02460B46404649461CF0BDFCA2A349
:1090B000D3E900231CF002FB1CF050FFDDE9022382
:1090C000AD49074600201CF0F7FAAC4B80468946B4
:1090D0000022DDE904011CF0A7FC02460B464046D5
:1090E00049461CF0EBFAA64B804689460022DDE992
:1090F00004011CF099FCDDE904231CF095FC0246F8
:109100000B46404649461CF0D9FA22462B461CF035
:109110008BFC22462B461CF087FC22462B461CF07B
:1091200083FC22462B461CF07FFC964B00221CF051
:10913000A5FD2246804689462B46204629461CF03E
:1091400073FC914B00221CF06FFC02460B4640461C
:1091500049461CF0B3FA8D4BCDE912010022DDE93E
:1091600002011CF061FC02460B46002088491CF0FD
:10917000A3FADDE90A231CF0A1FA864B8046894652
:109180000022DDE904011CF04FFC02460B4640467C
:1091900049461CF093FA6AA3D3E900231CF08CFA29
:1091A00022462B461CF040FC22462B461CF03CFC81
:1091B00022462B461CF038FC22462B461CF034FC81
:1091C00022462B461CF030FC22462B461CF02CFC81
:1091D000714B00221CF052FD02460B46DDE91201E4
:1091E0001CF06CFADDE9082304460D46DDE90601B2
:1091F0001CF01AFC02460B46204629461CF014FCC3
:1092000051A3D3E9002304460D46504659461CF0AD
:109210000BFC4FA3D3E9002380468946DDE90C010E
:109220001CF002FC02460B46404649461CF044FA3C
:1092300049A3D3E9002380468946DDE90E011CF0ED
:10924000F3FB02460B46404649461CF037FA44A35E
:10925000D3E9002380468946DDE910011CF0E4FBD8
:1092600002460B46404649461CF026FA3EA3D3E987
:1092700000231CF0D9FB02460B46204629461CF071
:109280001DFA2BA3D3E900231CF0CEFB1CF066FED5
:10929000002204460023DDE900011CF037FE50B136
:1092A00020461CF047FB32A3D3E900231CF006FA4A
:1092B0001CF054FE0446C6E9017414A822F08AF892
:1092C0001BB0BDE8F08F2D4B0022204629461CF034
:1092D00031FE40B1314B0022204629461CF016FEDB
:1092E00008B12123B9E52D4B0022204629461CF068
:1092F00021FE40B12A4B0022204629461CF006FEE2
:1093000008B12323A9E5264B0022204629461CF05C
:1093100011FE00283FF4A2AD224B00222046294630
:109320001CF0F4FD00283FF499AD252395E500BF1E
:10933000789CA223B9FCEF3F0000000080841E410E
:10934000422DD84CD2CA014061AE94CC45F2EF3FD9
:109350002C024D638399643F4ABA6F364F23C63E51
:10936000FC48CCE45C5C2D3E00000040A654584113
:1093700000000000D01263410000144000002240B1
:1093800000001040000038400000E03F00004D4069
:1093900000804E4000C08240008086400000354082
:1093A000008040400000454010B5074B074AD3F805
:1093B0002C4B1268D3F8303B4FF47A71121BB2FB7E
:1093C000F1F2D01810BD00BFB016002078030020C5
:1093D000034B1B78834201D30846E5E70020704722
:1093E000FC1300200AB126F03CB91046704730B596
:1093F000036D0A6D93428DB004460D4623D1012BB7
:1094000018D100F1540106A81CF00CF805F1540124
:1094100068461CF007F8079A019B9A420DD1009903
:109420000698FFF7DFFF40B9684621F0D3FF06A892
:1094300021F0D0FF00200DB030BD684621F0CAFFFA
:1094400006A821F0C7FF2B6D2365012B1FD105F165
:10945000540106A81BF0E6FF04F1540021F091FF2F
:10946000054606A821F08DFF079AB0B11AB10699FA
:10947000606D21F0D2FF079B626DA3650021D1547E
:10948000069A0023079306A8137021F0A3FF214634
:1094900004F128001AF05EFCCCE7069808992DB17B
:1094A000C4E91502E16508AB0693E9E7636DE56D74
:1094B000E165C4E91502002BF5D006930895DFE7B6
:1094C0000120704713B5006803689B6814469847ED
:1094D000C0F30743C0B28DF8063040B1054A02EB35
:1094E000C402DBB282F8383B034BC2F83C3B02B00B
:1094F00010BD00BFB01600201413002038B50C4674
:1095000005461AF0E7FA291D846021F096F8EB6809
:109510000133EB601AF0DEFA2146856021F08DF808
:10952000A3680133A36038BD036810B5DB68002170
:109530009847044620B14FF4F072002126F0BBF8A2
:10954000204610BD70B50F4816461D46FFF7ECFFCC
:10955000012303701E23044603734660002102208A
:10956000FFF736FF2946A0604FF4C87204F10D00E2
:1095700027F0F3FA044B1868036821465B68BDE8DE
:1095800070401847E8160020681500200346006860
:10959000196010B103685B681847704773B5531AB8
:1095A0000F2B04460D461646019306D9002201A949
:1095B00021F0EEFE019B2060A36032462946206820
:1095C00021F041FF019B226863600021D15402B069
:1095D00070BD10B5064B03600446806A1AF04EFA5F
:1095E00020691AF04BFA2046BDE8104026F0FABD7B
:1095F000AC29030848B9084B1B79022B09D0074A4C
:1096000007480B2B08BF104670474FF47A73584336
:1096100070470248704700BF80030020002E93026D
:1096200080EE360010B5044618F074FB164B17494F
:109630001B688B42A1F54D6111D001F54E629B1A5A
:1096400018BF01236375D1F8F03C93F85930012B12
:1096500007D10F4B1B68C1F8F43C642010BD0023F8
:10966000F0E70C4BD3F89C00431E0333F5D8084BAE
:109670001C68FFF7BFFFD1F8F43C1844A042ECD2BD
:10968000102018F089FBE8E76C15002080230020EB
:10969000780300208003002038B5054600200C46E2
:1096A00017F0C4FA05F5987018F092FB2046BDE853
:1096B00038401BF0E5BF70B5056804460E46A5426C
:1096C00001D1002070BDA868036831469B689847A7
:1096D0000028F7D12D68F2E7006808B9014B5868F7
:1096E000704700BF980B0020F8B5164B1A79012A75
:1096F00004460D4602D100263046F8BD1B7C042BE3
:10970000F9D0866E002EF6D091F82021002AF2D0F2
:10971000336808461F6BFFF7DFFF13460146D5F895
:1097200014213046B84706460028E4D0284616F0F3
:10973000F5FD236829465B6B20469847E36E0133AD
:10974000E366D9E78003002038B504460846FFF7F2
:10975000C3FF60600B7A237208460D4618F05AF971
:1097600084F820012B680BB195F8213184F8213160
:1097700094F8223113B9462384F82231D5F81431F4
:10978000C4F8043138BD37B55389042B18BF0D4BCD
:109790001446204614BF93F8F82C127AFFF79CFF6A
:1097A000002300930D4613460146D4F814212846A1
:1097B00018F002F921460546FFF7C6FF284603B018
:1097C00030BD00BFB016002070B5D0E97356AE4270
:1097D00001D100240AE055F8044B2046FFF77CFF36
:1097E0008142F4D1D4F814319A42F0D1201E18BF2E
:1097F000012070BD37B51046FFF76EFF0023CDE99D
:1098000000330D46137A14460146D2F81421284637
:1098100018F08FF8204603B0BDE8304018F01EB9AC
:1098200003682BB1034A5068C31A58425841704725
:1098300001207047980B002038B5D0F85831D1F886
:1098400058411D1E18BF0125003C18BF0124A54228
:1098500003D0B3FA83F0400938BD90F8223191F873
:1098600022219A4203D034BF01200020F4E7FFF701
:10987000D7FF18B9BDE838400846D1E70020EBE72C
:10988000F0B590F8623087B00446B3B1002380F899
:109890006230D0F8280203685D6E94F860308DF86D
:1098A0000C30E36D049394F861308DF81430032389
:1098B000009306AB13E90E00A847E66F0022E267AB
:1098C000002E3FD031462046FEF79AFE1E4B1F4920
:1098D000D3F8243AD3F844210244C3F844210A6857
:1098E00002440A603C21D3F83C21B2FBF1F5B5FB00
:1098F000F1F701FB175503EB8505A96C0144A96439
:109900000A21B2FBF1F20621B2FBF1F501FB1522AF
:1099100003EB82031A6B02441A63D4F83832013322
:10992000C4F838323046FFF77BFF20B9D4F83C3218
:109930000133C4F83C320648314607B0BDE8F04078
:10994000FDF724BE07B0F0BDB01600206006002071
:10995000C020002010B5044600F5CA70FAF736FDA5
:1099600004F5157011F0E8FE002384F82C32C4F8D9
:109970004432236820469B6C98472046BDE810403F
:109980007EE738B590F8583004460D461BB9324B87
:1099900093F8C0312BB931482946FDF7F7FD002077
:1099A00038BD0368DB6E98472B68C4F88C306B6851
:1099B000C4F88830D5F81431C4F890302B7A84F884
:1099C0009630D5F85031C4F89830D5F85431C4F8F1
:1099D0009C3095F8203195F82121402B84BF4023FD
:1099E00085F8203195F8203103F07F0343EAC21354
:1099F00095F8292143EA022395F82A2143EA4223D4
:109A0000A4F89430AA8905F10E0104F1A00026F013
:109A1000F1FAD4F82802E567AA89036818325D6A6A
:109A200004F188010023A847054650B12046FFF7FE
:109A300027FF236820465B6D9847B5FA85F04009FB
:109A4000AEE723680649DB6C20469847054B1B6848
:109A5000C4F88030F1E700BF80030020C020002060
:109A6000D188000878030020421C03D0431E5842CE
:109A7000584170470120704713B5044698B14068BB
:109A8000FFF7F2FF68B16389042B0CD194F8FA3028
:109A90004BB9472300930322A0894323114606F0C4
:109AA00007F802B010BD0020FBE72DE9F04FDFF80A
:109AB000A092D1F804B0D9F804309B4591B0054686
:109AC0000C4604D1084617F0C9FF20205AE0A14FE8
:109AD00097F8C431002B60D19F4BA0491B68D3F885
:109AE0000CA050461CF0A8FA002856D09C4BD3F886
:109AF000246A3046FAF7F2FB8046014650461CF0D5
:109B00009BFA002849D0DFF85C9206F59C773B264B
:109B100057F8040D1CF078FC49461CF081FD014605
:109B200040461CF0BFFB8046014650461CF0A2FA9E
:109B300058B3C6F13B06F6B28B48FFF7F5FC01239C
:109B40000370D4F8143143601E23074603730021C9
:109B50000220FFF73DFC8549B860324607F10D0051
:109B600026F090FF824B1868036839465B68984777
:109B70002046FFF755FE60B1224609212846FFF72F
:109B800039FE092011B0BDE8F08F013EC0D23C265D
:109B9000D2E7204617F062FFF3E75846FFF764FF6D
:109BA00010B1002384F821312046FFF739FEA0B11F
:109BB0002046FFF761FF80B1D7F8D02112F0FF03F4
:109BC00002D1002A08BF032394F82021402B28BF8C
:109BD00040239A4288BF84F820312046FFF77CFD5D
:109BE00020602046FFF71CFE18B194F8203184F85D
:109BF0002A3163891A1F012A3FF667AF94F82221A0
:109C0000002A40F0948094F82121002A0CBF4022C1
:109C10004622042B84F8222140F08C80A389052B56
:109C200073D1782384F82231237A52480F93214646
:109C300017F029FF63890E90042B40F0F080204636
:109C4000FFF7EEFD68B1012384F8103197F8E521A4
:109C500094F81131134394F8FA2043EA420384F84C
:109C6000113104F10C03444A44484FF4807105F06B
:109C70001DFB00F11803FF2B06463AD8404B6168E4
:109C8000186894F808A003681B6898478346204624
:109C9000FFF7C6FD94F84E81002853D099F896300E
:109CA000002B4FD1B8F1000F10D1504616F042FFF3
:109CB0003449814626F006FF002800F0B48032497E
:109CC000484626F0FFFE002800F0AD80B7F81C32B1
:109CD000202B37D167683846FFF7C6FE90BBA389B3
:109CE000462B2FD0033B022B2CD906F12403FF2B4C
:109CF0004CD907260E9817F0B1FE00232372224696
:109D000031462846FFF776FDC7E0012B01D0062B30
:109D100001D1642386E7D4F804310BB1502381E7E5
:109D200094F8FA30002B3FF47FAF46237AE7042BF8
:109D30003FF47AAFA86E03685B69214611B0BDE8B5
:109D4000F04F1847B8F1000F6DD02226D2E700BFC0
:109D5000980B002080030020081300200000C84258
:109D6000B016002000A00C47E81600201761030879
:109D700068150020C0200020201E0308C0230020FA
:109D8000940B00205061030857610308BBF1000FDA
:109D90006AD0BBF83C30202B66D1B8F1000F09D057
:109DA00004F22D1304F24D1213F8011F00297AD189
:109DB0009342F9D1414AD2F87C98D9F8003002F5A3
:109DC00051625B690F932046FFF786FCCDE90A627A
:109DD00004F10E030C93D4F814314FF00008CDE9D0
:109DE00008380BF1400E8246BEE80F00EC46ACE8A6
:109DF0000F009EE80F00ACE80700ACF80030DBF87D
:109E00003C30394652460F9F4846B84701230C362E
:109E100084F8088084F84E310523A68163810E986A
:109E200017F01CFE86E7504617F032FF002820721C
:109E300035DB224FD7F87C88D8F8003007F551671A
:109E40002046D3F83090FFF747FCCDE90067014684
:109E5000D4F8142140460023C8473246394604F15D
:109E60000E0026F0C7F8D7E7AE6FD6B90E9BC5E94E
:109E70001E37134B1B68C5F880302046267217F03A
:109E8000EDFD0E480096D0F8100E0F9BE96F0122F1
:109E900008F03AFB2846FDF7C1FA304672E606267E
:109EA00028E7272626E720220BF13E0104F59770CC
:109EB00025F0D7FB00283FF47DAF46E7B016002021
:109EC0007803002073B5134BD1F854615B68C1F877
:109ED00054310C460023054600931A46303016F0E4
:109EE000FFF86068FFF7C0FD60B12046FFF798FCFF
:109EF00060B15EB1C4F854612146284602B0BDE8A5
:109F00007040D2E5D4F85031002BF5D10023C4F8CD
:109F10005431F1E7980B002070B5104A036851687E
:109F20001B68B8B00546984700241BAEC0E9194429
:109F3000C0E91B4421467422304625F0BCFB1EA913
:109F40006822684626F056F896E80E00284617F074
:109F500011F885F8214038B070BD00BF980B002083
:109F60001F4A20492DE9F041054602F5B26089C833
:109F70001D4E81F8157E746881F8190E020C4FEAA7
:109F8000132C3F0A81F8182E81F8173E81F816CE5F
:109F900081F8147E54B91B0403F47F03120243EAD0
:109FA0000C6392B21343C0B243EA00040F4FDFF8D0
:109FB00040802B6821461B682846984728B1062216
:109FC0003946104425F04DFB28B9231F063302D82B
:109FD0007460BDE8F081404615F05CF8041DE8E7C8
:109FE0000070FF1FB0160020980B0020C424002032
:109FF000FBFFFF7F0346084693F82A212AB95989B7
:10A00000042908D193F8101129B193F820319A420C
:10A0100024BFD21A50B2704708B503681B6898472E
:10A02000034628B1007918B193F83A000130C0B264
:10A0300008BD10B5D0E900420648121B92104243F9
:10A04000914202D3044820F0D4FDBC2000FB014023
:10A0500010BD00BFCF467D675C610308828B0B4655
:10A060000968914203D24A1C40681A60E1E7002067
:10A0700070472DE9F04FDFF81492D1B00446002567
:10A08000D4F86432D4F854229A1A003B18BF012342
:10A09000C3EBA203D4E99621521A921009FB0233B2
:10A0A000D4F84812D4F85022521A921009FB023305
:10A0B000032B0AD9002D00F0E58023681B6A0021DC
:10A0C000204651B0BDE8F04F1847714B04F26C4187
:10A0D0001868FFF7C3FF01460028EBD007A805F07A
:10A0E00005F86C4A07995268429B029391429DF889
:10A0F00039310393DDF804B19DF83BA19DF83C3163
:10A100000BD100210220FFF763F94FF0000A029003
:10A11000CDF80CA04FF0000B01230193D4F860326E
:10A12000D4F85802A3F59273984218D0029B429338
:10A13000039B8DF839314FF49272019B8DF83C31BD
:10A1400007A9CDF804B18DF83BA125F053FFD4F851
:10A15000583203F59273C4F85832012590E7D4F8C9
:10A160005C32D4F86412D4F85482D4F84822C01A6D
:10A170008310081EA1EB080618BF0120C0EBA60043
:10A1800009FB0300D4F850329B1A9B1009FB030013
:10A19000414B98424FEAA60502D1404820F023FDEA
:10A1A000D4E99023881AA3EBA000012822D8023515
:10A1B000B3EB450F01F1040149D95B1B5B0802EBCE
:10A1C0008305A8453DD92A464046FAF711F82B6881
:10A1D000C4F84C3203F59273C4F85032AB19C4F88A
:10A1E0006432AB59C4F85C3203F59273C4F854522C
:10A1F000C4F860324FF49270D4F8645225F0EAFF4C
:10A20000029B68604293039B8DF839314FF4927240
:10A21000019BD4F858028DF83C3107A9CDF804B160
:10A220008DF83BA125F0E6FED4F864321A1D5B6878
:10A23000C4F8642203F59272C4F85C32C4F8602258
:10A2400089E7321D2A44404619F0B2FDBFE79F1C42
:10A25000012B2CBFFF1801373846059119F09EFBE2
:10A260007D1B6D0800EB8505059904902A46404644
:10A27000F9F7BEFFD4F8400225F0B4FF049BC4E90F
:10A280009037A4E751B0BDE8F08F00BFF9F1E3C704
:10A29000940B0020980B00201C387000D16003083C
:10A2A0002DE9F84F90F8303005469BB9C16A214A34
:10A2B00029B113685B1A41F287318B420AD91368BE
:10A2C000DFF87480EB62AE8B0027013E002E03DCCA
:10A2D000002FF8D1BDE8F88FD5F804B006F1FF39AA
:10A2E00049465846FFF7A5FED8F804A00368534531
:10A2F00004460BD031465846FFF79BFE0268924554
:10A30000034605D12146FCF7C6FE01274E46DDE790
:10A3100090F8B01094F8B02041B1002AF2D0D96F73
:10A32000E26F9142F2D921461846ECE7002AEDD1BE
:10A33000F5E700BF78030020980B0020F8B5878B65
:10A3400005460E460024A74201DC0020F8BD6868DF
:10A350002146FFF76EFE0368B342F7D00134F2E7FF
:10A3600003682DE9F74F1B6804460F4698470546DA
:10A37000002849D1A08B19F05AF9002837D04FF0A6
:10A38000FF366368B4F81CB001934FF0010A3546FC
:10A39000B046B146DA450ADB721C26D03546A38B9F
:10A3A000D4F80480013B9D4232DBA3831FE0019877
:10A3B0005146FFF73EFE90F8B0309BB990F8B130AF
:10A3C00083B9D0F8B830D90705D4C36F4B452CBF3B
:10A3D0004B4655469946838F23B9C36F43453CBFCF
:10A3E000564698460AF1010AD4E76B1CD7D1A18BD7
:10A3F00060684B1CA383FFF71CFE0546B8220021B2
:10A40000043025F058F92F60284603B0BDE8F08FDE
:10A4100005F1010949464046FFF70BFE294606466D
:10A420004046FFF706FEBC22314625F0E3FD4D46CF
:10A43000B5E72DE9F04FD7B00C4616F093FE742225
:10A44000054600211CA825F036F994F85040002C50
:10A4500000F08B80484B1C68742204F130011CA86A
:10A4600025F0C8FD94F83030D4F8348094F838B032
:10A47000E76B94F840A0666C94F84C403F4A92F821
:10A480006D2062B3D5E91987D5E91B6974220021D3
:10A4900039A895F8744025F00EF9B8F1000318BFFB
:10A4A0000123B7F1000B18BF4FF0010BB6F1000A02
:10A4B00018BF4FF0010A742239A91CA88DF8E430A6
:10A4C0001A93CDE93E69CDF8E8808DF8ECB03C9761
:10A4D0008DF8F4A08DF8004125F08CFD1A9B1B939C
:10A4E00000210220FEF774FF254A1A90D2F800904E
:10A4F000244A48465168FFF733FF0546002830D00C
:10A500001B9B8DF8703068221A9B21961FA9684604
:10A5100022938DF88C40CDF874808DF878B01F9719
:10A520008DF880A025F066FD1CAB0ECB484616F0DA
:10A5300021FD0023CDE939873D931A9B8DF8F44026
:10A540003B963C9339AE0FCE05F164040FC43368DB
:10A550002360012385F860304846C9F80C5016F096
:10A5600065FD002057B0BDE8F08F2646A24627467D
:10A57000A346A046234681E7F8130020800300206D
:10A58000940B0020980B00202DE9F047B8B0074647
:10A59000884615469946FFF7E3FE044600283AD060
:10A5A000B5F84620202A3BD15B4E7368984537D0DA
:10A5B00005F1480A5948514605F014FAB6F89820B2
:10A5C000202A2DD106F19A01504625F04AF838BBD1
:10A5D00097F82060FEB901238322514987F8203083
:10A5E00017A825F007FD4F48FEF79EFF1E230446DF
:10A5F000037331460220FEF7EBFE17A9A06005F1B8
:10A60000100204F10D0026F03DFA474B186803686C
:10A6100021465B6898470025284638B0BDE8F0879A
:10A62000A38F202B0BD1B5F84620202AF3D104F1BB
:10A630003E0105F1480025F014F80028EBD143460F
:10A640003A4A1021284626F075F929466A2217A8A9
:10A6500025F0D0FC28221BA90DF1060026F07DFA7A
:10A66000052225A90DF12E0026F077FA29AEDDF896
:10A670009900BDF89D300090ADF804300FCE0EADBE
:10A680000FC596E80F0004F1060A85E80F00289B25
:10A690009DF89FC00D935A22BDF8C430BDF8A2604A
:10A6A0008DF833C069465046ADF8583024F0D9FFD4
:10A6B00078BB94F8AC50B5EB090518BF01255A22B8
:10A6C0006946504625F096FC202E05D118483246A2
:10A6D00004F13E0105F086F90F4B5B6898454FF099
:10A6E000010318BF84F8AC902371002D93D0FC6057
:10A6F000104C384616F09AFC7A6A23689B1A4EF67C
:10A700005F22934288D910201AF0BAFF23687B6237
:10A7100082E70125D3E700BF980B0020A66103085C
:10A72000CD610308E816002068150020B861030811
:10A73000BE610308780300201A4AF8B552680B6816
:10A74000934206460C462CD04A89042A29D143B3A9
:10A750000846FEF7C1FF01463046FFF701FE0546F9
:10A76000F8B1D4F8183103B1C367D4F81C710021D3
:10A7700038461BF057FC00B9AF6794F8293185F8CB
:10A78000AD3020464FF0FF31FFF734FC0028A2BF68
:10A79000012385F8AF0085F8AE303046BDE8F840BB
:10A7A0007EE5F8BD980B002010B504461046D4E9AC
:10A7B00000239B1A0B4A0C4C9B105343E21A8A420B
:10A7C00001D220F010FA994205D91944A14228BFBC
:10A7D0002146084610BDB3EB430F4FEA4301F5D9BC
:10A7E0002046F7E7CF467D67414CAE002DE9F043A8
:10A7F0000546B1B014460E4631B1D369DFF8D890A2
:10A80000D3E90078B84519D1A5B1AB68E4698BB13B
:10A81000314901AA28460DF0CFFB58B1D4E90173A4
:10A820009F421ED0BC2201A9384625F0E3FB636895
:10A83000BC336360012031B0BDE8F0833946BC22EF
:10A8400001A825F0D7FBA27D218A304618F050FDE3
:10A85000BC370028EFD001AA4946304610F072FFFD
:10A86000D0E71E4A01212046FFF79EFFD4F8008062
:10A870000646A7EB080968B3194B984206D9194B4D
:10A88000984201D920F0A9F920F0A4F9BC20704326
:10A8900025F0A0FC0546BC2201A905EB090025F026
:10A8A000A9FB39462A46404617F02AFC394600F1F2
:10A8B000BC02384617F024FC0746B8F1000F02D05E
:10A8C000404625F08FFCBC23C4E9005703FB065526
:10A8D000A560AFE70546DEE7C42903084C5B030823
:10A8E000414CAE0082985C0138B503460C461546D3
:10A8F000A34200D138BD1846BC22294625F07AFB78
:10A900000346BC33F4E770B5BC260C463246002142
:10A91000054624F0D0FE013C05EB060006D006FB00
:10A9200004042A462146FFF7DFFF204670BD70B5BC
:10A93000154C86B0064618234FF4EB60C4F81C3E55
:10A9400025F048FC0A210546FFF7DDFFD4F8202E4C
:10A95000C4F8205E05F5EB65D4F8283EC4F8240E53
:10A96000C4F8285E03A8002503920593009502957C
:10A9700018F058FE684618F055FE04F56264B58379
:10A98000746006B070BD00BFB016002010B539B1BC
:10A9900082B1D0E900302C2404FB0303984201D398
:10A9A000002010BD4468A24202D10468A142F8D040
:10A9B0002C30F3E71046F4E770B50C4619464368AF
:10A9C000049E63B1036853B14CB1FFF7DFFF01464A
:10A9D00028B132462046BDE8704015F066BB002025
:10A9E00070BD38B504460068844200D138BD0568A2
:10A9F00025F0F8FB2846F7E770B58568044645B9A9
:10AA0000626820689200294624F055FEC4E9025588
:10AA100070BD2E68284625F0E5FB3546EFE7F0B51A
:10AA200085B001ADCDE901550E46002301680393C1
:10AA300004468C42019803D1A84215D105B0F0BD5F
:10AA40008A6833680F689A420CD181420AD08742E3
:10AA500008D03A461FF0E3FD039B01330393A3683C
:10AA6000013BA3603946E4E7046825F0BBFB2046C0
:10AA7000E2E7F0B585B00D460446019001A92846ED
:10AA8000FFF7CDFF01ABCDE9013361680023271D3E
:10AA900003938F4204D101A8FFF7A3FF05B0F0BDD7
:10AAA0008B680E68AB420DD1019881420AD0864274
:10AAB00008D032461FF0B3FD039B01330393E368D4
:10AAC000013BE3603146E4E738B5414B196891F842
:10AAD0002031012B04465DD190F88436012B04BF50
:10AAE000002381F82031237C002B52D0002501F572
:10AAF000927120462574C4F86C54FFF7BAFF2046C3
:10AB00003449FFF7B6FFD4F8840018B117F0FAF80B
:10AB1000C4F884502046FCF72DFB2046FCF738FB98
:10AB20002046FCF743FB236800219B692046984799
:10AB30004FF40072002104F5906024F0BCFD4FF446
:10AB4000FE72002104F51B7024F0B5FD4FF49272E3
:10AB5000002104F58E7024F0AEFD04F51070FCF7B2
:10AB6000F8FC0023D4F87424C4F88430D4F870348A
:10AB7000934218BFC4F8743404F11400FFF73CFF8B
:10AB8000154A0023C4F88030C4F86834637402F8AE
:10AB90008C3C38BD022B03D190F88436022B9EE703
:10ABA000032B03D190F88436032B98E7042B03D1B1
:10ABB00090F88436042B92E7052B03D190F8843665
:10ABC000052B8CE7062B8ED190F88436062B86E772
:10ABD00068150020DC240020A8270020064B93F8ED
:10ABE000B811064B1A7812B9054A136070478A42A9
:10ABF000FAD01C33F6E700BF80030020DC290308ED
:10AC00000813002070B50D4E33680546A3B10C48FB
:10AC1000FEF78AFC044678B1282303734FF4C87109
:10AC20002B46084A0D3025F085FE30680368214622
:10AC30005B68BDE87040184770BD00BF6815002014
:10AC4000E8160020726A03082DE9F04F714C027C6F
:10AC5000AFB00546884623780BB19A4224D12A78B2
:10AC600068786369002A3ED0A17C1F680022002317
:10AC7000FE5CFF2E1FD19A4218D3012117F05CFE13
:10AC800006463878A769B8F1000F16D1624A0097D6
:10AC90003346A02106A825F04DFE06A8FFF7B2FF17
:10ACA00000202FB0BDE8F08F1C34D4E7BB5C83429A
:10ACB00016D00132DBE70133DAE7012117F03CFE61
:10ACC0003346A021CDE90070544A06A825F032FE93
:10ACD00006A8FFF797FF63691B6818786870A17C66
:10ACE000FCF702FB02E06888FCF77EFA636999686A
:10ACF000D3F80490064608461BF0D6FA49461BF0E6
:10AD0000D3FA4749074630461BF08AFC01463846CD
:10AD10001BF0CAFA61680746A0681BF0C3FA3946FF
:10AD200082461BF089F9002840F08480514648464D
:10AD30001BF0BAFA39461BF073FC21F01FFD1BF023
:10AD400081FD384B814693F8F80C15F0F3FE297815
:10AD50008346687817F0F0FD41F2055702465946E0
:10AD600011F8013B002B40F00281114641F20556DB
:10AD700011F8013B002B40F0FE80D5F820A0059291
:10AD8000002150461BF04EF9002800F00C81B6FB64
:10AD9000F9F309FB13666B8B059A002B00F0F28028
:10ADA0006169497C002900F0EA80994214BF0021C2
:10ADB0000121DFF874A005938AF800105846114667
:10ADC0001BF07CF9059BDFF864B0003818BF012048
:10ADD0004B450BF88B0C1AD9CDF80490A269009260
:10ADE000A021134A06A825F0A5FD06A8FFF70AFF33
:10ADF000B8F1000F3FF454AF1BF88B3C002B00F070
:10AE0000C380B7FBF9F309FB137701376F83012088
:10AE100047E700BFDC290308736203085062030898
:10AE200000007A44B016002000010020A82700206E
:10AE3000B062030830461AF09FFDCDE902015F4978
:10AE400050461BF039FB1AF097FDCDE900015C4A32
:10AE5000A369A02106A825F06DFD06A8FFF7D2FE84
:10AE6000B8F1000F3FF41CAFD4F81490A17CD9F8CE
:10AE700000301878FCF738FA524906461BF0FAF809
:10AE800028B1514930461BF0D7F8002860D14F490E
:10AE900030461BF0EFF828B14D4930461BF0CCF896
:10AEA000002857D14B4930461BF0E4F828B14A49F5
:10AEB00030461BF0C1F800284ED1484930461BF0FF
:10AEC000D9F828B1464930461BF0B6F8002845D1DC
:10AED000444930461BF0CEF828B1434930461BF0B8
:10AEE000ABF800283DD1414930461BF0C3F828B1EA
:10AEF0003F4930461BF0A0F8002835D14FF07C5177
:10AF000030461BF0D1F91BF09DFC80B26880FCF745
:10AF10006BF9D9F8046061688246A0681BF0C2F939
:10AF200031461BF0C1F9D9F80810074608461BF056
:10AF3000BBF931461BF0B8F92049064650461BF0D4
:10AF40006FFB014630461BF0AFF901463846F2E68A
:10AF50001F20DBE73E20D9E7C820D7E74FF4C870B1
:10AF6000D4E74FF44870D1E74FF4C860CEE707EB61
:10AF700047171F44F4E606EB46161E44F8E6591E32
:10AF8000B14213E7012114E72B7853B163695A7C6E
:10AF900001231AB16A838AF8003038E701366E83DC
:10AFA000F9E70123F7E750461AF0E6FC114ACDE92C
:10AFB0000001A02106A825F0BDFC28E700007A4486
:10AFC0008C62030885EBF9417B14FA41C3F57942A1
:10AFD0003D0A7A42B81E4B4348214B43B81ECB432F
:10AFE0004821CB435C1F4B44A4204B44AE1FCB44B1
:10AFF0005220CB44DC62030830B504460FCC91B03C
:10B000006D460FC50FCC0FC50FCC0FC594E80F00D0
:10B0100085E80F0000216846FFF716FE11B030BD2D
:10B0200070B590F8605004460120A8401BF0ECF980
:10B03000E16D1BF0F5FA1E4B1B689B7C06468BB13D
:10B0400094F86400032303EB450300EB53101BF05B
:10B05000DFF931461BF030FA16491BF025F91BF0D9
:10B06000F1FB70BD94F863001AF074FC124B0022DF
:10B070001AF024FB114B002204460D461AF064FF1F
:10B0800008B90E4D002430461AF076FC22462B46B5
:10B090001AF0CAFC04A3D3E900231AF00FFB1AF03C
:10B0A0005DFFDEE7AFF300800000006066661E40D3
:10B0B000081300203333F3400000E03F000002405B
:10B0C0002DE9F04F7F4D804E95F8B82187B00446AA
:10B0D000337813B19A4240F090807C4B7C481E60DC
:10B0E00095F8A831002B00F08C80FFF785FF20B980
:10B0F00073691B681B7885F8A9310DF1170300935C
:10B10000B17C95F8A90104F1600304F15C02FCF73D
:10B1100097F895F8B0219DF81710531F032B03D80B
:10B120008A420B4601D36AD80B4684F8613095F900
:10B13000C13184F88831327C2BB1934205DD654BF7
:10B1400093F896300BB984F8882194F98831002B54
:10B1500008BF112384F8883185F8C131B368D6F867
:10B160001480039395F8A811736895F8A9010293C8
:10B1700017F0E2FBD8F804B0D8F80870D4F85CA057
:10B1800041F2055910F8012B002A4DD1D5F8C861BC
:10B19000002130461AF046FF4F4A002849D110706E
:10B1A0004FF0FF38236841465B6C20469847D5F83E
:10B1B000B41130461BF078F8236801461B6C20461A
:10B1C00098472046FFF72CFF94F86030A0660120D6
:10B1D00098401BF019F9E16D1BF022FA0546B4F80E
:10B1E0006C001BF015F9014628461BF065F91BF0B1
:10B1F00029FB206707B0BDE8F08F1C3668E71346CF
:10B2000093E7FFF7F9FE18B931480121FFF71CFD5C
:10B21000B5F8AA01FBF7E8FFD5F8AC31E06584F892
:10B22000603095F8B03180E709EB491302EB030970
:10B23000A8E7394638461BF037F859461BF034F872
:10B240002649064650461BF0EBF9014630461BF0F6
:10B250002BF8214A1278064672B398F8112042BBA7
:10B26000029903981BF01EF859461BF01DF8314651
:10B270001BF0D6F921F082FA1BF0E4FAB9FBF0F2E8
:10B2800002FB1098164950461BF0CAF902991BF0B0
:10B290000BF839461BF008F8074640461BF0B4F897
:10B2A00031461BF009F9014638461AF0FDFF064603
:10B2B00078E702F1FF38E5E7B5F8C28108F1FF3819
:10B2C000E0E700BF80030020DC290308081300200A
:10B2D00028050020980B00200001002000007A447F
:10B2E0000000FA4408B5FFF7EBFE012008BD38B5B1
:10B2F0000446FFF7E5FE236804F515759B6F2046AD
:10B30000984794F86010284611F016FFE16D284622
:10B3100011F0ACFE94F86110284614F025FD94F865
:10B32000D911284614F03FFDD4F84C12284612F0EB
:10B330008CFCB4F86C10284612F024FC23682046DC
:10B340009B6B98470146284611F09AF994F9883189
:10B35000162BC4BF162384F8883194F98811284627
:10B3600010F05AFE054B284693F8C51114F03AFD2B
:10B37000236820465B6D9847002038BD800300207D
:10B380000B4B196810B501F5987104460430FAF7B3
:10B390005CF904F120000749FAF757F9064904F16E
:10B3A0003C00FAF752F92046FFF78AFE012010BD53
:10B3B000681500202027002000140020F0B5054665
:10B3C0008DB0FFF7DDFF284614F099FB95F9883121
:10B3D0000933BCBFF72385F888312B6828469B6B5F
:10B3E000002498470594D5F850320493B5F86C3092
:10B3F000039395F98831029395F8D931019395F823
:10B400006130009305F51576EA6D95F860300146D8
:10B41000304612F0C9FC821C4DD0284B98424AD0CD
:10B42000D5F84C12304612F010FC044620BB014601
:10B43000304612F031FC0446F0B92149D5F89C029F
:10B440004FF0FF33CDE90933CDE907330B9351F8C2
:10B450007C3CDB070CD407681A4BFA683F69C3E9E8
:10B460000222C3E90872C3E90E27012341F87C3C9C
:10B47000154A07A910F00CFD144B93F8C51101B142
:10B480000121304614F0AEFC00230093012240F667
:10B49000B50105F5F07014F0C9FC4CB90121304636
:10B4A00014F0A6FD044618B92B6828465B6D984732
:10B4B000B4FA84F4640920460DB0F0BD3DFDFFFFF1
:10B4C000A8270020000100200401002080030020A4
:10B4D00030B587B00446FFF753FF1A4A1A4BC4F839
:10B4E000503202F16001D4F89C0210F0D1FC2046E9
:10B4F00014F005FB236820469B6B984700230593B7
:10B50000D4F850320493B4F86C30039394F9883132
:10B51000029394F8D931019394F861300093014675
:10B5200094F86030E26D04F5157012F03DFC0546AC
:10B5300018B9236820465B6D9847B5FA85F0400935
:10B5400007B030BDD02C03089A99D93F38B5D0F850
:10B55000284223691F2B054607D1012205F5CA7031
:10B560001146BDE83840F8F711BF23682046D3F8EC
:10B570008430984723691842EFD138BDF0B503688D
:10B5800005469B6F85B09847B5F86C40B5F8A63274
:10B5900005F515766CB91C460F2C19DC00230093B9
:10B5A00040F2762202236FF07F4130460DF06EFFAD
:10B5B00001E0A342F0D2012385F82C322B683249F6
:10B5C000DB6C28469847284605B0BDE8F040BDE74B
:10B5D00095F8A03242F2107098401AF015FF2B49EE
:10B5E0000746D5F8A8021AF067FF014638461BF057
:10B5F00017F81BF027F9A4F11007D5F8C832BFB22D
:10B60000474303F57E729742C8D304FB0004E41B52
:10B6100004F57A74640800EBC000844238BF044625
:10B620007D22FF1AE4006FF07F41B4FBF2F4631E49
:10B63000A7F57A778B424FEAC707B7FBF2F7BAD282
:10B640007B1E8B42B7D2022340F27622304611F0A5
:10B65000CEFD0028AFD1230C8DF80830230A8DF8D9
:10B6600009303B0C8DF80B300123CDE900337FBA54
:10B67000D5F89C028DF80A40062302AA9421ADF861
:10B680000C7010F04BFC96E7CD88000800002041BC
:10B69000036810B5DB6800219847044620B14FF4D9
:10B6A000B072002124F007F8204610BDA0F5CA7042
:10B6B0001BF07EB9704710B5124C14F8743C6BB98E
:10B6C000012304F8743C23F0A5FD6FF0004390FBC8
:10B6D000F3F3C3EBC373C01A44F8700C54F8703C16
:10B6E0000133C3F3090344F8703C23F093FD6FF07A
:10B6F000004390FBF3F3034454F8700C40EA8320BA
:10B7000010BD00BFA827002070B51B4C18230125D1
:10B710000646C4F884330023A4F8BC3084F88A3386
:10B7200084F82032257084F85050FFF7C4FF30466B
:10B73000FEF716FCA388114A282104F1620025F0C7
:10B74000F9F8A3880E4A052104F18A0025F0F2F8E1
:10B7500063680C4A102104F1520025F0EBF80A4B03
:10B76000A4F8BA50D3F8142EB3F8183EC4F88F20BA
:10B77000A4F8933070BD00BF980B00200463030849
:10B780000F630308B8610308B016002038B50446FB
:10B790000D480D4616F0F0FA10B10B4816F028FBD4
:10B7A0002046FFF7C4F82046FFF7AEFF85F0010002
:10B7B00017F0B8FF17F04EFF15F0FCF81F2019F036
:10B7C0005FFF012038BD00BF14630308896E10B508
:10B7D000044621B9018081704160204610BD0B688C
:10B7E0009B699847F9E72DE9F047AF4D15F88C3C78
:10B7F000CCB004460F461BB300F590684FF40072BE
:10B800000021404623F057FF6E460B23A4F88434F2
:10B8100055F8781C3046FFF7D9FF96E8030004F589
:10B82000916484E80300002305F88C3C9F4A43465A
:10B830004FF4FF7138464CB0BDE8F04703F036BD19
:10B84000037C013B0A2B76D8DFE803F00E0E0E0EC8
:10B850000E0E0E060E0E2700D0F85822D0F84832F1
:10B860009A4201D1FEF705FC04F590684FF400728E
:10B870000021404623F01FFF237C013B0A2B76D892
:10B88000DFE813F07A005D008600B900EC000301E8
:10B89000BA01AC020C0335033903D0F8103133B9C7
:10B8A000834B1868B03016F0DDF8C4F81001D4F8F6
:10B8B000143133B97E4B1868C83014F06DF8C4F8F1
:10B8C0001401D4F8183133B9794B1868F83014F0F2
:10B8D00052F8C4F81801D4F81031002BC4D1D4F8B0
:10B8E0001431002BC0D1D4F81831002BBCD194F8FE
:10B8F00088302BB1882200216E4823F0DCFEB3E7AC
:10B900006C49882203A824F075FB882203A9A0189B
:10B9100024F070FB94F88830002BEBD1D4F88430FD
:10B92000002BA1D1624B1868203016F0D1F9C4F871
:10B930008400002898D100204CB0BDE8F087032394
:10B940005D49A4F8843428225C4825F006F95C4B54
:10B950005C491B689B8BA1F84C304C22043104F5E8
:10B96000916024F047FB0123237415F0FBFBB4F82E
:10B970008434002BDFD059E71123A4F884345249D2
:10B980008C2204F5916024F035FB03232374EEE749
:10B990004B4B04F26C411868FEF760FB0146D8B1CE
:10B9A00003A803F0A3FB002501234FF4927203A91F
:10B9B00004F58E708DF82C318DF82A5124F01AFB85
:10B9C0000423A4F884344FF4927203A904F591601F
:10B9D00024F010FBC4F81C51D4F868243B4B9A4265
:10B9E00007D108232374236800211B6A2046984747
:10B9F000BDE70423CAE70D233549A4F88434122295
:10BA000003A825F0AAF81823089315F86C3C8DF8C4
:10BA1000243000238DF82530ADF826302D4B1A79CF
:10BA20009B6F0B9349238DF8303095F836318DF8A4
:10BA300031304FF457530D9301238DF828208DF8A2
:10BA4000323003AD0FCD04F591660FC60FCD0FC692
:10BA500095E80700052386E8070097E7657C0A2339
:10BA6000A4F88434284614F0B3FF01350146EDB242
:10BA70004C2204F5916024F0BDFA072D65747FF621
:10BA800076AF4FF48373238271E7637C0522591EDE
:10BA9000A4F88424092900F2A680DFE801F01D291A
:10BAA00039596471838F9A9FA82700208810030852
:10BAB00068150020942600202A630308BA0B002092
:10BAC000940B0020980B0020640100202D0F010032
:10BAD00028600308800300200123A949A4F88834C2
:10BAE000602204F5926024F085FA022363743EE735
:10BAF000A44E0223A4F888340FCE04F592650FC536
:10BB00000FCE0FC596E8070085E807000323EDE791
:10BB1000DFF874C203230CF19806A4F888340FCE22
:10BB200004F592650FC50FCE0FC596E803009CF88B
:10BB30000430022B85E8030008D00B2B934B18BF71
:10BB40004FF49673C4F8A4340423CFE78F4BF9E77E
:10BB500004238F49A4F88834C42204F5926024F0A9
:10BB600049FA0523C2E78B4EA4F888240FCE04F5CA
:10BB700092650FC596E8030085E803000623B5E744
:10BB8000854E0623A4F888340FCE04F592650FC5C0
:10BB90000FCE0FC50FCE0FC596E80F0085E80F003A
:10BBA0000723A3E77D4A92E803000723A4F888341B
:10BBB00004F5926383E80300082397E70823784994
:10BBC000A4F88834B02204F5926024F013FA092313
:10BBD0008CE70923A4F888340A2387E70A23A4F80A
:10BBE00088340B2382E70133DBB20B2B63747FF6BF
:10BBF000BEAE40F2071346E7637C0922591EA4F843
:10BC000084240C2900F2A480DFE801F0070F1C292E
:10BC1000343E4B5A69728A7C970001236149A4F82B
:10BC20008834D42204F28C405DE75F4E0223A4F8EE
:10BC300088340FCE04F28C450FC596E8030085E8E2
:10BC4000030063E7594E0323A4F888340FCE04F2AF
:10BC50008C450FC596E8070085E8070074E7544E49
:10BC60000423A4F888340FCE04F28C450FC5336842
:10BC70002B6076E74F4A07CA0523A4F8883404F2FC
:10BC80008C4383E8070079E74B4E0623A4F88834F9
:10BC90000FCE04F28C450FC50FCE0FC533682B6055
:10BCA0007EE7464E0723A4F888340FCE04F28C4575
:10BCB0000FC50FCE0FC596E8030085E803007BE7AC
:10BCC0000823A4F888343E4BD5F82D019A889B7937
:10BCD000C4F88C04A4F8902484F8923477E7A4F88C
:10BCE00088243849482204F28C4024F083F973E711
:10BCF000354A07CA0A23A4F8883404F28C4383E83F
:10BD000007006EE7314E0C23A4F888340FCE04F2FE
:10BD10008C450FC50FCE0FC533682B600D23E5E6AC
:10BD20000B23A4F888342A4BD5F88D011B7984F8AD
:10BD30009034C4F88C040C23D8E60D23A4F888347E
:10BD4000244B0FCB04F28C4585E80F000E23CDE683
:10BD50000133DBB2102B63747FF609AED4F868248C
:10BD60001D4B9A4203D1092323740023BEE6082306
:10BD70002374236800211B6A20469847F5E700BF1B
:10BD800084030020E803002080030020805101008C
:10BD9000440400200C050020280500206C0500202C
:10BDA0007A050020442700201C2800203828002085
:10BDB000582800207028002080280020A828002073
:10BDC000D5280020DE280020282900203C2900203A
:10BDD00035290020642900202C0F01004FF49272B5
:10BDE000002103A823F067FCD4F81C3104F58E76FB
:10BDF000ABB9D4F84852D4F858329D420FD0D4E9A8
:10BE000093A94FF4927229463046A9F5927924F00D
:10BE1000F1F84D4525D005F59275C4F848524FF418
:10BE20009272314603A824F0E5F8039D5DB34FF408
:10BE300092720021304623F03EFC2A465B490DF108
:10BE4000120024F01FFE0423A4F884344FF49272ED
:10BE500003A904F5916024F0CDF82046FEF709F916
:10BE600085E5504624F0BEF9D4F854321A1D5B68BB
:10BE7000C4F8542203F59272C4F84C32C4F850222C
:10BE8000C4F84832CBE704F51070FBF762FB0923D6
:10BE9000237439462046FFF7A6FC4DE5D4F87434E8
:10BEA000D4F870144248657C5A1AD2104243954225
:10BEB00017D0D4F868043F4EB04212D00F239542F9
:10BEC000A4F8843403D33C4829461EF092FEE822AD
:10BED00005FB021104F59160013524F08BF86574BF
:10BEE00045E500228B42627418BFC4F874142046E2
:10BEF000FBF709F93BE5D4F8102162B192E80300A1
:10BF00000B23A4F8843404F5916383E803002046EE
:10BF1000FBF730F92BE5D4F814616EB10E23A4F8C9
:10BF200084344FF4FB72314604F5916024F062F8DA
:10BF30002046FBF72DF91AE594F8883083B10C23DD
:10BF400004F188052946A4F88434882204F5916018
:10BF500024F050F888223146284623F0ACFB06E551
:10BF6000D4F818516DB11023A4F884344FF4F07252
:10BF7000294604F5916024F03DF82046FBF716F9B8
:10BF8000F5E4D4F88460002E3FF4F1AC0223A4F869
:10BF900084344FF4B072314604F5916024F02AF8ED
:10BFA000304615F0AFFEC4F88450E0E4B8610308F1
:10BFB00035C2724F2D0F01005C610308F8B50446CD
:10BFC000806E0E46174610B900252846F8BD036856
:10BFD000DB69984705460028F6D0636B002BF4D048
:10BFE000236B002BF1D03A46314604F13000FEF7C6
:10BFF000CDFC0028E9D0134B5E68002300F110024D
:10C0000000F128041F4652F8041F8E421FBF00EBA8
:10C01000830C0133CCF81410DBB208BF1760A242C6
:10C02000F1D1C3F10602062BD2B203F105034FEAA8
:10C0300082024FF0000188BF002200EB830023F052
:10C040003AFBC2E7980B002010B591F85C31012B48
:10C0500004460CD1064B1B79022B08D0D1F81421D1
:10C060000968FFF7ABFF10B1236F0133236710BDE1
:10C07000800300207FB500230DF10F0200920546DA
:10C080001A4630308DF80F300C4614F029F89DF820
:10C090000F30064663B321462846FDF725FB50B90D
:10C0A0005EB1EB6E0133EB6694F82A315BB9214641
:10C0B0002846FFF7C9FF012003E09DF80F30CBB100
:10C0C000002004B070BD94F820219A42EFD1D4F83A
:10C0D000142121682846FBF7B1F90028EBD120464E
:10C0E00014F01CF92B6821465B6B28469847E2E761
:10C0F0000028D6D1084BD3F85032002BE0D0D4F82A
:10C10000140103F12002E83352F8041F09B18842F8
:10C11000C7D09A42F8D1D3E7A82700204B89042B37
:10C1200070B505460C4612D1D1F8046116B9D1F8A4
:10C13000083163B1094B61685B68994207D00846D2
:10C14000FDF792FC18B932462846FFF737FF2B68F7
:10C15000214628465B6BBDE870401847980B0020CD
:10C160002DE9FF416E4686E80600044696E8030086
:10C1700002AB04F1840783E8050019463846FAF754
:10C180006BFF70B3027D437DC5689A4210D228468A
:10C19000FDF746FB18B93F4B1B79022B08D0284608
:10C1A000FDF79AFAD5F8142101462046FFF706FF5D
:10C1B000D4F89030002B4CD1D4F88C2004F18C03AF
:10C1C00052B1DDE900065168884202D191688E4281
:10C1D0000CD01168134639B92F482946FBF7D6F918
:10C1E000012004B0BDE8F0810A46ECE71868D4F8F5
:10C1F00088208169B1FBF2F602FB1611D4F8842085
:10C20000066852F82170BB424FEA810C33D156B117
:10C21000B769D4F888E0B7FBFEF80EFB1877B9428F
:10C220000DD042F8273052F80C7004F18C018F4287
:10C230004FF0000108BFC4F88C6042F80C1002688F
:10C240001A6023F0CFFFD4F89030013BC4F890304F
:10C25000C2E7DDE900325340D4F88820B3FBF2F1A5
:10C26000384602FB11313246FAF7D3FE0346002866
:10C27000B2D00068C2E7002EE1D0B669D4F8887069
:10C28000B6FBF7FC07FB1C66B14218BF42F826302C
:10C29000D5E700BF80030020C020002082B0CDE998
:10C2A000001202AB13E9060002B059E77FB5002384
:10C2B0008DF80F308DF80E308DF80D300DF10D0327
:10C2C000009305460DF10E030DF10F0230300C46C0
:10C2D00013F006FF9DF80D30064603BB36B394F805
:10C2E0005C31012B08D1EB6E0133EB66D4F81421DD
:10C2F00021682846FFF7D2FF9DF80F30CBB1D4F864
:10C30000142121682846FBF799F870B9204614F0EB
:10C3100005F82B6821465B6B2846984705E02146C7
:10C320002846FDF7E1F90028D8D00126304604B0B0
:10C3300070BD4FF0FF312046FDF75CFE40BBD4F8E6
:10C34000142121682846FBF779F80028EDD1204612
:10C3500013F0E4FF2B6828465B6B2146984705469F
:10C360000028E2D10F4B62685B689A42DDD194F8F5
:10C370002131002BD9D02046FDF7AEF9CDE900558B
:10C380000146237AD4F81421284615F0D2FACCE7D6
:10C390009DF80E30002BC8D121462846FFF754FEE9
:10C3A000C3E700BF980B00202DE9F04FDFF8C4A0D1
:10C3B00089B0DAF8043003934B89042B05460C4608
:10C3C0004FD1D1F804311BB9D1F80831002B48D036
:10C3D0002168B1B3284B186803681B689847064664
:10C3E00078B3D4F85481D4F80421636805F1300798
:10C3F0004FF0000B4146CDF800B03846CDE904239C
:10C40000FEF7DAFA0DF11F0181460091DDE9042300
:10C4100003998DF81FB03846FEF7CEFA10B1B9F186
:10C42000000F08D14FF0FF312046FDF7E3FD40B982
:10C430009DF81F302BB1D6F8B430984518BFC6F818
:10C44000B4806168DAF8043099420AD0D4F8042143
:10C450002846FFF7B3FDD4F8042161682846FFF7AA
:10C460001DFF2B685B6B2146284609B0BDE8F04FE5
:10C47000184700BF980B0020940B002030B50446ED
:10C4800087B00846FDF728F915460023CDE90433A7
:10C490006B1EDBB2D1F814210190084602928DF890
:10C4A00014308DF815300391FDF716F903AD0146F0
:10C4B0002046FFF7F3FE294620468434FCF750F867
:10C4C00001A92046FCF7BAF8034695E8070083E87F
:10C4D000070001A92046FCF7B1F807B030BDF7B559
:10C4E000314BD1F854615B68C1F854310C460023DC
:10C4F000054600931A46303013F0F2FD6168D4F817
:10C5000054710846FDF7B0FA70B10021C4F850111B
:10C510002046FDF785F900283CD12146284603B086
:10C52000BDE8F040FDF7C1BA204B186803681B68EE
:10C5300098470028E9D0D0F8B4100029E5D08F4200
:10C54000E3D0C4F850112046FDF76AF960B1E6B1B6
:10C55000C4F854612046FDF763F928B194F82131FD
:10C56000002BDAD10029D8D094F820311BB994F8E7
:10C570002131002BD1D021460D4815F084FA02223A
:10C5800001462846FFF77AFFC7E794F82131002BD0
:10C59000C3D1E9E7C4F85461002EBED02046FDF7B0
:10C5A0003FF90028DAD1B8E7980B0020940B00205F
:10C5B000C02000202DE9F047454B0C4659686368C0
:10C5C0008B42064600F082802046FDF729F90028BC
:10C5D0007CD194F82031002B5CD0D4F854312BB1AD
:10C5E0008B4203D0D4F850318B4253D1D4F814315C
:10C5F000002B4FD0374F3B79012B4BD03B7C042B8A
:10C6000048D0D4F850310BB18B4243D12146324847
:10C6100015F039FA4FF0FF3105462046FDF7EAFCE8
:10C6200058B13B79022B08D12C4BD3F80090B9F8C4
:10C630001CA04FF00008D0452ED395F82031013BC7
:10C6400085F820312846FDF717FAD8B1D7F8D03150
:10C6500013F0FF0202D1002B08BF0322402A95F8F5
:10C66000201128BF402291420CD995F82A3185F833
:10C670002021881A8342C3BF5B1A9B18DBB20023B8
:10C6800085F82A31D4F8503129463046DBB9FDF718
:10C6900019FC0120BDE8F087D9F804004146FDF7F8
:10C6A000C8FC68B190F8B03053B1037943B190F849
:10C6B0003B30022B04D10268D4F854319A42C1D0E5
:10C6C00008F10108B7E7FFF70AFFE2E70020E1E71A
:10C6D000980B002080030020C0200020940B002035
:10C6E00091F8213170B505460C465BB14868FDF7FD
:10C6F000BBF938B9134815F0C6F90522014628469A
:10C70000FFF7BCFED5F88C604EB96068FDF7ACF958
:10C71000214698B12846BDE87040FDF7D3BBB2680A
:10C72000D4F814319A4207D0A86E00222146FBF7B4
:10C7300067FF3369034433613668E5E72846BDE89F
:10C740007040CCE6C02000202DE9F74FDFF8CC8107
:10C750004B681546D8F80420934206460C4640F034
:10C76000CD806F4AD2F85422002A4ED191F821711F
:10C77000002F00F09F804B89042B5ED10846FDF707
:10C780004FF80746C8B9A08907230122022103F008
:10C790008FF990B12046FCF79FFF8146204615F0A7
:10C7A00039F90123D4F814A194F808B0019300904A
:10C7B0005B4652464946384625E0D4F804317BB9F9
:10C7C000D4F8087167B92046FCF786FF81462046F9
:10C7D00015F020F9D4F814A194F808B00197E6E711
:10C7E0004FF0FF312046FDF705FC10B1D4F8503171
:10C7F0005BB12046FCF770FF01460020CDE9000048
:10C80000237AD4F8142115F094F86389042B63D1AA
:10C8100085B12B79232B0DD1B8F89830202B09D175
:10C82000012340480093237A2168D0F8100E00229B
:10C8300005F06AFED4F8041152E08B68DFF8E4904A
:10C8400023F47F43B3F5A02F21D1374F096838680F
:10C8500003681B68984790B92046FCF73DFF0746E0
:10C86000204615F0D7F8D4F814A199F8F89C0023C5
:10C87000CDE9000352464B4639462320C3E73868CA
:10C88000216803681B689847838F002BE4D02046FB
:10C89000FCF722FF0746204615F0BCF8D4F814A197
:10C8A00099F8F89C0023CDE9000352464B463946DF
:10C8B0000620A8E7D1F850219A42A6D191F820315C
:10C8C000002BA2D00846FCF707FFCDE90077014610
:10C8D000237AD4F814216EE7D4F80411002DA9D1DD
:10C8E00061B12046FCF79CFF18B194F85C31052B30
:10C8F00004D00A4630466168FFF7D0FC6068FDF757
:10C90000B3F821462A4620B1304603B0BDE8F04FC7
:10C9100004E4304603B0BDE8F04F45E5980B002035
:10C92000A8270020B0160020940B00203C4B2DE9D6
:10C93000F3471F68D0F88C4005466FF000461CB9DD
:10C94000304602B0BDE8F0872369D4F80080BB42CE
:10C950005FD8217DC9B9D4F80C904846FCF760FF38
:10C9600060B14846FCF7B8FE99F80830CDE90011EF
:10C970000146D9F81421052014F0DBFFD4E9011297
:10C980002846FFF7EDFB4446D9E7A37D0133DBB230
:10C99000A375AA6E7AB192F861100B44DBB2082B32
:10C9A000194628BF0821E1752BB192F861308B42FE
:10C9B00018BF82F86210E168D1F804A05046FDF774
:10C9C00053F8814670B9237D012B13D1154BC1F863
:10C9D00050011868036851461B68984708B1C0F8B1
:10C9E000B490E168104815F04EF801462846FDF76E
:10C9F00069FA06E00C4815F046F801462846FFF7AC
:10CA00006EFD237D013B237504F10C012846FBF7E5
:10CA1000A7FD2369DB1B9E42A8BF1E46B3E700BFEC
:10CA200078030020940B0020C02000202DE9FF4156
:10CA3000254B0A685B689A4205460C4626D1084693
:10CA4000FCF74AFED1F8148102AFCDE90208064690
:10CA5000394605F18400FAF7FFFA0246B0B194F8BE
:10CA60005C31012B12D12046FCF736FED36801461B
:10CA700000201B7A4246CDE9000014F05AFFCDE9B0
:10CA80000268284697E80600FFF76AFBD5F88C6035
:10CA900056B96068FCF7E8FF214678B1284604B033
:10CAA000BDE8F041FFF7E6BAA86E01222146FBF788
:10CAB000A7FD3369034433613668E9E7284604B0CB
:10CAC000BDE8F041FFF7F2BB980B00202DE9F04FD5
:10CAD0008B4B1B7C032BD3B0044604D06389042BFF
:10CAE00014D100200FE0874D2168286803681B6877
:10CAF000984738B12868216803681B68984703790C
:10CB0000002BEBD1012053B0BDE8F08FA689B6F51C
:10CB1000807F00F2F380277A002F4BD0DFF8E88186
:10CB2000DFF8E891002508F5516A99F85832EFB21C
:10CB3000BB42E7D908EB4703B3F9FA2C237A9A42B0
:10CB400040F0DA80384615F0A3F8324604F10E01C1
:10CB50006F4823F04FFAD8F87C080368CDE9006AE3
:10CB6000D3F834B0D4F8142121680023D8474FF407
:10CB70008472002110A822F09EFD664A644810AB22
:10CB8000314602F013FD002800F0B680BDF84030B9
:10CB9000002B00F0B180604A92F89610002940F016
:10CBA0008F8061685268914240F08A80012B40F08A
:10CBB0008780A7E7584B60685B689842AED1002831
:10CBC000ACD0FCF751FF0028A8D1DFF838812168EC
:10CBD000D8F8000003681B68984700289ED0D8F852
:10CBE0000000216803681B689847838F002B95D04D
:10CBF000D8F80000616803681B689847838F002B92
:10CC00008CD00C2E8AD9DFF800B1D8F80000DBF800
:10CC10007CA8DAF8003025469B690F9355F80E3B47
:10CC20000E9303680E991B680BF5516B9847CDE97D
:10CC30000B5B0A96D4F814314FF00009CDE908399E
:10CC400000F1440C8646BCE80F006D460FC59CE819
:10CC5000070003C52A80DEE90F230E990F9D504679
:10CC6000A84700283FF45AAF4FF48472494610A8F1
:10CC700022F021FD274A10ABA6F10C01584602F024
:10CC800095FC00283FF43EAFBDF84030002B3FF448
:10CC900039AFD8F800002168012384F84E310368C9
:10CCA0001B68984704F5977200F13E035E3053F815
:10CCB000041B42F8041B8342F9D12023A4F82C3131
:10CCC0004FF4847210A904F10C0023F093F90423AB
:10CCD000638194F810312772002B3FF402AF94F86F
:10CCE000113194F8FA2003F00203134314BF012317
:10CCF000002384F8FA30F4E6013516E7022002E753
:10CD000080030020940B0020B0160020A8270020EC
:10CD1000C0230020201E0308980B002038B50446CD
:10CD200008460D46FFF7D2FED4F8A830202B0BD1D1
:10CD3000AB89012B01D0422B0CD104F1200014F05F
:10CD4000C7FF08B114F0DEFFD4F8A8301F2B0ADDAE
:10CD500022F046FA284614F0D5FFD4F818310133F2
:10CD6000C4F8183138BDD4F8AC0018B103680021FC
:10CD70001B689847D4F8A43004EB83020133156292
:10CD80005A4202F01F0203F01F0358BF5342C4F877
:10CD9000A430D4F8A8300133C4F8A830DDE72DE979
:10CDA000F04F91B00C460546002102200E92FCF790
:10CDB0000FFB2146C4F81801A14814F064FE68670F
:10CDC0002046FFF783FE02280DD1D4F814212168F4
:10CDD0002846FFF7F3F8686F14F040FE00236B67F6
:10CDE00011B0BDE8F08F638900284AD1042B48D1E7
:10CDF000A389944E472B14D1934B93F87E2112B103
:10CE000093F880316BB9D4F8142121682846FFF7D4
:10CE1000D5F8337C052BDED16389042BDBD10127C8
:10CE200003E0337C052B2CD1002746232322CDE9B8
:10CE3000093241210823CDE907310C200B23CDE92C
:10CE4000053006264323CDE903364FF0050C0423B5
:10CE5000CDE9013C03230093A089072301220D2182
:10CE600002F026FE064650B9D4F81421216828465F
:10CE7000FFF7A4F8686F14F0F1FD6E67B0E7002FBC
:10CE8000A9D1714E6168B4F80A900023C6F85432F3
:10CE90006E4B08465B680C93FCF7E6FD804628B9AC
:10CEA0000C9B5B1AD3F1000848EB0308D6F8C0349A
:10CEB000D3F800A00027D6F8C0345B6853457CD077
:10CEC000B9F1040F5AF804BBC6F8C44402D09BF869
:10CED0000A20CAB19BF8082012B9B8F1000F13D08C
:10CEE000DBF800202146D2685846904760B10E9B7F
:10CEF00013B99BF809203AB1B9F1040FDBF80C1013
:10CF000006D019B322680AB30023C6F8C434D2E7A6
:10CF10000D91D9B12268CAB1207A13F059FD20B120
:10CF20000D992A3023F0CEFD80B194F8FA20002A22
:10CF3000EAD06068FCF798FD0028E5D1224621215F
:10CF40005846FCF720FCC6F85402DDE7DBF8002069
:10CF50002146126958469047DBF800200D9052692F
:10CF6000214658469047B9F1040F1AD194F8FA2097
:10CF7000BAB1364A61685268914212D1D6F8542249
:10CF80007AB9DBF800205846926990470F9028B193
:10CF90002146FCF7D9FB0F9AC6F854220FB99BF82B
:10CFA0000B70DBF8101029B12548FAF7EFFA0023CF
:10CFB000CBF810300D9B012BA6D1B9F1040F07D18E
:10CFC00094F8FA3023B1214B62685B689A422AD008
:10CFD000686F14F043FDAB6F00266E67002B3FF4C3
:10CFE000FFAEEB6F216899427FF4FAAE6389042BA0
:10CFF0007FF4F6AEA389042B7FF4F2AE144B1868CD
:10D0000003681B68984700283FF4EAAE838F202B03
:10D010007FF4E6AEA96F01222846C5E91E6611B06D
:10D02000BDE8F04FA3E0D6F85412A9B10948002397
:10D030001A46006800F0F0F80023C6F85432C7E73B
:10D04000C020002080030020A8270020980B00208B
:10D05000940B00206815002023680C9A9A42B7D0E0
:10D06000002FB5D1D6F8C884D8F800302046D3F8C0
:10D070003090FCF731FB0646204614F0CBFCD4F888
:10D0800014A194F808B0CDF800B0CDE901075346DB
:10D09000324608214046C8479AE7F8B5284E294F3E
:10D0A000054605F1380012F049FC044698B9AA6F0C
:10D0B00072B1254B1868D5F8803047F22F51C61A47
:10D0C0008E4237D9C5E91E4427212846FCF792FB3A
:10D0D0006FF00040F8BD2168B6F8D4C11B4A0023A8
:10D0E00098B284451CD8386803681B68984710B10B
:10D0F00090F8B130D3B92368013317D096F8E431F2
:10D1000013B194F829318BB92B682146DB6A284684
:10D11000984758B9012221462846FFF740FE05E00E
:10D1200052F8040F814203F10103D9D1204614F0D3
:10D1300095FCB6E7C0F5EA4030301844CAE700BFB6
:10D1400080030020940B0020780300205405002069
:10D1500038B50446FFF7EAFB2046FFF79EFF054679
:10D160002046FFF7E3FBA842A8BF284638BD70B5AC
:10D170001646264A4B685268934205460C4604D12F
:10D1800003681B6A9847002070BD826E2AB90A4660
:10D190000421FCF72FFB2120F6E71846FCF764FC7E
:10D1A00018B132462846FFF7FAFD237A83B994F87E
:10D1B0004E316BB961680846FCF756FC40B9144B18
:10D1C000186803681B68984710B190F8AC30237258
:10D1D000022E14D194F821318BB194F8203173B917
:10D1E0000C4BD3F8BC3113F0FF0202BFB3FA83F348
:10D1F0005B099A01402A28BF402284F820212B682D
:10D20000214628465B6ABDE870401847980B00200D
:10D21000940B0020800300202DE9F7431F461F4B8D
:10D22000DFF87C80D1F81491164605460C46186844
:10D23000FDF782FA3246214658F8780CFFF797FF3F
:10D2400058F8781C06466846FEF7C0FA4B46324648
:10D250006946284616F0FEFA56B9DFB12146114854
:10D2600014F011FC0146284603B0BDE8F04355E533
:10D27000232E0FD12FB9204603B0BDE8F04314F0A0
:10D2800041BD2146074814F0FEFB01462846FFF742
:10D2900045FDF0E703B0BDE8F08300BF940B00202C
:10D2A000A8270020C02000202DE9F047DFF8F882F1
:10D2B000A4B0044609200D46164614F06DFDD8F8BA
:10D2C0000030C4F8803604F51B734FF4FE72002161
:10D2D000184622F0F0F9B54A03463146284602F0D6
:10D2E00065F90546002800F0B480B4F86C32013BC3
:10D2F000062B00F2AE80DFE813F00700AC00090156
:10D300006D017201AC007F01D4F8846304F51C79CF
:10D3100066B104F12C02002352F8041F8E4200F083
:10D32000988000295DD10C3344F82360B4F87C3236
:10D330009F4E462B61D0B4F87C72462F09D1D4F8A9
:10D340007402FCF791FB20B194F89033002B40F06D
:10D3500085800B234322CDE900323846082303227F
:10D36000042102F0A5FB04F51F7A04F1140700283C
:10D3700078D1B4F87C32012B40F08A80514638468F
:10D38000FBF7F3F90368002B00F082805146384622
:10D39000FBF7EBF9D8F8003002689B1AB3F5FA6F87
:10D3A00076D2844D21A855F8781CFEF70FFA306824
:10D3B000D4F88433002221A916F04CFAD5F8C80419
:10D3C000002846D000230268CDE9013394F8783272
:10D3D0000093156BD4F88433D4F870222621A84723
:10D3E00037E00133142B97D14C2204F1340104F1BE
:10D3F000300022F046F9E66798E704F51F7A04F159
:10D40000140751463846FBF7B0F90368002B92D059
:10D4100051463846FBF7A9F9D8F8003002689B1A44
:10D4200047F22F52934286D823685D69624BD4F845
:10D4300084231E212046A8475E4B21A853F8781C60
:10D44000FEF7C4F9D4F884333068002221A916F01D
:10D4500001FA0025284624B0BDE8F08723685D69FD
:10D46000564BE4E751463846FBF77FF90368002B3B
:10D470003FF47FAF51463846FBF777F9D8F80030D4
:10D4800002689B1A42F20F7293423FF672AFD3E7E3
:10D49000B4F87C32462B07D1D4F87402FCF7E4FAD6
:10D4A00010B9012384F8913351463846D8F80080EA
:10D4B000FBF75BF90023C0F80080C4F87032C4F8B1
:10D4C000C033D4F874323668013307D0D4F8C4338B
:10D4D00023B93B4B1B6E0BB1C4F8C433D4F884336F
:10D4E0001BB9FEF7E8F8C4F8840300210220FBF71B
:10D4F0006FFF4946C4F88803324814F0C4FA002389
:10D50000014602223046FFF787FEA3E7D4F87032C7
:10D51000C4F86834237C7BB9236801219B692046C9
:10D520009847234B1968204601F59271F9F7BAFF25
:10D5300025492046F9F7B6FF236820465B6A9847DD
:10D54000D4F86834214A2249934214BF02230323AA
:10D5500023740A221EA8F8F71EF91E99D4F8702425
:10D56000C4F870141F99C4F874142099D4F878344E
:10D57000C4F87814002521A8239321921E952095A4
:10D5800016F038FC1EA816F035FC4FF492722946AE
:10D5900004F58E7022F08FF804F51070F9F7D9FFBA
:10D5A000C4F86C5455E700BF78030020442D0308ED
:10D5B00068150020A827002031630308636303086F
:10D5C00080030020C0200020DC2400202D0F01005B
:10D5D0009C63030823682046DB68984739E704F515
:10D5E00020717822684604F51C7422F003FD94E84B
:10D5F0000F0014F045FC2CE7024B012203F88C2CA1
:10D6000027E700BFA827002010B50446C9B194231E
:10D6100080F89938C32380F89A380B0A80F89B3831
:10D6200080F89C18D0F8880603680A1D5B6804F629
:10D6300099019847D4F888060368BDE81040DB6874
:10D64000184710BD70B5044600F69D0631462046C9
:10D65000FEF7C9F8054601462046FFF7D5FF002D25
:10D66000F4D170BDF8B504460D46A2B9264BD0F8EA
:10D6700094281B689B1AB3F5FA6F2CBFFA25052571
:10D6800094F8983813B12046FFF7DCFF2046F9F7ED
:10D6900029FD2846F8BD8E180027D4F8903815F8D3
:10D6A000012BE018591CC4F8901880F88C265BB93F
:10D6B000942A01D0C4F89078B542EED1124B1B6881
:10D6C000C4F894380025DBE7012B01D1C32AF0E729
:10D6D000022BF1D0B4F88E26032B52BA92B20FD19E
:10D6E000B2F5007FE6DC131D9942E5D30023C4F8B0
:10D6F0009038236804F5D2611B6920469847DBE720
:10D700000029D9D0EFE700BF7803002038B50446E0
:10D71000D0F8880603681B69984798B10025D4F8AB
:10D72000880603681B69984730B1D4F888060368F7
:10D730005B69984700281ADA244B1B68C4F89438B0
:10D74000002509E0214BD4F894281B689B1AB3F5F7
:10D75000FA6F34BF0525FA2594F8983813B120469E
:10D76000FFF770FF2046F9F7BDFC284638BDD4F816
:10D770009038E218C0B2591CC4F8901882F88C0690
:10D7800023B99428CBD0C4F89058C8E7012B01D115
:10D79000C328F7E7022BC2D0B4F88E26032B52BA67
:10D7A00092B20FD1B2F5007FEDDC131D9942B6D3D2
:10D7B0000023C4F89038236804F5D2611B69204621
:10D7C0009847ACE70029AAD0EFE700BF7803002014
:10D7D00000F5906310B54FF400720446002118461E
:10D7E00021F069FF0822A4F88424012284F8882407
:10D7F00003464FF4FF7104F69D00044A01F056FD04
:10D8000001462046BDE81040FEE600BF8810030830
:10D810002DE9F047ADF56A7D9CAD9DF8C8A34E4E4D
:10D820002E60044689469846014600239EA8174666
:10D830006B6011F038FCBAF1000F02D1204614F0F1
:10D84000D7FA214654A811F02EFC444954A811F0EF
:10D85000A5FC54990122A1A815F047FE54A811F087
:10D8600034FC3F4B85F834A100243946424607A8D2
:10D87000CDE90735CDE90A4485F83541CDF8249046
:10D880000AF0A4FDEB6A0746A3B1A1A808F0EDFBDE
:10D890009EA90CA811F04DFC30490CA811F07EFC9B
:10D8A0000C99224654A815F020FE5A9B6BB90CA87F
:10D8B00011F00BFC9EA82E6011F007FC38460DF508
:10D8C0006A7DBDE8F0875C40E4B254A808F07CFCB7
:10D8D000031EF8DA54A808F0C8FB95F83531A342C6
:10D8E000E5D10CA811F0F1FB9EA9684611F021FCCE
:10D8F0001A49684611F052FC009CD5F808800022B5
:10D9000021460CA815F0F1FD129BBBB10122414646
:10D9100054A815F0EAFD5A9B83B10CA805F06FFDE1
:10D9200000280DDC54A808F098FB54A808F09DFBD3
:10D930000CA808F09AFB204614F05AFA6846B7E79C
:10D9400003A910220CA808F031FC03A9C2B254A804
:10D9500008F099FDE1E700BF642D03089E6303080A
:10D9600069D90008000000004068036810B55B68D2
:10D9700014469847031B5842584110BD7047002079
:10D98000704781F00100400000F0FE00704720B9B0
:10D9900081F001004000C0B2704702207047884209
:10D9A00014BF81F0010002207047084B93F830014A
:10D9B0008B8908B1422B08D0012B05D00A3B012BE3
:10D9C0008CBF002001207047184670474027002078
:10D9D000826930B404695510034604EB6200D20733
:10D9E00048BF62595B6930BC48BFD35818474B6A7F
:10D9F000032B01BF034B1B68B3F850308383002017
:10DA0000704700BF0C4C00204B6A032B01BF034B37
:10DA10001B68B3F850308383002070470C4C002003
:10DA20004B6A032B01BF034B1B68B3F85030838351
:10DA3000002070470C4C0020826930B404695510F6
:10DA4000034604EB6200D20748BF62595B6930BCF1
:10DA500048BFD3581847826930B40469551003464B
:10DA600004EB6200D20748BF62595B6930BC48BF13
:10DA7000D3581847826930B404695510034604EB43
:10DA80006200D20748BF62595B6930BC48BFD358B7
:10DA9000184790F8340018B191F8290180F001007E
:10DAA00070477047704700207047B0F872008A894D
:10DAB000131A584258417047054BD0F880261B680E
:10DAC00004489B1A83428CBF00200120704700BF8E
:10DAD000780300209FBB0D00F8B545680646144644
:10DAE00079B95CB12B6828465B699847013004F12D
:10DAF000FF34F6D1B4FA84F04009F8BD4FF0FF349A
:10DB0000F8E792B2284608F051FB2B6807461B69DC
:10DB10002846984700B9B060E31B58425841ECE7EB
:10DB200038B5202504462A460021353021F0C3FDB2
:10DB30002A46002104F1550021F0BDFD00230022FA
:10DB4000C4E90823002384F83430C4E90B33A3620A
:10DB500038BD38B590F83430044673B1856A00207A
:10DB6000FBF722FC3C38854203D22046BDE8384012
:10DB7000D6E70020FBF718FCA06238BD00207047F4
:10DB8000A0F1200019F026B837B5184613880E2BDF
:10DB900004D0252B0ED0002003B030BD91F8FA3010
:10DBA00033B10F2320F8083B1049E72222F0D5FFBC
:10DBB0000220F1E7137A0BB90120EDE702F1080426
:10DBC00021460A4818F07AFAE72205462146074816
:10DBD00022F0C3FF002DEFD001230093044A034B32
:10DBE0000448E92114F0D2FCE6E700BF104C002005
:10DBF000483103083E640308F8B50F46044615464D
:10DC0000FFF7A7FF97F84E61002E4ED03A68E36AFF
:10DC10009A4240F0B18094F83430002B00F0AC8090
:10DC2000012B44D1D5E90002D4E908139A4208BF78
:10DC3000884240F0A1806B8D202B40F09D802B8985
:10DC4000002B40F0998005F12C0304F155024C356E
:10DC500053F8041B42F8041BAB42F9D14748FBF7C9
:10DC600063FC1E230546037345490D3022F0BAF9C3
:10DC70000C23A5F89E31D4E90823C5E96823414B5C
:10DC8000E16A186803681B689847282200F10C01B4
:10DC900005F5D47022F061FF3B4B186803682946F4
:10DCA0005B689847022384F834303046F8BD052B72
:10DCB00062D12A89202A5FD1D5E90071D4E908030D
:10DCC000994208BF874257D105F10A0104F1350096
:10DCD00021F0C7FC014600284ED104F17507282227
:10DCE000384621F0E8FC2949384622F07BF904F156
:10DCF000340204F1380112F8013F9B0830338A42A4
:10DD000082F84F30F7D1202384F8883004F13902AB
:10DD100004F13D0112F8013F9B083033914282F833
:10DD20004F30F7D11548FBF7FFFB1E230546037361
:10DD300017493A460D3022F0A5FE0D23A5F89E3175
:10DD4000D4E90823C5E968230E4BE16A1868036823
:10DD50001B689847282200F10C0105F5D47022F0C9
:10DD6000FCFE002385F8D031074B1868036829466C
:10DD70005B689847042396E7002696E7E81600209C
:10DD800054640308940B0020681500207F64030886
:10DD90008F64030838B590F82C300446154673B9E3
:10DDA000074B1868FBF778FC4DB194F82C3033B969
:10DDB000044B054A1B6803F5DA531833136038BD6A
:10DDC0006815002078030020881E002010B5034B42
:10DDD0000360044615F09DFD204610BD6831030820
:10DDE00010B50446FFF7F2FF204622F0FBF920466B
:10DDF00010BD70B5094B03600546044655F8200F69
:10DE0000A84206D1064B23602046FFF7DFFF2046DD
:10DE100070BD066822F0E6F93046F1E79831030854
:10DE2000D031030810B50446FFF7E3FF204622F087
:10DE3000D9F9204610BD10B5034B03600446FFF727
:10DE4000C5FF204610BD00BF0832030810B50446C8
:10DE5000FFF7F1FF204622F0C5F9204610BD10B5AE
:10DE6000034B03600446FFF7B1FF204610BD00BF1F
:10DE70004032030810B50446FFF7F1FF204622F0B8
:10DE8000B1F9204610BD10B5034B03600446FFF7FF
:10DE90009DFF204610BD00BF7032030810B5044638
:10DEA000FFF7F1FF204622F09DF9204610BD0EB489
:10DEB00017B51048FBF738FB0446A8B11E230373BF
:10DEC00000210220FBF784FA06ABA0604FF4C87172
:10DED000059A019304F10D0021F086FB064B1868AA
:10DEE000036821465B68984703B0BDE8104003B063
:10DEF000704700BFE81600206815002010B5054BDC
:10DF0000044640F8183B16F089FA2046FFF75EFFFA
:10DF1000204610BDA8320308A0F11800EEE710B5A6
:10DF20000446FFF7EBFF204622F05CF9204610BDC7
:10DF3000A0F11800F3E710B50446203016F06EFA91
:10DF4000034B23602046FFF741FF204610BD00BF72
:10DF500004330308A0F12000EDE710B50446FFF7F5
:10DF6000EAFF204622F03EF9204610BDA0F1200035
:10DF7000F3E710B5044616F051FA204610BD10B56F
:10DF80000446FFF7F6FF204622F02CF9204610BD8C
:10DF90000B461146144A10B4D41802EB830284F8DD
:10DFA000EB10124C012B2468C2F8F0400AD0022B6F
:10DFB0000FD0406EA8B10E4B93F8043133B981F005
:10DFC000010103E00A4B93F8080150B110BC11F0B5
:10DFD000E5B9074B93F8090118B193F80731002B05
:10DFE000F4D010BC704700BF0C4C00207803002018
:10DFF00040270020F8B500250B4F04462E46E9B215
:10E00000002220460135FFF7C3FF032D47F8046BBC
:10E01000F5D1002104F11800F6F718FA4FF0FF339C
:10E0200084F86C60A366F8BDFC4C0020A0F11800D9
:10E0300018F0F2BD08B5836E013303D0FFF7DAFFA5
:10E04000012008BD0020FCE72DE9F047B54D95F80B
:10E05000CE32B2B006461746002B00F00481B5F868
:10E06000AC32202B40F0FF80536C23B1AE4A526893
:10E07000934240F0F880A822394608A821F0BAFF60
:10E08000102200210DF1AE0021F015FBA74BDFF8A7
:10E09000A082039300244FF48C73A649CDF810801E
:10E0A00008AA03A8CDE90534ADF8AC4007940AF0FE
:10E0B0008DF9A8F1FC08002800F0D580DDF8189053
:10E0C000B9F1000F00F0CF804022362108F505702D
:10E0D00021F0F1FA40225C2108F5157021F0EBFAED
:10E0E00008F51572DFF850E208F5057194460878D6
:10E0F0001EF8013F584001F8010B107801344340ED
:10E10000202C02F8013BF2D18C4BB9F5807F03F152
:10E11000800128BF4FF480790C4653F8042B41F856
:10E12000042B6345F9D18249DFF814A24A4601F570
:10E13000EC7021F05FFFDAF800008249036809F112
:10E1400040021B6A9847804B03F5C07253F8041BCA
:10E1500042F8041BA342F9D17A4B03F5C07203F1D4
:10E16000200153F8040B42F8040B8B42F9D1DAF882
:10E1700000007649036860221B6A9847734B03F1DD
:10E18000600203F1200153F8040B42F8040B8B42A8
:10E19000F9D1B7F88C20102A65D16D4807F18E01AE
:10E1A00021F05FFA00285ED1D7F88830002B5AD0D2
:10E1B000DFF87491D9F81026934254D9D5F8D032AB
:10E1C000002B54D04FF47A725343D8F8541421B131
:10E1D000604A1268521A9A4245D397F84C30002B85
:10E1E00041D095F8CE32012B44D1D6F854A0BAF1E3
:10E1F000000F38D107F150050FCD06F158040FC4B8
:10E200000FCD0FC40FCD0FC495E8030084E80300C1
:10E21000D7F88830736586F84DA00420C9F8103609
:10E2200017F02EFA4B4B4C481B68C8F85434FBF7D8
:10E230007BF90446B8B11E23037351460220FBF755
:10E24000C7F8A060D7F8883000934FF4C8713B46F8
:10E25000424A04F10D0022F06DFB414B186803683F
:10E2600021465B689847002032B0BDE8F0874EF643
:10E270006023AAE796F84D3073B1002486F84D402C
:10E280003822214606F1580021F015FA336A7465E8
:10E290009B6906F120009847BB6CDFF8B8A007F136
:10E2A00050047BB30FCC06F158050FC50FCC0FC53A
:10E2B0000FCC0FC594E8030085E803000122D7F8CE
:10E2C0008830736586F84D200420C9F8103617F0A1
:10E2D000D7F9DAF80030B96CC8F854344FF47A73CF
:10E2E000A1FB0313002BDAF8003018BF4FF0FF3109
:10E2F0000B44336506F12000F6F7A8F8012386F8F1
:10E300003430B0E7D7F88830C9F81036042017F059
:10E31000B7F9DAF80030C8F85434204612F012FD8C
:10E32000A1E700BF80030020980B0020533A0108AA
:10E33000084D0020343303082D060020204E002015
:10E340002C1F0020A04E0020604E0020E04F002037
:10E350004050002078030020E8160020CA6403081B
:10E36000681500202DE9F74FA94F97F8F84082462D
:10E370000D46002C76D090F86D30002B72D10846F7
:10E38000FBF74EFA064600286CD16FF00E00E989C3
:10E3900005F10F03401BC218914225D84FF0000829
:10E3A0009C4B2968186803681B6898478146287A3F
:10E3B00008B9994B187812F00BFB6D6890F83E3055
:10E3C00090F84410019328460091FBF74DFBDDE9DE
:10E3D0000013024670B99148406885420AD1B9F1EC
:10E3E000000F2CD1A3460CE013F8012F072AD2D13D
:10E3F000A046D5E7002B1A460EBF9B464FF0000BF8
:10E400000A46874B97F8061193F85D9071B3B8F1FF
:10E41000000F40F0918097F80531ABB197F80C31BF
:10E42000002A38D0002B40F0E78009F0FD03012BD3
:10E4300013D097F80D3183B100252B46FEE0D9F8B3
:10E44000B820C2F34002CDE797F80A41002C40F013
:10E450001281B9F1010F40F0418100210AF1180049
:10E46000F5F7F4FF002003B0BDE8F08F97F8050141
:10E4700097F80C31002800F08480002A4FD0002B40
:10E48000D3D0B8F1000F00F0B780B9F1010F40F020
:10E4900019810C468BE0002B40F09F8009F0FD03B2
:10E4A000012B97F80A5106D097F80D31002B40F058
:10E4B000C58097F80B615B4B1A68B7F80E31002BDB
:10E4C00000F0F3804FF47A714B4313440122CAF8F1
:10E4D00068308AF86C201CB100215046FFF758FDC7
:10E4E00025B1012211465046FFF752FD002EB4D04F
:10E4F000B9F1040F05D1BBF1000F02D1B8F1000F43
:10E50000ABD097F81031002BA7D197F80731002B2B
:10E51000A3D1012202215046FFF73AFD9DE7002BCF
:10E52000BCD0B8F1000F58D0B9F1010F40F0EE8027
:10E53000444645461646BEE797F80C1161B997F870
:10E540000A31002B40F08A80B9F1010F40F0CC80F5
:10E5500044461E463546AEE709F0FD03012B00F0A8
:10E56000998097F80D61002E40F0928097F80B612A
:10E57000002E00F08F8082F0010234463546D6B27C
:10E5800099E763B997F80A51002D4DD1B9F1010F00
:10E590003FF463AFB9F1030F3FF45FAF4BE0B8F165
:10E5A000000F06D0B9F1010F40F0828004464546C5
:10E5B00052E097F80A5129F0020325B9012B3FF4E4
:10E5C0004CAF434637E082F00105012BEDB2F8D1A4
:10E5D000002D3FF442AF00246DE797F80A3129F08F
:10E5E000020123B90129B4D01D46234623E00125A9
:10E5F000A94220D11C465EE797F80A5129F0020390
:10E60000002DDBD0012B3FF428AF4346454612E0F6
:10E6100040270020940B0020A8230020980B002006
:10E62000800300207803002009F0FD0182F001053D
:10E630000129EDB2CCD097F80D11D1B11C46B8F13B
:10E64000000F2DD197F80B31F3B1FAB1002C7FF404
:10E6500032AF002D3FF401AF26462CE709F0FD0054
:10E6600082F001050128EDB217D097F80D41002C7A
:10E67000F2D11C46E6E709F0FD0382F00105012B0B
:10E68000EDB2A5D04446DDE7002CE2D01E4612E7ED
:10E6900034465FE70C460D460DE71C460E460AE77A
:10E6A000464608E72546264695E7D7F8FC300CE7AE
:10E6B000B9F1030F3FF47AAF97F80D41002CF1D177
:10E6C0004546BFE7B9F1030F3FF4E3AE97F80D41BC
:10E6D000002CF5D0254626460C46ECE6B9F1030F92
:10E6E0003FF4BBAE2546ADE71D46B9F1030F3FF43D
:10E6F000E2AE97F80D31002BA0D197F80B61002EF8
:10E700003FF4D9AE82F00102344638E74546ECE7E3
:10E710002DE9FF4705461E4B55F8046F036004467C
:10E720000DF104084FF00009AE4206D16068854241
:10E7300029D1204604B0BDE8F087CDE90188B7684B
:10E74000CDF80C90396801988F4203D1404515D11E
:10E750003668E9E78B68D1F800A09C420CD1814271
:10E760000AD0824508D052461BF059FF039B013363
:10E770000393BB68013BBB605146E4E7076821F0A7
:10E7800031FD3846E2E7066821F02CFD3046CEE741
:10E790006C2403080A4B10B503F5037203F51073DC
:10E7A0000446026083614830FFF7B2FF04F11800AD
:10E7B00015F034FE2046FFF709FB204610BD00BFD0
:10E7C00048310308A0F11800E4E710B50446FFF74C
:10E7D000E1FF204621F006FD204610BDA0F1180003
:10E7E000F3E710B50446FFF793FF204621F0FAFC4B
:10E7F000204610BD38B50C46054615F06BF9291DAD
:10E8000084601BF01AFFEB680133EB6015F062F9CE
:10E81000214685601BF011FFA3680133A36038BD5A
:10E8200010B5034B0360044615F052FA204610BDA4
:10E83000B033030810B50446FFF7F2FF204621F07D
:10E84000D1FC204610BD10B5034B0360044615F003
:10E850003FFA204610BD00BFC433030810B504467C
:10E86000FFF7F1FF204621F0BDFC204610BD10B59A
:10E87000034B0360044615F02BFA204610BD00BF81
:10E88000D833030810B50446FFF7F1FF204621F006
:10E89000A9FC204610BD10B5034B0360044615F0DB
:10E8A00017FA204610BD00BFEC3303080C4B10B51F
:10E8B00003603C3304460362C06E08B121F092FC51
:10E8C00004F15000FFF7E7FF04F1200015F0A6FD6A
:10E8D000044B23602046FFF779FA204610BD00BFA5
:10E8E0000034030864340308A0F12000DEE710B50B
:10E8F0000446FFF7DBFF204621F074FC204610BDE4
:10E90000A0F12000F3E710B50446FFF7C4FF20464E
:10E9100021F068FC204610BD10B5034B036004468F
:10E9200015F0D6F9204610BD9C34030838B50B4DC0
:10E9300005F55A73036005F56973044603625030A8
:10E94000FFF7EAFF05F5737504F1200015F066FD89
:10E9500025602046FFF73AFA204638BD48310308C3
:10E96000A0F12000E2E710B50446FFF7DFFF2046E4
:10E9700021F038FC204610BDA0F12000F3E710B5CF
:10E980000446FFF7C9FF204621F02CFC204610BDAD
:10E99000A0F1200018F0AEB973B506460C46154636
:10E9A000CAB19389012B06D1136923B9506900219B
:10E9B00017F038FB60B96389042B09D1216839B19C
:10E9C000D4F81C310093D5E90123304614F0B1FD91
:10E9D000002002B070BD4FF0FF312046FBF70AFB6C
:10E9E00003460028F4D12268D4F81C110091114686
:10E9F000EBE738B50B4D05F20443036005F588637A
:10EA000004460362406E14F087FD05F58D6504F140
:10EA1000200015F003FD25602046FFF7D7F92046BA
:10EA200038BD00BF48310308A0F12000E1E710B570
:10EA30000446FFF7DEFF204621F0D4FB204610BD40
:10EA4000A0F12000F3E713B5084611461A469DF8D9
:10EA5000143000939DF810309DF8184012F0ACFF70
:10EA6000054B80F8214101461868012202B0BDE83B
:10EA70001040FEF77CBB00BF3027002037B50446AE
:10EA80000D4601A80191F5F753FD211D28461BF005
:10EA9000FAFE21F0A7FB63690198013B636103B0B3
:10EAA00030BD2DE9F341214D2B680646002B3AD0AD
:10EAB0005B68002B37D0D3E90034E41A1C4BA41058
:10EAC0005C43836E019300F15C0800F16007019BD9
:10EAD000BB420BD1336F9C4225D2B56E0195AF423C
:10EAE0001AD129464046FFF7C9FFF3E7286819699C
:10EAF00002681268904728B901994046FFF7BEFFA7
:10EB00000190E4E701A8F5F713FDE0E7019B6A69CE
:10EB10005969914238BF1D4601A8F5F709FD036800
:10EB20009F42F3D1DDE702B0BDE8F081940B0020F5
:10EB3000CF467D67F7B58C68054616460F1D012345
:10EB40005CB90197CBB1CB68BB4213D100233C46E3
:10EB50002846C5E9003403B0F0BD238A3788D4E9DC
:10EB600002029F4238BF012327462ABF00230446E2
:10EB70001446E5E701A8F5F779FC019B3288198A6C
:10EB80009142E3D3E4E7F7B58C68054616460F1DBE
:10EB900001235CB90197CBB1CB68BB4213D10023F1
:10EBA0003C462846C5E9003403B0F0BD238A3788C7
:10EBB000D4E902029F4238BF012327462ABF00231F
:10EBC00004461446E5E701A8F5F750FC019B32889E
:10EBD000198A9142E3D3E4E72DE9FF4700F10408E5
:10EBE000836806460D46444613BBA04503D02A88D9
:10EBF000238A9A4258D21C2021F0ECFA0023B5F85F
:10EC00000090A0F81090A04507464361037600F1FC
:10EC1000100A17D173691BB13269138A4B4523D38C
:10EC20005246314602A8FFF7AEFFDDE9024242E05C
:10EC30001F8A2888D3E9021287422ABF1C4613463E
:10EC40000B46D1E7238A4B4511D9F26801949442CF
:10EC500034D001A8F5F70AFC03681B8A4B45DFD2C4
:10EC6000019AD368002B30D190450FD126E027D2EE
:10EC7000326901949442F7D001A8F5F759FC036872
:10EC80001B8A4B45CCD9E3689BB92246388A138A44
:10EC900098422CBF00200120434639461BF08FFDCF
:10ECA0007369013373613C4604F1140004B0BDE89C
:10ECB000F087019C22461AB1002CD5D00120EBE749
:10ECC000384621F08FFA2746EDE72246F6E7F7B5FA
:10ECD0008C68054616460F1D01235CB90197CBB120
:10ECE000CB68BB4213D100233C462846C5E900341B
:10ECF00003B0F0BD23693768D4E902029F4238BFF0
:10ED0000012327462ABF002304461446E5E701A84D
:10ED1000F5F7ACFB019B326819699142E3D3E4E754
:10ED20002DE9F041CEB038490646002206A814F07D
:10ED3000DCFB0C9B6BB10024062202A906A80294FE
:10ED4000ADF80C4007F032FA062808D006A807F004
:10ED50008CF9002386F830304EB0BDE8F081029A7D
:10ED60002A4B9A42F2D19DF80C30013B012BEDD891
:10ED70009DF80D30102BE9D8274622E09DF80C3085
:10ED80000497012B23D1062204A906A8ADF814701C
:10ED900007F00CFA062813D1DDF8125085B1BDF842
:10EDA0001030ADF806300DF106013046FFF714FFC4
:10EDB000174B0560013D9D428CBF00250125057163
:10EDC00001349DF80D20E3B29A42D7D8BEE707225E
:10EDD00004A906A8CDF8137007F0E8F90728EFD1C9
:10EDE000DDF81250002DEBD0BDF810309DF81680E4
:10EDF000ADF806300DF106013046FFF7EDFE056077
:10EE000080F80480DCE700BF1D65030854534854B4
:10EE10007F33E101F8B500F11C04026A0346204685
:10EE200032B984420DD0028A8A420AD84069F8BDBC
:10EE3000178AD2E902658F422ABF10462A46324617
:10EE4000EEE7986804331A4640B9934204D0138A17
:10EE50008B4201D8546954B90020E8E7068AD0E90A
:10EE600002548E422ABF024620462846ECE7137E13
:10EE7000DB0717D5164B1B78002BEDD1FAF794FA68
:10EE8000844209D8031B782BE6D8124A10684FF445
:10EE90007A7202FB1300CAE7241A782CDCD80D4BD7
:10EEA0001868C4E7FAF780FA0128D5D98442D3D884
:10EEB000094B001B9842CFD84FF47A7303FB00F242
:10EEC000B2FBF3F39842C7D1024B1868801AAEE741
:10EED000FC130020780300208051010070B590F8E9
:10EEE0003030CEB00446002B30D0254814F0CFF897
:10EEF000244812F041FF10B1224812F079FF06A811
:10EF00002049012214F0F1FA0C9800B31E4B029331
:10EF100002238DF80C306369102B28BF10230622C2
:10EF200002A906A88DF80D3007F0ADFAE368019349
:10EF3000261D1125019B9E420BD106A807F08DF8D6
:10EF400006A807F092F8002384F8303001204EB074
:10EF500070BD013D15F0FF05EFD01A8AADF8102005
:10EF60005A69CDF812201B7E8DF81630072204A9AD
:10EF700006A807F088FA01A8F5F7DAFADAE700BF81
:10EF8000396503081D650308545348542DE9F04FB3
:10EF9000DFF84C91026AD9F8003089B000F11C0802
:10EFA0000646ADF80E1001931FFA81FA444612BBD3
:10EFB000A04502D0228A52455AD906F118031820DA
:10EFC000029321F007F90022A0450746A0F810A0FF
:10EFD000426100F1100B17D1F16A19B1B56A298AA3
:10EFE000514523D35A4606F1180106A8FFF7A2FDA2
:10EFF000DDE9064567E0158AD2E9021055452ABFCA
:10F00000144602460A46D2E7218A8A4511D2756A19
:10F010000594AC425AD005A8F5F728FA0168098A88
:10F020005145DFD2059DEB68002B56D1A84510D184
:10F030004CE04DD9B56A0594AC42F7D005A8F5F778
:10F0400077FA0168098A5145CCD9E368002B38D199
:10F050002546388A2B8A98422CBF0020012043463F
:10F060002A4639461BF0ABFBF36A0133F3623C4698
:10F07000019B63610020FAF797F9012805461DD925
:10F08000184B0DF10E011C783046FFF7A5FDB4FAC0
:10F0900084F4726B056064090123047186F83030D2
:10F0A0002AB1D9F800309B1A0F4A934206D930464C
:10F0B000FFF714FF10B1D9F80030736309B0BDE851
:10F0C000F08F059C25461DB1002CAFD00120C6E76E
:10F0D000384621F087F82746C9E72546F6E700BFFE
:10F0E00078030020FC130020DF930400F0B50C46E9
:10F0F00005464FF49272B3B0002120F0DCFAA36F02
:10F10000C5F8E830E36FD4F8B820C5F8EC30B4F8AF
:10F11000AC30A5F81C31B4F8B030A5F8203102F0BD
:10F12000010385F8223194F8AE3026682E60C2F3D0
:10F13000400285F8232133B1012385F81E3194F86C
:10F14000AF3085F81F3194F86030E3B1636E01226F
:10F1500085F870200BB185F87420AB67A36E13B1EE
:10F16000012285F87C20C5F88030E36E13B10122BE
:10F1700085F88420C5F8883094F8743085F890308C
:10F18000236FC5F88C302379002B3BD001235A2202
:10F19000A11D68462B7120F02DFF24496A2217A873
:10F1A00020F028FF3346224A102117A821F0C2FB85
:10F1B00028220DF106011BA821F0CFFC05220DF13C
:10F1C0002E0125A821F0C9FC0EAF0098BDF804302F
:10F1D000CDF89900ADF89D300FCF29AE0FC697E856
:10F1E0000F0086E80F000D9B9DF833C028936A221C
:10F1F000BDF858308DF89FC017A9A81DADF8C430D0
:10F2000020F0F8FE94F880306BB10123843485F847
:10F21000F0300FCC05F1F4060FC60FCC0FC694E802
:10F22000030086E80300284633B0F0BDE03503084C
:10F23000B86103082DE9F04701F00F07DFF8689087
:10F2400021F00F0106461546441802F10F08A642A8
:10F2500014D13FB36B1E274414F8011B13F8012F80
:10F26000BC4282EA01021A70F6D10F4B186803689B
:10F270002A4629469B6ABDE8F04718476B1E711E57
:10F2800013F8012F11F8010F434582EA00021A70AA
:10F29000F6D1D9F8000003682A469B6A2946103641
:10F2A0009847D4E7BDE8F0872C1F002010B50C4626
:10F2B0001146084A86B0CDE901200020CDE90400BE
:10F2C0001A4601A8039409F081F800B1049806B029
:10F2D00010BD00BF533A01081346064A10B55268E4
:10F2E0005A600C46044AE92104F11000FFF7DEFFE2
:10F2F000E08110BD980B00204C3603082DE9F04F3B
:10F300000D46DFF80CA20023114680F859302A6818
:10F31000DAF804309A42A1B0044600F0EB806A2289
:10F3200005A820F067FE95F8FA300093002B00F056
:10F33000A9802846FAF774FA002840F0A3802846EE
:10F34000FAF7CAF9D5F8187181461FB93846FAF7A5
:10F350002BF80746626E04F1600846461346A3BBCD
:10F36000B0450DD0336999450AD37369BB4204D8BF
:10F37000FB1A4AF6BF00834202D8012384F85930B1
:10F38000C34662BBD84503D0DBF81020914574D248
:10F3900004F15C031820019320F01CFF0022D845E3
:10F3A00042610646C0F8109000F1100220D1236F90
:10F3B0001BB1E06E0369994530D803A804F15C01E4
:10F3C000FFF785FCDDE903B048E0D3F810C0D3E9CE
:10F3D0000201E14596BF1E460B460346BFE7106992
:10F3E000D2E90236814596BF934632461A46C8E7AF
:10F3F000DBF810000192814513D2A06ECDF808B061
:10F40000834530D002A8F5F731F80068019A006909
:10F410008145D2D90298C268002A76D1804512D19E
:10F4200021E06BD9E06ECDF808B08345F6D002A894
:10F43000F5F77EF80068019A00698145BDD2DBF8D6
:10F440000C2042B95846036932699A422CBF002306
:10F450000123009307E0DDF808B0584600284DD09E
:10F46000BBF1000FDAD043460246314600981BF04C
:10F47000A6F9236F01332367B346CBF814702046F7
:10F48000FFF70FFB9DF858209AF896309A423AD130
:10F490002846FAF721F91F4A0346102105A821F052
:10F4A00049FA1D4B28461E68FAF716F92B7A0146D1
:10F4B00005AA3046FBF768F8C8B16E683046FAF71F
:10F4C000D3FAA0B9DAF804309E4210D02946134886
:10F4D00012F0D9FA05AB0546E921114A1030FFF7C1
:10F4E000E5FE104BE88129461868FDF717FC204619
:10F4F000FFF7D7FA002021B0BDE8F08F304620F0AA
:10F5000071FE5E46B8E70120F5E75846ABE700BF5D
:10F51000980B0020B8610308940B0020C020002045
:10F52000081E03086815002038B508460C46154625
:10F53000FAF7D2F8074A03461021284621F0FAF9D3
:10F54000054A2B46E92104F11000FFF7AFFEE081E8
:10F5500038BD00BFB8610308081E030870B5044633
:10F5600008460E461546FAF75BF9E0B1D4F880106C
:10F570004B1E1E2B17D8C1F120034FF0FF344FF064
:10F580000042CA409C406968EB6823400C40134429
:10F590001444EB60044A6C602B46E92106F110002C
:10F5A000FFF784FEF08170BDF01D03081FB50C4607
:10F5B0001146064A0294CDE90020002203926846D3
:10F5C0001A4608F0F9FC04B010BD00BF3D3A01082E
:10F5D00030B54B89042BE9B005460C4619D18A8910
:10F5E000838A9A4215D14FF4D0720021684620F0E8
:10F5F00062F8AA69E1896B4604F11000FFF7D6FFB3
:10F6000048B16A462B6821469B6A2846984769B0EC
:10F6100030BD0022F6E70120F9E730B50D46E9B02C
:10F6200004464FF4D0720021684620F044F8A269E5
:10F63000E9896B4605F11000FFF7B8FF28B1236890
:10F640006A46DB6A29462046984769B030BD10B447
:10F650004C89042C05D18C89838A9C4201D110BC31
:10F66000DBE710BC704730B54B89042B95B00546DD
:10F670000C4618D18A89838A9A4214D150220021DB
:10F68000684620F018F8AA69E1896B4604F1100079
:10F69000FFF78CFF48B16A462B6821469B6A2846D3
:10F6A000984715B030BD0022F6E70120F9E730B5E4
:10F6B0004B89042B95B005460C4616D18A89838A5E
:10F6C0009A4212D15022002168461FF0F4FFAA6925
:10F6D000E1896B4604F11000FFF768FF28B12B6841
:10F6E0006A46DB6A21462846984715B030BD30B5DA
:10F6F0004B89042BABB005460C4618D18A89838A06
:10F700009A4214D1A822002168461FF0D4FFAA69AA
:10F71000E1896B4604F11000FFF748FF48B16A46E3
:10F720002B6821469B6A284698472BB030BD0022A3
:10F73000F6E70120F9E730B54B89042BABB005465D
:10F740000C4616D18A89838A9A4212D1A8220021B6
:10F7500068461FF0B0FFAA69E1896B4604F110000A
:10F76000FFF724FF28B12B686A46DB6A214628464A
:10F7700098472BB030BD30B54B89042BADB0054652
:10F780000C4618D18A89838A9A4214D1B02200216A
:10F7900068461FF090FFAA69E1896B4604F11000EA
:10F7A000FFF704FF48B16A462B6821469B6A28464A
:10F7B00098472DB030BD0022F6E70120F9E730B5BB
:10F7C0004B89042BADB005460C4616D18A89838A35
:10F7D0009A4212D1B022002168461FF06CFFAA693C
:10F7E000E1896B4604F11000FFF7E0FE28B12B68B9
:10F7F0006A46DB6A2146284698472DB030BD30B5B1
:10F800004B89042B9DB005460C4618D18A89838A02
:10F810009A4214D16A22002101A81FF04CFFAA6964
:10F82000E18901AB04F11000FFF7C0FE48B101AA65
:10F830002B6821469B6A284698471DB030BD0022A0
:10F84000F6E70120F9E730B54B89042B9DB005465A
:10F850000C4616D18A89838A9A4212D16A220021E3
:10F8600001A81FF028FFAA69E18901AB04F110008B
:10F87000FFF79CFE28B12B6801AADB6A21462846C7
:10F8800098471DB030BD30B54B89042B9FB005465D
:10F890000C4618D18A89838A9A4214D17422002195
:10F8A00001A81FF008FFAA69E18901AB04F110006B
:10F8B000FFF77CFE48B101AA2B6821469B6A2846C7
:10F8C00098471FB030BD0022F6E70120F9E730B5B8
:10F8D0004B89042B9FB005460C4616D18A89838A32
:10F8E0009A4212D17422002101A81FF0E4FEAA69F5
:10F8F000E18901AB04F11000FFF758FE28B12B6835
:10F9000001AADB6A2146284698471FB030BD30B5B2
:10F910004B89042B99B005460C4618D18A89838AF5
:10F920009A4214D16022002168461FF0C4FEAA69E1
:10F93000E1896B4604F11000FFF738FE48B16A46D2
:10F940002B6821469B6A2846984719B030BD002293
:10F95000F6E70120F9E730B54B89042B99B005464D
:10F960000C4616D18A89838A9A4212D160220021DC
:10F9700068461FF0A0FEAA69E1896B4604F11000F9
:10F98000FFF714FE28B12B686A46DB6A2146284639
:10F99000984719B030BD2DE9F84391F8009004461E
:10F9A0001546B9F1000F15D04E1C304616F0E0FB9D
:10F9B000013D80466B1C13D0274617F8013B7BB1F5
:10F9C00099450AD1A8450BD84246314638461FF022
:10F9D0007AFE10B92046BDE8F883013D3C46E9E7D0
:10F9E0000024F7E72DE9F84316460D46814616F048
:10F9F000BFFB06EB46088044044608F1020020F0F5
:10FA0000E9FB22464946074621F0A7F8DFF8309087
:10FA10003C442E4415F8013B20464A46042120F080
:10FA200089FFB54204F10304F4D107EB080005494E
:10FA300020F0D8FA3846BDE8F84320F0D3BB00BF29
:10FA400040650308D76E0308F8B5836B04460D467E
:10FA500043B1154A963312684FF47A71B2FBF1F252
:10FA60009A4210D904F12C0604F134071FF010FC5F
:10FA700006F8010FB742F9D10B4B4FF47A721B68AD
:10FA8000B3FBF2F3A363D4F82D30C5F89231D4F868
:10FA90003130C5F896310822A5F8902105F5C971D5
:10FAA0000248BDE8F8409DE778030020466503085A
:10FAB0000EB483B003AB53F8042B019303EB820223
:10FAC00053F8041B814205D09A42F9D1002003B0BB
:10FAD00003B070470120FAE72DE9F04FBFB016469A
:10FAE0000DF1840A0C46742231460746504620F038
:10FAF00081FA73681A93204694F85C311B93F9F7E6
:10FB00008FFED6F80CB0B56996F81C90D6F8208018
:10FB1000064630BB0026002D63D0207A10F058FF37
:10FB200090F84830012B5CD1554A5649D2F8CC3474
:10FB30000968002B40D1002947D192F8D11492F8DE
:10FB4000D33499424CD1002E73D1B9F1010F48D969
:10FB5000022000231CA9CDE91C561E9311F0C5FB01
:10FB60003FE01B98072300220221FFF7A1FF98B175
:10FB70002046F9F755FE06460028CBD0424B93F8B5
:10FB80006D306BB13E4BB8F1000F08BFA846C3F80B
:10FB90007054C3F87884002630463FB0BDE8F08F3B
:10FBA00024A96822684620F025FA38489AE80E0011
:10FBB000006811F0DFF9AEE735480068C01A354B30
:10FBC00098428CBF0023012311B191F8001239B97A
:10FBD00092F8D31492F8D124914201D1002BB2D0E3
:10FBE0003EBB2A4B20461E68F9F776FD014630469B
:10FBF000FAF7B6FB844690B1F5B11A9B4BEA0303C2
:10FC000053EA080318D1B9F1000F15D10567012394
:10FC10008CF860303046C6F80CC011F007FA207A34
:10FC200010F0D6FE90F83E301BB3036CC7F880305E
:10FC3000B1E7002603208CE7002320931A9B8DF860
:10FC40008090CDE91C3B269BDCF87080CDE91E3509
:10FC50000DF17009B9E80F000CF1640EAEE80F0069
:10FC6000D9F80030CEF80030002DD0D1CCF870801B
:10FC7000CDE790F84820012AD8D12023D6E700BF4D
:10FC80000C4C0020F813002080030020940B00206F
:10FC900078030020FF5B260510B5044611F05EFED8
:10FCA000A38A838110BD70B50E460546FFF7F4FFA9
:10FCB000AA6904463346E9211030FFF7F7FAE081DC
:10FCC000204670BDF8B5064628200C4620F082FA82
:10FCD0002346144A1449054620F0D4FE3046FFF767
:10FCE000DBFF0027044680F82171284616F040FA11
:10FCF000294682B2E08104F1100020F07BF90B4B21
:10FD00001B68B364384610F0D9FF034628B9024691
:10FD1000074821460068FDF77FFA2846BDE8F8400D
:10FD200020F060BA492900205865030878030020B4
:10FD300068150020A0F1180017F010B870B50E4635
:10FD40000546FFF7A9FFAA6904463346E9211030AA
:10FD5000FFF7ACFAE081204670BD2DE9F041154671
:10FD6000BCB004460E46FDF7F4FE2B88432B40F052
:10FD70003A813768002F40F036812B7A002B39D139
:10FD800094F834301BB101203CB0BDE8F08120462E
:10FD9000EF68FDF7DEFE94F83460002EF3D11FF01B
:10FDA00077FA4FEAE0780546C4E908083046F9F7E3
:10FDB000FBFA5022C4E90A078C491EA820F01AF960
:10FDC0001EA92046CDE91E58FFF7B8FF0125642380
:10FDD00080F8223101464760067280F84E5180F863
:10FDE000FA5083482B4600683246FDF715FA84F82E
:10FDF0003450C8E7012B40F0D8802B7E002BC2D0B6
:10FE000094F83430022BBED1D5E90402D4E90813AA
:10FE10009A4208BF8842B6D1EB69764EDFF8D881A6
:10FE200000931EA8754B1E930AF048FB3568D8F85E
:10FE300004301C22394603A8CDE901371FF03BFCF2
:10FE40002B68E16A1B6828469847054620B103796C
:10FE500013B1838F202B06D0002384F834301EA8E2
:10FE60000EF0F6FC8FE71EA80AF028FB04F120072D
:10FE7000042269461EA80AF050FE394608221EA830
:10FE80000AF04BFE04220DEB02011EA80AF045FE0B
:10FE9000042204F12C011EA80AF03FFEB8F89820B5
:10FEA00057491EA80AF039FEAA8F05F13E011EA887
:10FEB00004F135050AF031FE202229461EA80AF079
:10FEC0005EFE1EA80AF0FAFA394608221EA80AF0B9
:10FED00024FE202229461EA80AF01FFE04F1550721
:10FEE000202202A91EA80AF04AFE2022394602A8B2
:10FEF0001FF0B7FB0028B2D1009B236350223B497F
:10FF00000AA820F077F8D4E90823CDE90A232023B2
:10FF1000ADF830300DF1320355F8042B43F8042BC3
:10FF2000BD42F9D10AA92046FFF708FFDFF8C080DB
:10FF3000E36A43600127002264230146027280F8CD
:10FF40004E7180F8FA7080F82231D8F800003B46F4
:10FF5000FDF762F9032384F834302A48F9F7E4FA0C
:10FF60001E230546037304F1750227490D3020F066
:10FF700089FD0D23A5F89E31D4E90823C5E968233E
:10FF80003068E16A03681B689847282200F10C0179
:10FF900005F5D47020F0E1FDD8F8000085F8D071A7
:10FFA000036829465B68984759E7022B18D1D5E9C1
:10FFB0000402D4E908139A4208BF88427FF4E3AEF2
:10FFC0000C4BE16A186803681B689847D0F8B83092
:10FFD00043F00103C0F8B8302046FDF7A1FDD2E69A
:10FFE000032BF9D0CFE60020CEE600BF8036030811
:10FFF00068150020940B0020980B00207C29030832
:020000040801F1
:10000000320C0020E8160020716503082DE9F0414C
:100010006B4D6C4BADF5207D04462AA82A930AF05F
:100020004DFA6B6801932046FDF793FD94F8347008
:10003000002F40F0C180DFF89081D8F8001091F8CF
:100040004E31002B00F0BA80052384F834304FF491
:10005000B07248A81FF0CEFFBDF82E115B4A16AB58
:100060004CA8FFF7A3FADDE91623C4E90823CDE97C
:100070000223489BE3623846F9F796F9A062544898
:100080000FF008F82646013046F8300F2AA80AF08B
:1000900015FA3146042204F120062AA80AF03DFD93
:1000A000314608222AA80AF038FD042204F12C0166
:1000B0002AA80AF032FD04220DEB02012AA80AF058
:1000C0002CFDD8F800102AA8B1F82C2101F5977161
:1000D0000AF023FDB5F8982005F19A012AA804F149
:1000E00035050AF01AFD294620222AA80AF047FD04
:1000F0002AA80AF0E3F9314608222AA80AF00DFDE1
:10010000294620222AA80AF008FD04F155031946C1
:1001100020222AA81D460AF032FD2023ADF83230F5
:10012000ADF810702B4604F175060DAD18685968CE
:100130002A4603C20833B3421546F7D102A9204626
:10014000FFF7FCFD012380F84E3105462148F9F701
:10015000EBF91E230373216B4FF47A730646B1FB50
:10016000F3F20D3003FB12131B4920F08BFC0B2321
:10017000A6F89E31D4E90823C6E96823174BE16A43
:10018000186803681B689847282200F10C0106F5DF
:10019000D47020F0E2FC236BC6F8D031104B186805
:1001A000036831465B6898472AA80EF051FB284641
:1001B0000DF5207DBDE8F0810025F5E71D46F3E74C
:1001C000980B00207C2903086C2C0020D0360308F3
:1001D0003E420F00E8160020AC650308940B002097
:1001E00068150020F0B53B4B044618688BB0B0B1E1
:1001F0004389042B13D18389042B10D190F8FA3052
:100200006BB1F9F70DFB50B994F859303BB10123AC
:10021000E37284F85900002528460BB0F0BD2E4B40
:1002200000211868F4F772F810B90123E372F2E7BD
:100230002A4FD7F8D40448BB294D0026E67295F81A
:100240009630002B39D16B68264A1021684620F081
:1002500071FB694604A814F041F9049922481FF083
:10026000C1FE04A81BF0B6F8D7F8D40410B10421DD
:10027000FEF78CFE2046FFF70FFD1B4BA2690546DB
:10028000E9211030FFF712F8E881C5E70421FEF7F5
:10029000C1FD94F8583043B90028CDD0134B144A0F
:1002A0001B681B1A9342C7D8BFE70028C4D00F4B66
:1002B0001B684EF65F221B1AF4E7B5F89830002B46
:1002C000C1D02022314605F19A001FF0F4F9A5F8BB
:1002D0009860B8E76C2C0020D42000200C4C002043
:1002E000980B0020B8610308EA0B00207803002077
:1002F000BF2709002DE9F04FD0F88030D7B0054670
:1003000023B90024204657B0BDE8F08F10F02AFF33
:10031000DFF8C8A10021064674221CA8DAF878404C
:100320001FF0C9F96E4BD3F85C14D3F86434194349
:1003300034D16C4B96F874B01B681A93D6E91998AF
:10034000D6E91B7339AE742230461B931FF0B3F904
:10035000CDF8E890B9F10009CDF8F08018BF4FF062
:100360000109B8F100083E9718BF4FF00108003F9F
:100370001B9B3F9318BF012768223CA968468DF854
:1003800000B18DF8E4908DF8EC808DF8F4701FF0DA
:1003900031FE96E80E001A9810F0ECFD504ED6F89B
:1003A000C474D6F85C34D6F86414013753EA0102F9
:1003B000C6F8C474A5D0D5F880C00CF1FF321E2A4F
:1003C0000CD8CCF120004FF0FF3282404FF00040BB
:1003D00020FA0CF013400A40034411181F914FF00B
:1003E0000108002103201D93CDF8E0C08DF8708036
:1003F0008DF87880F8F7ECFF014600285ED00021E8
:100400000320F8F7E5FF22909AF86D30002B63D1B6
:1004100096F874348DF88C30E30717D514F0020F7A
:100420004FF0010315BFD6F86C24D6F884248DF85C
:1004300080308DF8983014BF21922792600741BF19
:10044000D6F88C34299301238DF8A03021070BD5E1
:10045000E20649BFD6F89434D6F890342B93D6F8F8
:1004600098344CBF2C932A93A30644BFD6F8B834D3
:100470003493200644BFD6F878342493610648BFED
:100480003797E20541BFD6F8AC34319301238DF89C
:10049000C030A30544BFD6F8A4342F93284644BFE8
:1004A00001238DF8B830FFF7F7FBAA6904461CABAF
:1004B000E9211030FEF7FAFEE08123E796F8D32415
:1004C00096F8D1349A4201D040469AE7064B1B7801
:1004D000022B98BF229097E701239BE7800300201F
:1004E0000C4C0020940B0020FC13002010B50E4B88
:1004F0001B79092B04460CD0D0F884204AB10B4B51
:100500001B689B1A0A4A934203D80123C372002036
:1005100010BD2046FFF7EEFE0028F8D0034B1B6805
:10052000C4F88430F4E700BF800300207803002083
:100530001FBF0200504B2DE9F041D3F8D834C76FEC
:10054000C367FF1A044618BF012700255FFA85F824
:10055000404610F03DFA90F83E30002B00F08680C7
:10056000036C002B00F08280444E96F86D302BB95E
:10057000434B1B6893F82130002B7BD0E26E2AB1ED
:10058000404B5968404B1868FBF718FD404610F087
:100590001FFA90F83E3013B1036CC4F88030204647
:1005A000FFF7A8FE0146002864D04FF0FF334360F8
:1005B0003379052B52D00A2B0CBF46230A2381F82E
:1005C0002231D1F8143181F8FA70E366B8F1000FE6
:1005D00001D081F808802D4F012338680022FCF7F4
:1005E0001BFE30790A2305220221FFF761FA002859
:1005F00040D096F89830002B3CD02548F8F794FF6F
:1006000014230546037300210220F8F7E1FE337935
:10061000A860022BB16E05F10D0022D00B2B4AF61B
:10062000C00318BF4FF461634FF47A72E1B102FB6B
:1006300001F3B3FBF2F2174920F024FA386803689B
:1006400029465B689847012384F84C3004F1200068
:1006500041F28831BDE8F041F3F7F8BE00274623A8
:10066000ADE74AF6C003DFE75343E2E70135082D63
:100670007FF46CAFBDE8F0810C4C002080030020BB
:10068000940B0020980B00203027002068150020D4
:10069000E8160020E16503082DE9F0413B4E96F88D
:1006A0003031D6F834710446002B6CD090F82D8090
:1006B000B8F1000F1ED01C201FF08CFD34490546F8
:1006C00013F07CF94223AB82324B2B6001220023D2
:1006D000AB616A7284F82D302F4AD6F83431C2F8F3
:1006E000DC54002B44D02D4B1B68236341F288302F
:1006F000BDE8F081002F46D0294B01211868F3F79F
:1007000005FE70B3244ED6F8DC04FFF7C5FA4FF0AF
:10071000FF334360D6F8E034224A80F8FA80013390
:1007200005464FF48071A0F8208106F2E440C6F837
:10073000E03420F0FFF806F2E44015F019FD06F26F
:10074000E4410246E88105F110001FF053FC164811
:100750004346006842462946FCF75EFD092011F039
:100760001BFB0E4B226B1B689B1A104A934205D34E
:1007700023689B692046BDE8F04118474FF47A731F
:1007800003FB07F0B4E723689B69F4E740270020E8
:100790001C660308403203080C4C0020780300203C
:1007A000D420002031660308681500200074B701CA
:1007B0000B4B70B51E780025ECB2A64201D8002084
:1007C00070BD204610F004F990F83E3033B1036C50
:1007D00023B12046BDE8704010F070BA0135EBE758
:1007E000002A002038B510F08BFA554C554D90B3C7
:1007F0002879D4F84011D4F84C31D4F84421022897
:1008000075D00B2856D031B1B1F5E16F38BF4FF438
:10081000E161C4F8401122B1B2F5E16F38BF4FF485
:10082000E162C4F84421D4F8542123B1B3F5E16F57
:1008300038BF4FF4E163C4F84C31D4F85C31002A7E
:100840006ED1C4F854214FF4E16213B1934238BF22
:100850001346C4F85C31FFF7ABFFC0B12A79AB6E29
:10086000022A69D00B2A4AF6C00218BF4FF461620F
:1008700013B1934238BF1346AB66D5F8883023B125
:10088000B3F5967F38BF4FF49673C5F888306B691F
:1008900023B1B3F5616F38BF4FF461636B61D4F876
:1008A000EC3123B1B3F5615F38BF4FF46153C4F845
:1008B000EC3138BD4AF6C00091B952BBD4F854218E
:1008C00023B14AF6C0018B4238BF0B46C4F84C3105
:1008D000D4F85C3152BBC4F854214AF6C002B4E7E4
:1008E00081422CBFC4F84011C4F84001E5E739B19A
:1008F0004AF6C00081422CBFC4F84011C4F8400140
:1009000022B14AF6C0018A4238BF0A46C4F84421DF
:10091000D4E782422CBFC4F84421C4F84401CDE797
:10092000B2F5E16F38BF4FF4E1628AE74AF6C001E1
:100930008A4238BF0A46CEE74AF6C00298E700BFAF
:1009400040270020800300202DE9F0470B88DFF8C6
:10095000D892013B99F8048099F8B8A1C8B006462E
:100960000C4617460A2B00F21E81DFE813F00B003D
:10097000F7001E016F0178019E014F0258021C0111
:100980001C01B102D9F80820CB6801259A4289F8E8
:1009900000500DD1D9F80C200B699A4208D10B7A7E
:1009A000434505D199F810500B7DED1A18BF01256C
:1009B0009E48602204F108011FF01CFB99F81030DA
:1009C000042B0AD199F80430022B06D10023984950
:1009D00089F810303046FDF76AFA237A434500F073
:1009E000BA80023B092B2AD8DFE803F005292976D3
:1009F00044699F618C3F0FF0B7FF8E4B0022C3F814
:100A00004421C3F84C21C3F85421C3F85C21C3F836
:100A1000EC21C3F8282299F80420022A22D00B2ABC
:100A20004AF6C00218BF4FF46162C3F840210523A3
:100A300089F81030804B40F20112A3F8BA204FF031
:100A4000150AD9F81430B3F5616F03D24FF461631E
:100A5000C9F814302A465146304648B0BDE8F04740
:100A6000FDF798B94AF6C002DFE7724B734AC3F844
:100A70004021DFE7704B40F20112A3F8BA2099F849
:100A80000430022B10D00B2B4AF6C00318BF4FF4D2
:100A90006163684AC2F84031012382F848314FF45B
:100AA0009673C2F84431CAE74AF6C003F1E700235F
:100AB00089F86C304FF49673C9F86830BFE75F4B24
:100AC000C9F81430002289F86C20C9F8683040F267
:100AD0000932C9F878200EE0574B40F20112A3F812
:100AE000BA2099F80430022B09D00B2B4AF6C00328
:100AF00018BF4FF461634F4AC2F840319FE74AF68E
:100B0000C003F8E74C4B40F20112A3F8BA200122CF
:100B100089F86C20B422494BC9F8682014200F22B0
:100B2000C9E92102C9F81430D1E70022022389F86B
:100B30006C20404A89F810306FF00043C2E950330E
:100B4000C9F81430C9F86830C2F8EC31C2F84C3139
:100B5000C2F85C3173E74FF0010A72E7012389F8AC
:100B6000643099F89030012B11D191F83030012B7D
:100B70000DD099F86D3053B94D7B45B9304B18689D
:100B8000F9F7CAF92A4611213046FDF703F908346E
:100B90000FCC2C4D0FC50FCC0FC594E8070085E88E
:100BA0000700FFF71FFE01253BE0012589F894505F
:100BB00099F8B42091F824309A421ED199F89820DF
:100BC0000B7A9A4219D1D9F8AC20CB699A4214D148
:100BD000D9F8B0200B6A9A420FD1D9F89C20CB6883
:100BE0009A420AD1D9F8A8208B699A4205D1D9F83E
:100BF000A4504B69ED1A18BF012504F1080CBCE89C
:100C00000F00114F0FC7BCE80F000FC79CE803008F
:100C100087E80300E368013B1C2B02D81E23C9F8B8
:100C20009C304FF0010A15E7800300208403002068
:100C30003866030840270020980B002080510100EF
:100C4000940B0020E8030020180400200123C42294
:100C50000831A34889F8C0301FF0CCF9A3E701237D
:100C600089F88831D9F88C11A26899F89C319142A1
:100C700009D1D9F898516269554015F0FF2502D184
:100C8000227E9A4208D0032B05D0237E032B04BF7B
:100C9000002389F8EC31012508340FCC914F0FC7A0
:100CA00094E8030087E80300BBE7DFF83CC2BCE838
:100CB0000F0010AD0FC5BCE80F000FC5BCE80F005A
:100CC0000FC59CE80F00083485E80F0099F8A9814A
:100CD0000FCC6D460FC50FCC0FC50FCC0FC594E8D8
:100CE0000F0085E80F00012389F8A4319DF8083032
:100CF000019A043B042B84BF05238DF80830D31FD1
:100D0000DBB2052B01D8FF2A01D90B230193774CC5
:100D10009DF8105023681B78AB4224D0744B00E040
:100D20001C331A780AB19542FAD15A69527B002ACB
:100D300031D0704A92F89620002A2CD19B696E4AD5
:100D4000A02120A81FF0F6FD20A8F9F75BFF10AD49
:100D50000FCD6C460FC40FCD0FC40FCD0FC495E857
:100D60000F0084E80F004FF0010A6846FAF744F9D3
:100D700018B9002F45D08DF801806C460FCC5A4D24
:100D80000FC50FCC0FC50FCC0FC594E80F0085E839
:100D90000F0000255EE66846FAF72EF90028D6D047
:100DA000BAF1000F1CD04DB389F8B851F9F716FF0E
:100DB00024685249E06815F03FF910B101238DF81D
:100DC0003C304F494F4803221EF07DFC28B9A369EF
:100DD0004B4A4D494B481FF055FE4FF0030AC4E7FC
:100DE000002DE1D0494B186820B10368484A1B69BF
:100DF0004849984701238DF81830D5E78DF81850E9
:100E0000D2E701216846F9F71FFFB6E7012389F809
:100E1000E831D1E90201404B83E80300C3E6354FD6
:100E20003C483A4DB02208311FF0E4F897F896306C
:100E300028686BB9BAF1000F0AD0B9F81C820368B0
:100E4000B8F1200F3AD0354A9B68A2F122019847A9
:100E5000B9F8FA2132493348A7F898201FF0CAF8A8
:100E60002A682E4B793203F1200153F8040B42F823
:100E7000040B8B42F9D199F8A63293B1B9F84032FC
:100E8000202B0ED0B9F86232202B0AD0B9F8843268
:100E9000202B06D00023244989F8A6323046FDF7DE
:100EA00006F899F8A82294F8B6309A427FF47BAEFF
:100EB00099F8A75294F8B5305D40B2E6174ADB685E
:100EC000A2F1220198470028C2D0A9F8FA81BFE711
:100ED0004FF0010A154D89F8AAA2083451E700BF66
:100EE000440400200C0500202805002008130020E1
:100EF000DC290308980B0020706603080000C84234
:100F000091660308E8270020956603082C1F00203F
:100F1000EA0B00207A0500206C0500209E050020C9
:100F20007C050020320C00209B6603082C06002064
:100F30002DE9F04F4B89042BADF6CC1D05460E462E
:100F4000144616D10846F8F76BFC0746307A0FF0C6
:100F50003FFD804620460EF0D5FCD6F800900028D4
:100F600040F0CA80B9F1000F09D1874B93F8A6323F
:100F7000ABB1002738460DF6CC1DBDE8F08F834994
:100F800008F12A001FF09EFD00287FD17E4B93F8C8
:100F9000A932002B73D02388012B40F0B580238821
:100FA00087F00107013BFFB2652B01F27281DFE898
:100FB00013F0DB027009FD0070095F017009040283
:100FC0004D067009700970092A05700970097009C9
:100FD0001A067009A704700970091D0170087009CC
:100FE0008508DA0825092B0970097009700970094C
:100FF000F80293048703A10370097009B206A107E0
:10100000AF07F3075A086508EF0470090506BE0725
:10101000D607E30770097009700970097009700933
:1010200070097009700970097009700970097009F8
:101030000F0614060B077009300970097009700952
:1010400070097009700970097009700970097009D8
:1010500070097009700970097009700970097009C8
:1010600070097009700970097009700982057009AA
:1010700070090A051D0577059F0570091805324698
:1010800021212846F8F77FFB286172E796F84E3158
:10109000002BF4D0DFF8F080B8F84022202A06D1E7
:1010A00008F2422106F597701EF0DBFA98B1B8F805
:1010B0006222202A05D1364906F597701EF0D1FA32
:1010C00048B1B8F88422202A1BD1324906F597701E
:1010D0001EF0C7FAA8B9304B1868036849461B6868
:1010E000984748B190F8B03033B998F804300C2BD9
:1010F00002D0012380F8B0303368002B7FF44BAF6F
:101100004DE732462521BCE70C2B06D8022B0ED921
:10111000033B9BB240F2952204E00E3B9BB21E2B98
:1011200005D81E4A22FA03F3D9073FF538AF204607
:101130000EF0E8FB00287FF432AF04F5C9781848B8
:101140000822414605F12D09FEF74CFC08224946CC
:101150001448FEF747FCAA6B134B02F596721B6806
:101160004FF47A71B3FBF1F39A420AD9B4F89021A3
:10117000082A06D1494640461EF073FA00283FF47B
:101180000EAF324624217CE780030020E16603088D
:10119000E405002006060020940B002025000040F6
:1011A000E7660308FE6603087803002096F8FA3025
:1011B000E3B14FF4D072002150A81EF07CFAB3497D
:1011C0006A2252A81EF016FF042350A92846ADF843
:1011D0004031FEF739FC50A92846FEF764FD96F829
:1011E0004E31286113B1012380F84E3100270DF1F3
:1011F000780900210DF5A078AA46C9F800104FF42F
:10120000D07240461EF057FACDE935485AF8204FC3
:10121000CDF8DC90544507D0A068036835A99B68D9
:101220009847002801F06A80D9F80030022B08D1D5
:1012300041462846FEF708FC41462846FEF733FDA6
:10124000286196F8FA3033B1296921B93246284627
:10125000F8F799FA286196F84E31002B3FF48AAEE0
:101260002B69002B3FF486AE012283F84E2181E6E4
:101270004FF4D072002150A8277A1EF01CFA96F87D
:10128000FA30002BB2D00A2F20D8DFE807F0060F83
:101290002132484F636D7377790001237C49ADF8A3
:1012A0004831602254A81EF0A5FE0FE0DFF8E4C12B
:1012B0000223ADF84831BCE80F0054AF0FC7BCE8BB
:1012C0000F000FC79CE8070087E8070006237CE7AC
:1012D000DFF8C4C10323ADF84831BCE80F0054AFB8
:1012E0000FC7BCE80F000FC79CE8030087E80300A6
:1012F000ECE76A490423C42254A8ADF848311EF033
:1013000079FE67490DF5B97014F0D8FE0028DDD1DB
:10131000644941220DF5B9701FF01FFCD6E7052383
:10132000DFF884C1ADF8483154AFDAE7DFF87CC1AB
:101330000623ADF84831BCE80F0054AF0FC7BCE836
:101340000F000FC7BCE80F000FC79CE80F0087E82D
:101350000F00BBE7564A92E803000723ADF8483177
:1013600054AB83E80300B1E708235249ADF8483194
:10137000B02297E70923ADF84831A7E70A23FAE737
:10138000DFF834C10B23ADF84831BCE80F0054AF8F
:101390000FC7BCE80F000FC79CE80F0087E80F00DD
:1013A00096F84E71002F91D1202239460DF5A97083
:1013B0001EF081F9ADF8507188E74FF4D07200212A
:1013C00050A8277A1EF077F996F8FA30002B3FF4F0
:1013D0000DAF0E2F3AD8DFE807F008111F2D3B4460
:1013E0004E7F8F95A29BAEB7BD0001233349ADF868
:1013F0004831D42253A81EF0FDFD27E00223DFF878
:10140000C0C0ADF8483153AFBCE80F000FC79CE82F
:10141000030087E8030019E00323DFF8A8C0ADF854
:10142000483153AFBCE80F000FC79CE8070087E8BE
:1014300007000BE00423DFF890C0ADF8483153AF4C
:10144000BCE80F000FC7DCF800303B600823BCE6A7
:1014500005231E4AADF8483153AB07CA83E807009D
:10146000F4E70623DFF868C0ADF8483153AFBCE8B5
:101470000F000FC7E4E7DFF85CC00723ADF8483181
:10148000BCE80F0053AF0FC7BEE700BFEA0B002058
:1014900084030020E80300201804002044040020F6
:1014A00015670308660400200C05002028050020AD
:1014B0006C0500207A0500202C060020442700201F
:1014C0001C280020382800205828002070280020E0
:1014D00080280020A82800200823ADF84831C24BFE
:1014E000D3F89501B3F8992193F89B315390ADF857
:1014F00050218DF85231A9E70923BC49ADF8483194
:10150000482277E70A23ADF84831B94A53ABA4E73C
:101510000C23DFF8E0C2ADF8483153AFA7E70B2347
:10152000ADF84831B04BD3F8F50193F8F931539049
:101530008DF850318AE70D23ADF84831AE4B0FCB13
:1015400053AF87E80F0081E70E23AC49ADF848316F
:1015500050224FE7DFF8A8C20F23ADF84831BCE8AE
:101560000F0053AF0FC75DE7A768013F072F03D9EF
:101570003246202100F0F1BD96F8FA30002B3FF4FE
:1015800035AE4FF4D072002150A81EF094F8F8B296
:101590000FF01EFA4C22014652A81EF02BFD02232A
:1015A00013E694F81880B8F1000F0DD004F1170776
:1015B00017F8010F0028DBD01FF05CFA0028F7D1E4
:1015C00094F840301BB910E094F84070CFB104F1AA
:1015D0003F0919F8010F0028CAD01FF04BFA07463F
:1015E0000028F6D1B8F1000F0BD004F118084146DD
:1015F000844814F063FD28220746414681481FF0C5
:10160000ACFA94F840305BB104F1400841467E48A2
:1016100014F054FD0522074341467B481FF09DFA14
:10162000DFF8E8817A4AD8F80430102108F1520036
:101630001FF080F994F84C3098F896209A4223D005
:1016400088F896300FF0F0F9C8B998F8BA2094F8F5
:10165000703093422AD133B194F8712098F8BB309E
:101660009A4240F04E8695F82C0080F001000EF072
:10167000A9F9012214212846FCF78CFBB6E565493F
:101680002846FCF714FCE0E798F8BA2094F870308C
:101690009A420BD132B198F8BB2094F871309A423B
:1016A00040F02F86002F3FF4A1ADDCE7002A40F088
:1016B000288688F8BA3094F8713088F8BB30D2E7C1
:1016C0002389062B06D03A4604F108012846FFF785
:1016D0003BF98BE594F820300D2BF4D14E4B186874
:1016E00000283FF445AF0368DB68984700283FF4C3
:1016F0003FAFE8E795F82C302BB90223208901226F
:101700001946FEF7D5F92389013B0C2B39D801A2E4
:1017100052F823F0711501084917010867170108ED
:1017200089170108A7170108BF1701081D1801082C
:10173000351801085118010869180108AB1801088B
:1017400093180108C1180108274F012387F8D830E2
:1017500004F10C0CDC37BCE80F000FC79CE8030059
:1017600087E803000DE0204F012387F8F43004F1EF
:101770000C0CBCE80F00F8370FC79CE8070087E89F
:1017800007000122022176E7174F012387F8143161
:1017900004F10C0C07F58C77BCE80F000FC7DCF8E0
:1017A00000303B60EDE7104B012283F82C2104F15F
:1017B0000C0207CA03F5987383E80700E1E70A4FB4
:1017C000012387F83C3104F10C0CBCE80F0007F54D
:1017D000A0770FC7BCE80F000FC7DCF800303B60F4
:1017E000FFF700F8CDE700BF40270020DE280020EB
:1017F000282900203C290020642900207529002088
:10180000C8290020FA0B0020220C0020980B002091
:10181000B86103081C670308D8210020A74F0123E3
:1018200087F8643104F10C0CBCE80F0007F5B477BD
:101830000FC790E7A14B012283F89421E068C3F819
:101840009501218AA27C83F89B21A3F8991198E73E
:101850009A48012380F89C31482204F10C0100F5DC
:10186000CF701EF0C7FB8CE7944B012283F8E62172
:1018700004F10C0207CA03F5F47787E80700D3F8F0
:10188000EC21B2F5615F3CBF45F26042C3F8EC2148
:10189000A6E78A4F012387F8FA3104F10C0CBCE863
:1018A0000F0007F5FE770FC776E7844B012283F818
:1018B000F421E068C3F8F501227C83F8F92160E7A0
:1018C0007E4F012387F8203204F10C030FCB07F57C
:1018D000097787E80F0054E7237A072B3FF648AED5
:1018E00004F108000FF082F80FF09EF818B1744967
:1018F0002846FCF7DCFA0FF081F900220821BAE64D
:10190000237A04F1080904F118084BB1E71D17F810
:10191000010F00283FF46AAC1FF0ACF80028F6D1A4
:10192000237E53B104F1170717F8010F00283FF485
:101930005DAC1FF09FF80028F6D128224946614887
:101940001FF00BF90522604841461FF006F95F4B76
:10195000012283F896205E4B83F8C421226983F824
:10196000C1216269C3F8C8214FF416725A6102227C
:101970001A740FF059F818B151492846FCF797FA34
:101980000FF03CF900200EF01DF801221D2172E637
:101990004FF4D072002150A81DF08DFE2D234D492B
:1019A000ADF840318C2252A81EF024FB50A92846E5
:1019B000FEF779F996F84E31286113B1012380F8CA
:1019C0004E31012713E4A268002AA1BF424B1B68D5
:1019D0004FF47A7101FB0233B8BF00233F4A136012
:1019E00004E43D4B1B6803F57A73F7E7A268002A0D
:1019F000A1BF394B1B684FF47A7101FB0233B8BFAA
:101A00000023374AEBE74FF4D072002150A81DF0B5
:101A100052FE3449122235A81FF09FF818233A933A
:101A2000314B1B788DF8EC3000238DF8ED30ADF89C
:101A3000EE30274B1A799B6F3D9349238DF8F83090
:101A40001E4B8DF8F02093F89E318DF8F9304FF051
:101A500001084FF457533F938DF8FA8035AF0FCFFD
:101A60000DF5A47CACE80F000FCFACE80F0097E8B1
:101A700007000D238CE8070050A92846ADF8403137
:101A8000FDF7E2FF50A92846FEF70DF996F84E3112
:101A90002861002B3FF4AAAB80F84E81FFF7A6BB6C
:101AA0000021124B1868F9F771FE0B4B1B6803F508
:101AB000DA53183392E70121F3E700BF40270020F3
:101AC0001C670308FA0B0020220C0020980B002052
:101AD000800300206401002078030020881E00207D
:101AE0007C030020286003083C270020940B002082
:101AF000AA4BAB4A1F6892F86D301279022A4FF058
:101B000001082DD143B3A7F81C80DFF898824FF06D
:101B100000097868D0E900239B1A9B1008FB03F3A7
:101B2000994538D3A04B002283F8202283F88A23DA
:101B300013F0EEFC13F00CFD9C4BD3F8E435002BB6
:101B4000B3D09B4A92F8E821002AAED0D3E91B21FA
:101B50008A42AAD01A67A8E73846F8F7DDF9D2E733
:101B600094F8089013B93846F8F7D6F9A7F81C800E
:101B7000B9F1000FC9D18F4B5F68D3F8088049468F
:101B8000BC37BC2250A81DF096FD50AA41463846ED
:101B9000F8F7AAFEC6E74946F8F74BFAB9F1000F85
:101BA00008D090F8B01029B9BC221DF084FD09F1CD
:101BB0000109AEE7BB8B0133BB83F8E70123009338
:101BC0007D4A7E4804F10803CC2110F0DFFCF8E6E2
:101BD000012385F82C30FFF709BB002385F82C3052
:101BE00001221F2147E54FF4D072002150A81DF0BB
:101BF00062FD6422002135A81DF05DFD704B714A25
:101C00001B689A1A534253414FF4E1324C9235A962
:101C10006422012752A88DF834318DF82C711EF002
:101C2000E9F9112350A92846ADF84031FDF70CFF22
:101C300050A92846FEF737F896F84E312861002B58
:101C40003FF4D4AA80F84E71FFF7D0BA002F3FF4CA
:101C5000CDAA2389082B7FF4C9AA237B002B3FF44C
:101C6000C5AAE389002B3FF4C1AADFF83CA1BAF86A
:101C7000EC341B9300224FF0180B1B9B9A42BFF6CB
:101C8000B5AA0BFB02A3D3F8F014002940D093F8B7
:101C9000F434002B3CD0002734E007EB071EA644A9
:101CA0000EF1100C0DF5A0780EF1200EDCF80000FE
:101CB000DCF80410C146A9E803000CF1080CF44557
:101CC000C846F3D19CF8001089F800101B998B428C
:101CD00016DA0BFB03A33168C3F8F0140DF5A07EF0
:101CE00003F2F543F446BCE80300596054A98C455F
:101CF0001860E64603F10803F4D19CF8001019704F
:101D00000137FFB2E189BB188F42DBB2C5DB1A464F
:101D10000132D2B2B1E7214B0027D3F80090A3687B
:101D20001B93BA46BB46B9F81C309F4217DB2149CA
:101D3000A3EB0A034F689BB2BC2202FB037700218E
:101D4000A9F81C3050A81DF0B6FC50AA07F1BC0140
:101D50003846F8F7C9FD13F0DBFBFFF747BAD9F8AF
:101D600004201D9210463946F8F763F91B9A036860
:101D70009A4280460FD01D9A0BF101035946104636
:101D80001C93F8F756F9BC2241461EF033F91C9B10
:101D90009B460137C7E70AF1010AFAE7940B0020D6
:101DA00080030020CF467D67980B00200C4C00205C
:101DB00040270020CC2400204C2203086D67030834
:101DC0006C15002090230020B54B742204F108010B
:101DD00050A8D3F800801EF00DF9DDF840A1404670
:101DE0005146F8F7BDFA074600283FF4FFA99DF8D1
:101DF0004431002B3FF4FAA9D0F8B89019F0010F44
:101E000011D09DF8B13173B9838FBDF88C219A42FE
:101E10007FF4ECA900F13E010DF5C7701DF021FC27
:101E200000287FF4E3A9C7F800A04FF0010A6A2256
:101E30000DF5A37187F804A035A81EF0DBF8282261
:101E400039A90DF17E001EF088FE052243A90DF18F
:101E5000A6001EF082FEDDF81101BDF815311E90BE
:101E60000DF58E7EADF87C30BEE80F000DF1B00CA4
:101E7000ACE80F009EE80F008CE80F00469B9DF831
:101E800017B12B935A22BDF83C318DF8ABB01EA987
:101E9000B81DADF8D0301EF0ADF89DF8B00178B1A6
:101EA00000214FF48073A7F8B03087F8801087F8CE
:101EB0006010B987202207F13E001DF0FCFB4AE7C5
:101EC000784B1B790C2B12D1F7F76EFAF8679DF857
:101ED000B1311BB149F00103C7F8B8304046C8F82A
:101EE0000C70F8F7DDF940460FF0A0F833E787F8FB
:101EF000B0A0ECE76A4BA168186803681B689847B4
:101F000000283FF473A9012380F8B03000220BE0D1
:101F1000634BA168186803681B68984700283FF462
:101F200065A9002280F8B0201021FFF7A4BB5C4B0C
:101F3000A168186803681B68984700283FF456A9F1
:101F40000027012380F8B13080F8807080F860703D
:101F50008787202239463E301DF0ADFBD6E7504B37
:101F6000A168186803681B68984700283FF43EA9D9
:101F7000002280F8B120D7E7494BA16818680368B0
:101F80001B68984700283FF431A9D0F8B83083F097
:101F90000203C0F8B830B9E7DFF804A1424ADAF822
:101FA0000000516803681B6898474FF0010980F8EA
:101FB0006090D4E90723E768616994F824C0CDE90B
:101FC0005071CDE952234FF00008CDF8508150AF49
:101FD0008DF850C100F1640C0FCFACE80F003B68E6
:101FE000CCF80030682204F1140168461EF002F8B3
:101FF00004F108030ECBDAF800000EF0BBFF294B0A
:1020000042461121284683F86D90FBF7C3FE274B0B
:102010001F6817B3DFF898A03B6887F814901B6817
:10202000CAE90088CAE90288C82138469847214B86
:102030001B68CAF8003097F8033287F803824B45D3
:102040000BD90FF0EFF9D7F8A400494611F0A4FD21
:10205000424649463846F3F7B9F8174B1868FEF779
:1020600069FAFFF7C3B80E4B1868F7F755FF0D4B29
:10207000002283F86D201121FFF7FDBAA26800232A
:1020800050A90320CDE9502352930FF02EF9FFF70A
:10209000ADB804F108000FF0ABFEFFF7A7B800BF22
:1020A000940B002080030020980B0020F8130020E0
:1020B000EC00002078030020900B0020924B94F855
:1020C00008801A68914B1B689A62B8F1000F7FF480
:1020D0004FAA40F68802414650A81DF0ECFA18239A
:1020E000414601205093F7F773F901278849519031
:1020F0004FF4387254A88DF848711DF07BFF854964
:102100008DF830744FF42E720DF234401DF072FFD2
:1021100081498DF8EC764FF41A720DF5DE601DF0F2
:1021200069FF7E498DF858796A220DF65A101DF024
:1021300061FF7B4950AA35A811F0C6F8794810F024
:10214000A6FF774A35997848009750AB10F01EFAF1
:1021500000283FF40DAA324641462846F7F713FB04
:102160002861FFF743B8277A002F7FF401AA6E4851
:102170000FF002FE00283FF4FBA950AB40F68802A6
:10218000394618461DF097FA654B009040F68802D4
:1021900065484FF418610EF015FF00283FF4E8A9D8
:1021A0004FF4387254A95A481DF024FF4FF42E7290
:1021B0000DF2344157481DF01DFF6A220DF65A11E9
:1021C00056481DF017FF54484FF41A720DF5DE61A2
:1021D0001DF010FF0F2013F053FA00283FF4C8A998
:1021E000324639462846F7F7CEFA474B28611B6836
:1021F00003F5742303F51073FFF7F0BB237A002B6C
:102200007EF4F4AF484846E711200FF0C5FDFEF715
:10221000EDBF464B94F80880D3F8E875002F3EF4E4
:10222000E5AFB8F1000F11D07B6D002B3EF4DEAFAF
:1022300007F1580840460EF085FD3822002140463F
:102240001DF039FA00237B65FEF7D0BF38224146E6
:1022500007F158001DF02FFAC7F854803448F7F7FB
:1022600063F9074600283EF4C1AF142303734146C7
:102270000220F7F7ADF82F49B86007F10D001DF007
:10228000B1FE2D4B1868036839465B689847FEF726
:10229000ADBFDFF8A8904FF4D072002150A81DF018
:1022A0000AFAD9F80030002B3EF4A0AFD3F8008032
:1022B0000027D9F800305B6843450BD1022F7EF42C
:1022C00095AF50A92846FDF7BFFB50A92846FDF75A
:1022D000EAFC45E758F8040B03682246D3F824A02B
:1022E000314650ABD047022804D0022F04D0012839
:1022F00018BF38460746DCE73846FBE72468FEF798
:1023000089BF0123FFF7D5B978030020940B002083
:102310008003002040270020002A0020EA0B002034
:10232000E8360308836703088C6703080C4C002019
:10233000E8160020A267030868150020682C00201A
:102340002DE9F047D0E901539D4207460E4606D0DD
:102350000FC985E80F0010357D60BDE8F087D0F823
:1023600000A06FF07843A5EB0A09B3EB291F4FEAF1
:10237000291402D1194818F036FC554514BF2246DD
:102380000122A41825D234B39C4228BF1C46200148
:102390001DF020FF804696E80F0008EB090C8CE842
:1023A0000F002946424650460FF0AAFE294600F18A
:1023B000100228460FF0A4FE0546BAF1000F02D025
:1023C00050461DF00FFF08EB0414C7E90085BC6000
:1023D000C3E71C46DBE7A046DDE700BF4C5B030814
:1023E00038B505460C4601F110006968814202D0FB
:1023F0002246F1F7FDFE6B68103B6B60204638BD4E
:102400002DE9F041DFF89C80274AD8F80460274B7B
:10241000C1E900661279D3F8EC31022A05460C4670
:1024200019D00B2A4AF6C00218BF4FF46162002B84
:1024300008BF1346A3600020F6F7B6FFD8F8048063
:102440002B6F0746EA6E934208D12D6FA0899D42FB
:1024500019D1BDE8F0814AF6C002E8E753F8082C2C
:1024600053F8040CBA1AB2EB400FA3F1100108D9CB
:1024700053F8103C984504D005F16C00FFF7B0FF0D
:1024800001460B46DEE7092809D81968B14206D093
:1024900004EB00125F68576101301161A0811033B5
:1024A000D4E700BF980B00208003002040270020C5
:1024B00070B5826F124EACB0044652B133689B1AAD
:1024C000104A934205D80123C372002528462CB038
:1024D00070BDB022002168461DF0EDF86946204627
:1024E000FFF78EFF2046FDF7D7FB6B460546A26936
:1024F000E9211030FCF7DAFE3368E881A367E5E7ED
:10250000780300201FBF02002DE9F0411546026D3F
:102510009DF81870044688461E462AB1164B596825
:10252000164B1868F9F74AFD236884F858709B69C0
:10253000204698470146E8B1114BC0F804801B794A
:10254000053B012B98BF0025002F0CBF0A23402319
:1025500080F8FA5080F8223106B10672D1F81431B1
:102560000848236500231A460068FAF755FE002341
:1025700084F85830BDE8F081980B00203027002007
:102580008003002068150020A0F1200014F08EBC0C
:102590002DE9F7438B684D8923F47F43B3F5A02FD2
:1025A0000C46164621D14868F7F75EFAE8B9052DC2
:1025B00040F09080514B1B7C023B012B00F28A8043
:1025C0004F4D2168286803681B689847C0B9286880
:1025D000616803681B68984770B128686168036880
:1025E0001B68984703799BB906E0052D72D1434BD0
:1025F0001B7C023B012B6DD8002003B0BDE8F083AB
:102600002868216803681B6898470379002BDED08F
:102610003C4B1868036832461B6B21469847656837
:102620002846F7F721FA18B9374B5B689D42E3D18A
:102630002368002BE0D0354B314ED3F80090DFF803
:10264000BC8004200FF0A8FB30682146F8F774F82E
:102650000C23009398F804000B2302220321FDF7BA
:1026600027FA6389042B05462BD1A389432B02D17A
:10267000D4F804312BBB3068216803681B68984785
:102680000379F3B9224F3B68DBB1D5B93368988B36
:1026900010F0CDFFA8B91F4B01211868F1F736FEE5
:1026A00078B1D8F8BC61204671B2F7F7A3FC0236C6
:1026B000B04206DC0095237A216838680122FFF7D2
:1026C00023FF214614480FF0DEF901464846FAF789
:1026D00025FB91E70C4B93F89630002B98D0084DD2
:1026E00021682868F7F798FC012885D06168286878
:1026F000F7F792FC01288BD17EE700BF8003002012
:10270000940B002030270020980B00206815002033
:10271000C0240020D4200020C020002082B02DE959
:10272000F04F8FB0834618A880E80C001E468E4BF1
:10273000D1E91D05D1F88010D3F884A04B1EBAF161
:10274000000FDBB208BF4FF0640A1E2B144610D8EE
:10275000C9B2C1F120024FF0FF3393404FF0004265
:10276000CA4018401D401C403340104415441444D6
:10277000D61813F0EFF876A3D3E9002313F054F939
:1027800080462846894613F0E5F871A3D3E9002373
:1027900013F04AF9CDE90001204613F0DBF86CA3F1
:1027A000D3E9002313F040F9044630460D4613F0F8
:1027B000D1F867A3D3E9002313F036F92246CDE917
:1027C00002012B464046494613F096FB40B1DDE935
:1027D0000223DDE9000113F08FFB002840F0B380F5
:1027E0005DA3D3E900234046494613F047FA5AA3B4
:1027F000D3E9002380468946DDE9000113F03EFA63
:1028000055A3D3E9002306460F462046294613F078
:1028100035FA51A3D3E90023CDE90401DDE9020132
:1028200013F02CFA04460D46DDE9040119F0AEFC64
:10283000CDE900014046494619F0A8FCCDE9020166
:102840003046394619F0A2FC02460B46204629467E
:10285000CDE90C2319F09AFCCDE906013046394642
:1028600019F0DCFCCDE908012046294619F0D6FC18
:10287000CDE90A014046494619F0D0FC8046894618
:10288000DDE9040119F0CAFCDDE90C2306460F4618
:10289000DDE9020113F0C8F8DDE9002313F0C4F804
:1028A000DDE9062313F0C0F8DDE9082304460D46F0
:1028B000DDE9020113F0B8F8DDE9002313F0B4F804
:1028C000DDE90A2313F0B0F802460B4620462946FC
:1028D00012F0F4FE324604460D463B464046494659
:1028E00013F0A2F802460B462046294612F0E6FEF7
:1028F00019F08CFB02460B4604460D4613F040FCD3
:1029000008B10024002516A3D3E900232046294658
:1029100013F08AF813F072FC20F00044CBF800406A
:10292000CBF804A0504613F06FFD214613F08EFB48
:10293000003818BF01208BF8080058460FB0BDE8DA
:10294000F04F02B070470020E6E700BFAFF3008011
:1029500048AFBC9AF2D77A3EF8C1631ADCA54C4066
:1029600000000000CC48584180030020014B18684B
:10297000FDF7E0BD900B0020F8E7A0F1200014F077
:10298000C3BA2DE9F04F802085B01DF023FCCD495E
:10299000CD4ECE4F054612F085FD05F13803C5E951
:1029A0000E3305F15401CA4B2F600024C5E91511FF
:1029B000D6F8EC1585F82D4007F12802C5E9123448
:1029C000C5E918534FF47A7840F201136A632A6517
:1029D000A5F86C3005F13400C5E91C44C5F8308019
:1029E0002C646D64EC65AC66AC67A5F87C4085F83A
:1029F0007E402831FBF7FEFEB64B196805F150000A
:102A00002831FBF7F7FE3C20C6F8F0551DF0E2FB3D
:102A1000B149054610F0D2FF0623AB8207F134031B
:102A2000AB6105F12003C5E90833A7F5AE632B6060
:102A3000AC83AC6285F82C40C5F82D40C5F8314018
:102A4000AC6390201DF0C6FBA449054610F0B6FF0C
:102A50004E23AB82A7F2044305F120092B60A7F5B2
:102A60007573AB6148469E49AC8312F01BFD07F1BC
:102A700054032B6007F1900338222B622146C5E9ED
:102A8000144485F84D4005F158004FF0010A1CF040
:102A900012FE85F808A04846EDF7C7FE7420C6F878
:102AA000E8551DF097FB8F49054610F087FF04237A
:102AB000AB82A7F5AC7305F120092B608A4B8B49DB
:102AC000AB614846AC8312F0EDFCA7F5DE732B60DA
:102AD000A7F5C0732B6205F16003C5E91943C5E989
:102AE0001B34C5E91444A5F8584085F8604085F8C2
:102AF00008A00EF057FA01464846F1F7A7FC7C4BB8
:102B00008C201D601DF066FB7A49054610F056FFCB
:102B10000323AB82A7F5FA732B6005F12009764BEE
:102B2000AB617649AC83484612F0BCFCA7F516733E
:102B30002B60A7F507732B62A7F51B7705F15403EC
:102B4000C5E915332F656E4B6E4FEC65C5E9193439
:102B5000D7F888302D66C5E91B44C5E91D44EC67EC
:102B6000C5F88440002B00F0258208FB03F3316890
:102B7000C5F88830012305F15000C5F880402B725C
:102B80002831FBF737FED6F8D40420B10321FCF737
:102B900041F900B128673B79052B07D00A2B05D0F6
:102BA0000EF000FA01464846F1F750FC3B79052B40
:102BB00001D00A2B06D197F898301BB1524B1868F8
:102BC000F7F7AAF9514BDFF848911D6024201DF05A
:102BD00001FB5049044610F0F1FE08234FF00008B5
:102BE000A38204F11803C4E90633C4F82080C4F8B2
:102BF0000090F0201DF0EEFA4749044610F0DEFE8A
:102C000004F118032046C4E906334FF0010B09F123
:102C10003003C822A4F814B0C4F82080414640F81C
:102C2000243B1CF048FD3D4BC4F8EC80A0201C6008
:102C30001DF0D0FA3A49044610F0C0FE09F16003D5
:102C4000236009F190034625A36104F12003C4E940
:102C500008333449A58204F12C00A4F81C80C4F880
:102C6000288012F01FFC09F1B003236009F1EC0386
:102C7000E36247F2305142F21073C4E91913E3667C
:102C8000294984F85980C4E9178804F170000CF0D0
:102C90000AFA254904F17C000CF005FAA582234DBF
:102CA000C4F8908095F8E63184F89480C4E92288CD
:102CB000C4F8988084F89C8084F808B0C6F8F4457D
:102CC00036E000BFE16703080C4C0020083703081A
:102CD00099320108A0230020F1670308F767030871
:102CE0000468030810680308081E0308196803082D
:102CF000C024002022680308F01D03082B68030885
:102D000021DA000880030020940B0020900B0020A3
:102D1000C0370308346803086D700308F8290020E1
:102D20003D680308486803081D6003084027002029
:102D3000002B5AD095F8E831002B56D03268039218
:102D40007C201DF047FAA149044610F037FEA9F592
:102D500057714723216004F1200AA9F5BA71A382B3
:102D6000A16150469A49A4F81C8012F09BFBA9F57A
:102D700070712160A9F56171216204F15401C4E907
:102D80001511A9F57571039A21659249C4F85C8003
:102D90004723C4E91918A382C4E91B88C4E91D8824
:102DA000246602F1280104F15000FBF723FD95F899
:102DB000E831002B00F005813B79D5F8EC2184F84F
:102DC00008B0022B00F0F8800B2B4AF6C00318BFA6
:102DD0004FF461634FF47A71002A00F0F0805143A0
:102DE0005046F1F733FBC6F8E44595F8FA31DFF8C1
:102DF000E881FBB195F8FC31E3B150201DF0EAF910
:102E00007649044610F0DAFD0A23A3827449C4F817
:102E1000008004F1180012F045FB08F5A073236050
:102E200008F5BA73A361012384F845300023A36435
:102E300084F84C30A0201DF0CDF9DFF8A8916A4944
:102E4000044610F0BBFD09F501734FF0000B236041
:102E500000220023C4E90823C4E90ABBC4F818907F
:102E6000A4F81CB0C4F830B084F834B0594620221D
:102E700004F135001CF01FFC5946202204F15500D6
:102E80001CF019FC2822594604F175001CF013FCB3
:102E90000C23A38280201DF09DF95449044612F0B2
:102EA00001FB524904F1300010F088FD4323A4F8DF
:102EB000443009F51573236009F52273236304F187
:102EC0005403C4E91533A9F53E73602223654EF619
:102ED0006023C4E91A23464BA4F84CB0C4E91C3B58
:102EE000C4F85CB0C4F878B0DFF808B13168DBF83A
:102EF0000030E36709F50D7ADFF8FC90C4F848A0CC
:102F0000283104F150002466C4F86490FBF772FC89
:102F10000EF048F801462046F1F798FA95F83C3152
:102F2000002B00F0C28095F84831002B6CD195F849
:102F30004931002B68D195F85031002B00F0808189
:102F400080201DF047F92D49044612F0ABFA04F138
:102F500030002A4910F032FD294A226002F1340182
:102F6000A2F26C622163226504F154016022C4E97B
:102F70001511A2663168C4F848A043230122A4F8C1
:102F8000443084F86C2000234EF6602204F1500097
:102F9000C4E91849C4E91D23A4F84C30E365E3678C
:102FA00023672831FBF726FC42F210712046F1F727
:102FB0004DFA7AE0134BDAE54AF6C0030AE75943C3
:102FC0000EE75046EDF731FC0DE700BF53680308EC
:102FD0006068030809DA0008683103086D680308AF
:102FE00077680308D03603088768030897680308E2
:102FF000A0BB0D0078030020EFD90008BC680308CF
:103000001C3A0308E093040080201DF0E3F8914986
:10301000044612F047FA22468F4B42F8303F082010
:1030200003921DF0D7F8039A4260D6F8F8250260A3
:103030008849C6F8F80504F1340010F0BFFC864B4F
:10304000C4F84CA003F10C01216003F14801216395
:1030500003F15401A3F2CC536163636504F1580199
:103060006823C4E9161143223168E3660123A4F8FA
:10307000482084F8703000224EF66023C4E91E32E6
:10308000A4F8502022666267283104F15400C4E994
:103090001949FBF7AFFB42F210712046F1F7D6F960
:1030A00095F83C31002B7FF446AF95F8D83053B3F8
:1030B00095F8DC303BB397F89C31032B23D04FF4C9
:1030C00033601DF087F86549044610F068FD6449D7
:1030D00004F52A6012F0E6F9624B23604033C4F82D
:1030E000A03A012384F8CD3A0021DBF80030C4F87F
:1030F000D03AC4F8D41A562204F6D8201CF0DBFAD1
:10310000032384F8843670201DF064F80446564981
:1031100010F054FC4FF00109C4F8008004F11808C5
:103120005249A4F81490404612F0BCF9504B236069
:1031300003F1340203F29C71A261A16404F14C0218
:103140004C49A465C4E913220022C4E91712C4E95A
:1031500019296265A4F86C2095F8F820002A75D02A
:10316000DFF814814548CDF80080A3F50373E7220A
:10317000E9210DF027FF484504D04149E7224046A8
:103180001DF0EBFCD5F80001606610B101210CF0D8
:103190003EF8002220461146FAF7FAFE95F808019B
:1031A0004FF00008C6F8F08048B101210CF02FF86C
:1031B000424601212046FAF7EBFEC6F8F48095F866
:1031C000090190B197F85D3003F0FD03012B0CD09D
:1031D00095F807714FB901210CF019F83A46022110
:1031E0002046FAF7D5FEC6F8F87095F82C3183B171
:1031F00095F830316BB134201CF0ECFF21490446C6
:1032000012F050F9204B2360012384F82D30002365
:10321000236320201CF0DEFF1C49044610F0CEFB87
:103220000523A3821A4BA361203323600123237259
:10323000A372184B0022A2831C6005B0BDE8F08F7A
:1032400095F85831002B3FF430AF79E64046EDF762
:10325000ECFACAE7A7680308903903086C09002054
:10326000CB680308883A0308D2680308ED680308AE
:103270005433030835E00008104C00203E64030876
:10328000026903086A690308043B030874690308B8
:10329000243B0308702C00204B6A012B03D0042B25
:1032A00024D0002070471B4B1B6893F8591093F8EB
:1032B0005020012903D093F85A1001290CD1012183
:1032C0008A4280F87D1003D193F85830632BE8D9F7
:1032D000022380F87D30E4E7012A03D193F85830C7
:1032E000052B01D90023F4E70323F2E70A4B1B68FF
:1032F0001B6D012B03D0022B07D0002BD1D180F8FE
:103300007E30064B1B680367CBE790F87E20022ACD
:10331000C7D0F4E7A0230020F85100207803002054
:10332000826930B404695510034604EB6200D20789
:1033300048BF62595B6930BC48BFD358184700206A
:1033400070476FF0004070476FF000407047024BCD
:1033500093F84901704700BF40270020A0F13400D6
:1033600013F0D8BE014B93F8580170474027002056
:10337000836810B5044643B90179064A02F8313032
:10338000012323734FF47A7010BD03681B689847BC
:10339000F6E700BFE821002000207047007B70475F
:1033A0008068003818BF01207047704770470020C0
:1033B0007047002070470020704700207047054A82
:1033C00090F859301179181E18BF0120994218BF82
:1033D00013717047D8520020203070471830704762
:1033E00000207047704707B503688DF807105B68C9
:1033F00001220DF10701984703B05DF804FB037D3E
:1034000053B983691A6A5869DB699B0302D59042F4
:1034100038BF1046801A70470020704703681A6A48
:10342000C36AD31A1944B1FBF2F302FB1311036B05
:103430008B4210B50AD94C09C06B01F01F0150F83E
:10344000243001228A40134340F82430002010BD6C
:103450000368013304D04068431C58425841704708
:103460000120704710B50B6804689C4209D0406881
:103470004968884205D08C4203D0181A18BF012031
:1034800010BD0020FCE770B50C4D0A44914200D1FC
:1034900070BD066811F8013B83EA060404F00F04CE
:1034A00055F8244084EA161484EA131303F00F033A
:1034B00055F8233083EA14130360E7E7B0460308A6
:1034C00082B00023054A0193019B934201DB02B0C5
:1034D0007047019B01330193F6E700BF80EE360091
:1034E000028BC08A101A7047C28A018B914288BF32
:1034F0000169034683BF885C0132DA824FF0FF30F6
:103500007047028BC38A9A4286BF0269D05C4FF033
:10351000FF307047037819B143F00403037070471C
:1035200003F0FB03FAE7836841600B44C360704714
:10353000037D13B1C068401A70476FF000407047B8
:10354000F0B5056802892B8A9A4267D22A684189B8
:103550008B0052F8211001F00307C1F30724012F5B
:103560008475C1F385061ED0022F28D0002F32D1DA
:10357000C1F30363C1F307470A0F4FF0010C428206
:103580004268A0F814C006825ABB8261026204F04D
:103590000E04082C05BFC2896B68002353F8223043
:1035A00043620120F0BD1A44C1F30B4C5268130F63
:1035B00046EA831697B20B0FC2F30B42DFE71A44B9
:1035C000D2E901374FEA114C190A46EA8111928972
:1035D0008EB25BB2D3E71A44D2E90137B2F810C019
:1035E000F2E73A44826104F0C00123B1D31A802982
:1035F000036209D10FE004F03006202EF7D13F2CF2
:1036000004D800F114030362C261C0E78029FAD133
:1036100000F1140303621368C361B8E70020C1E737
:103620000389016801330A8A9BB29A4210B503816B
:1036300003D80023C0E9023310BD0B68428953F858
:10364000221001240B0A01F0030104FA01F10A44DB
:103650004281828903F03001002908BF0132828152
:10366000C28903F00E03082B08BF0132C281E3E7D1
:1036700010B50446FFF7D4FFFFF762FF208900383A
:1036800018BF012010BDF8B5038A8B4204460D46D1
:1036900001D10120F8BD0668B28A8A4216D38B4256
:1036A00088BF338A078988BF03812046FFF7B8FFA8
:1036B0006289336853F8223085EA93039B0607D06A
:1036C0002389BB42F1D12046FFF73AFF0020E1E712
:1036D000FFF736FF238AAB42F2D1A37D03F00F033D
:1036E0000A2BEDD0D5E70B461146528A082A10B4B2
:1036F0000ED1CA6962B128B114681CB104322346E4
:1037000010BC184723B1146814B104321846F6E708
:10371000012010BC704730B5044685B0154672B321
:10372000A9B90268184B9A4211D0102D06D82A4622
:1037300069462046FFF7EFFF05B030BD102269460D
:103740002046FFF7E8FF0028F6D0103DEDE7A3681C
:10375000AB4207D2E3680D4A002B08BF1346E36073
:103760000020E9E723682A462046984710B9E36815
:10377000074AF1E7A368AB4203D20023A36001200C
:10378000DAE75B1BFAE700BF3D3A01087C690308F2
:103790008A690308836810B504463BB9C368094ABF
:1037A000002B08BF1346E360002010BD0368012210
:1037B000984710B9E368044AF2E7A368013BA360A5
:1037C000F3E700BF7C6903088A6903082DE9F34128
:1037D0000E460DF1070105461446FFF7DBFF0746CD
:1037E00058B9AB6823B10027384602B0BDE8F08174
:1037F000002CF8D001232370F5E79DF907309DF8E0
:103800000740002B32DA04F07F044FF007080DF177
:1038100007012846FFF7BEFF0028E4D0B8F11F0FCC
:103820009DF8073024D9B8F13E0F03F07F0207D886
:10383000C2B1002C0CDAFF2B0AD108F10708E6E729
:103840006AB1002C04DA012B02D1B8F13F0F0DD080
:10385000EB68114A002B08BF1346EB60C3E7B8F1D1
:103860003F0FF5D11B0608F10708D0D43460BBE741
:10387000B8F11C0F09D113F0700F03D003F07802D8
:10388000782AE5D144EA0374ECE703F07F0202FAF8
:1038900008F21443E6E700BF936903082DE9F341FA
:1038A000002607468846354634460DF1070138465E
:1038B000FFF770FF58B13F2C9DF8071010D1012978
:1038C00009D9FB68114A002B08BF1346FB60002092
:1038D00002B0BDE8F08145EAC175C8E90065F7E7C7
:1038E00001F07F02A4F12003C4F1200C02FA03F3DB
:1038F00022FA0CFC43EA0C03A2401D430B0646EAE5
:10390000020604F10704D0D4E7E700BF9369030877
:1039100037B515461A46002313700C460B702B6002
:1039200001A9FFF753FF28B1019BDA0803F0070351
:103930002A60237003B030BD13B50446052921D891
:10394000DFE801F0030F1620201E012201A9204606
:10395000FFF7E1FE18B19DF90430002BF5DB02B052
:1039600010BD08220021204602B0BDE81040D2E67A
:10397000002201A9FFF72AFF0028F0D0019AF1E701
:103980000422EFE7C368034A002B08BF1346C36055
:103990000020E4E7A369030873B500220D4601A9DE
:1039A0000446FFF713FF064660B194E80F0085E870
:1039B0000F0001998A4209D2E368074A002B08BF29
:1039C0001346E3600026304602B070BDA960A368CC
:1039D0005B1AA360F7E700BFB56903088A6838B5CA
:1039E00005460C462AB963686B60E368EB6001200A
:1039F00038BD00212046FFF78EFE0028F3D1F7E7FF
:103A000038B518461546049A8BB182B1094B0A4C59
:103A1000D3F8E03504EA832404F1FF6404F5F224CA
:103A20002C4404EBC1211CF0E5FA002038BD6FF0F6
:103A30001500FBE70070FF1F00FCFF03034608466C
:103A4000596810B58C185C6008B11CF0D3FA0120DD
:103A500010BD10B50346406884185C601CF0CAFABB
:103A6000012010BDA0F52A6013F07ABB10B5044602
:103A70000DF074FFB4F87230838110BD70B5044648
:103A80000E4615460021202208301BF014FEC4E922
:103A900000652046BDE8704052E538B50B680C461D
:103AA00099680B681B681B0A03F0C003802B05464E
:103AB00014BF6268221D0C34FFF7E0FF2C6238BD92
:103AC00000B5837D3F2B8BB0014649D813F0300001
:103AD0000ED0202802D10B6A188806E03028FAD0D0
:103AE000102808D10A6A32B11078B0FA80F0400983
:103AF0000BB05DF804FB0A68906870B903F00F0220
:103B0000052A0CD8CB694A8A1A44934201D1012074
:103B1000EEE713F8011B0029F7D00020E8E7062A9A
:103B200001D1CB69D8E7072A02D1CB691878DCE745
:103B30000B2A01D1488AD8E703F00E03082BD7D10E
:103B4000CA69496A6846FFF799FF0028DFD06846CE
:103B5000FFF7B6FF0028CBD06846FFF789FDF4E7F2
:103B600003F0C002802A01D1C069BEE7402AD4D147
:103B700003F00F030A2B02D1CB691868B5E703687D
:103B8000024AD8689042B0D1F6E700BFE736010894
:103B90008B7D03F00E03062B02D1002303607047D8
:103BA000082B03D14A8A00211BF085BD704730B530
:103BB0004B89042BC5B005460C4619D18A89838AE6
:103BC0009A4215D14FF48872002168461BF073FDAC
:103BD000AA69E1896B4604F11000FBF7E7FC48B1E4
:103BE0006A462B6821469B6A2846984745B030BDF7
:103BF0000022F6E70120F9E730B50D46C5B00446CE
:103C00004FF48872002168461BF055FDA269E989CE
:103C10006B4605F11000FBF7C9FC28B123686A4622
:103C2000DB6A29462046984745B030BD10B44C8920
:103C3000042C05D18C89838A9C4201D110BCDBE71E
:103C400010BC704730B54B89042B99B005460C4623
:103C500018D18A89838A9A4214D15C22002101A852
:103C60001BF029FDAA69E18901AB04F11000FBF703
:103C70009DFC48B101AA2B6821469B6A28469847BB
:103C800019B030BD0022F6E70120F9E730B54B89C5
:103C9000042B99B005460C4616D18A89838A9A422C
:103CA00012D15C22002101A81BF005FDAA69E1895F
:103CB00001AB04F11000FBF779FC28B12B6801AAD5
:103CC000DB6A21462846984719B030BD2DE9F04FF0
:103CD000DFF80C8298F8DC30BDB005460F461BB308
:103CE00098F8F060022E1FD00846F5F799FD0446BB
:103CF00080B198F8DD30BBB1D7F814316A699A42C7
:103D000012D06B6107F11002764B774918680BF0FF
:103D1000B4F909E0012E0BD8724BFA8918680368D0
:103D200007F110015B68984700203DB0BDE8F08FB7
:103D3000032E21D16D4B1C68236838461D68F5F7AA
:103D4000CBFC01462046A847A0B1037993B100F10E
:103D50003404644D66492868F1F767F965492868B5
:103D600007F1100322460BF088F961492868F1F742
:103D70005CF9D9E7604CECE7043E012ED4D87B898E
:103D8000042BD1D1BA89B5F872309A42CCD1014610
:103D900074221FA81BF08FFC1FAB584AF98907F14A
:103DA0001000FBF703FC514B0646002800F083800F
:103DB000D3F80090D9F800303846D3F800A0F5F7D2
:103DC0008BFC01464846D04798F8F070229A249B15
:103DD000209900F10C090AA810F098FB0B989DF8A7
:103DE00044300893052F14BF4FF04E0A4FF0500A8D
:103DF0000028B8BF4042CDF8249011F0ABFD9DF8EB
:103E00003DB09DF8347080465846894611F0A2FDB9
:103E10002FA3D3E9002311F007FE02460B464046CC
:103E2000494611F049FC2CA3D3E9002311F0FCFD15
:103E3000CDE906010A989DF83C3004930028B8BFEC
:103E40004042CDF814B011F085FD804638468946D1
:103E500011F080FD1EA3D3E9002311F0E5FD024619
:103E60000B464046494611F027FC1BA3D3E900232B
:103E700011F0DAFD05F11806C5F1FF25CDE90201C3
:103E80001F4A009753465A21304605F57F051CF01E
:103E900051FDE93532462346A918884207D8194A08
:103EA000C0F15A0130441CF045FD32462CE712F8AF
:103EB000011F4B40F0E71C68236838461D68F5F782
:103EC0000BFC01462046A8477368FFDEAFF3008075
:103ED00000000000D012634154E41071732AD93EEF
:103EE00040270020F0010020726A0308940B002094
:103EF000D66E03086E6A03086A6A0308F01D030899
:103F0000436A0308396A030810B5034B036004468B
:103F10000FF0FFFC204610BD3047030810B50446E3
:103F2000FFF7F2FF20461CF05DF9204610BD10B5EA
:103F300004461CF057F9204610BD10B504461CF08D
:103F400051F9204610BD10B504461CF04BF920462F
:103F500010BD10B504461CF045F9204610BD10B543
:103F600004461CF03FF9204610BD2DE9F041857D47
:103F700005F03007302F8AB0044604D1036A1A884E
:103F8000038A9A426ED105F00F030A2B05F0C00890
:103F900020D1E3691E689EB9B8F1800F62D105F0A7
:103FA0003E05262D4CD0202F02D1236A00221A80F4
:103FB000A36918681CF016F9A36900221A6051E081
:103FC00031466846FFF769FD10B16846FFF7CDFF3F
:103FD000B668E0E705F00E03082BDDD1B8F1400F1D
:103FE00040D0B8F1800FA36914D11B68E361202F82
:103FF00020D1226A1688002BD1D0002ECCD0E169C6
:10400000606A00F032F8E369628A013E1344E361BA
:10401000B6B2F2E7202FE36102D01BB30126ECE732
:10402000226A3F2D16881BD8A28ADBB1964228BF90
:104030001646E2E7002BF1D105F03E05262DB7D15B
:10404000A3691D68236A1E884FF0000805EB8606E9
:10405000B542A8D028681CF0C5F845F8048BF7E7EE
:10406000002BCAD10AB0BDE8F08100B50A468BB07A
:1040700059B101466846FFF701FD30B16846FFF7C8
:1040800074FF6846FFF7F4FAF7E70BB05DF804FB3E
:1040900010B54FF47A73036390F87D30012B04461A
:1040A00021D190F86C3083F0010384F86C303E49E4
:1040B00091F8EC31002B55D03C4B1A68236F03F577
:1040C000EA43303393424DD394F87C20002A49D1FF
:1040D00094F87E30002B49D0012B61D194F86D30DB
:1040E00083F001033FE0022B01D10023DDE7032B26
:1040F00090F87C1033D12D4AA36F106803F5EA4382
:10410000303383421ED221B9012384F87C301368F6
:10411000A367012384F86D3094F86C30126883F043
:10412000010384F86C30FA232363A36F03F5FA6369
:104130009342BCD2002384F87C30002384F86C3096
:1041400001230AE00029E4D194F86C30002BF4D16B
:10415000012384F86C3040F2E7332363A7E700299A
:10416000A5D1F1E7012384F86D300AE094F82D2001
:10417000A2B194F86D2082F0010284F86D2084F8D9
:104180002D3091F85C3013B1012384F86C3094F831
:104190006C1015200BF002F9206B10BD0123EEE727
:1041A00084F86D20EDE700BF800300207803002035
:1041B00007B5002115200BF0F1F800230C4A0093FD
:1041C000009B93420CDD012115200BF0E7F8002342
:1041D000074A0193019B934206DD03B05DF804FB9F
:1041E000009B01330093EBE7019B01330193F1E75F
:1041F0007F4F120007B5002115200BF0CFF80023E8
:104200000C4A0093009B93420CDB012115200BF01C
:10421000C5F80023084A0193019B934206DD03B0D1
:104220005DF804FB009B01330093EBE7019B013336
:104230000193F1E780EE36007F4F1200A0F13000CD
:1042400013F018BA70B54FF4887204468AB00D4660
:1042500000211BF030FA06232C22002104F1140067
:10426000A3801BF028FA0020F5F79EF8D5E91E235D
:104270004FF47A71B3FBF1F31D49206001FB023367
:10428000A3601C4B1E683046F0F710F8E060304623
:10429000F0F724F8B5F84C302384174B20611B68E5
:1042A0009B8B6384154B1B686BB1D3F8382262611A
:1042B000D3E98C120A44C4E90621D3F83C22B3F8AE
:1042C0004032A262238768461AF09AFF009B23635C
:1042D00068461AF095FF089B6363094B1B681BB186
:1042E000DA6E1B6F6262E36220460AB070BD00BFE7
:1042F00037894100D4200020940B0020D8210020D1
:1043000030270020A0F1340013F0C8B9A0F130002C
:1043100013F0DAB910B504460123A360937823752E
:104320000846A1610EF049F92046FFF721F8A06880
:10433000003818BF012010BD10B504460123A3604A
:10434000937823754FF6FF73A383074BA16108464B
:1043500023620EF032F92046FFF70AF8A068003811
:1043600018BF012010BD00BF400D0300A0F13000B8
:1043700013F0C0B9D0F8EC3070B5044604EB8302FA
:10438000D1F8140150621B4D32220133B3FBF2F01D
:1043900002FB1033C4F8EC304FF4B07205F509702D
:1043A0000E461BF027FE012385F82032124B93F8AE
:1043B000F83083B9114B1B796BB9114B1B683BB1BA
:1043C00093F85020012A03D193F85830092B02D9D1
:1043D00005200DF0E1FC54F8185FA54201D1002042
:1043E00070BDA868036831469B6898470028F6D1DD
:1043F0002D68F2E7980B0020402700208003002062
:10440000A023002010B5074C4FF4B07204F5637080
:104410001BF0F0FD0123052084F88A330DF0BCFC6D
:10442000002010BD980B002030B5194B1C68F1B06E
:1044300005466068F5F718FB58B194F8202194F808
:104440002A319A4205D20123EB720024204671B032
:1044500030BD21464FF4B07218A81BF0CBFD5C2292
:10446000002101A81BF027F90A4ABDF86E1001AB24
:104470001CA8FBF79BF82846FBF70EFCAA6904462C
:1044800001ABE9211030FAF711FFE081DEE700BF50
:104490006C2C0020503803082DE9F74F354F364C6F
:1044A0001E46D7F8E03504EA832404F1FF640C9B30
:1044B00004F5F224144404EBC1244FEAD308EDF7C9
:1044C0003EFA054658B9DFF8B49004EBC8084445F5
:1044D0000AD1EDF747FA284310F0FF0001D06FF042
:1044E000040003B0BDE8F08FD7F8E025224B03EAC3
:1044F000822303F1FF6202F5F222A24204D803F103
:104500000063013BA34204D2EDF72CFA6FF01500D3
:10451000E7E799F81032012B2AD001233268D6F848
:1045200004B089F8103200230192C9F814320EF059
:10453000ADFB0546B0B9DFF848A0019ADAF81430AF
:1045400043F00103CAF814302260BFF36F8FC4F840
:1045500004B00EF09BFBDAF8143023F0010305469B
:10456000CAF81430002389F8103208340836AEE750
:104570000225FAE70070FF1F00FCFF03D85200205D
:1045800000400058F8B5284BD3F8E025274B03EA44
:10459000822303EBC12404F1FF6203F1FF6102F502
:1045A000F22201F5F22191423BD803F10063013B75
:1045B000934236D31E4EEDF7C2F996F81032012B16
:1045C00004D1EDF7CFF96FF00400F8BD0025C6F86F
:1045D00014520EF05BFB0746D0B9164D6B69A4F57B
:1045E000E044E40A23F47E7343EAC40343F48033D3
:1045F00043F002036B610EF049FB6B690E4A1340F6
:104600006B612B682B68044628B186F81072D8E7D6
:1046100086F81052D5E786F81002EDF7A3F9204688
:10462000D3E76FF01500D0E70070FF1F00FCFF0319
:10463000D85200200040005805FCFFFFF7B50C469B
:1046400009684B1C054616460DD000688369009327
:10465000D4E901238768B84730B92B6836B9286890
:1046600021460EF0C1FE002003B0F0BD9B6901930E
:10467000A3680093D4E90023314628460EF034F9AC
:104680000028F1DBEBD16FF03300EDE72DE9F74FB8
:10469000DDE90C480E9E81460F4693469A4686BB3E
:1046A000304603B0BDE8F08FB4FBF2F302FB1343D6
:1046B0001BBB964221D3B6FBF2F502FB1565761BB8
:1046C0000096836822469C4651464346E0470028B0
:1046D000E7D1BBF1000F02D1B04434443AE0CDE958
:1046E000008623465246594648460EF0FDF80028FB
:1046F000D7DBF1D16FF03300D3E7E31AC7F800A09E
:104700007B603B68D9F8000053458269CCD17B6857
:10471000A342C9D89D18A542C6D92D1BE01AB5429F
:10472000BB6828BF35462A46184441461BF062FC48
:10473000D9F800309A692C44B4FBF2F302FB13431E
:1047400033B95A4639464846FFF778FF0028A8D1C2
:10475000A844751B2E46A2E70FB407B504AB4FF46F
:10476000807153F8042B084801931AF03DFF011E95
:1047700005DBFF290448A8BFFF21EFF793F803B03A
:104780005DF804EB04B0704700550020F8B505460D
:1047900090F824000F46164610B36B8C9818B0F5AD
:1047A000806F31D82B8C984217D9202838BF202011
:1047B00004460146E8691CF04DF968B1E8612C84B3
:1047C0006B8CE8693246184439461BF013FC6B8C3D
:1047D00033446B84304602E0FEE70028F0D1F8BD98
:1047E00092B2202AFBD883B29A4295F8BC3004D802
:1047F0003344DBB285F8BC30ECE703442B44395C2E
:1048000083F89C100130EEE70020E8E770B590F8DF
:10481000243004460E4663B990F8BC30034483F854
:104820009C1090F8BC300133DBB280F8BC30012022
:1048300070BD438C591CB1F5806F14DC238CC069AA
:10484000994208D9202938BF20210D461CF002F9D1
:1048500040B1E0612584638CE269D654638C0133F6
:104860006384E4E7FEE70020E2E770B504460D4606
:1048700008683AB9E3680E4A002B08BF1346E360A4
:10488000002070BD42EA0301B1F5803F05D3A3FBD0
:10489000026111B1E368074AEEE703FB02F11CF085
:1048A000D9F810B9E368044AE6E728600120E8E790
:1048B000866A0308936A0308A26A03082DE9F04395
:1048C000937D03F03003302B8FB005460E4614461F
:1048D00028D19446BCE80F0004AF0FC7BCE80F0016
:1048E0000FC79CE8030087E80300236A1988238A1E
:1048F000C1B1994216D004A8FEF7C5FE30B9EB68E5
:104900008E4A002B08BF1346EB6064E004A8FFF753
:104910002CFBA37D03F0C003802B01BFA269002301
:104920001360E361A27D02F0C001402900F02681FE
:10493000802977D041B902F03003202B38D006D837
:10494000002B2ED0102B28D0EB687D4AD9E7302BD6
:10495000FAD102F00E02082A238A206A5ED1028868
:104960009A425BD0628AE0691AF0A5FE616A8B68A0
:104970002BB9CB681BB94B681B68002B4ED0E26982
:1049800004A8FFF77BF8002848D004A800F064F9D9
:10499000002843D1EB686B4AB3E7236A0BB10122CD
:1049A0001A702246314628460FB0BDE8F04315E3A1
:1049B000276A608A3988A369022E01FB0033E3610C
:1049C00026D102F00F02052A22D804A92846FEF7B4
:1049D000E3FF064670B9002674E02246FF2104A8D2
:1049E00000F0FCFA90B13B8801333B80628AE369B6
:1049F0001344E361069B1BB13A88A38A9A42ECD325
:104A0000069B002B58D0EB684F4A7AE70646F7E73B
:104A10004B1C3B80A38A8B42F5D9C2E7236A228ACA
:104A20001A80BEE702F03003202B29D001D9302BA9
:104A30008AD102F00E02082A05D1A3691B6813B1BE
:104A40002046FFF792FAA37D03F03002302A02BF1E
:104A5000226A218A118003F00E03062BA16901D17D
:104A6000E1619EE7628A01232846FFF7FEFE0028E7
:104A7000B1D0A3691868E0612146FFF789F890E793
:104A8000D4F82080022EB8F800704FD102F00F0247
:104A9000052A4BD804A92846FEF77EFF06460028C3
:104AA00099D04FF6FF79069B33B1B8F8001049450D
:104AB0000CD1264BEB60002604A92846FEF78EFF9A
:104AC000002888D030460FB0BDE8F083013189B2AC
:104AD000B942628A10D9A9EB0701013BB3FBF2F39B
:104AE00001338B4234BFFF180137A1693B4604A84C
:104AF000FFF7BBFE0028DED0A169B8F800200868E7
:104B0000638A02FB0300E0610028D4D02146FFF74E
:104B10003FF82246FF2104A800F060FA0028CAD01E
:104B2000B8F800300133A8F80030BCE74FF6FF7347
:104B30009F420DD1EB68054AE3E600BFB16A030866
:104B4000E96A0308D26A0308C36A0308FC6A030817
:104B50000137628AA169BBB22846FFF786FE0028AA
:104B60003FF439AFA169B8F800300868628A03FBE6
:104B700002000133E061A8F800307DE72368DB68BC
:104B800033B9314628460FB0BDE8F043FEF7D4BE36
:104B9000022E1FD104A92846FEF7FEFE00283FF48E
:104BA0001AAF2368069EDB682246002104A89847B6
:104BB00030B9EB68002B7FF4A7AE079B224AA0E632
:104BC000069B0BB19E42ECD804A92846FEF706FFCF
:104BD000064677E7012E22D0052E29D086BB01AFED
:104BE00001360B2E02D1EB68184A8AE601223946BB
:104BF0002846FEF790FD00283FF4EDAE17F9013B83
:104C0000002BEDDB124B049301ABCDE90536236895
:104C10000021DB680791224604A89847D8E70822BC
:104C200001A92846FEF777FD08260028EAD1D2E63A
:104C300004220DEB02012846FEF76DFD0426F4E781
:104C4000EB68044A5DE600BF136B03089369030831
:104C50003D3A0108A369030870B590B004461022DC
:104C6000002102A81AF027FD002301938DF80330DC
:104C700023689B6843BB0025A37D03F00F020A2A2B
:104C800042D1E3691E68002E31D1019BABB1228A6B
:104C9000934212D19DF80310224602A8FFF70EFEA0
:104CA00010B30DF1020301AA0DF1030102A8FEF7F2
:104CB0002FFEC8B1236A03B11D702046FEF7D8FC51
:104CC0000028D9D1012010E02A4ACDE902234FF073
:104CD000FF33049301AA0DF102030DF1030102A8B1
:104CE000FEF716FE0028C6D1002010B070BD314678
:104CF00006A8FEF7D2FE28B1357306A8FFF7ACFF71
:104D00000028F1D0B668BEE73F2B29D803F0300267
:104D1000102A1AD1226A02B1157003F00E03082B73
:104D200018D1616A8B6823B9CB6813B94B681B68CB
:104D300083B1E26906A8FEF7A1FE0028A5D006A867
:104D4000FFF78AFF0028A0D1CEE79A06E5D5236AAF
:104D50001D809AE7628AE06900211AF0ACFC94E7B2
:104D600003F0C002802A90D1A2699B0615608CD501
:104D7000EDE700BF3D3A01082DE9F04F9BB0044636
:104D80001D4606A80023CDE90433ADF80A30FEF72E
:104D900075FE90BB00274FF6FF7AB946B846A36868
:104DA000002B38D14FF6FF739A4504D0BDF80A3076
:104DB000BB4240F0D780069B5B8AE3B1402B28BF03
:104DC0004023590904A8002295B2A94200F2F180BB
:104DD00003F01F02DB060ED01AAB03EB8101C2F118
:104DE0002003DBB24FF0FF3222FA03F351F8582CC4
:104DF0009A4240F0E58001201AE0002DCAD106A8B1
:104E0000FFF72AFF0028C5D1E3686F4A002B08BFCF
:104E10001346E3600BE002AB03AA0DF10901204643
:104E2000FEF776FD38B99DF80830002BBAD1002086
:104E30001BB0BDE8F08F039E16B9E368634AE5E74F
:104E4000314606A8FEF71FFC88B19DF82E3003F00E
:104E50000F020A2A72D1B8F1000F2BD10D9BD3F8A3
:104E60000090B9F1000F21D0BDF8288022E0B8F100
:104E7000000F1FD19DF82E3003F00F030A2BEDD049
:104E8000BDF8205006A8FEF7CBFB069BBDF82220FC
:104E90001B6853F82230C3F303230A2B24D1FEF7F7
:104EA0004FFB0028DAD1B9F1000F05D14FF000090E
:104EB0004FF0FF38464538D39DF80930D4F808B094
:104EC00001934D46A3686DB39B457FF468AF2B6893
:104ED0001B689C467BB1019B324629462046E04731
:104EE0000028A4D0AD68EDE7BDF82030AB42C9D1B1
:104EF000FEF726FBD7E7294610A8FEF7CEFD10B92E
:104F0000E368334A82E7BDF850309E42EAD1119BF4
:104F1000002BE7D0012301992B7310AA2046FFF73D
:104F2000CDFCDDE79B457FF43AAF9DF809102046A4
:104F3000FEF702FD00287FF432AF78E703F030037C
:104F4000202B22D10E9A0BAB9A4217D1BDF82030FC
:104F5000534510D04FF6FF72924506D0BDF80A2097
:104F6000BA4202D0E3681B4A50E70022BDF82C7019
:104F7000ADF80A209A460DF10A030E939DF8091028
:104F800006AA2046FFF79AFCD4E7002BF6D1BDF81D
:104F900024303F2BF2D859091AAA02EB810103F001
:104FA0001F020123934051F8582C134341F8583CF9
:104FB000E4E750F8045B013502F101023FF404AF6D
:104FC000E368054A22E700BFD26A0308236B03089F
:104FD0002C6B03083E6B03085F6B0308F0B5937DF1
:104FE00003F00F0385B0044615460B2B00F28E81AB
:104FF000DFE813F00C002600260026009800AA0027
:10500000BE00F200220122018C016E010139C9B2F9
:10501000FD2906D8E368974A002B08BF1346E360D2
:105020005FE000226946ED69FEF7D0FB064620B13D
:10503000009B003B18BF01232B70304605B0F0BD2C
:105040000139C9B2FD29E5D9022B69462ED1FEF7F7
:1050500025FC0646002844D06B8A082B05D1DDE9E3
:105060000001EB69C3E90001E7E7042B0CD1EA6911
:10507000009B1360DDE900010022914208BF9842C5
:10508000DBD0E3687C4AC7E7022B04D1009BEA69C6
:1050900013809BB2EEE7012B05D1009BEA691370E8
:1050A00003F0FF03E6E7E368744AB5E7032B15D185
:1050B000FEF7F4FBA8B1DDE900124B08C90743EA8B
:1050C000C2734FEA520201D5DB43D243698A0829F1
:1050D00010D1E969C1E900320126AEE7FEF7DEFB37
:1050E00008B90026A9E7DDE90032698A082918BF56
:1050F000DA17EBE7042908D1E969D8170B601946DC
:10510000904208BF9942BCD1E6E7022904D1E86980
:1051100019B20180C817F3E70129C4D1E86959B26F
:105120000170F7E7052902D0FF297FF473AF04224D
:1051300069462046ED69FEF7EEFA064600283FF480
:105140007CAF009B2B6078E7012902D0FF297FF418
:1051500061AF082269462046ED69FEF7DCFA064693
:1051600000283FF46AAFDDE90023C5E9002364E7C6
:1051700002297FF44FAF00226946FEF727FB002883
:10518000AFD0009EB6F5803F02D3E3683C4A43E7C8
:10519000AB7D03F0C003802B06F1020217D1A36898
:1051A0009E4202D9E368374A36E7E969012320467F
:1051B000FFF75BFB002894D0EB69196821F8026BBC
:1051C0003246204605B0BDE8F040FEF7A4BA6B8A2F
:1051D0009A42DAD8E969F1E702297FF41BAF00228D
:1051E0006946EF69FEF7F2FA00283FF47AAF009EB5
:1051F000731C02D1E368244A0EE7AB7D03F0C003C1
:10520000802B06F1010211D1A3689E42CAD8E96938
:1052100001232046FFF729FB00283FF462AFEB692A
:105220001F680023BB5532463946CAE76B8A9A424B
:10523000F7D9E368154AEFE602297FF4EBAE694639
:10524000FEF7AAFB00283FF44CAF6B6A13B9E36882
:105250000F4AE1E6AB7D03F00F03092B1AD0AB7DBB
:105260003F2B2FD90023EA69696A6846FFF784FD5E
:1052700006461FE0766B0308986B0308866B0308ED
:10528000AA6B03087C690308936A0308B96B0308D7
:10529000C96B03082A6A002AE1D052F8083C002BA7
:1052A000DDD0043A294668469847029B06460BB172
:1052B0000028D4D169462046FEF790FB00287FF4F1
:1052C000BCAE0EE703F03003203B18BF0123CAE752
:1052D00002297FF49FAE00226946FEF777FA064660
:1052E00000283FF4FEAE0099B1F5803FBFF44DAF0A
:1052F0006A8A19B9E8691AF0DEF99EE6914202D08D
:10530000E368044A88E60A46E9695AE7C368024A3C
:1053100082E600BFE26B0308E96A0308F7B5846D13
:10532000856ED4F8CC3006463BB3E28A238B9A4292
:1053300023D3A38A20699D4209D9202D2F4638BF47
:10534000202739461BF086FB80B12061A7822069A7
:105350002A4606F174011AF04DFE0023E382D4F8C8
:10536000CC302583019513B915F047FCFEE7D4F83E
:10537000D03001A904F1C400984703B0F0BD806D9E
:10538000D0F8DC3023B100234384D430EDF794BD52
:10539000704738B5057804462D2D08BF01342046E6
:1053A00019F029FF64235843224614F8013BA3F166
:1053B00030010929F8D92E2B0BD15378303B092B1A
:1053C00007D80A2101FB03009378303B092B98BFD3
:1053D000C0182D2D08BF404238BD38B5B5230B800D
:1053E0000378A3F13002092A04460D4601D92E2B79
:1053F00023D1204619F0FFFE2378A3F13002092AB9
:10540000214604F10104F7D92E2B16D16422B0FBFA
:10541000F2F302FB13002B800B4B0A24584311F8C4
:10542000012F303A092A09D900EB8000032301300B
:10543000B0FBF3F0002368602B7238BDB3FBF4F3CC
:1054400003FB0200EBE700BF80969800036910B5EC
:10545000044603B198472046BDE81040EEF7D4BF9C
:1054600003692DE9F041044603B19847104BD3F886
:10547000008004F1240504F1C4070026D4F8C830E4
:10548000B3420FDD55F8040F50B1036841465B6825
:105490009847002803DC286803689B689847013612
:1054A000AF42EBD12046BDE8F041EEF7ADBF00BF03
:1054B00078030020084B10B5036040330446C0F861
:1054C000A03A00F52A600EF0A9FF044B23602046A5
:1054D0000EF095FC204610BD883A0308400E0308E4
:1054E000A0F52A60E6E710B50446FFF7E3FF204683
:1054F0001AF078FE204610BDA0F52A60F3E710B53B
:10550000034B036004460EF0E3FB204610BD00BFD2
:105510003037030810B5074B044640F8503BFFF7FF
:10552000EEFF04F13400FFF7EAFF20460EF076FFAD
:10553000204610BD0837030810B50446FFF7EAFF00
:1055400020461AF04FFE204610BD10B50446FFF766
:10555000D6FF20461AF046FE204610BDF8B54FF49F
:10556000887204460D4600211AF0A5F80223002097
:10557000A380F3F719FF2346242243F8080B0021E8
:1055800018461AF098F8012384F820302372237605
:10559000237484F82830174B1F683846EEF79EFEB8
:1055A000154B60621E6896F85030012B20D196F89A
:1055B0005A30012B1CD096F85830E3603846EEF78D
:1055C00075FEE061706D10F0C5F90C4B002210F013
:1055D00055FB10F013FED5E91E234FF47A71B3FB8F
:1055E000F1F30749606101FB0233E3622046F8BD35
:1055F0006523E2E7D4200020A023002000408F4054
:105600003789410070B50E460546FAF745FBAA6991
:1056100004463346E9211030F9F748FEE081204680
:1056200070BDA0F1300012F0EDB810B5C4B0044662
:1056300001466846FEF706FE694604F13000FFF7B2
:10564000E1FF4FF0FF334360002380F8FA300A2374
:1056500080F82231034B0146186844B0BDE8104081
:10566000F7F75CBB68150020F8B5424B424F1D6848
:10567000C36FC567AB4282BF836F01338367044644
:105680003E4B38681E7910BB062E1CD10121062620
:105690003B4B1D6881F001012846EEF737FE78B3D9
:1056A0002846EEF748FE58B3082E29D0354B93F81C
:1056B00061312BB3002120460BF020FD3868002813
:1056C00053D1E06EF8BDB31E59425941E0E748F2AC
:1056D0000101F9F79FFB062E014628D0022E30D19A
:1056E000002840D0274B2D1AD3F8400101214AF65B
:1056F000C0024FF47A73002833D04343AB42C7D97A
:10570000214B1B68D3F8A830002BDAD101212046A9
:105710000BF0F4FC626F22B1E36F9B1A226F93428D
:10572000CFD32046FFF781FFE36F6367C9E7002807
:10573000ACD0144B2D1A0121D3F840014FF4616213
:10574000D7E70028A4D00F4B0B2EA5EB00054AF697
:10575000C002D3F840014FF0000118BF4FF461625E
:10576000C7E75343CAE7012192E748F20101F9F77D
:105770000DFCA6E778030020E05000208003002005
:10578000D42000204027002068150020A0F134001C
:1057900012F080B8A0F1300012F0C4B8094B10B577
:1057A00003603433044603635030F9F760F8204651
:1057B000054B40F8303FF8F709FB20460EF02EFE6F
:1057C000204610BD24390308E8470308A0F1300043
:1057D000E4E710B50446FFF7E1FF20461AF002FDAA
:1057E000204610BDA0F13000F3E70279034B13F817
:1057F0003200003818BF0120704700BFE8210020A8
:105800000B4B10B503F13C020360483304460263BE
:1058100043635430F9F717F82046064B40F8343FFD
:10582000F8F7D4FA20460EF0F9FD204610BD00BF6F
:105830009C390308E8470308A0F13400E0E710B5FD
:105840000446FFF7DDFF20461AF0CCFC204610BDD1
:10585000A0F13400F3E70A4B10B50360343304467B
:1058600003635030F8F7DCFF2046064B40F8303F2A
:10587000F8F7ACFA20460EF0D1FD204610BD00BF6F
:105880001C3A0308E8470308A0F13000E3E710B52D
:105890000446FFF7E0FF20461AF0A4FC204610BDA6
:1058A000A0F13000F3E7704770B50546084B036080
:1058B000044655F8180FA84204D12046F8F786FA96
:1058C000204670BD06681AF08DFC3046F3E700BF35
:1058D000F037030810B50446FFF7E6FF20461AF03C
:1058E00081FC204610BD70B50546084B0360044698
:1058F00055F8180FA84204D12046F8F767FA204659
:1059000070BD06681AF06EFC3046F3E7C037030836
:1059100010B50446FFF7E7FF20461AF063FC204667
:1059200010BDF8B50446084615460E4610F020FC9A
:1059300004F108032360002363602372696807464B
:105940000144204615F0CAFD3A463146204615F07E
:105950009BFE2946204615F0A7FE2046F8BD70475D
:105960002DE9F74FDDE90C470E9D834688469246A8
:1059700099460DB9002064E0DBF80000BAF1000F91
:105980001ED0DAF800304B451AD1DAF80410A142E3
:1059900016D886690E44A64212D9361BAE42DAF8F2
:1059A000083028BF2E46611A3846324619441AF08C
:1059B00021FBAD1B37443444DCD0DBF80000E0E7CA
:1059C000D8F8002043694A4517D1D8F80410A142FD
:1059D00013D8CE18A64210D9361BAE42D8F80830DC
:1059E00028BF2E46611A3246384619441AF002FB87
:1059F00037443444AE1B3546BBE74168B4FBF3F291
:105A000003FB12428C467AB9AB420DD8B5FBF3F6D4
:105A100003FB1656AD1B00953B4622464946E04720
:105A200078B92F442C44E6E7A21AC8F80090C8F8C9
:105A300004200093D8F8083049466646B04700284D
:105A40009AD003B0BDE8F08F2DE9F04786B0054647
:105A50000F46144600F11409D6184FF0010A0DF153
:105A60001708B44203D1002006B0BDE8F0870094C7
:105A7000CDE9018A3B46002249462846FFF770FFE0
:105A800001340028F0D10E9801224146FDF7FBFCBD
:105A9000E7E71FB5069C0092CDE9013400220B46D2
:105AA00000F11401FFF75CFF04B010BD2DE9F04FC9
:105AB0008BB01368049300265368059307460C4681
:105AC000B0460DF1100A06AD5AF826901023009347
:105AD00000222B4649463846FFF7DBFF70B110F134
:105AE000340F06D146B1B8F1000F0CBF6FF0330090
:105AF00000200BB0BDE8F08F0126E5E7B8F1000FFC
:105B000004D0E269069B9B1A002BEBDB079B23F07A
:105B1000004BBBF1130FE5D93A68D2699345E1D840
:105B20004FF0FF3203A8039229461022FDF7ABFC89
:105B30000090ABF11003102249463846FFF784FF6E
:105B40000028CCD1039B002BCCD10AAA86F00103FC
:105B500002EB830304F11C0C53F8183CA3601023E0
:105B6000E36095E80F00C4F804904FF001088CE85A
:105B70000F00B7E72DE9F043064695B00F464FF00A
:105B80000108336BD6E90D219A4261D1002900F05A
:105B9000C880F06A32680344106A526A8A4294BF2D
:105BA00032633163B3FBF0F4002100FB1433F36282
:105BB000F06B7163D20819F07EFD301DFDF748FCD3
:105BC0000028DED101230390049303993046FDF7AA
:105BD00025FC0446002860D104993046FDF71EFCE0
:105BE0000446002859D103AA09A93046FFF75EFFF1
:105BF0000446002851D14FF00C09119B0C9D23F055
:105C0000004305F10C02043B9A4250D9129B0393C6
:105C100003A8139B0493FDF71BFC0028D5D0F5685F
:105C200006F11409002DACD0EB69DA0369D4EB69F5
:105C30009B030BD501962B6A00936B6A05F12C022E
:105C4000494630460DF093FB044630BB2D68E9E72A
:105C50000139501CB1635409F16B706351F8244051
:105C600002F01F0008FA00F020428BD1F36A1344BF
:105C70003268126AB3FBF2F002FB10333B60356B03
:105C80000120736BAB424AD05A0903F01F0451F84C
:105C9000222000FA04F4144003D1204615B0BDE8D8
:105CA000F08301337363B36B013BB363E9E70A9994
:105CB000CDF8009006AB2A463046FFF7EAFE0446D0
:105CC0000028EAD19DF81B209DF81A109DF81900B4
:105CD0000DF095FB9DF8183003F070032844102B4D
:105CE0000C908AD1089B00932246079B019606F1EF
:105CF000140130460DF03BFB044600283FF47DAF15
:105D0000CBE701966B6900932B6905F12C0249469C
:105D100030460DF02CFB0446002888D0BDE7002457
:105D2000BBE76FF01B04B8E773B50C4604310646B9
:105D3000FFF720FF0546F0B904F108013046FFF7F0
:105D400019FF0546B8B9042300930246616804F1BF
:105D50001C033046FFF79DFE10B110F1340F0DD13A
:105D6000E3690133E36114224FF0FF33C4E90823F0
:105D7000A3621023E360284602B070BD0546FAE72F
:105D80002DE9F04F044689B00E4600F1140B07A927
:105D90002046FFF7EFFE054658B9DDF81C90206855
:105DA00049460DF030FB054600283BD010F1340F7A
:105DB000EDD0284609B0BDE8F08F0DF11B07CDE905
:105DC0000087CDF808A0736A059A59462046FFF768
:105DD000C7FD70B9CDE9017ACDF800804B465A462F
:105DE00004F120012046FEF751FC20B110F1340FE0
:105DF000CDD00546DDE708F10108B36A4345DCD89C
:105E00002368A16A9A69706B1AF0F4F8236AF36246
:105E1000636A2068336304F120010DF0E5FAC6F8E7
:105E20002490C6E706F12C03804605934FF0010A43
:105E3000E3E72DE9F74307460C46164601F124082F
:105E40004FF01009216AE26821F0004302F10C00D2
:105E5000043B984215D80C2300936168331D3846E3
:105E6000FFF717FE054688B9E768F279B1797079CE
:105E700037600DF0C4FAA36907440344E760A361E7
:105E800004E0002906DB32606FF00105284603B00C
:105E9000BDE8F083424621463846FFF707FE054637
:105EA0000028F3D1A369C4F80C901433A361C9E7A7
:105EB0002DE9F843054604300F4614461E46FDF70B
:105EC000C7FA10B10020BDE8F88301235062936245
:105ED00002F1240806F108094046FDF7B9FA002846
:105EE000F0D1424621462846FFF7E0FD0028EAD1DE
:105EF000324621462846FFF79CFF10B1831CEBD0A9
:105F0000E1E7337903F07003202BF1D1394648469D
:105F1000FDF7A8FA0028EBD10120D4E7CB695A039A
:105F20002DE9F04144BF23F48023CB61CB6944BF0A
:105F30004FF0FF32CA629B0390B005460C4652D523
:105F40000F6A2C22002102A805F1140619F0B3FBF8
:105F50002369069396E80700636907930123CDE957
:105F6000093710AB03E907004FF0FF38C5F814807C
:105F7000226A63699A4213D304F12C0832464146DF
:105F80002846FEF75BFB18B310F1340F05D121460C
:105F90002846FFF7F5FE0028F0D010B0BDE8F081EC
:105FA00001230DF1070202A9284600F09BF8002802
:105FB000F3DB01230DF107022146284600F038F9F2
:105FC0000028EADB6B690133D2D0CDF83480CDE70D
:105FD000636A2361236A6361E36923F4003343F452
:105FE0008033C4E907370020D7E770B592B0064682
:105FF0000C46FFF793FF054650BBE36903F41023FB
:10600000B3F5803F24D1221D1046FDF721FAF8B9DF
:1060100007A93046FFF74AFDE8B90C23E268089962
:106020000093304604ABCDE9045506950392FFF783
:1060300030FD80B92369059303AA6369069307A914
:1060400030460CF08CFA30B9E36923F48033E36115
:10605000284612B070BD0546FAE7037D23B90369EF
:10606000816903F10C00C0E7704770B5856904468B
:10607000A5B1037D0669ABB1F36906F11C021BB142
:106080009D4219680BD11160A0691AF0ABF8E06964
:106090000025A56108B11AF0A5F8E56170BD1A46A2
:1060A0000B46ECE7294606F10C00FFF79EFFB369AB
:1060B00006F118021BB19D42196810D11160AB693D
:1060C0000BB11B682BB9F3685B6B13B9686B1AF0E3
:1060D00089F8A0691AF086F80023A361DEE71A4662
:1060E0000B46E7E72DE9F04F1D46CB69904603F0DC
:1060F0000302022A87B007460C4654D09A0305D4FF
:10610000236A6669B34208D3002003E0FFF706FF65
:106110000028F5D007B0BDE8F08FF61AAE4228BFD0
:106120002E4604F12803B14604F12C0A059304F12C
:10613000240BB9F1000F01D13046EBE7E3695B03B3
:1061400004D53B68A26ADB699A4210D1059BCDE970
:1061500001B3236A0093D4E90423514638460CF076
:10616000B7F90028D6D1E36943F48023E3613A68A4
:10617000A36AD5690093ED1A4D4528BF4D46CDE978
:1061800001850022636A51463846FFF7E9FB002883
:10619000C0D1236A2B442362A36A2B44A362A84480
:1061A000A9EB0509C5E76FF00800B3E71346027DC8
:1061B00010B432B904690A46816904F10C0010BCBC
:1061C00090E7002010BC704707B501220DF10701D0
:1061D000FFF7ECFF0028CCBF9DF807004FF0FF3021
:1061E00003B05DF804FBF7B504460069237DE3B90D
:1061F000A1698DF807300DF1070201230C300F6AF9
:10620000FFF770FFA66900282069C8BF9DF80750F6
:10621000314600F10C00D8BF4FF0FF35FFF77EFE8E
:1062200000B93762284603B0F0BD4FF0FF35F9E7FB
:106230002DE9F04F8FB0CDE90623CB6903F00302BF
:10624000012A05460C4600F01B815E0315D4E66961
:1062500032051BD416F400361ED005F11403DDF808
:106260001CA0099304F12C08E369BAF1000F26D1B0
:1062700023F40023079AE36104E0FFF74FFE024690
:106280000028E4D010460FB0BDE8F08F6269216AA3
:10629000914238BF2262DDE7276A63699F42DCD9F9
:1062A0002362236A9F42D8D90DAA0123214628469A
:1062B0008DF83460FFF7BCFF021EF2DAE2E79B03C1
:1062C00024D52B68A26ADB699A4240F098802B683B
:1062D0001B6AAB6305F114030493D4E90832CDE9DA
:1062E0000B230DA92846FFF745FC024608BB0D9B72
:1062F0002868059319460DF086F8024618B312F186
:10630000340F16D14FF0FF332B62EAE7236A002BDC
:10631000DDD004F128020292013B04F12402019233
:106320000093D4E90423414628460CF0D1F80246F4
:1063300020B1E36943F40023E361A3E72868414601
:106340000DF052F8C3E70C9F2E680890002F4FD035
:10635000013F0CA930460C970CF0ECFF0C9FF36941
:10636000089A01379F420C9768D1461C96FAA6F608
:10637000B6FA86F606F1010B91460BAF4FEA890398
:1063800008930423CDE901734FEA89030093414642
:10639000DDE904232846FEF779F90B9B0246002825
:1063A000ADD14E4550D109F10109CB45E6D84FEAB0
:1063B0008B071DE00022CDE9016B0B9B0499CDF802
:1063C00000902846FFF7CCFA02460028B1D1DDE95B
:1063D0000423CDE9016BCDF8009041462846FEF735
:1063E00055F9024600288AD109F101094F45E1D843
:1063F000059BC4E90937E36943F40033E3612B6883
:10640000DE69A36AF61A564528BF5646069B0296D1
:106410000193A36A0093099A636A41462846FEF7EE
:1064200035F90246E8B110F1340F82D121462846F1
:10643000FFF7A6FC02460028E8D07AE791464FF025
:10644000010B0DF12B06D1E70421CDE9017108996B
:10645000009128460499FFF783FA02460028A2D04B
:1064600067E7236A33442362A36A3344A362069B2B
:10647000334406932B681B6AAB63AAEB060AF3E668
:106480006FF00802FEE61346027D10B54AB90469B2
:106490000A46816904F10C00FFF7CAFE20EAE070A9
:1064A00010BD0020FCE7F7B5044604300E46154643
:1064B000FCF7CEFF10B1002003B0F0BD0090012327
:1064C0006A46294620460193FFF7F0FA0028F3D1E7
:1064D00005F124073846FCF7BBFF0028EBD1314615
:1064E0003846FCF7BFFF38B13A4629462046FFF749
:1064F000DDFA0028EED0DFE70120DDE730B5044605
:1065000093B004300D46FCF7A3FF10B1002013B088
:1065100030BD0190012301AA07A920460293FFF78D
:10652000C5FA0028F3D110A8FCF792FF0028EDD19E
:1065300010AA07A92046FFF7B9FA0028E7D103AA55
:1065400007A92046FFF775FC10B1831CEBD0DEE7EE
:106550009DF91030002BF2DB0822294605A819F01E
:1065600080F80028EBD10120D1E72DE9F04F87B06A
:106570001F68049340F62203536043689360DFF87A
:1065800028918368039105461446D36049463846EE
:106590001AF00CFB07EB00088346494640461AF008
:1065A000CBFA0128064608EB000A05D117F80B3094
:1065B0002E2B0AD15746E9E7022806D102463B496D
:1065C000404619F04EF80028F4D057464FF0010B22
:1065D000494650461AF0EAFA8244494650461AF0B3
:1065E000ABFA024690B102280CD105902F495046D3
:1065F00019F037F8059A28B9BBF1010B04D10AF15B
:106600000207C3E70BF1010B9244E1E798F80000A1
:1066100000283DD0049BC3F800802379222B3FD172
:1066200004F1080A039952462846FFF73FFA78BB5F
:1066300005F1140B039922462846FFF7FAFB38BBF5
:10664000237903F07F03112B01D0222BF2D1E379C0
:10665000B342EFD12368627904331344A279CDE9C0
:1066600000861344039A5946526828460CF03CF9B8
:1066700000280DDBDED094F90430002B86DA514679
:106680002846FFF73BFF002805D001DB6FF0010033
:1066900007B0BDE8F08F237903F07F03237175E71E
:1066A0006FF01300F4E700BF9C630308046C030859
:1066B00070B594B01546039103AB05AA09A9064627
:1066C000FFF753FF0446C0B901464FF484722846D1
:1066D00018F0F1FF9DF818302B70112B04BF089BA8
:1066E0006B60311D07A8FCF7BDFE05F108030446E9
:1066F00030B90C49184619F075FC204614B070BD2D
:10670000059A9DF819109DF81B00009004320A4468
:106710009DF81A1030460A440A99FFF7BAF9044660
:10672000EBE700BF9C630308F0B5012680F84060EA
:10673000A7B004460430FCF78BFE0546002878D14C
:1067400001462C2205A818F0B6FF4FF0004328227E
:10675000294610A80D9318F0AEFF1A9623681B6AFD
:106760009D4202D36FF0330020E019A8FCF770FEC1
:1067700000285ED119AA10A92046FFF797F9A8B9F9
:106780000D9B002B34DB01AB1BAA0EA92046FFF7A3
:106790008FFB00280ADB0BD1199B0E931A9B0F93DA
:1067A00000231A4605A9204600F0E8F827B0F0BDFE
:1067B000039A0E99049B0F988A4201D1984217D0F0
:1067C000904201D1994213D00E92E8E79DF97030C2
:1067D000002B0DDA1DA92046FFF790FE0028E5DB0F
:1067E0001BD01BAA10A9204600F000FA0028DDD11A
:1067F0001BAA10A92046FFF71CFB0028E6D0831C2B
:10680000D4D110AF0FCF05AE0FC60FCF0FC697E88C
:106810000700013586E80700A0E79DF870301BAA45
:1068200003F07F0310A920468DF870300BF097FE1F
:10683000DCE70020BAE72DE9F04F0546B2F1000889
:1068400093B04FF03800894640F2031708BF012784
:1068500019F0C0FC0446A86118B32E69CDF8089061
:1068600007F00309B9F1010F06F10C0A0BD102ABD5
:1068700003AA07A95046FFF778FEB0B99DF810307B
:10688000222B37D108E096F84C30002BEFD1504640
:10689000FFF74AFF0028EAD0A86919F0A3FC0023FB
:1068A000AB61002013B0BDE8F08F0230F4D1DDF809
:1068B00008B02F2158461AF032F90028ECD1FA0519
:1068C000EAD540F611028DF8120001905846ADF855
:1068D00010200FF04DFC019B8DF813004FF0FF329C
:1068E0000592069303AA5B4607A950460BF022FDCA
:1068F0000028D1D10023089A6260C4E90773099A7D
:10690000F768A361A2604FF0FF33039AE260E3628D
:10691000059A7B6B2261069A6261DBB9B9F1010FBE
:1069200025D1786919F056FC60630028B4D0B369AA
:106930002360B8F1010FB46108D1AC692869214620
:106940000C30FFF7EBFA08B96369236200232B755B
:106950000120A7E7B269002A9ED1B9F1010F636354
:10696000E5D004F12C0138460CF03EFDDFE7B869B4
:1069700019F030FC60630028F3D18DE72DE9F04F6A
:106980009DB00D460893CB6904920133CB610B1D7A
:106990000646069308984B6889680593C5E9011374
:1069A00002EB001413469C4212D1059B0C9300236A
:1069B0000B910793696830680CF025FD044678B1A7
:1069C00014F1340F00F0898020461DB0BDE8F08F2F
:1069D000D8682A6A02445868121A2A621033E2E719
:1069E00005F11C084FF0FF33102241460DA8102777
:1069F0000D93FCF748FDCDE90187009406F12009CD
:106A000022466B6849463046FDF740FE04460028A2
:106A1000D6D18246B84626E0089B9A456CDA049A9D
:106A20004FEA0A1302EB0A1BD358434564D1DBE952
:106A300002420DA821460992FCF725FD099A00970C
:106A4000CDE9014249466B6800223046FDF71EFE43
:106A500004460028B4D1DBF804309844DBF80C304D
:106A60000AF1010A1F442B6A23F00043043BBB4296
:106A7000D2D80DF13408CDE90078042302936B6875
:106A8000002249463046FDF701FE0446002897D112
:106A90004FF0FF370246776149463046FDF7CEFD9D
:106AA000044600288CD130680369984704460028C2
:106AB00086D12B6A0A970AAA009223F00043024665
:106AC0006968043B3046FEF7BFFF044600287FF4A8
:106AD0007BAF0A9A0D9B9A423ED04FF0FF33336250
:106AE0000127002311A90BA8CDE91137FCF7BAFC47
:106AF00040BB6FF0330467E74FF0010B0599CDF809
:106B000000B011AB42463046FEF7C3FF04460028F2
:106B10007FF45AAF5A4611A90DA8FCF7B4FC11AB8B
:106B2000CDE90073CDF808B022466B68494630467F
:106B3000FDF7ACFD044600287FF442AF08F10108E0
:106B4000013790E706993046FFF714F8044600280D
:106B50007FF43AAF07972DE7079B23B3434611AA6B
:106B60000BA93046FFF7A4F90028FFF62EAF29D075
:106B70006B680F934246AB68109311A930460BF037
:106B8000EEFC00287FF421AF311D0BA8FCF76AFC56
:106B900018B96B687360AB68B3603046FFF7C4FD2B
:106BA00000287FF412AF3469002C3FF40DAF069932
:106BB000201DFCF757FC18B96B686360AB68A360D5
:106BC0002468F1E711AA0BA93046FFF76CFC0028F6
:106BD000FFF6FBAEE7D06B681A93AB681B930023FC
:106BE0001A4611A93046FFF7C9FED9E72DE9F04F43
:106BF00014460D46D279A1798DB0804660790CF0AB
:106C0000FEFB2B6A143023F0004383421DD101AAFE
:106C1000291D4046FFF747FC061E12DB099A002A91
:106C200013DA2B6A63F00043134009936B6A0A93EB
:106C3000AB6A0B9300231A4601A94046FFF79EFE5C
:106C4000064630460DB0BDE8F08F2368E279A179A1
:106C5000607901930CF0D3FB0023CDE9033302905C
:106C6000012301AA29464046FFF788FE0646002870
:106C7000E7D1D8F80C7005F1040B4FF0FF3AD7B903
:106C8000D8F8107005F10408002FDAD04146381DFD
:106C9000FCF7E8FB68B9FD6823689D4209D9E279F1
:106CA000A17960790CF0ABFBBB692D1A1B1AFD6052
:106CB000BB613F68E8E75946381DFCF7D3FB30B9A4
:106CC000D7F80C902368994503D1C7E901AA3F681A
:106CD000D5E7FCD9E279A17960790CF090FBA9EBBA
:106CE0000000F860F3E7FEE7004870470056002018
:106CF00080B582B000AF78602948FDF72DFD7B6834
:106D00001B6819462748FDF727FD7B685B68194615
:106D10002548FDF721FD7B689B6819462348FDF750
:106D20001BFD7B68DB6819462148FDF715FD7B6874
:106D30001B6919461F48FDF70FFD7B685B69194603
:106D40001D48FDF709FD7B689B6919461B48FDF747
:106D500003FD7B68DB6919461948FDF7FDFC194BFB
:106D60001B6803F00103002B14BF01230023DBB2D7
:106D7000002B00D001BEFDF71BFAFDF719FAFDF755
:106D800017FAFDF737FAFDF735FAFDF733FAFDF795
:106D90000FFAFDF70DFAFDF70BFAFCF791FBEAE7A6
:106DA000B46C0308C46C0308D06C0308DC6C0308E3
:106DB000E86C0308F46C0308006D03080C6D03080D
:106DC000286D0308F0ED00E010B5074B044640F8CD
:106DD000243B14F0FFFA2046044B40F81C3B13F010
:106DE00087FC204610BD00BF30770308A477030856
:106DF00010B50446FFF7E8FF204619F0F3F92046E6
:106E000010BD2DE9F041144681B9174DDFF85C80C3
:106E10002F6847F22F5640460AF0DAFF30B164205F
:106E200008F034FB2B68DB1BB342F4D9104DD5F8C6
:106E30002C030368DB6B98470E480AF0C9FF14B9AE
:106E40001F200EF01DFC0C4B186808B1F8F746F82F
:106E50001520012108F0A2FAD5F82C030368BDE83B
:106E6000F041DB6B184700BF78030020202700208B
:106E7000D852002000140020E050002090F82C3060
:106E80002DE9F041674D0446B3B1002380F82C3062
:106E9000654BD5F844211B79022B1AD00B2B4AF6EF
:106EA000C00318BF4FF461634FF47A70A2B150432E
:106EB00000220121FFF7A5FF95F8483173B995F835
:106EC0004931002B3CD1236820469B69BDE8F04145
:106ED00018474AF6C003E7E75843E9E794F87030EB
:106EE000002B31D1514B1F684FF0FF36002F5AD184
:106EF0004F4F4D4B386893F8048000285CD14D4BC0
:106F00001D68B8F1060118BF01212846EDF7FEF90A
:106F100000286CD02846EDF70EFA002867D0002133
:106F200020460AF01FFE386818B148F20201F8F74F
:106F30002DF8A36F9E42304628BF1846BDE8F08169
:106F400094F87030002BBED0002384F8703095F890
:106F50004831002BB7D0354D2B6805F54C70002B10
:106F600014BF4FF47A714FF0FF31FEF73EFC00285A
:106F700005F5537018BF6FF00041FEF736FC00288E
:106F800005F55A7018BF6FF00041FEF72EFC30B9BE
:106F900005F56170FEF729FC08B9013193D0BDE811
:106FA000F04109F0FFBF786803689B6A9847864202
:106FB0003F6828BF064699E748F20201F7F72AFF23
:106FC00000289CD0B8F1020FD5F8441125D0B8F1B3
:106FD0000B0F4AF6C00218BF4FF461624FF47A7388
:106FE000F1B14B43144A1268121A9A4287D2E26FE7
:106FF0002AB1114B1B689B1AA26F9A4299D80F4B6A
:107000001B68D3F8A830002B93D1012120460AF049
:10701000A9FD094B1B68E3678BE74AF6C002DDE771
:107020005343DFE74027002080030020D852002090
:10703000E0500020D42000207803002068150020B4
:1070400090F82C3070B55B4E0446B3B1002380F845
:107050002C30594BD6F854211B79022B16D00B2B10
:107060004AF6C00318BF4FF461634FF47A7082B1DF
:10707000504300220121FFF7C4FE96F8503153B966
:10708000236820469B69BDE8704018474AF6C00354
:10709000EBE75843EDE7484BD6F854211B79022B18
:1070A00046D00B2B4AF6C00318BF4FF461634FF470
:1070B0007A75002A3FD0554394F86C30002B3FD0AE
:1070C000002384F86C3096F85031002BD8D03B4D1B
:1070D00005F54C70FEF789FB78B395F83C33002B2F
:1070E0000CBF6FF0004100213548FEF77EFB30B148
:1070F00095F8AC33002B0CBF6FF0004100213148F4
:10710000FEF773FB30B195F85833002B0CBF6FF0CE
:10711000004100212C48FEF768FB28B92B48FEF7F8
:1071200064FB08B90131ABD0BDE8704009F03ABF4B
:107130004AF6C003BBE75D43BEE74FF0FF31D3E73C
:10714000234E3068A0B9234B1868EDF7F4F8D0B19E
:10715000002120460AF0A7FC306818B148F205016A
:10716000F7F714FF636F9D42284628BF184670BD8D
:1071700048F20501F7F74EFE0028E4D0164B1B68D5
:107180001B1A9D42DFD9A26F2AB1134B1B689B1AB1
:10719000626F9A42E6D8114B1B68D3F8A830002BD7
:1071A000E0D1012120460AF07EFC0B4B1B68A3674F
:1071B000D8E700BF4027002080030020D8520020DD
:1071C0007856002024560020405600205C560020AF
:1071D000E0500020D4200020780300206815002013
:1071E00090F8BE30012B01D10AF0FABA00207047A6
:1071F0000346C06918B11A8C002118F05CBA7047B8
:107200002DE9FF4790F8BE204FF42A43012A044697
:10721000836540F014818B4E438C90F81A80D0F82F
:107220001CE0316800F12C07002B65D1039390F826
:107230006D30202B43D1C56AAB6913F400433ED1B6
:1072400090F86C1001293AD080F86C2048F0007951
:10725000242280F86D2049F4205903674FF0100A6A
:10726000A36B012B06BF48F0007343F400534B4659
:107270006B603168AB69AA69C3F34013C2F30012B3
:1072800013430FD0AB69DB0638461FD40BF052FC1A
:10729000A8B92023EB6184F86D3084F86C000025D8
:1072A0006DB2BFE03268521A642AE3D9202284F812
:1072B0006D20226F84F86C3042F02002226794F82F
:1072C0006D30202B40F0AD800225E9E70BF032FC59
:1072D0000028F4D12022C5F81CA0EA61039B0133E9
:1072E0000393039B002BBBD084F86D20236F84F89D
:1072F0006C0013432367E2E7806D002594F86D204E
:10730000202A40F0898094F86C20012A00F08480C3
:10731000012284F86C20212284F86D20102284F848
:107320006E2000222267A4F85630A065464B2366E3
:10733000B4F85630C4F850E09BB2FF2B99BFB4F8B4
:107340005630A4F85430FF23A4F85430B4F8542035
:1073500094BFA36D4FF0807320F0007C9AB1BCF114
:10736000000F25D1D4F82C901EF8011BC9F8281065
:10737000B4F85610C4F850E0013989B2A4F8561098
:10738000511EA4F85410E16D112904D1AA2802D08D
:10739000B0F52A4F15D1A16DAA290BD10021A16505
:1073A000B4F8561089B2FF2900D8A36D274909E027
:1073B0000022E8E7A16DB1F52A4FF1D14FF000713D
:1073C000EDE700210091BCF1000F22D1D2B241467D
:1073D0003846EAF7E8FA002384F86C300121384691
:1073E000EAF7F8FA336894F86D20202A06D0632D66
:1073F00004D83568226FED1A002AF4D0632D236F6C
:107400000FD899060DD45A0717D4002B3FF447AF75
:1074100007E094F85420DAE735686D1A642D7FF69A
:107420006DAF04252046FFF7E3FE0023638484F854
:107430002430E8B204B0BDE8F087032530E7042526
:10744000F7E700BF78030020B51D0008002000808A
:1074500070B50E46012186F88810027D83698A4046
:1074600083F824109A760446002280695A84062103
:10747000ECF7F8FFA069FFF7C3FE20B11048C6F88B
:107480008C00012070BD217DA0690322FFF7A8FEBA
:107490000028F3D0A06903685B6998470502A069DA
:1074A00003685B6998470543A06903685B6998476F
:1074B0002D0228430EF0A8FF02490FF0B1F8DEE7D5
:1074C000000080BF00002041F8B50F46012187F879
:1074D0003C10027D83698A4083F824109A76044622
:1074E00000225A848069ECF7BDFFA069FFF788FE8F
:1074F000642007F0CBFF217DA0690322FFF770FE17
:10750000A06903681B699847022823DDA069036806
:107510005B6998470546A06903685B69984706461A
:10752000A06903685B6998472D04360205F47F055E
:10753000B6B23543C0B228430EF066FF06490FF0DD
:107540006FF8064904460EF095FD00B1034C3C640B
:107550000120F8BD0024FAE700007A4400A08C4521
:10756000002110B50446C1820183006910B1A28ACE
:1075700018F0A1F8002363842046BDE8104037E6E8
:10758000684B984210B540D14FF0B044664AD4F8E9
:1075900088301B0903F4407343F44033934215D001
:1075A00002F58072934215D0EAF792FFA2685F4914
:1075B000A368C2F30312C3F3022351F82220B0FBE5
:1075C000F2F05B4A52F82330D84001E0EAF780FF3E
:1075D00028B110BDEAF770FF012800F09F804FF03E
:1075E000B0435149D3F888301B0903F4407343F486
:1075F00040328A4200F08B8001F580718A4200F0AF
:107600008D80002B00F08680FEE74A4B98423DD1EA
:107610004FF0B044484AD4F888301B0903F4406363
:1076200043F44023934215D002F58062934216D072
:10763000EAF74EFFA2683D49A368C2F30312C3F301
:10764000022351F82220B0FBF2F0394A52F82330DD
:10765000D84001E0EAF73CFF0028BAD103E0EAF79E
:107660002BFF01285AD04FF0B0433349D3F888306C
:107670001B0903F4406343F440228A4247D001F5DA
:1076800080618A424AD0002B44D0FEE72B4B9842BF
:1076900046D14FF0B0442A4AD4F888301B0903F48D
:1076A000405343F44013934215D002F58052934265
:1076B00017D0EAF70DFFA2681C49A368C2F30312B2
:1076C000C3F3022351F82220B0FBF2F0184A52F81B
:1076D0002330D84001E0EAF7FBFE00287FF479AFC1
:1076E00003E0EAF7E9FE012818D04FF0B04314494F
:1076F000D3F888301B0903F4405343F440128A4204
:1077000005D001F580518A4208D01BB1FEE70D4B30
:1077100018685EE7BDE81040EBF7DCB90A4858E7A7
:10772000002056E70054004000010300E80C030865
:10773000AC0E03080058004000040C00005C004040
:1077400000103000040000200024F4002DE9F04F68
:10775000934B0A4603EBC2029FB0D2F8BC4304919C
:1077600084424FEAC10105D1D2F8C083B8F1000FBD
:1077700040F011810B448B49049CC3F8BC0301EB1E
:107780005003B3FBF0F0884B1C2202FB04334FF094
:10779000FF38D3F8682193F8825101EB5204B4FB0F
:1077A000F2FAB3F87E410594059EB3F87841B3F838
:1077B00080210E92344414940E9EB3F87441CDF897
:1077C0003CA03444EA1C4243323CA41A24EAE47448
:1077D000059E0694B3F87641A41BA4F58274024476
:1077E000A21A22EAE272079200FB05F20892D3F88D
:1077F0006C21B1FBF2F21592D3F87021B1FBF2F2D9
:107800001692089A02EB40023232129242420392DE
:10781000129A00261021821810910A963407059DAD
:107820001C940E9CF1B22C441391129911946FF098
:107830000105AAEB0404511A05FB024418940D91AA
:107840004FF00009149C0D9DAC4200F293801C9CEB
:10785000049F49EA04041B94514C002504EBC7041F
:1078600002951D94069C029FBC427AD8079CBC429C
:1078700077D3109C139FBC4273D00A9C0134072C11
:107880000A9400F28880B3F87A4117941B9C2C4329
:107890001A94089C171B119C14440C94189C0B946C
:1078A00000240094089CDDF85CC03C44A44548D208
:1078B000A7F13204B0EB940F43D2DDF868C0009C0E
:1078C00044EA0C04DDF830C01994A2EB0A046444C5
:1078D000DDF82CC0CDF824C0019496464FF0000C82
:1078E000019C0AEB040B169C5C451BD8159C5C455F
:1078F00018D3B3F87CB1F34514D8704512D2019C6B
:10790000DDF824B01BEA240B38BFA3460F9CA34527
:1079100008D2199C4CEA04081D9CC4F8C083139C2F
:10792000CDE90FB4019CDDF824B00C440194039C14
:107930000CF5807CA344BCF5803FCDF824B08E4488
:10794000CED1009CDDF80CC0013400940B9C644443
:107950000B940C9C0C440C94009CB4F5807F0F4459
:10796000A0D1029C05F580350C44B5F5801F02942A
:107970007FF478AF0D9C09F580190C44B9F1807F34
:107980000D947FF45FAF03990136091A102E03910D
:1079900002447FF443AF40461FB0BDE8F08F00BF04
:1079A000D852002000CA9A3BB046030810B590F8A0
:1079B0009130012B044604D1436E13B1836E043819
:1079C0009847022384F89130002363662046BDE87F
:1079D00010400CF0F7BC436E1F2BDEBF436E01332B
:1079E000436690F89130012B04D1416E703101440F
:1079F0000BF07AB97047024BD3F8D403E9F7BEBF56
:107A0000D8520020024BD3F8D403EAF749B900BF9B
:107A1000D8520020024BD3F8D803E9F7AFBF00BF1C
:107A2000D8520020024BD3F8D803EAF739B900BF87
:107A3000D8520020024BD3F8DC03E9F79FBF00BF08
:107A4000D8520020024BD3F8DC03EAF729B900BF73
:107A5000D852002070B590F8E930DE07044640F1B6
:107A6000288190F8EA20A2F1410105294BD8373A44
:107A700094F8EB10A1F1410012010528D2B249D8C7
:107A800037390A4494F8E81094F80B01D2B29142C5
:107A900040F00381D4F8242113F0020302F1010223
:107AA000C4F824213DD1002842D194F84C20550738
:107AB00008D594F85C00D4F81011002840F0E0805C
:107AC00084F84C0094F890305D070BD5D4F8102161
:107AD000C4F89C2043F00303D4F89820C4F8942001
:107AE00084F8903094F8C83058076DD5D4F8102138
:107AF000C4F8D42043F00303D4F8D020C4F8CC2039
:107B000084F8C83060E0A2F16101052994BF573ABA
:107B1000303AADE7A1F16100052894BF57393039FB
:107B2000AFE7D4F81C210132C4F81C21002863D02F
:107B3000012849D194F83820500707D594F8481007
:107B4000D4F81001002941D184F8381094F84C2061
:107B5000510707D594F85C10D4F81001002940D1E2
:107B600084F84C1083B323785A0713D5D4F8102126
:107B70006263E2696260226AA26094F82420227340
:107B8000A26A2261E26A626143F0030394F8302042
:107B90002276237094F860305E0708D5D4F810215F
:107BA000E26643F00303A26E626684F8603094F8E4
:107BB00070305D0708D5D4F81021E26743F0030365
:107BC000A26F626784F87030012071E042F0030216
:107BD000216C84F8382000226064E16384F8482036
:107BE000B4E742F00302616D84F84C200022A065E6
:107BF000216584F85C20B5E794F84C20500706D541
:107C000094F85C00D4F81011D0BB84F84C002378B1
:107C1000590713D5D4F810216263E2696260226AC1
:107C2000A26094F824202273A26A2261E26A62614F
:107C300043F0030394F830202276237094F88030C8
:107C40005A070BD5D4F81021C4F88C2043F0030355
:107C5000D4F88820C4F8842084F8803094F8D83090
:107C60005E077FF52FAFD4F81021C4F8E42043F06D
:107C70000303D4F8E020C4F8DC2084F8D83021E7EE
:107C800042F00302A16584F84C20616D2165002259
:107C900084F85C20002BBAD114E7012802BF00232E
:107CA000A366A367D4F820310133C4F82031002043
:107CB00070BD90F80C2122BB00F1EA0528460EF0B9
:107CC00057FA052814D104F1EC06B64903223046D0
:107CD00017F0F9FC18B9012384F80B31E7E7B24932
:107CE0000322304617F0EFFC10B984F80B01DEE7F1
:107CF000AE4928460EF0E2F908B90223ECE7032367
:107D0000EAE790F80B01022844D1132ACFD8A849FA
:107D1000012393400B422CD1A6490B4217D1022AD2
:107D2000C5D104F1EA0017F062FA451E042D03D90B
:107D3000FF2384F80E31BAE72DB92822294604F131
:107D4000A00017F0B8FCAD0084F80E51AFE794F92D
:107D50000E51002DABDB043A05EBA205132DA6DC7A
:107D600004F1EA0017F043FA04EB450585F8A10099
:107D70009DE794F90E51002D99DB043A05EBA2051D
:107D8000132D94DC04F1EA0017F031FA503504F8B1
:107D900015008CE703288AD042EA4012013A282ACB
:107DA00085D801A050F822F04D7E01087D7E0108A3
:107DB0009B7E0108AD7E0108C37E0108177F010884
:107DC000337F0108497F01085F7F0108AF7C01080C
:107DD000817F0108AF7C0108AF7C0108AF7C0108FE
:107DE000AF7C0108AF7C0108AF7C0108AF7C0108C3
:107DF000AF7C0108AF7C0108AF7C0108AF7C0108B3
:107E0000AF7C0108AF7C0108AF7C0108AF7C0108A2
:107E1000AF7C0108AF7C0108AF7C0108AF7C010892
:107E2000AF7C0108AF7C01084D7E0108677E010828
:107E30007D7E01089B7E0108AD7E0108C37E01089E
:107E4000D57E0108E97E0108FD7E010804F14C00A1
:107E5000FBF760FB012384F85C3004F1EA00FDF7D6
:107E600098FA606523E794F8EA20412A0CBF43F0B2
:107E7000020323F0010384F8E93018E7237849B1BD
:107E800043F00403214601F81C3B04F1EA00FDF72E
:107E9000A4FA0CE703F0FB03F4E794F8EA30A3F14B
:107EA00053014B424B4184F8243000E7237829B139
:107EB00043F00403214601F8283BE6E703F0FB0307
:107EC000F8E794F8EA30A3F157025342534184F89B
:107ED0003030ECE604F16000FBF71CFB04F1EA0033
:107EE000FDF757FAA066E2E604F17000FBF712FB1B
:107EF00004F1EA00FDF74DFAA067D8E604F1380076
:107F0000FBF708FB012384F8483004F1EA0017F07E
:107F100072F92064CBE694F8EA20302A8CBF43F053
:107F2000020303F0FE03303A84F8E93084F81421A8
:107F3000BDE604F19000FBF7EDFA04F1EA0017F05A
:107F40005AF9C4F89800B2E604F1C800FBF7E2FA67
:107F500004F1EA00FDF71DFAC4F8D000A7E694F892
:107F6000803051B143F0040384F8803004F1EA001A
:107F7000FDF70FFAC4F8880099E603F0FB03F3E776
:107F800094F8D83051B143F0040384F8D83004F1A8
:107F9000EA00FDF7FEF9C4F8E00088E603F0FB0311
:107FA000F3E700BF076C03080B6C03080F6C0308B2
:107FB000101101008088080070B500230D46164698
:107FC000FCF7DAFE044618B931462846FCF74DF8AE
:107FD000204670BDF8B5C368044615469AB10668D8
:107FE0008EB1D31802D287689F4207D22369084A0C
:107FF000002B08BF134623610020F8BDB04710B91D
:108000002369044AF4E7E3682B44E3600120F4E7C2
:10801000156C03088A690308F0B5802A85B073F1EE
:1080200000010646D4B201A906D28DF8044001220F
:10803000FFF7D0FF05B0F0BDD50904F07F04084676
:10804000002253EA050C174602F1010208D13A4614
:1080500002F110036B44013203F80C4C3046E7E7A1
:1080600064F07F04042A00F8014B05F07F044FEA16
:10807000D515E6D1002BEBD0180100F070000443B9
:10808000DB08002BE4D064F07F04545403F07F0439
:108090000132DB09F5E770B5002304460D461646AC
:1080A000FFF7BAFF28B1324629462046BDE87040A6
:1080B00090E770BDCB6970B504460D46002B7FD0AC
:1080C0008A7D098A0BF014F9002871D0A87D00F090
:1080D0000F030B2B71D8DFE803F0061010101616F3
:1080E0001C335050706DEB691A78003A204618BF67
:1080F0000122BDE8704000238EE729462046BDE8F6
:10810000704003F06FBB29462046BDE8704003F085
:10811000B5BBE96909B90A460EE03F280A880AD8C2
:108120006B8A023B934206D22369264A002B08BF82
:10813000134623613CE002312046BDE87040AAE7C7
:1081400000F0C00080286B8AE9690ED013B923695A
:108150001D4AEBE7013B0029DDD000229A42885CF2
:1081600006D00028E8D00132F8E74FF0FF33F2E7FD
:108170000028E1D02369154AD8E76A6A12B9236951
:10818000134AD3E7092B06D0EA69696A2046BDE89D
:10819000704003F0D7BA2A6A002AF5D052F8083C9A
:1081A000002BF1D0043A2946204698470028EBD10D
:1081B000002070BD6A8AE969BEE72369054AB5E710
:1081C0000120F6E7216C0308356C0308486C0308AE
:1081D000C96B0308E96A03082DE9F0438B7D03F0BE
:1081E0003002302A87B005460C4608D10A6A118849
:1081F000228A91420AD0012007B0BDE8F083102AFC
:1082000028D10A6AB2B11278002AF4D0E269002AB1
:10821000F1D003F0C003402B16D12368DB68002B9C
:10822000E9D022462946002098470028E3D12B694F
:10823000624A15E03F2BE9D80846FBF741FC0028CD
:10824000D9D1E369002BD6D02146284607B0BDE836
:10825000F0432FE7C96949B9002ACCD10369584ACC
:10826000002B08BF13462B610020C5E703F0C001B7
:108270004029D2D0202AE7D1226A1688002EBAD00F
:10828000802922D103F00F03052B5FD8228AD20068
:1082900042F0020200232846FFF7BEFE0028E3D08A
:1082A000A37D03F00F03042B15D1B7003A4600233A
:1082B0002846FFF7B1FE0028D6D0296871BB3A46A0
:1082C000284607B0BDE8F04384E6A28AB242D9D27C
:1082D00003693C4AC4E7052B01D1F700E6E7142205
:1082E000002101A817F0E7F9D4F81C8000272146E7
:1082F00001A803F077FA28B92B69002BB3D1059BAD
:10830000314AADE7E369628A01371344E361BBB2E6
:108310009E42ECD8049FC4F81C80C7E70027A37DC9
:1083200003F00E03042B214628460CD103F0A6FAD5
:10833000002899D0E369628A01371344E361BBB234
:108340009E42ECD857E703F04DFAF1E74FF00008F2
:10835000A27D02F0CE03862B2BD1E769D7F80090DF
:10836000C4F81C90B9F1000F1BD1218A28460AF0ED
:10837000BFFF08B9E76177E7012201A928468DF818
:108380000490FFF727FE0028F4D0E761E369628AD2
:1083900008F101081344E3611FFA88F3B342D7D30D
:1083A00029E721462846FFF785FEE7610028EDD141
:1083B0005AE721462846FFF77DFEF7E75C6C030885
:1083C0005F6B03086B6C0308836C030830B595B0D2
:1083D00004466846FBF752FB70B39DF8163003F075
:1083E0000F030A2B21D1079B1D681DB96846FBF7B7
:1083F0003FF9F1E72B685B68294623B1204698478F
:1084000058B1AD68F1E70AA8FBF747FB40B923690B
:108410000A4A002B08BF13462361002015B030BD67
:108420000AA92046FFF7D8FEEAE769462046FFF78B
:10843000D3FE0028DAD1F0E70120EFE72C6B030828
:10844000F8B504467C3006F065FED4E92267BE42EA
:1084500008D0354628460C3506F037FEAF42F9D134
:10846000C4F88C60012384F89430F8BDF8B5D0E9E5
:108470002267BE42044608D0354628460C3506F031
:1084800024FEAF42F9D1C4F88C60002384F8943004
:10849000F8BD184B70B5D0E9225603603C33044652
:1084A000C362AE421CD1D4F8880008B117F09AFE1E
:1084B00004F17C0006F009FE254604F1700006F088
:1084C00004FE04F12C000BF0A9FF55F8200FA84280
:1084D0000BD1094B23602046F5F778FC204670BD90
:1084E000284606F0F2FD0C35DBE7066817F07AFE49
:1084F0003046ECE77038030820380308A0F12C0060
:10850000C7E710B50446FFF7C4FF204617F06AFE20
:10851000204610BDA0F12C00F3E72DE9F04FD1F873
:1085200004318BB005460F46144603BBA14604F147
:10853000040A04F1240604F126084FF0FF313846FE
:10854000F1F758FD002850DAAF4E7A68736801934E
:10855000D7F80431002B6FD0B4F850A004F12E08E6
:1085600004F1300B04F1500904F152036DE0A64B05
:10857000118858687B68834216D0002399421A46B6
:1085800009D904EB8202013352688242DBB2F5D191
:10859000FF2B5EB209D104F12E0904F1300A04F177
:1085A000500604F15208C8E70026B14216BF04EB9A
:1085B0008603D7F80080D3F80480B8F1FF3FEAD0F3
:1085C00023889E4208DB3868414607F09FF8D7F8B9
:1085D0000431002BDFD1A9E704EB8603414658683C
:1085E000013607F093F876B2EAE7B9F80030C01A1E
:1085F00040B200224FF0FF3C51B28142B9F8003046
:1086000011DB32889B1A5BB20022802051B2994262
:108610009ADA318807299FBF08F8010031880131B3
:1086200031800132F2E7072B9EBF4AF823C00133A5
:10863000A9F800300132DFE7B4F824A0A04604F125
:10864000040B04F1240904F12603BAF1070F039384
:1086500011D8D7F81C0102924FF081410DF02CFF88
:108660000EF07AF8039B029A03F80A00B9F800307A
:108670000133A9F80030019B9A4209D0B8F80030C4
:10868000072B9FBF72684BF823200133A8F80030F6
:108690005E4A2346E92107F11000F6F707FEF8814C
:1086A000D5F898C0BCF1000F20D0D7F8043103B33F
:1086B0003B68A3EB0C00434243410022B4F8008026
:1086C0000020C1B241451ADB0021E78D4FF0000EBA
:1086D0005FFA8EF0B8421ADBB8F1000F00F0A2800A
:1086E000002F40F0A680C9B9C3B9BAB90BB0BDE834
:1086F000F08F7A687168511A4A424A41DEE704EB0A
:108700008101013049688C45DBD10121DDE70C3066
:108710000EF1010E54F820008445D9D13C4904A83B
:1087200006F0C1FC23887068002B00F0C48006F0BE
:10873000CAFF014604A806F031FD4FF000084FF0D3
:1087400000094FF07A5B238832495FFA88F79F422D
:1087500004A878DB06F022FDD5F8980006F0B3FFF8
:10876000014604A806F01AFDA38C0BB3234493F929
:10877000253080331CD0284904A806F00FFDA38CB7
:10878000234493F925000DF043FE4FF07A510DF08C
:1087900093FE014607A806F0EFFE07A904A806F01D
:1087A000FAFC07A806F091FC1C4904A806F0F6FCA8
:1087B0001B4904A806F0F2FCE38DD5F89800002BC5
:1087C00040F09B8006F07FFF014604A806F0E6FC1F
:1087D000104904A806F0E2FC706806F074FF014638
:1087E00004A806F0DBFCB4F85030002B00F0C58084
:1087F00094F95230803300F0C080074904A806F095
:10880000CDFC94F95200A3E0980B002050380308E7
:108810001D6003088A6C03088E6C0308906C0308C3
:10882000D76E030800293FF45FAF002F7FF476AFC7
:108830005AE7002B7FF472AF002A7FF46FAF002954
:108840003FF454AF6AE706F0A9FC04EB87035868CD
:1088500006F039FFA38CBB4282462AD9274497F9F8
:10886000260010F1800F24D00DF0D2FD59460DF0F6
:1088700023FE0746514604A806F090FC49463846B8
:108880000DF0D0FB90B9694904A806F087FC394681
:1088900007A806F071FE07A904A806F07CFC07A84B
:1088A00006F013FC624904A806F078FC08F1010800
:1088B00049E74F46DEE706F006FF014604A806F04A
:1088C0006DFC5C4904A806F069FCD5F8980006F038
:1088D000FAFE014604A806F061FCA38C002B3FF4CD
:1088E00067AF94F9263080333FF462AF4F4904A854
:1088F00006F054FC94F9260045E706F0E4FE014634
:1089000004A806F04BFCE78D013F7FB24FF0000951
:108910004FF07A5B3B06474904A84DD506F03EFC74
:10892000706806F0D0FE014604A806F037FCB4F8E3
:10893000503013B3234493F9513080331DD03B4959
:1089400004A806F02BFCB4F85030234493F95100EE
:108950000DF05EFD4FF07A510DF0AEFD014607A817
:1089600006F00AFE07A904A806F015FC07A806F001
:10897000ACFB2F4904A806F011FC04A92846FFF718
:108980005FFD022385F859302B4B1B682B660023B3
:10899000C5F8983005F12C004FF47A71EBF756FDCD
:1089A000012307A905F120008DF81C3006F07AFE9E
:1089B00004A806F08AFB99E606F0F0FB04F1300308
:1089C00053F8270006F07FFEB4F85030BB428246D1
:1089D00029DD04F15203D85710F1800F23D00DF098
:1089E00017FD59460DF068FD8046514604A806F073
:1089F000D5FB494640460DF015FB90B90B4904A83C
:108A000006F0CCFB414607A806F0B6FD07A904A86E
:108A100006F0C1FB07A806F058FB054904A806F0BC
:108A2000BDFB013F76E7C846DFE700BF8E6C030859
:108A3000906C03088A6C030878030020A0F12C00D6
:108A40000EF0B8BF2DE9F04F15469A46426EB14B75
:108A5000D0F86C909A4285B004460E4634D0AE49A8
:108A60004846EAF753FCAD490746A06EEAF74EFCCC
:108A7000AB490190206FEAF749FCD4F874B0A949DA
:108A800080465846EAF742FC0090D7B1019BC3B13B
:108A9000B8F1000F15D019463846EAF743FC0099A3
:108AA00007464046EAF73EFC014680463846EAF76C
:108AB00039FC60662FB1B8F1000F02D0002840F0F9
:108AC000F98005B0BDE8F08FB9F1FF3FF9D1836EB1
:108AD0000133F6D1036F0133F3D1436F0133F0D18A
:108AE0004FF40073A3614FF48273676E63608E4B23
:108AF000276018682FB18D4B9F4240F0E280E9F764
:108B0000FBFFB6EB500F80F0F480B6EB900F80F0D7
:108B1000F280B6EBD00F80F0F080B6EB101F80F043
:108B2000EE80B6EB501F80F0EC80B6EB901F80F02B
:108B3000EA80B6EBD01F2CBF30233823E361002D31
:108B400000F0E380022D00F0E280013D18BF012516
:108B50006D000123C4E904530723E3624FF4E0638B
:108B6000E360BAFA8AF35B090026DB01C4E9083640
:108B7000684BA6609F42A662666329D06649484654
:108B8000EAF7B8FB6549A06EEAF7B4FB276F6449C2
:108B90003846EAF7AFFB3B09B54214BF0122022277
:108BA00013F00C0F02BF624903F00F0301EB8303C4
:108BB00007F00F0708BFD3F854035E4B18BF3046C9
:108BC00053F82710EAF707FB5649606FEAF792FB64
:108BD0002368564A934240F0B3804FF48050EAF73E
:108BE000C7FB4FF0B0431A6C42F480521A641A6CFF
:108BF00022F480521A64656A67680023002D40F0F1
:108C0000C780B7F5827F00D0E561A36294F85D303C
:108C100003F0FF020BB984F85C202268E068A169C8
:108C2000022384F85D30136823F040031360B0F52D
:108C3000E06F4FF000038ABF1E464FF48056B0F538
:108C4000706F18BFA362A36807F4827703F404432C
:108C50003B43276907F002073B43676907F00107B9
:108C60003B4301F400773B43E76907F038073B4398
:108C7000276A07F080073B431360636B05F010051C
:108C800003F008032B4300F47060090C034301F068
:108C900004010B4333435360D36923F40063D3616E
:108CA00000232366012384F85D30136843F04003FA
:108CB000136006E7BBF1FF3F3FF412AF4FF4802390
:108CC00010E71D4B9F4202D1E9F704FF19E7114B52
:108CD0009F427FF416AFE9F7FBFB4FF0B043174A12
:108CE000D3F8083103F00F0352F82330B0FBF3F050
:108CF00007E7002322E7082320E710231EE71823B5
:108D00001CE720231AE7282318E72B4622E7002335
:108D100020E700BF000001586C480308D84803084A
:108D200038490308A449030804000020003001402A
:108D3000B0460308E40E030800380040E80C0308BE
:108D4000154A93420CD14FF48040EAF7BDF94FF435
:108D50008040EAF779FB4FF48040EAF77BFB4AE773
:108D60000E4A93427FF447AF4FF0B0435A6E42F041
:108D700001025A665A6E02F001020392039A5A6C7B
:108D800042F001025A645A6C22F001025A6432E73E
:108D9000C4E9043339E700BF00380040000001583F
:108DA00070477047084670477047406C18B9704765
:108DB0008B4204D018300378002BF9D11846704745
:108DC00090F8282012B103681B6C184770470748B9
:108DD000074B084A1B68B3FBF2F310B544684B43DA
:108DE0004268121B9342FBDC10BD00BF001000E084
:108DF0000400002040420F00014B1868704700BF7C
:108E000078030020DFF838C0F0B50024944200D188
:108E1000F0BDC5690E5D2D68DCF80070AF68BF0756
:108E2000FCD52E73AE68F607FCD52E7BDCF80070FF
:108E3000F6B2AF683F06FCD41E550134E6E700BF2A
:108E40007803002070477047CBB22A2B09D80F4A0D
:108E500052F8233001F4E0601843431C18BF084661
:108E6000704701F0C002C02A0CD1CB2B0AD8084BA6
:108E700001F03F0201F4E06053F82220034B53F865
:108E80002230E9E74FF0FF30704700BFA824030805
:108E9000244A03080368D3F8D43018470368D3F88A
:108EA000D8301847012A02D1016000207047022AF9
:108EB00005D0032AF9D0002AF7D10260F5E70B6844
:108EC0000360F2E74AB116290B466FF00800A8BF0D
:108ED00016238342B8BF034613700931C9B21F2954
:108EE0008CBF6FF00C000020704710B5012986B0D0
:108EF00006D002292BD0C9B16FF0130006B010BD07
:108F0000002203680592194A04924FF0080C0A22C5
:108F1000CDE9022C4FF0120E0722CDE9002E1449A4
:108F2000D3F8E840134A0923A047E7E70F4A03684C
:108F3000039210240A22CDE901240F4A04910092E1
:108F4000D3F8EC400D4A0E4B0949A047D6E7002361
:108F500002680393054B02930A210123CDE90031F6
:108F60000349D2F8F4400622A047C7E7CDCCCC3F56
:108F70000000D9430000FA4233331C439A999940C8
:108F80000000A0402DE9F3411D4603681B6904461B
:108F90000F4616469847002844D16DB92368002E25
:108FA000DB6F14BF3146FF21204698474FF47A7398
:108FB00000EB8000B0FBF3F528460DF025FA2B49B5
:108FC0000DF07AFA2A490DF02BFB0DF03BFC2368DB
:108FD00000220092D3F81C800146022340F2722244
:108FE0002046C047F0B9A36C186803685B6A9847CD
:108FF0008046A36C1868596A026812699047A0B14C
:109000000025236820461B69984718B16FF4307318
:10901000984207D12368C5B123682046DB6A984788
:109020006FF0050002B0BDE8F081A36C186803681A
:109030005B6D9847A36C186803685B6A9847A0EB60
:1090400008008542D5D20125DBE7D3F884302046DD
:109050009847236B1842DFD123681B6B3246394691
:10906000204602B0BDE8F041184700BF00007A4436
:1090700000007A4130B5074B05460FCB85B06C46F2
:1090800084E80F002B682146D3F8A0302846984783
:1090900005B030BD544A0308036810B5D3F89430C6
:1090A0000446984728B110BDA36C186803685B6D2F
:1090B0009847A36C1868596A02681269904700289B
:1090C000F2D023682046D3F89830BDE81040184706
:1090D000036810B5D3F8E43044F2FF3104469847F2
:1090E00028B9236820461B69BDE81040184710BD09
:1090F00013B5036800220092DC6940F27222022359
:109100006FF07F41A04702B010BD30B5074B054658
:109110000FCB85B06C4684E80F002B682146D3F84E
:1091200094302846984705B030BD00BF544A030824
:1091300082B02DE9F041012906A880E80C000B9CC3
:109140009DF826609DF8277009D0022975D0002966
:109150004BD06FF01300BDE8F04102B070479DF8AE
:10916000188042F2107000FA08F00DF04DF95149E4
:10917000054607980DF0A0F9014628460DF050FA73
:109180000DF060FBA8F10503DBB2012B9DF8283040
:1091900005468BBF08210021112019200BBB4FEA87
:1091A000880304EB4707002EC8EB47020CBF1426C8
:1091B000002601EB8201DBB2314409B25A1E0029BC
:1091C000A8BF521892FBF3F3BDF824209DF820109D
:1091D0009BB2083201FB032300EB83006843800845
:1091E000B9E7A8F102039B00DBE7F8000DF010F9E6
:1091F000054630460DF00CF9014628460DF054F8AE
:109200000546BDF824000DF003F9014628460DF08F
:109210004BF80546E0000DF0F7F8014628460DF042
:1092200043F82549044606980DF0FAF90146204610
:109230000DF0F6F90DF006FB8DE79DF81930032BC4
:1092400034D8DFE803F002282D30062363430433CB
:109250000522B3FBF2F39CB23022B4FBF2F303EB32
:10926000830000EB800002FB13444000A4B280B2F4
:1092700014B10234204480B29DF82430C3EBC30201
:1092800003EBC20300EB43000C4B80B258430DF0DC
:10929000BBF80B49CCE704EB4404C4F34F04DBE711
:1092A0006400A4B2D8E704EB4404FAE76FF00900C5
:1092B00051E700BF0000204100007A4400127A000C
:1092C0001D24F44308B508460DF09EF802490DF040
:1092D000A7F90DF0B7FA08BD00007A41036889B21A
:1092E000D3F8E4301847806C704700F00E03062B6B
:1092F0000BD0082B0CD00A2B0CD00138C0B2FD28A3
:109300008CBF6FF00100002070476FF43070704721
:1093100001487047014870473EFDFFFF3DFDFFFFDC
:1093200010B5B0F89230B0F89610B0F89040024600
:1093300003F001005B0818B1B2F8940043409BB2FF
:10934000994214BF81EA030008468442F0D3A2F890
:10935000923010BD836C2DE9F0411D682A680446E7
:109360005769926D0E462846596A9047A36C1B6850
:10937000014632462846BC465B69BDE8F04160477D
:10938000836C70B51C68596A226820469569926D95
:1093900090472B4601462046BDE8704018470368B9
:1093A000D3F8D43018470368D3F8D830184730B50D
:1093B00085B004AC04E90E009DF82030029C032B1C
:1093C00007D1036808A9D3F8C430984718B105B08D
:1093D00030BD4FF0FF309DF82030CBB9019D1F49C3
:1093E00028460CF03DFE68B31D4928460CF02EFEC1
:1093F00040B31A4920460CF033FE30B319492046D9
:109400000CF024FE002814BF00206FF06500DEE79A
:10941000012BDCD19DF80430053B072B18D8002127
:1094200020460CF01DFEB0B10F4920460CF00EFE98
:1094300088B19DF80C30043B042B94BF00206FF0E2
:109440000900C4E76FF06400C1E76FF06500BEE794
:109450006FF00800BBE76FF00700B8E79A99193F73
:1094600000009643000048430000FF436FF01800DF
:1094700070476FF0180070476FF01800704703686E
:1094800000215B6918476FF0180070471FB5029301
:10949000069B03930368CDE90012D3F8C8306A46EF
:1094A00002210446984720B923682046D3F8CC30DF
:1094B000984704B010BD30B585B00025CDE9025500
:1094C0008DF808300368CDE90012D3F8C8306A4639
:1094D00003210446984720B923682046D3F8CC30AE
:1094E000984705B030BD6FF0180070476FF0180056
:1094F00070476FF0180070476FF0180070476FF0FA
:10950000180070476FF01800704784B004A800E995
:109510000E006FF0180004B070470020704701483B
:10952000704700BF0000C8C182B08DE80C00002069
:1095300002B0704700207047002330B51A4601255D
:109540000C3005FA03F40C4204D050F823401F2CD1
:1095500018BF22430133202BF3D1104630BD6FF0EA
:10956000180070476FF01800704700207047704770
:109570006FF0180070471020704720207047294B6B
:109580000A781A4492F8402002704A791A4492F8F4
:10959000402042708A7A1A4492F840208270CA7B36
:1095A0001A4492F84020C2700A791A4492F8402076
:1095B00002714A7A1A4492F8402042718A7B1A4416
:1095C00092F840208271CA781A4492F84020C27101
:1095D0000A7A1A4492F8402002724A7B1A4492F89E
:1095E000402042728A781A4492F840208272CA79E6
:1095F0001A4492F84020C2720A7B1A4492F8402022
:1096000002734A781A4492F8402042738A791A44C5
:1096100092F840208273CA7A134493F84030C3739F
:10962000704700BF244A0308284B0A781A4492F86E
:10963000402102704A7B1A4492F8402142708A7A93
:109640001A4492F840218270CA791A4492F8402153
:10965000C2700A791A4492F8402102714A781A4479
:1096600092F8402142718A7B1A4492F8402182711B
:10967000CA7A1A4492F84021C2710A7A1A4492F8BE
:10968000402102724A791A4492F8402142728A7843
:109690001A4492F840218272CA7B1A4492F84021FF
:1096A000C2720A7B1A4492F8402102734A7A1A4421
:1096B00092F8402142738A791A4492F840218273C9
:1096C000CA78134493F84031C3737047244A03089F
:1096D000F0B50E7891F801C08D78CF78F40904EBDD
:1096E00044044FEADC1104EBC40401EB410184EAB9
:1096F00046048CEA050E01EBC101E4B287EA0E0EC6
:1097000081EA4C01C9B2EB0984EA0E0E81EA0E0E21
:10971000FA0903EB430303EBC30302EB420280F8B5
:1097200000E086EA050E83EA450387EA0E0E86EA24
:109730000C0602EBC202DBB282EA470281EA0E01AA
:1097400077407540D2B259406C407B4053406240F4
:1097500041708370C270F0BD2DE9F04F91F800B0F8
:109760004E78CF788D784FEADB1303EB430303EB9E
:10977000C30387B083EA4B03DBB20193F309FA0911
:1097800003EB430303EBC30302EB420283EA46030A
:1097900002EBC20282EA4702DBB20293D3B24B4A27
:1097A000039302EB961402EB971C94F840429CF84A
:1097B00040C284EA8604E3B28CEA870C04935FFA21
:1097C0008CF302EB5B1C02EB95149CF840A2059312
:1097D00002EB561C019B9CF8408294F8404202EB3D
:1097E000551C84EA85049CF840E202EB571C02EB0E
:1097F0009B129CF840C292F8409286EA05027A4099
:109800005A40029BE4B288EAC6085A405FFA88F8D8
:109810008AEACB0A8EEAC50E62405FFA8EFE5FFAD4
:109820008AFA8CEAC70C89EA8B0988EA02025FFA95
:109830008CFC8AEA09098EEA0202E9095FFA89F9D1
:109840008CEA020289EA020201EB4101027001EB9B
:10985000C1018BEA05027A4081EA4501C9B2534051
:10986000049A4B405340059A53408AEA030388EA1E
:1098700003038EEA03038CEA03038BEA06064370B4
:109880007740039B039A79405940019B75406B4098
:109890005340049A5340059A4C40534088EA0404CC
:1098A0008AEA030A8EEA040488EA0A088CEA0404B5
:1098B0008EEA080E89EA04098CEA0E0C80F8029000
:1098C00080F803C007B0BDE8F08F00BF244A03084A
:1098D0002DE9F041846888B0531E0D46671E0F3293
:1098E00004AE13F8011F17F801CF934281EA0C016F
:1098F00006F8011BF5D1077910343E46A046012E2B
:109900001BD87B1E002FDBB24FEA031308BF0023D6
:109910001C4404A96846FFF732FE013D631E0F3464
:1099200013F8011F10F8012BA34282EA010205F887
:10993000012FF5D108B0BDE8F08104A96846FFF712
:109940001EFE694604A8FFF7C3FE01A905A8FFF79C
:10995000BFFE02A906A8FFF7BBFE07A803A9FFF7F1
:10996000B7FE08F1FF3304AA08F10F00117813F8CD
:1099700001CF81EA0C01834202F8011BF6D1013EBE
:1099800008F11008F6B2BAE72DE9F04384680779C8
:1099900089B00D4604EB071404A9531E661E0F324E
:1099A000894613F8010F16F801CF934280EA0C00A4
:1099B00001F8010BF5D149466846FFF735FE3E46F2
:1099C000A046012EA8F1100819D87B1E6FF00F02D7
:1099D000DBB2002F02FB03F308BF00231C44A218D4
:1099E0006B46013D12F8010B13F8011BA24281EAFC
:1099F000000105F8011FF5D109B0BDE8F0836A4602
:109A0000434608F11000117813F801CB81EA0C01EC
:109A1000834202F8011BF6D169464846FFF79CFED7
:109A200001A905A8FFF798FE02A906A8FFF794FE72
:109A300003A907A8FFF790FE013E49466846FFF7D5
:109A4000F3FDF6B2BDE730B50C4B4D789C181D44C4
:109A500094F8484295F84020624002708A781A448F
:109A600092F840204270CA781A4492F840208270DE
:109A70000A78134493F84030C37030BD244A030879
:109A80000A780A4B1A4492F8402002704A781A4425
:109A900092F8402042708A781A4492F840208270EE
:109AA000CA78134493F84030C3707047244A0308BF
:109AB0002DE9F04F9FB016AD0A91041D00F124036B
:109AC000AB46206861682E4603C608349C42354682
:109AD000F7D1531ECDF824B00F3212A85C4613F80C
:109AE000015F14F8011B934281EA050100F8011B94
:109AF000F5D10EA812A9FFF742FD014612A8FFF703
:109B0000E7FD0FA913A8FFF7E3FD10A914A8FFF7BD
:109B1000DFFD15A811A9FFF7DBFD0DF1670012AA03
:109B20001023117810F8014F013B614013F0FF033F
:109B300002F8011BF5D101220DA81DA90B92FFF718
:109B400082FF9DF858A09DF834309DF859909DF8FB
:109B50005A809DF85B709DF860109DF85D20029220
:109B60008AEA030A9DF835308DF858A089EA03097E
:109B70009DF836308DF8599088EA03089DF8373003
:109B80008DF85A805F409DF85C3001938AEA0303A8
:109B90008DF85C304B4000938DF860309DF861305B
:109BA0008DF85B7089EA02069DF85E208DF85D6095
:109BB0005E409DF86230039288EA02059DF85F20BE
:109BC0008DF85E505D409DF86330049287EA020490
:109BD0008DF85F405C408DF861608DF862508DF8C3
:109BE00063409DF864300593059A009B53408DF8BF
:109BF00064309DF86530069373408DF865309DF8AC
:109C0000663007936B408DF866309DF86730089397
:109C100019A963408DF86730FFF732FF9DF868108F
:109C20009DF834309DF835009DF86AC09DF837E006
:109C300059409DF869308DF8681043409DF8360012
:109C40008DF869308CEA000C9DF86B008DF86AC0C5
:109C500080EA0E009DF86CE08DF86B0081EA0E0141
:109C60009DF86DE08DF86C1083EA0E039DF86EE0B0
:109C70008DF86D308CEA0E0C9DF86FE08DF86EC09B
:109C800080EA0E009DF870E08DF86F0081EA0E0109
:109C90009DF871E08DF8701083EA0E039DF872E074
:109CA0008DF871308CEA0E0C9DF873E08DF872C05F
:109CB00080EA0E009DF874E08DF8730081EA0E01D1
:109CC0008DF874109DF875104B408DF875309DF827
:109CD00076308CEA030C9DF877308DF876C05840CA
:109CE0008DF8770012A90EA8FFF749FC014612A8CB
:109CF000FFF7EEFC0FA913A8FFF7EAFC10A914A8C0
:109D0000FFF7E6FC11A915A8FFF7E2FC0B9ADC4669
:109D100012A9102308781CF801EB013B80EA0E0021
:109D200013F0FF0301F8010BF4D10EA812A90B9256
:109D3000FFF725FC014612A8FFF7CAFC0FA913A8DC
:109D4000FFF7C6FC10A914A8FFF7C2FC11A915A8BB
:109D5000FFF7BEFC0B9A0DF1670C12A910230878CF
:109D60001CF801EF013B80EA0E0013F0FF0301F83D
:109D7000010BF4D10132D2B2072A7FF4DDAE1DA966
:109D80000DA8FFF760FE9DF837309DF834009DF870
:109D900035109DF836205F408DF85B70019F47407D
:109DA0008AEA000A8DF85C703846029F8DF858A048
:109DB0004F4089EA01098DF85D703946039F8DF89F
:109DC0005990574088EA02088DF85E703A46049F21
:109DD0008DF85A805F403B465C408DF85F708DF88F
:109DE0006340009F059C4740444006988DF8607092
:109DF00048404E4007998DF8650051405540089AFB
:109E00008DF866105A4012A90EA88DF867208DF8BB
:109E100061608DF862508DF86440FFF7B0FB0A9BDB
:109E20005A1E0F33099D10F8011B15F8014B0995B7
:109E3000614002F8011F9A42F4D11FB0BDE8F08FD3
:109E40002DE9F04F97B00EAD039100F1240400F11D
:109E50004403AB46206861682F4603C708349C4220
:109E60003D46F7D10AA9531ECDF804B00F325C4627
:109E70000D4613F8017F14F8010B9A4280EA07009F
:109E800001F8010BF5D1294606A8FFF7CDFBDDE966
:109E900010019DF840709DF841209DF842309DF8DA
:109EA00043409DF838909DF8398041409DF83C0032
:109EB000119187EA00018DF840109DF83D109DF842
:109EC0003A704A408DF841209DF83E2053408DF86D
:109ED00042309DF83F305C408DF843409DF83B4058
:109EE00080EA090081EA08017A4063408DF83C006D
:109EF0008DF83D108DF83E2015A9072205A88DF894
:109F00003F30FFF7A0FD9DF8143089EA03099DF862
:109F100015308DF8389088EA03089DF816308DF8D2
:109F200039805F409DF817308DF83A705C408DF8AD
:109F30003B40062406AB0DF147060293374619460F
:109F40000022087817F801CF0132D2B280EA0C0063
:109F5000102A01F8010BF4D106A92846FFF7FCFBF3
:109F600007A90BA8FFF7F8FB08A90CA8FFF7F4FB5B
:109F700009A90DA8FFF7F0FB294606A8FFF754FB37
:109F80005F4601460022087817F801CB0132D2B2B1
:109F900080EA0C00102A01F8010BF4D106A928462A
:109FA000FFF7DAFB07A90BA8FFF7D6FB08A90CA857
:109FB000FFF7D2FB09A90DA8FFF7CEFB294606A89B
:109FC000FFF732FBDDE914129DF850009DF84C704C
:109FD0009DF851809DF852E09DF848A09DF8499069
:109FE0009DF853C04A40159280EA07029DF84D0043
:109FF0009DF84E108DF8502088EA000287EA0A0783
:10A000009DF84A808DF851208EEA01028DF8522089
:10A010008DF84C709DF84F209DF84B7080EA090038
:10A0200081EA08018CEA020C8DF84D007A408DF827
:10A030004E1005A811A98DF853C08DF84F20FFF7D9
:10A040001FFD9DF814209DF83CC09DF843E08AEA6E
:10A05000020A9DF815208DF848A089EA02099DF8AA
:10A0600016208DF8499088EA02089DF817209DF87F
:10A0700041908DF84A8057408DF84B709DF84070A4
:10A080009DF842809DF838A087EA0C07DDE91012A0
:10A090008DF840709DF83D7089EA07094A408DF8B7
:10A0A00041909DF83E109DF83990119288EA010880
:10A0B00087EA09079DF83F208DF842808DF83D70B2
:10A0C0009DF83A809DF83B708EEA020E81EA080105
:10A0D0007A408CEA0A0C8DF83E108DF83F2015A9C5
:10A0E00022468DF843E08DF83CC0FFF7ACFC9DF8AC
:10A0F00014208AEA020A9DF815208DF838A089EA12
:10A1000002099DF816208DF8399088EA02089DF81A
:10A1100017208DF83A80013C574014F0FF048DF869
:10A120003B707FF407AF06AA117816F8010F0134CF
:10A13000E4B24140102C02F8011BF5D106A92846D3
:10A14000FFF70AFB07A90BA8FFF706FB08A90CA855
:10A15000FFF702FB09A90DA8FFF7FEFA294606A89A
:10A16000FFF762FA039B039A013B02F10F06029983
:10A17000019811F8012B029110F8011B01904A403F
:10A1800003F8012F9E42F2D117B0BDE8F08F40686E
:10A190000368DB68184770B50446406803689B682D
:10A1A0000D4616469847102807D160680368324666
:10A1B00029461B69BDE870401847002070BD2DE995
:10A1C000F04704460F4616461D4600F1080800F108
:10A1D00018094FF0000A0DB9BDE8F08794F828304F
:10A1E0000F2B0ED894F82800C0F11000C0B2A8427E
:10A1F00020D82D1A06EB000C394666451CD10744C1
:10A20000E9E76068036849465B694246984794F805
:10A21000290084F828A0102101238842E2D24A1E96
:10A22000D1B254FA82F292F808C063441372C3F3B5
:10A230000F23F2E7E8B2DCE794F8283016F8012B98
:10A2400003F1010E234484F828E01B7E534001F8FB
:10A25000013BD2E710B40468A469A44610BC60476F
:10A260002DE9F047CC691326E30F0D1F24F00044BD
:10A270000027A3FB0636CC61AC46B9464FF0260E4C
:10A28000DCF824805CF8044FCA46E8FB0E4A01372C
:10A29000E418FFB246EB0A03BA42CCF800404FF094
:10A2A0000006EDD1082A0CD051F82240E41841F8FC
:10A2B000224002F10102D4B246F100030026082C2C
:10A2C000F1E72624A3FB043204FB0622CC69132603
:10A2D000E70FE7FB063224F000460C462F4644F811
:10A2E0001C6F57F8046FF61842F10003BC423E6041
:10A2F0004FF00002F5D12E46132756F8043FDB1924
:10A3000042F10007B44233624FF00002F5D1CB6B4B
:10A31000DE1723F00043CB63043855F8042F2B6A73
:10A32000534033405340AC4240F8043FF5D1BDE8C0
:10A33000F087F0B589B06D46034600F1200701466D
:10A34000002613202C4651F8042B121846F1000069
:10A350008F4245F8042B4FF00006F4D1079AD61728
:10A3600022F00042191FF04307921C3351F8045F9A
:10A3700054F8042B6A4032406A408B420A60F5D19F
:10A3800009B0F0BD2DE9F04F93B002AF0024D1F831
:10A3900000C00B4602F1200816462546394656F8FD
:10A3A00004EBEEFB0C45464547F8044B2C464FF0BA
:10A3B0000005F4D10A940AAF03F11C09019553F882
:10A3C000044FA7F11C0E254694460026DEF80040F7
:10A3D0005CF804ABDDF804B0EAFB054BA4194BF1C3
:10A3E0000006C4454EF8044BF0D1994547F8046F78
:10A3F000E5D10822FFF734FF13B0BDE8F08F0A461D
:10A40000C0E7F0B4002401F1200C0546264651F8BF
:10A41000043B52F8047BDB1946EB06071B1947F196
:10A420000004614545F8043BF1D1F0BC81E7F0B58B
:10A43000002301F12007054651F8044B52F8046B44
:10A4400003F00103E41A63EB0303A41B63F10003AD
:10A45000B94245F8044BEFD1014603F0130251F81D
:10A46000043B04469B1A44F8203B62EB02020B6853
:10A4700002F001029B1A41F8043B62EB0202A14286
:10A48000F5D123F00043C361F0BD404230B5A1F1E6
:10A49000040065EB0505043A1C3150F8044F52F8EE
:10A4A000043F63402B405C4004601468884284EAA7
:10A4B00003041460F1D130BD402070470E4A0F4BA9
:10A4C0000F49DFF840C0C0E902230F4BC0E9041375
:10A4D0000E4BC0E906C30E4B036203F17453A3F5A0
:10A4E0002303A3F692434362002380F870300022D6
:10A4F0000023C0E91A23704767E6096A85AE67BB87
:10A5000072F36E3C7F520E513AF54FA58C68059B55
:10A51000ABD9831F2DE9F04F00F124058BB000F17A
:10A5200064072B4653F8042F12BA9F421A60F9D1E0
:10A5300083680293C3680393036904934369059393
:10A5400083690693C3690793036A0893436A09936F
:10A55000DDE908B8DDE9061CDDE904E9DDE90246CC
:10A56000594B0193019B55F804AF53F8042B019309
:10A570004FEAF12383EAB113524483EA716313442F
:10A5800001EA0C0A2BEA010282EA0A02134486EA73
:10A590000E024344224006EA0E0882EA08024FEA0D
:10A5A000743888EAB40888EAB4589844AF424B44F7
:10A5B0004244F146D84678D110250195019D0F3DC2
:10A5C00005F00F050A3550F825A0019D023D05F064
:10A5D0000F050A3550F82590019D05F00F08073D3D
:10A5E00005F00F0500EB88080A35D8F8287050F8F8
:10A5F00025503D442F464FEABA4585EAFA1585EACB
:10A60000DA054FEAF94A8AEA794A8AEA992A3D4400
:10A6100055444FEAF329C8F8285003EA010A89EAA9
:10A62000B3192CEA030889EA736988EA0A08C8445E
:10A63000254FDDF8049057F82970B844A84408EB7A
:10A640000B054FEA723984EA060889EAB20908EA7A
:10A65000020804EA060A89EAB25988EA0A08C844E4
:10A66000A84405EB0E09019D0135402D0195B64624
:10A67000E34621D1029D45448560039D1544049A1B
:10A68000C56022440261059A32444261069A4A44F6
:10A690008261079A1A44089BC2610B440362099BBA
:10A6A000634443620BB0BDE8F08FE346B6468C4688
:10A6B00026461946144655E78C4626461946144642
:10A6C0004B4642467AE700BF784C0308102A70B523
:10A6D00048D100F10C0301F1100251F8044B43F88A
:10A6E000044B9142F9D100F1180100F1B80601259F
:10A6F0000423042B01F1040020D12A46FFF7A3F91B
:10A700000B7911F80C2CCC7953400B7111F80B2CF0
:10A710004B7953404B7111F80A2C8B7953408B7154
:10A7200011F8093C01355C40EDB200230133B04221
:10A73000CC71DBB20146DCD1012070BD11F80C4CAC
:10A740000A7862400A7111F80B4C4A7862404A71EB
:10A7500011F80A4C8A7862408A71CC7811F8092C79
:10A760005440E3E70020E8E7202A70B55DD100F10E
:10A770000C0301F1200251F8044B43F8044B9142C1
:10A78000F9D100F1280100F1F80601250824082C70
:10A7900001F1040020D12A46FFF755F90B7911F891
:10A7A0001C2C53400B7111F81B2C4B7953404B71EF
:10A7B00011F81A2C8B7953408B7111F8192CCB7925
:10A7C00001355340EDB200240134B042CB71E4B204
:10A7D0000146DCD1012070BD042C15D1FFF750F9E2
:10A7E0000B7911F81C2C53400B7111F81B2C4B7971
:10A7F00053404B7111F81A2C8B7953408B71CB79E4
:10A8000011F8192C5340DFE711F81C2C0B7853403A
:10A810000B7111F81B2C4B7853404B7111F81A2C0B
:10A820008B7853408B71CB78EAE70020D3E7202A5E
:10A830000AD1043001F1200351F8042B40F8042B15
:10A840009942F9D101207047002070472DE9F04F5F
:10A8500091B004460D46FFF7EAFF0C90002800F087
:10A860004481294604F1240305F1200251F8040B28
:10A8700043F8040B9142F9D104F14003039304F12E
:10A8800030034FF0010B0D935A4603990FA8FFF7C1
:10A89000DAF894F824A09DF83C3094F8259094F8C8
:10A8A000268094F827208AEA030A9DF83D3084F830
:10A8B00024A089EA03099DF83E3084F8259088EAAF
:10A8C00003089DF83F3084F82680534094F82920EF
:10A8D000059289EA020794F82A20069288EA02067D
:10A8E00094F82B20019307920799019A84F8273056
:10A8F00094F82830049382EA010594F82C2084F817
:10A9000029708AEA030384F828305340029384F8BC
:10A910002C3094F82D3084F82A605F4084F82B5056
:10A9200084F82D7094F82E300D995E4094F82F30F5
:10A9300084F82E605D4094F830300893089A029BAA
:10A9400084F82F50534084F8303094F83130099314
:10A950007B4084F8313094F832300A93734084F8A5
:10A96000323094F833300B936B4084F83330FFF778
:10A9700087F894F834209DF83C309DF83D1094F809
:10A9800036C09DF83FE05A4094F8353084F83420C2
:10A990004B409DF83E1084F835308CEA010C94F859
:10A9A000371084F836C081EA0E0194F838E084F854
:10A9B000371082EA0E0294F839E084F8382083EAEE
:10A9C0000E0394F83AE084F839308CEA0E0C94F8CF
:10A9D0003BE084F83AC081EA0E0194F83CE084F848
:10A9E0003B1082EA0E0294F83DE084F83C2083EAB2
:10A9F0000E0394F83EE084F83D308CEA0E0C94F897
:10AA00003FE084F83EC081EA0E0194F840E084F80B
:10AA10003F1082EA0E0284F8402094F8412053400F
:10AA200084F8413094F842300BF1010B8CEA030CAE
:10AA300094F8433084F842C05FFA8BFB5940BBF175
:10AA4000070F84F843107FF41FAF03995A46FEF7AF
:10AA5000FAFF9DF83FE0019B9DF83C009DF83D10FA
:10AA60009DF83E2083EA0E0C049B84F827C04340E7
:10AA70008AEA000A84F828301846059BDDF808C0E9
:10AA800084F824A04B4089EA010984F8293019464A
:10AA9000069B84F82590534088EA020884F82A30FF
:10AAA0001A46079B84F8268083EA0E035D4084F8EB
:10AAB0002F50089D84F82B308CEA000C45400998F3
:10AAC00084F82CC04F4048400A9984F82D705640B5
:10AAD00051400B9A84F82E605A4084F8305084F824
:10AAE000310084F8321084F833200C9811B0BDE89E
:10AAF000F08F102A10B50ED100F1080301F11002F9
:10AB000051F8044B43F8044B9142F9D1102380F8DB
:10AB10002830012010BD0020FCE72DE9F843154640
:10AB20008946D100D0E91A325B1842EB5572C0E970
:10AB30001A32044600F128074FF000080DB9BDE8AD
:10AB4000F88394F87000C0F14006F6B2AE4288BFB8
:10AB5000EEB249463246384415F04CFA94F870305B
:10AB60003344DBB2402B84F87030A5EB0605B144CA
:10AB7000E4D12046FFF7CEFC84F87080DEE7F8B51C
:10AB800000F1280590F8703017468022EA5490F8BA
:10AB90007020372B04460E4602F101002FD8C2F177
:10ABA00037020021284414F086FDA36E19BAE36E23
:10ABB0001A06180A42EA136200F47F401B0202439D
:10ABC00003F47F031343C4E918312046FFF7A2FCC6
:10ABD000231D04F1240153F8042F12BA8B421A6288
:10ABE000F9D1236820469B689847B8420246294617
:10ABF00028BF3A463046BDE8F84015F0FBB9C2F12F
:10AC00003F020021284414F056FD2046FFF782FC45
:10AC1000382200212846C6E72DE9F8431D4603687F
:10AC20009DF82090DB6804460E46904698472368BE
:10AC300007461B6920469847AF420ED32A46414635
:10AC4000304615F0D7F974197A1B4946204614F09E
:10AC500032FDB44217D1BDE8F88323682A46414645
:10AC600020465B699847236820469B68984723687D
:10AC700002469B6905463146204698472368204690
:10AC80001B699847DFE716F8013B89EA030306F8DA
:10AC9000013CDEE713B513463622044600920A460D
:10ACA00000F12801FFF7B8FFD4E91A3213F5007359
:10ACB00042F100022046C4E91A3202B0BDE8104059
:10ACC00028E410B5044615F08DFA204610BD10B5E5
:10ACD000044615F087FA204610BD10B5044615F05D
:10ACE00081FA204610BD10B5044615F07BFA2046C7
:10ACF00010BD10B5044615F075FA204610BD90F849
:10AD0000282008B512B103681B6B9847BDE80840BE
:10AD1000E8F722BA0846431C114601D004F077BA7E
:10AD200070470846A0F12B03032B114601D904F00C
:10AD30006EBA70470846431C114601D004F02EBB82
:10AD4000704708462D28114604D82B281DD80DD051
:10AD500004F024BB2E28FBD14FF0B043D3F894204D
:10AD600081B942F40042C3F894207047074BD3F8EE
:10AD7000902021B922F40042C3F89020704742F499
:10AD80000042F9E722F40042EDE770470004005862
:10AD90004B1C084601D004F03BBB00207047A1F1DA
:10ADA0002B030846032B1BD8DFE803F00D02071323
:10ADB0000C4B5869C0F3400070470B4BD3F80401AB
:10ADC000C0F380407047074BD3F89000C0F3C03009
:10ADD00070474FF0B043D3F8940080F40040F5E79B
:10ADE00004F016BB0004005800E100E02DE9F04F2C
:10ADF0001D464B1C8DB00C46164600F0BA8004A8C8
:10AE000009F05CF80023079326B16F4B07936F4B53
:10AE100004960693E3B22A2B00F2AE806C4A52F8F5
:10AE2000236004F4E0642643C6F30310E8F728F92E
:10AE30000446002800F09A80022D00F0B180032D16
:10AE400000F0B180002D0CBF4FF404154FF48815AD
:10AE500006F00F060127B74004A908A809F033F847
:10AE60001FFA87F80023B8F1010F03F1010240F047
:10AE70009D80DBB2E068CDF8048059004FF00309F3
:10AE800009FA01F20240CA4002EA090A05F48012F6
:10AE90000292504805F4001200260392019AB24033
:10AEA0003A404BD0D4F80CC0750009FA05FE2CEAE4
:10AEB0000E0C0AFA05F545EA0C05E560256826F052
:10AEC000030C0CF1804C25EA0E050CF5803C256046
:10AED000B4F1904FDCF808806CD03F498C426BD0C5
:10AEE0003E4DAC4214BF0725022506F0030E4FEA83
:10AEF0008E0E072101FA0EFB28EA0B0805FA0EF563
:10AF000045EA08050299CCF8085005686FEA020C7A
:10AF1000002953D105EA0C0503990560456800290D
:10AF20004ED015434560D0F880502A43C0F88020A9
:10AF3000D0F8842002EA0C02C0F88420013637FAE7
:10AF400006F5ABD1142202FB03F4254E201D08A9FF
:10AF5000304408F0C8FF30572A460621E6F788FC3F
:10AF60003057E6F765FC08A8E7F744FF04A8E7F7C1
:10AF700041FF0DB0BDE8F08F04F0C002C02A0CD133
:10AF8000CB2B0AD8174B04F03F0204F4E06453F8CB
:10AF900022200F4B53F8226045E74FF0FF3643E77E
:10AFA0004FF4441554E74FF4041551E74FEA58089D
:10AFB000134658E7002598E7012596E71543ABE7C8
:10AFC0000CEA0505AEE700BF43040008470400088B
:10AFD000A82403080008005800040048000800489E
:10AFE000AC110020244A03081FB568460C4608F03F
:10AFF00065FF0B4B039369460A4B0B480293009481
:10B0000008F071FF094B4FF48022C3F884213220ED
:10B01000E6F70EFC6846E7F7EDFE04B010BD00BF92
:10B0200031B00108A58E0108B020002000E100E049
:10B0300010B504463220E6F709FC2368BDE810404D
:10B0400018474B1C70B559D0CBB22A2B42D82C4A8A
:10B0500052F8233001F4E06119430B0913F00C049A
:10B060004CD1284A03F00F0352F82330002B45D06F
:10B0700001F00F0101238B409BB2012B04F101026F
:10B0800039D1E4B21426204D6643301D284407F020
:10B09000F3FFA9572B461022284693F900508D4202
:10B0A00001D1DD6855BB013A03F11403F5D1174A0C
:10B0B000174902EB8402D1F88030D2F8542323EAF6
:10B0C0000203C1F8803014235C430057BDE8704090
:10B0D000E6F7BCBB01F0C002C02A0FD1CB2B0DD8C4
:10B0E0000A4B01F03F0201F4E06153F82220044BC7
:10B0F00053F82230B0E75B081446BEE770BD00BFCE
:10B10000A8240308044A0308AC110020244A0308B9
:10B110000008005808B53220E6F798FBBDE8084063
:10B12000014807F0A9BF00BFB0200020084609B1C0
:10B1300004F0ACB97047E7F7D3BF2DE9F8431D46DB
:10B140004B1C14464DD0CBB22A2B10D82D4A52F8A6
:10B15000233001F4E0611943090903F00F030126CC
:10B1600011F00C0F06FA03F612D0002715E001F0DB
:10B17000C002C02A2CD1CB2B2AD8234B01F03F028E
:10B1800001F4E06153F822201E4B53F82230E2E72D
:10B190001E4B01F00F0153F82170002C18BF3446EC
:10B1A000E7F79EFF80463B693340A34213D03B69DB
:10B1B00033409C4217D1E7F793FF81463B69334008
:10B1C0009C4217D0E7F78CFFA0EB0900BDE8F8839D
:10B1D0004FF40046C9E7E7F783FFA0EB080085427C
:10B1E000E1D20020F2E7E7F77BFFA0EB0800854201
:10B1F000DDD2F6E7E7F774FFA0EB08008542DDD269
:10B20000EFE700BFA8240308244A0308044A030800
:10B21000C069064981670022012380F85D2080F81B
:10B220007C3080F87D20FDF70DBC00BF00093D009B
:10B2300017B4C469D0E90801A36F6A46984282E84E
:10B24000030005D1B4F87C10BDF8043099420ED04B
:10B2500093880098A067A4F87C3094F87C3094F828
:10B260007D20A16F204603B010BCFDF7EBBB03B0FF
:10B2700010BC7047481C1FD0C9B22A290DD80F4BEB
:10B2800053F821305A1C17D00D4A1268934213D13B
:10B290000C4B186880B1E7F7B6BD01F0C003C02BB6
:10B2A0000AD1CB2908D8084B01F03F0153F82120DF
:10B2B000024B53F82230E5E7704700BFA82403088B
:10B2C000F4010020BC560020244A03082DE9FF4762
:10B2D0004D1C90461C4633D09D4DC9B22A292B687F
:10B2E00021D89C4A52F821703BB9B42014F072FF67
:10B2F0009949064608F01EFE2E60781C20D0974B18
:10B300001A68511C01D097421AD1B8F5803F17D264
:10B310002E68B8F1000F1ED196B1304604B0BDE8DA
:10B32000F047E7F770BD01F0C002C02A0BD03BB96F
:10B33000B42014F04FFF8849044608F0FBFD2C6050
:10B3400004B0BDE8F087CB29F1D8854A01F03F0170
:10B3500052F82110C5E74FEA48081F60E4B108FB26
:10B3600004F44FF47A72B4FBF2F4384601215C60C5
:10B37000E7F738FF4FF0B04334699F68D3F80831DE
:10B38000784B621C1B687BD0774B9C420ED006D852
:10B39000B4F1804F6BD0FEE74FF0FF34E5E76E4B22
:10B3A0009C4203D003F580639C42F4D107F46057BC
:10B3B000E7F7A2FBB7F5C06F63D827F48077B7F53E
:10B3C000806F5BD0B0FBF8F0020C531C984232BF88
:10B3D0000020B0FBF3F000F1FF30A262E062F06108
:10B3E000226812F0010207D1E36896F84C1013F0BE
:10B3F000010349D101295ED1684608F05FFD5B4B2E
:10B4000000935B4B03935B4B0293F36E06F1640076
:10B410006946002B59D008F066FD6846E7F7EAFC5C
:10B42000554F2C6807F1040804F10209264600254F
:10B43000012139F8023F002B61D004F17C0252F85F
:10B4400025A0BAF1000F07D098F800002269C14387
:10B450001161D1680143D160013B0A2B4ED8DFE86E
:10B4600003F042424242424242C7C7C78D0007F43E
:10B47000E067E7F72FFBB7F5C06F9BD14000A1E76E
:10B48000FEE7B7F5E06F9CE7E368012923F00103CD
:10B49000E36008D0022386F84D300123636186F80B
:10B4A0004D3086F84C206FF001032361E36843F0D0
:10B4B0000103E360A0E7022286F84D2001226261C9
:10B4C00086F84D2086F84C3096E708F00CFD029B7C
:10B4D000002BA2D033696FF001021A61DA6842F0E2
:10B4E0000102DA6099E73378DB0604D5294604F1D6
:10B4F000100008F0EFFD3378D80722D4002104357E
:10B50000102D06F1010607F1010708F1010890D19D
:10B51000E36E3BB123696FF001021A61DA6842F011
:10B520000102DA6000293FF40BAF23691B68DB07D7
:10B530003FF506AF04F1100004B0BDE8F04708F095
:10B5400021BF294604F1100008F0A2FED6E700BF93
:10B55000BC560020A824030800440140F401002048
:10B56000244A030800400058002C014033EA010837
:10B570004304000847040008B84D0308294604F1B5
:10B58000100008F0F7FD3A78013AA15C11F01003C1
:10B5900006D0022A2AD8194B03EB4203B3F89C3396
:10B5A000C90707D5032A21D8DFE802F002171A1DC0
:10B5B00043F001032169086A03430B62BAF1000FEB
:10B5C0009CD0032A13D80D4B134493F89823D343EC
:10B5D0000B61CB681343CB6090E743F01003E9E7BE
:10B5E00043F48073E6E743F48053E3E7FEE7FEE7C6
:10B5F000294604F1100008F0BDFD7FE7244A030846
:10B60000F0B587B001AC84E80E0003689DF83060A7
:10B61000D3F8C430029F0DF1170105469847044640
:10B62000002856D1032E9DF8173002D0B3420FD117
:10B630003346E3B92B6801991B6C284698470446AA
:10B64000002846D12B6839465B6C284698470CE0A9
:10B650002B6828461B69984738B92B683146D3F8C0
:10B66000C030284698470028E2D0044631E0012B3C
:10B6700016D12B689DF80410D3F8E030284698477F
:10B68000044630BB2B683946D3F8DC30284698474F
:10B690000446F0B99DF80C10284604F065FBE4E779
:10B6A000022B16D19DF805209DF80430032A13D8EB
:10B6B000092B85F8882012D885F88930032385F86E
:10B6C0008A304FF48073A5F898309DF8063085F8DD
:10B6D0008F30204607B0F0BD6FF00904F9E76FF036
:10B6E0000704F6E78AB2114604F028BB07B5002329
:10B6F000ADF8043001AA02231221806C04F022FC70
:10B70000BDF8040040BA80B203B05DF804FB08B590
:10B71000806C07F0BAFDC0B20AF01CF9044B00229D
:10B7200001F100410AF080F90AF068FD08BD00BF90
:10B730000000E03F04F0B0B990F8361004F090B982
:10B7400004F08EB92DE9F04186B00E46174600216F
:10B750001422044601A813F0AEFF3A46314601A870
:10B76000FCF734FE10B9059B236108E0049D4FF0FF
:10B7700000082A4643462046FCF74EFC18B9002034
:10B7800006B0BDE8F081216821B92A462046FCF7C1
:10B7900021FCF5E7E368A2682B44934205D92369AD
:10B7A0000E4A002B08BF1346DEE7636801913A4654
:10B7B000314601A8CDE90235CDE90488FCF706FE43
:10B7C000049AE3681344E360AA42029B6360059B0A
:10B7D00001D12361D4E7024AE3E700BF156C0308F7
:10B7E000356D030810B48C7D4B8A04F00F04022CD5
:10B7F00017D1012B05D1CB691A78002310BCFCF7B7
:10B800000BBC022B02D1CB691A88F6E7042B02D1BC
:10B81000CB691A68F1E7082B24D1CB69D3E900235F
:10B82000ECE7012B0DD1CB6993F90020D317032C42
:10B83000E4D1921843EB030182EAE37281EAE373F5
:10B84000DCE7022B03D1CB69B3F90020EEE7042B30
:10B8500002D1CB691A68E9E7082B03D1CB69D3E998
:10B860000023E4E70369044A10BC002B08BF134619
:10B8700003610020704700BF866B03084A8A042AD0
:10B8800002D1C969FCF7A6BB082AFAD002690349AC
:10B89000002A08BF0A46026100207047866B030831
:10B8A00030B50B4D01444FF0FF33814201D1D843F5
:10B8B00030BD10F8012B5340082243F30004013A35
:10B8C0002C4012F0FF0284EA5303F6D1EDE700BFEB
:10B8D0002083B8ED2DE9F74F90F810B001930C9B41
:10B8E0000093437CDDF834904FEADB0606EBD30689
:10B8F0004E44044630468846924614F06BFC05469A
:10B90000304614F067FCBBF1080F5FFA88F3074676
:10B910005FFA8AFC95BF2846284643EA0C0343EAAF
:10B920001A238CBF00F8023B00F8013B638988BFF3
:10B9300085F801C0434501994A4630D114F05AFBBD
:10B94000206803685B6B98472068216A0368C268B7
:10B95000DB689847206803683246D3F838B0294638
:10B960003B46D8472068216A03680269DB6898472C
:10B9700020680368DB6B98472389434506D1217C07
:10B9800000984A4607EBD10114F034FB284614F026
:10B9900029FC384603B0BDE8F04F14F023BCA18960
:10B9A00013F089FECCE72DE9F84FDDF830809DF8E3
:10B9B00034B004460E46154602EB080A994613B900
:10B9C000837C0AEBD30A504614F004FC2A4607464F
:10B9D000314614F00FFB7819B9F1000F55D00A99D0
:10B9E000424614F007FBBBF1000F07D0E26A206863
:10B9F0000132036850D1DB6932219847504614F078
:10BA0000E9FB0646206803685B6B98472068216A5B
:10BA10000368C268DB689847206803689B6B5246DE
:10BA20009C4639463346E0472068216A036802692C
:10BA3000DB68984720680368DB6B9847BBF1000F11
:10BA400007D0E26A20680132036843D1DB69012133
:10BA500098476369002B5CD0B8F1000F5BD0E27CA3
:10BA6000B05C98478246B9F1000F07D1A37C0B98D0
:10BA700005EBD3014246314414F0BCFA384614F0C9
:10BA8000B1FB304614F0AEFB21E0A27CA18908EBAB
:10BA9000D20213F010FEA6E75B6A984706462068BC
:10BAA000E16A03681B6998470028A7D020680368EB
:10BAB0005B6D9847206803685B6A9847E369801B61
:10BAC0009842ECD3384614F08DFB6FF4307A504630
:10BAD000BDE8F88F1B6A01219847206803685B6AFC
:10BAE000984782462068E16A03681B6998470028E6
:10BAF000AFD0206803685B6D9847206803685B6A75
:10BB00009847E369A0EB0A009842EBD36FF4307AD0
:10BB1000A9E79A46A7E7C246A5E72DE9F0431F46E5
:10BB2000037987B006468C4643B9CDE900720A46D0
:10BB30000189FFF7CFFE07B0BDE8F08390F91150FF
:10BB400090F811E0002DB8BF0735C5F3C705681E92
:10BB500040B204AC4FEAC00803462146002B15DA78
:10BB60000130307CB8BF0025C0080D44441E64B2CB
:10BB7000631C16D10123CDE90223002300EBDE0272
:10BB8000019700933046FFF70EFFD4E7B6F8089010
:10BB9000013B49FA08F904F8019B5BB2A8F10808D7
:10BBA000DCE7E3002CFA03F305F8013B013CDEE798
:10BBB000F0B589B000238DF81730037904460A46A2
:10BBC0005BB9012101910DF1170100910189FFF786
:10BBD00081FE9DF8170009B0F0BD90F91130467C48
:10BBE000002BB8BF0733C3F3C703581E40B206AFDC
:10BBF0004FEAC00C05463946002D17DA257C013086
:10BC0000B8BF0023ED080B44681E40B2471C18D192
:10BC10000123CDE902330DF11703019300230093B3
:10BC200005EBD6022046FFF7BEFED2E7B4F808E0E7
:10BC3000013D4EFA0CFE07F801EB6DB2ACF1080CB9
:10BC4000DAE7C70022FA07F703F8017B0138DCE7DF
:10BC50002DE9F04317461A46037987B006468C460D
:10BC60004BB9CDE900320A463B464189FFF732FE27
:10BC700007B0BDE8F08390F9115090F811E0002D65
:10BC8000B8BF0735C5F3C705681E40B204AC4FEA1C
:10BC9000C00803462146002B15DA0130307CB8BFBE
:10BCA0000025C0080D44441E64B2631C16D1012354
:10BCB000CDE902230022CDE9007200EBDE0230461E
:10BCC000FFF771FED4E7B6F80A90013B49FA08F98C
:10BCD00004F8019B5BB2A8F10808DCE7E3002CFA4A
:10BCE00003F305F8013B013CDEE773B500230E4684
:10BCF0000DF1070240F6D80105468DF8073004F033
:10BD0000C8F9044670B99DF8073076B143F01E03B8
:10BD10008DF80730A86C01230DF1070240F6D80119
:10BD2000FFF796FF204602B070BD23F01E0343F0DC
:10BD30000803EDE7D0F8A0302DE9F34104460E46A4
:10BD4000002B63D0FDF7ECFAB4F89030471EBAB27E
:10BD50003FB2B7EB530FA8BFD21A03F0010594F816
:10BD60008F30A8BF17B20135002B53D0AD004FF470
:10BD700080584FF09841206C0AF09EFB4FF07451B0
:10BD80000AF09AFB0AF05EFDD4F8A42094F88A30F9
:10BD90006D0208FB07559A42A0EB050004D29B1ADE
:10BDA000DB0758BF00F5807006EB460700BA7F003E
:10BDB000042301900DEB0302A06C07F28A31FFF718
:10BDC00047FF66B394F88A30B3422AD8D4F89C501F
:10BDD000312D28D8ADB200238DF80030A06C8DF83D
:10BDE000015002236A4607F56271FFF731FFD4F86C
:10BDF0009C305B1BC4F89C30D4F8A030013BC4F8E5
:10BE0000A030D4F8A4300133C4F8A430002002B02C
:10BE1000BDE8F0811A235D434FF4D048A9E77325AC
:10BE2000D9E77225D7E73225D5E770B586B000236C
:10BE30008DF8133090F91130427C002BB8BF0733D6
:10BE4000DB10013B04465BB205A8DD000146002B78
:10BE500016DA0123CDE902330DF113030193002318
:10BE60000093D2082046FFF79EFD054628B9636976
:10BE70001BB19DF813009847E080284606B070BDBE
:10BE8000E689013B2E4100F8016B5BB2083DDEE71D
:10BE90002DE9F04100F1300305460C460F4601F153
:10BEA00010083E4603CE464518605960374603F1F8
:10BEB0000803F6D130681860043C6A64286854F8B6
:10BEC000041F036882689B6898474445F6D1BDE823
:10BED000F081F8B50546FCF768FF88B1041D05F14F
:10BEE0002C0605F1400756F8041F002904DB2868DA
:10BEF00022680368DB689847BE4204F10404F2D16B
:10BF0000F8BD08B5806C0221FFF7E3FF4FF0FF306A
:10BF100008BD836903B11847184670472DE9F043FF
:10BF200090F9114090F811E0002CB8BF073487B0A9
:10BF3000E410013C054664B205A89DF838809DF8E0
:10BF40003C608C46E7000146002C11DACDE902384E
:10BF50000023CDE90023284601234FEADE02FFF744
:10BF600022FD68B966B1284607B0BDE8F043D0E7C6
:10BF70004CFA07F9013C00F8019B64B2083FE3E783
:10BF800007B0BDE8F0832DE9FF41036800229B6DF7
:10BF900005460E4698470446B8BB1E4B8DF80B006D
:10BFA000093603EB46060DF10B0296F8A23340F674
:10BFB000E701284603F00F081F0904F06AF8044659
:10BFC00018BB02463B464146284603F083FD044623
:10BFD000D8B996F8A3738DF80C700126CDE90066E8
:10BFE00004238DF80D30A86C022303AA8E21FFF7DD
:10BFF00095FF044648B9A86C85F8787033460DF172
:10C000000B0240F6E701FFF723FE204604B0BDE82F
:10C01000F08100BF244A03082DE9FF410E464FF08E
:10C0200000080DF10B0240F6E70105468DF80B8084
:10C0300004F02FF8044600285DD12B682846D3F879
:10C04000D030984704210246FCF7AFFE0321074693
:10C050001046FCF7AAFE28B167B90E2E4FDD6FF02F
:10C060000C0448E016F1090FF9DB002FF7D006F1B8
:10C07000090303E00E2EF3B20DDD0933DBB21F2BF3
:10C08000EDD8072322460421284603F023FD04238C
:10C09000044601210CE01133DBB21F2BDFD823460D
:10C0A00004210122284603F015FD032304464146DE
:10C0B00085F84430FCB92846FFF717FE0446D0B98E
:10C0C0000127CDE9007704238DF80D30A86CF6B276
:10C0D000022303AA8E218DF80C60FFF71FFF044690
:10C0E00048B9A86C85F878603B460DF10B0240F624
:10C0F000E701FFF7ADFD204604B0BDE8F08106F191
:10C100001103DBB21F2BAAD82346042101222846A3
:10C1100003F0E0FC032304463946C9E71FB50B0CC6
:10C120008DF80C300B0A8DF80D3000220123CDE97B
:10C1300000328DF80E10032303AA8221806CFFF7D2
:10C14000EDFE05B05DF804FBF0B585B00024009469
:10C1500005462346224640F6E201806C03F066FE67
:10C1600000942346224640F6E501A86C03F05EFEEB
:10C170006FF07F412846FFF7D1FFAB6C186803686A
:10C180000A21DB699847264627460DF10F0240F643
:10C19000190128468DF80F7003F07BFF9DF80F0002
:10C1A00000F00100A04001343043082CC6B2ECD1AD
:10C1B0002B6828461B6998470097A86C002301222A
:10C1C00040F6E20103F032FE0097A86C0023012242
:10C1D00040F6E50103F02AFE304605B0F0BD30B56B
:10C1E00090F83450022D85B0044606D0032D12D0AD
:10C1F0006FF01805284605B030BD2946806CFFF762
:10C2000068FED4F884102046FFF788FF0546002317
:10C2100084F83430EEE790F84410806CFFF759FE54
:10C220000023ADF80C308DF80E300123CDE900333A
:10C2300003AA2B46A06C8321FFF770FE0546002859
:10C24000D8D1A36C1868D96A02681269904700288F
:10C25000DDD0A36C186803685B6D9847F1E71FB5E4
:10C260000123CDE9003349BA0223ADF80C1003AA2B
:10C270001946806CFFF752FE05B05DF804FB10B55F
:10C28000FFF7EDFF074B4FF48022C3F88421064BE4
:10C29000D3F88830044613B13220E5F7C9FA2046B6
:10C2A00010BD00BF00E100E0302000201FB50123D9
:10C2B000CDE9003309BA0391042303AA8621806CD7
:10C2C000FFF72CFE05B05DF804FB37B50D460446BC
:10C2D00090F84410806CFFF7FCFD55B90123CDE9BF
:10C2E00000330023A06C1A46D121FFF717FE03B0DC
:10C2F00030BD29462046FFF7D9FF0028EED0F6E7EB
:10C3000030B585B00D0C089C8DF80C30230C8DF8E1
:10C310000D300123CDE9003308238DF808508DF846
:10C320000A100D0A8DF80B2064BA0DEB03028B2165
:10C33000806C8DF80950ADF80E40FFF7EFFD05B0A9
:10C3400030BDF0B585B005460E4603F0E7FC044667
:10C35000002867D18DF808600126CDE900663346D4
:10C36000A86C02AA8A21FFF7D9FD0446002859D1FA
:10C3700095F83630CDE90066002B0CBF2023302322
:10C380008DF80830A86C334602AA9321FFF7C6FD4A
:10C390000446002846D103238DF8083095F84C3028
:10C3A000ADF80C00CDE900660D338DF809300A2395
:10C3B000ADF80A308DF80E000723A86C02AA882178
:10C3C000FFF7ACFD044668BB2B6844F2FF31D3F89D
:10C3D000E43028469847224607462146284603F07F
:10C3E000ADFC07433CB2ECB9CDE900647F238DF886
:10C3F0000830A86C334602AA8921FFF78FFD044656
:10C4000080B9AB6C186803680521DB699847AB6C91
:10C410001868D96A02681269904730B9A86CFFF7AA
:10C4200004FD0446204605B0F0BDAB6C18680368F7
:10C430005B6D9847EBE72DE9F047846C0546206873
:10C440001F46036886B05B6C88461646984720688E
:10C45000216A036882689B6898472068216A03689C
:10C460000269DB689847AB6C1868596A026894687F
:10C470004268A047AB6C1868D96A02689468426841
:10C48000A047AB6C41484FF401621A820122DA7472
:10C49000AB6C4FF440011A713D4A5A61C3E9020185
:10C4A000D5F838A00A244FF00009284603F042FBD3
:10C4B000A86C10224FF4487102ABCDE90299CDE986
:10C4C0000499FFF72AFB062202A9504613F0FBF855
:10C4D00078B995F835300BB339462846FFF731FF68
:10C4E000044648BBA86C0123002E43D18DF80830C8
:10C4F00043E0AB6C186803680A21DB69013C98478C
:10C5000014F0FF04D1D1AB6C186803689B6C98479A
:10C510006FF00104204606B0BDE8F08700214046D8
:10C5200009F0A8FD0028D7D04146284603F03DFB7E
:10C5300004460028D0D0EDE72B6828461B699847B1
:10C54000A86C06F092FE134B9C42E3D18306E1D522
:10C55000002385F835300021284603F026FB0446E9
:10C560000028D7D139462846FFF7EBFE04460028BD
:10C57000B8D0CFE700228DF80820CDE9003302AA19
:10C580009621FFF7CBFC0446C4E700BF1D000D0059
:10C59000EB9201083DFDFFFF7047704770477FB584
:10C5A000002305460846ADF808300E460AF0D4F8D8
:10C5B000A0F286331A2B4BD9A0F25F33072B53D945
:10C5C000A0F20B33082B52D9A0F5EB73282B51D9CD
:10C5D000A0F5D7730A2B50D94FF08141304609F0AE
:10C5E00061FE4FF07E5109F05DFE4FF07A5109F087
:10C5F00063FF10F07FF80AF025F94FF08141C4B2D3
:10C60000304609F051FE4FF07E5109F04DFE4FF0DB
:10C610007A5109F051FF10F02BF80AF013F9E107F5
:10C62000C3B25CBF04F1FF34E4B2DA075CBF01338C
:10C63000DBB28DF80D300123CDE900338DF80C40CD
:10C64000022303AAA86C9821FFF768FC04B070BD10
:10C65000E122E9238DF809300123CDE900338DF87B
:10C660000820022302AAEDE7D722DB23F2E7C1224A
:10C67000C523EFE775228123ECE76B226F23E9E7FF
:10C6800038B50C4605461749204609F0E9FC30B399
:10C690001549204609F0DAFC08B3296C204609F058
:10C6A00001FE124920F0004009F0DAFC80B92C6448
:10C6B0004FF09841204609F0FFFE4FF0745109F009
:10C6C000FBFE0AF0BFF801462846BDE83840EDE51C
:10C6D00021462846FFF763FF0028E8D038BD6FF0F9
:10C6E0000B00FBE700001643000070440000A0416F
:10C6F00007B5FF238DF807300DF107020123112143
:10C70000806C03F01FFC9DF8070003B05DF804FB8C
:10C710002DE9F047984603681B6904460F46164604
:10C72000984700283ED194F84D30042B3CD9072E71
:10C730006BD994F84F30012B36D1FD2E68D8236881
:10C740003146DB6F2046984723680546D3F824908E
:10C750003246434639462046C84718BB20464FF468
:10C760007A7305EB8505B5FBF3F5FFF7C1FFA36C05
:10C770000646186803685B6A984705350746A36C48
:10C78000186803685B6D9847A36C186803685B6A58
:10C790009847C01B854209D2236820469B6A984768
:10C7A0006FF00400BDE8F087FF2EC7E7A36C1868A0
:10C7B000596A0268126990470028E0D0032E236866
:10C7C0001DD1D3F8843020469847C20717D4236878
:10C7D0002046D3F8843098474304D0D5D4F8A41029
:10C7E000204601F00F01FFF7A5FA0028C7D1236802
:10C7F00044F2FF31D3F8E43020469847BFE723687E
:10C8000020469B6ABDE8F04718476FF01D00C9E756
:10C810006FF00300C6E7036873B51B6904469847C9
:10C820000546A8BB94F85030012B27D12046FFF7CE
:10C830005FFF0128064621D103460DF10602A06CD8
:10C840008DF8065040F60211FFF702FA0DF10702CB
:10C8500040F6441120468DF8075003F01AFCB8B991
:10C860009DF80730A06C43F002038DF807300DF1FE
:10C870000702334640F64411FFF7EAF92368D3F87C
:10C88000E43044F2FF31204602B0BDE87040184762
:10C8900002B070BD13B50446FFF72AFF012806D188
:10C8A00094F85030012B02D1E06F02B010BD00238C
:10C8B000ADF80430A06C022301AA132103F042FB5F
:10C8C0009DF80400F1E72DE9F041054686B0806C43
:10C8D0000F461646FFF7A9FA2B680446D3F88430B2
:10C8E000284698476FF430739C4208D110F4007FBB
:10C8F00018BF6FF00504204606B0BDE8F081002C9B
:10C90000F9D1430643D400F03000202814BF4FF083
:10C9100000086FF006082846FFF7EAFE0023ADF88E
:10C92000143005AA0223A86C132103F00BFB9DF819
:10C9300015209DF8143016B1B34228BF3346AE6CB3
:10C940008DF815200122CDE902321E2100238DF839
:10C95000141001970093022205A93046FFF723F82F
:10C9600004460028C7D13046FFF7D3FA0446002812
:10C97000C1D12B6844F2FF31D3F8E4302846984700
:10C98000B8F1000F0CBF04466FF00604B3E76FF078
:10C990000608C0E72DE9FF4704460D46FFF7A8FE4D
:10C9A00001286CD1236820461B699847002863D171
:10C9B000A06C0221FFF78DFAA9682046FCF7BCFDA8
:10C9C000E96806462046FCF7B7FDB1B282B22046C0
:10C9D00003F0B4F900284FD1236844F2FF31D3F8B3
:10C9E000E43020469847002846D1686895F80080D2
:10C9F00095F8019094F84CA0AF78EE7809F004FD1A
:10CA0000204909F00DFE09F01DFFB8F1FF0F08BF26
:10CA10004FF002080125B9F1FF0F08BF0AF10D0A16
:10CA2000CDE900554FEA104308BF5FFA8AF9FF2F9E
:10CA300008BF0A278DF80C30FF2E4FEA102308BFDD
:10CA400000268DF80D308DF80E000723A06C8DF8B0
:10CA5000088002AA88218DF809908DF80A708DF857
:10CA60000B60FFF75BFA38B9CDE900550346024683
:10CA7000C521A06CFFF752FA04B0BDE8F0876FF053
:10CA80001300F9E700007A4110B50446FFF730FEC5
:10CA900001280ED123682046D3F884309847C30577
:10CAA0000AD410F0800F14BF6FF00E004FF0FF306B
:10CAB00010BD6FF01300FBE70048F9E742FDFFFFF0
:10CAC00010B50446FFF714FE012812D1A06C06F041
:10CAD000DCFB10F4004FC0F3072018BFA0F58070F6
:10CAE00008F038FF044B002208F09EFF09F086FB97
:10CAF00010BD0248FCE700BF0000D03F0000A0C10D
:10CB00002DE9F0428AB004460F46FFF7F1FD05AE6D
:10CB100000230DF11C090128C9E9013305460793DB
:10CB20000593B3803CD194F84D30042B34D80433B2
:10CB3000DBB28DF8243094F84C308DF81C30636DE6
:10CB40000893B4F85230ADF8143094F84F30003BED
:10CB500018BF01238DF8173094F85030591E4B42FE
:10CB60004B418DF8163094F84E30003B18BF01232E
:10CB70008DF81830039796E80300099B0190ADF8F3
:10CB800008100093216899E80C008E6F2046294612
:10CB9000B0470AB0BDE8F082072B08BF0823C8E7FA
:10CBA00020BBE06D09F030FC0146204809F038FD5B
:10CBB0000790206E09F028FC94F86730089013F075
:10CBC000FB0F11D0022B03D09A1F534253415B003D
:10CBD000B4F86C20ADF8142094F868208DF8162075
:10CBE0008DF817300025C5E70123F1E703280ED1A2
:10CBF000B4F888305BBAADF81C3094F88F308DF8FB
:10CC00001E3094F88A308DF814300225B2E70228DD
:10CC100008D1E06D09F0F8FB0146044809F000FD79
:10CC20000790DFE76FF01300B3E700BF00007A4919
:10CC300010B50C4659B1FFF75BFD012802D003285F
:10CC400003D038B92070002010BD0220FAE76FF041
:10CC50000200F9E76FF01300F6E737B504460D461A
:10CC6000FFF746FD58BB0021284609F0E5F960B9F9
:10CC70001449284609F0F4F920B11349284609F06F
:10CC8000E5F918B96FF0650017E00E4D0F49284619
:10CC900009F012FC4FF0984109F00EFC0C4909F024
:10CCA000BFFC09F0CFFD2066009094F8653094F841
:10CCB0006620E16D2046FFF723FB03B030BD6FF027
:10CCC0001300FAE79A99193F0000484300007A449C
:10CCD0000024F44B7FB505460C46FFF709FD0028FC
:10CCE00055D0032804D0022810D06FF013044BE075
:10CCF0005B49204609F0B4F928B15A49204609F0A9
:10CD0000A5F9002843D16FF064043DE05649204660
:10CD100009F0A6F90028F6D05449204609F096F902
:10CD20000028F0D05249204609F0C6FB0146514880
:10CD300009F076FC09F086FD030C8DF80C30030A2F
:10CD40008DF80D3016238DF80F300123E865CDE9FD
:10CD500000338DF80E000423A86C03AA8B21FFF783
:10CD6000DDF8044680B92846FFF7C2FC60B9EB6DD8
:10CD7000A86CB3F5966F20D104230093224640F6A9
:10CD8000B80103F053F80446204604B070BD38499A
:10CD9000204609F091FB0146364809F041FC09F0B4
:10CDA00051FD2B6EE8650093014695F8653095F8C6
:10CDB00066202846FFF7A4FAD3E7B3F5167F4FF0B5
:10CDC000030300934FF0040326D1182240F2D161EF
:10CDD00003F02CF804460028D6D102230093042344
:10CDE000A86C1A4640F69B0103F020F80446002880
:10CDF000CAD10426009602463346A86C40F6B80114
:10CE000003F014F804460028BED1009606235022F1
:10CE1000A86C40F2AC61B4E7082240F2D16103F0A3
:10CE200005F804460028AFD10223009302460423EC
:10CE3000A86C40F69B0102F0F9FF04460028A3D13C
:10CE400004260096A86C3346102240F6B80102F082
:10CE5000EDFF0446002897D1009606230246D7E747
:10CE600023DBF93E355EFA3ECDCCCC3D9A99193F95
:10CE700000007A440024744E37B505460C46FFF78F
:10CE800037FC08B103281AD1042C1BD8DFE804F0C2
:10CE900004031113150008242B6E85F866400093D7
:10CEA00095F86530E96D22462846FFF729FA03B068
:10CEB00030BD0924F0E70A24EEE70B24ECE76FF01D
:10CEC0001300F4E76FF06900F1E77FB505460E4601
:10CED0001446FFF70DFCA0BB082C47D8234632466A
:10CEE0004FF4D861A86CFEF7B3FEE400B5F86C10FF
:10CEF000E4B2A1420A46A8BF22461F2A85F868402C
:10CF000019DC172A19DC0F2A19DC003A18BF012294
:10CF10009200FF2385F86420039395F86A3002930A
:10CF200095F86930CDE90043284695F8673003F05D
:10CF300038F804B070BD0722EBE70622E9E70522C6
:10CF4000E7E7012808D1012C10D83178284604B031
:10CF5000BDE8704002F027BF032804D1042C05D19E
:10CF60003368C5F88B306FF01300E2E76FF06800AC
:10CF7000DFE730B587B004460D46FFF7B9FB002860
:10CF80003BD1ADB9FF2384F86950039394F86A301C
:10CF9000CDE9015394F86830009394F8673094F821
:10CFA0006420B4F86C10204602F0FBFF07B030BDDF
:10CFB000012384F8693005AA4FF4D761204603F0B5
:10CFC00068F80028F2D19DF81430A06C23F001031A
:10CFD00043F001038DF81430FF25022305AA4FF416
:10CFE000D7618DF81550FEF733FE039594F86A303B
:10CFF000029394F869300193CCE76FF01300D5E702
:10D000002DE9F0431E4685B090F858309DF8304029
:10D010000546884617469BB190F84C004FF0010931
:10D0200009FA00F009F0F0F9696D09F0F9FA4FF02A
:10D03000834109F015F80028044618BF4C46E4B2B5
:10D04000012385F84E40CDE9003303AAA86C8DF882
:10D050000C8004238B218DF80D708DF80E608DF8F7
:10D060000F40FEF75BFF05B0BDE8F08373B50546E2
:10D070000E46FFF73DFB0128044655D100213046FE
:10D0800008F0EEFF00283AD02949304608F0DEFFCC
:10D09000002834D04FF07C51304609F00DFA254974
:10D0A00009F002F909F0CEFBC3B2142B20D8022BF1
:10D0B00025D9033B112B22D8DFE803F02E210921CB
:10D0C0000A212128212121212A212121212C082462
:10D0D00095F84E3085F83C406E65009395F84D30DC
:10D0E00095F84C1022462846FFF78AFF02B070BD23
:10D0F0007D2B13D006D81F2B12D03E2B12D06FF0F1
:10D100000700F3E7FA2BFAD10624E1E70924DFE769
:10D110000224DDE70A24DBE70024D9E70524D7E76A
:10D120000324D5E70424D3E76FF01300DEE700BF44
:10D130000000FF430AD7233C37B504460D46FFF7EE
:10D14000D7FA012811D16B1F072B11D894F84E3054
:10D1500084F84C50009394F84D3094F83C202946C4
:10D160002046FFF74DFF03B030BD6FF01300FAE724
:10D170006FF00800F7E72DE9FF410C4616461F4601
:10D1800002AA002340F236719DF82C808DF80830F9
:10D19000054602F07EFF38BB9DF80810A86CB8F178
:10D1A000010F0CBF01F0FB0141F004018DF80810E4
:10D1B000012302AA40F23671FEF74AFD9DF828309D
:10D1C0008DF80A300123CDE9003364BAA86CADF8BC
:10D1D0000840062302AA8C218DF80B708DF80C6094
:10D1E0008DF80D80FEF79AFE04B0BDE8F081F0B531
:10D1F0001D46036885B01B6904460F4616469847CE
:10D20000A0BB6FF07F439F423146204618BF45F4D4
:10D210000075FCF791F9294606462046FCF78CF983
:10D22000B1B282B2204602F089FDF8B9204602F080
:10D2300075FDD8B9236844F2FF31D3F8E4302046B5
:10D24000984798B92046FFF753FA012810D194F86F
:10D250008030019394F85030009394F87C3094F827
:10D260004F20B4F852102046FFF785FF05B0F0BDFF
:10D27000A0B9FF23039394F86A30029394F86930BD
:10D28000019394F86830009394F8673094F8642020
:10D29000B4F86C10204602F084FEE7E74FF0FF3050
:10D2A000E4E72DE9F04FADF56F7D022904460891C2
:10D2B000164608D0032924D06FF0180528460DF52E
:10D2C0006F7DBDE8F08F90F85030012B02D1D3680C
:10D2D00003B1C367D6E9012331682046FFF787FF12
:10D2E00005460028EAD13368013304BF6FF07F435D
:10D2F00033603368C4F88430089B84F834300025E8
:10D30000DCE75368FF2B00F23184FFF7F1F90128C5
:10D31000074614D194F88030019394F8503000936C
:10D32000337994F84F20B4F852102046FFF723FFCA
:10D3300005460028C2D1012240F2012153E0A0B9E4
:10D340003379039394F86A30029394F86930019327
:10D3500094F86830009394F8673094F86420B4F837
:10D360006C10204602F01DFEE2E7022835D1E36D85
:10D37000642B40F2E14341F6705218BF1A4640F662
:10D380002F1343F20F7118BF194673688DF8583187
:10D39000D800C3F347138DF85D310123CDE9003385
:10D3A0000D0A8DF85A11110A8DF85B118DF85C2168
:10D3B0008DF85E0156AAA06C8DF859518C21FEF7AC
:10D3C000ADFD054600287FF479AFA06C06230DF271
:10D3D0005912F021FEF73CFCADE7032840F0CA8368
:10D3E00044F201021146204602F0A8FC054600283E
:10D3F0007FF464AF204602F091FC054600287FF4DC
:10D400005DAF032F51D00E23ADF8583101233268A0
:10D41000A76C039331790092CDE90101022256A94C
:10D420003846FEF7C0FA054600287FF447AF384675
:10D43000FEF76FFD054600287FF440AF236844F2F5
:10D44000FF31D3F8E43020469847054600287FF4A2
:10D4500035AF8DF8580156AA40F68901204602F0F2
:10D4600018FE054600287FF429AF2046FFF740F953
:10D47000012840F07683C549606D08F013FFC44968
:10D4800020F0004008F0E2FD002800F06A839DF8DB
:10D49000583103F0FB038DF85831A06C012356AAD4
:10D4A00040F68901FEF7D4FB26E7BA4B94F88910C1
:10D4B00018689B88ADF85C3116AFB74B3B6012AD76
:10D4C00049F28E532B8094F88F305690002BB34B3B
:10D4D00003EB41030CBF34220822B3F8E233B3FB61
:10D4E000F2F30622632BA4F89030A4F8922000F007
:10D4F000228100F22B813C2B00F0438100F2178146
:10D500001E2B00F20B81092B40F20E81A44A22FA55
:10D5100003F3DB0740F10881B4F8983056A99A0963
:10D52000B3F5C07F8A5CA4F8942003F03F02A4F80E
:10D53000962080F0F9804FF0000894F88A30C3F10B
:10D540000403434500F332814FF00008FB224146BB
:10D55000C7F8008017A812F0AEF8C4E92788C4F80D
:10D56000A480D6E9001A38460AEB0106FF228E4253
:10D5700040F02281DFF82C821023002647F25B5C0A
:10D5800088F8043051464FF6FF733846C8E902C3A5
:10D59000C8F8106001F08EFFC0F3072307F80A30C7
:10D5A0000DF159034FF4177203F80A000AF1020350
:10D5B0003146FE5457A80B93569612F07CF803237D
:10D5C00088F819300AF10203D90056AA0FAB0631C8
:10D5D00038460F9688F8186005F08FFDFF22314617
:10D5E000384612F068F894F888300593032B31D050
:10D5F0006D4B03F10806186859682A4603C20833C0
:10D60000B3421546F7D1186810609A889B79AA80B2
:10D61000AB71059B022B9DBF604B059A9B184FF089
:10D62000000C98BF93F805C40F9B069300231A467D
:10D6300018460DF148090DF1580E0DF5AC7B069911
:10D640008B4240F0CF800F920732D20816A956A81D
:10D6500012F0D0FC0F9B0693002293B206985B4316
:10D660008342114602F10102F7D38BB294F88AB0DB
:10D67000BDF918505B009BB20993CBEBCB030BEBCE
:10D68000C303C1F34E025B0000210C929BB20791D1
:10D690000A4616AE002D00F3C7806FF0710202FB40
:10D6A0000B330F93059B94F88F2094F88910DFF8C3
:10D6B000F4808DF840A0DB0043EA820343EAD10303
:10D6C00043F002038DF84130B4F898301A091B0179
:10D6D00042EA41128DF8433008238DF8422088F841
:10D6E00004302F22FF23C8E902230027C8F8107056
:10D6F0003E4616AD94F88A108F42C0F001810B9B14
:10D7000094F88820DB0006339BB2032A00F2C5811F
:10D71000DFE812F0B701BF0122022402232B3FF4FD
:10D72000FBAE2F2B3FF4F8AE6FF06905C6E53E2B3C
:10D7300027D0562BF8D1B4F89830DA0903F07F03DC
:10D74000BA5CA4F89420A4F89630F4E6B3F5C37F4D
:10D7500010D00BD8B92B01D0C62BE5D1B4F8983036
:10D760001A0ADBB2AA5CA4F89420ECE740F2931208
:10D770009342D9D14FF48473A4F89430B4F898301C
:10D78000E1E73823A4F89230C6E600BF0000FA4370
:10D790006F12833A496D030841444748244A0308FD
:10D7A00000044050BC5600201A4E03082046FBF7E8
:10D7B000B7FD08F10108C0E611F8013B53404FEAFC
:10D7C000031C4CEA131300F8013B130983EA5213BC
:10D7D00083EAD20303F0010383EAD2135200D2B2E8
:10D7E0001A43C4E619F80010C1B1D543012605F06B
:10D7F000070506FA05F5DE084FEAD2081BF80660B1
:10D800001EF80810DF4307F007073E41F60746BF42
:10D810002943C9B2A9430EF808100132013060450E
:10D8200008BF002001330AE7302D28464FEAD3070E
:10D83000A8BF30200A90D84316F807C04FF0010E59
:10D8400000F007000EFA00F02CEA000C03EB0E00CB
:10D8500006F807C04FEAE00CC04316F80C7000F061
:10D8600007000EFA00F027EA000706F80C704FF0E8
:10D87000000E03F1020C6FEA0C074FF0010807F0ED
:10D88000070708FA07F70DF5AC794FEAD2084FEA17
:10D89000EC0019F808800D906FEA020909F00709F9
:10D8A000305C48FA09F818F0010F14BF3843B84348
:10D8B0004FEAEC0718BFC0B2F05509980244069829
:10D8C00092B290420CD8079A0C980244099892B2EE
:10D8D00090429FBF013189B20A46079188BF0792E3
:10D8E0000A9F0EF1010E0FFA8EF087420CF1010C27
:10D8F000C1DC38460230303D18442DB283B2C9E64F
:10D900009DF843300139C91B23F00C0343EA81031E
:10D9100010A804218DF8433001F0CCFD4FF0000930
:10D9200002238DF8440088F8193012AA4B462821AA
:10D9300010A8CDE91299ADF8509088F8189005F02C
:10D94000DCFB4B4612AA282110A805F0D6FBF208F2
:10D95000F343A95C4FF0010E03F007030EFA03F343
:10D9600021EA0303AB5406EB0E03DA10DB43A95C98
:10D9700003F007030EFA03F321EA0303AB547F4BD2
:10D98000059306F1020C06F12A00059B13F8011B12
:10D9900005934FEAD1090DF1480B4FEADC0A1BF859
:10D9A000099015F80A30C9436FEA0C0201F007012B
:10D9B00002F0070249FA01F919F0010F0EFA02F21A
:10D9C00018BF13430CF1010C14BFDBB29343604545
:10D9D00005F80A30D9D106F17203DFF8A4A1059346
:10D9E00006F14A0C1AF8011F6FEA0C024FF0010E03
:10D9F00002F007020EFA02F20DF1480B4FEAD10EC7
:10DA00004FEADC091BF80EE015F80930C94301F0B4
:10DA100007014EFA01FE1EF0010F1ABF1343DBB2DD
:10DA2000934305F80930059B0CF1010C6345D9D1EE
:10DA300000214FF0010A04EBD10C4FEAD0096FEA44
:10DA4000010E9CF88BC015F80930C2430EF0070E8A
:10DA500002F007024CFA0EFC1CF0010F0AFA02F267
:10DA600018BF134301F1010114BFDBB29343202916
:10DA700005F8093000F10100DDD17236B6B2013788
:10DA800038E60622534304330522B3FBF2F39BB27C
:10DA900003E003EB4303C3F34F03302603F12F02EC
:10DAA000B2FBF6F20A44B3FBF6F0C4F8A02000EB98
:10DAB000800202EB820206FB103352009BB292B24C
:10DAC00013B102331A4492B2722313FB0122A66CE3
:10DAD000C4F89C200E230732ADF858314FF00108EE
:10DAE0000023D708C2F3C702CDE900530292CDF854
:10DAF0000C804346022256A93046FDF754FF0546E6
:10DB000000287FF4DBAB3046FEF703FA0546002819
:10DB10007FF4D4ABD4F8A0308DF85A31A06C8DF8D6
:10DB20005971032356AA40F285318DF85881FEF7CA
:10DB30008FF894F8A070102F28BF10272E46B742F8
:10DB40007FF67CACF1B22046FEF7F4F805460028DB
:10DB50007FF4B4AB0136F2E75B0098E703EB4303D5
:10DB600095E79DF8583143F0040394E46FF0030502
:10DB7000FFF7A4BB4FF0FF35FFF7A0BB2C4E030807
:10DB8000534E030830B585B005460C46FEF7B0FD90
:10DB9000012811D195F88030A1B2A5F85210019357
:10DBA00095F85030009395F87C3095F84F20284632
:10DBB000FFF7E1FA05B030BD48BB95F86830A1B277
:10DBC00099420A46A8BF1A461F2AA5F86C1018DC0D
:10DBD000172A18DC0F2A18DC003A18BF012292001D
:10DBE000FF2085F86420039095F86A00029095F86C
:10DBF0006900CDE90030284695F8673002F0D1F988
:10DC0000D8E70722ECE70622EAE70522E8E74FF02B
:10DC1000FF30CFE737B504460D46FEF769FD012812
:10DC200010D184F88050019594F85030009394F806
:10DC30007C3094F84F20B4F852102046FFF79BFA3E
:10DC400003B030BD6FF01300FAE737B50C46054658
:10DC50000021204608F004FAB8B10D49204608F02A
:10DC6000F5F990B10B49204608F0DAFC08F0EAFD1E
:10DC700001238DF807000DF10702A86C40F6E701BB
:10DC8000FDF7E6FF002003B030BD6FF01000FAE7AB
:10DC900000000C43000020401FB50123CDE90033F4
:10DCA0008DF80F100DF10F029D21806CFEF736F9F3
:10DCB00005B05DF804FB2DE9F14F1F46374B436576
:10DCC000062380F83C300023BDF8348043671646B5
:10DCD00080F85030324AC264FF230D46C3679DF876
:10DCE0003C200E99A0F8528001239DF828B09DF8A1
:10DCF0002CA09DF930900446FEF79DFB002849D1E9
:10DD00005946204602F030F8002843D151462046BB
:10DD100002F049F800283DD1236841461B6E204699
:10DD20009847002836D11F492046FFF78EFF00286C
:10DD300030D101212046FFF7AFFF58BB022120461A
:10DD400002F056F930BB236801461B6D2046984708
:10DD500000BB23683946D3F8E03020469847C8B95D
:10DD600023683146D3F8DC302046984790B92368C1
:10DD70002946DB6B2046984760B901212046FDF714
:10DD8000B4FF38B923685B6D4946204601B0BDE851
:10DD9000F04F184701B0BDE8F08F00BF0000FA4314
:10DDA0000903000100007042F0B587B004469DF8F9
:10DDB00044E09DF830509DF834609DF93870BDF80E
:10DDC0003CC0CDF814E0DDF840E0CDF810E0CDE93E
:10DDD000027CCDE90056FFF76EFF014620B92046D0
:10DDE00007B0BDE8F04057E707B0F0BD2DE9F047B8
:10DDF0009246994645F255324CF6CC4386B0C0E97E
:10DE00001723194B03671A23BDF8407080F865305B
:10DE100040F209630E46A0F866309DF8482011993B
:10DE2000A0F86C700023DDF838809DF93C50044662
:10DE3000FEF701FB002840F0E781236851461B6C88
:10DE400020469847002840F0DF81236849465B6CF4
:10DE500020469847002840F0D7812046FEF748FC2E
:10DE600020B16FF01300CFE133331C43BC49C4F839
:10DE70007080404608F016FABA4920F0004008F0D9
:10DE8000E5F8002840F06881B749404608F00AFAF2
:10DE9000B44920F0004008F0D9F8002840F05E8135
:10DEA000B249404608F0FEF9AE4920F0004008F0C3
:10DEB000CDF8002840F08281AD49404608F0F2F9E3
:10DEC000A84920F0004008F0C1F8002840F078810F
:10DED000A849404608F0E6F9A24920F0004008F0C1
:10DEE000B5F8002840F06E81A349404608F0DAF901
:10DEF0009C4920F0004008F0A9F8002840F0648117
:10DF00009E49404608F0CEF9964920F0004008F0BE
:10DF10009DF8002840F05A819949404608F0C2F91E
:10DF2000904920F0004008F091F8002840F050811E
:10DF30009449404608F0B6F98A4920F0004008F0BC
:10DF400085F8002840F046818F49404608F0AAF93C
:10DF5000844920F0004008F079F8002840F03C8126
:10DF60008A49404608F09EF97E4920F0004008F0BA
:10DF70006DF8002840F032818549404608F092F95A
:10DF8000784920F0004008F061F8002840F028812E
:10DF90008049404608F086F9724920F0004008F0B8
:10DFA00055F8002840F01E817B49404608F07AF978
:10DFB0006C4920F0004008F049F8002840F0148136
:10DFC0007649404608F06EF9664920F0004008F0B6
:10DFD0003DF8002840F00A817149404608F062F996
:10DFE000604920F0004008F031F8002840F000813E
:10DFF0006C49404608F056F95A4920F0004008F0B4
:10E0000025F8002840F0F6806749404608F04AF9B4
:10E01000544920F0004008F019F8002840F0EC8046
:10E020006249404608F03EF94E4920F0004008F0B1
:10E030000DF8002840F0E2805D49404608F032F9D2
:10E04000484920F0004008F001F8002840F0D8804E
:10E050005849404608F026F9424920F0004007F0B0
:10E06000F5FF002800F0CE800923226E84F8653089
:10E07000009294F86620E16D2046FEF741F90028F1
:10E0800040F0C2804C492046FFF7DFFD002840F0F9
:10E09000BB80236839461B6E20469847002840F015
:10E0A000B3804AF61253ADF8143023680222DB6DB8
:10E0B00005A920469847002840F0A680236801461D
:10E0C0009B6C20469847002840F09E8023680146BC
:10E0D000DB6C20469847002840F096802046FEF7EB
:10E0E00007FB00287FF4BDAEFF230127CDE90273B3
:10E0F00094F86930019394F86830009394F867308D
:10E1000094F86420B4F86C10204601F04AFF00280F
:10E110007AD184F86A700221204601F069FF002854
:10E1200072D139462046FFF7B7FD00286CD123682D
:10E130003146DB6B20469847002865D101212046F7
:10E14000FDF7D3FD00285FD123685B6D294620468B
:10E1500006B0BDE8F04718471F2386E7172384E77A
:10E160009A9999406F12833A9A99B9409A99E940DD
:10E1700033331B4133333B419A99694100009C4141
:10E180003333BB416666EA4100001C429A993B4228
:10E1900066666A4266669C429A99BB429A99EA42CE
:10E1A00033331C4333333B43CD4C6A4300009C4321
:10E1B000CDCCBA430080E943000070420F2354E7FE
:10E1C0001E2352E7162350E70E234EE71D234CE78C
:10E1D00015234AE70D2348E71C2346E7142344E7A9
:10E1E0000C2342E71B2340E713233EE70B233CE7C6
:10E1F0001A233AE7122338E70A2336E7192334E7CC
:10E20000112332E76FF0670006B0BDE8F087F0B584
:10E2100087B004469DF93450BDF838609DF84070D1
:10E220000497CDE901560F9F0C9D03970095FFF7CA
:10E23000DDFD014620B9204607B0BDE8F0402BE5E2
:10E2400007B0F0BD2DE9F0410E4617461D469DF87A
:10E250001C20069902230446FEF7EDF8E0B9236876
:10E2600039461B6C20469847B0B901212046FFF77C
:10E2700013FD88B923683146DB6B2046984758B9AF
:10E2800001212046FDF731FD30B92368294620469B
:10E290005B6DBDE8F0411847BDE8F0812DE9FF4115
:10E2A0001F469DF8283080F88F30884615460C9917
:10E2B0009DF834209DF92C6003230446FEF7BBF83B
:10E2C000002846D126492046FFF7BFFC002840D150
:10E2D00001212046FFF7E0FC00283AD1CDE90200F9
:10E2E000CDE90000034602460146204601F059FEF2
:10E2F00078BB0B2384F86630236884F865002066B9
:10E300001B6C18492046984718BB032F1FD8092DAE
:10E3100084F8887020D8032384F88A304FF48073FF
:10E32000A4F89830236884F88950DB6B4146204676
:10E33000984770B901212046FDF7D7FC48B92368FA
:10E340005B6D3146204604B0BDE8F04118476FF0E0
:10E35000090004B0BDE8F0816FF00700F9E700BFE5
:10E36000000070420000FA3E0144002203460130E2
:10E3700088421A70FAD1704710B5B02104460C30AB
:10E38000FFF7F2FF204610BD10B50446FFF7F4FF7B
:10E39000204611F027FF204610BD10B5F02104469D
:10E3A0000C30FFF7E1FF204610BD10B50446FFF723
:10E3B000F4FF204611F016FF204610BD2021D3E7C0
:10E3C00010B504460430FFF7F9FF204610BD10B524
:10E3D0000446FFF7F5FF204611F004FF204610BD6C
:10E3E0000430EBE710B504462430FFF7E7FF204682
:10E3F000FFF7E6FF204610BD10B50446FFF7F2FF19
:10E40000204611F0EFFE204610BD10B50446243022
:10E41000FFF7D4FF201DBDE81040CFE72DE9F04104
:10E4200006461D4656F8283B8AB00F46904602A97C
:10E430009B692022044698475C23314600933A4664
:10E4400043462046FCF7E8FBD4E91A2312F5007294
:10E4500043F10003C4E91A232046FCF75BF8236864
:10E460005E699B68984702A902462046B047236828
:10E47000109A9B6929462046984702A8FFF79EFFFD
:10E480000AB0BDE8F08101798068013109016BE7CC
:10E4900010B5102104460830FFF766FF04F118009C
:10E4A0001021FFF761FF204610BD10B50446FFF7AD
:10E4B000EFFF204611F096FE204610BD10B5044631
:10E4C00040680368DB699847102104F10800FFF7F2
:10E4D0004BFF102104F11800FFF746FF102384F8CA
:10E4E000283010BD10B5044670210830FFF73CFFFE
:10E4F000236820461B69BDE8104018472DE9F04FFE
:10E500008946ADF5037D80461146002A00F06E81F4
:10E510006AAC02F1200510685168234603C3083233
:10E52000AA421C46F7D1719B23F0004371936AA85D
:10E53000FBF7FFFE1C2200F00103002163A80193FA
:10E540006AAC11F0B8F801232022002152A862938E
:10E5500011F0B1F80FCC5AAD0FC594E80F0085E863
:10E560000F0062AD0FCD4AAC0FC495E80F004FF01D
:10E57000000B84E80F001F26FF244025DA4619F817
:10E5800006702F4087EA0B0B5AAA62A95846FBF780
:10E590007CFF4AAA52A95846FBF777FF52AA62A904
:10E5A00042A8FBF72EFF42A91AA8FBF728FF52AAA0
:10E5B0003AA862A9FBF73BFF014612A8FBF71FFF31
:10E5C00012AA1AA922A8FBF732FF4AAA5AA932A80E
:10E5D000FBF717FF2AA84AAA5AA9FBF728FF01460A
:10E5E00042AA0AA8FBF7CEFE3AAA32A902A8FBF774
:10E5F000C9FE02AA0AA95AA8FBF703FF5AA90846AE
:10E60000FBF7FDFE4AA802AA0AA9FBF710FF014684
:10E61000FBF7F5FE4AA908466AAAFBF7B3FE12AA61
:10E620001AA962A8FBF7AEFE7448082272A900235B
:10E630000DF1880E5EF804CBD346013AECFB003BAB
:10E6400012F0FF0241F8043B5B46F3D1012272A9AC
:10E6500052A8CDF8E8B1FBF703FE52A908461AAA62
:10E66000FBF7CFFE52A922AA0846FBF78BFE6D08E6
:10E6700004BF06F1FF364FEAC71B04F1FF3403BFA6
:10E68000F6B25FFA8BFB80254FEA570B14F0FF04BC
:10E690007FF475AF5AAA62A95846FBF7F6FE4AAA5C
:10E6A00052A95846FBF7F1FE52A972A8FBF7A7FE44
:10E6B000092472A90846013CFBF7A1FE14F0FF04EF
:10E6C000F7D152AA72A94AA8FBF75CFE17250A24C3
:10E6D00072A90846013CFBF792FE14F0FF04F7D143
:10E6E0004AA972AA0846013DFBF74CFE15F0FF054A
:10E6F000EDD14AA972A8FBF782FE4AA972AA084680
:10E70000FBF740FE082472A90846FBF778FE4AA9E9
:10E7100072AA0846013CFBF735FE14F0FF04F2D163
:10E7200072A8FFF74BFE4AA90846FBF768FE4AA904
:10E730000846FBF764FE4AA952AA0846FBF722FEE8
:10E740004AA90846FBF75BFE4AA90846FBF757FEB5
:10E750004AA952AA0846FBF715FE4AA90846FBF744
:10E760004EFE4AA9084652AAFBF70CFE62A94AAA25
:10E770000846FBF707FE6AAD62AB42461C4603CC77
:10E78000AC4210605160234602F10802F6D16AA83B
:10E79000FFF714FE62A8FFF711FE5AA8FFF70EFE5E
:10E7A00052A8FFF70BFE4AA8FFF708FE42A8FFF7A2
:10E7B00005FE3AA8FFF702FE32A8FFF7FFFD2AA8E0
:10E7C000FFF7FCFD22A8FFF7F9FD1AA8FFF7F6FDF9
:10E7D00012A8FFF7F3FD0AA8FFF7F0FD02A8FFF764
:10E7E000EDFD01980DF5037DBDE8F08F1C226BA8AF
:10E7F00010F061FF09236A9399E600BF41DB010035
:10E80000F0B50021114C90F81FC00546084622467D
:10E8100005F11F0712F81F3F8CEA030303F07F0383
:10E8200012F8016D17F801ED944286EA0E0643EAEC
:10E830000603F5D1C3F58073013140EA2320052991
:10E84000C0B204F12004E2D1F0BD00BF7C4E030849
:10E8500010B5702104460830FFF786FD204610BD34
:10E8600010B50446FFF7F4FF204611F0BBFC20462C
:10E8700010BD08B5C369F3B1022283F85D201A68A0
:10E88000116821F0400111600021196683F85C10C5
:10E8900083F85D101A4B9A420ED14FF0B0431A6CB8
:10E8A00042F480521A641A6C22F480521A641A6E6E
:10E8B00022F480521A6608BD124B9A420ED14FF4D0
:10E8C0008040E4F7C1FD4FF48040E4F7C3FD4FF012
:10E8D000B042936D23F480439365ECE70A4B9A4270
:10E8E000E9D14FF0B0435A6C42F001025A645A6CBD
:10E8F00022F001025A645A6E22F001025A66DAE7E7
:10E9000000300140003800400000015800000000C5
:10E91000B0F81432B0F81022981AC0B27047B0F8AC
:10E920001432B0F810229BB293421ABFD0F80832CA
:10E93000985C4FF0FF30704790F81232B0F8160232
:10E94000C0B2834227BFC3F13F03C018C01A00F111
:10E95000FF307047037C43B1044BB0F812221B68B0
:10E96000B0F816329BB29A42FAD170477803002071
:10E9700007B503688DF807105B6801220DF10701E8
:10E98000984703B05DF804FB2DE9F04106460D46BB
:10E990008F180C46BC4202D1601BBDE8F081336881
:10E9A000A0461B6818F8011B304698470028F3D092
:10E9B0004446EFE738B5094D2B68C3600446236829
:10E9C00020465B699847002807DAE2682B689B1AA3
:10E9D000A2689342F3D34FF0FF3038BD7803002094
:10E9E000F8B507460D468E180C46B44201D1601B9F
:10E9F000F8BD3846FFF7DEFF031EF8DB04F8013BE5
:10EA0000F3E72DE9F0410746884616461D4673B1E7
:10EA100000243846FFF7CEFF031E05DB434503D035
:10EA200033550134A542F4D12046BDE8F0811C469F
:10EA3000FAE7124803681A0912F00C0F10B519D141
:10EA40000F4902F00F0251F822209AB141680D4C93
:10EA500003F00F03002954F823300CD0C4BF01F198
:10EA6000FF314160516901EA030023EA010343EAEF
:10EA70000043936110BD9362FCE700BFF4010020E6
:10EA8000044A0308E40E03080309024613F00C00CD
:10EA900010B50DD1074BD1B253F8044B8C4203D1C2
:10EAA00002F4E062104310BD01302B28F4D1FAE7E4
:10EAB0002B20F8E7A82403080246014400209142D5
:10EAC00000D1704743BA12F8010B9BB24340C3F325
:10EAD00003104340180380B24340580100F4FF5034
:10EAE0005840ECE738B503689B68044603B1984783
:10EAF000E36803B1984763681B6803B19847094B03
:10EB0000094A6168D3F8EC00146819600022824257
:10EB100000DB38BDDD68A94208BF1C6201321C332E
:10EB2000F5E700BF6C1500207803002038B50446D7
:10EB3000E8B1E4F767FFD0B994F8B1200C4B214657
:10EB400053F8220011F8B25F04F0F0F9B4F8C030C5
:10EB5000B4F8BC20013303F0FF03934207D0B4F8AC
:10EB6000C020D4F8B41092B28D54A4F8C03038BD8F
:10EB7000FC120020B0F8C220D0F8C41011FA82F2C2
:10EB800002F03F0210B5A0F8C220B0F8C220B0F8E1
:10EB9000BE1092B291421AD0B0F8C240B0F8C22072
:10EBA000A4B24031091B4C4292B204F03F0401F080
:10EBB0003F01C2F1400258BF6142914228BF114655
:10EBC000C0F8C41003F0EEFE4FF0FF3010BD00207F
:10EBD000FCE72DE9F843036804469B6890460F461E
:10EBE0009847D4F8F831B4F8126201220133814613
:10EBF000C6F1400622742AD194F81C323BB300239C
:10EC000094F8051284F81C323D4B53F8213093F8E8
:10EC1000841091421BD083F884202422C3F88820DA
:10EC20001A6852E8001F21F00C0142E8001518682C
:10EC3000002DF5D150E8001F41F0080140E8001216
:10EC4000002AF7D12021C3F8881083F88420236894
:10EC500020469B6898470028F9D04546B5422DD8F4
:10EC6000A9452BD3B4F81262D4F80C027319402BC7
:10EC7000304438D82A46394611F0BCF92E46B4F84B
:10EC8000123294F805221D441D4B53F82220D2F86D
:10EC90008830D2F88C20134303F0210305F03F05A0
:10ECA000212BA4F8125206D0C4F81862314604F59C
:10ECB000AA7003F077FE4046BDE8F8834E4523680E
:10ECC00028BF4E46324639465B682046984723683F
:10ECD00020469B689847AD1B3744B4F812628146C2
:10ECE000C6F14006BAE7C6F140063246394611F091
:10ECF00081F9D4F80C02AA1BB91911F07BF9BEE70F
:10ED0000FC12002030B58BB00023012A0C468DF890
:10ED1000243098BF0A2209A92546B4FBF2F404FB6B
:10ED2000125303F0FF03092B94BF30333733DBB2A8
:10ED3000AA4201F8013DEFD9E6F777F90BB030BDF3
:10ED40002DE9F84305460C46C71C00F106090026CC
:10ED500017F8011F0A222046FFF7D4FF23688046D8
:10ED60001B682E21204698474F4540440644EFD16A
:10ED7000E9790A222046FFF7C5FF3044BDE8F88351
:10ED800010B50B4CE3689B6A13B9A06A11F02AFA1C
:10ED9000E368DB6A13B9606B11F024FAE3681B6B5C
:10EDA00023B9A06CBDE8104011F01CBA10BD00BF23
:10EDB000601600202DE9F0470D4D0F46A968142478
:10EDC000804601FB0441686891469A4611F042FE74
:10EDD000AE686860744303190022013640F804806D
:10EDE000C3E90179C3E9032AAE60BDE8F08700BF3B
:10EDF0006C15002038B5084C0546002104F5DC7080
:10EE0000882210F058FC84F8B851A18A2046BDE849
:10EE10003840EAF750BC00BFDC24002038B51C4C59
:10EE2000836AE0600546C3B1A362EB6A03B3636320
:10EE30001849284604F0D8FA4FF0FF332362E368FC
:10EE40001A6BE2B1A26400204FF0FF33C4E904332F
:10EE5000C4E9060084F84C0038BD406911F0BAF9E5
:10EE6000A0620028E1D1FFF78BFF6FF00B00F3E702
:10EE7000A86911F0AFF960630028D9D1F3E7586AA7
:10EE8000C00811F0A7F9A0640028DCD1EBE700BFAF
:10EE9000601600208C16002030B599B0FFF7BEFF39
:10EEA000044600282ED11D4D0290EB6828641B6A91
:10EEB0006B64C5E90E00012302AA0DA905F10C003F
:10EEC0000393F6F7F3FD044608BB202300930E9945
:10EED00005AB102205F10C00F6F7DBFD0446B0B9D6
:10EEE000069B2B610E49079B6B6108220BA810F053
:10EEF000B8FB044648B90A9B1A0C012A0AD19BB2F6
:10EF0000012B07D8204619B030BD6FF03304FFF74E
:10EF100037FFF7E76FF01504F9E700BF6016002030
:10EF2000506D0308CBB22A2B08D80E4A52F8233072
:10EF300001F4E0611943C0F8F811704701F0C00214
:10EF4000C02A0CD1CB2B0AD8074B01F03F0201F4A9
:10EF5000E06153F82220034B53F82230EAE74FF0E8
:10EF6000FF31E8E7A8240308244A0308CBB22A2B80
:10EF700008D80E4A52F8233001F4E0611943C0F872
:10EF8000F411704701F0C002C02A0CD1CB2B0AD873
:10EF9000074B01F03F0201F4E06153F82220034BDC
:10EFA00053F82230EAE74FF0FF31E8E7A8240308DE
:10EFB000244A0308D0F8F831013310B5044631D1A2
:10EFC0000368DB68984794F81C325BBBD4F8F831CF
:10EFD0000122013384F81C2224D194F80512124B2B
:10EFE00053F8213093F8841091421BD083F8842089
:10EFF0002422C3F88820196851E8002F22F00C025F
:10F0000041E800241868002CF5D150E8002F42F0A8
:10F01000040240E800210029F7D12022C3F888200B
:10F0200083F8841010BD00BFFC12002010B5044608
:10F03000FFF7C0FFB4F81422B4F8103292B29A422B
:10F040001FBFD4F80822D05C0133DBB214BFA4F890
:10F0500010324FF0FF3010BD70B50D46144630B180
:10F06000461E012E05D811462846E4F71BFC204613
:10F0700070BD03685B689847F9E70EB403B503AA4F
:10F0800052F8041B019210F079FA02B05DF804EB1B
:10F0900003B0704710B5044610F0BCF890FBF4F3D1
:10F0A00003FB140010BD38B50023C0E9003304464B
:10F0B00083600D4639B1084607F05AF829460246E2
:10F0C000204604F0BEF8204638BD10B5044600685E
:10F0D00011F088F8204610BD10B50446006808B14C
:10F0E00011F080F80023C4E90133236010BD38B566
:10F0F000044600680D4610B163688B4208D2691C53
:10F1000011F0A8FC28B1A368C4E9000503B9037095
:10F11000012038BD884210B50B46044604D009686A
:10F1200021B19A6804F08DF8204610BDFFF7D4FF96
:10F13000FAE710B500230446C0E900338360FFF707
:10F14000E9FF204610BD38B505460C4649B10846D2
:10F1500007F00EF821460246284604F072F82846C9
:10F1600038BDFFF7B9FFFAE770B5856804460E466B
:10F1700009B9002070BD62B115442946FFF7B7FFF9
:10F180000028F6D02068A3683146184410F02AFF02
:10F19000A5600120EEE78A680968E5E738B505460D
:10F1A0000C46084639B106F0E3FF214602462846E0
:10F1B000BDE83840D8E738BD1FB50A2204460846E6
:10F1C000694604F011F8684606F0D2FF6946024627
:10F1D0002046FFF7C9FF10B92046FFF77DFF204604
:10F1E00004B010BD08B58A68836893420BD30068E9
:10F1F00040B1096849B19B1A184406F05FFFB0FAA4
:10F2000080F0400908BD0020FCE70846FAE72DE938
:10F21000F84FC3B22A2B0E4616D8584A52F823305C
:10F2200000F4E0641C43651C00F0A580DFF85091F9
:10F23000C4F3031804F00F0A59F8283023FA0AF32C
:10F24000D80723D54F4B15E000F0C002C02A40F08C
:10F250009280CB2B00F28F804B4B00F03F0200F4EA
:10F26000E06453F82220454B53F82230DAE7944209
:10F2700052D00C331A68511CF9D159F828300122A8
:10F2800002FA0AF223EA020349F82830052E32D89E
:10F29000DFE806F0323E383A3C40BBF1804F14D1F3
:10F2A0004FF0B042936D23F001039365002347F8BC
:10F2B000203005F1640BEB6005F1B4075F4516D013
:10F2C000103F3846E3F796FDF8E7304B9B4505D1F4
:10F2D0004FF0B042136E23F400334AE02C4B9B45B1
:10F2E000E4D14FF0B042136E23F4802341E028466E
:10F2F00010F078FFC1E7FEE700212046BDE8F84F97
:10F30000E3F770BF1021F8E72021F6E70321F4E7C7
:10F310000121F2E70921F0E71A491E4F2046E3F7E1
:10F32000F5FFE3F7AFFD57F8203005467BB9B42071
:10F3300010F050FF134983462046E3F7E7FF0146EC
:10F34000584604F0F7FD57F82530C3F800B057F8D9
:10F3500025301D68002D90D0D5F810B05846E3F741
:10F3600091FD0D4B9B4598D14FF0B042136E23F4A5
:10F37000006313669AE7BDE8F88F00BFA82403086E
:10F38000D85600201C4F0308244A030800440140BB
:10F3900000480140EC120020002C0140C3B22A2B8F
:10F3A0001BD8174A52F8233000F4E0601843431C7E
:10F3B00025D0030913F00C0F04BF124A03F00F030A
:10F3C00000F00F0008BF52F823300F4A18BF002387
:10F3D00052F8202091B19A61704700F0C002C02A13
:10F3E0000DD1CB2B0BD8094B00F03F0200F4E060AD
:10F3F00053F82220024B53F82230D7E79A62704725
:10F40000A8240308044A0308E40E0308244A030856
:10F41000C3B22A2B1BD8194A52F8233000F4E060FB
:10F420001843431C24D0030913F00C0F22D103F01E
:10F430000F03134A00F00F0052F82320114B1269FA
:10F4400053F8203093430CBF01200020704700F098
:10F45000C002C02A0CD1CB2B0AD80B4B00F03F02C4
:10F4600000F4E06053F82220044B53F82230D7E731
:10F470000020704700231B69FFDE00BFA82403089B
:10F48000044A0308E40E0308244A0308034A1168E7
:10F4900013685B1A8342FBD3704700BF78030020D8
:10F4A0000348D0F8883013B18030E3F705BD7047CA
:10F4B000302000202DE9F04F2E4D85B0CA002C7869
:10F4C00003922A7C0092A4F10802019204F1FF3C0D
:10F4D0006A68AB6802924FF0010E00260EFA0CF932
:10F4E0003146039A96420ED1EA6853406A7C002A5C
:10F4F0003CD11D46C4F120044FF0FF30E0402840CD
:10F5000005B0BDE8F08F16F0070218D110F80180A1
:10F5100001F1010A0099D1B117460EFA07F101EA8B
:10F520000801F940C7F1070B013701FA0BF1082F69
:10F5300042EA0102F1D101998A405340514603EA5F
:10F5400009025B000AB1029A53400136C9E74246FC
:10F55000F1E700FA02F11940D140ACEB0206B140EC
:10F560000D430132D1B28C42F3D8C3E700221546D5
:10F570000120F7E7C0560020F0B50023C0E90033B2
:10F58000ADB08360044608460D4606F0F5F9064620
:10F590000F462846002106F04FFD002858D13CA315
:10F5A000D3E900233046394606F088F80F46064670
:10F5B00006F0D4FC054606F0BDF902460B4630467F
:10F5C000394606F079F8344B002206F02DFA06F0A1
:10F5D000EDFD3249009001232A46002502A811F0D2
:10F5E00051FA7D2229460CA80B9510F064F802A868
:10F5F00006F0BEFD022824D8802220210BA810F09E
:10F600005AF802A806F0B4FDC0F1030000F1B003FF
:10F610000DEB030000F8845C02A806F0A9FD0130A0
:10F6200010F0D8FD02A9054610F0DCFC0BA902A8D9
:10F6300010F0D8FC294602A811F062FA284610F012
:10F64000D1FD02A92046FFF77EFD20462DB0F0BD7A
:10F6500032463B460EA1D1E9000106F02DF80F46D7
:10F66000064606F07BFC054606F064F902460B46AA
:10F670003046394606F020F8074B002206F0D4F950
:10F6800006F094FD0649009001232A46A5E700BF35
:10F690009A9999999999A93F000024405A6D0308B5
:10F6A000596D030870B5056804460E46A54201D1A0
:10F6B000002070BDA868036831469B689847002801
:10F6C000F7D12D68F2E70E4B10B5044618680368B1
:10F6D00021461B68984750B1037943B190F8343004
:10F6E0000BB1343010BD037B0BB10C30FAE7054A87
:10F6F000054823460C2111F01DF90348F2E700BF2D
:10F70000940B0020646D0308E8560020421C10B5DD
:10F7100003460C460CD0074A106802681946126866
:10F72000904728B1D0F8B430A34218BFC0F8B44015
:10F7300010BD00BF940B002010B504460020E9F76F
:10F7400033FE05232060A3808022002104F10800FD
:10F750000FF0B1FF002010BDF8B506460020E9F714
:10F7600023FE03233060B380A022002106F10800AD
:10F770000FF0A1FF204B00251F682C46AFB91F4892
:10F78000F6F733F807461E48F6F72FF80646BFB1DE
:10F79000E4B11C48F6F729F8D0B11B48F6F725F874
:10F7A000044698B901252C4610E078680368314674
:10F7B0005B6B984701253F68002C08BF0446DDE7D6
:10F7C0001048F6F712F858B1002CE6D12046F8BDE3
:10F7D000002EE2D10C48F6F708F858B92546E2E7C2
:10F7E000002EF1D10848F6F700F80028EED1002CE1
:10F7F000ECD0D8E70446E9E7D852002008560020AC
:10F8000040560020245600205C560020094B10B5BD
:10F810001C6864B16068EAF727F938B194F82001F0
:10F8200094F82A3198422CBF0020012010BD2046B8
:10F83000FCE700BF6C2C0020F0B5234BD3F8EC4163
:10F84000ADB005460E4684B34FF47A735C431F4F48
:10F85000386860BBB022002168460FF02CFF694673
:10F860002846F2F7CDFDBDF80C3053B32846F0F72B
:10F8700013FA6B460446AA69E9211030EFF716FD2A
:10F880000023E081386884F8FA300A23666084F83F
:10F89000223110B14721EFF779FB0D4801230068B1
:10F8A00000222146EDF7B8FC0BE00A4CCFE74721D8
:10F8B000EFF7B0FA0028CDD0074B1B681B1A9C420B
:10F8C000C8D92DB0F0BD00BF40270020E050002077
:10F8D00068150020009749017803002008B5084901
:10F8E00091F81D02FFF794FD91F81E32DB0703D556
:10F8F000003818BF012008BDB0FA80F04009FAE7CF
:10F90000402700200388022B13D00D2B08D8032B8F
:10F9100001D800207047043B9BB240F2952004E0E0
:10F920000F3B9BB21E2BF4D80348D84000F00100D7
:10F9300070470120704700BF2500004038B582693C
:10F9400083689A42044614D02269C0681D68043A4C
:10F95000934203D00433A360284638BD10F042FC24
:10F9600063691A1D5B68626103F50072E3602261DE
:10F97000F1E70025F0E70169024659B1836850F8C4
:10F980002300013303F0010348BF5B420139936058
:10F990001161704708467047816A10B5024679B117
:10F9A000036A50F8230001335C4204F0070403F0BB
:10F9B000070301F1FF3158BF63421362916210BD2A
:10F9C0000846FCE713B50B4904460B48002301F138
:10F9D000520200684968EAF7D7FD084B186838B149
:10F9E00034B1002300931A464FF0FF31F2F78CFD3B
:10F9F00002B010BD980B0020940B0020C024002002
:10FA00002DE9F74FD0E9016B9DF830A005460F4670
:10FA1000904699465E45314601D100241CE056F8D7
:10FA2000044B01912046E9F757FEB8420199F1D104
:10FA3000D4F814314345EDD1D4F8583113B1B9F1AC
:10FA4000000FE7D0BAF1000F03D094F820315345EE
:10FA5000E0D2281D03F050FF204603B0BDE8F08F30
:10FA600030B5044685B00D46806C0121FCF731FAB3
:10FA70000023CDE900331A461946A06CFCF74EFA74
:10FA80000123CDE9003303AAA06C8DF80C5080212E
:10FA9000FCF744FA05B030BD30B5012185B004460D
:10FAA000806CFCF716FA04238DF80F300023CDE9A3
:10FAB00000330DF10F02A06C01238421FCF72EFA14
:10FAC000A36C0546186803680121DB69984728463E
:10FAD00005B030BD1FB58DF80D300123CDE90033E1
:10FAE0008DF80C108DF80E208DF80F3003AA04232A
:10FAF0009521806CFCF712FA05B05DF804FB0B4B06
:10FB00001B681B7C4BB190F988219A4205DD084A9D
:10FB100092F896200AB980F8883190F98831162B2E
:10FB2000C4BF162380F88831704700BF0813002037
:10FB3000980B0020836C70B504461868996A0268B7
:10FB400095688268A847A36C1868996A0268D568A6
:10FB5000C268A847A36C186803680121DB6998474D
:10FB6000A36C1868996A0268D5680269A847A36CF3
:10FB7000186803685B6A98470646236820461B6935
:10FB80009847054678B1A36C186803685B6A984784
:10FB9000801BB0F57A7F06D2A36C186803680A212F
:10FBA000DB699847E9E7284670BD7FB590F8354096
:10FBB00006460D4614B14F4804B070BD03681B697A
:10FBC0009847B06C03F051FB83060AD50123CDE9B9
:10FBD000003303AAB06CADF80C4002230721FCF7F8
:10FBE0009DF9454925F0004006F030FA044620B161
:10FBF000304604B0BDE870409CE74049284606F016
:10FC000051FB3D4920F0004006F020FA002862D167
:10FC10003B49284606F046FB374920F0004006F0F5
:10FC200015FA002859D13749284606F03BFB3249DE
:10FC300020F0004006F00AFA002850D13249284648
:10FC400006F030FB2C4920F0004006F0FFF90028B8
:10FC500047D12E49284606F025FB274920F00040D1
:10FC600006F0F4F900283ED12949284606F01AFB8F
:10FC7000214920F0004006F0E9F9002835D1254956
:10FC8000284606F00FFB1C4920F0004006F0DEF984
:10FC900068BB2149284606F005FB174920F00040C3
:10FCA00006F0D4F9002886D0072000238DF80D3007
:10FCB00044F20103ADF80E3041F28833736701233B
:10FCC000CDE900338DF80C000423B06C03AA972112
:10FCD000FCF724F970E72046E7E70120E5E702207A
:10FCE000E3E70320E1E70420DFE70520DDE7062066
:10FCF000DBE700BF41FDFFFF6F12833ACDCCCC3F65
:10FD00009A99D93F6666E63FCDCC0C409A99194046
:10FD1000CDCC2C4000004040333353401FB500236E
:10FD2000ADF80C300123CDE9003303AA02238F2163
:10FD3000806CFCF7F3F805B05DF804FB1FB50023F9
:10FD400003930123CDE9003349BA082352BAADF831
:10FD50000810ADF80A2019460DEB0302806CFCF781
:10FD6000DDF805B05DF804FB37B505460C46FCF739
:10FD7000BFFC012811D1231FDBB2042B10D895F84A
:10FD80004E2085F84D30009295F83C2095F84C10A7
:10FD90002846FDF735F903B030BD6FF01300FAE7E0
:10FDA0006FF00900F7E737B505460C46FCF7A0FCF5
:10FDB000012814D124F00F0343F004032401A86C9C
:10FDC0008DF8043044F00404022301AA4FF4E861E2
:10FDD0008DF80540FBF73CFF002003B030BD6FF00D
:10FDE0001300FAE713B500290CBF942396230446A9
:10FDF0008DF803300DF10302806C012340F6AC0155
:10FE0000FBF726FF084BA06C1A889B78ADF80420FE
:10FE10008DF8063001AA032340F29F21FBF718FF5B
:10FE2000002002B010BD00BF6B6D03082DE9F0414A
:10FE300088B005469DF8388043450E4617461C4657
:10FE40007DD3FBF7B5FE631CFF22DBB2C8F10808C7
:10FE500002FA03F342FA08F21343DB43DBB280EA0F
:10FE60000702134203D1002008B0BDE8F08120EA68
:10FE700003043B401C432B79E4B28DF81740CBB907
:10FE80000122CDE90032284669890DF11703324677
:10FE9000FBF720FD286803689B6A98470746286897
:10FEA00003689B6A9847C31BB3F5FA6F40D36FF0A2
:10FEB0000F00D9E795F911306F7C002BB8BF0733DD
:10FEC000C3F3C703581E40B20DF1180E4FEAC00C21
:10FED00002467146002A18DA2A7C0130B8BF002396
:10FEE000D2080B44501E40B2B0F1FF3F18D10020A1
:10FEF000012301900DF117000090CDE9023302EBD0
:10FF0000D7022846FBF74FFDC4E7B5F80A80013A4F
:10FF100048FA0CF80EF8018B52B2ACF1080CD9E794
:10FF20004FEAC00C26FA0CFC03F801CB0138DAE7E3
:10FF300031462846FBF73CFE8442B0D193E76FF090
:10FF40000A0091E7F0B590F9114090F811C0002C2B
:10FF5000B8BF0734E41087B0013C054664B205A879
:10FF60000F46E6000146002C11DA0120CDE90230EF
:10FF70000023019200934FEADC022846FBF713FDB1
:10FF800068B9284607B0BDE8F040FBF7C2BF47FAA2
:10FF900006FE013C00F801EB64B2083EE3E707B05F
:10FFA000F0BD7FB58DF813309DF824308DF80E200C
:10FFB0008DF814309DF820208DF80F200123CDE915
:10FFC000003300228DF810209DF828208DF8112094
:10FFD00049BA9DF82C20ADF80C108DF81220092399
:10FFE00003AA8C21806CFBF799FF07B05DF804FB36
:10FFF00030B587B004460D46FCF77AFB024690BB4D
:020000040802F0
:10000000022D0CBF06230423FF2284F867300392DD
:1000100094F86A20029294F86920019294F868207A
:10002000009294F86420B4F86C102046FFF7B9FFF2
:100030000546A8B940F61D73A06CADF8143005AAAA
:10004000022340F2BC61FBF703FE42F21013ADF84D
:100050001430A06C022305AA40F2BE61FBF7F8FD44
:10006000284607B030BD012810D194F8803084F8BC
:100070004F00019394F85030009394F87C30B4F81A
:1000800052102046FDF777F80546E9E74FF0FF35B7
:10009000E6E710B504461346806C0122FBF73DFDF0
:1000A000A06CBDE81040FBF7C0BE002370B505464C
:1000B00001F110041846283154F8046FAE420BD0F9
:1000C000002E18BF01238C42F6D122B130B183F04B
:1000D0000103DBB2137070BD0120F4E70346F9E7BA
:1000E0002DE9F04F456893B0CDE9032304460F4650
:1000F000002D00F00A81D0F800A0BAF1000F00F046
:100100000681D1F81491B9F1000F00F0FC8024228F
:1001100000210DEB02000FF0CEFA3846CDF820900A
:10012000E9F7DAFA7B4997F820B1D1F80480D7F8DB
:1001300054110291884508BF4FEACB110BF07F02A2
:1001400008BF01F47E51ADF82C2004BF0A43ADF87E
:100150002C20714A08BFCDF83080126801900CBF86
:1001600001260026012A38BF0122D7F85031079016
:100170000992204601990A934A460593EAF706FC3C
:100180000446002800F086801C9A059B42B1028A32
:100190001C9902F07F0293458CBF012200220A7055
:1001A000039AEAB1226890451AD0D4F80CB0BBF19A
:1001B000000F15D0D84513D093B902981A4621469E
:1001C000FFF773FF60B121464046FFF76EFF38B975
:1001D00021465846FFF769FF10B9039A01231370AF
:1001E000049B33B1E368A3EB080253425341049AE2
:1001F0001370002E6BD1324621464046FFF755FF63
:10020000238A58B197F82011C3F3C612914202D045
:10021000013A914202D1029A0C920126BDF82C209B
:1002200003F47E5322F47E521343ADF82C30BDF814
:100230002C20238A02F07F0103F07F038B4284BFCE
:1002400022F07F0213434FF0000288BFADF82C303C
:10025000134604EB8301486978B10BAF062157F8C8
:1002600004CF604509D0013911F0FF01F7D13344C3
:1002700012A901EB830343F8180C002E02F10102CE
:10028000D2B20CBF062105218A421346E1DBE368A6
:100290000A9302E01C9B03B118701F4B2C221E68AE
:1002A000002302FB0A521946954212D34BB107AE06
:1002B0001D460FCE0FC50FCE0FC596E8070085E887
:1002C0000700201E18BF012013B0BDE8F08F0126E3
:1002D000ADE7686858B9286888B1A868371A8F42AE
:1002E00028460ED939462B4600F12C05DCE781451E
:1002F000F3D12868019F8742EFD1A968711A10468F
:10030000F1E71D46EFE74846DEE72846DCE75046C2
:10031000DAE700BF980B00207803002030B51C4BB3
:100320000446186899B010B12146EAF705FA194D4C
:100330002B681BB92D6855B919B030BD6389042BE2
:10034000F8D02046ECF7C2FB0028F5D1F2E763892C
:10035000042BF1D1A389462BEED10F495C2201A8D1
:100360000FF048FE0D4AE18901AB04F11000EFF7F0
:100370001DF90028E0D02B6801AA21469B6A284677
:1003800098472B6801AADB6A214628469847D3E79D
:10039000940B0020005200205450030850380308EA
:1003A00010B103685B681847704710B103685B6859
:1003B000184770472DE9F74FDFF894B0814616468D
:1003C0001D4601F00F080C0982460127A74220D9DB
:1003D000B8F1000F1AD0631CEB73C3F307221C4B58
:1003E000AA731868036806EB04169B6A324629460E
:1003F000984709EB0414B04416F8012B14F8013B9C
:10040000464583EA020306F8013CF5D103B0BDE896
:10041000F08FDBF80000EF73C7F30723AB730368BB
:1004200001929B6A29469847019A0AF1FF30531EB0
:1004300002F10F0C13F8011F10F801EF634581EA78
:100440000E011970F6D110320AF1100A0137BDE71A
:100450002C1F0020494B2DE9F347DA69484CDFF89F
:1004600024E10C2101254FF0000C4FF00409022675
:100470004FF0080893F82400012848D093F825008D
:1004800083F82450012875D183F825605068400610
:100490000ED5C3F82880CDF804C0506840071CD49E
:1004A000506820F040005060986A20F00800986280
:1004B000DEF800A05068C0074CD597685068DF622E
:1004C000400641BFC3F82880506820F0010050600A
:1004D00083F8255083F824C019E0106840F080406C
:1004E0001060106820F0804010600196019801387B
:1004F0000190DDF804A0BAF1000F13D1012083F8B8
:100500002500986A83F824A040F00200986254F80D
:10051000040F0139784011F0FF012060AAD102B028
:10052000BDE8F08710684000E0D45068400642BF44
:10053000506820F04000506002200190019801387E
:100540000190DDF804A0BAF1000FD7D05068400741
:10055000F4D4A9E7DEF80000A0EB0A000228A9D92C
:10056000506810F00100A5D183F8255083F82400CD
:100570009E62CCE7C3F82890ACE700BFD8560020B5
:10058000981E0020780300202DE9F04F7C4C264671
:100590000FCE04F140050FC50FCE0FC50FCE0FC50E
:1005A00096E80F0089B085E80F00A36F0393A36E50
:1005B000D4F87C90D4F850E0D4F840C0D4F870B0AF
:1005C000D4F86080616D676CD4F874A0606EA26D21
:1005D000A66CE56C0193E36DE46E02940A24CDF8F9
:1005E000109000940F4487EA0A0A00EB3A40F44462
:1005F00041408CEA0B0B07EB315787EA3A4A08EB8C
:100600003B4800EB3A6088EA0E0E0CEB3E5C80EA59
:100610003151069003988CEA3B44164408EB346849
:1006200080EA06090198CDF8148088EA3E5ECDF88C
:100630001CE000EB394E04981D4485EA000802983E
:100640008EEA020206EB325600EB384086EA394960
:1006500043400EEB396E05EB33558EEA325285EA94
:1006600038480CEB716C00EB386007EB72678CEA72
:1006700038680EEB384E87EA346480EA33538EEAEA
:10068000716100EB344080EA72620CEB315C8CEA01
:10069000384807EB32574FEA386B87EA344400EBAF
:1006A000346006EB7366CDF810B04FEA346B059CEE
:1006B000029080EA325286EA3A600EEB386E04EB22
:1006C000304888EA736306EB335686EA304008EB1D
:1006D00030684FEA306A0798CDF804E005EB7065A2
:1006E000069885EA39648EEA3151DDF81CE000EBAA
:1006F000344989EA7E6E05EB3E5585EA34444FEA7B
:100700003460039009EB3460009C013C88EA335369
:1007100080EA3E5E14F0FF044FEA71614FEA7262B4
:100720004FEA73634FEA7E6E00947FF45BAF144C24
:10073000DDF810906165C4E9135EC4E917380199CA
:10074000039BA265029AC4F87C90C4F840C0A166DD
:10075000C4F870B06764E266C4F874A0A664A367C6
:10076000606622460434136C12681344E363009BF2
:100770000133DBB2102B0093F3D109B0BDE8F08F49
:100780008C1E002070B50C4E336B06F14005013312
:100790003363FFF7F9FE0FCD06F110040FC40FCD40
:1007A0000FC495E80F0084E80F00E2F799FC736B23
:1007B0004340736370BD00BF8C1E002010B5064C13
:1007C000236B01332363FFF7DFFEFFF7DBFF034BF0
:1007D0001B68C4F8843010BD8C1E002078030020F4
:1007E00038B505460C4641B3302C224628BF30228E
:1007F000A41A2B461544134A13F8011B12F8010BD7
:10080000AB4281EA000102F8011CF5D1FFF7BAFF03
:10081000002CE9D10C4A92F88130990610D5B2F833
:100820008010C1F30C01B1F5C07F09D36FF34513FC
:1008300082F88130BDE83840C0E7FFF7A3FFE9E761
:1008400038BD00BF9C1E00208C1E0020F8B5414C16
:1008500094F881305B0605465BD43F4B264603F196
:10086000400718685968324603C20833BB4216462F
:10087000F7D1FFF7EFFDB4F8803023F47F5323F076
:100880003F0343F40053A4F88030FFF77BFF35B1FA
:10089000284605F06DFC01462846FFF7A1FF2F4AC8
:1008A00092F8253003F0FF010BB982F824100223DF
:1008B00082F82530D369106A196821F004011960A3
:1008C000196821F0804121F02001014341F080416D
:1008D0001960234919614AF2B32119611968214845
:1008E00021F080411960056819684E0012D419681A
:1008F00041F00401196059684D0618D5042382F8A7
:100900002530FFF75BFF94F8813043F0400384F813
:100910008130F8BD0168491B0229E5D919684F00EB
:10092000E2D5012382F8253002239362E9E70568C6
:10093000596811F0040104D1012382F82530916235
:10094000DFE70168491B0229F2D959684907EFD549
:100950000423E7E78C1E00206F6D0308D8560020A3
:10096000BC0A59177803002010B5104B19791E22C4
:100970001A6702294FF03C029A6601D00B290DD16B
:100980000B4901220C461046C3F8AC100A21C3E9FA
:100990002924C3F8B010C3F88C0110BD4FF4967130
:1009A0004FF0FF344FF41670EEE700BF80030020D5
:1009B0008051010008B5054B4FF41A72002118460A
:1009C0000EF079FE1822C0F8642208BD002A00202B
:1009D000044B1A889042BDBF04334C2200FB023006
:1009E00001487047002A00202002002070B501460F
:1009F0000078FFF7EDFF91F84830012B03D04C222F
:100A00000FF0F8FA70BD074B1C7800220225A242B5
:100A1000F5DA93F84C60012E08BF83F84C50013290
:100A20004C33F4E7002A0020F0B5194B93F89650A8
:100A300095B005B30024174F2546E0B2FFF7C8FF75
:100A40004C22014601A80FF0D5FA9DF805607EB151
:100A500039460DF12E0010F035F878B98DF84C00BC
:100A60008DF80E00ADF80C0001A8FFF7BFFF35466A
:100A70000134082CE1D1284615B0F0BDBDF80C308A
:100A8000002BF5D000238DF80E30ADF80C30EBE7DD
:100A9000980B0020E16603082DE9F041DFF88C8017
:100AA00004460846FFF794FF064620220021204610
:100AB0000EF001FE737813B196F848701FB9FF234A
:100AC00084F8203015E0358906F10A012A462046CF
:100AD0006DB20FF08FFA84F8205025B9022F08D19B
:100AE00098F80000DEE7012D15D1227822B984F8AC
:100AF00020202046BDE8F0810D4B214603F1100077
:100B000053F8045B41F8045B8342F9D1102384F865
:100B10002030E273EDE70F2D01DC1023D0E71F2D0D
:100B2000E7DC102DE5D02023CAE700BFA823002072
:100B3000B06D030808B5C0B2FFF74AFF90F82A303D
:100B40000BB12A3008BD064B93F8A82132B193F8B7
:100B5000A9010121BDE8084001F0EEBE0148F1E71E
:100B600080030020C16D0308F0B58BB00646FFF787
:100B70002FFF41780670044639BB80F848104422A4
:100B800004300EF098FD01236370314601A8FFF791
:100B900083FF9DF92470002F29DB3046FFF7CAFF41
:100BA000054605F0E5FA2B4628440025834215D179
:100BB000002101AA0B468F4214D86B400D4A02EB6C
:100BC0004602204653800BB0F0BD0B492A3005F099
:100BD00075FA0028D9D184F82A00D6E713F8012B3A
:100BE0005540E3E712F8010B01314340E3E74FF0D2
:100BF000FF33E3E7A8230020C86D0308F8B5094ECA
:100C0000094F002433889C4200DBF8BDE5B228463A
:100C1000FFF7AAFF90F84830012B08BF3D70013460
:100C2000F0E700BF002A0020A823002038B518B143
:100C30001C4A1368013313601B4D2B88082B25D0E9
:100C400008232B8000242A88944225DB174B184C5C
:100C5000002183F8C11140F20141A3F8A8112D2110
:100C6000A3F8C211134B1449002A08BF1C460125E2
:100C7000A57225810C2204F12A000FF06EFF2023BB
:100C800084F83E50657084F848502364FFF7B6FF3F
:100C9000BDE83840E9F7A2BFE0B2FFF765FF0134D5
:100CA000D1E700BFE4500020002A0020800300208C
:100CB000042A0020200200201D60030810B5014610
:100CC000FFF786FE836823F07F43B3F1011F12D143
:100CD0000846FFF72FFF094B044693F8A81193F835
:100CE000A90101F029FE0146204605F0E7F9B0FA16
:100CF00080F0400910BD0020FCE700BF8003002009
:100D000038B50D4B93F8A80170B10C4A107858B162
:100D1000D3F8C801002105F085F928B1084B1D78EA
:100D20000024AC4201D3002038BDE0B2FFF7C6FF7B
:100D30000028F9D10134F4E78003002000010020ED
:100D4000002A00202DE9F043844F97F8D48291B017
:100D50000446B8F1000F42D090F8009090F802E0FD
:100D600090F808C0B9F1000F05D1BEF1000F02D113
:100D7000BCF1000F76D07A4E0FCE6D460FC50FCE68
:100D80000FC50FCE0FC596E80F0085E80F00B9F12B
:100D9000000F05D063788DF8013001238DF8003005
:100DA000BEF1000F01D063680893BCF1000F02D0C0
:100DB000E368ADF81A306846EAF71EF918B9012160
:100DC0006846E9F741FF6D460FCD654E0FC60FCD62
:100DD0000FC60FCD0FC695E80F0086E80F0097F8F5
:100DE000D5329BB1227C3AB163692BB1402B28BF2D
:100DF0004023C7F8BC319046227E3AB1E3692BB15B
:100E0000402B28BF4023C7F8D031904697F8D61220
:100E100097F8D83297F8D72231BB002A7BD1002B24
:100E200040F08280B8F1000F40F092804D48E8F722
:100E30007BFB0446002800F08D80142303730021FF
:100E40000220E8F7C5FA4849A06004F10D000FF050
:100E5000C9F8464B186803685B68214611B0BDE8C5
:100E6000F0431847E046BAE794F820100029D4D0A0
:100E7000616A0029D1D0B966002A41D12BB194F81A
:100E8000303013B1636B002B57D1FFF739FF88B1B6
:100E90003A793749022AD1F8403150D00B2A4AF624
:100EA000C00218BF4FF4E16213B1934238BF13463A
:100EB000C1F84031EFF77CFC70B13A79BB6E022A81
:100EC00040D00B2A4AF6C00218BF4FF4616213B13A
:100ED000934238BF1346BB667B6923B1B3F5616F9C
:100EE00038BF4FF461637B610320B8F1000F2CD051
:100EF00004F0C6FB1D4B01211868E8F7CDFB95E710
:100F000094F82820002AB9D0E26A002AB6D01849FD
:100F1000C1F84021B2E794F82820002A3FF47FAFBF
:100F2000E26A002AF3D17AE794F83030002B3FF4DC
:100F300079AF636B002B3FF475AF7B61A5E74AF691
:100F4000C002B1E74AF6C002C1E704F099FB6DE7C1
:100F50000120CDE711B0BDE8F08300BF8003002081
:100F600028050020E8160020D06D03086815002031
:100F70004027002084B038B505AC84E80E00054653
:100F80007422214606480FF035F8069B089A134351
:100F90001CBF012385F82130BDE8384004B07047FC
:100FA00064500020064A92F83030591C82F8301004
:100FB00043F6982047F2305200FB0320704700BFF1
:100FC000D85600202DE9F041CCB004AC0F461646AF
:100FD0000146002220461D46DDF8488102F085FAD0
:100FE000A369E3B10F4B0297CDE900340E4B00210A
:100FF0009D42039103D0324640460EF05CFB2946E9
:1010000042466846F6F7D8FF0028204614BF01255F
:101010000425F5F72AF828464CB0BDE8F0810525EF
:10102000F9E700BFD9DA0008B0500308F0B5002591
:1010300097B004462E46A78BBD4228DB684602F0D7
:1010400099FE1C4B1C4A00930D920EAB1B4A54F8A0
:10105000105FCDF844D0CDE90E330023CDE9122343
:101060001093ADF8543001238DF85630ADF8506030
:10107000ADF85270A54205D0A868036869469B6820
:101080009847A0B16846E6F72FFB17B0F0BD294698
:101090006068E8F7CEFF07460020E8F785F9FB6FA8
:1010A000C01AB0F5E15FB8BF01360135C3E72D685E
:1010B000E0E700BF6C250308FC300308517400080A
:1010C000F8B507461446E9F74BF90646A8B1A388D8
:1010D000022B12D1083400F184050FCC0FC50FCCC0
:1010E0000FC594E80300012385E8030086F88030EB
:1010F0003846FE60BDE8F84098E7F8BD30B5C5B0A9
:1011000004460D4601466846F4F728FA694604F19C
:101110003000F4F777FA4FF0FF334360002380F894
:10112000FA300A2380F822310B4B59680B4B0446E6
:101130006A461868FFF7C4FF094835B100682146C0
:10114000EBF7ECFD012045B030BD006801232A46D5
:101150002146ECF761F8F5E7980B0020940B00208E
:10116000681500200F4B104A18685168036810B5C5
:101170001B68984790F86010044631B91422643017
:101180000EF099FA012384F8603000210220E8F77C
:101190001FF90021E0670220E8F71AF920672046CE
:1011A00010BD00BF940B0020980B0020034690F860
:1011B000600028B15A6E1AB9986E003818BF012025
:1011C000704710B103681B69184770472DE9F04F4D
:1011D0001602B6F5961F85B0834688461FDB384B4E
:1011E0009E421EDA4FF4165396FBF3F630460EF08D
:1011F000F1FFDFF8D0A0DFF8D090DAF800300193EB
:1012000005460027DAF80030019A9B1A5B450BD39C
:101210000824002D4FD1204605B0BDE8F08F802670
:10122000E4E74FF40066E1E7D9F8003048461B696F
:1012300098470028E6D0D9F8003023485B699847E2
:10124000731E9F42C0B21EDB2C283C4608D02B19CF
:1012500013F8022C0D2A0AD113F8013C0A2B06D1EF
:10126000D8E90073BB423A4619D1012C14D02B198E
:1012700013F8022C0D2A10D113F8013C0A2B04BFDD
:1012800000242C7009E07C1CA4B200232C28E85513
:101290002B55E5D0012CDAD101242746B2E7F968B5
:1012A0002846CDE902320FF091FC1C37DDE902320D
:1012B0000028D7D0147E28460EF094FFABE700BF7D
:1012C00080252C01780300206C09002030B50446ED
:1012D0000FCC8BB001AD0FC50FCC0FC523682B60B1
:1012E00001A80EF0D1FB0BB030BD2DE9F041D1E9E2
:1012F00000762F492F4C0246B9424FF0000070EBA8
:10130000060123680CDB2C4A236811685B1A43F63C
:1013100097218B4284BF236813600320BDE8F081CE
:101320002649B94270EB0601EDDB254D95F80080AA
:1013300090451ED3042A18D0032AEFD1DFF884C0C9
:101340002168DCF83440091B1F4CA142E6D32A7007
:10135000CCF834301D4A13601D4A13601D4BC3E99D
:10136000007602F09EFB0120D8E72A70154A5363ED
:10137000F0E7022A2A7018BF144A124918BF1360F6
:10138000134A4B631360134BC3E9007602F089FBE9
:10139000B8F1000FE7D12B78002BE4D00E4B186882
:1013A0000028E0D041462030E3F750F8DBE700BFEB
:1013B0007F0FE8697803002068090020801B18B5BA
:1013C000FC130020D8560020002E9302D850002095
:1013D000DC210020E0210020C02400200D4B1968F2
:1013E0000D4B186F1B79022B10D00B2B0B4A18BF1B
:1013F00078224FF47A7358B143430948C268406871
:101400000A44801A184420EAE0707047034AF0E763
:101410005343F2E77803002080030020805101004D
:10142000EC00002038B5074D2B6828461B6998470B
:10143000044604B938BD2B6828465B699847013CCF
:10144000F7E700BF6C0900202DE9F0433F4C404F07
:101450008BB003460D46D4F8AC01D4F8B0113E6809
:101460006A4603C2B4F8B41111803A4A03AC02F1DF
:10147000180E10685168A446ACE8030008327245A3
:101480006446F6D11188ACF8001092788CF80220EE
:1014900000210A4602201DF800400130144451FA90
:1014A00084F10628E2B2C9B2F5D106328DF80730D0
:1014B00053FA82F3DBB251FA82F28DF808304FF022
:1014C00000081344DFF890908DF806008DF809307D
:1014D00044463B689B1B9D420BD90A2C32D0D9F85D
:1014E00000301D481B69984738B93B689B1BAB42CD
:1014F000F5D300200BB0BDE8F083D9F800301648D2
:101500005B69984708F128036B44C0B213F81C3C90
:10151000834206D108F10108B8F11A0F03D1022065
:10152000E8E74FF0000804F128036B4413F8283C67
:10153000834202D10134E4B2CBE7032C00D118B1CD
:101540000024C6E70320D5E70120D3E71C4F03089A
:1015500078030020EE6D03086C0900202DE9F043AC
:10156000002585B0DFF8B4802D4FD8F800900295A3
:10157000CDE900550646ADF80C50002420E03B684C
:1015800038461B699847C8B33B6838465B6998473B
:10159000631C04F11002DBB20DEB0204022B04F811
:1015A000100C17D19DF800109DF80120BA2901D127
:1015B000CE2A04D08DF800208DF8015001231C465E
:1015C000D8F80030A3EB0903F92BD8D9002005B0D7
:1015D000BDE8F0830D2BF2D19DF804009DF80510B5
:1015E0009DF806209DF8073005280ED1012907D166
:1015F000062A0AD1B34208D10320E8E72346DEE7F2
:1016000019B9062A01D1B34205D00E22002168463D
:101610000EF051F8B1E70120D9E700BF78030020B0
:101620006C0900202DE9F0410024ADF5407DDFF884
:101630006C80009406464FF43F72214601A80EF0DC
:101640003AF8D8F80050164F05F5FA75D8F800307A
:101650009D4204D800200DF5407DBDE8F0813B6837
:1016600038461B6998470028F0D03B680C485B69F6
:101670009847C3B20DF8043040F2FF22013494427F
:1016800001D00D2BE2D1224631466846EEF783F9B0
:1016900004460028DAD00320DDE700BF78030020ED
:1016A0006C09002070B5062580F828524CF6BA6403
:1016B0008518A0F82442002480F8274280F82622CA
:1016C00080F8291285F82A4285F82B4285F82C42A9
:1016D00085F82D4200F229249D1813F8016B04F8B7
:1016E000016F9D42F9D100F5097302EB016100F22F
:1016F0002A2002F0FC0401F5C021044450F8045BE8
:1017000084422944FAD1901DC0B20C0A1954D01D4C
:10171000C0B21C5402F10800C0B20C0C1C5402F1FF
:101720000900C0B2090E195402F10A00C0B270BD1E
:101730002DE9F8434378294D904601229340002734
:1017400085F82420AB766F8404460E4681782846BF
:10175000F3F75CF8B8F1000F07D039462846E2F7F6
:1017600081FE39462846E2F77DFE1C48F5F748FD24
:101770001420FDF78BFE324661781848F5F730FDEE
:101780002F8BEB8AFA1A012A15DD1448F1F7ACFE0B
:1017900004021248F1F7A8FEA4B20443A4B2DFF891
:1017A0003C904FF00008013E5FFA88F3B3420BDB38
:1017B0002046BDE8F8839F4204D00848F1F794FE24
:1017C00084B2ECE70024EAE7EB8ABB4202D0484649
:1017D000F1F78AFE08F10108E6E700BF14130020C4
:1017E0002DE9F34104460D46A38A00699A42164644
:1017F0000AD9202A174638BF202739460FF02AF980
:1018000000284BD02061A7824FF42A433E4FA365A6
:101810006D003B682069A26DE9B2002594F86DC0A7
:10182000BCF1200F69D194F86CC0BCF1010F64D0F9
:10183000012384F86C30222384F86D30102384F85F
:101840006E3000232367A4F85660304BA2652366F0
:10185000B4F8563020659BB2FF2B9EBFB4F85630CB
:10186000A4F85430A36DE06D82BFFF23A4F8543078
:101870004FF08073122804D1AA2A02D0B2F52A4F61
:1018800014D1A26DAA2A0AD10022A265B4F856206A
:1018900092B2FF2A00D8A36D1D4A08E0FEE7A26DB0
:1018A000B2F52A4FF2D14FF00072EEE7002204F1B8
:1018B0002C08009294F854204046E0F774F8002376
:1018C00084F86C3002214046E0F784F83B6894F8D5
:1018D0006D20202A06D0632D04D83D68226FED1AB2
:1018E000002AF4D0632D236F0BD853B90023304660
:1018F000E382268302B0BDE8F0813D68ED1A642DD5
:101900008CD90026F2E700BF78030020B51D00083F
:101910000024008070B500220E4603210546E2F740
:1019200035FD044618B131462846E2F78FFD2046C2
:1019300070BD7FB5054608489DF8246000680468BE
:1019400002969DF82060CDE900361346246B0A46C6
:101950002946A04704B070BD702C002010B5134874
:10196000E9F796FE04234381114B5B6803604FF057
:10197000FF3343600F4BD3F8BC3113F0FF0202BFBB
:10198000B3FA83F35B099A01402A28BF402280F80A
:1019900020210446E9F78FFE0021C4F8140102203B
:1019A000E7F716FDC4F81801204610BDC02000203E
:1019B000980B002080030020F0B599B004460F4634
:1019C000164600215E220DF102001D460DF073FE49
:1019D00003238DF80440ADF80030FFF7BFFF052367
:1019E000044683810A4A6B46E9211030EDF75EFC1C
:1019F000782384F822319DF87830E081204684F8FD
:101A000020316760C4F80461257219B0F0BD00BFD1
:101A1000243B030810B54FF0FF310446E8F7EAFA1B
:101A20000D4B021ED3F8BC310BDB9A4201DDD0B264
:101A300010BD94F82A010028FAD00232D0B29842A0
:101A4000F6D313F0FF0002BFB3FA83F35B099801EA
:101A5000402828BF4020EBE78003002008B10EF0AB
:101A6000C1BB70470169024659B1836850F8230031
:101A7000013303F0010348BF5B42013993601161F8
:101A800070470846704738B503680D46DB684FF06D
:101A9000FF319847044620B14FF4B07229460EF04A
:101AA000A9FA204638BD2DE9F041C4B04FF4887240
:101AB00004460F46684600210DF0FDFD0020E7F7C3
:101AC00073FC00906846FDF737FE064648B34FF0BA
:101AD0000008C4F87C80694604F13000F3F792FDF9
:101AE0004FF0FF3380F8FA80DFF86C80436098F89D
:101AF0000430062B14BF0A23462380F82231216FBD
:101B0000054619B1154803689B689847134829464C
:101B1000FFF7B9FF206712483FB100682946EBF78D
:101B2000FDF8304644B0BDE8F081012300683A4634
:101B30002946EBF771FB98F80430062BF1D198F8A1
:101B40009830002BEDD0012384F82C3041F28831FD
:101B50002046E2F77BFCE4E780030020C020002061
:101B6000681500202DE9F043C5B04FF48872054692
:101B70008846684600210DF09EFD03230020ADF845
:101B80000430E7F711FC00906846FDF7E5FD0646D6
:101B900040B3694605F13400F3F734FDDFF8D8901F
:101BA0004FF0FF334360002380F8FA3099F8043097
:101BB000062B14BF0A23462380F82231696F04469E
:101BC00019B12E4803689B6898472C482C4F214632
:101BD000FFF759FF6867B8F1000F07D03868214652
:101BE000EBF79CF8304645B0BDE8F0830123386838
:101BF00042462146EBF710FB99F80430062BF1D151
:101C000099F89830002BEDD01E48E7F78DFC14238F
:101C10000446037341460220E7F7DAFB1A4BA06043
:101C2000D3F8441199F80430022B04F10D001DD0B3
:101C30000B2B4AF6C00318BF4FF461634FF47A725E
:101C4000B9B102FB01F3B3FBF2F210490EF01AFF37
:101C50003868036821465B689847012385F82C3073
:101C600041F288312846E2F7F1FBBBE74AF6C003B0
:101C7000E4E75343E7E700BF80030020C0200020D3
:101C800068150020E816002040270020096E030890
:101C900010B58AB00146044601A8FEF7FDFE9DF985
:101CA0002430002B0CDB084B1868036801A9DB6AA1
:101CB0009847064B03EB4403B3F902000AB010BD8A
:101CC0004FF0FF30FAE700BF2C1F0020A8230020B0
:101CD000D0F8881010B5024691B1D0F8803050F895
:101CE000230001335C4204F01F0403F01F0301F1E1
:101CF000FF3158BF6342C2F88030C2F8881010BD6F
:101D00000846FCE70146024802689268104700BF97
:101D1000C0200020F8B5164D95F8F0202B682AB9A0
:101D20001B68012285F8F02003B198472B685B6897
:101D300003B198470E4C0F4F0026D5F8EC309E4269
:101D400000DBF8BDE2682B689A4203D1226A3B6847
:101D50001AB9236201361C34EFE79B1A626A934278
:101D6000F8D304F10C00FCF7BDFE0023F1E700BF3F
:101D70006C1500207803002000B5C3B001466A4608
:101D80000448F4F795FCB0FA80F0400943B05DF8E0
:101D900004FB00BF6C1600200C4B93F8F01030B41D
:101DA000024629B1D3E90040996800238B4201DB48
:101DB00030BC70470568A54205D18568AA4202D1AA
:101DC00030BCFCF78FBE01331430EFE76C150020F8
:101DD00038B505680446A54201D1002038BDA86881
:101DE000036800219B6898470028F7D12D68F2E727
:101DF00000B59DB00190204890F84C3063B11F4869
:101E000001AB02AA06A9F4F7B0FB58B1B0FA80F012
:101E100040091DB05DF804FB0C30F4F785FC002888
:101E2000EDD0F3E79DF80C30222B1CD0134802AA0A
:101E300006A9F4F7DBFE0028E8D19DF80C30222B30
:101E4000E4D10E4806AA12A9F4F72DFB0028DDDB29
:101E50001A9B0F931B9B109300231A4606A9074851
:101E6000F4F78CFDD2E7054804AA11A9F3F71EFE8A
:101E70000028DBD0CAE700BF601600206C160020E7
:101E800084B070B5C8B04CAC84E80F009DF83051F8
:101E9000062D00F0B68031D8022D28D84DB3944CD1
:101EA000BDF83231227B002B77D1002A76D1667BB8
:101EB000002E40F09380BDF836214EA904F59C70A9
:101EC0000EF098F8012D30D12A4604F59C71684631
:101ED00001F00BFB694604F1180001F0D5FF266BF9
:101EE000F6B10620FCF786FF2573A58201E0042DDC
:101EF0007AD048B0BDE8704004B07047152D00F0AE
:101F0000B780182DF5D10620FCF774FF7948F4F757
:101F1000A4F87848F4F7A9F87748FFF769FF6CE070
:101F20001520FCF767FF2673E3E7324604F59C7142
:101F3000684601F0DAFA694604F1180001F0A4FFDE
:101F4000256B25B91520FCF755FF6573D1E73146A0
:101F50000125882204F5DC70A58265730DF0ABFBCA
:101F60004FF00113802204F5E07104F11800C4F869
:101F7000B831F4F71BF986B2314604F5E070A4F8E5
:101F8000BE61FCF799FD7F2EA4F8BC0100D8A573B3
:101F9000A18A5748E7F78FFBABE7E2B1A28A9A42E2
:101FA00015D1BDF83651BDF8346129464EA8FCF76D
:101FB00083FD86420BD12A464EA94E48F4F763FAB8
:101FC0000620FCF717FFA38A0133A38291E71520AF
:101FD000FCF710FF8DE7637B002B8AD01820FCF7FD
:101FE00009FF0023637384E70620FCF703FF4148E1
:101FF000F4F733F83F48F4F738F83D4B00221A73F2
:1020000077E73B4C637B8BB3A17B51B10420FCF79A
:10201000F1FE04F11800F4F728F800236373A373AA
:1020200067E7A58A01351923ADB2882204F5DC7073
:102030002361A58201260DF03EFB802204F5E071AC
:1020400004F11800A4F8BA5184F8B861F4F7AEF8B6
:1020500085B2294604F5E070A4F8BE51FCF72CFDCA
:102060007F2DA4F8BC0193D8A67391E71820AFE7A1
:102070001F4C637B002BF9D02369013B002B2361AC
:1020800007DC1820FCF7B6FE04F11800F3F7EDFFAB
:10209000A7E78822002104F5DC700DF00CFB01237A
:1020A00084F8B83194F82C30A58AA06AA4F8BA5103
:1020B00043B9266B0C303146F3F730FF10B9013DC0
:1020C000ED0135620D498022A1F5D470F4F76EF868
:1020D00085B229460948A4F8BE51FCF7EDFC7F2DD6
:1020E00098BF0123A4F8BC0198BFA37350E700BFB9
:1020F000DC240020F4240020142600209C2600204C
:1021000010B50C1A002C134605DD01462246184670
:102110000DF0B7FA0346181910BD2DE9F043C9B008
:1021200000230D460A6903754FF47A7180F8203058
:1021300080F81F31C0E90131C0E906332B7D5049D9
:10214000016002AF04460261002B64D0DFF83481E5
:102150002B69AE694FF48472002107F1100003F17E
:102160000C090DF0A8FAB3690E2B46D122233B745B
:10217000414607F118000DF035FFB3690133B36133
:1021800007F11801404603F099FF0028E0D03E48CF
:1021900007F1180103F092FF0028D9D0D5F81C8070
:1021A000404603F0E5FF054607F1180003F0E0FFA5
:1021B0000544093525F007056E46ADEB050D02AB6C
:1021C000184641460DF00EFF98F800202F2A0346CE
:1021D00002D198F8012022B118462C490EF090FC4B
:1021E000034607F1180118460EF08AFC002201464A
:1021F000204601F00AF9B5460DE00F2B03D122234A
:1022000021493B74B5E73A4631464846F3F711FE9B
:1022100038B1821C31D1204607F58E77BD46BDE826
:10222000F0833B7903F07F02112A01D0222AEAD100
:102230001B060BD507F108014846F4F75FF90028A3
:102240001BDBE0D13B7903F07F033B713B793B74AF
:10225000112B08BFFB683A6808BF7B617B79B979AD
:1022600004321A44FB7900930A4407F11803716899
:102270004846F3F70EFC002882D0012880D0CAE738
:10228000DC500308056C0308046C03089C63030816
:1022900030B5ADF55D7D0C460022014604A801F085
:1022A00024F90A9B002B40D09DF82430002B3CD011
:1022B00004A94CA8FFF731FF1D4D529B002B31D0D4
:1022C0009DF8503173B39DF84431FBB154A994A8E3
:1022D000FCF7E9FE294601A8FCF7E5FE01A994A850
:1022E000FCF780FF60B901A8FCF7EFFE94A8FCF7AB
:1022F000ECFE74B1611EC9B254A8FFF7C9FF05E036
:1023000001A8FCF7E2FE94A8FCF7DFFE4CA8F3F767
:10231000ACFE04A994A8FFF700FF94A94CA801F013
:10232000B3FDCAE704A8F3F7A0FE0DF55D7D30BD4F
:10233000056C03082DE9F047804694B00E46174619
:10234000994601F1240597F807A0B9797879346A9C
:10235000524601F054F8D8F80030DB692044984226
:1023600016D8043C47F8044B00230C22CDE90A3769
:10237000CDE90C24CDE90E390994CDF840A0022313
:1023800009AA31464046F4F7F9FA14B0BDE8F087DF
:10239000002C36DB35460FCD09AC0FC40FCD0FC472
:1023A00095E8070084E8070031464046F3F7BCFC97
:1023B0000028EAD1129B7362139BB362336A3A46D8
:1023C000043B42F8043B03920C22CDE90130CDE9F5
:1023D0000423FB790893CDE90609022301AA3146BB
:1023E0004046F4F7CBFA0028CFD1119B43F00043CD
:1023F000119373681293B36813930246034609A9B5
:10240000C0E72A4631464046F3F750FB00289AD0F1
:10241000BBE770B52C4D9CB095F84C300190002B6B
:1024200042D001AB294802AA06A9F4F79EF8831C02
:10243000044643D1019E2F2130460EF070FB002848
:1024400039D1EB6821481B6A6B6411A9F3F76CFC66
:10245000044600282FD10F9B1A93109B1B93024612
:10246000034611A91948F4F789FA044618BB40F647
:1024700022038DF80E003046ADF80C3003F078FEE4
:10248000129A139B8DF80F00CDE90F230492059348
:102490000E48334602AA06A9FFF74CFF044650B97E
:1024A000EB681B6A6B6406E005F10C00F4F73CF97D
:1024B00004460028B5D020461CB070BD002808BFD7
:1024C0006FF01004F7E700BF601600206C160020C4
:1024D0002DE9F04F89B00646DDF84C8005920F4695
:1024E0004BB94FF0FF32C8F80020149A0020136057
:1024F00009B0BDE8F08F0468013B07A920460793A7
:1025000000F018FF12A90546204600F013FF4FF017
:10251000040A81460DF1140BA945059B03D3C8F8A5
:102520000030129BE1E7A5EB0904B4FA84F495FAB4
:10253000A5F2B2FA82F2C4F11F04944228BF1446F5
:10254000A2000092CDE901BA002239463046F3F7E5
:1025500007FA0028CCD10123A340ED1ADCE730B5FF
:10256000144689B054F8043B00930C252B44049383
:10257000D37905930022CDE9062301236A46CDE9EC
:1025800001540395F4F7FAF909B030BD2DE9F04193
:1025900004469DF818800D4616461F46E6F790FF44
:1025A00048B1CDF818803B46324629462046BDE862
:1025B000F041EBF72DB9BDE8F08100212DE9F041A4
:1025C0000446C1820183006910B1A28A0DF073F83C
:1025D000002520466584A576F4F70AFE04F1D400B0
:1025E000C4F8804000F048FD4FF001084FF400733C
:1025F000A384D4F88400A4F8BE8084F8C050FCF70B
:1026000043FA2946FCF703FED4F884301A0912F085
:102610000C0F40F04581A64EA64F02F00F0203F0CA
:102620000F0356F8222057F823301269934340F0E5
:102630009180A149D4F8840094F82570E0F766FEF3
:102640009E490646D4F88800E0F760FE04F12C05A8
:102650000146002E00F01381002800F01081304662
:10266000E0F760FEA062002800F00981944B9842D8
:1026700040F0A9804FF40010E0F726FD4FF4001061
:10268000E0F7E2FE4FF40010E0F7E4FE41F61E73BF
:10269000A4F88C308B4B1D608849D4F88800E0F793
:1026A00029FE8549D4F88400E0F724FEA06AE062A0
:1026B000F4F766FF0021F5F749F800260123C4E985
:1026C0000E3694F8BF3026649B1B18BF0123DB0431
:1026D000A36494F8C03084F86D609B1B18BF01237D
:1026E0005B04E36432460221C4E90C0794F98C00D0
:1026F000DFF7BEF894F98C00DFF79AF8324694F9C8
:102700008D000221DFF7B4F894F98D00DFF790F81F
:1027100094F86D3003F0FF020BB984F86C20242389
:1027200084F86D30E36A1A6822F001021A60226BA5
:1027300022F070621A619A6822F400429A60D4E929
:102740000D2101296CD142F400429A605A6822F4AA
:1027500000626DE0D4F88800FCF796F94146FCF77A
:1027600056FD594B594A1B685948B3FBF2F30A22EC
:1027700053431425D4F88820110911F00C0F40F0B0
:10278000918001F00F0102F00F0256F8211057F866
:1027900022C0C1F828C0D0F804E04268A2EB0E02C3
:1027A0009342FADCC1F818C041684268521A934259
:1027B000FBDC013DDED1D4F88800FCF765F9294641
:1027C000FCF725FD35E7434B984212D14FF48000CA
:1027D000E0F77AFC4FF48000E0F736FE4FF480001B
:1027E000E0F738FE42F22013A4F88C30354B5D60E0
:1027F00052E7394B98427FF44FAF4FF40000E0F7B7
:1028000063FC4FF40000E0F71FFE4FF40000E0F718
:1028100021FE43F23013A4F88C302A4B9D603BE735
:1028200042F4044202299A6090D15A6842F400624C
:102830005A605A6842F0007242F400425A60DA6804
:1028400022F40042DA60D4E90F210A43616C42EAC3
:102850000122DA60D4E912210A431A601A6842F0B0
:1028600001021A6000232022236784F86D20E365AB
:1028700084F86E30C4F89030022384F8BD3094F8A8
:10288000BE3093B9154BC4F89830284601F09AFD34
:10289000134BC4F894302846BDE8F04101F092BDD6
:1028A0002B69FFDE00239B62FBE7BDE8F08100BFE0
:1028B000044A0308E40E0308005103087851030892
:1028C00000540040AC5600200400002040420F009D
:1028D000001000E000580040005C00407F530108F9
:1028E0001D530108000000002DE9F04F87B0DDE91D
:1028F000104506468B46174625444FF001090DF159
:10290000170AA3EB0408AC4201D1012011E008EB47
:1029100004030093CDE901A93B4600225946304605
:10292000F3F71EF828B914F8013B9DF817209A42D6
:10293000E9D007B0BDE8F08FD1B1092816D8DFE89B
:1029400000F00F0D15090B19071305110A48704700
:102950000A4870470A4870470A4870470A48704753
:102960000A4870470A4870470A4870470A48704743
:102970000A4870470A487047177103083D710308F9
:102980004F710308647103080E7103083471030862
:102990005A7103082271030847710308C16D0308C7
:1029A0002A71030838B50D46044600285ED0304B26
:1029B000C0F89C3090F9B000DEF748FF94F8B120E1
:1029C0002C4BB4F8C21053F82230D3F88820202AB8
:1029D00089B205D094F9B000BDE83840DEF728BFD1
:1029E000D4F8B8205218F5D0ADB2002DF2D01A6547
:1029F0000022A3F85650C3F890202122C3F8882063
:102A00005A6E9968A3F85450B2F1005F1A6818D151
:102A1000B1F5805F13D11D6917491848002D08BF13
:102A20000146996702F1080353E8003F43F40003AD
:102A300002F1080040E800310029F3D1CAE70E494D
:102A4000EFE7B1F5805F0FD11D690D490D48002DED
:102A500008BF0146996752E8003F43F0800342E80F
:102A600000310029F7D1B5E70549F3E738BD00BFCC
:102A700075EB0108FC120020D102000839030008A0
:102A8000CB030008F903000870B50468284EE56917
:102A900031EA050501D1002020E03568AD1AAB42CE
:102AA0001DD254E8003F23F4D07344E80032002ADA
:102AB000F7D104F1080353E8003F23F0010304F1C8
:102AC000080141E80032002AF3D12023C0F8883001
:102AD000C0F88C30002380F88430032070BD256856
:102AE0006D07D4D58029D2D04029D0D0E5692D05F5
:102AF000CDD54FF40063236254E8003F23F4D07334
:102B000044E80032002AF7D104F1080353E8003FFB
:102B100023F0010304F1080141E80032002AF3D157
:102B20002023C0F88830C0F88C30C0F89030D1E74E
:102B3000780300202DE9F843534A0468054610271E
:102B40004FF0200CA36913F0200301D000203BE0DC
:102B5000A66916F0100670D0E7610E461846D4F844
:102B600018E01EF0200F65D180B343F00406012069
:102B7000A36913F4807F03F4806E03F400735ED0C6
:102B80004FF4807246F00106E261BEF1000F59D1A8
:102B9000002B5ED12846DEF7F8FE636823F0FF7352
:102BA00023F48B3323F4FF7323F0010363606B6C16
:102BB00033436B64202385F84130002385F842308D
:102BC000002385F840300120BDE8F883D2F800E00A
:102BD000AEEB060EBEF1640F07D8D4F818E01EF075
:102BE000200FF3D0C4F81CC0BFE7D4F8048095F8D8
:102BF00042E0D4F8189019F4004F5FFA8EFE0AD024
:102C000018F4804F07D1BEF1200F04D0666846F457
:102C1000804666601668D4F818E01EF0200F9ED13A
:102C2000D2F800E0AEEB060EBEF1190FF3D9202367
:102C3000012094E70028D5D097E7304698E7BEF109
:102C4000000F05D04FF4806246F00806E2619FE76E
:102C50002BB14FF4007346F00206E3619AE70028B7
:102C600098D113685B1A642B7FF66CAFA3699B063F
:102C70003FF568AF6B6C43F020036B64202385F84D
:102C8000413085F842009BE778030020134A14493D
:102C900010B514680B69DB0313D40B69D80744BF64
:102CA000012008614CF2FA310B4011D10C4908693E
:102CB00010F480200BD013681B1BB3F57A7FF6D37A
:102CC00004E013681B1BB3F57A7FE3D3032010BD28
:102CD000034A1361034A01205360F8E77803002098
:102CE00000400058E854002038B590F8413003F017
:102CF0002803282B04460D4603D119B94FF400735D
:102D0000436438BD48F20201DEF7A4FE94F8403077
:102D1000012BF6D094F841300121292B84F8401082
:102D200014D12046DEF796FE23681A6852040DD5AA
:102D30001A68A06B22F480421A6038B1174B836383
:102D4000DEF7C8FD10B1A06B836B98472A2384F887
:102D50004130202384F842300021236861645A689E
:102D600022F400425A6001226285628D22854FF072
:102D70008072E2620A4A62639A6998696562C00376
:102D800003D4120744BF0822DA6184F840102046B9
:102D900048F20201BDE83840DEF71CBE5D0A0008BB
:102DA000B122000870B590F89130012B04460E4610
:102DB000A0F1040509D1436E3BB1836E28469847C4
:102DC000022384F8913000236366012E4FF0000344
:102DD00064D1E26E84F891301AB184F890302846BC
:102DE000904794F8905094F8413003F02803282B32
:102DF000EDB203D11DB94FF40073636470BD48F2A6
:102E000001012046DEF726FE94F84030012BF5D074
:102E1000012384F8403094F841302A2B15D1204604
:102E20000221DEF717FE23681A6810040DD51A6810
:102E3000E06B22F400421A6038B11E4B8363DEF768
:102E400049FD10B1E06B836B9847292384F841302A
:102E50002246202384F8423052F8703B0020606400
:102E6000596821F40041596065856262628D22854E
:102E70004FF00072E262104A62639A699969C9036D
:102E800003D5120744BF0822DA6184F8400048F2F3
:102E900001012046BDE87040DEF79CBD636601235A
:102EA00084F89130636E7433E9182046BDE87040B1
:102EB0001AE700BF5D0A0008B122000870B590F85B
:102EC0004130026803F02803282B044628D1956975
:102ED00091699368D668C668022EC5F3004515D17E
:102EE000C3F3C21383EA114313F006030ED1816CBE
:102EF00001318164816C022917D108218364D16179
:102F000080F840302946BDE870404BE74FF400415F
:102F1000DEF7A0FD002384F8403029462046F2E782
:102F20000823D361002380F8403070BDD0F88C3086
:102F3000202B10B571D100296FD00023494AC366F8
:102F4000036893423FD1816581680122A0F85C202B
:102F5000A0F85E20B1F5805F4FF0000242673ED1DD
:102F60000269002A40F2FF1218BFFF22A0F8602079
:102F70000022C0F890202222C0F88C2003F1080221
:102F800052E8002F42F0010203F1080444E8002156
:102F90000029F3D1446E81680269B4F1005F42D127
:102FA000B0F86840012C3ED8B1F5805F36D132B31D
:102FB0002D4A426753E8002F42F4807243E8002113
:102FC0000029F7D11DE05A681202BCD553E8002F42
:102FD00042F0806243E80024002CF7D1B3E729B91E
:102FE0000269002A14BF7F22FF22BFE7B1F1805F90
:102FF000BCD10269002A14BF3F227F22B6E71B4AD8
:10300000426703F1080252E8002F42F0805203F1B8
:10301000080040E800210029F3D110BD12494167A2
:10302000002AC7D1EDE7B1F5805F16D152B1104A41
:10303000426753E8002F42F4907243E800210029D0
:10304000F7D1EAE70B4A426753E8002F42F020022B
:1030500043E800210029F7D1DFE705494167002A4D
:10306000F2D0E6E700800040F33D0008913F000801
:103070008304000841050008836810B504462BB19D
:103080000322014698470023C4E9023310BD2DE90D
:10309000F843037805462F2B00AF0CBF01302846BC
:1030A0004FF000082F210DF03AFD044618B92846CC
:1030B000FFF7AFF91BE0661B06F1080323F00703D7
:1030C000E946ADEB030D684626EAE672002100F8FA
:1030D000018B0CF0F0FA3246294668460CF08AFF64
:1030E0006846FFF796F928B1113003D0CD46BD46AA
:1030F000BDE8F883601CCD46D4E72DE9F74F9A462A
:10310000374F019000238B469C461C46A34514D1A3
:103110001BF0070F09D032494978032904BF190C65
:1031200002F8011B190A11705370BAF1000F01D097
:10313000CAF800C003B0BDE8F08F019897F801E02D
:10314000E108E543465C2749BEF1020FA1F11000FA
:1031500005F0070508BF014646FA05F606F0010628
:1031600089463978C6F101006FEA01084FEA80000C
:1031700008F00308C0B200EBC800C8464FEA910946
:1031800005FB0EF558F829804FF0020928FA00F0E7
:1031900019FB01610CBF4FF010084FF04008B1FB64
:1031A000F8F608FB161100F00F00397004F0070163
:1031B000A840072943EA00030CD1BEF1030F04BF66
:1031C000190C02F8011B1146180A01F8020B537082
:1031D0000A460023797861441FFA81FC013495E79F
:1031E000D4560020C458030870B5931E222B8AB011
:1031F0000ED801AD2B4668B9AB4218D0481E1A460E
:10320000AA4219D85A1B9D4288BF002200238B5422
:103210000AB070BDB0FBF2F602FB16000928C4B27A
:1032200007D83030C0B203F8010B3046E3E706465A
:10323000F7E704F15700F5E712F8014D00F8014FE8
:10324000DEE770B50E46114604461546FBF74FFF04
:1032500020B92046BDE87040FBF73EBF2068A5605E
:103260003146BDE870400CF0BDBE07B50023ADF897
:10327000043001AA02231721FCF764FEBDF8040004
:1032800040BA80B203B05DF804FB07B50D4BB3F84C
:10329000502093F85230ADF804208DF8063001AA82
:1032A00003231421FCF74EFE9DF805309DF8042001
:1032B0009DF806001B0243EA0243184303B05DF881
:1032C00004FB00BFB458030870B586B00D4616461F
:1032D00000211422044601A80CF0EDF932462946DB
:1032E00001A8F5F773F808B1049B236006B070BD20
:1032F00002F00F020B2A13D8DFE802F00E0E0E0EBA
:1033000010060C0C0C0C120C012242EAC102002324
:10331000F4F782BE0222F8E70022F6E70522F4E77E
:103320000369034A002B08BF13460361002070475E
:10333000E96A0308F8B5C6690D68083EB5420F464C
:1033400013D3B5FBF6F001380DF08CFC841CA5EB13
:103350008404B4FBF6F420460DF084FCA5EB800554
:1033600004FB16553D602046F8BD0020FCE72DE922
:10337000F04F89B00646DDE912090F4690469B469C
:10338000E8B10138059005A93068FFF7D3FF0DF1CA
:10339000180A044659464846F0F740F878B974B11F
:1033A00004F00105C5F102039B00CDE901A30090E3
:1033B0005B46424639463046F2F7D2FA10B109B0C0
:1033C000BDE8F08FE34313F0010B05D006994846A2
:1033D000F0F724F80028F2D108AB03EB8B03023D91
:1033E00053F808BC2C44D5E710B50C468269A06898
:1033F000FF210CF060F94FF0FF33236010BD043063
:10340000084410447047C36818472DE9F0418369A8
:10341000C8B005460E4614460BB1F2F726FE2869E1
:1034200006AA31460C30F3F743F9002858D19DF82D
:103430001830112B06D1224631462846F3F7FBF906
:10344000D0B13EE02C200CF0C5FE0446A86198B136
:103450002F6901963B69436007F10C087B69836023
:10346000014601AB02AA4046F3F77FF838B1A869DC
:103470000CF0B8FE0023AB6148B0BDE8F0819DF8C8
:103480000C30222BF3D104AA21464046F2F70EFB62
:103490000028ECD163682361A36863610E23A361F4
:1034A0001023E360FB6923600123FC6130462B7528
:1034B00002F05EFE01300CF08DFE3146E8610CF04A
:1034C00091FD2F2130460DF05BFB203500B1461CED
:1034D000FF223146284648B0BDE8F0410DF03DBB23
:1034E0000230C9D1012CC7D1A5E730B400244FF474
:1034F0007A75C0E90145064D0560064D0561C0E9D4
:103500000644047580F8204080F81F4130BC7CE7F9
:10351000DC5003086016002038B5044604B938BDF5
:10352000E068FFF7F9FFA56820460CF05BFE2C462B
:10353000F4E72DE9FF47894604460C991E461546D7
:103540000AB91E4B5D68D4E91BA3A3EB0A084FEA36
:10355000281057460023834216D100200095019180
:10356000E5F722FF4D45029000D116B9144BD3F870
:10357000EC610396B8F1900F04F16C0418D8694619
:103580002046EEF7DDFE0DE03A4652F810CBAC4592
:103590000BD179600020E5F707FF4D45B86001D1F8
:1035A00006B1FE6004B0BDE8F08701331746D2E7EC
:1035B00051462046EEF714FFE1E700BF980B0020CC
:1035C0004027002070B5044690F8786090F8795054
:1035D000084603F0C1F8AA1B00F1140353431E224E
:1035E00093FBF2F33344D8B20D4B1B79022B10D06E
:1035F000A36E5D43012303FA00F000284FEA45055E
:1036000005DDFBF747FDA36E03FB005070BD0020F6
:10361000F9E710B14000FBF73DFDA36E5843F5E715
:1036200080030020006808B10CF0DCBD704700B5D5
:1036300009288BB00CD868460BF0E2FD089840F2E0
:10364000DB5398428CBF002001200BB05DF804FBD7
:103650000120FAE738B52D4CD822002120460CF085
:103660002AF8012518232A49C4F890314022601D08
:10367000257084F82C5184F8D85084F8145184F8BB
:103680003C5184F8F45084F864510DF066FA2149F5
:10369000402204F145000DF060FA1F49202204F198
:1036A00085000DF05AFA1D49202204F1A8000DF002
:1036B00054FA1B4984F81E522D22C4F800220A2213
:1036C00084F8F6218A88C98884F8F71152BA002351
:1036D000A4F8F8216FF00042C4E9502384F8A55003
:1036E00084F8E65184F8E83184F8FA5184F8FC3122
:1036F00084F8F451C4F84C31C4F85431C4F85C3146
:10370000C4F8EC31C4F8283238BD00BF402700208F
:103710006F710308837103088B71030891660308B6
:10372000980B002070B5444C88B0054658B194F809
:10373000F85145B1B4F81C22002A7AD004F21E21B7
:1037400068460CF057FC4FF438723B4800210BF0F0
:10375000B2FF0222182384F8E6210422C4F8F431CF
:1037600084F8A92101234022237084F8883184F849
:10377000A43184F8643084F8943084F8C03084F83C
:10378000F83184F8C53184F8C03184F8B831C4F810
:10379000BC2184F8E431A5B12023284AA4F81C32C6
:1037A0006D460DEB03062B4603CBB3421060516010
:1037B0001D4602F10802F6D1204921482022ECF7EB
:1037C00011F90023A4F8FA3184F86C3064224FF424
:1037D0009673C4E9212323790125022B84F89050A4
:1037E00004D00B2B1CBF42F630236361002601205E
:1037F00084F8A75284F8A962FDF718FA1149124813
:1038000020220DF0AAF9114BC4F8F031104B84F8C6
:10381000EC511B7884F88461B3FA83F35B0984F874
:10382000ED3140F22B33A36708B0BDE87040FDF7DF
:103830009BB8154687E700BF800300209E05002047
:1038400096710308A3710308A704002040E2010059
:10385000F45800202DE9F04104460E4625484FF06B
:10386000FF3190461F46E3F786FB054600283ED011
:1038700096E8030085E8030085F80080D4F8C0309E
:103880006F60022B08D104F1B000FEF7EBF801469F
:1038900010B11848E3F763FB95E8030004F588735B
:1038A00083E80300D4F8C030012B06DDD4F81831CA
:1038B0000133C4F81831BDE8F081D4F8C40018B160
:1038C000036800211B689847D4F8BC3004EB8302DE
:1038D000013303F0010348BF5B42C2F8B050C4F8A3
:1038E000BC30D4F8C0300133C4F8C030DEE700701B
:1038F000FFDE00BFB016002010B504460A46081DC2
:103900006168884201D0E0F773FC6368043B636040
:1039100010BD204B70B503601F4B1D68D5E9003109
:10392000CC1A2411002C1A4608DCCB1A082B27D0FD
:103930000C2B21D0042B27D00A4606E01B689842A6
:1039400003D05368984209D10432101D814201D03E
:10395000E0F74EFC6B68043B6B6070BD9368984267
:1039600001D10832F1E7D668B04202F1100301D16B
:103970000C32EAE7013CD5E713689842E5D00432FF
:1039800013689842E1D004321368984218BF0A467F
:10399000DBE700BF10590308682C0020B0F1005F7E
:1039A00008B506D3B0F1804F01D307F016F907F040
:1039B00011F9BDE8084080000CF00CBC2DE9F0477F
:1039C0002B4D2C4B2C68C0E900310023C0E9023399
:1039D0000746036134B90C200CF0FCFBC0E900443D
:1039E00084602860D5F80080D8E901539D4205D055
:1039F00045F8047BC8F80450BDE8F087D8F800907B
:103A00006FF06043A5EB090AB3EBAA0F4FEAAA04D3
:103A100002D1194807F0E7F84D4514BF22460122AC
:103A2000A41821D214B39C4228BF1C462046FFF79D
:103A3000B5FF06462946324646F80A704846FEF764
:103A40005FFB2946021D2846FEF75AFB0546B9F1E1
:103A5000000F02D048460CF0C5FBC8E9006506EB34
:103A60008406C8F80860C7E71C46DFE72646E1E79A
:103A7000682C0020105903084C5B030838B5044635
:103A800004B938BDE068FFF7F9FFA56820460CF0DF
:103A9000A9FB2C46F4E7006810B103685B6818477F
:103AA00070471FB5002168460CF094FA40B9064BE8
:103AB0001A68064BDDE900011A60054BC3E90001F5
:103AC00005B05DF804FB00BF78030020DC21002076
:103AD000E02100200C200CF07DBB2DE9FF470546BE
:103AE0001D4B55F8046F036004460DF104084FF0B8
:103AF0000009AE4205D16068854228D104B0BDE816
:103B0000F087CDE90188B768CDF80C903968019845
:103B10008F4203D1404515D13668EAE78B68D1F86A
:103B200000A09C420CD181420AD0824508D0524666
:103B300006F075FD039B01330393BB68013BBB603B
:103B40005146E4E707680CF04DFB3846E2E70468AD
:103B50000CF048FB2046CFE76C24030873B50646FB
:103B60000C4B56F8044F03600546B4420AD1204678
:103B7000E1F781FD2046C5E9014402B0BDE870408F
:103B8000E1F779BDA068019501A9E1F78AFD2468F4
:103B9000EBE700BF6C24030803681B681847031D8C
:103BA0002DE9F047C0E90133464B036000F12C03D7
:103BB0000446002543614FF001084FF07E538822F0
:103BC00043624FF4927AC0E90685C0E90A55C0E91C
:103BD00020550F46C56005820562294610440BF04A
:103BE0006AFD52462946C4E94455C4F8185104F503
:103BF0008E700BF060FD0820C4E99255C4E994551D
:103C0000C4E99655C4E99855C4F84052C4F8440232
:103C1000FFF7C4FE00F10C090646C4F84002504606
:103C20000CF0D8FA00EB0A03C4E99703C4F8503249
:103C3000F060C4F84C02C4F84802C4F8580229469F
:103C4000C4F85492C4F864924FF4FE7204F51B70E9
:103C50000BF031FD2946C4F86854C4F86C54C4F81C
:103C60007054C4F87454C4F878544FF4007204F5D6
:103C700090600BF020FD144B84F884561B68C4F848
:103C800080362946502204F130000BF014FD4FF429
:103C900001760E4B236032462946C4F8887604F23A
:103CA0008C600BF008FDC4F89058C4F8945884F860
:103CB00098883246294604F699000BF0FCFCBDE8D2
:103CC000F08700BF4059030878030020400E030826
:103CD0002DE9FF4705461E4B55F8046F0360044667
:103CE0000DF104084FF00009AE4205D1606885422D
:103CF00028D104B0BDE8F087CDE90188B768CDF8D8
:103D00000C90396801988F4203D1404515D136682F
:103D1000EAE78B68D1F800A09C420CD181420AD01E
:103D2000824508D0524606F07AFC039B0133039388
:103D3000BB68013BBB605146E4E707680CF052FAF0
:103D40003846E2E704680CF04DFA2046CFE700BFA2
:103D50006C24030870B5056804460E46A54200D1E0
:103D600070BDA868036831469B6898470028F7D162
:103D70002D68F3E703460B4A43F8082B0A4A4260D2
:103D80000A4A4061C0E902330023C0E9062300F17A
:103D90002802C0E90A22036180F8203043620363ED
:103DA000704700BF7C0D0308680D03082906000852
:103DB0008842134604D00A1A0146981A0BF061BCD7
:103DC000704708B5034678B1084A904206D9084AB8
:103DD000904201D906F001FF06F0FCFEE8205843AE
:103DE000BDE808400CF0F6B908BD00BFCB3D8D0022
:103DF000967B1A01006808B10CF0F4B97047204BAB
:103E000073B503600446E6F75FFE04F58E60FFF7C6
:103E1000F1FFD4F8403253B1D4F86432D4F854529C
:103E20001E1DAE4220D8D4F840020CF0DBF904F19C
:103E30001400E6F7E1FD606904F12C03984201D01B
:103E40000CF0D0F926460F4B56F8045F2360B542BC
:103E50000FD12846E6F7C5FD2846C4E9015502B052
:103E6000BDE87040E6F7BDBD55F8040B0CF0BAF99B
:103E7000D7E7A868019401A9E6F7D1FD2D68E6E728
:103E8000405903086C2403084B6843608B688360C7
:103E9000CB68C3600B6903610B7D03758B6983611C
:103EA000CB69C3611F3100F1200300F5907011F858
:103EB000012F03F8012B8342F9D170470023C0E999
:103EC00000338360704738B5FFF7F8FF0023C36005
:103ED0008B6804460D462BB102229847EB68E360DD
:103EE000AB68A36038BD30B587B002AD0446284644
:103EF000FFF7E9FF95E803006B4683E8030094E8C9
:103F0000030085E8030093E80300049BA268A36014
:103F1000059B049284E80300E268E360284605926A
:103F2000DEF768FF07B030BD08B5FFF7C7FF002315
:103F3000C36008BDF8B5044600F164070D46384675
:103F400004F1B402FFF7F0FF10309042FAD1284696
:103F5000DEF798FF5C4A256104F10C03002542F866
:103F6000203004F110060E23C4E917353046C4E9A9
:103F70000C55C4E90E55C4E9105584F82C50A564BD
:103F800084F84C5084F84D50E460DFF7FDF9384672
:103F9000FFF772F804F17400FFF76EF804F1840083
:103FA000FFF76AF804F19400FFF766F804F1A40043
:103FB000FFF762F84FF6FF73C4E906538023A3624C
:103FC00094F84D30A560C4E90055C4E90855656111
:103FD00003F0FF0223BB84F84C203046DFF7D4F90E
:103FE0002069DFF7F1F9D4E91712DDF741FC206908
:103FF000DFF7EAF9DDF71CFC26693046DFF704FA43
:1040000005463046DFF7E0F9854209D0D4E91712BA
:104010002846DDF72DFC2069DFF7F6F9DDF708FC0F
:1040200022692A49022384F84D308A42136802D05B
:10403000B2F1804F08D1A16923F070030B43216ACC
:1040400023F440730B4306E021498A42F7D001F57F
:1040500080618A42F3D0A16A23F080030B4313608E
:10406000E369D36263699362184B9A4207D003F500
:10407000C0539A4203D003F580639A4201D1636A28
:104080001363012353611169C90742BF116921F00C
:104090000101116184F8583084F84E3084F84F30B3
:1040A00084F8503084F8513084F8523084F853301A
:1040B00084F8543084F8553084F8563084F85730FA
:1040C00084F84D30F8BD00BFEC120020002C0140F8
:1040D0000044014021B990F84430012B13D07047BF
:1040E000042904D190F84530012B32D070470829BB
:1040F00004D090F84730012B33D0704790F8463009
:10410000012B2AD07047022380F84430036801F065
:104110001F0104228A40196A21EA02011962196A00
:104120000A431A625A6C42F400425A640F4A93429C
:1041300002D0B3F1804F07D199680D4A0A40062A90
:1041400006D0B2F5803F03D01A6842F001021A602F
:104150007047022380F84530D8E7022380F84630C4
:10416000D4E7022380F84730D0E700BF002C01409D
:104170000700010008293ED015D829B304292BD007
:1041800090F8432090F84730012ADBB25FD1012B31
:104190005DD10C2974D8042927D000296AD00223C4
:1041A00080F8433060E00C2952D01029E8D190F813
:1041B000422090F84730012ADBB248D1012B46D18A
:1041C000022380F842304FE090F83E2090F84430CF
:1041D000012ADBB24CD0704790F83F2090F8453070
:1041E000012ADBB233D1012B31D1022380F83F30D9
:1041F00080F845300DE090F8402090F84630012AD4
:10420000DBB224D1012B22D1022380F8403080F888
:104210004630036801F01F0101228A40196A21EA31
:1042200002011962196A0A431A62174A934202D0BC
:10423000B3F1804F07D19968144A0A40062A06D084
:10424000B2F5803F03D01A6842F001021A6070474D
:1042500090F8412090F84730012ADBB2F7D1012BCA
:10426000F5D1022380F84130022380F84730D0E7AF
:10427000012BECD1022380F83E3080F84430C8E7AF
:1042800010298CD19CE700BF002C014007000100E1
:1042900008291BD007D879B1042912D090F84330EF
:1042A000012B54D070470C2915D0102918D090F844
:1042B0004330012B4BD0704790F83E30012B14D087
:1042C000704790F83F30012B31D0704790F8403064
:1042D000012B30D0704790F84130012B2FD0704720
:1042E00090F84230012B2ED07047022380F83E30E8
:1042F000036801F01F0101228A40196A21EA0201C4
:104300001962196A0A431A621C4A934228D002F5BC
:10431000C05293421FD002F5806293421BD0B3F18A
:10432000804F21D01A6842F001021A6024E0022373
:1043300080F83F30DCE7022380F84030D8E70223E2
:1043400080F84130D4E7022380F84230D0E70223DE
:1043500080F84330CCE75A6C42F400425A64E1E7FB
:104360005A6C42F400425A649968054A0A40062A87
:1043700002D0B2F5803FD5D1704700BF002C01407C
:104380000700010090F83D30012B15D102230B4AA4
:1043900080F83D300368934202D0B3F1804F07D1DB
:1043A0009968074A0A40062A06D0B2F5803F03D032
:1043B0001A6842F001021A60704700BF002C0140E9
:1043C0000700010090F84120202A08D1282280F817
:1043D0004120034A42634FF40041DDF7FBBA7047C6
:1043E000B122000810B504460C30FAF76EFE2046E4
:1043F000BDE81040FAF769BE70B5D0E90056044632
:10440000AE4205D1206840B1BDE870400BF0EABE75
:104410002846FFF7E7FF1C35F2E770BD826A104BB4
:1044200030B4036092B1856902F12401002351F890
:10443000044F8CB1A469A5420ED10A33002142F881
:104440002310D2F8C830013BC2F8C830054B40F801
:104450001C3B30BCFAF739BE0133282BE7D1F5E716
:10446000505A03083C5A03082DE9F34102AB03E913
:1044700006000023C0E90033836015461C235D431A
:10448000144B9D4206460F4601EB050802D912481F
:1044900006F0A9FB65B128460BF09CFE04462544B6
:1044A0003460B560B84505D1746002B0BDE8F081F4
:1044B0002C46F4E739462046FAF73BFE07F10C019B
:1044C00004F10C00FAF735FE3B7E23761C371C34D2
:1044D000E8E700BFF0FFFF7FF371030800F1080376
:1044E00070B5054603600C4611B9074806F078FB25
:1044F000084601F03DFE214622184FF000032846F1
:10450000BDE87040DFF782BE877903082DE9F04FE0
:104510008346C7B0C0E9001283600D4614460021EF
:1045200014220C300BF0C7F80023CBE90833CBE999
:104530000A33CBE90C33CBE90E33CBE91033CBE9AB
:10454000123301238BF85030284601F003FAD0A330
:10455000D3E9002301F068FACDE90401204601F017
:10456000F9F9CBA3D3E9002301F05EFA0023CDE9EA
:1045700002010022DDE9040101F0C8FC002814BF9B
:1045800053234E238BF81430DDE90401002200236D
:1045900001F0BCFC002800F0E185DDE9044303F1F3
:1045A00000452046294607F0DFFF01F0D7FCC0B2E6
:1045B0008BF80C0001F0CEF902460B462046294646
:1045C00001F07AF8BE4B002201F02EFA04460D46A7
:1045D00007F0CAFF01F0C2FCC0B28BF80D0001F079
:1045E000B9F902460B462046294601F065F8B44B5E
:1045F000002201F019FA01F0B1FC0023CBF8100001
:104600000022DDE9020101F081FC002814BF5723DC
:1046100045238BF81C30DDE902010022002301F064
:1046200075FC002800F09E85DDE9024303F100459A
:104630002046294607F098FF01F090FCC0B28BF8A5
:10464000150001F087F902460B462046294601F085
:1046500033F89B4B9B4E002201F0E6F904460D46D1
:1046600007F082FF01F07AFCC0B28BF8160001F06F
:1046700071F902460B462046294601F01DF8904B81
:10468000002201F0D1F901F069FC0BF12003CBF815
:104690001800DDE904010093DDE90223E4F73CFBA7
:1046A000894934A8FFF71AFF88493AA8FFF716FF8F
:1046B000874940A8FFF712FF864928A8FFF70EFF99
:1046C00085492EA8FFF70AFF25ABDDE90401009319
:1046D000DDE90223E4F720FB9DF89440BDF8943017
:1046E000269FABF82C30013C032594FBF5F505EB38
:1046F00045054FF0180846AB651BB7FBF6F008FB05
:10470000053501F017F90022744B00F0D5FF01F0D8
:1047100025FC55F8483C279D1B5C8BF82E3028461D
:1047200001F008F95CA3D3E9002301F0A7FA07F030
:104730001BFF002C04F00104B8BF644246AB08FB29
:10474000043401F033FD142390FBF3F202FB130059
:1047500054F8783C1B5C8BF82F3097FBF6F306FB84
:10476000137795FBF6F306FB1355CBF834502EA8C0
:10477000CBF8307006F02EFE28A806F02BFE40A8DD
:1047800006F028FE3AA806F025FE34A806F022FE20
:10479000534A34AB02EB0805106851681C4603C449
:1047A0000832AA422346F7D112882280DDE90401AB
:1047B0003BA3D3E9002301F037F94A4B002201F073
:1047C0005DFA37A3D3E9002306460F46DDE902016F
:1047D00001F02AF9434B002201F050FA8046894645
:1047E0003046394607F01AFD02460B46CDE908234C
:1047F00001F01AF92CA3D3E9002301F015F90246C0
:104800000B460020354900F057FF07F097FC0246A1
:104810000B4627A1D1E9000101F030FA04460D460C
:104820003046394607F0B2FC002206460F46002308
:104830002046294600F042FF32463B4601F0F4F89C
:1048400006460F464046494607F0A0FC02460B4686
:104850003046394601F0E8F8CDE9060140464946C0
:1048600007F0DCFC02460B463046394601F0DCF826
:1048700011A3D3E9002306460F462046294601F03E
:10488000D3F80022002300F019FFDDE908232BE014
:1048900048AFBC9AF2D77A3E00000000006AF840A8
:1048A000182D4454FB210940F094FEF1906B7B3F9E
:1048B00000000040A6545841D6021CDE28C9EF3F34
:1048C00000004E40A0860100247203082D720308E8
:1048D00071720308367203084B7203080000F03F40
:1048E000607203080080664001F09EF8D2A3D3E90D
:1048F000002380468946DDE9060101F095F8D0A342
:10490000D3E9002300F0D8FECFA3D3E90023044667
:104910000D463046394601F087F802460B462046E0
:10492000294600F0C9FECAA3D3E9002304460D4678
:104930004046494601F078F802460B462046294693
:1049400000F0BCFEC0A3D3E90023CDE90801DDE9F6
:10495000060101F069F8C0A3D3E9002300F0AEFE20
:10496000B5A3D3E9002304460D463046394601F08D
:104970005BF802460B462046294600F09FFEB8A38E
:10498000D3E9002304460D464046494601F04CF861
:1049900002460B462046294600F08EFEACA3D3E922
:1049A0000023CDE90C01DDE9060101F03DF80246E6
:1049B0000B46ADA1D1E9000100F07EFEA8A3D3E92A
:1049C000002304460D463046394601F02DF80246D4
:1049D0000B462046294600F071FE97A3D3E9002339
:1049E00004460D464046494601F01EF802460B4675
:1049F0002046294600F062FEDDE90823804689460C
:104A00001046194601F010F8DDE90C2304460D4666
:104A10001046194601F008F802460B462046294682
:104A200000F04CFE07F08AFB02460B46CDE9062358
:104A300000F0FAFF424604460D464B4640464946C2
:104A400000F0F2FF02460B462046294600F036FEF3
:104A500007F074FB86A3D3E9002306460F464046C1
:104A6000494600F0E1FF84A3D3E9002304460D4644
:104A7000DDE9060100F0D8FF02460B462046294634
:104A800001F0FCF8324604460D463B467CA1D1E9D4
:104A9000000101F0F3F8844B002200F00FFE024603
:104AA0000B462046294600F0BFFF02460B4606464D
:104AB0000F4600F0B9FF7C4B002200F0FFFD07F02D
:104AC0003DFB02460B463046394601F0D7F83246E8
:104AD0003B4604460D4601F0D1F86BA3D3E9002311
:104AE00006460F4600F0A0FF32463B4600F09CFF12
:104AF00032463B4600F098FF02460B46DDE90601D0
:104B000000F0DAFD5EA3D3E9002306460F462046F7
:104B1000294600F089FF22462B4600F085FF2246F9
:104B20002B4600F081FF42464B4600F0C7FD32465F
:104B30003B4607F093FADDE90823CDE90A01DDE9F8
:104B40000C0107F08BFA06460F46DDE90A0107F073
:104B500065FB02460B46CDE90E234DA3D3E90023A6
:104B600000F062FFDDE90E2300F05EFF02460B4617
:104B700000204D4900F0A0FD04460D4607F0DEFA86
:104B800002460B4644A1D1E9000101F077F8474BFA
:104B9000CDE9060100222046294607F061FA0246C7
:104BA0000B463FA1D1E9000101F068F802460B462F
:104BB000DDE9060101F062F802460B46CDE9142357
:104BC000394B002200F078FDCDE91001DDE90A0142
:104BD00007F0DCFA02460B46CDE9082300F024FF7B
:104BE000DDE9082300F020FF02460B46CDE9120163
:104BF000DDE9080100F018FFDDE9082300F014FFEB
:104C0000CDE91601DDE90A0107F052FB02460B4629
:104C100000F00AFF02460B46CDE90C2300F004FF2A
:104C2000234BCDE918010022DDE90C0100F0FCFE68
:104C300040E000BFAFF30080BDD8147C1500F03F0A
:104C4000BA490C022BE77B405F887CF1AC1FD1BED8
:104C5000CB0969F32D17B4BE355EBA490C4A5F40E3
:104C600061F179121B6FA8BE14AE47E17AF080C0E3
:104C7000560E2D3A483F5841621058D916545841A3
:104C8000A457FB9A8CD7E440BD9AE555B9C5E440DA
:104C9000002A717791527B3FF785C81E9B5158417E
:104CA000187DB0E9132858410000F03F0000F83F9C
:104CB00000004D40C0A3D3E90023CDE91A013046DE
:104CC000394600F0FBFC02460B4604460D4600F058
:104CD000ABFECD4B804689460022DDE90C0100F099
:104CE000A3FE02460B460020C84900F0E5FCDDE9C2
:104CF000182300F0E3FCC64B06460F460022DDE910
:104D0000100100F091FE02460B463046394600F095
:104D1000D5FCDDE91A2306460F46DDE9100100F057
:104D200083FE02460B463046394600F0C5FCB94BBF
:104D300006460F460022DDE9060100F09FFFDDE98F
:104D4000162300F071FE02460B463046394600F04D
:104D50006BFE42464B4600F067FE42464B4600F073
:104D600063FE22462B4600F05FFEAB4BCDE91C01F3
:104D70000022DDE9060100F081FFDDE9122300F0E9
:104D800053FEDDE90C2306460F46DDE9140100F071
:104D900093FC02460B463046394600F045FE42463B
:104DA0004B4600F041FE22462B4600F03DFEDDE979
:104DB000082306460F46DDE9060100F035FE2246CF
:104DC0002B4600F031FE7EA3D3E9002300F076FCF1
:104DD00002460B463046394600F070FC02460B4650
:104DE000DDE91C0100F06AFC02460B46CDE9142304
:104DF0000022002301F08AF8002840F06E8172A39F
:104E0000D3E90023DDE9140101F09EF8002840F009
:104E10006481DDE90A016EA3D3E9002300F04CFCB4
:104E20006BA3D3E9002304460D46DDE90A0100F037
:104E300045FC06460F4607F0A9F9CDE91C012046BE
:104E4000294607F0EBF932463B46CDE90A013046E8
:104E5000394600F033FC07F099F922462B46CDE99C
:104E600020012046294600F029FC07F0D7F96B4BBA
:104E7000CDE91E0100223046394600F0D5FD07F08D
:104E800085F9664BCDE9220100222046294600F033
:104E9000CBFD07F0C3F950A3D3E9002306460F4624
:104EA0002046294600F0C0FD4DA3D3E90023044667
:104EB0000D46DDE90A0100F0B7FDDDE91C2300F035
:104EC000B3FD02460B462046294600F0F5FB46A3FB
:104ED000D3E9002304460D46DDE91E0100F0A4FDE0
:104EE000DDE9202300F0A0FD02460B4620462946BE
:104EF00000F0E4FB3EA3D3E9002304460D46304610
:104F0000394600F091FDDDE9222300F08DFD0246D7
:104F10000B462046294600F0CFFB37A3D3E90023F8
:104F200000F082FD36A3D3E9002300F0C5FB3C4B23
:104F300004460D460022DDE9060100F075FDDDE9BD
:104F40000E2300F071FDDDE9082300F06DFD4246FF
:104F50004B4600F069FD02460B462046294600F00C
:104F6000ADFB304BCDE908010022DDE9060100F080
:104F700085FEDDE90E2300F057FDDDE9122300F088
:104F800053FDDDE90C2304460D4600201F4900F0C7
:104F900093FB254B06460F460022DDE9100100F089
:104FA00043FD02460B463046394600F087FB024679
:104FB0003CE000BFAFF30080399D52A246DFA13F25
:104FC00000000000006A184100000000C05C25419C
:104FD000BF808E28E45DEB3F96FC7270DD06F03FEB
:104FE000C1E30B175098743F09CFE71D4C86C73EAD
:104FF000BDE60CDA9D1E343EC8C6539FCE3C5841D8
:1050000000000000006AF840000032400000144038
:1050100000002C4000005E400000184000000840E6
:105020000000E03F00003840000022400B462046D0
:10503000294600F0F9FC42464B4600F0F5FC42469A
:105040004B4600F0F1FC02460B46DDE9080100F09A
:1050500035FB814B04460D460022DDE9060100F0D8
:105060000DFEDDE90E2300F0DFFCDDE9162300F084
:10507000DBFCDDE91A2306460F460020774900F0E5
:105080001BFBDDE9182300F019FB02460B463046F6
:10509000394600F0C9FC42464B4600F0C5FC42468A
:1050A0004B4600F0C1FC42464B4600F0BDFC0246B8
:1050B0000B462046294600F001FB0022002304464F
:1050C0000D4600F023FF40B95DA3D3E9002320463D
:1050D000294600F039FF002848D0614A07CA0BF181
:1050E000380383E807005F4B28AA03F108059246BE
:1050F00018685968144603C40833AB422246F7D1F6
:1051000018689B88A380584B206034AA03F11005CF
:1051100018685968144603C40833AB422246F7D1D5
:1051200018681B7923712060DDE904014F4B0022D0
:1051300000F00AFF002800F05A81DDE904014C4B21
:10514000002200F0E3FE20B93FA4D4E90034CDE909
:105150000434484F484D0026002499E0DDE9044519
:10516000FFF71FBADDE90245FFF762BA38A3D3E9BA
:105170000023DDE9140100F081FD07F0F5F900F0EE
:10518000EDFE33A3D3E9002382462946204600F0F2
:1051900075FD07F0E9F900F0E1FE4FF005098046E2
:1051A000C0F11300B0FBF9F000EB800000F0C2FB8F
:1051B00006460AF10A00B0FBF9F00F4600F0BAFB10
:1051C000BAFBF9F902460B463046394600F076FA4A
:1051D00000F0ECFF46AB43FA80F009EB890910F8C8
:1051E000483C8BF838306FF0040303FB08F808F1F3
:1051F0005F081923AAEB090AB8FBF3F203FB128834
:10520000D04446AB53FA88F8DDE9140118F8483C5D
:105210008BF8393000F0CAFF184E90FBF6F303FB11
:105220001600CBF83C002946204600F0BFFF90FB5B
:10523000F6F303FB1600CBF8400054E7AFF3008011
:105240000000000020D633412A3A92CBFF7F56401F
:1052500000000000006AF8400080864000804E4058
:10526000705A03087A72030888720308008056C0D7
:1052700000805640008066C000807640A086010015
:10528000DDE9020122462B4600F018FACDE90201C1
:10529000DDE9020132463B4600F038FE0028EFD13E
:1052A0005D4F5E4D00260024DDE9020132463B469B
:1052B00000F040FE00287BD14FA3D3E90023DDE9B5
:1052C000040100F0B1FB4EA3D3E9002300F0F6F98E
:1052D0000BF092FC4CA3D3E9002306460F46DDE910
:1052E000020100F0A1FB4AA3D3E9002300F0E6F994
:1052F0000BF082FC4FF00B0804460D463046394651
:105300000522002301F04EFA002D06460F4604F058
:10531000030303DA013B63F00303013346A901EB06
:1053200082021A44002D12F8483C0AF8083002DACA
:10533000033445F1000508F1FF38A408B8F1060F61
:1053400044EA85744FEAA505D8D14FF000084FF024
:105350000A09304639461422002301F023FA0023BB
:10536000029206460F4620462946142201F01AFAF8
:1053700034AB04469B5C0D4609F58C72029934A847
:105380006A44415C02F8783C02F8791CA9F10203F6
:10539000B8F1000F15D103F58C736B444FF02B025D
:1053A00003F8782C4FF00108A9F103039946D0E7E0
:1053B000DDE9020122462B4600F07EF9CDE902012B
:1053C00072E708F10108B8F1050FEFD19AE807007C
:1053D0000BF1440303C323F8022B120C1A700023B1
:1053E0008BF84F308BF8503047B0BDE8F08F0C4C45
:1053F0000023ACE6AFF300800000000084D77741C3
:10540000000000D088C3E0410000000000405F4180
:105410000000000000F9D541008066400080764021
:10542000008056C00B4600F108010160D3E900126C
:105430004FF000030A44E4F7B1B87FB500F11C0651
:105440000025144B03600446457513493046F9F7AF
:105450002AFE01232375114B11491B68A360C4E97F
:105460000355A4613046F9F76EFE314601A8F9F7FD
:1054700060FEA16901A8F9F79FFE01463046F9F7E1
:1054800049FE01A8F9F721FEA3686560E36004B056
:1054900070BD00BF3C5A03081D600308780300205C
:1054A0009D72030870B504460D46FFF7C6FF164B04
:1054B0002360164BA362002384F82C30294604F1A4
:1054C0001C00F9F740FEA26ACAB102F1240102F100
:1054D000C4050B4653F8040F18B18669A0698642CB
:1054E0000DD0AB42F6D1002351F8040F40B90A3376
:1054F00042F82340D2F8C8300133C2F8C83070BD3A
:105500000133282BF0D1FAE7505A03080852002043
:105510001FB5E3F7D5FF78B10948FDF7B8FD094A93
:10552000094903A8FDF7D0FE00230093064A054B66
:1055300003990648FDF72AF805B05DF804FB00BFA3
:1055400039650308CC240020B0500308226F0308FB
:1055500007B5E3F7B5FF58B10748FDF798FD0123FC
:105560000093064A064B074840F2E161FDF70EF84A
:1055700003B05DF804FB00BF39650308E05203087F
:10558000980B00204F6F030837B50546E3F798FFE7
:10559000044600285DD03048FDF779FDEB0718D5AB
:1055A0002E4B2F4801221A7083F8882183F8A421FA
:1055B00083F8642083F8942083F8C02083F8E821DE
:1055C00083F8F82140F2F2210092264AFCF7DEFF30
:1055D0000446A80721D5244B2448012283F86421DE
:1055E00083F8F4201A7083F82C2183F8D82083F8EC
:1055F000142183F83C2183F8E62183F8FA2183F80B
:10560000F42183F8942183F820224FF44D71009205
:10561000174AFCF7BBFF2040C4B229070DD50E483E
:10562000FDF735FD01230093124A134B134840F256
:10563000CE21FCF7ABFF2040C4B26A0703D5FFF7C9
:1056400087FF2040C4B2EB0603D5FFF761FF20407F
:10565000C4B2204603B030BD396503088003002082
:105660000E6F03084C46030840270020636F0308B1
:10567000344603081C460308002A0020776F0308FD
:1056800010B50446E3F71CFF38B12046FFF77CFF56
:1056900018B92046BDE8104076E710BD1EF0040F93
:1056A0000CBFEFF30880EFF30980F1F721BB000096
:1056B00081F0004102E000BF83F0004330B54FEAC3
:1056C00041044FEA430594EA050F08BF90EA020F30
:1056D0001FBF54EA000C55EA020C7FEA645C7FEAC3
:1056E000655C00F0E2804FEA5454D4EB5555B8BFE6
:1056F0006D420CDD2C4480EA020281EA030382EA57
:10570000000083EA010180EA020281EA0303362DE8
:1057100088BF30BD11F0004F4FEA01314FF4801CBB
:105720004CEA113102D0404261EB410113F0004FCD
:105730004FEA03334CEA133302D0524263EB430384
:1057400094EA050F00F0A780A4F10104D5F1200E22
:105750000DDB02FA0EFC22FA05F2801841F100017D
:1057600003FA0EF2801843FA05F359410EE0A5F151
:1057700020050EF1200E012A03FA0EFC28BF4CF082
:10578000020C43FA05F3C01851EBE37101F0004538
:1057900007D54FF0000EDCF1000C7EEB00006EEB45
:1057A0000101B1F5801F1BD3B1F5001F0CD34908CF
:1057B0005FEA30004FEA3C0C04F101044FEA445226
:1057C00012F5800F80F09A80BCF1004F08BF5FEAAD
:1057D000500C50F1000041EB045141EA050130BD8D
:1057E0005FEA4C0C404141EB0101013C28BFB1F59F
:1057F000801FE9D291F0000F04BF01460020B1FAEA
:1058000081F308BF2033A3F10B03B3F120020CDABC
:105810000C3208DD02F1140CC2F10C0201FA0CF09A
:1058200021FA02F10CE002F11402D8BFC2F1200CFF
:1058300001FA02F120FA0CFCDCBF41EA0C019040B5
:10584000E41AA2BF01EB0451294330BD6FEA0404FE
:105850001F3C1CDA0C340EDC04F11404C4F12002E9
:1058600020FA04F001FA02F340EA030021FA04F3FB
:1058700045EA030130BDC4F10C04C4F1200220FA52
:1058800002F001FA04F340EA0300294630BD21FA90
:1058900004F0294630BD94F0000F83F4801306BF56
:1058A00081F480110134013D4EE77FEA645C18BF4A
:1058B0007FEA655C29D094EA050F08BF90EA020FE1
:1058C00005D054EA000C04BF1946104630BD91EAD9
:1058D000030F1EBF0021002030BD5FEA545C05D1DC
:1058E0004000494128BF41F0004130BD14F580041B
:1058F0003CBF01F5801130BD01F0004545F0FE418F
:1059000041F470014FF0000030BD7FEA645C1ABFC3
:10591000194610467FEA655C1CBF0B46024650EAFA
:10592000013406BF52EA033591EA030F41F4002126
:1059300030BD00BF90F0000F04BF0021704730B5AC
:105940004FF4806404F132044FF000054FF0000181
:1059500050E700BF90F0000F04BF0021704730B542
:105960004FF4806404F1320410F0004548BF404217
:105970004FF000013EE700BF42004FEAE2014FEA6C
:1059800031014FEA02701FBF12F07F4393F07F4F47
:1059900081F06051704732F07F4208BF704793F04A
:1059A0007F4F04BF41F40021704730B54FF460745D
:1059B00001F0004521F000411CE700BF50EA010260
:1059C00008BF704730B54FF000050AE050EA010209
:1059D00008BF704730B511F0004502D5404261EB79
:1059E00041014FF4806404F132045FEA915C3FF4BA
:1059F000D8AE4FF003025FEADC0C18BF03325FEA57
:105A0000DC0C18BF033202EBDC02C2F1200300FA07
:105A100003FC20FA02F001FA03FE40EA0E0021FA2C
:105A200002F11444BDE600BF70B54FF0FF0C4CF41A
:105A3000E06C1CEA11541DBF1CEA135594EA0C0FCC
:105A400095EA0C0F00F0DEF82C4481EA030621EA07
:105A50004C5123EA4C5350EA013518BF52EA033542
:105A600041F4801143F4801338D0A0FB02CE4FF0F4
:105A70000005E1FB02E506F00042E0FB03E54FF024
:105A80000006E1FB03569CF0000F18BF4EF0010E1C
:105A9000A4F1FF04B6F5007F64F5407404D25FEA18
:105AA0004E0E6D4146EB060642EAC62141EA5551CB
:105AB0004FEAC52040EA5E504FEACE2EB4F1FD0C0D
:105AC00088BFBCF5E06F1ED8BEF1004F08BF5FEA8B
:105AD000500E50F1000041EB045170BD06F000463D
:105AE00046EA010140EA020081EA0301B4EB5C04EA
:105AF000C2BFD4EB0C0541EA045170BD41F48011E2
:105B00004FF0000E013C00F3AB8014F1360FDEBF06
:105B1000002001F0004170BDC4F10004203C35DAE2
:105B20000C341BDC04F11404C4F1200500FA05F365
:105B300020FA04F001FA05F240EA020001F0004206
:105B400021F0004110EBD37021FA04F642EB06017C
:105B50005EEA430E08BF20EAD37070BDC4F10C04A6
:105B6000C4F1200500FA04F320FA05F001FA04F26A
:105B700040EA020001F0004110EBD37041F1000156
:105B80005EEA430E08BF20EAD37070BDC4F1200561
:105B900000FA05F24EEA020E20FA04F301FA05F2C9
:105BA00043EA020321FA04F001F0004121FA04F271
:105BB00020EA020000EBD3705EEA430E08BF20EA41
:105BC000D37070BD94F0000F0FD101F0004640007B
:105BD00041EB010111F4801F08BF013CF7D041EAFD
:105BE000060195F0000F18BF704703F00046520001
:105BF00043EB030313F4801F08BF013DF7D043EAD2
:105C00000603704794EA0C0F0CEA135518BF95EA87
:105C10000C0F0CD050EA410618BF52EA4306D1D10E
:105C200081EA030101F000414FF0000070BD50EA2D
:105C3000410606BF1046194652EA430619D094EAB7
:105C40000C0F02D150EA013613D195EA0C0F05D1A1
:105C500052EA03361CBF104619460AD181EA0301F5
:105C600001F0004141F0FE4141F470014FF00000AD
:105C700070BD41F0FE4141F4780170BD70B54FF048
:105C8000FF0C4CF4E06C1CEA11541DBF1CEA1355C8
:105C900094EA0C0F95EA0C0F00F0A7F8A4EB0504AA
:105CA00081EA030E52EA03354FEA013100F08880A1
:105CB0004FEA03334FF0805545EA131343EA12636A
:105CC0004FEA022245EA111545EA10654FEA00261F
:105CD0000EF000419D4208BF964244F1FD0404F5D8
:105CE000407402D25B084FEA3202B61A65EB030534
:105CF0005B084FEA32024FF480104FF4002CB6EBF1
:105D0000020E75EB030E22BFB61A754640EA0C0070
:105D10005B084FEA3202B6EB020E75EB030E22BFB0
:105D2000B61A754640EA5C005B084FEA3202B6EBF1
:105D3000020E75EB030E22BFB61A754640EA9C00B0
:105D40005B084FEA3202B6EB020E75EB030E22BF80
:105D5000B61A754640EADC0055EA060E18D04FEA3E
:105D6000051545EA16754FEA06164FEAC30343EADE
:105D700052734FEAC2025FEA1C1CC0D111F4801FAB
:105D80000BD141EA00014FF000004FF0004CB6E7A4
:105D900011F4801F04BF01430020B4F1FD0C88BF43
:105DA000BCF5E06F3FF6AFAEB5EB030C04BFB6EB4E
:105DB000020C5FEA500C50F1000041EB045170BD41
:105DC0000EF0004E4EEA113114EB5C04C2BFD4EB6E
:105DD0000C0541EA045170BD41F480114FF0000EF2
:105DE000013C90E645EA060E8DE60CEA135594EA6E
:105DF0000C0F08BF95EA0C0F3FF43BAF94EA0C0F71
:105E00000AD150EA01347FF434AF95EA0C0F7FF4E5
:105E100025AF104619462CE795EA0C0F06D152EA39
:105E200003353FF4FDAE1046194622E750EA41061D
:105E300018BF52EA43067FF4C5AE50EA41047FF42E
:105E40000DAF52EA43057FF4EBAE12E74FF0FF3C93
:105E500006E000BF4FF0010C02E000BF4FF0010C64
:105E60004DF804CD4FEA410C7FEA6C5C4FEA430CDD
:105E700018BF7FEA6C5C1BD001B050EA410C0CBF2C
:105E800052EA430C91EA030F02BF90EA020F00208E
:105E9000704710F1000F91EA030F58BF994208BFF5
:105EA00090422CBFD8176FEAE37040F001007047B2
:105EB0004FEA410C7FEA6C5C02D150EA013C07D109
:105EC0004FEA430C7FEA6C5CD6D152EA033CD3D054
:105ED0005DF8040B704700BF8446104662468C464E
:105EE0001946634600E000BF01B5FFF7B7FF002881
:105EF00048BF10F1000F01BD4DF808EDFFF7F4FFAA
:105F00000CBF012000205DF808FB00BF4DF808ED34
:105F1000FFF7EAFF34BF012000205DF808FB00BF57
:105F20004DF808EDFFF7E0FF94BF012000205DF879
:105F300008FB00BF4DF808EDFFF7CEFF94BF01202E
:105F400000205DF808FB00BF4DF808EDFFF7C4FF27
:105F500034BF012000205DF808FB00BF4A0011D2C9
:105F600012F5001211D20DD56FF47873B3EB6252B3
:105F70000ED44FEAC12343F0004343EA505323FABF
:105F800002F070474FF00000704750EA013002D134
:105F90004FF0FF3070474FF0000070474FF0FF3C6C
:105FA00006E000BF4FF0010C02E000BF4FF0010C13
:105FB0004DF804CD4FEA40024FEA41037FEA226CDC
:105FC00018BF7FEA236C11D001B052EA530C18BFFE
:105FD00090EA010F58BFB2EB030088BFC81738BF63
:105FE0006FEAE17018BF40F0010070477FEA226C51
:105FF00002D15FEA402C05D17FEA236CE4D15FEA4D
:10600000412CE1D05DF8040B704700BF8446084680
:106010006146FFE70FB5FFF7C9FF002848BF10F141
:10602000000F0FBD4DF808EDFFF7F4FF0CBF012086
:1060300000205DF808FB00BF4DF808EDFFF7EAFF10
:1060400034BF012000205DF808FB00BF4DF808EDCB
:10605000FFF7E0FF94BF012000205DF808FB00BFC0
:106060004DF808EDFFF7D2FF94BF012000205DF846
:1060700008FB00BF4DF808EDFFF7C8FF34BF012053
:1060800000205DF808FB00BF53B94AB9002908BFDA
:1060900000281CBF4FF0FF314FF0FF3000F00CB86C
:1060A000ADF1080C6DE904CE05F052FEDDF804E018
:1060B000DDE9022304B07047704700BF10F8012BE0
:1060C00011F8013B012A28BF9A42F7D0D01A704735
:1060D00001F0FF01102A2BDB10F0070F08D010F899
:1060E000013B013A8B422DD010F0070F42B3F6D19D
:1060F000F0B441EA012141EA014122F007047FF0B6
:1061000000070023F0E80256083C85EA010586EA0C
:10611000010685FA47F5A3FA87F586FA47F6A5FA48
:1061200087F68EB9EED1F0BC01F0FF0102F0070254
:1061300032B110F8013B013A83EA010313B1F8D1FF
:106140000020704701387047002D06BF35460338E0
:10615000073815F0010F07D1013015F4807F02BF19
:10616000013015F4C03F0130F0BC0138704700BF6A
:10617000034613F8012B002AFBD1181A0138704787
:106180004FEA410C7FEA6C5C02D150EA013C0AD133
:106190004FEA430C7FEA6C5C02D152EA033C02D125
:1061A0004FF0000070474FF0010070474FEA410286
:1061B00012F5001215D211D56FF47873B3EB625259
:1061C00012D94FEAC12343F0004343EA505311F080
:1061D000004F23FA02F018BF404270474FF0000012
:1061E000704750EA013005D111F0004008BF6FF050
:1061F000004070474FF00000704700BF4FEA410277
:10620000B2F1E04324BFB3F5001CDCF1FE5C0DD914
:1062100001F0004C4FEAC0024CEA5070B2F1004F5E
:1062200040EB830008BF20F00100704711F0804F61
:1062300021D113F13872BCBF01F00040704741F426
:1062400080114FEA5252C2F11802C2F1200C10FA2A
:106250000CF320FA02F018BF40F001004FEAC1230E
:106260004FEAD32303FA0CFC40EA0C0023FA02F3B2
:106270004FEA4303CCE77FEA625307D150EA013388
:106280001EBF4FF0FE4040F44000704701F0004058
:1062900040F0FE4040F40000704700BF80F0004036
:1062A00002E000BF81F0004142001FBF5FEA4103EE
:1062B00092EA030F7FEA226C7FEA236C6AD04FEAEE
:1062C0001262D2EB1363C1BFD21841404840414033
:1062D000B8BF5B42192B88BF704710F0004F40F4E5
:1062E000000020F07F4018BF404211F0004F41F401
:1062F000000121F07F4118BF494292EA030F3FD0CD
:10630000A2F1010241FA03FC10EB0C00C3F12003DF
:1063100001FA03F100F0004302D5494260EB40006E
:10632000B0F5000F13D3B0F1807F06D340084FEAD9
:10633000310102F10102FE2A51D2B1F1004F40EBCE
:10634000C25008BF20F0010040EA03007047490036
:1063500040EB0000013A28BFB0F5000FEDD2B0FAD3
:1063600080FCACF1080CB2EB0C0200FA0CF0AABFF6
:1063700000EBC25052421843BCBFD0401843704794
:1063800092F0000F81F4000106BF80F4000001329A
:10639000013BB5E74FEA41037FEA226C18BF7FEA71
:1063A000236C21D092EA030F04D092F0000F08BFB3
:1063B0000846704790EA010F1CBF0020704712F09A
:1063C0007F4F04D1400028BF40F00040704712F1D9
:1063D00000723CBF00F50000704700F0004343F03E
:1063E000FE4040F4000070477FEA226216BF084674
:1063F0007FEA23630146420206BF5FEA412390EA37
:10640000010F40F4800070474FF0000304E000BF2C
:1064100010F0004348BF40425FEA000C08BF7047DD
:1064200043F0964301464FF000001CE050EA0102A1
:1064300008BF70474FF000030AE000BF50EA0102B6
:1064400008BF704711F0004302D5404261EB4101A3
:106450005FEA010C02BF84460146002043F0B643C8
:1064600008BFA3F18053A3F50003BCFA8CF2083AED
:10647000A3EBC25310DB01FA02FC634400FA02FCF6
:10648000C2F12002BCF1004F20FA02F243EB0200FD
:1064900008BF20F00100704702F1200201FA02FC5F
:1064A000C2F1200250EA4C0021FA02F243EB020052
:1064B00008BF20EADC7070474FF0FF0C1CEAD05296
:1064C0001EBF1CEAD15392EA0C0F93EA0C0F6FD057
:1064D0001A4480EA010C400218BF5FEA41211ED035
:1064E0004FF0006343EA501043EA5111A0FB013121
:1064F0000CF00040B1F5000F3EBF490041EAD371F6
:106500005B0040EA010062F17F02FD2A1DD8B3F171
:10651000004F40EBC25008BF20F00100704790F0E0
:10652000000F0CF0004C08BF49024CEA502040EA32
:1065300051207F3AC2BFD2F1FF0340EAC2507047F8
:1065400040F400004FF00003013A5DDC12F1190F36
:10655000DCBF00F000407047C2F10002410021FAA8
:1065600002F1C2F1200200FA02FC5FEA310040F1C0
:10657000000053EA4C0308BF20EADC70704792F039
:10658000000F00F0004C02BF400010F4000F013A71
:10659000F9D040EA0C0093F0000F01F0004C02BF6C
:1065A000490011F4000F013BF9D041EA0C018FE7DB
:1065B0000CEAD15392EA0C0F18BF93EA0C0F0AD0E1
:1065C00030F0004C18BF31F0004CD8D180EA010007
:1065D00000F00040704790F0000F17BF90F0004FA0
:1065E000084691F0000F91F0004F14D092EA0C0F82
:1065F00001D142020FD193EA0C0F03D14B0218BF15
:10660000084608D180EA010000F0004040F0FE405A
:1066100040F40000704740F0FE4040F440007047F6
:106620004FF0FF0C1CEAD0521EBF1CEAD15392EA75
:106630000C0F93EA0C0F69D0A2EB030280EA010C65
:1066400049024FEA402037D04FF0805343EA1111FE
:1066500043EA10130CF000408B4238BF5B0042F15C
:106660007D024FF4000C8B4224BF5B1A40EA0C0001
:10667000B3EB510F24BFA3EB510340EA5C00B3EB33
:10668000910F24BFA3EB910340EA9C00B3EBD10F21
:1066900024BFA3EBD10340EADC001B0118BF5FEA73
:1066A0001C1CE0D1FD2A3FF650AF8B4240EBC2509C
:1066B00008BF20F0010070470CF0004C4CEA50205D
:1066C0007F32C2BFD2F1FF0340EAC250704740F4AC
:1066D00000004FF00003013A37E792F0000F00F09E
:1066E000004C02BF400010F4000F013AF9D040EA1C
:1066F0000C0093F0000F01F0004C02BF490011F4B0
:10670000000F013BF9D041EA0C0195E70CEAD153A7
:1067100092EA0C0F08D142027FF47DAF93EA0C0F8E
:106720007FF470AF084676E793EA0C0F04D14B0272
:106730003FF44CAF08466EE730F0004C18BF31F024
:10674000004CCAD130F000427FF45CAF31F000431E
:106750007FF43CAF5FE700BF4FEA4002B2F1FE4F6B
:106760000FD34FF09E03B3EB12620DD94FEA002313
:1067700043F0004310F0004F23FA02F018BF4042EC
:1067800070474FF00000704712F1610F01D14202D3
:1067900005D110F0004008BF6FF0004070474FF087
:1067A000000070477BB972B90029BEBF00204FF0CE
:1067B000004106E008BF00281CBF6FF000414FF009
:1067C000FF30FFF779BCADF1080C6DE904CE00296C
:1067D00009DB002B1ADB05F0BBFADDF804E0DDE98C
:1067E000022304B07047404261EB4101002B1BDBE8
:1067F00005F0AEFADDF804E0DDE9022304B0404222
:1068000061EB4101524263EB43037047524263EB39
:10681000430305F09DFADDF804E0DDE9022304B04E
:10682000404261EB41017047524263EB430305F084
:106830008FFADDF804E0DDE9022304B0524263EB95
:106840004303704742000ED2B2F1FE4F0BD34FF01C
:106850009E03B3EB126209D44FEA002343F00043D6
:1068600023FA02F070474FF00000704712F1610FF9
:1068700001D1420202D14FF0FF3070474FF00000CB
:10688000704700BF10B5054C237833B9044B13B1E2
:106890000448AFF300800123237010BD505900203D
:1068A000000000008C0C030808B5034B1BB1034922
:1068B0000348AFF3008008BD0000000054590020D9
:1068C0008C0C03080368DB6A184700000148F8F7DE
:1068D00041B800BF440700202DE9F0471E4690F85C
:1068E000DD3A04461546002B51D02D4A92F8B032BD
:1068F000002B4CD009784339C9B214299BBF294BCE
:106900005B184FF0000993F8CA93D2F8983FDBB3B5
:10691000D3F81C8004F590674FF4007200213846CC
:1069200008F0C9FE06230121A4F88434084684F83F
:106930002C96E2F74DFD1F22C4F80806414604F2EA
:106940000C600AF00AF933462A4640F27F1104F53A
:10695000916008F049FE002808DD0138204490F8D5
:1069600088340A2B04BF002380F888343B464FF458
:10697000FF7104F69D000C4AE8F798FC014620469A
:10698000BDE8F047E6F740BEDFF82080C2E73346B7
:106990002A4604F52A60BDE8F047DEF754BB00BF85
:1069A00078030020A80C0308881003081D60030862
:1069B00002292DE9F04104460E4634D0032900F0A7
:1069C000BF80012940F0F88090F82C327BB300237F
:1069D00080F82C32D0F828020368DB6E98472368D1
:1069E00032465B6B0146074620469847734B93F847
:1069F000B831064603BB724BD3F8243AD3F884214E
:106A00003244C3F884210A21D3F83C21B2FBF1F2CD
:106A10000621B2FBF1F001FB102203EB82031A6B9B
:106A200032441A6303E0C36F0BB1E2F729FF236816
:106A300020465B6D98478BE0D4F8280203683A46FD
:106A40001B6B04F18801984728B1D4F83032013328
:106A5000C4F83032CFE7183FF7D4D4F834320133DA
:106A6000C4F83432D4F88C30002BE0D05548E4F729
:106A70000FFED4F88C300360D4F888304360D4F82B
:106A80009030C0F8143194F896300372B4F8943012
:106A900003F07F0380F82031B4F894305B0A80F86B
:106AA0002A31B4F89420C2F3C011C2F30022054683
:106AB00080F8211180F82921002B3AD1C0F85031FB
:106AC000C5F85431236829465B6F20469847052353
:106AD0006B813A4604F1A00105F10E0009F08AFA33
:106AE000374BAF81D3F8243A3749D3F86421324485
:106AF000C3F864210A6832440A60D3F83C210A21B1
:106B0000B2FBF1F20621B2FBF1F001FB102203EB24
:106B100082031A6B32441A632C4B53F8780C00280A
:106B200085D0012385F85C31036829461B6A9847A4
:106B30007DE7D4F89830C0F85031D4F89C30BFE7E6
:106B4000D0E973239A4237D003681B6F984720B966
:106B50002046BDE8F041E1F731BFD4E973329342FA
:106B600026D01B68D3F8581151B1194B1B68C91AAC
:106B7000002905DD04F5CA70BDE8F041FAF7CABE88
:106B8000236820469B6D9847054600287FF44FAF49
:106B9000D4E97313994204D004F5E6700D68FCF74C
:106BA000ABFE2368294620469B6EBDE8F04118479E
:106BB0000023D3F85831FFDEBDE8F08180030020C8
:106BC000B0160020C020002080060020A82700204A
:106BD0007803002090F84D3070B50446BBB10D4BE2
:106BE000026D1B689A4212D8002500F1580680F801
:106BF0004D5045653046FAF7A5F83822294630460B
:106C000008F059FD236A04F120009B6998476FF052
:106C1000004070BD780300202DE9F041DFF8C4800A
:106C200098F8F830054663B12F4F826E3B689A4260
:106C30000BD24FF0FF338366E7F7DCF9002385F8CA
:106C40006C306FF00040BDE8F08190F86C30002BA4
:106C500045D0D8F8FC40254E3A68D6F8F030002CE4
:106C600008BF4FF47A742344934206D296F8EB207F
:106C7000002182F00102E7F78BF9D6F8F4303A6888
:106C80002344934207D296F8EC20012182F00102BE
:106C90002846E7F77DF998F807316BB9D6F8F83050
:106CA0003A682344934207D296F8ED20022182F0FD
:106CB00001022846E7F76CF998F807316BB10C4BE5
:106CC000DA6852B193F85D3003F0FD03012B04D074
:106CD00095F86C3003B13B6819242046B3E74FF4B4
:106CE0007A74E9E740270020780300200C4C00204C
:106CF0008003002070B5144D95F8F0310446F3B1CF
:106D0000124B1878F9F7DAFF10B1114B1B78B3B9B1
:106D1000104B1E6801213046DDF7F8FA78B1304695
:106D2000DDF709FB58B14FF0FF312046F8F784FD3D
:106D3000D5F8EC0128B14FF47A73584370BD0121A6
:106D4000F3E70548FAE700BF40270020A82300200A
:106D500000010020D4200020009749012DE9F14FC7
:106D60004D4E96F8FC3104463BB9A3699B6904F18A
:106D7000180001B0BDE8F04F184790F8453083B1D6
:106D8000002380F8453096F81D020028EDD096F8D3
:106D90001F124900F8F73BFA01B0BDE8F04FFAF7CF
:106DA00001B9DFF8F8B0856CD6F80002E2F722FCF2
:106DB000DBF800305B1B984213D8F8F78FFD96F88C
:106DC0001E22374B03EB820305460146D3F81C35E0
:106DD00094F84C00984784F84C50804690B10128B4
:106DE00052D0D6F80432002B53D0A16CDBF800202F
:106DF000521A4FF47A714B439A424AD3F8F76EFD18
:106E0000014642E0282009F0E5F9264906F2092268
:106E1000814609F037FE2046E8F73EFF074680F836
:106E200021814846FFF7A4F91FFA80FAA7F80EA0BF
:106E30005246494607F1100009F0DCF896F808328E
:106E400055465BB1BAF1E80F08D83D4407230AF173
:106E5000010A2B7485F81180A7F80EA0DBF800302A
:106E6000A3640020F9F72AFF034628B902460E481A
:106E700039460068E6F7D0F9484609F0B3F94FF40F
:106E80007A7001B0BDE8F08F29462046E8F71AFF76
:106E9000F5E76420F5E700BF4027002078030020D5
:106EA000483103086565030868150020114BF7B5E4
:106EB000D3F8D864104B476D4665044618680F4DEB
:106EC000DDF739FA60B12B79082B09D00023BA1B02
:106ED000009318BF01224FF0FF312046EBF714FB5F
:106EE000686920B14FF47A73584303B0F0BD044889
:106EF000FBE700BF0C4C0020D420002080030020C2
:106F000080CBA400000000002DE9F04F90F84C3039
:106F100089B0044653B1724B002580F84C50986EEE
:106F2000E2F768FB2A462946EFF76BFFDFF8B4B1BA
:106F30006D4ADBF80000516803681B6898470646F5
:106F4000002800F0BB80664FDFF8A0813979D8F8BF
:106F50000090BD6ED4F870A0654B02293FD1002D82
:106F600048D04FF47A72186855430A3918BF012186
:106F7000DDF7CCF9002800F0A180BAF1000F3ED077
:106F8000A9EB0A0AAA4543D297F86C30002B00F00F
:106F90009580FAF7E7F8FAF709F9002800F08E80F3
:106FA00006F16C0393E807008DE807002146D6E957
:106FB000192305A8EBF7B2FB9DF81C30002B7DD000
:106FC000236FD4F88820002B7DD1D8F800302367B8
:106FD000EBF7D2FC736E6367B36EA3676EE00B29A9
:106FE000BDD055B14FF47A72554305291868BCD10C
:106FF0000021BDE718683F4DB7E73F4DF5E797F82B
:107000006D302BB9DBF8003093F82130002B55D0D0
:107010003046FAF7CBF8002850D0C4F87090736E61
:107020006367B36EA367354BD3F8D40410B1032163
:10703000E7F7ACFF2046E9F77DFA3B79092B3DD114
:107040002046E8F729FE4FF0FF33054643603C2019
:1070500009F0C0F80646606FFEF77CFC1EA3D3E97A
:107060000023FEF7E1FC8046A06F8946FEF772FC24
:1070700019A3D3E90023FEF7D7FC01274B46CDE93E
:10708000000142461E490024304609F0FBFCAF8156
:1070900085F821413046FFF76BF8314682B2E8812E
:1070A00005F1100008F0A6FF16483B46006822468E
:1070B0002946E6F7B1F8304609F094F841F28830F5
:1070C00009B0BDE8F08FD8F80050EB1A9A42F5D815
:1070D000EBF752FC25677DE748AFBC9AF2D77A3EC2
:1070E00080030020940B0020980B002078030020E0
:1070F000D4200020002E930280EE36000C4C00209D
:10710000C067030868150020014B93F849017047D8
:10711000402700202DE9F0411F460A4B1C680D4610
:10712000164614B92046BDE8F0816068036832460F
:10713000D3F80C8029463B46C0470028F3D1246889
:10714000EFE700BFD8520020014B93F85801704779
:1071500040270020002070470020704700000000FA
:107160002DE9F04FAC4E96F8DC30AFB004462BB9A9
:10717000D4F8A03A04F52A609B6992E096F8F130C1
:1071800053B190F8CD3A002B00F0848096F8E830A7
:10719000012B55D16E255BE0D6F8E030002BE7D00F
:1071A000D6F8E430002BE3D090F8CD3A002B71D024
:1071B00096F8E830012B58D0023BDBB20D2B56D8A5
:1071C000964A02EB83031D6CD6F8E0704FB1D6F8F7
:1071D000E41031B19248F7F7C9FE91483946F7F704
:1071E000A1FE29468E48DDF72CF8D6F8EC308C4A03
:1071F000002B08BFFA237420936008F0EBFF894945
:1072000005460027FCF7DAFB874B2B605622C5E9C1
:107210000577394605F11C0008F04DFA96F8F03074
:10722000824A032B26D0191F012925D80323A5F84C
:107230007230956084F8CD7A0A202FB0BDE8F08FC7
:10724000023BDBB20D2B0DD8744A02EB83031D6C9D
:10725000774F3846F7F77EFB764B0A201F60F8F72A
:1072600015F9B1E74FF41645F2E76E25ACE74FF498
:107270001645A9E70123DAE74021A5F87210022B91
:107280006D49E960956084F8CD7AD5D12046E6F75E
:107290009FFAD1E796F8F030022B06D12368DB6A1B
:1072A00020462FB0BDE8F04F1847042B40F0D280A5
:1072B000624AD4F8D01A13685B1AB3F5FA6FBBD3DD
:1072C0005F4D13686968EA68C4F8D03A19A86B6919
:1072D000FDF71CF92B6A002716A8CDE9163708F030
:1072E00035FA584B1B7804F6D42A06464BB139467A
:1072F0000120E2F76DF8CDE9160716A808F026FA86
:1073000006460027CDE912774D2311936A6B1A9830
:107310009DF879809DF870B0CDE90F321B9B0E93DC
:10732000EB6B0D932B6E0C93AB6D0B930028B8BFDA
:1073300040429DF880300A93FEF70CFBCDE9140122
:107340004046FEF707FB30A3D3E90023FEF76CFBB2
:1073500002460B46DDE91401FEF7AEF92CA3D3E992
:107360000023FEF761FBCDE9080119989DF87830FC
:1073700006930028B8BF4042CDF81C80FEF7EAFA19
:10738000804658468946FEF7E5FA1FA3D3E9002355
:10739000FEF74AFB02460B4640464946FEF78CF98B
:1073A0001BA3D3E90023FEF73FFBCDE90401CDF891
:1073B0000CB06B6A02933368019373680093C4F155
:1073C0007F4404F57F04B3681F4A5A21504604F5F0
:1073D000754409F0AFFA2D3452463B46A118884255
:1073E0000CD8C0F15A01194A504409F0A3FA114BC4
:1073F000174918685246F7F740FE1DE712F8011FBB
:107400004B40EBE7AFF3008000000000D012634177
:1074100054E41071732AD93E40270020B046030877
:107420006C090020CD69030830470308D8520020BA
:1074300044070020F0010020506103087803002079
:1074400064500020FC130020DF690308396A030838
:10745000726A0308052B40F09280794AD4F8D01A5A
:1074600013685B1A42F20F718B427FF6E5AE136828
:10747000C4F8D03ADFF8CC8100231693D8F8000086
:1074800016A9E2F7EBFD064600283FF4D5AE3379A6
:10749000002BF3D03046F9F789FE0028EED0D6E96C
:1074A0001A23716E19A8FDF731F81A989DF88030EB
:1074B00008930028B8BF40420C360996FEF74AFAF6
:1074C0009DF879A09DF87090064650460F46FEF74D
:1074D00041FA57A3D3E90023FEF7A6FA02460B466A
:1074E00030463946FEF7E8F853A3D3E90023FEF708
:1074F0009BFACDE9060119989DF87830049300288D
:10750000B8BF4042CDF814A0FEF724FA064648461C
:107510000F46FEF71FFA46A3D3E90023FEF784FACD
:1075200002460B4630463946FEF7C6F842A3D3E979
:107530000023FEF779FA04F6D425434E434ACDF8EA
:107540000090CDE9020150235A21284609F0F2F9B2
:10755000361B2A460023B11881420CD3C0F15A01D0
:107560003B4A284409F0E6F93A4B3B4918682A4659
:10757000F7F783FD82E712F8011F4B40EBE7062B7C
:107580003FF45AAE354FDFF8D88007F10C0940467A
:10759000F7F7BEF900283FF44FAEE92249464046CE
:1075A000F7F71EFABE68C7F80C02F468CCB1DFF832
:1075B000B4A09AF800B00025EBB29B4505D82A4B41
:1075C0001878F9F705FA04460BE02846F9F7B2FAFD
:1075D000214609F077FA6B1C28BB4C2404FB05A458
:1075E0000434336830469B6998474FF0FF330546B3
:1075F00043600CB123780372D7F80C22EA8100248F
:10760000012385F82131194985F8FA4092B205F134
:10761000100008F0EFFC1648234600682246294671
:10762000E5F7FAFDB3E71D46C6E700BFAFF30080FC
:1076300000000000D012634154E41071732AD93E57
:1076400078030020940B00202DF5FFFF416A03080A
:10765000396A0308F0010020726A0308D85200203A
:107660006C090020002A0020A8230020E4520020FA
:107670006815002038B59388022B0846144608D1B7
:10768000054B1D68E2F728F8224601462846F9F71F
:1076900017FD002038BD00BF940B002038B593883B
:1076A000032B04460D460AD1416F19B10548036802
:1076B0009B68984703482946FAF7E5F96067002078
:1076C00038BD00BFC020002038B59388052B044684
:1076D0000D460AD1016F19B1054803689B689847A8
:1076E00003482946FAF7CFF92067002038BD00BFCC
:1076F000C02000203B4B93F8483137B50D46002B96
:1077000061D00B6828469B6828219847C0F307235F
:107710008DF804008DF80530C0F30743C0B28DF832
:10772000063010B3242008F055FD00230373836056
:107730002D4B036057232D4A03754FF6FF732C49D9
:107740000261838310222B4B02718161036201AAC3
:107750000446ECF7F1FD002837D0082008F03AFD88
:10776000254B44601A68026018602B683A219B68B8
:1077700028469847C0F307238DF804008DF805309C
:10778000C0F30743C0B28DF80630E0B11C2008F00A
:1077900021FD0023194A03738360194B14490261C8
:1077A00003602122662302710375816101AA0446E8
:1077B000ECF7B0FD70B1082008F00CFD0E4B4460F2
:1077C0001A680260186003B030BD236820469B68C9
:1077D0009847CAE723689B68204603B0BDE830405D
:1077E000184700BF4027002060470308756A030858
:1077F00014130020400D0300D85200207E6A0308B5
:10780000A447030830B5204B1D68ADF5617D0446E3
:107810005DB1F7F7FBFF50B11C4B1B7903F0FB0385
:10782000022B04D0012384F83B30002022E04FF4E7
:10783000B072294688A808F0DDFB4FF48872002159
:10784000684607F038FF124ABDF82E126B468CA826
:10785000E7F7ACFE0028E8D0BDF80430022B04F1B5
:1078600030050AD1214644A8EDF778FE44A9284600
:10787000EDF7C8FE0DF5617D30BD062BD5D1214653
:1078800044A8ECF7DFFCF1E76C2C0020800300201B
:107890000439030830B5204B1D68ADF5617D044601
:1078A0005DB1F7F7B3FF50B11C4B1B7903F0FB033D
:1078B000022B04D0012384F83F30002028E04FF44D
:1078C000B072294688A808F095FB4FF48872002111
:1078D000684607F0F0FE124ABDF82E126B468CA8DF
:1078E000E7F764FE0028E8D0BDF80430032BE4D1AC
:1078F0004FF4887200210DEB020007F0DCFE44A873
:10790000F7F72AFF20B144A904F13400EDF77AFE1D
:107910000DF5617D30BD00BF6C2C00208003002080
:107920000439030830B5204B1D68ADF5617D044670
:107930005DB1F7F76BFF50B11C4B1B7903F0FB03F4
:10794000022B04D0012384F83B30002028E04FF4C0
:10795000B072294688A808F04DFB4FF488720021C8
:10796000684607F0A8FE124ABDF82E126B468CA896
:10797000E7F71CFE0028E8D0BDF80430052BE4D161
:107980004FF4887200210DEB020007F094FE44A82A
:10799000F7F7D2FE20B144A904F13000EDF732FE32
:1079A0000DF5617D30BD00BF6C2C002080030020F0
:1079B00004390308F0B5634B90F859601D6897B01F
:1079C0000446002E00F0BB80012E27D1C36DC26E8D
:1079D000EB1A934240F29B80022380F859305A49B7
:1079E0000DA8F7F760FB0DA92046F0F729FD0DA8BB
:1079F000F7F76BFB00232566C4F898300DA904F156
:107A000020008DF83460F7F74DFEA56E04F12C00D0
:107A10002946DCF71BFD284617B0F0BD032E1FD00A
:107A2000022E40F08C80036EED1A836E9D426ED361
:107A30000025464980F859507C30F7F784FB2046F2
:107A4000F0F714FD414904F17000F7F77CFB0123C6
:107A5000C4F898508DF834300DA904F120006CE082
:107A6000436EC26D13445D1BB5F57A7F00F170075C
:107A700000F120064ED3364907A8F7F714FB07A9F3
:107A800004A8F7F756FB00230A220DA94FF47A70D9
:107A9000B5FBF0F0CDE90A330C93FBF7A5FB0DA97C
:107AA0000AA8F7F750FB0C9A0A9904A8F7F75CFBB1
:107AB00010B904A8F7F710FB26490DA8F7F7F3FA59
:107AC0000F9A0D9904A8F7F74FFB10B904A8F7F720
:107AD00003FB04A901A8F7F72CFB0DA8F7F7F5FAAB
:107AE0000AA8F7F7F2FA04A8F7F7EFFA07A8F7F7EA
:107AF000ECFA01A93846F7F70DFB01230DA9304632
:107B00008DF83430F7F7CEFD01A8F7F7DEFA4FF421
:107B10007A7081E7002380F859300C497C30F7F700
:107B200012FB2046F0F7A2FC08493846F7F70BFB9A
:107B300001238DF834300DA93046F7F7B3FD6FF00F
:107B4000004069E778030020946C03081D60030877
:107B5000A96C0308736A030870B5904C904DE368F4
:107B60004FF6FF0633402B43E3604FF0B04396B02F
:107B70001A6D42F400221A651A6D02F40022039273
:107B8000039A9A6C42F480529A649B6C03F480537B
:107B90000293029BDBF7E0FAE36833402B43E36098
:107BA000DAF704FD7F4C20600020DAF711FD442253
:107BB000002105A807F07FFD7B4A136823F4C0630A
:107BC00043F400731360136803F4C0630193019BD3
:107BD000202304934FF0010E0023B02204A8CDE926
:107BE0000CE3CDE90E23DAF71DFD00B1FEE76F4986
:107BF0000B6813F0060F6E4B1BD04FF0B04291682C
:107C000021F0F001916018689168CE0322D5D2F876
:107C1000081121F00F01C2F8081118684FF0B042A6
:107C2000D2F80811CD031AD41968091A0229F7D914
:107C30000FE00A6822F0070242F002020A601868A8
:107C40000A6802F00702022AD7D01A68121A022A1A
:107C5000F6D9FEE71968091A0229D5D9F9E791681A
:107C600021F4E061916018684FF0B0429168890397
:107C700004D41968091A0229F8D9EAE7916821F4AD
:107C80006051916018684FF0B04291684E0304D47F
:107C90001968091A0229F8D9DBE711688D07D8D5C8
:107CA000916821F00301916018684FF0B04141F2F2
:107CB00088358A6812F00C0F0ED13C490A6802F030
:107CC0000702022A0DD8DAF771FC3A4B20601868D7
:107CD000DAF77EFCB0B1BCE71A68121AAA42E8D9FA
:107CE000B7E70A6822F0070242F002020A60186849
:107CF0000A6802F00702022AE5D01A68121A022A5C
:107D0000F6D9A6E72C4B5A7F02F0FF0102B919778A
:107D100002225A771A79E2B91A68284951619168A2
:107D200021F01801916059791A68002934D14FF077
:107D3000FF3111619168586921F060010143916040
:107D40009168986921F080010143916001225A777E
:107D500010E09C68E0070DD51F22013A03D324FAF6
:107D600002F1C907F9D5D968102911D004D839B161
:107D700008290FD016B070BD1829FBD1062AF9D8F2
:107D800018684461826822F018020A438260CAE7D8
:107D9000072AF4E70F2AF2E71969CAE700ED00E0C5
:107DA0000003FA05040000200004005800400058B9
:107DB0007803002000000020FC010020B71DC10452
:107DC0002DE98048DFB0AFF3008001211520F7F7DF
:107DD0001EFA00211520F7F7E1FAE1F771FBB8B9B7
:107DE000032400211520F7F7D9FA4FF49670F7F71E
:107DF0004DFB01211520F7F7D1FA4FF49670F7F7F4
:107E000045FB013CEDD14FF4FA60F7F73FFBE7E7A4
:107E10004FF42E6008F0DEF97C4F7D4E0446394663
:107E2000FBF7BDFE00257B4BC4F8A45AC4F8A03A6A
:107E300084F8AC5A04F52B607749C4F8A87AFDF7AA
:107E400031FB764B236003F14C026833C4F8B03A3F
:107E50000323C4F8A02A84F884364FF4E13184F86F
:107E6000DD5A84F8985838463460DCF7EAF9204641
:107E7000E5F7AEFC1020346808F0ACF900220023CE
:107E8000C0E90023664B0572186004F52A64654B4F
:107E900065491B68654D2046F7F7EFF83068644B7D
:107EA000644A6549009300F52A60644BF7F7E5F8EA
:107EB0003068634900F52A60F7F7DFF8012008F021
:107EC00089F9604B604918606048F7F73CF96049F0
:107ED0006048F7F738F9D5F8E0255F4B03EA8223CD
:107EE00003F1FF6303F5F223B3F1006F40F2C980A1
:107EF0005A4C2379002B40F0C480A068002840F041
:107F0000B780D5F8E055544E484FDFF8548106EA63
:107F1000852505F1FF6505F5F225D7F8E01506EA98
:107F2000812101F100639D42C0F0928226791EB149
:107F300000232371F6F724FFA068F6F76FFF0546CC
:107F4000002856D1E3685A6A0146D208A06C07F0AF
:107F5000B2FBE2684348A563D2E9083218A9C4E934
:107F600010539A4294BFE263E363EDF7DDFE00280D
:107F70003DD13C482FA9EDF7D7FE0346002836D166
:107F800002462FA93748EEF7F9FC054600282ED106
:107F9000354B309F319A27614FF01008CDE90F83A0
:107FA000E3686261D969139130491B6A08681493C8
:107FB0004968CDF82C804FF00113159316ABCDE92D
:107FC000117203C33423CDE92172209310AF202313
:107FD000CDE90D730C93234801230BAA18A9EEF7E2
:107FE000CDFC002800F03E82343000F03C82F6F7F1
:107FF000C7FE2379002B44D1A068002841D0F6F7B2
:108000004BFFB0FA80F0400920713AE044070020AD
:1080100004560020F8510308456E0308B00D03080C
:108020006415002078030020536E03080070FF1FC2
:108030008C6E030828600308706E03082A63030827
:10804000A06E0308782C0020D96E0308245200206B
:10805000E86E03084C57002000FCFF036016002068
:10806000007000F86C1600202E140008506D0308F4
:10807000F6F712FF00280CBF0123002323717FF4C1
:1080800040AF0A21C448FAF703F9C448FAF795FA51
:10809000602008F09FF804462546C149FDF702FA22
:1080A000C04B45F8303B0023A363C4E90C55BE4BDD
:1080B00004F13C0203F1100718685968164603C61C
:1080C0000833BB423246F7D118689B88B380B74B60
:1080D000306000271E68DFF8D882E76584F85870A2
:1080E0006665C8F82841FBF7F5FC06F138018560A4
:1080F00002F0A3FA336C01333364FBF7EBFC06F1B7
:1081000034092946C0F8089002F097FAA36BD8F812
:1081100028010133A36303681B6A98473C2008F0D9
:1081200059F83C228246394607F0C5FA5346A14A1F
:108130008AF8047043F80C2BCAE905330AF12403CA
:108140000121CAE90B3350468AF80C708AF8247072
:10815000CDF82CA0D8F7D2FBDAF8003050461B69D6
:108160009847954B2F93DAF800302FAA5B690421CA
:1081700050469847C0F307238DF820008DF8213032
:10818000BDF82020ADF81C20C0F30743C0B28DF825
:1081900022308DF81E30894B002800F093810DF1BC
:1081A0001D0212881A80864B2F9344F23913ADF8C2
:1081B000C030DAF80030834D5B692FAA06215046A3
:1081C0009847C0F307238DF82530DAF800308DF892
:1081D0002400C0F30740DB688DF826000D215046CF
:1081E0009847794B1870794B2F93DAF800302FAA03
:1081F0005B69042150469847C0F307238DF8280097
:10820000C0F307408DF82A00042213210BA88DF833
:108210002930E1F757F922223B210BA8E1F752F967
:10822000052214210BA8E1F74DF90E2215210BA808
:10823000E1F748F91C2216210BA8E1F743F90922BE
:1082400019210BA8E1F73EF90A221B210BA8E1F73F
:1082500039F90B221C210BA8E1F734F90B221D215F
:108260000BA8E1F72FF91F222E210BA8E1F72AF91D
:108270001B2235210BA8E1F725F91E2237210BA877
:10828000E1F720F9342007F0A5FF514901600023F0
:1082900000F11002C0E90422C0E909330372C3608F
:1082A0008361C3830384C36280F830300446B02204
:1082B00004312FA8C5F8843307F09CFE4548F9F730
:1082C0005BFD002840F00081002303930023424916
:1082D0001B9318AACDE919330FA818231893FAF79E
:1082E000F3FF0F9EDFF8F49019A806F2C676FBF7AD
:1082F00099F9394B3A48CDF8009010223146F8F7F9
:1083000061FED9F80030172B00F2FD802046E2F71D
:108310000EFBA38B66680A2B84BF0A23A3833768EE
:108320007368029340F29C62DB1B934200F22D8142
:10833000B2680298DFF8ACC09910121A0CFB01F178
:108340009210C1F10A010CFB02F28A42C0F0E680F1
:10835000E2F7D9FA7060244B2448009540F2146289
:1083600040F2E161F8F72EFE012803D1D5F88433FD
:10837000172B5CD82046E3F7C7F969682046E1F778
:10838000DDFF002853D00379002B50D0184A00F1AC
:108390000C0300F134012DE09C630308141300204A
:1083A000F86E03083C0D03080C520308A0230020BC
:1083B000D8560020AC29030805060708DE50002027
:1083C000090A0B0C980B00203C2700201E50365148
:1083D0002C520308FE6E0308B0500308CC24002082
:1083E000226F0308CF467D67E05203084F6F0308F2
:1083F000FA0B002053F8046B42F8046B8B42F9D15E
:10840000002385F88930426BC5F88A2085F88E30C4
:1084100090F83A3085F8963090F85E3085F8BA30AA
:1084200090F85F3085F8BB300420FDF729F95C4EE9
:108430005C4B5D4800964FF4387240F2F221F8F739
:10844000C1FD012800F0BE800020FBF76BF9BEE003
:10845000A8EB010129445548C90AECF793F805F542
:1084600000655AE501252023CDE90C370E935048CD
:10847000CDF82C8001230BAA18A9EEF77FFA28B1BA
:1084800034307FF4B4AD002D3FF4B1AD00230125AD
:1084900047480BAA18A9CDE90B35EDF707FB0028D3
:1084A0007FF4A5ADE3681B6A6364F6F769FC002EF0
:1084B0003FF49FADA068F6F7EFFC00287FF499AD7C
:1084C0002571DEE51A466CE6354E364B3648009689
:1084D0004FF4387240F2F221F8F774FD01287FF46E
:1084E000F3AE96F8F831002B3FF4EEAEB6F81C323E
:1084F0000393002B3FF4EAAEB02206F5FD712FA8DE
:1085000007F078FDE2E609F104036360D9E901238D
:108510009B1A284A9B105343A383FAE6264A0593E5
:1085200030460491E2F740F9DDE90413804650B388
:10853000224A904206D9224B984201D902F04DFBC3
:1085400002F048FBBC2000FB08F0CDE9043107F045
:1085500041FEDDE9043183460BEB0300E2F7D3F97A
:1085600002995A463846F9F7CBFD17B1384607F05D
:1085700039FE0BF5EB637360BC2303FB08B2C6F84E
:1085800000B0B260E7E68346E6E7B3F5EB6F7FF64F
:10859000E2AE029B07F5EB67BB4218BF7760DAE6F5
:1085A000800300204C4603080E6F03086C02002075
:1085B0006C160020CF467D67356F0308414CAE0036
:1085C00082985C01D6F8F431172B7FF63EAF96F80F
:1085D000A43133B196F8A8311BB1C3480121E2F7A9
:1085E00033FB039B4BB1C148ADF8DE30B0222FA95D
:1085F00007F000FD0120FDF743F8BD4EBD4BBE481E
:1086000000964FF42E724FF44D71F8F7DBFC012801
:1086100000F0A481FBF71EF8B84FB94BB94800979A
:108620004FF41A7240F2CE21F8F7CCFC012800F08A
:108630009B81F8F7BFF9B44B0093B448B44B8C223C
:10864000CC21F8F7BFFCD6F89031162B37D8182379
:10865000C6F89031D6F84031B3F5617F04BF0023EE
:10866000C6F84031D6F84431B3F5617F04BF00232A
:10867000C6F84431D6F84C31B3F5617F04BF00230E
:10868000C6F84C31D6F85431B3F5617F04BF0023EE
:10869000C6F85431D6F8EC31B3F5617F04BF00233E
:1086A000C6F8EC31D6F82832B3F5617F08BF002355
:1086B0004FF0020008BFC6F82832FCF7E1FF4FF088
:1086C000000B5F465E46A38B9B45C0F25381D9F8F1
:1086D0000460DB1B9BB24FF0BC0808FB0366A3835E
:1086E000424600210DEB080006F0E5FF0DEB080205
:1086F00008FB07613046E2F7F7F840F2146185485D
:10870000854EF3F7CDF8102107468448F3F7C8F8F3
:108710004FF4387102903046F3F7C2F84FF41A71F3
:1087200003907648F3F7BCF847F2F85304902046DC
:10873000EB60E1F715FC492385F89530337985F82E
:108740009730774B77481A689B88C5F88F2010219F
:108750008380754A6B683D3808F0ECF896F8F8119C
:1087600069B90123B02206F5FD7086F8F83106F0EC
:10877000A2FF737986F8A732737E86F8A63296F840
:10878000AA1249B90123694886F8AA32302206F0B4
:1087900092FF3C23C6F8D03295F89680B8F1000FCE
:1087A0001ED196F8B831DBB1B6F8FAB1DFF8809196
:1087B000BBF1200FD9F800E000F00881B6F81C32B8
:1087C00084F81E80202B40F01B81D9F80000594A04
:1087D0000368A2F12201DB689847002840F0188165
:1087E000DFF830812046D8F80410E1F7B9FD6A229D
:1087F000064608F152012FA807F0FCFB282233A9F6
:108800000DF1660008F0A9F905223DA90DF18E00D1
:1088100008F0A3F9DDF8F900BDF8FD3018900DF56A
:10882000827CADF86430BCE80F0026AD0FC59CE833
:108830000F0085E80F00409B9DF8FFE025935A222A
:10884000BDF82431ADF8B83018A9B01D8DF893E00B
:1088500007F0D0FB012338483371F9F78DFA08B9D6
:10886000FCF756FE0020F8F7E1F9F8F749FAB8B33B
:10887000294A1F4B1079D3F84011D3F8442102281C
:1088800000F0E8800B2800F0E58031B1B1F5E16F30
:1088900038BF4FF4E161C3F84011D3F84C0122B165
:1088A000B2F5E16F38BF4FF4E162D3F85411C3F869
:1088B000442120B1B0F5E16F38BF4FF4E160D3F847
:1088C0005C21C3F84C01002940F0E980C3F8541141
:1088D0004FF4E16112B18A4238BF0A46C3F85C2105
:1088E000064B1E78002529E0280500207A05002087
:1088F0004027002034460308636F0308002A002045
:108900001C460308776F0308640100206D670308A5
:108910004C220308980B002080030020CC24002068
:10892000C4240020270C0020B86103082C06002076
:108930002C1F00209E050020226F0308E9B28E4202
:1089400040F2CA800846F8F743F890F83E301BB171
:10895000036C002B40F0BA800135EFE7D6F8903178
:10896000172B3FF659AE55E6D7F86432172B3FF672
:1089700062AE5EE6D4F8048059464046E1F759FB02
:1089800003790BB3818F61B1002300F13E0C9E4649
:108990001CF80E202AB90133DBB299429E46F7D863
:1089A0008287B3450CD059464046E1F742FB314639
:1089B00002904046E1F73DFB0299BC2207F01AFB0A
:1089C00001360BF1010B7EE60137FAE7DFF8E8C06C
:1089D000BCE80F002FAD0FC59CE80F0085E80F0025
:1089E000DEF80030354D1B6A5A462FA9704698476D
:1089F000202229462FA806F034FEF0B90123A377E0
:108A0000D9F800002E4A0368A2F122019B6898471A
:108A10002C4B294D2022A6F8FA21A6F81C22A3F8F7
:108A20009820AE189A332A4603CAB2421860596099
:108A3000154603F10803F6D1D2E608F10108B8F1B2
:108A4000180F05F12005D3D10023A3771E4BB3F8EF
:108A50001C32B7E639B14AF6C00081422CBFC3F8D8
:108A60004011C3F84001D3F84C0122B14AF6C001CD
:108A70008A4238BF0A46D3F85411C3F8442120B1C2
:108A80004AF6C002904238BF1046D3F85C21C3F8C2
:108A90004C0151B9C3F854114AF6C0011AE7B1F5B7
:108AA000E16F38BF4FF4E16110E74AF6C000814240
:108AB00038BF0146EEE700BF7C050020F8520308EE
:108AC0009E050020980B0020800300200846F8F740
:108AD000F5F8002840F06E87D04D6B69002BBCBFC5
:108AE0006FF000436B61AB6E002BBCBF6FF00043B7
:108AF000AB662B6F002BBCBF6FF000432B676B6F17
:108B0000002BBCBF6FF000436B67AB6F002BBCBF8B
:108B10006FF00043AB67EB6F002BBCBF6FF00043FF
:108B2000EB67D5F88030002BBCBF6FF00043C5F871
:108B30008030D5F88430002BBCBF6FF00043C5F8FF
:108B40008430D5F88830002BBCBF6FF00043C5F8E7
:108B50008830D5F88C30002BBCBF6FF00043C5F8CF
:108B60008C30AF4BD3F8EC21002ABCBF6FF0004231
:108B7000C3F8EC21D3F84021002ABCBF6FF00042BB
:108B8000C3F84021D3F84421002ABCBF6FF0004253
:108B9000C3F84421D3F84C21002ABCBF6FF0004237
:108BA000C3F84C21D3F85C21002ABCBF6FF000420F
:108BB000C3F85C2193F8CA2042B1D3F8CC20B2F5B7
:108BC000616F3CBF4FF46162C3F8CC20D3F8EC2155
:108BD00022B1B2F5615F38BF4FF46152C3F8EC21A6
:108BE00098F896300BB102232B7495F89C318D4880
:108BF000032B04BF002385F89C3140F2146104BFAD
:108C0000012385F8EC31F2F74BFE10213F1A86481C
:108C100018BF0127F2F744FE029BBF0083424FF4C6
:108C200038717E4818BF47F01007F2F739FE039BF2
:108C30004FF41A7183427D4818BF47F00107F2F7DD
:108C40002FFE049B834295F86E3018BF47F008074B
:108C50002BB1012385F89030002385F86E30204633
:108C6000E1F71EFB3846724FDFF8C8B1FCF708FD8C
:108C70003E68CBF80040AEB9382007F0ABFA382296
:108C80000446314606F017FD231DC4E90263C4E91A
:108C9000043604F11C03C4E90863C4E90A362671EA
:108CA00026773C603868E6F73BF8A02007F092FA98
:108CB00061490446FCF7F6FB6423236341F230105C
:108CC00007F088FA41F230120021606306F0F3FCED
:108CD00000265A4B23600820C4E91066C4E91266D6
:108CE000C4E91466C4E91666A663E063FAF756FEA3
:108CF00000F10C080746A0634FF4007007F06AFA11
:108D000000F50073C4E91503A3640423C4E919360C
:108D1000F860606420642065C4E91B66C4E91D66D0
:108D2000C4E91F66C4F84C80C4F85C802466012046
:108D300007F050FA424BC4F89060186004F19C03AD
:108D4000C4F884300123C4E922364FF07E53C4F8BE
:108D500094303C4B23603C4B1C6095F89830C4E940
:108D600026662BB12879062305220221E6F7A0FE0C
:108D7000364F3749C7F8A41100260123324607F5BC
:108D80009670A7F8A83187F88961EFF75BFEFAF7CC
:108D900088FE95F89030DFF8BC80022B00F01A8135
:108DA00095F97C90B9F1000F00F02386D5F880305A
:108DB00002934FF44A7095F98C5007F00BFA26494C
:108DC0000446FCF76FFB2046244B40F8303B31460D
:108DD000742206F070FC04F1A803C4E92A334FF0B2
:108DE000080384F8B4303146C4E92F66C4E931661B
:108DF000C4E93366C4F8B06084F8B860A4F8D460FD
:108E0000C4F8D86084F8DC60A4F8E060C4F8E460DA
:108E100084F8E86084F8F06022E000BF800300205E
:108E200040270020980B0020CC240020002A00209E
:108E3000E0500020940B00208D6F03088028030869
:108E4000742C00203C29030830270020D85600202D
:108E500000093D00F8130020946F0308A8100308D0
:108E6000C4F8F46084F8006184F80461C4F808610F
:108E700084F81861C4F81C6184F82861C4F82C6176
:108E800084F83861C4F83C6184F84861C4F84C61E6
:108E900084F88061C4F88461212284F8906104F52B
:108EA000D170C4F8946184F8A06184F8A16106F0DF
:108EB00002FC032384F8C331FF2384F8C6314FF446
:108EC000FA63C4E97B364FF08063C4F8003204F5DE
:108ED0000373C4E98333CD4BC4F80832CC4B84F818
:108EE000C461C4E987363146C4E97466C4E976666C
:108EF00084F8C561C4F8C86184F8CC6184F8E06185
:108F0000C4F8E46184F8E861C4F8FC6184F80462A0
:108F1000C4F81462FA22C4F8184204F5097006F085
:108F2000CAFB9DF90830C4F8206384F82463C4F8B0
:108F3000F491C4F8F8310C2007F04CF90223866054
:108F4000B44E066081460371C4F8A40095B10820B0
:108F500007F040F906F10C03C0E9003502900C203F
:108F600007F038F91836029A42600660C0F8089097
:108F7000C9F80800A84B00251A68A84B84F80352CA
:108F80001A60F8F74FFAD4F8A4000121FAF704FEAA
:108F90002A4601212046DCF719F9D4F8F811A04837
:108FA000F5F7E4FFD4F8F411F5F7BCFF4FF41651D0
:108FB000DBF747F9D8F80000C8F8004008B1F8F727
:108FC00000F9D8F8001029B1D7F8AC01A831343035
:108FD000E0F794FA934BDBF800501C68FAF77AFD3F
:108FE00005F1100604F13801866001F026FB236CC0
:108FF00001332364FAF76EFD04F134093146C0F8F9
:10900000089001F01AFBAB690133AB614FF49E701D
:1090100007F0E0F80346844A43F8082BC0E902331E
:10902000824B4360824B406100250446C0E906350F
:10903000C0E92855C0E92A5505618022294620301B
:1090400006F039FB2946C4E92E55C4E93055C4E978
:109050002C55202204F1C80006F02DFB04F5927374
:10906000C4E9493304F59873C4E94C33102384F8F8
:109070001231D8F800106F4B84F82051C4E94655DE
:10908000C4E93A55C4E93C55C4E93E55C4E94055E4
:10909000C4E94255C4F82C51C4F83851A4F8105111
:1090A000C4F814511C6019B1A831201DE0F726FA4C
:1090B000E9F767FC604B1C68002C40F09D840B981E
:1090C0000B9408B1E0F785FADBF800309A7FDAB14B
:1090D000DD7FCDB95948E0F727FA1E230446037314
:1090E00029460220E0F774F95549A06004F10D000B
:1090F00006F078FF4F4B1868036821465B68984775
:10910000DBF800300122DA7700242C20189407F0D5
:1091100061F80123C0E90234036104220323C0E99A
:109120000523D7F8B03144600BB9C7F8B001454BFF
:10913000C361454B03620025444B03604FF00108B7
:10914000A0F8248080F828504FF4407007F042F8CF
:1091500003463F4A43F8082B3E4A0561C0E9023303
:109160003D4B4360C0E90625036200F12402C3635E
:109170003A4B4061C0E90922394AC562C0E9143559
:10918000384BC365C0E90D25374B036600F140023B
:109190004FF00409C0E9102200638564C06480F8C0
:1091A000585080F8649004464FF0A50AE1F738FF64
:1091B00041F29413C4E91CA340F603031026A4F85B
:1091C000783011232949A066A4F86C6084F88831AE
:1091D00004F5CA70C4E91F55FCF764F942F601337F
:1091E000A4F8D831224BC4F8DC31C4E97156C4E983
:1091F0007355C4F8D4512C2006F0ECFF032383618F
:10920000D7F8B031C0F8149034E000BF7C0E0308EA
:10921000850900080056030878030020EC000020B0
:109220006C0900200C4C0020245603086C2803080D
:1092300033A400086815002004520020E81600201E
:10924000DE7003080458002000093D00345603086E
:10925000542703082B73000890260308377300086F
:109260001B7300080000FA4209050002986F03080A
:109270000000C842C0E90158C0E9035806460BB9CE
:10928000C7F8B001DFF84883D24BF36108F1600EF4
:10929000D14B3362BEE80F0004F5F27CACE80F005E
:1092A0009EE807002D238CE807002B22C4E98023C9
:1092B0002E212C2308F17C0EC4E98213BEE80F0096
:1092C00004F5047CACE80F000025DEF8003086F8D9
:1092D00028504FF00109A6F82490C6F80080CCF879
:1092E000003004F51573C4F82832BC4BC4F848327A
:1092F000BB4BBC481C60BC4BC4F84C320023C4F8C8
:109300005032C4F89432C4F8A832C4F8C432B74B0F
:10931000C4F82452032284F89822C4E98C55C4E985
:109320008E55C4E9AC55C4F8E06184F82C52A4F819
:109330004052C4F8445284F89052C4F8A05284F8C1
:10934000A452A4F8A652C4F8B852A4F8BC5284F8A7
:10935000BE52A4F8C052C4F8C85284F8CC52C4F823
:10936000D05284F8AC9284F8D452C4E9B703A04B2D
:10937000C4F85832FF23C4F85C3204F5F073C4E932
:10938000B955C4E9BC55C4F8D852A4F8EC52C4F895
:10939000F852C4F89C32A4F8885284F88A52042304
:1093A0000225C4E99953082610234FF0200CC4E984
:1093B0009B634023C4E99DC34FF0800E4FF480733C
:1093C000C4E99FE34FF40073C4F88432894BC4F8B6
:1093D0008C3208F19803C4F85432874B23608433ED
:1093E0002146C4F8943118A8C4F86092E0F7CEF88A
:1093F000189803685B6A9847014610B918A8E0F707
:10940000C5F8DFF8F891189D99F8B8310D2B16D1F1
:10941000ADB12B682846DB68984780B989F8B80158
:109420000120FCF72DF92B6828469B6A984730B934
:10943000734B744A1B6803F59C53083313604FF455
:10944000D47006F0C7FE70490446FCF72BF820469E
:109450006E4B40F8303B1822002106F02CF9F02228
:10946000002104F1480006F026F90123A4F8383160
:1094700041F628130026A4F84031322384F8423103
:1094800084F83A61C4F83C616422314604F5A27064
:1094900006F011F95E4B1C6055B15E4B18991868C7
:1094A000189668302F96E0F771F82FA8FAF7F3FABC
:1094B000594D99F804300293D5F8EC30574CDFF849
:1094C00060A158481C22534303F10C014A196C5007
:1094D0000021C2E902112B44C2F804A0106140F639
:1094E000B83219625A62D5F8EC300133C5F8EC3065
:1094F00002224D4BA4F5B67104F11000F5F75AFCA9
:1095000002994A4BA4F5BE76A4F5B678022914BF99
:1095100041463146042204F11000F5F74BFC444B60
:10952000042231463046F5F745FC424B012204F156
:10953000200104F11000F5F73DFC3E4B012204F13F
:1095400020013046F5F736FC51463A4B01224046A1
:10955000F5F730FC51465046364B0122F5F72AFC10
:1095600004F120010846334B0122F5F723FC324970
:10957000304B08460122F5F71DFC304B0A2204F15E
:1095800030012046F5F716FC2C4B0A2204F130017D
:1095900004F11000F5F70EFC284B0A2204F130010B
:1095A0003046F5F707FC254B0A2204F1300140460E
:1095B000F5F700FC214B0A2204F1300104F12000F0
:1095C000F5F7F8FB1D4B1C480A2204F1300137E087
:1095D0009C560308302000200024F400A06F0308EC
:1095E000D82100200106031200000C43AD101B001F
:1095F0000024743FAE6F0308A427030880030020F3
:1096000078030020881E0020B56F03088824030813
:10961000D4200020302700206C1500208C5800201A
:1096200080230020BD6F0308CA6F0308D56F0308AD
:10963000FA6F03081E7003089023002024700308AB
:10964000F5F7B8FBC14B102204F140012046F5F7B5
:10965000B1FB1022A018BD4B04F14001F5F7AAFBA5
:10966000BA4B102204F140013046F5F7A3FBB74B8B
:10967000102204F140014046F5F79CFBB34B102249
:1096800004F1400104F12000F5F794FBAF4BB04822
:10969000102204F14001F5F78DFBAE4B112204F1CD
:1096A000200104F11000F5F785FBAA4B112204F10B
:1096B00020013046F5F77EFBA64B112204F1200174
:1096C0004046F5F777FB04F120010846A14B112233
:1096D000F5F770FB514650469E4B1122F5F76AFB99
:1096E0009D4B072204F120014046F5F763FB04F18E
:1096F0002001994B07220846F5F75CFB029B022BE1
:1097000004F1200A1ED0954B042241463046F5F75D
:1097100051FB934B0522514604F11000F5F74AFB2B
:109720008F4B052251463046F5F744FB8C4B052202
:1097300051464046F5F73EFB894B052251465046BF
:10974000F5F738FB874B824987480B22F5F732FB48
:10975000844B7F4985480B22F5F72CFB814B7C49D4
:1097600083480B22F5F726FB7E4B794981480B2273
:10977000F5F720FB7B4B76497F480B22F5F71AFB68
:109780007E4B7D4978480D22F5F714FB7B4B7A49D7
:1097900076480D22F5F70EFB784B774974480D2279
:1097A000F5F708FB754B744972480D22F5F702FB7B
:1097B000734B704970480E22F5F7FCFA714B6D49F6
:1097C00063480C22F5F7F6FA69496F4B08460922FF
:1097D000F5F7F0FA99F80400D9F88C11022800F096
:1097E00013810B2814BF4FF4167301234FF47A7CB6
:1097F000002900F00B810CFB01FCD5F8EC20634E36
:109800001C235A4302F10C0405EB040E4FF0000830
:1098100045F804A0CEE90288554CCEF80440CEF8B5
:1098200010602A44C2E9088CD5F8EC200132534379
:109830000C330228C5F8EC2005EB030C00F0E9809E
:109840000B2814BF4FF416784FF001084FF47A7EBE
:10985000002900F0E1800EFB01FEDFF81C8145F8D5
:1098600003804A4BCCF810304FF00008CCE9028856
:10987000CCF80440DFF818C11C2303FB02C2C2E984
:10988000088EDCF8EC20013203FB02FE0EF10C0323
:109890000228CCF8EC2003EB0C0E00F0C0800B2863
:1098A00014BF4FF416784FF001084FF47A70002976
:1098B00000F0B880484300214CF80340CEE9021183
:1098C0001C23CEF80440CEF8106003FB0253C3E91A
:1098D0000810D5F8EC300133C5F8EC30F8F71AFA77
:1098E000302006F077FC2B490446FBF7DBFD2A4BC2
:1098F000DBF800002360F7F799FB18A8FAF7CBF81C
:109900000B9808B1DFF765FEDFF890904FF0000A82
:109910004FF0000389F80030214B224C1B68002BCC
:1099200000F08380226893427FD21F48F8F750FAF4
:10993000BFF34F8F1D491E4BCA6802F4E062134308
:10994000CB60BFF34F8F00BFFDE700BF2B70030854
:1099500090230020347003084170030853700308FB
:1099600064700308727003089C5800201057002090
:1099700020570020AC580020802300207D70030871
:109980008B7003089E700308B0700308C37003084F
:109990006C150020D5700308243103080C13002037
:1099A000881E002078030020DC58002000ED00E035
:1099B0000400FA056F4B1A79022A17D00B2A4AF6CF
:1099C000C00118BF4FF461619A6E12B18A4238BF6C
:1099D0000A469A66D3F8882022B1B2F5967F38BF3E
:1099E0004FF49672C3F88820FFF776B84AF6C001A4
:1099F000EAE74C46FFF7DEBA6068036851461B6829
:109A000098472468FFF758BB0123EFE60CFB03FCE3
:109A1000F3E64FF0010819E70EFB08FE1DE74FF0D3
:109A2000010842E700FB08F045E7534B1A683AB1DA
:109A300021688A4204D200221F201A60FBF720FE10
:109A40004E4D2868E8B12368D7F810229B1AB3F569
:109A50007A7F07D32368C7F8103290F82C320BB105
:109A6000E1F774FDD7F8142223689B1A4EF65F22A3
:109A7000934206D928682368C7F8143203681B6D1F
:109A800098473F4B1D6895F8116186B93D4B2FA84B
:109A90001968E1F79BFE9DF8BD2095F811319A42B7
:109AA00005D0334632462FA92846F9F7D3FED5E92B
:109AB00046138B4208D005F59270DFF7FCFD18B90C
:109AC000D5F81831C5F81C312F4E336903B19847CA
:109AD0002368DFF8B8800293C6F8CCA06FF0004589
:109AE0004FF0000BD6F8C8205A4517DD58F8044F40
:109AF0008CB12268029952682046904700280BF1E9
:109B0000010B2DDC2268204692689047627D12B9D5
:109B1000C6F8CC4015461E4B9845E3D11A48DAF7F3
:109B200073FC99F8003033B9DFF7CAFC18B115B1EE
:109B30002846F5F7ABFC174B2BB11748F4F7E8FEB6
:109B400008B1AFF30080154B002B3FF4E1AE144891
:109B5000F4F7DEFE00283FF4D9AEAFF30080D5E67F
:109B6000A842D8DA627D002AD5D1C6F8CC40054695
:109B7000D1E700BF800300207C030020D821002013
:109B80006815002030270020085200202C520020A9
:109B9000CC5200200000000044070020000000001C
:109BA0006C09002008B5FAF789F90023C36008BDE5
:109BB0002DE9F84FCF4BDFF840A3D04DD04C4FF0FC
:109BC0000108184664220021C3E91EA805F073FDB0
:109BD0004FF0FF36CB4A4266C0E91A66C0E91C6600
:109BE0008030FAF7A1F9C84B16211720C3E97D1080
:109BF00003F1110000274FF47A7905F1C002C3F890
:109C0000080203F21110A3F81472C3E90179C3E941
:109C10008307A3F81672C3E97F661A60BB4B4FF047
:109C2000020B1A600322C3E97DB203F11102C3F8EB
:109C3000082203F21112C3E90179C3E98327A3F8CB
:109C40001472C3E97F66A3F81672B14B4FF4005249
:109C5000C3E92027AF4AC3F88820A3F89C70AE4B15
:109C6000C4E90177C4E90377C4E905771F705F7021
:109C7000AA4B0821C3E90017C3E902771F82A84B4A
:109C8000394668221846C3E91EA805F014FDC0E94C
:109C90001C86A44E06220721C0E91A21304605F190
:109CA000EC0340F8C43BC6E90179FAF73DF906F147
:109CB000D400FAF739F99C231A46394606F12800F0
:109CC00005F0F9FC0F211F22C6E92112F761378444
:109CD0003761B782944E19223261944AB261C6E963
:109CE00007793946DFF84892B760802206F59C7004
:109CF000C6E90C77B781B773B782C6F8289086F8A3
:109D00002C7086F8387086F83771C6E9006605F061
:109D1000D2FC3946882206F5DC7005F0CCFC854A79
:109D2000854E9760C2E90022844A9760C2E900220A
:109D3000834A39469760C2E9002209F10C004422A7
:109D400005F0B9FC7F4AC9F808207F4AC9F800200D
:109D500005F58C727D4889F80470C4E907277C4AB0
:109D60001760021FFAF7AAF816617A4ED6605260A1
:109D7000794A7A4E40F8042C794A3046C2E9017794
:109D8000D760321FFAF79AF8764810617648D060AB
:109D90005260764A46F8042C06F1100039464FF41A
:109DA000FB5205F088FC4FF0100A06F5FB505246B6
:109DB0003946504405F07FFC6D486E4A061FFAF79D
:109DC0007DF832616C4AF2604FF020096B4A40F82E
:109DD000042C39464A465044766005F06CFC6848CD
:109DE0007763061F674AFAF769F83261664AF260DC
:109DF000664A40F8042C39464FF4F062143076601D
:109E000005F059FC9C231846C6F8987706F0E2F94D
:109E10005F4B06464A4640F8043B394605F04BFC8A
:109E200077625246394606F1280005F044FC39466F
:109E3000212206F1380005F03EFC4A46394606F17B
:109E4000590005F038FC4A46394606F1790005F01C
:109E500032FC5048504B20F8027B524639461E6077
:109E600005F029FC5C2006F0B5F9F9F783FF0346FD
:109E70004A4A43F8382BC0E90E33494B4363494BF8
:109E80000764C0E912374FF40073A0F85830464B0E
:109E900080F850B01860476580F85AB0C0F8248048
:109EA0004064CC2006F096F9F9F764FF03463F4A78
:109EB00043F8382BC0E90E333D4B43633D4B0764F9
:109EC00039460646C0E912377422A0F8507080F86F
:109ED00052704064543005F0EEFB374BC6F8C87042
:109EE000C6F824B058201E6006F074F9F9F742FF56
:109EF000034663E03020002000093D00B458030809
:109F0000F458002000000158440700206C0900208C
:109F10008C1E002080EE3600D4560020C056002053
:109F20000458002014130020DC240020DC50030817
:109F3000601600202027002045740008001400202F
:109F4000DC5800206C0200201C4A0308C4200020BA
:109F5000D85200204F740008042F0308802C0020E2
:109F6000CC240020CF6E0008D96E0008282F0308EB
:109F7000B4160020F96E0008036F0008402F030894
:109F8000EC160020056F00080F6F0008582F03081B
:109F90007C250308A82300202C1F00208C0D03081B
:109FA0009C0D03085B0B0008A0230020A40E0308EF
:109FB000900E0308CB0B000884580020A14A43F8F8
:109FC000382BC0E90E33A04B4363A04B0764C0E9B4
:109FD00012379F4B0765032242621860A0F8547045
:109FE00080F8567040646C2006F0F4F8F9F7C2FE71
:109FF0000346984A43F8382BC0E90E33964B436327
:10A00000964B0764C0E9123700F15C03C0E91537CD
:10A0100004234362924B07651860924B80F85C7092
:10A02000406491481A88228002805A7884F8262059
:10A0300004F13C0218785F70C4E90D271F708B4A49
:10A040008B4B84F825008B4817601F70C4E90A7792
:10A0500084F82470276384F83C705F709F7000F070
:10A0600061F9854800F05EF9844B854A9F60C3E939
:10A070000027844ADA60844B844A8548A265C4E993
:10A080001337844B6765C3E90272C3E90007824B4B
:10A09000824A1A60824A5A60824A9A60824ADA6028
:10A0A000824B834A9F60C3E90027824ADA60824B71
:10A0B000824A9F60C3E90027814ADA60814B824A65
:10A0C0008248834CC3E90027824A9A60824ADA6058
:10A0D000824A834B9760C2E90037824BD360824B40
:10A0E00018608248C3E901078148D860814B8248E3
:10A0F000186082485860824898608248D860824BD5
:10A10000C3E900279F60C3F8EC7083F8F0707F4BC1
:10A1100005F5927005F5B87205F5BE751F731C61E3
:10A120001F719F6018605A619D61794BC3E90525D5
:10A130001F731C611F719F601860764B1F731C6139
:10A140001F719F601860C3E90525734BC3E905259E
:10A150001F731C611F719F601860704BC3E9052558
:10A160006F4A186010461F731C611F719F604FF08B
:10A17000060300F8043BFFF715FD4FF0070302F15B
:10A1800018001375FFF70EFD4FF0080302F12C00C5
:10A1900082F82830FFF706FD092302F1400082F81B
:10A1A0003C30FFF7FFFC0A2302F1540082F85030E4
:10A1B000FFF7F8FC4FF0160302F16800194682F829
:10A1C0006430FFF7EFFC02F17C0082F87810FFF7B3
:10A1D000E9FC02F1900082F88C10FFF7E3FC02F139
:10A1E000A40082F8A010FFF7DDFC02F1B80082F8AD
:10A1F000B4102921FFF7D6FC02F1CC0082F8C81078
:10A20000FFF7D0FC02F1E00082F8DC10FFF7CAFC97
:10A2100002F1F40082F8F010FFF7C4FC02F584703C
:10A2200082F80411FFF7BEFC02F58E7082F8181157
:10A23000FFF7B8FC82F82C11BDE8F84F02F59870D2
:10A24000B0E400BF6C250308FC300308517400081B
:10A250000C4C00205C25030810310308EF93000824
:10A26000F8510020DC500020DE5000200452002075
:10A27000A00600200852002030570020CC580020B3
:10A2800075060008BB710308A10E0008C47103081D
:10A29000BD0E0008BC5800209C5800208106000814
:10A2A0008506000887060008C871030810570020BB
:10A2B00089060008CB710308205700208D0600088E
:10A2C000CE710308902300208F0600089506000831
:10A2D000E871030891060008D37103088C58002028
:10A2E00097060008DA710308AC580020750C0008C6
:10A2F000DF710308802300208B0600088306000816
:10A3000093060008E27103086C150020085600202F
:10A310007856002024560020405600205C5600202D
:10A32000AC11002030B5044685B0FBF786F8002557
:10A33000114B2360A022C4E93255294604F12800BC
:10A3400005F0B9F9A368656004F11C05E3600B49E9
:10A350002846F4F7F8FE294601A8F4F7EAFEA169B9
:10A3600001A8F4F729FF01462846F4F7D3FE01A817
:10A37000F4F7ABFE05B030BD845A0308A57203089C
:10A3800070B5764CA4F5A075143C201DD8F732FDAD
:10A39000AC42F9D1724B734C586805F023FF7248F8
:10A3A00040F81C4BF4F791FE704840F81C4BF4F752
:10A3B0008CFE6F4B1868002840F099806D4B186830
:10A3C00008B1F6F7FEFE6C4D05F1340001F002F81D
:10A3D000D5E90A46A64240F08F80A86A08B105F088
:10A3E00001FF6648DDF7C8FF6548DDF7DAFF65481D
:10A3F000DDF7EBFF6448F9F715F96448DDF7F9FF7D
:10A40000634B186800287CD16248634CDBF73EF947
:10A410006248DBF73BF96248DBF738F92068A04275
:10A4200074D1604C604B94F98C002360D7F70EFA1E
:10A4300094F98D00D7F70AFAE26AD4F88800242349
:10A4400084F86D30136823F00103136003210023A7
:10A45000236784F86C3084F86D30E36584F86E30DF
:10A46000D8F7C0FED4F884000321D8F7BBFEA36A56
:10A470004E4A93424FD14FF40010D8F7E5FF4FF406
:10A480000010D8F7E7FF4FF0B042936D23F40013AC
:10A490009365E06918B105F0A5FE0023E36120692A
:10A4A0000026268410B105F09DFE26610023404859
:10A4B000A382D8F79FFC3F48D8F79CFC286908B1D5
:10A4C00005F090FE686908B105F08CFEA86908B136
:10A4D00005F088FE38484021F3F746FF3748402111
:10A4E000F3F742FFBDE870403548D8F783BC0468F5
:10A4F00005F078FE20465EE7204600F06BFF18343A
:10A5000068E7046805F06EFE20467BE7066805F004
:10A5100069FE304683E72B4A93420DD14FF4800009
:10A52000D8F792FF4FF48000D8F794FF4FF0B04275
:10A53000936D23F48003ABE7234A9342A9D14FF4F0
:10A540000000D8F781FF4FF40000D8F783FF4FF0E9
:10A55000B042936D23F400039AE700BFEC12002091
:10A560006C1500203C5A0308305700200852002088
:10A5700004520020F8130020F4580020E8160020B0
:10A58000B01600207C2C0020D0240020C020002009
:10A59000D8520020DC580020DC24002000140020C9
:10A5A0002027002014130020A05903080054004065
:10A5B000E8130020D81300208C1E0020CC1E0020A1
:10A5C000B020002000580040005C00400D48854647
:10A5D000D8F7B2FE0C480D490D4A002302E0D458CA
:10A5E000C4500433C4188C42F9D30A4A0A4C0023DD
:10A5F00001E013600432A242FBD305F0C3FCFDF777
:10A60000DFFBFEE7000001200000002078030020AF
:10A61000BC80030878030020385D0020FEE79042EC
:10A6200010B509D054684B6820601A6043681960FF
:10A630004460486850604B6010BD4B6801604360E7
:10A640001860486070474268511E012A416002D17B
:10A6500003685B681847704738B543680446B3B968
:10A660006068B0B9E36813BBE06810BB23691BBB2B
:10A67000206958BB204638BD52F8250008B1FFF7C5
:10A68000E2FF0135D4E90123AB42F5D8E8E7002524
:10A69000F8E7D8F7F1FCE5E752F8250008B1FFF735
:10A6A000D2FF0135D4E90232AB42F5D8DCE7002510
:10A6B000F8E7D8F7E1FCD9E700252369585908B134
:10A6C000D8F7DAFC0435182DF7D1D1E7D8F7D4FC48
:10A6D000D0E703685A1E012B10B50446026006D16C
:10A6E000FFF7BAFF2046BDE81040D8F7C3BC10BD45
:10A6F000054B10B51B6804460068984201D0FFF76F
:10A70000E8FF204610BD00BF6C590020C3689A685E
:10A71000C26010B502B1506042685A600C68844251
:10A7200003D10B609860436010BD916881420CBFFB
:10A730009360D360F6E78368DA68826010B502B18F
:10A74000506042685A600C68844203D10B60D86044
:10A75000436010BDD16881420CBFD3609360F6E7BF
:10A76000C36823B118469B68002BFBD17047436830
:10A77000DA68824204D0C268934218BF1846704714
:10A7800018465B68F4E7027803462AB942685268C3
:10A79000824201D1D06870479A6822B11046D268CF
:10A7A000002AFBD17047586882689A4200D07047EF
:10A7B00003464068F8E7FFF7D3BFFFF7E4BF2DE992
:10A7C000F8431D461F1D0023C1E902330C464A60B1
:10A7D0000B70A0B19542916002D16960EC6003E01A
:10A7E000AB68934208BFA9604FF000094FF0010821
:10A7F0006B68A34232D101221A70BDE8F883D160A0
:10A80000EB689342F0D1E9E7C368A34203D139462C
:10A81000FFF77CFF04466368394683F800803046C2
:10A8200086F80090FFF787FFE2E733B11A7822B984
:10A8300080F8008083F8008021E08368A34203D180
:10A840003946FFF778FF04466368394683F800808D
:10A85000304686F80090FFF759FFC9E76068027834
:10A86000002AC8D14668B3688342DED1F268002A64
:10A87000CAD011780029C7D101211970117086F84A
:10A8800000903446B4E72DE9F8430F46D0E90212B0
:10A890000546002938D01AB944680E46746037E07E
:10A8A0001046034680680028FBD1AB42DE682CD0FE
:10A8B0009A424B6099601ED05C6806B1746059681A
:10A8C0008E60DA60EA6853607A68AA4215D17B60CC
:10A8D0006A6829785A601A7819702A702B783BB107
:10A8E0007B68B34207F104087ED1002E40F0A180BE
:10A8F0002846BDE8F8831C46E6E76A689168A942E5
:10A900000CBF9360D360E3E716466C68002EC5D198
:10A910007B68AB420FD17E60BB68AB4203D1EB6872
:10A9200083B96B68BB60FB68AB42D7D1AB6883B9B6
:10A930006B68FB60D2E76B689A68AA420CBF9E60A6
:10A94000DE60E9E733461A469B68002BFBD1BA600C
:10A95000E9E733461A46DB68002BFBD1FA60BDE716
:10A9600013B11B78012B07D101231370002303704F
:10A970004146FFF7E0FEE06823780370C3680122D8
:10A98000227003B11A7041462046FFF7BFFEACE7C4
:10A9900003783BB901220270414620462370FFF73D
:10A9A000CAFEA068D0E9023212B11178012903D1A0
:10A9B000A3B31978012931D013B11B78012B07D12A
:10A9C00001231370002303704146FFF79FFEA06828
:10A9D0002378037083680122227003B11A70414604
:10A9E0002046FFF7A8FE80E706BBA068B042A1465C
:10A9F000CED1E06803783BB901220270414620467F
:10AA00002370FFF783FEE068D0E9022312B11178CA
:10AA10000129A5D113B119780129A1D1002303700F
:10AA20007B68646899454E463FF45FAF3378012BED
:10AA3000DBD0012333705BE7012A30B403D10B78FC
:10AA4000037030BC7047002AFBD030BC05F0D2BA8E
:10AA500008B5521AFFF7F0FF08BD0000044B9842FA
:10AA600004D000238360016008440373704700BF73
:10AA700070590020134A904210B5044602D912487A
:10AA800000F0B1F8884207D804F10D00D8F7EEFACB
:10AA900000224460826010BD4B00984238BF1C46C3
:10AAA00004F11D03B3F5805F04F10D00EED98C4273
:10AAB000ECD904F58054C3F30B03E41A944228BF85
:10AAC0001446E1E7FCFFFF3FB7720308184B1A6812
:10AAD000D1075CBF01221A60164B1A68D2075CBF0F
:10AAE00001221A60144B1A68D0075CBF01221A6059
:10AAF000124B1A68D1075CBF01221A60104B1A680A
:10AB0000D2075CBF01221A600E4B1A68D0075CBFE7
:10AB100001221A600C4B1A68D1075CBF01221A602F
:10AB20000A4B1A68D2075CBF01221A60704700BF47
:10AB30009C590020985900209459002090590020D9
:10AB40008C59002088590020845900208059002009
:10AB5000184B1A68D1075CBF01221A60164B1A689D
:10AB6000D2075CBF01221A60144B1A68D0075CBF81
:10AB700001221A60124B1A68D1075CBF01221A60C9
:10AB8000104B1A68D2075CBF01221A600E4B1A687C
:10AB9000D0075CBF01221A600C4B1A68D1075CBF5A
:10ABA00001221A600A4B1A68D2075CBF01221A60A0
:10ABB000704700BFBC590020B8590020B45900208C
:10ABC000B0590020AC590020A8590020A4590020F9
:10ABD000A059002008B504F003FB08B504F000FB01
:10ABE00008B504F0FDFA08B504F0FAFA08B504F067
:10ABF000F7FA0FB408B504F0F3FA08B504F0F0FA68
:10AC00000D29F8B505462BD891B31A4B5C5C20464C
:10AC1000FAF7A0FE064628680F46FAF7ADFE024690
:10AC20000B4630463946FAF7FFFE01F09DFCFBF774
:10AC300095F968602046F8BD581002EB800452F880
:10AC400020608E420FD21B1A221D013B002BF3DC29
:10AC5000094B14689A4208D02046FAF76BFED9E7F0
:10AC6000064AF923F2E70346F0E74FF0FF30E0E74A
:10AC70000124DFE7CF720308DC760308F8720308CB
:10AC80002DE9F34792460A9A03EB02084B68984570
:10AC900004460D4643D923B9B8F10B0F38BF4FF026
:10ACA0000B082868FAF768FE06460F464046FAF792
:10ACB00041FE32463B46FAF7E1FF80465046894660
:10ACC000FAF738FE02460B46CDE9002342464B46D2
:10ACD000FBF726F9C0B14046494601F045FC124B4E
:10ACE0000022FAF7EBFCFBF739F94FEA4A018142FF
:10ACF00038BF01462846FFF783FF012323706060B9
:10AD0000204602B0BDE8F087DDE900233046394631
:10AD1000FAF78AFE01F028FCFBF720F968600023AF
:10AD2000C4E90033ECE700BF0000F03F244B1A6891
:10AD3000D0075CBF01221A60224B1A68D1075CBFA2
:10AD400001221A60204B1A68D2075CBF01221A60E8
:10AD50001E4B1A68D0075CBF01221A601C4B1A6890
:10AD6000D1075CBF01221A601A4B1A68D2075CBF78
:10AD700001221A60184B1A68D0075CBF01221A60C2
:10AD8000164B1A68D1075CBF01221A60144B1A686F
:10AD9000D2075CBF01221A60124B1A68D0075CBF51
:10ADA00001221A60104B1A68D1075CBF01221A6099
:10ADB0000E4B1A68D2075CBF01221A60704700BFB1
:10ADC000EC590020E8590020E4590020E059002007
:10ADD000DC590020D8590020D4590020D059002037
:10ADE000CC590020C8590020C4590020C059002067
:10ADF00002460846D2E901138B4230B515D9451CED
:10AE00000FD013F8015C146AC1B28D4202D1013B2C
:10AE1000936030BDE40608D55C1E946003F8011C05
:10AE2000F7E7013B93600020F3E74FF0FF30F0E7D6
:10AE300043694BB1C2680AB19A4205D2026AC36043
:10AE4000120758BFC0E901337047036A1B0710B5EA
:10AE5000044605D5FFF7ECFFD4E90230C01A10BD57
:10AE60004FF0FF30FBE7036A1B0710B5044602D41E
:10AE70004FF0FF3010BDFFF7DBFFD4E90232934201
:10AE8000F6D21878F6E7000070B5DDE90434C0E9C1
:10AE90000411094982616FF00045B3F1004F74F16C
:10AEA0000006426902DA1A44426170BD2A445B1806
:10AEB000426164F10004F0E7010000802DE9F04FE9
:10AEC0000D4685B014461E464FF0FF324FF0FF335B
:10AED000C0E90023DDE90E710023C0E902332B6ACB
:10AEE0000B408046C3F3001B03F0100013F008036F
:10AEF0004FEAD10213D182F0010202EA0B0B029356
:10AF0000D5F81090B9F1000F02D154EA060319D117
:10AF1000BBF1000F01D1029BA3B1002219E0A8B13F
:10AF20007B1E18BF0123029382F00102CB0602EAC6
:10AF30000B0BE5D4D5F80490B9F1000F08D154EA11
:10AF4000060305D0404605B0BDE8F08F0290EBE760
:10AF5000012228460392FFF76BFF012F039A27D1A6
:10AF6000AB686F69A3EB09031919A7EB090746EB57
:10AF7000E37317EB040A46EBE7770C461E468ABBE1
:10AF8000029B03BBBBF1000FDCD0002FDADBEB68C8
:10AF9000A3EB0903DA175345BA41D3DBCDE900A788
:10AFA0002846AA692969FFF76FFFC8E900A7C9E722
:10AFB000022F05D1EB68A3EB09031C1946EBE376DE
:10AFC000A2463746DBE7002EDFDBEB68A3EB090385
:10AFD000DA17A342B241D8DB6B682344C8E90046C4
:10AFE000AB6008E0002E06DBEB68A3EB0903DA1781
:10AFF000A342B241F0DABBF1000FC6D1029B002B95
:10B00000C3D19FE782B02DE9F3470C460AA981E836
:10B010000C00164698464FF0FF324FF0FF33C0E960
:10B0200000230023C0E90233226A0E9B134013F071
:10B030000807054603F010090DD0D4F804A0BAF1B2
:10B04000000F35D156EA080317D0284602B0BDE8F4
:10B05000F04702B07047D4F810A0BAF1000F24D125
:10B0600056EA0803F1D1B9F1000FEED02046FFF700
:10B07000DFFEE368002B09DAE7E72046FFF7D8FE9A
:10B08000E368002BE1DB63683344A360B9F1000F90
:10B0900006D0CDE900682046A2692169FFF7F4FED9
:10B0A0000AAB0FCB85E80F00CFE7B9F1000FCCD08A
:10B0B0002046FFF7BDFEB8F1000FC6DBE368A3EB47
:10B0C0000A03DA17B34272EB0802BEDB002FDAD1B3
:10B0D000DCE72DE9F347856A04469A46036A243083
:10B0E00017460E460D4403F0080803F0100900F05F
:10B0F000B4F9626A964217BFED1932182A46002742
:10B10000B8F1000F03D03744C4E902756660B9F1A5
:10B11000000F0DD00023CDF800A00193314620464A
:10B12000FFF7B2FEB8F1000F02D1C4E90155E560A6
:10B1300002B0BDE8F08738B5044639B1002A05DB16
:10B14000456A002383622B70FFF7C3FF204638BD9A
:10B150002DE9F041036A0D46D90688B004466AD548
:10B160006A1C66D000F12407384600F076F9D4E96D
:10B170000413A269561A864220D25B1A666ADA174D
:10B18000CDE90032314632182046FFF77DFE236AB2
:10B190001B070AD5D4E901135B1AF218E3685B1A9E
:10B1A0000133C4E901623344E36063691D7063697C
:10B1B00001336361284608B0BDE8F0819A42F5D8B2
:10B1C0006FF04043984236D04100994228BF19465B
:10B1D000B1F5007F04AA4FF0000638BF4FF40071AC
:10B1E00002A8029203968DF8106000F077F92369A7
:10B1F0005FFA85F83BB1A269D21A00923146039AF0
:10B2000002A800F09FF9414602A800F082F902A9C5
:10B21000384600F04FFAD4E90430D4E90121C31ACA
:10B220008A1A2046616AFFF754FF02A800F0D2F89C
:10B23000BDE70025BEE74FF0FF35BBE7704770471D
:10B2400030B500224FF0FF344FF0FF35C0E9004524
:10B25000C0E9022230BD82B08DE80C004FF0FF3310
:10B260004FF0FF32C0E900230023C0E9023302B0EF
:10B27000704700207047002070474FF0FF30704744
:10B28000036810B55B6A04469847431C1EBFA36859
:10B2900013F8010BA36010BD4FF0FF3070474FF063
:10B2A000FF30704710B5044B044640F81C3BFFF7D5
:10B2B0001FFA204610BD00BFA477030810B504464E
:10B2C000FFF7F0FF2046D7F7D5FE204610BD2DE949
:10B2D000F84306460F4690460025454502DB2846C2
:10B2E000BDE8F883D6E90504241A11D0A8EB0509B6
:10B2F000A145B8BF4C4639462246A8BFA14604F036
:10B3000079FE73694D442344A84527447361E4DD05
:10B31000336839785B6B304698470130DFD00135B0
:10B320000137DAE72DE9F84307460C469046002638
:10B33000464502DB3046BDE8F883D7E902156D1AB1
:10B3400011D0A8EB0609A945B8BF4D4620462A46AC
:10B35000A8BFA94604F04EFEBB684E442B44B0453E
:10B360002C44BB60E4DD3B6838469B6A9847431C2D
:10B37000E0D004F8010B0136DAE70AB104F03ABE76
:10B38000704750F8083B1B1A58425841704700005C
:10B3900008B50B68B3F1804F02D30D48FFF723FCCB
:10B3A00093420BD9B3EB420F4FEA420006D2B0F101
:10B3B000804F2ABF6FF0404308600B60086801307F
:10B3C00001D5FFF707FCBDE80840D7F74FBE00BF27
:10B3D000DC77030810B50446FFF7D3FF20B92068D7
:10B3E000BDE81040D7F746BE10BD406801F180416E
:10B3F0000139091A914208B502D21846FFF7F3FB4A
:10B4000008BD03688B4206D842681344994294BF32
:10B4100000200120704701207047012A10B403D199
:10B420000A7810BC0270704710BCFFF7A6BF012A53
:10B4300030B403D10B78037030BC7047002AFBD0C6
:10B4400030BC04F01EB908B5521AFFF7E6FF08BD7C
:10B4500008B5521AFFF7E1FF08BD10B50446FFF723
:10B4600090FF08B9A06810BD0F20FCE72DE9F34755
:10B470000A9E1F46436801EB0208B21A1A440446AA
:10B480000D46A3EB08090192FFF7E7FF01A9024669
:10B490002046FFF77DFF82461DB121682A46FFF74F
:10B4A000BCFF37B12EB1324639460AEB0500FFF733
:10B4B000B4FFB9F1000F07D0216835444A46414432
:10B4C0000AEB0500FFF7A9FF2046FFF783FF019B6A
:10B4D000C4F800A0A36002B0BDE8F08737B5044609
:10B4E0000191FFF7BAFF019B834202460FD901A9E0
:10B4F0002046FFF74DFF6268216801320546FFF7DD
:10B500008CFF2046FFF766FF019B2560A36003B018
:10B5100030BDF7B5466804460F46FFF79EFF751C21
:10B52000854207D90123009300231A46314620465D
:10B53000FFF79CFF23689F552368656000225A55DA
:10B5400003B0F0BD2DE9F04F85B080460E9D144646
:10B5500089462A4621461F46384BFFF746FFD8F852
:10B5600004300393A5EB040B404603EB0B0AFFF7F3
:10B5700074FF504559D3D8F80060039B4E443946B8
:10B58000A1444046A3EB0909FFF73BFF80B1B9F1A5
:10B59000000F06D0AC4204D04A4631197019FFF7AB
:10B5A00046FF95B12A4639463046FFF736FF0CE094
:10B5B000B5B9B9F1000F08D0AC4206D04A463119EE
:10B5C0007019FFF734FFAC420FD3D8F80030C8F839
:10B5D00004A00022404603F80A2005B0BDE8F08F21
:10B5E000AC420CD2B9F1000FE8D134447B199C4233
:10B5F0000BD32A4639463046FFF719FFE5E72A46BE
:10B6000039463046FFF713FFD3E7BC4203D82A463A
:10B6100007EB0B01C8E7E41B224639463046FFF72B
:10B6200006FF2A1B71193019BFE700953B462246D9
:10B6300049464046FFF71AFFC7E700BFF477030803
:10B640002DE9F341D0F80480044602EB08070E46CA
:10B650001546FFF702FFB8420ED32DB120682A46E7
:10B6600031464044FFF7D9FE236867600022204638
:10B67000DA5502B0BDE8F08100953346002241461C
:10B680002046FFF7F3FEEFE770B5064B04460D4684
:10B6900016460021FFF7A9FE324629462046FFF74D
:10B6A000CFFF70BD0D78030808B5D1E90012FFF790
:10B6B000EBFF08BD2DE9F043884285B005460C46F6
:10B6C00040D0FFF75EFE06462046FFF75AFE002EEA
:10B6D0004AD06F68002838D06668D7B1013705F1C5
:10B6E000080904F108081EB301363246414668468F
:10B6F000FFF743FE3A4649464046FFF73EFE3246D4
:10B7000069464846FFF739FE6B6862686A606360A5
:10B7100018E0002EF8D0721C04F1080105F10800B1
:10B72000FFF72BFE63686B60236867601F7009E09A
:10B730003A4649464046FFF720FE6B6863602B6837
:10B740006E601E7005B0BDE8F08326467A1C56F880
:10B75000088F05F108013046FFF70FFE23682B60C4
:10B760002660C5F80880CFE7AF6868B1626805F168
:10B770000806013204F108013046FFF7FEFD2B6890
:10B7800023602E60A760BFE722682B682A602360D1
:10B79000A368AB60F6E70000244B1A68D0075CBFD3
:10B7A00001221A60224B1A68D1075CBF01221A607D
:10B7B000204B1A68D2075CBF01221A601E4B1A6820
:10B7C000D0075CBF01221A601C4B1A68D1075CBF0E
:10B7D00001221A601A4B1A68D2075CBF01221A6054
:10B7E000184B1A68D0075CBF01221A60164B1A6802
:10B7F000D1075CBF01221A60144B1A68D2075CBFE4
:10B8000001221A60124B1A68D0075CBF01221A602D
:10B81000104B1A68D1075CBF01221A600E4B1A68E0
:10B82000D2075CBF01221A60704700BF1C5A00207B
:10B83000185A0020145A0020105A00200C5A0020D8
:10B84000085A0020045A0020005A0020FC59002009
:10B85000F8590020F4590020F05900207FB5002449
:10B860001023CDE90234036815469E6912686B46C1
:10B87000CDE90044B0479DF8043003F00603062BE1
:10B8800003BF009B2B600120204604B070BD0098D0
:10B8900090420CBF062001207047000010B5034BFA
:10B8A0000360044600F0DDF8204610BD5878030818
:10B8B00010B50446FFF7F2FF20460821D7F7DEFB5C
:10B8C000204610BD2DE9F0411F46DDE90834DDF8C2
:10B8D000188098450646154607D1079900F0C4F828
:10B8E00018B165710020BDE8F0813946304600F09E
:10B8F000BBF80028F6D00123C4F800802571A3719D
:10B90000F0E738B515461C4600F0AEF820B1082324
:10B91000E36006232560237138BD2DE9F04105461B
:10B920000C4616461F4600F09FF848B9032F07D86B
:10B9300023683246294620465B69BDE8F041184736
:10B94000BDE8F08170470000024A0349034800F057
:10B95000C7B900BFA402002045B90208205A002040
:10B9600010B5034B03600446FFF798FF204610BD57
:10B97000B878030810B50446FFF7F2FF20460C2103
:10B98000D7F77CFB204610BD2DE9F041DDF818808B
:10B99000904506460F4615461C460BD0B068036816
:10B9A000CDF818801E6A2A4623463946B446BDE8BB
:10B9B000F0416047194600F057F80028EED0062005
:10B9C000BDE8F0812DE9F14F0D461946DDE90A4B3E
:10B9D000DDE90CA681461746984600F045F890B17F
:10B9E000002D3460377109DB2C44A24514BF0124BB
:10B9F0000624B471002001B0BDE8F08F0235F9D102
:10BA00000123B371F6E7544506D15946484600F084
:10BA10002BF808B17771EDE7D9F808000368CDE994
:10BA20000CA6CDE90A4BDC693A4643462946A446B2
:10BA300001B0BDE8F04F60472DE9F04107460C46E4
:10BA400015461E46FFF75DFF48B9B86803689F6951
:10BA50002A4633462146BC46BDE8F0416047BDE872
:10BA6000F081704700207047814208B50ED04068D1
:10BA700003782A2B0CD049680B782A2B08BF013198
:10BA8000FAF71CFBB0FA80F0400908BD0120FCE782
:10BA90000020FAE700487047F47803087047000078
:10BAA00010B5034B0360044600F000F9204610BDBA
:10BAB0005879030810B50446FFF7F2FF2046D7F780
:10BAC000D9FA204610BD000013B51346012B00F132
:10BAD0000802026008BF0E234FF0000218BF0D23BA
:10BAE0004260027211460BBF00930093034B044B5C
:10BAF0000446FFF727FD204602B010BDFD7803087D
:10BB00000C790308024A0349034800F0E9B800BF72
:10BB1000A40200209DBA0208A80200200048704735
:10BB2000787903081368994204D153681B1A584264
:10BB300058417047002070470048704780790308DB
:10BB4000742A10B51ADC572A0CDC4D2A07DC3B2A74
:10BB50000CDC242A0EDC0F2A18DC0E2A16D9C0E9C8
:10BB6000002116E00B4BA2F158040CE00A4BA2F1A5
:10BB70003C0408E0A2F12D03012BEFE7A2F17604CB
:10BB8000182CECD8054BE340DB07E8D5044B0260EA
:10BB9000436010BD9D00BF1F8F080200BF07F10169
:10BBA000B0020020C0E90021704713B503681446B5
:10BBB0005B690A460146684698476368019A9A425B
:10BBC00006D100982368C31A5842584102B010BDEC
:10BBD0000020FBE74B68834204D10868831A58426F
:10BBE0005841704700207047704770477047704752
:10BBF00010B50446D7F73EFA204610BD10B50446EE
:10BC0000D7F738FA204610BD10B50B6886B01B690F
:10BC1000044668469847DDE90012204600F08CF89B
:10BC20006846FFF7D7FB204606B010BD73B5044643
:10BC30001046EBF759F804F108032360054610B9E4
:10BC40000F48FEF7CDFFFAF793FA0F2805EB000631
:10BC5000019007D9002201A92046FFF799FB019B1B
:10BC60002060A360206832462946FFF7F1FB019B64
:10BC70002268636000212046D15402B070BD00BF2D
:10BC80008779030813B514460A4601466846FFF74C
:10BC900057FF6368019A9A4206D100982368C31A35
:10BCA0005842584102B010BD0020FBE77047000029
:10BCB00010B5064C06490748224600F011F8224606
:10BCC00005490648BDE8104000F00AB8A40200206B
:10BCD000EDBB0208B0020020EFBB0208AC0200205E
:10BCE0000B460146184603F015BC000088422DE9BA
:10BCF000F04104460D4618D0A0B1A1EB0008404623
:10BD00000021FEF7B7FE00F10C0706462146384633
:10BD10002A46FEF79DFE41463046FEF79FFE384616
:10BD2000BDE8F0810248FEF75BFF024FF7E700BF76
:10BD30009C7A03087C59002013B504460846114636
:10BD4000014401AAFFF7D2FF2060204602B010BDD7
:10BD50002DE9F047089D0C46002B4ED194468C45AA
:10BD60008646B2FA82F262D94AB1C2F1200391400A
:10BD700020FA03F30CFA02FC194300FA02FE4FEA20
:10BD80001C471FFA8CF6B1FBF7F44FEA1E4307FB82
:10BD9000141143EA014304FB06F199420AD91CEB52
:10BDA000030304F1FF3080F01281994240F20F81C9
:10BDB000023C6344591A1FFA8EF3B1FBF7F007FBFC
:10BDC000101143EA014300FB06F69E420AD91CEB20
:10BDD000030300F1FF3180F0FC809E4240F2F980C5
:10BDE000634402389B1B40EA044000211DB1D3404C
:10BDF0000022C5E90032BDE8F0878B4205D90DB1BC
:10BE0000C5E9000100210846F5E7B3FA83F10029EE
:10BE100046D1A34202D39042C0F0F080861A64EB70
:10BE200003030120002DE6D0C5E90063E3E7002A03
:10BE300040F09080A1EB0C044FEA1C481FFA8CF7ED
:10BE40000121B4FBF8F64FEA1E4308FB164443EA0F
:10BE5000044307FB06F0984208D91CEB030306F1E4
:10BE6000FF3402D2984200F2CD8026461C1A1FFAF7
:10BE70008EF3B4FBF8F008FB104443EA044300FBE4
:10BE800007F79F4208D91CEB030300F1FF3402D2ED
:10BE90009F4200F2B0802046DB1B40EA0640A5E747
:10BEA000C1F120068B4022FA06F71F4320FA06FC58
:10BEB00004FA01F343EA0C03F44000FA01F8380CE9
:10BEC0004FEA1349B4FBF0FE1FFA87FC00FB1E4447
:10BED00049EA04440EFB0CF9A14502FA01F20AD921
:10BEE0003C190EF1FF3A80F08480A14540F2818038
:10BEF000AEF1020E3C44A4EB09041FFA83F9B4FB33
:10BF0000F0F300FB134449EA044403FB0CFCA44592
:10BF100007D93C1903F1FF3067D2A44565D9023B2C
:10BF20003C4443EA0E40A0FB0293A4EB0C049C4269
:10BF3000CE469C4651D34ED055B1B8EB0E0364EBC0
:10BF40000C0404FA06F6CB401E43CC40C5E900645D
:10BF5000002150E7C2F1200320FA03F10CFA02FCA1
:10BF600024FA03F394400C434FEA1C4800FA02FE03
:10BF70001FFA8CF7B3FBF8F008FB1031230C43EAEF
:10BF8000014300FB07F1994208D91CEB030300F1C0
:10BF9000FF362CD299422AD9023863445B1AA4B2E4
:10BFA000B3FBF8F108FB113344EA034401FB07F348
:10BFB000A34208D91CEB040401F1FF3613D2A342BB
:10BFC00011D902396444E41A41EA004139E70446D0
:10BFD000F0E6084606E7C845AED2B9EB020E63EBC1
:10BFE000070C0138A8E73146EDE7034699E73046EC
:10BFF000D4E7D6467FE7634402384DE7064623463A
:10C0000008460FE7023E634430E700BFF8B5044638
:10C010000D4600F0C5FF224606460F462B46204639
:10C020002946FAF7ADF840B92046294600F0F2F863
:10C03000084B0022F9F788FF10B930463946F8BDA1
:10C0400003F09AFF034621221A600348BDE8F84036
:10C0500000F062B90000F03FC06C030801F0F8B9CD
:10C060002DE9F84314461D468046894601F0BCFA86
:10C07000224606460F462B4620462946FAF780F808
:10C0800078B90022002340464946F9F735FFD8B178
:10C090000022002320462946F9F72EFF28B1264F1B
:10C0A000002630463946BDE8F8832046294600F090
:10C0B0002DF90028F5D02046294600220023F9F763
:10C0C00025FF0028EDD02CE03046394600F01EF95F
:10C0D000A0B10022002330463946F9F70DFF0028B1
:10C0E000DFD04046494600F011F90028D9D020465B
:10C0F000294600F00BF90028D3D012E0404649460B
:10C1000000F004F90028E4D02046294600F0FEF8AB
:10C110000028DED032463B4630463946FAF730F842
:10C1200020B903F029FF22230360BAE703F024FFBC
:10C1300021230360B5E700BF0000F03FF8B50446D7
:10C140000D4600F023F9224606460F462B462046B0
:10C150002946FAF715F830B920462946002200236F
:10C16000F9F7D4FE10B930463946F8BD03F004FFA4
:10C17000002200232121016010461946F9F77EFDB7
:10C1800006460F4630463946F8BD00BF1F4A21F02B
:10C19000004393421DD930B51D4A934287B005D95B
:10C1A00002460B46F9F788FA07B030BD02AA01F043
:10C1B000C3FF00F00304012C0FD0022C1FD0BCB130
:10C1C0000124DDE90423DDE90201009400F024FCF0
:10C1D000EAE70022002300F0F7BADDE90423DDE9F5
:10C1E0000201009400F018FC01F1004107B030BDDD
:10C1F000DDE90423DDE9020100F0E6FAD4E7DDE938
:10C200000423DDE9020100F0DFFAEDE7FB21E93F5D
:10C21000FFFFEF7F21F000431946704730B5224AF7
:10C2200021F00043934287B01CD9204A934205D99C
:10C2300002460B46F9F740FA07B030BD02AA01F0FA
:10C240007BFF00F00300012814D0022822D0C0B1E7
:10C25000DDE90423DDE9020100F0B6FA01F1004155
:10C2600007B030BD002300930022002300F0D4FB70
:10C2700007B030BDDDE90423DDE9020100F0A4FAD6
:10C28000DAE70124DDE90423DDE90201009400F08E
:10C29000C3FBD1E70124DDE90423DDE902010094B9
:10C2A00000F0BAFBDAE700BFFB21E93FFFFFEF7FB9
:10C2B00030B5144A21F00043934287B019D9124A8D
:10C2C000934205D902460B46F9F7F6F907B030BD9F
:10C2D00002AA01F031FF440004F00204C4F1010499
:10C2E000DDE90423DDE90201009400F04DFC07B014
:10C2F00030BD012300930022002300F045FC07B06D
:10C3000030BD00BFFB21E93FFFFFEF7F41F0004060
:10C3100000F58010C00F704701490020704700BF32
:10C320000000F87FC0F3C7520028A2F17F0CB4BF11
:10C330004FF0FF310121BCF11E0F08B510DCBCF13C
:10C34000000F1CDBC0F31603BCF1160F43F400030F
:10C350000BDD963A03FA02F202FB01F1084608BD32
:10C36000FAF7FAF90146084608BD4FF4800242FA8E
:10C370000CF21A44CCF1170C22FA0CF2ECE7BCF1E7
:10C38000FF3F18BF0021084608BD00BF2DE9F84F48
:10C39000724F8F4304460D4600F0B28000290B46D1
:10C3A0000646024655DD081500F09B80C3F31303D3
:10C3B000C107A0F2FF3743F4801303D4D10F01EB80
:10C3C000430352005B00002603EBD2737F10520040
:10C3D0001624B4464FF400110CEB0100984203DC24
:10C3E0001B1A01EB000C0E445B00013C03EBD27303
:10C3F0004FEA51014FEA4202EED1A04620254FF00C
:10C4000000400AE039D0590001EBD271013D0B46E2
:10C410004FEA42024FEA50003BD09C4508EB000E29
:10C42000F0DABEF1000F0EEB00080CDBE146A3EBE7
:10C430000C01964588BF01F1FF314900CC46A2EBC3
:10C440000E020444E0E7B8F1000FEFDB0CF1010944
:10C45000EDE721F0004707433DD0002973D1D10A11
:10C46000153B52050029FAD0CD02184616460B4658
:10C4700037D520244FF0FF313EE0964502D94FEAF0
:10C480004C01C1E7BEF1000F0EEB000825DB0021D7
:10C49000D5E7114312D0DFF8C8A0DFF8C8B0DAE959
:10C4A0000001DBE90023F9F707F9DAE90089024620
:10C4B0000B4640464946F9F733FD58BB65087310F3
:10C4C00003F17F53F20703F5001348BF45F0004521
:10C4D00003EB07512846BDE8F88FB8F1000FB5DA35
:10C4E000D5E700225B00DC02114602F10102F9D51A
:10C4F000C2F1200406FA02F2E640401A334355E73F
:10C5000002460B46F9F790FA22462B46F9F7D6F881
:10C51000BDE8F88FB4F1FF3FDAE90001DBE9002361
:10C5200018D0F9F7CBF8DAE9008902460B46404605
:10C530004946F9F7EBFC78B1A11C04F1020508BFEC
:10C5400001366D08BBE7F9F7B7F802460B46F9F775
:10C5500095FBC0E70136B2E70134AFE70000F07F9A
:10C56000C0020020B8020020C1F30A5C2DE9F041AE
:10C57000ACF2FF35132D02460B460C46064632DC64
:10C58000002D20DBDFF8E08048FA05F801EA080C0E
:10C590005CEA000C0F462BD031A3D3E90023F9F756
:10C5A0008DF800220023F9F7CFFC40B1002C03DA0C
:10C5B0004FF480132B411F4427EA0804002621462C
:10C5C0003046BDE8F08126A3D3E90023F9F776F8D9
:10C5D00000220023F9F7B8FC0028F0D0002C27DB5C
:10C5E00000263446EBE7332D06DDB5F5806F1CD011
:10C5F00010461946BDE8F081ACF2134C4FF0FF37FE
:10C6000027FA0CF70742F3D015A3D3E90023F9F773
:10C6100055F800220023F9F797FC0028CFD0002C12
:10C6200033460CDB23EA0706C9E7F9F747F8E1E7E9
:10C6300024F0004426430DD14FF00044BFE7142DF1
:10C6400006D0C5F134050122AA401344B342E9D211
:10C650000134E7E7054C0026B1E700BFAFF30080E7
:10C660009C7500883CE4377EFFFF0F000000F0BFA0
:10C670002DE9F041C0F3C7557F3D162D044620F04B
:10C68000004724DC002D804614DB184F2F41384230
:10C690001AD01749F9F708FE0021F9F7EBFC98B119
:10C6A000002C03DD4FF400032B41984428EA0700D7
:10C6B000BDE8F0810E49F9F7F7FD0021F9F7DAFC42
:10C6C00010B1002C0EDB57B92046BDE8F081B7F160
:10C6D000FF4FF9D30146F9F7E7FDBDE8F0814FF0D0
:10C6E0007E50F2E74FF00040EFE700BFFFFF7F0012
:10C6F000CAF249712DE9F041C0F3C7557F3D162DAF
:10C70000044620F0004725DC002D804614DB184F3E
:10C710002F4138421BD01749F9F7C6FD0021F9F720
:10C72000A9FCA0B1002C03DA4FF400032B4198447C
:10C7300028EA0700BDE8F0810E49F9F7B5FD0021B0
:10C74000F9F798FC18B1002C0CDB002000E0204623
:10C75000BDE8F081B7F1FF4FF9D30146F9F7A4FD29
:10C76000BDE8F08117B94FF00040F1E70248EFE76C
:10C77000FFFF7F00CAF24971000080BF08B5C0F317
:10C78000C7537F3B162B014615DC002B02460BDB03
:10C790000B481841084205D04FF48001194111445B
:10C7A00021EA0001084608BD013300F00041F9D13B
:10C7B00041F07E51F6E7802BF4D1F9F775FD08BD05
:10C7C000FFFF7F00000000002DE9F04F21F000483E
:10C7D000B8F1795F85B092469B4606460F466DD20A
:10C7E000F9F7E4FC002800F0EE8032463B46304684
:10C7F0003946F9F719F976A3D3E9002304460D4623
:10C80000F9F712F974A3D3E90023F8F757FF22468A
:10C810002B46F9F709F972A3D3E90023F8F74CFF87
:10C8200022462B46F9F700F96FA3D3E90023F8F766
:10C8300045FF22462B46F9F7F7F86DA3D3E900230D
:10C84000F8F73AFF22462B46F9F7EEF86AA3D3E948
:10C850000023F8F733FF22462B46F9F7E5F8CDE938
:10C860000001674B002220462946F9F7DDF8DDE993
:10C8700000238046894620462946F9F7D5F84446E4
:10C880004D468046894652465B4630463946F9F762
:10C89000CBF802460B4640464946F8F70DFF0246E4
:10C8A0000B4620462946F8F707FF02460B460020B4
:10C8B0005449F8F701FF05B0BDE8F08F02460B467A
:10C8C000F9F7B2F842A3D3E9002304460D46F9F77D
:10C8D000ABF841A3D3E90023F8F7F0FE22462B463C
:10C8E000F9F7A2F83EA3D3E90023F8F7E5FE2246C4
:10C8F0002B46F9F799F83CA3D3E90023F8F7DEFEBD
:10C9000022462B46F9F790F839A3D3E90023F8F72C
:10C91000D3FE22462B46F9F787F837A3D3E9002345
:10C92000F8F7CCFE2B462246F9F77EF8364B9845B1
:10C93000CDE9000195D9354B98454FF000023AD822
:10C94000A8F500132F49002090469946F8F7B4FE49
:10C95000CDE902012A4B002220462946F9F764F866
:10C9600042464B46F8F7A8FEDDE90023804689469B
:10C9700020462946F9F758F844464D4680468946F0
:10C9800052465B4630463946F9F74EF802460B46AA
:10C9900040464946F8F790FE02460B462046294697
:10C9A000F8F78AFE02460B46DDE90201F8F784FE3D
:10C9B00005B0BDE8F08F164BDFF85890CDE90223A3
:10C9C0004FF00008C6E70F49002005B0BDE8F08F22
:10C9D000D43888BEE9FAA8BDC4B1B4BD9EEE213EEC
:10C9E000AD529C804F7E923E9015CB19A001FA3E2D
:10C9F0007751C1166CC1563F4C5555555555A53FFD
:10CA00000000E03F0000F03F3233D33F0000E93F39
:10CA10000000E73F0000D23F2DE9F04F994621F09A
:10CA20000043B3F1795F85B0904604460D4604D2C9
:10CA3000F9F7BCFB002800F0858022462B462046F3
:10CA40002946F8F7F1FF06460F4602460B462046F8
:10CA50002946F8F7E9FF3EA3D3E9002382468B4637
:10CA600030463946F8F7E0FF3BA3D3E90023F8F757
:10CA700023FE32463B46F8F7D7FF39A3D3E900231C
:10CA8000F8F71CFE32463B46F8F7CEFF36A3D3E953
:10CA90000023F8F711FE32463B46F8F7C5FF34A3F2
:10CAA000D3E90023F8F70AFE0E9BCDE900019BB302
:10CAB000334B002240464946F8F7B6FFDDE9002334
:10CAC000CDE9020150465946F8F7AEFF02460B4643
:10CAD000DDE90201F8F7F0FD32463B46F8F7A4FF26
:10CAE00042464B46F8F7E8FD23A3D3E90023064668
:10CAF0000F4650465946F8F797FF02460B46304618
:10CB00003946F8F7DBFD02460B4620462946F8F782
:10CB1000D3FD05B0BDE8F08F02460B4630463946DE
:10CB2000F8F782FF14A3D3E90023F8F7C5FD5246B6
:10CB30005B46F8F779FF22462B46F8F7BFFD05B0B4
:10CB4000BDE8F08F2046294605B0BDE8F08F00BF54
:10CB50007CD5CF5A3AD9E53DEB9C2B8AE6E55A3E87
:10CB60007DFEB157E31DC73ED561C119A0012A3F23
:10CB7000A6F810111111813F495555555555C53F1E
:10CB80000000E03F000000002DE9F04F9B46D04B35
:10CB900021F00048984587B0924604460D468946E4
:10CBA0004BD8F9F703FB0646002866D1109B0133EA
:10CBB000234353EA080300F0E081109B012B00F0AF
:10CBC000E98152465B4620462946F8F777FD024642
:10CBD0003046CDE900010B460020BE49F9F74EF87A
:10CBE00022463446DDE9006789462B4680460D46DD
:10CBF00030463946F8F760FD02460B465046594626
:10CC0000F8F75AFD22464B46F8F70EFF02460B4650
:10CC10003046394616461F4622464B46F8F704FF73
:10CC2000AD4B0022F8F74AFD02460B463046394626
:10CC3000F8F744FD42464B4600E1A84B98451CD905
:10CC40000029C0F2938122462B4683A1D1E900013D
:10CC5000F8F732FD52465B4606460F4680A1D1E901
:10CC60000001F8F729FD32463B46F8F727FD4FF063
:10CC7000000A04460D464FF0000B22462B46204684
:10CC80002946F8F7D1FE02460B46CDE90023F8F716
:10CC9000CBFEDDE9002306460F4620462946F8F77D
:10CCA000C3FE71A3D3E90023CDE902013046394622
:10CCB000F8F7BAFE6EA3D3E90023F8F7FFFC32467B
:10CCC0003B46F8F7B1FE6CA3D3E90023F8F7F6FC76
:10CCD00032463B46F8F7A8FE69A3D3E90023F8F7EC
:10CCE000EDFC32463B46F8F79FFE67A3D3E90023ED
:10CCF000F8F7E4FC32463B46F8F796FE64A3D3E926
:10CD00000023F8F7DBFCDDE90023F8F78DFE62A3D2
:10CD1000D3E90023CDE9040130463946F8F784FE13
:10CD20005FA3D3E90023F8F7C9FC32463B46F8F786
:10CD30007BFE5DA3D3E90023F8F7C0FC32463B46F7
:10CD4000F8F772FE5AA3D3E90023F8F7B7FC32468E
:10CD50003B46F8F769FE58A3D3E90023F8F7AEFC89
:10CD600032463B46F8F760FE55A3D3E90023F8F7B7
:10CD7000A5FC02460B46DDE90401F8F79FFCDDE95E
:10CD80000223F8F751FE52465B46F8F797FCDDE9BF
:10CD90000023F8F749FE52465B46F8F78FFC4AA39A
:10CDA000D3E9002306460F46DDE90201F8F73CFE11
:10CDB00032463B46F8F782FC0B46024682468B46DB
:10CDC00020462946F8F77AFC444B984506460F461C
:10CDD00000F28680109B012B38D002460B460020C3
:10CDE0003C49F8F74BFF0026CDE9000122462B46CF
:10CDF00030460D463946F8F75FFC02460B46504672
:10CE00005946F8F759FC32462B46F8F70DFE024614
:10CE10000B469046994632462B4630463946F8F73F
:10CE200003FE2D4B0022F8F749FC02460B46404614
:10CE30004946F8F743FCDDE900233446F8F7F4FDF2
:10CE400022462B46F8F73AFC06460F46304639464E
:10CE500007B0BDE8F08F00BF182D4454FB21E93F17
:10CE6000075C143326A6813CD47ABF74702AFB3E3B
:10CE7000E9A7F0320FB8123F68108D1AF726303F3D
:10CE80001583E0FEC8DB573F93846EE9E326823FBB
:10CE9000FE41B31BBAA1AB3F735360DBCB75F3BE4E
:10CEA000A69237A0887E143F0165F2F2D844433F32
:10CEB000280356C9226D6D3F37D60684F464963F29
:10CEC0007AFE10111111C13F635555555555D53F87
:10CED000FFFF2F3E0000F0BF0000F03F2794E53F2A
:10CEE0001098F8F737FD3246CDE900013B46304651
:10CEF0003946F8F799FDCDE9020130463946DDE9BA
:10CF0000006732463B46F8F7D9FB02460B46DDE99F
:10CF10000201F8F7B3FE52465B46F8F7CDFB024636
:10CF20000B4620462946F8F7C7FB02460B46F8F7A2
:10CF3000C5FB02460B4630463946F8F7BDFB4FEAC3
:10CF4000A97303F002030446C3F101000D46F8F78C
:10CF500001FD02460B4620462946F8F765FD0646C8
:10CF60000F463046394607B0BDE8F08F01F1004367
:10CF70001D460BF100439B4665E620462946FFF718
:10CF800049F902460B4600200449F8F777FE0646A9
:10CF90000F465BE726462F4658E700BF0000F03FEC
:10CFA0002DE9F84FC44E21F00043B34204460D462C
:10CFB0000DD903F1404303F58013034340F0B980DA
:10CFC000002940F3C08000200021BDE8F88FBB4E4F
:10CFD000B34208D8BA4A934200F2BA809CA1D1E980
:10CFE0000001BDE8F88F0029C0F2708102460B46AF
:10CFF0000020B449F8F760FBB34B0022F8F714FDAA
:10D0000004460D46FFF7C2F993A3D3E900238946EE
:10D01000804629462046F8F707FD91A3D3E900236F
:10D02000F8F74CFB22462B46F8F7FEFC8EA3D3E91B
:10D030000023F8F741FB22462B46F8F7F5FC8CA3BA
:10D04000D3E90023F8F73AFB22462B46F8F7ECFC2D
:10D0500089A3D3E90023F8F72FFB22462B46F8F7E4
:10D06000E3FC87A3D3E90023F8F728FB22462B46ED
:10D07000F8F7DAFC84A3D3E9002382468B462046E6
:10D080002946F8F7D1FC82A3D3E90023F8F714FB73
:10D0900022462B46F8F7C8FC7FA3D3E90023F8F714
:10D0A0000DFB22462B46F8F7BFFC7DA3D3E90023F6
:10D0B000F8F702FB22462B46F8F7B6FC814B00221C
:10D0C000F8F7FCFA02460B4650465946F8F7D6FDEB
:10D0D00042464B46F8F7A8FC002682468B4632466D
:10D0E0004B4630464946F8F79FFC02460B46204621
:10D0F0002946F8F7E1FA324604460D464B464046CB
:10D100004946F8F7DBFA02460B4620462946F8F76F
:10D11000B5FD02460B4650465946F8F7CFFA32465F
:10D120004B46F8F7CBFA02460B46F8F7C7FABDE8CC
:10D13000F88F02460B46F8F7BFFA02460B46F8F79F
:10D140009DFDBDE8F88F58A1D1E90001BDE8F88F39
:10D1500002460B46F8F768FC3FA3D3E900230646D6
:10D160000F46F8F761FC3EA3D3E90023F8F7A6FACF
:10D1700032463B46F8F758FC3BA3D3E90023F8F7C7
:10D180009BFA32463B46F8F74FFC39A3D3E900231C
:10D19000F8F794FA32463B46F8F746FC36A3D3E953
:10D1A0000023F8F789FA32463B46F8F73DFC34A3F2
:10D1B000D3E90023F8F782FA32463B46F8F734FC0D
:10D1C00031A3D3E900238046894630463946F8F733
:10D1D0002BFC2FA3D3E90023F8F76EFA32463B4627
:10D1E000F8F722FC2CA3D3E90023F8F767FA3246BC
:10D1F0003B46F8F719FC2AA3D3E90023F8F75CFAB9
:10D2000032463B46F8F710FC2E4B0022F8F756FA50
:10D2100002460B4640464946F8F730FD22462B466B
:10D22000F8F702FC02460B4621A1D1E90001F8F70C
:10D2300043FA02460B4620462946F8F73DFA0246D5
:10D240000B4603A1D1E90001F8F736FABDE8F88FE3
:10D25000182D4454FB21F93F09F7FD0DE13D023F34
:10D2600088B20175E0EF493F3B8F68B52882A43F43
:10D270005544880E55C1C93F7D6FEB0312D6D43F8C
:10D28000555555555555C53F82922EB1C5B8B33F3A
:10D2900059018D1B6C06E63FC88A599CE52A00405F
:10D2A0004B2D8A1C273A0340182D4454FB2109407A
:10D2B000075C143326A6913CFFFFEF3FFFFFDF3FE3
:10D2C0000000603C0000F03F0000E03F5E4B0022A9
:10D2D000F8F7F4F95D4B0022F8F7A6FB42A3D3E977
:10D2E000002304460D46F8F79FFB41A3D3E9002332
:10D2F000F8F7E4F922462B46F8F796FB3EA3D3E96C
:10D300000023F8F7D9F922462B46F8F78DFB3CA30A
:10D31000D3E90023F8F7D2F922462B46F8F784FB2D
:10D3200039A3D3E90023F8F7C7F922462B46F8F7CB
:10D330007BFB37A3D3E90023F8F7C0F922462B463D
:10D34000F8F772FB34A3D3E9002306460F462046C4
:10D350002946F8F769FB32A3D3E90023F8F7ACF9C3
:10D3600022462B46F8F760FB2FA3D3E90023F8F7FA
:10D37000A5F922462B46F8F757FB2DA3D3E9002346
:10D38000F8F79AF922462B46F8F74EFB2E4B00226F
:10D39000F8F794F98046894620462946FEF7F6FFBD
:10D3A000424604460D464B4630463946F8F766FC81
:10D3B00022462B46F8F738FB1FA3D3E90023F8F7E2
:10D3C0007BF922462B46F8F779F902460B46F8F727
:10D3D00075F902460B461AA1D1E90001F8F76CF97C
:10D3E000BDE8F88FAFF3008009F7FD0DE13D023F86
:10D3F00088B20175E0EF493F3B8F68B52882A43FB2
:10D400005544880E55C1C93F7D6FEB0312D6D43FFA
:10D41000555555555555C53F82922EB1C5B8B33FA8
:10D4200059018D1B6C06E63FC88A599CE52A0040CD
:10D430004B2D8A1C273A0340075C143326A6913CE7
:10D44000182D4454FB2109400000F03F0000E03F4C
:10D450002DE9F84F994653425F4F134329F0004E90
:10D460004EEAD373BB42904604460D463DD8464231
:10D47000064321F0004A4AEAD676BE4203468B466E
:10D4800033D809F1404606F5801616433DD04FEAE1
:10D49000A97606F002065AEA030346EAD1762CD0B2
:10D4A0005EEA020235D0BE4546D0BA4531D0AAEB7D
:10D4B0000E0ABAF1747F4FEA2A5339DAB9F1000F34
:10D4C00046DA3C3344DA00200021012E58D0022EE7
:10D4D00049D086B134A3D3E90023F8F7EDF834A39B
:10D4E000D3E90023F8F7E8F805E022462B4640464A
:10D4F0004946F8F7E3F8BDE8F88F022E10D0032E66
:10D50000F9D12DA1D1E90001F5E7BDE8F84F01F00F
:10D510002BB8BBF1000F07DB29A1D1E90001EAE735
:10D5200023A1D1E90001E6E727A1D1E90001E2E763
:10D5300023A1D1E90001C8E7F24506F1FF3623D067
:10D54000022E29D8254B03EBC603D3E90001D2E70D
:10D5500042464B4620462946F8F790FBFEF75AFE16
:10D5600001F002F8B1E710A3D3E90023F8F7A4F81B
:10D5700002460B460EA1D1E90001F8F79DF8BAE783
:10D5800001F100431946B6E7022E08D8144B03EB0D
:10D59000C603D3E90001AEE700200021ABE70CA1F0
:10D5A000D1E90001A7E700BF075C143326A6A13C20
:10D5B000182D4454FB210940182D4454FB2109C067
:10D5C000182D4454FB21F93F182D4454FB21F9BF79
:10D5D000182D4454FB21E93F0000F07FC87A03086E
:10D5E000E07A0308000000002DE9F04F23F0004727
:10D5F000044657EA020093B092469B460D4610D16E
:10D600002319824985F4002252419842914121D246
:10D6100052465B4620462946F8F750F813B0BDE85D
:10D62000F08F98467A4B0E4621F0004199420091C6
:10D63000A14614D906F1404606F5801656EA0906B9
:10D64000E6D15346DB1871498BF4002252419E42C9
:10D650009141DDD36F49002013B0BDE8F08F14D0A5
:10D660009F42E7D8009B00F0B780002E15DB002A10
:10D6700040F0A48067498F4240F0CA83B8F1000FA0
:10D68000C0F2BF8420462946C8E7002CC0D18F4293
:10D69000BED800F0F283009BE7E75F498F4200F2BB
:10D6A000C6835E498F420DD93915A1F2FF31142985
:10D6B00040F38E84C1F1340122FA01F000FA01F145
:10D6C000914236D0002A45D1B8F1804F3BD002922A
:10D6D000204629460493FEF79DFD049BB9F1000FF7
:10D6E00043D0DDF808C0F20F013A52EA0C0C00F00A
:10D6F0008A80029C013C224314BF464D484D0024C1
:10D70000B7F1844FCDE9064540F28E80454B009A33
:10D710009F42424B40F2E8839A4200F29484B8F16F
:10D72000000FC0F29484002013B0BDE8F04F01F068
:10D7300039B900F00100C0F102010291002A3FD185
:10D74000B8F1804FC4D122462B4620462946F8F72F
:10D750006BF963E7204629460293FEF75BFD029BC7
:10D76000B9F1000F4FD1CDF808902A4A26F0404C6D
:10D77000944502D0009A002AB3D1B8F1000F05DA1F
:10D7800002460B4600202349F8F778FA002EBFF630
:10D7900045AF009B03F1404A029B0AF5801A5AEA02
:10D7A000030A40F0368402460B4610461946F7F746
:10D7B00083FF02460B46F8F761FA2FE70022029238
:10D7C000204629460493FEF725FD049BB9F1000F7E
:10D7D000CBD0F20F013A8CE7002A7FF42BAF009BED
:10D7E00003F1404303F5801323433FF433AF0B4B66
:10D7F000009A9A4240F2DF83B8F1000FC0F24984E8
:10D80000504659460AE722462B46CEE70000F0FF75
:10D810000000F07F0000F03FFFFF3F43FFFFEF3FBE
:10D820000000F0BF0000F043D74A3240002A40F029
:10D830002883D64B0022F8F7F7F86FF034040B4634
:10D840001A15A2F2FF321519D14A0B95C3F313032F
:10D8500043F07F54934244F4401407DDCD4A934291
:10D8600040F3E08301350B95A4F5801400220023DA
:10D87000CDE90823CDE91023C74B0022CDE90423CD
:10D880000025DDE9042321468046F7F715FFA14670
:10D89000DDE9042306460F4640462146CDE90C89C2
:10D8A000F7F70CFF02460B460020BB49F8F7E6F9F4
:10D8B0000A460146CDE90E12134639460246304665
:10D8C000F8F7B2F80A4601464FF0000CCDE9021213
:10D8D0001146CDE900016410CDF800C0DDE90089F2
:10D8E00044F0005404F500230020591904460D4665
:10D8F00002460B4640464946F8F796F802460B4664
:10D9000030463946F7F7D8FEDDE9042306460F46D0
:10D9100020462946F7F7D0FE02460B46DDE90C010A
:10D92000F7F7CAFE42464B46F8F77EF802460B462A
:10D9300030463946F7F7C0FEDDE90E23F8F774F8F4
:10D94000DDE90245CDE9040122462B462046294661
:10D95000F8F76AF87AA3D3E9002304460D46F8F7EE
:10D9600063F879A3D3E90023F7F7A8FE22462B46F4
:10D97000F8F75AF876A3D3E90023F7F79FFE22467B
:10D980002B46F8F751F874A3D3E90023F7F796FE76
:10D9900022462B46F8F748F871A3D3E90023F7F79E
:10D9A0008DFE22462B46F8F73FF86FA3D3E90023FC
:10D9B000F7F784FE224606460F462B4620462946A8
:10D9C000F8F732F802460B4630463946F8F72CF89D
:10D9D000424604460D464B46DDE90201F7F76EFE6E
:10D9E000DDE90423F8F720F822462B46F7F766FE18
:10D9F000424604460D464B4640464946F8F714F861
:10DA0000664B002206460F46F7F758FE22462B4685
:10DA1000CDE90C45F7F752FE00240D4622462B4671
:10DA200040464946F8F700F85C4B8046894600229C
:10DA300020462946F7F740FE32463B46F7F73CFEC4
:10DA400002460B46DDE90C01F7F736FEDDE902235D
:10DA5000F7F7EAFF224606460F462B46DDE90401AA
:10DA6000F7F7E2FF02460B4630463946F7F726FE47
:10DA700006460F4602460B4640464946F7F71EFE4D
:10DA800000243BA3D3E9002320460D46F7F7CCFF43
:10DA900042464B468046894620462946F7F70CFE0B
:10DAA00002460B4630463946F7F706FE32A3D3E965
:10DAB0000023F7F7B9FF32A3D3E9002306460F4648
:10DAC00020462946F7F7B0FF02460B463046394656
:10DAD000F7F7F4FDDDE91023F7F7F0FD06460B98A4
:10DAE0000F46F7F737FF324604460D463B464046A1
:10DAF0004946CDE90289F7F7E1FDDDE90823F7F7AB
:10DB0000DDFD22462B46F7F7D9FD002022462B46A5
:10DB100080468946F7F7D0FDDDE90823F7F7CCFD0D
:10DB2000DDE90223F7F7C8FD02460B4630463946C9
:10DB3000F7F7C2FDCDE9020132E000BFAFF300808C
:10DB4000EF4E454A287ECA3F65DBC9934A86CD3FE2
:10DB500001411DA96074D13F4D268F515555D53FC8
:10DB6000FFAB6FDBB66DDB3F033333333333E33F60
:10DB7000000000E009C7EE3FFD033ADC09C7EE3FB5
:10DB8000F5015B14E02F3EBE0000F07F0000404333
:10DB90008E98030079B60B000000F03F00000840AB
:10DBA0000023CDE900AB0093DDE90067594632461A
:10DBB0003B465046F7F780FD42464B46F7F734FFA9
:10DBC0005B4604460D465246DDE90201F7F72CFF9D
:10DBD00002460B4620462946F7F770FD32460446BA
:10DBE0000D463B4640464946F7F71EFF0B460246A8
:10DBF00006460F4620462946F7F760FDB44B99428A
:10DC0000A046A94604460D468B4640F3168101F115
:10DC10003F4303F5E003034340F01F829AA3D3E997
:10DC2000002340464946F7F749FD3246CDE9000159
:10DC30003B4620462946F7F73FFD02460B46DDE905
:10DC40000001F8F781F9002840F007824FF40073D3
:10DC50005B44C3F30A529F4CA2F2FF32C3F3130199
:10DC6000144141F48011C2F1140241FA02FA002079
:10DC700004EA0301BBF1000F02460B463046394669
:10DC8000B8BFCAF1000AF7F717FD02460B46064671
:10DC90000F4640464946F7F711FD4FEA0A5B0D462D
:10DCA00000247BA3D3E9002320462946F7F7BCFED6
:10DCB0003246CDE900013B4620462946F7F7FCFCF9
:10DCC00002460B4640464946F7F7F6FC72A3D3E9F5
:10DCD0000023F7F7A9FE72A3D3E9002306460F46F7
:10DCE00020462946F7F7A0FE02460B463046394645
:10DCF000F7F7E4FCDDE9008906460F4602460B46CD
:10DD000040464946F7F7DAFC42464B4604460D4684
:10DD1000F7F7D2FC02460B4630463946F7F7CCFC03
:10DD20002246804689462B4620462946F7F77CFE48
:10DD30005DA3D3E9002306460F46F7F775FE5CA303
:10DD4000D3E90023F7F7B8FC32463B46F7F76CFE01
:10DD500059A3D3E90023F7F7B1FC32463B46F7F766
:10DD600063FE57A3D3E90023F7F7A6FC32463B46F0
:10DD7000F7F75AFE54A3D3E90023F7F79FFC324686
:10DD80003B46F7F751FE02460B4620462946F7F779
:10DD900093FC06460F4602460B4620462946F7F7F7
:10DDA00043FE0022CDE900014FF080433046394662
:10DDB000F7F782FC02460B46DDE90001F7F75EFF4C
:10DDC000424606460F464B4620462946F7F72CFEAC
:10DDD00042464B46F7F772FC02460B463046394640
:10DDE000F7F76AFC22462B46F7F766FC02460B461D
:10DDF00000203949F7F760FC0C465C44B4F5801FFD
:10DE0000C0F235812146DDE90623F7F70DFE05E472
:10DE1000B8F1804F3FF497AC304988457FF457AC58
:10DE20002046294613B0BDE8F04FFEF7AFBA002AEE
:10DE300000F0338102220292C2E4DFF8A4C021F094
:10DE40000043634540F2D580264B0B4403430AD17F
:10DE500032463B46F7F730FC42464B46F8F76AF845
:10DE600000283FF4F3AEDDE9060100220023F8F7B5
:10DE70004DF8003818BF012056E4002A7FF4C8ABE3
:10DE8000B5E40024DCE400BFFE822B654715973C17
:10DE900000000000432EE63FEF39FAFE422EE63F37
:10DEA000396CA80C615C20BED0A4BE726937663E96
:10DEB000F16BD2C541BDBB3E2CDE25AF6A56113F8A
:10DEC00093BDBE166CC1663F3E5555555555C53F71
:10DED000FFFF8F400000F0FF0000F03F0000E03F38
:10DEE000FFCB904000346F3F9A42C0F0C480009A4C
:10DEF0008D4B9A424FF0000200F2D7808A4BF7F721
:10DF0000DBFB7DA3D3E9002304460D46F7F78CFD28
:10DF10007BA3D3E9002306460F4620462946F7F7A0
:10DF200083FD824B80468946002220462946F7F72A
:10DF30007BFD02460B4674A1D1E90001F7F7BCFB5B
:10DF400022462B46F7F770FD02460B460020784923
:10DF5000F7F7B2FB2246CDE900012B4620462946C1
:10DF6000F7F762FD02460B46DDE90001F7F75CFDBD
:10DF700067A3D3E90023F7F757FD02460B46404657
:10DF80004946F7F799FB02460B4604460D463046D4
:10DF90003946F7F793FB002032463B4680468946D8
:10DFA000F7F78AFB02460B4620462946F7F784FB23
:10DFB000CDE90201F4E5B8F1000F4FF000004FF099
:10DFC0000001BFF62BAB50460BF10041FFF726BB1B
:10DFD000002A7FF4BFABC1F1140147FA01F000FA47
:10DFE00001F1B9426ED050498F423FF447ABFFF781
:10DFF0006BBB4F4A934274D8DDE9002393469246A7
:10E000004EE622462B4648490020F7F737FEFFF739
:10E0100005BB029B012B7FF401AB01F100431946C4
:10E02000FFF7FCBA3CA3D3E90023CDE908233CA3C6
:10E03000D3E90023CDE910233E4B0022CDE9042390
:10E040004FF480251DE4B8F1000F7FF76CAB002082
:10E0500013B0BDE8F04F00F0ABBCDDE906010022D3
:10E060000023F7F753FF003818BF0120F0E75246AE
:10E0700000F006FCC7E6DDE9060100220023F7F701
:10E0800045FF003818BF0120B8F1000FBFF64CABB8
:10E09000DEE700200021FFF7C1BAB8F1804F3FF45E
:10E0A00052AB02220292FFF713BBDDE90601002307
:10E0B000F7F72CFF003818BF0120B8F1000FC7DCBC
:10E0C000FFF732BB184A97423FF4D8AAB8F1804F05
:10E0D0003FF439AB00F00100C0F102020292FFF7F9
:10E0E000F7BA1B15A3F2FE334FF4801242FA03F382
:10E0F000AEE500BFAFF30080000000604715F73FBA
:10E1000044DF5DF80BAE543E555555555555D53F3A
:10E11000FE822B654715F73F0000004003B8E23F41
:10E1200006D0CF43EBFD4C3E0000F03F0000D03F57
:10E130000000E03F0000F83F2DE9F04F964B21F042
:10E1400000449C428FB006460F46914640F28C80B8
:10E15000924B9C428A4628D8002985A3D3E9002304
:10E1600040F3AD81F7F7A8FA8D4B9C4206460F4667
:10E1700000F08A8080A3D3E90023F7F79DFA0446D4
:10E180000D4622462B4630463946F7F795FA7AA3D4
:10E19000D3E90023F7F790FAC9E90201C9E900457C
:10E1A000012528460FB0BDE8F08F7E4B9C4240F21F
:10E1B00085807D4B9C4202465ED84FEA2458A8F2E7
:10E1C0001648A4EB08573946F7F7F0FFF7F7C2FBFC
:10E1D00002460B4630463946CDE90823F7F76CFA7C
:10E1E000724B0022F7F720FC0F460646F7F7DEFFDA
:10E1F000F7F7B0FB02460B4630463946CDE90A2315
:10E20000F7F75AFA694B0022F7F70EFCCDE90C013B
:10E210000EAD03240026002775E9020132463B4675
:10E22000A346013CF7F768FE0028F5D1604B019347
:10E230000223009342465B46494608A800F0BEFB15
:10E24000BAF1000F0546ACDAD9E9002101F100432B
:10E25000D9F80C10C9E90023D9F8082001F10043CE
:10E26000C9E9022345429CE700220023C9E900676F
:10E27000C9E90223002594E70B46F7F71DFAC9E91F
:10E280000201C9E90001F5E73DA3D3E90023F7F74F
:10E2900013FA3DA3D3E9002306460F46F7F70CFA1D
:10E2A00004460D4622462B4630463946F7F704FA17
:10E2B00035A3D3E90023F7F7FFF96DE7FDF7AAFFD0
:10E2C00033A3D3E9002306460F46F7F7ADFB394BDE
:10E2D0000022F7F7F3F9F7F769FF0546F7F73AFB7E
:10E2E00002460B46CDE9062321A3D3E90023F7F725
:10E2F0009BFB02460B4630463946F7F7DDF91EA375
:10E30000D3E90023CDE90201DDE90601F7F78CFB33
:10E310001F2D06460F46CDE904674FDC264B6A1ECB
:10E3200053F82230A34249D002460B46DDE90201F0
:10E33000F7F7C2F906460F4632463B46C9E9006781
:10E34000DDE90201F7F7B8F9DDE90423F7F7B4F9DD
:10E35000BAF1000FC9E90201BFF623AF07F100438C
:10E36000C9E9006301F10043C9E902036D4218E7FE
:10E3700000004054FB21F93F3163621A61B4D03D83
:10E380000000601A61B4D03D7370032E8A19A33B5C
:10E3900083C8C96D305FE43FFB21E93F7BD9024070
:10E3A000FB21F93FFB213941FFFFEF7F0000704166
:10E3B000787B03080000E03FF87A0308DDE90423D6
:10E3C000DDE90201F7F778F9C1F30A53C3EB1453FF
:10E3D000102B4FEA245806460F46ADDD56A3D3E96D
:10E3E0000023DDE90601F7F71FFB06460F4602464C
:10E3F0000B46DDE90201F7F75FF903460C461A46C2
:10E40000DDE90201CDE902342346F7F755F932463A
:10E410003B46F7F751F94AA3D3E9002306460F46D6
:10E42000DDE90601F7F700FB32463B46F7F744F912
:10E430000B460246DDE90201CDE90423F7F73CF97A
:10E44000C1F30A53A8EB0308B8F1310F06460F4693
:10E450007FF772AF3CA3D3E90023DDE90601F7F7AC
:10E46000E3FA06460F4602460B46DDE90201F7F7DE
:10E4700023F902460B46DDE90201CDE90223F7F755
:10E480001BF932463B46F7F717F931A3D3E90023CE
:10E4900006460F46DDE90601F7F7C6FA32463B4667
:10E4A000F7F70AF903460C46CDE9043402460B4659
:10E4B000DDE90201F7F700F906460F463CE7F7F7FA
:10E4C000FDF8274B9C4206460F4618D022A3D3E9FD
:10E4D0000023F7F7F3F804460D4622462B46304654
:10E4E0003946F7F7E9F81CA3D3E90023F7F7E6F874
:10E4F000C9E90045C9E902014FF0FF3551E60EA315
:10E50000D3E90023F7F7DAF80DA3D3E90023064691
:10E510000F46F7F7D3F804460D4622462B46304601
:10E520003946F7F7C9F806A3D3E90023F7F7C6F889
:10E53000DEE700BFAFF300800000601A61B4D03D99
:10E540007370032E8A19A33B0000002E8A19A33B87
:10E55000C14920259A837B393163621A61B4D03D69
:10E56000FB21F93F000000002DE9F84FBA4B21F0E4
:10E5700000469E4204460D468A4616D9B74B9E4237
:10E580000BD808D0BAF1000F40F3C28096A1D1E9B0
:10E590000001BDE8F88F0028F4D022462B46204623
:10E5A0002946F7F78BF8BDE8F88FAD4B9E4200F295
:10E5B000B480A3F1DE739E4240F29B804FF0FF3B9C
:10E5C00022462B4620462946F7F72EFA02460B46EE
:10E5D00080468946F7F728FA85A3D3E90023064643
:10E5E0000F46F7F721FA84A3D3E90023F7F766F87B
:10E5F00032463B46F7F718FA81A3D3E90023F7F731
:10E600005DF832463B46F7F70FFA7FA3D3E90023C4
:10E61000F7F754F832463B46F7F706FA7CA3D3E9FE
:10E620000023F7F74BF832463B46F7F7FDF97AA39C
:10E63000D3E90023F7F742F842464B46F7F7F4F9DF
:10E6400077A3D3E900238046894630463946F7F759
:10E65000EBF975A3D3E90023F7F72EF832463B46D2
:10E66000F7F7E2F972A3D3E90023F7F725F832466A
:10E670003B46F7F7D9F970A3D3E90023F7F71CF865
:10E6800032463B46F7F7D0F96DA3D3E90023F7F7FD
:10E6900013F832463B46F7F7C7F902460B464046A9
:10E6A0004946F7F70BF822462B46F7F7BDF9BBF1C1
:10E6B000FF3F02460B4652D06A4B6B4E03EBCB0337
:10E6C000D3E90023F6F7F8FF22462B46F6F7F4FFCE
:10E6D00006EBCB0602460B46D6E90001F6F7ECFF47
:10E6E000BAF1000FBFF65FAF01F100431946BDE874
:10E6F000F88F55A3D3E90023F6F7E0FF5B4B002228
:10E70000F7F722FC00283FF459AF204629464AE794
:10E710004FA1D1E90001BDE8F88FFDF77BFD544B17
:10E720009E4204460D4620D8A3F550239E4247D969
:10E730004E4B0022F6F7C0FF4C4B06460F464FF0FB
:10E74000010B204629460022F6F7B8FF02460B4689
:10E7500030463946F7F792FA04460D4630E7204630
:10E760002946F6F7A9FFBDE8F88F424B9E421CD21E
:10E77000414B0022F6F7A0FF02460B4620462946F1
:10E7800014461D4600223C4BF7F74EF9374B00224A
:10E79000F6F794FF02460B4620462946F7F76EFA35
:10E7A0004FF0020B04460D460AE702460B460020D6
:10E7B0003249F7F763FA4FF0030B04460D46FFE6C4
:10E7C00002460B46F6F77AFF284B0022F6F774FF55
:10E7D0004FF0000B06460F462046294600224FF018
:10E7E0008043B1E7AFF30080182D4454FB21F93F7B
:10E7F00011DA22E33AAD903FEB0D76244B7BA93F33
:10E80000513DD0A0660DB13F6E204CC5CD45B73F00
:10E81000FF8300922449C23F0D5555555555D53FAC
:10E820002F6C6A2C44B4A2BF9AFDDE522DDEAD3FA0
:10E830006D9A74AFF2B0B33F711623FEC671BC3F40
:10E84000C4EB98999999C93F9C7500883CE4377E40
:10E85000182D4454FB21F9BFFFFF0F440000F07F47
:10E86000FFFFDB3F807C0308A07C03080000F03F33
:10E87000FFFFF23F008003400000F83F0000F0BFC0
:10E8800070B51646C1F30A5204460D460B465ABBF4
:10E8900021F00043034326D02D4B0022F7F7C4F8A4
:10E8A0002C4B9E4204460D4643DBC1F30A520B46F5
:10E8B000363A4CF250318E421EDC164440F2FE7263
:10E8C000964219DC002E23DC16F1350F28DB23F0ED
:10E8D000FF4323F4E003363643EA065120461E4B3D
:10E8E0000022F7F7A1F870BD40F2FF7C6245E0D14D
:10E8F0000246F6F7E3FE70BD11A3D3E90023ED0F46
:10E900001C4665F3DF7421461448F7F78DF870BD97
:10E9100023F0FF4323F4E003204643EA065170BD91
:10E9200005F0004343F0D27141F4B7310C4841F097
:10E930001F0105A3D3E90023F7F776F870BD00BFE8
:10E940009C7500883CE4377E59F3F8C21F6EA50120
:10E9500000005043B03CFFFF0000903C9C750088D5
:10E9600059F3F8C2D0B506460F46144601F004FB31
:10E970000346394630461C60D0BD00BF10B5044682
:10E9800082B0104619460CB103F10043CDE90023D3
:10E99000DDE90023F7F748F8222202B0BDE8104075
:10E9A000FFF7E0BF00224FF08053FFF7E7BF00BF43
:10E9B00000224FF0E043FFF7E1BF00BF2DE9F04F29
:10E9C000ADF51B7D9E460D91BD4BA49953F82130AA
:10E9D000079312F1140F0EF1FF3382460593C0F234
:10E9E0004383B849D31E81FB0301DB17C3EBA103AB
:10E9F0000A930133A3EB8303DB00D6180A9A0EF1C6
:10EA0000FF33D71A079A12EB030921D409F1010940
:10EA1000B9440DF188080096DDF894B24E46002402
:10EA2000C1460025F04608E05BF82700F6F792FFA4
:10EA30000137B742E9E8020108D0002FF4DA0137C4
:10EA400020462946B742E9E80201F6D1009EC646B3
:10EA5000079B002BAAF108030693B8BF4FEACE0725
:10EA600037DB22AADDF81490029602EBCE0A4FEAB9
:10EA7000CE07079ACDE908E70DF5E47B724403EB76
:10EA8000CE084B460092D9469B46059B002BC0F210
:10EA9000A981069E57460024002577E90223F6E95E
:10EAA0000201F6F7C1FF02460B4620462946F6F75B
:10EAB00005FE464504460D46EFD1009B0BF1010BC8
:10EAC0009B45E9E802450AF1080ADED1DDE908E7DD
:10EAD000029E069B079A009203EB070B0EAB03EB1B
:10EAE0008203043B0B930EAB03EB8207CDF830E0BF
:10EAF000009A9AAB03EBC203002A53E928452DDDA7
:10EB00000DF5E47A0AEBC2080DF138090296089770
:10EB10006D4B002220462946F6F786FFF7F746FBA5
:10EB2000F6F718FF694B002206460F46F6F77CFF02
:10EB300002460B4620462946F6F7BEFDF7F736FBA0
:10EB400078E9022349F8040B39463046F6F7B6FD5A
:10EB5000D04504460D46DBD1029E089F204629463B
:10EB60003246FFF78DFE00224FF07F5304460D46DC
:10EB7000F6F75AFFFDF7F8FC554B0022F6F754FF65
:10EB800002460B4620462946F6F796FD0D460446FA
:10EB9000F7F70CFB8246F6F7DDFE02460B462046F1
:10EBA0002946F6F789FD002E8046894640F392807B
:10EBB000009B0EAA581EC6F1180352F8202042FAF4
:10EBC00003F404FA03F3D21AC6F117010EAB42FAAA
:10EBD00001F5002D43F82020A24400F3EA80002232
:10EBE000002340464946F7F787F9002800F04482A1
:10EBF000009B079A93420CDD0EAA02EB83030022CE
:10EC000053F8041DBB4242EA0102F9D1002A40F048
:10EC1000F080079B0EAA013B52F82330002B40F0F6
:10EC2000DC800B9A012352F8041D01330029FAD02D
:10EC3000009A134402F101080A9A0099089608EB19
:10EC4000020A0AF1804AA59A02930AF1FF3A02EBFE
:10EC50008A0A0C9A09970A4422A800EBC20972AAF0
:10EC600002EBC10200925AF8040FF6F773FE059BFF
:10EC7000002BE9E8020120DB069E4F460024002518
:10EC800077E90223F6E90201F6F7CEFE02460B46CB
:10EC900020462946F6F712FD5E4504460D46EFD1A3
:10ECA000009BE3E902450093029B08F101089845A7
:10ECB000D9DDDDE9086700931AE700240025EFE7B6
:10ECC000007D0308ABAAAA2A0000703E0000704134
:10ECD0000000204064D1009B0EAA013B52F8235053
:10ECE000ED15002D7FF77BAF009B002B0AF1010A89
:10ECF00040F348820021CDE90289DDF800E00EA84A
:10ED00000C466FF07F4C0FE001318E4542F8049CB9
:10ED10006BDD136808300131ACEB03038E454FF017
:10ED2000010440F8043C0BDD024652F8043BACBB46
:10ED3000C3F18079002BE7D101318E451046F3DC19
:10ED4000DDE90289002E0DDD012E3BD0022E09D116
:10ED5000009B5A1E0EAB0EA953F82230C3F31503C5
:10ED600041F82230022D7FF43AAF42464B46BA4971
:10ED70000020F6F7A1FC80468946002C3FF42FAF17
:10ED80003246B5490020FFF77BFD02460B46404660
:10ED90004946F6F791FC8046894620E71046BAE7D7
:10EDA000AE4B0022F7F7C6F8002840F04381054635
:10EDB00015E7009B002B0AF1010AD8BF002499DC5B
:10EDC000012EC3D1009B5A1E0EAB0EA953F8223060
:10EDD000C3F3160341F82230C4E7009B03F1010896
:10EDE000434629E70024002567E6DDE9028901247E
:10EDF000A8E7009A0EAB541ECDE9055A53F824300B
:10EE0000183E5BB902F18043013B0EAA02EB83037B
:10EE100053F8042D013C183E002AF9D032468E49A1
:10EE20000020FFF72DFD002C06460F46C0F2B081F2
:10EE300004F1010A0EAB03EB8A054FEACA0272AB7A
:10EE4000DFF81C9203EBCA0A4FF00008934655F80E
:10EE5000040DF6F77FFD32463B46F6F7E5FD4B46DF
:10EE60006AE90201424630463946F6F7DDFD0EAB4F
:10EE70009D4206460F46EAD1ABF1080372A95A46F5
:10EE800001EB030A0DF594784FF00009CDE9084233
:10EE900043465246A346CA46DDF81C90CDF81C8076
:10EEA000B9F1000FC0F2E580DFF8B8810092174693
:10EEB000002600240025029301E0564510DCF8E905
:10EEC0000223F7E80201F6F7AFFD02460B462046A3
:10EED0002946F6F7F3FB0136B14504460D46ECDA58
:10EEE000009A029B0BF1FF3BBBF1FF3FE3E80245B9
:10EEF0000AF1010AA2F10802D2D1A49BDDF81C801C
:10EF0000022BDDE908421CDC002B00F3E48011D168
:10EF100008EB02040020002174E90223F6F7CEFB7F
:10EF20004445F9D1059B13B101F1004319460D9BEE
:10EF3000C3E90001069B03F007000DF51B7DBDE84A
:10EF4000F08FA49B032BF5D1002C00F0318108EB4E
:10EF5000C4054FEAC40AD5E90067CDE907A50095C5
:10EF6000A946029459E902453046394622462B46C5
:10EF7000F6F7A4FBB246BB4606460F4632463B4672
:10EF800020462946F6F798FB52465B46F6F796FB75
:10EF9000C9E9000169E90267C145E3D1029C012C7E
:10EFA000DDE907A500F00481D5E90045009E08F1E0
:10EFB000080B474656E902892046294642464B46F9
:10EFC000CDE90045F6F77AFB04460D4622462B466E
:10EFD00040464946F6F770FBDDE90023F6F76EFB85
:10EFE000C6E9000166E90245B345E3D10AF1080428
:10EFF000B8463C4407F110050020002174E90223C3
:10F00000F6F75CFBA542F9D1059BD8E90278DDE96A
:10F010004A45002B40F086800D9BC3E90401C3E9FB
:10F020000045C3E90278069B03F007000DF51B7D40
:10F03000BDE8F08F009B002B0AF1010AC8BF022532
:10F040003FF758AE42464B46022503490020F6F7EB
:10F0500033FB80468946C2E50000F03F0000E03FF8
:10F060000000703EB87C030800216FF017030A917E
:10F07000C3E40024002535E7404649467242CDE905
:10F08000055AFFF7FDFB544B002280468946F6F7F0
:10F0900051FF00283CD0514B009F0022404649467A
:10F0A000F6F7C2FCF7F782F80546F6F753FC4A4B31
:10F0B0000022F6F7B9FC0B46024649464046F6F7F1
:10F0C000FBFAF7F773F87C1C0EAB183643F82700F1
:10F0D00043F82450A2E608EB02050026002775E954
:10F0E000022330463946F6F7E9FA454506460F460B
:10F0F000F5D13B46DDE94A013246F6F7DDFA059BDC
:10F100002BB30D9D07F10043C5E900631CBB2CE048
:10F1100040464946F7F74AF8009B0EAA1C4642F8BB
:10F1200023007BE6264605F100440D9D08F10043CF
:10F13000C5E9027301F10043C5E90403069B03F02E
:10F140000700C5E900640DF51B7DBDE8F08F0D9B40
:10F15000C3E9006764B10125F8E902230135F6F738
:10F16000ADFAAC42F8DA059B13B101F10043194640
:10F170000D9BC3E90201069B03F007000DF51B7D03
:10F18000BDE8F08F022D7FF42AAD02460B465CE706
:10F19000A49B022B06DC002B0DDC7FF4CBAE002001
:10F1A0000021BFE6A49B032B7FF4C4AE0DF5947839
:10F1B0000020002128E7059BDDE94A0133B10D9CC1
:10F1C00000224FF00043C4E90023CEE70D9C00224B
:10F1D0000023C4E90023CBE7000070410000703E2B
:10F1E00008B5062000F0AAFA0120D4F7F3FF0A229E
:10F1F000002100F009B90A22002100F005B9000041
:10F2000010B5034B0446196800F0B0FF204610BD4E
:10F21000C8020020164B10B51C68236BB3B9182028
:10F2200000F0D8FF0246206320B9124B1248522149
:10F23000E7F759FD1149124BC0E90013114B8360E8
:10F240000B23838100210120C2E90401216B0E48B8
:10F250000B694C690D4A584302FB0400A3FB0232C0
:10F26000013340EB0200C1E9043020F0004010BD42
:10F27000C8020020107D0308277D03080E33CDABA4
:10F2800034126DE6ECDE05002DF451582D7F954CBF
:10F29000164B10B51C68236BB3B9182000F09AFF09
:10F2A0000246206320B9124B12484C21E7F71BFDA0
:10F2B0001149124BC0E90013114B83600B2383816A
:10F2C00000210120C2E90401216B0E480B694C6941
:10F2D0000D4A584302FB0400A3FB0232013340EB0A
:10F2E0000200C1E9043020F0004010BDC802002037
:10F2F000107D03089C7D03080E33CDAB34126DE600
:10F30000ECDE05002DF451582D7F954C242B2DE972
:10F31000F0478646904601D8012B06D100F02CFE1E
:10F32000162303600020BDE8F08736480D462A46C4
:10F3300015F8014B065D16F00806F8D12D2C24D1E6
:10F340002C780126951C2BBB302C30D00A2306F1DB
:10F35000004C0CF1FF3C0022BCFBF3F9104603FB10
:10F3600019CAA4F13007092F28D83C46A34234DD3E
:10F37000571C07D081452DD301D1A2452ADB00FBC4
:10F380000340012215F8014BEBE72B2C04BF2C782E
:10F39000951CD8E7102BDAD1302CD8D12A7802F07E
:10F3A000DF02582AD3D16C7810230235CFE72B78AF
:10F3B00003F0DF03582BF6D00823C8E7A4F1410778
:10F3C000192F01D8373CD1E7A4F16107192F04D8D0
:10F3D000573CCBE74FF0FF32D4E7531C08D1222330
:10F3E000CEF800306046B8F1000F9CD0691E06E0F0
:10F3F00006B14042B8F1000F95D0002AF6D1C8F806
:10F40000001090E7147E030813460A46014602489E
:10F410000068FFF77BBF00BFC80200202DE9F04362
:10F42000364E86460D46284615F8014B375D17F0D7
:10F430000807F8D12D2C26D12C780127851C3BBB41
:10F44000302C32D00A234FF0FF380026B8FBF3F8F7
:10F4500003FB08F96FEA09093046A4F1300CBCF14E
:10F46000090F29D86446A34237DDB6F1FF3F07D024
:10F4700080452FD301D1A1452CDB00FB03400126A1
:10F4800015F8014BE9E72B2C04BF2C78851CD6E737
:10F49000102BD8D1302CD6D1287800F0DF00582896
:10F4A000D1D16C7810230235CDE72B7803F0DF0340
:10F4B000582BF6D00823C6E7A4F1410CBCF1190F74
:10F4C00001D8373CCFE7A4F1610CBCF1190F04D887
:10F4D000573CC8E74FF0FF36D2E7731C06D1222312
:10F4E000CEF80030304632B9BDE8F08307B1404273
:10F4F000002AF9D006B1691E1160F5E7147E0308F1
:10F5000013460A46014602480068FFF787BF00BF5E
:10F51000C802002010B504460448134620B10A462C
:10F520000220214600F074FD10BD00BF1100030849
:10F53000F0B5ADF5057D0E4604AF4FF400710391B3
:10F5400000933946134603AA054600F05BF80446CB
:10F5500080B10246039B3146284600F0FBFCBC42CA
:10F56000039003D02146284600F0B6FD03980DF520
:10F57000057DF0BD4FF0FF30F9E7000013460A4665
:10F58000014602480068FFF7D3BF00BFC802002051
:10F5900030B51446002C9BB005461A4605DA8B237D
:10F5A00003604FF0FF301BB030BD4FF40273ADF875
:10F5B0000C3014BF04F1FF332346029305934FF63A
:10F5C000FF7300910491ADF80E3069461E9B00F068
:10F5D0001BFF431CBCBF8B232B60002CE3D0009B84
:10F5E00000221A70DFE7000007B5009313460A46B1
:10F5F000014603480068FFF7CBFF03B05DF804FB4A
:10F60000C802002030B515469BB02C681A46D9B107
:10F61000002C19D04FF4C16300910491ADF80C3067
:10F62000214619DB4FF6FF7302910591ADF80E30BC
:10F6300069461E9B00F0E8FE00280FDB009B286057
:10F6400000221A7004980AE000214FF42273ADF8EA
:10F650000C3000910491E5E78B23036000201BB080
:10F6600030BD10B501390244904201D1002005E0BF
:10F67000037811F8014FA34201D0181B10BD0130CF
:10F68000F2E7884210B501EB020402D98442234616
:10F6900007D8431EA14208D011F8012B03F8012F0F
:10F6A000F8E7024401468A4200D110BD13F8014D2B
:10F6B00002F8014DF7E702440346934200D1704738
:10F6C00003F8011BF9E710B56AB10139841810F885
:10F6D000012B11F8013F9A4203D1A04201D0002A28
:10F6E000F5D1D01A10BD1046FCE71F2938B50546E4
:10F6F0000C4604D9162303604FF0FF3038BDC26BAF
:10F7000012B152F821304BB9284600F021FC2246B4
:10F7100001462846BDE8384000F008BC012B0AD05D
:10F72000591C03D1162303600120E7E7002142F8AA
:10F730002410204698470020E0E70000024B0146D5
:10F740001868FFF7D2BF00BFC802002038B50B4BC6
:10F750001D686B6B044653B9242000F03BFD024644
:10F76000686320B9064B07483D21E7F7BCFA696B8F
:10F770002046BDE8384000F007B800BFC8020020AE
:10F78000107D0308147F03082DE9F0414D4A0C4613
:10F790000023D0E90001F7F705F8002ABCBF02F505
:10F7A000A83202F5C0724FF4616100F52F20B2FB60
:10F7B000F1F301FB13224FF03C01ACBF00F66C20CB
:10F7C00000F66B20A360B2FBF1F301FB1322636030
:10F7D0002260C31C072293FBF2F2C2EBC2029B1A07
:10F7E000394955D50733A361A0F50E33A3F52C7322
:10F7F00093FBF1F1354B03FB010048F6AC63B0FB22
:10F80000F3F3034440F2B45CB0FBFCF29B1A40F209
:10F810006D172F4AB0FBF2F264269B1AB3FBF7F286
:10F82000B3FBFCF3B2FBF6F5EB1A034407FB123310
:10F83000992003EB8307023703F1010EB7FBF0FCBD
:10F8400000FB0CF002304FF00508B0FBF8F0AEEB17
:10F85000000040F2F95E77458CBF6FF00907022780
:10F8600067444FF4C87C0CFB0121012F98BF013184
:10F87000B3F5997F12D3A3F59973E361A1F26C718B
:10F880000023E060C4E9047123622046BDE8F081F2
:10F890000028A361A8DB90FBF1F1ABE712F0030FA6
:10F8A00002D106FB15255DB94FF4C875B2FBF5F61C
:10F8B00005FB1622B2FA82F252093B331344DCE70D
:10F8C0000122FAE780510100B13A02004FC5FDFF65
:10F8D000B03A0200F7B501683B29044611D93C2231
:10F8E000684600F0F1FB019A63680099002A0B4416
:10F8F0006360BBBF3C3203F1FF3322602260B8BFBC
:10F90000636061683B2911D93C22684600F0DCFB4A
:10F91000019AA3680099002A0B44A360BBBF3C3244
:10F9200003F1FF3362606260B8BFA360A16817296A
:10F9300011D91822684600F0C7FB019AE3680099C4
:10F94000002A0B44E360BBBF183203F1FF33A2600F
:10F95000A260B8BFE36021690B2911D90C22684667
:10F9600000F0B2FB019A63690099002A0B446361BD
:10F97000BBBF0C3203F1FF3322612261B8BF636168
:10F9800063699A071CD1642193FBF1F201FB1232E7
:10F99000C2B903F26C734FF4C87293FBF2F102FB2D
:10F9A0001133002B14BF1C231D23E268002A0BDC3B
:10F9B000344D0B206421E668002E11DD03B0F0BD4C
:10F9C0001C23F2E71D23F0E72E480225D4E903218A
:10F9D000012932D19342F1DAD21AC4E90325F5E7BD
:10F9E0002269013A2261013216D163695A1E9707D2
:10F9F000C4E9040219D192FBF1F701FB1722B2B955
:10FA000003F26B734FF4C87293FBF2F702FB1733E8
:10FA1000002B14BF1C231D232269012A14BF55F893
:10FA200022201A463244E260C5E71C23F4E71D2376
:10FA3000F2E71C23CAE71D23C8E750F82160B24251
:10FA4000BCDD0131921B0C29E2602161BED16369EA
:10FA500000215A1C216191076261EAD1642192FB65
:10FA6000F1F601FB1622002AE5D103F26D734FF483
:10FA7000C87293FBF2F102FB1133002B14BF1C235D
:10FA80001D23A3E7BC7F03082DE9F74F074600F0CD
:10FA900085FF82463846FFF71DFFD7E900433C2229
:10FAA00002FB0344BB687D694FF4616202FB0344BF
:10FAB000D7E90363BC4A52F82320013E012B1644C8
:10FAC00011DDA9070FD1642295FBF2F302FB13535A
:10FAD00043B905F26C734FF4C87293FBF2F102FB69
:10FAE000113303B9013605F51C53103344F6206277
:10FAF0009342FE6100F25481462D40F39F804623DD
:10FB000040F26D1C64214FF4C8709A0740F0908059
:10FB100093FBF1F201FB1232002A40F08C8003F2D9
:10FB20006C7292FBF0FE00FB1E22002A14BF62469C
:10FB30004FF4B77201339D421644E6D19B4B4FEA16
:10FB4000E478C6FB034800F0DFF900F0E9F9984BD0
:10FB50001B68002B00F01A817869DAF80430D7F8B6
:10FB6000209000F26C70834240F0AB80DAE9082309
:10FB7000DAE9121BDAF85000DAF828C0121A63EB3F
:10FB8000E073B1EB0C0ECDF800E06BEBEC7ECDF842
:10FB900004E0DDF800E07445DDF804E078EB0E0EDB
:10FBA00080F2B580DAF8001021B1944278EB0303BB
:10FBB000C0F2BB80B9F1000F40F09080ACEB0000C8
:10FBC0004FF001093B68D7F80CB00419034448EB27
:10FBD000E0783B603846FFF77DFEFA68B2EB0B0237
:10FBE00079D0012A00F3A980931CD8BF0122FB69B8
:10FBF000D31840F1AB806B1E980740F0A1806421C0
:10FC000093FBF1F001FB1033002B40F09C804FF48C
:10FC1000C87305F26B7595FBF3F103FB1155002DCD
:10FC200040F26D1318BF4FF4B673FB61164452E0F7
:10FC300040F26D127EE74FF4B7727BE73FF47EAF80
:10FC4000452340F26D1C64214FF4C87012E062BB82
:10FC500093FBF1F201FB123252BB03F26C7292FB86
:10FC6000F0FE00FB1E22002A14BF62464FF4B7725A
:10FC7000B61A013B9D4203F00302E8DBDAB96422C5
:10FC800095FBF2F302FB1353C3B905F26C734FF407
:10FC9000C87293FBF2F102FB1133002B40F26D139B
:10FCA00008BF4FF4B773F61A48E740F26D12DFE76A
:10FCB0004FF4B772DCE740F26D13F4E74FF4B7731B
:10FCC000F1E700F077F800287FF450AFB9F1010FA9
:10FCD000A8BF4FF00109B9F1010F59D1DAF850303E
:10FCE0001C1948EBE3784FF0010900F013F90436D2
:10FCF000072396FBF3F3C3EBC303F61A4ED4C7F8FE
:10FD00002090BE612046414603B0BDE8F08F091A3D
:10FD10004FEAE07E6BEB0E0E8C4278EB0E0ED5DBDD
:10FD2000DAF8001000293FF440AFB9F1000F2DDDE3
:10FD3000A0EB0C004FF0000944E74FF0FF3256E70C
:10FD40004FF4B67371E740F26D136EE7A90717D150
:10FD5000642095FBF0F100FB1151A1B94FF4C8717B
:10FD600005F26C7595FBF1F001FB1055002D40F28A
:10FD70006D1108BF4FF4B7718B42A8BF5B1A54E7EF
:10FD800040F26D11F8E74FF4B771F5E74FF0000955
:10FD9000DAF828301C1948EBE378A6E70736AEE717
:10FDA0004FF0FF34A046ADE78C7F0308805101007F
:10FDB000645B00202DE9F047044600F0EFFD40F2BF
:10FDC000B1739C4240F399806FF4F667E519A4F291
:10FDD000B27340F26D12AD1002FB03556FF4C86CA4
:10FDE0006FF06302A4F26D73454F93FBF2F31D4471
:10FDF0004FF4C87204EB0C034460B3FBF2F301460A
:10FE00001D4400F1500C0B7A4A694A2B33D1A607E6
:10FE100005EB020306D14FF0640E94FBFEF60EFBD9
:10FE2000164636B94FF4C87E94FBFEF60EFB164616
:10FE3000FEB93B2AD4BF002201221344013B8A6948
:10FE4000D617C3FB07268B6AD21846EBE373C1E9CA
:10FE5000082328318C45D6D1D0E90843D0E91212C5
:10FE60008C429341B4BF0123002303600120BDE80D
:10FE7000F0870022E1E7442B01D1AB18DFE7A307AD
:10FE800005D1642694FBF6F306FB13437BBB4FF4CA
:10FE9000C87394FBF3F603FB1646B6FA86F67609AA
:10FEA000DFF860E0D1F80C904FF0300A2B464FF0AD
:10FEB00000080AFB06E608F10108C14556F828E0EB
:10FEC00017DC03F10408072698FBF6F6C6EBC60616
:10FED000A8EB0606921B0E6906F1FF3648BF0732F3
:10FEE000C6EBC6063244724505DA1344A7E701267D
:10FEF000D6E77344DFE7073AF5E70020B7E700BF2E
:10FF00008051010020800308014800F05FB800BF65
:10FF10006C5B0020014800F05BB800BF6C5B002008
:10FF2000014B1868D4F762B9C802002038B5074DF4
:10FF300000230446084611462B60D4F74CF9431CB5
:10FF400002D12B6803B1236038BD00BF685B00207D
:10FF5000D4F74AB938B5074D044608461146002281
:10FF60002A601A46EFF778F8431C02D12B6803B1D8
:10FF7000236038BD685B0020014B1868704700BFE4
:10FF8000C802002070B50D4D0D4C641BA410002656
:10FF9000A64209D10B4D0C4C00F078FE641BA41056
:10FFA0000026A64205D170BD55F8043B984701369E
:10FFB000EEE755F8043B98470136F2E78C800308DA
:10FFC0008C8003088C800308B48003087047704756
:10FFD00070477047024B0A460146186800F0E2BCC1
:10FFE000C8020020034611F8012B03F8012B002A58
:10FFF000F9D170470A44914200F1FF3300D17047B4
:020000040803EF
:1000000010B511F8014B03F8014F9142F9D110BD21
:100010002DE9F843274D0746286891460E46984635
:10002000FFF7D5FF244A14683CB9244B1360244AD7
:1000300012B11268C3F88820204C63681F2B06DDBC
:100040002868FFF7C6FF4FF0FF30BDE8F8832FB3F5
:10005000D4F8880068B91B4B002BF1D04FF48470A2
:1000600000F0B8F80028EBD00023C0E94033C4F812
:100070008800636840F8239001229A4000EB8301D6
:10008000D0F800311343C0F80031022FC1F880804E
:1000900002BFD0F804311343C0F804316368286804
:1000A0005A1C0233626044F82360FFF792FF00207D
:1000B000CBE700BF18030020FC5B0020705B002032
:1000C000EC7F0308D501030810B591FBF2F402FBA5
:1000D00014110460416010BD38B50546002941D0B7
:1000E00051F8043C0C1F002BB8BFE41800F024F9B1
:1000F0001D4A136833B9636014602846BDE8384070
:1001000000F020B9A34208D9206821188B4201BF12
:1001100019685B6809182160EDE71A465B680BB146
:10012000A342FAD911685018A0420BD120680144AB
:10013000501883421160E0D118685B68536008442E
:100140001060DAE702D90C232B60D6E7206821186B
:100150008B4204BF19685B68636004BF09182160A3
:100160005460CAE738BD00BF2C5C002070B5164C47
:10017000054608460E4600F0DFF823684BB1002123
:10018000304600F021FC421C18BF2268034618BF0D
:10019000831A0E4A1168002291B90D4C3046236033
:1001A0009B1A2262E36100F0CDF80FCC2E460FC6F9
:1001B0000FCC0FC694E8030086E80300284670BD04
:1001C000086849680244E7E7285C00202C5C0020AE
:1001D000005C0020024B0146186800F02DB800BFFB
:1001E000C8020020024B01461868FFF775BF00BF28
:1001F000C802002070B50F4E0C463168054611B993
:1002000000F0E2FB30602146284600F0DDFB431C95
:1002100003D14FF0FF34204670BDC41C24F003040A
:10022000A042F8D0211A284600F0CEFB0130F2D1CE
:10023000EFE700BF285C00202DE9F843CD1C25F036
:10024000030508350C2D38BF0C25002D064601DBB3
:10025000A94204D90C2333600020BDE8F883DFF8FD
:10026000D48000F069F8D8F800301C4644BB294619
:100270003046FFF7BFFF431C044658D1D8F8004072
:100280002746002F43D1002C4BD0236839463046F7
:1002900004EB030900F098FB814542D121686D1AF7
:1002A00029463046FFF7A6FF01303AD023682B4499
:1002B0002360D8F800305A6862BBC8F800700FE0BD
:1002C0002268521B20D40B2A17D96119A34225603A
:1002D00018BF5960636808BFC8F8001062514B60CE
:1002E000304600F02FF804F10B00231D20F007002A
:1002F000C21A1CBF1B1AA350AFE76268A3420CBF0F
:10030000C8F800205A60EBE723466468AEE73C4635
:100310007F68B6E71A465B68A342FBD100235360AF
:10032000DEE70C233360304600F00CF894E70560FC
:10033000D6E700BF2C5C00200148FFF748BE00BF95
:100340006D5B00200148FFF744BE00BF6D5B0020DD
:100350002DE9F0478E681F46BE420B6882460C4668
:1003600090462DD8B1F90C2012F4906F26D0656913
:10037000096905EB4505A3EB010905EBD5757B1C68
:100380004B446D109D4238BF1D46530527D5294665
:10039000FFF752FF064660B321694A46FFF72AFE7F
:1003A000A38923F4906343F08003A38126616561F0
:1003B0004E44A5EB09052660A5603E46BE4200D925
:1003C0003E46206832464146FFF75BF9A3689B1B17
:1003D000A3602368334423600020BDE8F0872A46E9
:1003E00000F002FB06460028E0D121695046FFF7E5
:1003F00073FE0C23CAF80030A38943F04003A381A5
:100400004FF0FF30E9E700002DE9F04F98468B8967
:100410001B069DB007460D46144610D50B6973B9EF
:100420004021FFF709FF2860286130B90C233B60A9
:100430004FF0FF301DB0BDE8F08F40236B6100230B
:10044000099320238DF82930CDF80C803023DFF874
:100450009C818DF82A304FF0010923469A4613F803
:10046000012B0AB1252AF9D1BAEB040B0BD05B465C
:10047000224629463846FFF76BFF013000F0A7807F
:10048000099A5A4409929AF80030002B00F09F8094
:1004900000234FF0FF32CDE905230AF1010A04934E
:1004A00007938DF853301A935446052214F8011B14
:1004B0004E48F5F70DFE049AD8B9D00644BF202364
:1004C0008DF85330110744BF2B238DF853309AF821
:1004D00000302A2B15D0079A544600204FF00A0C02
:1004E000214611F8013B303B092B4BD9B0B10792A3
:1004F00014E0A0EB080309FA03F313430493A246A4
:10050000D2E7039B191D1B680391002BBBBF5B4205
:1005100042F0020207930793B8BF049223782E2B70
:100520000AD163782A2B32D1039B1A1D1B680392D0
:1005300043EAE37302340593DFF8B4A02178032281
:100540005046F5F7C5FD38B1049BA0EB0A004022E8
:10055000824013430134049314F8011B25488DF89D
:1005600028100622F5F7B4FD002836D0224B1BBB1D
:10057000039B073323F0070308330393099B33449A
:1005800009936AE70CFB02320C460120A8E700231E
:100590000134059319464FF00A0C204610F8012B40
:1005A000303A092A03D9002BC6D00591C4E70CFBC9
:1005B000012104460123F0E703AB00932A460F4BC9
:1005C00004A93846AFF30080421C0646D6D1AB8959
:1005D0005B063FF52DAF09982CE703AB00932A4645
:1005E000064B04A9384600F079F8EDE7F07F0308E0
:1005F000F67F0308FA7F0308000000005103030898
:100600002DE9F047164698468A680B69DDF8209078
:100610009342B8BF1346336091F8432007460C4617
:100620000AB1013333602368990642BF336802334D
:100630003360256815F0060506D104F1190AE36850
:1006400032689B1AAB4226DC94F843302268003BA8
:1006500018BF012392062BD404F1430241463846C9
:10066000C84701301ED02368226903F00603042B1B
:1006700002BFE5683368ED1AA3680CBF25EAE5758B
:1006800000259342C4BF9B1AED1800261A34B542C8
:100690001AD1002008E00123524641463846C84797
:1006A000013003D14FF0FF30BDE8F0870135C6E7D8
:1006B000E1185A1C302081F84300224494F8451078
:1006C00082F843100233C7E70123224641463846E9
:1006D000C8470130E6D00136D9E700002DE9FF47D1
:1006E0000F7E0C9E782F914680460C469A4601F16B
:1006F000430207D8622F0AD8002F00F0DD80582F60
:1007000000F0C38004F1420684F842703AE0A7F199
:100710006303152BF6D801A151F823F075070308E0
:1007200089070308050703080507030805070308E9
:1007300005070308890703080507030805070308D9
:1007400005070308050703089F080308170803089F
:10075000570803080507030805070308C10803082D
:10076000050703081708030805070308050703081A
:100770005F08030833681A1D1B68326004F14206E3
:1007800084F842300123A8E031682368081D3060F6
:100790001E0601D50D6803E05D06FBD5B1F90050DA
:1007A0006168002D78DA2D20002984F84300A160CB
:1007B0002DDA5E486D420A231646B5FBF3F103FBC2
:1007C0001157C75D06F8017D2F46BB420D46F4D98F
:1007D000082B0BD12368DF0708D52369616899428C
:1007E000DEBF302306F8013C06F1FF36921B226182
:1007F000CDF800A04B4603AA21464046FFF700FF74
:1008000001306FD14FF0FF3004B0BDE8F08723F026
:1008100004032360CDE721683368080653F8045BBE
:1008200002D4490648BFADB26F2F4048336014BFB1
:100830000A230823002184F843106668A660002E6E
:10084000BADB216821F004012160002DB4D1002E13
:10085000B2D11646BCE7236843F020032360344836
:10086000782784F84570236831681F0651F8045BC7
:1008700002D45F0648BFADB23160D90744BF43F030
:10088000200323601DB11023D4E72848E9E723683B
:1008900023F020032360F6E724480A23CDE73368DA
:1008A00025686169181D30602E061B6801D5196026
:1008B00002E06806FBD5198000232361164697E7FE
:1008C00033681A1D32601E68626800213046F5F7F1
:1008D000FFFB08B1801B606063682361002384F81C
:1008E000433085E72369324649464046D0470130C8
:1008F00088D023689B0714D4E068039B9842B8BF54
:10090000184681E70123324649464046D047013028
:100910003FF478AF0135E36803995B1AAB42F1DC31
:10092000EAE7002504F11906F5E700BF0180030896
:10093000128003080CB430B5174B0C1E1D689DB017
:1009400008DA8B232B604FF0FF301DB0BDE830403C
:1009500002B070474FF40273ADF8143014BF04F1C5
:10096000FF332346049307934FF6FF7302900690DC
:10097000ADF81630209A21AB02A928460193FFF763
:1009800043FD431CBCBF8B232B60002CDDD0029B9E
:1009900000221A70D9E700BFC80200200048704743
:1009A0002003002038B5074D0023044608461146B1
:1009B0002B60D2F7B1FB431C02D12B6803B123603B
:1009C00038BD00BF685B002038B5064D00230446E3
:1009D00008462B60D3F7D0FB431C02D12B6803B130
:1009E000236038BD685B00202DE9F0418046154644
:1009F0000C4621B9BDE8F0411146FFF71DBC2AB9EC
:100A0000FFF76AFB00242046BDE8F08100F01AF8E9
:100A10008542064602D8B5EB500FF4D82946404629
:100A2000FFF70AFC07460028ECD0B5422A462146CB
:100A300028BF3246FFF7DEFA21464046FFF74CFB5F
:100A40003C46E0E751F8043C181F002BBCBF0B5894
:100A5000C0187047024B0A4601461868FFF7C4BF2A
:100A6000C8020020024B0344587800F097007047FA
:100A7000137E0308024B0344587800F008007047C7
:100A8000137E03080EB400B59CB01DAB0290069017
:100A90006FF00041094807910491094953F8042B6C
:100AA00005910068019302A9FFF7AEFC029B0022AA
:100AB0001A701CB05DF804EB03B07047C802002048
:100AC0000802FFFF30B50D4D044614F8013BEA5C07
:100AD00002F00302012A11F8012BA85C00F00300C8
:100AE00008BF2033012803D12032981AEDD030BD41
:100AF000981AFCD1002AE8D1F9E700BF147E030858
:100B000010B50246147813460132002CFAD1013B8D
:100B100011F8012B03F8012F002AF9D110BDC9B239
:100B20000346184613F8012B12B18A42F9D17047D7
:100B3000002918BF0020704770B503461E4613F801
:100B4000014B44B14A1E01E0A54204D012F8015FF6
:100B5000002DF9D1F2E7301A70BD10B50139034606
:100B600032B111F8014F03F8014B013A002CF7D1D3
:100B70001A440021934200D110BD03F8011BF9E78C
:100B800038B511F0FF0403460ED12146BDE83840C8
:100B9000FFF7C5BF431C054621461846FFF7BFFFB8
:100BA0000028F7D1284638BD0025F5E770B5034683
:100BB0001E4613F8014B3CB14A1E01E0A542F7D096
:100BC00012F8015F002DF9D1301A70BD0A7870B5A6
:100BD0006AB970BD9A4209D10C46054614F8013F26
:100BE000002BF6D015F8016F9E42F7D00130037844
:100BF000002BEFD11846ECE738B50022002304465D
:100C00000D46F5F783F928B920462946BDE8384056
:100C100000F00AB8204605F1004100F005F8404216
:100C200061EB410138BD00BFD0B50C4B0022064638
:100C30000F46F4F7F9FEF5F791F90446F4F77AFE5A
:100C4000074B0022F4F7F0FE02460B4630463946C9
:100C5000F4F732FDF5F782F92146D0BD0000F03DF2
:100C60000000F041430803F05533C01A830803F035
:100C7000333300F03330184400EB101000F00F3025
:100C800000EB002000EB0040000E7047F8B500BFFD
:100C9000F8BC08BC9E467047F8B500BFF8BC08BC5D
:040CA0009E467047B5
:100CA800A0860100400D0300801A060000350C00E4
:100CB80040420F0080841E0000093D0000127A00A7
:100CC8000024F40000366E010048E801006CDC02E4
:100CD800000000000000000000000000000000000C
:100CE80001000000030000000500000001000000F2
:100CF80001000000060000000A00000020000000BB
:100D080002000000040000000800000010000000BD
:100D18004000000080000000000100000002000008
:100D280000000000010000000200000000000000B8
:100D38000000000027350108313501081D4400086E
:100D48007B0C0008A50C0008190800082B080008EF
:100D5800DD0D00082D06000800000000000000005E
:100D68006B0D00088F0E00085706000800000000F1
:100D780000000000810D0008AD0D00080000000013
:100D880000000000BF0D00087D0E000800000000F4
:100D980000000000D50C0008590D000839060008AD
:100DA800000000000000000027100008671000087D
:100DB800C9710008C9AA0008070A00084595000873
:100DC80099740008FD0600085D440008A3060008A1
:100DD800A30600080DD7000865D60008D10600084C
:100DE800C5680208CD680208D968020860F5FFFFE7
:100DF80000000000EF06000889E901089F060008C6
:100E08001F100008C551000850F5FFFF0000000042
:100E180027350108313501081D4400086110000814
:100E280079100008190800082B080008F5060008C2
:100E380000000000000000000000000000000000AA
:100E4800C9710008C9AA0008A9D200084595000878
:100E58009974000800000000E3700008A306000869
:100E6800A30600080DD7000865D60008000000009A
:100E780000000000AD160008C1160008AD09000802
:100E88000000000000000000D31600081F1800082A
:100E9800E90900080000000000000000E916000849
:100EA8000D1800080000000000000000000000000D
:100EB8000000000001000000020000000300000024
:100EC80004000000010002000400060008000A00F7
:100ED8000C0010002000400080000001010000000C
:100EE80002000000040000000800000010000000DC
:100EF8002000000040000000800000000001000009
:100F080000020000000400000008000000100000BB
:100F180000200000004000000080000002000000E7
:100F28000080004012080000020100000044004058
:100F380012070000090000000038014012070000F5
:100F48001600000000380140120700001B000000D6
:100F580000800040120800002100000000800040CE
:100F680012080000FFFFFFFF000000000000000063
:100F78000300000000800040120800000301000088
:100F880000440040120700000A0000000038014039
:100F98001207000017000000003801401207000087
:100FA8001A00000000800040120800002000000025
:100FB8000080004012080000FFFFFFFF0000000053
:100FC800000000000100000000800040120800003E
:100FD8000101000000440040120700000C0000005E
:100FE8000038014012070000110000000080004096
:100FF800120800001300000000380140120700002A
:101008001C0000000080004012080000FFFFFFFFE6
:101018000000000000000000000000000044004044
:1010280012070000060000000080004012080000BF
:101038000B000000003801401207000014000000F7
:1010480000380140120700001D0000000080004029
:1010580012080000FFFFFFFF000000000000000072
:101068005AC000FFFCA5E0003F19320A2800000022
:1010780014000000000000000000000000001E0036
:10108800D82303089C230308000000000000000088
:101098001100000011000000000000000000000026
:1010A80027350108313501081D440008EF560008AE
:1010B800855700081908000819560008A9520008A1
:1010C800C161000891090008A10900085D15000820
:1010D8003D1400089D110008B562060800000000D4
:1010E800B5620A04000000008025000000C201006B
:1010F80000960000C012000000E1000080250000FA
:1011080003010000030300000000000000070000C6
:1011180000000000000000000000000000000000C7
:10112800000000000000000000000000E8030000CC
:1011380001000000030300030300F3AC62AD1E03CB
:10114800000000004C6600000000000003100600CC
:101158000000000000000000000000000001000086
:1011680000000000000000000000E803010001008A
:10117800F001000000000000F00200000000000084
:10118800F003000000000000F0050000000000006F
:10119800F004000100010000F0000001000100005F
:1011A8000100000000110300E80300001027000000
:1011B8000000000001000000000000000000000026
:1011C8000000000000000000000000000B320000DA
:1011D8000000000000000000FFFF00000000000009
:1011E800170000FF020008100001000001010103C0
:1011F80000010000010000FF0500081000010001C7
:1012080001010103000100010102040800010001BD
:1012180001050003000100010106080E000100019C
:1012280001F3AC62AD1E43000002004C66000000F2
:10123800000000031006000000000000000000008D
:101248000000000001000000000000000000000095
:101258000000030000000000000041000200000040
:101268000000000001000000000000000000010074
:1012780000C000912000CA00912000C50091200004
:10128800AC00912000B100912000BB00912000002B
:10129800020000CA00912000C500912000B1009111
:1012A8002000000100000700922003000200000750
:1012B80000922003000100000100D020020200D0AB
:1012C80040050000000500D03001000800D01001E2
:1012D8000900D010011000D0100100020000010028
:1012E800D020020200D040050000000500D03001E7
:1012F800000800D010010900D010011000D0100122
:10130800000100000D00411001130041100100020E
:1013180000000D0041100113004110010001000000
:1013280020003110000500311000000200002000EC
:10133800311000050031100000020000BB009120B0
:1013480001AC0091200100010000BB00912001AC1C
:101358000091200100000000FFFF000000000000D5
:101368000100000004110010081104400C1108408D
:1013780000000000041200400810041000000000E3
:10138800041200100917010001000F000C121010C0
:101398000000000004120040081204400C1008105D
:1013A8000000000004140040081404400C14084015
:1013B80010140C40000000006C130308246003089C
:1013C800000000000000000003000000030000000F
:1013D8007C130308246003080000000000000000DC
:1013E80002000000020000008813030824600308BC
:1013F80000000000000000000300000003000000DF
:10140800F0130308000000009C130308246003087D
:1014180000000000000000000300000003000000BE
:10142800AC1303082460030800000000000000005B
:101438000400000004000000C013030800000000BE
:101448000518014004000C000917010010001400E1
:101458000C102410000000000410001008100110E7
:101468000C100210101003101517010004001000D2
:101478000000000004100010081001100C100210E9
:1014880010110310141004101917010005001000A2
:101498001C1115100000000004120080091701003B
:1014A800080028000C1030101117010031000A0044
:1014B800000000000412008009170100080028003D
:1014C800000000000412008009170100080028002D
:1014D8000C12304000000000D81303080000000080
:1014E8000412004009160100040022000D17010033
:1014F80026000C001014344014103810181039103D
:101508001D1801203C000800000000000412001013
:1015180008120110000000001415030824600308D5
:1015280000000000000000000200000002000000AF
:1015380004100010081001100C120440101208408A
:1015480014100C10181210401C10141020121840FF
:1015580024121C40281020102C122440301028106F
:101568003410291038102A10000000000517010057
:101578000000500000000000041000100812044091
:101588000C11084010110C4000000000041000105D
:10159800081204400C12084010100C101517010016
:1015A8000D001400181221101C12221020102310F4
:1015B8000000000004100010081201100C120210A4
:1015C8001012031014120410000000000410001080
:1015D800081204400C10081000000000041000104D
:1015E800081001100D28042004001100000000005C
:1015F80004100010081201100C120210101203102F
:1016080014120410181205101C1206100000000015
:1016180004100010081204400C12084010120C406C
:1016280014121010181211101C121210201013107E
:101638002410141029170100150010002C10251073
:101648000000000004120040081204400C100810AA
:101658001010091014100A1018100B101C120C404E
:101668002010101024121440281018102C101910D3
:1016780030121C4034102010381021103C10221059
:101688000000000004100010081204400C1008109C
:1016980010100910000000000410001008100110BC
:1016A8000C1204401012084014120C4018101010AC
:1016B8000000000004100010081204400C1208403A
:1016C80010100C1014100D1018100E101C100F1004
:1016D8002012101024121110281012102C101310A0
:1016E8003010141034101510381216203C10181031
:1016F8000000000004100010081001100C12044033
:101708001012084014120C10181210401C12141059
:10171800201015100000000010140308000000003D
:101728000410001009170100010040000D17010006
:101738004100400011170100810020001410A11081
:101748001810A2101C10A31021170100A4002000DB
:101758002410C4102810C5102D180120C8000C0032
:1017680000000000051601000000220008122210E7
:101778000C122440101028101410291018102A10C8
:101788001C102B1020102C10000000000516010062
:101798000000220009160100220022000D26032065
:1017A800460022001010AC101410AD101810AE1026
:1017B8002010AF10000000000410001008120110E3
:1017C8000C12044000000000051001000000010098
:1017D80009120100010001000D12010002000200BF
:1017E8001112010004000400151201000800010094
:1017F800191401000C0004001D1201001000010062
:101808002112010014000400251001001800010035
:1018180029110100190001002D1201001A0002000F
:10182800311001001C000100351001001D000100ED
:1018380039140100200004003D10010024000100BB
:1018480041120100280004009D22034030000410CA
:10185800A11001003C000110A51001003D0001107D
:10186800A91201003E00011000000000041200400F
:10187800081204100C12084010100C1014100D104F
:1018880018120E101C120F10201210102410111014
:10189800281012102C1213103010141034101510B8
:1018A800381016100000000028140308000000007B
:1018B800041000100D17010001002100111701008C
:1018C8002200410015170100630021001810841040
:1018D8001C1285102118012088001000251701000E
:1018E800980021002812BC402C10C01000000000F5
:1018F80004100010081204400C14084010120C4088
:10190800181210401C1214402012184024121C10E7
:10191800801220800000000004120040081004100B
:101928000C100510101006101412084018120C4064
:101938001C121040201214402412184028121C4077
:101948002C122040301224403412281000000000CD
:10195800041200100810011010120440141208405C
:1019680018120C101C1210402010141024101510FE
:10197800281016102D1701001700410030105810BC
:101988003412591038145C4000000000041204445A
:1019980008140C440C14144410141C441412244449
:1019A800000000000414044408140C440C111444EE
:1019B8001014184014121C1018121D101C1420406A
:1019C8002011244024132C44281334442C1238406A
:1019D80030123C4034124040381244403C124C44CF
:1019E800401254444412584048125C404C12604023
:1019F800501264405412684058126C405C12704097
:101A08000000000005170100000010000917010080
:101A1800100028000D17010038000500111B0100F7
:101A28003D00060014124310181044101C124510F3
:101A38002116010046002200241069110000000050
:101A48000512010000000200091601000200EC0066
:101A58000D100100EE00010011140100F000040057
:101A680015140100F400040019140100F800040022
:101A78001D140100FC0004002114010000010400F1
:101A88002512011005010100000000004814030898
:101A980040140308000000000000000003000000DC
:101AA800030000006014030824600308000000001D
:101AB8000000000005000000050000007C14030879
:101AC8002460030800000000000000000700000078
:101AD80007000000A01403082460030800000000A9
:101AE800000000000400000004000000BC1403080B
:101AF800246003080000000000000000020000004D
:101B080002000000CC140308246003080000000051
:101B1800000000000300000003000000E8140308B0
:101B2800E0140308000000000000000007000000A7
:101B380007000000381503082460030800000000AF
:101B4800000000000E0000000E00000074150308DD
:101B580024600308000000000000000001000000ED
:101B6800010000008015030824600308000000003D
:101B780000000000040000000400000094150308A1
:101B880024600308000000000000000008000000B6
:101B980008000000BC1503082460030800000000CA
:101BA800000000000500000005000000D41503082F
:101BB800246003080000000000000000030000008B
:101BC80003000000E41503080814030800000000DF
:101BD800000000000300000003000000F8150308DF
:101BE8002460030800000000000000000700000057
:101BF800070000001816030824600308000000000E
:101C0800000000000B0000000B0000004C16030849
:101C18002460030800000000000000000F0000001E
:101C28000F0000008C160308246003080000000061
:101C3800000000000400000004000000A0160308D3
:101C480024600308000000000000000006000000F7
:101C580006000000BC16030824600308000000000A
:101C6800000000000F0000000F000000FC16030831
:101C780024600308000000000000000008000000C5
:101C880008000000281703082017030800000000B8
:101C9800000000000B0000000B0000008C1C030873
:101CA800741C03085C1C0308441C03082C1C030850
:101CB800141C0308FC1B0308E41B0308CC1B0308C3
:101CC800B41B03089C1B0308841B03086C1B030834
:101CD800541B03083C1B03082015030800000000E0
:101CE8006C170308246003080000000000000000CF
:101CF80008000000080000002460030824600308AE
:101D080000000000000000000000000000000000CB
:101D18009417030824600308000000000000000076
:101D28000700000008000000C0170308246003082B
:101D38000000000000000000030000000300000095
:101D4800D01703082460030800000000000000000A
:101D5800140000006A0000007418030824600308D7
:101D680000000000000000000E0000000E0000004F
:101D7800B8180308B01803080000000000000000AD
:101D88000A0000000B000000F8180308246003088C
:101D98000000000000000000090000002000000012
:101DA8002019030824600308000000000000000058
:101DB8000D0000000D0000005819030824600308F6
:101DC80000000000000000000D0000000E000000F0
:101DD80094190308246003080000000000000000B4
:101DE8000500000005000000AC1903082460030882
:101DF80000000000000000001700000017000000AD
:101E08000C1A03082460030800000000000000000A
:101E18000900000009000000481A030824600308AC
:101E28000000000000000000090000000900000098
:101E3800C41A0308AC1A0308941A03080000000027
:101E480004120040081204100C120620101008108A
:101E58001410091018120C401C1210102010111028
:101E680024101210281213102C12141031180110FB
:101E780016001600351801102D001400391601003F
:101E8800420012003D1801405800280040128010FE
:101E980044128440481088104C1289100000000039
:101EA8000C1B0308F41A0308DC1A0308001D0308B6
:101EB800001D030800000000051201400400040092
:101EC80009140100080004000D1201000C000100B3
:101ED800111701000D0090012D380120A0013800D4
:101EE80031380120A001300035380120A001400020
:101EF80039380120A00101003D380120A00101006E
:101F080000000000051701000000E4000812E4408A
:101F1800000000000517010000003C000936012000
:101F28003E00B6010D3701203E00B301111001003B
:101F3800F401010000000000051701000000120074
:101F4800081214400C1018101010191014101A1040
:101F580018101B101C121C102012204024122410D0
:101F6800281025102C1026103012284000000000E0
:101F780004120010081202200C120420111601008D
:101F88000600820000000000041100100812011071
:101F98000C1202101012044000000000241B030859
:101FA800000000000411001009180130040044006A
:101FB8000C12481000000000053801400400D4004D
:101FC80009380140040018000D38014004001C00C5
:101FD80011380140040014001538014004000C00B9
:101FE80019380140040024001D380140040028006D
:101FF800213801400400070025380140040048004A
:102008002938014004000C002D3801400400050067
:102018003138014004002400353801400400100024
:1020280039380140040050003D38014004002C00BC
:1020380041380140040002000000000005170100BB
:102048000000800109140100800104000D1701003F
:102058008401200011120100A40101000000000009
:10206800C01D0308A81D0308901D0308781D030858
:10207800601D0308481D0308301D0308181D0308C8
:10208800001D03084C220308E81C03080000000098
:1020980005380180080060000938018008002C001C
:1020A8000D38018008002800113801800800C4009C
:1020B8001538018008001800193801800800400010
:1020C8001D38018008000800213801800800B00090
:1020D80025380180080001002938018008008C009B
:1020E8002D3801800800300000000000081E030899
:1020F800F01D0308D81D03080000000005120100A8
:10210800000004000918012006006A000D180140AB
:102118007400740011140100E80004001514010093
:10212800EC00040019180140F40028001D120100F9
:102138001C010100211001001D01010025120110E0
:102148001F01010029100100200101002D100100CC
:1021580021010100311001002201010035100100A8
:102168002301010000000000041200402012044076
:102178002C120840311601000C001200351701001E
:102188001E002800381246103C12482000000000AB
:10219800201E0308000000000514010000000400D0
:1021A80009140100040004000D12010008000100D8
:1021B800113801200C000801153601200C0002011D
:1021C80019140100140104001D1401001801040071
:1021D800211401001C010400251201002001010046
:1021E80029100100210101002D1201002201010026
:1021F80031110100240104003512010028010100F9
:1022080039100100290101003D1201002A010100D5
:10221800411601002C012200451001004E01010069
:1022280049120100500104004D120100540104003C
:102238005112010058010400551201005C0101000F
:1022480000000000481E0308381E030800000000B4
:10225800000000001300000013000000C01E030867
:10226800A81E03080000000000000000090000008C
:102278000F0000000C1F0308246003080000000082
:102288000000000002000000020000001C1F0308FC
:1022980024600308000000000000000004000000A3
:1022A80004000000401F0308246003080000000029
:1022B800000000000C0000000C000000781F03085C
:1022C8002460030800000000000000000400000073
:1022D80004000000901F03082460030800000000A9
:1022E800000000000400000004000000AC1F030808
:1022F800A41F030800000000000000000300000005
:1023080003000000C01F0308A41C0308000000000D
:102318000000000010000000100000004420030826
:102328002460030800000000000000000400000012
:10233800040000009820030868200308000000003B
:10234800000000000B0000000B000000042103083F
:10235800F420030800000000000000000D00000049
:102368000D0000007021030824600308000000002D
:1023780000000000070000000F000000A021030873
:10238800982103080000000000000000150000006C
:1023980015000000842303086C2303085423030852
:1023A8003C230308242303080C230308F42203080E
:1023B800DC220308C4220308AC2203089422030881
:1023C8007C220308642203084C2203080000000052
:1023D80005120100000004000938014008006001EE
:1023E8000D38014008004C00113801400800240154
:1023F800153801400800D000193801400800A8012C
:102408001D3201400800040021300140080001008D
:10241800253801400800D8002938014008004C0040
:102428002D380140080008003138014008008800B4
:102438003538014008002C00393801400800F60101
:102448003D3801400800E800413801400800E0013B
:102458004538014008008C00000000000000000022
:102468000000000000000000000000000000000064
:102478009C0B00206C0900200000000000000000F8
:1024880027350108313501081D440008B70C00083C
:10249800C30C0008190800082B0800081D070008CD
:1024A800000000000100000002000000030000001E
:1024B80004000000050000000600000007000000FE
:1024C80008000000090000000A0000000B000000DE
:1024D8000C0000000D0000000E0000000F000000BE
:1024E800100000001100000012000000130000009E
:1024F800140000001500000016000000170000007E
:1025080018000000190000001A0000001B0000005D
:102518001C0000001D0000001E0000001F0000003D
:10252800200000002100000022000000230000001D
:102538002400000025000000260000002D000000F7
:102548002E0000002F0000003300000000000000F3
:10255800000000001D760008417600080000000019
:1025680000000000E9760008057700080000000078
:102578000000000029770008417700080778000864
:10258800A37700085377000831790008817A00089A
:102598004D7C0008158B0008017C0008356E00088A
:1025A800476E0008D1740008696E0008CB7C0008EB
:1025B8000000000000000000E5E30108F9E301085D
:1025C800779501087B9501084DA80108B19A010883
:1025D800419E01080BE40108000000000000000013
:1025E8008B8B0008A98B00088FA10108779501083B
:1025F80097A10108F3AA0108BFA1010855A2010883
:10260800BDE40108000000000000000079E30108B3
:1026180089E301087795010877950108CDA6010897
:10262800D19801088999010887E401080000000091
:10263800000000005D8B0008798B00088FA101085D
:102648007795010897A10108F3AA0108BFA101081D
:1026580055A20108BDE401080000000000000000C8
:102668009BE30108ABE30108779501087B95010816
:1026780069A70108D19801088999010887E4010828
:1026880000000000000000003B800008F780000800
:10269800896E000800000000000000000000000033
:1026A80000000000BD7300087B6E00080773000877
:1026B800958A0008A1730008D5880008C997000802
:1026C80081B30008E5B2000801890008958900086F
:1026D800000000004F7300087B6E00084373000879
:1026E800497300080000000000000000ED410008E8
:1026F8007F6E00080000000000000000C973000899
:10270800B169020883990008D37300085773000859
:1027180000000000876E00086CFEFFFF000000004C
:1027280027350108313501081D4400080000000064
:1027380000000000190800082B080008F9430008E9
:10274800ADB6000800000000000000000000000016
:1027580000000000077300087B6E0008077300087C
:10276800000000000B7300081573000815730008BB
:1027780081B30008E5B2000819730008756E0008F7
:10278800000000004F7300087B6E000843730008C8
:10279800497300080000000000000000B78000082E
:1027A800DF800008BD7300087B6E0008957D000877
:1027B800958A0008A1730008D5880008C997000801
:1027C800D1B40008EFB20008018900089589000813
:1027D800677F00084F730008AB7D0008437300084B
:1027E80049730008DD7E0008F57E0008197E0008A0
:1027F8007DB50008FD7E0008BD7D0008C97300088E
:10280800B169020883990008177400085773000813
:10281800457F0008559900086CFEFFFF0000000086
:1028280027350108313501081D440008D980000802
:10283800F1800008190800082B080008F94300086F
:10284800ADB6000800000000000000000000000015
:102858000000000000000000000000000000000070
:10286800000000001B84000831840008F56F000890
:10287800000000000000000027350108313501087C
:102888001D440008438400088584000819080008CE
:102898002B0800089BD00008BB8B0008AB9A0008E7
:1028A8003574000819740008796E000800000000EB
:1028B8000000000027350108313501081D440008D3
:1028C80097840008E5840008190800082B08000808
:1028D80051D10008BB8B0008DFC40008357400081C
:1028E800ADC20008A9C30008B5C500080000000073
:1028F8000000000027350108313501081D44000893
:102908000000000000000000190800082B0800085B
:102918009BD00008BB8B0008C59E000835740008D2
:1029280075C000081DC1000800000000000000007C
:102938000000000027350108313501081D44000852
:10294800F78400080D850008190800082B080008FE
:1029580051D10008BB8B0008E1C600083574000897
:102968002DCA000849C70008B5C5000800000000C6
:102978000000000051E8010861E801087B950108A2
:10298800B9A40108BDA401081BAB01087FAB01086D
:10299800E5E4010895AC01081DE401080000000009
:1029A80000000000FD08000841450008B9100008B3
:1029B800CD0800080D0900081D110008B82E0308ED
:1029C800A82E030800000000000000000D00000011
:1029D8000D00000001000000008061440000684410
:1029E8000000C8421E000000B02D0308A3630308BE
:1029F800020000000080D8430000D94300002041B5
:102A08000A000000B02D0308A663030803000000B5
:102A18009A5959449A695944000020411B00000002
:102A28009C2D0308AD630308040000000000EB437D
:102A38000000FF430000C84213000000B02D030847
:102A4800B4630308050000000020664400E0664403
:102A58000000C8420D000000B02D0308B76303084A
:102A68000600000000C06444000068440000C8423A
:102A78001E000000B02D0308BA630308160000000A
:102A88006686D8431F65D9430000C8420E0000007F
:102A9800B02D0308BE63030809000000CD2C59447B
:102AA800CD4C59440000C84214000000B02D030862
:102AB800C6630308070000000000664400C06644BF
:102AC8000000C84217000000B02D0308C9630308BE
:102AD8000800000000006644004067440000C84247
:102AE8001B000000B02D0308CC6303080A00000097
:102AF8000040584400C058440000C8421E0000006E
:102B0800B02D0308CF6303080B00000000005844F1
:102B1800000059440000C84224000000B02D0308FA
:102B2800D26303080C0000000000664400406744BC
:102B38000000C84210000000B02D0308D963030844
:102B48000E0000000080D8439A59D9430000204164
:102B58000A000000B02D0308DC6303080F00000022
:102B680000005944662659440000803F0E000000CA
:102B7800B02D0308E3630308100000000080D84369
:102B88000080D9430000C84214000000B02D03089B
:102B9800EA6303081100000000C0654400006744B0
:102BA8000000C8421B010000B02D0308F1630308B0
:102BB8001200000000406544004067440000C8421D
:102BC80014000000B02D0308F86303081300000088
:102BD8000080D8439A59D9430000C8420A0000002F
:102BE800B02D0308FF6303081400000000005944D7
:102BF8009A5959440000C8420E000000B02D03083D
:102C0800066403081500000000C0644400806544A1
:102C18000000C84218000000B02D03080D64030826
:102C2800170000009A89D8433363D9430000C8428B
:102C38000A000000B02D03081464030818000000FF
:102C480000C05744000059440000C8421E0000005C
:102C5800B02D03081B640308190000000040584405
:102C6800000059440000C8421E000000B02D0308AF
:102C7800226403081A0000000080614400E06244F6
:102C88000000C8421E000000B02D03082964030894
:102C98000D0000000000164500381B450000C84222
:102CA8000A000100B02D030830640308000000008A
:102CB80000806144000068440000C8421E00000013
:102CC800882D030838640308010000000000000094
:102CD80000000000000000000000000000000000EC
:102CE80002000000010000000000000000000000D9
:102CF80000000000000000000400000000000000C8
:102D080001000000000000000000000000000000BA
:102D180000000000000000000000000000000000AB
:102D28000000000000000000040000000500000092
:102D3800FFFFFFFFFFFFFFFFFFFFFFFFF82D030867
:102D4800E42D030800000000000000000600000059
:102D5800070000000000000000000000D50F000878
:102D6800F10F00089F060008A306000800FF0001F5
:102D78000304050607FF000103040506070809FF09
:102D8800742D03080000000000000000010000008E
:102D980000000000762D030800000000000000007D
:102DA80000000000000000007E2D03080000000065
:102DB80000000000010000000000000004120040B4
:102DC80000000000C42D0308246003080000000070
:102DD8000000000001000000010000008423030837
:102DE800C422030894220308CC2D03080000000025
:102DF80005380140040060010D3201400400040060
:102E08001130014004000100153801400400880019
:102E1800193801400400F6011D380140040004007F
:102E28000000000004140040081404400C1108407D
:102E380010140C401412101000000000051B0100B3
:102E48000000060009170100060028000D17010000
:102E58002E000500101233101410341018123510FB
:102E68001D16010036002200241059110000000030
:102E78002C2E030824600308000000000000000056
:102E88000500000005000000442E03082460030824
:102E98000000000000000000080000000900000019
:102EA800902E0308782E0308D81D030800000000A0
:102EB800041200400918012006005A000D180140AC
:102EC800640014001014784014147C401918014050
:102ED800840028001C12AC102010AD102412AF1171
:102EE8002810B0102C10B1103012B4403412B84071
:102EF800000000000000000000000000F38300084C
:102F0800098400088D750008457C00085061030895
:102F1800EA0B0020E8160020000000000000000076
:102F2800CB830008E18300089D6F0008C56F000887
:102F38000000000000000000A3830008B983000817
:102F48005F6F0008776F00080000000000000000B5
:102F58007983000891830008116F0008356F000815
:102F6800C0200020000000000000000027350108F4
:102F7800313501081D440008000000000000000071
:102F8800190800082B080008F94300080000000091
:102F98000000000000000000518000089F80000829
:102FA800BD7300087B6E0008957D0008958A0008AF
:102FB800A1730008D5880008C9970008BDB30008A8
:102FC800EFB200080189000895890008677F0008AA
:102FD8004F730008AB7D000843730008497300086D
:102FE800DD7E0008F57E0008197E00087DB5000822
:102FF800FD7E0008BD7D0008C9730008B16902089C
:10300800839900081774000857730008457F000863
:10301800559900086CFEFFFF0000000027350108E5
:10302800313501081D44000899800008B180000866
:10303800190800082B080008F9430008ADB6000875
:10304800000000000000000091E40108ABE4010862
:103058008FA101087795010897A10108F3AA010833
:10306800BFA1010855A20108BDE401080000000045
:103078000000000000000000000000007795010833
:103088000000000000000000D1980108899901089B
:1030980087E401080000000000000000C1E3010807
:1030A800CFE30108779501087B9501082FA801084F
:1030B800B19A0108796E0008E1E3010800000000F8
:1030C80000000000000000000000000000000000F8
:1030D80000000000000000000000000000000000E8
:1030E80000000000000000000000000000000000D8
:1030F800000000006576000817770008176E0008C2
:1031080000000000000000009775000853760008D2
:10311800F96D0008000000000000000027350108D4
:10312800313501081D44000835750008417500084F
:10313800190800082B080008259600080000000060
:10314800EC440308246003080000000000000000AD
:103158000100000001000000000000000000000065
:10316800CDDD0008E1DD0008ED410008B56E00087E
:10317800A76E0008AB6E0008C56E00087B6E0008DD
:10318800AD6E0008B16E00080000000000000000ED
:10319800F3DD000825DE0008ED410008B56E0008E3
:1031A800D1F500084FF60008C56E00087B6E0008D0
:1031B800AD6E0008B16E0008310F01087DD9000816
:1031C80000000000000000000000000000000000F7
:1031D800ED410008B56E0008D1F500084FF600086B
:1031E800C56E00087B6E0008AD6E0008B16E000861
:1031F800000000007DD90008000000000000000069
:103208000000000000000000ED410008B56E000855
:1032180067F60008AFF60008C56E00087B6E000868
:10322800AD6E0008B16E0008000000007DD90008EE
:1032380000000000000000005FDE000875DE0008E6
:10324800ED410008B56E00087DDB0008AB6E000894
:10325800C56E00087B6E0008AD6E0008B16E0008F0
:103268000000000000000000000000000000000056
:10327800ED410008B56E00080FF9000857F900087D
:10328800C56E00087B6E0008AD6E0008B16E0008C0
:10329800000000007DD900080000000000000000C8
:1032A800FDDE00081FDF0008ED410008B56E0008CC
:1032B800A76E0008AB6E0008C56E00087B6E00089C
:1032C800AD6E0008B16E00085D6D0208E8FFFFFFF3
:1032D8000000000027350108313501081D440008A9
:1032E80019DF000831DF0008190800082B0800085A
:1032F80035FD00080000000000000000000000008C
:1033080000000000ED410008B56E0008EFF6000867
:1033180037F70008C56E00087B6E0008AD6E000820
:10332800B16E0008000000007DD900089C44030825
:10333800944403080000000000000000080000009A
:1033480009000000000000000000000095E70008E8
:10335800CBE70008ED410008ABD9000865E3000899
:10336800AB6E0008C56E00087B6E0008AD6E0008E5
:1033780089DB0008196C0208E8FFFFFF0000000065
:1033880027350108313501081D440008C5E7000844
:10339800DDE70008190800082B0800082DE00008E0
:1033A800000000000000000021E8000835E80008DF
:1033B80039DA0008000000000000000047E80008B3
:1033C8005DE8000857DA000800000000000000006F
:1033D8006FE8000885E8000875DA000800000000BA
:1033E8000000000097E8000807E90008C37000081B
:1033F8000000000000000000ADE80008EFE8000849
:10340800ED41000893DA000877F70008BFF70008D5
:10341800B12401087B6E0008AD6E0008B16E00088B
:1034280099E90008D9F20008F56C0208E0FFFFFFEF
:103438000000000027350108313501081D44000847
:10344800E9E8000801E90008190800082B08000845
:1034580091E90008000000000000000000000000E2
:1034680000000000ED410008B56E000877F700087D
:10347800BFF70008C56E00087B6E0008AD6E000837
:10348800B16E0008000000007DD9000800000000AF
:103498000000000019E900087FE90008CB090008CE
:1034A80000000000000000002DE9000867E900089E
:1034B800ED410008B56E000887F80008CFF800084D
:1034C800ED0401087B6E0008AD6E0008B16E0008BF
:1034D800D9FA00085DF50008096F0208E0FFFFFF50
:1034E8000000000027350108313501081D44000897
:1034F80061E9000879E90008190800082B080008A4
:103508007B29010800000000000000000000000006
:1035180000000000ED410008B56E000887F80008BB
:10352800CFF80008C56E00087B6E0008AD6E000875
:10353800B16E0008000000007DD9000800000000FE
:1035480000000000F3E900082FEA0008ED41000838
:10355800B56E0008FFF7000847F80008E501010804
:103568007B6E0008AD6E0008B16E0008FDF2000821
:1035780029F50008AD6E0208E0FFFFFF000000001B
:1035880027350108313501081D44000829EA0008DB
:1035980041EA0008190800082B08000889250108D5
:1035A8000000000000000000000000000000000013
:1035B800ED410008B56E0008FFF7000847F800085D
:1035C800C56E00087B6E0008AD6E0008B16E00087D
:1035D800000000007DD90008000000000000000085
:1035E80000000000000000000000000000000000D3
:1035F80000000000000000000000000000000000C3
:1036080000000000000000000000000000000000B2
:1036180000000000000000000000000000000000A2
:103628000000000000000000000000000000000092
:103638000000000000000000000000000000000082
:1036480000000000AC430308A44303080000000086
:1036580000000000040000000400000083D90008F6
:1036680083D900088FD900088FD900089FD900088E
:103678009FD90008000000000000000000000000C2
:103688000000000000000000000000000000000032
:103698000000000000000000000000000000000022
:1036A8000000000000000000000000000000000012
:1036B8000000000000000000000000000000000002
:1036C8000000000000000000D44403082460030840
:1036D80000000000000000000300000003000000DC
:1036E8007846030864460308000000000000000054
:1036F80006000000060000000000000000000000B6
:1037080027350108313501081D4400081555010801
:1037180039550108190800082B08000891400108CC
:103728000000000000000000FF5401084B5501088C
:1037380021330108A4410308504103080000000098
:10374800000000003B0000006700000000000000CF
:103758000000000037DF00085BDF0008ED410008CB
:10376800B56E0008EFF6000837F70008C56E0008C8
:103778007B6E0008AD6E0008B16E000849E00008D5
:103788007DD90008D56B0208E0FFFFFF00000000AC
:1037980027350108313501081D44000855DF0008A8
:1037A8006DDF0008190800082B08000881DB0008F5
:1037B8000000000000000000E75801081159010846
:1037C800ED410008B56E000805440108AB6E00081D
:1037D800C56E00087B6E0008DD330108B16E000875
:1037E8000000000000000000A9580108D558010891
:1037F800ED410008ABD9000875430108AB6E00081D
:10380800C56E00087B6E0008AD6E0008B16E00083A
:1038180000000000000000000000000000000000A0
:10382800ED410008B56E0008453C01088D3C0108D3
:10383800C56E00087B6E0008AD6E0008B16E00080A
:10384800000000007DD900088043030824600308B5
:103858000000000000000000040000000400000058
:10386800000000000000000093840108038501089F
:10387800ED410008B56E0008453C01088D3C010883
:1038880029440108BF330108D9330108B16E000883
:103898007FD900081B850108B5790208D4FFFFFF0E
:1038A8000000000027350108313501081D440008D3
:1038B800FD84010815850108190800082B0800086F
:1038C8003D8A0108000000000000000037DE000803
:1038D8004DDE0008ED410008B56E000867F60008E7
:1038E800AFF600080D0001087B6E0008AD6E0008F9
:1038F8005BFD0008F9DB00087DD90008E8430308F0
:10390800C443030800000000000000000900000094
:103918000900000000000000000000002735010831
:10392800313501081D4400089D570108D357010887
:10393800190800082B080008695601087B6E000862
:103948007576020805780208D0FFFFFF0000000026
:10395800CD570108E5570108ED410008B56E00088C
:10396800AF3B01082D3C0108235601083F330108ED
:10397800AD6E0008B16E00083D4201087DD900080F
:10398800000000000000000000000000000000002F
:103998000000000027350108313501081D440008E2
:1039A800015801083F580108190800082B080008A9
:1039B8007D6E0108097102089D7602089578020853
:1039C80015710208F5760208D0FFFFFF000000001D
:1039D8006D430108CCFFFFFF0000000039580108C3
:1039E80051580108ED410008B56E0008AF3B0108C9
:1039F8002D3C01088D5701084F330108AD6E0008B2
:103A08005D330108054301087DD900080000000066
:103A18000000000027350108313501081D44000861
:103A2800575801088F580108190800082B08000882
:103A38004170010849710208C9760208257902080F
:103A4800D0FFFFFF0000000089580108A1580108B5
:103A5800ED410008B56E0008AF3B01082D3C010898
:103A68009557010865330108AD6E0008B16E00086E
:103A78000D4301087DD90008000000000000000087
:103A8800B5540108E7540108C9710008C9AA00081B
:103A9800A9D200084595000899740008B9DA000809
:103AA800E3700008A3060008A30600080DD7000865
:103AB80065D600086171020860F5FFFF000000008C
:103AC80027350108313501081D440008E154010873
:103AD800F9540108190800082B080008653A01087C
:103AE800000000000000000011E70008E3E70008FC
:103AF800D1D90008000000000000000027350108A7
:103B0800313501081D44000873DF00087FDF000815
:103B1800190800082B080008990601084044030802
:103B28003444030800000000000000000300000007
:103B380003000000000000000000000087DE00080D
:103B48009DDE0008ED410008C16E00080FF900086D
:103B580057F90008A7DA00087B6E0008AD6E000868
:103B6800B16E0008912501087DD9000847EA0008D0
:103B780004140040081004100C1005101010061052
:103B880000000000783B03082460030800000000E0
:103B980000000000040000000400000004120444B7
:103BA8000000000004100111081204420C140C4417
:103BB8001012144414121C441810211100000000A3
:103BC8000414044408100911000000000410011135
:103BD800081204420C140C441012144414121C440D
:103BE800181021111C1023110000000004120040BD
:103BF800091801100500110000000000041200401F
:103C0800081104400C100810000000008C3B030849
:103C18000000000005180140040008000000000032
:103C28000518014004000800091701000C002100D4
:103C38000C11304000000000A43B03082460030876
:103C4800000000000000000001000000010000006A
:103C5800AC3B0308246003080000000000000000DB
:103C68000600000006000000C83B030824600308A3
:103C78000000000000000000020000000200000038
:103C8800D43B030824600308000000000000000083
:103C98000700000007000000F43B030808140308AD
:103CA8000000000000000000020000000200000008
:103CB800043C030824600308000000000000000022
:103CC80003000000030000001C3C0308143C030828
:103CD80000000000000000000100000001000000DA
:103CE800283C0308143C0308000000000000000002
:103CF8000300000003000000883C0308703C030830
:103D0800583C0308403C0308000000000518014027
:103D180004002400091801402C000C000D18014073
:103D28003C00240011180140640008000000000055
:103D38000412001009160100020022000000000011
:103D480004120010081204400C12088010121444C7
:103D580000000000081E03080000000004120040D4
:103D68000918012006006A000C107010101071105C
:103D78000000000004120010081201100C120220AA
:103D88001012042000000000A03C030800000000FE
:103D98000528104004001800000000000517010065
:103DA80000000800081108400C140C40111701000D
:103DB8001000050000000000E83C0308D03C0308A0
:103DC800B83C0308D8130308000000000518014098
:103DD80004003400091801403C000C000D18014093
:103DE8004C000C00111801405C00080000000000A5
:103DF80004120040081404400C14084010120C402F
:103E08000000000004120040081204400C12084090
:103E180010120C4014121040181214401C121840B2
:103E28000000000005120100000004000912010052
:103E3800080008000D12010010000800111201808E
:103E48002000080015120180300008001912010036
:103E5800380002001D1201003A0002002112010080
:103E68003C000200251701103F00C80000000000B8
:103E780004120111081203110C1408440000000078
:103E880004120040081404400C14084010120C409E
:103E980014121040181214401C12182020121A2054
:103EA80024121C40281220402C1224403012284092
:103EB80034122C40381230203C11344000000000ED
:103EC8000414044408140C440C14144410141C4422
:103ED8001414244418142C441C14344420143C4452
:103EE8002414444428144C442C14544430145C4482
:103EF8003414644438146C443C14744440147C44B2
:103F0800000000000412044408120C440C1214446B
:103F180010121C441412244418122C441C12344449
:103F280020123C442412444428124C442C12544479
:103F380030125C443412644438146C443C147444A5
:103F480040147C444414844448148C444C129444D3
:103F580050129C445414A4445814AC445C14B44403
:103F68006014BC446414C4440000000004140444F5
:103F780008140C440C14144410141C441414244441
:103F880018142C441C12322220143844241440449F
:103F9800281448442C1450443014584434125E22D7
:103FA800381464443C146C444014744444147C44F1
:103FB800481484444C148C44501494445412991159
:103FC80058149C4200000000143D0308003D0308FB
:103FD80000000000000000000400000004000000D1
:103FE800383D0308246003080000000000000000BA
:103FF8000200000002000000483D03082460030896
:1040080000000000000000000400000004000000A0
:10401800643D03085C3D0308000000000000000048
:1040280004000000040000007C3D0308246003082D
:104038000000000000000000040000000400000070
:10404800983D0308903D03080000000000000000B0
:104058000100000001000000A43D030824600308DB
:104068000000000000000000040000000400000040
:10407800D43D0308C03D0308000000000000000014
:104088000400000004000000F83D03082460030851
:104098000000000000000000040000000400000010
:1040A8000C3E030824600308000000000000000024
:1040B80007000000070000002C3E030824600308E6
:1040C80000000000000000000900000009000000D6
:1040D800783E030824600308000000000000000088
:1040E8000300000003000000883E03082460030862
:1040F80000000000000000000F0000000F0000009A
:10410800C83E030824600308000000000000000007
:1041180010000000100000000C3F03082460030892
:104128000000000000000000190000001900000055
:10413800743F03082460030800000000000000002A
:104148001600000016000000F4220308081E0308E9
:104158003C2303080C230308AC2203087840030817
:10416800604003084840030830400308081E03085D
:10417800F42203083C2303080C230308F01D03085A
:104188004C2203084C220308184003080040030887
:10419800E83F0308D03F0308000000000532018013
:1041A800080004000938018008004C000D30018027
:1041B800080001001138018008006A0015320180EA
:1041C80008000100193801800800D0001D32018064
:1041D80008000100213801800800D800293001803A
:1041E800080001002D3701800800C9003130018026
:1041F800080001003538018008002C0039300180A2
:10420800080001003D3701800800E70041300180C7
:104218000800010045380180080064004938018021
:10422800080018004D300180080001005138018055
:1042380008008401553001800800010059370180C9
:104248000800C9005D320180080004006132018065
:104258000800010065320180080001006932018010
:10426800080001006D3801800800060081380180CF
:1042780008006A008538018008004C0089380180F0
:104288000800D0008D3801800800D80091370180DF
:104298000800C900953701800800E70099320180BD
:1042A800080004009D32018008000400A13201804A
:1042B80008000400A538018008007400A9300180B6
:1042C80008000100AD34018008000400B13001800D
:1042D80008000100B538018008008C00B938018059
:1042E80008008C00BD32018008000400C132018042
:1042F80008000400C5320180080004000130018074
:1043080008000110053001800800011009380180FB
:10431800080074100D380180080018101130018051
:104328000800011079310180080004107D310180F6
:1043380008000410813001800800011085310180D7
:104348000800041089310180080004108D310180B3
:104358000800041091300180080001109516010032
:1043680090010A1099380180080024109D380180B6
:1043780008006C1000000000052408400400040038
:1043880009210820260001000D240820300004001F
:10439800112108205200010000000000904003088D
:1043A8000000000004120040081204400C120840EB
:1043B80011280A401000100000000000D81D030852
:1043C800384103082041030808410308F040030866
:1043D800D8400308C0400308A840030800000000B4
:1043E80005140100000004000938014008002800F5
:1043F8000D3801400800A000113801400800C8002D
:1044080015380140080080001938014008003800BC
:104418001D38014008000C0021380140080008013F
:104428002538014008001C0000000000503803082F
:1044380050380308000000000538014004005C0003
:104448000938014004005C000C320414000000002C
:1044580004120111081404420C120C4410121444E2
:1044680014121C44281224442C122C4430123444B4
:1044780000000000584403082460030800000000FE
:1044880000000000080000000C0000007C44030845
:1044980000000000051701000000200009160100B7
:1044A800200022000C124440101248401918014004
:1044B800500038001C128840211601008C001200A0
:1044C800251701009E00080000000000041200806B
:1044D80009160100080022000D1601002A0022001A
:1044E80000000000051701000000E70000000000C0
:1044F800F4220308000000000528084004004C00CE
:1045080009120100640204000000000005180140BF
:104518000400D40009180140DC0018000D180140FF
:10452800F8001C001118014018011400151801406A
:1045380030010C0019180140400124001D180140E9
:1045480068012800211201009001040025180110BB
:1045580095010700291801209E0148002D18012007
:10456800E8010C0031180110F5010500351801208B
:10457800FC01240039180140240210003D180110E4
:10458800350250004118013088022C0045180110EE
:10459800B502020000000000C01D0308A81D0308A2
:1045A800901D0308781D0308601D0308481D0308B3
:1045B800301D0308181D0308E81C0308000000004C
:1045C80005180140040060000918014068002C002B
:1045D8000D1801409800280011180140C400C400BB
:1045E800151801408C01180019180140A801400055
:1045F8001D180140EC01080021120100F40104001B
:1046080025180120FA01B00029180120AC02300059
:104618000000000000450308F844030800000000FB
:10462800000000000200000002000000144503081A
:10463800A41C030800000000000000001100000096
:1046480011000000C8450308A04503080000000049
:10465800000000000A0000000A0000004C460308A1
:10466800344603081C460308081E0308000000001F
:1046780005120100000004000914010004000400F0
:104688000D1801801000E00211180140F402B80270
:1046980015180140B0056802191801201A086A00A7
:1046A80000000000E1660308000000006410B71D68
:1046B800C8206E3BAC30D9269041DC76F4516B6B48
:1046C8005861B24D3C7105502083B8ED44930FF00A
:1046D800E8A3D6D68CB361CBB0C2649BD4D2D386C0
:1046E80078E20AA01CF2BDBD2C01000058020000AF
:1046F800B004000060090000C0120000802500001E
:10470800004B00000096000000E1000000C201001C
:10471800008403000008070000CA080000100E000B
:104728000000000000000000093F01081D3F0108CB
:10473800ED410008ABDA0008CD3C0108AB6E00087B
:104748006D3A01087B6E0008AD6E0008B16E000876
:104758000000000000000000A3060008AD330108B7
:104768003B3F0108B16E0008A30600089933010811
:10477800077300087B6E00089F0600089F06000864
:10478800433301089D330108A1330108C9740108A6
:10479800394301080000000000000000A3060008DB
:1047A800AB3301082F3F0108B16E0008A3060008CB
:1047B80099330108077300087B6E00089F060008FC
:1047C8009F060008433301089D330108A1330108FF
:1047D80051740108154301080000000000000000A2
:1047E8000000000000000000ED410008B56E000860
:1047F800AF3B01082D3C0108C56E00087B6E000820
:10480800AD6E0008B16E0008000000007DD90008F8
:10481800A086010080380100C0D4010000007A0D94
:10482800FA005C12A00F800214000000801A060033
:1048380000E204000053070000008403640014052C
:104848005802FA006400000040420F0000350C00D6
:10485800804F12000000C2013200F40104013C0044
:10486800640000000700000000300140120500004D
:104878000701000000000158020D00000A000000B6
:1048880000380040120500000C0000000030014014
:10489800120500001500000000300140120500005C
:1048A8001F00000000380040120500002100000031
:1048B80000380040120300002300000000380040C8
:1048C80012050000FFFFFFFF0000000000000000CD
:1048D8000500000000380040120300000600000038
:1048E80000300140120500000601000000000158D8
:1048F800020D00000B00000000300140120500000E
:104908001400000000300140120500001E000000E5
:104918000038004012050000220000000038004066
:1049280012050000FFFFFFFF00000000000000006C
:1049380001000000003001401205000005000000E1
:104948000030014012050000050100000000015878
:10495800020D0000080000000038004012050000A9
:104968000900000000380040120500001300000094
:1049780000300140120500001A0000000038004015
:10498800120500001D00000000380040120500005C
:10499800FFFFFFFF0000000000000000040000000F
:1049A8000030014012050000040100000000015819
:1049B800020D00000900000000380040120300004A
:1049C8000F00000000300140120500001200000036
:1049D80000300140120500001900000000380040B6
:1049E800120500001C0000000038004012050000FD
:1049F800FFFFFFFF0000000000000000000000486B
:104A08000004004800080048001C0048000000009E
:104A180000000000E5330108533F01080A000000C8
:104A28000B0000000C0000000D0000000E0000004C
:104A38000F00000011000000120000001300000029
:104A4800140000001D0000001E000000FFFFFFFF13
:104A5800000000008001000080010000637C777B7B
:104A6800F26B6FC53001672BFED7AB76CA82C97D62
:104A7800FA5947F0ADD4A2AF9CA472C0B7FD9326F3
:104A8800363FF7CC34A5E5F171D8311504C723C3F7
:104A98001896059A071280E2EB27B27509832C1A3B
:104AA8001B6E5AA0523BD6B329E32F8453D100ED95
:104AB80020FCB15B6ACBBE394A4C58CFD0EFAAFB79
:104AC800434D338545F9027F503C9FA851A3408F41
:104AD800929D38F5BCB6DA2110FFF3D2CD0C13EC59
:104AE8005F974417C4A77E3D645D197360814FDCEE
:104AF800222A908846EEB814DE5E0BDBE0323A0AD2
:104B08004906245CC2D3AC629195E479E7C8376D55
:104B18008DD54EA96C56F4EA657AAE08BA78252E7A
:104B28001CA6B4C6E8DD741F4BBD8B8A703EB56603
:104B38004803F60E613557B986C11D9EE1F89811F4
:104B480069D98E949B1E87E9CE5528DF8CA1890DE3
:104B5800BFE6426841992D0FB054BB1652096AD579
:104B68003036A538BF40A39E81F3D7FB7CE339825A
:104B78009B2FFF87348E4344C4DEE9CB547B9432A9
:104B8800A6C2233DEE4C950B42FAC34E082EA166F1
:104B980028D924B2765BA2496D8BD12572F8F664C8
:104BA80086689816D4A45CCC5D65B6926C70485043
:104BB800FDEDB9DA5E154657A78D9D8490D8AB00F8
:104BC8008CBCD30AF7E45805B8B34506D02C1E8F21
:104BD800CA3F0F02C1AFBD0301138A6B3A9111415D
:104BE8004F67DCEA97F2CFCEF0B4E67396AC742246
:104BF800E7AD3585E2F937E81C75DF6E47F11A71C4
:104C08001D29C5896FB7620EAA18BE1BFC563E4BFC
:104C1800C6D279209ADBC0FE78CD5AF41FDDA833BE
:104C28008807C731B11210592780EC5F60517FA9FE
:104C380019B54A0D2DE57A9F93C99CEFA0E03B4D2D
:104C4800AE2AF5B0C8EBBB3C83539961172B047EA1
:104C5800BA77D626E169146355210C7D001B362DE1
:104C68006C775A410001020408102040801B36006E
:104C7800982F8A4291443771CFFBC0B5A5DBB5E9BF
:104C88005BC25639F111F159A4823F92D55E1CAB33
:104C980098AA07D8015B8312BE853124C37D0C55C1
:104CA800745DBE72FEB1DE80A706DC9B74F19BC109
:104CB800C1699BE48647BEEFC69DC10FCCA10C24F9
:104CC8006F2CE92DAA84744ADCA9B05CDA88F976DD
:104CD80052513E986DC631A8C82703B0C77F59BF47
:104CE800F30BE0C64791A7D55163CA066729291473
:104CF800850AB72738211B2EFC6D2C4D130D385310
:104D080054730A65BB0A6A762EC9C281852C7292D1
:104D1800A1E8BFA24B661AA8708B4BC2A3516CC7FF
:104D280019E892D1240699D685350EF470A06A1038
:104D380016C1A419086C371E4C774827B5BCB03487
:104D4800B30C1C394AAAD84E4FCA9C5BF36F2E6825
:104D5800EE828F746F63A5781478C8840802C78CB4
:104D6800FAFFBE90EB6C50A4F7A3F9BEF27871C6B7
:104D7800010000000200000004000000080000001C
:104D8800100000002000000040000000800000002B
:104D980000010000000200000004000000080000FC
:104DA800001000000020000000400000008000000B
:104DB800020104030204081004004000000422FB5E
:104DC8001200110321001106210322021406110BFF
:104DD800120B110E120E11141116220B131521119C
:104DE800240D2114211622152315411341143314BF
:104DF8005213611652165316631664167416500031
:104E0800B00018017801B0021803C8053006300C4C
:104E1800980C0101000001000100000001000100E0
:104E2800000F060300122436480416283A4C081AC4
:104E38002C3E0C1E304210223446011325374905FA
:104E480017293B4D091B2D3F0D1F314311233547B2
:104E5800021426384A06182A3C4E0A1C2E400E20F8
:104E68003244031527394B07192B3D4F0B1D2F4192
:104E78000F21334500000000000000000000000082
:104E8800000000000000000000000000000000001A
:104E98000000000001000000000000000000000009
:104EA80000000000000000000000000000000000FA
:104EB80000000000E0EB7A7C3B41B8AE1656E3FAFE
:104EC800F19FC46ADA098DEB9C32B1FD8662051642
:104ED8005F49B8005F9C95BCA3508C24B1D0B155F4
:104EE8009C83EF5B04445CC4581C8E86D8224EDD3C
:104EF800D09F1157ECFFFFFFFFFFFFFFFFFFFFFFF2
:104F0800FFFFFFFFFFFFFFFFFFFFFFFFFFFFFFFFA9
:104F1800FFFFFF7F0000000000000040128100003A
:104F28000100000000000040120101000200000022
:104F38000000004012810100030000000000004052
:104F4800120102000500000000000040128100006C
:104F58000600000000440140128E00000700000017
:104F6800002C014012811000070100000048014098
:104F7800128E000008000000002C01401281000081
:104F880009000000002C0140120101000A00000085
:104F9800002C0140128101000B000000002C014090
:104FA800120102000F000000000000401281000002
:104FB800130000000000004012010100160000006C
:104FC80000440140128E1000170000000048014004
:104FD800128E100018000000002C01401201110070
:104FE8001801000000440140128E00001900000062
:104FF800002C0140128111001901000000480140F5
:10500800128E00001A00000000000040128101000A
:105018001B00000000000040120102001D000000FB
:10502800002C0140128110001E000000002C0140DD
:10503800120111001F000000002C01401281110014
:10504800FFFFFFFF0000000000000000000000005C
:105058000000000000000000000000000000000048
:105068000000000000000000000000000000000038
:105078000000000000000000000000000000000028
:105088000000000000000000000000000000000018
:105098000000000000000000000000000000000008
:1050A8000000000000000000A45803089C580308F2
:1050B80000000000EDA70008020000000200000048
:1050C800B5620501020000000000000000000000B9
:1050D80000000000E7330108876401089F06000804
:1050E8005B600108FF330108C9610108E761010835
:1050F800E1E9010803EA01080A0000000054004041
:105108000A0400000B000000005800400A040000D8
:105118000F000000005800400A04000014000000BE
:10512800005C00400A040000170000000054004022
:105138000A04000019000000005400400A0400009E
:105148001B000000005C00400A0400001E00000074
:10515800005C00400A04000021000000005C0040E0
:105168000A040000FFFFFFFF00000000000000002D
:1051780007000000005C00400A040000090000006D
:10518800005400400A0400000C00000000580040D1
:105198000A04000016000000005400400A04000041
:1051A80018000000005400400A0400001A00000023
:1051B800005C00400A0400001D000000005C004084
:1051C8000A0400001F000000005800400A04000004
:1051D80020000000005C00400A040000FFFFFFFF01
:1051E80000000000000000000000000000000000B7
:1051F800A506000889E901089F060008A30600081B
:10520800475000085E10D20F960F320FD80E880E46
:105218002E0ECA0D5C0DE40C1C0C000000000000F2
:10522800000000003DA3000800000000000000008E
:105238000000000000000000000000000000000066
:105248000000000000000000000000000000000056
:105258000000000000000000000000000000000046
:105268000000000000000000000000000000000036
:105278000000000000000000000000000000000026
:105288000000000000000000000000000000000016
:105298000000000000000000000000000000000006
:1052A80000000000000000000000000000000000F6
:1052B80000000000000000000000000000000000E6
:1052C80000000000000000000000000000000000D6
:1052D8000000000000000000485803082C5803088C
:1052E80000000000000000000A0000000E0000009E
:1052F800F47ECC17E6B4A322ECEED9084F3963EA62
:105308008075E124CE05366963B2CBC028D3348BCF
:105318005A9EA2A68AA666C15F550064A3A6FE711E
:10532800C0BB82C3323D7A7AE36EFDDDAD3A66B921
:10533800B3DF3B2E67B6D5F8DF762C455E2EBD165B
:10534800C5F867AA15F8920BDF5A6650AC0DBB2F4B
:105358003B8F863A381F7739A94EEF91185A62E188
:10536800AA9D36EACE60358D9D1FF4B8C9136A5DD3
:10537800367E2DE1845F425229110A2564546A6BF6
:10538800FDB665FF151A5171224057F6919B645876
:105398001677EBA45291FB26CF8FD7D9D15DC4687D
:1053A8007375EDC59558EE9056D42F3129F78C1F9B
:1053B800318CA95EED3C12BF979C478E989DC23EEA
:1053C80086239029C8B020F8B1B0AA192ACF0A5468
:1053D800A48A990E51DC1220F313F52B3AE24342CA
:1053E800C65298CDBBCAB131A0D4D630F327FB49F9
:1053F800D23F138D22048D075958A0F955CF30A0FC
:105408002E2FCA8020E4DEA1ADD958B3432B2270D9
:105418004041EC6AD2D603E49A9EBD6C0A9B75A4FF
:10542800BCAB6FA795FF2DF6E9B9AB4C0C1CD03B74
:105438002249322B00F922FA1702E96482F04D1B47
:10544800C704FCDC8C5EB6D916D637CE59AA0949F2
:10545800486F1E48978864ACE8EB30A3C3E1CF9748
:1054680039A6555B5FBF18B73ADFA875E79DE01E00
:1054780009B4E26D2898C9476646BFFF581791AA34
:10548800C3BF4A9D0B88B1F103DD61D7BA9E64980A
:10549800393984E0222F7D78451872B413D2012F50
:1054A8003CA1B0FE39D0F13C72D6EF54D57722A09A
:1054B8000ADA5FECFF5CC02E5FC48D03E58059D328
:1054C8005D4986E98DF6F616353DF99B29559E64AA
:1054D8000856F0D7EF77D6111C8F952D3CDFB122F7
:1054E800BF609BE5A9C06E4B01DCD15744B2A5CF84
:1054F8002CB27785D6B7489CFEBC802660F46DCE6A
:105508001131A21E330A6D2B00FA0C90958F5C6B3B
:10551800FA59C86E94EE75C99AB0FE893640C99991
:105528004A3BF4AA1224A20FF9D108CB7819AAE5AC
:105538006E427A4A8C616222A189D3A4C219A383DC
:1055480053A77A0A89E25452623DE7CA8CF66A6028
:1055580020272FBA0C99D729F31135899D0E24A13C
:10556800C3CBDF8AF1C6FED0D79F92D68F59BFE44E
:105578009170B47CFBFFA0596A251CA99EE9438160
:105588005D74B1B10928004AAFE3FCA94E27764CF7
:1055980085FE7CECB67874C3ECE1327FB0B7027458
:1055A800F923D8E7FA14E6EE6644B18CA52F7ED22B
:1055B8008E66657B3B6F7ECC57B457EACC83F5AAE1
:1055C800F765A3CE937213C1B6467B2945B5C89338
:1055D800CC11FB1AABA131876AC6DE8887A9B959F5
:1055E80037828DB2CCD897409A5C8F4055CB4C3ED1
:1055F8000000000000000000FD0500080000000099
:1056080000000000410B000800000000000000003E
:105618001106000800000000000000009982000840
:105628000D8300080000000000000000B5B6000867
:105638008175000815AD010835AD010891AD010867
:10564800EDAD010843B001082DB10108CF8D010867
:10565800F98D010837B101083BB1010811B2010801
:10566800A1880008058E01085573000873E8010831
:10567800FFAC0108C18D0108CDB2010875B201085F
:10568800478E0108498E0108A98D01080000000015
:10569800000000009DC50108DBAC010823AD01082E
:1056A80043AD01089FAD0108EDAD010843B0010805
:1056B8002DB10108CF8D0108F98D010837B1010816
:1056C8003BB1010811B2010831B20108058E010889
:1056D800458E010873E80108FFAC0108C18D010877
:1056E800CDB2010875B20108478E0108498E01083C
:1056F800A98D01080000FFFF0000800000000000E5
:10570800080008000000000000000000E803000096
:10571800FFFFFFFFFFFFFFFFFFFFFFFFFFFFFFFF91
:10572800FFFFFFFF00000000000000009BC501080C
:10573800CFAC010811C7010835B7010839B701080E
:1057480041B70108F19001088D940108858F01087F
:10575800B7940108D190010817C80108C7C8010803
:10576800CBC2010803BF010881C60108D5CC0108D6
:105778005BCC010879CE010873CF010815DC01085C
:1057880019C00108C58E0108CBCE010885DB0108C8
:1057980001B60108AF93010895C801080FB70108C1
:1057A800C1CA01083191010801CB0108C59201085D
:1057B800EDB60108E5B60108DD9201080B91010874
:1057C80095C9010889CA01087590010899900108CE
:1057D80049C10108958E01089D8E0108958E010822
:1057E8009D8E0108958E01089D8E0108EB8E01089B
:1057F80031CC0108A3D20108DFC10108E7920108F2
:10580800E9AF010815B101086DD0010839D10108C7
:105818007FC20108A9DD01080FE2010845E201087D
:105828009DE201086C230308081E0308842303086B
:105838008423030884230308A03C03080000000015
:105848000918014004004C000D18012052006A009C
:1058580015280140C00060011D18014024026001A4
:1058680021120100840304002510010088030100AF
:105878002D10010089030100311801208C036001FB
:1058880035280C40F00418003912010010060400F5
:1058980000000000C42903080000000004120040B2
:1058A8000968010004000C00000000003021120308
:1058B80012033021031221302130031243703407C0
:1058C8002516526152612516340743700734704318
:1058D8006152162516256152704307343407437008
:1058E80052612516251652614370340770430734F8
:1058F80016256152615216250734704300000000D6
:10590800000000000000000000000000000000008F
:10591800ED41000800000000A76E0008AB6E00080B
:10592800C56E00087B6E0008AD6E0008B16E0008F9
:10593800000000000000000000000000000000005F
:10594800C9710008C9AA0008A9D20008459500082D
:10595800E170000800000000E3700008A3060008DA
:10596800A3060008000000000000000071E901081B
:10597800D3EB010839E9010855E9010811E90108E3
:105988002DF001081FE90108E1E9010803EA01080F
:1059980000000000000000000D4801088D470108C4
:1059A8009F06000861750108E1340108E93401081F
:1059B80003350108E1E9010803EA010800000000D5
:1059C8000000000041ED0108000000000000000098
:1059D800ED410008A7580108473F0108B16E0008CB
:1059E800A306000899330108077300087B6E0008B6
:1059F8009F0600089F060008493301089D330108E7
:105A0800A1330108B3330108AF3301085571020807
:105A180059710208ECFFFFFF00000000B7330108CE
:105A2800E8FFFFFF00000000BB3301080000000092
:105A38000000000027350108313501084D540108E0
:105A4800000000000000000027350108313501087A
:105A58001D440008000000000000000019080008AC
:105A68002B08000800000000494900000000000061
:105A780000000000000000000000000027350108B9
:105A880031350108615401084445425547001B5B04
:105A980033346D00494E464F20001B5B33326D0096
:105AA8005741524E20001B5B33336D004552524F15
:105AB80052001B5B33316D001B5B306D006D6170F4
:105AC8003A3A6174002447505458542C30312C30E1
:105AD800312C30322C752D626C6F78206167202D47
:105AE800207777772E752D626C6F782E636F6D2A0D
:105AF8003530005452414345001B5B33356D00255A
:105B08007320007C20253032643A253032643A25EF
:105B180030326420257520007C203F3F3A3F3F3AD1
:105B28003F3F20257520005B005D2000766563748B
:105B38006F723A3A5F4D5F72616E67655F696E7347
:105B480065727400766563746F723A3A5F4D5F727E
:105B580065616C6C6F635F696E7365727400245065
:105B680043415330332C302C302C302C302C302CFB
:105B7800302C302C302C302C302C2C2C302C302A43
:105B880030320D0A0024505542582C34302C474CE2
:105B98004C2C302C302C302C302C302C302A3543E7
:105BA8000D0A0024505542582C34302C4753562C9B
:105BB800302C302C302C302C302C302A35390D0A32
:105BC8000024505542582C34302C5654472C302C35
:105BD800302C302C302C302C302A35450D0A00243E
:105BE8004346474D53472C302C312C302C312A3129
:105BF800420D0A00244346474D53472C302C322C83
:105C0800302C312A31380D0A00244346474D53477A
:105C18002C302C332C302C312A31390D0A005543C5
:105C28003635383000554D36303000434D3132313D
:105C38000024504454494E464F0D0A0024475054FE
:105C480058542C30312C30312C30322C48573D41AF
:105C580054474D33333648002447505458542C3059
:105C6800312C30312C30322C48573D4154474D337C
:105C780033324400245043415330362C312A3141C9
:105C88000D0A0024504149523036322C322C302A29
:105C980033430D0A0024504149523036322C332CFC
:105CA800302A33440D0A0024504149523531332AF1
:105CB80033440D0A0024504149523032312C4147B7
:105CC800333333350024504149523032312C414767
:105CD8003333353200525953333532300024504172
:105CE80049523032312C52455941585F5259533339
:105CF8003532305F56320024504149523032312A11
:105D080033390D0A00245051544D5645524E4F2AEE
:105D180035380D0A00245051544D5645524E4F2CDB
:105D28004C43383600245043415330362C302A3106
:105D3800420D0A002447505458542C30312C30312D
:105D48002C30322C53573D0024504D544B353134B0
:105D58002C302C302C302C302C302C302C302C305B
:105D68002C302C302C302C302C302C302C302C304B
:105D78002C302C302C302A32450D0A0051756563C1
:105D880074656C2D4C373642005041313031304407
:105D98000050413136313653004C533230303331B4
:105DA800004D432D31353133005175656374656C91
:105DB8002D4C3936004C38302D52005F3333333791
:105DC8005F004C3830005F333333395F0024504D67
:105DD800544B3630352A33310D0A004D4F443D00BF
:105DE80050524F54564552003030303430303037EE
:105DF80000303030373030303000303030383030EC
:105E080030300030303139303030300030303041CF
:105E18003030303000245043415330342C372A314D
:105E2800450D0A00245043415330332C312C302C7B
:105E3800302C302C312C302C302C302C302C302C79
:105E48002C2C302C302A30320D0A00245043415378
:105E580031312C332A31450D0A0024504D544B332F
:105E680035332C312C312C302C302C302A32420D49
:105E78000A0024504D544B3331342C302C312C3003
:105E88002C312C302C302C302C302C302C302C3029
:105E98002C302C302C302C302C302C302C302C301A
:105EA8002A32380D0A0024504D544B3330312C32ED
:105EB8002A32450D0A0024504D544B3238352C33C4
:105EC8002C3130302A33460D0A0024504D544B38BB
:105ED80038362C312A32390D0A0024504D544B33B0
:105EE80035332C312C312C312C312C312A32410DC7
:105EF8000A0024504D544B3335332C312C302C3080
:105F08002C302C302A32410D0A002443464753597D
:105F1800532C6833353135350D0A00244346474D37
:105F280053472C302C332C300D0A00244346474D60
:105F380053472C302C322C300D0A00244346474D51
:105F480053472C362C302C300D0A00244346474D3D
:105F580053472C362C312C300D0A0024504149521D
:105F68003036362C312C302C312C302C302C312A38
:105F780033420D0A0024504149523036362C312C18
:105F8800312C312C312C302C302A33410D0A00248D
:105F9800504149523036322C302C312A33460D0AC2
:105FA8000024504149523036322C312C302A3346A5
:105FB8000D0A0024504149523036322C342C312AF3
:105FC80033420D0A0024504149523036322C352CC8
:105FD800302A33420D0A0024504149523036322CBF
:105FE800362C302A33380D0A00244346474D534790
:105FF8002C302C302C312C312A31420D0A0024430C
:1060080046474D53472C302C342C312C312A3146FD
:106018000D0A00080100080400000000000000004C
:10602800322E372E32322E63353330336336004109
:106038007474656D707420656E63727970742077FE
:10604800697468206E6F6E63653A200041747465E8
:106058006D707420656E63727970742077697468E6
:10606800207368617265645F6B657920737461720F
:1060780074696E6720776974683A200041747465A2
:106088006D707420646563727970742077697468C0
:10609800206E6F6E63653A2000417474656D70748C
:1060A80020646563727970742077697468207368F6
:1060B800617265645F6B6579207374617274696E6F
:1060C8006720776974683A200063616E6E6F742088
:1060D800637265617465207374643A3A64657175B6
:1060E80065206C6172676572207468616E206D61ED
:1060F800785F73697A652829004344454647484ACA
:106108004B4C4D4E505152535455565758580044C5
:10611800757479206379636C65206C696D69742086
:1061280065786365656465642E20596F75206361C1
:106138006E2073656E6420616761696E20696E20E8
:106148002564206D696E730073657269616C006700
:1061580070696F00766563746F723A3A5F4D5F726B
:10616800616E67655F636865636B3A205F5F6E2089
:1061780028776869636820697320257A7529203E25
:106188003D20746869732D3E73697A652829202833
:10619800776869636820697320257A752900496ED4
:1061A800636F6D696E67205075626B65793A200080
:1061B8002125303878005361766564205075626B0C
:1061C80065793A200052656D6F746520646576695B
:1061D8006365202573206861732061647665727435
:1061E8006973656420796F7572207075626C696374
:1061F800206B65792E2054686973206D6179206958
:106208006E646963617465206120636F6D70726F7D
:106218006D69736564206B65792E20596F75206DE3
:106228006179206E65656420746F20726567656E9C
:10623800657261746520796F7572207075626C691A
:1062480063206B6579732E00507265736574202521
:106258007320696E76616C696420666F722025739D
:106268002C207573696E67202573005072657365FD
:106278007420257320696E76616C696420666F727C
:10628800202573002573207370616E20252E3066DB
:106298006B487A203C20726571756573746564205B
:1062A800252E30666B487A004368616E6E656C20F7
:1062B8006E756D62657220257520696E76616C69F0
:1062C8006420666F722025732C206D6178206973B5
:1062D800202575004672657175656E6379206F7645
:1062E80065727269646520696E20706C6163652CE3
:1062F800207573696E6720252E3366004D657368B7
:106308007461737469632025303478002F73746165
:106318007469632F72616E6765746573742E637335
:10632800760077696F2D6535005472616365526F29
:106338007574652063616E206F6E6C7920626520CC
:1063480073656E74206F6E6365206576657279205B
:106358003330207365636F6E6473004D756C7469B8
:106368002D686F70207472616365726F7574652033
:10637800746F2062726F6164636173742061646416
:1063880072657373206973206E6F7420616C6C6F13
:10639800776564002F002E746D70005553004555C5
:1063A8005F3433330045555F38363800434E004A72
:1063B8005000414E5A00414E5A5F34333300525513
:1063C800004B5200545700494E004E5A5F3836353C
:1063D8000054480055415F3433330055415F383627
:1063E80038004D595F343333004D595F3931390026
:1063F80053475F3932330050485F343333005048D5
:106408005F3836380050485F393135004B5A5F34B1
:106418003333004B5A5F383633004E505F383635C9
:106428000042525F393032004C4F52415F323400E3
:10643800554E534554002F70726566732F72696EFE
:1064480067746F6E652E70726F746F00456E746539
:1064580072205365637572697479204E756D626533
:106468007220666F72204B6579205665726966697D
:10647800636174696F6E00566572696669636174F9
:10648800696F6E3A200A0046696E616C20636F6E10
:106498006669726D6174696F6E20666F7220696ECD
:1064A800636F6D696E67206D616E75616C206B65D9
:1064B8007920766572696669636174696F6E2025F3
:1064C80073004D65736820436F6E74726F6C20752E
:1064D80070646174652072656365697665642066B9
:1064E800726F6D202725732720287365713D2575E8
:1064F800292E20417070726F766520696E20617058
:106508007020746F206170706C7920736574746981
:106518006E67732E002F70726566732F7472616ECA
:10652800736D69745F686973746F72792E646174CE
:10653800002F70726566730020253032780053652D
:10654800742061646D696E206B657920746F20001A
:1065580025732073746174653A20256900257320BA
:1065680064657465637465640046696E616C206374
:106578006F6E6669726D6174696F6E20666F7220E6
:106588006F7574676F696E67206D616E75616C20D9
:106598006B657920766572696669636174696F6E87
:1065A80020257300496E636F6D696E67204B6579AE
:1065B80020566572696669636174696F6E2E0A5345
:1065C80065637572697479204E756D6265720A2506
:1065D80030337520253033750053656E64696E67F6
:1065E80020706F736974696F6E20616E6420736CBC
:1065F800656570696E6720666F72202575732069FE
:106608006E74657276616C20696E2061206D6F6DA5
:10661800656E740052616E6765546573744D6F647E
:10662800756C65526164696F00736571202575002A
:10663800526562726F616463617374206D6F646523
:106648002063616E27742062652073657420746FFF
:10665800204E4F4E4520666F72206120726F757410
:10666800657220726F6C6500526567696F6E2025D0
:1066780073207265717569726573206C6963656EE4
:10668800736564206D6F6465006D73680025732FF2
:10669800257300596F75206D7573742070726F764D
:1066A800696465206174206C65617374206F6E6520
:1066B8002061646D696E207075626C6963206B651A
:1066C8007920746F20656E61626C65206D616E6102
:1066D800676564206D6F64650061646D696E00496B
:1066E8006E636F6D696E672073657373696F6E2073
:1066F8006B65793A2000457870656374656420732A
:10670800657373696F6E206B65793A200073656BEA
:10671800726974004C6963656E736564206D6F649B
:1067280065206163746976617465642C2072656D97
:106738006F76696E672061646D696E206368616E4B
:106748006E656C20616E6420656E63727970746921
:106758006F6E2066726F6D20616C6C206368616E6D
:106768006E656C73002F70726566732F7569636F41
:106778006E6669672E70726F746F002F6261636B4B
:10678800757073002F6261636B7570732F6261633C
:106798006B75702E70726F746F004D65736820434F
:1067A8006F6E74726F6C20757064617465206469B3
:1067B8007363617264656400F09F9AA849276D202D
:1067C8006C6F737421204C6174202F204C6F6E3ACB
:1067D8002025662C20256607005374617475734C58
:1067E80045444D6F64756C650041646D696E006D5C
:1067F8006573685F636F6E74726F6C004D65736864
:10680800436F6E74726F6C006E6F6465696E666F4D
:10681800004E6F6465496E666F00706F73697469C6
:106828006F6E00506F736974696F6E00776179706D
:106838006F696E74007472616365726F7574650058
:106848005472616365526F757465006E6569676837
:10685800626F72696E666F004E65696768626F7213
:10686800496E666F00646574656374696F6E004491
:106878006574656374696F6E53656E736F72004BF0
:106888006579566572696669636174696F6E0044FB
:10689800657669636554656C656D657472790045E4
:1068A8006E7669726F6E6D656E7454656C656D6534
:1068B80074727900506F77657254656C656D657494
:1068C80072790053657269616C0045787465726EFF
:1068D800616C4E6F74696669636174696F6E4D6F40
:1068E80064756C650045787465726E616C4E6F7482
:1068F800696669636174696F6E0032343A643D3366
:10690800322C6F3D352C623D3536353A66362C7063
:106918002C66362C34702C702C66362C702C66360F
:106928002C32702C702C62362C702C62362C702C09
:1069380062362C702C62362C702C622C702C622CD7
:10694800702C622C702C622C702C622C702C622C97
:10695800702C622C702C622C31702E2C32702E2CE4
:10696800700052616E67655465737400726F757458
:10697800696E6700656E642D6F662D73747265614C
:106988006D00696F206572726F7200766172696E50
:1069980074206F766572666C6F7700696E76616CCD
:1069A800696420776972655F7479706500706172D7
:1069B800656E742073747265616D20746F6F2073D7
:1069C800686F72740053657269616C4D6F64756CA1
:1069D80065526164696F0024474E4747412C253052
:1069E800326425303264253032642E253032642CEE
:1069F800253032642530372E34662C25632C25301B
:106A080033642530372E34662C25632C25752C25C8
:106A18003032752C253034752C253034642C2563A0
:106A28002C253034642C25632C25642C25303464C3
:106A3800002A253032580D0A000D0A2447256357CD
:106A4800504C2C253032642530372E34662C256383
:106A58002C253033642530372E34662C25632C25BD
:106A680073003F3F3F0025733A2025730052435778
:106A78004C393632300052616453656E7300696E6A
:106A880076616C69642073697A650073697A652038
:106A9800746F6F206C61726765007265616C6C6FF2
:106AA80063206661696C656400696E76616C69640F
:106AB80020756E696F6E207461670061727261790A
:106AC800206F766572666C6F77006661696C6564C5
:106AD80020746F207365742064656661756C7473C7
:106AE80000696E76616C6964206669656C642074FF
:106AF80079706500746F6F206D616E7920617272B4
:106B0800617920656E74726965730063616C6C628B
:106B180061636B206661696C6564007A65726F20D9
:106B280074616700696E76616C6964206578746564
:106B38006E73696F6E0077726F6E672073697A651E
:106B480020666F7220666978656420636F756E745D
:106B5800206669656C64006D697373696E6720727D
:106B680065717569726564206669656C6400777221
:106B78006F6E672077697265207479706500696E39
:106B880076616C696420646174615F73697A650019
:106B9800696E746567657220746F6F206C617267C7
:106BA80065006279746573206F766572666C6F77BD
:106BB80000737472696E67206F766572666C6F77A2
:106BC80000696E76616C6964206669656C6420642E
:106BD800657363726970746F7200696E636F727245
:106BE800656374206669786564206C656E6774688F
:106BF8002062797465732073697A65002E2E0052BD
:106C08004D4300474741004750475356007374723D
:106C180065616D2066756C6C0062797465732073AC
:106C2800697A65206578636565646564007A65726C
:106C38006F2D6C656E67746820737472696E670077
:106C4800756E7465726D696E6174656420737472B3
:106C5800696E670063616C6C6261636B2065727258
:106C68006F72006172726179206D61782073697A40
:106C78006520657863656564656400286E6F6E6578
:106C88002900203E20002800644229004E6F20720F
:106C98006573706F6E736520726563656976656488
:106CA800005761697420666F722000004861726441
:106CB8004661756C74210D0A0000000072303A209C
:106CC800253038780D0A000072313A20253038789E
:106CD8000D0A000072323A20253038780D0A00007B
:106CE80072333A20253038780D0A00007231323A72
:106CF80020253038780D0A006C723A202530387813
:106D08000D0A000070635B72657475726E206164B1
:106D180064726573735D3A20253038780D0A000077
:106D2800787073723A20253038780D0A00737562CE
:106D38006D73672073697A65206368616E6765643F
:106D480000212D30333639006C6974746C656673B4
:106D5800002D256C642E25302A6C6400307825308F
:106D68003878000108AC00657870616E64203332B1
:106D78002D62797465206BB02AAE7DEECBBBB1FC79
:106D8800036FDDDC7D76670CE81F0DA3A0AA1EB09B
:106D9800BD726B2B4C8A7E34FC3760F41E22A00B2C
:106DA800FB188460A5777200D4F1BB3A20290759F3
:106DB800F0BCFFABCF4E690100437573746F6D0073
:106DC80044656661756C74004D65736820436F6E29
:106DD80074726F6C2073657474696E677320617068
:106DE800706C696564004D6F7265207468616E200F
:106DF800313030206672616D65206572726F727312
:106E08000053656E64696E672074656C656D6574A2
:106E1800727920616E6420736C656570696E672095
:106E2800666F722025757320696E74657276616C61
:106E380020696E2061206D6F6D656E7400536572F8
:106E480069616C436F6E736F6C65000D0A0D0A2FD4
:106E58002F5C2045205320482054202F5C205320AD
:106E680054202F20430D0A0056657273696F6E20F7
:106E7800257320666F722025732066726F6D20253A
:106E8800730D0A0052434756312F6669726D776158
:106E980072652D466F726B004465627567206D756B
:106EA800746520697320656E61626C65642C20745A
:106EB800686572652077696C6C206265206E6F204A
:106EC80073657269616C206F75747075742E0D0A24
:106ED800006D61696E436F6E74726F6C6C657200E1
:106EE80074696D6572436F6E74726F6C6C65720055
:106EF800506F776572002F70726566732F64622E0B
:106F080070726F746F002F70726566732F636F6E87
:106F18006669672E70726F746F002F707265667382
:106F28002F6E6F6465732E70726F746F0076656371
:106F3800746F723A3A5F4D5F64656661756C745F31
:106F4800617070656E64002F70726566732F64657A
:106F5800766963652E70726F746F002F7072656644
:106F6800732F6D6F64756C652E70726F746F002F60
:106F780070726566732F6368616E6E656C732E70D0
:106F8800726F746F00526F757465720047505300CA
:106F9800526164696F496600526164696F4C696245
:106FA800206572723D0053583132363100416972A2
:106FB80054696D6500626F6F742074696D656F75D3
:106FC800740057616B652074696D65720052656362
:106FD8006569766564207061636B65742C206578DB
:106FE8006974696E67206C6967687420736C65657D
:106FF80070005265636569766564207061636B65CE
:10700800742C20726573657474696E672077696E75
:107018002077616B65005072657373004C6F77421F
:1070280061740053687574646F776E00496E70758B
:10703800742044657669636500426C7565746F6F8A
:1070480074682070616972696E67005061636B656E
:107058007420666F722070686F6E65005265636594
:107068006976656420746578740073657269616C0B
:107078002041504900706F77657220636F6E6E65AE
:10708800637400706F77657220646973636F6E6EE6
:1070980065637465640073657269616C2064697303
:1070A800636F6E6E65637400436F6E746163742002
:1070B80066726F6D2070686F6E65005363726565E8
:1070C8006E2D6F6E2074696D656F757400506F77E3
:1070D800657246534D00436F6D70726F6D697365CD
:1070E80064206B65797320776572652064657465C3
:1070F8006374656420616E6420726567656E65728D
:10710800617465642E004C6F6E67536C6F77005323
:10711800686F7274547572626F004C6F6E674D6F52
:10712800640053686F7274536C6F77004C6F6E67AE
:10713800466173740053686F7274466173740049D2
:107148006E76616C6964004D656469756D536C6F2A
:1071580077004C6F6E67547572626F004D65646995
:10716800756D46617374006D7174742E6D65736806
:107178007461737469632E6F7267006D65736864F8
:107188006576006C6172676534636174730052657B
:1071980073746F726564206B6579006D65736874CC
:1071A80061737469632E706F6F6C2E6E74702E6FBE
:1071B80072670053485554444F574E005344530088
:1071C8004C53004E42004441524B005345524941F2
:1071D8004C00424F4F54004F4E00504F57455200FD
:1071E8006E756C6C53656E736F720063616E6E6F53
:1071F8007420637265617465207374643A3A7665C5
:1072080063746F72206C6172676572207468616E56
:10721800206D61785F73697A65282900414243448B
:1072280045464748004A4B4C4D4E5051520041424A
:107238004344454647484A4B4C4D4E50515253548F
:107248005556004647484A4B4C4D4E5051525354A0
:107258005556414243444500414243444546474808
:107268004A4B4C4D4E4F50515253545556575859FE
:107278005A00313233343536373839306162630079
:107288003233343536373839434647484A4D5051FA
:1072980052565758005468726561642000546872E9
:1072A800656164436F6E74726F6C6C657220006206
:1072B800617369635F737472696E673A3A5F535FAB
:1072C8006372656174650002020203050507070B16
:1072D8000B0B0B0D0D000000020000000300000066
:1072E80005000000070000000B0000000D00000072
:1072F8001100000013000000170000001D0000002E
:107308001F00000025000000290000002B000000DD
:107318002F000000350000003B0000003D00000089
:107328004300000047000000490000004F00000033
:1073380053000000590000006100000067000000D1
:107348006D000000710000007F000000890000004F
:107358008B000000950000009D000000A7000000C1
:10736800B3000000C1000000C7000000D300000007
:10737800E3000000F1000000010100001501000019
:1073880025010000390100005101000067010000DB
:107398007F01000099010000B7010000D30100003F
:1073A800F70100001D020000410200006B0200000E
:1073B80095020000C5020000F90200003703000032
:1073C80077030000B903000007040000550400001B
:1073D800A90400000905000065050000D5050000A6
:1073E8004D060000CD06000057070000ED0700001D
:1073F8008308000035090000F5090000C10A0000F3
:107408009B0B0000890C00008D0D00009B0E0000F6
:10741800BB0F0000FD1000005F120000DF1300002A
:107428007F150000411700001B190000251B0000F4
:107438005D1D0000BB1F00004F2200001925000041
:1074480021280000692B0000EB2E0000B732000055
:10745800D1360000453B00001B40000055450000A8
:10746800EF4A000011510000AF570000D95E00003C
:107478009B660000FB6E000007780000C7810000D3
:107488005D8C0000D99700003BA40000A9B1000062
:1074980031C00000D1CF0000D5E0000019F3000092
:1074A800EB060100711C0100BB330100ED4C01002B
:1074B8002B6801009585010079A50100FBC7010033
:1074C8003FED01009F150200514102007F7002004C
:1074D80085A30200D3DA0200A91603005B57030054
:1074E800619D030017E903000D3B0400AF930400FE
:1074F80097F30400555B05008BCB0500E9440600B3
:1075080047C806007156070031F007009996080031
:10751800874A0900410D0A00F9DF0A00E9C30B0098
:1075280085BA0C0053C50D00F1E50E00431E10008E
:1075380025701100ADDD12001D691400F11416004C
:10754800DBE31700A3D8190071F61B00A3401E0047
:10755800D1BA2000F36823003D4F26005972290054
:1075680037D72C0027833000237C340057C83800D5
:10757800AF6E3D007B764200BDE7470013CB4D0060
:10758800D1295400F30D5B00C7826200B5936A00ED
:10759800E34D730017BF7C003BF68600770392002B
:1075A8004DF89D00E9E7AA00B9E6B800DF0AC8006F
:1075B800736CD8006F25EA00F951FD0077101201AD
:1075C800DB812801B9C940018D0E5B010B7A770177
:1075D8006D399601617DB701957ADB01596A02021E
:1075E800638A2C02871D5A02136C8B0235C4C002B1
:1075F800B77AFA0219EB38036F787C03E18DC5037B
:10760800679F1404752A6A04EBB6C60487D72A054F
:107618002D2B9705B55D0C0629298B069556140761
:10762800DDBFA80751504908BB06F708F9F6B209AB
:107638000D4B7E0A93455A0BC343480C31BF490D85
:107648005D50600E5BB18D0F5FC0D310BD823412E8
:107658004D28B213890E4F15A5C40D17850FF118C3
:1076680009EEFB1AC99D311D75A0951F11C12B226A
:107678005D1AF824F11CFF27A596452BB7B9D02E23
:10768800E725A6324BF0CB36D5AD483B217D2340CC
:10769800691264451FC3124B75933851D744DF579D
:1076A800D164115FAD5EDA66AF8C466F434C637888
:1076B800D9123F822985E98CBD8F7398F781EFA491
:1076C8000F2B71B251F90DC1AF1CDDD04BABF7E1F7
:1076D800AFC878F4FBFFFFFFFBFFFFFF4E53743783
:1076E8005F5F6378783131313562617369635F73E5
:1076F8007472696E67627566496353743131636881
:1077080061725F7472616974734963455361496357
:1077180045454500B8780308E476030894770308DC
:10772800000000001C770308C96D0108F16D01080D
:107738003DB2020837B10208BDAE020805B0020822
:1077480073B202084BAE020825B3020867AE0208FE
:1077580081B20208F1AD0208CFB2020851B10208A5
:107768005374313562617369635F73747265616DF7
:10777800627566496353743131636861725F74720C
:10778800616974734963454500000000587803082F
:10779800687703080000000094770308A5B2020880
:1077A800BDB202083DB202083FB2020841B2020867
:1077B80057B2020873B2020877B2020825B302086A
:1077C8007BB2020881B2020899B20208CFB202085D
:1077D8009FB2020862617369635F737472696E674E
:1077E8003A3A5F4D5F6372656174650062617369FF
:1077F800635F737472696E673A3A5F4D5F72657062
:107808006C6163650062617369635F737472696E4A
:10781800673A3A617070656E64004E31305F5F633D
:107828007878616269763131375F5F636C61737351
:107838005F747970655F696E666F4500B878030894
:1078480022780308EC780308000000004478030855
:107858009DB80208B1B8020865BA020865BA0208FC
:107868001BB902085DB8020803B90208C5B80208C6
:107878008FB802084E31305F5F637878616269764D
:107888003132305F5F73695F636C6173735F747902
:1078980070655F696E666F4500000000B878030880
:1078A8007C7803084478030800000000A4780308E3
:1078B80061B9020875B9020865BA020865BA020812
:1078C8001BB902085DB8020839BA0208C5B902082E
:1078D80089B90208537439747970655F696E666F87
:1078E8000000000058780308DC780308696F737497
:1078F8007265616D00696F73747265616D20657280
:10790800726F7200556E6B6E6F776E206572726F54
:1079180072000000B878030828790308D4790308AE
:107928002A4E31325F474C4F42414C5F5F4E5F31C8
:107938003137696F5F6572726F725F636174656713
:107948006F72794500000000000000001C790308F0
:10795800A1BA0208B5BA020895BA020809BC020819
:10796800C9BA0208A5BB0208ABBB0208D5BB02080E
:1079780067656E657269630073797374656D00621B
:10798800617369635F737472696E673A20636F6EBF
:10799800737472756374696F6E2066726F6D206E92
:1079A800756C6C206973206E6F742076616C6964E5
:1079B800004E5374335F563231346572726F725FA2
:1079C80063617465676F7279450000005878030831
:1079D800B9790308B8780308E8790308D479030863
:1079E8002A4E31325F474C4F42414C5F5F4E5F3108
:1079F800323267656E657269635F6572726F725F56
:107A080063617465676F727945000000B878030890
:107A1800207A0308D47903082A4E31325F474C4F45
:107A280042414C5F5F4E5F31323173797374656DDB
:107A38005F6572726F725F63617465676F727945B3
:107A48000000000000000000DC790308EBBB02081E
:107A5800F1BB02081DBB020809BC02082DBC0208C4
:107A6800A5BB020825BB0208D5BB02080000000020
:107A7800147A0308E9BB0208FDBB020839BB0208F7
:107A880009BC02082DBC020841BB020885BC0208DB
:107A9800D5BB020862617369635F737472696E674C
:107AA8003A3A5F535F636F6E737472756374206ED6
:107AB800756C6C206E6F742076616C6964000000D0
:107AC8000000000000000080182D4454FB210940EC
:107AD800182D4454FB2109C0182D4454FB21E9BF3B
:107AE800D221337F7CD90240D221337F7CD902C096
:107AF800FB21F93FFB2109407CD91240FB211940A9
:107B08007A6A1F407CD92240BBFD2540FB212940D1
:107B18003A462C407A6A2F405C4731407CD9324043
:107B28009C6B3440BBFD3540DB8F3740FB2139402F
:107B38001BB43A403A463C405AD83D407A6A3F40E6
:107B48004C7E40405C4741406C1042407CD94240EA
:107B58008CA243409C6B4440AC344540BBFD45403F
:107B6800CBC64640DB8F4740EB584840FB21494095
:107B780083F9A200444E6E00FC291500D157270056
:107B8800DD34F50062DBC0003C999500419043006C
:107B98006351FE00BBDEAB00B761C5003A6E24003E
:107BA800D24D42004906E00009EA2E001C92D1009D
:107BB800EB1DFE0029B11C00E83EA700F535820048
:107BC80044BB2E009CE98400B4267000417E5F000F
:107BD800D6913900538339009CF439008B5F8400B7
:107BE80028F9BD00F81F3B00DEFF97000F9805003D
:107BF800112FEF000A5A8B006D1F6D00CF7E3600E3
:107C080009CB2700464FB7009E663F002DEA5F006C
:107C1800BA277500E5EBC7003D7BF100F73907008F
:107C280092528A00FB6BEA001FB15F00085D8D006D
:107C3800300356007BFC4600F0AB6B0020BCCF0045
:107C480036F49A00E3A91D005E619100081BE60066
:107C580085996500A0145F008D40680080D8FF00FA
:107C680027734D0006063100CA561500C9A87300CF
:107C78007BE260006B8CC000E2652F227F2B7A3C90
:107C8800075C143326A6813CBDCBF07A8807703C8C
:107C9800075C143326A6913C4FBB610567ACDD3FFA
:107CA800182D4454FB21E93F9BF681D20B73EF3F1B
:107CB800182D4454FB21F93F00000040FB21F93FF7
:107CC800000000002D44743E000000809846F83CF7
:107CD8000000006051CC783B00000080831BF03925
:107CE8000000004020257A38000000802282E33618
:107CF800000000001DF369350200000003000000C9
:107D080004000000060000005245454E54206D61F5
:107D18006C6C6F6320737563636565646564002FBD
:107D28005F5F772F61726D2D6E6F6E652D65616275
:107D3800692D6763632D787061636B2F61726D2D98
:107D48006E6F6E652D656162692D6763632D78704E
:107D580061636B2F6275696C642F6C696E75782D21
:107D68007836342F736F75726365732F6E65776C11
:107D780069622D63796777696E2F6E65776C6962C2
:107D88002F6C6962632F7374646C69622F72616E01
:107D9800642E63002F5F5F772F61726D2D6E6F6E9B
:107DA800652D656162692D6763632D787061636B0A
:107DB8002F61726D2D6E6F6E652D656162692D671D
:107DC80063632D787061636B2F6275696C642F6CC7
:107DD800696E75782D7836342F736F757263657395
:107DE8002F6E65776C69622D63796777696E2F6E80
:107DF80065776C69622F6C6962632F7374646C6950
:107E0800622F72616E646F6D2E6300002020202047
:107E18002020202020282828282820202020202032
:107E28002020202020202020202020208810101012
:107E3800101010101010101010101010040404046A
:107E480004040404040410101010101010414141DF
:107E5800414141010101010101010101010101014A
:107E680001010101010101101010101010424242DD
:107E7800424242020202020202020202020202021A
:107E8800020202020202021010101020000000007C
:107E980000000000000000000000000000000000DA
:107EA80000000000000000000000000000000000CA
:107EB80000000000000000000000000000000000BA
:107EC80000000000000000000000000000000000AA
:107ED800000000000000000000000000000000009A
:107EE800000000000000000000000000000000008A
:107EF800000000000000000000000000000000007A
:107F08000000000000000000000000002F5F5F7705
:107F18002F61726D2D6E6F6E652D656162692D67BB
:107F280063632D787061636B2F61726D2D6E6F6E58
:107F3800652D656162692D6763632D787061636B78
:107F48002F6275696C642F6C696E75782D7836347C
:107F58002F736F75726365732F6E65776C69622D09
:107F680063796777696E2F6E65776C69622F6C69C4
:107F780062632F74696D652F676D74696D652E6313
:107F880000000000000000001F0000003B0000008F
:107F98005A0000007800000097000000B5000000BB
:107FA800D4000000F30000001101000030010000BF
:107FB8004E0100001F0000001C0000001F00000010
:107FC8001E0000001F0000001E0000001F0000002F
:107FD8001F0000001E0000001F0000001E0000001F
:107FE8001F000000305C0020232D302B2000686C1F
:107FF8004C006566674546470030313233343536C4
:1080080037383941424344454600303132333435FC
:108018003637383961626364656600001F00000006
:108028001C0000001F0000001E0000001F000000D0
:108038001E0000001F0000001F0000001E000000BE
:108048001F0000001E0000001F0000001F000000AD
:108058001D0000001F0000001E0000001F0000009F
:108068001E0000001F0000001F0000001E0000008E
:0C8078001F0000001E0000001F000000A0
:0880840038E0FE7F010000005E
:10808C00597B0208A9680208B19B0208CDAA020814
:10809C0051AB02082DAD020899B7020849B9020884
:0880AC0005BB0208B1BC02088B
:0880B4008568020881A302089F
:1080BC001000000000093D0000000000000000005E
:1080CC0000000000000000000000000000000000A4
:1080DC000000000000000000000000000000000094
:1080EC000000000000000000000000000000000084
:1080FC000000000000000000000000000000000074
:10810C000000000000000000000000000000000063
:10811C000000000000000000000000000000000053
:10812C000000000000000000000000000000000043
:10813C000000000000000000000000000000000033
:10814C000000000000000000000000000000000023
:10815C000000000000000000FFFFFFFFFFFFFFFF1B
:10816C00FFFFFFFFFFFFFFFF000300000000000008
:10817C0000000000000000000000000000000000F3
:10818C00385D002000000000000000000600000028
:10819C0008000000000000000200000000000000C9
:1081AC00000000000000000000000000CDCC4C3EA0
:1081BC0001000000010000000000000000000000B1
:1081CC0000000000000000000000000002000000A1
:1081DC000000000000000000000000000000000093
:1081EC000000000003000000000000000000000080
:1081FC000000000000000000000000000000000073
:10820C000000000000000000000000000000000062
:10821C00000000000000000099001E00000000009B
:10822C000000000000000000000000000000000042
:10823C000000000000000000000000000000000032
:10824C000000000000000000000000000000000022
:10825C000000000000000000000000000000000012
:10826C000000000000000000000000000000000002
:10827C0000000000000000000000000000000000F2
:10828C0000000000000000000000000000000000E2
:10829C0000000000000000000000000000000000D2
:1082AC006C090020FFFFFFFF0000000000300240BF
:1082BC0000000000000000000000000000000000B2
:1082CC0000000000000000000000000001000000A1
:1082DC00FF00000000000000000000000000000093
:1082EC000000000000000000000000000000000082
:1082FC000000000000000000000000000000000072
:10830C000000000000000000000000000000000061
:10831C000000000000000000000000000000000051
:10832C00013A01089944010885450108E133010827
:10833C000008000000080000000800000E0000000B
:10834C0080000000000000000000000000000000A1
:10835C000000000000000000587903087C7A030834
:10836C00547A03080000000059F3F8C21F6EA501EF
:10837C00000000000000F03FCC02002000000000D4
:10838C002C5A0020945A0020FC5A002000000000B7
:10839C0000000000000000000000000000000000D1
:1083AC0000000000000000000000000000000000C1
:1083BC0000000000000000000000000000000000B1
:1083CC0000000000000000006E5B002000000000B8
:1083DC0001000000000000004A0000000000000046
:1083EC000000000000000000000000000000000081
:1083FC000000000000000000000000000000000071
:10840C004A00000000000000000000000000000016
:10841C000000000000000000000000000000000050
:08842C00000000000000000048
:040000050802A5CD7B
:00000001FF
