:020000040800F2
:1000000000000120DD1D02082D1E02083DD401085C
:100010002D1E02082D1E02082D1E020800000000E1
:100020000000000000000000000000002D1E02087B
:100030002D1E0208000000002D1E0208093D0008C8
:100040002D1E02082D1E02082D1E02082D1E02085C
:100050002D1E02082D1E0208553D0008593D0008BE
:100060005D3D0008613D0008653D00082D1E020849
:100070002D1E02082D1E02082D1E02082D1E02082C
:100080002D1E02082D1E02082D1E02082D1E02081C
:10009000000000002D1E0208693D00082D1E020808
:1000A000DB3B00082D1E0208ED3B0008F13B000879
:1000B000053C0008193C00087D1C0108831C010850
:1000C000891C01088F1C01082D1E02082D1E020824
:1000D0003147000849470008654700082D1E0208FF
:1000E0002D1E02087F3D00082D1E02082D1E02084D
:1000F0002D1E020800000000000000002D1E020856
:10010000951C01089B1C01080D9201082D1E020878
:100110002D1E02082D1E02082D1E02082D1E02088B
:100120002D1E02082D1E02082D1E02082D1E02087B
:080130002D1E02082D1E02081D
:1001400003689A69910744BF00229A629A69D207AC
:100150005EBF9A6942F001029A61704730B5039D13
:1001600004682B4343EA0243064A6068C1F309016D
:100170000B4342EA555223F0004320EA02000343B6
:10018000636030BDFF63FF034FF0B042536823F458
:100190007F4343EA0023536070474FF0B0432D4A3A
:1001A000D3F8083103F00F0302EB8301C0F303100F
:1001B000096C52F82030B3FBF1F32749096801F4C8
:1001C000C061B1F5007F10B510D024498B4231D306
:1001D00001F5B70101F67F518B4231D901F5741158
:1001E00001F510618B422DD9002310E01C498B4290
:1001F0001CD91C498B421BD901F5370101F5D85197
:100200008B42F1D8022302EB8303D3F880301649E6
:1002100016480A6822F007021A430A6004680A684E
:1002200002F0070293420FD1002010BD0023EAE73D
:100230000123E8E7002302EB8302D2F88030E6E7EF
:100240000123F8E70223F6E70268121B022AE6D927
:100250000320EAE7E84A020800040058C0CF6A0019
:10026000BFEA21013F933402004000587803002088
:10027000836A1A0710B506D50168846B4A6822F4B0
:10028000004222434A60DC0706D50168C46A4A6816
:1002900022F4003222434A60990706D50168046BB4
:1002A0004A6822F4803222434A605A0706D5016820
:1002B000446B4A6822F4802222434A60DC0606D559
:1002C0000168C46B8A6822F4805222438A609906CE
:1002D00006D50168046C8A6822F4005222438A60C1
:1002E0005A060FD50168446C4A6822F480122243F2
:1002F000B4F5801F4A6005D14A68846C22F4C002BC
:1003000022434A601B0606D50268C16C536823F479
:1003100000230B43536010BDD0F88830212B10B55B
:100320001CD1B0F86A30CBB1B0F85620016892B257
:10033000AAB9026802F1080353E8003F23F400035E
:10034000083242E8003102680029F2D152E8003F49
:1003500043F0400342E800310029F7D110BDCA69DB
:1003600012060AD5026D12F8014B8C620265B0F8D4
:100370005620013A92B2A0F85620013B9BB2D2E738
:10038000D0F88830212B10B51CD1B0F86A30CBB131
:10039000B0F85620046892B2AAB9026802F10803C4
:1003A00053E8003F23F40003083242E800310268BA
:1003B0000029F2D152E8003F43F0400342E8003107
:1003C0000029F7D110BDE26912060CD5026D32F892
:1003D000021BC1F30801A1620265B0F85620013A80
:1003E00092B2A0F85620013B9BB2D0E7026852E8D7
:1003F000003F23F0800342E8003102680029F5D174
:1004000052E8003F43F0400342E800310029F7D1B1
:100410007047D0F88820212A034610D1B0F8562022
:1004200092B202B9E2E7026D016812F8010B88622C
:100430001A65B3F85620013A92B2A3F856207047D5
:10044000D0F88820212A034612D1B0F8562092B263
:1004500002B9CBE71A6D006832F8021BC1F308013C
:1004600081621A65B3F85620013A92B2A3F8562079
:1004700070474FF0B04382B0DA6C0243DA64DB6C51
:1004800003400193019B02B0704703681847012A9B
:1004900002D1016000207047022A05D0032AF9D05A
:1004A000002AF7D10260F5E70B680360F2E74FF02E
:1004B000B042D2F8883023F440630343C2F8883056
:1004C0007047D0F8943004381847D0F88C20B0F832
:1004D00060100368222A4FD15B6A826D0B40137053
:1004E000836D01338365B0F85E30013B9BB2A0F8A9
:1004F0005E30B0F85E309BB2002B41D1026852E80A
:10050000003F23F4907342E8003103680029F5D1DD
:1005100003F1080252E8002F22F0010203F1080C57
:100520004CE800210029F3D12022C0F88C20154A84
:1005300041679342016703D1C26E012A0CD0C0E724
:100540005A681102F8D553E8002F22F0806243E880
:1005500000210029F7D1EFE70022C26653E8002FFF
:1005600022F0100243E800210029F7D1DA69D2060F
:1005700006D510221A6270479A6942F008029A6101
:10058000704700BF00800040D0F88C10B0F86020A9
:10059000036822294ED15B6A1A40836D23F8022B2F
:1005A0008365B0F85E30013B9BB2A0F85E30B0F8D6
:1005B0005E309BB2002B41D1026852E8003F23F429
:1005C000907342E8003103680029F5D103F1080275
:1005D00052E8002F22F0010203F1080C4CE8002140
:1005E0000029F3D12022C0F88C20154A416793429C
:1005F000016703D1C26E012A0CD062E75A6811026A
:10060000F8D553E8002F22F0806243E8002100294A
:10061000F7D1EFE70022C26653E8002F22F0100264
:1006200043E800210029F7D1DA69D20606D5102265
:100630001A6270479A6942F008029A61704700BFD7
:100640000080004070470020704703460020187566
:1006500083F858007047826930B404695510034626
:1006600004EB6200D20748BF62595B6930BC48BFE7
:10067000D3581847826930B404695510034604EB17
:100680006200D20748BF62595B6930BC48BFD3588B
:100690001847024B1A685A60704700BF7803002061
:1006A0007047704770477047704770477047704792
:1006B000704770477047704703685B6818470020B1
:1006C0007047704708B5094B93F800225AB193F868
:1006D000AF2293F8AC3103B11AB1806803681B688C
:1006E0009847012008BD5A7BF3E700BF780300203C
:1006F0000A2938B50D4600F52A6403D10D2120469C
:10070000FFF7E0FF29462046BDE83840DAE7A0F5CC
:100710002A60EDE7A0F52B601DF03EBF054BD0F839
:1007200080261B6804489B1A83428CBF002001204E
:10073000704700BF780300209FBB0D00D0F83C310C
:100740002DE9F047044606220133C0F83C310A2166
:10075000B3FBF1F1B1FBF2F002FB101194F8382178
:10076000CEB2D2B10025F022002104F1480023F0DE
:1007700014FBC4E90C55C4E90E55C4E910556022B8
:10078000294604F5A27023F008FB84F8385184F858
:1007900039614FF47A70BDE8F08794F8A4214FF4E2
:1007A0006165B3FBF5F505F00705AA4225D0214F99
:1007B00004F5B070072207F53A7A07F5427950F848
:1007C000048DC0F80480D0F820E0D0F840C0C0F814
:1007D00024E0C0F844C04AF8228049F822E0013AF7
:1007E000EDD1C4F84421C4F86421C4F88421C7F8C9
:1007F000E822C7F8082384F8A45194F83921B242BA
:100800001FBF0C31002284F8396144F821203C22BA
:10081000B3FBF2F3B3FBF2F102FB113394F83A119C
:10082000DAB291421FBF123384F83A21002244F811
:100830002320AEE77803002008B503685B6898477B
:100840000028CCBF0020012008BD08B503680022A5
:1008500002751B686FF0004198476FF0004008BDBB
:10086000826930B404695510034604EB6200D20774
:1008700048BF62595B6930BC48BFD358184782698A
:1008800030B404695510034604EB6200D20748BF38
:1008900062595B6930BC48BFD3581847826930B48D
:1008A00004695510034604EB6200D20748BF625941
:1008B0005B6930BC48BFD3581847406A036810B41E
:1008C0000C465B691146224610BC184730B50B46F2
:1008D00000F1380201F1200518685968144603C474
:1008E0000833AB422246F7D11B78237030BD10B4D9
:1008F0000468246BA44610BC6047002070470020A9
:100900007047826930B404695510034604EB6200F5
:10091000D20748BF62595B6930BC48BFD3581847FB
:100920000020704770470020704700207047808A81
:100930008A89131A5842584170470120704703466C
:10094000002200691A6170470068096803689B68A3
:100950001847012A02D1016000207047022A05D001
:10096000032AF9D0002AF7D10260F5E70B6803608B
:10097000F2E70068096803689B681847E9E70068C0
:10098000096803689B681847E3E761B100F1180341
:10099000C91AB1F5B46F06D8034B491103FB010026
:1009A000002380F898377047EFEEEEEE00F2977272
:1009B000002312F8011F49B9C218012182F89817C3
:1009C0004FF4F07202FB0300183070470133042B20
:1009D000EFD10020704749B100F11403C91A18295A
:1009E0009EBF00EBE100002380F83430704700F137
:1009F0003302002312F8011F39B9C218012100EB9C
:100A0000C30082F83410143070470133042BF1D145
:100A10000020704771B100F11403C91A41F66A53FE
:100A2000994207D8044B491003FB010041F6747347
:100A30000022C254704700BF330A029A10B500F575
:100A4000FB521332002312F8011F51B9C11841F6AD
:100A5000747201248C544FF4FB7202FB03001430B7
:100A600010BD0133102BEED10020F9E7F0B506469A
:100A7000006850F82100B8B10468A569AB4207D1FD
:100A800017686568AF4203D15768A568AF420BD0BD
:100A9000256865B177682046AC69B4FBF7FC07FBB5
:100AA0001C44A14201D00020F0BD2C46E5E72846B9
:100AB000FAE770B5BC26B0B00C4605463246014692
:100AC00001A823F011FA32462146284623F00CFAF9
:100AD000324601A9204623F007FA30B070BD30B489
:100AE000084D95F8AC4154B195F8AF423CB10124A2
:100AF00080F8DD4A80F8984830BC09F0F1BC00204D
:100B000030BC70477803002006F0D7B8002370B5DA
:100B1000C0F890300668144B1D6833681A07044605
:100B200016D433685B0708D56FF07E432A464FF42E
:100B3000800120461AF05AF998B900202023C4F801
:100B4000883084F88400C4F88C30E066206709E0BF
:100B50006FF07E432A464FF400111AF047F900283F
:100B6000DFD0032070BD00BF7803002030B591FABC
:100B7000A1F391FAA1F1B3FA83F3C4685B000325F2
:100B8000B1FA81F105FA03F3490024EA03038A402C
:100B90001A43C26030BD10B504461046D4E90023A4
:100BA0009B1A0C4A0C4CDB105343E21A8A4201D2C6
:100BB00021F021FC994205D91944A14228BF2146C0
:100BC000084610BDB3EB430F4FEA4301F5D9204669
:100BD000F7E700BF35C2724FCB3D8D0070B591F87D
:100BE000502090F8503091F859404D6D02F1FF3C83
:100BF000DCF1000646EB0C069E4225D1631E5E42E8
:100C00005E4190F859309E421ED1436D5B1B18BF68
:100C10000123012680F85020B24280F8206045650B
:100C200008BF91F8582080F8594018BF652280F815
:100C3000582091F85A2080F85A201BB101462830DC
:100C40001BF0BEFD002070BD0123E2E770B5B1F8D6
:100C50005040B0F85060B0F85230B1F85220A0F8CF
:100C600054300125A64280F820500AD1934208D181
:100C7000A0F8523091F85630A0F850602BB90020FF
:100C800070BDA0F85040A0F85220014628301BF05B
:100C900097FDF4E70B6D026D534033F07F4370B561
:100CA000044648D18A6D836D9A4244D10A6E036E20
:100CB0009A4240D18A6E836E9A423CD1D1F880200C
:100CC000D0F880309A4236D1D1F88C20D0F88C30D0
:100CD0009A4230D1D1F8A820D0F8A8309A422AD12F
:100CE000D1F8A020D0F8A0309A4224D1D1F8B45045
:100CF000D0F8B430ED1A18BF0125012391F85060E7
:100D000084F8203091F8513084F8506084F85130E4
:100D10007422543104F1540023F0E6F84DB11EB1B1
:100D2000064B1B68C4F8C830214604F128001BF0AC
:100D300047FD002070BD0125DFE700BF78030020DC
:100D40000D2019F083BD70B50546084B03600446BD
:100D500055F8300FA84204D120461BF0CDFC2046A8
:100D600070BD066823F0B0F93046F3E77C4B02080B
:100D700010B50446FFF7E7FF204623F0A5F920460B
:100D800010BD10B504461BF0B7FC204610BD10B5D1
:100D90000446FFF7F6FF204623F096F9204610BDE3
:100DA00010B504461BF0A8FC204610BD10B5044643
:100DB000FFF7F6FF204623F087F9204610BD2DE906
:100DC000FF4705461E4B55F8046F036004460DF1BE
:100DD00004084FF00009AE4206D16068854229D16F
:100DE000204604B0BDE8F087CDE90188B768CDF8AA
:100DF0000C90396801988F4203D1404515D136686F
:100E0000E9E78B68D1F800A09C420CD181420AD05E
:100E1000824508D0524621F00AF8039B0133039320
:100E2000BB68013BBB605146E4E7076823F04CF91F
:100E30003846E2E7066823F047F93046CEE700BFC0
:100E40008863020810B50446FFF7B9FF204623F077
:100E50003BF9204610BD2DE9FF4705461E4B55F8CE
:100E6000046F036004460DF104084FF00009AE4220
:100E700006D16068854229D1204604B0BDE8F087DC
:100E8000CDE90188B768CDF80C90396801988F4298
:100E900003D1404515D13668E9E78B68D1F800A049
:100EA0009C420CD181420AD0824508D0524620F0A3
:100EB000BEFF039B01330393BB68013BBB605146FC
:100EC000E4E7076823F000F93846E2E7066823F014
:100ED000FBF83046CEE700BF8863020810B5044631
:100EE000FFF7B9FF204623F0EFF8204610BD2DE9AB
:100EF000FF4705461E4B55F8046F036004460DF18D
:100F000004084FF00009AE4206D16068854229D13D
:100F1000204604B0BDE8F087CDE90188B768CDF878
:100F20000C90396801988F4203D1404515D136683D
:100F3000E9E78B68D1F800A09C420CD181420AD02D
:100F4000824508D0524620F072FF039B0133039381
:100F5000BB68013BBB605146E4E7076823F0B4F887
:100F60003846E2E7066823F0AFF83046CEE700BF28
:100F70008863020810B50446FFF7B9FF204623F046
:100F8000A3F8204610BD2DE9FF4705461E4B55F836
:100F9000046F036004460DF104084FF00009AE42EF
:100FA00006D16068854229D1204604B0BDE8F087AB
:100FB000CDE90188B768CDF80C90396801988F4267
:100FC00003D1404515D13668E9E78B68D1F800A018
:100FD0009C420CD181420AD0824508D0524620F072
:100FE00026FF039B01330393BB68013BBB60514663
:100FF000E4E7076823F068F83846E2E7066823F07C
:1010000063F83046CEE700BF8863020810B5044697
:10101000FFF7B9FF204623F057F8204610BD10B562
:10102000034B036004461BF089FB204610BD00BF44
:10103000A84B020870B50546084B0360044655F8F6
:10104000280FA84204D1201DFFF7E9FF204670BDFC
:10105000066823F039F83046F3E700BFBC4B0208BE
:1010600010B50446FFF7E6FF204623F02DF8204692
:1010700010BD10B5054B044640F8343BFFF79FFE0A
:101080002046FFF7D7FF204610BD00BFCC4B02081B
:10109000F0B599B001AD044628461BF0A1FB214BE9
:1010A000019310330FAA0E931F4B1295CDE90F2217
:1010B0000022CDE9133211924FF0FF320223169233
:1010C00040F2FF228DF85430ADF85C208DF85E3090
:1010D000164AE36D116803F54343503327468B42AC
:1010E00038BF136857F8306F38BFE365BE4205D08C
:1010F000B068036829469B68984740B12846FFF7C7
:10110000B8FF636D2BB94FF0FF3019B0F0BD3668F2
:10111000ECE793F82030002B44F6206008BF4FF036
:10112000FF30F2E7CC4B0208DD0B0008780300200B
:1011300010B50446FFF79DFF204622F0C5FF20466C
:1011400010BD10B5054B044640F8343BFFF7CFFE09
:101150002046FFF76FFF204610BD00BFF04B02088E
:1011600010B50446FFF7EDFF204622F0ADFF204604
:1011700010BD10B5054B044640F8343BFFF703FFA4
:101180002046FFF757FF204610BD00BF004C020865
:1011900010B50446FFF7EDFF204622F095FF2046EC
:1011A00010BD10B50446FFF73AFF204622F08CFF31
:1011B000204610BD2DE9F347324F019304460E46F9
:1011C00007F54A70A02122F081FD9F2884BF0A23E1
:1011D00087F8C6332C4F05464FF0000888BF9F257F
:1011E0004FF0230A45450AD1C6B92A46264920466A
:1011F000FFF762FA0546284602B0BDE8F08797F887
:101200000090484623F09CFB20B9B9F10A0F18BFA3
:1012100087F800A008F101080137E3E71B493046D1
:101220001CF01CFE20B91A4905222046FFF744FA9B
:10123000184930461CF012FE20B9174905222046F5
:10124000FFF73AFA154930461CF008FE20B9144958
:1012500005222046FFF730FA124930461CF0FEFD09
:1012600020B9114905222046FFF726FA2A460649E9
:101270002046FFF721FA0D49054604222046FFF7D4
:101280001BFAB8E778030020A0060020E08F0208D0
:10129000E68F0208EC8F0208F28F0208F88F02082E
:1012A000FE8F0208049002080A90020810900208BB
:1012B0000346C06A0A4640B193F83501424083F8BC
:1012C000352103F114000CF024BC70470346C06ABA
:1012D00070B480B108465518854204D170BC03F142
:1012E00014000FF0DBBF10F8014B93F83561744028
:1012F00083F83541F0E770BC7047A0F52A601DF017
:101300004FB92DE9F0411E4690F958308AB0002BB4
:10131000DDF8408004460D46174621DD00F1280324
:1013200010220021184622F038FDB8F5807FA76210
:10133000E662256314D8119A25466E4655F8447B1B
:101340000690CDE907820FCD0FC695E8030046F859
:10135000040B04F1380331700ECBBD6B2046A84757
:101360000AB0BDE8F08138B50C4D05F59473036003
:1013700005F5BA730446C0F8A03A05F5C873C0F87D
:10138000B03A05F5DC7500F52B601BF0B5F9204689
:1013900025601BF006FB204638BD00BFE84A020866
:1013A000A0F52B60DFE710B50446FFF7DCFF204611
:1013B00022F08AFE204610BDA0F52B60F3E730B482
:1013C000034600F130020024BFF35B8F52E8001F98
:1013D00042E80045002DF9D1BFF35B8F19B11B68BE
:1013E00030BC1B6A184730BC704708B50022027534
:1013F000FFF7E5FF4FF0FF3008BD10B5074B04467F
:1014000040F8543B21F0ECFB04F13400FFF723FDDE
:101410002046FFF70FFE204610BD00BFDC4C02083F
:1014200010B50446FFF7E9FF204622F04DFE2046A6
:1014300010BD054B10B504460360406A08B118F0B2
:1014400002FD204610BD00BFEC4C020810B504465A
:10145000FFF7EFFF204622F037FE204610BD70B5A3
:101460000446406A00230E461546636208B118F030
:10147000EAFC95B1442022F01FFE084A02600346B0
:10148000606A636208B118F0DEFC606A03682A468D
:1014900031461B69BDE87040184770BD304D0208E9
:1014A00070B5154692F844200E460AB1002070BD72
:1014B0008C1C01F12402498C0368202914D1DB68BB
:1014C000214698470028F1D0202333807384214699
:1014D000A5F846304835E31851F8042B45F8042B9D
:1014E0009942F9D10120E2E79B6821469847EBE752
:1014F00070B5531E154606460C461F3213F8011FE1
:10150000C1B99342FAD1002070BD06F1790305F10B
:10151000200255F8041B43F8041B9542F9D1043608
:1015200004F1200354F8042B46F8042B9C42F9D113
:101530000120E9E700222946204616F01BFF20463D
:1015400017F09AF80028E0D020220021204622F04F
:1015500024FCD8E72DE9F347454C07464548894622
:10156000904618F0B9FEB4F8FC15102903D104F226
:10157000FE5018F07BFE22F001FB042101900DEBE0
:10158000010018F073FE3E1D07F179054FF0000AC7
:1015900094F8810C10F0400001D118F09DFEB4F8D1
:1015A000802CC2F30C03C2F3C9021F2AC8BFA3F5E3
:1015B0008073B4F8802CCCBFC3F30C03002363F317
:1015C0000C021304A4F8802C4FD50021084618F013
:1015D0004DFE94F8813C84F89DAC6FF3C71384F8FA
:1015E000813CD4F8303C0133C4F8303C18F012FD93
:1015F000DFF884C02A460CF1200E634603CB734506
:10160000106051609C4602F10802F6D118F000FE0D
:1016100097F8793023F0070387F8793097F89830F6
:1016200003F03F0343F0400387F898300022294637
:10163000304616F09FFE304617F01EF80028A7D15E
:10164000304606F1200350F8042B49F8042B984249
:10165000F9D1294605F1200351F8042B48F8042B51
:101660009942F9D102B0BDE8F08718F041FCB8E723
:101670007803002015900208B80F002082B02DE9F1
:10168000F04F8FB004461993229B0093239BDDF803
:1016900090A00193934622F071FA269B03EB0A096E
:1016A000BDF86430C9F80800064633B9002738464B
:1016B0000FB0BDE8F04F02B0704723680DF166012E
:1016C000DB692046984707460028EFD0A046202235
:1016D00058F8593B20461B6A414604F128059847B3
:1016E00010220021284622F058FB009BA362019B98
:1016F000E362C4F830B006B1E6623148314C0D22E5
:10170000294608F074FE41462F48082208F06FFE73
:10171000D4F8A00C036820225B6A4146984719233D
:101720008DF828302A460DF1290305F10C0852F8EE
:10173000041B43F8041B4245F9D198F800201A70A5
:10174000D4F8A00C9AFA9AF3ADF83630036802AADE
:101750009B6A0AA99847259802AA514607F076FD88
:1017600001238DF818300DF1190355F8042B43F8B7
:10177000042B4545F9D12A781A70269A259806AB8C
:10178000514618F065FBD4F8A00C0023ADF82630C4
:1017900003680AAA9B6A06A9984709F1070402AAE6
:1017A0000AAB09F1FF3112F8010B13F8015B684035
:1017B00001F8010FA142F6D1C9F8086077E700BF30
:1017C00024900208780300204190020882B02DE99D
:1017D000F04F95B08A461EA981E80C00DDE928B3D8
:1017E0002A9E01932B9B0C3E9F19BDF87830D7F8A9
:1017F000089005462BB9002015B0BDE8F04F02B0A7
:10180000704703680DF17A01DB6998470028F2D030
:10181000A846202258F8593B28461B6A414605F144
:101820002804984710220021204622F0B6FA019B96
:10183000C5F828B0EB62C5F830A0B9F1000F01D0AF
:10184000C5F82C903E483F4D0D22214608F0CFFDB3
:1018500041463D48082208F0CAFDD5F8A00C0368AF
:1018600020225B6A4146984701238DF820302246AA
:101870000DF1210304F10C0852F8041B43F8041B7A
:101880004245F9D198F800201A70D5F8A00C002331
:10189000ADF82E30036808A99B6A10AA98477B1EF2
:1018A00010A80CA9073713F801CF10F8012BBB4281
:1018B00082EA0C0201F8012BF5D108AB2C9A2B9887
:1018C000314618F0C5FA19238DF840300DF1410367
:1018D00054F8042B43F8042B4445F9D122781A70AC
:1018E000D5F8A00C73BAADF84E30036804AC9B6A0F
:1018F000224610A998472C982246314607F0A6FCAC
:101900000CAB039410930398002300283FF474AFAA
:10191000109800283FF470AF8DF80B30039AD15C1B
:10192000109AD05C9DF80B20414001330A43082BEC
:101930008DF80B20F2D19DF80B000138C00F5BE74A
:1019400071900208780300208E900208F0B500F133
:10195000590789B03B4601F1200251F8044B43F886
:10196000044B9142F9D16C4600F1790200F19903E0
:10197000264610685168254603C508329A422C460F
:10198000F7D1384616F078FE3A46314605463846D5
:1019900016F0F0FC0446384616F06EFE84F00104A2
:1019A00005432C433046202116F01AFC04F0FF04B6
:1019B000E04300F0010009B0F0BD10B50446006836
:1019C00008B118F03BFA204610BD84B02DE9F34170
:1019D0009DF9448009AE0024B8F1100F86E80E008E
:1019E000DDE91357009443D1E82022F065FB264B34
:1019F00003602C33C362A0F828800A2380F83030BB
:101A000000F1380200F12C0342634360CDE9000489
:101A100001A8FFF7D2FF009C9DF9442023683146BE
:101A20001A4E1B69204698472A463946304622F00E
:101A30005BFAC5F580720021701922F0AEF92368B7
:101A400012995B691022204698470C2384F82930AC
:101A500023683246D3F8188039462B462046C047C3
:101A60006846FFF7AAFF02B0BDE8F04104B0704736
:101A70004FF4947022F020FB10230385044B036085
:101A80002C33C3620E23B9E7584D02081C10002006
:101A9000AC4D020810B591F85C31012B04460CD115
:101AA000064B1B7B022B08D0D1F81421096807F0E4
:101AB000AAF810B1236F0133236710BD780300200B
:101AC000F0B505468DB006F02AFF284617F01FFE38
:101AD00095F988310933BCBFF72385F888312B6825
:101AE00028469B6B002498470594D5F85032049300
:101AF000B5F86C30039395F98831029395F8D93194
:101B0000019395F86130009305F51576EA6D95F827
:101B100060300146304616F083F8821C4CD0284BCA
:101B2000984249D0D5F84C12264F304615F0C9FFDF
:101B3000044618BB0146304615F0EAFF0446E8B9F2
:101B40004FF0FF33CDE90933CDE907330B93D7F8D5
:101B5000A43DD5F89C02DB070CD401681A4BCA6877
:101B60000969C3E90122C3E90712C3E90D21012371
:101B7000C7F8A43D144A07A914F0C6F897F8CD1188
:101B800001B10121304617F07CFE002300930122B1
:101B900040F6B50105F5F07017F096FE4CB901213D
:101BA000304617F073FF044618B92B6828465B6D62
:101BB0009847B4FA84F4640920460DB0F0BD00BF24
:101BC0003DFDFFFF780300200000002038B50446EB
:101BD00006F08EFD236804F515759B6F2046984727
:101BE00094F86010284615F0E3F9E16D284615F0E9
:101BF00079F994F86110284617F005FE94F8D91188
:101C0000284617F01FFED4F84C12284615F059FF4D
:101C1000B4F86C10284615F0F1FE236820469B6B43
:101C200098470146284614F067FC94F98831162B32
:101C3000C4BF162384F8883194F98811284614F01B
:101C400027F9064B284693F8CD1117F01AFE2368A2
:101C500020465B6D9847002038BD00BF7803002008
:101C600010B5036804469B6F984704F5157017F08C
:101C70001BFD012010BD08B500F5157013F072FCB6
:101C8000003818BF012008BD38B5044600F51570AE
:101C900013F068FC10F0140F12D0114DD4F8442248
:101CA0002B681AB9C4F84432012038BD216F9B1A41
:101CB000B3EB410FF8D3C30604D40023C4F8443275
:101CC0000020F2E7236800225B6B40F201112046FE
:101CD00098472B68D4F844229B1A9842E4D8ECE742
:101CE00078030020F0B5C36F85B00446002B3DD1CA
:101CF00090F82C32002B34D104F51575284617F0D6
:101D0000D3FC0021284617F0B3FC7F238DF80F3059
:101D100000220123CDE9003289210DF10F0204F5E3
:101D2000F07014F037F8D4F8E0011C4E0368052178
:101D3000DB6998473768D4F8E001D4F80C120368DF
:101D40001B6998470346D4F8E0018BB90368D4F8BF
:101D50000C121B699847236890B15B6D2046984729
:101D600004E00368DB6D98470028C5D005B0F0BDDE
:101D700033680268DB1B322BE8D8536D9847DAE7EB
:101D80009B6B204698470146284614F044FB96F882
:101D9000CD11284617F075FD2368DEE77803002093
:101DA00000F5157013F05CB81FB5FF238DF80130F6
:101DB0004FF6FF730022ADF802304FF4C073CDE947
:101DC0000123039390F863308DF8003003680446D4
:101DD0009B6F9847694604F5157011F0B1F8034BF5
:101DE000C11A4842484104B010BD00BF42FDFFFF88
:101DF000F0B5036805469B6F85B09847B5F86C4011
:101E0000B5F8A63205F515766CB91C460F2C1ADC10
:101E10000023009340F2762202236FF07F41304688
:101E200011F088FA01E0A342F0D2012385F82C32A8
:101E30002B683349DB6C28469847284605B0BDE837
:101E4000F04006F0C9BD95F8A03242F210709840FB
:101E50001CF094F92B490746D5F8A8021CF0E6F9C6
:101E6000014638461CF096FA1CF056FBA4F1100708
:101E7000D5F8C832BFB2474303F57E729742C7D345
:101E800004FB0004E41B04F57A74640800EBC00052
:101E9000844238BF04467D22FF1AE4006FF07F4180
:101EA000B4FBF2F4631EA7F57A778B424FEAC707BB
:101EB000B7FBF2F7B9D27B1E8B42B6D2022340F2B7
:101EC0007622304615F0CFF80028AED1230C8DF8DD
:101ED0000830230A8DF809303B0C8DF80B300123B4
:101EE000CDE900337FBAD5F89C028DF80A4006236D
:101EF00002AA9421ADF80C7013F04CFF95E700BFD7
:101F0000117300080000204138B500F5157528460A
:101F10000C4614F011FDC4F81C01284613F033FBE5
:101F200021F07AFCC4F8240138BD10B5044600F550
:101F3000CA70FFF744FA04F5157013F039FB00235B
:101F400084F82C32C4F84432236820469B6C9847AE
:101F50002046BDE8104007F0B5BE2DE9F04300244F
:101F60008BB005460E46A04600F51577002A58D0DE
:101F700090F8A432012B11D040F24971D0F89C02A4
:101F800013F052FD40F26B71C0F30214D5F89C02BD
:101F900013F04AFD042CC0F300183ED80434E4B218
:101FA00095F86000D5F85C90B5F86C308DF8244059
:101FB00001248DF81C00ADF8143004FA00F0002361
:101FC0008DF81630CDF820901CF0DCF849461CF056
:101FD000E1F94FF083411BF013FF0028034618BFBF
:101FE00023468DF818308DF81780DDE90501D5F806
:101FF0005442099B019000930396ADF80810DDE967
:102000000723A46F95F8D8113846A0474FF47A7388
:10201000B0FBF3F00BB0BDE8F083072C08BF082439
:10202000BEE7D0F854323846DB6F9847EEE738B554
:10203000D0F8D430082B04460D4607D1AC3017F049
:10204000E3FA014610B11548FEF7E4FCD4F8D430A9
:10205000072B01DD21F042FDD4F8D80018B1036848
:1020600000211B689847D4F8D03004EB8302013379
:10207000C2F8AC505A4202F0070203F0070358BFFF
:102080005342C4F8D030D4F8D4300133C4F8D4303B
:10209000D4F8FC300133C4F8FC3038BDB01D00204A
:1020A00038B5D0F8EC30022B04460D4607D1DC30B1
:1020B00017F099FA014610B11348FEF766FCD4F800
:1020C000EC30012B01DD21F009FDD4F8F00018B14E
:1020D000036800211B689847D4F8E83004EB8302BA
:1020E000013303F0010348BF5B42C2F8DC50C4F87F
:1020F000E830D4F8EC300133C4F8EC30D4F8FC30DC
:102100000133C4F8FC3038BD2011002070B50F4BEE
:10211000044640F8683B1AF0D0FAA36B3BB1E36D7C
:10212000E56C1E1DAE420BD8A06B21F0CDFF606B9D
:1021300008B121F0C9FF20461AF0DEFA204670BD32
:1021400055F8040B21F0C0FFECE700BF004E020879
:1021500010B50446FFF7DAFF204621F0B5FF204610
:1021600010BD38B5D0F88C100F4B03600446A9B9E8
:10217000D4F88820D4F88400920021F00EFED4F820
:10218000840004F19C03984201D021F09DFF074B8D
:1021900023602046FFF7BAFF204638BD0D68084689
:1021A00021F092FF2946E2E73C4E02087C4E0208ED
:1021B00010B50446FFF7D5FF204621F085FF2046E5
:1021C00010BD2DE9F04FD1E90036D0F804A05E40F3
:1021D000B6FBFAF70AFB176785B088460A4633460E
:1021E00039460446FEF742FC38B103682BB103F1CF
:1021F0000C09484605B0BDE8F08F1C2021F05CFFBB
:10220000034605464FF0000B98E8030043F804BB73
:1022100083E803000123C5E904BB0093E368524649
:1022200004F1100102A820F031F99DF8083005F101
:102230000C09C3B1039F012F04F1180A22D1C4F87D
:1022400018B0D046A4460020A2684CF8080F12BB74
:102250002068504501D021F037FFB6FBF7F3C4E901
:10226000008707FB13672368AE6153F82720B80087
:1022700072B312682A6053F827301D60E368013397
:10228000E360B6E7384616F096FEBA005946804637
:1022900021F083FDD6E79369B3FBF7F107FB113318
:1022A000D2F800E058F8231059B9A1681160A26073
:1022B00048F823C0116809B148F820201846724632
:1022C000C5E70968116058F823301A600346F5E73E
:1022D000A2682A60A5603AB192696168B2FBF1F622
:1022E00001FB162243F8225004F108021A50C5E7F8
:1022F0002DE9F0430546B1B014460E4631B1D3691D
:10230000DFF8D890D3E90078B84519D1A5B1AB680A
:10231000E4698BB1314901AA28460FF071FE58B12A
:10232000D4E901739F421ED0BC2201A9384621F096
:10233000DBFD6368BC336360012031B0BDE8F0832E
:102340003946BC2201A821F0CFFDA27D218A30466A
:1023500019F06CFABC370028EFD001AA4946304684
:1023600013F02CF9D0E71E4A0121204605F006FEA5
:10237000D4F800800646A7EB080968B3194B9842C9
:1023800006D9194B984201D920F02FF820F02AF8ED
:10239000BC20704321F090FE0546BC2201A905EB4C
:1023A000090021F0A1FD39462A46404618F0D8FA26
:1023B000394600F1BC02384618F0D2FA0746B8F1A7
:1023C000000F02D0404621F07FFEBC23C4E9005735
:1023D00003FB0655A560AFE70546DEE7B44E0208ED
:1023E000BE900208414CAE0082985C0170B59EB070
:1023F0000F4B0093684614460E4611F09BFF0025D4
:10240000E4B2A54209D320223146684612F0F3FA1D
:10241000684616F059F91EB070BD621B102A06EB13
:10242000050128BF1022684612F0B3FA1035E8E71C
:10243000D44E020810B5054B044640F82C3B15F06D
:10244000E8FE204615F060FF204610BDAC4D0208A6
:1024500010B50446FFF7EEFF204621F035FE20467A
:1024600010BD10B5054B044640F82C3B15F0C0FEDE
:10247000204615F049FF204610BD00BF584D020808
:1024800010B50446FFF7EDFF204621F01DFE204663
:1024900010BD002807DB044A4109012300F01F009A
:1024A000834042F82130704700E100E000280CDB57
:1024B0004309064900F01F0020330122824041F801
:1024C0002320BFF34F8FBFF36F8F704700E100E011
:1024D00008B53220FFF7EAFFBDE80840014818F0D0
:1024E0002BBF00BF40190020164B30B5DC68C4F389
:1024F0000224C4F10703251D042B28BF0423062D45
:102500004FF0FF358CBF033C002405FA03F321EAAA
:102510000303A54022EA0502A340002843EA020380
:10252000ACBF00F16040084A4FEA0313B8BF00F0A7
:102530000F00DBB2AABF00F56140135480F80033EE
:1025400030BD00BF00ED00E014ED00E008B590F8EC
:102550002530022B03D00423C363012008BD036888
:102560001A6822F00E021A601A6822F001021A603C
:10257000826C136823F480731360D0E9101303F0A6
:102580001C02012393404B60D0E913325A60436D23
:1025900033B11A6822F480721A60D0E916325A6098
:1025A000012380F82530002380F82430836B03B1A9
:1025B00098470020D2E7074B5A69002ABFBF064A56
:1025C0009A6002F188329A60BABF5869C00F002041
:1025D000704700BF0040005823016745044B5A690B
:1025E00042F000425A615869C043C00F704700BFB3
:1025F000004000580268436B9169126803B11847A4
:1026000070471C4A436B934270B501F002020DB251
:1026100001F001041DD0184EB3421AD0174EB34238
:1026200017D0002DACBF0023B8230CB143F0F20348
:102630000AB143F0F403102902D143F0900303E000
:10264000202901D143F0200301680A6813430B607D
:1026500070BD002DACBF0023B8230CB143F0F203D2
:102660000AB143F0F4031029E7D0202908BF43F052
:102670006003E9E7352A00080B2F0008372B000814
:1026800090F84120602A4FF0000206D1202180F806
:10269000411080F8402002637047026380F84020B8
:1026A00090F892205AB990F84120202A07D1282288
:1026B00080F84120024A42634FF40041A1E770478D
:1026C000F92D0008806A836B0BB100229A63C36BFB
:1026D0000BB100229A63D3E711F0010307D090F801
:1026E000413003F02803282B14BFF22342238A072A
:1026F00009D590F8412002F02802282A0CBF43F0A7
:10270000440343F0F4030A0401680A6848BF43F035
:10271000B80322EA03030B607047002380F84230BD
:1027200090F8412010B5212A4FF0200280F8412076
:102730000BBF112212224363436307BF02630121CF
:1027400002630221FFF7C8FF002380F8403010BD6C
:1027500008B503681A68002180F84210510415D5A5
:102760001A6822F480421A6090F84130292B13D164
:10277000282380F84130212303630121FFF7ACFFB8
:10278000002380F8403080F8903008BD1204EBD56B
:102790001A6822F40042E6E790F841302A2BF4D17F
:1027A000282380F84130222303630221FFF794FF9E
:1027B000002380F84030BDE808400FF04FBA08B55C
:1027C000164BC362202200230363436380F8412039
:1027D00080F842304B0712D503685A6A436A1A7070
:1027E000436A01334362038D4BB1013B0385438D43
:1027F000013B9BB24385436C43F00403436448F2BE
:102800000301FFF769FF03681022DA61002380F8F3
:102810004030BDE808400FF0FEB900BF0000FFFFE8
:1028200070B500223B4D90F8413080F84220C562DF
:102830004285426C283B0A43022B0446426429D855
:102840000321FFF749FF282380F84130324BA06B6A
:102850006363236B00283FD0112B01D0212B3BD188
:1028600023681A68510442BF1A6822F480421A6031
:1028700090F82530012B2BD0284B8363002384F85C
:102880004030FFF763FE002843D0A06B836BBDE8A8
:102890007040184748F20301FFF71EFFFDF750FC98
:1028A00090F84130602B11D0202380F8413003682C
:1028B0009A6995060AD59A69D00605D51022DA617B
:1028C000626C42F0040262642022DA610023BEE7F7
:1028D0002046BDE87040D3E6E06B0028F8D0122B0C
:1028E00001D0222BF4D123681A68120442BF1A685F
:1028F00022F400421A6090F82530012BE8D0074BF3
:102900008363002384F84030FFF720FE08B1E06BBA
:10291000BCE770BD0000FFFFF92D0008C5260008C8
:10292000036899691A6810B4CC0508D5140606D551
:10293000446C44F0010444644FF48074DC614C0541
:1029400008D5140606D5446C44F0080444644FF4DA
:102950008064DC61890508D5120606D5426C42F018
:10296000020242644FF40072DA61416C11F00B0F05
:1029700001D010BC54E710BC704773B50568202324
:10298000EB6190F84130212B04460E4634D10121F1
:10299000FFF7A2FE112323636B6823F0FF7323F478
:1029A0008B3323F4FF7323F001036B600023636315
:1029B000F206A3F58033E36205D51023EB61636C67
:1029C00043F00403636494F84130602B05D173072E
:1029D00041BF6B6ADBB20193019B2046FDF7B0FB60
:1029E000636C94F84120602A00D073B1616C20467A
:1029F00002B0BDE8704013E790F84130222BCBD1F4
:102A00000221FFF769FE1223C5E794F84120212A2D
:102A10000AD1202284F84120236394F8422084F8CC
:102A2000403084F8423003E094F84120222AF0D06C
:102A300002B070BD73B590F84030012B044678D0D9
:102A4000012380F84030CB0612D5D60610D5036896
:102A50001022DA61436C43F0040343642021FFF742
:102A6000D0FDFDF76DFB002084F8400002B070BD82
:102A70000D0641D550063FD525682B6823F040034D
:102A80002B60638D9BB25BB36968638D9BB2FF2B38
:102A9000C1F309011AD9FF2323854FF08073002267
:102AA000268D009294F828202046FDF757FB638D71
:102AB0009B1B9BB2638594F84130222B2B680CBF83
:102AC00043F4004343F480432B60CCE7638D2385BC
:102AD000E36A13F5803F14BFE36A4FF00073DEE74B
:102AE0006B689A0103D42046FFF717FEBBE740212D
:102AF0002046FFF795FEB6E74B0612D5560610D5D1
:102B0000638D9BB2002BF2D123685A689501AAD439
:102B1000E26A12F5803FE6D15A6842F480425A6078
:102B2000A1E788069FD593069DD52046FFF725FF90
:102B300099E702209AE713B590F84030012B04463C
:102B400000F08580012380F84030CB0612D5D306F3
:102B500010D503681022DA61436C43F00403436428
:102B60002021FFF74EFDFDF7EBFA002084F840002E
:102B700002B010BD880708D5930706D52368226DDB
:102B80009A624FF0FF332365EFE7080636D5530608
:102B900034D510212046FFF734FD638D9BB24BB333
:102BA000638D9BB2FF2B17D90023FF22E16C228596
:102BB00000934FF0807389B2FDF7D0FA638D228DB8
:102BC0009B1A9BB2638594F841202368222A1A68D5
:102BD0000CD142F400420BE0628DE16C92B2002312
:102BE00022850093D2B24FF00073E4E742F48042B2
:102BF0001A60BAE74021FFF713FEB6E748061ED574
:102C000053061CD594F84110124A134B222918BFC1
:102C10001346628D92B2FF2A08D9FF22E16C228509
:102C200000934FF0807389B22046C5E7628DE16C56
:102C300092B222850093D2B24FF00073F3E7880678
:102C400093D5930691D52046FFF797FE8DE7022096
:102C50008EE700BF00200080002400802DE9F843AB
:102C60000568D5F80090D0F82C8090F8417007F0F6
:102C7000F7072023212F04460E46EB6163D148F26B
:102C80000101FFF729FD27636B6843F400436B6084
:102C90006B6823F0FF7323F48B3323F4FF7323F06B
:102CA00001036B602046FDF74BFA19F4804F4FD0BB
:102CB0002B6823F480432B60A36B1BB11B685B68FC
:102CC0009BB2638572070FD5636A6A6A1A70636A7A
:102CD00001336362238D2BB1013B2385638D013B5F
:102CE0009BB2638526F00406638D9BB21BB1636CB7
:102CF00043F004036364F30611D519F0100F0ED0EE
:102D0000638D9BB2002B3DD194F84130282B28D104
:102D1000B8F1007F25D131462046FFF750FD002352
:102D200084F84230656C6363002D3AD0616C2046B4
:102D3000FFF776FD94F84130282B58D131462046D4
:102D4000BDE8F8433BE5222F9ED148F2020198E707
:102D500019F4004FB6D02B6823F400432B60E36BCB
:102D6000ABE794F841202368292A4FF01002DA617A
:102D7000D5D118F5803FD2D02046FDF7E1F9FFF715
:102D8000E7FCCCE723681022DA61636C43F00403AC
:102D9000636438F08073C2D1616C2046FFF740FD58
:102DA000BDE7E36A13F5803F0FD02046FFF7D0FC64
:102DB000104BE362202384F8413084F840502563AF
:102DC0002046BDE8F8430EF026BF94F8413084F861
:102DD0004050222B4FF0200384F84130256304D16A
:102DE0002046BDE8F8430EF039BF84F89050BDE8A6
:102DF000F88300BF0000FFFF70B590F84060C56A1F
:102E0000012E04460B467ED0012680F840608E06D7
:102E100007D5960605D5FFF721FF002084F840006E
:102E200070BDD90630D5D6062ED5628D92B2E2B9E4
:102E300094F84120282A07D1B5F1007F04D1194622
:102E40002046FFF7BCFCE8E794F841202368292AD4
:102E50004FF01002DA61E0D115F5803FDDD0204659
:102E6000FDF76EF9FFF774FCD7E723681022DA61EB
:102E7000636C43F00403636435F08073CDD1616CFF
:102E80002046FFF7CDFCC8E758071BD5510719D5D9
:102E9000638D9BB26BB123685A6A636A1A70636A66
:102EA00001336362238D013B2385638D013B9BB21C
:102EB0006385638D9BB2002BAFD115F5803FACD0FD
:102EC0002046CFE71E0705D5100703D5204618F08A
:102ED000FBF8A2E79907A0D593079ED5638D9BB217
:102EE0006BB1636A226813F8011B91626362638DA0
:102EF000013B9BB26385238D013B23858DE735F034
:102F000080738AD1DCE702208AE770B590F84060D0
:102F1000C56A012E04460B4670D0012680F8406039
:102F20008E0607D5960605D5FFF798FE002084F893
:102F3000400070BDD80659D5D10657D512F4404F80
:102F400050D0D4E90E10E0B921B1520402D50A687C
:102F500052680AB323681022DA61636C43F00403F9
:102F6000636494F8413035F08072DBB2DED1213BEE
:102F7000092B30D8DFE803F02D342F2F2F2F2F2FE0
:102F80002D341604E0D5006840680028DCD119B162
:102F9000500444BF0A68526894F84120282A07D197
:102FA000B5F1007F04D119462046FFF708FCBDE7C4
:102FB00094F841202368292A4FF01002DA61B5D134
:102FC00015F5803FB2D02046FDF7BAF8FFF7C0FBF9
:102FD000ACE721232363616C2046FFF721FCA5E7C2
:102FE0002223F7E723681022DA619FE719079DD5AE
:102FF00013079BD5204618F067F897E7022098E75B
:103000004FF0B0431868C0F3802070474FF0B043D2
:103010001868C0F3406070474FF0B04310B59A682D
:10302000D96812F00C0205D00C2A4AD101F0030332
:10303000012B51D14FF0B0412B480B6813F008031E
:1030400006D00B6813F0080337D1D1F8941007E0CD
:103050000C68240756BFD1F894300968C3F30323E2
:1030600050F82330002A0CBF184600204FF0B04122
:103070008A6802F00C020C2A1ED1CA6802F0030210
:10308000022A2ED0032A06D10B68184A13F4801F97
:10309000174B18BF13464FF0B042D068D168D268C2
:1030A000C0F306205843C1F302130133B0FBF3F021
:1030B000530F0133B0FBF3F010BD0B68C3F30313E0
:1030C000CEE7042A05D0082A06D11B6813F4801322
:1030D00005D006480023C9E700231846C6E7044880
:1030E000C4E7024BD7E700BFE84A02080024F40017
:1030F0000048E80108B5FFF78FFF4FF0B0439A682A
:10310000044BC2F3031203EB82031B6CB0FBF3F01E
:1031100008BD00BFE84A020838B50546FFF7EAFFD8
:103120004FF47A73B0FBF3F3013BB3F1807F01D32B
:10313000012038BD4FF0E022F0215361094B0024FB
:1031400083F823100F2D4FF0070394611361EFD81C
:103150004FF0FF3022462946FFF7C6F9024B2046C2
:103160001D66E6E700ED00E000000020F8B54FF036
:10317000B04304469D68DE6803689F0605F00C05B1
:1031800006F0030632D5016A1DB10C2D7CD1012E4B
:103190007AD109B90120F8BD4FF0B043A76A1A6887
:1031A000100756BFD3F894301B681B0903F0F003D7
:1031B0009F4255D93846FCF7F0FF0028EAD14FF07E
:1031C000B042136843F008031360136823F0F00360
:1031D0003B431360606AFCF7D7FFFFF78BFF994B07
:1031E0005866186EFFF798FF0028D4D12268D007E0
:1031F00040F1AD80082D616803D00C2D71D1032EF4
:103200006FD10029C6D0910700F1B880170740F1AF
:103210000481A1694FF0B043002900F0ED80D3F89C
:103220009410E06901F01006B04200F0D28001F085
:103230000306022EAED0CE0740F1C280D3F8941020
:10324000814E21F00101C3F894103768D3F894102F
:10325000890740F1B5803168C91B1129F6D931E0E1
:103260004FF0B042136843F008031360136823F073
:10327000F0033B431360606AFCF786FF3846FCF7B7
:103280008CFF0028A9D085E76F4A4FF0B043D9B131
:10329000196841F0010119601068196889070DD596
:1032A0001A6842F008021A601A68A16A22F0F00255
:1032B0000A431A60606AFCF767FF97E71168091A0A
:1032C0000229EAD9032066E7196821F00101196093
:1032D000106819688F0789D51168091A0229F8D969
:1032E000F0E74FF0B043A768186820F48010384327
:1032F000B1F5803F186054480ED1196841F480310F
:10330000196001684FF0B0473B689B031FD4036806
:103310005B1A642BF8D9D5E7B1F5041F04D11968FD
:1033200041F400111960E8E71F6827F480371F6037
:103330001F6827F400171F600029E2D10768196889
:10334000890304D50168C91B6429F8D9BAE7930732
:103350007FF55CAF042D03D00C2D0FD1022E0DD1C3
:103360002369002B3FF416AF4FF0B04160694B6802
:1033700023F0FE4343EA00634B6047E7206932498C
:103380004FF0B04368B1186840F4807018600E6860
:10339000FFF736FE0028E7D10B689B1B022BF7D9FD
:1033A00090E7186820F4807018600E68FFF728FE18
:1033B00000283FF42BAF0B689B1B022BF6D981E74B
:1033C0004FF0B041D1F8943023F010030343C1F81B
:1033D00094304FF0B0411C48D1F8943043F00103D1
:1033E000C1F894300668D1F894309F0715D403686B
:1033F0009B1B112BF7D965E7D3F89410124821F0E5
:103400000101C3F894100668D3F89410890704D515
:103410000168891B1129F7D954E757074ED50B4A84
:10342000136813F4807F084B12D1116841F4807146
:10343000116018681168CE050AD41968091A0229A2
:10344000F8D93FE70000002078030020000400586E
:10345000E1684FF0B04200294BD021F080000528F0
:1034600002BFD2F8900040F00400C2F890004FF084
:10347000B0421F68D2F8900040F00100C2F89000FE
:1034800041F28836D2F89000800704D41868C01B37
:10349000B042F7D916E721F0040181291868D2F863
:1034A000901015D141F08001C2F8901041F2883699
:1034B0004FF0B041D1F89020120504D5E36A002BFB
:1034C0003DD1002067E61A68121AB242F2D9F9E635
:1034D00021F08001C2F8901041F288364FF0B041DF
:1034E000D1F890201705E9D51A68121AB242F7D917
:1034F000E8E61868D2F8901021F08001C2F8901028
:1035000041F28836D2F89010090513D41868D2F821
:10351000901021F00101C2F890104FF0B04641F236
:103520008831D6F890209207C8D51A68121A8A42B4
:10353000F7D9C7E61968091AB142E3D9C2E60C2DDA
:1035400046D0022B4FF0B043314A196821F0807108
:103550001960116831D1FFF759FD20BBD4E90C3057
:103560004FF0B0410343CD682A4828400343E06B45
:103570000343206C0343606C0343A06B43EA0023C6
:10358000CB600B6843F080730B60CB6843F08053D3
:10359000CB601168FFF73AFD002892D113685B1ADF
:1035A0000A2BF7D98EE613685B1A0A2BD3D989E662
:1035B00013685B1A0A2B3FF685AEFFF727FD00283C
:1035C000F6D14FF0B042144BD1680B40D36078E78E
:1035D000012B3FF4DFAD4FF0B043D868236B00F010
:1035E00003029A427FF4D6AD626B00F070039342FF
:1035F0007FF4D0ADA26B00F4FE43B3EB022F7FF457
:10360000C9AD636C00F06040C01A18BF0120C2E56C
:10361000780300208C80C111FCFFFEEE08B5FFF797
:1036200069FD4FF0B0439A68044BC2F3022203EBEA
:103630008203D3F81434D84008BD00BFE84A02081A
:1036400008B5FFF757FD4FF0B0439A68044BC2F33B
:10365000C22203EB8203D3F81434D84008BD00BF64
:10366000E84A020870B5044605682269A36829681B
:10367000C069666A134362691343774A03430A4089
:1036800013432B606B68E26823F4405313436B6071
:10369000724BA2699D421CBF236A1A43AB6823F098
:1036A0006E4323F430631343AB60EB6A23F00F03E4
:1036B0003343EB626A4B9D4217D14FF0B043694AE6
:1036C000D3F8883003F0030343F44033934264D0CB
:1036D000B3F1031F21D0013A934258D0B0F5004F07
:1036E00040F0B480FFF7ACFF34E05F4B9D4234D133
:1036F0004FF0B0435D49D3F8883003F00C0343F436
:1037000040228A4249D005D8FBB1594B9A423ED05B
:10371000012065E0B2F10C1FFAD1B0F5004F40D0A6
:103720004FF40040534B626803EB4603B3F8343464
:10373000B0FBF3F303EB5203B3FBF2F34FF6EF727C
:10374000A3F110019142E3D844E0B0F5004F78D1E5
:10375000FFF764FF002842D023E0404B9D42D7D1C1
:103760004FF0B043D3F8883003F44063B3F5006FF3
:103770003DD006D883B3B3F5806FC9D1FFF74CFCB9
:103780002CE0B3F5406FC3D14FF4004030E0B0F50A
:10379000004F5ED1FFF740FCDCE7B0F5004F364844
:1037A000C0D1344B626803EB4603B3F83434B0FB4A
:1037B000F3F0530803EB4003B3FBF2F34FF6EF7261
:1037C000A3F110019142A3D823F00F0292B2C3F3E8
:1037D00042031343EB6002E0FFF720FF40B90020F3
:1037E0004FF00113A3660023C4E91D3370BD2248C6
:1037F000204B656803EB460305EB4501B3F8342421
:10380000B0FBF2F3994283D8B3EB053F80D8002395
:1038100019461AF009FB090241EA10616B0800021F
:10382000C0182A464FF0000341F100011AF0FCFADB
:10383000124BA0F540729A423FF66AAF074BD86030
:10384000CDE7FFF7EBFE0028C9D06BE7FFF7F8FEE6
:10385000F9E7FFF7E1FBF6E7F369FFCF00800040EF
:1038600000380140020003000044004008000C0042
:1038700004000C00E84A02080024F400FFFC0F00DA
:1038800038B5044638B3D0F888300BB980F88430A6
:1038900025682423C4F888302B6823F001032B60AB
:1038A000A36A13B12046FCF7E3FC2046FFF7DAFEDB
:1038B000012810D06B6823F490436B60AB6823F051
:1038C0002A03AB602B6843F001032B602046BDE860
:1038D0003840FDF71BB9012038BD38B5044658B350
:1038E000D0F888300BB980F8843025682423C4F8D8
:1038F00088302B6823F001032B60A36A13B12046A4
:10390000FCF7B6FC2046FFF7ADFE012814D06B682B
:1039100023F490436B60AB6823F02203AB60AB6889
:1039200043F00803AB602B6843F001032B60204693
:10393000BDE83840FDF7EAB8012038BD836810B50E
:10394000044613B1032201469847204610BD10B526
:10395000034B044640F8043BFFF7F0FF204610BD40
:103960003C4F020810B50446FFF7F1FF204620F057
:10397000ABFB204610BD10B5034B044640F8043B9A
:10398000FFF7DCFF204610BD3C4F020810B504468F
:10399000FFF7F1FF204620F097FB204610BD10B541
:1039A000034B044640F8043BFFF7C8FF204610BD18
:1039B0003C4F020810B50446FFF7F1FF204620F007
:1039C00083FB204610BD0369DA6822F00102DA6049
:1039D000DA6822F00202DA60DA6822F00402DA60C1
:1039E000DA6822F00802DA60DA6822F01002DA609F
:1039F000196A41F21112114208D1196A40F2444287
:103A0000114202BF1A6822F001021A60012280F8F6
:103A10004D20196821F00101196080F84E2080F8CE
:103A20004F2080F8502080F8512080F8522080F8F4
:103A3000532080F8542080F8552080F8562080F8D4
:103A4000572070470B4B98420BD0B0F1804F0AD0F3
:103A500003F5C053984208D003F58063984206D01E
:103A6000FEE70020704701207047022070470320C6
:103A7000704700BF002C0140826810B50AB91EF0E3
:103A8000C1FCBDE81040C36818470B4BDA6802421E
:103A900011D0D8600023012803F1010208D10748A2
:103AA000DBB2142202FB0300043083681BB1E3E79E
:103AB00040081346EFE770470008005850190020EF
:103AC000037F013B072B14D8DFE803F00411130D2B
:103AD0001313130F012350F8040C1B016433184413
:103AE000836833B1C8E70323F5E70423F3E7022330
:103AF000F1E77047036870B5DD681E69B1070446D9
:103B00000BD5AA0709D56FF002021A6101220277CC
:103B10009B69FFF7D5FF0023237770070DD5690751
:103B20000BD523686FF004021A6102222277204627
:103B30009B69FFF7C5FF0023237732070DD52B07BD
:103B40000BD523686FF008021A6104222277204601
:103B5000DB69FFF7B5FF00232377F0060DD5E906F3
:103B60000BD523686FF010021A61082222772046D5
:103B7000DB69FFF7A5FF00232377F2070CD5EB07DE
:103B80000AD5236854F8040C6FF001021A61C36E61
:103B900013B16430FFF770FF300605D5290642BF28
:103BA00023686FF080021A61F20505D52B0642BF2B
:103BB00023686FF480721A61700605D5690642BFEA
:103BC00023686FF040021A61B20605D5AB0642BF0A
:103BD00023686FF020021A6170BD034BD3F82006F2
:103BE00008B1043086E7704770140020FFF7F5BF76
:103BF000034BD3F8240608B104307BE7704700BFBD
:103C000070140020034BD3F8280608B1043071E784
:103C1000704700BF70140020034BD3F82C0608B186
:103C2000043067E7704700BF7014002020F044BAEA
:103C300020F042BA20F048BA20F046BA20F044BA48
:103C400008B5032818D8DFE800F002080D1201209B
:103C5000FCF70FFC4FF0904008BD0220FCF709FC78
:103C60000648F9E70420FCF704FC0548F4E7802047
:103C7000FCF7FFFB0348EFE70020EDE700040048F6
:103C800000080048001C00484FF0B04382B09A6D15
:103C900002439A659B6D03400193019B02B07047FC
:103CA0004FF0E0230B4A82B01168986901901068C8
:103CB0009A6900925A69884214BF009B019B0132A5
:103CC0004FF47A71D31A4B43B3FBF2F301FB00308C
:103CD00002B0704778030020094B70B500261D68BC
:103CE0004FF47A73B5FBF3F5C0E900560446FFF7CD
:103CF000D7FF044B03FB0500A060304670BD00BF3A
:103D000078030020C0BDF0FF024A1368013313603E
:103D1000704700BF780300200C4BD3F8FC20D20181
:103D20005EBFD3F8FC2042F08072C3F8FC20084B41
:103D300000225A601A6842F001021A6000BF00BFF8
:103D400000BF5868B0FA80F04009704700ED00E00D
:103D5000001000E0012098E6022096E6042094E698
:103D6000082092E6102090E638B505242025A8B258
:103D7000FFF78BFE013C4FEA4505F8D138BD38B559
:103D800006244FF48065A8B2FFF77FFE013C4FEA9E
:103D90004505F8D138BD012A02D0022A18BF0022F9
:103DA000FCF7E4BEF8B5471C06460C4600D1FEE71A
:103DB0003F4B00F00F0203EB8203C0F30310D3F874
:103DC0006414FFF73DFF91FAA1F3B3FA83F3876818
:103DD00003225B0002FA03F391FAA1F2B2FA82F233
:103DE00027EA03075200032393403B4304F00705EF
:103DF0008360032D03D8DFE805F057032559FEE75C
:103E0000012391FAA1F2B2FA82F206685200032766
:103E100007FA02F226EA020691FAA1F2B2FA82F257
:103E200052009340013D3343012D036005D84368A0
:103E300022074CBF0B438B434360C4F30112BDE820
:103E4000F840A8E7C4F306227F2A17D0360717D513
:103E50000B0A93FAA3F6B6FA86F6476A93FAA3F327
:103E6000B6004FF00F0CB3FA83F30CFA06F69B0082
:103E700027EA060602FA03F3334343620223C0E74C
:103E800091FAA1F3B3FA83F3066A9B000F2707FAAE
:103E900003F326EA030691FAA1F3B3FA83F39B0036
:103EA0009A4032430262E9E70023AAE70323A8E726
:103EB000E84A0208431C05D17047984201D189683D
:103EC00070E70C310B685A1CF7D1FEE7431C02D196
:103ED000002070470C310B685A1CF9D09842F9D178
:103EE0004868704703468B42084604D01BB100293E
:103EF0000CBF1846002070474FF0B0431A6842F0DC
:103F000061021A604FF4E0229A6061221A60064A48
:103F1000DA6000229A6140F23F321A62034B4FF09E
:103F200000629A60704700BF0001042200ED00E0CB
:103F30004FF0B04382B01A6E02431A661B6E034004
:103F40000193019B02B0704703680C4A934202D16F
:103F50004FF40060ECE7B3F1804F01D1012093E60C
:103F6000074A934202D14FF40030F3E7054A9342E7
:103F700002D14FF48020EDE7704700BF002C0140D4
:103F80000044014000480140431C10D00C4B9842B3
:103F900010D007D8B0F1804F0ED0A3F5C05398428F
:103FA0000CD0FEE7074B9842FBD11D2070476FF005
:103FB0000D0070471C2070471B2070471820704769
:103FC0000044014000480140431C10D00C4B984273
:103FD00010D007D8B0F1804F0ED0A3F5C05398424F
:103FE0000CD0FEE7074B9842FBD11D2070476FF0C5
:103FF0000D0070471C2070471B2070471A20704727
:10400000004401400048014090F8B120084B03EB08
:104010008203D3F83036D3F88800D3F88C301843B5
:1040200000F02200A0F1220358425841704700BF1F
:104030007014002010B5044650F80439DA69D1072D
:104040000BD501221A62FFF7DFFFA8B904F1AE0118
:104050002046BDE8104017F06FB8DA69920701D525
:104060000222EFE7DA69510701D50422EAE7DA69AB
:104070001207E8D50822E5E710BD0368D9691A6878
:104080002DE9F04140F60F0631429D68044610D1FB
:104090008E0640F1BA8002F0200605F080573E43BC
:1040A00000F0B380436F002B00F0AD80BDE8F0411D
:1040B0001847AF4EAF482E401040304300F0A58067
:1040C000CF0709D5D00507D501201862D4F8900094
:1040D00040F00100C4F890008F0709D5E80707D524
:1040E00002201862D4F8900040F00400C4F8900058
:1040F0004F0709D5E80707D504201862D4F89000C7
:1041000040F00200C4F890000F070BD502F0200029
:10411000304307D008201862D4F8900040F008001F
:10412000C4F890000E050AD5500108D54FF4006080
:104130001862D4F8903043F02003C4F89030D4F8DB
:104140009030002B5FD0890609D502F0200205F0DF
:1041500080552A4303D0636F0BB1204698472368EC
:10416000D4F890109A6801F0280102F0400252EA57
:10417000010543D053E8002F22F4907243E8002158
:104180000029F7D17C4803F1080252E8002F0240D1
:1041900003F1080545E800210029F4D1E26E012A67
:1041A00007D153E8002F22F0100243E80021002934
:1041B000F7D12022C4F88C200022E26662679A6858
:1041C000520617D503F1080252E8002F22F04002F0
:1041D00003F1080040E800210029F3D1D4F8800061
:1041E00040B1664B8363FEF7B1F960B1D4F880004B
:1041F000836B5BE72046BDE8F0411BE72046FFF7F5
:1042000019FFC4F89050BDE8F081E06E012840F03D
:10421000B780CF0640F1B480D60640F1B1801022BD
:104220001A629A68500671D5D4F8802010684168E7
:1042300089B20029E7D0B4F85C508D42E3D9A4F8E4
:104240005E100168890634D453E8001F21F48071A0
:1042500043E800100028F7D103F1080151E8001FDE
:1042600021F0010103F1080545E800100028F3D111
:1042700003F1080151E8001F21F0400103F1080596
:1042800045E800100028F3D12021C4F88C10E06626
:1042900053E8001F21F0100143E800100028F7D177
:1042A0003AB192F82530022B08D00423D36382F868
:1042B000240002232367B4F85E30A4E71368906CEF
:1042C000196821F00E011960016821F48071016004
:1042D000196821F001011960D2E9100303F01C01F3
:1042E00001238B404360D2E913315960536D33B1E0
:1042F000196821F480711960D2E9163159600123DF
:1043000082F82530002382F82430D2E7B4F85E200A
:10431000B4F85E10B4F85C0089B292B200293FF4A0
:1043200072AF90423FF46FAF53E8002F22F49072C7
:1043300043E800210029F7D10F4803F1080252E8B1
:10434000002F024003F1080545E800210029F4D1BF
:104350002022C4F88C206167E16653E8002F22F028
:10436000100243E800210029F7D1022323674AE71E
:104370000100001020010004FEFFFFEFE9430008E8
:10438000CF020BD56E0209D54FF4801204F1AE01B5
:1043900020461A62BDE8F04116F0CEBE08060BD5E5
:1043A00002F0800005F40005284305D0A36F002B20
:1043B0003FF429AF204679E649067FF524AF52063F
:1043C0007FF521AF53E8002F22F0400243E800219F
:1043D0000029F7D12023C4F88830A167D4F8983099
:1043E000201FBDE8F0411847806A0023A0F85E3026
:1043F000A0F856301EE62DE9F84F0368B0F860606B
:10440000D3F81CB01F689D68D0F88C20222A04467F
:1044100040F0B580B0F8683043B1DFF86C91DFF858
:104420006CA14FF000081BF0200F20D1B4F85E30D3
:104430009BB2D3B1B4F868209A4216D9226802F12F
:10444000080353E8003F23F08053083242E800316C
:1044500022680029F2D14E4B636752E8003F43F0D7
:10446000200342E800310029F7D1BDE8F88F236826
:10447000A26D5B6A33401370A36D0133A365B4F87A
:104480005E30013B9BB2A4F85E302368D3F81CB0C9
:104490001BF0070F2ED01BF0010F09D0F90507D52F
:1044A00001221A62D4F8902042F00102C4F8902050
:1044B0001BF0020F09D0EA0707D502221A62D4F8CE
:1044C000902042F00402C4F890201BF0040F09D0A1
:1044D000E80707D504221A62D4F8903043F00203AB
:1044E000C4F89030D4F8903023B12046FFF7A2FDF5
:1044F000C4F89080B4F85E309BB2002B93D1226850
:1045000052E8003F23F4807342E800312368002919
:10451000F5D103F1080252E8002F02EA090203F183
:10452000080040E800210029F3D120225345C4F8B7
:104530008C20616721670AD05A68110207D553E8B9
:10454000002F22F0806243E800210029F7D1E26EBB
:10455000012A10D10022E26653E8002F22F0100257
:1045600043E800210029F7D1DA69D2067FF55BAF75
:1045700010221A6257E72046FBF7A3FF53E79A6918
:1045800042F008029A6170E7FEFFFFEF00800040F2
:10459000CB0400082DE9F84F0368B0F86060D3F849
:1045A0001CB01F689D68D0F88C20222A044640F079
:1045B000B380B0F8683043B1DFF86891DFF868A1E4
:1045C0004FF000081BF0200F20D1B4F85E309BB2F2
:1045D000D3B1B4F868209A4216D9226802F10803D0
:1045E00053E8003F23F08053083242E8003122684C
:1045F0000029F2D14D4B636752E8003F43F020039E
:1046000042E800310029F7D1BDE8F88F2368A26D98
:10461000596A314022F8021BA265B4F85E20013AC3
:1046200092B2A4F85E20D3F81CB01BF0070F2ED076
:104630001BF0010F09D0F90507D501221A62D4F841
:10464000902042F00102C4F890201BF0020F09D024
:10465000EA0707D502221A62D4F8902042F0040239
:10466000C4F890201BF0040F09D0E80707D50422F6
:104670001A62D4F8903043F00203C4F89030D4F8B2
:10468000903023B12046FFF7D5FCC4F89080B4F8F1
:104690005E309BB2002B95D1226852E8003F23F494
:1046A000807342E8003123680029F5D103F1080244
:1046B00052E8002F02EA090203F1080040E8002155
:1046C0000029F3D120225345C4F88C20616721676B
:1046D0000AD05A68110207D553E8002F22F08062F1
:1046E00043E800210029F7D1E26E012A10D100220F
:1046F000E26653E8002F22F0100243E8002100296F
:10470000F7D1DA69D2067FF55DAF10221A6259E758
:104710002046FBF7D6FE55E79A6942F008029A61F7
:1047200072E700BFFEFFFFEF008000408905000830
:10473000034B1022C3F88421024BD3F830069CE4CB
:1047400000E100E070140020044B2022C3F8842113
:10475000034BD3F8340600B18FE4704700E100E06A
:1047600070140020034B4022C3F88421024BD3F87D
:10477000380682E400E100E0701400202DE9F04FDB
:10478000D0F8A0A09DB0CDE904120446B14906932B
:104790005046269B0793FFF799FBD4F8A490AE49A7
:1047A00000904846FFF792FBD4F8A8B0AB49064604
:1047B0005846FFF78BFBD4F8AC30A94901938046EB
:1047C0001846FFF783FBA44902905046FFF77EFB93
:1047D000A04903904846FFF779FB009B05461BB9AB
:1047E000039B002B00F07D81B9F1FF3F03D016B988
:1047F000002D00F07681BBF1FF3F03D0B8F1000F30
:1048000000F06F81019B013303D0029B002B00F06D
:10481000688100983146FFF765FB206020B9039856
:104820002946FFF75FFB206020684146FFF75AFBEF
:104830000299FFF757FB07462060002800F05181DE
:10484000884B984240F097804FF0B0434FF480403F
:104850001A6C42F480421A641A6C22F480421A6480
:10486000FFF766FB2423A4F8B030009B002B00F078
:10487000B08078495046FFF71DFB1EB17649484687
:10488000FFF718FB4FF00009B8F1000F05D073498E
:104890005846FFF70FFB4FF48078029B2BB170490D
:1048A000019848F40078FFF705FB94F8B1206E4BAF
:1048B00094F9B000C4F83C9003EB820304F1040ABD
:1048C000C3F830A6049BA360059BE360079B2361AC
:1048D000069B63610C230022C4E906380823E362C7
:1048E0006760226262620121FDF7FEFD5F4B9F421D
:1048F00040F06381049A94F88830B2F5165F00F2B4
:1049000086808B4275D15046002E00F0F080FEF775
:10491000B7FF002800F0E580482200210AA81FF018
:104920003CFA534A136843F4807313604FF4806079
:10493000FFF7AAF94FF0B043D3F8902042F00102FC
:10494000C3F89020D3F89020910709D4D3F8902091
:1049500022F01802C3F8902004230A9381230D93B8
:104960000A9B002B00F0C9800AA8FEF7FFFB002875
:1049700000F0C380FEE73F4B984210D14FF0B043A8
:104980004FF400309A6B42F400329A639A6B22F42F
:1049900000329A63FFF778F940F2251363E7334B4F
:1049A00098427FF462AF4FF0B043DA6B42F00102FD
:1049B000DA63DA6B22F00102DA63DA6D42F00102A7
:1049C000DA65DB6D03F001030993099B40F22623AE
:1049D00049E7039B002B3FF455AF1F495046FFF7B3
:1049E00069FA1DB11B494846FFF764FA4FF40049C4
:1049F0004AE784F88810616851E8003F43F00203F9
:104A000041E80032002AF6D184F888207BE7012BA8
:104A100048D15046002E5FD0FEF732FF002860D00C
:104A2000FEF7EEFA2368002840F0BC80BB422FD18D
:104A30000020FBF73CFD16B9002D00F087805046A2
:104A4000FEF71EFF00284CD04FF48060FBF72FFDCF
:104A500022E000BF8C4F0208C84F02080450020831
:104A60004C500208003801407014002000800040C3
:104A70000004005800440040FEF7C2FA002840F04D
:104A800093802268504B9A42D2D0002E00F0918041
:104A90005046FEF7F5FE20B350461DB0BDE8F04F7E
:104AA000FEF7EEBE84F88810616851E8003F23F0FD
:104AB000020341E80032002AF6D184F888205046EB
:104AC00056B1FEF7DDFE60B1FEF79AFA3E4B226862
:104AD000002857D19A42AAE735B9FEF7FEFE002812
:104AE000CAD11DB0BDE8F08FFEF7CAFEF7E7002D72
:104AF0007FF40DAFFEF7F1FE0BE74FF0B043D3F8B4
:104B000090309B07B8D527682F4B9F4203D14FF4B5
:104B10004060FBF7CCFC5046002EE5D1002DE3D1E0
:104B2000FEF7DBFE0028DCD0FEF76AFA264BE0B188
:104B30009F4215D05046FEF7D0FE0028D1D0226803
:104B4000214B9A4213D10020FBF7B1FC5046FEF7EF
:104B5000C4FE0028C5D04FF48060FBF7A8FC0BE032
:104B60004FF40060FBF7A3FCE4E79F42ECD0504613
:104B7000FEF7B3FE0028B4D050461DB0BDE8F04F9C
:104B8000FEF7ABBE9A4206D14FF40060FBF78FFCF4
:104B90000EB9002DCED05046FEF772FE00287FF4ED
:104BA00070AF9EE7BB42EEE72268074B9A42EFD117
:104BB000EAE7002D7FF46CAFD9E7002E7FF46CAFED
:104BC000002D7FF469AFD7E7008000402DE9F74F53
:104BD000DFF85091DFF8508199F81931D8F800507A
:104BE000022B06460F4641D8504B99F8192103EB8A
:104BF0008202D2F8304694F8AD2003EB8203D3F85A
:104C00003026D2F88830D2F88C100B4303F0210301
:104C1000212B65D0D4F88830202B2CD15EB3BBB2C9
:104C20004BB300252122C4F89050C4F88820D8F84E
:104C30000080A4F85430A4F85630A368B3F5805F20
:104C400003D123690BB935461E46B4F856309BB2E2
:104C5000002B4CD14FF47A7342464021204616F087
:104C6000C5F840B92023C4F8883005E03049022057
:104C7000FFF72CF978BB0027384603B0BDE8F08F6A
:104C80000BEB8402D2F830A6BAF1000F07D0022055
:104C9000FFF71CF9DAF8002025498242A4D001343C
:104CA000E4B2032C89F81941EAD121490220FFF727
:104CB0000DF90028DFD00223C9F808310023009342
:104CC0001A461C484FF41651FFF758FD99F8193150
:104CD000022B89D9CFE7DFF854B015490024E0E76B
:104CE000D8F800305B1BB3F57A7F8AD3C3E74FF463
:104CF0007A7342468021204616F078F80028BAD10F
:104D000022685EB935F8023BC3F308039362B4F836
:104D10005630013B9BB2A4F8563096E716F8013B9B
:104D2000F4E700BF0000002078030020701400208A
:104D30008C4F0208680000200B490346D1F830016F
:104D400010B50344EFF30882934205D9074B0C22B8
:104D50001A604FF0FF3010BD054A064C121B9342FB
:104D6000F4D2C1F83031F6E7000000209856002058
:104D700000000120000400004FF0FF3070474FF4A6
:104D800000534B600020704701207047002070479F
:104D900000207047FEE7034B16221A604FF0FF30E9
:104DA000704700BF9856002001207047704781422D
:104DB00010B51346A1EB000405D001462246184663
:104DC0001EF0D1FF0346181910BD73B5531A0F2BEF
:104DD00004460D461646019306D9002201A91DF08E
:104DE000DDFE019B2060A3603246294620681DF04D
:104DF00035FF019B226863600021D15402B070BD71
:104E000008B500F12C0200F14403002052F8041F01
:104E10009A420844FAD119F0B1F9034919F0BAFAE3
:104E2000024919F003FA08BD00606A470000C84251
:104E30000B685A89042A2DE9F047846E05460E4610
:104E40003BD11F4A1F480C334FF4807104F03AFAEB
:104E5000236800F1180100225B6B204698471A4B2B
:104E60008146D3F83C07FFF7CBFF184B94F87880C6
:104E700094F879A01F6819F029FBAAEB08034343B3
:104E8000642293FBF2F301224344D04448FA02F82F
:104E9000DBB2616F02FA03F302FA08F202EB4A0294
:104EA00013440F44A26E07EB490702FB03777760B8
:104EB0002846BDE8F04703F0DFBD98891830C7E702
:104EC00088500208AC1A00207014002078030020DB
:104ED00008B500F1440200F59A73002052F8041F4F
:104EE0009A420844FAD119F049F9034919F052FAE3
:104EF000024919F09BF908BD00BA5B4A0000C8429C
:104F000038B579B190F84151FFF77AFF0446284649
:104F100019F038F90146204618F05EFF003818BF36
:104F2000012038BD90F84051EEE7134B70B50446B0
:104F300093F8CC01E8B9114B1149D3F84037DE683A
:104F4000304618F049FFA8B12046FFF7C1FF0546DB
:104F500094F8420119F016F9314619F067F9084939
:104F600019F018FA0146284618F036FF003818BF25
:104F7000012070BD0120FCE77803002070140020A0
:104F80000000C84270B505460E46104682B12B6837
:104F900001241B682C75284600219847084B83F88C
:104FA0004447BFF35B8F20462E63BFF35B8F70BD1A
:104FB000BFF35B8F2B6BBFF35B8F002BE7D0F6E764
:104FC00070140020034B1A68436882601344C36066
:104FD000704700BF7803002038B50368094DDB69CE
:104FE000C5F848070446984701462046FFF7EAFF00
:104FF000002902DB23681B6898470023C5F848375F
:1050000038BD00BF70140020024B41601B6819447A
:10501000C160704778030020002100F52B60F3E7A2
:1050200010B5074B074AD3F84C471268D3F85037EE
:105030004FF47A71121BB2FBF1F2D01810BD00BF11
:105040007014002078030020044B93F858378342F3
:1050500001D30846E4E70020704700BF7014002029
:105060002DE9F3470E4605464B493046174698460C
:1050700018F0F4FE20B9494905222846FBF71CFB2D
:105080004749304618F0EAFE20B94649052228462D
:10509000FBF712FB4449304618F0E0FE20B94349C3
:1050A00005222846FBF708FB4149304618F0D6FE9A
:1050B00020B9404905222846FBF7FEFA3E49304612
:1050C00018F0CCFE20B93D4905222846FBF7F4FA3A
:1050D00001210846FFF7B8FFDFF8E490002847D029
:1050E000384BB0FBF3F203FB120000F5A83404F5D3
:1050F000C0743549B4FBF3F2284603FB12444FF465
:1051000061633246B4FBF3FA03FB1A4413F09FFECB
:105110002E49284613F09BFE3C21B4FBF1F301FB22
:105120001344D9F800202A4900944FF47A70B2FB56
:10513000F0F228460192524613F089FE254BD3F82F
:10514000484764B12449284613F024FEE169626AA5
:105150002846FBF7B1FA2149284613F01BFE4346C7
:105160003A463146284602B0BDE8F047FCF722B87F
:1051700032461549284613F06AFE1449284613F0B2
:1051800066FED9F8002016494FF47A732846B2FB20
:10519000F3F213F05CFED1E7E08F0208E68F02081D
:1051A000EC8F0208F28F0208F88F0208FE8F0208C7
:1051B000049002080A900208D8900208DE900208C3
:1051C0007803002080510100E4900208109002084A
:1051D000E8900208701400200C9102080E91020859
:1051E000FD900208A0F52A6019F0E0B90AB11EF09E
:1051F000AABD1046704730B5036D0A6D93428DB05D
:1052000004460D4623D1012B18D100F1540106A804
:1052100018F008F905F15401684618F003F9079AE7
:10522000019B9A420DD100990698FFF7DFFF40B924
:1052300068461DF0D5FC06A81DF0D2FC00200DB07C
:1052400030BD68461DF0CCFC06A81DF0C9FC2B6DD6
:105250002365012B1FD105F1540106A818F0E2F8CF
:1052600004F154001DF093FC054606A81DF08FFCC8
:10527000079AB0B11AB10699606D1DF0D4FC079B76
:10528000626DA3650021D154069A0023079306A8F6
:1052900013701DF0A5FC214604F1280017F090FAC8
:1052A000CCE7069808992DB1C4E91502E16508AB71
:1052B0000693E9E7636DE56DE165C4E91502002B2E
:1052C000F5D006930895DFE701207047036810B515
:1052D000DB6800219847044620B14FF4F0720021AA
:1052E0001EF05BFD204610BD03460068196010B13A
:1052F00003685B681847704773B5531A0F2B044651
:105300000D461646019306D9002201A91DF046FC60
:10531000019B2060A3603246294620681DF099FC5D
:10532000019B226863600021D15402B070BD48B96E
:10533000074B1B7B022B09D0064A07480B2B08BFE3
:10534000104670474FF47A735843704701487047CE
:1053500078030020002E930280EE360000210846DC
:1053600016F038BF0121002016F034BF10B50446F6
:1053700015F02AFA1549D1F85C3701F50562934218
:1053800011D001F506629B1A18BF01236375D1F88D
:10539000703893F85930012B0D4B06D11B68C1F8BA
:1053A0007438642010BD0023F0E7D3F8A400421E37
:1053B0000332F6D81C68FFF7BAFFD1F874381844E6
:1053C000A042EED2102015F041FAEAE77014002056
:1053D0007803002038B504460068844200D138BD07
:1053E00005681EF071FE2846F7E72DE9FF470546E0
:1053F0001D4B55F8047F0360044601AE4FF0000AD0
:10540000AF4206D16068854229D1204604B0BDE88C
:10541000F087CDE90166D7F80880CDF80CA0D8F860
:105420000010884504D13046FFF7D4FF3F68E7E716
:105430008B68D1F800909C420FD1019881420CD02A
:1054400081450AD04A461CF0F2FC039B01330393CA
:10545000D8F80830013BC8F808304946E1E706684B
:105460001EF032FE3046CEE7886302080F4B10B5BF
:10547000036084330446C0F89431D0F8CC0108B1FD
:105480001EF022FE04F5CA7017F036F92046084BCC
:1054900040F83C3BFFF7A9FF04F12000FFF7A5FF10
:1054A000201DFFF7A2FF204610BD00BFD850020804
:1054B00088510208A0F5CA70D8E710B50446FFF776
:1054C000D5FF20461EF000FE204610BDA0F5CA7094
:1054D000F3E710B50446FFF788FF20461EF0F4FD01
:1054E000204610BD2DE9F74FD0E901840368A4EBF5
:1054F0000806B610B34205460F469146B3462DD86E
:10550000444529D054F8041CD1F8586166B991F883
:10551000222197F822319A421ED2043C84605648D8
:10552000D0F878389B6894E0221F13460C46D4F8D4
:1055300058A1BAF1000F7DD0984502D053F8044D20
:10554000F5E74E4B1B689E4206D2D7F858310BB197
:105550009E4201D9AA60E2E7002083E00AB100235D
:105560001370C146002E0ADCEB689C4228D04C45E3
:1055700004F1040317D12760AB60012078E04FEA03
:10558000660A09EB8A0359F82A100193384600F09D
:10559000D3F930B9019BA6EB0A0A03F104090AF119
:1055A000FF3A5646DEE7214654F8042C41F8042918
:1055B0004846AB60224617F0CDF9C9F80070DCE729
:1055C0006FF060439B4502D12D481CF014FF444509
:1055D00027D10BF1010ABAF1000F29D06FF0604317
:1055E0009A4528BF9A46504613F0E5FC0646A9EBBB
:1055F00008033246F7504946404615F0B1F92146B6
:10560000021D484615F0ACF90446B8F1000F02D06F
:1056100040461EF059FDC5E9016406EB8A06EE60BE
:10562000ABE7BBEB4B0F4FEA4B0AD4D99A46DAE70C
:105630005646DCE794F822C197F82201844580D2CF
:105640001946281D16F054FF0B48D0F878389B688F
:10565000214600F678009847002239462846FFF791
:1056600041FF0120B9F1000F02D0012389F8003079
:1056700003B0BDE8F08F00BF701400207803002055
:10568000BE90020838B5054600200C4615F022FBF6
:1056900005F58A7015F0F6F82046BDE8384016F09A
:1056A00073BC38B5044608460D4604F0A5FCD4F892
:1056B0008C30202B0AD1AB89012B01D0422B0BD18E
:1056C000201D15F05FF808B115F076F8D4F88C308D
:1056D0001F2B0ADD1EF002FA284615F06DF8D4F8EB
:1056E000FC300133C4F8FC3038BDD4F8900018B158
:1056F000036800211B689847D4F8883004EB8302C4
:10570000013355605A4202F01F0203F01F0358BFD5
:105710005342C4F88830D4F88C300133C4F88C304C
:10572000DDE770B5056804460E46A54201D10020AC
:1057300070BDA868036831469B6898470028F7D178
:105740002D68F2E7C36810B50A4663B9806800B9EE
:1057500010BD11684368994203D15168836899422A
:10576000F6D00068F3E7D1E900314B404168B3FB64
:10577000F1F401FB1431FBF779F90028E8D0006857
:10578000E6E7006810B9024BD3F8F005704700BF98
:1057900078030020F8B5164B1A7B012A04460D4603
:1057A00002D100263046F8BD1B7E042BF9D0866E50
:1057B000002EF6D091F82021002AF2D03368084656
:1057C0001F6BFFF7DEFF13460146D5F81421304664
:1057D000B84706460028E4D0284614F0EDFA2368BE
:1057E00029465B6B20469847E36E0133E366D9E7B1
:1057F000780300207FB500230DF10F0200920546CB
:105800001A4630308DF80F300C4614F0B7F99DF879
:105810000F30064663B321462846FFF7BBFF50B959
:105820005EB1EB6E0133EB6694F82A315BB9214629
:105830002846FCF72FF9012003E09DF80F30CBB18B
:10584000002004B070BD94F820219A42EFD1D4F822
:1058500014212168284603F01DFA0028EBD12046C8
:1058600014F0AAFA2B6821465B6B28469847E2E7BA
:105870000028D6D1084BD3F88C38002BE0D0D4F8D0
:10588000140103F12002E83352F8041F09B18842E1
:10589000C7D09A42F8D1D3E77014002038B5044637
:1058A0000846FFF76EFF60600B7A237208460D46CC
:1058B00014F000FF84F820012B680BB195F821311A
:1058C00084F8213194F8223113B9462384F8223127
:1058D000D5F81431C4F8043138BD37B55389042BD9
:1058E00018BF0D4B1446204614BF93F89028127A27
:1058F000FFF747FF002300930D4613460146D4F8F7
:105900001421284614F0A8FE21460546FFF7C6FFDD
:10591000284603B030BD00BF70140020036833B1C7
:10592000044AD2F8F005C31A584258417047012082
:10593000704700BF7803002038B5D0F85831D1F84F
:1059400058411D1E18BF0125003C18BF0124A54267
:1059500003D0B3FA83F0400938BD90F8223191F8B2
:1059600022219A4203D034BF01200020F4E7FFF740
:10597000D5FF18B9BDE838400846CFE70020EBE76F
:105980002DE9FF416E4686E80600044696E80300CE
:1059900002AB04F1840783E8050019463846FFF797
:1059A000D1FE90B3027D437DC5689A4210D228464D
:1059B000FFF7B4FF18B9414B1B7B022B08D02846D8
:1059C000FFF7DFFED5F814210146204603F01BF94E
:1059D000D4F89030002B50D1D4F88C2004F18C03F3
:1059E00052B1DDE900065168884202D191688E42C9
:1059F00010D01168134659B93148D0F87838294683
:105A000000F678009B689847012004B0BDE8F0815B
:105A10000A46E8E71868D4F888208169B1FBF2F6F5
:105A200002FB1611D4F88420066852F82170BB429C
:105A30004FEA810C33D156B1B769D4F888E0B7FB8F
:105A4000FEF80EFB1877B9420DD042F8273052F815
:105A50000C7004F18C018F424FF0000108BFC4F8B4
:105A60008C6042F80C1002681A601EF02DFBD4F80E
:105A70009030013BC4F89030BEE7DDE9003253407E
:105A8000D4F88820B3FBF2F1384602FB11313246DC
:105A9000FAF7ECFF03460028AED00068C2E7002EFC
:105AA000E1D0B669D4F88870B6FBF7FC07FB1C663A
:105AB000B14218BF42F82630D5E700BF7803002076
:105AC0007014002082B0CDE9001202AB13E9060089
:105AD00002B055E730B5044687B00846FFF751FEDF
:105AE00015460023CDE904336B1EDBB2D1F8142137
:105AF0000190084602928DF814308DF8153003910C
:105B0000FFF73FFE03AD01462046FFF7DBFF2946C6
:105B100020468434FFF78CF901A92046FCF751FB9D
:105B2000034695E8070083E8070001A92046FCF733
:105B300048FB07B030BD421C03D0431E58425841B9
:105B400070470120704773B5144BD1F85461D3F8F6
:105B5000F035C1F854310C460023054600931A462F
:105B6000303014F00BF86068FFF7E5FF68B12046AD
:105B7000FFF7D4FE68B166B1C4F8546121462846E7
:105B800002B0BDE8704004F068BFD4F85031002B7B
:105B9000F4D10023C4F85431F0E700BF78030020AB
:105BA0004B89042B70B505460C4613D1D1F804611E
:105BB00016B9D1F808316BB10A4B6168D3F8F035EA
:105BC000994207D00846FFF7B6FF18B93246284673
:105BD00003F019F82B68214628465B6BBDE870403E
:105BE000184700BF78030020F7B5334BD1F8546154
:105BF000D3F8F035C1F854310C4600230546009324
:105C00001A46303013F0BAFF6168D4F85471084670
:105C1000FFF791FF70B10021C4F850112046FFF743
:105C20007DFE00283DD12146284603B0BDE8F04066
:105C300004F013BF214BD3F8A40803681B689847EE
:105C40000028E8D0D0F8B4100029E4D08F42E2D088
:105C5000C4F850112046FFF761FE60B1E6B1C4F808
:105C600054612046FFF75AFE28B194F82131002BE9
:105C7000D9D10029D7D094F820311BB994F821311B
:105C8000002BD0D021460E4814F04DFD02220146D3
:105C90002846FFF71FFFC6E794F82131002BC2D139
:105CA000E9E7C4F85461002EBDD02046FFF736FE68
:105CB0000028DAD1B7E700BF780300207014002075
:105CC000E81C00203C4B2DE9F3471F68D0F88C40BE
:105CD00005466FF000461CB9304602B0BDE8F087BB
:105CE0002369D4F80080BB4260D8217DC9B9D4F8BB
:105CF0000C904846FFF712FE60B14846FFF741FDA1
:105D000099F80830CDE900110146D9F81421052091
:105D100014F05FFCD4E901122846FFF731FE444637
:105D2000D9E7A37D0133DBB2A375AA6E7AB192F8ED
:105D300061100B44DBB2082B194628BF0821E1751E
:105D40002BB192F861308B4218BF82F86210E16883
:105D5000D1F804A05046FFF7EEFE814678B9237DC6
:105D6000012B14D1154BC1F85001D3F8A4080368D6
:105D700051461B68984708B1C0F8B490E1681048D4
:105D800014F0D1FC01462846FFF7DDFE06E00C4882
:105D900014F0C9FC01462846FFF726FF237D013B8E
:105DA000237504F10C012846FFF742F82369DB1B39
:105DB0009E42A8BF1E46B2E7780300207014002060
:105DC000E81C002038B50446FFF77CFF204605F0AC
:105DD000D3F905462046FFF775FFA842A8BF28461D
:105DE00038BD70B5154C86B0064618234FF4EB60ED
:105DF000C4F8A8381EF060F90A21054602F0EFF851
:105E0000D4F8AC28C4F8AC5805F5EB65D4F8B43830
:105E1000C4F8B008C4F8B45803A800250392059349
:105E20000095029515F0E0FF684615F0DDFF04F6D9
:105E3000AC04B583746006B070BD00BF7014002060
:105E40000368074A1B68D2F8F01510B50446984756
:105E50000023C0E91933C0E91B3384F8213010BD99
:105E600078030020204A21492DE9F041054602F53A
:105E7000B26089C81E4E81F8B978D6F8F04581F82D
:105E8000BD08020C4FEA132C3F0A81F8BC2881F8A8
:105E9000BB3881F8BAC881F8B87854B91B0403F448
:105EA0007F03120243EA0C6392B21343C0B243EA87
:105EB0000004104FDFF840802B6821461B682846FD
:105EC000984728B10622394610441DF03CFF30B9EE
:105ED000231F063303D8C6F8F045BDE8F0814046DD
:105EE00012F0C2FF041DE7E70070FF1F70140020CE
:105EF00078030020281D0020FBFFFF7F70B51D4C9C
:105F0000182301250646C4F870390023A4F8A836E2
:105F100084F8763984F80C3884F8EC5584F83C56CB
:105F200002F081FD3046FFF79DFFB4F8F035124ACC
:105F3000282104F24E601EF06FFCB4F8F0350F4AD1
:105F4000052104F276601EF067FCD4F8F0350C4AA7
:105F5000102104F23E601EF05FFC0A4BA4F8A65626
:105F6000D3F8B828B3F8BC38C4F87B26A4F87F3639
:105F700070BD00BF78030020119102081C91020837
:105F8000219102087014002038B504460D480D46D2
:105F900014F04CFC10B10B4814F09BFC2046FFF7AA
:105FA00020FF2046FFF7AAFF85F0010016F0B6F9A2
:105FB00016F04CF914F03EFA1F2015F0E5FF012011
:105FC00038BD00BF279102080346084693F82A21EE
:105FD0002AB95989042908D193F8101129B193F8E5
:105FE00020319A4224BFD21A50B270477FB50023A5
:105FF0008DF80F308DF80E308DF80D300DF10D034A
:10600000009305460DF10E030DF10F0230300C46E2
:1060100013F0B4FD9DF80D30064603BB36B394F87B
:106020005C31012B08D1EB6E0133EB66D4F81421FF
:1060300021682846FFF746FD9DF80F30CBB1D4F814
:1060400014212168284602F025FE70B9204613F07D
:10605000B3FE2B6821465B6B2846984705E0214636
:106060002846FFF797FB0028D8D00126304604B019
:1060700070BD4FF0FF312046FFF7A6FF48BBD4F8B4
:1060800014212168284602F005FE0028EDD12046A3
:1060900013F092FE2B6828465B6B21469847054615
:1060A0000028E2D10F4B6268D3F8F0359A42DCD178
:1060B00094F82131002BD8D02046FFF762FBCDE9C0
:1060C00000550146237AD4F81421284614F081FAA9
:1060D000CBE79DF80E30002BC7D121462846FBF7B1
:1060E000D9FCC2E7780300202DE9F04FDFF8C4A007
:1060F00089B0DAF8F03503934B89042B05460C463A
:1061000050D1D1F804311BB9D1F80831002B49D056
:106110002168B9B3284BD3F8A40803681B689847D3
:10612000064678B3D4F85481D4F80421636805F1A5
:1061300030074FF0000B4146CDF800B03846CDE9AE
:10614000042301F076FF0DF11F0181460091DDE986
:10615000042303998DF81FB0384601F06AFF10B18F
:10616000B9F1000F08D14FF0FF312046FFF72CFFA7
:1061700040B99DF81F302BB1D6F8B430984518BF00
:10618000C6F8B4806168DAF8F03599420AD0D4F8DC
:106190000421284602F037FDD4F80421616828461E
:1061A000FFF790FC2B685B6B2146284609B0BDE8E1
:1061B000F04F1847780300207014002008B50368DA
:1061C0001B689847034628B1007918B193F83A0044
:1061D0000130C0B208BD10B5D0E900420648121B1C
:1061E00092104243914202D304481CF007F9BC20AC
:1061F00000FB014010BD00BFCF467D673D91020806
:106200002DE9F0470C46464F6368D7F8F0158B42EE
:10621000064600F083802046FFF780FB00287DD1F2
:1062200094F82031002B5DD0D4F854312BB18B423F
:1062300003D0D4F850318B4254D1D4F81431002B10
:1062400050D03B7B012B4DD03B7E042B4AD0D4F861
:1062500050310BB18B4245D1DFF8C880214608F69A
:10626000780014F060FA4FF0FF3105462046FFF742
:10627000ABFE50B13B7B022B07D1D8F8A498B9F8FC
:106280001CA04FF00008D0452ED395F82031013BDB
:1062900085F82031284604F0C7FBD8B1D7F8D831AB
:1062A00013F0FF0202D1002B08BF0322402A95F809
:1062B000201128BF402291420CD995F82A3185F847
:1062C0002021881A8342C3BF5B1A9B18DBB20023CC
:1062D00085F82A31D4F8503129463046DBB9FFF72A
:1062E00032FC0120BDE8F087D9F804004146FFF7F1
:1062F00072FF68B190F8B03053B1037943B190F8B0
:106300003B30022B04D10268D4F854319A42C1D0F8
:1063100008F10108B7E7FFF767FCE2E70020E1E7D3
:1063200078030020701400202DE9F84F90F83030E9
:1063300005469BB9C26A214F2AB13B689B1A41F2BC
:10634000873293420AD93B68EB62AE8B4FF000086C
:10635000013E002E04DCB8F1000FF6D1BDE8F88F45
:10636000D5F804B006F1FF3949465846FFF733FF28
:10637000D7F8F0A50368534504460CD0314658467B
:10638000FFF729FF02689245034606D12146FAF736
:1063900090FB4FF001084E46DBE790F8B01094F800
:1063A000B02041B1002AF1D0D96FE26F9142F2D909
:1063B00021461846EBE7002AEDD1F5E778030020E7
:1063C000F8B5878B05460E460024A74201DC002065
:1063D000F8BD68682146FFF7FEFE0368B342F7D0B8
:1063E0000134F2E703682DE9F74F1B6804460F46B6
:1063F00098470546002849D1A08B15F0FAFC0028E3
:1064000037D04FF0FF366368B4F81CB001934FF0FB
:10641000010A3546B046B146DA450ADB721C26D081
:106420003546A38BD4F80480013B9D4232DBA38325
:106430001FE001985146FFF7CEFE90F8B0309BB9AF
:1064400090F8B13083B9D0F8B830D90705D4C36F0C
:106450004B452CBF4B4655469946838F23B9C36F96
:1064600043453CBF564698460AF1010AD4E76B1CE7
:10647000D7D1A18B60684B1CA383FFF7ACFE054608
:10648000B822002104301DF088FC2F60284603B09C
:10649000BDE8F08F05F1010949464046FFF79BFE34
:1064A000294606464046FFF796FEBC2231461DF0BF
:1064B0001BFD4D46B5E72DE9F047B8B007468846C5
:1064C00015469946FFF78EFF044600283FD0B5F8E1
:1064D0004620202A40D15E4ED6F8F03598453BD074
:1064E00005F1480A5B48514603F081FFB6F884265F
:1064F000202A31D106F2866150461DF024FC58BB9B
:1065000097F82080B8F1000F21D10123832252494E
:1065100087F8203017A81DF0E7FC06F6A850FEF714
:10652000D5FE1E230446037341460220FEF78CFD70
:1065300017A9A06005F1100204F10D001EF010FA79
:10654000464BD3F8C008036821465B68984700258E
:10655000284638B0BDE8F087A38F202B0BD1B5F8C3
:106560004620202AF3D104F13E0105F148001DF038
:10657000EAFB0028EBD14346394A102128461EF099
:106580004BF929466A2217A81DF0AEFC28221BA948
:106590000DF106001EF04FFA052225A90DF12E007F
:1065A0001EF049FA29AEDDF89900BDF89D30009043
:1065B000ADF804300FCE0EAD0FC596E80F0004F114
:1065C000060A85E80F00289B9DF89FC00D935A226C
:1065D000BDF8C430BDF8A2608DF833C0694650469E
:1065E000ADF858301DF0AFFB78BB94F8AC50B5EB6C
:1065F000090518BF01255A22694650461DF074FC52
:10660000202E05D11748324604F13E0103F0EFFE7B
:106610000F4ED6F8F03598454FF0010318BF84F8B7
:10662000AC902371002D92D0FC60384616F0F6F83D
:106630007A6A33689B1A4EF65F22934288D91020FB
:1066400015F0A2FC33687B6282E70125D3E700BF27
:106650007803002087910208A89102087014002096
:1066600021910208999102081B4AF8B5D2F8F02549
:106670000B68934206460C462CD04A89042A29D13D
:1066800043B30846FFF77DF801463046FFF7AAFE00
:106690000546F8B1D4F8183103B1C367D4F81C71BA
:1066A0000021384617F08EFB00B9AF6794F8293106
:1066B00085F8AD3020464FF0FF31FFF785FC00280C
:1066C000A2BF012385F8AF0085F8AE303046BDE8A3
:1066D000F84029E6F8BD00BF780300202DE9F74314
:1066E000224ED1F81491174605460C46D6F8A40858
:1066F0009846FFF7B9FF3A462146D6F8C40804F099
:1067000095FDD6F8C4180746684602F06FFA4B4666
:106710003A466946284615F099FE77B9B8F1000F58
:1067200020D0214606F6780013F0FDFF01462846EA
:1067300003B0BDE8F043FEF7B4BF232F12D1B8F188
:10674000000F05D1204603B0BDE8F04314F034B883
:10675000214606F6780013F0E6FF01462846FEF7CC
:10676000A0FFEFE703B0BDE8F08300BF7014002086
:106770002DE9F04F1646ADF5617D0022C0E90022FB
:106780008260044650A814F0E2FD569B73B19DF858
:1067900054315BB150A908A814F0EFF8794F0E9B63
:1067A000002B40F0A08050A80AF06AFB20460DF5AF
:1067B000617DBDE8F08F98A812F05FFB05A812F08C
:1067C0005CFBE822002198A81DF0E7FA9DF8343020
:1067D000002B5BD10E9AD1695369890303D5126AE4
:1067E000934238BF134610A998A8D1931DF074FBAB
:1067F00098A902A812F066FB394605A812F062FBC0
:1068000005A902A812F0C2FB054605A812F035FB47
:1068100002A812F032FB5DB9D4E90183984537D064
:10682000E82298A940461DF05FFB6368E833636087
:1068300008A80AF025FB9CE05349544A0193ED1047
:1068400069432046FAF7A7F9824616F08CF84146CC
:10685000024605465846FEF7AAFA019B024619462B
:106860004846FEF7A4FA414602464046FEF79FFA24
:106870008046BBF1000F02D058461DF025FCE823EE
:10688000C4E9005803FB0A55A5606CE00023AAE7A1
:106890003F4A01212046FAF77EF9D4F8009082465B
:1068A00016F061F8A8EB090B0546E82298A95844B0
:1068B0001DF01AFB41462A46484614F051F841465D
:1068C00000F1E802404614F04BF88046B9F1000FA1
:1068D00002D048461DF0F8FBE823C4E9005803FB4A
:1068E0000A55A560A4E79DF83430002B3FF469AF4A
:1068F00010A905A812F0E6FA394698A812F0E2FAB3
:1069000098A905A812F042FB00287FF454AF98A87C
:1069100012F0B3FA05A812F0B0FA56B3721ED2B252
:1069200010A998A8FFF724FFDDE998934B451AD0EA
:10693000D4E900B8A268A3EB0905A2EB0802AA42B9
:10694000FFF47AAF194642464846FEF730FA6268CD
:106950002A44626041464046FEF729FA42464946CB
:106960004846FEF724FA08A80AF08AFA98A816F012
:1069700013F850A998A814F000F898A908A816F0E0
:1069800055F80CE7A699020835C2724F2B920208FF
:10699000BE90020800000000826930B404695510FE
:1069A000034604EB6200D20748BF62595B6930BC02
:1069B00048BFD35818477047704710B5037C04464A
:1069C0000BB9002010BD0368DB6998470028F8D197
:1069D00023682046DB6898470120F3E70723A0F8E7
:1069E0008434D0F86834C0F888340023C0F86834A0
:1069F0000B23037490F88436012B06D1124A1268D7
:106A000082F8043103689B6A1847023B042BF9D8CB
:106A1000DFE803F003090D1115000B4B1B68022280
:106A200083F80421EEE7084B03221B68F8E7064BC6
:106A300004221B68F4E7044B05221B68F0E7024BB5
:106A400006221B68ECE700BF301D0020D0F81011B3
:106A500010B5044631B1044803689B689847002389
:106A6000C4F8103110BD00BF983D0020D0F81411BB
:106A700010B5044631B1044803689B689847002369
:106A8000C4F8143110BD00BFB01D0020D0F818119B
:106A900010B5044631B1044803689B689847002349
:106AA000C4F8183110BD00BF2011002070B5044695
:106AB0000E46FFF782FF237C0B2B054604D123688B
:106AC00031461B6A20469847684270BD1F2808B5AA
:106AD0000FD03E280FD0C8280FD0B0F5C87F0ED0F9
:106AE000B0F5487F0DD0B0F5C86F0CD017F046FB5D
:106AF00008BD0648FCE70648FAE70648F8E70648F6
:106B0000F6E70648F4E70648F2E700BF0000FA415E
:106B100000007A4200204B430020CB4300204B442E
:106B20000020CB4430B5441E082C3DD8DFE804F0EB
:106B3000353C221B15103005290039B11D490520AF
:106B400007241160039A10701C7030BD1A49F6E7D3
:106B500009B11A49F3E71A49F1E711B117490824B5
:106B6000EFE71749FBE719B1144905200924E8E7C5
:106B70001349FAE719B1114905200A24E1E7104940
:106B8000FAE719B10B4908200B24DAE70A49FAE7BA
:106B900009B10C49F7E70C49F5E719B10949082093
:106BA0000C24CEE70849FAE711B104490520EBE7C8
:106BB0000349FBE70020CB440000FA4300204B448C
:106BC00000007A430020CB430000FA421FB50023A7
:106BD00003930DF10A03009303AA0DF10B03FFF7D2
:106BE000A1FF039805B05DF804FB01207047002267
:106BF000426002808270704700207047704708B57D
:106C000003689B68984780F00100C0B208BD08B5D2
:106C100003689B6A9847002008BD08B503681B6994
:106C20009847002008BDC0F88C117047C0F890113B
:106C30007047D0F88C017047704738B590F82C3207
:106C4000C56F044613B93DB9012038BD0368DB6D3B
:106C500098470028F7D06DB1074AD4F88030126801
:106C60004EF65F21D21A8A4204D9044A03F57D43C5
:106C7000E83393630020E8E778030020983D002084
:106C8000002210B54260D1F8C8410270D1E97312F8
:106C9000521AA4EBA2024270847010BDD0E9732096
:106CA000131A584258417047C06F003818BF01206E
:106CB0007047012380F82C32704730B590F862306D
:106CC00087B00446CBB190F861209A4215D090F875
:106CD00060208DF80C20C26DD0F8280204928DF847
:106CE00014300322036800925D6E06AB13E90E00B8
:106CF000A84710B1002384F8623007B030BD704758
:106D000000207047806E03685B6918477047006811
:106D1000096803689B6818474068036810B55B689A
:106D200014469847031B5842584110BD704781F0E4
:106D30000100400000F0FE00704720B981F0010022
:106D40004000C0B2704702207047884214BF81F0F3
:106D5000010002207047084B93F86C018B8908B141
:106D6000422B08D0012B05D00A3B012B8CBF002001
:106D70000120704718467047983D0020826930B462
:106D800004695510034604EB6200D20748BF6259FC
:106D90005B6930BC48BFD3581847F8B5456806460C
:106DA000144679B95CB12B6828465B699847013075
:106DB00004F1FF34F6D1B4FA84F04009F8BD4FF085
:106DC000FF34F8E792B228460AF0FBF82B68074632
:106DD0001B692846984700B9B060E31B58425841E8
:106DE000ECE738B5202504462A46002135301CF052
:106DF000D4FF2A46002104F155001CF0CEFF0023E9
:106E00000022C4E90823002384F83430C4E90B339A
:106E1000A36238BD11B10B2013F018BD0C20FBE7A5
:106E20002DE9F047D0E90487436AD0E902A9044676
:106E30003D1D1E1DAE4205D8C4E906A9C4E9088758
:106E4000BDE8F08755F8040B1DF03EF9F2E710B5E8
:106E500004461DF039F9204610BD084609B11DF061
:106E600033B970474FF4B0701DF026B970B50F48B4
:106E700016461D46FEF72AFA012303701E23044618
:106E80000373466000210220FEF7DEF82946A06069
:106E90004FF4C87204F10D001DF0CDFD044B1868CD
:106EA000036821465B68BDE8704018472011002048
:106EB000301D002038B50C46054615F0FBFB291D9A
:106EC00084601AF0C2FFEB680133EB6015F0F2FB4F
:106ED000214685601AF0B9FFA3680133A36038BD6D
:106EE00038B50C46054615F0E5FB291D84601AF0FF
:106EF000ACFFEB680133EB6015F0DCFB21468560ED
:106F00001AF0A3FFA3680133A36038BD2DE9FF4742
:106F100005461E4B55F8046F036004460DF1040846
:106F20004FF00009AE4206D16068854229D1204663
:106F300004B0BDE8F087CDE90188B768CDF80C90C2
:106F4000396801988F4203D1404515D13668E9E789
:106F50008B68D1F800A09C420CD181420AD08245B6
:106F600008D052461AF063FF039B01330393BB68BA
:106F7000013BBB605146E4E707681DF0A5F83846C1
:106F8000E2E706681DF0A0F83046CEE78863020805
:106F900010B50446FFF7BAFF20461DF095F82046CD
:106FA00010BD2DE9FF47B1F8008047680368B8FBC2
:106FB000F7F607FB1686044653F82630ABB11A687D
:106FC000918841450BD0116879B113468A88B2FB8C
:106FD000F7F007FB1022964207D10A46F0E718683F
:106FE00018B1083004B0BDE8F0870C201DF064F83B
:106FF0004FF0000A0123C0F800A0A0F80480C0F8F8
:1070000008A00093E36805463A4604F1100102A87F
:107010001BF03CFA9DF80830C3B1039F012F04F127
:10702000180923D1C4F818A04E46A4460020A3682E
:107030004CF8080F1BBB2068814501D01DF044F8B7
:10704000C4E90067B8FBF7F607FB1686236853F818
:107050002620B00082B312682A6053F826301D60E3
:10706000E3680133E36005F10800BBE7384611F03F
:10707000A2FFBA00514606461CF08FFED5E79A885B
:10708000B2FBF7F107FB1122D3F800E056F822100B
:1070900059B9A1681960A36046F822C0196809B1FE
:1070A00046F8203010467346C4E70968196056F860
:1070B000222013600246F5E7A2682A60A5603AB173
:1070C00092886168B2FBF1F601FB162243F8225068
:1070D00004F108021A50C3E70E4B70B50546186854
:1070E000FDF78EFE17F0F2F995F8786095F8794083
:1070F000A41B4443642394FBF3F43444E4B201201E
:10710000A040002804DD11F0AFFEAB6E584370BD07
:107110000020FAE7AC1B002070B50D4E3368054621
:10712000A3B10C48FEF7D2F8044678B128230373C4
:107130004FF4C8712B46084A0D301DF06DFB3068C6
:10714000036821465B68BDE87040184770BD00BF0A
:10715000301D00202011002024980208F0B50C46B4
:1071600005464FF49272B3B000211CF016FEA36FD7
:10717000C5F8E830E36FD4F8B820C5F8EC30B4F8BF
:10718000AC30A5F81C31B4F8B030A5F8203102F0CD
:10719000010385F8223194F8AE3026682E60C2F3E0
:1071A000400285F8232133B1012385F81E3194F87C
:1071B000AF3085F81F3194F86030E3B1636E01227F
:1071C00085F870200BB185F87420AB67A36E13B1FE
:1071D000012285F87C20C5F88030E36E13B10122CE
:1071E00085F88420C5F8883094F8743085F890309C
:1071F000236FC5F88C302379002B3BD001235A2212
:10720000A11D68462B711CF06FFE24496A2217A845
:107210001CF06AFE3346224A102117A81DF0FCFA22
:1072200028220DF106011BA81DF005FC05220DF119
:107230002E0125A81DF0FFFB0EAF0098BDF804300D
:10724000CDF89900ADF89D300FCF29AE0FC697E865
:107250000F0086E80F000D9B9DF833C028936A222B
:10726000BDF858308DF89FC017A9A81DADF8C430DF
:107270001CF03AFE94F880306BB10123843485F819
:10728000F0300FCC05F1F4060FC60FCC0FC694E812
:10729000030086E80300284633B0F0BD8866020884
:1072A0002191020810B5064B03F17402F83304462D
:1072B0000260C0F89431FEF7D9F8204610BD00BF37
:1072C00088660208A0F5CA70ECE710B50446FFF71F
:1072D000E9FF20461CF0F8FE204610BDA0F5CA705C
:1072E000F3E70DF0E1BE38B5084D0446D5F8F402D9
:1072F00003689B6C9847D5F8F40221460122BDE84B
:10730000384000F5CA70FDF73DBE00BF983D002033
:107310000120E8E70220E6E713B50023009300F51B
:10732000E470012315F0F1F8044618B10146044851
:10733000FFF793FD201E18BF012002B010BD00BF53
:10734000E81C00202DE9F04F85B0002700F5E47619
:10735000044600973B46304615F0D7F80546A0B3E3
:107360001B4BD0F81C01D3F8009094F8798094F866
:1073700078B0D4F868A017F0A9F8A8EB0B0300F1D7
:1073800014025A431E2392FBF3F25A44D2B20AFB70
:1073900008F80AFA02F209EB48094A44C5F85821EC
:1073A00029460DF10F0230468DF80F70FEF79AF85E
:1073B00018B908482946FFF750FD9DF80F3023B152
:1073C000B4F840320133A4F8403205B0BDE8F08F84
:1073D00078030020E81C002007B5DBB2009300F51D
:1073E000E470012315F091F8014618B10348FFF746
:1073F00034FD012003B05DF804FB00BFE81C002051
:107400002DE9F041D0E973580E461746A84501D141
:1074100000240AE055F8044B2046FEF7B2F98642F4
:10742000F4D1D4F814319F42F0D1201E18BF0120AE
:10743000BDE8F0812DE9FF47D0E9733293428146E0
:107440005ED01D68002D5BD0D5F8583100F5CA74A8
:10745000002B41D0D5F82431002B3AD0D5F81C119F
:1074600014F092FC284B99F879801F68D5F85831B0
:1074700099F878A0D9F86890034438448342029080
:10748000D5F81C01019334BF02AE01AE17F01EF80F
:10749000A8EB0A0200F1140353431E2293FBF2F3FC
:1074A0005344DBB209FA03F309FB08F8326803EB33
:1074B000480307EB4303934238BF03AE039331689D
:1074C000C5F85811C91B204604B0BDE8F04713F0B9
:1074D00071B8FFF701FEC5E7D5F81C610021304601
:1074E00016F070FC38B1D5F8243123B94846FFF7BF
:1074F000F3FD0146E7E73146484614F045FCF8E75E
:1075000004B0BDE8F08700BF7803002037B51D4AFE
:1075100092F8B83104460D462BB190F8583013B9A3
:1075200092F8C02132B918482946FFF796FC22206C
:1075300003B030BD4A68012A21D00DF1070200F5E1
:10754000E4708DF80730FDF7CDFF9DF8073050B19E
:1075500023B1B4F840320133A4F840322046FFF79B
:1075600069FF0020E4E723B1B4F840320133A4F806
:10757000403205482946FFF770FC2020D8E7232039
:10758000D6E700BF80030020E81C002010B5034BA5
:1075900003600446FAF7E5FD204610BDAC6702081B
:1075A00010B50446FFF7F2FF20461CF08DFD204683
:1075B00010BD37B5104614460D46FEF7E2F800231D
:1075C000CDE900330146237AD4F81421284613F07C
:1075D00000F8204603B0BDE8304013F08FB8F9F74B
:1075E000B8B910B5034B044640F8043BFCF7A6F9C4
:1075F000204610BD3C4F020810B50446FFF7F1FFCE
:1076000020461CF061FD204610BD38B590F834309E
:1076100004467BB1856A0020FDF702FD3C388542B7
:1076200004D22046BDE83840FFF7DBBB0020FDF761
:10763000F7FCA06238BDF8B50F4604461546FFF7C3
:10764000E4FF97F84E61002E4ED03A68E36A9A4202
:1076500040F0B18094F83430002B00F0AC80012B66
:1076600044D1D5E90002D4E908139A4208BF884200
:1076700040F0A1806B8D202B40F09D802B89002B4A
:1076800040F0998005F12C0304F155024C3553F874
:10769000041B42F8041BAB42F9D14848FDF716FE23
:1076A0001E230546037346490D301CF015FC0C23C0
:1076B000A5F89E31D4E90823C5E96823414BE16A66
:1076C000186803681B689847282200F10C0105F52B
:1076D000D4701DF0B0F93C4B1868036829465B680C
:1076E0009847022384F834303046F8BD052B62D128
:1076F0002A89202A5FD1D5E90071D4E9080399428B
:1077000008BF874257D105F10A0104F135001CF08A
:107710001AFB014600284ED104F17507282238468D
:107720001CF03BFB294938461CF0D6FB04F134021F
:1077300004F1380112F8013F9B0830338A4282F885
:107740004F30F7D1202384F8883004F1390204F156
:107750003D0112F8013F9B083033914282F84F30CF
:10776000F7D11648FDF7B2FD1E23054603731849ED
:107770003A460D301DF0F4F80D23A5F89E31D4E9FA
:107780000823C5E968230F4BE16A186803681B6882
:107790009847282200F10C0105F5D4701DF04BF933
:1077A000002385F8D031084B1868036829465B68C8
:1077B0009847042396E7002696E700BF2011002093
:1077C00048920208141D0020301D00207392020808
:1077D00083920208A0F1200016F056BF37B5184674
:1077E00013880E2B04D0252B0ED0002003B030BD03
:1077F00091F8FA3033B10F2320F8083B1049E72203
:107800001DF019F90220F1E7137A0BB90120EDE719
:1078100002F1080421460A4816F020FBE72205463B
:10782000214607481DF007F9002DEFD001230093F2
:10783000044A034B0448E92113F034F8E6E700BF9B
:1078400090400020E4670208BE9202082DE9F0474C
:10785000B54D95F8CE32B2B006461746002B00F073
:107860000481B5F8AC32202B40F0FF80536C23B17B
:10787000AE4A5268934240F0F880A822394608A8E0
:107880001CF032FB102200210DF1AE001CF085FA35
:10789000A74BDFF8A082039300244FF48C73A64912
:1078A000CDF8108008AA03A8CDE90534ADF8AC40A6
:1078B00007940AF0AFFDA8F2DF38002800F0D58069
:1078C000DDF81890B9F1000F00F0CF80402236218A
:1078D00008F2F7401CF061FA40225C2108F23750B0
:1078E0001CF05BFA08F23752DFF850E208F2F74179
:1078F000944608781EF8013F584001F8010B1078B3
:1079000001344340202C02F8013BF2D18C4BB9F5F5
:10791000807F03F1800128BF4FF480790C4653F833
:10792000042B41F8042B6345F9D18249DFF814A2F6
:107930004A4601F5EC701CF0D7FADAF800008249EB
:10794000036809F140021B6A9847804B03F5C07237
:1079500053F8041B42F8041BA342F9D17A4B03F5F8
:10796000C07203F1200153F8040B42F8040B8B4260
:10797000F9D1DAF800007649036860221B6A98475B
:10798000734B03F1600203F1200153F8040B42F83A
:10799000040B8B42F9D1B7F88C20102A65D16D48C1
:1079A00007F18E011CF0CFF900285ED1D7F888309E
:1079B000002B5AD0DFF87491D9F81026934254D98D
:1079C000D5F8D032002B54D04FF47A725343D8F804
:1079D000381721B1604A1268521A9A4245D397F873
:1079E0004C30002B41D095F8CE32012B44D1D6F843
:1079F00054A0BAF1000F38D107F150050FCD06F1B0
:107A000058040FC40FCD0FC40FCD0FC495E8030069
:107A100084E80300D7F88830736586F84DA0042009
:107A2000C9F8103614F0B0FA4B4B4C481B68C8F834
:107A30003837FDF74BFC0446B8B11E23037351469B
:107A40000220FDF701FBA060D7F8883000934FF4C7
:107A5000C8713B46424A04F10D001CF0DDFE414B6B
:107A60001868036821465B689847002032B0BDE87B
:107A7000F0874EF66023AAE796F84D3073B10024E4
:107A800086F84D403822214606F158001CF085F951
:107A9000336A74659B6906F120009847BB6CDFF878
:107AA000B8A007F150047BB30FCC06F158050FC501
:107AB0000FCC0FC50FCC0FC594E8030085E8030079
:107AC0000122D7F88830736586F84D200420C9F864
:107AD000103614F059FADAF80030B96CC8F83837B3
:107AE0004FF47A73A1FB0313002BDAF8003018BFB0
:107AF0004FF0FF310B44336506F12000FDF784FAA7
:107B0000012386F83430B0E7D7F88830C9F810364A
:107B1000042014F039FADAF80030C8F83837204673
:107B200014F040FAA1E700BF8003002064090020A0
:107B300017EB000877410020FC6702082D060020A3
:107B40008F420020181000200F430020CF42002059
:107B50004F440020AF440020780300202011002073
:107B6000D4920208301D002038B590F82C3004461D
:107B7000154673B9074B1868FDF784FD4DB194F8AD
:107B80002C3033B9044B054A1B6803F5DA5318331C
:107B9000936338BD301D002078030020983D0020FD
:107BA00010B5034B0360044614F0DFFC204610BD03
:107BB0001C68020810B50446FFF7F2FF20461CF0CF
:107BC00083FA204610BD70B5094B03600546044694
:107BD00055F8200FA84206D1064B23602046FFF738
:107BE000DFFF204670BD06681CF06EFA3046F1E7F4
:107BF0004C6802088468020810B50446FFF7E3FFEA
:107C000020461CF061FA204610BD10B5034B0360FE
:107C10000446FFF7C5FF204610BD00BFBC68020840
:107C200010B50446FFF7F1FF20461CF04DFA204640
:107C300010BD0EB417B51048FDF748FB0446A8B1B7
:107C40001E23037300210220FDF7FEF906ABA0609E
:107C50004FF4C871059A019304F10D001CF036F839
:107C6000064B1868036821465B68984703B0BDE877
:107C7000104003B0704700BF20110020301D0020CD
:107C800010B5054B044640F8183B14F035FD20466E
:107C9000FFF786FF204610BDF4680208A0F1180027
:107CA000EEE710B50446FFF7EBFF20461CF00CFA98
:107CB000204610BDA0F11800F3E70A4B10B503F5FC
:107CC000327203F53F730446026083614830FFF768
:107CD0001DF904F1180014F00FFD2046FFF760FFB6
:107CE000204610BD88660208A0F11800E5E710B52F
:107CF0000446FFF7E2FF20461CF0E6F9204610BDDF
:107D0000A0F11800F3E710B50446203014F0F4FC9D
:107D1000034B23602046FFF743FF204610BD00BF02
:107D2000AC690208A0F12000EDE710B50446FFF7AA
:107D3000EAFF20461CF0C8F9204610BDA0F1200043
:107D4000F3E72DE9F04FDFF82092D1B0044600258B
:107D5000D4F86432D4F854229A1A003B18BF012395
:107D6000C3EBA203D4E99621521A921009FB023305
:107D7000D4F84812D4F85022521A921009FB023358
:107D8000032B0AD9002D00F0EC8023681B6A002128
:107D9000204651B0BDE8F04F1847744BD4F86C142E
:107DA0001B689A8B9142EDD258684B1CC4F86C3416
:107DB000FEF711FA01460028E4D007A8FFF7CEF934
:107DC0006B4A07995268429B039391429DF839315F
:107DD0000293DDF804B19DF83BA19DF83C310BD135
:107DE00000210220FDF730F94FF0000A0390CDF892
:107DF00008A04FF0000B01230193D4F86032D4F8AF
:107E00005802A3F59273984218D0039B4293029BA9
:107E10008DF839314FF49272019B8DF83C3107A9EE
:107E2000CDF804B18DF83BA11CF05EF8D4F85832BF
:107E300003F59273C4F85832012589E7D4F85C320F
:107E4000D4F86412D4F85482D4F84822C01A8310AB
:107E5000081EA1EB080618BF0120C0EBA60009FB15
:107E60000300D4F850329B1A9B1009FB0300414BCE
:107E700098424FEAA60502D13F481AF0BCFAD4E96D
:107E80009023881AA3EBA000012822D80235B3EB77
:107E9000450F01F1040149D95B1B5B0802EB830527
:107EA000A8453DD92A464046FCF781FF2B68C4F817
:107EB0004C3203F59273C4F85032AB19C4F86432F3
:107EC000AB59C4F85C3203F59273C4F85452C4F849
:107ED00060324FF49270D4F864521CF0EDF8039BBA
:107EE00068604293029B8DF839314FF49272019B86
:107EF000D4F858028DF83C3107A9CDF804B18DF8BB
:107F00003BA11BF0F1FFD4F864321A1D5B68C4F882
:107F1000642203F59272C4F85C32C4F8602289E7E7
:107F2000321D2A44404614F015FDBFE79F1C012B6B
:107F30002CBFFF1801373846059111F03CF87D1B26
:107F40006D0800EB8505059904902A464046FCF72C
:107F50002EFFD4F840021CF0B7F8049BC4E9903718
:107F6000A4E751B0BDE8F08FF9F1E3C7141D00207C
:107F7000640900201C3870002793020810B50446DD
:107F80001046D4E900239B1A0B4A0C4C9B10534318
:107F9000E21A8A4201D21AF02EFA994205D91944FE
:107FA000A14228BF2146084610BDB3EB430F4FEA5C
:107FB0004301F5D92046F7E7CF467D67414CAE0037
:107FC00038B503460C461546A34200D138BD1846C5
:107FD000BC2229461BF088FF0346BC33F4E770B58A
:107FE000BC260C463246002105461BF0D6FE013C5D
:107FF00005EB060006D006FB04042A462146FFF7DF
:10800000DFFF204670BD10B539B182B1D0E9003034
:108010002C2404FB0303984201D3002010BD4468C4
:10802000A24202D10468A142F8D02C30F3E71046F6
:10803000F4E770B50C4619464368049E63B10368C3
:1080400053B14CB1FFF7DFFF014628B1324620465D
:10805000BDE8704011F077BD002070BD38B5044612
:108060000068844200D138BD05681CF02DF8284610
:10807000F7E770B58568044645B9626820689200E4
:1080800029461BF08AFEC4E9025570BD2E682846B9
:108090001CF01AF83546EFE7F0B585B001ADCDE933
:1080A00001550E4600230168039304468C42019853
:1080B00003D1A84215D105B0F0BD8A6833680F68B6
:1080C0009A420CD181420AD0874208D03A4619F030
:1080D000AEFE039B01330393A368013BA3603946C3
:1080E000E4E704681BF0F0FF2046E2E7F0B585B056
:1080F0000D460446019001A92846FFF7CDFF01ABCC
:10810000CDE9013361680023271D03938F4204D119
:1081100001A8FFF7A3FF05B0F0BD8B680E68AB4266
:108120000DD1019881420AD0864208D0324619F01A
:108130007EFE039B01330393E368013BE36031461A
:10814000E4E738B5414B196891F80431012B044636
:108150005DD190F88436012B04BF002381F80431EF
:10816000237C002B52D0002501F584712046257414
:10817000C4F86C54FFF7BAFF20463549FFF7B6FF45
:10818000D4F8840018B112F017FBC4F884502046CC
:10819000FEF75CFC2046FEF769FC2046FEF776FC05
:1081A000236800219B69204698474FF40072002104
:1081B00004F590601BF0F1FD4FF4FE72002104F510
:1081C0001B701BF0EAFD4FF49272002104F58E70D3
:1081D0001BF0E3FD04F51070FEF722FE0023D4F837
:1081E0007424C4F88430D4F87034934218BFC4F8AF
:1081F000743404F11400FFF73CFF164A0023C4F85E
:108200008030C4F86834637482F87C3938BD022B3E
:1082100003D190F88436022B9EE7032B03D190F80C
:108220008436032B98E7042B03D190F88436042B73
:1082300092E7052B03D190F88436052B8CE7062BAB
:108240008ED190F88436062B86E700BF301D0020C3
:10825000D4440020983D0020064B93F8B811064BFB
:108260001A7812B9054A136070478A42FAD01C3353
:10827000F6E700BF80030020DC690208B01B002085
:108280002DE9F04F704C027CAFB00546884623784C
:108290000BB19A4224D12A7868786369002A3ED0CB
:1082A000A17C1F6800220023FE5CFF2E1FD19A4292
:1082B00018D3012112F05BFC06463878A769B8F1A3
:1082C000000F16D1614A00973346A02106A81CF082
:1082D000A3FA06A8FEF720FF00202FB0BDE8F08F1C
:1082E0001C34D4E7BB5C834216D00132DBE7013398
:1082F000DAE7012112F03BFC3346A021CDE9007002
:10830000534A06A81CF088FA06A8FEF705FF636921
:108310001B6818786870A17CFEF758FC02E068883A
:10832000FEF7D4FB63699968D3F8049006460846C3
:1083300015F074FE494615F071FE46490746304671
:1083400016F028F80146384615F068FE61680746C1
:10835000A06815F061FE3946824615F03DFD002803
:1083600040F082805146484615F058FE394616F0D6
:1083700011F81BF08FFB16F0CFF8374B81461878B9
:1083800012F02CFC29788346687812F0F0FB41F259
:1083900005570246594611F8013B002B40F0018178
:1083A000114641F2055611F8013B002B40F0FD80CB
:1083B000D5F820A005920021504615F003FD0028B5
:1083C00000F00B81B6FBF9F309FB13666B8B059A82
:1083D000002B00F0F1806169497C002900F0E98000
:1083E000994214BF00210121DFF870A005938AF89B
:1083F00000105846114615F031FD059BDFF860B0BE
:10840000003818BF01204B458BF87D091AD9CDF8EB
:108410000490A2690092A021124A06A81CF0FCF95F
:1084200006A8FEF779FEB8F1000F3FF455AF9BF8B0
:108430007D39002B00F0C280B7FBF9F309FB1377FD
:1084400001376F83012048E7DC6902087A9302084C
:108450005793020800007A44001D002034010020D8
:10846000983D0020B7930208304615F055F9CDE944
:1084700002015F49504615F0D9FE15F04DF9CDE9DE
:1084800000015C4AA369A02106A81CF0C5F906A852
:10849000FEF742FEB8F1000F3FF41EAFD4F814907F
:1084A000A17CD9F800301878FEF790FB52490646B7
:1084B00015F0B0FC28B15149304615F08DFC00286C
:1084C00060D14F49304615F0A5FC28B14D493046E2
:1084D00015F082FC002857D14B49304615F09AFC24
:1084E00028B14A49304615F077FC00284ED148495A
:1084F000304615F08FFC28B14649304615F06CFC2B
:10850000002845D14449304615F084FC28B1434940
:10851000304615F061FC00283DD14149304615F048
:1085200079FC28B13F49304615F056FC002835D17A
:108530004FF07C51304615F071FD15F0EDFF80B223
:108540006880FEF7C3FAD9F8046061688246A068C3
:1085500015F062FD314615F061FDD9F808100746A7
:10856000084615F05BFD314615F058FD20490646DA
:10857000504615F00FFF0146304615F04FFD0146FD
:108580003846F4E61F20DBE73E20D9E7C820D7E7CE
:108590004FF4C870D4E74FF44870D1E74FF4C86087
:1085A000CEE707EB47171F44F5E606EB46161E44D9
:1085B000F9E6591EB14214E7012115E72B7853B1B2
:1085C00063695A7C01231AB16A838AF8003039E75B
:1085D00001366E83F9E70123F7E7504615F09CF862
:1085E000114ACDE90001A02106A81CF015F929E7E0
:1085F00000007A449393020885EBF9417B14FA4119
:10860000C3F579423D0A7A42B81E4B4348214B4399
:10861000B81ECB434821CB435C1F4B44A4204B44A2
:10862000AE1FCB445220CB44E393020830B504463E
:108630000FCC91B06D460FC50FCC0FC50FCC0FC539
:1086400094E80F0085E80F0000216846FFF718FE48
:1086500011B030BD70B590F8605004460120A840BC
:1086600015F08CFDE16D15F095FE1D4B1B689B7C94
:1086700006468BB194F86400032303EB450300EB3B
:10868000531015F07FFD314615F0D0FD154915F05A
:10869000C5FC15F041FF70BD94F8630015F02AF891
:1086A000114B002214F0DAFE104B002204460D4656
:1086B00015F01AFB08B90D4D0024304615F02CF8C2
:1086C00022462B4615F080F803A3D3E9002314F0CB
:1086D000C5FE15F013FBDEE70000006066661E4075
:1086E000B01B00203333F3400000E03F00000240A5
:1086F0002DE9F04F7F4D804E95F8B82187B00446A4
:10870000337813B19A4240F090807C4B7C481E60D5
:1087100095F8A831002B00F08C80FFF787FF20B977
:1087200073691B681B7885F8A9310DF11703009355
:10873000B17C95F8A90104F1600304F15C02FEF735
:10874000F1F995F8B0219DF81710531F032B03D8AA
:108750008A420B4601D36AD80B4684F8613095F9FA
:10876000C13184F88831327C2BB1934205DD654BF1
:1087700093F896300BB984F8882194F98831002B4E
:1087800008BF112384F8883185F8C131B368D6F861
:108790001480039395F8A811736895F8A9010293C2
:1087A00012F0E5F9D8F804B0D8F80870D4F85CA055
:1087B00041F2055910F8012B002A4DD1D5F8C861B6
:1087C0000021304615F0FEFA4F4A002849D11070BA
:1087D0004FF0FF38236841465B6C20469847D5F838
:1087E000B411304615F01AFC236801461B6C204674
:1087F00098472046FFF72EFF94F86030A0660120CE
:10880000984015F0BBFCE16D15F0C4FD0546B4F8C9
:108810006C0015F0B7FC0146284615F007FD15F071
:108820007BFE206707B0BDE8F08F1C3668E7134673
:1088300093E7FFF7FBFE18B931480121FFF720FD50
:10884000B5F8AA01FEF742F9D5F8AC31E06584F835
:10885000603095F8B03180E709EB491302EB03096A
:10886000A8E73946384615F0D9FB594615F0D6FB2E
:1088700026490646504615F08DFD0146304615F056
:10888000CDFB214A1278064672B398F8112042BBFC
:108890000299039815F0C0FB594615F0BFFB31460D
:1088A00015F078FD1BF0F6F815F036FEB9FBF0F286
:1088B00002FB10981649504615F06CFD029915F010
:1088C000ADFB394615F0AAFB0746404615F056FCAD
:1088D000314615F0ABFC0146384615F09FFB0646C5
:1088E00078E702F1FF38E5E7B5F8C28108F1FF3813
:1088F000E0E700BF80030020DC690208B01B002015
:1089000028050020640900203401002000007A447A
:108910000000FA4408B5FFF7EBFE012008BD38B5AA
:108920000C4B0D4D1968044601F58A710430FEF7B1
:10893000D7FA05F5186104F12000FEF7D1FA05F623
:108940008C1104F13C00FEF7CBFA2046FFF7D0FE75
:10895000012038BD301D0020983D002030B587B083
:108960000446FFF7DCFF1A4A1A4BC4F8503202F1F2
:108970006001D4F89C020DF0C7F9204610F0C7FE44
:10898000236820469B6B984700230593D4F8503208
:108990000493B4F86C30039394F98831029394F8FB
:1089A000D931019394F861300093014694F8603016
:1089B000E26D04F515700FF033F9054618B9236818
:1089C00020465B6D9847B5FA85F0400907B030BD89
:1089D000D06C02089A99D93F38B5D0F8284223695B
:1089E0001F2B054607D1012205F5CA701146BDE8C7
:1089F0003840FCF7C7BA23682046D3F8843098473C
:108A000023691842EFD138BD036810B5DB68002137
:108A10009847044620B14FF4B07200211BF0BDF915
:108A2000204610BD704710B5124C94F898396BB9B8
:108A3000012384F898391BF063F86FF0004390FB32
:108A4000F3F3C3EBC373C01AC4F89C09D4F89C3980
:108A50000133C3F30903C4F89C391BF051F86FF0DC
:108A6000004390FBF3F30344D4F89C0940EA8320CD
:108A700010BD00BF983D002008B5036800211B68A9
:108A80009847024B01221A7008BD00BFB41B00209A
:108A90002DE9F84F04460D4600F13806616E0029B5
:108AA00015DDE36DE26C9A1A003B18BF0123C3EB9E
:108AB000A202D4E914301B1A9B1003EBC213206CE2
:108AC000A26C121A03EBA203994240F38480206E39
:108AD00018B1036800211B689847A36D206D043B03
:108AE000984206D040F8045B20652046BDE8F84F68
:108AF000C2E7E16D636DE76C0A1EA1EB070618BFC4
:108B00000122C01AC2EBA602801000EBC210A36CB7
:108B1000226C9B1A00EBA3006FF0604398424FEA6F
:108B2000A60802D1304819F066FCD4E90E030A1AEF
:108B3000A3EBA202012A1CD808F10208B3EB480FEC
:108B400001F104092BD9A3EB08035B0800EB8308B0
:108B500047451DD9424649463846FCF728F9D8F81A
:108B600000306364464403F50073C4F84C80A3648A
:108B7000E6654FF40070E66D1BF09EFA46F8040FB0
:108B8000226D00F500731560E6656065A365ABE7CF
:108B9000321D42444946384613F0DCFEDFE703F15C
:108BA000020A012B2CBF9A440AF1010A504610F028
:108BB00002FAAAEB08084FEA580800EB8808834637
:108BC000424649463846FCF7F2F8A06B1BF07CFAA7
:108BD000C4E90EBAC3E7304610F0E8FC00283FF4C1
:108BE0005DAF11F08BFD59E727930208896E10B530
:108BF000044621B9018081704160204610BD0B6898
:108C00009B699847F9E7F8B50446806E0E4617460B
:108C100010B900252846F8BD0368DB69984705466A
:108C20000028F6D0636B002BF4D0236B002BF1D01F
:108C30003A46314604F13000FFF7E5F90028E9D063
:108C4000134B5E68002300F1100200F128041F4658
:108C500052F8041F8E421FBF00EB830C0133CCF887
:108C60001410DBB208BF1760A242F1D1C3F10602B3
:108C7000062BD2B203F105034FEA82024FF0000146
:108C800088BF002200EB83001BF087F8C2E700BF1B
:108C900064090020806E03681B6A184710B50446FB
:108CA000C9B1942380F89938C32380F89A380B0A05
:108CB00080F89B3880F89C18D0F8880603680A1D55
:108CC0005B6804F699019847D4F888060368BDE804
:108CD0001040DB68184710BDF8B500F11C04026AAB
:108CE0000346204632B984420DD0028A8A420AD80D
:108CF0004069F8BD178AD2E902658F422ABF104643
:108D00002A463246EEE7986804331A4640B9934241
:108D100004D0138A8B4201D8546954B90020E8E783
:108D2000068AD0E902548E422ABF024620462846CF
:108D3000ECE7137EDB0717D5164B1B78002BEDD124
:108D4000FCF76EF9844209D8031B782BE6D8124A47
:108D500010684FF47A7202FB1300CAE7241A782CC9
:108D6000DCD80D4B1868C4E7FCF75AF90128D5D9AF
:108D70008442D3D8094B001B9842CFD84FF47A7362
:108D800003FB00F2B2FBF3F39842C7D1024B186821
:108D9000801AAEE7C81B0020780300208051010034
:108DA00010B50446006819F00EF92060204610BD89
:108DB00070B590F83030CEB00446002B30D0254846
:108DC00012F054FF244811F031FD10B1224811F087
:108DD00080FD06A82049012212F0B9FA0C9800B3D0
:108DE0001E4B029302238DF80C306369102B28BFB1
:108DF0001023062202A906A88DF80D3008F04EFABD
:108E0000E3680193261D1125019B9E420BD106A804
:108E100008F02EF806A808F033F8002384F8303064
:108E200001204EB070BD013D15F0FF05EFD01A8A4C
:108E3000ADF810205A69CDF812201B7E8DF816303F
:108E4000072204A906A808F029FA01A8FFF7A8FF3D
:108E5000DAE700BF0B9402081294020854534854F6
:108E600010B50446006819F0B0F82060204610BD27
:108E7000F7B58C68054616460F1D01235CB90197AE
:108E8000CBB1CB68BB4213D100233C462846C5E991
:108E9000003403B0F0BD238A3788D4E902029F4230
:108EA00038BF012327462ABF002304461446E5E7BE
:108EB00001A8FFF7D5FF019B3288198A9142E3D3BD
:108EC000E4E7F7B58C68054616460F1D01235CB92B
:108ED0000197CBB1CB68BB4213D100233C46284657
:108EE000C5E9003403B0F0BD238A3788D4E9020213
:108EF0009F4238BF012327462ABF00230446144659
:108F0000E5E701A8FFF7ACFF019B3288198A91427F
:108F1000E3D3E4E72DE9FF4700F10409836806463F
:108F20000D464C4613BBA14503D02A88238A9A429A
:108F300056D21C201BF0C0F80023B5F80080A0F822
:108F40001080A14507464361037600F1100A17D14E
:108F500073691BB13269138A434522D352463146A5
:108F600002A8FFF7AEFFDDE9024240E01F8A288831
:108F7000D3E9021287422ABF1C4613460B46D1E7AB
:108F8000238A434510D9F2680194944232D001A853
:108F9000FFF766FF03681B8A4345DFD2019AD36857
:108FA0007BBB91450FD125E026D2326901949442D2
:108FB000F7D001A8FFF7F4FE03681B8A4345CDD91B
:108FC000E36893B92246108A404594BF00200120EF
:108FD0004B46394618F0FBFF7369013373613C4619
:108FE00004F1140004B0BDE8F087019C22461AB1D8
:108FF000002CD6D00120EBE738461BF065F8274659
:10900000EDE72246F6E72DE9F041CEB037490646B6
:10901000002206A812F09BF90C9B6BB100240622DB
:1090200002A906A80294ADF80C4007F0CAFF062872
:1090300008D006A807F024FF002386F830304EB091
:10904000BDE8F081029A2A4B9A42F2D19DF80C3089
:10905000013B012BEDD89DF80D30102BE9D82746A8
:1090600022E09DF80C300497012B23D1062204A99D
:1090700006A8ADF8147007F0A4FF062813D1DDF898
:10908000125085B1BDF81030ADF806300DF1060173
:109090003046FFF73FFF174B0560013D9D428CBFF7
:1090A00000250125057101349DF80D20E3B29A4297
:1090B000D7D8BEE7072204A906A8CDF8137007F099
:1090C00080FF0728EFD1DDF81250002DEBD0BDF85E
:1090D00010309DF81680ADF806300DF106013046CF
:1090E000FFF718FF056080F80480DCE7129402089F
:1090F000545348547F33E1012DE9F04FDFF840919C
:1091000087B0D9F80030009300F11C08036AADF86D
:10911000061005468FB24446FBB9A04502D0238A0B
:10912000BB4256D918201AF0C7FF0023A04505F10D
:10913000180A06460782436100F1100B16D1EB6A4C
:109140001BB1A96A0B8ABB4222D351465A4604A8D6
:10915000FFF78EFEDDE9044166E0188AD3E90221BB
:10916000B8422ABF1C460B461346D5E7238A9F42C6
:1091700011D2696A03948C4259D003A8FFF770FE9C
:1091800003681B8ABB42E0D20399CB68002B55D100
:10919000884510D14BE04CD9A96A03948C42F7D092
:1091A00003A8FFF7FDFD03681B8ABB42CDD9E36826
:1091B000002B37D12146088AB84294BF00200120F5
:1091C00043460A46314618F002FFEB6A0133EB6270
:1091D0003446009B63610020FBF722FF012806460E
:1091E0001DD9184B0DF106011C782846FFF792FE99
:1091F000B4FA84F46A6B066064090123047185F88B
:1092000030302AB1D9F800309B1A0F4A934206D960
:109210002846FFF7CDFD10B1D9F800306B6307B0D9
:10922000BDE8F08F039C214619B1002CB0D001207D
:10923000C6E730461AF048FF2646C9E72146F6E75A
:1092400078030020C81B0020DF9304002DE9F047BD
:1092500001F00F07DFF8689021F00F010646154670
:10926000441802F10F08A64214D13FB36B1E2744E5
:1092700014F8011B13F8012FBC4282EA01021A7094
:10928000F6D10F4B186803682A4629469B6ABDE849
:10929000F04718476B1E711E13F8012F11F8010FCC
:1092A000434582EA00021A70F6D1D9F8000003683B
:1092B0002A469B6A294610369847D4E7BDE8F087CE
:1092C0001810002010B50C461146084A86B0CDE9AA
:1092D00001200020CDE904001A4601A8039409F0FA
:1092E00099F800B1049806B010BD00BF17EB000854
:1092F0002DE9F047B44D95F87C39CCB004460F46C3
:1093000013B300F590684FF40072002140461AF044
:1093100044FD0B23A4F88434AC4B6E4619683046E8
:10932000FFF764FC96E8030004F5916484E8030009
:10933000002385F87C39A64A43464FF4FF7138462E
:109340004CB0BDE8F047BDE7037C013B0A2B77D862
:10935000DFE803F00E0E0E0E0E0E0E060E0E2800A7
:10936000D0F85822D0F848329A4201D1FEF7E9FCF1
:1093700004F590684FF40072002140461AF00DFD8C
:10938000237C013B0A2B00F29080DFE813F093006E
:109390005D009F00D90005013701D601C7022703F0
:1093A00050035403D0F8103133B98A4B1868943005
:1093B00011F0A8F9C4F81001D4F8143133B9854B71
:1093C0001868AC3010F020F9C4F81401D4F8183142
:1093D00033B9804B1868DC3010F005F9C4F8180177
:1093E000D4F81031002BC3D1D4F81431002BBFD1E5
:1093F000D4F81831002BBBD194F888302BB18822D7
:10940000002175481AF0C9FCB2E77349882203A805
:109410001AF06AFD882203A9A0181AF065FD94F8D5
:109420008830002BEBD1D4F88430002BA0D1694BCD
:109430001868043011F0A6F9C4F88400002897D108
:1094400000204CB0BDE8F08703236449A4F88434BD
:1094500028226348634E1BF0EEFA634B1D684C22D2
:10946000AB8BA6F84C30311D04F591604FF001092B
:109470001AF03AFD84F810902B6871681B68284632
:10948000984790F86010054629B9142264301AF004
:1094900084FC85F8609000210220FBF7D5FD0021B7
:1094A000E8670220FBF7D0FD2867B4F88434002B6E
:1094B000C6D040E71123A4F884344C498C2204F52B
:1094C00091601AF011FD03232374EEE7464BD4F8A4
:1094D0006C141B689A8B914223D258684B1CC4F8B9
:1094E0006C34FCF778FE0146D8B103A8FDF736FED0
:1094F000002501234FF4927203A904F58E708DF8B4
:109500002C318DF82A511AF0EFFC0423A4F884348E
:109510004FF4927203A904F591601AF0E5FCC4F8C7
:109520001C51D4F86824324B9A4207D10823237483
:10953000236800211B6A20469847B6E70423C3E747
:109540000D232C49A4F88434122203A81BF073FACB
:1095500018220023CDE90823274B1A799B6F0B9320
:10956000FF238DF8303095F8DA318DF831304FF433
:1095700057530D9301238DF828208DF8323003AD19
:109580000FCD04F591660FC60FCD0FC695E8070005
:10959000052386E8070097E7657C0A23A4F884344E
:1095A000284610F055FF01350146EDB24C2204F576
:1095B00091601AF099FC072D65747FF676AF4FF431
:1095C0008373238271E700BF983D0020341D002083
:1095D000B8500208301D00208C4600202E9402084E
:1095E0008609002064090020141D00203801002095
:1095F0002D0F01001590020880030020637C0522D6
:10960000591EA4F88424092900F28E80DFE801F0B5
:10961000051020404B586A7681860123A849A4F89A
:109620008834602204F592601AF05EFC022379E02F
:10963000A44E0223A4F888340FCE04F592650FC51A
:109640000FCE0FC596E8070085E80700032369E001
:10965000DFF874C203230CF19806A4F888340FCE07
:1096600004F592650FC50FCE0FC596E803009CF870
:109670000430022B85E8030008D00B2B934B18BF56
:109680004FF49673C4F8A43404234BE08F4BF9E7EE
:1096900004238F49A4F88834C42204F592601AF098
:1096A00023FC05233EE08B4EA4F888240FCE04F55E
:1096B00092650FC596E8030085E80300062331E0B4
:1096C000854E0623A4F888340FCE04F592650FC5A5
:1096D0000FCE0FC50FCE0FC596E80F0085E80F001F
:1096E00007231FE07D4A92E803000723A4F888348B
:1096F00004F5926383E80300082313E00823784904
:10970000A4F88834B02204F592601AF0EDFB092326
:1097100008E00923A4F888340A2303E00A23A4F804
:1097200088340B236374C0E60133DBB20B2B637404
:109730007FF6BBAE40F2071343E7637C0922591E54
:10974000A4F884240C2900F2A480DFE801F0070FBC
:109750001C29343E4B5A69728A7C97000123614967
:10976000A4F88834D42204F28C405DE75E4E0223D4
:10977000A4F888340FCE04F28C450FC596E8030098
:1097800085E8030062E7594E0323A4F888340FCE1E
:1097900004F28C450FC596E8070085E8070073E7DB
:1097A000534E0423A4F888340FCE04F28C450FC521
:1097B00033682B6075E74F4A07CA0523A4F888343D
:1097C00004F28C4383E8070078E74B4E0623A4F8A5
:1097D00088340FCE04F28C450FC50FCE0FC5336809
:1097E0002B607DE7454E0723A4F888340FCE04F2A2
:1097F0008C450FC50FCE0FC596E8030085E8030022
:109800007AE70823A4F888343D4BD5F8D1019A882B
:109810009B79C4F88C04A4F8902484F8923476E7F9
:10982000A4F888243749482204F28C401AF05CFBE3
:1098300072E7354A07CA0A23A4F8883404F28C4335
:1098400083E807006DE7314E0C23A4F888340FCE6F
:1098500004F28C450FC50FCE0FC533682B600D2366
:1098600060E70B23A4F88834294BD5F831021B7923
:1098700084F89034C4F88C040C2353E70D23A4F827
:109880008834244B0FCB04F28C4585E80F000E235F
:1098900048E70133DBB2102B63747FF606AED4F8D1
:1098A00068241D4B9A4203D109232374002339E70E
:1098B00008232374236800211B6A20469847F5E794
:1098C00084030020E8030020800300208051010071
:1098D000440400200C050020280500206C05002011
:1098E0007A050020D83D0020B03E0020CC3E00206C
:1098F000EC3E0020043F0020143F00203C3F0020AD
:10990000693F0020723F0020BC3F0020D03F002074
:10991000C93F0020F83F00202C0F01004FF4927245
:10992000002103A81AF039FAD4F81C3104F58E7618
:10993000ABB9D4F84852D4F858329D420FD0D4E98C
:1099400093A94FF4927229463046A9F592791AF0FC
:10995000CBFA4D4525D005F59275C4F848524FF421
:109960009272314603A81AF0BFFA039D5DB34FF41B
:109970009272002130461AF010FA2A465B490DF126
:1099800012001AF0EDFF0423A4F884344FF492720D
:1099900003A904F591601AF0A7FA2046FEF7D1F961
:1099A00083E550461AF090FBD4F854321A1D5B68D8
:1099B000C4F8542203F59272C4F84C32C4F8502211
:1099C000C4F84832CBE704F51070FDF729FA0923F3
:1099D000237439462046FFF78BFC32E5D4F8743403
:1099E000D4F870144248657C5A1AD210424395420A
:1099F00017D0D4F868043F4EB04212D00F239542DE
:109A0000A4F8843403D33C48294618F0F7FCE82234
:109A100005FB021104F5916001351AF065FA6574D1
:109A200043E500228B42627418BFC4F874142046C8
:109A3000FCF7D4FF39E5D4F8102162B192E80300B5
:109A40000B23A4F8843404F5916383E803002046D3
:109A5000FCF7FCFF29E5D4F814616EB10E23A4F8DD
:109A600084344FF4FB72314604F591601AF03CFAED
:109A70002046FCF7FBFF18E594F8883083B10C23EF
:109A800004F188052946A4F88434882204F59160FD
:109A90001AF02AFA8822314628461AF07EF904E59F
:109AA000D4F818516DB11023A4F884344FF4F07237
:109AB000294604F591601AF017FA2046FCF7E6FFF4
:109AC000F3E4D4F88460002E3FF4EFAC0223A4F852
:109AD00084344FF4B072314604F591601AF004FA00
:109AE000304610F069FEC4F88450DEE4219102088B
:109AF00035C2724F2D0F01003D91020870B504462A
:109B000000F69D0631462046FFF7F2FB054601466A
:109B10002046FFF7C3F8002DF4D170BDF8B5044618
:109B20000D46A2B9264BD0F894281B689B1AB3F5B2
:109B3000FA6F2CBFFA25052594F8983813B1204602
:109B4000FFF7DCFF2046FCF738FF2846F8BD8E18EB
:109B50000027D4F8903815F8012BE018591CC4F8E8
:109B6000901880F88C265BB9942A01D0C4F89078BC
:109B7000B542EED1124B1B68C4F894380025DBE7E0
:109B8000012B01D1C32AF0E7022BF1D0B4F88E26C5
:109B9000032B52BA92B20FD1B2F5007FE6DC131D4F
:109BA0009942E5D30023C4F89038236804F5D261C4
:109BB0001B6920469847DBE70029D9D0EFE700BFB3
:109BC0007803002038B50446D0F8880603681B697E
:109BD000984798B10025D4F8880603681B69984710
:109BE00030B1D4F8880603685B69984700281ADA10
:109BF000244B1B68C4F89438002509E0214BD4F8A5
:109C000094281B689B1AB3F5FA6F34BF0525FA2513
:109C100094F8983813B12046FFF770FF2046FCF700
:109C2000CCFE284638BDD4F89038E218C0B2591C92
:109C3000C4F8901882F88C0623B99428CBD0C4F8C5
:109C40009058C8E7012B01D1C328F7E7022BC2D0F7
:109C5000B4F88E26032B52BA92B20FD1B2F5007F20
:109C6000EDDC131D9942B6D30023C4F89038236865
:109C700004F5D2611B6920469847ACE70029AAD0B9
:109C8000EFE700BF780300204B89052B70B5044631
:109C9000154608D18989183123682A4620465B6B0E
:109CA000BDE87040184701F10C03044A04484FF422
:109CB0008071FFF707FB00F11801EDE788500208FB
:109CC000AC1A0020F0B590F8623087B00446B3B10A
:109CD000002380F86230D0F8280203685D6E94F8A3
:109CE00060308DF80C30E36D049394F861308DF89A
:109CF00014300323009306AB13E90E00A847E66F68
:109D00000022E267002E3ED031462046FFF7BCFF1E
:109D10001E4B1F491B68D3F844210244C3F8442159
:109D20000A6802440A603C21D3F83C21B2FBF1F5F9
:109D3000B5FBF1F701FB175503EB8505A96C014451
:109D4000A9640A21B2FBF1F20621B2FBF1F501FB95
:109D5000152203EB82031A6B02441A63D4F83832DB
:109D60000133C4F838323046FBF7D8FD20B9D4F8B7
:109D70003C320133C4F83C320648314607B0BDE8F6
:109D8000F040FDF76AB807B0F0BD00BFAC1B002083
:109D900060060020E81C0020A0F5CA7014F096BCF4
:109DA00038B590F8583004460D461BB9314B93F83E
:109DB000C0312BB930482946FDF74FF8002038BD97
:109DC0000368DB6E98472B68C4F88C306B68C4F866
:109DD0008830D5F81431C4F890302B7A84F8963056
:109DE000D5F85031C4F89830D5F85431C4F89C30C7
:109DF00095F8203195F82121402B84BF402385F828
:109E0000203195F8203103F07F0343EAC21395F81F
:109E1000292143EA022395F82A2143EA4223A4F8A0
:109E20009430AA8905F10E0104F1A0001AF05CF843
:109E3000D4F82802E567AA89036818325D6A04F13C
:109E400088010023A847054650B12046FFF73AFF96
:109E5000236820465B6D9847B5FA85F04009AEE768
:109E600023680649DB6C20469847054B1B68C4F8FD
:109E70008030F1E780030020E81C00201573000803
:109E80007803002091F8213170B505460C4663B186
:109E90004868FBF750FE40B92146144810F043FCD7
:109EA000052201462846FBF715FED5F88C604EB911
:109EB0006068FBF740FE214698B12846BDE8704037
:109EC000FBF741BEB268D4F814319A4207D0A86EAD
:109ED00000222146FFF7D8FE336903443361366818
:109EE000E5E72846BDE87040FBF77EBEE81C002091
:109EF0002DE9F043264B0A685B689A4285B0054617
:109F00000C4627D10846FBF73CFCD4F814910DF120
:109F10000808CDE902090646414605F18400FBF731
:109F200011FC0746B0B194F85C31012B12D12046E8
:109F3000FBF727FCFB68014600201B7A4A46CDE967
:109F4000000010F046FBCDE90269284698E80600BB
:109F5000FBF716FDD5F88C6056B96068FBF7EBFD92
:109F6000214678B1284605B0BDE8F043FBF742BC76
:109F7000A86E01222146FFF787FE3369034433614F
:109F80003668E9E7284605B0BDE8F043FCF72EB88F
:109F90006409002000F5906310B54FF40072044688
:109FA0000021184619F0F9FE0822A4F884240122A1
:109FB00084F8882403464FF4FF7104F69D00044A98
:109FC000FFF780F901462046BDE81040FEF766BE67
:109FD000B85002081FB50C461146064A0294CDE956
:109FE00000200022039268461A4608F009F804B0DF
:109FF00010BD00BF01EB00082DE9F04F8A4B1B7C20
:10A00000032BD3B0044604D06389042B14D1002061
:10A010000FE0864D2168286803681B68984738B1AF
:10A020002868216803681B6898470379002BEBD1E7
:10A03000012053B0BDE8F08FA689B6F5807F00F20D
:10A04000F080277A002F4BD0DFF8E481DFF8E4912D
:10A05000002508F51A6A98F8A03AEFB2BB42E7D992
:10A0600009EB4703B3F90220237A9A4240F0D780E4
:10A07000384610F068FB324604F10E016E4819F0C4
:10A0800033FF6E4B18680368CDE9006AD3F834B02B
:10A09000D4F8142121680023D8474FF4847200219A
:10A0A00010A819F07AFE664A634810AB3146FFF7F4
:10A0B00091FF002800F0B380BDF84030002B00F085
:10A0C000AE80604A92F89610002940F08C8061685A
:10A0D0005268914240F08780012B40F08480A7E7CE
:10A0E000584B60685B689842AED10028ACD0FBF753
:10A0F00022FD0028A8D1DFF834812168D8F80000BB
:10A1000003681B68984700289ED0D8F80000216893
:10A1100003681B689847838F002B95D0D8F8000000
:10A12000616803681B689847838F002B8CD00C2EC6
:10A130008AD9424BD8F80000D3F800A0DAF80030F2
:10A1400025469B6955F80EBB0F93036859461B685B
:10A150009847394B0A96CDE90B53D4F814314FF098
:10A160000009CDE9083900F1440C8646BCE80F002F
:10A170006D460FC59CE8070003C52A80DEE90F2362
:10A180000F9D59465046A84700283FF45DAF4FF455
:10A190008472494610A819F000FE294A264810ABDF
:10A1A000A6F10C01FFF716FF00283FF441AFBDF800
:10A1B0004030002B3FF43CAFD8F800002168012369
:10A1C00084F84E3103681B68984704F5977200F1D4
:10A1D0003E035E3053F8041B42F8041B8342F9D15E
:10A1E0002023A4F82C314FF4847210A904F10C0040
:10A1F00019F07AFE0423638194F810312772002B42
:10A200003FF405AF94F8113194F8FA2003F00203FB
:10A21000134314BF0123002384F8FA30F7E6013515
:10A2200019E7022005E700BF80030020141D00206D
:10A23000983D0020001D0020384700201810002005
:10A24000885002086409002030B54B89042BE9B01E
:10A2500005460C4619D18A89838A9A4215D14FF452
:10A26000D0720021684619F098FDAA69E1896B4611
:10A2700004F11000FFF7AEFE48B16A462B68214694
:10A280009B6A2846984769B030BD0022F6E7012056
:10A29000F9E730B50D46E9B004464FF4D07200211D
:10A2A000684619F07AFDA269E9896B4605F110004C
:10A2B000FFF790FE28B123686A46DB6A29462046EC
:10A2C000984769B030BD10B44C89042C05D18C89F5
:10A2D000838A9C4201D110BCDBE710BC704730B5CB
:10A2E0004B89042B95B005460C4618D18A89838A80
:10A2F0009A4214D150220021684619F04EFDAA69F5
:10A30000E1896B4604F11000FFF764FE48B16A462C
:10A310002B6821469B6A2846984715B030BD00221D
:10A32000F6E70120F9E730B54B89042B95B00546D7
:10A330000C4616D18A89838A9A4212D15022002172
:10A34000684619F02AFDAA69E1896B4604F11000FC
:10A35000FFF740FE28B12B686A46DB6A2146284693
:10A36000984715B030BD30B54B89042BABB00546CE
:10A370000C4618D18A89838A9A4214D1A8220021D6
:10A38000684619F00AFDAA69E1896B4604F11000DC
:10A39000FFF720FE48B16A462B6821469B6A284693
:10A3A00098472BB030BD0022F6E70120F9E730B521
:10A3B0004B89042BABB005460C4616D18A89838A9B
:10A3C0009A4212D1A8220021684619F0E6FCAA6937
:10A3D000E1896B4604F11000FFF7FCFD28B12B6802
:10A3E0006A46DB6A2146284698472BB030BD2DE9E6
:10A3F000F84316460D46814613F08AFD06EB4608E3
:10A400008044044608F1020019F056FE22464946EF
:10A4100007461AF010FBDFF830903C442E4415F844
:10A42000013B20464A4604211AF0F6F9B54204F1F0
:10A430000304F4D107EB0800044919F04DFD384638
:10A44000BDE8F84319F040BE3E940208409D020862
:10A45000F8B5836B04460D4643B1154A963312682E
:10A460004FF47A71B2FBF1F29A4210D904F12C0642
:10A4700004F1340719F082FB06F8010FB742F9D155
:10A480000B4B4FF47A721B68B3FBF2F3A363D4F85F
:10A490002D30C5F89231D4F83130C5F89631082204
:10A4A000A5F8902105F5C9710248BDE8F8409EE77E
:10A4B00078030020449402080EB483B003AB53F831
:10A4C000042B019303EB820253F8041B814205D055
:10A4D0009A42F9D1002003B003B070470120FAE797
:10A4E0002DE9F047DFF85482A4B0044609200D4658
:10A4F000164610F0ABF9D8F80030C4F8803604F5F1
:10A500001B734FF4FE720021184619F046FC8C4A6A
:10A51000034631462846FFF75DFD0546002800F05A
:10A52000B180B4F86C32013B062B00F2AB80DFE85F
:10A5300013F00700A900170164016901A900760161
:10A54000D4F8846304F51C7966B104F12C0200236D
:10A5500052F8041F8E4200F0958000295BD10C3325
:10A5600044F82360B4F87C32764E462B5FD0B4F8C2
:10A570007C72462F09D1D4F87402FBF7DCFA20B1C3
:10A5800094F89033002B40F082800B234322CDE9D6
:10A5900000323846082303220421FFF78DFF04F51B
:10A5A0001F7A04F11407002875D1B4F87C32012B0E
:10A5B00040F0868051463846FCF7F3FC0368002BD8
:10A5C0007ED051463846FCF7ECFCD8F800300268E3
:10A5D0009B1AB3F5FA6F73D25B4B21A81968FEF78B
:10A5E00005FBD4F884333068002221A911F02EFF36
:10A5F000564B1868002845D000230268CDE9013386
:10A6000094F878320093156BD4F88433D4F8702220
:10A610002621A84736E00133142B99D14C2204F1AE
:10A62000340104F1300019F09EFBE6679AE704F567
:10A630001F7A04F1140751463846FCF7B2FC036850
:10A64000002B94D051463846FCF7ABFCD8F80030CC
:10A6500002689B1A47F22F52934288D823685D699B
:10A660003B4BD4F884231E212046A847364B21A813
:10A670001968FEF7BBFAD4F884333068002221A9A8
:10A6800011F0E4FE0025284624B0BDE8F0872368D9
:10A690005D69304BE5E751463846FCF782FC0368BC
:10A6A000002B82D051463846FCF77BFCD8F80030AE
:10A6B00002689B1A42F20F7293423FF676AFD5E7DB
:10A6C000B4F87C32462B07D1D4F87402FBF733FA86
:10A6D00010B9012384F8913351463846D8F80080E8
:10A6E000FCF75FFC0023C0F80080C4F87032C4F8A7
:10A6F000C033D4F874323668013307D0D4F8C43389
:10A7000023B9154B1B6E0BB1C4F8C433D4F8843392
:10A710001BB9FEF788F9C4F8840300210220FAF778
:10A7200093FC4946C4F888030C480FF0FCFF002353
:10A73000014602223046FBF7D1FFA4E77803002050
:10A74000446D0208301D0020341D0020383D0020DB
:10A75000569402088894020880030020E81C002018
:10A76000D4F87032C4F86834237C7BB923680121A3
:10A770009B69204698472C4B1968204601F5847147
:10A78000FCF798FB29492046FCF794FB23682046F8
:10A790005B6A9847D4F86834254A2649934214BF27
:10A7A0000223032323740A221EA8FBF7E1FF1E994C
:10A7B000D4F87024C4F870141F99C4F87414209944
:10A7C000D4F87834C4F87814002521A82393219272
:10A7D0001E95209512F0E0F81EA812F0DDF84FF457
:10A7E0009272294604F58E7019F0D7FA04F51070AC
:10A7F000FCF716FBC4F86C5444E723682046DB687A
:10A8000098473FE704F520717822684604F51C74E8
:10A8100019F06AFB94E80F0012F022F932E7064BB8
:10A82000012283F87C292DE7301D0020D44400202C
:10A830002D0F0100C1940208983D00202DE9F04F32
:10A84000DFF8D4914B681546D9F80420934285B0BF
:10A8500007460C4640F0CD80DFF8C081D8F8082DBF
:10A86000002A4ED191F82161002E00F09E804B8984
:10A87000042B5DD10846FBF751F80646C8B9A089FC
:10A88000072301220221FFF717FE90B12046FAF7B5
:10A8900078FF237A0393824620460FF00BFF0122B4
:10A8A000D4F814B10192039B00905A4651463046A9
:10A8B00025E0D4F804317BB9D4F8086166B92046A4
:10A8C000FAF75FFF237AD4F814B103938246204647
:10A8D0000FF0F0FE0196E6E74FF0FF312046FBF760
:10A8E00073FB10B1D4F850315BB12046FAF749FF41
:10A8F00001460020CDE90000237AD4F814210FF09E
:10A9000068FE6389042B62D17DB12B79232B0CD196
:10A91000B9F89830202B08D101230093237A2168BD
:10A92000D8F80C0D002205F0E3FCD4F8046152E0E5
:10A930008B68DFF8ECA023F47F43B3F5A02F21D17F
:10A94000384E0968306803681B68984790B92046FC
:10A95000FAF717FF064620460FF0ACFED4F814B104
:10A960009AF800A00023CDE900035A465346314629
:10A970002320C4E73068216803681B689847838FE9
:10A98000002BE4D02046FAF7FCFE064620460FF0E6
:10A9900091FED4F814B19AF800A00023CDE9000389
:10A9A0005A46534631460620A9E7D1F850219A422B
:10A9B000A7D191F82031002BA3D00846FAF7E1FE89
:10A9C000CDE900660146237AD4F814216FE7D4F864
:10A9D0000461002DA9D166B12046FAF79FFF18B196
:10A9E00094F85C31052B04D0616832463846FBF799
:10A9F00069F86068FBF79FF82A46214628B1384677
:10AA000005B0BDE8F04FFBF7CBB8384605B0BDE860
:10AA1000F04FFBF769BB00BF64090020983D0020A0
:10AA2000001D0020141D002013B5044698B1406895
:10AA3000FBF781F868B16389042B0CD194F8FA30E4
:10AA40004BB9472300930322A08943231146FFF704
:10AA500033FD02B010BD0020FBE72DE9F04FDFF819
:10AA60009C92D1F804B0D9F804309B4591B00546CA
:10AA70000C4604D108460FF041FE202059E0A04FBB
:10AA800097F8C431002B5FD19E4B9F491B68D3F8C8
:10AA90000CA0504613F0A0F9002855D09B4B1E681F
:10AAA0003046FAF715FA80460146504613F094F9FD
:10AAB000002849D0DFF8589206F59C773B2657F8D6
:10AAC000040D13F05BFB494613F064FC014640465D
:10AAD00013F0A2FA80460146504613F09BF958B392
:10AAE000C6F13B06F6B28B48FAF7F0FB0123037080
:10AAF000D4F8143143601E2307460373002102205B
:10AB0000FAF7A2FA8449B860324607F10D0019F04D
:10AB100027FF824B1868036839465B6898472046D0
:10AB2000FAF7FCFE60B1224609212846FCF741FDF8
:10AB3000092011B0BDE8F08F013EC0D23C26D2E71B
:10AB400020460FF0DBFDF3E75846FAF7F4FF10B1AB
:10AB5000002384F821312046FAF7E0FEA0B1204618
:10AB6000FFF762FF80B1D7F8D02112F0FF0302D1C6
:10AB7000002A08BF032394F82021402B28BF40233C
:10AB80009A4288BF84F820312046FAF7FAFD206007
:10AB90002046FAF7C3FE18B194F8203184F82A3120
:10ABA00063891A1F012A3FF668AF94F82221002A10
:10ABB00040F0948094F82121002A0CBF40224622C4
:10ABC000042B84F8222140F08C80A389052B73D1BB
:10ABD000782384F82231237A51480F9321460FF0CD
:10ABE000A2FD63890E90042B40F0EE802046FAF718
:10ABF00095FE68B1012384F8103197F8E52194F8A7
:10AC00001131134394F8FA2043EA420384F81131D6
:10AC100004F10C03434A44484FF48071FEF752FBA1
:10AC200000F11803FF2B06463AD8404B61681868BC
:10AC300094F808A003681B68984783462046FAF7F3
:10AC40006DFE94F84E81002853D099F89630002B71
:10AC50004FD1B8F1000F10D150460FF0BFFF34496B
:10AC6000814619F09DFE002800F0B2803149484627
:10AC700019F096FE002800F0AB80B7F81C32202BAC
:10AC800037D167683846FAF756FF90BBA389462B41
:10AC90002FD0033B022B2CD906F12403FF2B4BD9D9
:10ACA00007260E980FF02AFD002323722246314614
:10ACB0002846FCF77EFCC4E0012B01D0062B01D115
:10ACC000642386E7D4F804310BB1502381E794F86C
:10ACD000FA30002B3FF47FAF46237AE7042B3FF492
:10ACE0007AAFA86E03685B69214611B0BDE8F04FEA
:10ACF0001847B8F1000F6BD02226D2E76409002074
:10AD000080030020B01B00200000C842AC1B0020C4
:10AD100000A00C4720110020C3940208301D002021
:10AD2000E81C00208850020838470020141D00202D
:10AD3000FC94020803950208BBF1000F68D0BBF831
:10AD40003C30202B64D1B8F1000F09D004F22D1350
:10AD500004F24D1213F8011F002978D19342F9D162
:10AD6000404BD3F80090D9F8003020465B690F9330
:10AD7000FAF707FD04F10E030C933B4BCDE90A6390
:10AD8000D4F814314FF00008CDE908380BF1400E2B
:10AD90008246BEE80F00EC46ACE80F009EE80F00CC
:10ADA000ACE80700ACF80030DBF83C3039465246DE
:10ADB0000F9F4846B84701230C3684F8088084F872
:10ADC0004E310523A68163810E980FF097FC88E72A
:10ADD00050460FF0B8FC0028207234DB214B224F84
:10ADE000D3F80080D8F800302046D3F83090FAF736
:10ADF000C8FCCDE900670146D4F814214046002381
:10AE0000C8473246394604F10E0019F06DF8D8E70C
:10AE1000AE6FD6B90E9BC5E91E37144B1B68C5F83B
:10AE20008030204626720FF069FC11480096D0F859
:10AE30000C0D0F9BE96F012205F05AFA2846FDF729
:10AE40001BFE304675E606262BE7272629E720223B
:10AE50000BF13E0104F5977018F075FF00283FF4E0
:10AE60007FAF49E718100020384700207803002002
:10AE7000983D00202DE9F04F91B00C460546002189
:10AE800002200E92FAF7E0F82146C4F81801A24811
:10AE90000FF049FC68672046FFF7AEF802280DD195
:10AEA000D4F8142121682846FDF7ADFE686F0FF035
:10AEB00025FC00236B6711B0BDE8F08F6389002883
:10AEC0004AD1042B48D1A389944E472B14D1944BDB
:10AED00093F8222212B193F824326BB9D4F81421DA
:10AEE00021682846FDF78FFE337C052BDED1638970
:10AEF000042BDBD1012703E0337C052B2CD1002769
:10AF000046232322CDE9093241210823CDE9073127
:10AF10000C200B23CDE9053006264323CDE903366B
:10AF20004FF0050C0423CDE9013C03230093A089D5
:10AF3000072301220D21FFF7BFFA064650B9D4F8C6
:10AF4000142121682846FDF75EFE686F0FF0D6FBDE
:10AF50006E67B0E7002FA9D1714E6768B4F80A9008
:10AF60000023C6F8083D6F4B38465B680C93FAF730
:10AF7000E2FD804628B90C9BDB1BD3F1000848EBAF
:10AF80000308D6F8103DD3F800A00027D6F8103DEE
:10AF90005B6853457CD0B9F1040F5AF804BBC6F87E
:10AFA000144D02D09BF80A20CAB19BF8082012B9B0
:10AFB000B8F1000F13D0DBF800202146D2685846C4
:10AFC000904760B10E9B13B99BF809203AB1B9F1D3
:10AFD000040FDBF80C1006D019B322680AB3002363
:10AFE000C6F8143DD2E70D91D9B12268CAB1207AD2
:10AFF0000FF02EFA20B10D992A3019F0D1FC80B152
:10B0000094F8FA20002AEAD06068FAF794FD002844
:10B01000E5D1224621215846FAF75FFCC6F8080D13
:10B02000DDE7DBF800202146126958469047DBF83F
:10B0300000200D905269214658469047B9F1040FFF
:10B040001AD194F8FA20BAB1364A6168526891422E
:10B0500012D1D6F8082D7AB9DBF80020584692694B
:10B0600090470F9028B12146FAF718FC0F9AC6F8BE
:10B07000082D0FB99BF80B70DBF8101029B126488A
:10B08000FBF7EBFE0023CBF810300D9B012BA6D174
:10B09000B9F1040F07D194F8FA3023B1214B62685B
:10B0A0005B689A422AD0686F0FF028FBAB6F0026CE
:10B0B0006E67002B3FF4FFAEEB6F216899427FF47F
:10B0C000FAAE6389042B7FF4F6AEA389042B7FF4D8
:10B0D000F2AE154B186803681B68984700283FF4C8
:10B0E000EAAE838F202B7FF4E6AEA96F01222846BB
:10B0F000C5E91E6611B0BDE8F04F97E0D6F8081D0F
:10B10000B1B10A4800231A460068FBF7E7FA0023AA
:10B11000C6F8083DC7E700BFE81C002080030020F8
:10B12000983D002064090020141D0020301D0020DF
:10B1300023680C9A9A42B6D0002FB4D10D4BD3F8A5
:10B140000080D8F800302046D3F83090FAF719FB89
:10B15000064620460FF0AEFAD4F814A194F808B0D1
:10B16000CDF800B0CDE901075346324608214046EC
:10B17000C84798E7383D0020F8B5284E284F0546C7
:10B1800005F138000EF012FA044698B9AA6F72B1B0
:10B19000244B1868D5F8803047F22F51C61A8E42DA
:10B1A00037D9C5E91E4427212846FCF702FA6FF07B
:10B1B0000040F8BD2168B6F8D4C11B4A002398B2FC
:10B1C00084451CD8386803681B68984710B190F80C
:10B1D000B130D3B92368013317D096F8E43113B1F5
:10B1E00094F829318BB92B682146DB6A28469847A9
:10B1F00058B9012221462846FFF73CFE05E052F8E7
:10B20000040F814203F10103D9D120460FF076FAF1
:10B21000B6E7C0F5EA4030301844CAE780030020A2
:10B22000141D002078030020540500202DE9F04172
:10B230001646284A4B685268934205460C4605D18B
:10B2400003681B6A98470020BDE8F081826E2AB926
:10B250000A460421FCF7ADF92120F5E71846FAF774
:10B260006AFC20B1324621462846FFF703FE237AC6
:10B270008BB994F84E3173B967683846FAF75BFCBE
:10B2800048B9154B1868036839461B68984710B1D0
:10B2900090F8AC302372022E14D194F821318BB186
:10B2A00094F8203173B90D4BD3F8BC3113F0FF0281
:10B2B00002BFB3FA83F35B099A01402A28BF4022F8
:10B2C00084F820212B68214628465B6ABDE8F041BE
:10B2D000184700BF64090020141D002080030020CF
:10B2E00010B504460FF08AF9A38A838110BD70B5AA
:10B2F0000E460546FFF7F4FFAA6904463346E921E6
:10B300001030FDF7DFFFE081204670BDF8B506463E
:10B3100028200C4618F0D0FE2346144A144905464E
:10B3200019F01EFB3046FFF7DBFF0027044680F8CC
:10B330002171284612F0ECFD294682B2E08104F129
:10B34000100018F0D1FD0B4B1B68B36438460FF0AA
:10B3500009FD034628B90246074821460068FBF765
:10B36000BDF92846BDE8F84018F0AEBEDD3F00202C
:10B370000895020878030020301D0020A0F1180075
:10B3800013F0B4BA70B50E460546FFF7A9FFAA69D7
:10B3900004463346E9211030FDF794FFE081204652
:10B3A00070BD2DE9F0411546BCB004460E46FCF7D1
:10B3B0002CF92B88432B40F03A813768002F40F05E
:10B3C00036812B7A002B39D194F834301BB101200F
:10B3D0003CB0BDE8F0812046EF68FCF716F994F820
:10B3E0003460002EF3D118F0C9FB4FEAE07805462F
:10B3F000C4E908083046F9F713FE5022C4E90A07E9
:10B400008C491EA818F070FD1EA92046CDE91E58D3
:10B41000FFF7B8FF0125642380F822310146476019
:10B42000067280F84E5180F8FA5083482B46006827
:10B430003246FBF753F984F83450C8E7012B40F04B
:10B44000D8802B7E002BC2D094F83430022BBED192
:10B45000D5E90402D4E908139A4208BF8842B6D15C
:10B46000EB69764EDFF8D88100931EA8754B1E93CA
:10B4700008F060FF3568D8F804301C22394603A86C
:10B48000CDE9013718F089FC2B68E16A1B68284672
:10B490009847054620B1037913B1838F202B06D03E
:10B4A000002384F834301EA80DF00EF98FE71EA893
:10B4B00008F040FF04F12007042269461EA809F0A5
:10B4C00068FA394608221EA809F063FA04220DEB37
:10B4D00002011EA809F05DFA042204F12C011EA845
:10B4E00009F057FAB8F8982057491EA809F051FA00
:10B4F000AA8F05F13E011EA804F1350509F049FAAD
:10B50000202229461EA809F076FA1EA808F012FF8C
:10B51000394608221EA809F03CFA202229461EA816
:10B5200009F037FA04F15507202202A91EA809F0F4
:10B5300062FA2022394602A818F005FC0028B2D190
:10B54000009B236350223B490AA818F0CDFCD4E9A4
:10B550000823CDE90A232023ADF830300DF1320362
:10B5600055F8042B43F8042BBD42F9D10AA9204613
:10B57000FFF708FFDFF8C080E36A4360012700227D
:10B5800064230146027280F84E7180F8FA7080F8E8
:10B590002231D8F800003B46FBF7A0F8032384F8DB
:10B5A00034302A48F9F792FE1E230546037304F14E
:10B5B000750227490D3019F0D3F90D23A5F89E31F6
:10B5C000D4E90823C5E968233068E16A03681B6889
:10B5D0009847282200F10C0105F5D47019F02BFAD8
:10B5E000D8F8000085F8D071036829465B68984751
:10B5F00059E7022B18D1D5E90402D4E908139A427D
:10B6000008BF88427FF4E3AE0C4BE16A1868036818
:10B610001B689847D0F8B83043F00103C0F8B83041
:10B620002046FBF7DEFBD2E6032BF9D0CFE6002065
:10B63000CEE600BF786D0208301D0020141D0020EA
:10B6400064090020D44E0208FE09002020110020C9
:10B65000219502082DE9F0416B4D6C4BADF5207D35
:10B6600004462AA82A9308F065FE6B6801932046D9
:10B67000FBF7CBFF94F83470002F40F0C180DFF867
:10B680009081D8F8141D91F84E31002B00F0BA804B
:10B69000052384F834304FF4B07248A818F024FC25
:10B6A000BDF82E115B4A16AB4CA8FEF793FCDDE902
:10B6B0001623C4E90823CDE90223489BE3623846F8
:10B6C000F9F7AEFCA06254480DF0CEFB26460130DF
:10B6D00046F8300F2AA808F02DFE3146042204F166
:10B6E00020062AA809F055F9314608222AA809F0AF
:10B6F00050F9042204F12C012AA809F04AF9042285
:10B700000DEB02012AA809F044F9D8F8141D2AA863
:10B71000B1F82C2101F5977109F03BF9B5F89820A3
:10B7200005F19A012AA804F1350509F032F92946F4
:10B7300020222AA809F05FF92AA808F0FBFD31466B
:10B7400008222AA809F025F9294620222AA809F06A
:10B7500020F904F15503194620222AA81D4609F0B4
:10B760004AF92023ADF83230ADF810702B4604F1C1
:10B7700075060DAD186859682A4603C20833B342EE
:10B780001546F7D102A92046FFF7FCFD012380F8FA
:10B790004E3105462148F9F799FD1E230373216BAD
:10B7A0004FF47A730646B1FBF3F20D3003FB12132C
:10B7B0001B4919F0D5F80B23A6F89E31D4E90823CC
:10B7C000C6E96823174BE16A186803681B68984745
:10B7D000282200F10C0106F5D47019F02CF9236B26
:10B7E000C6F8D031104B1868036831465B6898473B
:10B7F0002AA80CF069FF28460DF5207DBDE8F081F0
:10B800000025F5E71D46F3E764090020D44E020841
:10B81000983D0020C86D02083E420F002011002014
:10B820005C950208141D0020301D00200C4B70B5E3
:10B8300093F8A06A0025ECB2A64201D8002070BDA2
:10B8400020460EF005FE90F83E3033B1036C23B174
:10B850002046BDE870400FF085BA0135EBE700BF28
:10B86000983D002038B50FF09FFA554C554D90B3D8
:10B870002879D4F87C11D4F88831D4F880210228B2
:10B8800075D00B2856D031B1B1F5E16F38BF4FF408
:10B89000E161C4F87C1122B1B2F5E16F38BF4FF419
:10B8A000E162C4F88021D4F8902123B1B3F5E16FAF
:10B8B00038BF4FF4E163C4F88831D4F89831002AD6
:10B8C0006ED1C4F890214FF4E16213B1934238BFB6
:10B8D0001346C4F89831FFF7A9FFC0B12A79AB6EBF
:10B8E000022A69D00B2A4AF6C00218BF4FF46162DF
:10B8F00013B1934238BF1346AB66D5F8883023B1F5
:10B90000B3F5967F38BF4FF49673C5F888306B69EE
:10B9100023B1B3F5616F38BF4FF461636B61D4F845
:10B92000283223B1B3F5615F38BF4FF46153C4F8D7
:10B93000283238BD4AF6C00091B952BBD4F89021E4
:10B9400023B14AF6C0018B4238BF0B46C4F8883198
:10B95000D4F8983152BBC4F890214AF6C002B4E73B
:10B9600081422CBFC4F87C11C4F87C01E5E739B1F1
:10B970004AF6C00081422CBFC4F87C11C4F87C0197
:10B9800022B14AF6C0018A4238BF0A46C4F8802173
:10B99000D4E782422CBFC4F88021C4F88001CDE7EF
:10B9A000B2F5E16F38BF4FF4E1628AE74AF6C001B1
:10B9B0008A4238BF0A46CEE74AF6C00298E700BF7F
:10B9C000983D0020800300202DE9F0470B88DFF828
:10B9D000D892013B99F8048099F8B8A1C8B00646FE
:10B9E0000C4617460A2B00F21E81DFE813F00B000D
:10B9F000F7001E016F0178019E01500259021C01DF
:10BA00001C01B202D9F80820CB6801259A4289F8B6
:10BA100000500DD1D9F80C200B699A4208D10B7A4D
:10BA2000434505D199F810500B7DED1A18BF01253B
:10BA30009E48602204F1080118F056FA99F8103077
:10BA4000042B0AD199F80430022B06D1002398491F
:10BA500089F810303046FCF7ECF8237A434500F0C3
:10BA6000BA80023B092B2AD8DFE803F005292976A2
:10BA700044699F618C3F0EF0B7FC8E4B0022C3F8E7
:10BA80008021C3F88821C3F89021C3F89821C3F816
:10BA90002822C3F8642299F80420022A22D00B2A13
:10BAA0004AF6C00218BF4FF46162C3F87C21052337
:10BAB00089F81030804B40F20112A3F8BA204FF001
:10BAC000150AD9F81430B3F5616F03D24FF46163EE
:10BAD000C9F814302A465146304648B0BDE8F04710
:10BAE000FCF742B84AF6C002DFE7724B734AC3F86C
:10BAF0007C21DFE7704B40F20112A3F8BA2099F8DD
:10BB00000430022B10D00B2B4AF6C00318BF4FF4A1
:10BB10006163684AC2F87C31012382F884314FF4B2
:10BB20009673C2F88031CAE74AF6C003F1E70023F2
:10BB300089F86C304FF49673C9F86830BFE75F4BF3
:10BB4000C9F81430002289F86C20C9F8683040F236
:10BB50000932C9F878200EE0574B40F20112A3F8E1
:10BB6000BA2099F80430022B09D00B2B4AF6C003F7
:10BB700018BF4FF461634F4AC2F87C319FE74AF621
:10BB8000C003F8E74C4B40F20112A3F8BA2001229F
:10BB900089F86C20B422494BC9F8682014200F2280
:10BBA000C9E92102C9F81430D1E70022022389F83B
:10BBB0006C20404A89F810306FF00043C2E95F33CF
:10BBC000C9F81430C9F86830C2F82832C2F8883190
:10BBD000C2F8983173E74FF0010A72E7012389F840
:10BBE000643099F89030012B11D191F83030012B4D
:10BBF0000DD099F86D3053B94D7B45B9304B18686D
:10BC0000FAF71EF92A4611213046FBF7ADFF08343A
:10BC10000FCC2C4D0FC50FCC0FC594E8070085E85D
:10BC20000700FFF71FFE01253BE0012589F894502E
:10BC300099F8B42091F824309A421ED199F89820AE
:10BC40000B7A9A4219D1D9F8AC20CB699A4214D117
:10BC5000D9F8B0200B6A9A420FD1D9F89C20CB6852
:10BC60009A420AD1D9F8A8208B699A4205D1D9F80D
:10BC7000A4504B69ED1A18BF012504F1080CBCE86B
:10BC80000F00114F0FC7BCE80F000FC79CE803005F
:10BC900087E80300E368013B1C2B02D81E23C9F888
:10BCA0009C304FF0010A15E7800300208403002038
:10BCB00091950208983D0020640900208051010000
:10BCC000141D0020E8030020180400200123C422D2
:10BCD0000831A34889F8C03018F006F9A3E701231A
:10BCE00089F88831D9F88C11A26899F89C31914271
:10BCF00009D1D9F898516269554015F0FF2502D154
:10BD0000227E9A4208D0032B05D0237E032B04BF4A
:10BD1000002389F8EC31012508340FCC914F0FC76F
:10BD200094E8030087E80300BBE7DFF83CC2BCE807
:10BD30000F0010AD0FC5BCE80F000FC5BCE80F0029
:10BD40000FC59CE80F00083485E80F0099F8A98119
:10BD50000FCC6D460FC50FCC0FC50FCC0FC594E8A7
:10BD60000F0085E80F00012389F8A4319DF8083001
:10BD7000019A043B042B84BF05238DF80830D31FA0
:10BD8000DBB2052B01D8FF2A01D90B230193774C95
:10BD90009DF8105023681B78AB4224D0744B00E010
:10BDA0001C331A780AB19542FAD15A69527B002A9B
:10BDB00031D0704A92F89620002A2CD19B696E4AA5
:10BDC000A02120A818F028FD20A8FBF7A5F910ADA8
:10BDD0000FCD6C460FC40FCD0FC40FCD0FC495E827
:10BDE0000F0084E80F004FF0010A6846FCF71EFCC4
:10BDF00018B9002F46D08DF801806C460FCC5A4DF3
:10BE00000FC50FCC0FC50FCC0FC594E80F0085E808
:10BE10000F0000255EE66846FCF708FC0028D6D037
:10BE2000BAF1000F1DD055B389F8B851FCF714FAD8
:10BE300025685249E86811F0CFFF10B101238DF851
:10BE40003C304F4C4F490322204617F0AEFF28B933
:10BE5000AB694C4A4C49204618F082FD4FF0030A6A
:10BE6000C3E7002DE0D0494B186820B10368484A69
:10BE70001B694849984701238DF81830D4E78DF89D
:10BE80001850D1E701216846FCF7FAF9B5E701231C
:10BE900089F8E831D1E902013F4B83E80300C2E6AB
:10BEA000344F3C48394DB022083118F01DF897F84E
:10BEB000963028686BB9BAF1000F0AD0B9F81C8225
:10BEC0000368B8F1200F3AD0344A9B68A2F12201EE
:10BED0009847B9F8FA2132493248A7F8982018F063
:10BEE00003F82A682D4B793203F1200153F8040B33
:10BEF00042F8040B8B42F9D199F8A63293B1B9F804
:10BF00004032202B0ED0B9F86232202B0AD0B9F87B
:10BF10008432202B06D00023234989F8A6323046EC
:10BF2000FBF787FE99F8A82294F8B6309A427FF47E
:10BF30007AAE99F8A75294F8B5305D40B1E6174A49
:10BF4000DB68A2F1220198470028C2D0A9F8FA8143
:10BF5000BFE74FF0010A154D89F8AAA2083450E74F
:10BF6000440400200C05002028050020B01B002000
:10BF7000DC69020864090020C99502080000C84273
:10BF80007C3E0020EA950208EE9502081810002079
:10BF9000B60900207A0500206C0500209E050020CF
:10BFA0007C050020FE090020F49502082C060020E4
:10BFB0002DE9F04F4B89042BADF66C1D05460E465E
:10BFC000144616D10846F9F7A9FC0746307A0EF058
:10BFD0003FFA804620460DF0CDFAD6F800900028B2
:10BFE00040F0CA80B9F1000F09D1874B93F8A6320F
:10BFF000ABB1002738460DF66C1DBDE8F08F8349C4
:10C0000008F12A0018F0CCFC00287FD17E4B93F871
:10C01000A932002B73D02388012B40F0B5802388F0
:10C0200087F00107013BFFB2652B01F29681DFE843
:10C0300013F0DB029409FD0094095F0194090402E6
:10C040004F069409940994093505940994099409B3
:10C050001C069409AF04940994091D0188089409E9
:10C06000A508F90849094F09940994099409940904
:10C07000F8029B048D03A80394099409B406A3074E
:10C08000B107F50728083108F70494090706C00727
:10C09000D807E50794099409940994099409940927
:10C0A00094099409940994099409940994099409A8
:10C0B000110616060D079409540994099409940968
:10C0C0009409940994099409940994099409940988
:10C0D0009409940994099409940994099409940978
:10C0E000940994099409940994099409860594097A
:10C0F0009409120526057B059F0594092105324602
:10C1000021212846F9F7E9FB286172E796F84E31BC
:10C11000002BF4D0DFF8F080B8F84022202A06D1B6
:10C1200008F2422106F5977017F00DFE98B1B8F8A5
:10C130006222202A05D1364906F5977017F003FED2
:10C1400048B1B8F88422202A1BD1324906F59770ED
:10C1500017F0F9FDA8B9304B1868036849461B6809
:10C16000984748B190F8B03033B998F804300C2BA8
:10C1700002D0012380F8B0303368002B7FF44BAF3E
:10C180004DE732462521BCE70C2B06D8022B0ED9F1
:10C19000033B9BB240F2952204E00E3B9BB21E2B68
:10C1A00005D81E4A22FA03F3D8073FF538AF2046D8
:10C1B0000DF0E0F900287FF432AF04F5C978184893
:10C1C0000822414605F12D09FEF711F908224946DA
:10C1D0001448FEF70CF9AA6B134B02F596721B6814
:10C1E0004FF47A71B3FBF1F39A420AD9B4F8902173
:10C1F000082A06D14946404617F0A5FD00283FF41D
:10C200000EAF324624217CE7800300203A960208D4
:10C21000E405002006060020141D00202500004033
:10C2200040960208579602087803002096F8FA30E4
:10C23000E3B14FF4D072002138A817F0AEFDB34936
:10C240006A223AA817F050FE042338A92846ADF810
:10C25000E030FEF7FDF838A92846FFF748F896F8D1
:10C260004E31286113B1012380F84E3100270DF1C2
:10C27000180900210DF1E008AA46C9F800104FF492
:10C28000D072404617F089FDCDE91D485AF8204F7D
:10C29000CDF87C90544507D0A06803681DA99B6821
:10C2A0009847002801F08E80D9F80030022B08D181
:10C2B00041462846FEF7CCF841462846FFF717F8D6
:10C2C000286196F8FA3033B1296921B932462846F7
:10C2D000F9F703FB286196F84E31002B3FF48AAE44
:10C2E0002B69002B3FF486AE012283F84E2181E6B4
:10C2F0004FF4D072002138A8277A17F04EFD96F837
:10C30000FA30002BB2D00A2F20D8DFE807F0060F52
:10C310002132484F636D7377790001237C49ADF872
:10C32000E83060223CA817F0DFFD0FE0DFF8E4C141
:10C330000223ADF8E830BCE80F003CAF0FC7BCE803
:10C340000F000FC79CE8070087E8070006237CE77B
:10C35000DFF8C4C10323ADF8E830BCE80F003CAF00
:10C360000FC7BCE80F000FC79CE8030087E8030075
:10C37000ECE76A490423C4223CA8ADF8E83017F082
:10C38000B3FD67490DF5897011F068FD0028DDD116
:10C39000644941220DF5897018F04DFBD6E705235D
:10C3A000DFF884C1ADF8E8303CAFDAE7DFF87CC1F4
:10C3B0000623ADF8E830BCE80F003CAF0FC7BCE87F
:10C3C0000F000FC7BCE80F000FC79CE80F0087E8FD
:10C3D0000F00BBE7564A92E803000723ADF8E830A8
:10C3E0003CAB83E80300B1E708235249ADF8E830DD
:10C3F000B02297E70923ADF8E830A7E70A23FAE768
:10C40000DFF834C10B23ADF8E830BCE80F003CAFD7
:10C410000FC7BCE80F000FC79CE80F0087E80F00AC
:10C4200096F84E71002F91D1202239460DF1F2007D
:10C4300017F0B3FCADF8F07088E74FF4D07200212C
:10C4400038A8277A17F0A9FC96F8FA30002B3FF4A9
:10C450000DAF0E2F3AD8DFE807F008111F2D3B442F
:10C460004E7F8F95A29BAEB7BD0001233349ADF837
:10C47000E830D4223BA817F037FD27E00223DFF88D
:10C48000C0C0ADF8E8303BAFBCE80F000FC79CE878
:10C49000030087E8030019E00323DFF8A8C0ADF824
:10C4A000E8303BAFBCE80F000FC79CE8070087E807
:10C4B00007000BE00423DFF890C0ADF8E8303BAF95
:10C4C000BCE80F000FC7DCF800303B600823BCE677
:10C4D00005231E4AADF8E8303BAB07CA83E80700E6
:10C4E000F4E70623DFF868C0ADF8E8303BAFBCE8FE
:10C4F0000F000FC7E4E7DFF85CC00723ADF8E830B2
:10C50000BCE80F003BAF0FC7BEE700BFB609002075
:10C5100084030020E80300201804002044040020C5
:10C520006E960208660400200C05002028050020F5
:10C530006C0500207A0500202C060020D83D002044
:10C54000B03E0020CC3E0020EC3E0020043F002006
:10C55000143F00203C3F00200823ADF8E830BD4BDD
:10C56000D3F8D101B3F8D52193F8D7313B90ADF88A
:10C57000F0208DF8F230A9E70923B749ADF8E8308B
:10C58000482277E70A23ADF8E830B44A3BABA4E78A
:10C590000C23DFF8CCC2ADF8E8303BAFA7E70B23A4
:10C5A000ADF8E830AB4BD3F8310293F835323B901D
:10C5B0008DF8F0308AE70D23ADF8E830A94B0FCBAA
:10C5C0003BAF87E80F0081E70E23A749ADF8E830BD
:10C5D00050224FE7DFF894C20F23ADF8E830BCE8F3
:10C5E0000F003BAF0FC75DE7A768013F072F03D9D7
:10C5F0003246202100F010BE96F8FA30002B3FF4AE
:10C6000035AE4FF4D072002138A817F0C6FBF8B24F
:10C610000DF01EFF4C2201463AA817F065FC0223DC
:10C6200013E694F81880B8F1000F0DD004F1170745
:10C6300017F8010F0028DBD018F08AF90028F7D18D
:10C6400094F840301BB910E094F84070CFB104F179
:10C650003F0919F8010F0028CAD018F079F90746E8
:10C660000028F6D1B8F1000F0BD004F118084146AC
:10C670007F4811F0F3FB2822074641467C4818F01A
:10C68000DAF994F840305BB104F14008414679484A
:10C6900011F0E4FB052207434146764818F0CBF938
:10C6A000DFF8D481754AD8F80430102108F152001F
:10C6B00018F0B2F894F84C3098F896209A422BD0A3
:10C6C00088F896300DF0F0FE70B998F8BA2094F81A
:10C6D0007030934231D19BB194F8712098F8BB30FF
:10C6E0009A420DD001232AE065492846FBF7A1FABA
:10C6F00098F8BA2094F870309A421ED1002AEBD1F3
:10C7000095F82C0080F001000CF094FF0122142118
:10C710002846FBF729FAA9E598F8BA2094F8703072
:10C720009A420AD12AB198F8BB2094F871309A4203
:10C73000D8D1002F3FF49AADE2E7002AD2D188F891
:10C74000BA3094F8713088F8BB30D9E72389062BCA
:10C7500006D03A4604F108012846FFF735F985E589
:10C7600094F820300D2BF4D13A4BD3F8F402002882
:10C770003FF43EAF0368DB68984700283FF438AFCA
:10C78000E7E795F82C302BB90223208901221946BE
:10C79000FDF792FE2389013B0C2B3CD801A252F8F5
:10C7A00023F000BFF1C50008D9C70008F9C7000889
:10C7B0001DC800083BC8000885C80008ADC80008AF
:10C7C000C5C80008E1C80008F9C800083BC900084E
:10C7D00023C9000851C900081E4F012387F81431EE
:10C7E00004F10C0C07F58C77BCE80F000FC79CE830
:10C7F000030087E803000EE0164F012387F830316D
:10C8000004F10C0CBCE80F0007F59A770FC79CE801
:10C81000070087E807000122022179E70D4F012375
:10C8200087F8503104F10C0C07F5AA77BCE80F002B
:10C830000FC7DCF800303B60EDE7064B012283F8C0
:10C84000682104F10C0207CA03F5B67383E80700F8
:10C85000E1E700BF983D0020723F0020BC3F002070
:10C86000D03F0020F83F0020094000205C4000201D
:10C87000C6090020EE090020640900202191020869
:10C8800075960208AF4F012387F8783104F10C0C3C
:10C89000BCE80F0007F5BE770FC7BCE80F000FC755
:10C8A000DCF800303B60FEF7DDFFB4E7A54F012365
:10C8B00087F8A03104F10C0CBCE80F0007F5D27723
:10C8C0000FC791E79F4B012283F8D021E068C3F89E
:10C8D000D101218AA27C83F8D721A3F8D5119AE748
:10C8E0009848012380F8D831482204F10C0100F562
:10C8F000ED7017F0F9FA8EE7924B012283F82222AD
:10C9000004F10C0207CA03F5097787E80700D3F89A
:10C910002822B2F5615F3CBF45F26042C3F828228D
:10C92000C1E7884F012387F8363204F10C0CBCE8CC
:10C930000F0007F50E770FC778E7824B012283F8C7
:10C940003022E068C3F83102227C83F8352262E7A6
:10C950007C4F012387F85C3204F10C030FCB07F501
:10C96000187787E80F0056E7237A072B3FF640AE8B
:10C9700004F108000DF07AFD0DF096FD18B1724932
:10C980002846FBF756F90EF08DF900220821BFE684
:10C99000237A04F1080904F118084BB1E71D17F8D0
:10C9A000010F00283FF462AC17F0D2FF0028F6D147
:10C9B000237E53B104F1170717F8010F00283FF445
:10C9C00055AC17F0C5FF0028F6D1282249465F482C
:10C9D00018F031F805225E48414618F02CF85D4BFE
:10C9E000012283F896205C4B83F8C421226983F8E6
:10C9F000C1216269C3F8C8214FF416725A6102223C
:10CA00001A740DF051FD18B14F492846FBF711F982
:10CA10000EF048F900200CF00DFE01221D2177E6F2
:10CA20004FF4D072002138A817F0B7F92D234B49E5
:10CA3000ADF8E0308C223AA817F056FA38A928460B
:10CA4000FEF755FC96F84E31286113B1012380F8AA
:10CA50004E3101270BE4A268002AA1BF404B1B689E
:10CA60004FF47A7101FB0233B8BF0023354A936358
:10CA7000FFF7FCBB3A4B1B6803F57A73F6E7A26835
:10CA8000002AA1BF364B1B684FF47A7101FB0233B9
:10CA9000344AB8BF00231360FFF7E8BB4FF4D072ED
:10CAA000002138A817F079F92F4912221DA817F094
:10CAB000C2FF18210023CDE92213274B1A799B6F5F
:10CAC0002593FF238DF898301E4B8DF8902093F816
:10CAD000DA318DF899304FF001084FF4575327930E
:10CAE0008DF89A801DAF0FCF0DF1E80CACE80F0068
:10CAF0000FCFACE80F0097E807000D238CE8070084
:10CB000038A92846ADF8E030FDF7A2FC38A9284640
:10CB1000FEF7EDFB96F84E312861002B3FF4A6ABF3
:10CB200080F84E81FFF7A2BB0021104B1868F9F77F
:10CB30002BFA0B4B1B6803F5DA53183396E70121E8
:10CB4000F3E700BF983D002075960208C609002053
:10CB5000EE09002064090020800300203801002035
:10CB6000780300207C03002015900208141D00208B
:10CB7000AB4BAC4A1F6892F86D301279022A4FF025
:10CB800001082FD153B3A7F81C80DFF89C824FF027
:10CB900000097868D0E900239B1A9B1008FB03F377
:10CBA00099453AD3A14B002283F8202283F88A23A7
:10CBB0000FF032F90FF050F99D4AD2F81C3D3BB10D
:10CBC00092F8241221B1D3E91B10814218BF1967D2
:10CBD000984B1B6803F5DA53183348E73846F9F7E2
:10CBE0002FF9D0E794F8089013B93846F9F728F9E7
:10CBF000A7F81C80B9F1000FC7D18F4B5F68D3F83D
:10CC000008804946BC37BC2238A817F0C6F838AAB5
:10CC100041463846FBF7D4F9C4E74946F9F7DBFA51
:10CC2000B9F1000F08D090F8B01029B9BC2217F064
:10CC3000B4F809F10109ACE7BB8B0133BB83F8E71A
:10CC4000012300937D4A7E4804F10803CC210DF0B6
:10CC500029FEFEE6012385F82C30FFF707BB0023F1
:10CC600085F82C3001221F2152E54FF4D0720021AB
:10CC700038A817F092F8642200211DA817F08DF84B
:10CC8000704B714A1B689A1A534253414FF4E13278
:10CC900034921DA9642201273AA88DF8D4308DF86A
:10CCA000CC7017F021F9112338A92846ADF8E030EF
:10CCB000FDF7CEFB38A92846FEF719FB96F84E3152
:10CCC0002861002B3FF4D2AA80F84E71FFF7CEBA4C
:10CCD000002F3FF4CBAA2389082B7FF4C7AA237B1C
:10CCE000002B3FF4C3AAE389002B3FF4BFAADFF86F
:10CCF0003CA1BAF8EC34039300224FF0180B039BCD
:10CD00009A42BFF6B3AA0BFB02A3D3F8F014002992
:10CD100040D093F8F434002B3CD0002734E007EBEC
:10CD2000071EA6440EF1100C0DF1E0080EF1200EC6
:10CD3000DCF80000DCF80410C146A9E803000CF19F
:10CD4000080CF445C846F3D19CF8001089F800108F
:10CD500003998B4216DA0BFB03A33168C3F8F01476
:10CD60000DF1E00E03F2F543F446BCE80300596010
:10CD70003CA98C451860E64603F10803F4D19CF801
:10CD8000001019700137FFB2E189BB188F42DBB286
:10CD9000C5DB1A460132D2B2B1E7214B0027D3F8E6
:10CDA0000090A3680393BA46BB46B9F81C309F4273
:10CDB00017DB2149A3EB0A034F689BB2BC2202FB9D
:10CDC00003770021A9F81C3038A816F0E6FF38AA2E
:10CDD00007F1BC013846FBF7F3F80FF01DF8FFF739
:10CDE00045BAD9F80420059210463946F9F7F3F907
:10CDF000039A03689A4280460FD0059A0BF101030B
:10CE0000594610460493F9F7E6F9BC22414617F05B
:10CE10006BF8049B9B460137C7E70AF1010AFAE762
:10CE2000141D002080030020CF467D676409002088
:10CE3000983D002078030020181D0020686102083A
:10CE4000C6960208CC1B0020D01C0020C04B7422C8
:10CE500004F1080138A8D3F8008017F045F8DDF890
:10CE6000E0A040465146F9F7BDFA074600283FF4D6
:10CE7000FDA99DF8E430002B3FF4F8A9D0F8B89054
:10CE800019F0010F11D09DF8513173B9838FBDF89E
:10CE90002C219A427FF4EAA900F13E010DF597702A
:10CEA00016F051FF00287FF4E1A9C7F800A04FF069
:10CEB000010A6A220DF1E60187F804A01DA817F007
:10CEC00013F8282221A90DF11E0017F0B4FD052248
:10CED0002BA90DF1460017F0AEFDDDF8B100BDF84D
:10CEE000B53006900DF1BC0EADF81C30BEE80F0059
:10CEF0000DF1500CACE80F009EE80F008CE80F001D
:10CF00002E9B9DF8B7B013935A22BDF8DC308DF8F4
:10CF10004BB006A9B81DADF8703016F0E5FF9DF8CE
:10CF2000500178B100214FF48073A7F8B03087F832
:10CF3000801087F86010B987202207F13E0016F0B4
:10CF40002CFF4AE7834B1B790C2B12D1F8F768F8BA
:10CF5000F8679DF851311BB149F00103C7F8B830AB
:10CF60004046C8F80C70F9F7DFF940460FF056FC60
:10CF700033E787F8B0A0ECE7754BA1681868036841
:10CF80001B68984700283FF471A9012380F8B0304E
:10CF900000220BE06E4BA168186803681B68984775
:10CFA00000283FF463A9002280F8B0201021FFF789
:10CFB000AFBB674BA168186803681B6898470028D7
:10CFC0003FF454A90027012380F8B13080F8807025
:10CFD00080F860708787202239463E3016F0DDFEEB
:10CFE000D6E75B4BA168186803681B689847002860
:10CFF0003FF43CA9002280F8B120D7E7544BA16848
:10D00000186803681B68984700283FF42FA9D0F8D8
:10D01000B83083F00203C0F8B830B9E7DFF83081E8
:10D020004D4AD8F80000516803681B6898474FF0D4
:10D03000010E80F860E0E7686169E26994F824C055
:10D040003A92CDE9387100233C93236A8DF8F0C001
:10D050003B9338AF00F1640C0FCFACE80F003B6896
:10D06000CCF80030E368626913431CBFD8F8003085
:10D0700083F821E0374B002283F86DE01121FFF7A0
:10D0800047BB334B1868F8F7DBFE324B002283F8BE
:10D090006D20F3E7A068314B314A324F1168984256
:10D0A0000DD8D7F8201D13685B1A43F697218B42E1
:10D0B0007FF6DCA81368C7F8203DFFF7D7B82A4BE6
:10D0C00098424FF0000CECD8DFF8A08098F8009060
:10D0D000B9F1020F15D91368D7F8242D9B1A244AE9
:10D0E0009342FFF4C3A8032388F80030214BC7F80C
:10D0F000241D1960204BC3E9000C0FF0E4FAFFF780
:10D10000B5B8032388F800301A4BC7F8241D1960FE
:10D11000194BC3E9000C0FF0D6FA98F80030B9F1BA
:10D12000000F7FF4A3A8002B3FF4A0A8D7F80C0DA4
:10D1300000283FF49BA849462030F7F765FFFFF72A
:10D1400095B804F108000DF0C4FBFFF78FB800BFDD
:10D15000141D002080030020640900207F0FE8696F
:10D1600078030020983D0020801B18B5C81B0020C4
:10D17000002E9302BC1B0020C01B0020934B94F890
:10D1800008801A68924B1B689A62B8F1000F7FF40E
:10D190002FAA40F68802414638A816F0FEFD182353
:10D1A000414601203893F7F74FFF0127894939900D
:10D1B0004FF438723CA88DF8E87016F095FE864959
:10D1C0008DF8D0734FF42E72F5A816F08DFE8349BA
:10D1D0008DF88C764FF41A720DF5D26016F084FE3D
:10D1E0007F498DF8F8786A220DF6FA0016F07CFE79
:10D1F0007C4938AA1DA80EF005FB7B480EF036FDD1
:10D20000784A1D997948009738AB0DF04BFB002800
:10D210003FF4EEA9324641462846F8F75EFB286106
:10D22000FFF724B894F80880B8F1000F7FF4E0A964
:10D230006E480DF0FBFA00283FF4DAA938AB40F64F
:10D2400088024146184616F0A8FD664B009040F64D
:10D25000880266484FF418610EF092F800283FF4F7
:10D26000C7A9634F5B484FF438723CA916F03CFEE7
:10D270004FF42E72F5A907F13C0016F035FE6A2234
:10D280000DF6FA01564816F02FFE4FF41A720DF5FE
:10D29000D26107F52A6016F027FE0F200EF074FE0B
:10D2A00000283FF4A5A9324641462846F8F715FB69
:10D2B000464B28611B6803F5742303F51073BB63A9
:10D2C000FEF7D4BF237A002B7EF4D0AF47483AE76D
:10D2D00011200DF0BBFAFEF7C9BF454B94F808804A
:10D2E000D3F8287D002F3EF4C1AFB8F1000F11D064
:10D2F0007B6D002B3EF4BAAF07F1580840460EF0A4
:10D3000051FE38220021404616F047FD00237B6580
:10D31000FEF7ACBF3822414607F1580016F03DFD3C
:10D32000C7F854803348F7F7D1FF074600283EF48A
:10D330009DAF1423037341460220F7F785FE2E4963
:10D34000B86007F10D0016F0C7FD2C4B1868036894
:10D3500039465B689847FEF789BFDFF894904FF431
:10D36000D072002138A816F018FDD9F8103D002B16
:10D370003EF47CAFD3F800800027D9F8103D5B68FD
:10D3800043450BD1022F7EF471AF38A92846FDF733
:10D390005FF838A92846FDF7AAFF40E758F8040BC4
:10D3A00003682246D3F824A0314638ABD047022880
:10D3B00004D0022F04D0012818BF38460746DCE706
:10D3C0003846FBE72468FEF765BF00BF78030020FE
:10D3D000141D002080030020D43D00203848002088
:10D3E000B6090020E06D0208DC960208E596020806
:10D3F000983D002020110020FB960208301D0020DF
:10D4000000207047134B30B40C4611461A19012CFA
:10D4100082F82C1D104A156803EB8402C2F8305DB7
:10D4200009D0022C0DD0406E90B193F840312BB949
:10D4300081F0010102E093F8440148B130BC0BF0E7
:10D4400063BE93F8450118B193F84331002BF5D032
:10D4500030BC7047983D002078030020F8B50025C7
:10D460000B4F04462E46E9B2002220460135FFF755
:10D47000C9FF032D47F8046BF5D1002104F1180012
:10D48000F7F7C2FD4FF0FF3384F86C60A366F8BD78
:10D49000C84A0020A0F1180011F0D6BA08B5836E72
:10D4A000013303D0FFF7DAFF012008BD0020FCE7BD
:10D4B0002DE9F74FA94F97F8344182460D46002CCD
:10D4C00076D090F86D30002B72D10846F8F726FA26
:10D4D000064600286CD16FF00E00E98905F10F03B4
:10D4E000401BC218914225D84FF000089C4B296878
:10D4F000186803681B6898478146287A08B9994BD1
:10D5000018780CF0A5FF6D6890F83E3090F8441044
:10D51000019328460091F8F70EFBDDE9001302465F
:10D5200070B99148406885420AD1B9F1000F2CD1F9
:10D53000A3460CE013F8012F072AD2D1A046D5E765
:10D54000002B1A460EBF9B464FF0000B0A46874B36
:10D5500097F8421193F85D9071B3B8F1000F40F065
:10D56000918097F84131ABB197F84831002A38D013
:10D57000002B40F0E78009F0FD03012B13D097F852
:10D58000493183B100252B46FEE0D9F8B820C2F31B
:10D590004002CDE797F84641002C40F01281B9F1E6
:10D5A000010F40F0418100210AF11800F7F72CFD2E
:10D5B000002003B0BDE8F08F97F8410197F848319B
:10D5C000002800F08480002A4FD0002BD3D0B8F17F
:10D5D000000F00F0B780B9F1010F40F019810C463F
:10D5E0008BE0002B40F09F8009F0FD03012B97F8A2
:10D5F000465106D097F84931002B40F0C58097F886
:10D6000047615B4B1A68B7F84A31002B00F0F38092
:10D610004FF47A714B4313440122CAF868308AF8F8
:10D620006C201CB100215046FFF7ECFE25B1012211
:10D6300011465046FFF7E6FE002EB4D0B9F1040FB4
:10D6400005D1BBF1000F02D1B8F1000FABD097F8B4
:10D650004C31002BA7D197F84331002BA3D10122E5
:10D6600002215046FFF7CEFE9DE7002BBCD0B8F15B
:10D67000000F58D0B9F1010F40F0EE804446454606
:10D680001646BEE797F8481161B997F84631002B66
:10D6900040F08A80B9F1010F40F0CC8044461E462C
:10D6A0003546AEE709F0FD03012B00F0998097F8AD
:10D6B0004961002E40F0928097F84761002E00F0FB
:10D6C0008F8082F0010234463546D6B299E763B9BD
:10D6D00097F84651002D4DD1B9F1010F3FF463AFDA
:10D6E000B9F1030F3FF45FAF4BE0B8F1000F06D084
:10D6F000B9F1010F40F082800446454652E097F8A8
:10D70000465129F0020325B9012B3FF44CAF4346A3
:10D7100037E082F00105012BEDB2F8D1002D3FF486
:10D7200042AF00246DE797F8463129F0020123B992
:10D730000129B4D01D46234623E00125A94220D16A
:10D740001C465EE797F8465129F00203002DDBD016
:10D75000012B3FF428AF4346454612E0983D002098
:10D76000141D0020001D00206409002080030020FB
:10D770007803002009F0FD0182F001050129EDB2D6
:10D78000CCD097F84911D1B11C46B8F1000F2DD17A
:10D7900097F84731F3B1FAB1002C7FF432AF002D86
:10D7A0003FF401AF26462CE709F0FD0082F00105A9
:10D7B0000128EDB217D097F84941002CF2D11C4650
:10D7C000E6E709F0FD0382F00105012BEDB2A5D0DB
:10D7D0004446DDE7002CE2D01E4612E734465FE700
:10D7E0000C460D460DE71C460E460AE7464608E77E
:10D7F0002546264695E7D7F838310CE7B9F1030FEF
:10D800003FF47AAF97F84941002CF1D14546BFE784
:10D81000B9F1030F3FF4E3AE97F84941002CF5D07E
:10D82000254626460C46ECE6B9F1030F3FF4BBAEA5
:10D830002546ADE71D46B9F1030F3FF4E2AE97F878
:10D840004931002BA0D197F84761002E3FF4D9AEA3
:10D8500082F00102344638E74546ECE72DE9F0470F
:10D86000ADF56A7D9CAD9DF8C8A34E4E2E60044672
:10D8700089469846014600239EA817466B600BF028
:10D8800021FBBAF1000F02D120460DF022F821460B
:10D8900054A80BF017FB444954A80BF069FB5499AA
:10D8A0000122A1A80DF053FD54A80BF0E6FA3F4B5E
:10D8B00085F834A100243946424607A8CDE907354A
:10D8C000CDE90A4485F83541CDF8249004F0A2FD55
:10D8D000EB6A0746A3B1A1A803F0D2FA9EA90CA84F
:10D8E0000BF011FB30490CA80BF042FB0C992246BF
:10D8F00054A80DF02CFD5A9B6BB90CA80BF0BDFA87
:10D900009EA82E600BF0B9FA38460DF56A7DBDE889
:10D91000F0875C40E4B254A803F061FB031EF8DA20
:10D9200054A803F0ADFA95F83531A342E5D10CA81F
:10D930000BF0A3FA9EA968460BF0E5FA1A4968466F
:10D940000BF016FB009CD5F80880002221460CA89D
:10D950000DF0FDFC129BBBB10122414654A80DF015
:10D96000F6FC5A9B83B10CA800F0DFF800280DDC10
:10D9700054A803F07DFA54A803F082FA0CA803F02F
:10D980007FFA20460CF0A5FF6846B7E703A91022EE
:10D990000CA803F016FB03A9C2B254A803F07EFC46
:10D9A000E1E700BF006E020819970208196D000830
:10D9B0004B6A032B01BF034B1B68B3F850308383C2
:10D9C00000207047D84A0020826930B4046955109D
:10D9D000034604EB6200D20748BF62595B6930BC62
:10D9E00048BFD358184790F8340018B191F829016E
:10D9F00080F0010070474B6A032B01BF034B1B688B
:10DA0000B3F8503083830020704700BFD84A00200D
:10DA100000207047B0F872008A89131A58425841A2
:10DA20007047054BD0F880261B6804489B1A834238
:10DA30008CBF002001207047780300209FBB0D00A1
:10DA40004B6A012B03D0042B24D0002070471B4BC2
:10DA50001B6893F8591093F85020012903D093F8CC
:10DA60005A1001290CD101218A4280F87D1003D17E
:10DA700093F85830632BE8D9022380F87D30E4E72F
:10DA8000012A03D193F85830052B01D90023F4E77C
:10DA90000323F2E70A4B5B681B6D012B03D0022BBB
:10DAA00007D0002BD1D180F87E30064B1B6803676E
:10DAB000CBE790F87E20022AC7D0F4E7E01C0020D4
:10DAC000D84A002078030020826930B404695510D8
:10DAD000034604EB6200D20748BF62595B6930BC61
:10DAE00048BFD358184700207047054A90F859306E
:10DAF000117A181E18BF0120994218BF137270477F
:10DB0000D84A0020203070471830704700207047F6
:10DB1000704707B503688DF807105B6801220DF1A7
:10DB20000701984703B05DF804FB037D53B983698F
:10DB30001A6A5869DB699B0302D5904238BF1046C8
:10DB4000801A70470020704703681A6AC36AD31AA4
:10DB50001944B1FBF2F302FB1311036B8B4210B5B6
:10DB60000AD94C09C06B01F01F0150F82430012282
:10DB70008A40134340F82430002010BD036801336D
:10DB800004D04068431C58425841704701207047F8
:10DB900010B50B6804689C4209D040684968884207
:10DBA00005D08C4203D0181A18BF012010BD0020E8
:10DBB000FCE770B50C4D0A44914200D170BD066877
:10DBC00011F8013B83EA060404F00F0455F82440E1
:10DBD00084EA161484EA131303F00F0355F8233074
:10DBE00083EA14130360E7E7F471020882B00023AC
:10DBF000054A0193019B934201DB02B07047019BF0
:10DC000001330193F6E700BF80EE3600028BC08A35
:10DC1000101A7047C28A018B914288BF016903467E
:10DC200083BF885C0132DA824FF0FF307047028B8D
:10DC3000C38A9A4286BF0269D05C4FF0FF307047BA
:10DC4000836841600B44C3607047037D13B1C068B3
:10DC5000401A70476FF000407047F0B505680289C0
:10DC60002B8A9A4267D22A6841898B0052F8211088
:10DC700001F00307C1F30724012F8475C1F3850662
:10DC80001ED0022F28D0002F32D1C1F30363C1F37D
:10DC900007470A0F4FF0010C42824268A0F814C0F7
:10DCA00006825ABB8261026204F00E04082C05BF92
:10DCB000C2896B68002353F8223043620120F0BD13
:10DCC0001A44C1F30B4C5268130F46EA831697B2FD
:10DCD0000B0FC2F30B42DFE71A44D2E901374FEAD8
:10DCE000114C190A46EA811192898EB25BB2D3E7D0
:10DCF0001A44D2E90137B2F810C0F2E73A4482611F
:10DD000004F0C00123B1D31A8029036209D10FE0C6
:10DD100004F03006202EF7D13F2C04D800F1140374
:10DD20000362C261C0E78029FAD100F114030362E3
:10DD30001368C361B8E70020C1E7038901680133B4
:10DD40000A8A9BB29A4210B5038103D80023C0E926
:10DD5000023310BD0B68428953F8221001240B0ACC
:10DD600001F0030104FA01F10A444281828903F0BF
:10DD70003001002908BF01328281C28903F00E03FD
:10DD8000082B08BF0132C281E3E710B50446FFF754
:10DD9000D4FFFFF762FF2089003818BF012010BDB3
:10DDA000F8B5038A8B4204460D4601D10120F8BD27
:10DDB0000668B28A8A4216D38B4288BF338A0789A3
:10DDC00088BF03812046FFF7B8FF6289336853F8A4
:10DDD000223085EA93039B0607D02389BB42F1D109
:10DDE0002046FFF73AFF0020E1E7FFF736FF238ADE
:10DDF000AB42F2D1A37D03F00F030A2BEDD0D5E7A0
:10DE00000B461146528A082A10B40ED1CA6962B173
:10DE100028B114681CB10432234610BC184723B142
:10DE2000146814B104321846F6E7012010BC70479C
:10DE300030B5044685B0154672B3A9B90268184BCF
:10DE40009A4211D0102D06D82A4669462046FFF77F
:10DE5000EFFF05B030BD102269462046FFF7E8FF0E
:10DE60000028F6D0103DEDE7A368AB4207D2E36887
:10DE70000C4A002B08BF1346E3600020E9E7236843
:10DE80002A462046984710B9E368074AF1E7A36895
:10DE9000AB4203D20023A3600120DAE75B1BFAE761
:10DEA00001EB0008B9970208C7970208836810B50C
:10DEB00004463BB9C368094A002B08BF1346E36018
:10DEC000002010BD03680122984710B9E368044A96
:10DED000F2E7A368013BA360F3E700BFB99702082C
:10DEE000C79702082DE9F3410E460DF107010546DB
:10DEF0001446FFF7DBFF074658B9AB6823B100278C
:10DF0000384602B0BDE8F081002CF8D00123237020
:10DF1000F5E79DF907309DF80740002B32DA04F051
:10DF20007F044FF007080DF107012846FFF7BEFFF9
:10DF30000028E4D0B8F11F0F9DF8073024D9B8F1BC
:10DF40003E0F03F07F0207D8C2B1002C0CDAFF2B82
:10DF50000AD108F10708E6E76AB1002C04DA012BC0
:10DF600002D1B8F13F0F0DD0EB68114A002B08BF6A
:10DF70001346EB60C3E7B8F13F0FF5D11B0608F17C
:10DF80000708D0D43460BBE7B8F11C0F09D113F0F7
:10DF9000700F03D003F07802782AE5D144EA0374C5
:10DFA000ECE703F07F0202FA08F21443E6E700BF51
:10DFB000D09702082DE9F3410026074688463546EA
:10DFC00034460DF107013846FFF770FF58B13F2C7A
:10DFD0009DF8071010D1012909D9FB68114A002BBF
:10DFE00008BF1346FB60002002B0BDE8F08145EA9F
:10DFF000C175C8E90065F7E701F07F02A4F12003CD
:10E00000C4F1200C02FA03F322FA0CFC43EA0C03DD
:10E01000A2401D430B0646EA020604F10704D0D4D1
:10E02000E7E700BFD097020837B515461A46002328
:10E0300013700C460B702B6001A9FFF753FF28B13A
:10E04000019BDA0803F007032A60237003B030BD98
:10E0500013B50446052921D8DFE801F0030F162087
:10E06000201E012201A92046FFF7E2FE18B19DF90A
:10E070000430002BF5DB02B010BD08220021204641
:10E0800002B0BDE81040D3E6002201A9FFF72AFF45
:10E090000028F0D0019AF1E70422EFE7C368034AB1
:10E0A000002B08BF1346C3600020E4E7E097020896
:10E0B00073B500220D4601A90446FFF713FF06467B
:10E0C00060B194E80F0085E80F0001998A4209D2F7
:10E0D000E368074A002B08BF1346E360002630467A
:10E0E00002B070BDA960A3685B1AA360F7E700BF28
:10E0F000F29702088A6838B505460C462AB9636863
:10E100006B60E368EB60012038BD00212046FFF71B
:10E110008FFE0028F3D1F7E710B5034B03600446E8
:10E120000EF00CFB204610BD3C72020810B5034BEC
:10E13000036004460EF002FB204610BD5072020838
:10E1400010B5034B036004460EF0F8FA204610BDEC
:10E150006472020810B50446FFF7DEFF204615F092
:10E16000B3FF204610BD10B50446FFF7DFFF204681
:10E1700015F0AAFF204610BD10B50446FFF7E0FFDA
:10E18000204615F0A1FF204610BD10B5044615F03D
:10E190009BFF204610BD10B5044615F095FF2046A4
:10E1A00010BDA0F1200010F0B7BC1346064A10B510
:10E1B00052685A600C46054AE92104F11000FBF749
:10E1C00081F8E08110BD00BF640900207072020870
:10E1D00073B506460C461546CAB19389012B06D184
:10E1E000136923B9506900210FF0ECFD60B9638910
:10E1F000042B09D1216839B1D4F81C310093D5E939
:10E20000012330460DF077FD002002B070BD4FF0C5
:10E21000FF312046F7F7D8FE03460028F4D12268E4
:10E22000D4F81C1100911146EBE710B5074B0446DA
:10E2300040F8503BFFF784FF04F13400FFF780FF04
:10E2400020460EF059FA204610BD00BF9072020819
:10E2500010B50446FFF7E9FF204615F035FF2046CC
:10E2600010BD0C4B10B503603C3304460362C06E16
:10E2700008B115F029FF04F15000FFF757FF04F132
:10E2800020000EF039FA044B23602046F9F788FC91
:10E29000204610BDB87202081C730208A0F12000CD
:10E2A000DFE710B50446FFF7DCFF204615F00CFF52
:10E2B000204610BDA0F12000F3E710B5034B03602A
:10E2C0000446F9F76DFC204610BD00BF54730208E8
:10E2D00010B50446FFF7F1FF204615F0F5FE204685
:10E2E00010BD38B50B4D05F5CC73036005F5E6732D
:10E2F000044603635030FFF70FFF204605F5017514
:10E3000040F8305FF9F74CFC20460EF0F5F9204656
:10E3100038BD00BFF4710208A0F13000E1E710B58C
:10E320000446FFF7DEFF204615F0CEFE204610BD66
:10E33000A0F13000F3E770B50546084B03600446D2
:10E3400055F8180FA84204D12046F9F729FC2046B9
:10E3500070BD066815F0B8FE3046F3E73074020869
:10E3600010B50446FFF7E7FF204615F0ADFE204646
:10E3700010BD70B50546084B0360044655F8180FEC
:10E38000A84204D12046F9F70BFC204670BD066870
:10E3900015F09AFE3046F3E76074020810B50446A3
:10E3A000FFF7E7FF204615F08FFE204610BD30B581
:10E3B0004B89042BADB005460C4618D18A89838A57
:10E3C0009A4214D1B0220021684615F0E6FCAA69F1
:10E3D000E1896B4604F11000FBF7FCFD48B16A4689
:10E3E0002B6821469B6A284698472DB030BD0022F5
:10E3F000F6E70120F9E730B54B89042BADB00546AF
:10E400000C4616D18A89838A9A4212D1B022002101
:10E41000684615F0C2FCAA69E1896B4604F1100058
:10E42000FBF7D8FD28B12B686A46DB6A21462846EF
:10E4300098472DB030BD30B54B89042B9DB00546B3
:10E440000C4618D18A89838A9A4214D16A22002103
:10E4500001A815F0A2FCAA69E18901AB04F1100042
:10E46000FBF7B8FD48B101AA2B6821469B6A2846F4
:10E4700098471DB030BD0022F6E70120F9E730B51E
:10E480004B89042B9DB005460C4616D18A89838A98
:10E490009A4212D16A22002101A815F07EFCAA69D5
:10E4A000E18901AB04F11000FBF794FD28B12B6862
:10E4B00001AADB6A2146284698471DB030BD30B519
:10E4C0004B89042B99B005460C4618D18A89838A5A
:10E4D0009A4214D160220021684615F05EFCAA69B8
:10E4E000E1896B4604F11000FBF774FD48B16A4600
:10E4F0002B6821469B6A2846984719B030BD0022F8
:10E50000F6E70120F9E730B54B89042B99B00546B1
:10E510000C4616D18A89838A9A4212D16022002140
:10E52000684615F03AFCAA69E1896B4604F11000CF
:10E53000FBF750FD28B12B686A46DB6A2146284666
:10E54000984719B030BD30B54B89042BC5B005468E
:10E550000C4619D18A89838A9A4215D14FF4887260
:10E560000021684615F019FCAA69E1896B4604F19F
:10E570001000FBF72FFD48B16A462B6821469B6AC5
:10E580002846984745B030BD0022F6E70120F9E75C
:10E5900030B50D46C5B004464FF488720021684678
:10E5A00015F0FBFBA269E9896B4605F11000FBF74A
:10E5B00011FD28B123686A46DB6A29462046984740
:10E5C00045B030BD10B44C89042C05D18C89838AA8
:10E5D0009C4201D110BCDBE710BC704730B54B89C1
:10E5E000042B99B005460C4618D18A89838A9A4231
:10E5F00014D15C22002101A815F0CFFBAA69E189A2
:10E6000001AB04F11000FBF7E5FC48B101AA2B684F
:10E6100021469B6A2846984719B030BD0022F6E78C
:10E620000120F9E730B54B89042B99B005460C461B
:10E6300016D18A89838A9A4212D15C22002101A8CC
:10E6400015F0ABFBAA69E18901AB04F11000FBF7FF
:10E65000C1FC28B12B6801AADB6A214628469847ED
:10E6600019B030BD002110B50446C1820183006994
:10E6700010B1A28A15F091FBE0690021618420B1FC
:10E68000228CBDE8104015F088BB10BD70B5044663
:10E690000E46154600212022083015F07EFBC4E905
:10E6A00000652046BDE87040FFF7D7BA38B50B6863
:10E6B0000C4699680B681B681B0A03F0C003802B8B
:10E6C000054614BF6268221D0C34FFF7DFFF2C6281
:10E6D00038BD00B50A468BB059B101466846FFF710
:10E6E000D5FF30B1684600F007F86846FFF74DFBEC
:10E6F000F7E70BB05DF804FB2DE9F041857D05F0EF
:10E700003007302F8AB0044604D1036A1A88038A7E
:10E710009A426ED105F00F030A2B05F0C00820D1F4
:10E72000E3691E689EB9B8F1800F62D105F03E051D
:10E73000262D4CD0202F02D1236A00221A80A369F3
:10E74000186815F0C1FCA36900221A6051E0314637
:10E750006846FFF7ABFF10B16846FFF7CDFFB6681C
:10E76000E0E705F00E03082BDDD1B8F1400F40D0F3
:10E77000B8F1800FA36914D11B68E361202F20D169
:10E78000226A1688002BD1D0002ECCD0E169606AB5
:10E79000FFF79FFFE369628A013E1344E361B6B26B
:10E7A000F2E7202FE36102D01BB30126ECE7226AD7
:10E7B0003F2D16881BD8A28ADBB1964228BF164689
:10E7C000E2E7002BF1D105F03E05262DB7D1A36974
:10E7D0001D68236A1E884FF0000805EB8606B542C7
:10E7E000A8D0286815F070FC45F8048BF7E7002BDB
:10E7F000CAD10AB0BDE8F08100B5837D3F2B8BB054
:10E80000014649D813F030000ED0202802D10B6AFF
:10E81000188806E03028FAD0102808D10A6A32B1E8
:10E820001078B0FA80F040090BB05DF804FB0A687C
:10E83000906870B903F00F02052A0CD8CB694A8A98
:10E840001A44934201D10120EEE713F8011B00297D
:10E85000F7D00020E8E7062A01D1CB69D8E7072ADC
:10E8600002D1CB691878DCE70B2A01D1488AD8E7B6
:10E8700003F00E03082BD7D1CA69496A6846FFF72F
:10E8800005FF0028DFD06846FFF7B6FF0028CBD091
:10E890006846FFF77AFAF4E703F0C002802A01D154
:10E8A000C069BEE7402AD4D103F00F030A2B02D17E
:10E8B000CB691868B5E70368024AD8689042B0D1BE
:10E8C000F6E700BF01DE00088B7D03F00E03062B88
:10E8D00002D1002303607047082B03D14A8A00212C
:10E8E00015F05BBA704730B5184B1C68F1B005469F
:10E8F0006068F7F720F958B194F8202194F82A318C
:10E900009A4205D20123EB720024204671B030BD3B
:10E9100021464FF4B07218A815F0E6FA5C220021E7
:10E9200001A815F03AFA0A4ABDF86E1001AB1CA80E
:10E93000FBF750FB2846FCF7D3FCAA69044601AB61
:10E94000E9211030FAF7BEFCE081DEE7AC4A002096
:10E950008874020838B508460C461546F6F711FFCC
:10E96000074A03461021284615F056FF054A2B4654
:10E97000E92104F11000FAF7A5FCE08138BD00BFE1
:10E98000219102083C5D020838B50B4D05F52D7349
:10E99000036005F53C7304460362406E0DF09EF97A
:10E9A00005F5467504F120000DF0A6FE2560204611
:10E9B000F9F7F6F8204638BDF4710208A0F12000FE
:10E9C000E2E710B50446FFF7DFFF204615F07CFBB9
:10E9D000204610BDA0F12000F3E7D0F8EC3070B570
:10E9E000044604EB8302D1F8140150621B4D32221D
:10E9F0000133B3FBF2F002FB1033C4F8EC304FF4F8
:10EA0000B07205F509700E4615F06EFA012385F80F
:10EA10002032134B93F8F83083B9124B1B796BB942
:10EA2000114B1B683BB193F85020012A03D193F896
:10EA30005830092B02D905200BF008FF54F8185F55
:10EA4000A54201D1002070BDA868036831469B68CB
:10EA500098470028F6D12D68F2E700BF640900202E
:10EA6000D43D002080030020E01C002010B5074C9E
:10EA70004FF4B07204F5637015F036FA01230520E7
:10EA800084F88A330BF0E2FE002010BD64090020F8
:10EA900013B5084611461A469DF8143000939DF8A8
:10EAA00010309DF818400BF0D7FD054B80F8214140
:10EAB00001461868012202B0BDE81040FCF7B6BB61
:10EAC000341D002038B518461546049A8BB182B122
:10EAD000094B0A4CD3F8E03504EA832404F1FF64BF
:10EAE00004F5F2242C4404EBC12115F0FDF90020BB
:10EAF00038BD6FF01500FBE70070FF1F00FCFF033F
:10EB000003460846596810B58C185C6008B115F0CA
:10EB1000EBF9012010BD10B50346406884185C6015
:10EB200015F0E2F9012010BDA0F52A6010F028B818
:10EB300010B504460BF062FDB4F87230838110BD4D
:10EB4000F8B5274F97F8DC3004460D46BBB197F86F
:10EB5000F060022E13D00846F6F7E0FE88B197F871
:10EB6000DD3063B1D5F8143162699A4207D0636130
:10EB70001C4B1D49186805F110020AF068F90020C5
:10EB8000F8BD012E08D8174BEA891868036805F10B
:10EB900010015B689847F2E7032EF0D1134B1C6815
:10EBA000236828461E68F6F7ECFD01462046B0476C
:10EBB000A0B1037993B100F134040A4E0C493068D6
:10EBC0000AF0E8F80B49306805F1100322460AF014
:10EBD0003EF9074930680AF0DDF8D0E7064CECE76B
:10EBE000D43D0020C401002024980208141D0020F8
:10EBF0003F9D0208209802081C98020810B5034B9C
:10EC0000036004460DF0B1FC204610BDA07502085B
:10EC100010B50446FFF7F2FF204615F055FA2046DE
:10EC200010BD0A4B10B503F5777203F21C4304467E
:10EC30000260C0F8A03A00F52A600DF05DFD044BBB
:10EC4000236020460DF0ADFE204610BDF471020891
:10EC5000A04C0208A0F52A60E3E710B50446FFF7D0
:10EC6000E0FF204615F030FA204610BDA0F52A60DE
:10EC7000F3E710B54FF47A73036390F87D30012BFE
:10EC8000044622D190F86C3083F0010384F86C3094
:10EC90003B4991F8EC31002B54D03A4B1A68236F62
:10ECA00003F5EA43303393424CD394F87C30002B85
:10ECB00048D194F87E30002B48D0012B0ABF94F83D
:10ECC0006D30012383F001033DE0022B01D10123CC
:10ECD000DCE7032B90F87C1031D12A4AA36F10682F
:10ECE00003F5EA43303383421CD221B9012384F86F
:10ECF0007C301368A36794F86C30126883F00103CA
:10ED000084F86C30FA232363A36F03F5FA630021C0
:10ED1000934284F86D10BBD284F87C10012384F8F0
:10ED20006C300AE00029E6D194F86C30002BF5D065
:10ED3000002384F86C3040F2E7332363A8E700290E
:10ED4000A6D1F1E7002384F86D300AE094F82D2075
:10ED5000A2B194F86D2082F0010284F86D2084F84D
:10ED60002D3091F85C3013B1002384F86C3094F8A6
:10ED70006C10C8200AF0C8F9206B10BD0123EEE723
:10ED8000800300207803002007B50121C8200AF085
:10ED9000BBF900230C4A0093009B93420CDD002139
:10EDA000C8200AF0B1F90023074A0193019B93425E
:10EDB00006DD03B05DF804FB009B01330093EBE735
:10EDC000019B01330193F1E77F4F120007B5012149
:10EDD000C8200AF099F900230C4A0093009B934243
:10EDE0000CDB0021C8200AF08FF90023084A0193A8
:10EDF000019B934206DD03B05DF804FB009B0133E9
:10EE00000093EBE7019B01330193F1E780EE3600BD
:10EE10007F4F1200A0F1300010F002B870B54FF42F
:10EE2000887204468AB00D46002114F0B6FF06230E
:10EE30002C22002104F11400A38014F0AEFF002066
:10EE4000F6F7EEF8D5E91E234FF47A71B3FBF1F330
:10EE50001D49206001FB0233A3601C4B1E68304635
:10EE6000F5F7CEFFE0603046F6F732F8B5F84C30F3
:10EE70002384174B20611B689B8B6384154B1B6895
:10EE80006BB1D3F838226261D3E98C120A44C4E929
:10EE90000621D3F83C22B3F84032A26223876846A9
:10EEA00014F024FE009B2363684614F01FFE089BA9
:10EEB0006363094B1B681BB1DA6E1B6F6262E3620E
:10EEC00020460AB070BD00BF37894100AC1B00204E
:10EED000141D00208C400020341D00202DE9F74F28
:10EEE000354F364C1E46D7F8E03504EA832404F14A
:10EEF000FF640C9B04F5F224144404EBC1244FEA94
:10EF0000D308F3F758FB054658B9DFF8B49004EB83
:10EF1000C80844450AD1F3F761FB284310F0FF000D
:10EF200001D06FF0040003B0BDE8F08FD7F8E02502
:10EF3000224B03EA822303F1FF6202F5F222A2428E
:10EF400004D803F10063013BA34204D2F3F746FB6C
:10EF50006FF01500E7E799F81432012B2AD001234E
:10EF60003268D6F804B089F8143200230192C9F847
:10EF700018320BF091FF0546B0B9DFF848A0019AAE
:10EF8000DAF8143043F00103CAF814302260BFF3FA
:10EF90006F8FC4F804B00BF07FFFDAF8143023F061
:10EFA00001030546CAF81430002389F814320834E6
:10EFB0000836AEE70225FAE70070FF1F00FCFF03EA
:10EFC000D84A002000400058F8B5284BD3F8E02577
:10EFD000274B03EA822303EBC12404F1FF6203F110
:10EFE000FF6102F5F22201F5F22191423BD803F1D3
:10EFF0000063013B934236D31E4EF3F7DCFA96F8DA
:10F000001432012B04D1F3F7E9FA6FF00400F8BDD4
:10F010000025C6F818520BF03FFF0746D0B9164D31
:10F020006B69A4F5E044E40A23F47E7343EAC40365
:10F0300043F4803343F002036B610BF02DFF6B69E7
:10F040000E4A13406B612B682B68044628B186F882
:10F050001472D8E786F81452D5E786F81402F3F74D
:10F06000BDFA2046D3E76FF01500D0E70070FF1F10
:10F0700000FCFF03D84A00200040005805FCFFFFB9
:10F08000F7B50C4609684B1C054616460DD00068BE
:10F0900083690093D4E901238768B84730B92B68A6
:10F0A00036B9286821460CF084FC002003B0F0BD7E
:10F0B0009B690193A3680093D4E900233146284655
:10F0C0000BF02DFD0028F1DBEBD16FF03300EDE705
:10F0D0002DE9F74FDDE90C480E9E81460F46934619
:10F0E0009A4686BB304603B0BDE8F08FB4FBF2F31E
:10F0F00002FB13431BBB964221D3B6FBF2F502FB86
:10F100001565761B0096836822469C465146434609
:10F11000E0470028E7D1BBF1000F02D1B0443444EE
:10F120003AE0CDE9008623465246594648460BF060
:10F13000F6FC0028D7DBF1D16FF03300D3E7E31AF8
:10F14000C7F800A07B603B68D9F80000534582698E
:10F15000CCD17B68A342C9D89D18A542C6D92D1B26
:10F16000E01AB542BB6828BF35462A4618444146D6
:10F1700014F0BAFED9F800309A692C44B4FBF2F3CB
:10F1800002FB134333B95A4639464846FFF778FF26
:10F190000028A8D1A844751B2E46A2E70FB407B5D6
:10F1A00004AB4FF4807153F8042B0848019314F01A
:10F1B0008DFD011E05DBFF290448A8BFFF21F5F7DF
:10F1C00005FD03B05DF804EB04B07047044D00206A
:10F1D000F8B5054690F824000F46164610B36B8C20
:10F1E0009818B0F5806F31D82B8C984217D9202809
:10F1F00038BF202004460146E86915F099FB68B144
:10F20000E8612C846B8CE86932461844394614F066
:10F210006BFE6B8C33446B84304602E0FEE70028C3
:10F22000F0D1F8BD92B2202AFBD883B29A4295F869
:10F23000BC3004D83344DBB285F8BC30ECE703447F
:10F240002B44395C83F89C100130EEE70020E8E79E
:10F2500070B590F8243004460E4663B990F8BC307F
:10F26000034483F89C1090F8BC300133DBB280F883
:10F27000BC30012070BD438C591CB1F5806F14DC8B
:10F28000238CC069994208D9202938BF20210D4616
:10F2900015F04EFB40B1E0612584638CE269D654E1
:10F2A000638C01336384E4E7FEE70020E2E770B596
:10F2B00004460D4608683AB9E3680E4A002B08BFB9
:10F2C0001346E360002070BD42EA0301B1F5803FC0
:10F2D00005D3A3FB026111B1E368074AEEE703FB24
:10F2E00002F115F025FB10B9E368044AE6E728604F
:10F2F0000120E8E72798020834980208439802089A
:10F300002DE9F043937D03F03003302B8FB0054699
:10F310000E46144628D19446BCE80F0004AF0FC730
:10F32000BCE80F000FC79CE8030087E80300236ACE
:10F330001988238AC1B1994216D004A8FEF730FD7E
:10F3400030B9EB688E4A002B08BF1346EB6064E0CF
:10F3500004A8FFF7D1F9A37D03F0C003802B01BF00
:10F36000A26900231360E361A27D02F0C00140297D
:10F3700000F02681802977D041B902F03003202B9C
:10F3800038D006D8002B2ED0102B28D0EB687D4A21
:10F39000D9E7302BFAD102F00E02082A238A206A1C
:10F3A0005ED102889A425BD0628AE06914F0F5FC73
:10F3B000616A8B682BB9CB681BB94B681B68002B43
:10F3C0004ED0E26904A8FFF761F9002848D004A8EC
:10F3D00000F064F9002843D1EB686B4AB3E7236A75
:10F3E0000BB101221A702246314628460FB0BDE803
:10F3F000F04315E3276A608A3988A369022E01FB6E
:10F400000033E36126D102F00F02052A22D804A9B5
:10F410002846FEF74DFE064670B9002674E02246E7
:10F42000FF2104A800F0FCFA90B13B8801333B8037
:10F43000628AE3691344E361069B1BB13A88A38A9D
:10F440009A42ECD3069B002B58D0EB684F4A7AE7E0
:10F450000646F7E74B1C3B80A38A8B42F5D9C2E7EF
:10F46000236A228A1A80BEE702F03003202B29D0BB
:10F4700001D9302B8AD102F00E02082A05D1A369E6
:10F480001B6813B12046FFF737F9A37D03F0300264
:10F49000302A02BF226A218A118003F00E03062B54
:10F4A000A16901D1E1619EE7628A01232846FFF745
:10F4B000FEFE0028B1D0A3691868E0612146FFF77D
:10F4C00003FA90E7D4F82080022EB8F800704FD1EC
:10F4D00002F00F02052A4BD804A92846FEF7E8FDE2
:10F4E0000646002899D04FF6FF79069B33B1B8F84D
:10F4F000001049450CD1264BEB60002604A9284694
:10F50000FEF7F8FD002888D030460FB0BDE8F08344
:10F51000013189B2B942628A10D9A9EB0701013BD6
:10F52000B3FBF2F301338B4234BFFF180137A169FB
:10F530003B4604A8FFF7BBFE0028DED0A169B8F85F
:10F5400000200868638A02FB0300E0610028D4D031
:10F550002146FFF7B9F92246FF2104A800F060FA1E
:10F560000028CAD0B8F800300133A8F80030BCE752
:10F570004FF6FF739F420DD1EB68054AE3E600BFEB
:10F58000529802088A980208739802086498020840
:10F590009D9802080137628AA169BBB22846FFF72D
:10F5A00086FE00283FF439AFA169B8F8003008683A
:10F5B000628A03FB02000133E061A8F800307DE7B6
:10F5C0002368DB6833B9314628460FB0BDE8F04305
:10F5D000FEF73EBD022E1FD104A92846FEF768FDA6
:10F5E00000283FF41AAF2368069EDB6822460021FC
:10F5F00004A8984730B9EB68002B7FF4A7AE079BAF
:10F60000224AA0E6069B0BB19E42ECD804A92846EC
:10F61000FEF770FD064677E7012E22D0052E29D091
:10F6200086BB01AF01360B2E02D1EB68184A8AE681
:10F63000012239462846FEF7FBFB00283FF4EDAED9
:10F6400017F9013B002BEDDB124B049301ABCDE925
:10F65000053623680021DB680791224604A89847F5
:10F66000D8E7082201A92846FEF7E2FB0826002871
:10F67000EAD1D2E604220DEB02012846FEF7D8FBC0
:10F680000426F4E7EB68044A5DE600BFB49802087C
:10F69000D097020801EB0008E097020870B590B01F
:10F6A00004461022002102A814F077FB00230193E6
:10F6B0008DF8033023689B6843BB0025A37D03F0CE
:10F6C0000F020A2A42D1E3691E68002E31D1019B44
:10F6D000ABB1228A934212D19DF80310224602A8B0
:10F6E000FFF70EFE10B30DF1020301AA0DF10301A5
:10F6F00002A8FEF799FCC8B1236A03B11D70204629
:10F70000FEF743FB0028D9D1012010E02A4ACDE9B9
:10F7100002234FF0FF33049301AA0DF102030DF110
:10F72000030102A8FEF780FC0028C6D1002010B01B
:10F7300070BD314606A8FEF7B9FF28B1357306A89B
:10F74000FFF7ACFF0028F1D0B668BEE73F2B29D801
:10F7500003F03002102A1AD1226A02B1157003F0A8
:10F760000E03082B18D1616A8B6823B9CB6813B9D3
:10F770004B681B6883B1E26906A8FEF787FF002883
:10F78000A5D006A8FFF78AFF0028A0D1CEE79A06E9
:10F79000E5D5236A1D809AE7628AE069002114F0AA
:10F7A000FCFA94E703F0C002802A90D1A2699B067C
:10F7B00015608CD5EDE700BF01EB00082DE9F04F97
:10F7C0009BB004461D4606A80023CDE90433ADF8DE
:10F7D0000A30FEF75BFF90BB00274FF6FF7AB94671
:10F7E000B846A368002B38D14FF6FF739A4504D072
:10F7F000BDF80A30BB4240F0D780069B5B8AE3B17C
:10F80000402B28BF4023590904A8002295B2A942E1
:10F8100000F2F18003F01F02DB060ED01AAB03EBFF
:10F820008101C2F12003DBB24FF0FF3222FA03F371
:10F8300051F8582C9A4240F0E58001201AE0002D42
:10F84000CAD106A8FFF72AFF0028C5D1E3686F4A8E
:10F85000002B08BF1346E3600BE002AB03AA0DF1D7
:10F8600009012046FEF7E0FB38B99DF80830002B6F
:10F87000BAD100201BB0BDE8F08F039E16B9E36833
:10F88000634AE5E7314606A8FEF78AFA88B19DF893
:10F890002E3003F00F020A2A72D1B8F1000F2BD1DB
:10F8A0000D9BD3F80090B9F1000F21D0BDF828804E
:10F8B00022E0B8F1000F1FD19DF82E3003F00F03A6
:10F8C0000A2BEDD0BDF8205006A8FEF736FA069BAD
:10F8D000BDF822201B6853F82230C3F303230A2B00
:10F8E00024D1FEF7BAF90028DAD1B9F1000F05D119
:10F8F0004FF000094FF0FF38464538D39DF80930E6
:10F90000D4F808B001934D46A3686DB39B457FF4CE
:10F9100068AF2B681B689C467BB1019B3246294629
:10F920002046E0470028A4D0AD68EDE7BDF82030C0
:10F93000AB42C9D1FEF791F9D7E7294610A8FEF7E7
:10F94000B5FE10B9E368334A82E7BDF850309E42F5
:10F95000EAD1119B002BE7D0012301992B7310AA48
:10F960002046FFF7CDFCDDE79B457FF43AAF9DF8DD
:10F9700009102046FEF76CFB00287FF432AF78E7D1
:10F9800003F03003202B22D10E9A0BAB9A4217D1F1
:10F99000BDF82030534510D04FF6FF72924506D087
:10F9A000BDF80A20BA4202D0E3681B4A50E70022A1
:10F9B000BDF82C70ADF80A209A460DF10A030E939B
:10F9C0009DF8091006AA2046FFF79AFCD4E7002B01
:10F9D000F6D1BDF824303F2BF2D859091AAA02EB10
:10F9E000810103F01F020123934051F8582C134367
:10F9F00041F8583CE4E750F8045B013502F101029C
:10FA00003FF404AFE368054A22E700BF7398020899
:10FA1000C4980208CD980208DF98020800990208ED
:10FA2000F0B5937D03F00F0385B0044615460B2B0C
:10FA300000F28E81DFE813F00C002600260026007D
:10FA40009800AA00BE00F200220122018C016E0182
:10FA50000139C9B2FD2906D8E368974A002B08BFCF
:10FA60001346E3605FE000226946ED69FEF73AFA6B
:10FA7000064620B1009B003B18BF01232B70304687
:10FA800005B0F0BD0139C9B2FD29E5D9022B69469F
:10FA90002ED1FEF78FFA0646002844D06B8A082B39
:10FAA00005D1DDE90001EB69C3E90001E7E7042BBB
:10FAB0000CD1EA69009B1360DDE90001002291424C
:10FAC00008BF9842DBD0E3687C4AC7E7022B04D129
:10FAD000009BEA6913809BB2EEE7012B05D1009BE6
:10FAE000EA69137003F0FF03E6E7E368744AB5E7D9
:10FAF000032B15D1FEF75EFAA8B1DDE900124B0821
:10FB0000C90743EAC2734FEA520201D5DB43D2432D
:10FB1000698A082910D1E969C1E900320126AEE7F6
:10FB2000FEF748FA08B90026A9E7DDE90032698A3C
:10FB3000082918BFDA17EBE7042908D1E969D817B3
:10FB40000B601946904208BF9942BCD1E6E70229F2
:10FB500004D1E86919B20180C817F3E70129C4D1BB
:10FB6000E86959B20170F7E7052902D0FF297FF44F
:10FB700073AF042269462046ED69FEF759F906463F
:10FB800000283FF47CAF009B2B6078E7012902D06E
:10FB9000FF297FF461AF082269462046ED69FEF730
:10FBA00047F9064600283FF46AAFDDE90023C5E9BE
:10FBB000002364E702297FF44FAF00226946FEF775
:10FBC00091F90028AFD0009EB6F5803F02D3E368DC
:10FBD0003C4A43E7AB7D03F0C003802B06F10202F1
:10FBE00017D1A3689E4202D9E368374A36E7E9692C
:10FBF00001232046FFF75BFB002894D0EB691968CE
:10FC000021F8026B3246204605B0BDE8F040FEF711
:10FC10000FB96B8A9A42DAD8E969F1E702297FF4D1
:10FC20001BAF00226946EF69FEF75CF900283FF43C
:10FC30007AAF009E731C02D1E368244A0EE7AB7DC5
:10FC400003F0C003802B06F1010211D1A3689E428C
:10FC5000CAD8E96901232046FFF729FB00283FF4B1
:10FC600062AFEB691F680023BB5532463946CAE7CD
:10FC70006B8A9A42F7D9E368154AEFE602297FF4C6
:10FC8000EBAE6946FEF714FA00283FF44CAF6B6AFE
:10FC900013B9E3680F4AE1E6AB7D03F00F03092BCC
:10FCA0001AD0AB7D3F2B2FD90023EA69696A6846D9
:10FCB000FFF784FD06461FE01799020839990208EC
:10FCC000279902084B990208B9970208349802084C
:10FCD0005A9902086A9902082A6A002AE1D052F861
:10FCE000083C002BDDD0043A294668469847029B21
:10FCF00006460BB10028D4D169462046FEF7FAF932
:10FD000000287FF4BCAE0EE703F03003203B18BFA1
:10FD10000123CAE702297FF49FAE00226946FEF75D
:10FD2000E1F8064600283FF4FEAE0099B1F5803FA9
:10FD3000BFF44DAF6A8A19B9E86914F02EF89EE64F
:10FD4000914202D0E368044A88E60A46E9695AE724
:10FD5000C368024A82E600BF839902088A980208B3
:10FD6000036910B5044603B198472046BDE810402A
:10FD7000F5F728B903692DE9F041044603B1984726
:10FD8000104BD3F8008004F1240504F1C4070026C9
:10FD9000D4F8C830B3420FDD55F8040F50B10368F2
:10FDA00041465B689847002803DC286803689B6825
:10FDB00098470136AF42EBD12046BDE8F041F5F758
:10FDC00001B900BF7803002037B504460D4601A8ED
:10FDD0000191F8F7E5FF211D284612F05CF914F0B7
:10FDE00073F963690198013B636103B030BD2DE98C
:10FDF000F341214D2B680646002B3AD05B68002B5F
:10FE000037D0D3E90034E41A1C4BA4105C43836E52
:10FE1000019300F15C0800F16007019BBB420BD12C
:10FE2000336F9C4225D2B56E0195AF421AD1294657
:10FE30004046FFF7C9FFF3E72868196902681268AE
:10FE4000904728B901994046FFF7BEFF0190E4E7CB
:10FE500001A8F8F7A5FFE0E7019B6A69596991429B
:10FE600038BF1D4601A8F8F79BFF03689F42F3D1F6
:10FE7000DDE702B0BDE8F081141D0020CF467D67AC
:10FE8000F7B58C68054616460F1D01235CB901972E
:10FE9000CBB1CB68BB4213D100233C462846C5E911
:10FEA000003403B0F0BD23693768D4E902029F42F1
:10FEB00038BF012327462ABF002304461446E5E73E
:10FEC00001A8F8F7CDFF019B326819699142E3D38D
:10FED000E4E72DE9F04F0D46DFF808A200231146B4
:10FEE00080F859302A68DAF804309A42A1B0044602
:10FEF00000F0EB806A2205A813F0F6FF95F8FA30BF
:10FF00000093002B00F0A9802846F5F707FD002894
:10FF100040F0A3802846F5F734FCD5F818718146E7
:10FF20001FB93846F5F77CF80746626E04F16008A1
:10FF300046461346A3BBB0450DD0336999450AD355
:10FF40007369BB4204D8FB1A4AF6BF00834202D849
:10FF5000012384F85930C34662BBD84503D0DBF88F
:10FF60001020914574D204F15C031820019314F021
:10FF7000A3F80022D84542610646C0F8109000F16F
:10FF8000100220D1236F1BB1E06E0369994530D870
:10FF900003A804F15C01FFF773FFDDE903B048E05B
:10FFA000D3F810C0D3E90201E14596BF1E460B46C7
:10FFB0000346BFE71069D2E90236814596BF9346F2
:10FFC00032461A46C8E7DBF810000192814513D289
:10FFD000A06ECDF808B0834530D002A8F8F740FFF6
:10FFE0000068019A00698145D2D90298C268002A46
:10FFF00076D1804512D121E06BD9E06ECDF808B002
:020000040801F1
:100000008345F6D002A8F8F7CBFE0068019A006994
:100010008145BDD2DBF80C2042B9584603693269EC
:100020009A422CBF00230123009307E0DDF808B0BB
:10003000584600284DD0BBF1000FDAD043460246A7
:100040003146009811F0C3FF236F01332367B34695
:10005000CBF814702046FFF7CAFE9DF858209AF896
:1000600096309A423AD12846F5F78BFB1E4A034652
:10007000102105A814F0D0FB1C4B28461E68F5F78C
:1000800080FB2B7A014605AA3046F6F714FAC8B170
:100090006E683046F5F74FFDA0B9DAF804309E429D
:1000A00010D0294612480AF03EFB05AB0546E9216F
:1000B000104A1030F9F706F90F4BE8812946186805
:1000C000F5F7EFFA2046FFF792FE002021B0BDE8D9
:1000D000F08F304613F0F8FF5E46B8E70120F5E7F1
:1000E0005846ABE76409002021910208141D002046
:1000F000E81C00203C5D0208301D002038B50C468D
:1001000005460CF0D7FA291D846011F09EFEEB68BD
:100110000133EB600CF0CEFA2146856011F095FEBC
:10012000A3680133A36038BD2DE9F047D0E901533E
:100130009D4207460E4606D00FC985E80F001035D0
:100140007D60BDE8F087D0F800A06FF07843A5EBA4
:100150000A09B3EB291F4FEA291402D1194812F0FA
:100160004AF9554514BF22460122A41825D234B3BA
:100170009C4228BF1C46200113F09EFF804696E853
:100180000F0008EB090C8CE80F0029464246504648
:100190000AF0E6FB294600F1100228460AF0E0FBCF
:1001A0000546BAF1000F02D0504613F08DFF08EB60
:1001B0000414C7E90085BC60C3E71C46DBE7A04622
:1001C000DDE700BFBE90020838B505460C4601F1D8
:1001D00010006968814202D02246F4F7E8FD6B689E
:1001E000103B6B60204638BD2DE9F041DFF89C8064
:1001F000274AD8F80460274BC1E900661279D3F882
:10020000EC31022A05460C4619D00B2A4AF6C002E8
:1002100018BF4FF46162002B08BF1346A360002093
:10022000F4F7FEFED8F804802B6F0746EA6E93427F
:1002300008D12D6FA0899D4219D1BDE8F0814AF601
:10024000C002E8E753F8082C53F8040CBA1AB2EBD2
:10025000400FA3F1100108D953F8103C984504D081
:1002600005F16C00FFF7B0FF01460B46DEE70928F9
:1002700009D81968B14206D004EB00125F685761D3
:1002800001301161A0811033D4E700BF6409002060
:1002900080030020D43D002070B5826F124EACB0B8
:1002A000044652B133689B1A104A934205D8012381
:1002B000C372002528462CB070BDB02200216846CC
:1002C00013F06BFD69462046FFF78EFF2046FBF7D3
:1002D00007F86B460546A269E9211030F8F7F2FFEE
:1002E0003368E881A367E5E7780300201FBF0200B9
:1002F0002DE9F0411546026D9DF8187004468846B8
:100300001E462AB1164B5968164B1868F8F77BFC45
:10031000236884F858709B69204698470146E8B1E5
:10032000114BC0F804801B79053B012B98BF0025B9
:10033000002F0CBF0A23402380F8FA5080F82231A6
:1003400006B10672D1F814310848236500231A4615
:100350000068F6F7C3F9002384F85830BDE8F0814F
:1003600064090020341D002080030020301D00207F
:10037000A0F120000EF068BD2DE9F7438B684D8990
:1003800023F47F43B3F5A02F0C46164621D14868CD
:10039000F5F7D1FBE8B9052D40F09080514B1B7C5F
:1003A000023B012B00F28A804F4D216828680368C8
:1003B0001B689847C0B92868616803681B6898473C
:1003C00070B12868616803681B68984703799BB916
:1003D00006E0052D72D1434B1B7C023B012B6DD8EF
:1003E000002003B0BDE8F0832868216803681B681B
:1003F00098470379002BDED03C4B186803683246DF
:100400001B6B2146984765682846F5F794FB18B999
:10041000374B5B689D42E3D12368002BE0D0354B1E
:10042000314ED3F80090DFF8BC8004200AF00EFAB9
:1004300030682146F6F718F90C23009398F8040069
:100440000B2302220321FAF737F86389042B0546B0
:100450002BD1A389432B02D1D4F804312BBB3068B4
:10046000216803681B6898470379F3B9224F3B68FA
:10047000DBB1D5B93368988B0BF0BBFCA8B91F4B27
:1004800001211868F4F73CFD78B1D8F8BC6120462A
:1004900071B2F5F799FD0236B04206DC0095237A79
:1004A000216838680122FFF723FF214614480AF02B
:1004B0003AF901464846F5F7F4F891E70C4B93F802
:1004C0009630002B98D0084D21682868F5F776FE05
:1004D000012885D061682868F5F770FE01288BD166
:1004E0007EE700BF80030020141D0020341D002083
:1004F00064090020301D0020A44A0020AC1B00200D
:10050000E81C0020F8B54FF4887204460D4600211F
:1005100013F043FC02230020A380F4F781FD23465F
:10052000242243F8080B0021184613F036FC01235F
:1005300084F8203023722376237484F82830174BF4
:100540001F683846F4F7C4FC154B60621E6896F8C5
:100550005030012B20D196F85A30012B1CD096F840
:100560005830E3603846F4F74BFCE061706D0DF0F5
:10057000C1F80C4B00220DF051FA0DF0F9FCD5E951
:100580001E234FF47A71B3FBF1F30749606101FB5D
:100590000233E3622046F8BD6523E2E7AC1B00208E
:1005A000E01C002000408F403789410070B50E46A6
:1005B0000546FAF795FEAA6904463346E92110304C
:1005C000F8F780FEE081204670BDA0F130000EF00B
:1005D00067BC10B5C4B0044601466846FEF71EFC71
:1005E000694604F13000FFF7E1FF4FF0FF3343604D
:1005F000002380F8FA300A2380F82231034B0146A9
:10060000186844B0BDE81040F5F74BB8301D002025
:10061000F8B5434B434F1D68C36FC567AB4282BFFC
:10062000836F0133836704463F4BD7F830031E794D
:1006300018BB062E1DD1012106263C4B1D6881F0FA
:1006400001012846F4F75CFC80B32846F4F76DFC02
:1006500060B3082E2AD0364B93F8613133B30021B2
:1006600020460CF043F9D7F83003002853D1E06E50
:10067000F8BDB31E59425941DFE748F20101F8F7CE
:100680002BFB062E014628D0022E30D1002840D068
:10069000274B2D1AD3F8400101214AF6C0024FF42E
:1006A0007A73002833D04343AB42C6D9214B1B6831
:1006B000D3F88C30002BDAD1012120460CF016F94A
:1006C000626F22B1E36F9B1A226F9342CFD3204611
:1006D000FFF77FFFE36F6367C9E70028ABD0144BD8
:1006E0002D1A0121D3F840014FF46162D7E70028A9
:1006F000A3D00F4B0B2EA5EB00054AF6C002D3F892
:1007000040014FF0000118BF4FF46162C7E7534347
:10071000CAE7012191E748F20101F8F7EDFCA6E7ED
:1007200078030020D84A002080030020AC1B002062
:10073000D43D0020301D0020F8B50446084615467B
:100740000E460DF0E5FB04F108032360002363600F
:100750002372696807460144204612F0C5FA3A46FA
:100760003146204612F096FB2946204612F0A2FBA5
:100770002046F8BD70472DE9F74FDDE90C470E9D87
:1007800083468846924699460DB9002064E0DBF81E
:100790000000BAF1000F1ED0DAF800304B451AD134
:1007A000DAF80410A14216D886690E44A64212D97E
:1007B000361BAE42DAF8083028BF2E46611A38469A
:1007C0003246194413F090FBAD1B37443444DCD05F
:1007D000DBF80000E0E7D8F8002043694A4517D16C
:1007E000D8F80410A14213D8CE18A64210D9361B4F
:1007F000AE42D8F8083028BF2E46611A3246384635
:10080000194413F071FB37443444AE1B3546BBE743
:100810004168B4FBF3F203FB12428C467AB9AB4257
:100820000DD8B5FBF3F603FB1656AD1B00953B4602
:1008300022464946E04778B92F442C44E6E7A21AFD
:10084000C8F80090C8F804200093D8F8083049464A
:100850006646B04700289AD003B0BDE8F08F2DE976
:10086000F04786B005460F46144600F11409D61825
:100870004FF0010A0DF11708B44203D1002006B071
:10088000BDE8F0870094CDE9018A3B460022494645
:100890002846FFF770FF01340028F0D10E9801229E
:1008A0004146FDF786F9E7E71FB5069C0092CDE9C2
:1008B000013400220B4600F11401FFF75CFF04B085
:1008C00010BD2DE9F04F8BB01368049300265368D8
:1008D000059307460C46B0460DF1100A06AD5AF8CE
:1008E00026901023009300222B4649463846FFF7F6
:1008F000DBFF70B110F1340F06D146B1B8F1000F33
:100900000CBF6FF0330000200BB0BDE8F08F012664
:10091000E5E7B8F1000F04D0E269069B9B1A002BB3
:10092000EBDB079B23F0004BBBF1130FE5D93A68D3
:10093000D2699345E1D84FF0FF3203A803922946CC
:100940001022FDF736F90090ABF110031022494652
:100950003846FFF784FF0028CCD1039B002BCCD175
:100960000AAA86F0010302EB830304F11C0C53F87E
:10097000183CA3601023E36095E80F00C4F80490CE
:100980004FF001088CE80F00B7E72DE9F043064669
:1009900095B00F464FF00108336BD6E90D219A420E
:1009A00061D1002900F0C880F06A32680344106AFF
:1009B000526A8A4294BF32633163B3FBF0F4002180
:1009C00000FB1433F362F06B7163D20813F0E5F9A6
:1009D000301DFDF7D3F80028DED1012303900493E6
:1009E00003993046FDF7B0F80446002860D1049919
:1009F0003046FDF7A9F80446002859D103AA09A9F1
:100A00003046FFF75EFF0446002851D14FF00C0935
:100A1000119B0C9D23F0004305F10C02043B9A420C
:100A200050D9129B039303A8139B0493FDF7A6F8D8
:100A30000028D5D0F56806F11409002DACD0EB697B
:100A4000DA0369D4EB699B030BD501962B6A0093FB
:100A50006B6A05F12C02494630460AF06DFF0446E8
:100A600030BB2D68E9E70139501CB1635409F16BC3
:100A7000706351F8244002F01F0008FA00F0204291
:100A80008BD1F36A13443268126AB3FBF2F002FBB3
:100A900010333B60356B0120736BAB424AD05A096F
:100AA00003F01F0451F8222000FA04F4144003D18B
:100AB000204615B0BDE8F08301337363B36B013B8F
:100AC000B363E9E70A99CDF8009006AB2A463046B1
:100AD000FFF7EAFE04460028EAD19DF81B209DF8A6
:100AE0001A109DF819000AF0F3FF9DF8183003F072
:100AF00070032844102B0C908AD1089B0093224647
:100B0000079B019606F1140130460AF015FF0446D2
:100B100000283FF47DAFCBE701966B6900932B690A
:100B200005F12C02494630460AF006FF044600282B
:100B300088D0BDE70024BBE76FF01B04B8E773B5AE
:100B40000C4604310646FFF720FF0546F0B904F1D4
:100B500008013046FFF719FF0546B8B90423009392
:100B60000246616804F11C033046FFF79DFE10B198
:100B700010F1340F0DD1E3690133E36114224FF01A
:100B8000FF33C4E90823A3621023E360284602B0C0
:100B900070BD0546FAE72DE9F04F044689B00E46D0
:100BA00000F1140B07A92046FFF7EFFE054658B9E0
:100BB000DDF81C90206849460BF08EF805460028A9
:100BC0003BD010F1340FEDD0284609B0BDE8F08FCE
:100BD0000DF11B07CDE90087CDF808A0736A059ACF
:100BE00059462046FFF7C7FD70B9CDE9017ACDF827
:100BF00000804B465A4604F120012046FEF768FA71
:100C000020B110F1340FCDD00546DDE708F1010821
:100C1000B36A4345DCD82368A16A9A69706B13F004
:100C200063F9236AF362636A2068336304F1200185
:100C30000AF0BFFEC6F82490C6E706F12C038046F2
:100C400005934FF0010AE3E72DE9F74307460C4609
:100C5000164601F124084FF01009216AE26821F0DC
:100C6000004302F10C00043B984215D80C2300937A
:100C70006168331D3846FFF717FE054688B9E768F7
:100C8000F279B179707937600AF022FFA3690744DD
:100C90000344E760A36104E0002906DB32606FF0E3
:100CA0000105284603B0BDE8F08342462146384698
:100CB000FFF707FE05460028F3D1A369C4F80C909E
:100CC0001433A361C9E72DE9F843054604300F4604
:100CD00014461E46FCF752FF10B10020BDE8F88311
:100CE00001235062936202F1240806F1080940468C
:100CF000FCF744FF0028F0D1424621462846FFF782
:100D0000E0FD0028EAD1324621462846FFF79CFF45
:100D100010B1831CEBD0E1E7337903F07003202B93
:100D2000F1D139464846FCF733FF0028EBD10120CA
:100D3000D4E7CB695A032DE9F04144BF23F4802363
:100D4000CB61CB6944BF4FF0FF32CA629B0390B0C6
:100D500005460C4652D50F6A2C22002102A805F147
:100D6000140613F01AF82369069396E807006369DE
:100D700007930123CDE9093710AB03E907004FF0D2
:100D8000FF38C5F81480226A63699A4213D304F1CC
:100D90002C08324641462846FEF772F918B310F186
:100DA000340F05D121462846FFF7F5FE0028F0D084
:100DB00010B0BDE8F08101230DF1070202A9284619
:100DC00000F09BF80028F3DB01230DF10702214618
:100DD000284600F038F90028EADB6B690133D2D0ED
:100DE000CDF83480CDE7636A2361236A6361E369E8
:100DF00023F4003343F48033C4E907370020D7E7F6
:100E000070B592B006460C46FFF793FF054650BBFF
:100E1000E36903F41023B3F5803F24D1221D10466B
:100E2000FCF7ACFEF8B907A93046FFF74AFDE8B970
:100E30000C23E26808990093304604ABCDE90455D1
:100E400006950392FFF730FD80B92369059303AA45
:100E50006369069307A9304609F04AFE30B9E36991
:100E600023F48033E361284612B070BD0546FAE7EB
:100E7000037D23B90369816903F10C00C0E7704762
:100E800070B585690446A5B1037D0669ABB1F36908
:100E900006F11C021BB19D4219680BD11160A069BB
:100EA00013F012F9E0690025A56108B113F00CF9FF
:100EB000E56170BD1A460B46ECE7294606F10C00C9
:100EC000FFF79EFFB36906F118021BB19D42196836
:100ED00010D11160AB690BB11B682BB9F3685B6B68
:100EE00013B9686B13F0F0F8A06913F0EDF8002364
:100EF000A361DEE71A460B46E7E72DE9F04F1D46F2
:100F0000CB69904603F00302022A87B007460C46DD
:100F100054D09A0305D4236A6669B34208D30020EB
:100F200003E0FFF706FF0028F5D007B0BDE8F08F1B
:100F3000F61AAE4228BF2E4604F12803B14604F14A
:100F40002C0A059304F1240BB9F1000F01D13046AE
:100F5000EBE7E3695B0304D53B68A26ADB699A426D
:100F600010D1059BCDE901B3236A0093D4E9042392
:100F7000514638460AF099FC0028D6D1E36943F47B
:100F80008023E3613A68A36AD5690093ED1A4D4561
:100F900028BF4D46CDE901850022636A5146384697
:100FA000FFF7E9FB0028C0D1236A2B442362A36A20
:100FB0002B44A362A844A9EB0509C5E76FF008001C
:100FC000B3E71346027D10B432B904690A46816959
:100FD00004F10C0010BC90E7002010BC704707B56E
:100FE00001220DF10701FFF7ECFF0028CCBF9DF8AF
:100FF00007004FF0FF3003B05DF804FBF7B504467F
:101000000069237DE3B9A1698DF807300DF107026E
:1010100001230C300F6AFFF770FFA66900282069D2
:10102000C8BF9DF80750314600F10C00D8BF4FF003
:10103000FF35FFF77EFE00B93762284603B0F0BDEA
:101040004FF0FF35F9E72DE9F04F8FB0CDE90623DA
:10105000CB6903F00302012A05460C4600F01B8110
:101060005E0315D4E66932051BD416F400361ED093
:1010700005F11403DDF81CA0099304F12C08E369C1
:10108000BAF1000F26D123F40023079AE36104E0AC
:10109000FFF74FFE02460028E4D010460FB0BDE82F
:1010A000F08F6269216A914238BF2262DDE7276AC8
:1010B00063699F42DCD92362236A9F42D8D90DAA73
:1010C0000123214628468DF83460FFF7BCFF021E3D
:1010D000F2DAE2E79B0324D52B68A26ADB699A4225
:1010E00040F098802B681B6AAB6305F114030493EE
:1010F000D4E90832CDE90B230DA92846FFF745FCBA
:10110000024608BB0D9B2868059319460AF0E4FDCA
:10111000024618B312F1340F16D14FF0FF332B6291
:10112000EAE7236A002BDDD004F128020292013B9A
:1011300004F1240201920093D4E904234146284695
:101140000AF0B3FB024620B1E36943F40023E361F4
:10115000A3E7286841460AF02CFCC3E70C9F2E68E1
:101160000890002F4FD0013F0CA930460C970AF091
:101170007FFB0C9FF369089A01379F420C9768D157
:10118000461C96FAA6F6B6FA86F606F1010B9146CB
:101190000BAF4FEA890308930423CDE901734FEAAB
:1011A000890300934146DDE904232846FDF790FFBB
:1011B0000B9B02460028ADD14E4550D109F10109E3
:1011C000CB45E6D84FEA8B071DE00022CDE9016B45
:1011D0000B9B0499CDF800902846FFF7CCFA024605
:1011E0000028B1D1DDE90423CDE9016BCDF80090F1
:1011F00041462846FDF76CFF024600288AD109F1D6
:1012000001094F45E1D8059BC4E90937E36943F477
:101210000033E3612B68DE69A36AF61A564528BFDE
:101220005646069B02960193A36A0093099A636A45
:1012300041462846FDF74CFF0246E8B110F1340F55
:1012400082D121462846FFF7A6FC02460028E8D0B6
:101250007AE791464FF0010B0DF12B06D1E70421FF
:10126000CDE901710899009128460499FFF783FAA6
:1012700002460028A2D067E7236A33442362A36AA8
:101280003344A362069B334406932B681B6AAB630B
:10129000AAEB060AF3E66FF00802FEE61346027DAB
:1012A00010B54AB904690A46816904F10C00FFF7D8
:1012B000CAFE20EAE07010BD0020FCE7F7B5044646
:1012C00004300E461546FCF759FC10B1002003B05F
:1012D000F0BD009001236A46294620460193FFF79E
:1012E000F0FA0028F3D105F124073846FCF746FC54
:1012F0000028EBD131463846FCF74AFC38B13A4673
:1013000029462046FFF7DDFA0028EED0DFE701206E
:10131000DDE730B5044693B004300D46FCF72EFCF3
:1013200010B1002013B030BD0190012301AA07A91C
:1013300020460293FFF7C5FA0028F3D110A8FCF766
:101340001DFC0028EDD110AA07A92046FFF7B9FA25
:101350000028E7D103AA07A92046FFF775FC10B1C2
:10136000831CEBD0DEE79DF91030002BF2DB082266
:10137000294605A812F0E7FC0028EBD10120D1E7AF
:101380002DE9F04F87B01F68049340F622035360A5
:1013900043689360DFF824918368039105461446FF
:1013A000D3604946384613F06FFB07EB00088346CD
:1013B0004946404613F02EFB0128064608EB000A7A
:1013C00005D117F80B302E2B0AD15746E9E7022832
:1013D00006D102463A49404612F0B5FC0028F4D046
:1013E00057464FF0010B4946504613F04DFB8244DF
:1013F0004946504613F00EFB024690B102280CD12C
:1014000005902F49504612F09EFC059A28B9BBF171
:10141000010B04D10AF10207C3E70BF1010B92445F
:10142000E1E798F8000000283DD0049BC3F8008055
:101430002379222B3FD104F1080A0399524628460A
:10144000FFF73FFA78BB05F1140B039922462846B3
:10145000FFF7FAFB38BB237903F07F03112B01D090
:10146000222BF2D1E379B342EFD1236862790433BE
:101470001344A279CDE900861344039A5946526871
:10148000284609F04CFB00280DDBDED094F904302F
:10149000002B86DA51462846FFF73BFF002805D08F
:1014A00001DB6FF0010007B0BDE8F08F237903F096
:1014B0007F03237175E76FF01300F4E7C19402080E
:1014C000A599020870B594B01546039103AB05AA1F
:1014D00009A90646FFF754FF0446C0B901464FF478
:1014E0008472284612F059FC9DF818302B70112B8D
:1014F00004BF089B6B60311D07A8FCF749FB05F191
:101500000803044630B90C49184612F0E5FC2046A1
:1015100014B070BD059A9DF819109DF81B0000903D
:1015200004320A449DF81A1030460A440A99FFF71B
:10153000BBF90446EBE700BFC1940208F0B50126F1
:1015400080F84060A7B004460430FCF717FB05465E
:10155000002878D101462C2205A812F01EFC4FF07D
:1015600000432822294610A80D9312F016FC1A9663
:1015700023681B6A9D4202D36FF0330020E019A854
:10158000FCF7FCFA00285ED119AA10A92046FFF743
:1015900098F9A8B90D9B002B34DB01AB1BAA0EA94F
:1015A0002046FFF790FB00280ADB0BD1199B0E9316
:1015B0001A9B0F9300231A4605A9204600F0E8F86D
:1015C00027B0F0BD039A0E99049B0F988A4201D16F
:1015D000984217D0904201D1994213D00E92E8E779
:1015E0009DF97030002B0DDA1DA92046FFF791FE02
:1015F0000028E5DB1BD01BAA10A9204600F000FA4A
:101600000028DDD11BAA10A92046FFF71DFB0028EA
:10161000E6D0831CD4D110AF0FCF05AE0FC60FCFCD
:101620000FC697E80700013586E80700A0E79DF898
:1016300070301BAA03F07F0310A920468DF870308C
:1016400009F056FADCE70020BAE72DE9F04F05462D
:10165000B2F1000893B04FF03800894640F203170A
:1016600008BF012712F028FD0446A86118B32E69AF
:10167000CDF8089007F00309B9F1010F06F10C0A43
:101680000BD102AB03AA07A95046FFF779FEB0B908
:101690009DF81030222B37D108E096F84C30002B03
:1016A000EFD15046FFF74AFF0028EAD0A86912F0B0
:1016B0000BFD0023AB61002013B0BDE8F08F0230BA
:1016C000F4D1DDF808B02F21584613F096F9002820
:1016D000ECD1FA05EAD540F611028DF8120001901E
:1016E0005846ADF810200CF013FC019B8DF8130048
:1016F0004FF0FF320592069303AA5B4607A95046B6
:101700000AF0EAF90028D1D10023089A6260C4E9FE
:101710000773099AF768A361A2604FF0FF33039A39
:10172000E260E362059A7B6B2261069A6261DBB933
:10173000B9F1010F25D1786912F0BEFC6063002871
:10174000B4D0B3692360B8F1010FB46108D1AC69BA
:10175000286921460C30FFF7ECFA08B96369236267
:1017600000232B750120A7E7B269002A9ED1B9F1A9
:10177000010F6363E5D004F12C0138460AF019F932
:10178000DFE7B86912F098FC60630028F3D18DE7B9
:101790002DE9F04F9DB00D460893CB6904920133BB
:1017A000CB610B1D0646069308984B688968059324
:1017B000C5E9011302EB001413469C4212D1059BAC
:1017C0000C9300230B910793696830680AF084FA40
:1017D000044678B114F1340F00F0898020461DB022
:1017E000BDE8F08FD8682A6A02445868121A2A6243
:1017F0001033E2E705F11C084FF0FF331022414699
:101800000DA810270D93FCF7D4F9CDE901870094BA
:1018100006F1200922466B6849463046FDF758FC20
:1018200004460028D6D18246B84626E0089B9A4551
:101830006CDA049A4FEA0A1302EB0A1BD3584345A9
:1018400064D1DBE902420DA821460992FCF7B1F907
:10185000099A0097CDE9014249466B68002230465B
:10186000FDF736FC04460028B4D1DBF80430984478
:10187000DBF80C300AF1010A1F442B6A23F0004305
:10188000043BBB42D2D80DF13408CDE900780423E3
:1018900002936B68002249463046FDF719FC044666
:1018A000002897D14FF0FF3702467761494630460E
:1018B000FDF7E6FB044600288CD1306803699847A1
:1018C0000446002886D12B6A0A970AAA009223F0C0
:1018D000004302466968043B3046FEF7C0FF0446F9
:1018E00000287FF47BAF0A9A0D9B9A423ED04FF0BE
:1018F000FF3333620127002311A90BA8CDE911376B
:10190000FCF746F940BB6FF0330467E74FF0010B7B
:101910000599CDF800B011AB42463046FEF7C4FF42
:10192000044600287FF45AAF5A4611A90DA8FCF7C7
:1019300040F911ABCDE90073CDF808B022466B68D1
:1019400049463046FDF7C4FB044600287FF442AF09
:1019500008F10108013790E706993046FFF715F8BE
:10196000044600287FF43AAF07972DE7079B23B37F
:10197000434611AA0BA93046FFF7A5F90028FFF648
:101980002EAF29D06B680F934246AB68109311A914
:10199000304609F0ADF800287FF421AF311D0BA8C7
:1019A000FCF7F6F818B96B687360AB68B360304643
:1019B000FFF7C4FD00287FF412AF3469002C3FF418
:1019C0000DAF0699201DFCF7E3F818B96B6863604A
:1019D000AB68A3602468F1E711AA0BA93046FFF7B2
:1019E0006DFC0028FFF6FBAEE7D06B681A93AB687E
:1019F0001B9300231A4611A93046FFF7C9FED9E709
:101A00002DE9F04F14460D46D279A1798DB080466C
:101A100060790AF05DF82B6A143023F000438342AA
:101A20001DD101AA291D4046FFF748FC061E12DB06
:101A3000099A002A13DA2B6A63F0004313400993D2
:101A40006B6A0A93AB6A0B9300231A4601A94046BE
:101A5000FFF79EFE064630460DB0BDE8F08F2368C6
:101A6000E279A179607901930AF032F80023CDE997
:101A700003330290012301AA29464046FFF788FE5E
:101A800006460028E7D1D8F80C7005F1040B4FF09A
:101A9000FF3AD7B9D8F8107005F10408002FDAD052
:101AA0004146381DFCF774F868B9FD6823689D420B
:101AB00009D9E279A17960790AF00AF8BB692D1A8F
:101AC0001B1AFD60BB613F68E8E75946381DFCF70B
:101AD0005FF830B9D7F80C902368994503D1C7E96E
:101AE00001AA3F68D5E7FCD9E279A179607909F0CC
:101AF000EFFFA9EB0000F860F3E7FEE7004870474E
:101B00000C4E002080B582B000AF78602948FDF708
:101B100045FB7B681B6819462748FDF73FFB7B6840
:101B20005B6819462548FDF739FB7B689B681946B9
:101B30002348FDF733FB7B68DB6819462148FDF736
:101B40002DFB7B681B6919461F48FDF727FB7B6847
:101B50005B6919461D48FDF721FB7B689B691946A7
:101B60001B48FDF71BFB7B68DB6919461948FDF72D
:101B700015FB194B1B6803F00103002B14BF012355
:101B80000023DBB2002B00D001BEFDF7FDF8FDF70E
:101B9000FBF8FDF7F9F8FDF719F9FDF717F9FDF76F
:101BA00015F9FDF7F1F8FDF7EFF8FDF7EDF8FCF7A3
:101BB0001DF8EAE7489A0208589A0208649A02084F
:101BC000709A02087C9A0208889A0208949A02087D
:101BD000A09A0208BC9A0208F0ED00E010B5074B8D
:101BE000044640F8243B10F0FBFF2046044B40F82D
:101BF0001C3B10F085F9204610BD00BF0CA5020863
:101C000080A5020810B50446FFF7E8FF204612F051
:101C10005BFA204610BD10B590F89130012B0446B8
:101C200004D1436E13B1836E04389847022384F8BD
:101C300091300023636694F84130202B0BD1282388
:101C400084F84130044B636320464FF40041BDE803
:101C50001040F0F7D6BC10BDF92D0008436E1F2BC5
:101C6000DEBF436E0133436690F89130012B04D1FF
:101C7000416E7031014409F03DB970470020F0F722
:101C8000B9BC0020F0F74CBE0020F0F7B3BC002038
:101C9000F0F746BE0020F0F7ADBC0020F0F740BEE4
:101CA0002DE9F04F15469A46426EB14BD0F86C9034
:101CB0009A4285B004460E4634D0AE494846F2F703
:101CC00005F9AD490746A06EF2F700F9AB4901905E
:101CD000206FF2F7FBF8D4F874B0A9498046584653
:101CE000F2F7F4F80090D7B1019BC3B1B8F1000F3F
:101CF00015D019463846F2F7F5F8009907464046E0
:101D0000F2F7F0F8014680463846F2F7EBF86066E5
:101D10002FB1B8F1000F02D0002840F0F98005B0D3
:101D2000BDE8F08FB9F1FF3FF9D1836E0133F6D1F1
:101D3000036F0133F3D1436F0133F0D14FF40073DC
:101D4000A3614FF48273676E63608E4B27601868DF
:101D50002FB18D4B9F4240F0E280F1F771FCB6EB62
:101D6000500F80F0F480B6EB900F80F0F280B6EB6D
:101D7000D00F80F0F080B6EB101F80F0EE80B6EB55
:101D8000501F80F0EC80B6EB901F80F0EA80B6EB3D
:101D9000D01F2CBF30233823E361002D00F0E380F7
:101DA000022D00F0E280013D18BF01256D000123E6
:101DB000C4E904530723E3624FF4E063E360BAFA33
:101DC0008AF35B090026DB01C4E90836684BA6608C
:101DD0009F42A662666329D066494846F2F76AF8D0
:101DE0006549A06EF2F766F8276F64493846F2F746
:101DF00061F83B09B54214BF0122022213F00C0F17
:101E000002BF624903F00F0301EB830307F00F07E2
:101E100008BFD3F88C055E4B18BF304653F8271027
:101E2000F1F7B9FF5649606FF2F744F82368564A54
:101E3000934240F0B3804FF48050F2F779F84FF0BE
:101E4000B0431A6C42F480521A641A6C22F4805225
:101E50001A64656A67680023002D40F0C980B7F5F1
:101E6000827F00D0E561A36294F85D3003F0FF0249
:101E70000BB984F85C202268E068A169022384F829
:101E80005D30136823F040031360B0F5E06F4FF04E
:101E900000038ABF1E464FF48056B0F5706F18BF1E
:101EA000A362A36807F4827703F404433B432769E2
:101EB00007F002073B43676907F001073B4301F462
:101EC00000773B43E76907F038073B43276A07F091
:101ED00080073B431360636B05F0100503F00803B4
:101EE0002B4300F47060090C034301F004010B4321
:101EF00033435360D36923F40063D3610023236623
:101F0000012384F85D30136843F04003136006E753
:101F1000BBF1FF3F3FF412AF4FF4802310E71D4B9E
:101F20009F4202D1F1F77AFB19E7114B9F427FF4F0
:101F300016AFF1F771F84FF0B043174AD3F80831F4
:101F400003F00F0352F82330B0FBF3F007E7002350
:101F500022E7082320E710231EE718231CE720238D
:101F60001AE7282318E72B4622E7002320E700BFC3
:101F7000000001584876020890760208D8760208D8
:101F80002C7702086400002000300140F471020840
:101F90004C4F020800380040284B0208164A934272
:101FA0000ED14FF48040F1F76FFE4FF0B0439A6BC3
:101FB00042F480429A639A6B22F480429A6348E723
:101FC0000E4A93427FF445AF4FF0B0435A6E42F051
:101FD00001025A665A6E02F001020392039A5A6C89
:101FE00042F001025A645A6C22F001025A6430E74E
:101FF000C4E9043337E700BF00380040000001584F
:1020000070B500230D461646FDF7D8FB044618B9F7
:1020100031462846FCF75DFB204670BDF8B5C36825
:10202000044615469AB106688EB1D31802D2876865
:102030009F4207D22369084A002B08BF1346236139
:102040000020F8BDB04710B92369044AF4E7E368FB
:102050002B44E3600120F4E7A8990208C79702081F
:10206000F0B5802A85B073F100010646D4B201A90B
:1020700006D28DF804400122FFF7D0FF05B0F0BD75
:10208000D50904F07F040846002253EA050C1746E0
:1020900002F1010208D13A4602F110036B44013209
:1020A00003F80C4C3046E7E764F07F04042A00F89C
:1020B000014B05F07F044FEAD515E6D1002BEBD09C
:1020C000180100F070000443DB08002BE4D064F03A
:1020D0007F04545403F07F040132DB09F5E770B547
:1020E000002304460D461646FFF7BAFF28B13246D4
:1020F00029462046BDE8704090E770BDCB6970B5B9
:1021000004460D46002B7FD08A7D098A09F08EFB9C
:10211000002871D0A87D00F00F030B2B71D8DFE8E9
:1021200003F00610101016161C335050706DEB693A
:102130001A78003A204618BF0122BDE870400023FB
:102140008EE729462046BDE8704003F087BA29464D
:102150002046BDE8704003F0CDBAE96909B90A46E6
:102160000EE03F280A880AD86B8A023B934206D2C7
:102170002369264A002B08BF134623613CE0023145
:102180002046BDE87040AAE700F0C00080286B8AB6
:10219000E9690ED013B923691D4AEBE7013B002919
:1021A000DDD000229A42885C06D00028E8D00132B7
:1021B000F8E74FF0FF33F2E70028E1D02369154A32
:1021C000D8E76A6A12B92369134AD3E7092B06D004
:1021D000EA69696A2046BDE8704003F0EFB92A6AEF
:1021E000002AF5D052F8083C002BF1D0043A2946D9
:1021F000204698470028EBD1002070BD6A8AE96923
:10220000BEE72369054AB5E70120F6E7B49902085D
:10221000C8990208DB9902086A9902088A9802089C
:102220002DE9F0438B7D03F03002302A87B005465C
:102230000C4608D10A6A1188228A91420AD00120EC
:1022400007B0BDE8F083102A28D10A6AB2B112782B
:10225000002AF4D0E269002AF1D003F0C003402B39
:1022600016D12368DB68002BE9D0224629460020DE
:1022700098470028E3D12B69624A15E03F2BE9D843
:102280000846FCF7B9FA0028D9D1E369002BD6D06B
:102290002146284607B0BDE8F0432FE7C96949B990
:1022A000002ACCD10369584A002B08BF13462B6182
:1022B0000020C5E703F0C0014029D2D0202AE7D191
:1022C000226A1688002EBAD0802922D103F00F038B
:1022D000052B5FD8228AD20042F002020023284652
:1022E000FFF7BEFE0028E3D0A37D03F00F03042B0D
:1022F00015D1B7003A4600232846FFF7B1FE002863
:10230000D6D0296871BB3A46284607B0BDE8F043ED
:1023100084E6A28AB242D9D203693C4AC4E7052BBB
:1023200001D1F700E6E71422002101A811F035FDE4
:10233000D4F81C800027214601A803F08FF928B9A2
:102340002B69002BB3D1059B314AADE7E369628A63
:1023500001371344E361BBB29E42ECD8049FC4F83A
:102360001C80C7E70027A37D03F00E03042B214642
:1023700028460CD103F0BEF9002899D0E369628A9F
:1023800001371344E361BBB29E42ECD857E703F038
:1023900065F9F1E74FF00008A27D02F0CE03862B2D
:1023A0002BD1E769D7F80090C4F81C90B9F1000F61
:1023B0001BD1218A284609F039FA08B9E76177E785
:1023C000012201A928468DF80490FFF727FE002876
:1023D000F4D0E761E369628A08F101081344E3611C
:1023E0001FFA88F3B342D7D329E721462846FFF7DF
:1023F00085FEE7610028EDD15AE721462846FFF720
:102400007DFEF7E7EF99020800990208FE9902089D
:10241000169A020830B595B004466846FCF736F9BE
:1024200070B39DF8163003F00F030A2B21D1079BE0
:102430001D681DB96846FBF7A8FCF1E72B685B68CF
:10244000294623B12046984758B1AD68F1E70AA85C
:10245000FCF72CF940B923690A4A002B08BF134640
:102460002361002015B030BD0AA92046FFF7D8FE31
:10247000EAE769462046FFF7D3FE0028DAD1F0E705
:102480000120EFE7CD980208F0B5404B04461868EC
:102490008BB0B0B14389042B13D18389042B10D1A5
:1024A00090F8FA306BB1F3F739FA50B994F8593023
:1024B0003BB10123E37284F85900002528460BB094
:1024C000F0BD334B00211868F2F71AFD10B9012353
:1024D000E372F2E72F4FD7F83003002832D12E4DA8
:1024E0000026E67295F89630002B42D12B4A6B6895
:1024F0001021684612F090F906AB684604930BF081
:1025000007FD4FF000030DEB0002694604A8F2F747
:102510005CFC0499224811F0DFFC04A810F060FB79
:10252000D7F8300310B10421F6F7E6FD2046F8F79E
:10253000D7FE1B4BA2690546E9211030F6F7C2FE13
:10254000E881BBE70421F6F7C7FB94F8583043B99C
:102550000028C4D0134B144A1B681B1A9342BED8E0
:10256000B5E70028BBD00F4B1B684EF65F221B1A45
:10257000F4E7B5F89830002BB8D02022314605F1A9
:102580009A0011F00AFCA5F89860AFE7AC4A002069
:10259000AC1B0020D84A00206409002021910208C9
:1025A000B609002078030020BF270900F8B50446CB
:1025B0007C3006F099FCD4E92267BE4208D035464B
:1025C00028460C3506F059FCAF42F9D1C4F88C60AE
:1025D000012384F89430F8BDF8B5D0E92267BE42F3
:1025E000044608D0354628460C3506F046FCAF4276
:1025F000F9D1C4F88C60002384F89430F8BD184BEE
:1026000070B5D0E9225603603C330446C362AE4243
:102610001CD1D4F8880008B111F056FD04F17C00FB
:1026200006F02BFC254604F1700006F026FC04F1B0
:102630002C000AF061F855F8200FA8420BD1094B85
:1026400023602046F5F7ACFA204670BD284606F018
:1026500014FC0C35DBE7066811F036FD3046ECE77C
:1026600098770208FC770208A0F12C00C7E710B5A4
:102670000446FFF7C4FF204611F026FD204610BD9A
:10268000A0F12C00F3E72DE9F04FD1F804318BB025
:1026900005460F46144603BBA14604F1040A04F1A3
:1026A000240604F126084FF0FF313846F3F78CFC7E
:1026B000002850DAAF4E7A6873680193D7F8043176
:1026C000002B6FD0B4F850A004F12E0804F1300BA9
:1026D00004F1500904F152036DE0A64B11885868CB
:1026E0007B68834216D0002399421A4609D904EB2D
:1026F0008202013352688242DBB2F5D1FF2B5EB217
:1027000009D104F12E0904F1300A04F1500604F154
:102710005208C8E70026B14216BF04EB8603D7F87B
:102720000080D3F80480B8F1FF3FEAD023889E42AE
:1027300008DB3868414606F0A1FED7F80431002BCB
:10274000DFD1A9E704EB860341465868013606F05D
:1027500095FE76B2EAE7B9F80030C01A40B200221E
:102760004FF0FF3C51B28142B9F8003011DB3288A2
:102770009B1A5BB20022802051B299429ADA3188CA
:1027800007299FBF08F801003188013131800132EB
:10279000F2E7072B9EBF4AF823C00133A9F80030A7
:1027A0000132DFE7B4F824A0A04604F1040B04F1E1
:1027B000240904F12603BAF1070F039311D8D7F8BF
:1027C0001C0102924FF081410BF030FD0BF07EFEB8
:1027D000039B029A03F80A00B9F800300133A9F804
:1027E0000030019B9A4209D0B8F80030072B9FBFF8
:1027F00072684BF823200133A8F800305E4A234664
:10280000E92107F11000F6F75DFDF881D5F898C0D1
:10281000BCF1000F20D0D7F8043103B33B68A3EB21
:102820000C00434243410022B4F800800020C1B2B2
:1028300041451ADB0021E78D4FF0000E5FFA8EF064
:10284000B8421ADBB8F1000F00F0A280002F40F070
:10285000A680C9B9C3B9BAB90BB0BDE8F08F7A6820
:102860007168511A4A424A41DEE704EB81010130A6
:1028700049688C45DBD10121DDE70C300EF1010EFA
:1028800054F820008445D9D13C4904A806F01AFB2D
:1028900023887068002B00F0C48006F0CCFD014650
:1028A00004A806F065FB4FF000084FF000094FF058
:1028B0007A5B238832495FFA88F79F4204A878DB65
:1028C00006F056FBD5F8980006F0B5FD014604A8C1
:1028D00006F04EFBA38C0BB3234493F925308033D1
:1028E0001CD0284904A806F043FBA38C234493F989
:1028F00025000BF047FC4FF07A510BF097FC014696
:1029000007A806F0EFFC07A904A806F02EFB07A80D
:1029100006F0B3FA1C4904A806F02AFB1B4904A8D8
:1029200006F026FBE38DD5F89800002B40F09B8045
:1029300006F081FD014604A806F01AFB104904A820
:1029400006F016FB706806F076FD014604A806F056
:102950000FFBB4F85030002B00F0C58094F95230D2
:10296000803300F0C080074904A806F001FB94F909
:102970005200A3E064090020887402084B9B0208FF
:102980001D9A0208219A0208239A0208409D020813
:1029900000293FF45FAF002F7FF476AF5AE7002B9A
:1029A0007FF472AF002A7FF46FAF00293FF454AF79
:1029B0006AE706F0DDFA04EB8703586806F03BFD92
:1029C000A38CBB4282462AD9274497F9260010F1EE
:1029D000800F24D00BF0D6FB59460BF027FC07469E
:1029E000514604A806F0C4FA494638460BF0EAF905
:1029F00090B9694904A806F0BBFA394607A806F061
:102A000071FC07A904A806F0B0FA07A806F035FA89
:102A1000624904A806F0ACFA08F1010849E74F46FC
:102A2000DEE706F008FD014604A806F0A1FA5C49BD
:102A300004A806F09DFAD5F8980006F0FCFC0146C3
:102A400004A806F095FAA38C002B3FF467AF94F925
:102A5000263080333FF462AF4F4904A806F088FA6D
:102A600094F9260045E706F0E6FC014604A806F0C6
:102A70007FFAE78D013F7FB24FF000094FF07A5B9C
:102A80003B06474904A84DD506F072FA706806F077
:102A9000D2FC014604A806F06BFAB4F8503013B328
:102AA000234493F9513080331DD03B4904A806F0EC
:102AB0005FFAB4F85030234493F951000BF062FBF5
:102AC0004FF07A510BF0B2FB014607A806F00AFC62
:102AD00007A904A806F049FA07A806F0CEF92F497D
:102AE00004A806F045FA04A92846FFF75FFD022373
:102AF00085F859302B4B1B682B660023C5F898309E
:102B000005F12C004FF47A71F2F77EFA012307A940
:102B100005F120008DF81C3006F07CFC04A806F0BE
:102B2000ACF999E606F024FA04F1300353F82700D3
:102B300006F081FCB4F85030BB42824629DD04F136
:102B40005203D85710F1800F23D00BF01BFB5946CE
:102B50000BF06CFB8046514604A806F009FA494682
:102B600040460BF02FF990B90B4904A806F000FA83
:102B7000414607A806F0B6FB07A904A806F0F5F938
:102B800007A806F07AF9054904A806F0F1F9013F13
:102B900076E7C846DFE700BF219A0208239A0208B9
:102BA0001D9A020878030020A0F12C000CF0C8B98F
:102BB00070477047084670477047406C18B97047B7
:102BC0008B4204D018300378002BF9D11846704797
:102BD00090F8282012B103681B6C1847704707480B
:102BE000074B084A1B68B3FBF2F310B544684B432C
:102BF0004268121B9342FBDC10BD00BF001000E0D6
:102C00006400002040420F00014B1868704700BF6D
:102C100078030020DFF838C0F0B50024944200D1DA
:102C2000F0BDC5690E5D2D68DCF80070AF68BF07A8
:102C3000FCD52E73AE68F607FCD52E7BDCF8007051
:102C4000F6B2AF683F06FCD41E550134E6E700BF7C
:102C5000780300207047C369002B42D0022283F81A
:102C60005D201A68116821F0400111600021196689
:102C700083F85C1083F85D101A4B9A420ED14FF026
:102C8000B0431A6C42F480521A641A6C22F48052D7
:102C90001A641A6E22F480521A667047124B9A42D6
:102CA0000ED14FF0B0439A6B42F480429A639A6B14
:102CB00022F480429A639A6D22F480429A657047AA
:102CC0000A4B9A420DD14FF0B0435A6C42F00102C8
:102CD0005A645A6C22F001025A645A6E22F00102C0
:102CE0005A6670470030014000380040000001582B
:102CF0007047CBB21C2B09D80E4A52F8233001F48E
:102D0000E0601843431C18BF0846704701F0C0023A
:102D1000C02A0CD1C82B0AD8074B01F03F0201F49E
:102D2000E06053F82220034B53F82230E9E74FF0DC
:102D3000FF30704710660208747502080368D3F804
:102D4000D43018470368D3F8D8301847012A02D185
:102D5000016000207047022A05D0032AF9D0002A1A
:102D6000F7D10260F5E70B680360F2E74AB1162974
:102D70000B466FF00800A8BF16238342B8BF034676
:102D800013700931C9B21F298CBF6FF00C000020ED
:102D9000704710B5012986B006D002292BD0C9B1E1
:102DA0006FF0130006B010BD002203680592194AA7
:102DB00004924FF0080C0A22CDE9022C4FF0120EBB
:102DC0000722CDE9002E1449D3F8E840134A09231D
:102DD000A047E7E70F4A0368039210240A22CDE9CF
:102DE00001240F4A04910092D3F8EC400D4A0E4B97
:102DF0000949A047D6E7002302680393054B0293D5
:102E00000A210123CDE900310349D2F8F44006221A
:102E1000A047C7E7CDCCCC3F0000D9430000FA4221
:102E200033331C439A9999400000A0402DE9F341A7
:102E30001D4603681B6904460F461646984700283E
:102E400044D16DB92368002EDB6F14BF3146FF21DA
:102E5000204698474FF47A7300EB8000B0FBF3F5FF
:102E600028460BF08BF92B490BF0E0F92A490BF0BF
:102E700091FA0BF051FB236800220092D3F81C80DA
:102E80000146022340F272222046C047F0B9A36CEB
:102E9000186803685B6A98478046A36C1868596A8B
:102EA000026812699047A0B10025236820461B697B
:102EB000984718B16FF43073984207D12368C5B1B1
:102EC00023682046DB6A98476FF0050002B0BDE832
:102ED000F081A36C186803685B6D9847A36C186851
:102EE00003685B6A9847A0EB08008542D5D20125AC
:102EF000DBE7D3F8843020469847236B1842DFD1B4
:102F000023681B6B32463946204602B0BDE8F041CB
:102F1000184700BF00007A4400007A4130B5074BE3
:102F200005460FCB85B06C4684E80F002B68214620
:102F3000D3F8A0302846984705B030BDC47B0208BE
:102F4000036810B5D3F894300446984728B110BDF3
:102F5000A36C186803685B6D9847A36C1868596A7E
:102F60000268126990470028F2D023682046D3F8FF
:102F70009830BDE810401847036810B5D3F8E43026
:102F800044F2FF310446984728B9236820461B695C
:102F9000BDE81040184710BD13B503680022009229
:102FA000DC6940F2722202236FF07F41A04702B039
:102FB00010BD30B5074B05460FCB85B06C4684E895
:102FC0000F002B682146D3F894302846984705B067
:102FD00030BD00BFC47B020882B02DE9F041012959
:102FE00006A880E80C000B9C9DF826609DF82770D1
:102FF00009D0022975D000294BD06FF01300BDE82D
:10300000F04102B070479DF8188042F2107000FA4B
:1030100008F00BF0B3F85149054607980BF006F994
:10302000014628460BF0B6F90BF076FAA8F1050335
:10303000DBB2012B9DF8283005468BBF082100210B
:10304000112019200BBB4FEA880304EB4707002E21
:10305000C8EB47020CBF1426002601EB8201DBB24D
:10306000314409B25A1E0029A8BF521892FBF3F34B
:10307000BDF824209DF820109BB2083201FB0323E9
:1030800000EB830068438008B9E7A8F102039B00C6
:10309000DBE7F8000BF076F8054630460BF072F8E7
:1030A000014628460AF0BAFF0546BDF824000BF099
:1030B00069F8014628460AF0B1FF0546E0000BF02A
:1030C0005DF8014628460AF0A9FF254904460698FE
:1030D0000BF060F9014620460BF05CF90BF01CFA8E
:1030E0008DE79DF81930032B34D8DFE803F0022870
:1030F0002D300623634304330522B3FBF2F39CB265
:103100003022B4FBF2F303EB830000EB800002FB00
:1031100013444000A4B280B214B10234204480B2FF
:103120009DF82430C3EBC30203EBC20300EB430062
:103130000C4B80B258430BF021F80B49CCE704EB61
:103140004404C4F34F04DBE76400A4B2D8E704EB03
:103150004404FAE76FF0090051E700BF0000204186
:1031600000007A4400127A001D24F44308B5084692
:103170000BF004F802490BF00DF90BF0CDF908BD86
:1031800000007A41036889B2D3F8E4301847806CB4
:10319000704700F00E03062B0BD0082B0CD00A2B27
:1031A0000CD00138C0B2FD288CBF6FF001000020A8
:1031B00070476FF43070704701487047014870479E
:1031C0003EFDFFFF3DFDFFFF10B5B0F89230B0F8B7
:1031D0009610B0F89040024603F001005B0818B169
:1031E000B2F8940043409BB2994214BF81EA0300B5
:1031F00008468442F0D3A2F8923010BD836C2DE9CA
:10320000F0411D682A6804465769926D0E462846AB
:10321000596A9047A36C1B68014632462846BC4653
:103220005B69BDE8F0416047836C70B51C68596A02
:10323000226820469569926D90472B4601462046AC
:10324000BDE8704018470368D3F8D43018470368C6
:10325000D3F8D830184730B585B004AC04E90E0077
:103260009DF82030029C032B07D1036808A9D3F8EE
:10327000C430984718B105B030BD4FF0FF309DF80D
:103280002030CBB9019D1F4928460AF0B9FD68B32B
:103290001D4928460AF0AAFD40B31A4920460AF003
:1032A000AFFD30B3194920460AF0A0FD002814BF35
:1032B00000206FF06500DEE7012BDCD19DF80430C3
:1032C000053B072B18D8002120460AF099FDB0B124
:1032D0000F4920460AF08AFD88B19DF80C30043B66
:1032E000042B94BF00206FF00900C4E76FF0640066
:1032F000C1E76FF06500BEE76FF00800BBE76FF055
:103300000700B8E79A99193F000096430000484328
:103310000000FF436FF0180070476FF0180070470F
:103320006FF018007047036800215B6918476FF061
:10333000180070471FB50293069B03930368CDE9FD
:103340000012D3F8C8306A4602210446984720B9D3
:1033500023682046D3F8CC30984704B010BD30B570
:1033600085B00025CDE902558DF808300368CDE918
:103370000012D3F8C8306A4603210446984720B9A2
:1033800023682046D3F8CC30984705B030BD6FF0A5
:10339000180070476FF0180070476FF01800704702
:1033A0006FF0180070476FF0180070476FF018004A
:1033B000704784B004A800E90E006FF0180004B054
:1033C0007047002070470148704700BF0000C8C127
:1033D00082B08DE80C00002002B0704700207047DA
:1033E000002330B51A4601250C3005FA03F40C42CF
:1033F00004D050F823401F2C18BF22430133202B48
:10340000F3D1104630BD6FF0180070476FF0180010
:1034100070470020704770476FF018007047102009
:10342000704720207047214B0A781A44127C0270A2
:103430004A791A44127C42708A7A1A44127C827049
:10344000CA7B1A44127CC2700A791A44127C027137
:103450004A7A1A44127C42718A7B1A44127C827125
:10346000CA781A44127CC2710A7A1A44127C027217
:103470004A7B1A44127C42728A781A44127C827205
:10348000CA791A44127CC2720A7B1A44127C0273F3
:103490004A781A44127C42738A791A44127C8273E5
:1034A000CA7A13441B7CC373704700BFC47B0208F5
:1034B000284B0A781A4492F8102102704A7B1A4469
:1034C00092F8102142708A7A1A4492F81021827080
:1034D000CA791A4492F81021C2700A791A4492F8F3
:1034E000102102714A781A4492F8102142718A7BA5
:1034F0001A4492F810218271CA7A1A4492F8102163
:10350000C2710A7A1A4492F8102102724A791A4456
:1035100092F8102142728A781A4492F8102182722D
:10352000CA7B1A4492F81021C2720A7B1A4492F89C
:10353000102102734A7A1A4492F8102142738A7950
:103540001A4492F810218273CA78134493F8103108
:10355000C3737047C47B0208F0B50E7891F801C0C0
:103560008D78CF78F40904EB44044FEADC1104EBC6
:10357000C40401EB410184EA46048CEA050E01EB28
:10358000C101E4B287EA0E0E81EA4C01C9B2EB092F
:1035900084EA0E0E81EA0E0EFA0903EB430303EBF5
:1035A000C30302EB420280F800E086EA050E83EADC
:1035B000450387EA0E0E86EA0C0602EBC202DBB276
:1035C00082EA470281EA0E0177407540D2B2594043
:1035D0006C407B405340624041708370C270F0BDCC
:1035E0002DE9F04F91F800B04E78CF788D784FEA02
:1035F000DB1303EB430303EBC30387B083EA4B0303
:10360000DBB20193F309FA0903EB430303EBC303B2
:1036100002EB420283EA460302EBC20282EA47025D
:10362000DBB20293D3B24B4A039302EB961402EB44
:10363000971C94F810429CF810C284EA8604E3B206
:103640008CEA870C04935FFA8CF302EB5B1C02EBB1
:1036500095149CF810A2059302EB561C019B9CF854
:10366000108294F8104202EB551C84EA85049CF801
:1036700010E202EB571C02EB9B129CF810C292F86E
:10368000109286EA05027A405A40029BE4B288EA28
:10369000C6085A405FFA88F88AEACB0A8EEAC50E55
:1036A00062405FFA8EFE5FFA8AFA8CEAC70C89EAFA
:1036B0008B0988EA02025FFA8CFC8AEA09098EEA21
:1036C0000202E9095FFA89F98CEA020289EA020238
:1036D00001EB4101027001EBC1018BEA05027A4066
:1036E00081EA4501C9B25340049A4B405340059AC0
:1036F00053408AEA030388EA03038EEA03038CEA51
:1037000003038BEA060643707740039B039A7940D4
:103710005940019B75406B405340049A5340059AB1
:103720004C40534088EA04048AEA030A8EEA0404FF
:1037300088EA0A088CEA04048EEA080E89EA040979
:103740008CEA0E0C80F8029080F803C007B0BDE848
:10375000F08F00BFC47B02082DE9F041846888B077
:10376000531E0D46671E0F3204AE13F8011F17F8E3
:1037700001CF934281EA0C0106F8011BF5D10779CC
:1037800010343E46A046012E1BD87B1E002FDBB214
:103790004FEA031308BF00231C4404A96846FFF73F
:1037A00042FE013D631E0F3413F8011F10F8012B78
:1037B000A34282EA010205F8012FF5D108B0BDE865
:1037C000F08104A96846FFF72EFE694604A8FFF7BA
:1037D000C3FE01A905A8FFF7BFFE02A906A8FFF7CF
:1037E000BBFE07A803A9FFF7B7FE08F1FF3304AA41
:1037F00008F10F00117813F801CF81EA0C01834220
:1038000002F8011BF6D1013E08F11008F6B2BAE742
:103810002DE9F0438468077989B00D4604EB07145D
:1038200004A9531E661E0F32894613F8010F16F8BD
:1038300001CF934280EA0C0001F8010BF5D1494613
:103840006846FFF735FE3E46A046012EA8F1100857
:1038500019D87B1E6FF00F02DBB2002F02FB03F3BF
:1038600008BF00231C44A2186B46013D12F8010B4F
:1038700013F8011BA24281EA000105F8011FF5D1EE
:1038800009B0BDE8F0836A46434608F1100011789C
:1038900013F801CB81EA0C01834202F8011BF6D137
:1038A00069464846FFF79CFE01A905A8FFF798FE68
:1038B00002A906A8FFF794FE03A907A8FFF790FE48
:1038C000013E49466846FFF7F3FDF6B2BDE730B565
:1038D0000A4B4D789C181D4494F818422A7C62408B
:1038E00002708A781A44127C4270CA781A44127C98
:1038F00082700A7813441B7CC37030BDC47B0208FD
:103900000A78084B1A44127C02704A781A44127CD6
:1039100042708A781A44127C8270CA7813441B7CE5
:10392000C3707047C47B02082DE9F04F9FB016ADFD
:103930000A91041D00F12403AB46206861682E46FD
:1039400003C608349C423546F7D1531ECDF824B047
:103950000F3212A85C4613F8015F14F8011B934262
:1039600081EA050100F8011BF5D10EA812A9FFF7A5
:103970005AFD014612A8FFF7EFFD0FA913A8FFF7A4
:10398000EBFD10A914A8FFF7E7FD15A811A9FFF793
:10399000E3FD0DF1670012AA1023117810F8014F12
:1039A000013B614013F0FF0302F8011BF5D1012236
:1039B0000DA81DA90B92FFF78AFF9DF858A09DF84E
:1039C00034309DF859909DF85A809DF85B709DF8B1
:1039D00060109DF85D2002928AEA030A9DF8353056
:1039E0008DF858A089EA03099DF836308DF8599072
:1039F00088EA03089DF837308DF85A805F409DF8BB
:103A00005C3001938AEA03038DF85C304B400093ED
:103A10008DF860309DF861308DF85B7089EA0206A0
:103A20009DF85E208DF85D605E409DF862300392E7
:103A300088EA02059DF85F208DF85E505D409DF894
:103A40006330049287EA02048DF85F405C408DF891
:103A500061608DF862508DF863409DF86430059385
:103A6000059A009B53408DF864309DF865300693AD
:103A700073408DF865309DF8663007936B408DF884
:103A800066309DF86730089319A963408DF8673058
:103A9000FFF736FF9DF868109DF834309DF835002B
:103AA0009DF86AC09DF837E059409DF869308DF85F
:103AB000681043409DF836008DF869308CEA000CA0
:103AC0009DF86B008DF86AC080EA0E009DF86CE0EE
:103AD0008DF86B0081EA0E019DF86DE08DF86C1099
:103AE00083EA0E039DF86EE08DF86D308CEA0E0CC3
:103AF0009DF86FE08DF86EC080EA0E009DF870E0D2
:103B00008DF86F0081EA0E019DF871E08DF870105C
:103B100083EA0E039DF872E08DF871308CEA0E0C8A
:103B20009DF873E08DF872C080EA0E009DF874E095
:103B30008DF8730081EA0E018DF874109DF87510F0
:103B40004B408DF875309DF876308CEA030C9DF86B
:103B500077308DF876C058408DF8770012A90EA8FE
:103B6000FFF761FC014612A8FFF7F6FC0FA913A8A6
:103B7000FFF7F2FC10A914A8FFF7EEFC11A915A895
:103B8000FFF7EAFC0B9ADC4612A9102308781CF810
:103B900001EB013B80EA0E0013F0FF0301F8010B7B
:103BA000F4D10EA812A90B92FFF73DFC014612A812
:103BB000FFF7D2FC0FA913A8FFF7CEFC10A914A899
:103BC000FFF7CAFC11A915A8FFF7C6FC0B9A0DF167
:103BD000670C12A9102308781CF801EF013B80EA5A
:103BE0000E0013F0FF0301F8010BF4D10132D2B241
:103BF000072A7FF4DDAE1DA90DA8FFF768FE9DF82A
:103C000037309DF834009DF835109DF836205F4020
:103C10008DF85B70019F47408AEA000A8DF85C705E
:103C20003846029F8DF858A04F4089EA01098DF867
:103C30005D703946039F8DF85990574088EA020815
:103C40008DF85E703A46049F8DF85A805F403B467F
:103C50005C408DF85F708DF86340009F059C474085
:103C6000444006988DF8607048404E4007998DF8A2
:103C7000650051405540089A8DF866105A4012A9C7
:103C80000EA88DF867208DF861608DF862508DF870
:103C90006440FFF7C8FB0A9B5A1E0F33099D10F8BA
:103CA000011B15F8014B0995614002F8011F9A426A
:103CB000F4D11FB0BDE8F08F2DE9F04F97B00EADF5
:103CC000039100F1240400F14403AB4620686168CD
:103CD0002F4603C708349C423D46F7D10AA9531E1C
:103CE000CDF804B00F325C460D4613F8017F14F88E
:103CF000010B9A4280EA070001F8010BF5D1294631
:103D000006A8FFF7D5FBDDE910019DF840709DF88E
:103D100041209DF842309DF843409DF838909DF831
:103D2000398041409DF83C00119187EA00018DF8EF
:103D300040109DF83D109DF83A704A408DF84120A2
:103D40009DF83E2053408DF842309DF83F305C4056
:103D50008DF843409DF83B4080EA090081EA080164
:103D60007A4063408DF83C008DF83D108DF83E2080
:103D700015A9072205A88DF83F30FFF7A8FD9DF88B
:103D8000143089EA03099DF815308DF8389088EAD7
:103D900003089DF816308DF839805F409DF8173084
:103DA0008DF83A705C408DF83B40062406AB0DF16F
:103DB00047060293374619460022087817F801CFC4
:103DC0000132D2B280EA0C00102A01F8010BF4D1C2
:103DD00006A92846FFF704FC07A90BA8FFF700FC7B
:103DE00008A90CA8FFF7FCFB09A90DA8FFF7F8FB31
:103DF000294606A8FFF75CFB5F46014600220878CB
:103E000017F801CB0132D2B280EA0C00102A01F877
:103E1000010BF4D106A92846FFF7E2FB07A90BA87E
:103E2000FFF7DEFB08A90CA8FFF7DAFB09A90DA82C
:103E3000FFF7D6FB294606A8FFF73AFBDDE9141287
:103E40009DF850009DF84C709DF851809DF852E00F
:103E50009DF848A09DF849909DF853C04A4015929E
:103E600080EA07029DF84D009DF84E108DF8502015
:103E700088EA000287EA0A079DF84A808DF85120F7
:103E80008EEA01028DF852208DF84C709DF84F207B
:103E90009DF84B7080EA090081EA08018CEA020C67
:103EA0008DF84D007A408DF84E1005A811A98DF8B7
:103EB00053C08DF84F20FFF723FD9DF814209DF887
:103EC0003CC09DF843E08AEA020A9DF815208DF86F
:103ED00048A089EA02099DF816208DF8499088EAE1
:103EE00002089DF817209DF841908DF84A805740B0
:103EF0008DF84B709DF840709DF842809DF838A079
:103F000087EA0C07DDE910128DF840709DF83D70CE
:103F100089EA07094A408DF841909DF83E109DF8C6
:103F20003990119288EA010887EA09079DF83F2035
:103F30008DF842808DF83D709DF83A809DF83B7079
:103F40008EEA020E81EA08017A408CEA0A0C8DF8AA
:103F50003E108DF83F2015A922468DF843E08DF8DC
:103F60003CC0FFF7B4FC9DF814208AEA020A9DF8D1
:103F700015208DF838A089EA02099DF816208DF8E1
:103F8000399088EA02089DF817208DF83A80013CA4
:103F9000574014F0FF048DF83B707FF407AF06AA7A
:103FA000117816F8010F0134E4B24140102C02F8E8
:103FB000011BF5D106A92846FFF712FB07A90BA89C
:103FC000FFF70EFB08A90CA8FFF70AFB09A90DA82B
:103FD000FFF706FB294606A8FFF76AFA039B039A38
:103FE000013B02F10F060299019811F8012B029191
:103FF00010F8011B01904A4003F8012F9E42F2D1B4
:1040000017B0BDE8F08F40680368DB68184770B5EB
:104010000446406803689B680D461646984710287A
:1040200007D160680368324629461B69BDE87040C5
:104030001847002070BD2DE9F04704460F4616468C
:104040001D4600F1080800F118094FF0000A0DB9EB
:10405000BDE8F08794F828300F2B0ED894F828008C
:10406000C0F11000C0B2A84220D82D1A06EB000CF7
:10407000394666451CD10744E9E76068036849464C
:104080005B694246984794F8290084F828A01021DB
:1040900001238842E2D24A1ED1B254FA82F292F847
:1040A00008C063441372C3F30F23F2E7E8B2DCE7FE
:1040B00094F8283016F8012B03F1010E234484F8FC
:1040C00028E01B7E534001F8013BD2E710B404689E
:1040D000A469A44610BC60472DE9F047CC691326BB
:1040E000E30F0D1F24F000440027A3FB0636CC612C
:1040F000AC46B9464FF0260EDCF824805CF8044F3D
:10410000CA46E8FB0E4A0137E418FFB246EB0A0341
:10411000BA42CCF800404FF00006EDD1082A0CD08E
:1041200051F82240E41841F8224002F10102D4B2D1
:1041300046F100030026082CF1E72624A3FB0432F5
:1041400004FB0622CC691326E70FE7FB063224F0B6
:1041500000460C462F4644F81C6F57F8046FF618BB
:1041600042F10003BC423E604FF00002F5D12E4602
:10417000132756F8043FDB1942F10007B4423362BB
:104180004FF00002F5D1CB6BDE1723F00043CB6379
:10419000043855F8042F2B6A534033405340AC4247
:1041A00040F8043FF5D1BDE8F087F0B589B06D4621
:1041B000034600F120070146002613202C4651F843
:1041C000042B121846F100008F4245F8042B4FF0E3
:1041D0000006F4D1079AD61722F00042191FF043C7
:1041E00007921C3351F8045F54F8042B6A403240A4
:1041F0006A408B420A60F5D109B0F0BD2DE9F04F5D
:1042000093B002AF0024D1F800C00B4602F12008A1
:1042100016462546394656F804EBEEFB0C45464556
:1042200047F8044B2C464FF00005F4D10A940AAF2E
:1042300003F11C09019553F8044FA7F11C0E254604
:1042400094460026DEF800405CF804ABDDF804B0CC
:10425000EAFB054BA4194BF10006C4454EF8044B8C
:10426000F0D1994547F8046FE5D10822FFF734FFF4
:1042700013B0BDE8F08F0A46C0E7F0B4002401F1A6
:10428000200C0546264651F8043B52F8047BDB1906
:1042900046EB06071B1947F10004614545F8043B4E
:1042A000F1D1F0BC81E7F0B5002301F1200705460C
:1042B00051F8044B52F8046B03F00103E41A63EB6A
:1042C0000303A41B63F10003B94245F8044BEFD18B
:1042D000014603F0130251F8043B04469B1A44F8CC
:1042E000203B62EB02020B6802F001029B1A41F8CC
:1042F000043B62EB0202A142F5D123F00043C3610B
:10430000F0BD404230B5A1F1040065EB0505043A6B
:104310001C3150F8044F52F8043F63402B405C407E
:1043200004601468884284EA03041460F1D130BD4B
:10433000402070470E4A0F4B0F49DFF840C0C0E9DC
:1043400002230F4BC0E904130E4BC0E906C30E4B0A
:10435000036203F17453A3F52303A3F6924343626C
:10436000002380F8703000220023C0E91A23704730
:1043700067E6096A85AE67BB72F36E3C7F520E51E9
:104380003AF54FA58C68059BABD9831F2DE9F04FFB
:1043900000F124058BB000F164072B4653F8042F7D
:1043A00012BA9F421A60F9D183680293C3680393DB
:1043B000036904934369059383690693C36907936B
:1043C000036A0893436A0993DDE908B8DDE9061C2E
:1043D000DDE904E9DDE90246594B0193019B55F8FB
:1043E00004AF53F8042B01934FEAF12383EAB1138E
:1043F000524483EA7163134401EA0C0A2BEA010276
:1044000082EA0A02134486EA0E024344224006EA84
:104410000E0882EA08024FEA743888EAB40888EA8B
:10442000B4589844AF424B444244F146D84678D100
:1044300010250195019D0F3D05F00F050A3550F837
:1044400025A0019D023D05F00F050A3550F8259085
:10445000019D05F00F08073D05F00F0500EB8808EA
:104460000A35D8F8287050F825503D442F464FEAB9
:10447000BA4585EAFA1585EADA054FEAF94A8AEA81
:10448000794A8AEA992A3D4455444FEAF329C8F803
:10449000285003EA010A89EAB3192CEA030889EAD9
:1044A000736988EA0A08C844254FDDF8049057F874
:1044B0002970B844A84408EB0B054FEA723984EA26
:1044C000060889EAB20908EA020804EA060A89EA43
:1044D000B25988EA0A08C844A84405EB0E09019DB0
:1044E0000135402D0195B646E34621D1029D454454
:1044F0008560039D1544049AC56022440261059AB3
:1045000032444261069A4A448261079A1A44089BDF
:10451000C2610B440362099B634443620BB0BDE874
:10452000F08FE346B6468C4626461946144655E7B4
:104530008C462646194614464B4642467AE700BF4B
:10454000E87D0208102A70B548D100F10C0301F192
:10455000100251F8044B43F8044B9142F9D100F199
:10456000180100F1B80601250423042B01F1040011
:1045700020D12A46FFF7ABF90B7911F80C2CCC7936
:1045800053400B7111F80B2C4B7953404B7111F8C0
:104590000A2C8B7953408B7111F8093C01355C4032
:1045A000EDB200230133B042CC71DBB20146DCD165
:1045B000012070BD11F80C4C0A7862400A7111F8A4
:1045C0000B4C4A7862404A7111F80A4C8A78624072
:1045D0008A71CC7811F8092C5440E3E70020E8E711
:1045E000202A70B55DD100F10C0301F1200251F8D1
:1045F000044B43F8044B9142F9D100F1280100F13A
:10460000F80601250824082C01F1040020D12A46CF
:10461000FFF75DF90B7911F81C2C53400B7111F861
:104620001B2C4B7953404B7111F81A2C8B7953404A
:104630008B7111F8192CCB7901355340EDB2002460
:104640000134B042CB71E4B20146DCD1012070BD2F
:10465000042C15D1FFF754F90B7911F81C2C534099
:104660000B7111F81B2C4B7953404B7111F81A2C1C
:104670008B7953408B71CB7911F8192C5340DFE7BC
:1046800011F81C2C0B7853400B7111F81B2C4B7834
:1046900053404B7111F81A2C8B7853408B71CB78A7
:1046A000EAE70020D3E7202A0AD1043001F12003F1
:1046B00051F8042B40F8042B9942F9D1012070479E
:1046C000002070472DE9F04F91B004460D46FFF7EA
:1046D000EAFF0C90002800F04481294604F12403ED
:1046E00005F1200251F8040B43F8040B9142F9D173
:1046F00004F14003039304F130034FF0010B0D93D9
:104700005A4603990FA8FFF7E2F894F824A09DF801
:104710003C3094F8259094F8268094F827208AEA73
:10472000030A9DF83D3084F824A089EA03099DF826
:104730003E3084F8259088EA03089DF83F3084F8DD
:104740002680534094F82920059289EA020794F8BC
:104750002A20069288EA020694F82B2001930792F9
:104760000799019A84F8273094F82830049382EA54
:10477000010594F82C2084F829708AEA030384F850
:1047800028305340029384F82C3094F82D3084F86C
:104790002A605F4084F82B5084F82D7094F82E30F6
:1047A0000D995E4094F82F3084F82E605D4094F8A7
:1047B00030300893089A029B84F82F50534084F8B5
:1047C000303094F8313009937B4084F8313094F8DC
:1047D00032300A93734084F8323094F833300B93BC
:1047E0006B4084F83330FFF78BF894F834209DF851
:1047F0003C309DF83D1094F836C09DF83FE05A409B
:1048000094F8353084F834204B409DF83E1084F8FD
:1048100035308CEA010C94F8371084F836C081EA00
:104820000E0194F838E084F8371082EA0E0294F80A
:1048300039E084F8382083EA0E0394F83AE084F8EB
:1048400039308CEA0E0C94F83BE084F83AC081EAE7
:104850000E0194F83CE084F83B1082EA0E0294F8D2
:104860003DE084F83C2083EA0E0394F83EE084F8AF
:104870003D308CEA0E0C94F83FE084F83EC081EAAB
:104880000E0194F840E084F83F1082EA0E0284F8AA
:10489000402094F84120534084F8413094F842304D
:1048A0000BF1010B8CEA030C94F8433084F842C0FE
:1048B0005FFA8BFB5940BBF1070F84F843107FF47C
:1048C0001FAF03995A46FFF702F89DF83FE0019B9E
:1048D0009DF83C009DF83D109DF83E2083EA0E0CAB
:1048E000049B84F827C043408AEA000A84F82830F1
:1048F0001846059BDDF808C084F824A04B4089EADF
:10490000010984F829301946069B84F82590534004
:1049100088EA020884F82A301A46079B84F8268021
:1049200083EA0E035D4084F82F50089D84F82B30F5
:104930008CEA000C4540099884F82CC04F40484050
:104940000A9984F82D70564051400B9A84F82E60D5
:104950005A4084F8305084F8310084F8321084F8DA
:1049600033200C9811B0BDE8F08F102A10B50ED18D
:1049700000F1080301F1100251F8044B43F8044B15
:104980009142F9D1102380F82830012010BD002079
:10499000FCE72DE9F84315468946D100D0E91A32E3
:1049A0005B1842EB5572C0E91A32044600F1280741
:1049B0004FF000080DB9BDE8F88394F87000C0F11D
:1049C0004006F6B2AE4288BFEEB24946324638449F
:1049D0000FF08AFA94F870303344DBB2402B84F83D
:1049E0007030A5EB0605B144E4D12046FFF7CEFCBC
:1049F00084F87080DEE7F8B500F1280590F8703093
:104A000017468022EA5490F87020372B04460E4651
:104A100002F101002FD8C2F13702002128440FF023
:104A2000BCF9A36E19BAE36E1A06180A42EA1362B9
:104A300000F47F401B02024303F47F031343C4E9E5
:104A400018312046FFF7A2FC231D04F1240153F87E
:104A5000042F12BA8B421A62F9D1236820469B6850
:104A60009847B8420246294628BF3A463046BDE834
:104A7000F8400FF039BAC2F13F02002128440FF08C
:104A80008CF92046FFF782FC382200212846C6E731
:104A90002DE9F8431D4603689DF82090DB68044625
:104AA0000E4690469847236807461B69204698475C
:104AB000AF420ED32A46414630460FF015FA74191C
:104AC0007A1B494620460FF068F9B44217D1BDE879
:104AD000F88323682A46414620465B699847236845
:104AE00020469B689847236802469B6905463146E5
:104AF00020469847236820461B699847DFE716F849
:104B0000013B89EA030306F8013CDEE713B51346CF
:104B10003622044600920A4600F12801FFF7B8FF4A
:104B2000D4E91A3213F5007342F100022046C4E9B9
:104B30001A3202B0BDE8104028E410B504460FF068
:104B4000C3FA204610BD10B504460FF0BDFA20464A
:104B500010BD10B504460FF0B7FA204610BD10B5D1
:104B600004460FF0B1FA204610BD10B504460FF010
:104B7000ABFA204610BD90F8282008B512B10368A2
:104B80001B6B9847BDE80840EFF7C6B80846431CC2
:104B9000114601D008F002BA70470846A0F11D0383
:104BA000032B114601D908F0F9B970470846431C98
:104BB000114601D004F0A8BA704708461F281146D4
:104BC00004D81D281DD80DD004F09EBA2028FBD192
:104BD0004FF0B043D3F8942081B942F40042C3F8B7
:104BE00094207047074BD3F8902021B922F400425B
:104BF000C3F89020704742F40042F9E722F40042E3
:104C0000EDE77047000400584B1C084601D004F043
:104C1000B5BA00207047A1F11D030846032B1BD82D
:104C2000DFE803F00D0207130C4B5869C0F3400096
:104C300070470B4BD3F80401C0F380407047074B1B
:104C4000D3F89000C0F3C03070474FF0B043D3F8B2
:104C5000940080F40040F5E704F090BA0004005896
:104C600000E100E02DE9F04F1D464B1C8DB00C46D5
:104C7000164600F0BA8004A808F084F800230793D1
:104C800026B16F4B07936F4B04960693E3B21C2B30
:104C900000F2AE806C4A52F8236004F4E0642643CC
:104CA000C6F30310EEF7CCFF0446002800F09A800C
:104CB000022D00F0B180032D00F0B180002D0CBF5B
:104CC0004FF404154FF4881506F00F060127B7407E
:104CD00004A908A808F05BF81FFA87F80023B8F1C8
:104CE000010F03F1010240F09D80DBB2E068CDF8D6
:104CF000048059004FF0030909FA01F20240CA404A
:104D000002EA090A05F480120292504805F40012E2
:104D100000260392019AB2403A404BD0D4F80CC01E
:104D2000750009FA05FE2CEA0E0C0AFA05F545EAAB
:104D30000C05E560256826F0030C0CF1804C25EA93
:104D40000E050CF5803C2560B4F1904FDCF808802E
:104D50006CD03F498C426BD03E4DAC4214BF07250E
:104D6000022506F0030E4FEA8E0E072101FA0EFB14
:104D700028EA0B0805FA0EF545EA08050299CCF871
:104D8000085005686FEA020C002953D105EA0C05AA
:104D900003990560456800294ED015434560D0F859
:104DA00080502A43C0F88020D0F8842002EA0C0208
:104DB000C0F88420013637FA06F5ABD1142202FB85
:104DC00003F4254E201D08A9304407F0F0FF3057AA
:104DD0002A460621EDF788FB3057EDF75AFB08A865
:104DE000EEF7ACFD04A8EEF7A9FD0DB0BDE8F08F1D
:104DF00004F0C002C02A0CD1C82B0AD8174B04F00B
:104E00003F0204F4E06453F822200F4B53F8226071
:104E100045E74FF0FF3643E74FF4441554E74FF4AE
:104E2000041551E74FEA5808134658E7002598E75C
:104E3000012596E71543ABE70CEA0505AEE700BF91
:104E40008B0400088F040008106602080008005850
:104E5000000400480008004850190020747502083A
:104E60001FB568460C4607F08DFF0B4B0393694650
:104E70000A4B0B480293009407F099FF094B4FF43B
:104E80008022C3F884213220EDF703FB6846EEF759
:104E900055FD04B010BD00BF954F01084D2D010810
:104EA0004019002000E100E008B53220EDF7FEFADD
:104EB000BDE80840014806F03FBA00BF4019002095
:104EC0004B1C70B559D0CBB21C2B42D82B4A52F890
:104ED000233001F4E06119430B0913F00C044CD1A9
:104EE000274A03F00F0352F82330002B45D001F07E
:104EF0000F0101238B409BB2012B04F1010239D138
:104F0000E4B214261F4D6643301D284406F014FAFF
:104F1000A9572B461022284693F900508D4201D103
:104F2000DD6855BB013A03F11403F5D1164A174960
:104F300002EB8402D1F88030D2F8242323EA020362
:104F4000C1F8803014235C430057BDE87040EDF792
:104F5000ADBA01F0C002C02A0FD1C82B0DD80C4B3E
:104F600001F03F0201F4E06153F82220034B53F8B3
:104F70002230B0E75B081446BEE770BD1066020839
:104F80008077020850190020C47B020800080058EE
:104F90007475020810B504463220EDF787FA2368CD
:104FA000BDE810401847084609B104F025B970471C
:104FB000EEF776BE2DE9F8431D464B1C14464DD046
:104FC000CBB21C2B10D82D4A52F8233001F4E061EB
:104FD0001943090903F00F03012611F00C0F06FA1B
:104FE00003F612D0002715E001F0C002C02A2CD130
:104FF000C82B2AD8224B01F03F0201F4E06153F89C
:1050000022201E4B53F82230E2E71E4B01F00F0125
:1050100053F82170002C18BF3446EEF741FE80464D
:105020003B693340A34213D03B6933409C4217D1C4
:10503000EEF736FE81463B6933409C4217D0EEF7CF
:105040002FFEA0EB0900BDE8F8834FF40046C9E746
:10505000EEF726FEA0EB08008542E1D20020F2E741
:10506000EEF71EFEA0EB08008542DDD2F6E7EEF774
:1050700017FEA0EB08008542DDD2EFE710660208BC
:105080007475020880770208C069064981670022AA
:10509000012380F85D2080F87C3080F87D20FCF7CB
:1050A000FFBD00BF00093D0017B4C469D0E9080185
:1050B000A36F6A46984282E8030005D1B4F87C10D9
:1050C000BDF8043099420ED093880098A067A4F8E8
:1050D0007C3094F87C3094F87D20A16F204603B09A
:1050E00010BCFCF7DDBD03B010BC7047481C1FD0DE
:1050F000C9B21C290DD80F4B53F821305A1C17D0B8
:105100000D4A1268934213D10C4B186880B1EEF728
:105110005ABC01F0C003C02B0AD1C82908D8084BDB
:1051200001F03F0153F82120024B53F82230E5E70C
:10513000704700BF10660208C801002038500020E8
:10514000747502082DE9FF474D1C90461C4633D06C
:105150009D4DC9B21C292B6821D89C4A52F8217058
:105160003BB9B4200EF0A8FF9949064607F046FE69
:105170002E60781C20D0974B1A68511C01D09742A2
:105180001AD1B8F5803F17D22E68B8F1000F1ED1A2
:1051900096B1304604B0BDE8F047EEF714BC01F01C
:1051A000C002C02A0BD03BB9B4200EF085FF88495D
:1051B000044607F023FE2C6004B0BDE8F087C82940
:1051C000F1D8854A01F03F0152F82110C5E74FEAB6
:1051D00048081F60E4B108FB04F44FF47A72B4FB92
:1051E000F2F4384601215C60EEF7DCFD4FF0B0438D
:1051F00034699F68D3F80831784B621C1B687BD0F8
:10520000774B9C420ED006D8B4F1804F6BD0FEE7AE
:105210004FF0FF34E5E76E4B9C4203D003F580630B
:105220009C42F4D107F46057EEF70AFAB7F5C06F65
:1052300063D827F48077B7F5806F5BD0B0FBF8F0C8
:10524000020C531C984232BF0020B0FBF3F000F177
:10525000FF30A262E062F061226812F0010207D121
:10526000E36896F84C1013F0010349D101295ED18F
:10527000684607F087FD5B4B00935B4B03935B4BEA
:105280000293F36E06F164006946002B59D007F0D3
:105290008EFD6846EEF752FB554F2C6807F1040867
:1052A00004F1020926460025012139F8023F002BAE
:1052B00061D004F17C0252F825A0BAF1000F07D0AA
:1052C00098F800002269C1431161D1680143D1609F
:1052D000013B0A2B4ED8DFE803F0424242424242F1
:1052E00042C7C7C78D0007F4E067EEF797F9B7F537
:1052F000C06F9BD14000A1E7FEE7B7F5E06F9CE7E8
:10530000E368012923F00103E36008D0022386F853
:105310004D300123636186F84D3086F84C206FF0E4
:1053200001032361E36843F00103E360A0E7022285
:1053300086F84D200122626186F84D2086F84C30B7
:1053400096E707F034FD029B002BA2D033696FF083
:1053500001021A61DA6842F00102DA6099E73378F3
:10536000DB0604D5294604F1100007F0E3FE33788C
:10537000D80722D400210435102D06F1010607F1CB
:10538000010708F1010890D1E36E3BB123696FF08A
:1053900001021A61DA6842F00102DA6000293FF482
:1053A0000BAF23691B68DB073FF506AF04F1100064
:1053B00004B0BDE8F04708F015B8294604F1100024
:1053C00007F096FFD6E700BF3850002010660208AD
:1053D00000440140C80100207475020800400058D4
:1053E000002C01409B8801088B0400088F040008F2
:1053F000287F0208294604F1100007F0EBFE3A78F6
:10540000013AA15C11F0100306D0022A2AD8194BE8
:1054100003EB4203B3F86C33C90707D5032A21D83D
:10542000DFE802F002171A1D43F001032169086A40
:1054300003430B62BAF1000F9CD0032A13D80D4B23
:10544000134493F86823D3430B61CB681343CB60B9
:1054500090E743F01003E9E743F48073E6E743F491
:105460008053E3E7FEE7FEE7294604F1100007F06A
:10547000B1FE7FE7C47B0208F0B587B001AC84E8D9
:105480000E0003689DF83060D3F8C430029F0DF120
:105490001701054698470446002856D1032E9DF86B
:1054A000173002D0B3420FD13346E3B92B680199CC
:1054B0001B6C284698470446002846D12B6839467D
:1054C0005B6C284698470CE02B6828461B69984778
:1054D00038B92B683146D3F8C030284698470028A1
:1054E000E2D0044631E0012B16D12B689DF8041060
:1054F000D3F8E03028469847044630BB2B6839463D
:10550000D3F8DC30284698470446F0B99DF80C10D3
:10551000284604F078F9E4E7022B16D19DF805201F
:105520009DF80430032A13D8092B85F8882012D857
:1055300085F88930032385F88A304FF48073A5F805
:1055400098309DF8063085F88F30204607B0F0BDC2
:105550006FF00904F9E76FF00704F6E78AB2114625
:1055600004F03BB907B50023ADF8043001AA0223CB
:105570001221806C04F034FABDF8040040BA80B205
:1055800003B05DF804FB08B5806C06F01DF9C0B2ED
:1055900008F0B0F8044B002201F1004108F014F9C2
:1055A00008F0E6FC08BD00BF0000E03F04F07CB856
:1055B00090F8361004F05CB804F05AB82DE9F041C8
:1055C00086B00E46174600211422044601A80EF0AC
:1055D000E4FB3A46314601A8FCF71CFF10B9059BD5
:1055E000236108E0049D4FF000082A464346204608
:1055F000FCF736FD18B9002006B0BDE8F08121683F
:1056000021B92A462046FCF709FDF5E7E368A268C0
:105610002B44934205D923690E4A002B08BF134639
:10562000DEE7636801913A46314601A8CDE90235CB
:10563000CDE90488FCF7EEFE049AE3681344E360C6
:10564000AA42029B6360059B01D12361D4E7024A11
:10565000E3E700BFA8990208C99A020810B48C7D3C
:105660004B8A04F00F04022C17D1012B05D1CB6912
:105670001A78002310BCFCF7F3BC022B02D1CB69D3
:105680001A88F6E7042B02D1CB691A68F1E7082BD8
:1056900024D1CB69D3E90023ECE7012B0DD1CB69F1
:1056A00093F90020D317032CE4D1921843EB0301A4
:1056B00082EAE37281EAE373DCE7022B03D1CB6970
:1056C000B3F90020EEE7042B02D1CB691A68E9E7B1
:1056D000082B03D1CB69D3E90023E4E70369044A2B
:1056E00010BC002B08BF134603610020704700BFA9
:1056F000279902084A8A042A02D1C969FCF78EBC9C
:10570000082AFAD002690349002A08BF0A46026142
:10571000002070472799020830B50B4D01444FF027
:10572000FF33814201D1D84330BD10F8012B5340E3
:10573000082243F30004013A2C4012F0FF0284EAED
:105740005303F6D1EDE700BF2083B8ED2DE9F74F05
:1057500090F810B001930C9B0093437CDDF83490DB
:105760004FEADB0606EBD3064E4404463046884635
:1057700092460EF0A1FC054630460EF09DFCBBF1B2
:10578000080F5FFA88F307465FFA8AFC95BF284640
:10579000284643EA0C0343EA1A238CBF00F8023B75
:1057A00000F8013B638988BF85F801C04345019932
:1057B0004A4630D10EF098FB206803685B6B98472F
:1057C0002068216A0368C268DB689847206803681C
:1057D0003246D3F838B029463B46D8472068216A7C
:1057E00003680269DB68984720680368DB6B9847A9
:1057F0002389434506D1217C00984A4607EBD10115
:105800000EF072FB28460EF05FFC384603B0BDE890
:10581000F04F0EF059BCA1890EF0BFFACCE72DE98C
:10582000F84FDDF830809DF834B004460E4615463A
:1058300002EB080A994613B9837C0AEBD30A504657
:105840000EF03AFC2A46074631460EF04DFB781919
:10585000B9F1000F55D00A9942460EF045FBBBF155
:10586000000F07D0E26A20680132036850D1DB697B
:105870003221984750460EF01FFC06462068036808
:105880005B6B98472068216A0368C268DB689847A9
:10589000206803689B6B52469C4639463346E04776
:1058A0002068216A03680269DB68984720680368FA
:1058B000DB6B9847BBF1000F07D0E26A206801322A
:1058C000036843D1DB69012198476369002B5CD0F1
:1058D000B8F1000F5BD0E27CB05C98478246B9F12A
:1058E000000F07D1A37C0B9805EBD301424631444E
:1058F0000EF0FAFA38460EF0E7FB30460EF0E4FB05
:1059000021E0A27CA18908EBD2020EF046FAA6E7BC
:105910005B6A984706462068E16A03681B699847F6
:105920000028A7D0206803685B6D9847206803684B
:105930005B6A9847E369801B9842ECD338460EF0C7
:10594000C3FB6FF4307A5046BDE8F88F1B6A012123
:105950009847206803685B6A984782462068E16A36
:1059600003681B6998470028AFD0206803685B6D07
:105970009847206803685B6A9847E369A0EB0A00D0
:105980009842EBD36FF4307AA9E79A46A7E7C2466C
:10599000A5E72DE9F0431F46037987B006468C46FC
:1059A00043B9CDE900720A460189FFF7CFFE07B07F
:1059B000BDE8F08390F9115090F811E0002DB8BFC8
:1059C0000735C5F3C705681E40B204AC4FEAC008EE
:1059D00003462146002B15DA0130307CB8BF002584
:1059E000C0080D44441E64B2631C16D10123CDE9E6
:1059F0000223002300EBDE02019700933046FFF7FD
:105A00000EFFD4E7B6F80890013B49FA08F904F80C
:105A1000019B5BB2A8F10808DCE7E3002CFA03F372
:105A200005F8013B013CDEE7F0B589B000238DF8B5
:105A30001730037904460A465BB9012101910DF143
:105A4000170100910189FFF781FE9DF8170009B049
:105A5000F0BD90F91130467C002BB8BF0733C3F37B
:105A6000C703581E40B206AF4FEAC00C0546394680
:105A7000002D17DA257C0130B8BF0023ED080B4458
:105A8000681E40B2471C18D10123CDE902330DF145
:105A9000170301930023009305EBD6022046FFF77E
:105AA000BEFED2E7B4F808E0013D4EFA0CFE07F85E
:105AB00001EB6DB2ACF1080CDAE7C70022FA07F788
:105AC00003F8017B0138DCE72DE9F04317461A465D
:105AD000037987B006468C464BB9CDE900320A46B9
:105AE0003B464189FFF732FE07B0BDE8F08390F9ED
:105AF000115090F811E0002DB8BF0735C5F3C70568
:105B0000681E40B204AC4FEAC00803462146002B91
:105B100015DA0130307CB8BF0025C0080D44441EA2
:105B200064B2631C16D10123CDE902230022CDE922
:105B3000007200EBDE023046FFF771FED4E7B6F8E4
:105B40000A90013B49FA08F904F8019B5BB2A8F1FD
:105B50000808DCE7E3002CFA03F305F8013B013CFD
:105B6000DEE773B500230E460DF1070240F6D801BB
:105B700005468DF8073003F0DAFF044670B99DF84A
:105B8000073076B143F01E038DF80730A86C01236F
:105B90000DF1070240F6D801FFF796FF204602B04C
:105BA00070BD23F01E0343F00803EDE7D0F8A030EA
:105BB0002DE9F34104460E46002B63D0FDF704FBAC
:105BC000B4F89030471EBAB23FB2B7EB530FA8BF3C
:105BD000D21A03F0010594F88F30A8BF17B201352F
:105BE000002B53D0AD004FF480584FF09841206CFB
:105BF00008F01CFB4FF0745108F018FB08F08CFC07
:105C0000D4F8A42094F88A306D0208FB07559A4214
:105C1000A0EB050004D29B1ADB0758BF00F580708B
:105C200006EB460700BA7F00042301900DEB030248
:105C3000A06C07F28A31FFF747FF66B394F88A3009
:105C4000B3422AD8D4F89C50312D28D8ADB20023C5
:105C50008DF80030A06C8DF8015002236A4607F5DC
:105C60006271FFF731FFD4F89C305B1BC4F89C30A5
:105C7000D4F8A030013BC4F8A030D4F8A4300133EC
:105C8000C4F8A430002002B0BDE8F0811A235D43BF
:105C90004FF4D048A9E77325D9E77225D7E7322515
:105CA000D5E770B586B000238DF8133090F9113028
:105CB000427C002BB8BF0733DB10013B04465BB2CC
:105CC00005A8DD000146002B16DA0123CDE90233D9
:105CD0000DF11303019300230093D2082046FFF730
:105CE0009EFD054628B963691BB19DF813009847CE
:105CF000E080284606B070BDE689013B2E4100F8E1
:105D0000016B5BB2083DDEE72DE9F04100F13003A5
:105D100005460C460F4601F110083E4603CE4645A7
:105D200018605960374603F10803F6D130681860EF
:105D3000043C6A64286854F8041F036882689B68FE
:105D400098474445F6D1BDE8F081F8B50546FCF723
:105D500034FF88B1041D05F12C0605F1400756F803
:105D6000041F002904DB286822680368DB68984761
:105D7000BE4204F10404F2D1F8BD08B5806C0221E2
:105D8000FFF7E3FF4FF0FF3008BD836903B1184709
:105D9000184670472DE9F04390F9114090F811E052
:105DA000002CB8BF073487B0E410013C054664B24C
:105DB00005A89DF838809DF83C608C46E7000146B8
:105DC000002C11DACDE902380023CDE90023284662
:105DD00001234FEADE02FFF722FD68B966B12846CB
:105DE00007B0BDE8F043D0E74CFA07F9013C00F8F2
:105DF000019B64B2083FE3E707B0BDE8F0832DE9FB
:105E0000FF41036800229B6D05460E4698470446F5
:105E1000B8BB1E4B8DF80B00093603EB46060DF19F
:105E20000B0296F8723340F6E701284603F00F089C
:105E30001F0903F07CFE044618BB02463B46414660
:105E4000284603F04FFC0446D8B996F873738DF8D2
:105E50000C700126CDE9006604238DF80D30A86C86
:105E6000022303AA8E21FFF795FF044648B9A86CC8
:105E700085F8787033460DF10B0240F6E701FFF725
:105E800023FE204604B0BDE8F08100BFC47B0208B9
:105E90002DE9FF410E464FF000080DF10B0240F6D0
:105EA000E70105468DF80B8003F041FE044600280B
:105EB0005DD12B682846D3F8D0309847042102469C
:105EC000FCF77BFE032107461046FCF776FE28B15F
:105ED00067B90E2E4FDD6FF00C0448E016F1090F84
:105EE000F9DB002FF7D006F1090303E00E2EF3B221
:105EF0000DDD0933DBB21F2BEDD807232246042129
:105F0000284603F0EFFB0423044601210CE0113383
:105F1000DBB21F2BDFD8234604210122284603F0E1
:105F2000E1FB03230446414685F84430FCB928468A
:105F3000FFF717FE0446D0B90127CDE90077042307
:105F40008DF80D30A86CF6B2022303AA8E218DF8CD
:105F50000C60FFF71FFF044648B9A86C85F878600D
:105F60003B460DF10B0240F6E701FFF7ADFD204681
:105F700004B0BDE8F08106F11103DBB21F2BAAD8F3
:105F8000234604210122284603F0ACFB03230446E8
:105F90003946C9E71FB50B0C8DF80C300B0A8DF88C
:105FA0000D3000220123CDE900328DF80E100323BD
:105FB00003AA8221806CFFF7EDFE05B05DF804FBBB
:105FC000F0B585B00024009405462346224640F6ED
:105FD000E201806C03F078FC00942346224640F6F0
:105FE000E501A86C03F070FC6FF07F412846FFF7D5
:105FF000D1FFAB6C186803680A21DB699847264615
:1060000027460DF10F0240F6190128468DF80F7052
:1060100003F08DFD9DF80F0000F00100A040013459
:106020003043082CC6B2ECD12B6828461B69984730
:106030000097A86C0023012240F6E20103F044FC23
:106040000097A86C0023012240F6E50103F03CFC18
:10605000304605B0F0BD30B590F83450022D85B013
:10606000044606D0032D12D06FF01805284605B05F
:1060700030BD2946806CFFF768FED4F884102046B6
:10608000FFF788FF0546002384F83430EEE790F8E8
:106090004410806CFFF759FE0023ADF80C308DF8EA
:1060A0000E300123CDE9003303AA2B46A06C8321D7
:1060B000FFF770FE05460028D8D1A36C1868D96A8E
:1060C0000268126990470028DDD0A36C1868036845
:1060D0005B6D9847F1E71FB50123CDE9003349BA5D
:1060E0000223ADF80C1003AA1946806CFFF752FE8C
:1060F00005B05DF804FB10B5FFF7EDFF074B4FF45B
:106100008022C3F88421064BD3F88830044613B1AB
:106110003220ECF7BEF9204610BD00BF00E100E0E0
:10612000C01800201FB50123CDE9003309BA03913F
:10613000042303AA8621806CFFF72CFE05B05DF8CE
:1061400004FB37B50D46044690F84410806CFFF709
:10615000FCFD55B90123CDE900330023A06C1A469C
:10616000D121FFF717FE03B030BD29462046FFF7C7
:10617000D9FF0028EED0F6E730B585B00D0C089CAD
:106180008DF80C30230C8DF80D300123CDE9003350
:1061900008238DF808508DF80A100D0A8DF80B2091
:1061A00064BA0DEB03028B21806C8DF80950ADF8B9
:1061B0000E40FFF7EFFD05B030BDF0B585B00546E8
:1061C0000E4603F0FAFA0446002867D18DF80860FD
:1061D0000126CDE900663346A86C02AA8A21FFF7A2
:1061E000D9FD0446002859D195F83630CDE900662E
:1061F000002B0CBF202330238DF80830A86C3346C9
:1062000002AA9321FFF7C6FD0446002846D10323C6
:106210008DF8083095F84C30ADF80C00CDE90066EB
:106220000D338DF809300A23ADF80A308DF80E00D1
:106230000723A86C02AA8821FFF7ACFD044668BBBF
:106240002B6844F2FF31D3F8E430284698472246C1
:1062500007462146284603F0C0FA07433CB2ECB992
:10626000CDE900647F238DF80830A86C334602AA7C
:106270008921FFF78FFD044680B9AB6C186803686D
:106280000521DB699847AB6C1868D96A0268126906
:10629000904730B9A86CFFF704FD0446204605B0CE
:1062A000F0BDAB6C186803685B6D9847EBE72DE9B0
:1062B000F047846C054620681F46036886B05B6C17
:1062C0008846164698472068216A036882689B685A
:1062D00098472068216A03680269DB689847AB6CBD
:1062E0001868596A026894684268A047AB6C1868DD
:1062F000D96A026894684268A047AB6C41484FF481
:1063000001621A820122DA74AB6C4FF440011A71F7
:106310003D4A5A61C3E90201D5F838A00A244FF07A
:106320000009284603F00EFAA86C10224FF44871B9
:1063300002ABCDE90299CDE90499FFF72AFB0622C9
:1063400002A950460DF031FD78B995F835300BB300
:1063500039462846FFF731FF044648BBA86C0123A5
:10636000002E43D18DF8083043E0AB6C1868036809
:106370000A21DB69013C984714F0FF04D1D1AB6CD2
:10638000186803689B6C98476FF00104204606B0BC
:10639000BDE8F0870021404607F03CFD0028D7D03B
:1063A0004146284605F056F904460028D0D0EDE7CE
:1063B0002B6828461B699847A86C05F03BF9134BDE
:1063C0009C42E3D18306E1D5002385F835300021D6
:1063D000284605F03FF904460028D7D1394628461B
:1063E000FFF7EBFE04460028B8D0CFE700228DF877
:1063F0000820CDE9003302AA9621FFF7CBFC044622
:10640000C4E700BF1D000D00933101083DFDFFFFF3
:106410007047704770477FB5002305460846ADF8C2
:1064200008300E4608F052F8A0F286331A2B4BD9EA
:10643000A0F25F33072B53D9A0F20B33082B52D9AC
:10644000A0F5EB73282B51D9A0F5D7730A2B50D99F
:106450004FF08141304607F0DFFD4FF07E5107F0ED
:10646000DBFD4FF07A5107F0E1FE0DF0CFFA08F0B6
:1064700053F84FF08141C4B2304607F0CFFD4FF0E2
:106480007E5107F0CBFD4FF07A5107F0CFFE0DF0B3
:106490007BFA08F041F8E107C3B25CBF04F1FF34B6
:1064A000E4B2DA075CBF0133DBB28DF80D300123B3
:1064B000CDE900338DF80C40022303AAA86C982183
:1064C000FFF768FC04B070BDE122E9238DF80930C4
:1064D0000123CDE900338DF80820022302AAEDE75D
:1064E000D722DB23F2E7C122C523EFE77522812300
:1064F000ECE76B226F23E9E738B50C4605461749F0
:10650000204607F07DFC30B31549204607F06EFCAD
:1065100008B3296C204607F07FFD124920F00040A7
:1065200007F06EFC80B92C644FF09841204607F0CC
:106530007DFE4FF0745107F079FE07F0EDFF014644
:106540002846BDE83840EDE521462846FFF763FFC1
:106550000028E8D038BD6FF00B00FBE700001643C1
:10656000000070440000A04107B5FF238DF80730FC
:106570000DF1070201231121806C03F031FA9DF81F
:10658000070003B05DF804FB2DE9F0479846036867
:106590001B6904460F461646984700283ED194F8DA
:1065A0004D30042B3CD9072E6BD994F84F30012B7A
:1065B00036D1FD2E68D823683146DB6F20469847D8
:1065C00023680546D3F82490324643463946204690
:1065D000C84718BB20464FF47A7305EB8505B5FB19
:1065E000F3F5FFF7C1FFA36C0646186803685B6A02
:1065F000984705350746A36C186803685B6D984794
:10660000A36C186803685B6A9847C01B854209D26F
:10661000236820469B6A98476FF00400BDE8F08726
:10662000FF2EC7E7A36C1868596A02681269904781
:106630000028E0D0032E23681DD1D3F884302046F3
:106640009847C20717D423682046D3F88430984768
:106650004304D0D5D4F8A410204601F00F01FFF771
:10666000A5FA0028C7D1236844F2FF31D3F8E430FB
:1066700020469847BFE7236820469B6ABDE8F0475D
:1066800018476FF01D00C9E76FF00300C6E7036805
:1066900073B51B69044698470546A8BB94F850306B
:1066A000012B27D12046FFF75FFF0128064621D1A5
:1066B00003460DF10602A06C8DF8065040F602115B
:1066C000FFF702FA0DF1070240F6441120468DF85B
:1066D000075003F02CFAB8B99DF80730A06C43F0CE
:1066E00002038DF807300DF10702334640F64411DE
:1066F000FFF7EAF92368D3F8E43044F2FF3120468B
:1067000002B0BDE87040184702B070BD13B5044632
:10671000FFF72AFF012806D194F85030012B02D14F
:10672000E06F02B010BD0023ADF80430A06C02236E
:1067300001AA132103F054F99DF80400F1E72DE9B3
:10674000F041054686B0806C0F461646FFF7A9FA61
:106750002B680446D3F88430284698476FF430738A
:106760009C4208D110F4007F18BF6FF0050420464A
:1067700006B0BDE8F081002CF9D1430643D400F007
:106780003000202814BF4FF000086FF0060828469C
:10679000FFF7EAFE0023ADF8143005AA0223A86C27
:1067A000132103F01DF99DF815209DF8143016B142
:1067B000B34228BF3346AE6C8DF815200122CDE9D7
:1067C00002321E2100238DF814100197009302223B
:1067D00005A93046FFF723F804460028C7D1304604
:1067E000FFF7D3FA04460028C1D12B6844F2FF31E9
:1067F000D3F8E43028469847B8F1000F0CBF0446A0
:106800006FF00604B3E76FF00608C0E72DE9FF4715
:1068100004460D46FFF7A8FE01286CD123682046E8
:106820001B699847002863D1A06C0221FFF78DFAFD
:10683000A9682046FCF7D4FDE96806462046FCF727
:10684000CFFDB1B282B2204602F0C7FF00284FD17F
:10685000236844F2FF31D3F8E430204698470028FB
:1068600046D1686895F8008095F8019094F84CA09E
:10687000AF78EE7807F082FC204907F08BFD07F037
:106880004BFEB8F1FF0F08BF4FF002080125B9F128
:10689000FF0F08BF0AF10D0ACDE900554FEA10437A
:1068A00008BF5FFA8AF9FF2F08BF0A278DF80C305E
:1068B000FF2E4FEA102308BF00268DF80D308DF80B
:1068C0000E000723A06C8DF8088002AA88218DF89D
:1068D00009908DF80A708DF80B60FFF75BFA38B9F4
:1068E000CDE9005503460246C521A06CFFF752FAD8
:1068F00004B0BDE8F0876FF01300F9E700007A41BB
:1069000010B50446FFF730FE01280ED1236820465B
:10691000D3F884309847C3050AD410F0800F14BF11
:106920006FF00E004FF0FF3010BD6FF01300FBE76B
:106930000048F9E742FDFFFF10B50446FFF714FEDB
:10694000012812D1A06C04F03FFF10F4004FC0F3F7
:10695000072018BFA0F5807006F0CCFE044B002283
:1069600006F032FF07F004FB10BD0248FCE700BF51
:106970000000D03F0000A0C12DE9F0428AB00446DB
:106980000F46FFF7F1FD05AE00230DF11C090128AC
:10699000C9E90133054607930593B3803CD194F8C8
:1069A0004D30042B34D80433DBB28DF8243094F806
:1069B0004C308DF81C30636D0893B4F85230ADF84C
:1069C000143094F84F30003B18BF01238DF8173076
:1069D00094F85030591E4B424B418DF8163094F8C4
:1069E0004E30003B18BF01238DF81830039796E80E
:1069F0000300099B0190ADF808100093216899E805
:106A00000C008E6F20462946B0470AB0BDE8F082E0
:106A1000072B08BF0823C8E720BBE06D07F0AEFBDB
:106A20000146204807F0B6FC0790206E07F0A6FB51
:106A300094F86730089013F0FB0F11D0022B03D0AD
:106A40009A1F534253415B00B4F86C20ADF81420F8
:106A500094F868208DF816208DF817300025C5E7CA
:106A60000123F1E703280ED1B4F888305BBAADF802
:106A70001C3094F88F308DF81E3094F88A308DF8E1
:106A800014300225B2E7022808D1E06D07F076FB4A
:106A90000146044807F07EFC0790DFE76FF0130023
:106AA000B3E700BF00007A4910B50C4659B1FFF7B3
:106AB0005BFD012802D0032803D038B920700020E4
:106AC00010BD0220FAE76FF00200F9E76FF0130043
:106AD000F6E737B504460D46FFF746FD58BB0021E3
:106AE000284607F079F960B91449284607F088F973
:106AF00020B11349284607F079F918B96FF06500FD
:106B000017E00E4D0F49284607F090FB4FF09841D3
:106B100007F08CFB0C4907F03DFC07F0FDFC2066FC
:106B2000009094F8653094F86620E16D2046FFF7F8
:106B300023FB03B030BD6FF01300FAE79A99193FB9
:106B40000000484300007A440024F44B7FB505461A
:106B50000C46FFF709FD002855D0032804D0022871
:106B600010D06FF013044BE05B49204607F048F962
:106B700028B15A49204607F039F9002843D16FF06F
:106B800064043DE05649204607F03AF90028F6D063
:106B90005449204607F02AF90028F0D052492046EF
:106BA00007F044FB0146514807F0F4FB07F0B4FC42
:106BB000030C8DF80C30030A8DF80D3016238DF878
:106BC0000F300123E865CDE900338DF80E00042372
:106BD000A86C03AA8B21FFF7DDF8044680B928468C
:106BE000FFF7C2FC60B9EB6DA86CB3F5966F20D1CE
:106BF00004230093224640F6B80102F065FE0446E5
:106C0000204604B070BD3849204607F00FFB01460E
:106C1000364807F0BFFB07F07FFC2B6EE86500935A
:106C2000014695F8653095F866202846FFF7A4FAE6
:106C3000D3E7B3F5167F4FF0030300934FF004033F
:106C400026D1182240F2D16102F03EFE044600280F
:106C5000D6D1022300930423A86C1A4640F69B0168
:106C600002F032FE04460028CAD1042600960246ED
:106C70003346A86C40F6B80102F026FE0446002810
:106C8000BED1009606235022A86C40F2AC61B4E756
:106C9000082240F2D16102F017FE04460028AFD16D
:106CA0000223009302460423A86C40F69B0102F0E5
:106CB0000BFE04460028A3D104260096A86C334698
:106CC000102240F6B80102F0FFFD0446002897D1DB
:106CD000009606230246D7E723DBF93E355EFA3EEF
:106CE000CDCCCC3D9A99193F00007A440024744ED3
:106CF00037B505460C46FFF737FC08B103281AD113
:106D0000042C1BD8DFE804F0040311131500082439
:106D10002B6E85F86640009395F86530E96D224644
:106D20002846FFF729FA03B030BD0924F0E70A240A
:106D3000EEE70B24ECE76FF01300F4E76FF0690067
:106D4000F1E77FB505460E461446FFF70DFCA0BBE4
:106D5000082C47D8234632464FF4D861A86CFEF77A
:106D6000B3FEE400B5F86C10E4B2A1420A46A8BF35
:106D700022461F2A85F8684019DC172A19DC0F2AD9
:106D800019DC003A18BF01229200FF2385F8642025
:106D9000039395F86A30029395F86930CDE9004382
:106DA000284695F8673002F04AFE04B070BD07220D
:106DB000EBE70622E9E70522E7E7012808D1012CE5
:106DC00010D83178284604B0BDE8704002F03ABDD2
:106DD000032804D1042C05D13368C5F88B306FF03B
:106DE0001300E2E76FF06800DFE730B587B00446D4
:106DF0000D46FFF7B9FB00283BD1ADB9FF2384F85E
:106E00006950039394F86A30CDE9015394F86830DF
:106E1000009394F8673094F86420B4F86C1020461E
:106E200002F00DFE07B030BD012384F8693005AAD9
:106E30004FF4D761204602F07AFE0028F2D19DF887
:106E40001430A06C23F0010343F001038DF81430DB
:106E5000FF25022305AA4FF4D7618DF81550FEF7E0
:106E600033FE039594F86A30029394F869300193E5
:106E7000CCE76FF01300D5E72DE9F0431E4685B04F
:106E800090F858309DF830400546884617469BB12B
:106E900090F84C004FF0010909FA00F007F06EF984
:106EA000696D07F077FA4FF0834106F0A9FF0028DB
:106EB000044618BF4C46E4B2012385F84E40CDE9A4
:106EC000003303AAA86C8DF80C8004238B218DF865
:106ED0000D708DF80E608DF80F40FEF75BFF05B06A
:106EE000BDE8F08373B505460E46FFF73DFB01286C
:106EF000044655D10021304606F082FF00283AD0E2
:106F00002949304606F072FF002834D04FF07C51FA
:106F1000304607F08BF9254907F080F807F0FCFAB6
:106F2000C3B2142B20D8022B25D9033B112B22D816
:106F3000DFE803F02E2109210A2121282121212126
:106F40002A212121212C082495F84E3085F83C4037
:106F50006E65009395F84D3095F84C102246284602
:106F6000FFF78AFF02B070BD7D2B13D006D81F2B10
:106F700012D03E2B12D06FF00700F3E7FA2BFAD1B4
:106F80000624E1E70924DFE70224DDE70A24DBE742
:106F90000024D9E70524D7E70324D5E70424D3E761
:106FA0006FF01300DEE700BF0000FF430AD7233C69
:106FB00037B504460D46FFF7D7FA012811D16B1FEC
:106FC000072B11D894F84E3084F84C50009394F865
:106FD0004D3094F83C2029462046FFF74DFF03B082
:106FE00030BD6FF01300FAE76FF00800F7E72DE906
:106FF000FF410C4616461F4602AA002340F2367196
:107000009DF82C808DF80830054602F090FD38BBC5
:107010009DF80810A86CB8F1010F0CBF01F0FB013E
:1070200041F004018DF80810012302AA40F23671E4
:10703000FEF74AFD9DF828308DF80A300123CDE98E
:10704000003364BAA86CADF80840062302AA8C216C
:107050008DF80B708DF80C608DF80D80FEF79AFEA0
:1070600004B0BDE8F081F0B51D46036885B01B692A
:1070700004460F4616469847A0BB6FF07F439F42D9
:107080003146204618BF45F40075FCF7A9F929469A
:1070900006462046FCF7A4F9B1B282B2204602F0BF
:1070A0009CFBF8B9204602F088FBD8B9236844F26B
:1070B000FF31D3F8E4302046984798B92046FFF7CF
:1070C00053FA012810D194F88030019394F850308D
:1070D000009394F87C3094F84F20B4F85210204676
:1070E000FFF785FF05B0F0BDA0B9FF23039394F827
:1070F0006A30029394F86930019394F868300093F1
:1071000094F8673094F86420B4F86C10204602F0CC
:1071100096FCE7E74FF0FF30E4E72DE9F04FADF5DF
:107120006F7D022904460891164608D0032924D011
:107130006FF0180528460DF56F7DBDE8F08F90F8CB
:107140005030012B02D1D36803B1C367D6E90123C4
:1071500031682046FFF787FF05460028EAD13368EB
:10716000013304BF6FF07F4333603368C4F8843069
:10717000089B84F834300025DCE75368FF2B00F2CD
:107180003184FFF7F1F90128074614D194F88030D3
:10719000019394F850300093337994F84F20B4F869
:1071A00052102046FFF723FF05460028C2D10122D6
:1071B00040F2012153E0A0B93379039394F86A3087
:1071C000029394F86930019394F86830009394F82E
:1071D000673094F86420B4F86C10204602F02FFC5D
:1071E000E2E7022835D1E36D642B40F2E14341F63A
:1071F000705218BF1A4640F62F1343F20F7118BF92
:10720000194673688DF85831D800C3F347138DF8C9
:107210005D310123CDE900330D0A8DF85A11110AB1
:107220008DF85B118DF85C218DF85E0156AAA06C7B
:107230008DF859518C21FEF7ADFD054600287FF4ED
:1072400079AFA06C06230DF25912F021FEF73CFC39
:10725000ADE7032840F0CA8344F2010211462046FC
:1072600002F0BBFA054600287FF464AF204602F026
:10727000A4FA054600287FF45DAF032F51D00E23FA
:10728000ADF8583101233268A76C0393317900922D
:10729000CDE90101022256A93846FEF7C0FA05469B
:1072A00000287FF447AF3846FEF76FFD05460028FB
:1072B0007FF440AF236844F2FF31D3F8E430204636
:1072C0009847054600287FF435AF8DF8580156AA37
:1072D00040F68901204602F02AFC054600287FF48A
:1072E00029AF2046FFF740F9012840F07683C549D1
:1072F000606D06F091FEC44920F0004006F076FD76
:10730000002800F06A839DF8583103F0FB038DF8E4
:107310005831A06C012356AA40F68901FEF7D4FB30
:1073200026E7BA4B94F8891018689B88ADF85C3151
:1073300016AFB74B3B6012AD49F28E532B8094F8D9
:107340008F305690002BB34B03EB41030CBF34221C
:107350000822B3F8B233B3FBF2F30622632BA4F88E
:107360009030A4F8922000F0228100F22B813C2B77
:1073700000F0438100F217811E2B00F20B81092BD4
:1073800040F20E81A44A22FA03F3DB0740F10881A0
:10739000B4F8983056A99A09B3F5C07F8A5CA4F86E
:1073A000942003F03F02A4F8962080F0F9804FF07B
:1073B000000894F88A30C3F10403434500F3328196
:1073C0004FF00008FB224146C7F8008017A80CF0D8
:1073D000E4FCC4E92788C4F8A480D6E9001A38463A
:1073E0000AEB0106FF228E4240F02281DFF82C8258
:1073F0001023002647F25B5C88F8043051464FF6B4
:10740000FF733846C8E902C3C8F8106001F008FFEE
:10741000C0F3072307F80A300DF159034FF4177230
:1074200003F80A000AF102033146FE5457A80B93F1
:1074300056960CF0B2FC032388F819300AF10203C7
:10744000D90056AA0FAB063138460F9688F8186057
:1074500003F0CAFFFF22314638460CF09EFC94F838
:1074600088300593032B31D06D4B03F10806186863
:1074700059682A4603C20833B3421546F7D1186843
:1074800010609A889B79AA80AB71059B022B9DBFE7
:10749000604B059A9B184FF0000C98BF93F8D5C32A
:1074A0000F9B069300231A4618460DF148090DF16B
:1074B000580E0DF5AC7B06998B4240F0CF800F92B1
:1074C0000732D20816A956A80CF00EFD0F9B0693A2
:1074D000002293B206985B438342114602F10102F7
:1074E000F7D38BB294F88AB0BDF918505B009BB209
:1074F0000993CBEBCB030BEBC303C1F34E025B0051
:1075000000210C929BB207910A4616AE002D00F3A3
:10751000C7806FF0710202FB0B330F93059B94F849
:107520008F2094F88910DFF8F4808DF840A0DB00FC
:1075300043EA820343EAD10343F002038DF841306A
:10754000B4F898301A091B0142EA41128DF8433011
:1075500008238DF8422088F804302F22FF23C8E941
:1075600002230027C8F810703E4616AD94F88A1022
:107570008F42C0F001810B9B94F88820DB0006331A
:107580009BB2032A00F2C581DFE812F0B701BF0108
:1075900022022402232B3FF4FBAE2F2B3FF4F8AE44
:1075A0006FF06905C6E53E2B27D0562BF8D1B4F80D
:1075B0009830DA0903F07F03BA5CA4F89420A4F8A9
:1075C0009630F4E6B3F5C37F10D00BD8B92B01D0B9
:1075D000C62BE5D1B4F898301A0ADBB2AA5CA4F83D
:1075E0009420ECE740F293129342D9D14FF4847384
:1075F000A4F89430B4F89830E1E73823A4F8923036
:10760000C6E600BF0000FA436F12833ADD9A020813
:1076100041444748C47B02080004405038500020D1
:107620008A7F02082046FBF7CFFD08F10108C0E67B
:1076300011F8013B53404FEA031C4CEA131300F8C6
:10764000013B130983EA521383EAD20303F00103D7
:1076500083EAD2135200D2B21A43C4E619F80010DA
:10766000C1B1D543012605F0070506FA05F5DE0888
:107670004FEAD2081BF806601EF80810DF4307F037
:1076800007073E41F60746BF2943C9B2A9430EF892
:10769000081001320130604508BF002001330AE7BD
:1076A000302D28464FEAD307A8BF30200A90D84390
:1076B00016F807C04FF0010E00F007000EFA00F0B8
:1076C0002CEA000C03EB0E0006F807C04FEAE00CB2
:1076D000C04316F80C7000F007000EFA00F027EA1D
:1076E000000706F80C704FF0000E03F1020C6FEA71
:1076F0000C074FF0010807F0070708FA07F70DF528
:10770000AC794FEAD2084FEAEC0019F808800D90E6
:107710006FEA020909F00709305C48FA09F818F025
:10772000010F14BF3843B8434FEAEC0718BFC0B28B
:10773000F05509980244069892B290420CD8079AE4
:107740000C980244099892B290429FBF013189B2CD
:107750000A46079188BF07920A9F0EF1010E0FFAA1
:107760008EF087420CF1010CC1DC38460230303D0E
:1077700018442DB283B2C9E69DF843300139C91BC4
:1077800023F00C0343EA810310A804218DF8433051
:1077900001F046FD4FF0000902238DF8440088F8FF
:1077A000193012AA4B46282110A8CDE91299ADF83C
:1077B000509088F8189003F017FE4B4612AA282123
:1077C00010A803F011FEF208F343A95C4FF0010E7C
:1077D00003F007030EFA03F321EA0303AB5406EBAD
:1077E0000E03DA10DB43A95C03F007030EFA03F380
:1077F00021EA0303AB547F4B059306F1020C06F11B
:107800002A00059B13F8011B05934FEAD1090DF1DE
:10781000480B4FEADC0A1BF8099015F80A30C943F7
:107820006FEA0C0201F0070102F0070249FA01F9C0
:1078300019F0010F0EFA02F218BF13430CF1010CFC
:1078400014BFDBB29343604505F80A30D9D106F185
:107850007203DFF8A4A1059306F14A0C1AF8011F80
:107860006FEA0C024FF0010E02F007020EFA02F26C
:107870000DF1480B4FEAD10E4FEADC091BF80EE080
:1078800015F80930C94301F007014EFA01FE1EF058
:10789000010F1ABF1343DBB2934305F80930059B70
:1078A0000CF1010C6345D9D100214FF0010A04EB22
:1078B000D10C4FEAD0096FEA010E9CF88BC015F885
:1078C0000930C2430EF0070E02F007024CFA0EFC1C
:1078D0001CF0010F0AFA02F218BF134301F1010173
:1078E00014BFDBB29343202905F8093000F10100F1
:1078F000DDD17236B6B2013738E60622534304337F
:107900000522B3FBF2F39BB203E003EB4303C3F3A3
:107910004F03302603F12F02B2FBF6F20A44B3FB09
:10792000F6F0C4F8A02000EB800202EB820206FB16
:10793000103352009BB292B213B102331A4492B286
:10794000722313FB0122A66CC4F89C200E2307327D
:10795000ADF858314FF001080023D708C2F3C70231
:10796000CDE900530292CDF80C804346022256A97D
:107970003046FDF754FF054600287FF4DBAB304668
:10798000FEF703FA054600287FF4D4ABD4F8A03004
:107990008DF85A31A06C8DF85971032356AA40F224
:1079A00085318DF85881FEF78FF894F8A070102F6C
:1079B00028BF10272E46B7427FF67CACF1B2204696
:1079C000FEF7F4F8054600287FF4B4AB0136F2E781
:1079D0005B0098E703EB430395E79DF8583143F0CC
:1079E000040394E46FF00305FFF7A4BB4FF0FF35E9
:1079F000FFF7A0BB9C7F0208C37F020830B585B0AB
:107A000005460C46FEF7B0FD012811D195F88030EF
:107A1000A1B2A5F85210019395F85030009395F853
:107A20007C3095F84F202846FFF7E1FA05B030BDCD
:107A300048BB95F86830A1B299420A46A8BF1A46D9
:107A40001F2AA5F86C1018DC172A18DC0F2A18DC7E
:107A5000003A18BF01229200FF2085F864200390AD
:107A600095F86A00029095F86900CDE90030284643
:107A700095F8673001F0E3FFD8E70722ECE706222C
:107A8000EAE70522E8E74FF0FF30CFE737B50446D5
:107A90000D46FEF769FD012810D184F8805001954C
:107AA00094F85030009394F87C3094F84F20B4F858
:107AB00052102046FFF79BFA03B030BD6FF0130061
:107AC000FAE737B50C4605460021204606F098F93E
:107AD000B8B10D49204606F089F990B10B4920460E
:107AE00006F058FC06F018FD01238DF807000DF193
:107AF0000702A86C40F6E701FDF7E6FF002003B09F
:107B000030BD6FF01000FAE700000C430000204089
:107B10001FB50123CDE900338DF80F100DF10F02D1
:107B20009D21806CFEF736F905B05DF804FB2DE968
:107B3000F14F1F46374B4365062380F83C30002346
:107B4000BDF834804367164680F85030324AC2642C
:107B5000FF230D46C3679DF83C200E99A0F8528084
:107B600001239DF828B09DF82CA09DF93090044683
:107B7000FEF79DFB002849D15946204601F043FEFF
:107B8000002843D15146204601F05CFE00283DD13B
:107B9000236841461B6E20469847002836D11F496E
:107BA0002046FFF78EFF002830D101212046FFF745
:107BB000AFFF58BB0221204601F068FF30BB2368AD
:107BC00001461B6D2046984700BB23683946D3F811
:107BD000E03020469847C8B923683146D3F8DC30F6
:107BE0002046984790B923682946DB6B2046984782
:107BF00060B901212046FDF7B4FF38B923685B6DF9
:107C00004946204601B0BDE8F04F184701B0BDE835
:107C1000F08F00BF0000FA4309030001000070422A
:107C2000F0B587B004469DF844E09DF830509DF8CB
:107C300034609DF93870BDF83CC0CDF814E0DDF833
:107C400040E0CDF810E0CDE9027CCDE90056FFF729
:107C50006EFF014620B9204607B0BDE8F04057E767
:107C600007B0F0BD2DE9F0479246994645F25532EE
:107C70004CF6CC4386B0C0E91723194B03671A238F
:107C8000BDF8407080F8653040F209630E46A0F8F8
:107C900066309DF848201199A0F86C700023DDF83B
:107CA00038809DF93C500446FEF701FB002840F067
:107CB000E781236851461B6C20469847002840F016
:107CC000DF81236849465B6C20469847002840F0D6
:107CD000D7812046FEF748FC20B16FF01300CFE1BA
:107CE00033331C43BC49C4F87080404606F094F915
:107CF000BA4920F0004006F079F8002840F0688189
:107D0000B749404606F088F9B44920F0004006F033
:107D10006DF8002840F05E81B249404606F07CF9DB
:107D2000AE4920F0004006F061F8002840F0828162
:107D3000AD49404606F070F9A84920F0004006F031
:107D400055F8002840F07881A849404606F064F9CB
:107D5000A24920F0004006F049F8002840F06E816A
:107D6000A349404606F058F99C4920F0004006F02F
:107D70003DF8002840F064819E49404606F04CF9E9
:107D8000964920F0004006F031F8002840F05A8172
:107D90009949404606F040F9904920F0004006F02D
:107DA00025F8002840F050819449404606F034F907
:107DB0008A4920F0004006F019F8002840F046817A
:107DC0008F49404606F028F9844920F0004006F02B
:107DD0000DF8002840F03C818A49404606F01CF925
:107DE0007E4920F0004006F001F8002840F0328182
:107DF0008549404606F010F9784920F0004005F02A
:107E0000F5FF002840F028818049404606F004F93B
:107E1000724920F0004005F0E9FF002840F01E8183
:107E20007B49404606F0F8F86C4920F0004005F028
:107E3000DDFF002840F014817649404606F0ECF85A
:107E4000664920F0004005F0D1FF002840F00A818B
:107E50007149404606F0E0F8604920F0004005F026
:107E6000C5FF002840F000816C49404606F0D4F878
:107E70005A4920F0004005F0B9FF002840F0F68094
:107E80006749404606F0C8F8544920F0004005F024
:107E9000ADFF002840F0EC806249404606F0BCF897
:107EA0004E4920F0004005F0A1FF002840F0E2809C
:107EB0005D49404606F0B0F8484920F0004005F022
:107EC00095FF002840F0D8805849404606F0A4F8B5
:107ED000424920F0004005F089FF002800F0CE80E4
:107EE0000923226E84F86530009294F86620E16DD3
:107EF0002046FEF741F9002840F0C2804C49204658
:107F0000FFF7DFFD002840F0BB80236839461B6E79
:107F100020469847002840F0B3804AF61253ADF847
:107F2000143023680222DB6D05A9204698470028FB
:107F300040F0A680236801469B6C204698470028A5
:107F400040F09E8023680146DB6C2046984700285D
:107F500040F096802046FEF707FB00287FF4BDAE78
:107F6000FF230127CDE9027394F86930019394F857
:107F70006830009394F8673094F86420B4F86C107B
:107F8000204601F05CFD00287AD184F86A70022155
:107F9000204601F07BFD002872D139462046FFF7CC
:107FA000B7FD00286CD123683146DB6B204698472B
:107FB000002865D101212046FDF7D3FD00285FD1BF
:107FC00023685B6D2946204606B0BDE8F047184798
:107FD0001F2386E7172384E79A9999406F12833A03
:107FE0009A99B9409A99E94033331B4133333B4165
:107FF0009A99694100009C413333BB416666EA416E
:1080000000001C429A993B4266666A4266669C4240
:108010009A99BB429A99EA4233331C4333333B4328
:10802000CD4C6A4300009C43CDCCBA430080E94369
:10803000000070420F2354E71E2352E7162350E737
:108040000E234EE71D234CE715234AE70D2348E78F
:108050001C2346E7142344E70C2342E71B2340E795
:1080600013233EE70B233CE71A233AE7122338E7B2
:108070000A2336E7192334E7112332E76FF067004C
:1080800006B0BDE8F087F0B587B004469DF93450DE
:10809000BDF838609DF840700497CDE901560F9FF8
:1080A0000C9D03970095FFF7DDFD014620B92046A2
:1080B00007B0BDE8F0402BE507B0F0BD2DE9F04179
:1080C0000E4617461D469DF81C20069902230446BD
:1080D000FEF7EDF8E0B9236839461B6C2046984757
:1080E000B0B901212046FFF713FD88B92368314656
:1080F000DB6B2046984758B901212046FDF731FD3A
:1081000030B92368294620465B6DBDE8F041184729
:10811000BDE8F0812DE9FF411F469DF8283080F829
:108120008F30884615460C999DF834209DF92C60B7
:1081300003230446FEF7BBF8002846D12649204613
:10814000FFF7BFFC002840D101212046FFF7E0FCEB
:1081500000283AD1CDE90200CDE9000003460246ED
:108160000146204601F06BFC78BB0B2384F8663097
:10817000236884F8650020661B6C184920469847E0
:1081800018BB032F1FD8092D84F8887020D803232B
:1081900084F88A304FF48073A4F89830236884F808
:1081A0008950DB6B41462046984770B90121204633
:1081B000FDF7D7FC48B923685B6D3146204604B013
:1081C000BDE8F04118476FF0090004B0BDE8F08148
:1081D0006FF00700F9E700BF000070420000FA3EB0
:1081E000014400220346013088421A70FAD17047D8
:1081F00010B5B02104460C30FFF7F2FF204610BD49
:1082000010B50446FFF7F4FF20460BF05DFF204653
:1082100010BD10B5F02104460C30FFF7E1FF2046F9
:1082200010BD10B50446FFF7F4FF20460BF04CFFDD
:10823000204610BD2021D3E710B504460430FFF7D7
:10824000F9FF204610BD10B50446FFF7F5FF2046A4
:108250000BF03AFF204610BD0430EBE710B50446A2
:108260002430FFF7E7FF2046FFF7E6FF204610BD6A
:1082700010B50446FFF7F2FF20460BF025FF20461D
:1082800010BD10B504462430FFF7D4FF201DBDE813
:108290001040CFE72DE9F04106461D4656F8283B31
:1082A0008AB00F46904602A99B692022044698474F
:1082B0005C23314600933A4643462046FCF7E8FBF0
:1082C000D4E91A2312F5007243F10003C4E91A231A
:1082D0002046FCF75BF823685E699B68984702A913
:1082E00002462046B0472368109A9B6929462046DB
:1082F000984702A8FFF79EFF0AB0BDE8F081017918
:108300008068013109016BE710B51021044608307F
:10831000FFF766FF04F118001021FFF761FF204608
:1083200010BD10B50446FFF7EFFF20460BF0CCFE62
:10833000204610BD10B5044640680368DB699847C5
:10834000102104F10800FFF74BFF102104F1180081
:10835000FFF746FF102384F8283010BD10B50446FF
:1083600070210830FFF73CFF236820461B69BDE8F9
:10837000104018472DE9F04F8946ADF5037D804642
:108380001146002A00F06E816AAC02F120051068E7
:108390005168234603C30832AA421C46F7D1719B99
:1083A00023F0004371936AA8FBF7FFFE1C2200F044
:1083B0000103002163A801936AAC0BF0EEFC0123DA
:1083C0002022002152A862930BF0E7FC0FCC5AAD9B
:1083D0000FC594E80F0085E80F0062AD0FCD4AACE1
:1083E0000FC495E80F004FF0000B84E80F001F2624
:1083F000FF244025DA4619F806702F4087EA0B0B58
:108400005AAA62A95846FBF77CFF4AAA52A95846C5
:10841000FBF777FF52AA62A942A8FBF72EFF42A9F9
:108420001AA8FBF728FF52AA3AA862A9FBF73BFF5C
:10843000014612A8FBF71FFF12AA1AA922A8FBF7F0
:1084400032FF4AAA5AA932A8FBF717FF2AA84AAA5C
:108450005AA9FBF728FF014642AA0AA8FBF7CEFE5D
:108460003AAA32A902A8FBF7C9FE02AA0AA95AA889
:10847000FBF703FF5AA90846FBF7FDFE4AA802AA2C
:108480000AA9FBF710FF0146FBF7F5FE4AA90846CB
:108490006AAAFBF7B3FE12AA1AA962A8FBF7AEFEFE
:1084A0007448082272A900230DF1880E5EF804CBEF
:1084B000D346013AECFB003B12F0FF0241F8043BCB
:1084C0005B46F3D1012272A952A8CDF8E8B1FBF7BF
:1084D00003FE52A908461AAAFBF7CFFE52A922AA08
:1084E0000846FBF78BFE6D0804BF06F1FF364FEA26
:1084F000C71B04F1FF3403BFF6B25FFA8BFB802584
:108500004FEA570B14F0FF047FF475AF5AAA62A923
:108510005846FBF7F6FE4AAA52A95846FBF7F1FE69
:1085200052A972A8FBF7A7FE092472A90846013CCC
:10853000FBF7A1FE14F0FF04F7D152AA72A94AA8D2
:10854000FBF75CFE17250A2472A90846013CFBF7DD
:1085500092FE14F0FF04F7D14AA972AA0846013D21
:10856000FBF74CFE15F0FF05EDD14AA972A8FBF709
:1085700082FE4AA972AA0846FBF740FE082472A9A7
:108580000846FBF778FE4AA972AA0846013CFBF7A9
:1085900035FE14F0FF04F2D172A8FFF74BFE4AA992
:1085A0000846FBF768FE4AA90846FBF764FE4AA99D
:1085B00052AA0846FBF722FE4AA90846FBF75BFED3
:1085C0004AA90846FBF757FE4AA952AA0846FBF7F4
:1085D00015FE4AA90846FBF74EFE4AA9084652AACC
:1085E000FBF70CFE62A94AAA0846FBF707FE6AAD34
:1085F00062AB42461C4603CCAC421060516023463D
:1086000002F10802F6D16AA8FFF714FE62A8FFF78C
:1086100011FE5AA8FFF70EFE52A8FFF70BFE4AA85C
:10862000FFF708FE42A8FFF705FE3AA8FFF702FE93
:1086300032A8FFF7FFFD2AA8FFF7FCFD22A8FFF7ED
:10864000F9FD1AA8FFF7F6FD12A8FFF7F3FD0AA837
:10865000FFF7F0FD02A8FFF7EDFD01980DF5037D92
:10866000BDE8F08F1C226BA80BF097FB09236A93DF
:1086700099E600BF41DB0100F0B50021114C90F8F4
:108680001FC005460846224605F11F0712F81F3F86
:108690008CEA030303F07F0312F8016D17F801ED74
:1086A000944286EA0E0643EA0603F5D1C3F58073C9
:1086B000013140EA23200529C0B204F12004E2D1AF
:1086C000F0BD00BFEC7F020810B5702104460830F1
:1086D000FFF786FD204610BD10B50446FFF7F4FFF6
:1086E00020460BF0F1FC204610BD00BF000000004A
:1086F000B0F81432B0F81022981AC0B27047B0F82F
:108700001432B0F810229BB293421ABFD0F808324C
:10871000985C4FF0FF30704790F81232B0F81602B4
:10872000C0B2834227BFC3F13F03C018C01A00F193
:10873000FF30704707B503688DF807105B680122AA
:108740000DF10701984703B05DF804FBD0F8F8314C
:10875000013310B5044631D10368DB68984794F8BB
:108760001C325BBBD4F8F8310122013384F81C229F
:1087700024D194F80512124B53F8213093F8841049
:1087800091421BD083F884202422C3F888201968E2
:1087900051E8002F22F00C0241E800241868002C58
:1087A000F5D150E8002F42F0040240E800210029F2
:1087B000F7D12022C3F8882083F8841010BD00BFB1
:1087C000A01A002010B50446FFF7C0FFB4F8142229
:1087D000B4F8103292B29A421FBFD4F80822D05C8B
:1087E0000133DBB214BFA4F810324FF0FF3010BDDC
:1087F0002DE9F04106460D468F180C46BC4202D1C9
:10880000601BBDE8F0813368A0461B6818F8011BA7
:10881000304698470028F3D04446EFE738B5094D75
:108820002B68C3600446236820465B69984700288C
:1088300007DAE2682B689B1AA2689342F3D34FF0E1
:10884000FF3038BD78030020F8B507460D468E1876
:108850000C46B44201D1601BF8BD3846FFF7DEFF7D
:10886000031EF8DB04F8013BF3E72DE9F04107466E
:10887000884616461D4673B100243846FFF7CEFFE2
:10888000031E05DB434503D033550134A542F4D123
:108890002046BDE8F0811C46FAE7124803681A0931
:1088A00012F00C0F10B519D10F4902F00F0251F858
:1088B00022209AB141680D4C03F00F03002954F8AF
:1088C00023300CD0C4BF01F1FF314160516901EA8E
:1088D000030023EA010343EA0043936110BD93625E
:1088E000FCE700BFC8010020807702084C4F020857
:1088F000024601440020914200D1704743BA12F869
:10890000010B9BB24340C3F303104340180380B2F2
:108910004340580100F4FF505840ECE738B5036875
:108920009B68044603B19847E36803B198476368BE
:108930001B6803B19847094B094A6168D3F8EC00FA
:10894000146819600022824200DB38BDDD68A9424C
:1089500008BF1C6201321C33F5E700BFCC1B0020AE
:1089600078030020037C43B1044BB0F812221B684B
:10897000B0F816329BB29A42FAD1704778030020C1
:1089800010B50B4CE3689B6A13B9A06A0BF09CFB13
:10899000E368DB6A13B9606B0BF096FBE3681B6B53
:1089A00023B9A06CBDE810400BF08EBB10BD00BF1A
:1089B000483D002038B5044600680D4610B1636894
:1089C0008B4208D2691C0BF0B3FF28B1A368C4E93D
:1089D000000503B90370012038BD2DE9F0470D4DA6
:1089E0000F46A9681424804601FB0441686891463B
:1089F0009A460BF09DFFAE6868607443031900222D
:108A0000013640F80480C3E90179C3E9032AAE6066
:108A1000BDE8F087CC1B002038B5084C0546002186
:108A200004F5DC7088220BF0B8F984F8B851A18AFB
:108A30002046BDE83840ECF774BE00BFD4440020A7
:108A400038B50D46044600285ED0304BC0F89C3047
:108A500090F9B000E9F72AFD94F8B1202C4BB4F856
:108A6000C21053F82230D3F88820202A89B205D0CA
:108A700094F9B000BDE83840E9F70BBDD4F8B82050
:108A80005218F5D0ADB2002DF2D01A650022A3F82D
:108A90005650C3F890202122C3F888205A6E996856
:108AA000A3F85450B2F1005F1A6818D1B1F5805F95
:108AB00013D11D6917491848002D08BF0146996751
:108AC00002F1080353E8003F43F4000302F10800F9
:108AD00040E800310029F3D1CAE70E49EFE7B1F5CC
:108AE000805F0FD11D690D490D48002D08BF01465B
:108AF000996752E8003F43F0800342E800310029C3
:108B0000F7D1B5E70549F3E738BD00BF258B01086C
:108B1000A01A0020190300088103000813040008AC
:108B200041040008B0F8C220D0F8C41011FA82F253
:108B300002F03F0210B5A0F8C220B0F8C220B0F891
:108B4000BE1092B291421AD0B0F8C240B0F8C22022
:108B5000A4B24031091B4C4292B204F03F0401F030
:108B60003F01C2F1400258BF6142914228BF114605
:108B7000C0F8C410FFF764FF4FF0FF3010BD0020B5
:108B8000FCE72DE9F843036804469B6890460F46CE
:108B90009847D4F8F831B4F81262012201338146C3
:108BA000C6F1400622742AD194F81C323BB300234C
:108BB00094F8051284F81C323D4B53F8213093F899
:108BC000841091421BD083F884202422C3F888208B
:108BD0001A6852E8001F21F00C0142E800151868DD
:108BE000002DF5D150E8001F41F0080140E80012C7
:108BF000002AF7D12021C3F8881083F88420236845
:108C000020469B6898470028F9D04546B5422DD8A4
:108C1000A9452BD3B4F81262D4F80C027319402B77
:108C2000304438D82A4639460BF05EF92E46B4F85F
:108C3000123294F805221D441D4B53F82220D2F81D
:108C40008830D2F88C20134303F0210305F03F0550
:108C5000212BA4F8125206D0C4F81862314604F54C
:108C6000AA70FFF7EDFE4046BDE8F8834E45236845
:108C700028BF4E46324639465B68204698472368EF
:108C800020469B689847AD1B3744B4F81262814672
:108C9000C6F14006BAE7C6F14006324639460BF047
:108CA00023F9D4F80C02AA1BB9190BF01DF9BEE781
:108CB000A01A00202DE9F0418369C8B005460E4690
:108CC00014460BB1F8F7DCF8286906AA31460C30D7
:108CD000F8F7F8FB002858D19DF81830112B06D171
:108CE000224631462846F8F7B0FCD0B13EE02C20B1
:108CF0000BF0E2F90446A86198B12F6901963B692F
:108D0000436007F10C087B698360014601AB02AA4E
:108D10004046F8F735FB38B1A8690BF0D5F90023C8
:108D2000AB6148B0BDE8F0819DF80C30222BF3D147
:108D300004AA21464046F7F7C4FD0028ECD1636839
:108D40002361A36863610E23A3611023E360FB69C1
:108D500023600123FC6130462B7505F0D9F8013002
:108D60000BF0AAF93146E8610BF0B6F82F21304636
:108D70000BF074FE203500B1461CFF223146284618
:108D800048B0BDE8F0410BF056BE0230C9D1012C0D
:108D9000C7D1A5E770B5044608460D4605F0B8F8FA
:108DA00023680246294620465B68BDE870401847A4
:108DB00030B58BB00023012A0C468DF8243098BFC3
:108DC0000A2209A92546B4FBF2F404FB125303F06E
:108DD000FF03092B94BF30333733DBB2AA4201F8CB
:108DE000013DEFD9FFF7D6FF0BB030BD2DE9F843B9
:108DF00005460C46C71C00F10609002617F8011F9E
:108E00000A222046FFF7D4FF236880461B682E21E4
:108E1000204698474F4540440644EFD1E9790A225D
:108E20002046FFF7C5FF3044BDE8F88370B50D4616
:108E3000144630B1461E012E05D811462846EBF7E0
:108E4000C5FE204670BD03685B689847F9E70EB41D
:108E500003B503AA52F8041B01920AF001FF02B005
:108E60005DF804EB03B0704710B504460AF048FE05
:108E700090FBF4F303FB140010BD10B5044600682A
:108E80000BF022F9204610BD10B50446006808B169
:108E90000BF01AF90023C4E90133236010BD70B54B
:108EA0000E46114604461546FFF784FD18B92046C4
:108EB000BDE87040E8E72068A5603146BDE8704035
:108EC0000BF00AB838B50023C0E9003304468360CC
:108ED0000D4639B1084605F01BF8294602462046E2
:108EE000FFF7DDFF204638BD884210B50B4604462B
:108EF00004D0096821B19A68FFF7D1FF204610BD60
:108F0000FFF7C2FFFAE710B500230446C0E90033BB
:108F10008360FFF7E9FF204610BD38B505460C46D3
:108F200049B1084604F0F4FF214602462846FFF7FF
:108F3000B6FF284638BDFFF7A7FFFAE770B585688A
:108F400004460E4609B9002070BD62B11544294699
:108F5000FFF730FD0028F6D02068A368314618449A
:108F60000AF0BAFFA5600120EEE78A680968E5E724
:108F700038B505460C46084639B104F0C9FF21460C
:108F800002462846BDE83840D8E738BD08B58A68AB
:108F9000836893420BD3006840B1096849B19B1ABA
:108FA000184404F05BFFB0FA80F0400908BD0020CF
:108FB000FCE70846FAE7B0F1005F08B506D3B0F168
:108FC000804F01D309F011FA09F00CFABDE808400E
:108FD00080000BF071B8031D2DE9F047C0E90133A3
:108FE000464B036000F12C030446002543614FF01B
:108FF00001084FF07E53882243624FF4927AC0E911
:109000000685C0E90A55C0E920550F46C5600582AE
:109010000562294610440AF0C0FE52462946C4E9BA
:109020004455C4F8185104F58E700AF0B6FE0820B5
:10903000C4E99255C4E99455C4E99655C4E99855D4
:10904000C4F84052C4F84402FFF7B5FF00F10C0920
:109050000646C4F8400250460BF02EF800EB0A0317
:10906000C4E99703C4F85032F060C4F84C02C4F865
:109070004802C4F858022946C4F85492C4F86492CD
:109080004FF4FE7204F51B700AF087FE2946C4F8FF
:109090006854C4F86C54C4F87054C4F87454C4F8D8
:1090A00078544FF4007204F590600AF076FE144B89
:1090B00084F884561B68C4F880362946502204F18F
:1090C00030000AF06AFE4FF401760E4B2360324600
:1090D0002946C4F8887604F28C600AF05EFEC4F873
:1090E0009058C4F8945884F898883246294604F673
:1090F00099000AF052FEBDE8F08700BF9480020894
:1091000078030020A04C0208C3B21C2B1BD8174ABE
:1091100052F8233000F4E0601843431C25D00309C3
:1091200013F00C0F04BF124A03F00F0300F00F00FE
:1091300008BF52F823300F4A18BF002352F82020EE
:1091400091B19A61704700F0C002C02A0DD1C82BBE
:109150000BD8094B00F03F0200F4E06053F82220E6
:10916000024B53F82230D7E79A6270471066020824
:10917000807702084C4F020874750208C3B21C2B9A
:109180001BD8194A52F8233000F4E0601843431CFE
:1091900024D0030913F00C0F22D103F00F03134A5C
:1091A00000F00F0052F82320114B126953F82030C1
:1091B00093430CBF01200020704700F0C002C02A7A
:1091C0000CD1C82B0AD80B4B00F03F0200F4E06032
:1091D00053F82220044B53F82230D7E70020704781
:1091E00000231B69FFDE00BF1066020880770208BB
:1091F0004C4F020874750208034A116813685B1A21
:109200008342FBD3704700BF780300200348D0F8A7
:10921000883013B18030EAF72FBC7047C0180020A7
:109220002DE9F04F2E4D85B0CA002C7803922A7C90
:109230000092A4F10802019204F1FF3C6A68AB6855
:1092400002924FF0010E00260EFA0CF93146039AF5
:1092500096420ED1EA6853406A7C002A3CD11D46F2
:10926000C4F120044FF0FF30E040284005B0BDE8D5
:10927000F08F16F0070218D110F8018001F1010AF1
:109280000099D1B117460EFA07F101EA0801F94039
:10929000C7F1070B013701FA0BF1082F42EA01026F
:1092A000F1D101998A405340514603EA09025B001B
:1092B0000AB1029A53400136C9E74246F1E700FA83
:1092C00002F11940D140ACEB0206B1400D4301322E
:1092D000D1B28C42F3D8C3E7002215460120F7E74C
:1092E0003C500020F0B50023C0E90033ADB08360EE
:1092F000044608460D4604F00FFA06460F46284677
:10930000002104F069FD002858D13DA3D3E90023D2
:109310003046394604F0A2F80F46064604F0EEFC4B
:10932000054604F0D7F902460B463046394604F0AC
:1093300093F8354B002204F047FA04F0F1FD33496D
:10934000009001232A46002502A80BF009FB7D228C
:1093500029460CA80B950AF020FD02A804F0D8FDC0
:10936000022824D8802220210BA80AF016FD02A88A
:1093700004F0CEFDC0F1030000F1B0030DEB0300DB
:1093800000F8845C02A804F0C3FD01300AF094FEEA
:1093900002A905460AF0A0FD0BA902A80AF09CFD4F
:1093A000294602A80BF01AFB28460AF08DFE02A9F6
:1093B0002046FFF7B2FD20462DB0F0BD32463B46B9
:1093C0000FA1D1E9000104F047F80F46064604F06A
:1093D00095FC054604F07EF902460B4630463946B8
:1093E00004F03AF8084B002204F0EEF904F098FD7E
:1093F0000749009001232A46A5E700BFAFF300808C
:109400009A9999999999A93F00002440E59A0208F0
:10941000E49A020870B5056804460E46A54201D1DB
:10942000002070BDA868036831469B6898470028F3
:10943000F7D12D68F2E70E4B10B5044618680368A3
:1094400021461B68984750B1037943B190F83430F6
:109450000BB1343010BD037B0BB10C30FAE7054A79
:10946000054823460C210BF0D7F90348F2E700BF6B
:10947000141D0020EF9A020854500020421C10B521
:1094800003460C460CD0074A106802681946126859
:10949000904728B1D0F8B430A34218BFC0F8B44008
:1094A00010BD00BF141D0020F0B5234BD3F8EC41D4
:1094B000ADB005460E4684B34FF47A735C431F4F3C
:1094C000386860BBB022002168460AF066FC694635
:1094D0002846F6F789FEBDF80C3053B32846F1F75D
:1094E000FFFE6B460446AA69E9211030EFF7EAFE59
:1094F0000023E081386884F8FA300A23666084F833
:10950000223110B14721EFF7F7FD0D480123006824
:1095100000222146EDF7E2F80BE00A4CCFE74721A5
:10952000EFF7DAFB0028CDD0074B1B681B1A9C42D3
:10953000C8D92DB0F0BD00BFD43D0020084E00209A
:10954000301D0020009749017803002008B5084924
:1095500091F81D02FFF712FE91F81E32DB0703D5CA
:10956000003818BF012008BDB0FA80F04009FAE7C2
:10957000D43D00200388022B13D00D2B08D8032BD9
:1095800001D800207047043B9BB240F2952004E0D4
:109590000F3B9BB21E2BF4D80348D84000F00100CB
:1095A00070470120704700BF2500004038B5826930
:1095B00083689A42044614D02269C0681D68043A40
:1095C000934203D00433A360284638BD0AF07CFDE3
:1095D00063691A1D5B68626103F50072E3602261D2
:1095E000F1E70025F0E70169024659B1836850F8B8
:1095F0002300013303F0010348BF5B42013993604C
:109600001161704708467047816A10B5024679B10A
:10961000036A50F8230001335C4204F0070403F0AE
:10962000070301F1FF3158BF63421362916210BD1D
:109630000846FCE713B50B4904460B48002301F12B
:10964000520200684968ECF736FF084B186838B1D9
:1096500034B1002300931A464FF0FF31F6F748FE6D
:1096600002B010BD64090020141D0020A44A00208F
:1096700030B5044685B00D46806C0121FCF765FBD2
:109680000023CDE900331A461946A06CFCF782FB93
:109690000123CDE9003303AAA06C8DF80C50802182
:1096A000FCF778FB05B030BD30B5012185B004462C
:1096B000806CFCF74AFB04238DF80F300023CDE9C2
:1096C00000330DF10F02A06C01238421FCF762FB33
:1096D000A36C0546186803680121DB699847284692
:1096E00005B030BD1FB58DF80D300123CDE9003335
:1096F0008DF80C108DF80E208DF80F3003AA04237E
:109700009521806CFCF746FB05B05DF804FB0B4B24
:109710001B681B7C4BB190F988219A4205DD084AF1
:1097200092F896200AB980F8883190F98831162B82
:10973000C4BF162380F88831704700BFB01B0020DB
:1097400064090020836C70B504461868996A026841
:1097500095688268A847A36C1868996A0268D568FA
:10976000C268A847A36C186803680121DB699847A1
:10977000A36C1868996A0268D5680269A847A36C47
:10978000186803685B6A98470646236820461B6989
:109790009847054678B1A36C186803685B6A9847D8
:1097A000801BB0F57A7F06D2A36C186803680A2183
:1097B000DB699847E9E7284670BD1FB50023ADF87F
:1097C0000C300123CDE9003303AA02238F21806CE2
:1097D000FCF7E0FA05B05DF804FB1FB50023039326
:1097E0000123CDE9003349BA082352BAADF8081075
:1097F000ADF80A2019460DEB0302806CFCF7CAFA9B
:1098000005B05DF804FB37B505460C46FCF7ACFE29
:10981000012811D1231FDBB2042B10D895F84E205C
:1098200085F84D30009295F83C2095F84C1028466C
:10983000FDF722FB03B030BD6FF01300FAE76FF0C5
:109840000900F7E737B505460C46FCF78DFE012801
:1098500014D124F00F0343F004032401A86C8DF805
:10986000043044F00404022301AA4FF4E8618DF8A7
:109870000540FCF729F9002003B030BD6FF013005C
:10988000FAE713B500290CBF9423962304468DF8FC
:1098900003300DF10302806C012340F6AC01FCF7AC
:1098A00013F9084BA06C1A889B78ADF804208DF84A
:1098B000063001AA032340F29F21FCF705F900209E
:1098C00002B010BDF69A02082DE9F04188B00546B5
:1098D0009DF8388043450E4617461C467DD3FCF75D
:1098E000A3F8631CFF22DBB2C8F1080802FA03F3F5
:1098F00042FA08F21343DB43DBB280EA0702134269
:1099000003D1002008B0BDE8F08120EA03043B4009
:109910001C432B79E4B28DF81740CBB90122CDE975
:109920000032284669890DF117033246FBF70EFF16
:10993000286803689B6A98470746286803689B6AFB
:109940009847C31BB3F5FA6F40D36FF00F00D9E708
:1099500095F911306F7C002BB8BF0733C3F3C703F1
:10996000581E40B20DF1180E4FEAC00C0246714667
:10997000002A18DA2A7C0130B8BF0023D2080B4431
:10998000501E40B2B0F1FF3F18D1002001230190DA
:109990000DF117000090CDE9023302EBD702284603
:1099A000FBF73DFFC4E7B5F80A80013A48FA0CF826
:1099B0000EF8018B52B2ACF1080CD9E74FEAC00C9B
:1099C00026FA0CFC03F801CB0138DAE731462846C9
:1099D000FCF72AF88442B0D193E76FF00A0091E7D0
:1099E000F0B590F9114090F811C0002CB8BF0734C1
:1099F000E41087B0013C054664B205A80F46E600B6
:109A00000146002C11DA0120CDE902300023019239
:109A100000934FEADC022846FBF701FF68B92846AD
:109A200007B0BDE8F040FCF7B0B947FA06FE013CCC
:109A300000F801EB64B2083EE3E707B0F0BD7FB584
:109A40008DF813309DF824308DF80E208DF81430E9
:109A50009DF820208DF80F200123CDE9003300224E
:109A60008DF810209DF828208DF8112049BA9DF816
:109A70002C20ADF80C108DF81220092303AA8C219C
:109A8000806CFCF787F907B05DF804FB30B587B050
:109A900004460D46FCF768FD024690BB022D0CBF44
:109AA00006230423FF2284F86730039294F86A2087
:109AB000029294F86920019294F86820009294F838
:109AC0006420B4F86C102046FFF7B9FF0546A8B92A
:109AD00040F61D73A06CADF8143005AA022340F2C5
:109AE000BC61FBF7F1FF42F21013ADF81430A06C2B
:109AF000022305AA40F2BE61FBF7E6FF284607B045
:109B000030BD012810D194F8803084F84F000193C3
:109B100094F85030009394F87C30B4F852102046FA
:109B2000FDF765FA0546E9E74FF0FF35E6E710B5C2
:109B300004461346806C0122FBF72BFFA06CBDE8A6
:109B40001040FCF7AEB8002370B5054601F11004D3
:109B50001846283154F8046FAE420BD0002E18BFBF
:109B600001238C42F6D122B130B183F00103DBB284
:109B7000137070BD0120F4E70346F9E72DE9F04FBB
:109B8000456893B0CDE9032304460F46002D00F04D
:109B90000A81D0F800A0BAF1000F00F00681D1F8D8
:109BA0001491B9F1000F00F0FC80242200210DEB8C
:109BB00002000AF0F2F83846CDF82090EBF7E1FD0C
:109BC0007B4997F820B1D1F80480D7F8541102915D
:109BD000884508BF4FEACB110BF07F0208BF01F4A4
:109BE0007E51ADF82C2004BF0A43ADF82C20714AF9
:109BF00008BFCDF83080126801900CBF0126002606
:109C0000012A38BF0122D7F8503107900992204627
:109C100001990A934A460593EEF7F5F904460028A0
:109C200000F086801C9A059B42B1028A1C9902F0C2
:109C30007F0293458CBF012200220A70039AEAB189
:109C4000226890451AD0D4F80CB0BBF1000F15D0A3
:109C5000D84513D093B902981A462146FFF773FFEF
:109C600060B121464046FFF76EFF38B9214658469D
:109C7000FFF769FF10B9039A01231370049B33B1F6
:109C8000E368A3EB080253425341049A1370002E79
:109C90006BD1324621464046FFF755FF238A58B123
:109CA00097F82011C3F3C612914202D0013A9142B3
:109CB00002D1029A0C920126BDF82C2003F47E53A7
:109CC00022F47E521343ADF82C30BDF82C20238AA9
:109CD00002F07F0103F07F038B4284BF22F07F02FA
:109CE00013434FF0000288BFADF82C30134604EB4D
:109CF0008301486978B10BAF062157F804CF60455E
:109D000009D0013911F0FF01F7D1334412A901EB59
:109D1000830343F8180C002E02F10102D2B20CBFEB
:109D2000062105218A421346E1DBE3680A9302E03B
:109D30001C9B03B118701F4B2C221E68002302FBD2
:109D40000A521946954212D34BB107AE1D460FCEAB
:109D50000FC50FCE0FC596E8070085E80700201E47
:109D600018BF012013B0BDE8F08F0126ADE7686889
:109D700058B9286888B1A868371A8F4228460ED982
:109D800039462B4600F12C05DCE78145F3D12868E4
:109D9000019F8742EFD1A968711A1046F1E71D466D
:109DA000EFE74846DEE72846DCE75046DAE700BF43
:109DB000640900207803002030B51C4B0446186865
:109DC00099B010B12146ECF74FFC194DEB681BB967
:109DD000ED6855B919B030BD6389042BF8D0204621
:109DE000F0F70AF90028F5D1F2E76389042BF1D1E5
:109DF000A389462BEED10F495C2201A80AF074F822
:109E00000D4AE18901AB04F11000F0F7E3F80028F6
:109E1000E0D02B6801AA21469B6A284698472B6808
:109E200001AADB6A214628469847D3E7141D002083
:109E300054500020C08002088874020810B10368E2
:109E40005B681847704710B103685B681847704734
:109E50002DE9F74FDFF894B0814616461D4601F014
:109E60000F080C0982460127A74220D9B8F1000F3C
:109E70001AD0631CEB73C3F307221C4BAA73186838
:109E8000036806EB04169B6A32462946984709EB9D
:109E90000414B04416F8012B14F8013B464583EA3C
:109EA000020306F8013CF5D103B0BDE8F08FDBF802
:109EB0000000EF73C7F30723AB73036801929B6A3B
:109EC00029469847019A0AF1FF30531E02F10F0C00
:109ED00013F8011F10F801EF634581EA0E011970B4
:109EE000F6D110320AF1100A0137BDE71810002030
:109EF000454B2DE9F3471A69444CDFF814E10C2176
:109F000001254FF0000C4FF0040902264FF008081D
:109F1000187E012843D0587E1D76012870D15E76C8
:109F2000506840060ED5C3F81C80CDF804C05068B8
:109F300040071BD4506820F040005060D86920F0E2
:109F40000800D861DEF800A05068C0074AD59768BD
:109F500050681F62400641BFC3F81C80506820F063
:109F6000010050605D7683F818C018E0106840F07A
:109F700080401060106820F08040106001960198C9
:109F800001380190DDF804A0BAF1000F12D10120D0
:109F90005876D86983F818A040F00200D86154F8C8
:109FA000040F0139784011F0FF012060B0D102B0F8
:109FB000BDE8F08710684000E1D45068400642BF19
:109FC000506820F040005060022001900198013854
:109FD0000190DDF804A0BAF1000FD8D05068400716
:109FE000F4D4ABE7DEF80000A0EB0A000228ABD9FE
:109FF000506810F00100A7D15D761876DE61CEE7DB
:10A00000C3F81C90AFE700BF54500020840F00201D
:10A01000780300202DE9F04F7C4C26460FCE04F14A
:10A0200040050FC50FCE0FC50FCE0FC596E80F0028
:10A0300089B085E80F00A36F0393A36ED4F87C90DA
:10A04000D4F850E0D4F840C0D4F870B0D4F86080B0
:10A05000616D676CD4F874A0606EA26DA66CE56C3F
:10A060000193E36DE46E02940A24CDF810900094FD
:10A070000F4487EA0A0A00EB3A40F44441408CEA74
:10A080000B0B07EB315787EA3A4A08EB3B4800EBEA
:10A090003A6088EA0E0E0CEB3E5C80EA3151069085
:10A0A00003988CEA3B44164408EB346880EA0609BE
:10A0B0000198CDF8148088EA3E5ECDF81CE000EBF4
:10A0C000394E04981D4485EA000802988EEA02027F
:10A0D00006EB325600EB384086EA394943400EEB36
:10A0E000396E05EB33558EEA325285EA38480CEB6F
:10A0F000716C00EB386007EB72678CEA38680EEB26
:10A10000384E87EA346480EA33538EEA716100EB9B
:10A11000344080EA72620CEB315C8CEA384807EB21
:10A1200032574FEA386B87EA344400EB346006EB71
:10A130007366CDF810B04FEA346B059C029080EA4C
:10A14000325286EA3A600EEB386E04EB304888EA09
:10A15000736306EB335686EA304008EB30684FEA0B
:10A16000306A0798CDF804E005EB7065069885EA3B
:10A1700039648EEA3151DDF81CE000EB344989EA9C
:10A180007E6E05EB3E5585EA34444FEA3460039019
:10A1900009EB3460009C013C88EA335380EA3E5E60
:10A1A00014F0FF044FEA71614FEA72624FEA736381
:10A1B0004FEA7E6E00947FF45BAF144CDDF8109094
:10A1C0006165C4E9135EC4E917380199039BA26570
:10A1D000029AC4F87C90C4F840C0A166C4F870B07C
:10A1E0006764E266C4F874A0A664A367606622464A
:10A1F0000434136C12681344E363009B0133DBB235
:10A20000102B0093F3D109B0BDE8F08F780F002038
:10A2100070B50C4E336B06F1400501333363FFF725
:10A22000F9FE0FCD06F110040FC40FCD0FC495E851
:10A230000F0084E80F00E9F733FD736B434073634D
:10A2400070BD00BF780F002010B5064C236B0133A2
:10A250002363FFF7DFFEFFF7DBFF034B1B68C4F848
:10A26000843010BD780F00207803002038B50546F3
:10A270000C4641B3302C224628BF3022A41A2B466C
:10A280001544134A13F8011B12F8010BAB4281EA83
:10A29000000102F8011CF5D1FFF7BAFF002CE9D14B
:10A2A0000C4A92F88130990610D5B2F88010C1F3AB
:10A2B0000C01B1F5C07F09D36FF3451382F88130EB
:10A2C000BDE83840C0E7FFF7A3FFE9E738BD00BFAE
:10A2D000880F0020780F0020F8B53E4C94F88130AC
:10A2E0005B06054657D43C4B264603F140071868E9
:10A2F0005968324603C20833BB421646F7D1FFF70E
:10A30000F7FDB4F8803023F47F5323F03F0343F488
:10A310000053A4F88030FFF77BFF35B1284603F0E7
:10A32000F7FD01462846FFF7A1FF2C4A537E03F0B4
:10A33000FF0103B911760223537613695069196836
:10A3400021F004011960196821F0804121F02001F9
:10A35000014341F080411960214919614AF2B3215A
:10A36000196119681F4821F0804119600568196852
:10A370004E0011D4196841F00401196059684D0666
:10A3800016D504235376FFF75FFF94F8813043F02E
:10A39000400384F88130F8BD0168491B0229E6D9E1
:10A3A00019684F00E3D5012353760223D361EAE70E
:10A3B0000568596811F0040103D101235376D16176
:10A3C000E1E70168491B0229F3D959684907F0D52B
:10A3D0000423E9E7780F0020FA9A0208545000207D
:10A3E000BC0A59177803002010B5104B19791E22AA
:10A3F0001A6702294FF03C029A6601D00B290DD151
:10A400000B4901220C461046C3F8AC100A21C3E9DF
:10A410002924C3F8B010C3F88C0110BD4FF4967115
:10A420004FF0FF344FF41670EEE700BF80030020BA
:10A430008051010008B5054B4FF41A7200211846EF
:10A4400009F0ABFC1822C0F8642208BD384800208F
:10A45000044B1A889042BDBF04334C2200FB0230EB
:10A460000148704738480020F401002070B50146CB
:10A470000078FFF7EDFF91F84830012B03D04C2214
:10A4800009F032FD70BD074B1C7800220225A24264
:10A49000F5DA93F84C60012E08BF83F84C50013276
:10A4A0004C33F4E738480020F0B5194B93F8965038
:10A4B00095B005B30024174F2546E0B2FFF7C8FF5B
:10A4C0004C22014601A809F00FFD9DF805607EB100
:10A4D00039460DF12E000AF063FA78B98DF84C0078
:10A4E0008DF80E00ADF80C0001A8FFF7BFFF354650
:10A4F0000134082CE1D1284615B0F0BDBDF80C3070
:10A50000002BF5D000238DF80E30ADF80C30EBE7C2
:10A51000640900203A9602082DE9F041DFF88C80AA
:10A5200004460846FFF794FF0646202200212046F5
:10A5300009F033FC737813B196F848701FB9FF2304
:10A5400084F8203015E0358906F10A012A462046B4
:10A550006DB209F0C9FC84F8205025B9022F08D14A
:10A5600098F80000DEE7012D15D1227822B984F891
:10A5700020202046BDE8F0810D4B214603F110005C
:10A5800053F8045B41F8045B8342F9D1102384F84B
:10A590002030E273EDE70F2D01DC1023D0E71F2DF3
:10A5A000E7DC102DE5D02023CAE700BF001D002006
:10A5B0003B9B020870B500220E4603210546EAF7D0
:10A5C000E1FC044618B131462846EAF71DFD204655
:10A5D00070BD7FB5054608489DF824600068046892
:10A5E00002969DF82060CDE900361346246B0A469A
:10A5F0002946A04704B070BD383D002010B513486F
:10A60000EEF702FA04234381114B5B6803604FF0BD
:10A61000FF3343600F4BD3F8BC3113F0FF0202BF8E
:10A62000B3FA83F35B099A01402A28BF402280F8DD
:10A6300020210446EEF7F7F90021C4F814010220A6
:10A64000EAF702FDC4F81801204610BDE81C0020FE
:10A650006409002080030020F0B599B004460F463D
:10A66000164600215E220DF102001D4609F095FB01
:10A6700003238DF80440ADF80030FFF7BFFF05233A
:10A68000044683810A4A6B46E9211030EEF71AFE30
:10A69000782384F822319DF87830E081204684F8D0
:10A6A00020316760C4F80461257219B0F0BD00BFA5
:10A6B0001C81020810B54FF0FF310446EBF784FC13
:10A6C0000D4B021ED3F8BC310BDB9A4201DDD0B238
:10A6D00010BD94F82A010028FAD00232D0B2984274
:10A6E000F6D313F0FF0002BFB3FA83F35B099801BE
:10A6F000402828BF4020EBE78003002008B109F084
:10A70000E3BC70470169024659B1836850F82300E1
:10A71000013303F0010348BF5B42013993601161CB
:10A7200070470846704738B503680D46DB684FF040
:10A73000FF319847044620B14FF4B072294609F022
:10A74000D3FB204638BD10B58AB00146044601A8A7
:10A75000FFF7E2FE9DF92430002B0CDB074B186855
:10A76000036801A9DB6A9847054B03EB4403B3F97F
:10A7700002000AB010BD4FF0FF30FAE718100020B9
:10A78000001D0020D0F8881010B5024691B1D0F815
:10A79000803050F8230001335C4204F01F0403F0C2
:10A7A0001F0301F1FF3158BF6342C2F88030C2F885
:10A7B000881010BD0846FCE701460248026892680E
:10A7C000104700BFE81C0020F8B5164D95F8F020A2
:10A7D0002B682AB91B68012285F8F02003B198473D
:10A7E0002B685B6803B198470E4C0F4F0026D5F8D5
:10A7F000EC309E4200DBF8BDE2682B689A4203D140
:10A80000226A3B681AB9236201361C34EFE79B1AAF
:10A81000626A9342F8D304F10C00FEF77FF800233C
:10A82000F1E700BFCC1B00207803002000B5C3B0C7
:10A8300001466A460448F6F745FEB0FA80F0400942
:10A8400043B05DF804FB00BF543D00200C4B93F86F
:10A85000F01030B4024629B1D3E9004099680023D2
:10A860008B4201DB30BC70470568A54205D1856885
:10A87000AA4202D130BCFEF751B801331430EFE7E1
:10A88000CC1B002038B505680446A54201D1002044
:10A8900038BDA868036800219B6898470028F7D155
:10A8A0002D68F2E72DE9F04104469DF818800D4629
:10A8B00016461F46EAF708FD48B1CDF818803B461A
:10A8C000324629462046BDE8F041F2F7C7BFBDE851
:10A8D000F08100B59DB001901F4890F84C3063B1F5
:10A8E0001E4801AB02AA06A9F6F74AFD58B1B0FA14
:10A8F00080F040091DB05DF804FB0C30F6F71EFE39
:10A900000028EDD0F3E79DF80C30222B1CD0134823
:10A9100002AA06A9F7F774F80028E8D19DF80C30D0
:10A92000222BE4D10D4806AA12A9F6F7C7FC00288D
:10A93000DDDB1A9B0F931B9B109300231A4606A97D
:10A940000648F6F725FFD2E7044804AA11A9F5F74F
:10A95000B8FF0028DBD0CAE7483D0020543D002066
:10A9600010B50C1A002C134605DD01462246184688
:10A9700009F0F9F90346181910BD2DE9F043C9B0E3
:10A9800000230D460A6903754FF47A7180F8203070
:10A9900080F81F31C0E90131C0E906332B7D5049F1
:10A9A000016002AF04460261002B64D0DFF83481FD
:10A9B0002B69AE694FF48472002107F1100003F196
:10A9C0000C0909F0EAF9B3690E2B46D122233B7436
:10A9D000414607F1180009F07FFAB3690133B3610A
:10A9E00007F11801404603F039FA0028E0D03E484C
:10A9F00007F1180103F032FA0028D9D0D5F81C80ED
:10AA0000404603F085FA054607F1180003F080FA86
:10AA10000544093525F007056E46ADEB050D02AB83
:10AA20001846414609F058FA98F800202F2A0346A4
:10AA300002D198F8012022B118462C4909F0CEFF26
:10AA4000034607F11801184609F0C8FF0022014625
:10AA50002046FEF72FF9B5460DE00F2B03D1222338
:10AA600021493B74B5E73A4631464846F6F7ECF8DB
:10AA700038B1821C31D1204607F58E77BD46BDE83E
:10AA8000F0833B7903F07F02112A01D0222AEAD118
:10AA90001B060BD507F108014846F6F73AFC0028DB
:10AAA0001BDBE0D13B7903F07F033B713B793B74C7
:10AAB000112B08BFFB683A6808BF7B617B79B979C5
:10AAC00004321A44FB7900930A4407F118037168B1
:10AAD0004846F5F7E9FE002882D0012880D0CAE771
:10AAE0003C810208A6990208A5990208C1940208AF
:10AAF00030B5144689B054F8043B00930C252B4420
:10AB00000493D37905930022CDE9062301236A46F5
:10AB1000CDE901540395F6F73BFE09B030BD2DE9B0
:10AB2000F04F87B0DDE9104506468B4617462544B1
:10AB30004FF001090DF1170AA3EB0408AC4201D153
:10AB4000012011E008EB04030093CDE901A93B4685
:10AB5000002259463046F5F70EFE28B914F8013B9D
:10AB60009DF817209A42E9D007B0BDE8F08FD1B127
:10AB7000092816D8DFE800F00F0D15090B19071387
:10AB800005110B4870470B4870470B4870470B483E
:10AB900070470B4870470B4870470B4870470B488D
:10ABA00070470B4870470B4870470B48704700BF11
:10ABB0005C9B0208829B0208949B0208A99B0208E6
:10ABC000539B0208799B02089F9B0208679B02081F
:10ABD0008C9B02084C9B02086F9B020808B5C0B210
:10ABE000FFF736FC90F82A300BB12A3008BD064B2F
:10ABF00093F8A8212AB193F8A9010121BDE80840E2
:10AC0000B5E70248F2E700BF800300204C9B020832
:10AC1000F0B58BB00646FFF71BFC41780670044682
:10AC200039BB80F848104422043009F0B6F80123FB
:10AC30006370314601A8FFF76FFC9DF92470002F67
:10AC400029DB3046FFF7CAFF054603F061F92B46C2
:10AC500028440025834215D1002101AA0B468F42CA
:10AC600014D86B400D4A02EB4602204653800BB0CD
:10AC7000F0BD0B492A3003F0F1F80028D9D184F84F
:10AC80002A00D6E713F8012B5540E3E712F8010B31
:10AC900001314340E3E74FF0FF33E3E7001D0020BD
:10ACA000B49B0208F8B5094E094F002433889C4232
:10ACB00000DBF8BDE5B22846FFF7AAFF90F8483060
:10ACC000012B08BF3D700134F0E700BF3848002079
:10ACD000001D002038B518B11C4A136801331360F9
:10ACE0001B4D2B88082B25D008232B8000242A8875
:10ACF000944225DB174B184C002183F8C11140F218
:10AD00000141A3F8A8112D21A3F8C211134B144936
:10AD1000002A08BF1C460125A57225810C2204F1DA
:10AD20002A0009F088FE202384F83E50657084F8DC
:10AD300048502364FFF7B6FFBDE83840EDF78CBA02
:10AD4000E0B2FFF765FF0134D1E700BF044E0020F9
:10AD500038480020800300203C480020F4010020F7
:10AD60004B9B020808B50146FFF772FB836823F08E
:10AD70007F43B3F1011F12D10846FFF72FFF094BA4
:10AD8000024693F8A81193F8A901FFF7F0FE0146D7
:10AD9000104603F063F8B0FA80F0400908BD0020C7
:10ADA000FCE700BF8003002038B50D4B93F8A801E5
:10ADB00070B10C4A107858B1D3F8C801002103F0E3
:10ADC00001F828B1084B1D780024AC4201D30020C3
:10ADD00038BDE0B2FFF7C6FF0028F9D10134F4E72F
:10ADE00080030020340100203848002070B504683A
:10ADF000284EE56931EA050501D1002020E03568DB
:10AE0000AD1AAB421DD254E8003F23F4D07344E89E
:10AE10000032002AF7D104F1080353E8003F23F081
:10AE2000010304F1080141E80032002AF3D1202394
:10AE3000C0F88830C0F88C30002380F884300320BC
:10AE400070BD25686D07D4D58029D2D04029D0D0D7
:10AE5000E5692D05CDD54FF40063236254E8003F2A
:10AE600023F4D07344E80032002AF7D104F1080338
:10AE700053E8003F23F0010304F1080141E80032E8
:10AE8000002AF3D12023C0F88830C0F88C30C0F8F5
:10AE90009030D1E778030020134A144910B51468A4
:10AEA0000B69DB0313D40B69D80744BF0120086189
:10AEB0004CF2FA310B4011D10C49086910F4802092
:10AEC0000BD013681B1BB3F57A7FF6D304E013682D
:10AED0001B1BB3F57A7FE3D3032010BD034A136134
:10AEE000034A01205360F8E778030020004000582F
:10AEF000EC4C002038B590F8413003F02803282BA3
:10AF000004460D4603D119B94FF40073436438BDAC
:10AF100048F20201E7F7E0FB94F84030012BF6D04D
:10AF200094F841300121292B84F8401014D1204697
:10AF3000E7F7D2FB23681A6852040DD51A68A06B94
:10AF400022F480421A6038B1174B8363E7F7FEFAA8
:10AF500010B1A06B836B98472A2384F841302023DB
:10AF600084F842300021236861645A6822F4004268
:10AF70005A6001226285628D22854FF08072E26202
:10AF80000A4A62639A6998696562C00303D412072A
:10AF900044BF0822DA6184F84010204648F20201DA
:10AFA000BDE83840E7F72DBBC5260008F92D00089D
:10AFB00070B590F89130012B04460E46A0F10405BF
:10AFC00009D1436E3BB1836E28469847022384F82B
:10AFD000913000236366012E4FF0000364D1E26ECE
:10AFE00084F891301AB184F890302846904794F84C
:10AFF000905094F8413003F02803282BEDB203D190
:10B000001DB94FF40073636470BD48F2010120461E
:10B01000E7F762FB94F84030012BF5D0012384F868
:10B02000403094F841302A2B15D120460221E7F711
:10B0300053FB23681A6810040DD51A68E06B22F4DC
:10B0400000421A6038B11E4B8363E7F77FFA10B1F4
:10B05000E06B836B9847292384F8413022462023F4
:10B0600084F8423052F8703B00206064596821F443
:10B070000041596065856262628D22854FF00072E1
:10B08000E262104A62639A699969C90303D512079B
:10B0900044BF0822DA6184F8400048F201012046EA
:10B0A000BDE87040E7F7ADBA6366012384F89130DC
:10B0B000636E7433E9182046BDE870401AE700BF9C
:10B0C000C5260008F92D000870B590F841300268D7
:10B0D00003F02803282B044628D1956991699368C9
:10B0E000D668C668022EC5F3004515D1C3F3C21356
:10B0F00083EA114313F006030ED1816C01318164A0
:10B10000816C022917D108218364D16180F8403015
:10B110002946BDE870404BE74FF40041E7F7DCFA01
:10B12000002384F8403029462046F2E70823D36103
:10B13000002380F8403070BDD0F88C30202B10B543
:10B1400071D100296FD00023494AC3660368934236
:10B150003FD1816581680122A0F85C20A0F85E20C3
:10B16000B1F5805F4FF0000242673ED10269002ACC
:10B1700040F2FF1218BFFF22A0F860200022C0F8A2
:10B1800090202222C0F88C2003F1080252E8002F00
:10B1900042F0010203F1080444E800210029F3D140
:10B1A000446E81680269B4F1005F42D1B0F8684032
:10B1B000012C3ED8B1F5805F36D132B32D4A4267BB
:10B1C00053E8002F42F4807243E800210029F7D1B0
:10B1D0001DE05A681202BCD553E8002F42F080628D
:10B1E00043E80024002CF7D1B3E729B90269002A0B
:10B1F00014BF7F22FF22BFE7B1F1805FBCD102699B
:10B20000002A14BF3F227F22B6E71B4A426703F1A0
:10B21000080252E8002F42F0805203F1080040E893
:10B2200000210029F3D110BD12494167002AC7D17E
:10B23000EDE7B1F5805F16D152B1104A426753E88D
:10B24000002F42F4907243E800210029F7D1EAE789
:10B250000B4A426753E8002F42F0200243E80021E6
:10B260000029F7D1DFE705494167002AF2D0E6E778
:10B2700000800040F743000895450008CB04000813
:10B280008905000838B50446E8B1E8F7BDFED0B935
:10B2900094F8B1200C4B214653F8220011F8B25F0C
:10B2A000FFF74AFFB4F8C030B4F8BC20013303F014
:10B2B000FF03934207D0B4F8C020D4F8B41092B280
:10B2C0008D54A4F8C03038BDA01A002013B5174C17
:10B2D000062384F81D3200230146C4F820021A46D2
:10B2E000009304F5AA70E9F749FA2046FDF72EFA13
:10B2F00004F5AA70E8F788FEB0B90D4B94F9040282
:10B30000C4F8EC31E7F7D2F894F80522094B04F2BF
:10B31000062153F82200FFF70FFF94F9040202B050
:10B32000BDE81040E7F7B5B802B010BD40070020F7
:10B3300085B20108A01A0020836810B504462BB11D
:10B340000322014698470023C4E9023310BD30B4FC
:10B3500000244FF47A75C0E90145074D0560074D9B
:10B360000561C0E90644047580F8204080F81F415B
:10B3700030BCFDF79FBC00BF3C810208483D002067
:10B380002DE9F041CCB004AC0F4616460146002230
:10B3900020461D46DDF84881FFF7D9FFA369E3B1D8
:10B3A0000F4B0297CDE900340E4B00219D420391D3
:10B3B00003D03246404608F0F0FC29464246684633
:10B3C000F6F71EFE0028204614BF01250425F5F7D8
:10B3D00057FD28464CB0BDE8F0810525F9E700BFD0
:10B3E0009B6D0008608102082DE9F74F9A46384F9F
:10B3F000019000238B469C461C46A34514D11BF0AC
:10B40000070F09D032494978032904BF190C02F803
:10B41000011B190A11705370BAF1000F01D0CAF85C
:10B4200000C003B0BDE8F08F019897F801E0E10893
:10B43000E543465C2749BEF1020FA1F1100005F07B
:10B44000070508BF014646FA05F606F001068946DB
:10B450003978C6F101006FEA01084FEA800008F070
:10B460000308C0B200EBC800C8464FEA910905FBCB
:10B470000EF558F829804FF0020928FA00F019FB60
:10B4800001610CBF4FF010084FF04008B1FBF8F617
:10B4900008FB161100F00F00397004F00701A840F6
:10B4A000072943EA00030CD1BEF1030F04BF190CB6
:10B4B00002F8011B1146180A01F8020B53700A46E4
:10B4C0000023797861441FFA81FC013495E700BFBD
:10B4D000505000208881020870B5931E222B8AB03C
:10B4E0000ED801AD2B4668B9AB4218D0481E1A469B
:10B4F000AA4219D85A1B9D4288BF002200238B54B0
:10B500000AB070BDB0FBF2F602FB16000928C4B207
:10B5100007D83030C0B203F8010B3046E3E70646E7
:10B52000F7E704F15700F5E712F8014D00F8014F75
:10B53000DEE71FB50A22044608466946FFF7CCFF3E
:10B54000684602F0E5FC694602462046FDF7F6FC37
:10B5500010B92046FDF798FC204604B010BD7FB519
:10B5600000F11C060025144B036004464575134981
:10B570003046FDF7A7FC01232375114B11491B68C9
:10B58000A360C4E90355A4613046FDF7C6FC31460B
:10B5900001A8FDF7B8FCA16901A8FFF7CAFF0146A1
:10B5A0003046FDF7A1FC01A8FDF767FCA3686560C4
:10B5B000E36004B070BD00BFD08102084B9B02085D
:10B5C00078030020BC9B020870B504460D46FFF7C7
:10B5D000C6FF164B2360164BA362002384F82C3061
:10B5E000294604F11C00FDF798FCA26ACAB102F1D9
:10B5F000240102F1C4050B4653F8040F18B1866903
:10B60000A06986420DD0AB42F6D1002351F8040F59
:10B6100040B90A3342F82340D2F8C8300133C2F8A7
:10B62000C83070BD0133282BF0D1FAE7E48102085D
:10B630007850002007B50023ADF8043001AA02239A
:10B640001721FEF7CDF9BDF8040040BA80B203B06F
:10B650005DF804FB7FB590F8354006460D4614B101
:10B660004F4804B070BD03681B699847B06CFFF782
:10B67000E1FF83060AD50123CDE9003303AAB06CAC
:10B68000ADF80C4002230721FAF784FB454925F069
:10B69000004002F0ABFB044628B1304604B0BDE8E0
:10B6A0007040FEF74FB84049284602F0B5FC3D49CE
:10B6B00020F0004002F09AFB002862D13B49284666
:10B6C00002F0AAFC374920F0004002F08FFB00286E
:10B6D00059D13749284602F09FFC324920F00040FA
:10B6E00002F084FB002850D13249284602F094FC35
:10B6F0002C4920F0004002F079FB002847D12E4968
:10B70000284602F089FC274920F0004002F06EFB39
:10B7100000283ED12949284602F07EFC214920F02C
:10B72000004002F063FB002835D12549284602F08D
:10B7300073FC1C4920F0004002F058FB68BB214913
:10B74000284602F069FC174920F0004002F04EFB49
:10B75000002885D0072000238DF80D3044F2010326
:10B76000ADF80E3041F2883373670123CDE9003321
:10B770008DF80C000423B06C03AA9721FAF70AFB9A
:10B780006FE72046E7E70120E5E70220E3E7032033
:10B79000E1E70420DFE70520DDE70620DBE700BF67
:10B7A00041FDFFFF6F12833ACDCCCC3F9A99D93F30
:10B7B0006666E63FCDCC0C409A991940CDCC2C4022
:10B7C000000040403333534007B50D4BB3F88C2194
:10B7D00093F88E31ADF804208DF8063001AA0323CA
:10B7E0001421FEF7FDF89DF805309DF804209DF822
:10B7F00006001B0243EA0243184303B05DF804FB52
:10B800008C80020870B586B00D46164600211422C1
:10B81000044601A808F0C1FA3246294601A8F6F705
:10B82000F9FD08B1049B236006B070BD02F00F0261
:10B830000B2A13D8DFE802F00E0E0E0E10060C0CC9
:10B840000C0C120C012242EAC1020023F6F708BCDC
:10B850000222F8E70022F6E70522F4E70369034A2B
:10B86000002B08BF13460361002070478A98020826
:10B87000F8B5C6690D68083EB5420F4613D3B5FB4F
:10B88000F6F0013809F010F9841CA5EB8404B4FB30
:10B89000F6F4204609F008F9A5EB800504FB1655DF
:10B8A0003D602046F8BD0020FCE72DE9F04F89B04F
:10B8B0000646DDF84C8005920F464BB94FF0FF323B
:10B8C000C8F80020149A0020136009B0BDE8F08F7A
:10B8D0000468013B07A920460793FFF7C9FF12A997
:10B8E00005462046FFF7C4FF4FF0040A81460DF1DC
:10B8F000140BA945059B03D3C8F80030129BE1E760
:10B90000A5EB0904B4FA84F495FAA5F2B2FA82F22E
:10B91000C4F11F04944228BF1446A2000092CDE94E
:10B9200001BA002239463046F4F725FF0028CCD171
:10B930000123A340ED1ADCE72DE9F04F89B006465C
:10B94000DDE912090F4690469B46E8B101380590A3
:10B9500005A93068FFF78CFF0DF1180A0446594617
:10B960004846F2F7F1F878B974B104F00105C5F171
:10B9700002039B00CDE901A300905B464246394695
:10B980003046F4F7F8FE10B109B0BDE8F08FE3439C
:10B9900013F0010B05D006994846F2F7D5F80028B8
:10B9A000F2D108AB03EB8B03023D53F808BC2C44E7
:10B9B000D5E710B50C468269A068FF2108F0EDF9C3
:10B9C0004FF0FF33236010BD38B51C4C836AE06034
:10B9D0000546C3B1A362EB6A03B363631849284603
:10B9E000FFF7E7FF4FF0FF332362E3681A6BE2B122
:10B9F000A26400204FF0FF33C4E90433C4E9060019
:10BA000084F84C0038BD406908F056FBA06200285D
:10BA1000E1D1FCF7B5FF6FF00B00F3E7A86908F080
:10BA20004BFB60630028D9D1F3E7586AC00808F0DF
:10BA300043FBA0640028DCD1EBE700BF483D0020B9
:10BA4000743D002030B599B0FFF7BEFF04460028D2
:10BA50002ED11D4D0290EB6828641B6A6B64C5E90A
:10BA60000E00012302AA0DA905F10C000393F4F7BF
:10BA700028FF044608BB202300930E9905AB102233
:10BA800005F10C00F4F710FF0446B0B9069B2B61DA
:10BA90000E49079B6B6108220BA808F054F9044675
:10BAA00048B90A9B1A0C012A0AD19BB2012B07D86C
:10BAB000204619B030BD6FF03304FCF761FFF7E7A3
:10BAC0006FF01504F9E700BF483D0020D69B02083F
:10BAD00004300844104470472DE9F043804695B087
:10BAE0000E461746994601F12405FA79B979787915
:10BAF000346AFFF7EDFFD8F80030DB692044984244
:10BB000015D8043C47F8044B00230C21CDE90A3733
:10BB1000CDE90C14CDE90E3910920994022309AA3B
:10BB200031464046F5F734FE15B0BDE8F083002CF1
:10BB300036DB35460FCD09AC0FC40FCD0FC495E8E9
:10BB4000070084E8070031464046F4F7F8FF002874
:10BB5000EAD1129B7362139BB362336A3A46043B89
:10BB600042F8043B03920C22CDE90130CDE90423D5
:10BB7000FB790893CDE90609022301AA3146404624
:10BB8000F5F706FE0028CFD1119B43F00043119337
:10BB900073681293B36813930246034609A9C0E77A
:10BBA0002A4631464046F4F78CFE00289DD0BBE77C
:10BBB00070B52C4D9CB095F84C300190002B42D0C4
:10BBC00001AB294802AA06A9F5F7DAFB831C044653
:10BBD00043D1019E2F21304608F00FFF002839D1B4
:10BBE000EB6821481B6A6B6411A9F4F7A8FF0446AF
:10BBF00000282FD10F9B1A93109B1B9302460346DC
:10BC000011A91948F5F7C4FD044618BB40F62203F4
:10BC10008DF80E003046ADF80C3002F079F9129A2A
:10BC2000139B8DF80F00CDE90F23049205930E4866
:10BC3000334602AA06A9FFF74FFF044650B9EB6846
:10BC40001B6A6B6406E005F10C00F5F777FC04460F
:10BC50000028B5D020461CB070BD002808BF6FF08A
:10BC60001004F7E7483D0020543D00202DE9F8433B
:10BC7000037805462F2B00AF0CBF013028464FF04C
:10BC800000082F2108F0B9FE044618B92846FFF72E
:10BC90008FFF1BE0661B06F1080323F00703E9464C
:10BCA000ADEB030D684626EAE672002100F8018B31
:10BCB00008F073F832462946684608F015F96846D8
:10BCC000FFF776FF28B1113003D0CD46BD46BDE861
:10BCD000F883601CCD46D4E7C368184738B50446DE
:10BCE00004B938BDE068FFF7F9FFA568204608F001
:10BCF000EBF92C46F4E72DE9FF47894604460C99F9
:10BD00001E4615460AB91E4B5D68D4E91BA3A3EB7A
:10BD10000A084FEA281057460023834216D1002014
:10BD200000950191E9F77CF94D45029000D116B9D3
:10BD3000144BD3F8EC610396B8F1900F04F16C0446
:10BD400018D869462046F4F7EFF90DE03A4652F864
:10BD500010CBAC450BD179600020E9F761F94D4576
:10BD6000B86001D106B1FE6004B0BDE8F0870133D0
:10BD70001746D2E751462046F4F726FAE1E700BF1E
:10BD800064090020D43D002070B5044690F8786026
:10BD900090F87950084602F099FBAA1B00F11403B1
:10BDA00053431E2293FBF2F33344D8B20D4B1B795D
:10BDB000022B10D0A36E5D43012303FA00F000288C
:10BDC0004FEA450505DDFDF74FF8A36E03FB005074
:10BDD00070BD0020F9E710B14000FDF745F8A36EF3
:10BDE0005843F5E780030020006808B108F06CB9FB
:10BDF000704700B509288BB00CD8684607F076FE6E
:10BE0000089840F2DB5398428CBF002001200BB011
:10BE10005DF804FB0120FAE71FB5E9F755FA78B1A0
:10BE20000948FFF723FF094A094903A8FFF7EAFC7D
:10BE300000230093064A054B03990648FEF732FD9E
:10BE400005B05DF804FB00BF0B940208181D00202C
:10BE500060810208DF9B020807B5E9F735FA58B19F
:10BE60000748FFF703FF01230093064A064B0748E4
:10BE700040F2E161FEF716FD03B05DF804FB00BF80
:10BE80000B9402081C82020864090020F29B02083D
:10BE900037B50546E9F718FA044600285DD0304862
:10BEA000FFF7E4FEEB0718D52E4B2F4801221A703E
:10BEB00083F8882183F8A42183F8642083F89420F0
:10BEC00083F8C02083F8E82183F8F82140F2F221BA
:10BED0000092264AFEF7E6FC0446A80721D5244B2B
:10BEE0002448012283F8642183F8F4201A7083F82F
:10BEF0002C2183F8D82083F8142183F83C2183F87F
:10BF0000E62183F8FA2183F8F42183F8942183F859
:10BF100020224FF44D710092174AFEF7C3FC2040D7
:10BF2000C4B229070DD50E48FFF7A0FE01230093E8
:10BF3000124A134B134840F2CE21FEF7B3FC2040C7
:10BF4000C4B26A0703D5FFF787FF2040C4B2EB06EF
:10BF500003D5FFF761FF2040C4B2204603B030BDD7
:10BF60000B94020880030020069C0208047002085B
:10BF7000D43D00201A9C0208EC6F0208D46F02081E
:10BF8000384800202E9C020810B50446E9F79CF9B9
:10BF900038B12046FFF77CFF18B92046BDE81040B5
:10BFA00076E710BD2DE9F043844F97F8D48291B025
:10BFB0000446B8F1000F42D090F8009090F802E0EB
:10BFC00090F808C0B9F1000F05D1BEF1000F02D101
:10BFD000BCF1000F76D07A4E0FCE6D460FC50FCE56
:10BFE0000FC50FCE0FC596E80F0085E80F00B9F119
:10BFF000000F05D063788DF8013001238DF80030F3
:10C00000BEF1000F01D063680893BCF1000F02D0AD
:10C01000E368ADF81A306846ECF708FB18B901215F
:10C020006846ECF72DF96D460FCD654E0FC60FCD66
:10C030000FC60FCD0FC695E80F0086E80F0097F8E2
:10C04000D5329BB1227C3AB163692BB1402B28BF1A
:10C050004023C7F8BC319046227E3AB1E3692BB148
:10C06000402B28BF4023C7F8D031904697F8D6120E
:10C0700097F8D83297F8D72231BB002A7BD1002B12
:10C0800040F08280B8F1000F40F092804D48E9F70F
:10C090001DF90446002800F08D801423037300214D
:10C0A0000220E8F7D1FF4849A06004F10D0007F035
:10C0B00013FF464B186803685B68214611B0BDE862
:10C0C000F0431847E046BAE794F820100029D4D08E
:10C0D000616A0029D1D0B966002A41D12BB194F808
:10C0E000303013B1636B002B57D1FEF75DFE88B182
:10C0F0003A793749022AD1F8403150D00B2A4AF612
:10C10000C00218BF4FF4E16213B1934238BF134627
:10C11000C1F84031EFF78AFB70B13A79BB6E022A61
:10C1200040D00B2A4AF6C00218BF4FF4616213B127
:10C13000934238BF1346BB667B6923B1B3F5616F89
:10C1400038BF4FF461637B610320B8F1000F2CD03E
:10C15000FFF71AFF1D4B01211868E9F793FA95E7DD
:10C1600094F82820002AB9D0E26A002AB6D01849EB
:10C17000C1F84021B2E794F82820002A3FF47FAFAD
:10C18000E26A002AF3D17AE794F83030002B3FF4CA
:10C1900079AF636B002B3FF475AF7B61A5E74AF67F
:10C1A000C002B1E74AF6C002C1E7FFF7EDFE6DE756
:10C1B0000120CDE711B0BDE8F08300BF800300206F
:10C1C0002805002020110020449C0208301D00207A
:10C1D000D43D00202DE9F0410C4680B9164DDFF822
:10C1E0005C802F6847F22F564046FEF74BFB30B17C
:10C1F0006420FDF701F82B68DB1BB342F4D9104D26
:10C20000D5F8F4000368DB6B98470E48FEF73AFB5D
:10C2100014B91F20FFF7B8FE0B4B186808B1ECF7F4
:10C22000C7FDC8200021FCF76FFFD5F8F4000368B4
:10C23000BDE8F041DB6B1847780300201847002069
:10C240005450002024470020084E002038B52D4CC3
:10C25000D8220021204607F0A0FD012518232A49F5
:10C26000C4F890314022601D257084F82C5184F868
:10C27000D85084F8145184F83C5184F8F45084F870
:10C28000645108F0D8FB2149402204F1450008F030
:10C29000D2FB1F49202204F1850008F0CCFB1D4988
:10C2A000202204F1A80008F0C6FB1B4984F81E52A6
:10C2B0002D22C4F800220A2284F8F6218A88C9882F
:10C2C00084F8F71152BA0023A4F8F8216FF0004265
:10C2D000C4E9502384F8A55084F8E65184F8E83185
:10C2E00084F8FA5184F8FC3184F8F451C4F84C31E4
:10C2F000C4F85431C4F85C31C4F8EC31C4F82832C5
:10C3000038BD00BFD43D0020629C0208769C020824
:10C310007E9C0208EA9502086409002070B5444C2E
:10C3200088B0054658B194F8F85145B1B4F81C22CC
:10C33000002A7BD004F21E21684607F0D5FD4FF499
:10C3400038723B48002107F028FD0222182384F8A8
:10C35000E6210422C4F8F43184F8A9210123402203
:10C36000237084F8883184F8A43184F8643084F828
:10C37000943084F8C03084F8F83184F8C53184F8FA
:10C38000C03184F8B831C4F8BC2184F8E431A5B1D7
:10C390002023284AA4F81C326D460DEB03062B46D9
:10C3A00003CBB342106051601D4602F10802F6D182
:10C3B000204921482022EEF71AF80023A4F8FA3188
:10C3C00084F86C3064224FF49673C4E921232379F6
:10C3D0000125022B84F8905004D00B2B1CBF42F691
:10C3E000302363610026012084F8A75284F8A962F3
:10C3F000FEF770FC11491248202208F01CFB114B7B
:10C40000C4F8F031104B84F8EC5193F8F83084F80C
:10C410008461B3FA83F35B0984F8ED3140F22B3386
:10C42000A36708B0BDE87040FDF7DEBF154686E79C
:10C43000800300209E050020899C0208969C02082B
:10C44000A704002040E20100545000202DE9F041F3
:10C4500004460E4625484FF0FF3190461F46E4F74C
:10C46000C6FA054600283ED096E8030085E803009A
:10C4700085F80080D4F8A4306F60022B08D104F155
:10C480009400FEF73FF9014610B11848E4F7A3FA0B
:10C4900095E8030004F1F40383E80300D4F8A43022
:10C4A000012B06DDD4F8FC300133C4F8FC30BDE8C4
:10C4B000F081D4F8A80018B1036800211B689847E0
:10C4C000D4F8A03004EB8302013303F0010348BF2A
:10C4D0005B42C2F89450C4F8A030D4F8A4300133C1
:10C4E000C4F8A430DEE70070FFDE00BF983D0020F6
:10C4F00010B504460A46081D6168884201D0E8F775
:10C5000056FC6368043B636010BD2DE9F74FD0E92A
:10C51000016B9DF830A005460F46904699465E4552
:10C52000314601D100241CE056F8044B019120460D
:10C53000E9F727F9B8420199F1D1D4F8143143450C
:10C54000EDD1D4F8583113B1B9F1000FE7D0BAF1F9
:10C55000000F03D094F820315345E0D2281DFFF797
:10C56000C7FF204603B0BDE8F08F204B70B50360D5
:10C570001F4B1D68D5E90031CC1A2411002C1A4636
:10C5800008DCCB1A082B27D00C2B21D0042B27D06A
:10C590000A4606E01B68984203D05368984209D1C6
:10C5A0000432101D814201D0E8F701FC6B68043BA6
:10C5B0006B6070BD9368984201D10832F1E7D6688C
:10C5C000B04202F1100301D10C32EAE7013CD5E799
:10C5D00013689842E5D0043213689842E1D00432DF
:10C5E0001368984218BF0A46DBE700BF3C82020886
:10C5F000A84A00202DE9F0472B4D2C4B2C68C0E9B0
:10C6000000310023C0E902330746036134B90C202E
:10C6100007F052FDC0E9004484602860D5F800802E
:10C62000D8E901539D4205D045F8047BC8F8045071
:10C63000BDE8F087D8F800906FF06043A5EB090AD9
:10C64000B3EBAA0F4FEAAA0402D1194805F0D3FEB2
:10C650004D4514BF22460122A41821D214B39C4296
:10C6600028BF1C462046FCF7A6FC06462946324653
:10C6700046F80A704846FEF773F92946021D284617
:10C68000FEF76EF90546B9F1000F02D0484607F0F3
:10C690001BFDC8E9006506EB8406C8F80860C7E71B
:10C6A0001C46DFE72646E1E7A84A00203C82020854
:10C6B000BE9002080C2007F0FFBC006810B10368B0
:10C6C0005B68184770471FB50021684607F0FCFB00
:10C6D00040B9064B1A68064BDDE900011A60054BAC
:10C6E000C3E9000105B05DF804FB00BF780300203A
:10C6F000BC1B0020C01B0020826A0F4B30B40360BB
:10C7000092B1856902F12401002351F8044F7CB1F4
:10C71000A469A5420CD10A33002142F82310D2F8B3
:10C72000C830013BC2F8C83030BC1C30FCF7A5BB98
:10C730000133282BE9D1F7E7E48102082DE9FF470F
:10C7400005461E4B55F8046F036004460DF10408BE
:10C750004FF00009AE4205D16068854228D104B08F
:10C76000BDE8F087CDE90188B768CDF80C9039684D
:10C7700001988F4203D1404515D13668EAE78B68AE
:10C78000D1F800A09C420CD181420AD0824508D049
:10C79000524605F04CFB039B01330393BB68013BFE
:10C7A000BB605146E4E7076807F08EFC3846E2E7D5
:10C7B000046807F089FC2046CFE700BF88630208C1
:10C7C00070B5056804460E46A54200D170BDA86844
:10C7D000036831469B6898470028F7D12D68F3E736
:10C7E00003460B4A43F8082B0A4A42600A4A406152
:10C7F000C0E902330023C0E9062300F12802C0E9A2
:10C800000A22036180F8203043620363704700BF4F
:10C81000BC4B0208A84B020847060008F0B50025EB
:10C8200097B004462E46A18B8D4228DB6846FFF761
:10C83000D7FF1C4B1C4A00930D920EAB1B4A54F8B9
:10C84000105FCDF844D0CDE90E330023CDE912239B
:10C850001093ADF8543001238DF85630ADF8506088
:10C86000ADF85210A54205D0A868036869469B68D8
:10C870009847A0B16846E4F77CFC17B0F0BD2946A4
:10C880006068E9F7A8FC07460020E8F7C9FBFB6FE2
:10C89000C01AB0F5E15FB8BF01360135C3E72D68B6
:10C8A000E0E700BF004C02088C6502084D0C000850
:10C8B000F8B507461446E9F795FD0646A8B1A388E2
:10C8C000022B12D1083400F184050FCC0FC50FCC18
:10C8D0000FC594E80300012385E8030086F8803043
:10C8E0003846FE60BDE8F84098E7F8BD30B5C5B001
:10C8F00004460D4601466846F3F704FE694604F116
:10C900003000F3F753FE4FF0FF334360002380F80D
:10C91000FA300A2380F822310B4B59680B4B04463E
:10C920006A461868FFF7C4FF094835B10068214618
:10C93000E8F7B7FE012045B030BD006801232A4664
:10C940002146E9F7CBFEF5E764090020141D00201D
:10C95000301D00208842134604D00A1A0146981A56
:10C9600007F001BA704708B5034678B1084A90420B
:10C9700006D9084A904201D905F037FD05F032FD8D
:10C98000E8205843BDE8084007F096BB08BD00BF4B
:10C99000CB3D8D00967B1A01006808B107F094BB6F
:10C9A0007047204B73B503600446EBF7CAFB04F5F0
:10C9B0008E60FFF7F1FFD4F8403253B1D4F86432FF
:10C9C000D4F854521E1DAE4220D8D4F8400207F0CD
:10C9D0007BFB04F11400EBF74CFB606904F12C03C2
:10C9E000984201D007F070FB26460F4B56F8045FC3
:10C9F0002360B5420FD12846EBF730FB2846C4E947
:10CA0000015502B0BDE87040EBF728BB55F8040BA8
:10CA100007F05AFBD7E7A868019401A9EBF73CFBA4
:10CA20002D68E6E794800208886302084B6843603B
:10CA30008B688360CB68C3600B6903610B7D0375F2
:10CA40008B698361CB69C3611F3100F1200300F55D
:10CA5000907011F8012F03F8012B8342F9D1704730
:10CA600084B070B5C8B04CAC84E80F009DF830516C
:10CA7000062D00F0B68031D8022D28D84DB3944C45
:10CA8000BDF83231227B002B77D1002A76D1667B2C
:10CA9000002E40F09380BDF836214EA904F59C701D
:10CAA00007F022FA012D30D12A4604F59C71684620
:10CAB000FEF74DFC694604F11800FFF7B7FF266B3F
:10CAC000F6B10620FBF7A8FF2573A58201E0042D2F
:10CAD0007AD048B0BDE8704004B07047152D00F022
:10CAE000B780182DF5D10620FBF796FF7948F4F7AB
:10CAF000BFF97848F4F7C4F97748FDF7EAFE6CE02F
:10CB00001520FBF789FF2673E3E7324604F59C7195
:10CB10006846FEF71CFC694604F11800FFF786FF23
:10CB2000256B25B91520FBF777FF6573D1E73146F3
:10CB30000125882204F5DC70A582657307F02DF9C4
:10CB40004FF00113802204F5E07104F11800C4F8DD
:10CB5000B831F4F736FA86B2314604F5E070A4F83D
:10CB6000BE61FBF7C5FE7F2EA4F8BC0100D8A573FB
:10CB7000A18A5748E8F7D5FDABE7E2B1A28A9A420D
:10CB800015D1BDF83651BDF8346129464EA8FBF7E2
:10CB9000AFFE86420BD12A464EA94E48F4F77EFBE3
:10CBA0000620FBF739FFA38A0133A38291E7152002
:10CBB000FBF732FF8DE7637B002B8AD01820FBF751
:10CBC0002BFF0023637384E70620FBF725FF414812
:10CBD000F4F74EF93F48F4F753F93D4B00221A732E
:10CBE00077E73B4C637B8BB3A17B51B10420FBF710
:10CBF00013FF04F11800F4F743F900236373A373E0
:10CC000067E7A58A01351923ADB2882204F5DC70E7
:10CC10002361A582012607F0C0F8802204F5E071A7
:10CC200004F11800A4F8BA5184F8B861F4F7C9F90E
:10CC300085B2294604F5E070A4F8BE51FBF758FE12
:10CC40007F2DA4F8BC0193D8A67391E71820AFE715
:10CC50001F4C637B002BF9D02369013B002B236120
:10CC600007DC1820FBF7D8FE04F11800F4F708F9E8
:10CC7000A7E78822002104F5DC7007F08EF8012375
:10CC800084F8B83194F82C30A58AA06AA4F8BA5177
:10CC900043B9266B0C303146F4F74BF810B9013D1F
:10CCA000ED0135620D498022A1F5D470F4F789F9C0
:10CCB00085B229460948A4F8BE51FBF719FE7F2D1D
:10CCC00098BF0123A4F8BC0198BFA37350E700BF2D
:10CCD000D4440020EC4400200C4600209446002060
:10CCE00030B5ADF55D7D0C460022014604A8FEF787
:10CCF0002EFB0A9B002B40D09DF82430002B3CD00B
:10CD000004A94CA8FDF739FE1D4D529B002B31D0D4
:10CD10009DF8503173B39DF84431FBB154A994A8E8
:10CD2000FCF7D0F8294601A8FCF7CCF801A994A893
:10CD3000FCF72CF960B901A8FCF79FF894A8FCF760
:10CD40009CF874B1611EC9B254A8FFF7C9FF05E091
:10CD500001A8FCF792F894A8FCF78FF84CA8F4F718
:10CD60008FF804A994A8FDF708FE94A94CA8FFF732
:10CD70005DFECAE704A8F4F783F80DF55D7D30BDCC
:10CD8000A69902080023C0E900338360704738B5D4
:10CD9000FFF7F8FF0023C3608B6804460D462BB1F4
:10CDA00002229847EB68E360AB68A36038BD30B5FA
:10CDB00087B002AD04462846FFF7E9FF95E8030077
:10CDC0006B4683E8030094E8030085E8030093E8DA
:10CDD0000300049BA268A360059B049284E80300FF
:10CDE000E268E36028460592E6F7A8FD07B030BD8B
:10CDF00008B5FFF7C7FF0023C36008BDF8B50446B8
:10CE000000F164070D46384604F1B402FFF7F0FF65
:10CE100010309042FAD12846E6F714FE5C4A2561AC
:10CE200004F10C03002542F8203004F110060E2313
:10CE3000C4E917353046C4E90C55C4E90E55C4E9B8
:10CE4000105584F82C50A56484F84C5084F84D504B
:10CE5000E460E7F779F83846FEF76EFA04F17400FB
:10CE6000FEF76AFA04F18400FEF766FA04F1940012
:10CE7000FEF762FA04F1A400FEF75EFA4FF6FF73C4
:10CE8000C4E906538023A36294F84D30A560C4E939
:10CE90000055C4E90855656103F0FF0223BB84F81F
:10CEA0004C203046E7F750F82069E7F76DF8D4E9F1
:10CEB0001712E5F719FB2069E7F766F8E5F7E9FAD5
:10CEC00026693046E7F780F805463046E7F75CF814
:10CED000854209D0D4E917122846E5F705FB2069F9
:10CEE000E7F772F8E5F7D5FA22692A49022384F8B0
:10CEF0004D308A42136802D0B2F1804F08D1A16947
:10CF000023F070030B43216A23F440730B4306E0C4
:10CF100021498A42F7D001F580618A42F3D0A16AA3
:10CF200023F080030B431360E369D3626369936268
:10CF3000184B9A4207D003F5C0539A4203D003F529
:10CF400080639A4201D1636A1363012353611169BB
:10CF5000C90742BF116921F00101116184F85830FD
:10CF600084F84E3084F84F3084F8503084F85130D3
:10CF700084F8523084F8533084F8543084F85530B3
:10CF800084F8563084F8573084F84D30F8BD00BF2F
:10CF9000901A0020002C0140004401402DE9F84F78
:10CFA000C3B21C2B0E4619D85A4A52F8233000F44B
:10CFB000E0641C43651C00F0AA80DFF85C81C4F3C8
:10CFC00003134FEA830908EB830304F00F07D3F838
:10CFD000FC30FB40D80723D5504B15E000F0C002D1
:10CFE000C02A40F09480C82B00F291804C4B00F096
:10CFF0003F0200F4E06453F82220464B53F82230FD
:10D00000D7E7944253D00C331A68511CF9D1C1446C
:10D010000122D9F8FC30BA4023EA0203C9F8FC30F7
:10D02000052E33D8DFE806F0333F393B3D41BBF1F5
:10D03000804F15D14FF0B042936D23F001039365FB
:10D0400000234AF8203005F1640BEB6005F1B40AC7
:10D05000DA4517D0AAF1100A5046E6F76FFCF7E759
:10D06000304B9B4505D14FF0B042136E23F4003393
:10D070004BE02D4B9B45E3D14FF0B042136E23F4B0
:10D08000802342E0284607F01FF8C0E7FEE70021B2
:10D090002046BDE8F84FE6F785BE1021F8E72021CD
:10D0A000F6E70321F4E70121F2E70921F0E71B4944
:10D0B000DFF878A02046E6F709FFE6F7C3FC5AF848
:10D0C000203005467BB9B42006F0F6FF13498346AD
:10D0D0002046E6F7FBFE01465846FFF78FFE5AF85A
:10D0E0002530C3F800B05AF825301D68002D8ED0C9
:10D0F000D5F810B05846E6F7A5FC0D4B9B4596D1E8
:10D100004FF0B042136E23F40063136698E7BDE856
:10D11000F88F00BF10660208545000206482020895
:10D12000747502080044014000480140901A002034
:10D13000002C014021B990F84430012B13D07047E6
:10D14000042904D190F84530012B32D070470829CA
:10D1500004D090F84730012B33D0704790F8463018
:10D16000012B2AD07047022380F84430036801F075
:10D170001F0104228A40196A21EA02011962196A10
:10D180000A431A625A6C42F400425A640F4A9342AC
:10D1900002D0B3F1804F07D199680D4A0A40062AA0
:10D1A00006D0B2F5803F03D01A6842F001021A603F
:10D1B0007047022380F84530D8E7022380F84630D4
:10D1C000D4E7022380F84730D0E700BF002C0140AD
:10D1D0000700010008293ED015D829B304292BD017
:10D1E00090F8432090F84730012ADBB25FD1012B41
:10D1F0005DD10C2974D8042927D000296AD00223D4
:10D2000080F8433060E00C2952D01029E8D190F822
:10D21000422090F84730012ADBB248D1012B46D199
:10D22000022380F842304FE090F83E2090F84430DE
:10D23000012ADBB24CD0704790F83F2090F845307F
:10D24000012ADBB233D1012B31D1022380F83F30E8
:10D2500080F845300DE090F8402090F84630012AE3
:10D26000DBB224D1012B22D1022380F8403080F898
:10D270004630036801F01F0101228A40196A21EA41
:10D2800002011962196A0A431A62174A934202D0CC
:10D29000B3F1804F07D19968144A0A40062A06D094
:10D2A000B2F5803F03D01A6842F001021A6070475D
:10D2B00090F8412090F84730012ADBB2F7D1012BDA
:10D2C000F5D1022380F84130022380F84730D0E7BF
:10D2D000012BECD1022380F83E3080F84430C8E7BF
:10D2E00010298CD19CE700BF002C014007000100F1
:10D2F00008291BD007D879B1042912D090F84330FF
:10D30000012B54D070470C2915D0102918D090F853
:10D310004330012B4BD0704790F83E30012B14D096
:10D32000704790F83F30012B31D0704790F8403073
:10D33000012B30D0704790F84130012B2FD070472F
:10D3400090F84230012B2ED07047022380F83E30F7
:10D35000036801F01F0101228A40196A21EA0201D3
:10D360001962196A0A431A621C4A934228D002F5CC
:10D37000C05293421FD002F5806293421BD0B3F19A
:10D38000804F21D01A6842F001021A6024E0022383
:10D3900080F83F30DCE7022380F84030D8E70223F2
:10D3A00080F84130D4E7022380F84230D0E70223EE
:10D3B00080F84330CCE75A6C42F400425A64E1E70B
:10D3C0005A6C42F400425A649968054A0A40062A97
:10D3D00002D0B2F5803FD5D1704700BF002C01408C
:10D3E0000700010090F83D30012B15D102230B4AB4
:10D3F00080F83D300368934202D0B3F1804F07D1EB
:10D400009968074A0A40062A06D0B2F5803F03D041
:10D410001A6842F001021A60704700BF002C0140F8
:10D42000070001000B4600F108010160D3E900127A
:10D430004FF000030A44E7F75FBF00BF1EF0040F80
:10D440000CBFEFF30880EFF30980F4F75BBB00003B
:10D4500081F0004102E000BF83F0004330B54FEAA5
:10D4600041044FEA430594EA050F08BF90EA020F12
:10D470001FBF54EA000C55EA020C7FEA645C7FEAA5
:10D48000655C00F0E2804FEA5454D4EB5555B8BFC8
:10D490006D420CDD2C4480EA020281EA030382EA39
:10D4A000000083EA010180EA020281EA0303362DCB
:10D4B00088BF30BD11F0004F4FEA01314FF4801C9E
:10D4C0004CEA113102D0404261EB410113F0004FB0
:10D4D0004FEA03334CEA133302D0524263EB430367
:10D4E00094EA050F00F0A780A4F10104D5F1200E05
:10D4F0000DDB02FA0EFC22FA05F2801841F1000160
:10D5000003FA0EF2801843FA05F359410EE0A5F133
:10D5100020050EF1200E012A03FA0EFC28BF4CF064
:10D52000020C43FA05F3C01851EBE37101F000451A
:10D5300007D54FF0000EDCF1000C7EEB00006EEB27
:10D540000101B1F5801F1BD3B1F5001F0CD34908B1
:10D550005FEA30004FEA3C0C04F101044FEA445208
:10D5600012F5800F80F09A80BCF1004F08BF5FEA8F
:10D57000500C50F1000041EB045141EA050130BD6F
:10D580005FEA4C0C404141EB0101013C28BFB1F581
:10D59000801FE9D291F0000F04BF01460020B1FACC
:10D5A00081F308BF2033A3F10B03B3F120020CDA9F
:10D5B0000C3208DD02F1140CC2F10C0201FA0CF07D
:10D5C00021FA02F10CE002F11402D8BFC2F1200CE2
:10D5D00001FA02F120FA0CFCDCBF41EA0C01904098
:10D5E000E41AA2BF01EB0451294330BD6FEA0404E1
:10D5F0001F3C1CDA0C340EDC04F11404C4F12002CC
:10D6000020FA04F001FA02F340EA030021FA04F3DD
:10D6100045EA030130BDC4F10C04C4F1200220FA34
:10D6200002F001FA04F340EA0300294630BD21FA72
:10D6300004F0294630BD94F0000F83F4801306BF38
:10D6400081F480110134013D4EE77FEA645C18BF2C
:10D650007FEA655C29D094EA050F08BF90EA020FC3
:10D6600005D054EA000C04BF1946104630BD91EABB
:10D67000030F1EBF0021002030BD5FEA545C05D1BE
:10D680004000494128BF41F0004130BD14F58004FD
:10D690003CBF01F5801130BD01F0004545F0FE4171
:10D6A00041F470014FF0000030BD7FEA645C1ABFA6
:10D6B000194610467FEA655C1CBF0B46024650EADD
:10D6C000013406BF52EA033591EA030F41F4002109
:10D6D00030BD00BF90F0000F04BF0021704730B58F
:10D6E0004FF4806404F132044FF000054FF0000164
:10D6F00050E700BF90F0000F04BF0021704730B525
:10D700004FF4806404F1320410F0004548BF4042F9
:10D710004FF000013EE700BF42004FEAE2014FEA4E
:10D7200031014FEA02701FBF12F07F4393F07F4F29
:10D7300081F06051704732F07F4208BF704793F02C
:10D740007F4F04BF41F40021704730B54FF460743F
:10D7500001F0004521F000411CE700BF50EA010242
:10D7600008BF704730B54FF000050AE050EA0102EB
:10D7700008BF704730B511F0004502D5404261EB5B
:10D7800041014FF4806404F132045FEA915C3FF49C
:10D79000D8AE4FF003025FEADC0C18BF03325FEA39
:10D7A000DC0C18BF033202EBDC02C2F1200300FAEA
:10D7B00003FC20FA02F001FA03FE40EA0E0021FA0F
:10D7C00002F11444BDE600BF70B54FF0FF0C4CF4FD
:10D7D000E06C1CEA11541DBF1CEA135594EA0C0FAF
:10D7E00095EA0C0F00F0DEF82C4481EA030621EAEA
:10D7F0004C5123EA4C5350EA013518BF52EA033525
:10D8000041F4801143F4801338D0A0FB02CE4FF0D6
:10D810000005E1FB02E506F00042E0FB03E54FF006
:10D820000006E1FB03569CF0000F18BF4EF0010EFE
:10D83000A4F1FF04B6F5007F64F5407404D25FEAFA
:10D840004E0E6D4146EB060642EAC62141EA5551AD
:10D850004FEAC52040EA5E504FEACE2EB4F1FD0CEF
:10D8600088BFBCF5E06F1ED8BEF1004F08BF5FEA6D
:10D87000500E50F1000041EB045170BD06F000461F
:10D8800046EA010140EA020081EA0301B4EB5C04CC
:10D89000C2BFD4EB0C0541EA045170BD41F48011C4
:10D8A0004FF0000E013C00F3AB8014F1360FDEBFE9
:10D8B000002001F0004170BDC4F10004203C35DAC5
:10D8C0000C341BDC04F11404C4F1200500FA05F348
:10D8D00020FA04F001FA05F240EA020001F00042E9
:10D8E00021F0004110EBD37021FA04F642EB06015F
:10D8F0005EEA430E08BF20EAD37070BDC4F10C0489
:10D90000C4F1200500FA04F320FA05F001FA04F24C
:10D9100040EA020001F0004110EBD37041F1000138
:10D920005EEA430E08BF20EAD37070BDC4F1200543
:10D9300000FA05F24EEA020E20FA04F301FA05F2AB
:10D9400043EA020321FA04F001F0004121FA04F253
:10D9500020EA020000EBD3705EEA430E08BF20EA23
:10D96000D37070BD94F0000F0FD101F0004640005D
:10D9700041EB010111F4801F08BF013CF7D041EADF
:10D98000060195F0000F18BF704703F000465200E3
:10D9900043EB030313F4801F08BF013DF7D043EAB4
:10D9A0000603704794EA0C0F0CEA135518BF95EA6A
:10D9B0000C0F0CD050EA410618BF52EA4306D1D1F1
:10D9C00081EA030101F000414FF0000070BD50EA10
:10D9D000410606BF1046194652EA430619D094EA9A
:10D9E0000C0F02D150EA013613D195EA0C0F05D184
:10D9F00052EA03361CBF104619460AD181EA0301D8
:10DA000001F0004141F0FE4141F470014FF000008F
:10DA100070BD41F0FE4141F4780170BD70B54FF02A
:10DA2000FF0C4CF4E06C1CEA11541DBF1CEA1355AA
:10DA300094EA0C0F95EA0C0F00F0A7F8A4EB05048C
:10DA400081EA030E52EA03354FEA013100F0888083
:10DA50004FEA03334FF0805545EA131343EA12634C
:10DA60004FEA022245EA111545EA10654FEA002601
:10DA70000EF000419D4208BF964244F1FD0404F5BA
:10DA8000407402D25B084FEA3202B61A65EB030516
:10DA90005B084FEA32024FF480104FF4002CB6EBD3
:10DAA000020E75EB030E22BFB61A754640EA0C0053
:10DAB0005B084FEA3202B6EB020E75EB030E22BF93
:10DAC000B61A754640EA5C005B084FEA3202B6EBD4
:10DAD000020E75EB030E22BFB61A754640EA9C0093
:10DAE0005B084FEA3202B6EB020E75EB030E22BF63
:10DAF000B61A754640EADC0055EA060E18D04FEA21
:10DB0000051545EA16754FEA06164FEAC30343EAC0
:10DB100052734FEAC2025FEA1C1CC0D111F4801F8D
:10DB20000BD141EA00014FF000004FF0004CB6E786
:10DB300011F4801F04BF01430020B4F1FD0C88BF25
:10DB4000BCF5E06F3FF6AFAEB5EB030C04BFB6EB30
:10DB5000020C5FEA500C50F1000041EB045170BD23
:10DB60000EF0004E4EEA113114EB5C04C2BFD4EB50
:10DB70000C0541EA045170BD41F480114FF0000ED4
:10DB8000013C90E645EA060E8DE60CEA135594EA50
:10DB90000C0F08BF95EA0C0F3FF43BAF94EA0C0F53
:10DBA0000AD150EA01347FF434AF95EA0C0F7FF4C8
:10DBB00025AF104619462CE795EA0C0F06D152EA1C
:10DBC00003353FF4FDAE1046194622E750EA410600
:10DBD00018BF52EA43067FF4C5AE50EA41047FF411
:10DBE0000DAF52EA43057FF4EBAE12E74FF0FF3C76
:10DBF00006E000BF4FF0010C02E000BF4FF0010C47
:10DC00004DF804CD4FEA410C7FEA6C5C4FEA430CBF
:10DC100018BF7FEA6C5C1BD001B050EA410C0CBF0E
:10DC200052EA430C91EA030F02BF90EA020F002070
:10DC3000704710F1000F91EA030F58BF994208BFD7
:10DC400090422CBFD8176FEAE37040F00100704794
:10DC50004FEA410C7FEA6C5C02D150EA013C07D1EB
:10DC60004FEA430C7FEA6C5CD6D152EA033CD3D036
:10DC70005DF8040B704700BF8446104662468C4630
:10DC80001946634600E000BF01B5FFF7B7FF002863
:10DC900048BF10F1000F01BD4DF808EDFFF7F4FF8C
:10DCA0000CBF012000205DF808FB00BF4DF808ED17
:10DCB000FFF7EAFF34BF012000205DF808FB00BF3A
:10DCC0004DF808EDFFF7E0FF94BF012000205DF85C
:10DCD00008FB00BF4DF808EDFFF7CEFF94BF012011
:10DCE00000205DF808FB00BF4DF808EDFFF7C4FF0A
:10DCF00034BF012000205DF808FB00BF4A0011D2AC
:10DD000012F5001211D20DD56FF47873B3EB625295
:10DD10000ED44FEAC12343F0004343EA505323FAA1
:10DD200002F070474FF00000704750EA013002D116
:10DD30004FF0FF3070474FF0000070474FF0FF3C4E
:10DD400006E000BF4FF0010C02E000BF4FF0010CF5
:10DD50004DF804CD4FEA40024FEA41037FEA226CBE
:10DD600018BF7FEA236C11D001B052EA530C18BFE0
:10DD700090EA010F58BFB2EB030088BFC81738BF45
:10DD80006FEAE17018BF40F0010070477FEA226C33
:10DD900002D15FEA402C05D17FEA236CE4D15FEA2F
:10DDA000412CE1D05DF8040B704700BF8446084663
:10DDB0006146FFE70FB5FFF7C9FF002848BF10F124
:10DDC000000F0FBD4DF808EDFFF7F4FF0CBF012069
:10DDD00000205DF808FB00BF4DF808EDFFF7EAFFF3
:10DDE00034BF012000205DF808FB00BF4DF808EDAE
:10DDF000FFF7E0FF94BF012000205DF808FB00BFA3
:10DE00004DF808EDFFF7D2FF94BF012000205DF828
:10DE100008FB00BF4DF808EDFFF7C8FF34BF012035
:10DE200000205DF808FB00BF53B94AB9002908BFBC
:10DE300000281CBF4FF0FF314FF0FF3000F00CB84E
:10DE4000ADF1080C6DE904CE05F088FBDDF804E0C7
:10DE5000DDE9022304B07047704700BF10F8012BC2
:10DE600011F8013B012A28BF9A42F7D0D01A704717
:10DE700001F0FF01102A2BDB10F0070F08D010F87B
:10DE8000013B013A8B422DD010F0070F42B3F6D17F
:10DE9000F0B441EA012141EA014122F007047FF098
:10DEA00000070023F0E80256083C85EA010586EAEF
:10DEB000010685FA47F5A3FA87F586FA47F6A5FA2B
:10DEC00087F68EB9EED1F0BC01F0FF0102F0070237
:10DED00032B110F8013B013A83EA010313B1F8D1E2
:10DEE0000020704701387047002D06BF35460338C3
:10DEF000073815F0010F07D1013015F4807F02BFFC
:10DF0000013015F4C03F0130F0BC0138704700BF4C
:10DF1000034613F8012B002AFBD1181A0138704769
:10DF20004FEA410212F5001215D211D56FF4787341
:10DF3000B3EB625212D94FEAC12343F0004343EAE4
:10DF4000505311F0004F23FA02F018BF40427047BF
:10DF50004FF00000704750EA013005D111F0004049
:10DF600008BF6FF0004070474FF00000704700BFDF
:10DF70004FEA4102B2F1E04324BFB3F5001CDCF1EB
:10DF8000FE5C0DD901F0004C4FEAC0024CEA507023
:10DF9000B2F1004F40EB830008BF20F00100704752
:10DFA00011F0804F21D113F13872BCBF01F0004055
:10DFB000704741F480114FEA5252C2F11802C2F187
:10DFC000200C10FA0CF320FA02F018BF40F0010008
:10DFD0004FEAC1234FEAD32303FA0CFC40EA0C00BA
:10DFE00023FA02F34FEA4303CCE77FEA625307D1F7
:10DFF00050EA01331EBF4FF0FE4040F4400070472E
:10E0000001F0004040F0FE4040F40000704700BFC7
:10E0100080F0004002E000BF81F0004142001FBFDD
:10E020005FEA410392EA030F7FEA226C7FEA236CE6
:10E030006AD04FEA1262D2EB1363C1BFD2184140DB
:10E0400048404140B8BF5B42192B88BF704710F071
:10E05000004F40F4000020F07F4018BF404211F014
:10E06000004F41F4000121F07F4118BF494292EA7C
:10E07000030F3FD0A2F1010241FA03FC10EB0C00A8
:10E08000C3F1200301FA03F100F0004302D5494235
:10E0900060EB4000B0F5000F13D3B0F1807F06D3E2
:10E0A00040084FEA310102F10102FE2A51D2B1F1DA
:10E0B000004F40EBC25008BF20F0010040EA0300CF
:10E0C0007047490040EB0000013A28BFB0F5000F4F
:10E0D000EDD2B0FA80FCACF1080CB2EB0C0200FA05
:10E0E0000CF0AABF00EBC25052421843BCBFD04054
:10E0F0001843704792F0000F81F4000106BF80F4CE
:10E1000000000132013BB5E74FEA41037FEA226C90
:10E1100018BF7FEA236C21D092EA030F04D092F05B
:10E12000000F08BF0846704790EA010F1CBF00208F
:10E13000704712F07F4F04D1400028BF40F00040EC
:10E14000704712F100723CBF00F50000704700F00C
:10E15000004343F0FE4040F4000070477FEA226233
:10E1600016BF08467FEA23630146420206BF5FEA04
:10E17000412390EA010F40F4800070474FF0000304
:10E1800004E000BF10F0004348BF40425FEA000CCB
:10E1900008BF704743F0964301464FF000001CE073
:10E1A00050EA010208BF70474FF000030AE000BFC9
:10E1B00050EA010208BF704711F0004302D5404207
:10E1C00061EB41015FEA010C02BF84460146002079
:10E1D00043F0B64308BFA3F18053A3F50003BCFA94
:10E1E0008CF2083AA3EBC25310DB01FA02FC634441
:10E1F00000FA02FCC2F12002BCF1004F20FA02F248
:10E2000043EB020008BF20F00100704702F120023A
:10E2100001FA02FCC2F1200250EA4C0021FA02F29B
:10E2200043EB020008BF20EADC7070474FF0FF0CA0
:10E230001CEAD0521EBF1CEAD15392EA0C0F93EA9B
:10E240000C0F6FD01A4480EA010C400218BF5FEA3D
:10E2500041211ED04FF0006343EA501043EA5111B0
:10E26000A0FB01310CF00040B1F5000F3EBF4900AA
:10E2700041EAD3715B0040EA010062F17F02FD2AAE
:10E280001DD8B3F1004F40EBC25008BF20F0010091
:10E29000704790F0000F0CF0004C08BF49024CEAA8
:10E2A000502040EA51207F3AC2BFD2F1FF0340EA3A
:10E2B000C250704740F400004FF00003013A5DDCAB
:10E2C00012F1190FDCBF00F000407047C2F10002EC
:10E2D000410021FA02F1C2F1200200FA02FC5FEAD9
:10E2E000310040F1000053EA4C0308BF20EADC7023
:10E2F000704792F0000F00F0004C02BF400010F495
:10E30000000F013AF9D040EA0C0093F0000F01F041
:10E31000004C02BF490011F4000F013BF9D041EA63
:10E320000C018FE70CEAD15392EA0C0F18BF93EA65
:10E330000C0F0AD030F0004C18BF31F0004CD8D18F
:10E3400080EA010000F00040704790F0000F17BF16
:10E3500090F0004F084691F0000F91F0004F14D05C
:10E3600092EA0C0F01D142020FD193EA0C0F03D1B4
:10E370004B0218BF084608D180EA010000F00040B7
:10E3800040F0FE4040F40000704740F0FE4040F492
:10E39000400070474FF0FF0C1CEAD0521EBF1CEA31
:10E3A000D15392EA0C0F93EA0C0F69D0A2EB03024F
:10E3B00080EA010C49024FEA402037D04FF08053E9
:10E3C00043EA111143EA10130CF000408B4238BFAE
:10E3D0005B0042F17D024FF4000C8B4224BF5B1ABC
:10E3E00040EA0C00B3EB510F24BFA3EB510340EA0A
:10E3F0005C00B3EB910F24BFA3EB910340EA9C00B8
:10E40000B3EBD10F24BFA3EBD10340EADC001B0127
:10E4100018BF5FEA1C1CE0D1FD2A3FF650AF8B42CB
:10E4200040EBC25008BF20F0010070470CF0004CD8
:10E430004CEA50207F32C2BFD2F1FF0340EAC25003
:10E44000704740F400004FF00003013A37E792F0C4
:10E45000000F00F0004C02BF400010F4000F013A22
:10E46000F9D040EA0C0093F0000F01F0004C02BF1D
:10E47000490011F4000F013BF9D041EA0C0195E786
:10E480000CEAD15392EA0C0F08D142027FF47DAF1F
:10E4900093EA0C0F7FF470AF084676E793EA0C0F0F
:10E4A00004D14B023FF44CAF08466EE730F0004C0D
:10E4B00018BF31F0004CCAD130F000427FF45CAF9D
:10E4C00031F000437FF43CAF5FE700BF4FEA40020A
:10E4D000B2F1FE4F0FD34FF09E03B3EB12620DD992
:10E4E0004FEA002343F0004310F0004F23FA02F0FC
:10E4F00018BF404270474FF00000704712F1610FA3
:10E5000001D1420205D110F0004008BF6FF0004079
:10E5100070474FF00000704742000ED2B2F1FE4F3C
:10E520000BD34FF09E03B3EB126209D44FEA0023E2
:10E5300043F0004323FA02F070474FF000007047A9
:10E5400012F1610F01D1420202D14FF0FF3070474A
:10E550004FF00000704700BF10B5054C237833B969
:10E56000044B13B10448AFF300800123237010BDA6
:10E570008454002000000000D04A020808B5034B74
:10E580001BB103490348AFF3008008BD0000000041
:10E5900088540020D04A02080368DB6A184700004C
:10E5A0000148FAF7DFB900BF400700202DE9F04726
:10E5B0001E4690F8DD3A04461546002B52D02D4BEE
:10E5C00093F8B032002B4DD009784339C9B21429E1
:10E5D0009BBF294B5B184FF0000993F8B895274B68
:10E5E000D3F84837DBB3D3F81C8004F590674FF4B9
:10E5F00000720021384605F0D0FB06230121A4F863
:10E600008434084684F82C96E6F71EFD1F22C4F8D1
:10E610000806414604F20C6006F00DFA33462A461D
:10E6200040F27F1104F5916005F050FB002808DDF1
:10E630000138204490F888340A2B04BF002380F866
:10E6400088343B464FF4FF7104F69D000C4AEAF70C
:10E6500039FE01462046BDE8F047EAF71FBBDFF868
:10E660002480C2E733462A4604F52A60BDE8F04715
:10E67000E6F7F6BC78030020E84A02087014002090
:10E68000B85002084B9B020890F84D3070B5044614
:10E69000BBB10D4B026D1B689A4212D8002500F1E8
:10E6A000580680F84D5045653046FDF77BFC382212
:10E6B0002946304605F071FB236A04F120009B696E
:10E6C00098476FF0004070BD7803002002292DE9C3
:10E6D000F04104460E4633D0032900F0BC800129E6
:10E6E00040F0F58090F82C3273B3002380F82C3280
:10E6F000D0F828020368DB6E9847236832465B6BCC
:10E700000146074620469847724B93F8B8310646B3
:10E71000FBB9714B1B68D3F884213244C3F88421C0
:10E720000A21D3F83C21B2FBF1F20621B2FBF1F051
:10E7300001FB102203EB82031A6B32441A6303E0DD
:10E74000C36F0BB1EBF7BEFA236820465B6D9847A9
:10E7500089E0D4F8280203683A461B6B04F188016B
:10E76000984728B1D4F830320133C4F83032D0E7BA
:10E77000183FF7D4D4F834320133C4F83432D4F823
:10E780008C30002BE0D05548EAF73EF9D4F88C30B5
:10E790000360D4F888304360D4F89030C0F8143166
:10E7A00094F896300372B4F8943003F07F0380F845
:10E7B0002031B4F894305B0A80F82A31B4F8942000
:10E7C000C2F3C011C2F30022054680F8211180F87F
:10E7D0002921002B38D1C0F85031C5F854312368B5
:10E7E00029465B6F2046984705236B813A4604F122
:10E7F000A00105F10E0005F077FB374BAF811B68D8
:10E800003749D3F864213244C3F864210A6832449A
:10E810000A60D3F83C210A21B2FBF1F20621B2FBD7
:10E82000F1F001FB102203EB82031A6B32441A63EE
:10E830002C4B1868002887D0012385F85C310368C9
:10E8400029461B6A98477FE7D4F89830C0F85031C2
:10E85000D4F89C30C1E7D0E973239A4237D00368DB
:10E860001B6F984720B92046BDE8F041E8F7E2BDAC
:10E87000D4E97332934226D01B68D3F8581151B1B2
:10E88000194B1B68C91A002905DD04F5CA70BDE8DB
:10E89000F041FBF78FBE236820469B6D98470546E5
:10E8A00000287FF451AFD4E97313994204D004F5E2
:10E8B000E6700D68FDF71CFE2368294620469B6E16
:10E8C000BDE8F04118470023D3F85831FFDEBDE81A
:10E8D000F08100BF80030020AC1B0020E81C00205A
:10E8E00080060020341D0020780300202DE9F14F20
:10E8F000504D95F8383204463BB9A3699B6904F141
:10E90000180001B0BDE8F04F184790F84530CBB182
:10E91000002380F8453095F859020028EDD095F88D
:10E920005B124900FEF73AFB95F8183D43F6982232
:10E9300047F2305002FB0300013385F8183D01B067
:10E94000BDE8F08FDFF8F0B0866CD5F83C02E6F752
:10E95000EEFCDBF800309B1B984213D8FAF7F6FD6B
:10E9600095F85A22354B03EB820306460146D3F84D
:10E97000D43694F84C00984784F84C60804690B1A7
:10E98000012850D0D5F84032002B51D0A16CDBF8D3
:10E990000020521A4FF47A714B439A4248D3FAF747
:10E9A000D5FD014640E0282005F086FB244905F20C
:10E9B0004522814605F0D4FF2046ECF791FC07463E
:10E9C00080F821814846FFF7A3FA1FFA80FAA7F8DA
:10E9D0000EA05246494607F1100005F085FA95F859
:10E9E000443256465BB1BAF1E80F08D83E440723DB
:10E9F0000AF1010A337486F81180A7F80EA0DBF83B
:10EA00000030A3640020FCF7ADF9034628B90246A4
:10EA10000C4839460068E7F761FE484605F054FBAC
:10EA20004FF47A708BE731462046ECF76FFCF7E73E
:10EA3000642084E7983D002078030020886602085F
:10EA400015950208301D0020F8B5304D95F8343189
:10EA5000064663B12E4F826E3B689A420AD24FF04F
:10EA6000FF338366EEF7FAFC002386F86C306FF014
:10EA70000040F8BD90F86C30002B44D0D5F83841F8
:10EA8000D5F8303D3A68002C08BF4FF47A7423441F
:10EA9000934206D295F82C2D002182F00102EEF768
:10EAA000B1FCD5F8343D3A682344934207D295F837
:10EAB0002D2D012182F001023046EEF7A3FC95F8DE
:10EAC00043316BB9D5F8383D3A682344934207D2B5
:10EAD00095F82E2D022182F001023046EEF792FCCD
:10EAE00095F843316BB10B4BDA6852B193F85D3056
:10EAF00003F0FD03012B04D096F86C3003B13B68A2
:10EB000019242046B5E74FF47A74E9E7983D0020D0
:10EB1000780300208003002070B5144D95F8F03183
:10EB20000446F3B1124B1878FCF71CF910B1114BE5
:10EB30001B78B3B9104B1E6801213046E6F7E0F9A7
:10EB400078B13046E6F7F1F958B14FF0FF31204681
:10EB5000FAF7AAFCD5F8EC0128B14FF47A735843C0
:10EB600070BD0121F3E70548FAE700BFD43D00205E
:10EB7000001D002034010020AC1B0020009749013B
:10EB80002DE9F14F994D95F8DC3004462BB9D4F8B6
:10EB9000A03A04F52A609B69CFE095F8F13053B1B3
:10EBA00090F8CD3A002B00F0C18095F8E830012BA9
:10EBB00065D16E266CE0D5F8E030002BE7D0D5F8B3
:10EBC000E430002BE3D090F8CD3A002B00F0AE807B
:10EBD00095F8E830012B68D0023BDBB20D2B66D8EC
:10EBE000834A02EB8303D3F84863D5F8E030814FC2
:10EBF000C3B1D5F8E420AAB1D1B21C295AD87E48B5
:10EC000050F8211002F4E0620A43C7F8F421DAB2A6
:10EC10001C2A65D8784951F8222003F4E063134395
:10EC2000C7F8F8313046FCF751FBD5F8EC30002B33
:10EC300008BFFA237420BB6005F03EFA6F49064610
:10EC40000027FDF7D7FC6E4B33605622C6E90577E7
:10EC5000394606F11C0005F0A0F895F8F030694A35
:10EC6000032B53D0191F012952D80323A6F8723061
:10EC7000D66084F8CD7A0A2001B0BDE8F08F023B5F
:10EC8000DBB20D2B0ED85A4A02EB8303D3F848634C
:10EC9000584F3846F9F766FE5B4B0A201F60FAF7BB
:10ECA000ABFAA2E74FF41646F2E76E269DE74FF463
:10ECB00016469AE702F0C000C0280ED1C8290CD829
:10ECC0004B4902F03F0001EB800102F4E062D1F811
:10ECD0008003494951F8201096E74FF0FF3294E73E
:10ECE00003F0C001C0290ED1C82A0CD8404A03F055
:10ECF0003F0102EB810203F4E063D2F880133E4A45
:10ED000052F821208BE74FF0FF3389E70123ADE76D
:10ED10004021A6F87210022B3C49F160D66084F8BD
:10ED2000CD7AA8D12046EBF735F9A4E795F8F03075
:10ED3000022B06D12368DB6A204601B0BDE8F04F04
:10ED40001847062B97D02F4FDFF8A88007F110093E
:10ED50004046F9F7CDFC00288DD0E92249464046CF
:10ED6000F9F772FDFE68C7F81002F468CCB1DFF85D
:10ED7000A0A09AF800B00025EBB29B4505D8254B22
:10ED80001878FBF765FB04460BE02846FBF726FFE7
:10ED9000214605F005FE6B1C28BB4C2404FB05A492
:10EDA0000434336830469B6998474FF0FF3305467B
:10EDB00043600CB123780372D7F81022EA81002453
:10EDC000012385F82131144985F8FA4092B205F102
:10EDD000100005F089F811482346006822462946AC
:10EDE000E7F77CFCB4E71D46C6E700BFD43D002032
:10EDF000F471020840070020106602080A98020811
:10EE0000A0750208D84A0020C4010020FC94020822
:10EE100038480020001D0020E84A0020301D002056
:10EE200038B59388022B0846144608D1054B1D6857
:10EE3000E6F7A7FC224601462846FDF739FD0020EB
:10EE400038BD00BF141D0020114BF7B5D3F82C635B
:10EE5000104B476D4665044618680F4DE6F765F898
:10EE600060B12B79082B09D00023BA1B009318BF7F
:10EE700001224FF0FF312046F1F73AFA686920B1DC
:10EE80004FF47A73584303B0F0BD0448FBE700BF6A
:10EE9000D84A0020AC1B00208003002080CBA400B7
:10EEA00030B5244B1D68ADF5617D044695B16868A9
:10EEB000E6F741FE80B195F8202195F82A319A4273
:10EEC0000AD21D4B1B7903F0FB03022B04D0012354
:10EED00084F83B30002022E04FF4B072294688A825
:10EEE00005F002F84FF488720021684604F055FFDF
:10EEF000124ABDF82E126B468CA8EBF76BF800286F
:10EF0000E8D0BDF80430022B04F130050AD12146C7
:10EF100044A8F1F7F7FA44A92846F1F747FB0DF5A5
:10EF2000617D30BD062BD5D1214644A8EFF776FF91
:10EF3000F1E700BFAC4A00208003002030760208D1
:10EF4000F0B5634B90F859601D6897B00446002EE9
:10EF500000F0BB80012E27D1C36DC26EEB1A934225
:10EF600040F29B80022380F859305A490DA8F9F7E6
:10EF7000A9FF0DA92046F3F719FB0DA8F9F77DFFAE
:10EF800000232566C4F898300DA904F120008DF8FF
:10EF90003460FAF73FFAA56E04F12C002946E6F733
:10EFA00033F8284617B0F0BD032E1FD0022E40F0D4
:10EFB0008C80036EED1A836E9D426ED30025464908
:10EFC00080F859507C30F9F7A8FF2046F3F704FB8E
:10EFD000414904F17000F9F7A0FF0123C4F89850EB
:10EFE0008DF834300DA904F120006CE0436EC26D41
:10EFF00013445D1BB5F57A7F00F1700700F1200620
:10F000004ED3364907A8F9F75DFF07A904A8F9F719
:10F010007AFF00230A220DA94FF47A70B5FBF0F0B5
:10F02000CDE90A330C93FCF757FA0DA90AA8F9F7B2
:10F0300074FF0C9A0A9904A8F9F780FF10B904A884
:10F04000F9F722FF26490DA8F9F73CFF0F9A0D9911
:10F0500004A8F9F773FF10B904A8F9F715FF04A97C
:10F0600001A8F9F750FF0DA8F9F707FF0AA8F9F76B
:10F0700004FF04A8F9F701FF07A8F9F7FEFE01A9AC
:10F080003846F9F731FF01230DA930468DF83430A9
:10F09000FAF7C0F901A8F9F7F0FE4FF47A7081E7AA
:10F0A000002380F859300C497C30F9F736FF2046B0
:10F0B000F3F792FA08493846F9F72FFF01238DF844
:10F0C00034300DA93046FAF7A5F96FF0004069E732
:10F0D00078030020279A02084B9B02083C9A0208FA
:10F0E0002598020870B5904C904DE3684FF6FF06E6
:10F0F00033402B43E3604FF0B04396B01A6D42F4B7
:10F1000000221A651A6D02F400220392039A9A6C87
:10F1100042F480529A649B6C03F480530293029BE6
:10F12000E4F7FAFDE36833402B43E360E3F7E2FFE3
:10F130007F4C20600020E3F7EFFF4422002105A868
:10F1400004F02BFE7B4A136823F4C06343F400737E
:10F150001360136803F4C0630193019B202304939D
:10F160004FF0010E0023B02204A8CDE90CE3CDE955
:10F170000E23E3F7FBFF00B1FEE76F490B6813F0C6
:10F18000060F6E4B1BD04FF0B042916821F0F0019A
:10F19000916018689168CE0322D5D2F8081121F049
:10F1A0000F01C2F8081118684FF0B042D2F80811E8
:10F1B000CD031AD41968091A0229F7D90FE00A6891
:10F1C00022F0070242F002020A6018680A6802F0A0
:10F1D0000702022AD7D01A68121A022AF6D9FEE7C5
:10F1E0001968091A0229D5D9F9E7916821F4E06173
:10F1F000916018684FF0B0429168890304D419688F
:10F20000091A0229F8D9EAE7916821F4605191605E
:10F2100018684FF0B04291684E0304D41968091A77
:10F220000229F8D9DBE711688D07D8D5916821F05C
:10F230000301916018684FF0B04141F288358A6847
:10F2400012F00C0F0ED13C490A6802F00702022AA4
:10F250000DD8E3F74FFF3A4B20601868E3F75CFFE7
:10F26000B0B1BCE71A68121AAA42E8D9B7E70A682F
:10F2700022F0070242F002020A6018680A6802F0EF
:10F280000702022AE5D01A68121A022AF6D9A6E75E
:10F290002C4B5A7F02F0FF0102B9197702225A77EC
:10F2A0001A79E2B91A6828495161916821F0180168
:10F2B000916059791A68002934D14FF0FF311161FA
:10F2C0009168586921F060010143916091689869E3
:10F2D00021F080010143916001225A7710E09C687F
:10F2E000E0070DD51F22013A03D324FA02F1C90722
:10F2F000F9D5D968102911D004D839B108290FD00F
:10F3000016B070BD1829FBD1062AF9D818684461D7
:10F31000826822F018020A438260CAE7072AF4E7EB
:10F320000F2AF2E71969CAE700ED00E00003FA05C9
:10F3300064000020000400580040005878030020BA
:10F3400060000020D0010020B71DC10430B5044684
:10F3500085B0FCF704F90025114B2360A022C4E915
:10F360003255294604F1280004F017FDA3686560B2
:10F3700004F11C05E3600B492846F9F7CEFD294648
:10F3800001A8F9F7C0FDA16901A8FCF7D2F8014670
:10F390002846F9F7A9FD01A8F9F76FFD05B030BDC2
:10F3A0000C820208C49B020808B5FDF7EBFC0023A1
:10F3B000C36008BD2DE98048DBB0AFF300800121B8
:10F3C000C820FDF7EBFD0121C820F9F79DFEE5F708
:10F3D0007BFFB8B903240121C820F9F795FE4FF44B
:10F3E0009670F9F709FF0021C820F9F78DFE4FF458
:10F3F0009670F9F701FF013CEDD14FF4FA60F9F78F
:10F40000FBFEE7E74FF42E6004F056FE814E044603
:10F410003146F9F7E0FD00257F4B8049C4F8A45A36
:10F42000C4F8A03AC4F8A86A84F8AC5A04F52B6072
:10F43000FCF7CAF87A4B236003F14C026833794E2B
:10F44000C4F8B03A0323C4F8A02A84F8843684F8B8
:10F45000DD5A84F898584FF4E130C6F8F440FBF7D1
:10F4600035FF2046EAF796FD1020D6F8F44004F068
:10F4700023FE00220023C0E900236B4B05721860B5
:10F4800004F52A64694B6A491B686A4D2046F9F7FE
:10F49000DEFCD6F8F400684B684A6949009300F531
:10F4A0002A60684BF9F7D3FCD6F8F400664900F5FA
:10F4B0002A60F9F7CCFC012004F0FEFD634B64499F
:10F4C000186006F14000F9F728FD624906F5A470BE
:10F4D000F9F723FDD5F8E0255F4B03EA822303F11A
:10F4E000FF6303F5F223B3F1006F40F2CA805B4C77
:10F4F0002379002B40F0C580A068002840F0B88038
:10F50000D5F8E055544FDFF82C81DFF8549107EA25
:10F51000852505F1FF6505F5F225D8F8E01507EA20
:10F52000812101F100639D42C0F0A78194F804801D
:10F53000B8F1000F03D000232371F9F721FAA06876
:10F54000FCF742FA0546002856D1E3685A6A01469C
:10F55000D208A06C04F021FCE2684248A563D2E91D
:10F56000083214A9C4E910539A4294BFE263E363DA
:10F57000F1F7E5FA00283DD13A482BA9F1F7DFFA77
:10F580000346002836D102462BA93648F2F700F987
:10F59000054600282ED1344B2C9F2D9A27614FF021
:10F5A0001009CDE90B93E3686261D9690F912F4986
:10F5B0001B6A086810934968CDF81C904FF001133E
:10F5C000119312ABCDE90D7203C33423CDE91D7243
:10F5D0001C930CAF2023CDE9097308932148012324
:10F5E00007AA14A9F2F7D4F8002800F050813430AB
:10F5F00000F04E81F9F7C4F92379002B41D1A068BE
:10F6000000283ED0FCF71EFAB0FA80F040092071C5
:10F6100037E000BF4007002050830208AE9C02087C
:10F62000104C0208545000203C3D0020780300207C
:10F63000BC9C02080070FF1FF59C02081590020890
:10F64000D99C02082E940208099D0208AC1D0020D6
:10F65000429D0208519D020800FCFF03483D002026
:10F66000007000F8543D00202E140008D69B0208BC
:10F67000FCF7E8F900280CBF0123002323717FF475
:10F680003FAF0A21BA48FDF72BFB602004F014FDC0
:10F690000446A046B749FBF797FFB74B48F8303B05
:10F6A0000023A363C4E90C88B44B04F13C0203F1CA
:10F6B000100718685968154603C50833BB422A4627
:10F6C000F7D118689B88AB80AD4B28601F686765D1
:10F6D0000025E56584F85850C6F8FC41FCF7EAFFC0
:10F6E00007F13801C0F8088002F0AFFB3B6C013332
:10F6F0003B64FCF7DFFF07F134094146C0F808908E
:10F7000002F0A3FBA36BD6F8FC019E4E0133A3636A
:10F7100003681B6A9847342004F0CEFC9A490160C4
:10F7200000F11003C0E90433C0E909550572C56052
:10F730008561C5830584C56280F830500446B022D7
:10F7400004312BA8C6F8845304F0CEFB8F48FBF796
:10F750006DF8002840F0CC800023039300238C49EF
:10F76000179314AACDE915330BA818231493FCF7AB
:10F7700049F80B9DDFF81C8215A805F2C675FCF749
:10F7800033FB834B8448CDF8008010222946FBF7D9
:10F79000F7FDD8F80030172B00F2C9802046E6F7B5
:10F7A00020FB6568A38BD5E9009B0A2B84BF0A2345
:10F7B000A38340F29C62ABEB0903934200F22981E0
:10F7C000AA6876489910A2EB0B0241439210C1F14E
:10F7D0000A014243914200F2B5805846E8F7FFFB28
:10F7E00068606F4B6F48009640F2146240F2E1612E
:10F7F000FBF7C6FD012803D1D6F88433172B2BD88D
:10F800002046E6F77BFB71682046E6F7D9FD18B382
:10F8100003790BB3644A00F10C0300F1340153F88F
:10F82000045B42F8045B8B42F9D1002386F88930EF
:10F83000426BC6F88A2086F88E3090F83A3086F807
:10F84000963090F85E3086F8BA3090F85F3086F8DF
:10F85000BB300420FCF798FB544D554B55480095A0
:10F860004FF4387240F2F221FBF78AFD012800F0D4
:10F87000DA800020FCF752FDDAE0A9EB010129440F
:10F880004D48C90AEFF7A0FB05F5006545E60125DF
:10F890002023CDE908370A934848CDF81C9001236E
:10F8A00007AA14A9F1F774FF28B134307FF4A2AE8F
:10F8B000002D3FF49FAE00230125404807AA14A95C
:10F8C000CDE90735F0F7FDFF00287FF493AEE3683C
:10F8D0001B6A6364F9F754F8B8F1000F3FF48CAE7B
:10F8E000A068FCF7AFF800287FF486AE2571C8E663
:10F8F0002E4D2F4B2F4800954FF4387240F2F221D5
:10F90000FBF73EFD01287FF427AF95F8F831002B77
:10F910003FF422AFB5F81C320393002B3FF41EAF27
:10F92000B02205F5FD712BA804F0DEFA16E708F108
:10F9300004036360D8E901239B1A184A9B105343C0
:10F94000A3832EE71E4A059328460491E8F716FB89
:10F95000DDE904138246002859D01A4A904235D96D
:10F96000194B984201D902F040FD02F03BFD00BF67
:10F97000C1940208619D02087C4B0208648302085E
:10F98000E01C00206409002084830208679D0208AF
:10F9900060810208181D0020DF9B0208CF467D67AA
:10F9A0001C820208F29B0208C60900208003002086
:10F9B00004700208069C020840020020543D00200A
:10F9C000779D0208414CAE0082985C01BC2000FB90
:10F9D0000AF0CDE9041304F06FFBDDE904130746D8
:10F9E000F818E8F7FCFA3A4659464846FAF7B8FFDD
:10F9F000B9F1000F02D0484604F066FB07F5EB634F
:10FA00006B60BC2303FB0A722F60AA60E9E607461D
:10FA1000E6E7B3F5EB6F7FF6E4AE09F5EB639B45E4
:10FA200018BF6B60DDE6D5F8F431172B7FF622AFF7
:10FA300095F8A43133B195F8A8311BB1C048012124
:10FA4000E8F71EFC039B4BB1BE48ADF8CE30B022A8
:10FA50002BA904F049FA0120FCF796FABA4FBB4BE8
:10FA6000BB4800974FF42E724FF44D71FBF788FCA2
:10FA7000012800F0A181FCF7E9FBDFF8D892B64B32
:10FA8000B648CDF800904FF41A7240F2CE21FBF741
:10FA900077FC012800F09681FAF7CCFCB04B00937C
:10FAA000B048B14B8C22CC21FBF76AFCD7F89031DF
:10FAB000162B37D81823C7F89031D7F84031B3F553
:10FAC000617F04BF0023C7F84031D7F84431B3F554
:10FAD000617F04BF0023C7F84431D7F84C31B3F538
:10FAE000617F04BF0023C7F84C31D7F85431B3F518
:10FAF000617F04BF0023C7F85431D7F8EC31B3F568
:10FB0000617F04BF0023C7F8EC31D7F82832B3F582
:10FB1000617F08BF00234FF0020008BFC7F82832FA
:10FB2000FCF732FA4FF0000AD1465746A28B9245B5
:10FB3000C0F24E81D8F80470A2EB09039BB24FF0DB
:10FB4000BC0A0AFB0377A383524600212BA804F0CA
:10FB500024F92BAA0AFB09713846E8F731FA40F27A
:10FB600014618248F5F7D8FD102107468048F5F763
:10FB7000D3FD4FF4387103907E48F5F7CDFD4FF477
:10FB80001A7104907348F5F7C7FD47F2F8530590D2
:10FB90002046F360E6F766F9FF2386F895302B7967
:10FBA00086F89730744B75481A689B88C6F88F2082
:10FBB00010218380724A73683D3804F02DFE95F859
:10FBC000F81161B901235F4885F8F831B02204F0DB
:10FBD000E4F86B7985F8A7326B7E85F8A63295F844
:10FBE000AA1249B90123674885F8AA32302204F0E5
:10FBF000D4F83C23C5F8D03296F89680B8F1000FBF
:10FC00001ED195F8B831DBB1B5F8FAB1DFF87891CB
:10FC1000BBF1200FD9F800A000F00781B5F81C3225
:10FC200084F81E80202B40F01D81D9F80000574A2F
:10FC30000368A2F12201DB689847002840F01A818E
:10FC400071682046E6F7CEFB514980466A222BA810
:10FC500004F04AF928222FA90DF1560004F0EBFE1A
:10FC6000052239A90DF17E0004F0E5FE3DAEDDF878
:10FC7000E900BDF8ED301490ADF854300FCE22AD50
:10FC80000FC596E80F0085E80F003C9B9DF8EFC07C
:10FC900021935A22BDF81431ADF8A83014A908F107
:10FCA00006008DF883C004F01FF90123394888F855
:10FCB0000430FAF7BBFD08B9FCF7AEF80020FBF7FB
:10FCC00009F8FBF771F8B8B32A4A1F4B1079D3F83B
:10FCD0004011D3F84421022800F0EE800B2800F0F8
:10FCE000EB8031B1B1F5E16F38BF4FF4E161C3F89A
:10FCF0004011D3F84C0122B1B2F5E16F38BF4FF497
:10FD0000E162D3F85411C3F8442120B1B0F5E16F9A
:10FD100038BF4FF4E160D3F85C21C3F84C010029EF
:10FD200040F0EF80C3F854114FF4E16112B18A4200
:10FD300038BF0A46C3F85C21064B1E7800252BE02D
:10FD4000280500207A050020D43D0020EC6F020831
:10FD50001A9C020838480020D46F02082E9C020822
:10FD600038010020C6960208686102086409002074
:10FD7000181D002080030020281D0020F30900200A
:10FD8000219102082C060020181000209E0500205A
:10FD9000B6090020DF9B0208E9B28E4240F2CE8015
:10FDA0000846FAF755FB90F83E301BB1036C002B68
:10FDB00040F0BE800135EFE7D7F89031172B3FF6C2
:10FDC0005CAE58E6D9F86432172B3FF667AE63E6AF
:10FDD0006368039351461846E6F7FDF902790AB3C2
:10FDE000838F63B1002200F13E0E93461EF80B1084
:10FDF00029B90132D2B293429346F7D88187BA45E6
:10FE00000CD051460398E6F7E6F939468346039845
:10FE1000E6F7E1F9BC22594604F066F801370AF129
:10FE2000010A83E609F10109F9E7DFF8F0E0BEE82D
:10FE30000F000DF1AC0CACE80F009EE80F008CE851
:10FE40000F00DAF8003050461B6ADFF8D4A05A469B
:10FE50002BA99847202251462BA803F074FFF0B934
:10FE60000123A377D9F800002E4A0368A2F12201EA
:10FE70009B6898472023A5F8FA31A5F81C32274D36
:10FE8000294AA6F8983005EB030C2B4603CB6345B3
:10FE9000106051601D4602F10802F6D1D0E608F16B
:10FEA0000108B8F1180F0AF1200AD3D10023A37773
:10FEB0001E4BB3F81C32B5E639B14AF6C000814298
:10FEC0002CBFC3F84011C3F84001D3F84C0122B154
:10FED0004AF6C0018A4238BF0A46D3F85411C3F823
:10FEE000442120B14AF6C002904238BF1046D3F8F0
:10FEF0005C21C3F84C0151B9C3F854114AF6C00152
:10FF000014E7B1F5E16F38BF4FF4E1610AE74AF653
:10FF1000C000814238BF0146EEE700BF7C050020EB
:10FF2000388402089E050020FE090020800300207E
:10FF30000846FAF717FF002841F0BD81CE4DCF4E9D
:10FF40006B69002BBCBF6FF000436B61AB6E002B85
:10FF5000BCBF6FF00043AB662B6F002BBCBF6FF0D4
:10FF600000432B676B6F002BBCBF6FF000436B67C8
:10FF7000AB6F002BBCBF6FF00043AB67EB6F002B88
:10FF8000BCBF6FF00043EB67D5F88030002BBCBFDF
:10FF90006FF00043C5F88030D5F88430002BBCBF2B
:10FFA0006FF00043C5F88430D5F88830002BBCBF13
:10FFB0006FF00043C5F88830D5F88C30002BBCBFFB
:10FFC0006FF00043C5F88C30D6F8EC31002BBCBF85
:10FFD0006FF00043C6F8EC31D6F84031002BBCBFBF
:10FFE0006FF00043C6F84031D6F84431002BBCBF57
:10FFF0006FF00043C6F84431D6F84C31002BBCBF3B
:020000040802F0
:100000006FF00043C6F84C31D6F85C31002BBCBF12
:100010006FF00043C6F85C3196F8CA3043B1D6F8A9
:10002000CC30B3F5616F3CBF4FF46163C6F8CC30A0
:10003000D6F8EC3123B1B3F5615F38BF4FF46153AB
:10004000C6F8EC318E4B93F896300BB102232B742B
:1000500095F89C318A48032B04BF002385F89C3116
:1000600040F2146104BF012385F8EC31F5F754FB2D
:1000700010213F1A834818BF0127F5F74DFB039B5A
:10008000BF0083424FF438717B4818BF47F0100718
:10009000F5F742FB049B4FF41A7183427A4818BF6C
:1000A00047F00107F5F738FB059B834295F86E3062
:1000B00018BF47F008072BB1012385F890300023C3
:1000C00085F86E302046DFF8C481E6F72DF9384612
:1000D000FBF75AFF6E4BD8F800701C60B7B9382098
:1000E00003F0EAFF38220446394603F056FE231D8A
:1000F000C4E90273C4E9043704F11C03C4E90873BA
:10010000C4E90A3727712777C8F80040D8F80000FB
:10011000E8F779FFA02003F0CFFF5E490446FBF724
:1001200053FA6423236341F2301003F0C5FF41F218
:1001300030120021606303F030FE0027564B23602D
:100140000820C4E91077C4E91277C4E91477C4E938
:100150001677A763E063F8F72EFF00F10C098046DD
:10016000A0634FF4007003F0A7FF00F50073C4E92B
:100170001503A3640423C4E91937C8F80C006064AC
:1001800020642065C4E91B77C4E91D77C4E91F77A3
:10019000C4F84C90C4F85C902466012003F08CFFF6
:1001A0003E4BC4F89070186004F19C03C4F884308E
:1001B0000123C4E922374FF07E53C4F89430384B02
:1001C0002360384B1C6095F89830C4E926772BB132
:1001D0002879062305220221EAF76EF9324C3349C9
:1001E000C4F8781200274FF001083A46434604F558
:1001F000007084F85D72A4F87C82F1F751FDFCF781
:1002000062FA234BDFF8A8A01B68DAF80090049389
:1002100003F1100BFCF74EFA09F13402C0F808B0F4
:1002200009F13801039201F010FED9F84010414461
:10023000C9F84010FCF73EFA039A8260594601F073
:1002400004FE049BDFF86CB09A6942449A614FF453
:10025000907003F031FF80228146C0F800B0C0E901
:100260002177C0E923773946043003F096FD202238
:100270003946C9E927771FE080030020D43D0020DC
:1002800064090020181D002038480020084E002076
:10029000141D0020919D0208004E0208D44A00203F
:1002A000AC670208341D00205450002000093D00B6
:1002B000D84A002040870208C9E92977C9E925778B
:1002C00009F1AC0003F069FD09F58473C9E9423313
:1002D00009F58A73C9E94533102389F8F630E34BF1
:1002E00089F80471C9E93F77C9E93377C9E93577F6
:1002F000C9E93777C9E93977C9E93B77C9F8107196
:10030000C9F81C71A9F8F470C9F8F8708020C3F816
:10031000009003F0D1FED6498146FBF755F9D54B45
:10032000C9F800304FF47A73C9F8303009F1380356
:10033000C9E90E33D04BD14AC9F83420C9E9123784
:10034000C9E91893CE4BC9F8502009F15401C9E905
:100350001511196889F82D7009F13400C9E91C7765
:10036000C9F84070C9F84490C9F85C70C9F8687061
:10037000A9F86C70C9F87870A9F87C7089F87E705B
:100380002831EFF7BBFEBF4B196809F15000283147
:10039000EFF7B4FE3C20C4F8809203F08DFEBA491A
:1003A0008146FCF727F90623A9F814300BF108035E
:1003B000C9F8183009F12003C9E90833B34BC9F86B
:1003C0000030A9F81C70C9F8287089F82C70C9F899
:1003D0002D70C9F83170C9F83870902003F06CFEA8
:1003E000AB498146FCF706F94E23A9F81430A94B16
:1003F000C9F8003009F1200BA74BC9F8183058464E
:10040000A649A9F81C70FBF7DFF8A54BC9F8003026
:100410003C333822C9F820303946C9E9147789F8C5
:100420004D7009F1580003F0B8FC89F8088058466F
:10043000E0F70BFA9B4B7420C3F8009003F03CFEEE
:1004400099498146FCF7D6F80423A9F81430974B54
:10045000C9F80030964BC9F8183009F120009549C9
:10046000A9F81C700390FBF7AFF8934B934AC9F8B7
:1004700000303C33C9F8203009F16003C9E9197331
:10048000C9E91B3713780398A9F8587003EB0801E2
:10049000117047F2305B43F6982101FB03B1C9E9C3
:1004A000147789F8607089F80880E4F7ADFD844B13
:1004B0002420C3F8009003F0FFFD82498146FCF739
:1004C00099F80823A9F8143009F11803C9E906338B
:1004D0007D4BC9F80030C9F82070F02003F0ECFD26
:1004E0007A498146FCF786F809F118034846C9E9BC
:1004F0000633774BA9F81480C822C9F82070394612
:1005000040F8243B03F049FC724BC9F8EC70A02082
:10051000C3F8009003F0D0FD6F498146FCF76AF8FC
:100520006E4AC9F800206E4AC9F81820462309F11E
:100530002002A9F81430C9E908226A49A9F81C70F8
:1005400009F12C00C9F82870FBF73EF8664AC9F893
:1005500000203C32C9F82C2042F21072C9E91A225C
:10056000624989F85970C9E91777C9F864B009F187
:100570007000F8F7A7FC5D4909F17C00F8F7A2FCD0
:100580004623A9F8143096F8E631C9F89070C9E905
:10059000227789F89470C9F8987089F89C7089F866
:1005A0000880C4F80C90002B00F0B28096F8E83177
:1005B000002B00F0AD807C2003F07EFD4C4981468D
:1005C000FCF718F84B4AC9F8002047234A4A4B4920
:1005D000A9F8143009F1200BC9F818205846A9F8D9
:1005E0001C70FAF7F1FF464AC9F800203C32C9F8FE
:1005F000202009F15402C9E91522424ADAF8001014
:10060000C9F85020404AC9F85C704723A9F8143053
:10061000C9E91927C9E91B77C9E91D77C9F86090AD
:10062000283109F15000EFF769FD96F8E831002B09
:1006300000F067862B79D6F8EC2189F80880022B28
:1006400000F058860B2B4AF6C00318BF4FF46163C5
:100650004FF47A71002A00F0518651435846E4F76E
:10066000D3FC2A4BC3F8009052E000BF301D00209D
:10067000989D02089072020841DA0008647202082C
:10068000DC4A0020E01C0020A89D02084C680208FB
:10069000AE9D0208AC690208FC670208BB9D020817
:1006A00024710208C04A0020C79D02080C75020888
:1006B0003C5D0208D09D0208A8740208B04A0020E0
:1006C000A44A0020D99D020860740208C89F02084D
:1006D00030740208FC1C0020E29D0208FC7702082E
:1006E00088740208ED9D0208987702084B9B020867
:1006F000F89D02081C73020870720208059E020829
:10070000B872020850720208F7D90008B44A0020F3
:1007100096F8FA31DFF8F882EBB196F8FC31D3B1F4
:10072000502003F0C9FCBB490746FBF763FF0A23CF
:10073000BB82B949C7F8008007F11800FAF744FFF7
:10074000B64B3B603433BB61012387F8453000234F
:10075000BB6487F84C30A02003F0AEFCB0490746DC
:10076000FBF748FFAF4BBB61AF4B3B604FF0000A5C
:1007700000230022C7E90823C7E90AAAA7F81CA09A
:10078000C7F830A087F834A02022514607F1350081
:1007900003F003FB2022514607F1550003F0FDFA58
:1007A0002822514607F1750003F0F7FA0C23BB82AB
:1007B000802003F081FC9D490746FAF705FF9B491D
:1007C00007F13000FBF716FF4323A7F84430984B9E
:1007D000BB64984B3B6034333B6307F15403C7E978
:1007E0001533954B3B65954B7B664FF060094EF694
:1007F0006023C7E91A93924BDFF84892A7F84CA000
:10080000C7E91C3AD9F80030FB678F4BC7F85CA0EA
:1008100019683F66283107F15000C7F878A0EFF754
:100820006DFC8A4A1378591C117047F2305243F616
:10083000982101FB03213846E4F7E6FB96F8D8300F
:1008400053B396F8DC303BB395F89C31032B23D09F
:100850004FF4336003F030FC7D490546F8F7BBFBED
:100860007C4905F52A60FAF7AFFE7B4B2B604033DD
:10087000C5F8A03A012385F8CD3AD9F80030C5F87B
:10088000D03AC5F8D4AA5622514605F6D82003F02E
:1008900084FA032385F88436702003F00DFC0546A6
:1008A0006E49FBF7A7FE05F11807C5F800804FF069
:1008B00001086B49A5F814803846FAF785FE694BA4
:1008C000694A2B603433AB61AA6405F14C03674A73
:1008D000AD65C5E913330023C5E91723C5E9193808
:1008E0006B65A5F86C3096F8F830002B00F00E859B
:1008F0005F4F604B60480097E722E921FAF740FD1F
:10090000404504D05D49E722384604F094F8D6F813
:100910000001686610B10121FCF740FB0022284667
:100920001146ECF76FFD564F96F808014FF000089E
:10093000C7F8008048B10121FCF730FB4246012195
:100940002846ECF75FFDC7F8048096F8090190B1DE
:100950004C4B93F85D3003F0FD03012B0BD096F860
:10096000076146B90121FCF719FB324602212846EE
:10097000ECF748FDBE60202003F09EFB424905468F
:10098000FBF738FE0523AB82404BAB610023AB8302
:100990003F4B2B603F4B1D603F4B1B689A7F0126EE
:1009A0002E72AE72D2B1DF7FC7B93C48E4F78EFC3D
:1009B0001E230546037339460220E4F745FB3849F8
:1009C000A86005F10D0003F087FA364B186803683C
:1009D00029465B689847304B1B68DE7700252C2042
:1009E000149503F069FB0123C0E9023503614FF060
:1009F00004080323C0E90583D4F8843245600BB9A9
:100A0000C4F88402284BC361284B036200264FE0E0
:100A10001C680208129E02081C9E0208F468020864
:100A20002C9E0208C86D0208887102083C9E0208CC
:100A3000307602088C7302083C720208B1D90008B3
:100A4000A0BB0D0078030020D84A0020B04A002047
:100A5000104E00204C9E0208D0750208539E0208DA
:100A60006E9E020850690208C07102089DD40008F9
:100A700090400020E4670208BE920208839E0208AC
:100A8000C84A002080030020EB9E02081C81020857
:100A9000907B0208383D0020141D0020201100200A
:100AA00066A00208301D00205452002000093D00BD
:100AB000D04B03604FF00108A0F8248080F8286034
:100AC0004FF4407003F0F8FA0346CB4A43F8082B82
:100AD000CA4A0661C0E90233C94B4360C0E9062631
:100AE000036200F12402C363C64B4061C0E90922DE
:100AF000C54AC662C0E91436C44BC365C0E90D26B9
:100B0000C34B036600F140024FF00409C0E9102214
:100B100000638664C06480F8586080F8649005467D
:100B2000E7F798FD4FF0A50E41F29413C5E91CE3D9
:100B300040F603031027A5F878301123B549A866BD
:100B4000A5F86C7085F8883105F5CA70C5E91F668F
:100B5000FAF73AFD42F60133A5F8D831AE4BC5F8A5
:100B6000DC31C5E97167C5E97366C5F8D4612C202D
:100B700003F0A2FA03238361D4F88432C0F81490FE
:100B8000C0E90168C0E9036807460BB9C4F88402EC
:100B9000DFF888E2A24BFB610EF16009A14B3B62DA
:100BA000B9E80F0005F5F27CACE80F0099E8070002
:100BB0001F238CE807001D22C5E980230EF17C0A63
:100BC0004FF020091E23C5E98293BAE80F0005F50E
:100BD000047CACE80F0000264FF00108DAF8003082
:100BE000C7F800E087F82860A7F82480CCF8003028
:100BF00005F51573C5F828328B4BC5F848328B4B79
:100C00008B491D608B4BC5F84C320023C5F8503220
:100C1000C5F89432C5F8A832C5F8C432864BC5F879
:100C20002462032285F89822C5E98C66C5E98E66A0
:100C3000C5E9AC66C5F8E07185F82C62A5F840629C
:100C4000C5F8446285F89062C5F8A06285F8A46290
:100C5000A5F8A662C5F8B862A5F8BC6285F8BE62C0
:100C6000A5F8C062C5F8C86285F8CC62C5F8D06244
:100C700085F8AC8285F8D462C5E9B7136F4BC5F827
:100C80005832FF23C5F85C3205F5F073C5F89C3285
:100C900002200423C5E99903C5E9B966C5E9BC6624
:100CA000C5F8D862A5F8EC62C5F8F862A5F88862C4
:100CB00085F88A6210230826C5E99B6340278023B4
:100CC0004FF4807CC5E99E734FF40073C5E9A0C35F
:100CD0005B4BC5F88C320EF19803C5F85432594B72
:100CE0002B6084332946C5F8943114A8C5F8608276
:100CF000C5F87492E4F7F8FA149803685B6A9847A9
:100D0000014610B914A8E4F7EFFADFF83CA1149EED
:100D10009AF8B8310D2B16D1AEB133683046DB6886
:100D2000984780B98AF8B8010120FBF72DF933689C
:100D300030469B6A984730B9444B454A1B6803F5D7
:100D40009C53083313604FF4D47003F0B5F9414954
:100D50000546FAF739FC28463F4B40F8303B18224D
:100D6000002103F01AF8F022002105F1480003F0F9
:100D700014F80123A5F8383141F628130027A5F807
:100D80004031322385F8423185F83A71C5F83C711B
:100D90006422394605F5A27002F0FFFF2F4B1D605B
:100DA00056B12F4B14991868149768302B97E4F7B5
:100DB0009BFA2BA8FBF781FC2A4E2B4DD6F8EC3082
:100DC000DFF8A8902A489AF804B01C22534303F194
:100DD0000C018A1975500021C2E902113344C2F88E
:100DE0000490106140F6B83219625A62D6F8EC30BD
:100DF00040E000BF68870208885102080F6C0008B5
:100E0000EC6302081B6C0008FF6B00080000FA424C
:100E100009050002F39E02080000C842D0870208BC
:100E2000C01800200024F400FB9E02088C40002023
:100E30000106031200000C43AD101B000024743F98
:100E4000099F0208FC660208800300207803002046
:100E5000D03D0020109F0208F0650208AC1B002066
:100E6000341D0020CC1B0020DC520020C01C0020C0
:100E7000189F02080133A5F5BE77A5F5B678C6F828
:100E8000EC300222CF4BA5F5B67105F11000F7F753
:100E9000A4FDBBF1020F14BF41463946CA4B0422E0
:100EA00005F11000F7F799FDC84B04223946384682
:100EB000F7F793FDC64B012205F1200105F1100063
:100EC000F7F78BFDC24B012205F120013846F7F7F9
:100ED00084FD4946BE4B01224046F7F77EFD494658
:100EE0004846BB4B0122F7F778FD05F12001084683
:100EF000B74B0122F7F771FDB649B54B0846012201
:100F0000F7F76BFDB44B0A2205F130012846F7F7DD
:100F100064FDB14B0A2205F1300105F11000F7F72D
:100F20005CFDAD4B0A2205F130013846F7F755FD5F
:100F3000A94B0A2205F130014046F7F74EFDA64BBA
:100F40000A2205F1300105F12000F7F746FDA24B1A
:100F5000A0480A2205F13001F7F73FFD9F4B102210
:100F600005F140012846F7F738FD1022A8189B4BE1
:100F700005F14001F7F731FD984B102205F14001D2
:100F80003846F7F72AFD954B102205F140014046FF
:100F9000F7F723FD914B102205F1400105F12000E8
:100FA000F7F71BFD8D4B8B48102205F14001F7F739
:100FB00014FD8B4B112205F1200105F11000F7F70C
:100FC0000CFD874B112205F120013846F7F705FD8E
:100FD000834B112205F120014046F7F7FEFC05F195
:100FE000200108467E4B1122F7F7F7FC4946484698
:100FF0007B4B1122F7F7F1FC7A4B072205F1200118
:101000004046F7F7EAFC05F12001764B0722084637
:10101000F7F7E3FCBBF1020F05F120091ED0724B7C
:10102000042241463846F7F7D8FC704B0522494662
:1010300005F11000F7F7D1FC6C4B05224946384604
:10104000F7F7CBFC694B052249464046F7F7C5FC4C
:10105000664B052249464846F7F7BFFC644B5D499D
:1010600064480B22F7F7B9FC614B5A4962480B22DE
:10107000F7F7B3FC5E4B574960480B22F7F7ADFC1E
:101080005B4B54495E480B22F7F7A7FC584B51497C
:101090005C480B22F7F7A1FC5B4B5A4955480D22DF
:1010A000F7F79BFC584B574953480D22F7F795FC2F
:1010B000554B544951480D22F7F78FFC524B51497B
:1010C0004F480D22F7F789FC504B4D494D480E22F1
:1010D000F7F783FC4E4B4A493E480C22F7F77DFC5C
:1010E00046494C4B08460922F7F777FC9AF804006A
:1010F000DAF88C11022800F00E810B2814BF4FF48F
:10110000167301234FF47A7C002900F006810CFB52
:1011100001FCD6F8EC20404F1C235A4302F10C0589
:1011200006EB050E4FF0000846F80590CEE9028860
:10113000324DCEF80450CEF810703244C2E9088C1B
:10114000D6F8EC20013253430C330228C6F8EC20C9
:1011500006EB030C00F0E4800B2814BF4FF4167864
:101160004FF001084FF47A7E002900F0DC800EFB7E
:1011700001FEDFF8908046F80380274BCCF8103052
:101180004FF00008CCE90288CCF80450DFF88CC09E
:101190001C2303FB02C2C2E9088EDCF8EC200132FA
:1011A00003FB02FE0EF10C030228CCF8EC2003EB4B
:1011B0000C0E00F0BB800B2814BF4FF416784FF0D4
:1011C00001082DE0259F0208309F0208559F020864
:1011D000799F0208D01C00207F9F0208869F02088A
:1011E0008F9F02089C9F0208AE9F0208BF9F0208C3
:1011F000CD9F0208EC520020605100207051002069
:10120000FC520020C01C0020D89F0208E69F020864
:10121000F99F02080BA002081EA00208CC1B0020A8
:101220004FF47A70002900F08480484300214CF884
:101230000350CEE902111C23CEF80450CEF81070F2
:1012400003FB0263C3E90810D6F8EC30DFF8308204
:101250000133C6F8EC30F9F7B7FA302002F02CFF72
:1012600088490546FAF7B0F9874B2B60874B186819
:10127000FBF7D4FA14A8FBF720FA4FF000094FF05F
:10128000000388F80030824B824E1B68002B53D03D
:101290003268934250D28048F9F7F4FABFF34F8F87
:1012A0007E497F4BCA6802F4E0621343CB60BFF310
:1012B0004F8F00BFFDE77B4B1A79022A17D00B2A0C
:1012C0004AF6C00118BF4FF461619A6E12B18A42AA
:1012D00038BF0A469A66D3F8882022B1B2F5967FC5
:1012E00038BF4FF49672C3F88820FEF727BE4AF63F
:1012F000C001EAE74AF6C003FFF7AAB95943FFF76E
:10130000ADB95846DFF7A1FAFFF7ABB93846DFF7BA
:101310009CFAFFF730BB0123F4E60CFB03FCF8E674
:101320004FF001081EE70EFB08FE22E74FF0010810
:1013300076E700FB08F079E75B4B1A683AB1316851
:101340008A4204D200221F201A60FAF71DFE574B72
:101350001868F0B13368D4F8E4229B1AB3F57A7FA9
:1013600007D33368C4F8E43290F82C320BB1E7F7B6
:1013700033FBD4F8E82233689B1A4EF65F2293427F
:1013800007D93368C4F8E832484B186803681B6D06
:101390009847474B1D6895F8F57087B9454B2BA8C2
:1013A0001968E7F723FC9DF8AD2095F8F5309A42CF
:1013B00005D03B463A462BA92846FBF747F8D5E926
:1013C0003F138B4208D005F58470E4F7AAF918B9E9
:1013D000D5F8FC30C5F80031636B03B19847364F40
:1013E00033680393C4F8F09007F1A00B6FF0004648
:1013F0004FF0000AD4F8EC20524516DD57F8045F90
:101400008DB12A68039952682846904700280AF14E
:10141000010A2CDC2A682846926890476A7D12B936
:10142000C4F8F05016465F45E4D12448E3F7CAFDFE
:1014300098F8003033B9E3F747FF18B116B13046DA
:10144000F7F7DAFE1E4B2BB11E48F7F751F908B13A
:10145000AFF300801C4B002B3FF411AF1B48F7F794
:1014600047F900283FF409AFAFF3008005E7B04229
:10147000D9DA6A7D002AD6D1C4F8F0500646D2E700
:10148000B41B002030A00208C8650208141D00200B
:10149000D03D0020780300202C53002000ED00E018
:1014A0000400FA05800300207C0300208C4000200B
:1014B000301D0020341D00209C500020785000205A
:1014C00000000000104E0020000000004007002037
:1014D0002DE9F84FD64BDFF85CB3DFF85C93D74CBF
:1014E0000122C3E91EB218466422002102F055FC15
:1014F0004FF0FF35D24A4266C0E91A55C0E91C5583
:101500008030FBF775FCCF4B16261720C3E97D60B2
:1015100003F1110000274FF47A7A09F6DC02C3F8D0
:10152000080203F21110A3F81472C3E9017AC3E9A7
:101530008307A3F81672C3E97F551A60C24B1A607D
:1015400003F111024FF00208C3F80822032103F24D
:101550001112C3E9017AC3E97D81C3E98327A3F8A6
:101560001472C3E97F55A3F81672B84B4FF40052BA
:10157000C3E92027B64AC3F88820A3F89C70B54B6E
:10158000C4E9BB77C4E9BD77C4E9BF771F705F705A
:10159000B14BC4F878B20820C3E900074FF0010B43
:1015A0003946682204F50070C4F87CB2C3E90277BA
:1015B0001F8202F0F2FB06220723C4E99A2304F5F6
:1015C000727009F60813C4F80433C4E99CB5C4E981
:1015D000C27AFBF70DFC04F57670FBF709FC9C233F
:1015E0001A46394604F54B7002F0D7FB9B4DC4F800
:1015F00020734FF0090B0A22C4E9E22B19222A6159
:1016000009F1B002C5E9077AAA61DFF854A2A4F88B
:1016100024733946802205F59C70C4F81473A4F82D
:101620001873C5E90C77AF60AF81AF73AF82C5F8AF
:1016300028A085F82C7085F8387085F83771C5E9D1
:10164000005502F0AAFB3946882205F5DC7002F04D
:10165000A4FB844AC4F8E0729760C2E90022824A7F
:10166000824D9760C2E9002204F53672C4E9B622C1
:10167000394644220AF10C0002F08FFB7C4A7D4877
:10168000CAF808207C4ACAF8002009F63412C4E9D6
:10169000FA27021F8AF80470FBF774FB1561774D77
:1016A000D5605260764A774D40F8042C764A284639
:1016B000C2E90177D7602A1FFBF764FB734810610A
:1016C0007348D0605260734A45F8042C05F110004D
:1016D00039464FF4FB5202F060FB4FF0100A05F55B
:1016E000FB5052463946504402F057FB6A486B4A59
:1016F000051FFBF747FB2A61694AEA604FF02009A2
:10170000684A40F8042C39464A4650446D6002F05D
:1017100044FB65486F63051F644AFBF733FB2A618E
:10172000634AEA60634A40F8042C39464FF4F06299
:1017300014306D6002F031FB9C231846C5F8987791
:1017400002F0BAFC5C4B05464A4640F8043B394679
:1017500002F023FB6F625246394605F1280002F081
:101760001CFB3946212205F1380002F016FB4A46DF
:10177000394605F1590002F010FB4A46394605F199
:10178000790002F00AFB4D484D4B20F8027B52468F
:1017900039461D6002F001FB5C2002F08DFCFBF776
:1017A0001FF80346474A43F8382BC0E90E33464B2F
:1017B0004363464B0764C0E912374FF40073A0F847
:1017C000583001234362424B80F8508018604765CF
:1017D00080F85A804064CC2002F06EFCFBF700F8E1
:1017E00003463C4A43F8382BC0E90E333A4B436377
:1017F0003A4B07640546C0E9123774223946A0F80F
:10180000507080F852704064543002F0C6FAC5F847
:10181000C870C5F82480582002F04EFCFAF7E0FFAB
:1018200003462F4A43F8382BC0E90E335AE000BF75
:10183000C018002000093D008C8002085450002090
:1018400000000158104E002040070020780F0020B3
:1018500080EE3600505000203C500020D444002040
:10186000483D002018470020244700200F6D000845
:1018700040020020EC1C0020807B0208DF7500087D
:10188000DC710208B41D0020181D00204909000861
:1018900053090008A06302089C3D0020730900085A
:1018A0007D090008B8630208241100207F090008A0
:1018B00089090008D0630208EC4C0208001D0020D2
:1018C00018100020CC4B0208DC4B0208DD0B00088E
:1018D000E01C0020F04B0208A0650208950C0008EF
:1018E000004C02088E4B43638E4B0764C0E91237ED
:1018F0008D4B0765032141621860A0F8547080F891
:10190000567040646C2002F0D7FBFAF769FF03467B
:10191000864A43F8382BC0E90E33854B4363854B29
:1019200094F8F0230764C0E9123700F15C03C0E9C2
:10193000153704234362804B07651860B4F8F03311
:10194000A4F8F83094F8F13384F8F43380F85C703C
:1019500004F20C43406404F1240084F8F323C4F837
:10196000043484F8F273C4F80074C4F8087484F87A
:101970000C74C4F81C7484F8F07384F8F173C4E92F
:10198000FE77FDF7E3FC04F59670FDF7DFFC6B4B8B
:101990006B4AC4F8D072C4E9B2376A4BC4F8D43287
:1019A000694BC4F82034694BC4F82C34C4E9B073D3
:1019B000674BC4F89832674BC4F89C32664BC4F846
:1019C000A032664BC4F8A432654BC4F82474C4E951
:1019D0004337644BC4F81831634BC4F82874C4E926
:1019E0004737624BC4F82831C4E9AE27604B614ADF
:1019F000C4F89072C3E900275F4A9A605F4ADA60D0
:101A00005F4BC4F81471C4E9A2375E4BC4F894323A
:101A10005D4BC4F82471C4F8A8325C4B5C4AC4E93D
:101A2000AB375C4BC4F8B4325B4B1A605B4A5A600C
:101A30005B4A9A605B4ADA605B4A5C4B104604F58D
:101A40002274C3E900479F60C3F8EC7083F8F0701C
:101A50004FF0060300F8043BFDF7A6FC4FF0070328
:101A600002F118001375FDF79FFC4FF0080302F117
:101A70002C0082F82830FDF797FC02F1400082F834
:101A80003CB0FDF791FC4FF00A0302F1540082F8DC
:101A90005030FDF789FC02F1680082F86460FDF7C0
:101AA00083FC02F17C0082F87860FDF77DFC02F196
:101AB000900082F88C60FDF777FC02F1A40082F8B8
:101AC000A060FDF771FC02F1B800292182F8B46032
:101AD000FDF76AFC02F1CC0082F8C810FDF764FC47
:101AE00002F1E00082F8DC10FDF75EFC02F1F40088
:101AF00082F8F010FDF758FC02F5847082F80411AA
:101B0000FDF752FC02F58E7082F81811FDF74CFCBF
:101B100082F82C11BDE8F84F02F59870FDF744BC2F
:101B20008C6502084D0C0008D84A0020DC4C0208E5
:101B3000B4650208F7510008DC4A0020930600084B
:101B40006553000839A002085D53000842A002084E
:101B5000A1060008A5060008A706000846A002087E
:101B6000A906000849A00208AD0600084CA002081A
:101B7000D01C0020AF060008B106000851A00208E2
:101B8000B706000858A00208B5060008410D000875
:101B9000AB0600085DA00208C01C0020A3060008D8
:101BA000B306000860A0020850190020CC1B0020DA
:101BB00070B5744CA4F5A075143C201DE1F7BEFE71
:101BC000AC42F9D1704B714C586802F07DFA04F5C3
:101BD000A470F7F752F904F14000F7F74EF9D4F882
:101BE0001C04002840F09C80694800F0F9FFD4E90B
:101BF000FE56AE4240F09980D4F8F80308B102F0E6
:101C000063FA6448644DE1F7A2FE6448E1F7B3FE6D
:101C10006348E1F7C4FE6348FAF7E6F86248E5F77F
:101C2000E0FC6248E3F7D6FB6148E3F7D3FB614889
:101C3000E3F7D0FB2868A8427CD15F4B94F990036E
:101C4000C4F80433E0F732FC94F99103E0F72EFC7A
:101C5000D4F83023D4F88C03242384F87133136828
:101C600023F00103136003210023C4F8743384F8C4
:101C7000703384F87133C4F8603384F87233E2F758
:101C800091F8D4F888030321E2F78CF8D4F82C33C8
:101C90004A4A934253D14FF0B0439A6B42F4001238
:101CA0009A639A6B22F400129A639A6D22F40012DE
:101CB0009A65D4F8200320B102F006FA0023C4F894
:101CC0002033D4F814030025A4F8245318B102F0EB
:101CD000FBF9C4F8145300233948A4F81833E1F78A
:101CE0002DFE3848E1F72AFED4F8F80208B102F0D8
:101CF000EBF9D4F8FC0208B102F0E6F9D4F80003DD
:101D000008B102F0E1F930484021F6F769FA2F48AE
:101D10004021F6F765FABDE870402D48E1F70EBEA8
:101D2000056802F0D1F928465BE7284600F058FF25
:101D300018355EE7066802F0C7F930467BE7254AAA
:101D400093420DD14FF0B0439A6B42F480029A63F4
:101D50009A6B22F480029A639A6D22F48002A7E7BC
:101D60001D4A9342A5D14FF0B0439A6B42F4000252
:101D70009A639A6B22F400029A639A6D22F400022D
:101D800096E700BF901A0020CC1B00205450002082
:101D90005854002020110020D4440020983D0020F9
:101DA000B01D00201C1D0020E81C00202C5300202A
:101DB000244700201847002094890208005400405E
:101DC0002C5400201C540020780F0020B80F002055
:101DD0004019002000580040005C00400D48854636
:101DE000E2F78AF80C480D490D4A002302E0D45866
:101DF000C4500433C4188C42F9D30A4A0A4C002355
:101E000001E013600432A242FBD302F037F8FDF781
:101E1000D1FAFEE700000120000000207803002036
:101E200018AB02087803002068580020FEE79042B3
:101E300010B509D054684B6820601A604368196077
:101E40004460486850604B6010BD4B68016043605F
:101E50001860486070474268511E012A416002D1F3
:101E600003685B681847704738B543680446B3B9E0
:101E70006068B0B9E36813BBE06810BB23691BBBA3
:101E8000206958BB204638BD52F8250008B1FFF73D
:101E9000E2FF0135D4E90123AB42F5D8E8E700259C
:101EA000F8E7E1F7C9FEE5E752F8250008B1FFF7CA
:101EB000D2FF0135D4E90232AB42F5D8DCE7002588
:101EC000F8E7E1F7B9FED9E700252369585908B1C9
:101ED000E1F7B2FE0435182DF7D1D1E7E1F7ACFEFA
:101EE000D0E703685A1E012B10B50446026006D1E4
:101EF000FFF7BAFF2046BDE81040E1F79BBE10BDDA
:101F0000054B10B51B6804460068984201D0FFF7E6
:101F1000E8FF204610BD00BFA0540020C3689A68A7
:101F2000C26010B502B1506042685A600C688442C9
:101F300003D10B609860436010BD916881420CBF73
:101F40009360D360F6E78368DA68826010B502B107
:101F5000506042685A600C68844203D10B60D860BC
:101F6000436010BDD16881420CBFD3609360F6E737
:101F7000C36823B118469B68002BFBD170474368A8
:101F8000DA68824204D0C268934218BF184670478C
:101F900018465B68F4E7027803462AB9426852683B
:101FA000824201D1D06870479A6822B11046D26847
:101FB000002AFBD17047586882689A4200D0704767
:101FC00003464068F8E7FFF7D3BFFFF7E4BF2DE90A
:101FD000F8431D461F1D0023C1E902330C464A6029
:101FE0000B70A0B19542916002D16960EC6003E092
:101FF000AB68934208BFA9604FF000094FF0010899
:102000006B68A34232D101221A70BDE8F883D16017
:10201000EB689342F0D1E9E7C368A34203D13946A4
:10202000FFF77CFF04466368394683F8008030463A
:1020300086F80090FFF787FFE2E733B11A7822B9FC
:1020400080F8008083F8008021E08368A34203D1F8
:102050003946FFF778FF04466368394683F8008005
:10206000304686F80090FFF759FFC9E760680278AC
:10207000002AC8D14668B3688342DED1F268002ADC
:10208000CAD011780029C7D101211970117086F8C2
:1020900000903446B4E72DE9F8430F46D0E9021228
:1020A0000546002938D01AB944680E46746037E0F6
:1020B0001046034680680028FBD1AB42DE682CD076
:1020C0009A424B6099601ED05C6806B17460596892
:1020D0008E60DA60EA6853607A68AA4215D17B6044
:1020E0006A6829785A601A7819702A702B783BB17F
:1020F0007B68B34207F104087ED1002E40F0A18036
:102100002846BDE8F8831C46E6E76A689168A9425C
:102110000CBF9360D360E3E716466C68002EC5D110
:102120007B68AB420FD17E60BB68AB4203D1EB68EA
:1021300083B96B68BB60FB68AB42D7D1AB6883B92E
:102140006B68FB60D2E76B689A68AA420CBF9E601E
:10215000DE60E9E733461A469B68002BFBD1BA6084
:10216000E9E733461A46DB68002BFBD1FA60BDE78E
:1021700013B11B78012B07D10123137000230370C7
:102180004146FFF7E0FEE06823780370C368012250
:10219000227003B11A7041462046FFF7BFFEACE73C
:1021A00003783BB901220270414620462370FFF7B5
:1021B000CAFEA068D0E9023212B11178012903D118
:1021C000A3B31978012931D013B11B78012B07D1A2
:1021D00001231370002303704146FFF79FFEA068A0
:1021E0002378037083680122227003B11A7041467C
:1021F0002046FFF7A8FE80E706BBA068B042A146D4
:10220000CED1E06803783BB90122027041462046F6
:102210002370FFF783FEE068D0E9022312B1117842
:102220000129A5D113B119780129A1D10023037087
:102230007B68646899454E463FF45FAF3378012B65
:10224000DBD0012333705BE7012A30B403D10B7874
:10225000037030BC7047002AFBD030BC01F044BE94
:1022600008B5521AFFF7F0FF08BD0000044B984272
:1022700004D000238360016008440373704700BFEB
:10228000A4540020134A904210B5044602D91248C3
:1022900000F0B1F8884207D804F10D00E1F7C6FC60
:1022A00000224460826010BD4B00984238BF1C463B
:1022B00004F11D03B3F5805F04F10D00EED98C42EB
:1022C000ECD904F58054C3F30B03E41A944228BFFD
:1022D0001446E1E7FCFFFF3F96A00208184B1A687E
:1022E000D1075CBF01221A60164B1A68D2075CBF87
:1022F00001221A60144B1A68D0075CBF01221A60D1
:10230000124B1A68D1075CBF01221A60104B1A6881
:10231000D2075CBF01221A600E4B1A68D0075CBF5F
:1023200001221A600C4B1A68D1075CBF01221A60A7
:102330000A4B1A68D2075CBF01221A60704700BFBF
:10234000D0540020CC540020C8540020C454002095
:10235000C0540020BC540020B8540020B4540020C5
:10236000184B1A68D1075CBF01221A60164B1A6815
:10237000D2075CBF01221A60144B1A68D0075CBFF9
:1023800001221A60124B1A68D1075CBF01221A6041
:10239000104B1A68D2075CBF01221A600E4B1A68F4
:1023A000D0075CBF01221A600C4B1A68D1075CBFD2
:1023B00001221A600A4B1A68D2075CBF01221A6018
:1023C000704700BFF0540020EC540020E854002077
:1023D000E4540020E0540020DC540020D8540020B5
:1023E000D454002008B501F079FB08B501F076FB64
:1023F00008B501F073FB08B501F070FB0FB408B528
:1024000001F06CFB08B501F069FB00000D29F8B57F
:1024100005462BD891B31A4B5C5C2046FBF76AF952
:10242000064628680F46FBF777F902460B4630460A
:102430003946FBF7C9F901F023FAFBF75FFC686046
:102440002046F8BD581002EB800452F820608E42FE
:102450000FD21B1A221D013B002BF3DC094B146821
:102460009A4208D02046FBF735F9D9E7064AF92306
:10247000F2E70346F0E74FF0FF30E0E70124DFE743
:10248000AEA00208B8A40208D4A002082DE9F347C0
:1024900092460A9A03EB02084B68984504460D469B
:1024A00043D923B9B8F10B0F38BF4FF00B08286898
:1024B000FBF732F906460F464046FBF70BF932466A
:1024C0003B46FBF7ABFA804650468946FBF702F9DC
:1024D00002460B46CDE9002342464B46FBF7F0FB94
:1024E000C0B14046494601F0CBF9124B0022FAF741
:1024F000B5FFFBF703FC4FEA4A01814238BF0146B2
:102500002846FFF783FF012323706060204602B056
:10251000BDE8F087DDE9002330463946FBF754F982
:1025200001F0AEF9FBF7EAFB68600023C4E9003371
:10253000ECE700BF0000F03F244B1A68D0075CBFF7
:1025400001221A60224B1A68D1075CBF01221A606F
:10255000204B1A68D2075CBF01221A601E4B1A6812
:10256000D0075CBF01221A601C4B1A68D1075CBF00
:1025700001221A601A4B1A68D2075CBF01221A6046
:10258000184B1A68D0075CBF01221A60164B1A68F4
:10259000D1075CBF01221A60144B1A68D2075CBFD6
:1025A00001221A60124B1A68D0075CBF01221A6020
:1025B000104B1A68D1075CBF01221A600E4B1A68D3
:1025C000D2075CBF01221A60704700BF205500206F
:1025D0001C550020185500201455002010550020CF
:1025E0000C550020085500200455002000550020FF
:1025F000FC540020F8540020F45400200246084601
:10260000D2E901138B4230B515D9451C0FD013F810
:10261000015C146AC1B28D4202D1013B936030BDAE
:10262000E40608D55C1E946003F8011CF7E7013B43
:1026300093600020F3E74FF0FF30F0E743694BB1C0
:10264000C2680AB19A4205D2026AC360120758BF33
:10265000C0E901337047036A1B0710B5044605D56E
:10266000FFF7ECFFD4E90230C01A10BD4FF0FF3085
:10267000FBE7036A1B0710B5044602D44FF0FF3096
:1026800010BDFFF7DBFFD4E902329342F6D218788F
:10269000F6E7000070B5DDE90434C0E9041109492A
:1026A00082616FF00045B3F1004F74F1000642699A
:1026B00002DA1A44426170BD2A445B18426164F137
:1026C0000004F0E7010000802DE9F04F0D4685B0D1
:1026D00014461E464FF0FF324FF0FF33C0E900238F
:1026E000DDE90E710023C0E902332B6A0B408046FE
:1026F000C3F3001B03F0100013F008034FEAD102EC
:1027000013D182F0010202EA0B0B0293D5F810906C
:10271000B9F1000F02D154EA060319D1BBF1000F41
:1027200001D1029BA3B1002219E0A8B17B1E18BF02
:102730000123029382F00102CB0602EA0B0BE5D4DF
:10274000D5F80490B9F1000F08D154EA060305D07A
:10275000404605B0BDE8F08F0290EBE70122284625
:102760000392FFF76BFF012F039A27D1AB686F69C4
:10277000A3EB09031919A7EB090746EBE37317EB62
:10278000040A46EBE7770C461E468ABB029B03BB56
:10279000BBF1000FDCD0002FDADBEB68A3EB090301
:1027A000DA175345BA41D3DBCDE900A72846AA6919
:1027B0002969FFF76FFFC8E900A7C9E7022F05D114
:1027C000EB68A3EB09031C1946EBE376A2463746F8
:1027D000DBE7002EDFDBEB68A3EB0903DA17A3428C
:1027E000B241D8DB6B682344C8E90046AB6008E01F
:1027F000002E06DBEB68A3EB0903DA17A342B24114
:10280000F0DABBF1000FC6D1029B002BC3D19FE7CA
:1028100082B02DE9F3470C460AA981E80C00164660
:1028200098464FF0FF324FF0FF33C0E900230023FA
:10283000C0E90233226A0E9B134013F008070546D5
:1028400003F010090DD0D4F804A0BAF1000F35D16F
:1028500056EA080317D0284602B0BDE8F04702B098
:102860007047D4F810A0BAF1000F24D156EA08033B
:10287000F1D1B9F1000FEED02046FFF7DFFEE3689B
:10288000002B09DAE7E72046FFF7D8FEE368002BC4
:10289000E1DB63683344A360B9F1000F06D0CDE9F2
:1028A00000682046A2692169FFF7F4FE0AAB0FCB4E
:1028B00085E80F00CFE7B9F1000FCCD02046FFF735
:1028C000BDFEB8F1000FC6DBE368A3EB0A03DA171D
:1028D000B34272EB0802BEDB002FDAD1DCE72DE950
:1028E000F347856A04469A46036A243017460E4623
:1028F0000D4403F0080803F0100900F0B4F9626A0F
:10290000964217BFED1932182A460027B8F1000F7A
:1029100003D03744C4E902756660B9F1000F0DD0E9
:102920000023CDF800A0019331462046FFF7B2FE08
:10293000B8F1000F02D1C4E90155E56002B0BDE86D
:10294000F08738B5044639B1002A05DB456A002313
:1029500083622B70FFF7C3FF204638BD2DE9F0419D
:10296000036A0D46D90688B004466AD56A1C66D04B
:1029700000F12407384600F076F9D4E90413A2697F
:10298000561A864220D25B1A666ADA17CDE90032FF
:10299000314632182046FFF77DFE236A1B070AD511
:1029A000D4E901135B1AF218E3685B1A0133C4E936
:1029B00001623344E36063691D70636901336361DD
:1029C000284608B0BDE8F0819A42F5D86FF0404340
:1029D000984236D04100994228BF1946B1F5007F90
:1029E00004AA4FF0000638BF4FF4007102A802920B
:1029F00003968DF8106000F077F923695FFA85F887
:102A00003BB1A269D21A00923146039A02A800F0A3
:102A10009FF9414602A800F082F902A9384600F069
:102A20004FFAD4E90430D4E90121C31A8A1A2046A6
:102A3000616AFFF754FF02A800F0D2F8BDE7002555
:102A4000BEE74FF0FF35BBE77047704730B5002257
:102A50004FF0FF344FF0FF35C0E90045C0E90222D6
:102A600030BD82B08DE80C004FF0FF334FF0FF32E5
:102A7000C0E900230023C0E9023302B07047002000
:102A80007047002070474FF0FF307047036810B563
:102A90005B6A04469847431C1EBFA36813F8010BEA
:102AA000A36010BD4FF0FF3070474FF0FF3070470C
:102AB00010B5044B044640F81C3BFFF721FA2046B2
:102AC00010BD00BF80A5020810B50446FFF7F0FF57
:102AD0002046E1F7AFF8204610BD2DE9F843064641
:102AE0000F4690460025454502DB2846BDE8F883A1
:102AF000D6E90504241A11D0A8EB0509A145B8BFF1
:102B00004C4639462246A8BFA14601F0EDF973694B
:102B10004D442344A84527447361E4DD3368397884
:102B20005B6B304698470130DFD001350137DAE77B
:102B30002DE9F84307460C4690460026464502DB41
:102B40003046BDE8F883D7E902156D1A11D0A8EB1D
:102B50000609A945B8BF4D4620462A46A8BFA94642
:102B600001F0C2F9BB684E442B44B0452C44BB6015
:102B7000E4DD3B6838469B6A9847431CE0D004F884
:102B8000010B0136DAE70AB101F0AEB9704750F82F
:102B9000083B1B1A584258417047000008B50B68A3
:102BA000B3F1804F02D30D48FFF725FC93420BD9B8
:102BB000B3EB420F4FEA420006D2B0F1804F2ABF7A
:102BC0006FF0404308600B600868013001D5FFF7E3
:102BD00009FCBDE80840E1F729B800BFB8A5020824
:102BE00010B50446FFF7D3FF20B92068BDE81040B8
:102BF000E1F720B810BD406801F180410139091AA0
:102C0000914208B502D21846FFF7F5FB08BD0368EC
:102C10008B4206D842681344994294BF0020012099
:102C2000704701207047012A10B403D10A7810BC04
:102C30000270704710BCFFF7A6BF012A30B403D161
:102C40000B78037030BC7047002AFBD030BC01F019
:102C50008AB808B5521AFFF7E6FF08BD08B5521A40
:102C6000FFF7E1FF08BD10B50446FFF790FF08B974
:102C7000A06810BD0F20FCE72DE9F3470A9E1F4610
:102C8000436801EB0208B21A1A4404460D46A3EB4E
:102C900008090192FFF7E7FF01A902462046FFF766
:102CA0007DFF82461DB121682A46FFF7BCFF37B180
:102CB0002EB1324639460AEB0500FFF7B4FFB9F1F1
:102CC000000F07D0216835444A4641440AEB05000D
:102CD000FFF7A9FF2046FFF783FF019BC4F800A080
:102CE000A36002B0BDE8F08737B504460191FFF755
:102CF000BAFF019B834202460FD901A92046FFF784
:102D00004DFF6268216801320546FFF78CFF2046BF
:102D1000FFF766FF019B2560A36003B030BDF7B5E8
:102D2000466804460F46FFF79EFF751C854207D98B
:102D30000123009300231A4631462046FFF79CFFEB
:102D400023689F552368656000225A5503B0F0BD83
:102D50002DE9F04F85B080460E9D144689462A46DF
:102D600021461F46384BFFF746FFD8F8043003933F
:102D7000A5EB040B404603EB0B0AFFF774FF50452D
:102D800059D3D8F80060039B4E443946A1444046CD
:102D9000A3EB0909FFF73BFF80B1B9F1000F06D0A3
:102DA000AC4204D04A4631197019FFF746FF95B17D
:102DB0002A4639463046FFF736FF0CE0B5B9B9F17F
:102DC000000F08D0AC4206D04A4631197019FFF7FF
:102DD00034FFAC420FD3D8F80030C8F804A000226A
:102DE000404603F80A2005B0BDE8F08FAC420CD293
:102DF000B9F1000FE8D134447B199C420BD32A4629
:102E000039463046FFF719FFE5E72A46394630468E
:102E1000FFF713FFD3E7BC4203D82A4607EB0B01A9
:102E2000C8E7E41B224639463046FFF706FF2A1B57
:102E300071193019BFE700953B4622464946404686
:102E4000FFF71AFFC7E700BFD0A502082DE9F3413D
:102E5000D0F80480044602EB08070E461546FFF73B
:102E600002FFB8420ED32DB120682A4631464044B5
:102E7000FFF7D9FE2368676000222046DA5502B0CA
:102E8000BDE8F08100953346002241462046FFF719
:102E9000F3FEEFE770B5064B04460D4616460021DB
:102EA000FFF7A9FE324629462046FFF7CFFF70BD47
:102EB000E9A5020808B5D1E90012FFF7EBFF08BD4C
:102EC0002DE9F043884285B005460C4640D0FFF717
:102ED0005EFE06462046FFF75AFE002E4AD06F6877
:102EE000002838D06668D7B1013705F1080904F128
:102EF00008081EB30136324641466846FFF743FED6
:102F00003A4649464046FFF73EFE32466946484645
:102F1000FFF739FE6B6862686A60636018E0002E34
:102F2000F8D0721C04F1080105F10800FFF72BFE30
:102F300063686B60236867601F7009E03A46494622
:102F40004046FFF720FE6B6863602B686E601E7062
:102F500005B0BDE8F08326467A1C56F8088F05F1C7
:102F600008013046FFF70FFE23682B602660C5F886
:102F70000880CFE7AF6868B1626805F108060132E2
:102F800004F108013046FFF7FEFD2B6823602E6038
:102F9000A760BFE722682B682A602360A368AB6044
:102FA000F6E70000244B1A68D0075CBF01221A60C4
:102FB000224B1A68D1075CBF01221A60204B1A68A5
:102FC000D2075CBF01221A601E4B1A68D0075CBF93
:102FD00001221A601C4B1A68D1075CBF01221A60DB
:102FE0001A4B1A68D2075CBF01221A60184B1A6884
:102FF000D0075CBF01221A60164B1A68D1075CBF6C
:1030000001221A60144B1A68D2075CBF01221A60B1
:10301000124B1A68D0075CBF01221A60104B1A6865
:10302000D1075CBF01221A600E4B1A68D2075CBF41
:1030300001221A60704700BF505500204C550020F7
:103040004855002044550020405500203C550020A4
:103050003855002034550020305500202C550020D4
:1030600028550020245500207FB500241023CDE9E9
:103070000234036815469E6912686B46CDE9004428
:10308000B0479DF8043003F00603062B03BF009BF6
:103090002B600120204604B070BD009890420CBF08
:1030A000062001207047000010B5034B0360044662
:1030B00000F0DDF8204610BD34A6020810B5044625
:1030C000FFF7F2FF20460821E0F7B8FD204610BDCB
:1030D0002DE9F0411F46DDE90834DDF818809845F8
:1030E0000646154607D1079900F0C4F818B1657176
:1030F0000020BDE8F0813946304600F0BBF80028DA
:10310000F6D00123C4F800802571A371F0E738B52B
:1031100015461C4600F0AEF820B10823E3600623F4
:103120002560237138BD2DE9F04105460C46164651
:103130001F4600F09FF848B9032F07D8236832468E
:10314000294620465B69BDE8F0411847BDE8F0819B
:1031500070470000024A0349034800F0C7B900BFA6
:1031600014030020513102085455002010B5034BC0
:1031700003600446FFF798FF204610BD94A602089E
:1031800010B50446FFF7F2FF20460C21E0F756FD8C
:10319000204610BD2DE9F041DDF818809045064627
:1031A0000F4615461C460BD0B0680368CDF8188052
:1031B0001E6A2A4623463946B446BDE8F0416047B8
:1031C000194600F057F80028EED00620BDE8F0813F
:1031D0002DE9F14F0D461946DDE90A4BDDE90CA654
:1031E00081461746984600F045F890B1002D3460AE
:1031F000377109DB2C44A24514BF01240624B471A5
:10320000002001B0BDE8F08F0235F9D10123B37180
:10321000F6E7544506D15946484600F02BF808B168
:103220007771EDE7D9F808000368CDE90CA6CDE980
:103230000A4BDC693A4643462946A44601B0BDE83C
:10324000F04F60472DE9F04107460C4615461E46F3
:10325000FFF75DFF48B9B86803689F692A4633469F
:103260002146BC46BDE8F0416047BDE8F0817047AB
:1032700000207047814208B50ED0406803782A2BA1
:103280000CD049680B782A2B08BF0131FAF7E6FD0C
:10329000B0FA80F0400908BD0120FCE70020FAE701
:1032A00000487047D0A602087047000010B5034BD5
:1032B0000360044600F000F9204610BD34A7020860
:1032C00010B50446FFF7F2FF2046E0F7B3FC2046B6
:1032D00010BD000013B51346012B00F10802026077
:1032E00008BF0E234FF0000218BF0D234260027288
:1032F00011460BBF00930093034B044B0446FFF7AA
:1033000027FD204602B010BDD9A60208E8A6020893
:10331000024A0349034800F0E9B800BF1403002043
:10332000A9320208180300200048704754A7020879
:103330001368994204D153681B1A58425841704788
:1033400000207047004870475CA70208742A10B537
:103350001ADC572A0CDC4D2A07DC3B2A0CDC242A19
:103360000EDC0F2A18DC0E2A16D9C0E9002116E05F
:103370000B4BA2F158040CE00A4BA2F13C0408E00C
:10338000A2F12D03012BEFE7A2F17604182CECD863
:10339000054BE340DB07E8D5044B0260436010BDFA
:1033A0009D00BF1F8F080200BF07F101200300200E
:1033B000C0E90021704713B5036814465B690A46EB
:1033C0000146684698476368019A9A4206D1009878
:1033D0002368C31A5842584102B010BD0020FBE7D1
:1033E0004B68834204D10868831A58425841704799
:1033F00000207047704770477047704710B504460B
:10340000E0F718FC204610BD10B50446E0F712FCAA
:10341000204610BD10B50B6886B01B69044668468F
:103420009847DDE90012204600F08CF86846FFF767
:10343000D7FB204606B010BD73B504461046EEF724
:103440005DFB04F108032360054610B90F48FEF741
:10345000CFFFFAF75DFD0F2805EB0006019007D9B5
:10346000002201A92046FFF799FB019B2060A36081
:10347000206832462946FFF7F1FB019B2268636012
:1034800000212046D15402B070BD00BF63A70208DE
:1034900013B514460A4601466846FFF757FF6368AE
:1034A000019A9A4206D100982368C31A584258419B
:1034B00002B010BD0020FBE77047000010B5064CBD
:1034C00006490748224600F011F8224605490648F9
:1034D000BDE8104000F00AB814030020F9330208D8
:1034E00020030020FB3302081C0300200B4601468A
:1034F000184600F081BB000088422DE9F0410446E7
:103500000D4618D0A0B1A1EB000840460021FEF7FF
:10351000B9FE00F10C070646214638462A46FEF75A
:103520009FFE41463046FEF7A1FE3846BDE8F081D9
:103530000248FEF75DFF024FF7E700BF78A80208D8
:10354000B054002013B5044608461146014401AAB0
:10355000FFF7D2FF2060204602B010BD2DE9F047F2
:10356000089D0C46002B4ED194468C458646B2FAF7
:1035700082F262D94AB1C2F12003914020FA03F3EA
:103580000CFA02FC194300FA02FE4FEA1C471FFA2C
:103590008CF6B1FBF7F44FEA1E4307FB141143EA24
:1035A000014304FB06F199420AD91CEB030304F121
:1035B000FF3080F01281994240F20F81023C634457
:1035C000591A1FFA8EF3B1FBF7F007FB101143EA0B
:1035D000014300FB06F69E420AD91CEB030300F1EF
:1035E000FF3180F0FC809E4240F2F9806344023853
:1035F0009B1B40EA044000211DB1D3400022C5E9D5
:103600000032BDE8F0878B4205D90DB1C5E9000154
:1036100000210846F5E7B3FA83F1002946D1A34219
:1036200002D39042C0F0F080861A64EB03030120BD
:10363000002DE6D0C5E90063E3E7002A40F0908062
:10364000A1EB0C044FEA1C481FFA8CF70121B4FBD4
:10365000F8F64FEA1E4308FB164443EA044307FB0F
:1036600006F0984208D91CEB030306F1FF3402D29E
:10367000984200F2CD8026461C1A1FFA8EF3B4FB46
:10368000F8F008FB104443EA044300FB07F79F42AD
:1036900008D91CEB030300F1FF3402D29F4200F271
:1036A000B0802046DB1B40EA0640A5E7C1F12006BA
:1036B0008B4022FA06F71F4320FA06FC04FA01F3B6
:1036C00043EA0C03F44000FA01F8380C4FEA1349BE
:1036D000B4FBF0FE1FFA87FC00FB1E4449EA0444D9
:1036E0000EFB0CF9A14502FA01F20AD93C190EF1C0
:1036F000FF3A80F08480A14540F28180AEF1020E55
:103700003C44A4EB09041FFA83F9B4FBF0F300FB7B
:10371000134449EA044403FB0CFCA44507D93C19B3
:1037200003F1FF3067D2A44565D9023B3C4443EA2C
:103730000E40A0FB0293A4EB0C049C42CE469C4698
:1037400051D34ED055B1B8EB0E0364EB0C0404FA20
:1037500006F6CB401E43CC40C5E90064002150E78B
:10376000C2F1200320FA03F10CFA02FC24FA03F35D
:1037700094400C434FEA1C4800FA02FE1FFA8CF7F3
:10378000B3FBF8F008FB1031230C43EA014300FBC4
:1037900007F1994208D91CEB030300F1FF362CD244
:1037A00099422AD9023863445B1AA4B2B3FBF8F1F8
:1037B00008FB113344EA034401FB07F3A34208D991
:1037C0001CEB040401F1FF3613D2A34211D90239D4
:1037D0006444E41A41EA004139E70446F0E6084649
:1037E00006E7C845AED2B9EB020E63EB070C013811
:1037F000A8E73146EDE7034699E73046D4E7D646D9
:103800007FE7634402384DE70646234608460FE744
:10381000023E634430E700BFC0F3C7520028A2F164
:103820007F0CB4BF4FF0FF310121BCF11E0F08B572
:1038300010DCBCF1000F1CDBC0F31603BCF1160F4B
:1038400043F400030BDD963A03FA02F202FB01F1A6
:10385000084608BDFAF73AFE0146084608BD4FF48F
:10386000800242FA0CF21A44CCF1170C22FA0CF244
:10387000ECE7BCF1FF3F18BF0021084608BD00BFC0
:10388000C1F30A5C2DE9F041ACF2FF35132D02467D
:103890000B460C46064632DC002D20DBDFF8E080CC
:1038A00048FA05F801EA080C5CEA000C0F462BD038
:1038B00031A3D3E90023F9F7D1FD00220023FAF761
:1038C00013FA40B1002C03DA4FF480132B411F444C
:1038D00027EA0804002621463046BDE8F08126A3E9
:1038E000D3E90023F9F7BAFD00220023FAF7FCF927
:1038F0000028F0D0002C27DB00263446EBE7332DE0
:1039000006DDB5F5806F1CD010461946BDE8F08184
:10391000ACF2134C4FF0FF3727FA0CF70742F3D005
:1039200015A3D3E90023F9F799FD00220023FAF744
:10393000DBF90028CFD0002C33460CDB23EA070646
:10394000C9E7F9F78BFDE1E724F0004426430DD1E8
:103950004FF00044BFE7142D06D0C5F13405012215
:10396000AA401344B342E9D20134E7E7054C0026EC
:10397000B1E700BFAFF300809C7500883CE4377E60
:10398000FFFF0F000000F0BF2DE9F041C0F3C75565
:103990007F3D162D044620F0004724DC002D804694
:1039A00014DB184F2F4138421AD01749FAF736FB6B
:1039B0000021FAF72FFA98B1002C03DD4FF4000331
:1039C0002B41984428EA0700BDE8F0810E49FAF738
:1039D00025FB0021FAF71EFA10B1002C0EDB57B9B7
:1039E0002046BDE8F081B7F1FF4FF9D30146FAF761
:1039F00015FBBDE8F0814FF07E50F2E74FF000403C
:103A0000EFE700BFFFFF7F00CAF249712DE9F041E7
:103A1000C0F3C7557F3D162D044620F0004725DC36
:103A2000002D804614DB184F2F4138421BD0174918
:103A3000FAF7F4FA0021FAF7EDF9A0B1002C03DA55
:103A40004FF400032B41984428EA0700BDE8F081B9
:103A50000E49FAF7E3FA0021FAF7DCF918B1002C65
:103A60000CDB002000E02046BDE8F081B7F1FF4FFD
:103A7000F9D30146FAF7D2FABDE8F08117B94FF051
:103A80000040F1E70248EFE7FFFF7F00CAF249710B
:103A9000000080BF08B5C0F3C7537F3B162B01461B
:103AA00015DC002B02460BDB0B481841084205D001
:103AB0004FF480011941114421EA0001084608BD74
:103AC000013300F00041F9D141F07E51F6E7802B3F
:103AD000F4D1FAF7A3FA08BDFFFF7F0008B506206E
:103AE00000F09EF90120E1F755F9000010B5034BF5
:103AF0000446196800F0ACFA204610BD24030020EB
:103B0000164B10B51C68236BB3B9182000F0D4FA1B
:103B10000246206320B9124B12485221EDF7EDFF07
:103B20001149124BC0E90013114B83600B238381B1
:103B300000210120C2E90401216B0E480B694C6988
:103B40000D4A584302FB0400A3FB0232013340EB51
:103B50000200C1E9043020F0004010BD2403002021
:103B6000A2A80208B9A802080E33CDAB34126DE644
:103B7000ECDE05002DF451582D7F954C164B10B5F9
:103B80001C68236BB3B9182000F096FA0246206334
:103B900020B9124B12484C21EDF7AFFF1149124BDF
:103BA000C0E90013114B83600B23838100210120A6
:103BB000C2E90401216B0E480B694C690D4A584358
:103BC00002FB0400A3FB0232013340EB0200C1E917
:103BD000043020F0004010BD24030020A2A80208F9
:103BE0002EA902080E33CDAB34126DE6ECDE0500D3
:103BF0002DF451582D7F954C10B5044604481346BA
:103C000020B10A460220214600F07CF910BD00BF19
:103C1000053F0208F0B5ADF5057D0E4604AF4FF443
:103C20000071039100933946134603AA054600F03C
:103C30005BF8044680B10246039B3146284600F0FB
:103C40000BF9BC42039003D02146284600F0B6F998
:103C500003980DF5057DF0BD4FF0FF30F9E700004A
:103C600013460A46014602480068FFF7D3BF00BF6B
:103C70002403002030B51446002C9BB005461A469C
:103C800005DA8B2303604FF0FF301BB030BD4FF4DB
:103C90000273ADF80C3014BF04F1FF3323460293D6
:103CA00005934FF6FF7300910491ADF80E3069460D
:103CB0001E9B00F01BFB431CBCBF8B232B60002C06
:103CC000E3D0009B00221A70DFE7000007B50093E5
:103CD00013460A46014603480068FFF7CBFF03B0CE
:103CE0005DF804FB2403002030B515469BB02C681A
:103CF0001A46D9B1002C19D04FF4C1630091049138
:103D0000ADF80C30214619DB4FF6FF730291059197
:103D1000ADF80E3069461E9B00F0E8FA00280FDB74
:103D2000009B286000221A7004980AE000214FF4DA
:103D30002273ADF80C3000910491E5E78B2303600A
:103D400000201BB030BD10B501390244904201D1B2
:103D5000002005E0037811F8014FA34201D0181BA1
:103D600010BD0130F2E7884210B501EB020402D920
:103D70008442234607D8431EA14208D011F8012BE4
:103D800003F8012FF8E7024401468A4200D110BD32
:103D900013F8014D02F8014DF7E702440346934240
:103DA00000D1704703F8011BF9E710B56AB101397A
:103DB000841810F8012B11F8013F9A4203D1A04258
:103DC00001D0002AF5D1D01A10BD1046FCE71F29FA
:103DD00038B505460C4604D9162303604FF0FF3072
:103DE00038BDC26B12B152F821304BB9284600F0F1
:103DF00031F8224601462846BDE8384000F018B8A0
:103E0000012B0AD0591C03D1162303600120E7E7D8
:103E1000002142F82410204698470020E0E70000E7
:103E2000024B01461868FFF7D2BF00BF24030020F1
:103E300038B5074D00230446084611462B60E0F7CD
:103E4000AAFF431C02D12B6803B1236038BD00BF19
:103E500098560020E0F7A8BF38B5074D044608463D
:103E6000114600222A601A46F4F7E0FF431C02D1F3
:103E70002B6803B1236038BD9856002070B50D4DF6
:103E80000D4C641BA4100026A64209D10B4D0C4C0E
:103E900000F01EFE641BA4100026A64205D170BDD2
:103EA00055F8043B98470136EEE755F8043B984730
:103EB0000136F2E7E8AA0208E8AA0208E8AA02081E
:103EC00010AB020870477047024B0A46014618685B
:103ED00000F0D6BC24030020034611F8012B03F8A0
:103EE000012B002AF9D170470A44914200F1FF33B7
:103EF00000D1704710B511F8014B03F8014F914202
:103F0000F9D110BD2DE9F843274D074628689146A1
:103F10000E469846FFF7D6FF244A14683CB9244B56
:103F20001360244A12B11268C3F88820204C6368D9
:103F30001F2B06DD2868FFF7C6FF4FF0FF30BDE8F6
:103F4000F8832FB3D4F8880068B91B4B002BF1D04D
:103F50004FF4847000F0B0F80028EBD00023C0E9E3
:103F60004033C4F88800636840F8239001229A40E7
:103F700000EB8301D0F800311343C0F80031022F69
:103F8000C1F8808002BFD0F804311343C0F8043177
:103F9000636828685A1C0233626044F82360FFF7A4
:103FA00092FF0020CBE700BF740300202C570020B5
:103FB000A0560020A8AA0208B940020838B5054654
:103FC000002941D051F8043C0C1F002BB8BFE41865
:103FD00000F024F91D4A136833B963601460284661
:103FE000BDE8384000F020B9A34208D92068211864
:103FF0008B4201BF19685B6809182160EDE71A461A
:104000005B680BB1A342FAD911685018A0420BD1DA
:1040100020680144501883421160E0D118685B6841
:10402000536008441060DAE702D90C232B60D6E70E
:10403000206821188B4204BF19685B68636004BF65
:10404000091821605460CAE738BD00BF5C570020E2
:1040500070B5164C054608460E4600F0DFF823689A
:104060004BB10021304600F01DFC421C18BF2268F5
:10407000034618BF831A0E4A1168002291B90D4CED
:10408000304623609B1A2262E36100F0CDF80FCC2A
:104090002E460FC60FCC0FC694E8030086E8030037
:1040A000284670BD086849680244E7E75857002071
:1040B0005C57002030570020024B0146186800F082
:1040C0002DB800BF24030020024B01461868FFF7FB
:1040D00075BF00BF2403002070B50F4E0C46316839
:1040E000054611B900F0DEFB30602146284600F09D
:1040F000D9FB431C03D14FF0FF34204670BDC41CD4
:1041000024F00304A042F8D0211A284600F0CAFB8C
:104110000130F2D1EFE700BF585700202DE9F843F6
:10412000CD1C25F0030508350C2D38BF0C25002DBE
:10413000064601DBA94204D90C2333600020BDE808
:10414000F883DFF8D48000F069F8D8F800301C4616
:1041500044BB29463046FFF7BFFF431C044658D1F5
:10416000D8F800402746002F43D1002C4BD02368BD
:104170003946304604EB030900F094FB814542D1F7
:1041800021686D1A29463046FFF7A6FF01303AD064
:1041900023682B442360D8F800305A6862BBC8F803
:1041A00000700FE02268521B20D40B2A17D9611926
:1041B000A342256018BF5960636808BFC8F80010A3
:1041C00062514B60304600F02FF804F10B00231DC4
:1041D00020F00700C21A1CBF1B1AA350AFE7626889
:1041E000A3420CBFC8F800205A60EBE7234664687E
:1041F000AEE73C467F68B6E71A465B68A342FBD150
:1042000000235360DEE70C233360304600F00CF8E7
:1042100094E70560D6E700BF5C5700200148FFF730
:1042200051BE00BF9C5600200148FFF74CBE00BFA6
:104230009C5600202DE9F0478E681F46BE420B6851
:1042400082460C4690462DD8B1F90C2012F4906F9E
:1042500026D06569096905EB4505A3EB010905EB66
:10426000D5757B1C4B446D109D4238BF1D465305D0
:1042700027D52946FFF752FF064660B321694A4613
:10428000FFF732FEA38923F4906343F08003A381F8
:10429000266165614E44A5EB09052660A5603E4692
:1042A000BE4200D93E46206832464146FFF75BFDDC
:1042B000A3689B1BA3602368334423600020BDE8F0
:1042C000F0872A4600F0FEFA06460028E0D1216970
:1042D0005046FFF773FE0C23CAF80030A38943F061
:1042E0004003A3814FF0FF30E9E700002DE9F04FD4
:1042F00098468B891B069DB007460D46144610D57F
:104300000B6973B94021FFF709FF2860286130B9B4
:104310000C233B604FF0FF301DB0BDE8F08F402311
:104320006B610023099320238DF82930CDF80C8090
:104330003023DFF89C818DF82A304FF001092346A5
:104340009A4613F8012B0AB1252AF9D1BAEB040BCE
:104350000BD05B46224629463846FFF76BFF0130FB
:1043600000F0A780099A5A4409929AF80030002B6D
:1043700000F09F8000234FF0FF32CDE905230AF1C2
:10438000010A049307938DF853301A93544605227B
:1043900014F8011B4E48F9F76BFD049AD8B9D00602
:1043A00044BF20238DF85330110744BF2B238DF8D1
:1043B00053309AF800302A2B15D0079A5446002023
:1043C0004FF00A0C214611F8013B303B092B4BD929
:1043D000B0B1079214E0A0EB080309FA03F313430A
:1043E0000493A246D2E7039B191D1B680391002B7F
:1043F000BBBF5B4242F0020207930793B8BF04922F
:1044000023782E2B0AD163782A2B32D1039B1A1DD5
:104410001B68039243EAE37302340593DFF8B4A008
:10442000217803225046F9F723FD38B1049BA0EB15
:104430000A004022824013430134049314F8011B04
:1044400025488DF828100622F9F712FD002836D0ED
:10445000224B1BBB039B073323F007030833039353
:10446000099B334409936AE70CFB02320C46012096
:10447000A8E700230134059319464FF00A0C2046A3
:1044800010F8012B303A092A03D9002BC6D0059128
:10449000C4E70CFB012104460123F0E703AB0093C2
:1044A0002A460F4B04A93846AFF30080421C06464B
:1044B000D6D1AB895B063FF52DAF09982CE703AB4E
:1044C00000932A46064B04A9384600F079F8EDE738
:1044D000ACAA0208B2AA0208B6AA020800000000AC
:1044E000354202082DE9F047164698468A680B695E
:1044F000DDF820909342B8BF1346336091F8432013
:1045000007460C460AB1013333602368990642BF5F
:10451000336802333360256815F0060506D104F1CF
:10452000190AE36832689B1AAB4226DC94F84330E0
:104530002268003B18BF012392062BD404F14302EA
:1045400041463846C84701301ED02368226903F02F
:104550000603042B02BFE5683368ED1AA3680CBF9D
:1045600025EAE57500259342C4BF9B1AED18002685
:104570001A34B5421AD1002008E0012352464146C0
:104580003846C847013003D14FF0FF30BDE8F0870F
:104590000135C6E7E1185A1C302081F84300224457
:1045A00094F8451082F843100233C7E701232246EE
:1045B00041463846C8470130E6D00136D9E7000009
:1045C0002DE9FF470F7E0C9E782F914680460C46C2
:1045D0009A4601F1430207D8622F0AD8002F00F053
:1045E000DD80582F00F0C38004F1420684F8427049
:1045F0003AE0A7F16303152BF6D801A151F823F097
:10460000594602086D460208E9450208E9450208D4
:10461000E9450208E94502086D460208E945020835
:10462000E9450208E9450208E9450208834702080E
:10463000FB4602083B470208E9450208E945020833
:10464000A5470208E9450208FB460208E9450208B9
:10465000E94502084347020833681A1D1B683260A7
:1046600004F1420684F842300123A8E0316823684F
:10467000081D30601E0601D50D6803E05D06FBD500
:10468000B1F900506168002D78DA2D20002984F8F6
:104690004300A1602DDA5E486D420A231646B5FB41
:1046A000F3F103FB1157C75D06F8017D2F46BB42AE
:1046B0000D46F4D9082B0BD12368DF0708D52369F1
:1046C00061689942DEBF302306F8013C06F1FF36EF
:1046D000921B2261CDF800A04B4603AA214640461A
:1046E000FFF700FF01306FD14FF0FF3004B0BDE89D
:1046F000F08723F004032360CDE7216833680806C0
:1047000053F8045B02D4490648BFADB26F2F40484E
:10471000336014BF0A230823002184F8431066681D
:10472000A660002EBADB216821F004012160002D73
:10473000B4D1002EB2D11646BCE7236843F0200363
:1047400023603448782784F84570236831681F0651
:1047500051F8045B02D45F0648BFADB23160D9079F
:1047600044BF43F0200323601DB11023D4E7284841
:10477000E9E7236823F020032360F6E724480A23AF
:10478000CDE7336825686169181D30602E061B6807
:1047900001D5196002E06806FBD51980002323616A
:1047A000164697E733681A1D32601E68626800215A
:1047B0003046F9F75DFB08B1801B606063682361D8
:1047C000002384F8433085E7236932464946404652
:1047D000D047013088D023689B0714D4E068039B3E
:1047E0009842B8BF184681E7012332464946404601
:1047F000D04701303FF478AF0135E36803995B1A85
:10480000AB42F1DCEAE7002504F11906F5E700BF49
:10481000BDAA0208CEAA02080CB430B5174B0C1E74
:104820001D689DB008DA8B232B604FF0FF301DB060
:10483000BDE8304002B070474FF40273ADF8143059
:1048400014BF04F1FF332346049307934FF6FF731D
:1048500002900690ADF81630209A21AB02A92846A6
:104860000193FFF743FD431CBCBF8B232B60002C3F
:10487000DDD0029B00221A70D9E700BF240300207C
:1048800038B5074D00230446084611462B60DFF774
:1048900023FA431C02D12B6803B1236038BD00BF4B
:1048A0009856002038B5064D0023044608462B6074
:1048B000E0F742FA431C02D12B6803B1236038BDF4
:1048C000985600202DE9F041804615460C4621B946
:1048D000BDE8F0411146FFF721BC2AB9FFF76EFB96
:1048E00000242046BDE8F08100F01AF88542064613
:1048F00002D8B5EB500FF4D829464046FFF70EFC1E
:1049000007460028ECD0B5422A46214628BF324649
:10491000FFF7EAFA21464046FFF750FB3C46E0E746
:1049200051F8043C181F002BBCBF0B58C01870472F
:10493000024B0A4601461868FFF7C4BF2403002053
:10494000024B0344587800F097007047A5A902086D
:10495000024B0344587800F008007047A5A90208EC
:104960000EB400B59CB01DAB029006906FF00041F4
:10497000094807910491094953F8042B05910068EF
:10498000019302A9FFF7B2FC029B00221A701CB02F
:104990005DF804EB03B07047240300200802FFFF1A
:1049A00030B50D4D044614F8013BEA5C02F00302F9
:1049B000012A11F8012BA85C00F0030008BF203386
:1049C000012803D12032981AEDD030BD981AFCD1BD
:1049D000002AE8D1F9E700BFA6A9020810B50246EF
:1049E000147813460132002CFAD1013B11F8012B47
:1049F00003F8012F002AF9D110BDC9B203461846A9
:104A000013F8012B12B18A42F9D17047002918BF5F
:104A10000020704770B503461E4613F8014B44B1A1
:104A20004A1E01E0A54204D012F8015F002DF9D121
:104A3000F2E7301A70BD10B50139034632B111F8F2
:104A4000014F03F8014B013A002CF7D11A44002121
:104A5000934200D110BD03F8011BF9E738B511F0FE
:104A6000FF0403460ED12146BDE83840FFF7C5BF1D
:104A7000431C054621461846FFF7BFFF0028F7D123
:104A8000284638BD0025F5E770B503461E4613F8E5
:104A9000014B3CB14A1E01E0A542F7D012F8015F7C
:104AA000002DF9D1301A70BD430803F05533C01AF8
:104AB000830803F0333300F03330184400EB101058
:104AC00000F00F3000EB002000EB0040000E7047BC
:104AD000F8B500BFF8BC08BC9E467047F8B500BFEB
:084AE000F8BC08BC9E467047BB
:104AE800A0860100400D0300801A060000350C0066
:104AF80040420F0080841E0000093D0000127A0029
:104B08000024F40000366E010048E801006CDC0265
:104B1800000000000000000000000000000000008D
:104B28000100000003000000050000000100000073
:104B380001000000060000000A000000200000003C
:104B4800020000000400000008000000100000003F
:104B5800400000008000000000010000000200008A
:104B6800000000000100000002000000000000003A
:104B78000000000041DC00084BDC0008D94F0008A9
:104B8800470D0008710D0008390800084B08000897
:104B9800911000084B06000800000000000000000B
:104BA8001F100008A3110008750600080000000087
:104BB8000000000035100008611000080000000027
:104BC8000000000073100008311100080000000008
:104BD80000000000BF0D0008450E00085706000839
:104BE80000000000000000004311000861110008E7
:104BF8000000000000000000731100089111000877
:104C0800000000000000000067130008A713000858
:104C1800AD6A000843810008DF0A00086D6E0008CD
:104C2800156E00081D07000819500008C306000883
:104C3800C3060008C59B00081D9B0008F106000874
:104C480099E50108A1E50108ADE5010860F5FFFF58
:104C5800000000000F070008F1870108BF060008E0
:104C6800FB120008E551000850F5FFFF00000000A6
:104C780041DC00084BDC0008D94F0008A1130008EC
:104C8800B9130008390800084B0800081507000880
:104C9800000000000000000000000000000000000C
:104CA800AD6A000843810008E1A400086D6E0008A1
:104CB800156E000800000000B9690008C306000866
:104CC800C3060008C59B00081D9B000800000000E3
:104CD80000000000FB130008211400080000000079
:104CE80000000000331400084D1400085515000892
:104CF800F1140008A11400087D160008CD1700085B
:104D08004D190008ED2300085F140008BB080008CF
:104D1800CD08000803130008EF080008CB190008A5
:104D280000000000000000005D8201087182010897
:104D38001F34010823340108C54601082939010830
:104D4800B93C01088382010800000000000000004F
:104D58006324000881240008074001081F34010863
:104D68000F4001086B49010837400108CD40010890
:104D7800358301080000000000000000F1810108EF
:104D8800018201081F3401081F3401084545010844
:104D98005937010811380108FF8201080000000096
:104DA80000000000352400085124000807400108CD
:104DB8001F3401080F4001086B49010837400108FA
:104DC800CD40010835830108000000000000000004
:104DD80013820108238201081F34010823340108C3
:104DE800E14501085937010811380108FF82010817
:104DF800000000000000000041DC00084BDC000857
:104E0800D94F00080D210008512100083908000871
:104E18004B08000879B10008918A00085BAA0008CD
:104E2800056D0008016D00080D6D00080000000008
:104E38000000000041DC00084BDC0008D94F0008E6
:104E480063210008B1210008390800084B08000850
:104E5800C55D0008918A0008E95B0008056D000837
:104E6800ED5F0008E960000801620008000000002A
:104E78000000000041DC00084BDC0008D94F0008A6
:104E88000000000000000000390800084B08000876
:104E980079B10008918A0008475B0008056D000891
:104EA800F5570008A15B0008000000005C520208EA
:104EB8004C52020800000000000000000D00000035
:104EC8000D0000000000000000000000C986010875
:104ED800D986010823340108314301083543010804
:104EE80093490108F74901085D8301080D4B010842
:104EF800958201080000000000000000000000008A
:104F08000000000001000000020000000300000093
:104F180004000000010002000400060008000A0066
:104F28000C0010002000400080000001000000007C
:104F38000000000000000000000000000000000069
:104F48000000000001000000020000000400000052
:104F580008000000100000002000000040000000D1
:104F680080000000000100000002000000040000B2
:104F780000080000001000000020000000400000B1
:104F880000800000020000000080004012080000BD
:104F98000201000000440040120700000900000060
:104FA80000380140120700001600000000380140D8
:104FB80012070000FFFFFFFF0000000000000000D4
:104FC80003000000008000401208000003010000F8
:104FD80000440040120700000A00000000380140A9
:104FE80012070000170000000038014012070000F7
:104FF800FFFFFFFF000000000000000001000000AC
:105008000080004012080000010100000044004038
:10501800120700000C0000000038014012070000D1
:105028001300000000380140120700001C000000B7
:105038000080004012080000FFFFFFFF0000000092
:1050480000000000000000000044004012070000BB
:105058000600000000800040120800000B0000005D
:105068000038014012070000140000000038014019
:1050780012070000FFFFFFFF000000000000000013
:105088007C59020844920208000000000000000059
:105098000900000009000000320A2800000014007E
:1050A8000000000000000000000000001E000000DA
:1050B800F4620208B8620208000000000000000064
:1050C80011000000110000000000000000000000B6
:1050D80000000000000000009D6C0008FF080008A8
:1050E800EB6B00080D750008816C00081973000847
:1050F800017400081F890008158900084573000815
:10510800D973000800000000336C0008FF0800088D
:10511800276C00082D6C000800000000000000004B
:1051280045060008B36C00080000000000000000FD
:10513800A96C0008CDE60108A19D0008BB6C000819
:105148003B6C000800000000FF6C00086CFEFFFFCD
:105158000000000041DC00084BDC0008D94F0008C3
:105168000000000000000000390800084B08000893
:10517800EB130008999D00080000000000000000E3
:105188000000000000000000EB6B0008FF080008AA
:10519800EB6B000800000000EF6B0008F96B0008DB
:1051A800F96B00081F89000815890008FD6B0008C5
:1051B800FB08000800000000336C0008FF08000826
:1051C800276C00082D6C00080414004008140440E3
:1051D8000C11084010140C401412101000000000AC
:1051E800051B010000000600091701000600280041
:1051F8000D1701002E000500101233101410341082
:10520800181235101D1601003600220024105911FD
:1052180000000000D051020844920208000000007B
:10522800000000000500000005000000E851020829
:10523800449202080000000000000000080000007E
:1052480009000000345202081C5202080C5D0208D2
:1052580000000000041200400918012006005A004E
:105268000D180140640014001014784014147C4098
:1052780019180140840028001C12AC102010AD1031
:105288002412AF112810B0102C10B1103012B440F5
:105298003412B84000000000041100100811044046
:1052A8000C1108400000000004120040081004100F
:1052B80000000000041200100917010001000F008F
:1052C8000C121010000000000412004008120440E4
:1052D8000C100810000000000414004008140440DA
:1052E8000C14084010140C4000000000A0520208E2
:1052F80044920208000000000000000003000000C3
:1053080003000000B05202084492020800000000A6
:10531800000000000200000002000000BC52020869
:105328004492020800000000000000000300000092
:10533800030000002453020800000000D0520208B5
:105348004492020800000000000000000300000072
:1053580003000000E0520208449202080000000026
:10536800000000000400000004000000F4520208DD
:10537800000000000518014004000C000917010096
:10538800100014000C10241000000000041000107D
:10539800081001100C10021010100310151701004E
:1053A8000400100000000000041000100810011094
:1053B8000C1002101011031014100410191701001A
:1053C800050010001C1115100000000004120080D8
:1053D80009170100080028000C10301011170100EF
:1053E80031000A00000000000412008009170100C3
:1053F80008002800000000000412008009170100BE
:10540800080028000C123040000000000C5302086D
:1054180000000000041200400916010004002200E8
:105428000D17010026000C00101434401410381019
:10543800181039101D1801203C0008000000000059
:10544800041200100812011000000000485402085D
:105458004492020800000000000000000200000062
:105468000200000004100010081001100C12044083
:105478001012084014100C10181210401C101410B0
:105488002012184024121C40281020102C122440EE
:10549800301028103410291038102A10000000008D
:1054A8000517010000005000000000000410001063
:1054B800081204400C11084010110C4000000000B4
:1054C80004100010081204400C12084010100C10B0
:1054D800151701000D001400181221101C122210BB
:1054E8002010231000000000041000100812011002
:1054F8000C12021010120310141204100000000005
:1055080004100010081204400C10081000000000DD
:1055180004100010081001100D28042004001100C8
:105528000000000004100010081201100C120210F4
:105538001012031014120410181205101C12061071
:105548000000000004100010081204400C1208406B
:1055580010120C4014121010181211101C121210F4
:105568002010131024101410291701001500100022
:105578002C102510000000000412004008120440FE
:105588000C1008101010091014100A1018100B1025
:105598001C120C402010101024121440281018104F
:1055A8002C10191030121C40341020103810211003
:1055B8003C102210000000000410001008120440E3
:1055C8000C10081010100910000000000410001042
:1055D800081001100C1204401012084014120C405C
:1055E80018101010000000000410001008120440E9
:1055F8000C12084010100C1014100D1018100E107A
:105608001C100F1020121010241211102810121044
:105618002C101310301014103410151038121620D6
:105628003C101810000000000410001008100110B1
:105638000C1204401012084014120C1018121040DA
:105648001C1214102010151000000000445302080A
:1056580000000000041000100917010001004000BC
:105668000D170100410040001117010081002000C2
:105678001410A1101810A2101C10A310211701005B
:10568800A40020002410C4102810C5102D180120D3
:10569800C8000C00000000000516010000002200F0
:1056A800081222100C12244010102810141029106F
:1056B80018102A101C102B1020102C1000000000AD
:1056C8000516010000002200091601002200220030
:1056D8000D260320460022001010AC101410AD1047
:1056E8001810AE102010AF100000000004100010B9
:1056F800081201100C1204400000000005100100FF
:105708000000010009120100010001000D12010052
:105718000200020011120100040004001512010029
:1057280008000100191401000C0004001D120100FA
:1057380010000100211201001400040025100100CE
:105748001800010029110100190001002D120100A3
:105758001A000200311001001C0001003510010080
:105768001D00010039140100200004003D10010053
:105778002400010041120100280004009D2203407A
:1057880030000410A11001003C000110A510010018
:105798003D000110A91201003E00011000000000A8
:1057A80004120040081204100C12084010100C10CB
:1057B80014100D1018120E101C120F1020121010B9
:1057C80024101110281012102C121310301014105D
:1057D8003410151038101610000000005C53020831
:1057E80000000000041000100D1701000100210046
:1057F8001117010022004100151701006300210064
:10580800181084101C12851021180120880010001F
:1058180025170100980021002812BC402C10C01048
:105828000000000004100010081204400C14084086
:1058380010120C40181210401C121440201218406C
:1058480024121C1080122080000000000412004066
:10585800081004100C10051010100610141208403F
:1058680018120C401C121040201214402412184028
:1058780028121C402C1220403012244034122810C8
:10588800000000000412001008100110101204405B
:105898001412084018120C101C121040201014107A
:1058A80024101510281016102D170100170041009C
:1058B800301058103412591038145C4000000000A1
:1058C8000412044408140C440C14144410141C440A
:1058D80014122444000000000414044408140C4466
:1058E8000C1114441014184014121C1018121D1016
:1058F8001C1420402011244024132C442813344421
:105908002C12384030123C40341240403812444087
:105918003C124C44401254444412584048125C40D3
:105928004C126040501264405412684058126C4047
:105938005C12704000000000051701000000100014
:1059480009170100100028000D1701003800050094
:10595800111B01003D0006001412431018104410DA
:105968001C1245102116010046002200241069115E
:1059780000000000051201000000020009160100E5
:105988000200EC000D100100EE00010011140100EE
:10599800F000040015140100F400040019140100BB
:1059A800F80004001D140100FC000400211401008B
:1059B800000104002512011005010100000000008B
:1059C8007C53020874530208000000000000000025
:1059D80003000000030000009453020844920208E8
:1059E80000000000000000000500000005000000A5
:1059F800B0530208449202080000000000000000B2
:105A08000700000007000000D4530208449202086F
:105A18000000000000000000040000000400000076
:105A2800F053020844920208000000000000000041
:105A3800020000000200000000540208449202081C
:105A48000000000000000000030000000300000048
:105A58001C54020814540208000000000000000052
:105A680007000000070000006C5402084492020876
:105A780000000000000000000E0000000E00000002
:105A8800A854020844920208000000000000000028
:105A98000100000001000000B4540208449202080A
:105AA80000000000000000000400000004000000E6
:105AB800C8540208449202080000000000000000D8
:105AC8000800000008000000F05402084492020890
:105AD80000000000000000000500000005000000B4
:105AE8000855020844920208000000000000000067
:105AF8000300000003000000185502083C53020888
:105B08000000000000000000030000000300000087
:105B18002C55020844920208000000000000000012
:105B280007000000070000004C55020844920208D4
:105B380000000000000000000B0000000B00000047
:105B4800805502084492020800000000000000008E
:105B58000F0000000F000000C05502084492020820
:105B68000000000000000000040000000400000025
:105B7800D45502084492020800000000000000000A
:105B88000600000006000000F055020844920208D2
:105B980000000000000000000F0000000F000000DF
:105BA800305602084492020800000000000000007D
:105BB80008000000080000005C560208545602085D
:105BC80000000000000000000B0000000B000000B7
:105BD800C05B0208A85B0208905B0208785B0208B9
:105BE800605B0208485B0208305B0208185B020829
:105BF800005B0208E85A0208D05A0208B85A02089C
:105C0800A05A0208885A0208705A02085454020816
:105C180000000000A056020844920208000000009C
:105C2800000000000800000008000000449202087C
:105C3800449202080000000000000000000000007C
:105C480000000000C8560208449202080000000044
:105C5800000000000700000008000000F4560208D9
:105C68004492020800000000000000000300000049
:105C780003000000045702084492020800000000D4
:105C880000000000140000006A000000A857020885
:105C98004492020800000000000000000E0000000E
:105CA8000E000000EC570208E4570208000000004C
:105CB800000000000A0000000B0000002C58020839
:105CC80044920208000000000000000009000000E3
:105CD8002000000054580208449202080000000006
:105CE800000000000D0000000D0000008C580208A4
:105CF8004492020800000000000000000D000000AF
:105D08000E000000C8580208449202080000000073
:105D1800000000000500000005000000E05802082F
:105D28004492020800000000000000001700000074
:105D380017000000405902084492020800000000C1
:105D4800000000000900000009000000F8590208DE
:105D5800E0590208C8590208000000000412004077
:105D6800081204100C120620101008101410091044
:105D780018120C401C1210102010111024101210B0
:105D8800281213102C1214103118011016001600C6
:105D9800351801102D0014003916010042001200B8
:105DA8003D180140580028004012801044128440D9
:105DB800481088104C12891000000000405A020850
:105DC800285A0208105A0208345C0208345C020897
:105DD800000000000512014004000400091401003D
:105DE800080004000D1201000C0001001117010049
:105DF8000D0090012D380120A00138003138012014
:105E0800A001300035380120A001400039380120B8
:105E1800A00101003D380120A001010000000000A0
:105E2800051701000000E4000812E440000000002B
:105E38000517010000003C00093601203E00B601AC
:105E48000D3701203E00B30111100100F4010100DB
:105E5800000000000517010000001200081214409D
:105E68000C1018101010191014101A1018101B10FC
:105E78001C121C1020122040241224102810251057
:105E88002C102610301228400000000004120010C8
:105E9800081202200C1204201116010006008200CC
:105EA8000000000004110010081201100C1202106A
:105EB8001012044000000000585A020800000000B8
:105EC8000411001009180130040044000C12481095
:105ED80000000000053801400400D40009380140E2
:105EE800040018000D38014004001C00113801405E
:105EF800040014001538014004000C001938014052
:105F0800040024001D380140040028002138014005
:105F180004000700253801400400480029380140E2
:105F280004000C002D380140040005003138014000
:105F380004002400353801400400100039380140BD
:105F4800040050003D38014004002C004138014055
:105F58000400020000000000051701000000800195
:105F680009140100800104000D17010084012000BC
:105F780011120100A401010000000000F45C0208F5
:105F8800DC5C0208C45C0208AC5C0208945C020891
:105F98007C5C0208645C02084C5C0208345C020801
:105FA800686102081C5C02080000000005380180D6
:105FB800080060000938018008002C000D380180B5
:105FC80008002800113801800800C4001538018035
:105FD8000800180019380180080040001D380180A9
:105FE80008000800213801800800B0002538018029
:105FF800080001002938018008008C002D38018034
:1060080008003000000000003C5D0208245D020822
:106018000C5D0208000000000512010000000400E9
:106028000918012006006A000D1801407400740068
:1060380011140100E800040015140100EC0004002C
:1060480019180140F40028001D1201001C0101006C
:10605800211001001D010100251201101F0101007E
:1060680029100100200101002D100100210101006B
:106078003110010022010100351001002301010047
:106088000000000004120040201204402C120840B6
:10609800311601000C001200351701001E002800FF
:1060A800381246103C1248200000000088500208B0
:1060B800000000000514010000000400091401009C
:1060C800040004000D12010008000100113801202D
:1060D8000C000801153601200C00020119140100FA
:1060E800140104001D14010018010400211401000A
:1060F8001C010400251201002001010029100100E3
:10610800210101002D1201002201010031110100BD
:106118002401040035120100280101003910010092
:10612800290101003D1201002A0101004116010068
:106138002C012200451001004E0101004912010006
:10614800500104004D1201005401040051120100D5
:1061580058010400551201005C0101000000000014
:10616800645D0208545D02080000000000000000A1
:106178001300000013000000DC5D0208C45D020883
:106188000000000000000000090000000F000000EF
:10619800285E020844920208000000000000000087
:1061A8000200000002000000385E02084492020863
:1061B80000000000000000000400000004000000CF
:1061C8005C5E020844920208000000000000000023
:1061D8000C0000000C000000945E020844920208C3
:1061E800000000000000000004000000040000009F
:1061F800AC5E0208449202080000000000000000A3
:106208000400000004000000C85E0208C05E020826
:106218000000000000000000030000000300000070
:10622800DC5E0208D85B02080000000000000000E5
:106238001000000010000000605F0208449202088D
:10624800000000000000000004000000040000003E
:10625800B45F0208845F020800000000000000002C
:106268000B0000000B00000020600208106002080C
:1062780000000000000000000D0000000D000000FC
:106288008C60020844920208000000000000000030
:10629800070000000F000000BC600208B46002089C
:1062A80000000000000000001500000015000000BC
:1062B800A062020888620208706202085862020836
:1062C800406202082862020810620208F8610208A7
:1062D800E0610208C8610208B0610208986102081A
:1062E80080610208686102080000000005120100D0
:1062F8000000040009380140080060010D38014021
:1063080008004C00113801400800240115380140EC
:106318000800D000193801400800A8011D320140CA
:106328000800040021300140080001002538014020
:106338000800D8002938014008004C002D380140D9
:10634800080008003138014008008800353801404D
:1063580008002C00393801400800F6013D3801409A
:106368000800E800413801400800E00145380140D4
:1063780008008C0000000000000000000000000081
:1063880000000000000000000000000020110020B4
:1063980000000000000000009F390008B53900081F
:1063A800150A00083D0A000800000000000000006F
:1063B800773900088D390008D7090008EF09000867
:1063C80000000000000000004F390008653900088F
:1063D8008B090008AD090008E81C00200000000037
:1063E80000000000EB530008D3540008030900081C
:1063F800000000000000000041DC00084BDC000841
:10640800D94F00080000000000000000390800080B
:106418004B080008EB130008000000000000000013
:10642800000000006D540008BB5400089D6C000873
:10643800FF080008611C00080D750008816C000841
:106448001973000801740008C11A0008CD1B000860
:1064580045730008D97300085B1F0008336C0008F7
:10646800771C0008276C00082D6C0008D124000850
:10647800A11D0008E51C0008F11D0008A91D000861
:10648800891C0008A96C0008CDE60108A19D000838
:10649800090B00083B6C0008091F00082B1F0008A7
:1064A8006CFEFFFF0000000041DC00084BDC000828
:1064B800D94F0008B5540008CD5400083908000821
:1064C8004B080008EB130008999D00080000000025
:1064D8000000000009830108238301080740010820
:1064E8001F3401080F4001086B49010837400108B3
:1064F800CD400108358301080000000000000000BD
:1065080000000000000000001F3401080000000027
:10651800000000005937010811380108FF820108FE
:1065280000000000000000003982010847820108CD
:106538001F34010823340108A74601082939010836
:106548000D6D0008598201080000000000000000DD
:106558000000000000000000000000000000000033
:106568000000000000000000000000000000000023
:106578000000000000000000680900200000000082
:1065880000000000870F00080D1000089D08000893
:106598000000000000000000EF0E0008750F000862
:1065A8007F0800080000000000000000570E0008E7
:1065B800DD0E00086108000800000000000000006F
:1065C80041DC00084BDC0008D94F0008A10D000889
:1065D800AD0D0008390800084B0800086D53000885
:1065E800000000000000000041DC00084BDC00084F
:1065F800D94F0008830D00088F0D000839080008DE
:106608004B0800083D0700080000000001000000DA
:106618000200000003000000040000000500000064
:106628000600000007000000080000000900000044
:106638000A0000000B0000000C0000000D00000024
:106648000E0000000F000000100000001200000003
:1066580013000000140000001500000016000000E0
:1066680017000000180000001C0000002D000000AA
:106678002E0000002F000000330000000000000082
:106688000000000000000000000000000000000002
:1066980000000000000000000000000000000000F2
:1066A80000000000000000000000000000000000E2
:1066B80000000000000000000000000000000000D2
:1066C80000000000000000000000000000000000C2
:1066D80000000000000000000000000000000000B2
:1066E80000000000000000000000000000000000A2
:1066F80000000000A5720008CB7200089D6C00081D
:10670800FF080008611C00080D750008816C00086E
:1067180019730008017400085D890008CD1B000882
:1067280045730008D97300085B1F0008336C000824
:10673800771C0008276C00082D6C0008D12400087D
:10674800A11D0008E51C0008F11D0008A91D00088E
:10675800891C0008A96C0008CDE60108A19D000865
:10676800090B00083B6C0008091F00082B1F0008D4
:106778006CFEFFFF0000000041DC00084BDC000855
:10678800D94F0008C5720008DD72000839080008F2
:106798004B080008EB130008999D00080000000052
:1067A8000000000041DC00084BDC0008D94F00085D
:1067B8008D750008A1750008390800084B08000805
:1067C800C55D0008918A0008859E0008056D0008CF
:1067D800F19E00083DA8000801620008A46E0208A6
:1067E80044920208000000000000000001000000C0
:1067F80001000000546E02084C6E02080000000000
:10680800000000000800000009000000000000006F
:1068180000000000A17B0008B57B000845060008C1
:106828002F09000821090008250900083F09000868
:10683800FF080008270900082B09000800000000CD
:1068480000000000C77B0008F97B00084506000827
:106858002F09000849A20008C7A200083F0900083C
:10686800FF080008270900082B090008B1BF000825
:106878002D6D00080000000000000000000000006E
:1068880000000000450600082F09000849A200087A
:10689800C7A200083F090008FF08000827090008E8
:1068A8002B090008000000002D6D00080000000002
:1068B800000000000000000000000000450600087D
:1068C8002F090008DFA2000827A300083F090008D5
:1068D800FF080008270900082B090008000000002D
:1068E8002D6D00080000000000000000817C0008F9
:1068F800A37C0008450600082F09000821090008A4
:10690800250900083F090008FF08000827090008B2
:106918002B090008EDE80108E8FFFFFF0000000070
:1069280041DC00084BDC0008D94F00089D7C0008BA
:10693800B57C0008390800084B0800087DB300083A
:106948000000000000000000BB7C0008EF7C00088D
:1069580045060008576D0008B1D40008250900084D
:106968003F090008FF08000827090008DD7700082C
:1069780049EA0108E8FFFFFF0000000041DC0008C9
:106988004BDC0008D94F0008E97C0008017D0008AD
:10699800390800084B08000895D4000800000000DA
:1069A800000000000000000000000000450600088C
:1069B8002F09000867A30008AFA300083F090008D3
:1069C800FF080008270900082B090008000000003C
:1069D8002D6D00080100000000806144000068443B
:1069E8000000C8421E000000A07002081E9702089E
:1069F800020000000080D8430000D9430000204175
:106A08000A000000A0700208219702080300000095
:106A18009A5959449A695944000020411B000000C2
:106A28008C70020828970208040000000000EB435D
:106A38000000FF430000C84213000000A0700208D5
:106A48002F970208050000000020664400E0664415
:106A58000000C8420D000000A0700208329702082A
:106A68000600000000C06444000068440000C842FA
:106A78001E000000A07002083597020816000000EA
:106A88006686D8431F65D9430000C8420E0000003F
:106A9800A07002083997020809000000CD2C59445B
:106AA800CD4C59440000C84214000000A0700208F0
:106AB80041970208070000000000664400C06644D1
:106AC8000000C84217000000A0700208449702089E
:106AD8000800000000006644004067440000C84207
:106AE8001B000000A0700208479702080A00000077
:106AF8000040584400C058440000C8421E0000002E
:106B0800A07002084A9702080B00000000005844D1
:106B1800000059440000C84224000000A070020888
:106B28004D9702080C0000000000664400406744CE
:106B38000000C84210000000A07002085497020824
:106B48000E0000000080D8439A59D9430000204124
:106B58000A000000A0700208579702080F00000002
:106B680000005944662659440000803F0E0000008A
:106B7800A07002085E970208100000000080D84349
:106B88000080D9430000C84214000000A070020829
:106B9800659702081100000000C0654400006744C2
:106BA8000000C8421B010000A07002086C97020890
:106BB8001200000000406544004067440000C842DD
:106BC80014000000A0700208739702081300000068
:106BD8000080D8439A59D9430000C8420A000000EF
:106BE800A07002087A9702081400000000005944B7
:106BF8009A5959440000C8420E000000A0700208CB
:106C0800819702081500000000C0644400806544B4
:106C18000000C84218000000A07002088897020807
:106C2800170000009A89D8433363D9430000C8424B
:106C38000A000000A07002088F97020818000000E0
:106C480000C05744000059440000C8421E0000001C
:106C5800A0700208969702081900000000405844E6
:106C6800000059440000C8421E000000A07002083D
:106C78009D9702081A0000000080614400E0624409
:106C88000000C8421E000000A0700208A497020875
:106C98000D0000000000164500381B450000C842E2
:106CA8000A000100A0700208AB970208000000006B
:106CB80000806144000068440000C8421E000000D3
:106CC80078700208B3970208010000000000000075
:106CD80000000000000000000000000000000000AC
:106CE8000200000001000000000000000000000099
:106CF8000000000000000000040000000000000088
:106D0800010000000000000000000000000000007A
:106D1800000000000000000000000000000000006B
:106D2800000000000000000007000000060000004E
:106D3800FFFFFFFFFFFFFFFFFFFFFFFFE8700208F5
:106D4800D4700208000000000000000006000000E7
:106D5800070000002F6D00082F6D00083B6D00082C
:106D68003B6D00084B6D00084B6D000800000000EB
:106D7800000000000000000000000000000000000B
:106D880000000000000000000000000000000000FB
:106D980000000000000000000000000000000000EB
:106DA80000000000000000000000000000000000DB
:106DB80000000000000000000000000000000000CB
:106DC8008C6E0208449202080000000000000000D7
:106DD8000300000003000000307002081C70020865
:106DE800000000000000000006000000060000008F
:106DF8000000000000000000B1120008CD120008D9
:106E0800BF060008C3060008041201110814044252
:106E18000C120C441012144414121C44281224445A
:106E28002C122C443012344400000000106E02086A
:106E38004492020800000000000000000800000062
:106E48000C000000346E0208000000000517010065
:106E58000000200009160100200022000C12444006
:106E68001012484019180140500038001C12884080
:106E7800211601008C001200251701009E00080051
:106E8800000000000412008009160100080022001A
:106E98000D1601002A00220000000000051701005D
:106EA8000000E70000000000106202080000000077
:106EB8000528084004004C0009120100640204007F
:106EC80000000000051801400400D4000918014022
:106ED800DC0018000D180140F8001C0011180140D2
:106EE800180114001518014030010C001918014050
:106EF800400124001D1801406801280021120100EA
:106F08009001040025180110950107002918012097
:106F18009E0148002D180120E8010C0031180110CD
:106F2800F501050035180120FC012400391801403D
:106F3800240210003D18011035025000411801309C
:106F480088022C0045180110B5020200000000005C
:106F5800F45C0208DC5C0208C45C0208AC5C020851
:106F6800945C02087C5C0208645C02084C5C0208C1
:106F78001C5C0208000000000518014004006000C5
:106F88000918014068002C000D18014098002800DD
:106F980011180140C400C400151801408C011800E4
:106FA80019180140A80140001D180140EC01080013
:106FB80021120100F401040025180120FA01B00093
:106FC80029180120AC02300000000000B86E020849
:106FD800B06E02080000000000000000020000007F
:106FE80002000000CC6E0208D85B02080000000016
:106FF800000000001100000011000000806F02086E
:10700800586F020800000000000000000A0000009D
:107018000A00000004700208EC6F0208D46F02082E
:107028003C5D020800000000051201000000040099
:1070380009140100040004000D1801801000E0028A
:1070480011180140F402B80215180140B005680291
:10705800191801201A086A000000000000FF00014A
:107068000304050607FF000103040506070809FFD6
:107078006470020800000000000000000100000029
:107088000000000066700208000000000000000018
:1070980000000000000000006E7002080000000000
:1070A8000000000001000000000000000412004081
:1070B80000000000B47002084492020800000000BA
:1070C800000000000100000001000000A0620208AA
:1070D800E0610208B0610208BC700208000000000C
:1070E80005380140040060010D320140040004002D
:1070F80011300140040001001538014004008800E7
:10710800193801400400F6011D380140040004004C
:10711800000000000000000000000000077D0008DB
:107128002B7D0008450600082F09000867A3000802
:10713800AFA300083F090008FF0800082709000856
:107148002B0900084D7800082D6D000889E6010814
:10715800E0FFFFFF0000000041DC00084BDC0008F6
:10716800D94F0008257D00083D7D00083908000832
:107178004B080008D5770008000000000000000058
:107188000B7C0008217C0008450600082F09000830
:10719800DFA2000827A3000855B60008FF0800086A
:1071A80027090008A3B30008377600082D6D0008EA
:1071B80000000000000000000D6F0008916F00083B
:1071C8007D6D0008BE9202083A9602080000000091
:1071D80000000000E3750008F97500085B6E000800
:1071E800656E0008FC940208B60900200000000043
:1071F8006410B71DC8206E3BAC30D9269041DC76B0
:10720800F4516B6B5861B24D3C7105502083B8ED59
:1072180044930FF0E8A3D6D68CB361CBB0C2649B7D
:10722800D4D2D38678E20AA01CF2BDBD00000000CB
:107238000000000019E1000855E10008C9D900085C
:1072480000000000000000002DE1000867E10008D0
:1072580099690008000000000000000041E10008F2
:1072680079E10008C9DA0008607B0208587B020847
:1072780000000000000000000400000004000000FE
:10728800000000000000000041DC00084BDC0008A2
:10729800D94F00082BE2000851E20008390800081D
:1072A8004B08000873EC0008000000000000000014
:1072B80063E20008A3E2000845060008E7D90008D1
:1072C800AFE30008F7E3000899020108FF08000887
:1072D800270900082B090008D1E10008ABE10008E4
:1072E80019EB0108E0FFFFFF0000000041DC000887
:1072F8004BDC0008D94F00089DE20008B5E2000801
:10730800390800084B080008A3E100080000000045
:107318000000000000000000000000004506000812
:107328002F090008AFE30008F7E300083F09000849
:10733800FF080008270900082B09000800000000C2
:107348002D6D000800000000000000000000000093
:1073580000000000450600082F090008BFE40008E7
:1073680007E500083F090008FF080008270900088A
:107378002B090008000000002D6D00080000000027
:107388000000000041DC00084BDC0008D94F000871
:10739800E3E200081FE30008390800084B0800086A
:1073A80011060108FF08000821EE0108A1EE0108F6
:1073B800D0FFFFFF0000000019E3000831E30008D8
:1073C800450600082F09000847E50008C5E500083C
:1073D800CB050108E7DA0008270900082B0900088F
:1073E80015EE00082D6D00080000000000000000E8
:1073F8000000000000000000450600082F090008F2
:1074080047E50008C5E500083F090008FF0800082F
:10741800270900082B090008000000002D6D00084E
:10742800000000000000000037E3000861E30008E6
:1074380045060008576D0008DBE900082509000823
:107448003F090008FF080008270900082B09000861
:10745800000000000000000073E300089DE300083E
:10746800450600082F0900086DEA000825090008EC
:107478003F090008FF08000809DB00082B0900087D
:107488002C78020844920208000000000000000066
:1074980004000000040000000000000000000000DC
:1074A80089E90008C3E90008450600082F09000813
:1074B80037E400087FE4000889240108FF08000871
:1074C800270900082B090008D3FE000855E9000821
:1074D80049EE0108E0FFFFFF0000000041DC000862
:1074E8004BDC0008D94F0008BDE90008D5E90008C1
:1074F800390800084B080008710301080000000063
:107508000000000000000000000000004506000820
:107518002F09000837E400087FE400083F09000845
:10752800FF080008270900082B09000800000000D0
:107538002D6D00082C01000058020000B004000066
:1075480060090000C012000080250000004B000008
:107558000096000000E1000000C201000084030062
:107568000008070000CA080000100E000A0000000A
:107578000B0000000C0000000D0000000E000000D1
:107588000F000000110000001200000013000000AE
:107598000000000000000000FDEB000811EC0008EE
:1075A8004506000815DA000841EB0008250900081F
:1075B80031EB0008FF080008270900082B0900081C
:1075C800000000000000000023EC00085BEC00084D
:1075D800AD6A000843810008E1A400086D6E000848
:1075E800156E000823DA0008B9690008C306000808
:1075F800C3060008C59B00081D9B000881EB010815
:1076080060F5FFFF0000000041DC00084BDC0008CB
:10761800D94F000855EC00086DEC0008390800083F
:107628004B08000829EB0008E07A0208BC7A020837
:107638000000000000000000090000000900000030
:10764800070000000030014012050000070100009B
:1076580000000158020D00000A0000000038004038
:10766800120500000C000000003001401205000067
:10767800150000000030014012050000FFFFFFFF69
:107688000000000000000000050000000038004075
:10769800120300000600000000300140120500003F
:1076A8000601000000000158020D00000B00000058
:1076B80000300140120500001400000000300140B5
:1076C80012050000FFFFFFFF00000000000000009F
:1076D8000100000000300140120500000500000014
:1076E80000300140120500000501000000000158AB
:1076F800020D0000080000000038004012050000DC
:1077080009000000003800401205000013000000C6
:107718000030014012050000FFFFFFFF00000000DD
:1077280000000000040000000030014012050000C5
:107738000401000000000158020D000009000000CB
:1077480000380040120300000F0000000030014024
:107758001205000012000000003001401205000070
:107768001C0000000038004012050000FFFFFFFF6A
:10777800000000000000000000000048000400486D
:1077880000080048001C004800000000000000003D
:10779800FF2501086F260108450600082F09000883
:1077A800DDE5000825E60008E7E80008EBDA000850
:1077B80005DB00082B09000801D40008872601080A
:1077C80041EF0108D4FFFFFF0000000041DC000882
:1077D8004BDC0008D94F00086926010881260108FA
:1077E800390800084B080008A92B01080000000010
:1077F800000000000000000000000000450600082E
:107808002F090008DDE5000825E600083F09000803
:10781800FF080008270900082B09000800000000DD
:107828002D6D0008052408400400040009210820E3
:10783800260001000D240820300004001121082032
:107848005200010000000000041200400812044029
:107858000C12084010120C40141210401812144058
:107868001C1218400000000005120100000004006E
:1078780009120100080008000D120100100008009C
:107888001112018020000800151201803000080044
:1078980019120100380002001D1201003A0002000E
:1078A800211201003C000200251701103F00C8000A
:1078B8000000000004120111081203110C140844FE
:1078C8000000000004120040081404400C14084092
:1078D80010120C4014121040181214401C121820D8
:1078E80020121A2024121C40281220402C12244056
:1078F8003012284034122C40381230203C113440C9
:10790800000000000414044408140C440C1414442B
:1079180010141C441414244418142C441C14344407
:1079280020143C442414444428144C442C14544437
:1079380030145C443414644438146C443C14744467
:1079480040147C44000000000412044408120C4453
:107958000C12144410121C441412244418122C44FF
:107968001C12344420123C442412444428124C442F
:107978002C12544430125C443412644438146C445D
:107988003C14744440147C444414844448148C4487
:107998004C12944450129C445414A4445814AC44BB
:1079A8005C14B4446014BC446414C4440000000073
:1079B8000414044408140C440C14144410141C44F7
:1079C8001414244418142C441C1232222014384451
:1079D80024144044281448442C1450443014584467
:1079E80034125E22381464443C146C4440147444C9
:1079F80044147C44481484444C148C4450149444D7
:107A08005412991158149C42000000005078020842
:107A18004492020800000000000000000700000077
:107A28000700000070780208449202080000000075
:107A3800000000000900000009000000BC780208EE
:107A4800449202080000000000000000030000004B
:107A580003000000CC7802084492020800000000ED
:107A6800000000000F0000000F0000000C79020861
:107A7800449202080000000000000000100000000E
:107A8800100000005079020844920208000000002B
:107A9800000000001900000019000000B879020871
:107AA80044920208000000000000000016000000D8
:107AB800160000000C5D0208A47A02088C7A0208FD
:107AC800747A02085C7A0208447A02082C7A02085E
:107AD800147A0208000000000514010000000400E8
:107AE80009380140080028000D3801400800A000AE
:107AF800113801400800C80015380140080080000E
:107B080019380140080038001D38014008000C00F1
:107B180021380140080008012538014008001C00F0
:107B28000000000004120040081404400C1408402F
:107B380010120C40000000002C7B0208449202083E
:107B48000000000000000000040000000400000025
:107B5800407B0208000000000412004008120440A4
:107B68000C12084011280A40100010000000000004
:107B7800000000000000000011DB00088BE1000895
:107B88000000000000000000BBE20008D1E200088D
:107B9800450600083B090008BFE4000807E500089F
:107BA80011DA0008FF080008270900082B09000857
:107BB800790301082D6D000891EA0008FFFFFFFF17
:107BC800000000008001000080010000637C777BDA
:107BD800F26B6FC53001672BFED7AB76CA82C97DC1
:107BE800FA5947F0ADD4A2AF9CA472C0B7FD932652
:107BF800363FF7CC34A5E5F171D8311504C723C356
:107C08001896059A071280E2EB27B27509832C1A99
:107C18001B6E5AA0523BD6B329E32F8453D100EDF3
:107C280020FCB15B6ACBBE394A4C58CFD0EFAAFBD7
:107C3800434D338545F9027F503C9FA851A3408F9F
:107C4800929D38F5BCB6DA2110FFF3D2CD0C13ECB7
:107C58005F974417C4A77E3D645D197360814FDC4C
:107C6800222A908846EEB814DE5E0BDBE0323A0A30
:107C78004906245CC2D3AC629195E479E7C8376DB4
:107C88008DD54EA96C56F4EA657AAE08BA78252ED9
:107C98001CA6B4C6E8DD741F4BBD8B8A703EB56662
:107CA8004803F60E613557B986C11D9EE1F8981153
:107CB80069D98E949B1E87E9CE5528DF8CA1890D42
:107CC800BFE6426841992D0FB054BB1652096AD5D8
:107CD8003036A538BF40A39E81F3D7FB7CE33982B9
:107CE8009B2FFF87348E4344C4DEE9CB547B943208
:107CF800A6C2233DEE4C950B42FAC34E082EA16650
:107D080028D924B2765BA2496D8BD12572F8F66426
:107D180086689816D4A45CCC5D65B6926C704850A1
:107D2800FDEDB9DA5E154657A78D9D8490D8AB0056
:107D38008CBCD30AF7E45805B8B34506D02C1E8F7F
:107D4800CA3F0F02C1AFBD0301138A6B3A911141BB
:107D58004F67DCEA97F2CFCEF0B4E67396AC7422A4
:107D6800E7AD3585E2F937E81C75DF6E47F11A7122
:107D78001D29C5896FB7620EAA18BE1BFC563E4B5B
:107D8800C6D279209ADBC0FE78CD5AF41FDDA8331D
:107D98008807C731B11210592780EC5F60517FA95D
:107DA80019B54A0D2DE57A9F93C99CEFA0E03B4D8C
:107DB800AE2AF5B0C8EBBB3C83539961172B047E00
:107DC800BA77D626E169146355210C7D001B362D40
:107DD8006C775A410001020408102040801B3600CD
:107DE800982F8A4291443771CFFBC0B5A5DBB5E91E
:107DF8005BC25639F111F159A4823F92D55E1CAB92
:107E080098AA07D8015B8312BE853124C37D0C551F
:107E1800745DBE72FEB1DE80A706DC9B74F19BC167
:107E2800C1699BE48647BEEFC69DC10FCCA10C2457
:107E38006F2CE92DAA84744ADCA9B05CDA88F9763B
:107E480052513E986DC631A8C82703B0C77F59BFA5
:107E5800F30BE0C64791A7D55163CA0667292914D1
:107E6800850AB72738211B2EFC6D2C4D130D38536E
:107E780054730A65BB0A6A762EC9C281852C729230
:107E8800A1E8BFA24B661AA8708B4BC2A3516CC75E
:107E980019E892D1240699D685350EF470A06A1097
:107EA80016C1A419086C371E4C774827B5BCB034E6
:107EB800B30C1C394AAAD84E4FCA9C5BF36F2E6884
:107EC800EE828F746F63A5781478C8840802C78C13
:107ED800FAFFBE90EB6C50A4F7A3F9BEF27871C616
:107EE800010000000200000004000000080000007B
:107EF800100000002000000040000000800000008A
:107F0800000100000002000000040000000800005A
:107F18000010000000200000004000000080000069
:107F2800020104030204081004004000000422FBBC
:107F38001200110321001106210322021406110B5D
:107F4800120B110E120E11141116220B13152111FA
:107F5800240D21142116221523154113411433141D
:107F6800521361165216531663166416741650008F
:107F7800B00018017801B0021803C8053006300CAB
:107F8800980C01010000010001000000010001003F
:107F9800000F060300122436480416283A4C081A23
:107FA8002C3E0C1E30421022344601132537490559
:107FB80017293B4D091B2D3F0D1F31431123354711
:107FC800021426384A06182A3C4E0A1C2E400E2057
:107FD8003244031527394B07192B3D4F0B1D2F41F1
:107FE8000F213345000000000000000000000000E1
:107FF8000000000000000000000000000000000079
:108008000000000001000000000000000000000067
:108018000000000000000000000000000000000058
:1080280000000000E0EB7A7C3B41B8AE1656E3FA5C
:10803800F19FC46ADA098DEB9C32B1FD86620516A0
:108048005F49B8005F9C95BCA3508C24B1D0B15552
:108058009C83EF5B04445CC4581C8E86D8224EDD9A
:10806800D09F1157ECFFFFFFFFFFFFFFFFFFFFFF50
:10807800FFFFFFFFFFFFFFFFFFFFFFFFFFFFFFFF08
:10808800FFFFFF7F0000000000000000000000006C
:1080980000000000AD6A000843810008E1A4000860
:1080A8006D6E0008B769000800000000B969000893
:1080B800C3060008C3060008000000000000000016
:1080C80000000000000000000000000000000000A8
:1080D8000000000000000000000000000000000098
:1080E8000000000000000000000000000000000088
:1080F8000000000000000000000000000000000078
:108108000000000000000000000000000000000067
:1081180000000000C88F0208BC8F020800000000A1
:108128000000000003000000030000000000000041
:108138000000000013DB00089D120108BF060008BC
:10814800710E01082BDB0008DF0F0108FD0F010885
:10815800498801086B8801087C8D0208748D020823
:1081680000000000F12200080200000002000000E8
:10817800302112031203302103122130213003125F
:10818800437034072516526152612516340743702F
:10819800073470436152162516256152704307341F
:1081A800340743705261251625165261437034070F
:1081B80070430734162561526152162507347043FF
:1081C800000000000000000041DC00084BDC000853
:1081D80061FD0008000000000000000041DC00080C
:1081E8004BDC0008D94F0008000000000000000028
:1081F800390800084B0800080000000000000000D3
:108208000000000041DC00084BDC000875FD000898
:1082180000000000208D0208048D02080000000004
:10822800000000000A0000000E000000000000002E
:1082380000000000000000000000000045060008E3
:108248000000000021090008250900083F0900086E
:10825800FF080008270900082B0900080000000093
:1082680000000040128100000100000000000040F2
:10827800120101000200000000000040128101000C
:108288000300000000000040120102000500000089
:108298000000004012810000060000000044014078
:1082A800128E000007000000002C0140128110000F
:1082B8000701000000480140128E0000080000007D
:1082C800002C01401281000009000000002C014030
:1082D800120101000A000000002C01401281010077
:1082E8000B000000002C0140120102000F000000EA
:1082F8000000004012810000130000000000004050
:10830800120101001600000000440140128E100006
:108318001700000000480140128E100018000000ED
:10832800002C014012011100180100000044014016
:10833800128E0000FFFFFFFF000000000000000099
:108348000000000000000000C5060008F1870108D1
:10835800BF060008C3060008615000085E10D20F6F
:10836800960F320FD80E880E2E0ECA0D5C0DE40C37
:108378001C0C00000000000000000000C1630008A1
:1083880000000000000000000000000000000000E5
:1083980000000000000000000000000000000000D5
:1083A80000000000000000000000000000000000C5
:1083B80000000000000000000000000000000000B5
:1083C80000000000000000000000000000000000A5
:1083D8000000000000000000000000000000000095
:1083E8000000000000000000000000000000000085
:1083F8000000000000000000000000000000000075
:108408000000000000000000000000000000000064
:108418000000000000000000000000000000000054
:108428000000000000000000000000000000000044
:10843800F47ECC17E6B4A322ECEED9084F3963EAF0
:108448008075E124CE05366963B2CBC028D3348B5E
:108458005A9EA2A68AA666C15F550064A3A6FE71AD
:10846800C0BB82C3323D7A7AE36EFDDDAD3A66B9B0
:10847800B3DF3B2E67B6D5F8DF762C455E2EBD16EA
:10848800C5F867AA15F8920BDF5A6650AC0DBB2FDA
:108498003B8F863A381F7739A94EEF91185A62E117
:1084A800AA9D36EACE60358D9D1FF4B8C9136A5D62
:1084B800367E2DE1845F425229110A2564546A6B85
:1084C800FDB665FF151A5171224057F6919B645805
:1084D8001677EBA45291FB26CF8FD7D9D15DC4680C
:1084E8007375EDC59558EE9056D42F3129F78C1F2A
:1084F800318CA95EED3C12BF979C478E989DC23E79
:1085080086239029C8B020F8B1B0AA192ACF0A54F6
:10851800A48A990E51DC1220F313F52B3AE2434258
:10852800C65298CDBBCAB131A0D4D630F327FB4987
:10853800D23F138D22048D075958A0F955CF30A08A
:108548002E2FCA8020E4DEA1ADD958B3432B227068
:108558004041EC6AD2D603E49A9EBD6C0A9B75A48E
:10856800BCAB6FA795FF2DF6E9B9AB4C0C1CD03B03
:108578002249322B00F922FA1702E96482F04D1BD6
:10858800C704FCDC8C5EB6D916D637CE59AA094981
:10859800486F1E48978864ACE8EB30A3C3E1CF97D7
:1085A80039A6555B5FBF18B73ADFA875E79DE01E8F
:1085B80009B4E26D2898C9476646BFFF581791AAC3
:1085C800C3BF4A9D0B88B1F103DD61D7BA9E649899
:1085D800393984E0222F7D78451872B413D2012FDF
:1085E8003CA1B0FE39D0F13C72D6EF54D57722A029
:1085F8000ADA5FECFF5CC02E5FC48D03E58059D3B7
:108608005D4986E98DF6F616353DF99B29559E6438
:108618000856F0D7EF77D6111C8F952D3CDFB12285
:10862800BF609BE5A9C06E4B01DCD15744B2A5CF12
:108638002CB27785D6B7489CFEBC802660F46DCEF8
:108648001131A21E330A6D2B00FA0C90958F5C6BCA
:10865800FA59C86E94EE75C99AB0FE893640C99920
:108668004A3BF4AA1224A20FF9D108CB7819AAE53B
:108678006E427A4A8C616222A189D3A4C219A3836B
:1086880053A77A0A89E25452623DE7CA8CF66A60B7
:1086980020272FBA0C99D729F31135899D0E24A1CB
:1086A800C3CBDF8AF1C6FED0D79F92D68F59BFE4DD
:1086B8009170B47CFBFFA0596A251CA99EE94381EF
:1086C8005D74B1B10928004AAFE3FCA94E27764C86
:1086D80085FE7CECB67874C3ECE1327FB0B70274E7
:1086E800F923D8E7FA14E6EE6644B18CA52F7ED2BA
:1086F8008E66657B3B6F7ECC57B457EACC83F5AA70
:10870800F765A3CE937213C1B6467B2945B5C893C6
:10871800CC11FB1AABA131876AC6DE8887A9B95983
:1087280037828DB2CCD897409A5C8F4055CB4C3E5F
:1087380000000000000000002F200008A120000811
:10874800E08D02088C8D0208000000000000000087
:108758003B0000006700000000000000000000006F
:10876800258A00084F6E00088D4B0108AD4B0108A3
:10877800094C0108654C0108C14E0108A74F0108C2
:10878800DF2B0108092C0108B14F0108B54F01087A
:1087980089500108E3720008152C0108396C00089B
:1087A800572C0108774B0108D12B010845510108C6
:1087B800ED500108F12C0108F32C0108B92B010830
:1087C800000000000000000015640108534B010878
:1087D8009B4B0108BB4B0108174C0108654C01086D
:1087E800C14E0108A74F0108DF2B0108092C010819
:1087F800B14F0108B54F010889500108A950010877
:10880800152C0108552C0108572C0108774B010835
:10881800D12B010845510108ED500108F12C010840
:10882800F32C0108B92B01080000FFFF00008000AD
:108838000000000008000800000000000000000020
:10884800E8030000FFFFFFFFFFFFFFFFFFFFFFFF41
:10885800FFFFFFFFFFFFFFFF000000000000000018
:1088680013640108474B010889650108AD550108E3
:10887800B1550108B9550108992F01083533010888
:108888002D2E01085F330108792F01088F66010832
:108898003F670108436101087B5D0108F96401082D
:1088A8004D6B0108D36A0108F16C0108EB6D0108F2
:1088B8008D7A0108915E01086D2D0108436D01084C
:1088C800FD79010879540108573201080D6701083C
:1088D8008755010839690108D92F01087969010804
:1088E8006D310108655501085D550108853101089C
:1088F800B32F01080D680108016901081D2F01083F
:10890800412F0108C15F01083D2D0108452D0108CF
:108918003D2D0108452D01083D2D0108452D010873
:10892800932D0108A96A01081B7101085760010805
:108938008F310108614E0108A94E0108E56E010852
:10894800B16F0108F7600108217C010887800108E0
:10895800BD8001081581010800000000000000002A
:1089680035870108838B0108198701086589010883
:10897800F1860108C5870108FF86010849880108B2
:108988006B880108000000000000000051F2000898
:10899800D1F10008BF06000865E600080DDC0008F4
:1089A80015DC00082FDC0008498801086B880108DD
:1089B8000000000000000000ED8D010804140040D4
:1089C800081004100C10051010100610000000000C
:1089D800C489020844920208000000000000000058
:1089E8000400000004000000041204440000000019
:1089F80004100111081204420C140C4410121444FF
:108A080014121C441810211100000000041404441E
:108A18000810091100000000041001110812044296
:108A28000C140C441012144414121C441810211174
:108A38001C1023110000000004120040081104401B
:108A48000C10081000000000D8890208000000007F
:108A58000518014004000800000000000518014046
:108A680004000800091701000C0021000C11304017
:108A780000000000F089020844920208000000008B
:108A8800000000000100000001000000F889020851
:108A980044920208000000000000000006000000E8
:108AA80006000000148A0208449202080000000030
:108AB800000000000200000002000000208A0208F6
:108AC80044920208000000000000000007000000B7
:108AD80007000000408A02084492020800000000D3
:108AE800000000000300000003000000588A02088C
:108AF800508A020800000000000000000100000089
:108B080001000000648A0208508A02080000000080
:108B180000000000030000000300000004120040F1
:108B2800091801100500110000000000C48A02089D
:108B3800AC8A0208948A02087C8A020800000000B5
:108B48000518014004002400091801402C000C00FD
:108B58000D1801403C002400111801406400080071
:108B68000000000004120010091601000200220093
:108B78000000000004120010081204400C120880C3
:108B880010121444000000003C5D020800000000C0
:108B9800041200400918012006006A000C10701029
:108BA80010107110000000000412001008120110CB
:108BB8000C12022010120420000000002C8C020865
:108BC8000000000005281040040018000000000004
:108BD8000517010000000800081108400C140C409B
:108BE8001117010010000500000000000C8B02089E
:108BF800F48A0208DC8A02080C530208000000000C
:108C08000518014004003400091801403C000C001C
:108C18000D1801404C000C00111801405C000800C0
:108C280000000000248B02083C53020800000000EA
:108C3800000000000200000002000000488B02084B
:108C4800348B02080000000000000000040000004F
:108C5800040000006C8B0208449202080000000027
:108C68000000000002000000020000007C8B0208E7
:108C78004492020800000000000000000400000008
:108C880004000000988B0208908B02080000000086
:108C9800000000000400000004000000B08B02087F
:108CA80044920208000000000000000004000000D8
:108CB80004000000CC8B0208C48B020800000000EE
:108CC800000000000100000001000000D88B02082D
:108CD80044920208000000000000000004000000A8
:108CE80004000000088C0208F48B02080000000051
:108CF8000000000004000000040000008862020870
:108D08003C5D0208A0620208A0620208A062020894
:108D18002C8C0208000000000918014004004C00D7
:108D28000D18012052006A0015280140C00060019A
:108D38001D1801402402600121120100840304006F
:108D480025100100880301002D100100890301008E
:108D5800311801208C03600135280C40F0041800FC
:108D6800391201001006040000000000B44E020889
:108D780000000000041200400968010004000C0013
:108D880000000000106202083C5D020858620208F8
:108D980028620208C8610208EC8C0208D48C020818
:108DA800BC8C0208A48C02083C5D02081062020810
:108DB8005862020828620208245D020868610208F5
:108DC800686102088C8C0208748C02085C8C0208AA
:108DD800448C0208000000000532018008000400ED
:108DE8000938018008004C000D300180080001009E
:108DF8001138018008006A0015320180080001005E
:108E0800193801800800D0001D32018008000100D7
:108E1800213801800800D8002930018008000100AD
:108E28002D3701800800C900313001800800010099
:108E38003538018008002C00393001800800010015
:108E48003D3701800800E70041300180080001003B
:108E5800453801800800640049380180080018007E
:108E68004D3001800800010051380180080084015C
:108E78005530018008000100593701800800C900F9
:108E88005D320180080004006132018008000100A1
:108E98006532018008000100693201800800010084
:108EA8006D380180080006008138018008006A00DA
:108EB8008538018008004C00893801800800D000FE
:108EC8008D3801800800D800913701800800C9005A
:108ED800953701800800E7009932018008000400F6
:108EE8009D32018008000400A132018008000400BE
:108EF800A538018008007400A9300180080001002D
:108F0800AD34018008000400B13001800800010080
:108F1800B538018008008C00B938018008008C0041
:108F2800BD32018008000400C1320180080004003D
:108F3800C5320180080004000130018008000110DA
:108F480005300180080001100938018008007410FC
:108F58000D38018008001810113001800800011038
:108F680079310180080004107D3101800800041067
:108F7800813001800800011085310180080004104B
:108F880089310180080004108D3101800800041027
:108F980091300180080001109516010090010A1017
:108FA80099380180080024109D38018008006C1051
:108FB800000000008874020888740208000000009D
:108FC8000538014004005C000938014004005C00D9
:108FD8000C320414000000004445425547001B5B56
:108FE80033346D00494E464F20001B5B33326D0011
:108FF8005741524E20001B5B33336D004552524F90
:1090080052001B5B33316D001B5B306D00322E3715
:109018002E32322E63353330336336004174746533
:109028006D707420656E63727970742077697468E6
:10903800206E6F6E63653A2000417474656D7074BC
:1090480020656E637279707420776974682073681C
:10905800617265645F6B6579207374617274696E9F
:109068006720776974683A2000417474656D70747C
:1090780020646563727970742077697468206E6FF4
:109088006E63653A2000417474656D707420646580
:109098006372797074207769746820736861726587
:1090A800645F6B6579207374617274696E67207789
:1090B8006974683A2000766563746F723A3A5F4D56
:1090C8005F7265616C6C6F635F696E736572740063
:1090D8005452414345001B5B33356D002573200016
:1090E8007C20253032643A253032643A25303264A7
:1090F80020257520007C203F3F3A3F3F3A3F3F20E4
:10910800257520005B005D20004D657368746173F0
:109118007469632025303478002125303878002F91
:109128007374617469632F72616E676574657374B3
:109138002E63737600766563746F723A3A5F4D5F9B
:1091480072616E67655F636865636B3A205F5F6E27
:109158002028776869636820697320257A75292033
:109168003E3D20746869732D3E73697A652829200D
:1091780028776869636820697320257A752900490A
:109188006E636F6D696E67205075626B65793A2002
:10919800005361766564205075626B65793A2000EA
:1091A80052656D6F74652064657669636520257303
:1091B80020686173206164766572746973656420E0
:1091C800796F7572207075626C6963206B65792E92
:1091D8002054686973206D617920696E64696361E0
:1091E8007465206120636F6D70726F6D697365645B
:1091F800206B65792E20596F75206D6179206E6519
:10920800656420746F20726567656E657261746548
:1092180020796F7572207075626C6963206B65794F
:10922800732E00766563746F723A3A5F4D5F7261B0
:109238006E67655F696E73657274000000000000F8
:10924800456E746572205365637572697479204E32
:10925800756D62657220666F72204B657920566560
:1092680072696669636174696F6E005665726966D2
:1092780069636174696F6E3A200A0046696E616CB1
:1092880020636F6E6669726D6174696F6E20666FB8
:109298007220696E636F6D696E67206D616E7561AE
:1092A8006C206B657920766572696669636174699B
:1092B8006F6E202573002F70726566732F72696E4A
:1092C80067746F6E652E70726F746F004D6573688A
:1092D80020436F6E74726F6C2075706461746520C2
:1092E80072656365697665642066726F6D202725EF
:1092F800732720287365713D2575292E20417070CC
:10930800726F766520696E2061707020746F2061BD
:1093180070706C792073657474696E67732E00635E
:10932800616E6E6F74206372656174652073746416
:109338003A3A6465717565206C617267657220746C
:1093480068616E206D61785F73697A6528290050BD
:10935800726573657420257320696E76616C696423
:1093680020666F722025732C207573696E6720251F
:10937800730050726573657420257320696E766179
:109388006C696420666F72202573002573207370E2
:10939800616E20252E30666B487A203C20726571FC
:1093A80075657374656420252E30666B487A0043B2
:1093B80068616E6E656C206E756D626572202575CC
:1093C80020696E76616C696420666F722025732C43
:1093D800206D617820697320257500467265717566
:1093E800656E6379206F7665727269646520696E4F
:1093F80020706C6163652C207573696E6720252E5B
:109408003366002F7072656673002F70726566731D
:109418002F7472616E736D69745F686973746F72AB
:10942800792E64617400434445425954455F453779
:10943800372D4D424C00202530327800536574207A
:1094480061646D696E206B657920746F20005472B9
:10945800616365526F7574652063616E206F6E6C11
:10946800792062652073656E74206F6E6365206570
:1094780076657279203330207365636F6E6473008C
:109488004D756C74692D686F7020747261636572B4
:109498006F75746520746F2062726F6164636173A5
:1094A800742061646472657373206973206E6F74CD
:1094B80020616C6C6F776564002F004475747920A7
:1094C8006379636C65206C696D6974206578636580
:1094D800656465642E20596F752063616E2073651D
:1094E8006E6420616761696E20696E202564206D55
:1094F800696E730073657269616C006770696F00EB
:1095080025732073746174653A20256900257320DA
:1095180064657465637465640046696E616C206394
:109528006F6E6669726D6174696F6E20666F722006
:109538006F7574676F696E67206D616E75616C20F9
:109548006B657920766572696669636174696F6EA7
:1095580020257300496E636F6D696E67204B6579CE
:1095680020566572696669636174696F6E2E0A5365
:1095780065637572697479204E756D6265720A2526
:10958800303375202530337500526562726F61641F
:1095980063617374206D6F64652063616E27742046
:1095A80062652073657420746F204E4F4E452066A7
:1095B8006F72206120726F7574657220726F6C65AE
:1095C80000526567696F6E20257320726571756931
:1095D800726573206C6963656E736564206D6F6472
:1095E80065006D73680025732F257300596F75200A
:1095F8006D7573742070726F76696465206174206C
:109608006C65617374206F6E652061646D696E208E
:109618007075626C6963206B657920746F20656E64
:1096280061626C65206D616E61676564206D6F6451
:10963800650061646D696E00496E636F6D696E6780
:109648002073657373696F6E206B65793A200045E6
:10965800787065637465642073657373696F6E20D1
:109668006B65793A200073656B726974004C6963A5
:10967800656E736564206D6F6465206163746976D7
:10968800617465642C2072656D6F76696E67206100
:10969800646D696E206368616E6E656C20616E64CE
:1096A80020656E6372797074696F6E2066726F6D73
:1096B80020616C6C206368616E6E656C73002F703E
:1096C800726566732F7569636F6E6669672E70724F
:1096D8006F746F002F6261636B757073002F626126
:1096E800636B7570732F6261636B75702E70726F28
:1096F800746F004D65736820436F6E74726F6C20D1
:10970800757064617465206469736361726465640B
:10971800002E746D700055530045555F3433330087
:1097280045555F38363800434E004A5000414E5A7E
:1097380000414E5A5F343333005255004B520054A7
:109748005700494E004E5A5F383635005448005588
:10975800415F3433330055415F383638004D595F27
:10976800343333004D595F3931390053475F39324B
:10977800330050485F3433330050485F3836380080
:1097880050485F393135004B5A5F343333004B5AF8
:109798005F383633004E505F3836350042525F39F5
:1097A8003032004C4F52415F323400554E534554CD
:1097B80000656E642D6F662D73747265616D006946
:1097C8006F206572726F7200766172696E74206FB5
:1097D800766572666C6F7700696E76616C69642075
:1097E800776972655F7479706500706172656E740F
:1097F8002073747265616D20746F6F2073686F7267
:10980800740053657269616C4D6F64756C65526163
:1098180064696F003F3F3F0025733A202573006954
:109828006E76616C69642073697A650073697A651C
:1098380020746F6F206C61726765007265616C6C73
:109848006F63206661696C656400696E76616C6936
:109858006420756E696F6E20746167006172726151
:1098680079206F766572666C6F77006661696C65E2
:109878006420746F207365742064656661756C7408
:109888007300696E76616C6964206669656C642032
:109898007479706500746F6F206D616E79206172E4
:1098A80072617920656E74726965730063616C6CAE
:1098B8006261636B206661696C6564007A65726FCA
:1098C8002074616700696E76616C696420657874DC
:1098D800656E73696F6E0077726F6E672073697A51
:1098E8006520666F7220666978656420636F756E9F
:1098F80074206669656C64006D697373696E6720AE
:109908007265717569726564206669656C64007753
:10991800726F6E6720776972652074797065006967
:109928006E76616C696420646174615F73697A65DD
:1099380000696E746567657220746F6F206C617260
:109948006765006279746573206F766572666C6FFF
:109958007700737472696E67206F766572666C6FD4
:109968007700696E76616C6964206669656C64204D
:1099780064657363726970746F7200696E636F7285
:1099880072656374206669786564206C656E6774B7
:10999800682062797465732073697A65002E2E00D9
:1099A80073747265616D2066756C6C00627974659C
:1099B800732073697A6520657863656564656400FA
:1099C8007A65726F2D6C656E67746820737472693E
:1099D8006E6700756E7465726D696E61746564207A
:1099E800737472696E670063616C6C6261636B208B
:1099F8006572726F72006172726179206D61782090
:109A080073697A6520657863656564656400286EA6
:109A18006F6E652900203E20002800644229004E10
:109A28006F20726573706F6E736520726563656908
:109A3800766564005761697420666F7220000000C3
:109A4800486172644661756C74210D0A000000005B
:109A580072303A20253038780D0A000072313A20E9
:109A6800253038780D0A000072323A2025303878CF
:109A78000D0A000072333A20253038780D0A0000AC
:109A88007231323A20253038780D0A006C723A204B
:109A9800253038780D0A000070635B726574757242
:109AA8006E20616464726573735D3A20253038787E
:109AB8000D0A0000787073723A20253038780D0A44
:109AC800007375626D73672073697A6520636861D6
:109AD8006E67656400212D30333639002D256C649E
:109AE8002E25302A6C64003078253038780001083B
:109AF800AC00657870616E642033322D62797465CC
:109B0800206BB02AAE7DEECBBBB1FC036FDDDC7DF4
:109B180076670CE81F0DA3A0AA1EB0BD726B2B4C74
:109B28008A7E34FC3760F41E22A00BFB188460A5E3
:109B3800777200D4F1BB3A20290759F0BCFFABCFAC
:109B48004E690100437573746F6D004C6F6E6753F7
:109B58006C6F770053686F7274547572626F004C43
:109B68006F6E674D6F640053686F7274536C6F77D4
:109B7800004C6F6E67466173740053686F72744669
:109B880061737400496E76616C6964004D6564693F
:109B9800756D536C6F77004C6F6E67547572626F9A
:109BA800004D656469756D4661737400446566614E
:109BB800756C74005468726561642000546872653D
:109BC8006164436F6E74726F6C6C657220006C69AF
:109BD80074746C656673002F70726566732F6E6F90
:109BE8006465732E70726F746F002F707265667380
:109BF8002F6465766963652E70726F746F002F70BD
:109C0800726566732F636F6E6669672E70726F7404
:109C18006F002F70726566732F6D6F64756C652E9B
:109C280070726F746F002F70726566732F6368614E
:109C38006E6E656C732E70726F746F004D6573680D
:109C480020436F6E74726F6C2073657474696E67ED
:109C580073206170706C696564006D7174742E6D29
:109C68006573687461737469632E6F7267006D65DC
:109C78007368646576006C617267653463617473D8
:109C880000526573746F726564206B6579006D6549
:109C980073687461737469632E706F6F6C2E6E7461
:109CA800702E6F72670053657269616C436F6E73D3
:109CB8006F6C65000D0A0D0A2F2F5C20452053207C
:109CC800482054202F5C20532054202F20430D0A75
:109CD8000056657273696F6E20257320666F722057
:109CE80025732066726F6D2025730D0A0052434755
:109CF80056312F6669726D776172652D466F726B8A
:109D0800004465627567206D757465206973206508
:109D18006E61626C65642C20746865726520776971
:109D28006C6C206265206E6F2073657269616C20AF
:109D38006F75747075742E0D0A006D61696E436FCE
:109D48006E74726F6C6C65720074696D6572436FC6
:109D58006E74726F6C6C657200506F776572002F4D
:109D680070726566732F64622E70726F746F0076FE
:109D78006563746F723A3A5F4D5F64656661756CCE
:109D8800745F617070656E6400526F7574657200FF
:109D98005374617475734C45444D6F64756C6500FC
:109DA80041646D696E006D6573685F636F6E747290
:109DB8006F6C004D657368436F6E74726F6C006EE4
:109DC8006F6465696E666F004E6F6465496E666F95
:109DD80000776179706F696E74007472616365727F
:109DE8006F757465005472616365526F75746500B0
:109DF8006E65696768626F72696E666F004E656945
:109E08006768626F72496E666F0064657465637433
:109E1800696F6E00446574656374696F6E53656E2F
:109E2800736F72004B657956657269666963617410
:109E3800696F6E0044657669636554656C656D6528
:109E48007472790053657269616C00457874657243
:109E58006E616C4E6F74696669636174696F6E4D8B
:109E68006F64756C650045787465726E616C4E6FD1
:109E780074696669636174696F6E0032343A643D6F
:109E880033322C6F3D352C623D3536353A66362CEB
:109E9800702C66362C34702C702C66362C702C6620
:109EA800362C32702C702C62362C702C62362C704A
:109EB8002C62362C702C62362C702C622C702C6222
:109EC8002C702C622C702C622C702C622C702C62E2
:109ED8002C702C622C702C622C31702E2C32702E2F
:109EE8002C7000726F7574696E6700526164696FD7
:109EF800496600526164696F4C6962206572723DFF
:109F0800005358313236310041697254696D650029
:109F1800626F6F742074696D656F75740057616B3B
:109F2800652074696D65720052656365697665645C
:109F3800207061636B65742C2065786974696E673D
:109F4800206C6967687420736C656570005265637E
:109F58006569766564207061636B65742C20726531
:109F680073657474696E672077696E2077616B65B5
:109F7800005072657373004C6F77426174005368C8
:109F88007574646F776E00496E70757420446576D9
:109F980069636500426C7565746F6F7468207061E1
:109FA8006972696E67005061636B657420666F72D1
:109FB8002070686F6E650052656365697665642018
:109FC800746578740073657269616C20415049004A
:109FD800706F77657220636F6E6E65637400706F63
:109FE80077657220646973636F6E6E656374656408
:109FF8000073657269616C20646973636F6E6E6566
:10A00800637400436F6E746163742066726F6D20B1
:10A0180070686F6E650053637265656E2D6F6E2094
:10A0280074696D656F757400506F77657246534D2E
:10A038000053485554444F574E00534453004C5313
:10A04800004E42004441524B0053455249414C0096
:10A05800424F4F54004F4E00504F57455200436FE8
:10A068006D70726F6D69736564206B6579732077A5
:10A0780065726520646574656374656420616E64E7
:10A0880020726567656E6572617465642E00626131
:10A098007369635F737472696E673A3A5F535F639B
:10A0A80072656174650002020203050507070B0B60
:10A0B8000B0B0D0D0200000003000000050000005E
:10A0C800070000000B0000000D0000001100000058
:10A0D80013000000170000001D0000001F00000012
:10A0E80025000000290000002B0000002F000000C0
:10A0F800350000003B0000003D0000004300000068
:10A1080047000000490000004F0000005300000015
:10A118005900000061000000670000006D000000A9
:10A12800710000007F000000890000008B00000023
:10A13800950000009D000000A7000000B30000008B
:10A14800C1000000C7000000D3000000E3000000C9
:10A15800F1000000010100001501000025010000C8
:10A168003901000051010000670100007F01000073
:10A1780099010000B7010000D3010000F7010000B9
:10A188001D020000410200006B0200009502000061
:10A19800C5020000F9020000370300007703000041
:10A1A800B90300000704000055040000A9040000DA
:10A1B8000905000065050000D50500004D060000F2
:10A1C800CD06000057070000ED07000083080000D7
:10A1D80035090000F5090000C10A00009B0B0000CA
:10A1E800890C00008D0D00009B0E0000BB0F0000C5
:10A1F800FD1000005F120000DF1300007F15000053
:10A20800411700001B190000251B00005D1D000000
:10A21800BB1F00004F220000192500002128000064
:10A22800692B0000EB2E0000B7320000D136000089
:10A23800453B00001B40000055450000EF4A000068
:10A2480011510000AF570000D95E00009B66000066
:10A25800FB6E000007780000C78100005D8C0000DD
:10A26800D99700003BA40000A9B1000031C000004C
:10A27800D1CF0000D5E0000019F30000EB06010083
:10A28800711C0100BB330100ED4C01002B6801007B
:10A298009585010079A50100FBC701003FED01008C
:10A2A8009F150200514102007F70020085A3020041
:10A2B800D3DA0200A91603005B570300619D03006F
:10A2C80017E903000D3B0400AF93040097F3040063
:10A2D800555B05008BCB0500E944060047C806001E
:10A2E8007156070031F0070099960800874A09005F
:10A2F800410D0A00F9DF0A00E9C30B0085BA0C001A
:10A3080053C50D00F1E50E00431E10002570110025
:10A31800ADDD12001D691400F1141600DBE317000F
:10A32800A3D8190071F61B00A3401E00D1BA200063
:10A33800F36823003D4F26005972290037D72C00B7
:10A3480027833000237C340057C83800AF6E3D00A7
:10A358007B764200BDE7470013CB4D00D12954005E
:10A36800F30D5B00C7826200B5936A00E34D73008A
:10A3780017BF7C003BF68600770392004DF89D00DE
:10A38800E9E7AA00B9E6B800DF0AC800736CD8008C
:10A398006F25EA00F951FD0077101201DB812801D1
:10A3A800B9C940018D0E5B010B7A77016D399601B1
:10A3B800617DB701957ADB01596A0202638A2C0232
:10A3C800871D5A02136C8B0235C4C002B77AFA0291
:10A3D80019EB38036F787C03E18DC503679F14047C
:10A3E800752A6A04EBB6C60487D72A052D2B97056C
:10A3F800B55D0C0629298B0695561407DDBFA807FD
:10A4080051504908BB06F708F9F6B2090D4B7E0A08
:10A4180093455A0BC343480C31BF490D5D50600E3C
:10A428005BB18D0F5FC0D310BD8234124D28B213BB
:10A43800890E4F15A5C40D17850FF11809EEFB1AE3
:10A44800C99D311D75A0951F11C12B225D1AF824D5
:10A45800F11CFF27A596452BB7B9D02EE725A632C4
:10A468004BF0CB36D5AD483B217D2340691264457E
:10A478001FC3124B75933851D744DF57D164115F0E
:10A48800AD5EDA66AF8C466F434C6378D9123F8273
:10A498002985E98CBD8F7398F781EFA40F2B71B2D2
:10A4A80051F90DC1AF1CDDD04BABF7E1AFC878F463
:10A4B800FBFFFFFFFBFFFFFF4E5374375F5F6378BF
:10A4C800783131313562617369635F737472696EB3
:10A4D80067627566496353743131636861725F748A
:10A4E8007261697473496345536149634545450021
:10A4F80094A60208C0A4020870A502080000000083
:10A50800F8A40208DD1B0108051C0108492A0208F5
:10A5180043290208C9260208112802087F2A0208CE
:10A5280057260208312B0208732602088D2A0208D2
:10A53800FD250208DB2A02085D290208537431351B
:10A5480062617369635F73747265616D6275664990
:10A558006353743131636861725F747261697473D3
:10A56800496345450000000034A6020844A50208D6
:10A578000000000070A50208B12A0208C92A0208D2
:10A58800492A02084B2A02084D2A0208632A0208AF
:10A598007F2A0208832A0208312B0208872A020828
:10A5A8008D2A0208A52A0208DB2A0208AB2A02081B
:10A5B80062617369635F737472696E673A3A5F4D7B
:10A5C8005F6372656174650062617369635F737468
:10A5D80072696E673A3A5F4D5F7265706C61636568
:10A5E8000062617369635F737472696E673A3A6196
:10A5F8007070656E64004E31305F5F6378786162B9
:10A6080069763131375F5F636C6173735F7479703A
:10A61800655F696E666F450094A60208FEA502088C
:10A62800C8A602080000000020A60208A9300208F7
:10A63800BD3002087132020871320208273102085F
:10A64800693002080F310208D13002089B30020835
:10A658004E31305F5F637878616269763132305F9E
:10A668005F73695F636C6173735F747970655F6949
:10A678006E666F450000000094A6020858A60208FE
:10A6880020A602080000000080A602086D3102081A
:10A69800813102087132020871320208273102083A
:10A6A8006930020845320208D131020895310208A2
:10A6B800537439747970655F696E666F00000000C5
:10A6C80034A60208B8A60208696F73747265616DD2
:10A6D80000696F73747265616D206572726F7200C4
:10A6E800556E6B6E6F776E206572726F7200000028
:10A6F80094A6020804A70208B0A702082A4E31321D
:10A708005F474C4F42414C5F5F4E5F313137696F55
:10A718005F6572726F725F63617465676F727945A6
:10A728000000000000000000F8A60208AD32020890
:10A73800C1320208A132020815340208D5320208D3
:10A74800B1330208B7330208E133020867656E6562
:10A758007269630073797374656D0062617369630C
:10A768005F737472696E673A20636F6E7374727583
:10A778006374696F6E2066726F6D206E756C6C20E5
:10A788006973206E6F742076616C6964004E53742F
:10A79800335F563231346572726F725F636174650C
:10A7A800676F72794500000034A6020895A7020871
:10A7B80094A60208C4A70208B0A702082A4E31329C
:10A7C8005F474C4F42414C5F5F4E5F3132326765A5
:10A7D8006E657269635F6572726F725F63617465DB
:10A7E800676F72794500000094A60208FCA702086A
:10A7F800B0A702082A4E31325F474C4F42414C5FA6
:10A808005F4E5F31323173797374656D5F65727253
:10A818006F725F63617465676F727945000000004D
:10A8280000000000B8A70208F7330208FD33020849
:10A83800293302081534020839340208B1330208F2
:10A8480031330208E133020800000000F0A70208D3
:10A85800F5330208093402084533020815340208A2
:10A86800393402084D33020891340208E1330208F2
:10A8780062617369635F737472696E673A3A5F53B2
:10A888005F636F6E737472756374206E756C6C2081
:10A898006E6F742076616C6964005245454E542091
:10A8A8006D616C6C6F632073756363656564656463
:10A8B800002F5F5F772F61726D2D6E6F6E652D654E
:10A8C8006162692D6763632D787061636B2F6172B4
:10A8D8006D2D6E6F6E652D656162692D6763632DE1
:10A8E800787061636B2F6275696C642F6C696E7523
:10A8F800782D7836342F736F75726365732F6E6594
:10A90800776C69622D63796777696E2F6E65776CEE
:10A9180069622F6C6962632F7374646C69622F7249
:10A92800616E642E63002F5F5F772F61726D2D6EED
:10A938006F6E652D656162692D6763632D7870613F
:10A94800636B2F61726D2D6E6F6E652D6561626927
:10A958002D6763632D787061636B2F6275696C6412
:10A968002F6C696E75782D7836342F736F75726316
:10A9780065732F6E65776C69622D63796777696E89
:10A988002F6E65776C69622F6C6962632F737464CC
:10A998006C69622F72616E646F6D2E6300002020F7
:10A9A8002020202020202028282828282020202077
:10A9B8002020202020202020202020202020881037
:10A9C8001010101010101010101010101010040497
:10A9D800040404040404040410101010101010419E
:10A9E800414141414101010101010101010101010F
:10A9F80001010101010101010110101010101042A4
:10AA080042424242420202020202020202020202DE
:10AA180002020202020202020210101010200000BC
:10AA2800000000000000000000000000000000001E
:10AA3800000000000000000000000000000000000E
:10AA480000000000000000000000000000000000FE
:10AA580000000000000000000000000000000000EE
:10AA680000000000000000000000000000000000DE
:10AA780000000000000000000000000000000000CE
:10AA880000000000000000000000000000000000BE
:10AA980000000000000000000000000000000000AE
:10AAA80060570020232D302B2000686C4C00656611
:10AAB8006745464700303132333435363738394107
:10AAC800424344454600303132333435363738391D
:08AAD800616263646566000021
:08AAE0007C33FF7F0100000040
:10AAE800E5F001087DE50108D1140208DD2202081D
:10AAF8006123020839250208A52F020855310208EA
:08AB080011330208BD340208FC
:08AB100059E50108B11B020820
:10AB1800010000000000000000000000000000002C
:10AB2800000000000000000002000000000000001B
:10AB3800000000000000000000000000000000000D
:10AB480003000000000000000000000000000000FA
:10AB580000000000000000000000000000000000ED
:10AB680000000000000000000000000000000000DD
:10AB78001000000000093D00000000000000000077
:10AB880000000000000000000000000000000000BD
:10AB980000000000000000000000000000000000AD
:10ABA800000000000000000000000000000000009D
:10ABB800000000000000000000000000000000008D
:10ABC800000000000000000000000000000000007D
:10ABD800000000000000000000000000000000006D
:10ABE800000000000000000000000000000000005D
:10ABF800000000000000000000000000000000004D
:10AC0800000000000000000000000000000000003C
:10AC18000000000000000000FFFFFFFFFFFFFFFF34
:10AC2800FFFFFFFFFFFFFFFF000300000000000021
:10AC3800000000000000000000000000000000000C
:10AC480068580020010000000000000099001E0064
:10AC580000000000000000000000000000000000EC
:10AC680000000000000000000000000000000000DC
:10AC780000000000000000000000000000000000CC
:10AC880000000000000000000000000000000000BC
:10AC980000000000000000000000000000000000AC
:10ACA800000000000000000000000000000000009C
:10ACB800000000000000000000000000000000008C
:10ACC800000000000000000000000000000000007C
:10ACD80000000000104E0020FFFFFFFF00000000F2
:10ACE80000300240000000000000000000000000EA
:10ACF800000000000000000000000000000000004C
:10AD080001000000FF00000000000000000000003B
:10AD1800000000000000000000000000000000002B
:10AD2800000000000000000000000000000000001B
:10AD3800000000000000000000000000000000000B
:10AD480000000000000000000000000000000000FB
:10AD580000000000C5EA0008DDEE0008C9EF0008A1
:10AD68000DDB0008000800000008000000080000D3
:10AD78000E0000008000000000000000000000003D
:10AD88000000000000000000747A706C6163656860
:10AD98006F6C646572202020202020202020202035
:10ADA800202020202020202020202020202020209B
:10ADB8002020202020202020202020202020000DBE
:10ADC8000A526164696F4C696220496E666F0A565F
:10ADD800657273696F6E3A202022372E362E302E18
:10ADE80030220D0A506C6174666F726D3A202241F0
:10ADF800726475696E6F2053544D333220286F6624
:10AE080066696369616C29220D0A224170722032D9
:10AE180032203230323622202230333A32343A313C
:10AE2800352200000000000034A7020858A80208D4
:10AE380030A8020828030020000000006055002008
:10AE4800C855002030560020000000000000000017
:10AE580000000000000000000000000000000000EA
:10AE680000000000000000000000000000000000DA
:10AE780000000000000000000000000000000000CA
:08AE8800000000009D560020AF
:0400000508021DDDF3
:00000001FF
