:020000040800F2
:1000000000000120CD1402081D1502081D1502086C
:100010001D1502081D1502081D150208000000002C
:100020000000000000000000000000001D15020894
:100030001D150208000000001D150208093D0008FA
:100040001D1502081D1502081D1502081D150208C0
:100050001D1502081D150208553D0008593D0008F0
:100060005D3D0008613D0008653D00081D15020862
:100070001D1502081D1502081D1502081D15020890
:100080001D1502081D1502081D1502081D15020880
:10009000000000001D150208693D00081D1502083A
:1000A000DB3B00081D150208ED3B0008F13B000892
:1000B000053C0008193C0008591301085F130108AA
:1000C000651301086B1301081D1502081D150208B0
:1000D0003147000849470008654700081D15020818
:1000E0001D1502087F3D00081D1502081D15020898
:1000F0001D15020800000000000000001D15020888
:100100007113010877130108C18801081D15020841
:100110001D1502081D1502081D1502081D150208EF
:100120001D1502081D1502081D1502081D150208DF
:080130001D1502081D1502084F
:1001400003689A69910744BF00229A629A69D207AC
:100150005EBF9A6942F001029A61704730B5039D13
:1001600004682B4343EA0243064A6068C1F309016D
:100170000B4342EA555223F0004320EA02000343B6
:10018000636030BDFF63FF034FF0B042536823F458
:100190007F4343EA0023536070474FF0B0432D4A3A
:1001A000D3F8083103F00F0302EB8301C0F303100F
:1001B000096C52F82030B3FBF1F32749096801F4C8
:1001C000C061B1F5007F10B510D024498B4231D306
:1001D00001F5B70101F67F518B4231D901F5741158
:1001E00001F510618B422DD9002310E01C498B4290
:1001F0001CD91C498B421BD901F5370101F5D85197
:100200008B42F1D8022302EB8303D3F880301649E6
:1002100016480A6822F007021A430A6004680A684E
:1002200002F0070293420FD1002010BD0023EAE73D
:100230000123E8E7002302EB8302D2F88030E6E7EF
:100240000123F8E70223F6E70268121B022AE6D927
:100250000320EAE7685C020800040058C0CF6A0087
:10026000BFEA21013F93340200400058E804002017
:10027000836A1A0710B506D50168846B4A6822F4B0
:10028000004222434A60DC0706D50168C46A4A6816
:1002900022F4003222434A60990706D50168046BB4
:1002A0004A6822F4803222434A605A0706D5016820
:1002B000446B4A6822F4802222434A60DC0606D559
:1002C0000168C46B8A6822F4805222438A609906CE
:1002D00006D50168046C8A6822F4005222438A60C1
:1002E0005A060FD50168446C4A6822F480122243F2
:1002F000B4F5801F4A6005D14A68846C22F4C002BC
:1003000022434A601B0606D50268C16C536823F479
:1003100000230B43536010BDD0F88830212B10B55B
:100320001CD1B0F86A30CBB1B0F85620016892B257
:10033000AAB9026802F1080353E8003F23F400035E
:10034000083242E8003102680029F2D152E8003F49
:1003500043F0400342E800310029F7D110BDCA69DB
:1003600012060AD5026D12F8014B8C620265B0F8D4
:100370005620013A92B2A0F85620013B9BB2D2E738
:10038000D0F88830212B10B51CD1B0F86A30CBB131
:10039000B0F85620046892B2AAB9026802F10803C4
:1003A00053E8003F23F40003083242E800310268BA
:1003B0000029F2D152E8003F43F0400342E8003107
:1003C0000029F7D110BDE26912060CD5026D32F892
:1003D000021BC1F30801A1620265B0F85620013A80
:1003E00092B2A0F85620013B9BB2D0E7026852E8D7
:1003F000003F23F0800342E8003102680029F5D174
:1004000052E8003F43F0400342E800310029F7D1B1
:100410007047D0F88820212A034610D1B0F8562022
:1004200092B202B9E2E7026D016812F8010B88622C
:100430001A65B3F85620013A92B2A3F856207047D5
:10044000D0F88820212A034612D1B0F8562092B263
:1004500002B9CBE71A6D006832F8021BC1F308013C
:1004600081621A65B3F85620013A92B2A3F8562079
:1004700070474FF0B04382B0DA6C0243DA64DB6C51
:1004800003400193019B02B0704703681847012A9B
:1004900002D1016000207047022A05D0032AF9D05A
:1004A000002AF7D10260F5E70B680360F2E74FF02E
:1004B000B042D2F8883023F440630343C2F8883056
:1004C0007047D0F8943004381847D0F88C20B0F832
:1004D00060100368222A4FD15B6A826D0B40137053
:1004E000836D01338365B0F85E30013B9BB2A0F8A9
:1004F0005E30B0F85E309BB2002B41D1026852E80A
:10050000003F23F4907342E8003103680029F5D1DD
:1005100003F1080252E8002F22F0010203F1080C57
:100520004CE800210029F3D12022C0F88C20154A84
:1005300041679342016703D1C26E012A0CD0C0E724
:100540005A681102F8D553E8002F22F0806243E880
:1005500000210029F7D1EFE70022C26653E8002FFF
:1005600022F0100243E800210029F7D1DA69D2060F
:1005700006D510221A6270479A6942F008029A6101
:10058000704700BF00800040D0F88C10B0F86020A9
:10059000036822294ED15B6A1A40836D23F8022B2F
:1005A0008365B0F85E30013B9BB2A0F85E30B0F8D6
:1005B0005E309BB2002B41D1026852E8003F23F429
:1005C000907342E8003103680029F5D103F1080275
:1005D00052E8002F22F0010203F1080C4CE8002140
:1005E0000029F3D12022C0F88C20154A416793429C
:1005F000016703D1C26E012A0CD062E75A6811026A
:10060000F8D553E8002F22F0806243E8002100294A
:10061000F7D1EFE70022C26653E8002F22F0100264
:1006200043E800210029F7D1DA69D20606D5102265
:100630001A6270479A6942F008029A61704700BFD7
:100640000080004070470020704703460020187566
:1006500083F858007047826930B404695510034626
:1006600004EB6200D20748BF62595B6930BC48BFE7
:10067000D3581847826930B404695510034604EB17
:100680006200D20748BF62595B6930BC48BFD3588B
:100690001847024B1A685A60704700BFE8040020F0
:1006A0007047704770477047704770477047704792
:1006B000704770477047704703685B6818470020B1
:1006C0007047704708B5094B93F800225AB193F868
:1006D000AF2293F8AC3103B11AB1806803681B688C
:1006E0009847012008BD5A7BF3E700BFE8040020CB
:1006F0000A2938B50D4600F52A6403D10D2120469C
:10070000FFF7E0FF29462046BDE83840DAE7A0F5CC
:100710002A60EDE7A0F52B601DF04CBB054BD0F82F
:1007200080261B6804489B1A83428CBF002001204E
:10073000704700BFE80400209FBB0D00D0F83C319B
:100740002DE9F047044606220133C0F83C310A2166
:10075000B3FBF1F1B1FBF2F002FB101194F8382178
:10076000CEB2D2B10025F022002104F1480023F0DE
:10077000FEFAC4E90C55C4E90E55C4E910556022CF
:10078000294604F5A27023F0F2FA84F8385184F86F
:1007900039614FF47A70BDE8F08794F8A4214FF4E2
:1007A0006165B3FBF5F505F00705AA4225D0214F99
:1007B00004F5B070072207F53A7A07F5427950F848
:1007C000048DC0F80480D0F820E0D0F840C0C0F814
:1007D00024E0C0F844C04AF8228049F822E0013AF7
:1007E000EDD1C4F84421C4F86421C4F88421C7F8C9
:1007F000E822C7F8082384F8A45194F83921B242BA
:100800001FBF0C31002284F8396144F821203C22BA
:10081000B3FBF2F3B3FBF2F102FB113394F83A119C
:10082000DAB291421FBF123384F83A21002244F811
:100830002320AEE7E804002008B503685B6898470A
:100840000028CCBF0020012008BD08B503680022A5
:1008500002751B686FF0004198476FF0004008BDBB
:10086000826930B404695510034604EB6200D20774
:1008700048BF62595B6930BC48BFD358184782698A
:1008800030B404695510034604EB6200D20748BF38
:1008900062595B6930BC48BFD3581847826930B48D
:1008A00004695510034604EB6200D20748BF625941
:1008B0005B6930BC48BFD3581847406A036810B41E
:1008C0000C465B691146224610BC184730B50B46F2
:1008D00000F1380201F1200518685968144603C474
:1008E0000833AB422246F7D11B78237030BD10B4D9
:1008F0000468246BA44610BC6047002070470020A9
:100900007047826930B404695510034604EB6200F5
:10091000D20748BF62595B6930BC48BFD3581847FB
:100920000020704770470020704700207047808A81
:100930008A89131A5842584170470120704703466C
:10094000002200691A6170470068096803689B68A3
:100950001847012A02D1016000207047022A05D001
:10096000032AF9D0002AF7D10260F5E70B6803608B
:10097000F2E70068096803689B681847E9E70068C0
:10098000096803689B681847E3E761B100F1180341
:10099000C91AB1F5B46F06D8034B491103FB010026
:1009A000002380F898377047EFEEEEEE00F2977272
:1009B000002312F8011F49B9C218012182F89817C3
:1009C0004FF4F07202FB0300183070470133042B20
:1009D000EFD10020704749B100F11403C91A18295A
:1009E0009EBF00EBE100002380F83430704700F137
:1009F0003302002312F8011F39B9C218012100EB9C
:100A0000C30082F83410143070470133042BF1D145
:100A10000020704771B100F11403C91A41F66A53FE
:100A2000994207D8044B491003FB010041F6747347
:100A30000022C254704700BF330A029A10B500F575
:100A4000FB521332002312F8011F51B9C11841F6AD
:100A5000747201248C544FF4FB7202FB03001430B7
:100A600010BD0133102BEED10020F9E7F0B506469A
:100A7000006850F82100B8B10468A569AB4207D1FD
:100A800017686568AF4203D15768A568AF420BD0BD
:100A9000256865B177682046AC69B4FBF7FC07FBB5
:100AA0001C44A14201D00020F0BD2C46E5E72846B9
:100AB000FAE770B5BC26B0B00C4605463246014692
:100AC00001A823F0FFF932462146284623F0FAF91F
:100AD000324601A9204623F0F5F930B070BD30B49C
:100AE000084D95F8AC4154B195F8AF423CB10124A2
:100AF00080F8DD4A80F8984830BC09F039BB002006
:100B000030BC7047E804002006F007B8002370B539
:100B1000C0F890300668144B1D6833681A07044605
:100B200016D433685B0708D56FF07E432A464FF42E
:100B30008001204619F0B2FC98B900202023C4F8A7
:100B4000883084F88400C4F88C30E066206709E0BF
:100B50006FF07E432A464FF4001119F09FFC0028E5
:100B6000DFD0032070BD00BFE804002030B591FA4B
:100B7000A1F391FAA1F1B3FA83F3C4685B000325F2
:100B8000B1FA81F105FA03F3490024EA03038A402C
:100B90001A43C26030BD10B504461046D4E90023A4
:100BA0009B1A0C4A0C4CDB105343E21A8A4201D2C6
:100BB00020F099FF994205D91944A14228BF214646
:100BC000084610BDB3EB430F4FEA4301F5D9204669
:100BD000F7E700BF35C2724FCB3D8D0070B591F87D
:100BE000502090F8503091F859404D6D02F1FF3C83
:100BF000DCF1000646EB0C069E4225D1631E5E42E8
:100C00005E4190F859309E421ED1436D5B1B18BF68
:100C10000123012680F85020B24280F8206045650B
:100C200008BF91F8582080F8594018BF652280F815
:100C3000582091F85A2080F85A201BB101462830DC
:100C40001BF0BCF9002070BD0123E2E770B5B1F8DC
:100C50005040B0F85060B0F85230B1F85220A0F8CF
:100C600054300125A64280F820500AD1934208D181
:100C7000A0F8523091F85630A0F850602BB90020FF
:100C800070BDA0F85040A0F85220014628301BF05B
:100C900095F9F4E70B6D026D534033F07F4370B567
:100CA000044648D18A6D836D9A4244D10A6E036E20
:100CB0009A4240D18A6E836E9A423CD1D1F880200C
:100CC000D0F880309A4236D1D1F88C20D0F88C30D0
:100CD0009A4230D1D1F8A820D0F8A8309A422AD12F
:100CE000D1F8A020D0F8A0309A4224D1D1F8B45045
:100CF000D0F8B430ED1A18BF0125012391F85060E7
:100D000084F8203091F8513084F8506084F85130E4
:100D10007422543104F1540023F0D4F84DB11EB1C3
:100D2000064B1B68C4F8C830214604F128001BF0AC
:100D300045F9002070BD0125DFE700BFE804002071
:100D40000D2019F0DBB870B50546084B036004466A
:100D500055F8300FA84204D120461BF0CBF82046AE
:100D600070BD066824F054F83046F3E7FC5C0208D6
:100D700010B50446FFF7E7FF204624F049F8204667
:100D800010BD10B504461BF0B5F8204610BD10B5D7
:100D90000446FFF7F6FF204624F03AF8204610BD3F
:100DA00010B504461BF0A6F8204610BD10B5044649
:100DB000FFF7F6FF204624F02BF8204610BD2DE962
:100DC000FF4705461E4B55F8046F036004460DF1BE
:100DD00004084FF00009AE4206D16068854229D16F
:100DE000204604B0BDE8F087CDE90188B768CDF8AA
:100DF0000C90396801988F4203D1404515D136686F
:100E0000E9E78B68D1F800A09C420CD181420AD05E
:100E1000824508D0524620F082FB039B01330393A6
:100E2000BB68013BBB605146E4E7076823F0F0FF75
:100E30003846E2E7066823F0EBFF3046CEE700BF16
:100E40000875020810B50446FFF7B9FF204623F0E5
:100E5000DFFF204610BD2DE9FF4705461E4B55F824
:100E6000046F036004460DF104084FF00009AE4220
:100E700006D16068854229D1204604B0BDE8F087DC
:100E8000CDE90188B768CDF80C90396801988F4298
:100E900003D1404515D13668E9E78B68D1F800A049
:100EA0009C420CD181420AD0824508D0524620F0A3
:100EB00036FB039B01330393BB68013BBB60514688
:100EC000E4E7076823F0A4FF3846E2E7066823F06A
:100ED0009FFF3046CEE700BF0875020810B50446F4
:100EE000FFF7B9FF204623F093FF204610BD2DE900
:100EF000FF4705461E4B55F8046F036004460DF18D
:100F000004084FF00009AE4206D16068854229D13D
:100F1000204604B0BDE8F087CDE90188B768CDF878
:100F20000C90396801988F4203D1404515D136683D
:100F3000E9E78B68D1F800A09C420CD181420AD02D
:100F4000824508D0524620F0EAFA039B013303930E
:100F5000BB68013BBB605146E4E7076823F058FFDC
:100F60003846E2E7066823F053FF3046CEE700BF7D
:100F70000875020810B50446FFF7B9FF204623F0B4
:100F800047FF204610BD2DE9FF4705461E4B55F88B
:100F9000046F036004460DF104084FF00009AE42EF
:100FA00006D16068854229D1204604B0BDE8F087AB
:100FB000CDE90188B768CDF80C90396801988F4267
:100FC00003D1404515D13668E9E78B68D1F800A018
:100FD0009C420CD181420AD0824508D0524620F072
:100FE0009EFA039B01330393BB68013BBB605146F0
:100FF000E4E7076823F00CFF3846E2E7066823F0D1
:1010000007FF3046CEE700BF0875020810B504465A
:10101000FFF7B9FF204623F0FBFE204610BD10B5B8
:10102000034B036004461AF087FF204610BD00BF43
:10103000285D020870B50546084B0360044655F864
:10104000280FA84204D1201DFFF7E9FF204670BDFC
:10105000066823F0DDFE3046F3E700BF3C5D020882
:1010600010B50446FFF7E6FF204623F0D1FE2046E8
:1010700010BD10B5054B044640F8343BFFF79FFE0A
:101080002046FFF7D7FF204610BD00BF4C5D020889
:10109000F0B599B001AD044628461AF09FFF214BE8
:1010A000019310330FAA0E931F4B1295CDE90F2217
:1010B0000022CDE9133211924FF0FF320223169233
:1010C00040F2FF228DF85430ADF85C208DF85E3090
:1010D000164AE36D116803F54343503327468B42AC
:1010E00038BF136857F8306F38BFE365BE4205D08C
:1010F000B068036829469B68984740B12846FFF7C7
:10110000B8FF636D2BB94FF0FF3019B0F0BD3668F2
:10111000ECE793F82030002B44F6206008BF4FF036
:10112000FF30F2E74C5D0208DD0B0008E804002008
:1011300010B50446FFF79DFF204623F069FE2046C8
:1011400010BD10B5054B044640F8343BFFF7CFFE09
:101150002046FFF76FFF204610BD00BF705D0208FC
:1011600010B50446FFF7EDFF204623F051FE204660
:1011700010BD10B5054B044640F8343BFFF703FFA4
:101180002046FFF757FF204610BD00BF805D0208D4
:1011900010B50446FFF7EDFF204623F039FE204648
:1011A00010BD10B50446FFF73AFF204623F030FE8D
:1011B000204610BD2DE9F347324F019304460E46F9
:1011C00007F54A70A02122F06BFD9F2884BF0A23F7
:1011D00087F8C6332C4F05464FF0000888BF9F257F
:1011E0004FF0230A45450AD1C6B92A46264920466A
:1011F000FFF762FA0546284602B0BDE8F08797F887
:101200000090484624F05CFC20B9B9F10A0F18BFE1
:1012100087F800A008F101080137E3E71B493046D1
:101220001CF010FA20B91A4905222046FFF744FAAB
:10123000184930461CF006FA20B917490522204605
:10124000FFF73AFA154930461CF0FCF920B9144969
:1012500005222046FFF730FA124930461CF0F2F919
:1012600020B9114905222046FFF726FA2A460649E9
:101270002046FFF721FA0D49054604222046FFF7D4
:101280001BFAB8E7E8040020100800205CA102085F
:1012900062A1020868A102086EA1020874A10208F6
:1012A0007AA1020880A1020886A102088CA1020886
:1012B0000346C06A0A4640B193F83501424083F8BC
:1012C000352103F114000CF08EB870470346C06A54
:1012D00070B480B108465518854204D170BC03F142
:1012E00014000FF0B5BB10F8014B93F83561744052
:1012F00083F83541F0E770BC7047A0F52A601CF018
:101300005DBD2DE9F0411E4690F958308AB0002BA2
:10131000DDF8408004460D46174621DD00F1280324
:1013200010220021184622F022FDB8F5807FA76226
:10133000E662256314D8119A25466E4655F8447B1B
:101340000690CDE907820FCD0FC695E8030046F859
:10135000040B04F1380331700ECBBD6B2046A84757
:101360000AB0BDE8F08138B50C4D05F59473036003
:1013700005F5BA730446C0F8A03A05F5C873C0F87D
:10138000B03A05F5DC7500F52B601AF0B3FD204688
:1013900025601AF004FF204638BD00BF685C0208D3
:1013A000A0F52B60DFE710B50446FFF7DCFF204611
:1013B00023F02EFD204610BDA0F52B60F3E730B4DE
:1013C000034600F130020024BFF35B8F52E8001F98
:1013D00042E80045002DF9D1BFF35B8F19B11B68BE
:1013E00030BC1B6A184730BC704708B50022027534
:1013F000FFF7E5FF4FF0FF3008BD10B5074B04467F
:1014000040F8543B20F064FF04F13400FFF723FD63
:101410002046FFF70FFE204610BD00BF5C5E0208AD
:1014200010B50446FFF7E9FF204623F0F1FC204603
:1014300010BD054B10B504460360406A08B118F0B2
:101440005AF8204610BD00BF6C5E020810B5044675
:10145000FFF7EFFF204623F0DBFC204610BD70B500
:101460000446406A00230E461546636208B118F030
:1014700042F895B1442023F0C3FC084A02600346B9
:10148000606A636208B118F036F8606A03682A4639
:1014900031461B69BDE87040184770BDB05E020858
:1014A00070B5154692F844200E460AB1002070BD72
:1014B0008C1C01F12402498C0368202914D1DB68BB
:1014C000214698470028F1D0202333807384214699
:1014D000A5F846304835E31851F8042B45F8042B9D
:1014E0009942F9D10120E2E79B6821469847EBE752
:1014F00070B5531E154606460C461F3213F8011FE1
:10150000C1B99342FAD1002070BD06F1790305F10B
:10151000200255F8041B43F8041B9542F9D1043608
:1015200004F1200354F8042B46F8042B9C42F9D113
:101530000120E9E700222946204616F089FA2046D4
:1015400016F008FC0028E0D020220021204622F0DE
:101550000EFCD8E72DE9F347454C07464548894638
:10156000904618F011FAB4F8FC15102903D104F2D2
:10157000FE5018F0D3F921F079FE042101900DEB13
:10158000010018F0CBF93E1D07F179054FF0000A74
:1015900094F8810C10F0400001D118F0F5F9B4F87E
:1015A000802CC2F30C03C2F3C9021F2AC8BFA3F5E3
:1015B0008073B4F8802CCCBFC3F30C03002363F317
:1015C0000C021304A4F8802C4FD50021084618F013
:1015D000A5F994F8813C84F89DAC6FF3C71384F8A7
:1015E000813CD4F8303C0133C4F8303C18F06AF840
:1015F000DFF884C02A460CF1200E634603CB734506
:10160000106051609C4602F10802F6D118F058F9BA
:1016100097F8793023F0070387F8793097F89830F6
:1016200003F03F0343F0400387F898300022294637
:10163000304616F00DFA304616F08CFB0028A7D184
:10164000304606F1200350F8042B49F8042B984249
:10165000F9D1294605F1200351F8042B48F8042B51
:101660009942F9D102B0BDE8F08717F099FFB8E7C9
:10167000E804002091A102082811002082B02DE981
:10168000F04F8FB004461993229B0093239BDDF803
:1016900090A00193934621F0E9FD269B03EB0A09F4
:1016A000BDF86430C9F80800064633B9002738464B
:1016B0000FB0BDE8F04F02B0704723680DF166012E
:1016C000DB692046984707460028EFD0A046202235
:1016D00058F8593B20461B6A414604F128059847B3
:1016E00010220021284622F042FB009BA362019BAE
:1016F000E362C4F830B006B1E6623148314C0D22E5
:10170000294608F0BCFC41462F48082208F0B7FCE7
:10171000D4F8A00C036820225B6A4146984719233D
:101720008DF828302A460DF1290305F10C0852F8EE
:10173000041B43F8041B4245F9D198F800201A70A5
:10174000D4F8A00C9AFA9AF3ADF83630036802AADE
:101750009B6A0AA99847259802AA514607F0C0FB40
:1017600001238DF818300DF1190355F8042B43F8B7
:10177000042B4545F9D12A781A70269A259806AB8C
:10178000514617F0BDFED4F8A00C0023ADF826306A
:1017900003680AAA9B6A06A9984709F1070402AAE6
:1017A0000AAB09F1FF3112F8010B13F8015B684035
:1017B00001F8010FA142F6D1C9F8086077E700BF30
:1017C000A0A10208E8040020BDA1020882B02DE912
:1017D000F04F95B08A461EA981E80C00DDE928B3D8
:1017E0002A9E01932B9B0C3E9F19BDF87830D7F8A9
:1017F000089005462BB9002015B0BDE8F04F02B0A7
:10180000704703680DF17A01DB6998470028F2D030
:10181000A846202258F8593B28461B6A414605F144
:101820002804984710220021204622F0A0FA019BAC
:10183000C5F828B0EB62C5F830A0B9F1000F01D0AF
:10184000C5F82C903E483F4D0D22214608F017FC6C
:1018500041463D48082208F012FCD5F8A00C036868
:1018600020225B6A4146984701238DF820302246AA
:101870000DF1210304F10C0852F8041B43F8041B7A
:101880004245F9D198F800201A70D5F8A00C002331
:10189000ADF82E30036808A99B6A10AA98477B1EF2
:1018A00010A80CA9073713F801CF10F8012BBB4281
:1018B00082EA0C0201F8012BF5D108AB2C9A2B9887
:1018C000314617F01DFE19238DF840300DF141030C
:1018D00054F8042B43F8042B4445F9D122781A70AC
:1018E000D5F8A00C73BAADF84E30036804AC9B6A0F
:1018F000224610A998472C982246314607F0F0FA64
:101900000CAB039410930398002300283FF474AFAA
:10191000109800283FF470AF8DF80B30039AD15C1B
:10192000109AD05C9DF80B20414001330A43082BEC
:101930008DF80B20F2D19DF80B000138C00F5BE74A
:10194000EDA10208E80400200AA20208F0B500F1A7
:10195000590789B03B4601F1200251F8044B43F886
:10196000044B9142F9D16C4600F1790200F19903E0
:10197000264610685168254603C508329A422C460F
:10198000F7D1384616F0E6F93A463146054638466C
:1019900016F05EF80446384616F0DCF984F00104CF
:1019A00005432C433046202115F088FF04F0FF0446
:1019B000E04300F0010009B0F0BD10B50446006836
:1019C00008B117F093FD204610BD84B02DE9F34116
:1019D0009DF9448009AE0024B8F1100F86E80E008E
:1019E000DDE91357009443D1E82023F009FA264B90
:1019F00003602C33C362A0F828800A2380F83030BB
:101A000000F1380200F12C0342634360CDE9000489
:101A100001A8FFF7D2FF009C9DF9442023683146BE
:101A20001A4E1B69204698472A463946304622F00E
:101A300049FAC5F580720021701922F098F92368DF
:101A400012995B691022204698470C2384F82930AC
:101A500023683246D3F8188039462B462046C047C3
:101A60006846FFF7AAFF02B0BDE8F04104B0704736
:101A70004FF4947023F0C4F910230385044B0360E2
:101A80002C33C3620E23B9E7D85E02088C11002004
:101A90002C5F020810B591F85C31012B04460CD183
:101AA000064B1B7B022B08D0D1F81421096807F0E4
:101AB00016F810B1236F0133236710BDE80400202E
:101AC000F0B505468DB006F096FE284617F077F97A
:101AD00095F988310933BCBFF72385F888312B6825
:101AE00028469B6B002498470594D5F85032049300
:101AF000B5F86C30039395F98831029395F8D93194
:101B0000019395F86130009305F51576EA6D95F827
:101B100060300146304615F0F1FB821C4CD0284B5A
:101B2000984249D0D5F84C12264F304615F037FB75
:101B3000044618BB0146304615F058FB0446E8B988
:101B40004FF0FF33CDE90933CDE907330B93D7F8D5
:101B5000A43DD5F89C02DB070CD401681A4BCA6877
:101B60000969C3E90122C3E90712C3E90D21012371
:101B7000C7F8A43D144A07A913F034FC97F8CD1117
:101B800001B10121304617F0D4F90023009301225E
:101B900040F6B50105F5F07017F0EEF94CB90121EA
:101BA000304617F0CBFA044618B92B6828465B6D0F
:101BB0009847B4FA84F4640920460DB0F0BD00BF24
:101BC0003DFDFFFFE80400200000002038B504467A
:101BD00006F0FEFC236804F515759B6F20469847B8
:101BE00094F86010284614F051FDE16D284614F079
:101BF000E7FC94F86110284617F05DF994F8D911C4
:101C0000284617F077F9D4F84C12284615F0C7FA91
:101C1000B4F86C10284615F05FFA236820469B6BD9
:101C200098470146284613F0D5FF94F98831162BC2
:101C3000C4BF162384F8883194F98811284613F01C
:101C400095FC064B284693F8CD1117F072F92368DE
:101C500020465B6D9847002038BD00BFE804002097
:101C600010B5036804469B6F984704F5157017F08C
:101C700073F8012010BD08B500F5157012F0E0FFF3
:101C8000003818BF012008BD38B5044600F51570AE
:101C900012F0D6FF10F0140F12D0114DD4F84422D8
:101CA0002B681AB9C4F84432012038BD216F9B1A41
:101CB000B3EB410FF8D3C30604D40023C4F8443275
:101CC0000020F2E7236800225B6B40F201112046FE
:101CD00098472B68D4F844229B1A9842E4D8ECE742
:101CE000E8040020F0B5C36F85B00446002B3DD159
:101CF00090F82C32002B34D104F51575284617F0D6
:101D00002BF80021284617F00BF87F238DF80F30B1
:101D100000220123CDE9003289210DF10F0204F5E3
:101D2000F07013F0A5FBD4F8E0011C4E0368052108
:101D3000DB6998473768D4F8E001D4F80C120368DF
:101D40001B6998470346D4F8E0018BB90368D4F8BF
:101D50000C121B699847236890B15B6D2046984729
:101D600004E00368DB6D98470028C5D005B0F0BDDE
:101D700033680268DB1B322BE8D8536D9847DAE7EB
:101D80009B6B204698470146284613F0B2FE96F812
:101D9000CD11284617F0CDF82368DEE7E8040020CF
:101DA00000F5157012F0CABB1FB5FF238DF8013086
:101DB0004FF6FF730022ADF802304FF4C073CDE947
:101DC0000123039390F863308DF8003003680446D4
:101DD0009B6F9847694604F5157010F01FFC034B84
:101DE000C11A4842484104B010BD00BF42FDFFFF88
:101DF000F0B5036805469B6F85B09847B5F86C4011
:101E0000B5F8A63205F515766CB91C460F2C1ADC10
:101E10000023009340F2762202236FF07F41304688
:101E200010F0F6FD01E0A342F0D2012385F82C3238
:101E30002B683349DB6C28469847284605B0BDE837
:101E4000F04006F035BD95F8A03242F2107098408F
:101E50001BF0A2FD2B490746D5F8A8021BF0F4FDA4
:101E6000014638461BF0A4FE1BF064FFA4F11007E6
:101E7000D5F8C832BFB2474303F57E729742C7D345
:101E800004FB0004E41B04F57A74640800EBC00052
:101E9000844238BF04467D22FF1AE4006FF07F4180
:101EA000B4FBF2F4631EA7F57A778B424FEAC707BB
:101EB000B7FBF2F7B9D27B1E8B42B6D2022340F2B7
:101EC0007622304614F03DFC0028AED1230C8DF86C
:101ED0000830230A8DF809303B0C8DF80B300123B4
:101EE000CDE900337FBAD5F89C028DF80A4006236D
:101EF00002AA9421ADF80C7013F0BAFA95E700BF6E
:101F0000A17100080000204138B500F5157528467C
:101F10000C4614F07FF8C4F81C01284612F0A1FE0C
:101F200020F0F2FFC4F8240138BD10B5044600F5D6
:101F3000CA70FFF744FA04F5157012F0A7FE0023EB
:101F400084F82C32C4F84432236820469B6C9847AE
:101F50002046BDE8104007F0FBBC2DE9F04300240B
:101F60008BB005460E46A04600F51577002A58D0DE
:101F700090F8A432012B11D040F24971D0F89C02A4
:101F800013F0C0F840F26B71C0F30214D5F89C0254
:101F900013F0B8F8042CC0F300183ED80434E4B2AF
:101FA00095F86000D5F85C90B5F86C308DF8244059
:101FB00001248DF81C00ADF8143004FA00F0002361
:101FC0008DF81630CDF820901BF0EAFC49461BF046
:101FD000EFFD4FF083411BF007FB0028034618BFBD
:101FE00023468DF818308DF81780DDE90501D5F806
:101FF0005442099B019000930396ADF80810DDE967
:102000000723A46F95F8D8113846A0474FF47A7388
:10201000B0FBF3F00BB0BDE8F083072C08BF082439
:10202000BEE7D0F854323846DB6F9847EEE738B554
:10203000D0F8D430082B04460D4607D1AC3016F04A
:102040003BFE014610B11548FEF7E4FCD4F8D4304D
:10205000072B01DD21F0BAF8D4F8D80018B10368D5
:1020600000211B689847D4F8D03004EB8302013379
:10207000C2F8AC505A4202F0070203F0070358BFFF
:102080005342C4F8D030D4F8D4300133C4F8D4303B
:10209000D4F8FC300133C4F8FC3038BD201F0020D8
:1020A00038B5D0F8EC30022B04460D4607D1DC30B1
:1020B00016F0F1FD014610B11348FEF766FCD4F8A6
:1020C000EC30012B01DD21F081F8D4F8F00018B1DB
:1020D000036800211B689847D4F8E83004EB8302BA
:1020E000013303F0010348BF5B42C2F8DC50C4F87F
:1020F000E830D4F8EC300133C4F8EC30D4F8FC30DC
:102100000133C4F8FC3038BD9012002070B50F4B7D
:10211000044640F8683B19F0CEFEA36B3BB1E36D7B
:10212000E56C1E1DAE420BD8A06B22F071FE606BF9
:1021300008B122F06DFE204619F0DCFE204670BD8D
:1021400055F8040B22F064FEECE700BF805F020844
:1021500010B50446FFF7DAFF204622F059FE20466C
:1021600010BD38B5D0F88C100F4B03600446A9B9E8
:10217000D4F88820D4F88400920021F0F8FDD4F837
:10218000840004F19C03984201D022F041FE074BE9
:1021900023602046FFF7BAFF204638BD0D68084689
:1021A00022F036FE2946E2E7BC5F0208FC5F020827
:1021B00010B50446FFF7D5FF204622F029FE204641
:1021C00010BD2DE9F04FD1E90036D0F804A05E40F3
:1021D000B6FBFAF70AFB176785B088460A4633460E
:1021E00039460446FEF742FC38B103682BB103F1CF
:1021F0000C09484605B0BDE8F08F1C2022F000FE17
:10220000034605464FF0000B98E8030043F804BB73
:1022100083E803000123C5E904BB0093E368524649
:1022200004F1100102A81FF0A9FC9DF8083005F187
:102230000C09C3B1039F012F04F1180A22D1C4F87D
:1022400018B0D046A4460020A2684CF8080F12BB74
:102250002068504501D022F0DBFDB6FBF7F3C4E95E
:10226000008707FB13672368AE6153F82720B80087
:1022700072B312682A6053F827301D60E368013397
:10228000E360B6E7384616F0F1F9BA0059468046E1
:1022900021F06DFDD6E79369B3FBF7F107FB11332E
:1022A000D2F800E058F8231059B9A1681160A26073
:1022B00048F823C0116809B148F820201846724632
:1022C000C5E70968116058F823301A600346F5E73E
:1022D000A2682A60A5603AB192696168B2FBF1F622
:1022E00001FB162243F8225004F108021A50C5E7F8
:1022F0002DE9F0430546B1B014460E4631B1D3691D
:10230000DFF8D890D3E90078B84519D1A5B1AB680A
:10231000E4698BB1314901AA28460FF0DFF958B1C1
:10232000D4E901739F421ED0BC2201A9384621F096
:10233000C9FD6368BC336360012031B0BDE8F08340
:102340003946BC2201A821F0BDFDA27D218A30467C
:1023500018F07CFEBC370028EFD001AA4946304671
:1023600012F09AFCD0E71E4A0121204605F074FDC8
:10237000D4F800800646A7EB080968B3194B9842C9
:1023800006D9194B984201D91FF0A7FB1FF0A2FBF9
:10239000BC20704322F034FD0546BC2201A905EBA8
:1023A000090021F08FFD39462A46404617F030FEDD
:1023B000394600F1BC02384617F02AFE0746B8F14C
:1023C000000F02D0404622F023FDBC23C4E9005791
:1023D00003FB0655A560AFE70546DEE7346002085B
:1023E0003AA20208414CAE0082985C0170B59EB0E2
:1023F0000F4B0093684614460E4611F009FB00256A
:10240000E4B2A54209D320223146684611F061FEAC
:10241000684615F0C7FC1EB070BD621B102A06EBA3
:10242000050128BF1022684611F021FE1035E8E7AB
:102430005460020810B5054B044640F82C3B15F0DB
:1024400056FA204615F0CEFA204610BD2C5F020841
:1024500010B50446FFF7EEFF204622F0D9FC2046D7
:1024600010BD10B5054B044640F82C3B15F02EFA74
:10247000204615F0B7FA204610BD00BFD85E02080E
:1024800010B50446FFF7EDFF204622F0C1FC2046C0
:1024900010BD002807DB044A4109012300F01F009A
:1024A000834042F82130704700E100E000280CDB57
:1024B0004309064900F01F0020330122824041F801
:1024C0002320BFF34F8FBFF36F8F704700E100E011
:1024D00008B53220FFF7EAFFBDE80840014818F0D0
:1024E0003BBB00BFB01A0020164B30B5DC68C4F30C
:1024F0000224C4F10703251D042B28BF0423062D45
:102500004FF0FF358CBF033C002405FA03F321EAAA
:102510000303A54022EA0502A340002843EA020380
:10252000ACBF00F16040084A4FEA0313B8BF00F0A7
:102530000F00DBB2AABF00F56140135480F80033EE
:1025400030BD00BF00ED00E014ED00E008B590F8EC
:102550002530022B03D00423C363012008BD036888
:102560001A6822F00E021A601A6822F001021A603C
:10257000826C136823F480731360D0E9101303F0A6
:102580001C02012393404B60D0E913325A60436D23
:1025900033B11A6822F480721A60D0E916325A6098
:1025A000012380F82530002380F82430836B03B1A9
:1025B00098470020D2E7074B5A69002ABFBF064A56
:1025C0009A6002F188329A60BABF5869C00F002041
:1025D000704700BF0040005823016745044B5A690B
:1025E00042F000425A615869C043C00F704700BFB3
:1025F000004000580268436B9169126803B11847A4
:1026000070471C4A436B934270B501F002020DB251
:1026100001F001041DD0184EB3421AD0174EB34238
:1026200017D0002DACBF0023B8230CB143F0F20348
:102630000AB143F0F403102902D143F0900303E000
:10264000202901D143F0200301680A6813430B607D
:1026500070BD002DACBF0023B8230CB143F0F203D2
:102660000AB143F0F4031029E7D0202908BF43F052
:102670006003E9E7352A00080B2F0008372B000814
:1026800090F84120602A4FF0000206D1202180F806
:10269000411080F8402002637047026380F84020B8
:1026A00090F892205AB990F84120202A07D1282288
:1026B00080F84120024A42634FF40041A1E770478D
:1026C000F92D0008806A836B0BB100229A63C36BFB
:1026D0000BB100229A63D3E711F0010307D090F801
:1026E000413003F02803282B14BFF22342238A072A
:1026F00009D590F8412002F02802282A0CBF43F0A7
:10270000440343F0F4030A0401680A6848BF43F035
:10271000B80322EA03030B607047002380F84230BD
:1027200090F8412010B5212A4FF0200280F8412076
:102730000BBF112212224363436307BF02630121CF
:1027400002630221FFF7C8FF002380F8403010BD6C
:1027500008B503681A68002180F84210510415D5A5
:102760001A6822F480421A6090F84130292B13D164
:10277000282380F84130212303630121FFF7ACFFB8
:10278000002380F8403080F8903008BD1204EBD56B
:102790001A6822F40042E6E790F841302A2BF4D17F
:1027A000282380F84130222303630221FFF794FF9E
:1027B000002380F84030BDE808400EF0BDBD08B5EC
:1027C000164BC362202200230363436380F8412039
:1027D00080F842304B0712D503685A6A436A1A7070
:1027E000436A01334362038D4BB1013B0385438D43
:1027F000013B9BB24385436C43F00403436448F2BE
:102800000301FFF769FF03681022DA61002380F8F3
:102810004030BDE808400EF06CBD00BF0000FFFF77
:1028200070B500223B4D90F8413080F84220C562DF
:102830004285426C283B0A43022B0446426429D855
:102840000321FFF749FF282380F84130324BA06B6A
:102850006363236B00283FD0112B01D0212B3BD188
:1028600023681A68510442BF1A6822F480421A6031
:1028700090F82530012B2BD0284B8363002384F85C
:102880004030FFF763FE002843D0A06B836BBDE8A8
:102890007040184748F20301FFF71EFFFDF750FC98
:1028A00090F84130602B11D0202380F8413003682C
:1028B0009A6995060AD59A69D00605D51022DA617B
:1028C000626C42F0040262642022DA610023BEE7F7
:1028D0002046BDE87040D3E6E06B0028F8D0122B0C
:1028E00001D0222BF4D123681A68120442BF1A685F
:1028F00022F400421A6090F82530012BE8D0074BF3
:102900008363002384F84030FFF720FE08B1E06BBA
:10291000BCE770BD0000FFFFF92D0008C5260008C8
:10292000036899691A6810B4CC0508D5140606D551
:10293000446C44F0010444644FF48074DC614C0541
:1029400008D5140606D5446C44F0080444644FF4DA
:102950008064DC61890508D5120606D5426C42F018
:10296000020242644FF40072DA61416C11F00B0F05
:1029700001D010BC54E710BC704773B50568202324
:10298000EB6190F84130212B04460E4634D10121F1
:10299000FFF7A2FE112323636B6823F0FF7323F478
:1029A0008B3323F4FF7323F001036B600023636315
:1029B000F206A3F58033E36205D51023EB61636C67
:1029C00043F00403636494F84130602B05D173072E
:1029D00041BF6B6ADBB20193019B2046FDF7B0FB60
:1029E000636C94F84120602A00D073B1616C20467A
:1029F00002B0BDE8704013E790F84130222BCBD1F4
:102A00000221FFF769FE1223C5E794F84120212A2D
:102A10000AD1202284F84120236394F8422084F8CC
:102A2000403084F8423003E094F84120222AF0D06C
:102A300002B070BD73B590F84030012B044678D0D9
:102A4000012380F84030CB0612D5D60610D5036896
:102A50001022DA61436C43F0040343642021FFF742
:102A6000D0FDFDF76DFB002084F8400002B070BD82
:102A70000D0641D550063FD525682B6823F040034D
:102A80002B60638D9BB25BB36968638D9BB2FF2B38
:102A9000C1F309011AD9FF2323854FF08073002267
:102AA000268D009294F828202046FDF757FB638D71
:102AB0009B1B9BB2638594F84130222B2B680CBF83
:102AC00043F4004343F480432B60CCE7638D2385BC
:102AD000E36A13F5803F14BFE36A4FF00073DEE74B
:102AE0006B689A0103D42046FFF717FEBBE740212D
:102AF0002046FFF795FEB6E74B0612D5560610D5D1
:102B0000638D9BB2002BF2D123685A689501AAD439
:102B1000E26A12F5803FE6D15A6842F480425A6078
:102B2000A1E788069FD593069DD52046FFF725FF90
:102B300099E702209AE713B590F84030012B04463C
:102B400000F08580012380F84030CB0612D5D306F3
:102B500010D503681022DA61436C43F00403436428
:102B60002021FFF74EFDFDF7EBFA002084F840002E
:102B700002B010BD880708D5930706D52368226DDB
:102B80009A624FF0FF332365EFE7080636D5530608
:102B900034D510212046FFF734FD638D9BB24BB333
:102BA000638D9BB2FF2B17D90023FF22E16C228596
:102BB00000934FF0807389B2FDF7D0FA638D228DB8
:102BC0009B1A9BB2638594F841202368222A1A68D5
:102BD0000CD142F400420BE0628DE16C92B2002312
:102BE00022850093D2B24FF00073E4E742F48042B2
:102BF0001A60BAE74021FFF713FEB6E748061ED574
:102C000053061CD594F84110124A134B222918BFC1
:102C10001346628D92B2FF2A08D9FF22E16C228509
:102C200000934FF0807389B22046C5E7628DE16C56
:102C300092B222850093D2B24FF00073F3E7880678
:102C400093D5930691D52046FFF797FE8DE7022096
:102C50008EE700BF00200080002400802DE9F843AB
:102C60000568D5F80090D0F82C8090F8417007F0F6
:102C7000F7072023212F04460E46EB6163D148F26B
:102C80000101FFF729FD27636B6843F400436B6084
:102C90006B6823F0FF7323F48B3323F4FF7323F06B
:102CA00001036B602046FDF74BFA19F4804F4FD0BB
:102CB0002B6823F480432B60A36B1BB11B685B68FC
:102CC0009BB2638572070FD5636A6A6A1A70636A7A
:102CD00001336362238D2BB1013B2385638D013B5F
:102CE0009BB2638526F00406638D9BB21BB1636CB7
:102CF00043F004036364F30611D519F0100F0ED0EE
:102D0000638D9BB2002B3DD194F84130282B28D104
:102D1000B8F1007F25D131462046FFF750FD002352
:102D200084F84230656C6363002D3AD0616C2046B4
:102D3000FFF776FD94F84130282B58D131462046D4
:102D4000BDE8F8433BE5222F9ED148F2020198E707
:102D500019F4004FB6D02B6823F400432B60E36BCB
:102D6000ABE794F841202368292A4FF01002DA617A
:102D7000D5D118F5803FD2D02046FDF7E1F9FFF715
:102D8000E7FCCCE723681022DA61636C43F00403AC
:102D9000636438F08073C2D1616C2046FFF740FD58
:102DA000BDE7E36A13F5803F0FD02046FFF7D0FC64
:102DB000104BE362202384F8413084F840502563AF
:102DC0002046BDE8F8430EF094BA94F8413084F8F8
:102DD0004050222B4FF0200384F84130256304D16A
:102DE0002046BDE8F8430EF0A7BA84F89050BDE83D
:102DF000F88300BF0000FFFF70B590F84060C56A1F
:102E0000012E04460B467ED0012680F840608E06D7
:102E100007D5960605D5FFF721FF002084F840006E
:102E200070BDD90630D5D6062ED5628D92B2E2B9E4
:102E300094F84120282A07D1B5F1007F04D1194622
:102E40002046FFF7BCFCE8E794F841202368292AD4
:102E50004FF01002DA61E0D115F5803FDDD0204659
:102E6000FDF76EF9FFF774FCD7E723681022DA61EB
:102E7000636C43F00403636435F08073CDD1616CFF
:102E80002046FFF7CDFCC8E758071BD5510719D5D9
:102E9000638D9BB26BB123685A6A636A1A70636A66
:102EA00001336362238D013B2385638D013B9BB21C
:102EB0006385638D9BB2002BAFD115F5803FACD0FD
:102EC0002046CFE71E0705D5100703D5204617F08B
:102ED0000BFDA2E79907A0D593079ED5638D9BB202
:102EE0006BB1636A226813F8011B91626362638DA0
:102EF000013B9BB26385238D013B23858DE735F034
:102F000080738AD1DCE702208AE770B590F84060D0
:102F1000C56A012E04460B4670D0012680F8406039
:102F20008E0607D5960605D5FFF798FE002084F893
:102F3000400070BDD80659D5D10657D512F4404F80
:102F400050D0D4E90E10E0B921B1520402D50A687C
:102F500052680AB323681022DA61636C43F00403F9
:102F6000636494F8413035F08072DBB2DED1213BEE
:102F7000092B30D8DFE803F02D342F2F2F2F2F2FE0
:102F80002D341604E0D5006840680028DCD119B162
:102F9000500444BF0A68526894F84120282A07D197
:102FA000B5F1007F04D119462046FFF708FCBDE7C4
:102FB00094F841202368292A4FF01002DA61B5D134
:102FC00015F5803FB2D02046FDF7BAF8FFF7C0FBF9
:102FD000ACE721232363616C2046FFF721FCA5E7C2
:102FE0002223F7E723681022DA619FE719079DD5AE
:102FF00013079BD5204617F077FC97E7022098E748
:103000004FF0B0431868C0F3802070474FF0B043D2
:103010001868C0F3406070474FF0B04310B59A682D
:10302000D96812F00C0205D00C2A4AD101F0030332
:10303000012B51D14FF0B0412B480B6813F008031E
:1030400006D00B6813F0080337D1D1F8941007E0CD
:103050000C68240756BFD1F894300968C3F30323E2
:1030600050F82330002A0CBF184600204FF0B04122
:103070008A6802F00C020C2A1ED1CA6802F0030210
:10308000022A2ED0032A06D10B68184A13F4801F97
:10309000174B18BF13464FF0B042D068D168D268C2
:1030A000C0F306205843C1F302130133B0FBF3F021
:1030B000530F0133B0FBF3F010BD0B68C3F30313E0
:1030C000CEE7042A05D0082A06D11B6813F4801322
:1030D00005D006480023C9E700231846C6E7044880
:1030E000C4E7024BD7E700BF685C02080024F40085
:1030F0000048E80108B5FFF78FFF4FF0B0439A682A
:10310000044BC2F3031203EB82031B6CB0FBF3F01E
:1031100008BD00BF685C020838B50546FFF7EAFF46
:103120004FF47A73B0FBF3F3013BB3F1807F01D32B
:10313000012038BD4FF0E022F0215361094B0024FB
:1031400083F823100F2D4FF0070394611361EFD81C
:103150004FF0FF3022462946FFF7C6F9024B2046C2
:103160001D66E6E700ED00E000000020F8B54FF036
:10317000B04304469D68DE6803689F0605F00C05B1
:1031800006F0030632D5016A1DB10C2D7CD1012E4B
:103190007AD109B90120F8BD4FF0B043A76A1A6887
:1031A000100756BFD3F894301B681B0903F0F003D7
:1031B0009F4255D93846FCF7F0FF0028EAD14FF07E
:1031C000B042136843F008031360136823F0F00360
:1031D0003B431360606AFCF7D7FFFFF78BFF994B07
:1031E0005866186EFFF798FF0028D4D12268D007E0
:1031F00040F1AD80082D616803D00C2D71D1032EF4
:103200006FD10029C6D0910700F1B880170740F1AF
:103210000481A1694FF0B043002900F0ED80D3F89C
:103220009410E06901F01006B04200F0D28001F085
:103230000306022EAED0CE0740F1C280D3F8941020
:10324000814E21F00101C3F894103768D3F894102F
:10325000890740F1B5803168C91B1129F6D931E0E1
:103260004FF0B042136843F008031360136823F073
:10327000F0033B431360606AFCF786FF3846FCF7B7
:103280008CFF0028A9D085E76F4A4FF0B043D9B131
:10329000196841F0010119601068196889070DD596
:1032A0001A6842F008021A601A68A16A22F0F00255
:1032B0000A431A60606AFCF767FF97E71168091A0A
:1032C0000229EAD9032066E7196821F00101196093
:1032D000106819688F0789D51168091A0229F8D969
:1032E000F0E74FF0B043A768186820F48010384327
:1032F000B1F5803F186054480ED1196841F480310F
:10330000196001684FF0B0473B689B031FD4036806
:103310005B1A642BF8D9D5E7B1F5041F04D11968FD
:1033200041F400111960E8E71F6827F480371F6037
:103330001F6827F400171F600029E2D10768196889
:10334000890304D50168C91B6429F8D9BAE7930732
:103350007FF55CAF042D03D00C2D0FD1022E0DD1C3
:103360002369002B3FF416AF4FF0B04160694B6802
:1033700023F0FE4343EA00634B6047E7206932498C
:103380004FF0B04368B1186840F4807018600E6860
:10339000FFF736FE0028E7D10B689B1B022BF7D9FD
:1033A00090E7186820F4807018600E68FFF728FE18
:1033B00000283FF42BAF0B689B1B022BF6D981E74B
:1033C0004FF0B041D1F8943023F010030343C1F81B
:1033D00094304FF0B0411C48D1F8943043F00103D1
:1033E000C1F894300668D1F894309F0715D403686B
:1033F0009B1B112BF7D965E7D3F89410124821F0E5
:103400000101C3F894100668D3F89410890704D515
:103410000168891B1129F7D954E757074ED50B4A84
:10342000136813F4807F084B12D1116841F4807146
:10343000116018681168CE050AD41968091A0229A2
:10344000F8D93FE700000020E804002000040058FD
:10345000E1684FF0B04200294BD021F080000528F0
:1034600002BFD2F8900040F00400C2F890004FF084
:10347000B0421F68D2F8900040F00100C2F89000FE
:1034800041F28836D2F89000800704D41868C01B37
:10349000B042F7D916E721F0040181291868D2F863
:1034A000901015D141F08001C2F8901041F2883699
:1034B0004FF0B041D1F89020120504D5E36A002BFB
:1034C0003DD1002067E61A68121AB242F2D9F9E635
:1034D00021F08001C2F8901041F288364FF0B041DF
:1034E000D1F890201705E9D51A68121AB242F7D917
:1034F000E8E61868D2F8901021F08001C2F8901028
:1035000041F28836D2F89010090513D41868D2F821
:10351000901021F00101C2F890104FF0B04641F236
:103520008831D6F890209207C8D51A68121A8A42B4
:10353000F7D9C7E61968091AB142E3D9C2E60C2DDA
:1035400046D0022B4FF0B043314A196821F0807108
:103550001960116831D1FFF759FD20BBD4E90C3057
:103560004FF0B0410343CD682A4828400343E06B45
:103570000343206C0343606C0343A06B43EA0023C6
:10358000CB600B6843F080730B60CB6843F08053D3
:10359000CB601168FFF73AFD002892D113685B1ADF
:1035A0000A2BF7D98EE613685B1A0A2BD3D989E662
:1035B00013685B1A0A2B3FF685AEFFF727FD00283C
:1035C000F6D14FF0B042144BD1680B40D36078E78E
:1035D000012B3FF4DFAD4FF0B043D868236B00F010
:1035E00003029A427FF4D6AD626B00F070039342FF
:1035F0007FF4D0ADA26B00F4FE43B3EB022F7FF457
:10360000C9AD636C00F06040C01A18BF0120C2E56C
:10361000E80400208C80C111FCFFFEEE08B5FFF726
:1036200069FD4FF0B0439A68044BC2F3022203EBEA
:103630008203D3F81434D84008BD00BF685C020888
:1036400008B5FFF757FD4FF0B0439A68044BC2F33B
:10365000C22203EB8203D3F81434D84008BD00BF64
:10366000685C020870B5044605682269A368296889
:10367000C069666A134362691343774A03430A4089
:1036800013432B606B68E26823F4405313436B6071
:10369000724BA2699D421CBF236A1A43AB6823F098
:1036A0006E4323F430631343AB60EB6A23F00F03E4
:1036B0003343EB626A4B9D4217D14FF0B043694AE6
:1036C000D3F8883003F0030343F44033934264D0CB
:1036D000B3F1031F21D0013A934258D0B0F5004F07
:1036E00040F0B480FFF7ACFF34E05F4B9D4234D133
:1036F0004FF0B0435D49D3F8883003F00C0343F436
:1037000040228A4249D005D8FBB1594B9A423ED05B
:10371000012065E0B2F10C1FFAD1B0F5004F40D0A6
:103720004FF40040534B626803EB4603B3F8343464
:10373000B0FBF3F303EB5203B3FBF2F34FF6EF727C
:10374000A3F110019142E3D844E0B0F5004F78D1E5
:10375000FFF764FF002842D023E0404B9D42D7D1C1
:103760004FF0B043D3F8883003F44063B3F5006FF3
:103770003DD006D883B3B3F5806FC9D1FFF74CFCB9
:103780002CE0B3F5406FC3D14FF4004030E0B0F50A
:10379000004F5ED1FFF740FCDCE7B0F5004F364844
:1037A000C0D1344B626803EB4603B3F83434B0FB4A
:1037B000F3F0530803EB4003B3FBF2F34FF6EF7261
:1037C000A3F110019142A3D823F00F0292B2C3F3E8
:1037D00042031343EB6002E0FFF720FF40B90020F3
:1037E0004FF00113A3660023C4E91D3370BD2248C6
:1037F000204B656803EB460305EB4501B3F8342421
:10380000B0FBF2F3994283D8B3EB053F80D8002395
:10381000194619F0FDFE090241EA10616B08000229
:10382000C0182A464FF0000341F1000119F0F0FEE4
:10383000124BA0F540729A423FF66AAF074BD86030
:10384000CDE7FFF7EBFE0028C9D06BE7FFF7F8FEE6
:10385000F9E7FFF7E1FBF6E7F369FFCF00800040EF
:1038600000380140020003000044004008000C0042
:1038700004000C00685C02080024F400FFFC0F0048
:1038800038B5044638B3D0F888300BB980F88430A6
:1038900025682423C4F888302B6823F001032B60AB
:1038A000A36A13B12046FCF7E3FC2046FFF7DAFEDB
:1038B000012810D06B6823F490436B60AB6823F051
:1038C0002A03AB602B6843F001032B602046BDE860
:1038D0003840FDF71BB9012038BD38B5044658B350
:1038E000D0F888300BB980F8843025682423C4F8D8
:1038F00088302B6823F001032B60A36A13B12046A4
:10390000FCF7B6FC2046FFF7ADFE012814D06B682B
:1039100023F490436B60AB6823F02203AB60AB6889
:1039200043F00803AB602B6843F001032B60204693
:10393000BDE83840FDF7EAB8012038BD836810B50E
:10394000044613B1032201469847204610BD10B526
:10395000034B044640F8043BFFF7F0FF204610BD40
:10396000BC60020810B50446FFF7F1FF204621F0C5
:103970004FFA204610BD10B5034B044640F8043BF7
:10398000FFF7DCFF204610BDBC60020810B50446FE
:10399000FFF7F1FF204621F03BFA204610BD10B59D
:1039A000034B044640F8043BFFF7C8FF204610BD18
:1039B000BC60020810B50446FFF7F1FF204621F075
:1039C00027FA204610BD0369DA6822F00102DA60A6
:1039D000DA6822F00202DA60DA6822F00402DA60C1
:1039E000DA6822F00802DA60DA6822F01002DA609F
:1039F000196A41F21112114208D1196A40F2444287
:103A0000114202BF1A6822F001021A60012280F8F6
:103A10004D20196821F00101196080F84E2080F8CE
:103A20004F2080F8502080F8512080F8522080F8F4
:103A3000532080F8542080F8552080F8562080F8D4
:103A4000572070470B4B98420BD0B0F1804F0AD0F3
:103A500003F5C053984208D003F58063984206D01E
:103A6000FEE70020704701207047022070470320C6
:103A7000704700BF002C0140826810B50AB91EF0E3
:103A800039F8BDE81040C36818470B4BDA680242AA
:103A900011D0D8600023012803F1010208D10748A2
:103AA000DBB2142202FB0300043083681BB1E3E79E
:103AB00040081346EFE7704700080058C01A00207E
:103AC000037F013B072B14D8DFE803F00411130D2B
:103AD0001313130F012350F8040C1B016433184413
:103AE000836833B1C8E70323F5E70423F3E7022330
:103AF000F1E77047036870B5DD681E69B1070446D9
:103B00000BD5AA0709D56FF002021A6101220277CC
:103B10009B69FFF7D5FF0023237770070DD5690751
:103B20000BD523686FF004021A6102222277204627
:103B30009B69FFF7C5FF0023237732070DD52B07BD
:103B40000BD523686FF008021A6104222277204601
:103B5000DB69FFF7B5FF00232377F0060DD5E906F3
:103B60000BD523686FF010021A61082222772046D5
:103B7000DB69FFF7A5FF00232377F2070CD5EB07DE
:103B80000AD5236854F8040C6FF001021A61C36E61
:103B900013B16430FFF770FF300605D5290642BF28
:103BA00023686FF080021A61F20505D52B0642BF2B
:103BB00023686FF480721A61700605D5690642BFEA
:103BC00023686FF040021A61B20605D5AB0642BF0A
:103BD00023686FF020021A6170BD034BD3F82006F2
:103BE00008B1043086E77047E0150020FFF7F5BF05
:103BF000034BD3F8240608B104307BE7704700BFBD
:103C0000E0150020034BD3F8280608B1043071E713
:103C1000704700BFE0150020034BD3F82C0608B115
:103C2000043067E7704700BFE015002021F0E8B8D6
:103C300021F0E6B821F0ECB821F0EAB821F0E8B8BC
:103C400008B5032818D8DFE800F002080D1201209B
:103C5000FCF70FFC4FF0904008BD0220FCF709FC78
:103C60000648F9E70420FCF704FC0548F4E7802047
:103C7000FCF7FFFB0348EFE70020EDE700040048F6
:103C800000080048001C00484FF0B04382B09A6D15
:103C900002439A659B6D03400193019B02B07047FC
:103CA0004FF0E0230B4A82B01168986901901068C8
:103CB0009A6900925A69884214BF009B019B0132A5
:103CC0004FF47A71D31A4B43B3FBF2F301FB00308C
:103CD00002B07047E8040020094B70B500261D684B
:103CE0004FF47A73B5FBF3F5C0E900560446FFF7CD
:103CF000D7FF044B03FB0500A060304670BD00BF3A
:103D0000E8040020C0BDF0FF024A136801331360CD
:103D1000704700BFE80400200C4BD3F8FC20D20110
:103D20005EBFD3F8FC2042F08072C3F8FC20084B41
:103D300000225A601A6842F001021A6000BF00BFF8
:103D400000BF5868B0FA80F04009704700ED00E00D
:103D5000001000E0012098E6022096E6042094E698
:103D6000082092E6102090E638B505242025A8B258
:103D7000FFF78BFE013C4FEA4505F8D138BD38B559
:103D800006244FF48065A8B2FFF77FFE013C4FEA9E
:103D90004505F8D138BD012A02D0022A18BF0022F9
:103DA000FCF7E4BEF8B5471C06460C4600D1FEE71A
:103DB0003F4B00F00F0203EB8203C0F30310D3F874
:103DC0006414FFF73DFF91FAA1F3B3FA83F3876818
:103DD00003225B0002FA03F391FAA1F2B2FA82F233
:103DE00027EA03075200032393403B4304F00705EF
:103DF0008360032D03D8DFE805F057032559FEE75C
:103E0000012391FAA1F2B2FA82F206685200032766
:103E100007FA02F226EA020691FAA1F2B2FA82F257
:103E200052009340013D3343012D036005D84368A0
:103E300022074CBF0B438B434360C4F30112BDE820
:103E4000F840A8E7C4F306227F2A17D0360717D513
:103E50000B0A93FAA3F6B6FA86F6476A93FAA3F327
:103E6000B6004FF00F0CB3FA83F30CFA06F69B0082
:103E700027EA060602FA03F3334343620223C0E74C
:103E800091FAA1F3B3FA83F3066A9B000F2707FAAE
:103E900003F326EA030691FAA1F3B3FA83F39B0036
:103EA0009A4032430262E9E70023AAE70323A8E726
:103EB000685C0208431C05D17047984201D18968AB
:103EC00070E70C310B685A1CF7D1FEE7431C02D196
:103ED000002070470C310B685A1CF9D09842F9D178
:103EE0004868704703468B42084604D01BB100293E
:103EF0000CBF1846002070474FF0B0431A6842F0DC
:103F000061021A604FF4E0229A6061221A60064A48
:103F1000DA6000229A6140F23F321A62034B4FF09E
:103F200000629A60704700BF0001042200ED00E0CB
:103F30004FF0B04382B01A6E02431A661B6E034004
:103F40000193019B02B0704703680C4A934202D16F
:103F50004FF40060ECE7B3F1804F01D1012093E60C
:103F6000074A934202D14FF40030F3E7054A9342E7
:103F700002D14FF48020EDE7704700BF002C0140D4
:103F80000044014000480140431C10D00C4B9842B3
:103F900010D007D8B0F1804F0ED0A3F5C05398428F
:103FA0000CD0FEE7074B9842FBD11D2070476FF005
:103FB0000D0070471C2070471B2070471820704769
:103FC0000044014000480140431C10D00C4B984273
:103FD00010D007D8B0F1804F0ED0A3F5C05398424F
:103FE0000CD0FEE7074B9842FBD11D2070476FF0C5
:103FF0000D0070471C2070471B2070471A20704727
:10400000004401400048014090F8B120084B03EB08
:104010008203D3F83036D3F88800D3F88C301843B5
:1040200000F02200A0F1220358425841704700BF1F
:10403000E015002010B5044650F80439DA69D107BC
:104040000BD501221A62FFF7DFFFA8B904F1AE0118
:104050002046BDE8104016F07FBCDA69920701D512
:104060000222EFE7DA69510701D50422EAE7DA69AB
:104070001207E8D50822E5E710BD0368D9691A6878
:104080002DE9F04140F60F0631429D68044610D1FB
:104090008E0640F1BA8002F0200605F080573E43BC
:1040A00000F0B380436F002B00F0AD80BDE8F0411D
:1040B0001847AF4EAF482E401040304300F0A58067
:1040C000CF0709D5D00507D501201862D4F8900094
:1040D00040F00100C4F890008F0709D5E80707D524
:1040E00002201862D4F8900040F00400C4F8900058
:1040F0004F0709D5E80707D504201862D4F89000C7
:1041000040F00200C4F890000F070BD502F0200029
:10411000304307D008201862D4F8900040F008001F
:10412000C4F890000E050AD5500108D54FF4006080
:104130001862D4F8903043F02003C4F89030D4F8DB
:104140009030002B5FD0890609D502F0200205F0DF
:1041500080552A4303D0636F0BB1204698472368EC
:10416000D4F890109A6801F0280102F0400252EA57
:10417000010543D053E8002F22F4907243E8002158
:104180000029F7D17C4803F1080252E8002F0240D1
:1041900003F1080545E800210029F4D1E26E012A67
:1041A00007D153E8002F22F0100243E80021002934
:1041B000F7D12022C4F88C200022E26662679A6858
:1041C000520617D503F1080252E8002F22F04002F0
:1041D00003F1080040E800210029F3D1D4F8800061
:1041E00040B1664B8363FEF7B1F960B1D4F880004B
:1041F000836B5BE72046BDE8F0411BE72046FFF7F5
:1042000019FFC4F89050BDE8F081E06E012840F03D
:10421000B780CF0640F1B480D60640F1B1801022BD
:104220001A629A68500671D5D4F8802010684168E7
:1042300089B20029E7D0B4F85C508D42E3D9A4F8E4
:104240005E100168890634D453E8001F21F48071A0
:1042500043E800100028F7D103F1080151E8001FDE
:1042600021F0010103F1080545E800100028F3D111
:1042700003F1080151E8001F21F0400103F1080596
:1042800045E800100028F3D12021C4F88C10E06626
:1042900053E8001F21F0100143E800100028F7D177
:1042A0003AB192F82530022B08D00423D36382F868
:1042B000240002232367B4F85E30A4E71368906CEF
:1042C000196821F00E011960016821F48071016004
:1042D000196821F001011960D2E9100303F01C01F3
:1042E00001238B404360D2E913315960536D33B1E0
:1042F000196821F480711960D2E9163159600123DF
:1043000082F82530002382F82430D2E7B4F85E200A
:10431000B4F85E10B4F85C0089B292B200293FF4A0
:1043200072AF90423FF46FAF53E8002F22F49072C7
:1043300043E800210029F7D10F4803F1080252E8B1
:10434000002F024003F1080545E800210029F4D1BF
:104350002022C4F88C206167E16653E8002F22F028
:10436000100243E800210029F7D1022323674AE71E
:104370000100001020010004FEFFFFEFE9430008E8
:10438000CF020BD56E0209D54FF4801204F1AE01B5
:1043900020461A62BDE8F04116F0DEBA08060BD5D9
:1043A00002F0800005F40005284305D0A36F002B20
:1043B0003FF429AF204679E649067FF524AF52063F
:1043C0007FF521AF53E8002F22F0400243E800219F
:1043D0000029F7D12023C4F88830A167D4F8983099
:1043E000201FBDE8F0411847806A0023A0F85E3026
:1043F000A0F856301EE62DE9F84F0368B0F860606B
:10440000D3F81CB01F689D68D0F88C20222A04467F
:1044100040F0B580B0F8683043B1DFF86C91DFF858
:104420006CA14FF000081BF0200F20D1B4F85E30D3
:104430009BB2D3B1B4F868209A4216D9226802F12F
:10444000080353E8003F23F08053083242E800316C
:1044500022680029F2D14E4B636752E8003F43F0D7
:10446000200342E800310029F7D1BDE8F88F236826
:10447000A26D5B6A33401370A36D0133A365B4F87A
:104480005E30013B9BB2A4F85E302368D3F81CB0C9
:104490001BF0070F2ED01BF0010F09D0F90507D52F
:1044A00001221A62D4F8902042F00102C4F8902050
:1044B0001BF0020F09D0EA0707D502221A62D4F8CE
:1044C000902042F00402C4F890201BF0040F09D0A1
:1044D000E80707D504221A62D4F8903043F00203AB
:1044E000C4F89030D4F8903023B12046FFF7A2FDF5
:1044F000C4F89080B4F85E309BB2002B93D1226850
:1045000052E8003F23F4807342E800312368002919
:10451000F5D103F1080252E8002F02EA090203F183
:10452000080040E800210029F3D120225345C4F8B7
:104530008C20616721670AD05A68110207D553E8B9
:10454000002F22F0806243E800210029F7D1E26EBB
:10455000012A10D10022E26653E8002F22F0100257
:1045600043E800210029F7D1DA69D2067FF55BAF75
:1045700010221A6257E72046FBF7A3FF53E79A6918
:1045800042F008029A6170E7FEFFFFEF00800040F2
:10459000CB0400082DE9F84F0368B0F86060D3F849
:1045A0001CB01F689D68D0F88C20222A044640F079
:1045B000B380B0F8683043B1DFF86891DFF868A1E4
:1045C0004FF000081BF0200F20D1B4F85E309BB2F2
:1045D000D3B1B4F868209A4216D9226802F10803D0
:1045E00053E8003F23F08053083242E8003122684C
:1045F0000029F2D14D4B636752E8003F43F020039E
:1046000042E800310029F7D1BDE8F88F2368A26D98
:10461000596A314022F8021BA265B4F85E20013AC3
:1046200092B2A4F85E20D3F81CB01BF0070F2ED076
:104630001BF0010F09D0F90507D501221A62D4F841
:10464000902042F00102C4F890201BF0020F09D024
:10465000EA0707D502221A62D4F8902042F0040239
:10466000C4F890201BF0040F09D0E80707D50422F6
:104670001A62D4F8903043F00203C4F89030D4F8B2
:10468000903023B12046FFF7D5FCC4F89080B4F8F1
:104690005E309BB2002B95D1226852E8003F23F494
:1046A000807342E8003123680029F5D103F1080244
:1046B00052E8002F02EA090203F1080040E8002155
:1046C0000029F3D120225345C4F88C20616721676B
:1046D0000AD05A68110207D553E8002F22F08062F1
:1046E00043E800210029F7D1E26E012A10D100220F
:1046F000E26653E8002F22F0100243E8002100296F
:10470000F7D1DA69D2067FF55DAF10221A6259E758
:104710002046FBF7D6FE55E79A6942F008029A61F7
:1047200072E700BFFEFFFFEF008000408905000830
:10473000034B1022C3F88421024BD3F830069CE4CB
:1047400000E100E0E0150020044B2022C3F88421A2
:10475000034BD3F8340600B18FE4704700E100E06A
:10476000E0150020034B4022C3F88421024BD3F80C
:10477000380682E400E100E0E01500202DE9F04F6A
:10478000D0F8A0A09DB0CDE904120446B14906932B
:104790005046269B0793FFF799FBD4F8A490AE49A7
:1047A00000904846FFF792FBD4F8A8B0AB49064604
:1047B0005846FFF78BFBD4F8AC30A94901938046EB
:1047C0001846FFF783FBA44902905046FFF77EFB93
:1047D000A04903904846FFF779FB009B05461BB9AB
:1047E000039B002B00F07D81B9F1FF3F03D016B988
:1047F000002D00F07681BBF1FF3F03D0B8F1000F30
:1048000000F06F81019B013303D0029B002B00F06D
:10481000688100983146FFF765FB206020B9039856
:104820002946FFF75FFB206020684146FFF75AFBEF
:104830000299FFF757FB07462060002800F05181DE
:10484000884B984240F097804FF0B0434FF480403F
:104850001A6C42F480421A641A6C22F480421A6480
:10486000FFF766FB2423A4F8B030009B002B00F078
:10487000B08078495046FFF71DFB1EB17649484687
:10488000FFF718FB4FF00009B8F1000F05D073498E
:104890005846FFF70FFB4FF48078029B2BB170490D
:1048A000019848F40078FFF705FB94F8B1206E4BAF
:1048B00094F9B000C4F83C9003EB820304F1040ABD
:1048C000C3F830A6049BA360059BE360079B2361AC
:1048D000069B63610C230022C4E906380823E362C7
:1048E0006760226262620121FDF7FEFD5F4B9F421D
:1048F00040F06381049A94F88830B2F5165F00F2B4
:1049000086808B4275D15046002E00F0F080FEF775
:10491000B7FF002800F0E580482200210AA81FF018
:1049200026FA534A136843F4807313604FF480608F
:10493000FFF7AAF94FF0B043D3F8902042F00102FC
:10494000C3F89020D3F89020910709D4D3F8902091
:1049500022F01802C3F8902004230A9381230D93B8
:104960000A9B002B00F0C9800AA8FEF7FFFB002875
:1049700000F0C380FEE73F4B984210D14FF0B043A8
:104980004FF400309A6B42F400329A639A6B22F42F
:1049900000329A63FFF778F940F2251363E7334B4F
:1049A00098427FF462AF4FF0B043DA6B42F00102FD
:1049B000DA63DA6B22F00102DA63DA6D42F00102A7
:1049C000DA65DB6D03F001030993099B40F22623AE
:1049D00049E7039B002B3FF455AF1F495046FFF7B3
:1049E00069FA1DB11B494846FFF764FA4FF40049C4
:1049F0004AE784F88810616851E8003F43F00203F9
:104A000041E80032002AF6D184F888207BE7012BA8
:104A100048D15046002E5FD0FEF732FF002860D00C
:104A2000FEF7EEFA2368002840F0BC80BB422FD18D
:104A30000020FBF73CFD16B9002D00F087805046A2
:104A4000FEF71EFF00284CD04FF48060FBF72FFDCF
:104A500022E000BF0C61020848610208846102087C
:104A6000CC61020800380140E015002000800040C1
:104A70000004005800440040FEF7C2FA002840F04D
:104A800093802268504B9A42D2D0002E00F0918041
:104A90005046FEF7F5FE20B350461DB0BDE8F04F7E
:104AA000FEF7EEBE84F88810616851E8003F23F0FD
:104AB000020341E80032002AF6D184F888205046EB
:104AC00056B1FEF7DDFE60B1FEF79AFA3E4B226862
:104AD000002857D19A42AAE735B9FEF7FEFE002812
:104AE000CAD11DB0BDE8F08FFEF7CAFEF7E7002D72
:104AF0007FF40DAFFEF7F1FE0BE74FF0B043D3F8B4
:104B000090309B07B8D527682F4B9F4203D14FF4B5
:104B10004060FBF7CCFC5046002EE5D1002DE3D1E0
:104B2000FEF7DBFE0028DCD0FEF76AFA264BE0B188
:104B30009F4215D05046FEF7D0FE0028D1D0226803
:104B4000214B9A4213D10020FBF7B1FC5046FEF7EF
:104B5000C4FE0028C5D04FF48060FBF7A8FC0BE032
:104B60004FF40060FBF7A3FCE4E79F42ECD0504613
:104B7000FEF7B3FE0028B4D050461DB0BDE8F04F9C
:104B8000FEF7ABBE9A4206D14FF40060FBF78FFCF4
:104B90000EB9002DCED05046FEF772FE00287FF4ED
:104BA00070AF9EE7BB42EEE72268074B9A42EFD117
:104BB000EAE7002D7FF46CAFD9E7002E7FF46CAFED
:104BC000002D7FF469AFD7E7008000400A49034613
:104BD000886E10B50344EFF30882934205D9074B62
:104BE0000C221A604FF0FF3010BD054A054C121B15
:104BF0009342F4D28B66F7E70000002008570020AC
:104C000000000120000400004FF0FF3070474FF417
:104C100000534B6000207047012070470020704710
:104C200000207047FEE7034B16221A604FF0FF305A
:104C3000704700BF0857002001207047704781422D
:104C400010B51346A1EB000405D0014622461846D4
:104C50001FF073F80346181910BD73B5531A0F2BC4
:104C600004460D461646019306D9002201A91DF0FF
:104C70000DFB019B2060A3603246294620681DF091
:104C800065FB019B226863600021D15402B070BDB6
:104C900008B500F12C0200F14403002052F8041F73
:104CA0009A420844FAD118F077FE034918F080FFC1
:104CB000024918F0C9FE08BD00606A470000C842FA
:104CC0000B685A89042A2DE9F047846E05460E4682
:104CD0003BD11F4A1F480C334FF4807104F03CF95C
:104CE000236800F1180100225B6B204698471A4B9D
:104CF0008146D3F83C07FFF7CBFF184B94F8788038
:104D000094F879A01F6818F0EFFFAAEB080343435B
:104D1000642293FBF2F301224344D04448FA02F8A0
:104D2000DBB2616F02FA03F302FA08F202EB4A0205
:104D300013440F44A26E07EB490702FB0377776029
:104D40002846BDE8F04703F003BE98891830C7E74E
:104D5000086202081C1C0020E0150020E804002066
:104D600008B500F1440200F59A73002052F8041FC0
:104D70009A420844FAD118F00FFE034918F018FFC0
:104D8000024918F061FE08BD00BA5B4A0000C84243
:104D900038B579B190F84151FFF77AFF04462846BB
:104DA00018F0FEFD0146204618F00AFC003818BF36
:104DB000012038BD90F84051EEE7134B70B5044622
:104DC00093F8CC01E8B9114B1149D3F84037DE68AC
:104DD000304618F0F5FBA8B12046FFF7C1FF0546A5
:104DE00094F8420118F0DCFD314618F02DFE084918
:104DF00018F0DEFE0146284618F0E2FB003818BF26
:104E0000012070BD0120FCE7E8040020E01500202F
:104E10000000C84270B505460E46104682B12B68A8
:104E200001241B682C75284600219847084B83F8FD
:104E30004447BFF35B8F20462E63BFF35B8F70BD8B
:104E4000BFF35B8F2B6BBFF35B8F002BE7D0F6E7D5
:104E5000E0150020034B1A68436882601344C36066
:104E6000704700BFE804002038B50368094DDB69CE
:104E7000C5F848070446984701462046FFF7EAFF71
:104E8000002902DB23681B6898470023C5F84837D0
:104E900038BD00BFE0150020024B41601B6819447B
:104EA000C1607047E8040020002100F52B60F3E7A3
:104EB00010B5074B074AD3F84C471268D3F8503760
:104EC0004FF47A71121BB2FBF1F2D01810BD00BF83
:104ED000E0150020E8040020044B93F85837834283
:104EE00001D30846E4E70020704700BFE01500202A
:104EF0002DE9F3470E4605464B493046174698467E
:104F000018F0A0FB20B9494905222846FBF7D4FB3D
:104F10004749304618F096FB20B9464905222846F5
:104F2000FBF7CAFB4449304618F08CFB20B94349D3
:104F300005222846FBF7C0FB4149304618F082FBAA
:104F400020B9404905222846FBF7B6FB3E493046CA
:104F500018F078FB20B93D4905222846FBF7ACFB49
:104F600001210846FFF7B8FFDFF8E490002847D09A
:104F7000384BB0FBF3F203FB120000F5A83404F544
:104F8000C0743549B4FBF3F2284603FB12444FF4D6
:104F900061633246B4FBF3FA03FB1A4413F0B2FA2E
:104FA0002E49284613F0AEFA3C21B4FBF1F301FB85
:104FB0001344D9F800202A4900944FF47A70B2FBC8
:104FC000F0F228460192524613F09CFA254BD3F892
:104FD000484764B12449284613F048FAE169626AF7
:104FE0002846FBF769FB2149284613F03FFA434660
:104FF0003A463146284602B0BDE8F047FCF7DAB839
:1050000032461549284613F07DFA1449284613F014
:1050100079FAD9F8002016494FF47A732846B2FB82
:10502000F3F213F06FFAD1E75CA1020862A1020863
:1050300068A102086EA1020874A102087AA1020800
:1050400080A1020886A1020854A202085AA20208FE
:10505000E80400208051010060A202088CA102082F
:1050600064A20208E015002088A202088AA20208B1
:1050700079A20208A0F52A6018F0A6BE0AB11EF0B7
:105080004CBE1046704730B5036D0A6D93428DB02B
:1050900004460D4623D1012B18D100F1540106A876
:1050A00017F0BEFD05F15401684617F0B9FD079AE7
:1050B000019B9A420DD100990698FFF7DFFF40B996
:1050C00068461DF005F906A81DF002F900200DB094
:1050D00030BD68461DF0FCF806A81DF0F9F82B6DF0
:1050E0002365012B1FD105F1540106A817F098FD87
:1050F00004F154001DF0C3F8054606A81DF0BFF8E2
:10510000079AB0B11AB10699606D1DF004F9079BBA
:10511000626DA3650021D154069A0023079306A867
:1051200013701DF0D5F8214604F1280016F046FF53
:10513000CCE7069808992DB1C4E91502E16508ABE2
:105140000693E9E7636DE56DE165C4E91502002B9F
:10515000F5D006930895DFE701207047036810B586
:10516000DB6800219847044620B14FF4F07200211B
:105170001EF0FDFD204610BD03460068196010B109
:1051800003685B681847704773B5531A0F2B0446C2
:105190000D461646019306D9002201A91DF076F8A6
:1051A000019B2060A3603246294620681DF0C9F8A3
:1051B000019B226863600021D15402B070BD38B9F0
:1051C000054B06481A7B064B022A08BF1846704753
:1051D0004FF47A7358437047E804002080EE36009D
:1051E000002E93020021084616F0F0BB012100209A
:1051F00016F0ECBB10B5044614F03EFE1549D1F88C
:105200005C3701F50562934211D001F506629B1AE5
:1052100018BF01236375D1F8703893F85930012B0A
:105220000D4B06D11B68C1F87438642010BD0023F3
:10523000F0E7D3F8A400421E0332F6D81C68FFF74B
:10524000BEFFD1F874381844A042EED2102014F0FA
:1052500055FEEAE7E0150020E804002038B50446D2
:105260000068844200D138BD05681FF0D1FD284692
:10527000F7E72DE9FF4705461D4B55F8047F03600E
:10528000044601AE4FF0000AAF4206D16068854285
:1052900029D1204604B0BDE8F087CDE90166D7F8F2
:1052A0000880CDF80CA0D8F80010884504D130460D
:1052B000FFF7D4FF3F68E7E78B68D1F800909C4286
:1052C0000FD1019881420CD081450AD04A461CF08A
:1052D00026F9039B01330393D8F80830013BC8F843
:1052E00008304946E1E706681FF092FD3046CEE7F8
:1052F000087502080F4B10B5036084330446C0F8EC
:105300009431D0F8CC0108B11FF082FD04F5CA70C9
:1053100016F0F0FD2046084B40F83C3BFFF7A9FF94
:1053200004F12000FFF7A5FF201DFFF7A2FF204694
:1053300010BD00BF5862020808630208A0F5CA70D9
:10534000D8E710B50446FFF7D5FF20461FF060FDF3
:10535000204610BDA0F5CA70F3E710B50446FFF76C
:1053600088FF20461FF054FD204610BD2DE9F74F61
:10537000D0E901840368A4EB0806B610B3420546E1
:105380000F469146B3462DD8444529D054F8041C05
:10539000D1F8586166B991F8222197F822319A42E2
:1053A0001ED2043C84605648D0F878389B6894E05C
:1053B000221F13460C46D4F858A1BAF1000F7DD035
:1053C000984502D053F8044DF5E74E4B1B689E42BA
:1053D00006D2D7F858310BB19E4201D9AA60E2E754
:1053E000002083E00AB100231370C146002E0ADCBE
:1053F000EB689C4228D04C4504F1040317D1276088
:10540000AB60012078E04FEA660A09EB8A0359F89D
:105410002A100193384600F0D1F930B9019BA6EB70
:105420000A0A03F104090AF1FF3A5646DEE721466B
:1054300054F8042C41F804294846AB60224616F083
:1054400087FEC9F80070DCE76FF060439B4502D12E
:105450002D481CF048FB444527D10BF1010ABAF155
:10546000000F29D06FF060439A4528BF9A465046F6
:1054700013F0FCF80646A9EB08033246F7504946FC
:10548000404614F0C5FD2146021D484614F0C0FDFB
:105490000446B8F1000F02D040461FF0B9FCC5E940
:1054A000016406EB8A06EE60ABE7BBEB4B0F4FEAFD
:1054B0004B0AD4D99A46DAE75646DCE794F822C17B
:1054C00097F82201844580D21946281D16F00EFC5B
:1054D0000B48D0F878389B68214600F6780098474A
:1054E000002239462846FFF741FF0120B9F1000F9D
:1054F00002D0012389F8003003B0BDE8F08F00BF6F
:10550000E0150020E80400203AA2020838B505465C
:1055100000200C4614F036FF05F58A7014F00AFDE1
:105520002046BDE8384016F03FB938B50446084675
:105530000D4604F0A9FBD4F88C30202B0AD1AB899E
:10554000012B01D0422B0BD1201D14F073FC08B1AC
:1055500014F08AFCD4F88C301F2B0ADD1DF036FEC7
:10556000284614F081FCD4F8FC300133C4F8FC3038
:1055700038BDD4F8900018B1036800211B68984723
:10558000D4F8883004EB8302013355605A4202F0AC
:105590001F0203F01F0358BF5342C4F88830D4F8E9
:1055A0008C300133C4F88C30DDE770B505680446F3
:1055B0000E46A54201D1002070BDA868036831469F
:1055C0009B6898470028F7D12D68F2E7C36810B5AB
:1055D0000A4663B9806800B910BD116843689942F2
:1055E00003D1516883689942F6D00068F3E7D1E9A6
:1055F00000314B404168B3FBF1F401FB1431FBF780
:1056000035FA0028E8D00068E6E7006810B9024BD8
:10561000D3F8F005704700BFE8040020F8B5154B3B
:105620001B7E042B04460D4602D100263046F8BDF1
:10563000866E002EF9D091F82021002AF5D033682B
:1056400008461F6BFFF7E1FF13460146D5F814210A
:105650003046B84706460028E7D0284613F004FF36
:10566000236829465B6B20469847E36E0133E36667
:10567000DCE700BFE80400207FB500230DF10F0236
:10568000009205461A4630308DF80F300C4613F064
:10569000CDFD9DF80F30064663B321462846FFF73F
:1056A000BDFF50B95EB1EB6E0133EB6694F82A3161
:1056B0005BB921462846FCF7EDF9012003E09DF88F
:1056C0000F30CBB1002004B070BD94F820219A4275
:1056D000EFD1D4F814212168284603F047FA0028B6
:1056E000EBD1204613F0C0FE2B6821465B6B2846A9
:1056F0009847E2E70028D6D1084BD3F88C38002B26
:10570000E0D0D4F8140103F12002E83352F8041F6A
:1057100009B18842C7D09A42F8D1D3E7E0150020FA
:1057200038B504460846FFF770FF60600B7A2372B5
:1057300008460D4614F016FB84F820012B680BB1C7
:1057400095F8213184F8213194F8223113B9462398
:1057500084F82231D5F81431C4F8043138BD37B596
:105760005389042B18BF0D4B1446204614BF93F8E1
:105770009028127AFFF749FF002300930D46134645
:105780000146D4F81421284614F0BEFA21460546F5
:10579000FFF7C6FF284603B030BD00BFE01500206C
:1057A000036833B1044AD2F8F005C31A584258418D
:1057B00070470120704700BFE804002038B5D0F8DA
:1057C0005831D1F858411D1E18BF0125003C18BFA3
:1057D0000124A54203D0B3FA83F0400938BD90F804
:1057E000223191F822219A4203D034BF01200020B7
:1057F000F4E7FFF7D5FF18B9BDE838400846CFE712
:105800000020EBE72DE9FF416E4686E806000446DE
:1058100096E8030002AB04F1840783E8050019460B
:105820003846FFF7D3FE90B3027D437DC5689A42A8
:1058300010D22846FFF7B4FF18B9414B1B7B022B4F
:1058400008D02846FFF7E1FED5F81421014620468E
:1058500003F045F9D4F89030002B50D1D4F88C20C7
:1058600004F18C0352B1DDE900065168884202D18F
:1058700091688E4210D01168134659B93148D0F85A
:105880007838294600F678009B689847012004B0D4
:10589000BDE8F0810A46E8E71868D4F888208169F5
:1058A000B1FBF2F602FB1611D4F88420066852F818
:1058B0002170BB424FEA810C33D156B1B769D4F89D
:1058C00088E0B7FBFEF80EFB1877B9420DD042F81E
:1058D000273052F80C7004F18C018F424FF0000118
:1058E00008BFC4F88C6042F80C1002681A601FF000
:1058F0008FFAD4F89030013BC4F89030BEE7DDE970
:1059000000325340D4F88820B3FBF2F1384602FB52
:1059100011313246FBF7AAF803460028AED00068E2
:10592000C2E7002EE1D0B669D4F88870B6FBF7FC68
:1059300007FB1C66B14218BF42F82630D5E700BF0E
:10594000E8040020E015002082B0CDE9001202AB8F
:1059500013E9060002B055E730B5044687B00846A3
:10596000FFF753FE15460023CDE904336B1EDBB26F
:10597000D1F814210190084602928DF814308DF868
:1059800015300391FFF741FE03AD01462046FFF7B6
:10599000DBFF294620468434FFF792F901A920460F
:1059A000FCF70FFC034695E8070083E8070001A910
:1059B0002046FCF706FC07B030BD421C03D0431E56
:1059C0005842584170470120704773B5144BD1F8C5
:1059D0005461D3F8F035C1F854310C460023054624
:1059E00000931A46303013F021FC6068FFF7E5FFA2
:1059F00068B12046FFF7D4FE68B166B1C4F85461BF
:105A00002146284602B0BDE8704004F078BED4F8C4
:105A10005031002BF4D10023C4F85431F0E700BF1B
:105A2000E80400204B89042B70B505460C4613D1C1
:105A3000D1F8046116B9D1F808316BB10A4B61682D
:105A4000D3F8F035994207D00846FFF7B6FF18B9EA
:105A50003246284603F043F82B68214628465B6B04
:105A6000BDE87040184700BFE8040020F7B5334B8D
:105A7000D1F85461D3F8F035C1F854310C46002305
:105A8000054600931A46303013F0D0FB6168D4F815
:105A900054710846FFF791FF70B10021C4F850110E
:105AA0002046FFF77DFE00283DD12146284603B061
:105AB000BDE8F04004F023BE214BD3F8A4080368EE
:105AC0001B6898470028E8D0D0F8B4100029E4D02B
:105AD0008F42E2D0C4F850112046FFF761FE60B15A
:105AE000E6B1C4F854612046FFF75AFE28B194F895
:105AF0002131002BD9D10029D7D094F820311BB9FE
:105B000094F82131002BD0D021460E4814F063F9CF
:105B1000022201462846FFF71FFFC6E794F821310D
:105B2000002BC2D1E9E7C4F85461002EBDD0204655
:105B3000FFF736FE0028DAD1B7E700BFE8040020FF
:105B4000E0150020581E00203C4B2DE9F3471F684C
:105B5000D0F88C4005466FF000461CB9304602B0C4
:105B6000BDE8F0872369D4F80080BB4260D8217D6E
:105B7000C9B9D4F80C904846FFF712FE60B1484608
:105B8000FFF743FD99F80830CDE900110146D9F837
:105B90001421052014F075F8D4E901122846FFF706
:105BA00031FE4446D9E7A37D0133DBB2A375AA6E6B
:105BB0007AB192F861100B44DBB2082B194628BF6A
:105BC0000821E1752BB192F861308B4218BF82F841
:105BD0006210E168D1F804A05046FFF7EEFE81465E
:105BE00078B9237D012B14D1154BC1F85001D3F89E
:105BF000A408036851461B68984708B1C0F8B490E0
:105C0000E168104814F0E7F801462846FFF7DDFE8A
:105C100006E00C4814F0DFF801462846FFF726FF9F
:105C2000237D013B237504F10C012846FFF748F85A
:105C30002369DB1B9E42A8BF1E46B2E7E804002092
:105C4000E0150020581E002038B50446FFF77CFF01
:105C5000204605F0DBF805462046FFF775FFA84211
:105C6000A8BF284638BD70B5154C86B00646182327
:105C70004FF4EB60C4F8A8381FF0C2F80A210546BB
:105C800002F01BF9D4F8AC28C4F8AC5805F5EB6564
:105C9000D4F8B438C4F8B008C4F8B45803A8002540
:105CA000039205930095029515F0AEFC684615F039
:105CB000ABFC04F6AC04B583746006B070BD00BFE5
:105CC000E01500200368074A1B68D2F8F01510B5EC
:105CD000044698470023C0E91933C0E91B3384F810
:105CE000213010BDE8040020204A21492DE9F0416F
:105CF000054602F5B26089C81E4E81F8B978D6F81B
:105D0000F04581F8BD08020C4FEA132C3F0A81F8D8
:105D1000BC2881F8BB3881F8BAC881F8B87854B982
:105D20001B0403F47F03120243EA0C6392B2134391
:105D3000C0B243EA0004104FDFF840802B682146D0
:105D40001B682846984728B10622394610441DF0A2
:105D5000E4FF30B9231F063303D8C6F8F045BDE889
:105D6000F081404612F0DBFB041DE7E70070FF1FE7
:105D7000E0150020E8040020981E0020FBFFFF7FB4
:105D800070B51D4C182301250646C4F87039002350
:105D9000A4F8A83684F8763984F80C3884F8EC55E1
:105DA00084F83C5602F0ABFD3046FFF79DFFB4F897
:105DB000F035124A282104F24E601FF0D9FDB4F8E4
:105DC000F0350F4A052104F276601FF0D1FDD4F8BA
:105DD000F0350C4A102104F23E601FF0C9FD0A4B59
:105DE000A4F8A656D3F8B828B3F8BC38C4F87B2674
:105DF000A4F87F3670BD00BFE80400208DA2020821
:105E000098A202089DA20208E015002038B50446B9
:105E10000D480D4614F062F810B10B4814F0B1F8BB
:105E20002046FFF720FF2046FFF7AAFF85F001007C
:105E300015F070FE15F006FE13F054FE1F2015F04D
:105E4000B3FC012038BD00BFA3A2020803460846E8
:105E500093F82A212AB95989042908D193F81011F5
:105E600029B193F820319A4224BFD21A50B2704718
:105E70007FB500238DF80F308DF80E308DF80D3082
:105E80000DF10D03009305460DF10E030DF10F0208
:105E900030300C4613F0CAF99DF80D30064603BBAE
:105EA00036B394F85C31012B08D1EB6E0133EB660D
:105EB000D4F8142121682846FFF746FD9DF80F30DD
:105EC000CBB1D4F814212168284602F04FFE70B9F6
:105ED000204613F0C9FA2B6821465B6B2846984789
:105EE00005E021462846FFF799FB0028D8D0012677
:105EF000304604B070BD4FF0FF312046FFF7A6FFDB
:105F000048BBD4F814212168284602F02FFE00284F
:105F1000EDD1204613F0A8FA2B6828465B6B21468A
:105F2000984705460028E2D10F4B6268D3F8F03558
:105F30009A42DCD194F82131002BD8D02046FFF7CB
:105F400064FBCDE900550146237AD4F81421284694
:105F500013F097FECBE79DF80E30002BC7D12146FA
:105F60002846FBF797FDC2E7E80400202DE9F04F33
:105F7000DFF8C4A089B0DAF8F03503934B89042B1D
:105F800005460C4650D1D1F804311BB9D1F808317F
:105F9000002B49D02168B9B3284BD3F8A408036873
:105FA0001B689847064678B3D4F85481D4F8042186
:105FB000636805F130074FF0000B4146CDF800B0A3
:105FC0003846CDE9042301F0A2FF0DF11F018146FF
:105FD0000091DDE9042303998DF81FB0384601F0E4
:105FE00096FF10B1B9F1000F08D14FF0FF312046F4
:105FF000FFF72CFF40B99DF81F302BB1D6F8B43015
:10600000984518BFC6F8B4806168DAF8F03599424F
:106010000AD0D4F80421284602F061FDD4F8042106
:1060200061682846FFF790FC2B685B6B2146284689
:1060300009B0BDE8F04F1847E8040020E015002043
:1060400010B5D0E900420648121B9210424391421B
:1060500002D304481BF04AFDBC2000FB014010BDE8
:10606000CF467D67B9A202082DE9F0470C46444FA0
:106070006368D7F8F0158B4206467FD02046FFF7BD
:106080008FFB00287AD194F82031002B5AD0D4F815
:1060900054312BB18B4203D0D4F850318B4251D1C3
:1060A000D4F81431002B4DD03B7E042B4AD0D4F8C9
:1060B00050310BB18B4245D1DFF8C880214608F63C
:1060C000780013F088FE4FF0FF3105462046FFF7B9
:1060D000BDFE50B13B7B022B07D1D8F8A498B9F88C
:1060E0001CA04FF00008D0452ED395F82031013B7D
:1060F00085F82031284604F0E9FAD8B1D7F8D8312C
:1061000013F0FF0202D1002B08BF0322402A95F8AA
:10611000201128BF402291420CD995F82A3185F8E8
:106120002021881A8342C3BF5B1A9B18DBB200236D
:1061300085F82A31D4F8503129463046DBB9FFF7CB
:1061400044FC0120BDE8F087D9F804004146FFF780
:1061500077FF68B190F8B03053B1037943B190F84C
:106160003B30022B04D10268D4F854319A42C1D09A
:1061700008F10108B7E7FFF779FCE2E70020E1E763
:10618000E8040020E01500202DE9F84F90F83030A9
:1061900005469BB9C26A214F2AB13B689B1A41F25E
:1061A000873293420AD93B68EB62AE8B4FF000080E
:1061B000013E002E04DCB8F1000FF6D1BDE8F88FE7
:1061C000D5F804B006F1FF3949465846FFF738FFC5
:1061D000D7F8F0A50368534504460CD0314658461D
:1061E000FFF72EFF02689245034606D12146FAF7D3
:1061F00060FC4FF001084E46DBE790F8B01094F8D1
:10620000B02041B1002AF1D0D96FE26F9142F2D9AA
:1062100021461846EBE7002AEDD1F5E7E804002017
:10622000F8B5878B05460E460024A74201DC002006
:10623000F8BD68682146FFF703FF0368B342F7D053
:106240000134F2E703682DE9F74F1B6804460F4657
:1062500098470546002849D1A08B15F0DAF90028A7
:1062600037D04FF0FF366368B4F81CB001934FF09D
:10627000010A3546B046B146DA450ADB721C26D023
:106280003546A38BD4F80480013B9D4232DBA383C7
:106290001FE001985146FFF7D3FE90F8B0309BB94C
:1062A00090F8B13083B9D0F8B830D90705D4C36FAE
:1062B0004B452CBF4B4655469946838F23B9C36F38
:1062C00043453CBF564698460AF1010AD4E76B1C89
:1062D000D7D1A18B60684B1CA383FFF7B1FE0546A5
:1062E000B822002104301DF042FD2F60284603B083
:1062F000BDE8F08F05F1010949464046FFF7A0FED1
:10630000294606464046FFF79BFEBC2231461DF05B
:10631000D9FD4D46B5E72DE9F047B8B007468846A8
:1063200015469946FFF78EFF044600283FD0B5F882
:106330004620202A40D15E4ED6F8F03598453BD015
:1063400005F1480A5B48514603F099FEB6F88426E9
:10635000202A31D106F2866150461DF0DEFC58BB82
:1063600097F82080B8F1000F21D1012383225249F0
:1063700087F8203017A81DF0A5FD06F6A850FEF7F7
:10638000EDFE1E230446037341460220FEF7A4FDE2
:1063900017A9A06005F1100204F10D001FF0A0FB89
:1063A000464BD3F8C008036821465B689847002530
:1063B000284638B0BDE8F087A38F202B0BD1B5F865
:1063C0004620202AF3D104F13E0105F148001DF0DA
:1063D000A4FC0028EBD14346394A102128461FF07F
:1063E000C7FA29466A2217A81DF06CFD28221BA9AE
:1063F0000DF106001FF0DFFB052225A90DF12E008F
:106400001FF0D9FB29AEDDF89900BDF89D30009052
:10641000ADF804300FCE0EAD0FC596E80F0004F1B5
:10642000060A85E80F00289B9DF89FC00D935A220D
:10643000BDF8C430BDF8A2608DF833C0694650463F
:10644000ADF858301DF069FC78BB94F8AC50B5EB52
:10645000090518BF01255A22694650461DF032FD34
:10646000202E05D11748324604F13E0103F007FE05
:106470000F4ED6F8F03598454FF0010318BF84F859
:10648000AC902371002D92D0FC60384615F0C4FD0D
:106490007A6A33689B1A4EF65F22934288D910209D
:1064A00015F082F933687B6282E70125D3E700BFEC
:1064B000E804002003A3020824A30208E01500203A
:1064C0009DA2020815A302081B4AF8B5D2F8F025D0
:1064D0000B68934206460C462CD04A89042A29D1DF
:1064E00043B30846FFF791F801463046FFF7AAFE8E
:1064F0000546F8B1D4F8183103B1C367D4F81C715C
:106500000021384617F052F800B9AF6794F82931E6
:1065100085F8AD3020464FF0FF31FFF797FC00289B
:10652000A2BF012385F8AF0085F8AE303046BDE844
:10653000F84029E6F8BD00BFE80400202DE9F74344
:10654000224ED1F81491174605460C46D6F8A408F9
:106550009846FFF7B9FF3A462146D6F8C40804F03A
:10656000AFFCD6F8C4180746684602F0ABFA4B46B3
:106570003A466946284615F067FB77B9B8F1000F2F
:1065800020D0214606F6780013F025FC0146284667
:1065900003B0BDE8F043FEF7C8BF232F12D1B8F116
:1065A000000F05D1204603B0BDE8F04313F05CBCFA
:1065B000214606F6780013F00EFC01462846FEF749
:1065C000B4FFEFE703B0BDE8F08300BFE0150020A3
:1065D0002DE9F04F1646ADF5617D0022C0E900229D
:1065E0008260044650A814F0C2FA569B73B19DF81D
:1065F00054315BB150A908A813F017FD794F0E9BD9
:10660000002B40F0A08050A80AF014F820460DF5A9
:10661000617DBDE8F08F98A811F08AFF05A811F000
:1066200087FFE822002198A81DF0A1FB9DF83430D7
:10663000002B5BD10E9AD1695369890303D5126A85
:10664000934238BF134610A998A8D1931DF032FC8D
:1066500098A902A811F091FF394605A811F08DFF05
:1066600005A902A811F0EDFF054605A811F060FF8D
:1066700002A811F05DFF5DB9D4E90183984537D0D8
:10668000E82298A940461DF01DFC6368E83363606A
:1066900008A809F0CFFF9CE05349544A0193ED103C
:1066A00069432046FAF777FA824615F05AFD4146CB
:1066B000024605465846FEF7C2FA019B02461946B5
:1066C0004846FEF7BCFA414602464046FEF7B7FA96
:1066D0008046BBF1000F02D058461EF099FBE8231C
:1066E000C4E9005803FB0A55A5606CE00023AAE743
:1066F0003F4A01212046FAF74EFAD4F8009082462C
:1067000015F02FFDA8EB090B0546E82298A958447F
:106710001DF0D8FB41462A46484613F079FC414615
:1067200000F1E802404613F073FC8046B9F1000F17
:1067300002D048461EF06CFBE823C4E9005803FB76
:106740000A55A560A4E79DF83430002B3FF469AFEB
:1067500010A905A811F011FF394698A811F00DFFF6
:1067600098A905A811F06DFF00287FF454AF98A8F0
:1067700011F0DEFE05A811F0DBFE56B3721ED2B298
:1067800010A998A8FFF724FFDDE998934B451AD08C
:10679000D4E900B8A268A3EB0905A2EB0802AA425B
:1067A000FFF47AAF194642464846FEF748FA626857
:1067B0002A44626041464046FEF741FA4246494655
:1067C0004846FEF73CFA08A809F034FF98A815F0EF
:1067D000E1FC50A998A813F028FC98A908A815F086
:1067E00023FD0CE722AB020835C2724FA7A30208B3
:1067F0003AA2020800000000826930B40469551012
:10680000034604EB6200D20748BF62595B6930BCA3
:1068100048BFD35818477047704710B5037C0446EB
:106820000BB9002010BD0368DB6998470028F8D138
:1068300023682046DB6898470120F3E70723A0F888
:106840008434D0F86834C0F888340023C0F8683441
:106850000B23037490F88436012B06D1124A126878
:1068600082F8043103689B6A1847023B042BF9D86D
:10687000DFE803F003090D1115000B4B1B68022222
:1068800083F80421EEE7084B03221B68F8E7064B68
:1068900004221B68F4E7044B05221B68F0E7024B57
:1068A00006221B68ECE700BFA01E0020D0F81011E4
:1068B00010B5044631B1044803689B68984700232B
:1068C000C4F8103110BD00BF083F0020D0F81411EB
:1068D00010B5044631B1044803689B68984700230B
:1068E000C4F8143110BD00BF201F0020D0F81811CB
:1068F00010B5044631B1044803689B6898470023EB
:10690000C4F8183110BD00BF9012002070B50446C5
:106910000E46FFF782FF237C0B2B054604D123682C
:1069200031461B6A20469847684270BD1F2808B54B
:106930000FD03E280FD0C8280FD0B0F5C87F0ED09A
:10694000B0F5487F0DD0B0F5C86F0CD017F024F823
:1069500008BD0648FCE70648FAE70648F8E7064897
:10696000F6E70648F4E70648F2E700BF0000FA4100
:1069700000007A4200204B430020CB4300204B44D0
:106980000020CB4430B5441E082C3DD8DFE804F08D
:10699000353C221B15103005290039B11D49052051
:1069A00007241160039A10701C7030BD1A49F6E775
:1069B00009B11A49F3E71A49F1E711B11749082457
:1069C000EFE71749FBE719B1144905200924E8E767
:1069D0001349FAE719B1114905200A24E1E71049E2
:1069E000FAE719B10B4908200B24DAE70A49FAE75C
:1069F00009B10C49F7E70C49F5E719B10949082035
:106A00000C24CEE70849FAE711B104490520EBE769
:106A10000349FBE70020CB440000FA4300204B442D
:106A200000007A430020CB430000FA421FB5002348
:106A300003930DF10A03009303AA0DF10B03FFF773
:106A4000A1FF039805B05DF804FB01207047002208
:106A5000426002808270704700207047704708B51E
:106A600003689B68984780F00100C0B208BD08B574
:106A700003689B6A9847002008BD08B503681B6936
:106A80009847002008BDC0F88C117047C0F89011DD
:106A90007047D0F88C017047704738B590F82C32A9
:106AA000C56F044613B93DB9012038BD0368DB6DDD
:106AB00098470028F7D06DB1074AD4F880301268A3
:106AC0004EF65F21D21A8A4204D9044A03F57D4367
:106AD000E83393630020E8E7E8040020083F002043
:106AE000002210B54260D1F8C8410270D1E973129A
:106AF000521AA4EBA2024270847010BDD0E9732038
:106B0000131A584258417047C06F003818BF01200F
:106B10007047012380F82C32704730B590F862300E
:106B200087B00446CBB190F861209A4215D090F816
:106B300060208DF80C20C26DD0F8280204928DF8E8
:106B400014300322036800925D6E06AB13E90E0059
:106B5000A84710B1002384F8623007B030BD7047F9
:106B600000207047806E03685B69184770470068B3
:106B7000096803689B681847F0B5031D82681846CA
:106B80003AB9834204D00988028A914238BF184634
:106B9000F0BD178A0E88D2E90254B7422ABF1046C8
:106BA00022462A46ECE74068036810B55B68144645
:106BB0009847031B5842584110BD704781F00100AF
:106BC000400000F0FE00704720B981F00100400055
:106BD000C0B2704702207047884214BF81F00100A4
:106BE00002207047084B93F86C018B8908B1422B47
:106BF00008D0012B05D00A3B012B8CBF00200120BF
:106C000070471846704700BF083F0020826930B4C3
:106C100004695510034604EB6200D20748BF62596D
:106C20005B6930BC48BFD3581847F8B5456806467D
:106C3000144679B95CB12B6828465B6998470130E6
:106C400004F1FF34F6D1B4FA84F04009F8BD4FF0F6
:106C5000FF34F8E792B2284609F08DFD2B6807460D
:106C60001B692846984700B9B060E31B5842584159
:106C7000ECE738B5202504462A46002135301DF0C2
:106C800076F82A46002104F155001DF070F8002323
:106C90000022C4E90823002384F83430C4E90B330C
:106CA000A36238BD11B10B2013F028B90C20FBE70B
:106CB0002DE9F047D0E90487436AD0E902A90446E8
:106CC0003D1D1E1DAE4205D8C4E906A9C4E90887CA
:106CD000BDE8F08755F8040B1EF09AF8F2E710B5FE
:106CE00004461EF095F8204610BD084609B11EF076
:106CF0008FB870474FF4B0701EF082B870B50F486F
:106D000016461D46FEF72AFA012303701E23044689
:106D10000373466000210220FEF7DEF82946A060DA
:106D20004FF4C87204F10D001EF045FF044B1868C3
:106D3000036821465B68BDE8704018479012002048
:106D4000A01E002038B50C46054615F0B1F8291DE7
:106D500084601AF0F2FBEB680133EB6015F0A8F8E1
:106D6000214685601AF0E9FBA3680133A36038BDB2
:106D700038B50C46054615F09BF8291D84601AF0BD
:106D8000DCFBEB680133EB6015F092F8214685607F
:106D90001AF0D3FBA3680133A36038BD2DE9FF4788
:106DA00005461E4B55F8046F036004460DF10408B8
:106DB0004FF00009AE4206D16068854229D12046D5
:106DC00004B0BDE8F087CDE90188B768CDF80C9034
:106DD000396801988F4203D1404515D13668E9E7FB
:106DE0008B68D1F800A09C420CD181420AD0824528
:106DF00008D052461AF093FB039B01330393BB6800
:106E0000013BBB605146E4E707681EF001F83846D5
:106E1000E2E706681DF0FCFF3046CEE70875020881
:106E200010B50446FFF7BAFF20461DF0F1FF2046DB
:106E300010BD2DE9FF47B1F8008047680368B8FB33
:106E4000F7F607FB1686044653F82630ABB11A68EE
:106E5000918841450BD0116879B113468A88B2FBFD
:106E6000F7F007FB1022964207D10A46F0E71868B0
:106E700018B1083004B0BDE8F0870C201DF0C0FF49
:106E80004FF0000A0123C0F800A0A0F80480C0F869
:106E900008A00093E36805463A4604F1100102A8F1
:106EA0001AF06CFE9DF80830C3B1039F012F04F166
:106EB000180923D1C4F818A04E46A4460020A368A0
:106EC0004CF8080F1BBB2068814501D01DF0A0FFC6
:106ED000C4E90067B8FBF7F607FB1686236853F88A
:106EE0002620B00082B312682A6053F826301D6055
:106EF000E3680133E36005F10800BBE7384611F0B1
:106F0000B5FBBA00514606461CF031FFD5E79A881A
:106F1000B2FBF7F107FB1122D3F800E056F822107C
:106F200059B9A1681960A36046F822C0196809B16F
:106F300046F8203010467346C4E70968196056F8D1
:106F4000222013600246F5E7A2682A60A5603AB1E4
:106F500092886168B2FBF1F601FB162243F82250D9
:106F600004F108021A50C3E70E4B70B505461868C5
:106F7000FDF78EFE16F0B8FE95F8786095F879402A
:106F8000A41B4443642394FBF3F43444E4B201208F
:106F9000A040002804DD11F0C2FAAB6E584370BD6A
:106FA0000020FAE71C1D002070B50D4E3368054621
:106FB000A3B10C48FEF7D2F8044678B12823037336
:106FC0004FF4C8712B46084A0D301EF0D1FC3068D2
:106FD000036821465B68BDE87040184770BD00BF7C
:106FE000A01E002090120020A0A90208F0B50C46B7
:106FF00005464FF49272B3B000211CF0B8FEA36FA7
:10700000C5F8E830E36FD4F8B820C5F8EC30B4F830
:10701000AC30A5F81C31B4F8B030A5F8203102F03E
:10702000010385F8223194F8AE3026682E60C2F351
:10703000400285F8232133B1012385F81E3194F8ED
:10704000AF3085F81F3194F86030E3B1636E0122F0
:1070500085F870200BB185F87420AB67A36E13B16F
:10706000012285F87C20C5F88030E36E13B101223F
:1070700085F88420C5F8883094F8743085F890300D
:10708000236FC5F88C302379002B3BD001235A2283
:10709000A11D68462B711CF015FF24496A2217A810
:1070A0001CF010FF3346224A102117A81EF060FC86
:1070B00028220DF106011BA81EF07DFD05220DF111
:1070C0002E0125A81EF077FD0EAF0098BDF8043004
:1070D000CDF89900ADF89D300FCF29AE0FC697E8D7
:1070E0000F0086E80F000D9B9DF833C028936A229D
:1070F000BDF858308DF89FC017A9A81DADF8C43051
:107100001CF0E0FE94F880306BB10123843485F8E4
:10711000F0300FCC05F1F4060FC60FCC0FC694E883
:10712000030086E80300284633B0F0BD90770208DC
:107130009DA2020810B5064B03F17402F833044611
:107140000260C0F89431FEF7D5F8204610BD00BFAC
:1071500090770208A0F5CA70ECE710B50446FFF777
:10716000E9FF20461DF054FE204610BDA0F5CA7070
:10717000F3E70DF007BB38B5084D0446D5F8F40227
:1071800003689B6C9847D5F8F40221460122BDE8BC
:10719000384000F5CA70FDF73DBE00BF083F002033
:1071A0000120E8E70220E6E713B50023009300F58D
:1071B000E470012314F0A7FD044618B10146044809
:1071C000FFF793FD201E18BF012002B010BD00BFC5
:1071D000581E00202DE9F04F85B0002700F5E47619
:1071E000044600973B46304614F08DFD0546A0B39B
:1071F0001B4BD0F81C01D3F8009094F8798094F8D8
:1072000078B0D4F868A016F06FFDA8EB0B0300F17E
:1072100014025A431E2392FBF3F25A44D2B20AFBE1
:1072200008F80AFA02F209EB48094A44C5F858215D
:1072300029460DF10F0230468DF80F70FEF796F8D3
:1072400018B908482946FFF750FD9DF80F3023B1C3
:10725000B4F840320133A4F8403205B0BDE8F08FF5
:10726000E8040020581E002007B5DBB2009300F5AB
:10727000E470012314F047FD014618B10348FFF7FD
:1072800034FD012003B05DF804FB00BF581E002050
:107290002DE9F041D0E973580E461746A84501D1B3
:1072A00000240AE055F8044B2046FEF7AEF986426A
:1072B000F4D1D4F814319F42F0D1201E18BF012020
:1072C000BDE8F0812DE9FF47D0E973329342814652
:1072D0005ED01D68002D5BD0D5F8583100F5CA741A
:1072E000002B41D0D5F82431002B3AD0D5F81C1111
:1072F00014F05AF9284B99F879801F68D5F858315D
:1073000099F878A0D9F868900344384483420290F1
:10731000D5F81C01019334BF02AE01AE16F0E4FCB7
:10732000A8EB0A0200F1140353431E2293FBF2F36D
:107330005344DBB209FA03F309FB08F8326803EBA4
:10734000480307EB4303934238BF03AE039331680E
:10735000C5F85811C91B204604B0BDE8F04712F02B
:1073600081BCFFF701FEC5E7D5F81C61002130465E
:1073700016F01CF938B1D5F8243123B94846FFF787
:10738000F3FD0146E7E73146484614F00DF9F8E70A
:1073900004B0BDE8F08700BFE804002037B51D4AFF
:1073A00092F8B83104460D462BB190F8583013B915
:1073B00092F8C02132B918482946FFF796FC2220DE
:1073C00003B030BD4A68012A21D00DF1070200F553
:1073D000E4708DF80730FDF7C9FF9DF8073050B114
:1073E00023B1B4F840320133A4F840322046FFF70D
:1073F00069FF0020E4E723B1B4F840320133A4F878
:10740000403205482946FFF770FC2020D8E72320AA
:10741000D6E700BFF0040020581E002010B5034B33
:1074200003600446FAF79DFE204610BDB4780208BA
:1074300010B50446FFF7F2FF20461DF0E9FC204698
:1074400010BD37B5104614460D46FEF7DEF8002392
:10745000CDE900330146237AD4F81421284612F0EE
:1074600010FC204603B0BDE8304012F09FBCF9F795
:1074700070BA10B5034B044640F8043BFCF75EFAC3
:10748000204610BDBC60020810B50446FFF7F1FFAE
:1074900020461DF0BDFC204610BD38B590F83430B4
:1074A00004467BB1856A0020FDF702FD3C38854229
:1074B00004D22046BDE83840FFF7DBBB0020FDF7D3
:1074C000F7FCA06238BDF8B50F4604461546FFF735
:1074D000E4FF97F84E61002E4ED03A68E36A9A4274
:1074E00040F0B18094F83430002B00F0AC80012BD8
:1074F00044D1D5E90002D4E908139A4208BF884272
:1075000040F0A1806B8D202B40F09D802B89002BBB
:1075100040F0998005F12C0304F155024C3553F8E5
:10752000041B42F8041BAB42F9D14848FDF716FE94
:107530001E230546037346490D301CF0BBFC0C238B
:10754000A5F89E31D4E90823C5E96823414BE16AD7
:10755000186803681B689847282200F10C0105F59C
:10756000D4701EF028FB3C4B1868036829465B6802
:107570009847022384F834303046F8BD052B62D199
:107580002A89202A5FD1D5E90071D4E908039942FC
:1075900008BF874257D105F10A0104F135001CF0FC
:1075A000BCFB014600284ED104F17507282238465D
:1075B0001CF0DDFB294938461CF07CFC04F1340248
:1075C00004F1380112F8013F9B0830338A4282F8F7
:1075D0004F30F7D1202384F8883004F1390204F1C8
:1075E0003D0112F8013F9B083033914282F84F3041
:1075F000F7D11648FDF7B2FD1E230546037318495F
:107600003A460D301EF06CFA0D23A5F89E31D4E9F0
:107610000823C5E968230F4BE16A186803681B68F3
:107620009847282200F10C0105F5D4701EF0C3FA2A
:10763000002385F8D031084B1868036829465B6839
:107640009847042396E7002696E700BF9012002093
:10765000C4A30208841E0020A01E0020EFA302087D
:10766000FFA30208F8B58C68064617460D1D0123D6
:1076700084B9E3B1CB68AB4208D028461AF01DF8B4
:10768000028A3B889A4224BF00250446C6E9004589
:107690003046F8BD238A3D88D4E902029D4238BFB6
:1076A000012325462ABF002304461446E0E7284666
:1076B000E6E7A0F1200016F0F5BB37B518461388B1
:1076C0000E2B04D0252B0ED0002003B030BD91F836
:1076D000FA3033B10F2320F8083B1049E7221EF09F
:1076E0006AFA0220F1E7137A0BB90120EDE702F103
:1076F00008042146094815F0A5FFE7220546214662
:1077000006481EF058FA002DEFD001230093044ADA
:10771000024B0448E92112F01DFCE6E7004200207C
:10772000EC7802083AA4020838B590F82C300446E8
:10773000154673B9074B1868FDF7E8FE4DB194F88C
:107740002C3033B9044B054A1B6803F5DA53183360
:10775000936338BDA01E0020E8040020083F0020ED
:1077600010B5034B0360044614F0FDFA204610BD2B
:107770000C79020810B50446FFF7F2FF20461DF011
:1077800047FB204610BD70B5094B03600546044613
:1077900055F8200FA84206D1064B23602046FFF77C
:1077A000DFFF204670BD06681DF032FB3046F1E772
:1077B0003C7902087479020810B50446FFF7E3FF2C
:1077C00020461DF025FB204610BD10B5034B03607D
:1077D0000446FFF7C5FF204610BD00BFAC79020884
:1077E00010B50446FFF7F1FF20461DF011FB2046BF
:1077F00010BD0EB417B51048FDF7B0FC0446A8B193
:107800001E23037300210220FDF766FB06ABA06078
:107810004FF4C871059A019304F10D001CF040FA71
:10782000064B1868036821465B68984703B0BDE8BB
:10783000104003B0704700BF90120020A01E00202F
:1078400010B5054B044640F8183B14F053FB204696
:10785000FFF786FF204610BDE4790208A0F118006A
:10786000EEE710B50446FFF7EBFF20461DF0D0FA17
:10787000204610BDA0F11800F3E70A4B10B503F540
:107880002C7203F539730446026083614830FFF7B8
:1078900085FA04F1180014F02DFB2046FFF760FF75
:1078A000204610BD90770208A0F11800E5E710B55A
:1078B0000446FFF7E2FF20461DF0AAFA204610BD5D
:1078C000A0F11800F3E710B50446203014F012FBC5
:1078D000034B23602046FFF743FF204610BD00BF47
:1078E0009C7A0208A0F12000EDE710B50446FFF7EE
:1078F000EAFF20461DF08CFA204610BDA0F12000C2
:10790000F3E72DE9F047B54D95F8CE32B2B0064613
:107910001746002B00F00481B5F8AC32202B40F064
:10792000FF80536C23B1AE4A5268934240F0F88016
:10793000A822394608A81CF0C5FA102200210DF132
:10794000AE001CF014FAA74BDFF89C8203930024CE
:107950004FF48C73A549CDF8108008AA03A8CDE98F
:107960000534ADF8AC4007940AF0C2F8A8F2DF384D
:10797000002800F0D580DDF81890B9F1000F00F074
:10798000CF804022362108F2F7401CF0F0F9402267
:107990005C2108F237501CF0EAF908F23752DFF8A0
:1079A00050E208F2F741944608781EF8013F58402B
:1079B00001F8010B107801344340202C02F8013B00
:1079C000F2D18C4BB9F5807F03F1800128BF4FF4D1
:1079D00080790C4653F8042B41F8042B6345F9D108
:1079E0008149DFF814A24A4601F5EC701CF06AFAEE
:1079F000DAF800008149036809F140021B6A9847E0
:107A00007F4B03F5C07253F8041B42F8041BA342DA
:107A1000F9D17A4B03F5C07203F1200153F8040B3E
:107A200042F8040B8B42F9D1DAF80000754903687B
:107A300060221B6A9847734B03F1600203F1200137
:107A400053F8040B42F8040B8B42F9D1B7F88C20A1
:107A5000102A65D16C4807F18E011CF05EF90028F0
:107A60005ED1D7F88830002B5AD0DFF87491D9F85E
:107A70001026934254D9D5F8D032002B54D04FF46D
:107A80007A725343D8F8381721B1604A1268521AF3
:107A90009A4245D397F84C30002B41D095F8CE321E
:107AA000012B44D1D6F854A0BAF1000F38D107F118
:107AB00050050FCD06F158040FC40FCD0FC40FCDE4
:107AC0000FC495E8030084E80300D7F88830736595
:107AD00086F84DA00420C9F8103613F065FE4B4B14
:107AE0004B481B68C8F83837FDF738FB0446B8B177
:107AF0001E23037351460220FDF7EEF9A060D7F86C
:107B0000883000934FF4C8713B46424A04F10D009F
:107B10001DF02EFF404B1868036821465B689847AC
:107B2000002032B0BDE8F0874EF66023AAE796F851
:107B30004D3073B1002486F84D403822214606F1BD
:107B400058001CF014F9336A74659B6906F1200033
:107B50009847BB6CDFF8B4A007F150047BB30FCC9F
:107B600006F158050FC50FCC0FC50FCC0FC594E813
:107B7000030085E803000122D7F88830736586F892
:107B80004D200420C9F8103613F00EFEDAF800304C
:107B9000B96CC8F838374FF47A73A1FB0313002B84
:107BA000DAF8003018BF4FF0FF310B44336506F1AF
:107BB0002000FDF771F9012386F83430B0E7D7F8DB
:107BC0008830C9F81036042013F0EEFDDAF80030E2
:107BD000C8F83837204613F0F5FDA1E7F00400207F
:107BE000D40A00201BE40008E7420020CC7A0208F7
:107BF0009D070020FF430020881100207F440020C3
:107C00003F440020BF4500201F460020E80400201C
:107C10009012002050A40208A01E00202DE9F04F71
:107C2000DFF82092D1B004460025D4F86432D4F8AD
:107C300054229A1A003B18BF0123C3EBA203D4E9D4
:107C40009621521A921009FB0233D4F84812D4F844
:107C50005022521A921009FB0233032B0AD9002D2D
:107C600000F0EC8023681B6A0021204651B0BDE87B
:107C7000F04F1847744BD4F86C141B689A8B9142E0
:107C8000EDD258684B1CC4F86C34FEF7D9F90146A4
:107C90000028E4D007A8FFF7A9F96C4A07995268B1
:107CA000429B039391429DF839310293DDF804B170
:107CB0009DF83BA19DF83C310BD100210220FDF73E
:107CC0000BF94FF0000A0390CDF808A04FF0000B1D
:107CD00001230193D4F86032D4F85802A3F59273CB
:107CE000984218D0039B4293029B8DF839314FF490
:107CF0009272019B8DF83C3107A9CDF804B18DF843
:107D00003BA11CF0DFF8D4F8583203F59273C4F8A5
:107D10005832012589E7D4F85C32D4F86412D4F8DB
:107D20005482D4F84822C01A8310081EA1EB08061A
:107D300018BF0120C0EBA60009FB0300D4F85032A5
:107D40009B1A9B1009FB0300414B98424FEAA60582
:107D500002D1404819F0C7FED4E99023881AA3EB5A
:107D6000A000012822D80235B3EB450F01F1040130
:107D700049D95B1B5B0802EB8305A8453DD92A4620
:107D80004046FCF75CFF2B68C4F84C3203F5927355
:107D9000C4F85032AB19C4F86432AB59C4F85C3241
:107DA00003F59273C4F85452C4F860324FF49270E1
:107DB000D4F864521DF024F8039B68604293029B40
:107DC0008DF839314FF49272019BD4F858028DF836
:107DD0003C3107A9CDF804B18DF83BA11CF072F835
:107DE000D4F864321A1D5B68C4F8642203F59272F9
:107DF000C4F85C32C4F8602289E7321D2A44404648
:107E000014F0A6F9BFE79F1C012B2CBFFF18013708
:107E10003846059110F02AFC7D1B6D0800EB8505A6
:107E2000059904902A464046FCF709FFD4F8400221
:107E30001CF0EEFF049BC4E99037A4E751B0BDE805
:107E4000F08F00BFF9F1E3C7841E0020D40A0020A0
:107E50001C387000A3A4020810B504461046D4E9EB
:107E600000239B1A0B4A0C4C9B105343E21A8A4284
:107E700001D219F038FE994205D91944A14228BF10
:107E80002146084610BDB3EB430F4FEA4301F5D935
:107E90002046F7E7CF467D67414CAE0038B5034634
:107EA0000C461546A34200D138BD1846BC222946CF
:107EB0001CF008F80346BC33F4E770B5BC260C464A
:107EC0003246002105461BF052FF013C05EB06003F
:107ED00006D006FB04042A462146FFF7DFFF2046B2
:107EE00070BD10B539B182B1D0E900302C2404FB4B
:107EF0000303984201D3002010BD4468A24202D17E
:107F00000468A142F8D02C30F3E71046F4E770B5CE
:107F10000C4619464368049E63B1036853B14CB1E3
:107F2000FFF7DFFF014628B132462046BDE870402A
:107F300011F061B9002070BD38B504460068844274
:107F400000D138BD05681CF063FF2846F7E770B51F
:107F50008568044645B962682068920029461BF08E
:107F600006FFC4E9025570BD2E6828461CF050FF7C
:107F70003546EFE7F0B585B001ADCDE901550E46C8
:107F800000230168039304468C42019803D1A84260
:107F900015D105B0F0BD8A6833680F689A420CD1DC
:107FA00081420AD0874208D03A4619F0B8FA039BBA
:107FB00001330393A368013BA3603946E4E70468F7
:107FC0001CF026FF2046E2E7F0B585B00D460446DA
:107FD000019001A92846FFF7CDFF01ABCDE90133A0
:107FE00061680023271D03938F4204D101A8FFF786
:107FF000A3FF05B0F0BD8B680E68AB420DD10198B0
:1080000081420AD0864208D0324619F088FA039B92
:1080100001330393E368013BE3603146E4E738B59D
:10802000414B196891F80431012B04465DD190F859
:108030008436012B04BF002381F80431237C002BFC
:1080400052D0002501F5847120462574C4F86C5483
:10805000FFF7BAFF20463549FFF7B6FFD4F8840092
:1080600018B111F001FFC4F884502046FEF71EFC41
:108070002046FEF72BFC2046FEF738FC2368002143
:108080009B69204698474FF40072002104F59060E8
:108090001BF06DFE4FF4FE72002104F51B701BF007
:1080A00066FE4FF49272002104F58E701BF05FFEA5
:1080B00004F51070FEF7FCFD0023D4F87424C4F816
:1080C0008430D4F87034934218BFC4F8743404F187
:1080D0001400FFF73CFF164A0023C4F88030C4F8B0
:1080E0006834637482F87C3938BD022B03D190F870
:1080F0008436022B9EE7032B03D190F88436032BA2
:1081000098E7042B03D190F88436042B92E7052BD3
:1081100003D190F88436052B8CE7062B8ED190F88E
:108120008436062B86E700BFA01E002044460020B0
:10813000083F0020064B93F8B811064B1A7812B985
:10814000054A136070478A42FAD01C33F6E700BF35
:10815000F0040020E47A0208201D00202DE9F04FF1
:10816000704C027CAFB00546884623780BB19A422A
:1081700024D12A7868786369002A3ED0A17C1F68E0
:1081800000220023FE5CFF2E1FD19A4218D301214A
:1081900012F045F806463878A769B8F1000F16D1F5
:1081A000614A00973346A02106A81DF0E1FB06A80E
:1081B000FEF7FAFE00202FB0BDE8F08F1C34D4E7A4
:1081C000BB5C834216D00132DBE70133DAE70121E1
:1081D00012F025F83346A021CDE90070534A06A8D5
:1081E0001DF0C6FB06A8FEF7DFFE63691B68187862
:1081F0006870A17CFEF71AFC02E06888FEF796FB27
:1082000063699968D3F804900646084615F014FB94
:10821000494615F011FB46490746304615F0C8FCA3
:108220000146384615F008FB61680746A06815F05E
:1082300001FB3946824615F0C3F9002840F08280E0
:108240005146484615F0F8FA394615F0B1FC1AF0D7
:1082500099FF15F06FFD374B8146187812F016F82C
:1082600029788346687811F0DAFF41F20557024613
:10827000594611F8013B002B40F00181114641F2B3
:10828000055611F8013B002B40F0FD80D5F820A0E9
:1082900005920021504615F089F9002800F00B8165
:1082A000B6FBF9F309FB13666B8B059A002B00F004
:1082B000F1806169497C002900F0E980994214BF8E
:1082C00000210121DFF870A005938AF800105846BC
:1082D000114615F0B7F9059BDFF860B0003818BFFC
:1082E00001204B458BF87D091AD9CDF80490A2697D
:1082F0000092A021124A06A81DF03AFB06A8FEF73C
:1083000053FEB8F1000F3FF455AF9BF87D39002BB9
:1083100000F0C280B7FBF9F309FB137701376F83D5
:10832000012048E7E47A0208F6A40208D3A4020870
:1083300000007A44701E00206C000020083F0020DE
:1083400033A50208304614F0DBFDCDE902015F4998
:10835000504615F079FB14F0D3FDCDE900015C4ADD
:10836000A369A02106A81DF003FB06A8FEF71CFECA
:10837000B8F1000F3FF41EAFD4F81490A17CD9F8E7
:1083800000301878FEF752FB5249064615F036F9D0
:1083900028B15149304615F013F9002860D14F49F2
:1083A000304615F02BF928B14D49304615F008F943
:1083B000002857D14B49304615F020F928B14A49D9
:1083C000304615F0FDF800284ED14849304615F0EA
:1083D00015F928B14649304615F0F2F8002845D184
:1083E0004449304615F00AF928B14349304615F0A2
:1083F000E7F800283DD14149304615F0FFF828B193
:108400003F49304615F0DCF8002835D14FF07C515B
:10841000304615F011FA15F08DFC80B26880FEF739
:1084200085FAD9F8046061688246A06815F002FAFE
:10843000314615F001FAD9F808100746084615F03C
:10844000FBF9314615F0F8F920490646504615F07B
:10845000AFFB0146304615F0EFF901463846F4E629
:108460001F20DBE73E20D9E7C820D7E74FF4C870CC
:10847000D4E74FF44870D1E74FF4C860CEE707EB7C
:1084800047171F44F5E606EB46161E44F9E6591E4B
:10849000B14214E7012115E72B7853B163695A7C87
:1084A00001231AB16A838AF8003039E701366E83F6
:1084B000F9E70123F7E7504614F022FD114ACDE910
:1084C0000001A02106A81DF053FA29E700007A4414
:1084D0000FA5020885EBF9417B14FA41C3F57942F7
:1084E0003D0A7A42B81E4B4348214B43B81ECB434A
:1084F0004821CB435C1F4B44A4204B44AE1FCB44CC
:108500005220CB445FA5020830B504460FCC91B091
:108510006D460FC50FCC0FC50FCC0FC594E80F00EB
:1085200085E80F0000216846FFF718FE11B030BD46
:1085300070B590F8605004460120A84015F02CFA60
:10854000E16D15F035FB1E4B1B689B7C06468BB11D
:1085500094F86400032303EB450300EB531015F07C
:108560001FFA314615F070FA164915F065F915F045
:10857000E1FB70BD94F8630014F0B0FC124B0022D4
:1085800014F060FB114B002204460D4614F0A0FFCE
:1085900008B90E4D0024304614F0B2FC22462B469A
:1085A00014F006FD04A3D3E9002314F04BFB14F0F0
:1085B00099FFDEE7AFF300800000006066661E40B2
:1085C000201D00203333F3400000E03F0000024054
:1085D0002DE9F04F7D4D7E4E95F8B82187B00446C9
:1085E000337813B19A4240F08E807A4B7A481E60FD
:1085F00095F8A831002B00F08880FFF785FF20B99F
:1086000073691B681B7885F8A9310DF11703009376
:1086100004F15C0204F16003B17C95F8A901FEF756
:10862000B1F995F8B0315A1F032A04D89DF81720E4
:10863000934238BF134684F8613095F9C13184F80C
:108640008831327C2BB1934205DD644B93F8963030
:108650000BB984F8882194F98831002B08BF1123C5
:1086600084F8883185F8C131B368D6F81480039353
:1086700095F8A811736895F8A901029311F0CFFD40
:10868000D8F804B0D8F80870D4F85CA041F20559C5
:1086900010F8012B002A4BD1D5F8C86100213046D3
:1086A00014F084FF4E4A002847D110704FF0FF3875
:1086B000236841465B6C20469847D5F8B411304694
:1086C00015F0BAF8236801461B6C204698472046EF
:1086D000FFF72EFF94F86030A0660120984015F057
:1086E0005BF9E16D15F064FA0546B4F86C0015F01D
:1086F00057F90146284615F0A7F915F01BFB20672E
:1087000007B0BDE8F08F1C366AE7FFF7FDFE18B929
:1087100031480121FFF722FDB5F8AA01FEF706F95D
:10872000D5F8AC31E06584F8603095F8B03182E777
:1087300009EB491302EB0309AAE73946384615F05D
:108740007BF8594615F078F826490646504615F04C
:108750002FFA0146304615F06FF8214A1278064686
:1087600072B398F8112042BB0299039815F062F891
:10877000594615F061F8314615F01AFA1AF002FD63
:1087800015F0D8FAB9FBF0F202FB109816495046E2
:1087900015F00EFA029915F04FF8394615F04CF81D
:1087A0000746404615F0F8F8314615F04DF90146F8
:1087B000384615F041F806467AE702F1FF38E5E75A
:1087C000B5F8C28108F1FF38E0E700BFF0040020EF
:1087D000E47A0208201D002098060020D40A002018
:1087E0006C00002000007A440000FA4408B5FFF74E
:1087F000EFFE012008BD38B50C4B0D4D196804463D
:1088000001F58A710430FEF7B3FA05F5186104F139
:108810002000FEF7ADFA05F68C1104F13C00FEF7DE
:10882000A7FA2046FFF7D4FE012038BDA01E002085
:10883000083F002030B587B00446FFF7DCFF1A4A36
:108840001A4BC4F8503202F16001D4F89C020CF0CB
:10885000C9FD204610F0B3FA236820469B6B984769
:1088600000230593D4F850320493B4F86C3003938A
:1088700094F98831029394F8D931019394F86130D6
:108880000093014694F86030E26D04F515700EF027
:1088900035FD054618B9236820465B6D9847B5FA43
:1088A00085F0400907B030BDD87D02089A99D93FBC
:1088B00038B5D0F8284223691F2B054607D101227D
:1088C00005F5CA701146BDE83840FCF7A3BA236825
:1088D0002046D3F88430984723691842EFD138BD39
:1088E000036810B5DB6800219847044620B14FF4B7
:1088F000B07200211BF03BFA204610BD704710B546
:10890000124C94F898396BB9012384F898391AF00D
:108910006FFC6FF0004390FBF3F3C3EBC373C01A1B
:10892000C4F89C09D4F89C390133C3F30903C4F893
:108930009C391AF05DFC6FF0004390FBF3F30344A5
:10894000D4F89C0940EA832010BD00BF083F0020F6
:1089500008B5036800211B689847024B01221A7072
:1089600008BD00BF241D00202DE9F84F04460D4628
:1089700000F13806616E002915DDE36DE26C9A1A8C
:10898000003B18BF0123C3EBA202D4E914301B1A29
:108990009B1003EBC213206CA26C121A03EBA20310
:1089A000994240F38480206E18B1036800211B684F
:1089B0009847A36D206D043B984206D040F8045BB5
:1089C00020652046BDE8F84FC2E7E16D636DE76CB6
:1089D0000A1EA1EB070618BF0122C01AC2EBA602AD
:1089E000801000EBC210A36C226C9B1A00EBA3005A
:1089F0006FF0604398424FEAA60802D1304819F060
:108A000072F8D4E90E030A1AA3EBA202012A1CD8B9
:108A100008F10208B3EB480F01F104092BD9A3EBCD
:108A200008035B0800EB830847451DD942464946C9
:108A30003846FCF704F9D8F800306364464403F57F
:108A40000073C4F84C80A364E6654FF40070E66DD3
:108A50001CF0D6F946F8040F226D00F5007315607E
:108A6000E6656065A365ABE7321D4244494638467A
:108A700013F06EFBDFE703F1020A012B2CBF9A44CF
:108A80000AF1010A50460FF0F1FDAAEB08084FEA7F
:108A9000580800EB88088346424649463846FCF7AA
:108AA000CEF8A06B1CF0B4F9C4E90EBAC3E73046A7
:108AB00010F0D4F800283FF45DAF11F077F959E7D2
:108AC000A3A40208896E10B5044621B90180817003
:108AD0004160204610BD0B689B699847F9E7F8B5DF
:108AE0000446806E0E46174610B900252846F8BD8C
:108AF0000368DB69984705460028F6D0636B002BB6
:108B0000F4D0236B002BF1D03A46314604F130000B
:108B1000FFF7E7F90028E9D0134B5E68002300F166
:108B2000100200F128041F4652F8041F8E421FBF96
:108B300000EB830C0133CCF81410DBB208BF1760D4
:108B4000A242F1D1C3F10602062BD2B203F1050312
:108B50004FEA82024FF0000188BF002200EB830041
:108B60001BF005F9C2E700BFD40A0020806E03683D
:108B70001B6A184710B50446C9B1942380F8993888
:108B8000C32380F89A380B0A80F89B3880F89C1829
:108B9000D0F8880603680A1D5B6804F699019847B7
:108BA000D4F888060368BDE81040DB68184710BD9C
:108BB00030B585B00446ADF806100D4618300DF1FD
:108BC0000601FDF7D9FF04F11C03984202D0406969
:108BD00005B030BD20460DF10E01ADF80E50FDF789
:108BE000CBFF0434A04201D10020F1E74469002CFE
:108BF000FAD00020FCF75CF90128F5D9A042F3D3A4
:108C0000074B001B9842EFD84FF47A7303FB00F236
:108C1000B2FBF3F38342E7D1024B1868801AD7E71F
:108C200080510100E804002010B50446006818F0E7
:108C300042FD2060204610BD70B590F83030CEB0B7
:108C40000446002B30D0234812F020FC224811F0BB
:108C500045F910B1204811F094F906A81E490122E7
:108C600011F085FF0C9800B31C4B029301238DF883
:108C70000C306369102B28BF1023062202A906A816
:108C80008DF80D3007F0E4FEE3680193261D1125F1
:108C9000019B9E420BD106A807F0C4FC06A807F072
:108CA000C9FC002384F8303001204EB070BD013D76
:108CB00015F0FF05EFD01A8AADF810205B69CDF8EA
:108CC0001230062204A906A807F0C2FE01A8FFF789
:108CD000ABFFDDE787A502088EA502085453485470
:108CE0002DE9FF4700F10408836806460D46444617
:108CF0000BBBA04503D02A88238A9A4253D218205E
:108D00001CF07EF8B5F80090A0F810900023A04564
:108D10000746436100F1100A17D173691BB132692C
:108D2000138A4B4549D35246314602A8FEF79AFCB6
:108D3000DDE902423EE01F8A2888D3E90212874219
:108D40002ABF1C4613460B46D2E7238A4B450ED951
:108D5000F268944209D0204618F0AFFC038A4B45D4
:108D60000246E0D2C36843B32246012013E027D273
:108D700032690194944220D001A8FFF755FF03689F
:108D80001B8A4B45CFD9E36893B92246108A4845E0
:108D900094BF002001204346394618F090FC7369C7
:108DA000013373613C4604F1140004B0BDE8F08760
:108DB000019C224622B1002CD7D19045E6D1D4E7C0
:108DC00038461CF025F82746ECE7F0B5CFB02A4925
:108DD0000546002206A811F0CAFE0C9B6BB10024C8
:108DE000062202A906A80294ADF80C4007F0C3FCC5
:108DF000062807D006A807F01DFC002385F83030B0
:108E00004FB0F0BD029A1D4B9A42F3D19DF80C3041
:108E1000012BEFD19DF80D30102BEBD8264624E026
:108E2000062204A906A80496ADF8146007F0A3FC76
:108E3000062819D1DDF81270B7B1BDF81030ADF8C1
:108E400006300DF106012846FFF74AFF0C4B07607C
:108E50001F68BDF81030ADF806300DF1060105F1C0
:108E60001800FFF73DFF076001349DF80D20E3B2C5
:108E70009A42D5D8BEE700BF8EA502085453485485
:108E8000E804002073B5144EADF8061004460DF149
:108E9000060118303568FFF723FF05600020FCF756
:108EA00007F80128054615D90DF106012046FFF700
:108EB00017FF0560626B012384F8303022B13368FC
:108EC0009B1A064A934205D92046FFF7B5FE08B122
:108ED0003368636302B070BDE8040020DF930400D0
:108EE0002DE9F04701F00F07DFF8689021F00F013E
:108EF00006461546441802F10F08A64214D13FB3A6
:108F00006B1E274414F8011B13F8012FBC4282EAA0
:108F100001021A70F6D10F4B186803682A462946D9
:108F20009B6ABDE8F04718476B1E711E13F8012FAE
:108F300011F8010F434582EA00021A70F6D1D9F800
:108F4000000003682A469B6A294610369847D4E7F2
:108F5000BDE8F0878811002010B50C461146084A7C
:108F600086B0CDE901200020CDE904001A4601A811
:108F7000039408F0BDFD00B1049806B010BD00BF19
:108F80001BE400082DE9F047B44D95F87C39CCB0CE
:108F900004460F4613B300F590684FF400720021A9
:108FA00040461AF0E4FE0B23A4F88434AC4B6E4622
:108FB00019683046FFF786FD96E8030004F59164D2
:108FC00084E80300002385F87C39A64A43464FF421
:108FD000FF7138464CB0BDE8F047BDE7037C013B6C
:108FE0000A2B77D8DFE803F00E0E0E0E0E0E0E06DB
:108FF0000E0E2800D0F85822D0F848329A4201D1FB
:10900000FEF70CFE04F590684FF400720021404614
:109010001AF0ADFE237C013B0A2B00F29080DFE8C2
:1090200013F093005D009F00D90005013701D201C4
:10903000C30223034C035003D0F8103133B98A4BD9
:109040001868943010F0B6FEC4F81001D4F814314A
:1090500033B9854B1868AC300FF02EFEC4F81401FC
:10906000D4F8183133B9804B1868DC300FF013FE98
:10907000C4F81801D4F81031002BC3D1D4F814313E
:10908000002BBFD1D4F81831002BBBD194F8883015
:109090002BB18822002175481AF069FEB2E77349A6
:1090A000882203A81AF00EFF882203A9A0181AF03C
:1090B00009FF94F88830002BEBD1D4F88430002BD2
:1090C000A0D1694B1868043010F0B4FEC4F88400D5
:1090D000002897D100204CB0BDE8F08703236449F5
:1090E000A4F8843428226348634E1CF064FD634B6B
:1090F0001D684C22AB8BA6F84C30311D04F59160F5
:109100004FF001091AF0DEFE84F810902B687168A8
:109110001B682846984790F86010054629B9142224
:1091200064301AF024FE85F8609000210220FBF7DD
:10913000D3FE0021E8670220FBF7CEFE2867B4F8D3
:109140008434002BC6D040E71123A4F884344C4962
:109150008C2204F591601AF0B5FE03232374EEE728
:10916000464BD4F86C141B689A8B914223D25868F2
:109170004B1CC4F86C34FCF763FF0146D8B103A85C
:10918000FDF734FF002501234FF4927203A904F583
:109190008E708DF82C318DF82A511AF093FE04232D
:1091A000A4F884344FF4927203A904F591601AF084
:1091B00089FEC4F81C51D4F86824324B9A4207D176
:1091C00008232374236800211B6A20469847B6E7CA
:1091D0000423C3E70D232C49A4F88434122203A8E6
:1091E0001CF0E9FC18220023CDE90823274B1A794B
:1091F0009B6F0B93FF238DF8303095F8DA318DF8A3
:1092000031304FF457530D9301238DF828208DF8FA
:10921000323003AD0FCD04F591660FC60FCD0FC6EA
:1092200095E80700052386E8070097E7657C0A2391
:10923000A4F88434284610F063FC01350146EDB2F1
:109240004C2204F591601AF03DFE072D65747FF6FF
:1092500076AF4FF48373238271E700BF083F00208D
:10926000A41E002038620208A01E0020FC47002037
:10927000AAA50208F60A0020D40A0020841E0020B5
:10928000700000202D0F010091A10208F0040020C1
:10929000637C0522591EA4F88424092900F28A80DF
:1092A000DFE801F00510203C475466727D820123FF
:1092B000A649A4F88834602204F592601AF002FEF0
:1092C000022375E0A24E0223A4F888340FCE04F5E1
:1092D00092650FC50FCE0FC596E8070085E8070019
:1092E000032365E0DFF86CC203230CF19806A4F8B1
:1092F00088340FCE04F592650FC50FCE0FC59CF8CC
:10930000043096E80300022B934B18BF4FF496737A
:1093100085E80300C4F8A434042349E004238F49FA
:10932000A4F88834C42204F592601AF0CBFD05231A
:109330003EE08B4EA4F888240FCE04F592650FC54D
:1093400096E8030085E80300062331E0854E0623F6
:10935000A4F888340FCE04F592650FC50FCE0FC563
:109360000FCE0FC596E80F0085E80F0007231FE01A
:109370007D4A92E803000723A4F8883404F5926339
:1093800083E80300082313E008237849A4F888340D
:10939000B02204F592601AF095FD092308E0092334
:1093A000A4F888340A2303E00A23A4F888340B23A2
:1093B0006374C4E60133DBB20B2B63747FF6BFAE7C
:1093C00040F2071347E7637C0922591EA4F884245E
:1093D0000C2900F2A480DFE801F0070F1C29343EBD
:1093E0004B5A69728A7C970001236149A4F888343A
:1093F000D42204F28C4061E75E4E0223A4F8883444
:109400000FCE04F28C450FC596E8030085E80300F3
:1094100066E7594E0323A4F888340FCE04F28C4536
:109420000FC596E8070085E8070075E7534E04234B
:10943000A4F888340FCE04F28C450FC533682B6036
:1094400075E74F4A07CA0523A4F8883404F28C4311
:1094500083E8070078E74B4E0623A4F888340FCE44
:1094600004F28C450FC50FCE0FC533682B607DE726
:10947000454E0723A4F888340FCE04F28C450FC55F
:109480000FCE0FC596E8030085E803007AE70823AE
:10949000A4F888343D4BD5F8D1019A889B79C4F85B
:1094A0008C04A4F8902484F8923476E7A4F88824F5
:1094B0003749482204F28C401AF004FD72E7354A1D
:1094C00007CA0A23A4F8883404F28C4383E807000F
:1094D0006DE7314E0C23A4F888340FCE04F28C458E
:1094E0000FC50FCE0FC533682B600D2360E70B232C
:1094F000A4F88834294BD5F831021B7984F89034CC
:10950000C4F88C040C2353E70D23A4F88834244BAF
:109510000FCB04F28C4585E80F000E2348E701339A
:10952000DBB2102B63747FF60AAED4F868241D4BAF
:109530009A4203D109232374002339E708232374B3
:10954000236800211B6A20469847F5E7F4040020B1
:1095500058050020F004002080510100B4050020CF
:109560007C06002098060020DC060020EA06002089
:10957000483F0020204000203C4000205C4000206C
:109580007440002084400020AC400020D9400020DE
:10959000E24000202C4100204041002039410020C1
:1095A000684100202C0F01004FF49272002103A8A3
:1095B0001AF0DDFBD4F81C3104F58E76ABB9D4F883
:1095C0004852D4F858329D420FD0D4E993A94FF4B1
:1095D000927229463046A9F592791AF073FC4D45EE
:1095E00025D005F59275C4F848524FF49272314671
:1095F00003A81AF067FC039D5DB34FF4927200213B
:1096000030461AF0B4FB2A465B490DF112001CF0FB
:1096100067FA0423A4F884344FF4927203A904F582
:1096200091601AF04FFC2046FEF7F8FA87E55046A5
:109630001BF0EEFBD4F854321A1D5B68C4F85422B8
:1096400003F59272C4F84C32C4F85022C4F8483280
:10965000CBE704F51070FDF72BFB09232374394683
:109660002046FFF78FFC36E5D4F87434D4F8701434
:109670004248657C5A1AD2104243954217D0D4F81A
:1096800068043F4EB04212D00F239542A4F88434B0
:1096900003D33C48294618F029FAE82205FB0211B9
:1096A00004F5916001351AF00DFC657447E5002260
:1096B0008B42627418BFC4F874142046FDF7BEF8DC
:1096C0003DE5D4F8102162B192E803000B23A4F821
:1096D000843404F5916383E803002046FDF7E6F83F
:1096E0002DE5D4F814616EB10E23A4F884344FF440
:1096F000FB72314604F591601AF0E4FB2046FDF759
:10970000E5F81CE594F8883083B10C2304F1880552
:109710002946A4F88434882204F591601AF0D2FB1B
:109720008822314628461AF022FB08E5D4F8185161
:109730006DB11023A4F884344FF4F072294604F577
:1097400091601AF0BFFB2046FDF7D0F8F7E4D4F89B
:109750008460002E3FF4F3AC0223A4F884344FF469
:10976000B072314604F591601AF0ACFB304610F04F
:109770007BFBC4F88450E2E49DA2020835C2724F1C
:109780002D0F0100B9A2020870B5044600F69D062F
:1097900031462046FFF7F6FB054601462046FFF717
:1097A000E9F9002DF4D170BDF8B504460D46A2B913
:1097B000264BD0F894281B689B1AB3F5FA6F2CBF80
:1097C000FA25052594F8983813B12046FFF7DCFFF9
:1097D0002046FDF722F82846F8BD8E180027D4F859
:1097E000903815F8012BE018591CC4F8901880F82F
:1097F0008C265BB9942A01D0C4F89078B542EED19A
:10980000124B1B68C4F894380025DBE7012B01D10B
:10981000C32AF0E7022BF1D0B4F88E26032B52BAFC
:1098200092B20FD1B2F5007FE6DC131D9942E5D369
:109830000023C4F89038236804F5D2611B692046E0
:109840009847DBE70029D9D0EFE700BFE804002004
:1098500038B50446D0F8880603681B69984798B164
:109860000025D4F8880603681B69984730B1D4F8FE
:10987000880603685B69984700281ADA244B1B683E
:10988000C4F89438002509E0214BD4F894281B68CB
:109890009B1AB3F5FA6F34BF0525FA2594F898386A
:1098A00013B12046FFF770FF2046FCF7B6FF2846AD
:1098B00038BDD4F89038E218C0B2591CC4F89018DA
:1098C00082F88C0623B99428CBD0C4F89058C8E706
:1098D000012B01D1C328F7E7022BC2D0B4F88E26A2
:1098E000032B52BA92B20FD1B2F5007FEDDC131DFB
:1098F0009942B6D30023C4F89038236804F5D261A6
:109900001B6920469847ACE70029AAD0EFE700BFC3
:10991000E80400204B89052B70B50446154608D194
:109920008989183123682A4620465B6BBDE8704060
:10993000184701F10C03044A04484FF48071FFF703
:109940000BFB00F11801EDE7086202081C1C002067
:10995000F0B590F8623087B00446B3B1002380F8C8
:109960006230D0F8280203685D6E94F860308DF89C
:109970000C30E36D049394F861308DF814300323B8
:10998000009306AB13E90E00A847E66F0022E267DA
:10999000002E3ED031462046FFF7BCFF1E4B1F492C
:1099A0001B68D3F844210244C3F844210A680244E6
:1099B0000A603C21D3F83C21B2FBF1F5B5FBF1F78D
:1099C00001FB175503EB8505A96C0144A9640A2125
:1099D000B2FBF1F20621B2FBF1F501FB152203EB1C
:1099E00082031A6B02441A63D4F838320133C4F884
:1099F00038323046FBF7D4FE20B9D4F83C3201337C
:109A0000C4F83C320648314607B0BDE8F040FDF7E7
:109A10006CB907B0F0BD00BF1C1D0020D0070020AE
:109A2000581E0020A0F5CA7014F05EBA38B590F840
:109A3000583004460D461BB9314B93F8C0312BB951
:109A400030482946FDF751F9002038BD0368DB6E28
:109A500098472B68C4F88C306B68C4F88830D5F808
:109A60001431C4F890302B7A84F89630D5F8503100
:109A7000C4F89830D5F85431C4F89C3095F82031AA
:109A800095F82121402B84BF402385F8203195F89B
:109A9000203103F07F0343EAC21395F8292143EAFA
:109AA000022395F82A2143EA4223A4F89430AA8994
:109AB00005F10E0104F1A0001AF004FAD4F828020E
:109AC000E567AA89036818325D6A04F188010023FA
:109AD000A847054650B12046FFF73AFF23682046C5
:109AE0005B6D9847B5FA85F04009AEE723680649F3
:109AF000DB6C20469847054B1B68C4F88030F1E7C3
:109B0000F0040020581E0020A5710008E804002081
:109B100091F8213170B505460C466BB1174810F02D
:109B20005AF906466068FBF748FFC0F10502D2B259
:109B300031462846FBF710FFD5F88C604EB96068B7
:109B4000FBF73BFF214698B12846BDE87040FBF784
:109B50003CBFB268D4F814319A4207D0A86E0022F4
:109B60002146FFF7D7FE3369034433613668E5E7E2
:109B70002846BDE87040FBF779BF00BF581E0020A3
:109B80002DE9F043264B0A685B689A4285B005468A
:109B90000C4627D10846FBF738FDD4F814910DF197
:109BA0000808CDE902090646414605F18400FBF7A5
:109BB0000DFD0746B0B12046FBF727FDFB680146C7
:109BC00000201B7A4A46CDE9000010F05AF894F8BC
:109BD0005C31012B06D1CDE90269284698E80600E0
:109BE000FBF710FED5F88C6056B96068FBF7E5FE10
:109BF000214678B1284605B0BDE8F043FBF73CBDEF
:109C0000A86E01222146FFF785FE336903443361C4
:109C10003668E9E7284605B0BDE8F043FCF728B907
:109C2000D40A002000F5906310B54FF4007204468A
:109C3000002118461AF09BF80822A4F88424012277
:109C400084F8882403464FF4FF7104F69D00044A0B
:109C5000FFF782F901462046BDE81040FEF78ABFB3
:109C6000386202081FB50C461146064A0294CDE937
:109C700000200022039268461A4607F02FFD04B028
:109C800010BD00BF05E400082DE9F04F8A4B1B7C96
:109C9000032BD3B0044604D06389042B14D10020D5
:109CA0000FE0864D2168286803681B68984738B123
:109CB0002868216803681B6898470379002BEBD15B
:109CC000012053B0BDE8F08FA689B6F5807F00F281
:109CD000F080277A002F4BD0DFF8E481DFF8E491A1
:109CE000002508F51A6A98F8A03AEFB2BB42E7D906
:109CF00009EB4703B3F90220237A9A4240F0D78058
:109D0000384610F078F8324604F10E016E481AF029
:109D1000D9F86E4B18680368CDE9006AD3F834B0FF
:109D2000D4F8142121680023D8474FF4847200210D
:109D300010A81AF01CF8664A634810AB3146FFF7CA
:109D400091FF002800F0B380BDF84030002B00F0F8
:109D5000AE80604A92F89610002940F08C806168CD
:109D60005268914240F08780012B40F08480A7E741
:109D7000584B60685B689842AED10028ACD0FBF7C6
:109D80001CFE0028A8D1DFF834812168D8F8000033
:109D900003681B68984700289ED0D8F80000216807
:109DA00003681B689847838F002B95D0D8F8000074
:109DB000616803681B689847838F002B8CD00C2E3A
:109DC0008AD9424BD8F80000D3F800A0DAF8003066
:109DD00025469B6955F80EBB0F93036859461B68CF
:109DE0009847394B0A96CDE90B53D4F814314FF00C
:109DF0000009CDE9083900F1440C8646BCE80F00A3
:109E00006D460FC59CE8070003C52A80DEE90F23D5
:109E10000F9D59465046A84700283FF45DAF4FF4C8
:109E20008472494610A819F0A2FF294A264810ABAF
:109E3000A6F10C01FFF716FF00283FF441AFBDF873
:109E40004030002B3FF43CAFD8F8000021680123DC
:109E500084F84E3103681B68984704F5977200F147
:109E60003E035E3053F8041B42F8041B8342F9D1D1
:109E70002023A4F82C314FF4847210A904F10C00B3
:109E80001AF020F80423638194F810312772002B14
:109E90003FF405AF94F8113194F8FA2003F002036F
:109EA000134314BF0123002384F8FA30F7E6013589
:109EB00019E7022005E700BFF0040020841E0020FF
:109EC000083F0020701E0020A848002088110020B4
:109ED00008620208D40A002030B54B89042BE9B08F
:109EE00005460C4619D18A89838A9A4215D14FF4C6
:109EF000D0720021684619F03AFFAA69E1896B46E1
:109F000004F11000FFF7AEFE48B16A462B68214607
:109F10009B6A2846984769B030BD0022F6E70120C9
:109F2000F9E730B50D46E9B004464FF4D072002190
:109F3000684619F01CFFA269E9896B4605F110001B
:109F4000FFF790FE28B123686A46DB6A294620465F
:109F5000984769B030BD10B44C89042C05D18C8968
:109F6000838A9C4201D110BCDBE710BC704730B53E
:109F70004B89042B95B005460C4618D18A89838AF3
:109F80009A4214D150220021684619F0F0FEAA69C5
:109F9000E1896B4604F11000FFF764FE48B16A46A0
:109FA0002B6821469B6A2846984715B030BD002291
:109FB000F6E70120F9E730B54B89042B95B005464B
:109FC0000C4616D18A89838A9A4212D150220021E6
:109FD000684619F0CCFEAA69E1896B4604F11000CD
:109FE000FFF740FE28B12B686A46DB6A2146284607
:109FF000984715B030BD30B54B89042BABB0054642
:10A000000C4618D18A89838A9A4214D1A822002149
:10A01000684619F0ACFEAA69E1896B4604F11000AC
:10A02000FFF720FE48B16A462B6821469B6A284606
:10A0300098472BB030BD0022F6E70120F9E730B594
:10A040004B89042BABB005460C4616D18A89838A0E
:10A050009A4212D1A8220021684619F088FEAA6906
:10A06000E1896B4604F11000FFF7FCFD28B12B6875
:10A070006A46DB6A2146284698472BB030BD2DE959
:10A08000F84316460D46814613F03AFB06EB4608A8
:10A090008044044608F102001AF0B2FE2246494606
:10A0A00007461BF088FDDFF830903C442E4415F83D
:10A0B000013B20464A4604211BF05AFCB54204F1FC
:10A0C0000304F4D107EB0800044919F0F3FE384605
:10A0D000BDE8F8431AF09CBEBAA5020839AE0208E2
:10A0E000F8B5836B04460D4643B1154A96331268A2
:10A0F0004FF47A71B2FBF1F29A4210D904F12C06B6
:10A1000004F1340719F0B2F806F8010FB742F9D19B
:10A110000B4B4FF47A721B68B3FBF2F3A363D4F8D2
:10A120002D30C5F89231D4F83130C5F89631082277
:10A13000A5F8902105F5C9710248BDE8F8409EE7F1
:10A14000E8040020C0A502080EB483B003AB53F8A6
:10A15000042B019303EB820253F8041B814205D0C8
:10A160009A42F9D1002003B003B070470120FAE70A
:10A170002DE9F047DFF86882A4B0044609200D46B7
:10A1800016460FF0BBFED8F80030C4F8803604F550
:10A190001B734FF4FE720021184619F0E8FD914A36
:10A1A000034631462846FFF75DFD0546002800F0CE
:10A1B000B180B4F86C32013B062B00F2AB80DFE8D3
:10A1C00013F00700A90021016E017301A9008001AD
:10A1D000D4F8846304F51C7966B104F12C020023E1
:10A1E00052F8041F8E4200F0958000295BD10C3399
:10A1F00044F82360B4F87C327B4E462B5FD0B4F831
:10A200007C72462F09D1D4F87402FBF7D6FB20B13B
:10A2100094F89033002B40F082800B234322CDE949
:10A2200000323846082303220421FFF78DFF04F58E
:10A230001F7A04F11407002875D1B4F87C32012B81
:10A2400040F0868051463846FCF7F3FD0368002B4A
:10A250007ED051463846FCF7ECFDD8F80030026855
:10A260009B1AB3F5FA6F73D2604B21A81968FEF7F9
:10A2700029FCD4F884333068002221A911F0E4FCD1
:10A280005B4B1868002845D000230268CDE90133F4
:10A2900094F878320093156BD4F88433D4F8702294
:10A2A0002621A84736E00133142B99D14C2204F122
:10A2B000340104F1300019F040FDE6679AE704F537
:10A2C0001F7A04F1140751463846FCF7B2FD0368C3
:10A2D000002B94D051463846FCF7ABFDD8F800303F
:10A2E00002689B1A47F22F52934288D823685D690F
:10A2F000404BD4F884231E212046A8473B4B21A87D
:10A300001968FEF7DFFBD4F884333068002221A9F6
:10A3100011F09AFC0025284624B0BDE8F087236898
:10A320005D69354BE5E751463846FCF782FD036829
:10A33000002B82D051463846FCF77BFDD8F8003020
:10A3400002689B1A42F20F7293423FF676AFD5E74E
:10A35000B4F87C02072301220221FFF7F5FE18B1B1
:10A36000012384F8913309E0B4F87C32462B05D1FF
:10A37000D4F87402FBF721FB0028F1D0514638468F
:10A38000D8F80080FCF755FD0023C0F80080C4F821
:10A390007032C4F8C033D4F874323668013307D051
:10A3A000D4F8C43323B9154B1B6E0BB1C4F8C433B6
:10A3B000D4F884331BB9FEF7A2FAC4F88403002151
:10A3C0000220FAF789FD4946C4F888030C480FF0CB
:10A3D00002FD0023014602223046FCF7AFF89AE75F
:10A3E000E80400204C7E0208A01E0020A41E0020CD
:10A3F000A83E0020D2A5020804A60208F00400200E
:10A40000581E0020D4F87032C4F86834237C7BB91D
:10A41000236801219B69204698472C4B19682046E8
:10A4200001F58471FCF78EFC29492046FCF78AFC73
:10A43000236820465B6A9847D4F86834254A264941
:10A44000934214BF0223032323740A221EA8FCF79D
:10A45000BFF81E99D4F87024C4F870141F99C4F87A
:10A4600074142099D4F87834C4F87814002521A8FD
:10A47000239321921E95209511F08CFE1EA811F0B9
:10A4800089FE4FF49272294604F58E7019F06FFC24
:10A4900004F51070FCF70CFCC4F86C543AE7236820
:10A4A0002046DB68984735E704F520717822684636
:10A4B00004F51C7419F006FD94E80F0011F0CEFEAF
:10A4C00028E7064B012283F87C2923E7A01E002001
:10A4D000444600202D0F01003DA60208083F002041
:10A4E0002DE9F04FDFF8D4914B681546D9F80420D8
:10A4F000934285B007460C4640F0CD80DFF8C0811E
:10A50000D8F8082D002A4ED191F82161002E00F0D4
:10A510009E804B89042B5DD10846FBF741F9064626
:10A52000C8B9A089072301220221FFF70DFE90B1CF
:10A530002046FBF76AF8237A0393824620460FF001
:10A5400011FC0122D4F814B10192039B00905A46E9
:10A550005146304625E0D4F804317BB9D4F808617F
:10A5600066B92046FBF751F8237AD4F814B1039367
:10A57000824620460FF0F6FB0196E6E74FF0FF31EA
:10A580002046FBF763FC10B1D4F850315BB1204694
:10A59000FBF73BF801460020CDE90000237AD4F810
:10A5A00014210FF06EFB6389042B62D17DB12B79EE
:10A5B000232B0CD1B9F89830202B08D1012300931C
:10A5C000237A2168D8F80C0D002205F07FFAD4F820
:10A5D000046152E08B68DFF8ECA023F47F43B3F50D
:10A5E000A02F21D1384E0968306803681B6898474E
:10A5F00090B92046FBF709F8064620460FF0B2FB5B
:10A60000D4F814B19AF800A00023CDE900035A460B
:10A61000534631462320C4E73068216803681B682D
:10A620009847838F002BE4D02046FAF7EEFF0646CA
:10A6300020460FF097FBD4F814B19AF800A000233D
:10A64000CDE900035A46534631460620A9E7D1F822
:10A6500050219A42A7D191F82031002BA3D008466F
:10A66000FAF7D3FFCDE900660146237AD4F8142126
:10A670006FE7D4F80461002DA9D166B12046FBF73D
:10A680008FF818B194F85C31052B04D0616832461C
:10A690003846FBF759F96068FBF78FF92A462146DF
:10A6A00028B1384605B0BDE8F04FFBF7BBB93846D6
:10A6B00005B0BDE8F04FFBF759BC00BFD40A00203D
:10A6C000083F0020701E0020841E002013B50446A1
:10A6D00098B14068FBF771F968B16389042B0CD11C
:10A6E00094F8FA304BB9472300930322A0894323FF
:10A6F0001146FFF729FD02B010BD0020FBE72DE950
:10A70000F04FDFF88C924A68D9F804309A4291B041
:10A7100005460C4604D108460FF048FB202059E0BE
:10A720009C4F97F8C431002B5FD19B4B9B491B6812
:10A73000D3F80CA0504612F043FF002855D0984B98
:10A740001E683046FAF70CFB80460146504612F070
:10A7500037FF002849D0DFF84C9206F59C773B265E
:10A7600057F8040D13F018F9494613F021FA014681
:10A77000404613F05FF880460146504612F03EFF17
:10A7800058B3C6F13B06F6B28748FAF7E7FC012357
:10A790000370D4F8143143601E230746037300216D
:10A7A0000220FAF799FB8149B860324607F10D00A3
:10A7B0001BF096F97E4B1868036839465B6898472A
:10A7C0002046FAF7EDFF60B1224609212846FCF742
:10A7D00038FE092011B0BDE8F08F013EC0D23C2602
:10A7E000D2E720460FF0E2FAF3E72046FAF7D8FF67
:10A7F000A0B12046FFF76AFF80B1D7F8D02112F050
:10A80000FF0302D1002A08BF032394F82021402B24
:10A8100028BF40239A4288BF84F820312046FAF7A7
:10A82000F4FE20602046FAF7BBFF18B194F82031FF
:10A8300084F82A3163891A1F012A3FF66FAF94F812
:10A840002221002A40F0948094F82121002A0CBF94
:10A8500040224622042B84F8222140F08C80A389D8
:10A86000052B73D1782384F82231237A51480F9332
:10A8700021460FF0B0FA63890E90042B40F0EE8071
:10A880002046FAF78DFF68B1012384F8103197F85C
:10A89000E52194F81131134394F8FA2043EA420376
:10A8A00084F8113104F10C03434A44484FF4807199
:10A8B000FEF752FB00F11803FF2B06463AD8404B37
:10A8C0006168186894F808A003681B689847834675
:10A8D0002046FAF765FF94F84E81002853D099F886
:10A8E0009630002B4FD1B8F1000F10D150460FF029
:10A8F000CDFC344981461BF013F9002800F0B280EA
:10A90000314948461BF00CF9002800F0AB80B7F83D
:10A910001C32202B37D167683846FBF74EF890BBC6
:10A92000A389462B2FD0033B022B2CD906F12403FD
:10A93000FF2B4BD907260E980FF038FA002323720D
:10A94000224631462846FCF77CFDC4E0012B01D0AD
:10A95000062B01D1642386E7D4F804310BB15023D0
:10A9600081E794F8FA30002B3FF47FAF46237AE773
:10A97000042B3FF47AAFA86E03685B69214611B0DF
:10A98000BDE8F04F1847B8F1000F6BD02226D2E790
:10A99000D40A0020F0040020201D00200000C8423E
:10A9A0001C1D002000A00C47901200203FA60208AA
:10A9B000A01E0020581E002008620208A84800209F
:10A9C000841E002078A602087FA60208BBF1000FB3
:10A9D00068D0BBF83C30202B64D1B8F1000F09D00F
:10A9E00004F22D1304F24D1213F8011F002978D13F
:10A9F0009342F9D1404BD3F80090D9F8003020466B
:10AA00005B690F93FAF701FE04F10E030C933B4BC5
:10AA1000CDE90A63D4F814314FF00008CDE90838C5
:10AA20000BF1400E8246BEE80F00EC46ACE80F008A
:10AA30009EE80F00ACE80700ACF80030DBF83C30D3
:10AA4000394652460F9F4846B84701230C3684F8D2
:10AA5000088084F84E310523A68163810E980FF09B
:10AA6000A5F988E750460FF0C6F90028207234DBBC
:10AA7000214B224FD3F80080D8F800302046D3F87D
:10AA80003090FAF7C2FDCDE900670146D4F81421F1
:10AA900040460023C8473246394604F10E0019F0FB
:10AAA00011FAD8E7AE6FD6B90E9BC5E91E37144B25
:10AAB0001B68C5F88030204626720FF077F91148E0
:10AAC0000096D0F80C0D0F9BE96F012204F0FEFFF9
:10AAD0002846FDF73DFF30467CE606262BE7272675
:10AAE00029E720220BF13E0104F5977019F015F9C2
:10AAF00000283FF47FAF49E788110020A8480020D4
:10AB0000E8040020083F00202DE9F04F91B00C46EA
:10AB10000546002102200E92FAF7DEF92146C4F81C
:10AB20001801A2480FF057F968672046FFF7ACF804
:10AB300002280DD1D4F8142121682846FDF7CFFF53
:10AB4000686F0FF033F900236B6711B0BDE8F08F29
:10AB5000638900284AD1042B48D1A389944E472BFE
:10AB600014D1944B93F8222212B193F824326BB98A
:10AB7000D4F8142121682846FDF7B1FF337C052B5A
:10AB8000DED16389042BDBD1012703E0337C052B65
:10AB90002CD1002746232322CDE909324121082365
:10ABA000CDE907310C200B23CDE9053006264323E0
:10ABB000CDE903364FF0050C0423CDE9013C032316
:10ABC0000093A089072301220D21FFF7BDFA064655
:10ABD00050B9D4F8142121682846FDF780FF686F2A
:10ABE0000FF0E4F86E67B0E7002FA9D1714E6768E7
:10ABF000B4F80A900023C6F8083D6F4B38465B68EE
:10AC00000C93FAF7DAFE804628B90C9BDB1BD3F1D4
:10AC1000000848EB0308D6F8103DD3F800A0002741
:10AC2000D6F8103D5B6853457CD0B9F1040F5AF853
:10AC300004BBC6F8144D02D09BF80A20CAB19BF899
:10AC4000082012B9B8F1000F13D0DBF8002021461C
:10AC5000D2685846904760B10E9B13B99BF8092003
:10AC60003AB1B9F1040FDBF80C1006D019B3226821
:10AC70000AB30023C6F8143DD2E70D91D9B122687A
:10AC8000CAB1207A0EF03CFF20B10D992A301AF09B
:10AC900047FF80B194F8FA20002AEAD06068FAF7FA
:10ACA0008CFE0028E5D1224621215846FAF757FDAF
:10ACB000C6F8080DDDE7DBF800202146126958468A
:10ACC0009047DBF800200D90526921465846904786
:10ACD000B9F1040F1AD194F8FA20BAB1364A616872
:10ACE0005268914212D1D6F8082D7AB9DBF80020CB
:10ACF0005846926990470F9028B12146FAF710FD07
:10AD00000F9AC6F8082D0FB99BF80B70DBF81010DE
:10AD100029B12648FBF7E9FF0023CBF810300D9B43
:10AD2000012BA6D1B9F1040F07D194F8FA3023B161
:10AD3000214B62685B689A422AD0686F0FF036F840
:10AD4000AB6F00266E67002B3FF4FFAEEB6F216800
:10AD500099427FF4FAAE6389042B7FF4F6AEA3899F
:10AD6000042B7FF4F2AE154B186803681B689847F4
:10AD700000283FF4EAAE838F202B7FF4E6AEA96F64
:10AD800001222846C5E91E6611B0BDE8F04F97E0E4
:10AD9000D6F8081DB1B10A4800231A460068FBF72F
:10ADA000CDFB0023C6F8083DC7E700BF581E0020B2
:10ADB000F0040020083F0020D40A0020841E002058
:10ADC000A01E002023680C9A9A42B6D0002FB4D15E
:10ADD0000D4BD3F80080D8F800302046D3F83090DF
:10ADE000FAF713FC064620460EF0BCFFD4F814A177
:10ADF00094F808B0CDF800B0CDE9010753463246CB
:10AE000008214046C84798E7A83E0020F8B5284EDC
:10AE1000284F054605F138000DF020FF044698B98B
:10AE2000AA6F72B1244B1868D5F8803047F22F51C1
:10AE3000C61A8E4237D9C5E91E4427212846FCF799
:10AE400000FB6FF00040F8BD2168B6F8D4C11B4A82
:10AE5000002398B284451CD8386803681B6898475B
:10AE600010B190F8B130D3B92368013317D096F8F8
:10AE7000E43113B194F829318BB92B682146DB6A90
:10AE80002846984758B9012221462846FFF73CFE3C
:10AE900005E052F8040F814203F10103D9D12046A5
:10AEA0000EF084FFB6E7C0F5EA4030301844CAE738
:10AEB000F0040020841E0020E8040020C4060020C6
:10AEC0002DE9F0411646284A4B68526893420546E0
:10AED0000C4605D103681B6A98470020BDE8F08145
:10AEE000826E2AB90A460421FCF7ABFA2120F5E765
:10AEF0001846FAF762FD20B1324621462846FFF790
:10AF000003FE237A8BB994F84E3173B967683846DB
:10AF1000FAF753FD48B9154B1868036839461B68A2
:10AF2000984710B190F8AC302372022E14D194F8E7
:10AF300021318BB194F8203173B90D4BD3F8BC316A
:10AF400013F0FF0202BFB3FA83F35B099A01402AB0
:10AF500028BF402284F820212B68214628465B6ABE
:10AF6000BDE8F041184700BFD40A0020841E00202D
:10AF7000F004002010B504460EF098FEA38A8381E9
:10AF800010BD70B50E460546FFF7F4FFAA690446EA
:10AF90003346E9211030FDF7DFFFE081204670BD28
:10AFA000F8B5064628200C4619F02AFF2346144A15
:10AFB000144905461AF094FD3046FFF7DBFF0027E1
:10AFC000044680F82171284612F09AFB294682B285
:10AFD000E08104F1100018F075FF0B4B1B68B3649F
:10AFE00038460FF017FA034628B9024607482146AB
:10AFF0000068FBF7A3FA2846BDE8F84019F008BF3F
:10B000004D41002084A60208E8040020A01E002074
:10B01000A0F1180013F078B870B50E460546FFF79A
:10B02000A9FFAA6904463346E9211030FDF794FFD1
:10B03000E081204670BD2DE9F0411546BCB00446C4
:10B040000E46FCF72AFA2B88432B40F03A813768EA
:10B05000002F40F036812B7A002B39D194F8343010
:10B060001BB101203CB0BDE8F0812046EF68FCF741
:10B0700014FA94F83460002EF3D118F0F7F84FEA80
:10B08000E0780546C4E908083046F9F711FF502278
:10B09000C4E90A078C491EA818F014FF1EA920460F
:10B0A000CDE91E58FFF7B8FF0125642380F822314F
:10B0B00001464760067280F84E5180F8FA50834886
:10B0C0002B4600683246FBF739FA84F83450C8E75B
:10B0D000012B40F0D8802B7E002BC2D094F8343066
:10B0E000022BBED1D5E90402D4E908139A4208BF65
:10B0F0008842B6D1EB69764EDFF8D88100931EA85E
:10B10000754B1E9308F084FC3568D8F804301C2277
:10B11000394603A8CDE9013718F029FE2B68E16A0A
:10B120001B6828469847054620B1037913B1838FE1
:10B13000202B06D0002384F834301EA80CF032FEF9
:10B140008FE71EA808F064FC04F12007042269467A
:10B150001EA808F08CFF394608221EA808F087FFB9
:10B1600004220DEB02011EA808F081FF042204F165
:10B170002C011EA808F07BFFB8F8982057491EA89C
:10B1800008F075FFAA8F05F13E011EA804F13505F0
:10B1900008F06DFF202229461EA808F09AFF1EA87D
:10B1A00008F036FC394608221EA808F060FF20226D
:10B1B00029461EA808F05BFF04F15507202202A9CA
:10B1C0001EA808F086FF2022394602A818F0A5FD27
:10B1D0000028B2D1009B236350223B490AA818F0F3
:10B1E00071FED4E90823CDE90A232023ADF83030DD
:10B1F0000DF1320355F8042B43F8042BBD42F9D16D
:10B200000AA92046FFF708FFDFF8C080E36A436021
:10B210000127002264230146027280F84E7180F8F3
:10B22000FA7080F82231D8F800003B46FBF786F927
:10B23000032384F834302A48F9F790FF1E2305468B
:10B24000037304F1750227490D301AF049FC0D23F0
:10B25000A5F89E31D4E90823C5E968233068E16A7E
:10B2600003681B689847282200F10C0105F5D4708B
:10B270001AF0A1FCD8F8000085F8D07103682946BF
:10B280005B68984759E7022B18D1D5E90402D4E945
:10B2900008139A4208BF88427FF4E3AE0C4BE16A80
:10B2A000186803681B689847D0F8B83043F001036A
:10B2B000C0F8B8302046FBF7DCFCD2E6032BF9D00F
:10B2C000CFE60020CEE600BF807E0208A01E002050
:10B2D000841E0020D40A0020546002086E0B002057
:10B2E000901200209DA602082DE9F0416B4D6C4B99
:10B2F000ADF5207D04462AA82A9308F089FB6B68E7
:10B3000001932046FCF7C9F894F83470002F40F000
:10B31000C180DFF89081D8F8141D91F84E31002BD0
:10B3200000F0BA80052384F834304FF4B07248A896
:10B3300018F0C8FDBDF82E115B4A16AB4CA8FEF7FD
:10B3400091FCDDE91623C4E90823CDE90223489BDB
:10B35000E3623846F9F7ACFDA06254480DF0DFF81F
:10B360002646013046F8300F2AA808F051FB314636
:10B37000042204F120062AA808F079FE31460822AA
:10B380002AA808F074FE042204F12C012AA808F06F
:10B390006EFE04220DEB02012AA808F068FED8F820
:10B3A000141D2AA8B1F82C2101F5977108F05FFE51
:10B3B000B5F8982005F19A012AA804F1350508F09E
:10B3C00056FE294620222AA808F083FE2AA808F063
:10B3D0001FFB314608222AA808F049FE29462022F0
:10B3E0002AA808F044FE04F15503194620222AA891
:10B3F0001D4608F06EFE2023ADF83230ADF8107017
:10B400002B4604F175060DAD186859682A4603C22B
:10B410000833B3421546F7D102A92046FFF7FCFDD9
:10B42000012380F84E3105462148F9F797FE1E2387
:10B430000373216B4FF47A730646B1FBF3F20D30C0
:10B4400003FB12131B491AF04BFB0B23A6F89E318A
:10B45000D4E90823C6E96823174BE16A1868036832
:10B460001B689847282200F10C0106F5D4701AF0E9
:10B47000A2FB236BC6F8D031104B18680368314625
:10B480005B6898472AA80CF08DFC28460DF5207DB6
:10B49000BDE8F0810025F5E71D46F3E7D40A00205A
:10B4A00054600208083F0020D07E02083E420F0090
:10B4B00090120020D8A60208841E0020A01E0020A2
:10B4C0000C4B70B593F8A06A0025ECB2A64201D8E7
:10B4D000002070BD20460EF013FB90F83E3033B1D3
:10B4E000036C23B12046BDE870400EF093BF0135D8
:10B4F000EBE700BF083F002038B50EF0ADFF294C48
:10B50000294D48B32B79D4F87C21022B4AF6C0038D
:10B5100018BF4FF4E163002A08BF1A46C4F87C2123
:10B52000D4F88021002A08BF1A46C4F88021D4F834
:10B530008821002A08BF1A46C4F88821D4F890212F
:10B54000002A08BF1A46C4F89021D4F89821002A8E
:10B5500008BF1A46C4F89821FFF7B2FF98B12A79BC
:10B56000AB6E022A4AF6C00218BF4FF46162002B8C
:10B5700008BF1346AB66D5F88830002B08BF4FF4E0
:10B580009673C5F888306B69002B08BF4FF4616370
:10B590006B61D4F82832002B08BF4FF46153C4F814
:10B5A000283238BD083F0020F00400202DE9F04784
:10B5B0000B88DFF88892013B99F8048099F8B8A1CC
:10B5C000C8B006460C4617460A2B00F2C780DFE8D3
:10B5D00013F00B00A000C70006010F014901FB0199
:10B5E0000402C500C5005D02D9F80820CB6801251A
:10B5F0009A4289F800500DD1D9F80C200B699A4273
:10B6000008D10B7A434505D199F810500B7DED1AFE
:10B6100018BF01258A48602204F1080118F052FC85
:10B6200099F81030042B0AD199F80430022B06D176
:10B630000023844989F810303046FCF7DAF8237A81
:10B64000434563D0022B34D10EF026FA7E4B002204
:10B65000C3F88021C3F88821C3F89021C3F898214A
:10B66000C3F82822C3F8642299F80420022A4AF673
:10B67000C00218BF4FF46162C3F87C21052389F82A
:10B680001030724B40F20112A3F8BA204FF0150AA5
:10B69000D9F81430B3F5616F03D24FF46163C9F880
:10B6A00014302A465146304648B0BDE8F047FCF712
:10B6B0003BB8062B17D1654B40F20112A3F8BA2014
:10B6C00099F80430022B604B4AF6C00218BF4FF4C1
:10B6D0006162C3F87C21012283F884214FF49672C1
:10B6E000C3F88021D2E7052BD0D1584B40F201128C
:10B6F000A3F8BA2099F80430534A022B4AF6C00343
:10B7000018BF4FF46163C2F87C31BFE74FF0010A04
:10B71000BEE7012389F8643099F89030012B11D1EC
:10B7200091F83030012B0DD099F86D3053B94D7B25
:10B7300045B9474B1868FAF7C5FA2A461121304631
:10B74000FBF7F2FF08340FCC424D0FC50FCC0FC5ED
:10B7500094E8070085E80700FFF7CEFE01253BE0EF
:10B76000012589F8945099F8B42091F824309A4230
:10B770001ED199F898200B7A9A4219D1D9F8AC20A9
:10B78000CB699A4214D1D9F8B0200B6A9A420FD1F2
:10B79000D9F89C20CB689A420AD1D9F8A8208B69A5
:10B7A0009A4205D1D9F8A4504B69ED1A18BF01256A
:10B7B00004F1080CBCE80F00274F0FC7BCE80F00CE
:10B7C0000FC79CE8030087E80300E368013B1C2BDC
:10B7D00002D81E23C9F89C304FF0010A61E701230B
:10B7E000C42208311D4889F8C03018F06BFBB5E75A
:10B7F000012389F88831D9F88C11A26899F89C3115
:10B80000914209D1D9F898516269554015F0FF2548
:10B8100002D1227E9A4208D0032B05D0237E032B2F
:10B8200004BF002389F8EC31012508340FCC0C4FFC
:10B830000FC794E8030087E80300CDE7F004002079
:10B84000F40400200DA70208083F0020D40A0020BD
:10B85000841E00205805002088050020B405002023
:10B860007C060020DFF834C2BCE80F0010AD0FC525
:10B87000BCE80F000FC5BCE80F000FC59CE80F0027
:10B88000083485E80F0099F8A9810FCC6D460FC5E3
:10B890000FCC0FC50FCC0FC594E80F0085E80F0043
:10B8A000012389F8A4319DF80830019A043B042B48
:10B8B00084BF05238DF80830D31FDBB2052B01D8D8
:10B8C000FF2A01D90B230193754C9DF81050236872
:10B8D0001B78AB4224D0734B00E01C331A780AB1BA
:10B8E0009542FAD15A69527B002A31D06E4A92F8B9
:10B8F0009620002A2CD19B696C4AA02120A81AF01E
:10B9000037F820A8FBF750FB10AD0FCD6C460FC4E5
:10B910000FCD0FC40FCD0FC495E80F0084E80F00C2
:10B920004FF0010A6846FCF7EFFD18B9002F46D02A
:10B930008DF801806C460FCC584D0FC50FCC0FC54C
:10B940000FCC0FC594E80F0085E80F000025A8E68E
:10B950006846FCF7D9FD0028D6D0BAF1000F1DD0FB
:10B9600055B389F8B851FCF7E5FB25685049E868FC
:10B9700011F026FE10B101238DF83C304D4C4E499C
:10B980000322204618F0FBF928B9AB694A4A4B4913
:10B9900020461AF0A5F84FF0030AC3E7002DE0D0C7
:10B9A000474B186820B10368464A1B6946499847C7
:10B9B00001238DF81830D4E78DF81850D1E7012114
:10B9C0006846FCF7CBFBB5E7012389F8E831D1E9FC
:10B9D00002013E4B83E80300C0E6334F3A48384D3E
:10B9E000B022083118F06EFA97F8963028686BB9D3
:10B9F000BAF1000F0AD0B9F81C820368B8F1200F21
:10BA00003AD0334A9B68A2F122019847B9F8FA214B
:10BA100030493148A7F8982018F054FA2A682C4B7E
:10BA2000793203F1200153F8040B42F8040B8B42E6
:10BA3000F9D199F8A63293B1B9F84032202B0ED043
:10BA4000B9F86232202B0AD0B9F88432202B06D004
:10BA50000023224989F8A6323046FBF7CAFE99F83E
:10BA6000A82294F8B6309A427FF478AE99F8A7529B
:10BA700094F8B5305D40AFE6154ADB68A2F12201CB
:10BA800098470028C2D0A9F8FA81BFE74FF0010A11
:10BA9000134D89F8AAA2083450E700BF9806002089
:10BAA000201D0020E47A0208D40A002045A70208DD
:10BAB0000000C842EC3F002066A702086AA70208FF
:10BAC00088110020260B0020EA060020DC0600205A
:10BAD0000E070020EC0600206E0B002070A7020865
:10BAE0009C0700202DE9F04F4B89042BADF66C1D0F
:10BAF00005460E46144616D10846F9F751FE07468C
:10BB0000307A0DF0FDFF804620460DF08BF8D6F818
:10BB10000090002840F0C680B9F1000F09D1854B94
:10BB200093F8A632ABB1002738460DF66C1DBDE880
:10BB3000F08F814908F12A0019F0F2FF00287FD127
:10BB40007C4B93F8A932002B73D02388012B40F053
:10BB5000B180238887F00107013BFFB2652B01F21A
:10BB60006681DFE813F0D7026409F90064095B011C
:10BB7000640900024B06640964096409310564091B
:10BB80006409640918066409AB04640964091901AD
:10BB9000590864097508C90819091F096409640965
:10BBA00064096409F40297048903A403640964091D
:10BBB000B0069707A507E9071C082508F3046409E0
:10BBC0000306B407CC07D90764096409640964094A
:10BBD00064096409640964096409640964096409FD
:10BBE000640964090D061206090764092409640939
:10BBF00064096409640964096409640964096409DD
:10BC000064096409640964096409640964096409CC
:10BC100064096409640964096409640964096409BC
:10BC20008205640964090E05220577059B056409F0
:10BC30001D05324621212846F9F791FD286172E75A
:10BC400096F84E31002BF4D0DFF8E880B8F84022A7
:10BC5000202A06D108F2422106F5977018F05DF807
:10BC600098B1B8F86222202A05D1344906F59770B8
:10BC700018F053F848B1B8F88422202A17D1304977
:10BC800006F5977018F049F888B92E4B18680368C4
:10BC900049461B68984728B190F8B03013B9012382
:10BCA00080F8B0303368002B7FF44FAF51E7324655
:10BCB0002521C0E70C2B06D8022B0ED9033B9BB2E3
:10BCC00040F2952204E00E3B9BB21E2B05D81E4A83
:10BCD00022FA03F3D8073FF53CAF20460CF0A2FF51
:10BCE00000287FF436AF04F5C97818480822414689
:10BCF00005F12D09FEF7C3F9082249461448FEF75D
:10BD0000BEF9AA6B134B02F596721B684FF47A7159
:10BD1000B3FBF1F39A420AD9B4F89021082A06D16C
:10BD20004946404617F0F9FF00283FF412AF32466B
:10BD3000242180E7F0040020B6A702085407002061
:10BD400076070020841E002025000040BCA70208C2
:10BD5000D3A70208E804002096F8FA30E3B14FF4C4
:10BD6000D072002138A818F002F8B3496A223AA824
:10BD700018F0A8F8042338A92846ADF8E030FEF7FB
:10BD8000AFF938A92846FFF7FCF896F84E3128613C
:10BD900013B1012380F84E3100270DF1180900215D
:10BDA0000DF1E008AA46C9F800104FF4D0724046E1
:10BDB00017F0DDFFCDE91D485AF8204FCDF87C90F3
:10BDC000544507D0A06803681DA99B6898470028C0
:10BDD00001F06280D9F80030022B08D14146284694
:10BDE000FEF77EF941462846FFF7CBF8286196F822
:10BDF000FA3033B1296921B932462846F9F7AFFC48
:10BE0000286196F84E31002B3FF48EAE2B69002B43
:10BE10003FF48AAE012283F84E2185E64FF4D072BA
:10BE2000002138A8277A17F0A2FF96F8FA30002BE5
:10BE3000B2D00A2F20D8DFE807F0060F2132484F92
:10BE4000636D7377790001237C49ADF8E830602297
:10BE50003CA818F037F80FE0DFF8E4C10223ADF892
:10BE6000E830BCE80F003CAF0FC7BCE80F000FC7BD
:10BE70009CE8070087E8070006237CE7DFF8C4C1D9
:10BE80000323ADF8E830BCE80F003CAF0FC7BCE8B7
:10BE90000F000FC79CE8030087E80300ECE76A493E
:10BEA0000423C4223CA8ADF8E83018F00BF8674929
:10BEB0000DF5897011F0C6FB0028DDD164494122DF
:10BEC0000DF5897019F077FED6E70523DFF884C1F8
:10BED000ADF8E8303CAFDAE7DFF87CC10623ADF817
:10BEE000E830BCE80F003CAF0FC7BCE80F000FC73D
:10BEF000BCE80F000FC79CE80F0087E80F00BBE706
:10BF0000564A92E803000723ADF8E8303CAB83E8DB
:10BF10000300B1E708235249ADF8E830B02297E7B3
:10BF20000923ADF8E830A7E70A23FAE7DFF834C1C0
:10BF30000B23ADF8E830BCE80F003CAF0FC7BCE8FE
:10BF40000F000FC79CE80F0087E80F0096F84E71AE
:10BF5000002F91D1202239460DF1F20017F007FF92
:10BF6000ADF8F07088E74FF4D072002138A8277A36
:10BF700017F0FDFE96F8FA30002B3FF40DAF0E2FB0
:10BF80003AD8DFE807F008111F2D3B444E7F8F950C
:10BF9000A29BAEB7BD0001233349ADF8E830D422EF
:10BFA0003BA817F08FFF27E00223DFF8C0C0ADF8F1
:10BFB000E8303BAFBCE80F000FC79CE8030087E800
:10BFC000030019E00323DFF8A8C0ADF8E8303BAF69
:10BFD000BCE80F000FC79CE8070087E807000BE0EC
:10BFE0000423DFF890C0ADF8E8303BAFBCE80F00A9
:10BFF0000FC7DCF800303B600823BCE605231E4A6F
:10C00000ADF8E8303BAB07CA83E80700F4E7062346
:10C01000DFF868C0ADF8E8303BAFBCE80F000FC7F1
:10C02000E4E7DFF85CC00723ADF8E830BCE80F00B8
:10C030003BAF0FC7BEE700BF260B0020F404002073
:10C040005805002088050020B4050020EAA7020852
:10C05000D60500207C06002098060020DC06002083
:10C06000EA0600209C070020483F002020400020D6
:10C070003C4000205C4000207440002084400020B0
:10C08000AC4000200823ADF8E830BD4BD3F8D10117
:10C09000B3F8D52193F8D7313B90ADF8F0208DF867
:10C0A000F230A9E70923B749ADF8E830482277E72D
:10C0B0000A23ADF8E830B44A3BABA4E70C23DFF821
:10C0C000CCC2ADF8E8303BAFA7E70B23ADF8E830C2
:10C0D000AB4BD3F8310293F835323B908DF8F0300A
:10C0E0008AE70D23ADF8E830A94B0FCB3BAF87E8CB
:10C0F0000F0081E70E23A749ADF8E83050224FE743
:10C10000DFF894C20F23ADF8E830BCE80F003BAF76
:10C110000FC75DE7A768013F072F03D932462021EB
:10C1200000F0E4BD96F8FA30002B3FF435AE4FF442
:10C13000D072002138A817F01AFEF8B20DF0E0FC1A
:10C140004C2201463AA817F0BDFE022313E694F8EC
:10C150001880B8F1000F0DD004F1170717F8010F80
:10C160000028DBD019F0B4FC0028F7D194F8403057
:10C170001BB910E094F84070CFB104F13F0919F8F1
:10C18000010F0028CAD019F0A3FC07460028F6D1F9
:10C19000B8F1000F0BD004F1180841467F4811F0A8
:10C1A00051FA2822074641467C4819F004FD94F8CC
:10C1B00040305BB104F140084146794811F042FA41
:10C1C000052207434146764819F0F5FCDFF8D48193
:10C1D000754AD8F80430102108F1520019F0C8FB54
:10C1E00094F84C3098F896209A422BD088F89630E4
:10C1F0000DF0B2FC70B998F8BA2094F870309A42F9
:10C2000031D19AB194F8712098F8BB309A420DD090
:10C2100001232AE065492846FBF7EBFA98F8BA2093
:10C2200094F8703093421ED1002BEBD195F82C007E
:10C2300080F001000CF056FD012214212846FBF786
:10C2400073FAA9E598F8BA2094F870309A420AD1A6
:10C250002AB198F8BB2094F871309A42D8D1002FB7
:10C260003FF49AADE2E7002AD2D188F8BA3094F8C8
:10C27000713088F8BB30D9E72389062B06D03A46BF
:10C2800004F108012846FFF791F985E594F820307C
:10C290000D2BF4D13A4BD3F8F40200283FF43EAF13
:10C2A0000368DB68984700283FF438AFE7E795F864
:10C2B0002C302BB90223208901221946FDF744FFB7
:10C2C0002389013B0C2B3CD801A252F823F000BF7C
:10C2D0001DC1000805C3000825C3000849C30008A4
:10C2E00067C30008B1C30008D9C30008F1C3000840
:10C2F0000DC4000825C4000867C400084FC4000826
:10C300007DC400081E4F012387F8143104F10C0C82
:10C3100007F58C77BCE80F000FC79CE8030087E89F
:10C3200003000EE0164F012387F8303104F10C0CA6
:10C33000BCE80F0007F59A770FC79CE8070087E86D
:10C3400007000122022179E70D4F012387F85031C0
:10C3500004F10C0C07F5AA77BCE80F000FC7DCF856
:10C3600000303B60EDE7064B012283F8682104F1C1
:10C370000C0207CA03F5B67383E80700E1E700BFC4
:10C38000083F0020E24000202C41002040410020D6
:10C390006841002079410020CC410020360B00206C
:10C3A0005E0B0020D40A00209DA20208F1A702081B
:10C3B000AF4F012387F8783104F10C0CBCE80F0073
:10C3C00007F5BE770FC7BCE80F000FC7DCF80030D9
:10C3D0003B60FFF791F8B4E7A54F012387F8A03140
:10C3E00004F10C0CBCE80F0007F5D2770FC791E7FA
:10C3F0009F4B012283F8D021E068C3F8D101218A44
:10C40000A27C83F8D721A3F8D5119AE79848012395
:10C4100080F8D831482204F10C0100F5ED7017F0D6
:10C4200051FD8EE7924B012283F8222204F10C0287
:10C4300007CA03F5097787E80700D3F82822B2F581
:10C44000615F3CBF45F26042C3F82822C1E7884FD4
:10C45000012387F8363204F10C0CBCE80F0007F515
:10C460000E770FC778E7824B012283F83022E0680D
:10C47000C3F83102227C83F8352262E77C4F012326
:10C4800087F85C3204F10C030FCB07F5187787E8C7
:10C490000F0056E7237A072B3FF640AE04F1080061
:10C4A0000DF03CFB0DF058FB18B172492846FBF724
:10C4B000A0F90DF04FFF00220821BFE6237A04F116
:10C4C000080904F118084BB1E71D17F8010F0028FF
:10C4D0003FF462AC19F0FCFA0028F6D1237E53B188
:10C4E00004F1170717F8010F00283FF455AC19F0B5
:10C4F000EFFA0028F6D1282249465F4819F05BFB85
:10C5000005225E48414619F056FB5D4B012283F837
:10C5100096205C4B83F8C421226983F8C1216269AB
:10C52000C3F8C8214FF416725A6102221A740DF032
:10C5300013FB18B14F492846FBF75BF90DF00AFFD2
:10C5400000200CF0CFFB01221D2177E64FF4D072C2
:10C55000002138A817F00BFC2D234B49ADF8E03033
:10C560008C223AA817F0AEFC38A92846FEF709FD40
:10C5700096F84E31286113B1012380F84E3101271E
:10C580000BE4A268002AA1BF404B1B684FF47A71EC
:10C5900001FB0233B8BF0023354A9363FFF7FCBBAE
:10C5A0003A4B1B6803F57A73F6E7A268002AA1BF2D
:10C5B000364B1B684FF47A7101FB0233344AB8BF23
:10C5C00000231360FFF7E8BB4FF4D072002138A8B6
:10C5D00017F0CDFB2F4912221DA819F0ECFA1821F3
:10C5E0000023CDE92213274B1A799B6F2593FF2354
:10C5F0008DF898301E4B8DF8902093F8DA318DF835
:10C6000099304FF001084FF4575327938DF89A80D3
:10C610001DAF0FCF0DF1E80CACE80F000FCFACE869
:10C620000F0097E807000D238CE8070038A928467B
:10C63000ADF8E030FDF754FD38A92846FEF7A1FC1F
:10C6400096F84E312861002B3FF4A6AB80F84E815E
:10C65000FFF7A2BB0021104B1868F9F7D7FB0B4B73
:10C660001B6803F5DA53183396E70121F3E700BF9F
:10C67000083F0020F1A70208360B00205E0B0020C7
:10C68000D40A0020F004002070000020E8040020FC
:10C69000EC04002091A10208841E0020AB4BAC4AA0
:10C6A0001F6892F86D301279022A4FF001082FD1DD
:10C6B00053B3A7F81C80DFF89C824FF0000978681C
:10C6C000D0E900239B1A9B1008FB03F399453AD34A
:10C6D000A14B002283F8202283F88A230EF0ACFFBE
:10C6E0000EF0CAFF9D4AD2F81C3D3BB192F82412CD
:10C6F00021B1D3E91B10814218BF1967984B1B6801
:10C7000003F5DA53183348E73846F9F7DBFAD0E790
:10C7100094F8089013B93846F9F7D4FAA7F81C80B2
:10C72000B9F1000FC7D18F4B5F68D3F80880494635
:10C73000BC37BC2238A817F01AFB38AA4146384645
:10C74000FBF7ACFBC4E74946F9F77AFCB9F1000FF7
:10C7500008D090F8B01029B9BC2217F008FB09F1F5
:10C760000109ACE7BB8B0133BB83F8E701230093DE
:10C770007D4A7E4804F10803CC210DF0EBFBFEE678
:10C78000012385F82C30FFF707BB002385F82C30F8
:10C7900001221F2152E54FF4D072002138A817F072
:10C7A000E6FA642200211DA817F0E1FA704B714AE5
:10C7B0001B689A1A534253414FF4E13234921DA937
:10C7C000642201273AA88DF8D4308DF8CC7017F088
:10C7D00079FB112338A92846ADF8E030FDF780FC3D
:10C7E00038A92846FEF7CDFB96F84E312861002B7C
:10C7F0003FF4D2AA80F84E71FFF7CEBA002F3FF473
:10C80000CBAA2389082B7FF4C7AA237B002B3FF4F4
:10C81000C3AAE389002B3FF4BFAADFF83CA1BAF812
:10C82000EC34039300224FF0180B039B9A42BFF69F
:10C83000B3AA0BFB02A3D3F8F014002940D093F85D
:10C84000F434002B3CD0002734E007EB071EA6444D
:10C850000EF1100C0DF1E0080EF1200EDCF80000D6
:10C86000DCF80410C146A9E803000CF1080CF445FB
:10C87000C846F3D19CF8001089F8001003998B4248
:10C8800016DA0BFB03A33168C3F8F0140DF1E00EC8
:10C8900003F2F543F446BCE8030059603CA98C451B
:10C8A0001860E64603F10803F4D19CF800101970F3
:10C8B0000137FFB2E189BB188F42DBB2C5DB1A46F4
:10C8C0000132D2B2B1E7214B0027D3F80090A36820
:10C8D0000393BA46BB46B9F81C309F4217DB214987
:10C8E000A3EB0A034F689BB2BC2202FB0377002133
:10C8F000A9F81C3038A817F03AFA38AA07F1BC0199
:10C900003846FBF7CBFA0EF097FEFFF745BAD9F899
:10C910000420059210463946F9F792FB039A036802
:10C920009A4280460FD0059A0BF1010359461046F2
:10C930000493F9F785FBBC22414617F0C3FA049B28
:10C940009B460137C7E70AF1010AFAE7841E002077
:10C95000F0040020CF467D67D40A0020083F002065
:10C96000E8040020881E0020E872020842A802089D
:10C970003C1D0020401E0020AA4B742204F1080137
:10C9800038A8D3F8008017F09DFADDF8E0A0404603
:10C990005146F9F757FC074600283FF4FDA99DF8DA
:10C9A000E430002B3FF4F8A9D0F8B89019F0010F4B
:10C9B00011D09DF8513173B9838FBDF82C219A4263
:10C9C0007FF4EAA900F13E010DF5977017F0A5F983
:10C9D00000287FF4E1A9C7F800A04FF0010A6A22FD
:10C9E0000DF1E60187F804A01DA817F06BFA2822C4
:10C9F00021A90DF11E0019F0DEF805222BA90DF179
:10CA0000460019F0D8F8DDF8B100BDF8B530069051
:10CA10000DF1BC0EADF81C30BEE80F000DF1500C4E
:10CA2000ACE80F009EE80F008CE80F002E9B9DF8ED
:10CA3000B7B013935A22BDF8DC30ADF8703006A9B8
:10CA4000B81D8DF84BB017F03DFA9DF850317BB111
:10CA500000214FF48073A7F8B03087F8801087F872
:10CA60006010B987202207F13E0017F080F94AE7ED
:10CA700087F8B0A09DF851311BB149F00103C7F808
:10CA8000B8304046C8F80C70F9F77EFB40460FF00E
:10CA9000C3FA38E7634BA168186803681B689847B6
:10CAA00000283FF479A9012380F8B03000220BE080
:10CAB0005C4BA168186803681B68984700283FF41E
:10CAC0006BA9002280F8B0201021FFF7B7BB554BAF
:10CAD000A168186803681B68984700283FF45CA9A0
:10CAE0000027012380F8B13080F8807080F86070F2
:10CAF0008787202239463E3017F039F9D6E7494B6F
:10CB0000A168186803681B68984700283FF444A987
:10CB1000002280F8B120D7E7424BA168186803686B
:10CB20001B68984700283FF437A9D0F8B83083F045
:10CB30000203C0F8B830B9E7DFF8E8803A4AD8F81D
:10CB40000000516803681B6898474FF0010E80F899
:10CB500060E0E7686169E26994F824C03A92CDE93F
:10CB6000387100233C93236A8DF8F0C03B9338AFB3
:10CB700000F1640C0FCFACE80F003B68CCF800303C
:10CB80006369E26813431CBFD8F8003083F821E0E2
:10CB9000264B002283F86DE01121FFF74FBB214B9C
:10CBA0001868F9F78FF8214B002283F86D20F3E71E
:10CBB000A7681F4B1F482049D0F800C09F420DD8DE
:10CBC000D1F8202D03689B1A43F6972293427FF6F3
:10CBD000E3A80368C1F8203DFFF7DEB8174B9F427A
:10CBE000EED8174A1378022B07D90368D1F8240D21
:10CBF0001B1A14488342FFF4CFA803231370124B6F
:10CC0000C1F824CDC3F800C0104B00221F605A6049
:10CC10000FF057F9FFF7C0B804F108000DF0B1F9B3
:10CC2000FFF7BAB8841E0020D40A0020F0040020C8
:10CC30007F9AD569E8040020083F002080A605B54A
:10CC4000381D0020002E93022C1D0020301D0020D6
:10CC5000934B94F808801A68924B1B689A62B8F15B
:10CC6000000F7FF45BAA40F68802414638A817F00F
:10CC70007EF81823414601203893F8F72DF9012753
:10CC8000894939904FF438723CA88DF8E87017F054
:10CC900019F986498DF8D0734FF42E72F5A817F064
:10CCA00011F983498DF88C764FF41A720DF5D26024
:10CCB00017F008F97F498DF8F8786A220DF6FA0026
:10CCC00017F000F97C4938AA1DA80EF0ABF97B4893
:10CCD0000EF0DCFB784A1D997948009738AB0DF0CF
:10CCE00039F900283FF41AAA324641462846F8F797
:10CCF00036FD2861FFF750B894F80880B8F1000FAE
:10CD00007FF40CAA6E480DF0E9F800283FF406AA5B
:10CD100038AB40F688024146184617F028F8664BB3
:10CD2000009040F6880266484FF418610DF038FF15
:10CD300000283FF4F3A9634F5B484FF438723CA9D5
:10CD400017F0C0F84FF42E72F5A907F13C0017F068
:10CD5000B9F86A220DF6FA01564817F0B3F84FF405
:10CD60001A720DF5D26107F52A6017F0ABF80F20A3
:10CD70000EF01AFD00283FF4D1A93246414628465C
:10CD8000F8F7EDFC464B28611B6803F5742303F5A7
:10CD90001073BB63FFF700B8237A002B7EF4FCAF5F
:10CDA00047483BE711200DF0A9F8FEF7F5BF454BCA
:10CDB00094F80880D3F8287D002F3EF4EDAFB8F149
:10CDC000000F11D07B6D002B3EF4E6AF07F1580841
:10CDD00040460EF0F7FC38220021404616F0C7FF0F
:10CDE00000237B65FEF7D8BF3822414607F1580083
:10CDF00016F0BDFFC7F854803348F8F7AFF907467F
:10CE000000283EF4C9AF1423037341460220F8F70B
:10CE100063F82E49B86007F10D0017F04BF82C4B62
:10CE20001868036839465B689847FEF7B5BFDFF8B6
:10CE300094904FF4D072002138A816F098FFD9F8DA
:10CE4000103D002B3EF4A8AFD3F800800027D9F89E
:10CE5000103D5B6843450BD1022F7EF49DAF38A98E
:10CE60002846FDF73DF938A92846FEF78AF840E73D
:10CE700058F8040B03682246D3F824A0314638AB97
:10CE8000D047022804D0022F04D0012818BF38460A
:10CE90000746DCE73846FBE72468FEF791BF00BF92
:10CEA000E8040020841E0020F0040020443F0020FD
:10CEB000A8490020260B0020E87E020858A8020896
:10CEC00061A80208083F00209012002077A80208FD
:10CED000A01E002000207047134B30B40C461146B2
:10CEE0001A19012C82F82C1D104A156803EB8402D4
:10CEF000C2F8305D09D0022C0DD0406E90B193F88D
:10CF000040312BB981F0010102E093F8440148B1AE
:10CF100030BC0BF053BC93F8450118B193F8433182
:10CF2000002BF5D030BC7047083F0020E8040020FB
:10CF3000F8B500250B4F04462E46E9B200222046E4
:10CF40000135FFF7C9FF032D47F8046BF5D1002128
:10CF500004F11800F7F7A0FF4FF0FF3384F86C607E
:10CF6000A366F8BD384C0020A0F1180011F07AB982
:10CF700008B5836E013303D0FFF7DAFF012008BD47
:10CF80000020FCE72DE9F74F634C94F83461054627
:10CF90000F46002E00F0968090F86D30002B40F088
:10CFA00091800846F8F7FCFB002840F08B806FF07A
:10CFB0000E00F98907F10F03C01BC218914266D811
:10CFC0004FF00008554B3968186803681B6898478C
:10CFD0008246387A08B9524B1878DFF848910CF03D
:10CFE0008FFDD7F804B090F83E3090F844200193BC
:10CFF00058460092F8F7E1FCDDE9002399F85D70EE
:10D0000000284AD1484949688B4546D1BAF1000FFA
:10D010004CD194F84231002B60D194F84131002B6F
:10D020005CD194F84831002B58D194F84631002B4C
:10D0300054D194F84931002B4CD194F84731002B4E
:10D0400048D194F8483113B994F8463123B10122FC
:10D0500011462846FFF740FF94F8493113B994F878
:10D06000473153B399F85D3003F0FD03012B24D011
:10D07000042F03D116B9B8F1000F1ED094F8433134
:10D08000DBB9012202212846FFF726FF15E013F83D
:10D09000012F072A91D1B04694E71E46002BB8D045
:10D0A000B8F1000F14D116463AB9B2E7DAF8B83041
:10D0B0009B07AED5B8F1000F08D1002105F118008B
:10D0C000F7F7EAFE002003B0BDE8F08F4646A0E780
:10D0D00000269EE707F0FD03012BB2D0134B1A6820
:10D0E000B4F84A31A3B14FF47A714B431344AB66A1
:10D0F000012385F86C3094F842311BB994F8413122
:10D10000002B9ED0012200212846FFF7E5FE98E77C
:10D11000D4F83831EAE700BF083F0020841E002021
:10D12000701E0020F0040020D40A0020E804002033
:10D130002DE9F047ADF56A7D9CAD9DF8C8A34E4E34
:10D140002E60044689469846014600239EA817464D
:10D150006B600BF012FABAF1000F02D120460CF00E
:10D1600010FF214654A80BF008FA444954A80BF0CC
:10D170005AFA54990122A1A80DF0F9FC54A80BF019
:10D18000D7F93F4B85F834A100243946424607A819
:10D19000CDE90735CDE90A4485F83541CDF824902D
:10D1A00004F0A6FCEB6A0746A3B1A1A803F042FA7B
:10D1B0009EA90CA80BF002FA30490CA80BF033FA28
:10D1C0000C99224654A80DF0D2FC5A9B6BB90CA8BE
:10D1D0000BF0AEF99EA82E600BF0AAF938460DF5BB
:10D1E0006A7DBDE8F0875C40E4B254A803F0D1FA50
:10D1F000031EF8DA54A803F01DFA95F83531A3425E
:10D20000E5D10CA80BF094F99EA968460BF0D6F96D
:10D210001A4968460BF007FA009CD5F808800022EE
:10D2200021460CA80DF0A3FC129BBBB10122414684
:10D2300054A80DF09CFC5A9B83B10CA800F0DFF8B9
:10D2400000280DDC54A803F0EDF954A803F0F2F91E
:10D250000CA803F0EFF920460CF093FE6846B7E700
:10D2600003A910220CA803F086FA03A9C2B254A89D
:10D2700003F0EEFBE1E700BF087F020895A8020873
:10D28000A76B00084B6A032B01BF034B1B68B3F865
:10D290005030838300207047484C0020826930B4AE
:10D2A00004695510034604EB6200D20748BF625977
:10D2B0005B6930BC48BFD358184790F8340018B1A8
:10D2C00091F8290180F0010070474B6A032B01BFE0
:10D2D000034B1B68B3F8503083830020704700BFB6
:10D2E000484C002000207047B0F872008A89131A59
:10D2F000584258417047054BD0F880261B680448B7
:10D300009B1A83428CBF002001207047E804002054
:10D310009FBB0D004B6A012B03D0042B24D00020AF
:10D3200070471B4B1B6893F8591093F85020012944
:10D3300003D093F85A1001290CD101218A4280F8B8
:10D340007D1003D193F85830632BE8D9022380F87D
:10D350007D30E4E7012A03D193F85830052B01D939
:10D360000023F4E70323F2E70A4B5B681B6D012BF4
:10D3700003D0022B07D0002BD1D180F87E30064B92
:10D380001B680367CBE790F87E20022AC7D0F4E73A
:10D39000501E0020484C0020E8040020826930B470
:10D3A00004695510034604EB6200D20748BF625976
:10D3B0005B6930BC48BFD358184700207047054A06
:10D3C00090F85930117A181E18BF0120994218BFE1
:10D3D00013727047484C0020203070471830704757
:10D3E00000207047704707B503688DF807105B6829
:10D3F00001220DF10701984703B05DF804FB037D9E
:10D4000053B983691A6A5869DB699B0302D5904254
:10D4100038BF1046801A70470020704703681A6AA8
:10D42000C36AD31A1944B1FBF2F302FB1311036B65
:10D430008B4210B50AD94C09C06B01F01F0150F89E
:10D44000243001228A40134340F82430002010BDCC
:10D450000368013304D04068431C58425841704768
:10D460000120704710B50B6804689C4209D04068E1
:10D470004968884205D08C4203D0181A18BF012091
:10D4800010BD0020FCE770B50C4D0A44914200D15C
:10D4900070BD066811F8013B83EA060404F00F042E
:10D4A00055F8244084EA161484EA131303F00F039A
:10D4B00055F8233083EA14130360E7E7FC8202087F
:10D4C000028BC08A101A7047C28A018B914288BFB2
:10D4D0000169034683BF885C0132DA824FF0FF3076
:10D4E0007047028BC38A9A4286BF0269D05C4FF0B4
:10D4F000FF307047836841600B44C3607047037D11
:10D5000013B1C068401A70476FF000407047F0B523
:10D51000056802892B8A9A4267D22A6841898B0062
:10D5200052F8211001F00307C1F30724012F84757D
:10D53000C1F385061ED0022F28D0002F32D1C1F3AF
:10D540000363C1F307470A0F4FF0010C42824268A0
:10D55000A0F814C006825ABB8261026204F00E0475
:10D56000082C05BFC2896B68002353F82230436240
:10D570000120F0BD1A44C1F30B4C5268130F46EA68
:10D58000831697B20B0FC2F30B42DFE71A44D2E9BE
:10D5900001374FEA114C190A46EA811192898EB27D
:10D5A0005BB2D3E71A44D2E90137B2F810C0F2E710
:10D5B0003A44826104F0C00123B1D31A8029036286
:10D5C00009D10FE004F03006202EF7D13F2C04D80B
:10D5D00000F114030362C261C0E78029FAD100F1AF
:10D5E000140303621368C361B8E70020C1E703892D
:10D5F000016801330A8A9BB29A4210B5038103D8AD
:10D600000023C0E9023310BD0B68428953F8221091
:10D6100001240B0A01F0030104FA01F10A444281DA
:10D62000828903F03001002908BF01328281C2895A
:10D6300003F00E03082B08BF0132C281E3E710B5E7
:10D640000446FFF7D4FFFFF762FF2089003818BFB8
:10D65000012010BDF8B5038A8B4204460D4601D166
:10D660000120F8BD0668B28A8A4216D38B4288BF71
:10D67000338A078988BF03812046FFF7B8FF628994
:10D68000336853F8223085EA93039B0607D0238939
:10D69000BB42F1D12046FFF73AFF0020E1E7FFF758
:10D6A00036FF238AAB42F2D1A37D03F00F030A2B8E
:10D6B000EDD0D5E70B461146528A082A10B40ED198
:10D6C000CA6962B128B114681CB10432234610BC87
:10D6D000184723B1146814B104321846F6E7012044
:10D6E00010BC704730B5044685B0154672B3A9B971
:10D6F0000268184B9A4211D0102D06D82A46694666
:10D700002046FFF7EFFF05B030BD102269462046E6
:10D71000FFF7E8FF0028F6D0103DEDE7A368AB4225
:10D7200007D2E3680C4A002B08BF1346E3600020D1
:10D73000E9E723682A462046984710B9E368074A74
:10D74000F1E7A368AB4203D20023A3600120DAE72C
:10D750005B1BFAE705E4000835A9020843A90208A3
:10D76000836810B504463BB9C368094A002B08BF5B
:10D770001346E360002010BD03680122984710B9EA
:10D78000E368044AF2E7A368013BA360F3E700BF44
:10D7900035A9020843A902082DE9F3410E460DF10F
:10D7A000070105461446FFF7DBFF074658B9AB688B
:10D7B00023B10027384602B0BDE8F081002CF8D034
:10D7C00001232370F5E79DF907309DF80740002BF2
:10D7D00032DA04F07F044FF007080DF10701284604
:10D7E000FFF7BEFF0028E4D0B8F11F0F9DF8073007
:10D7F00024D9B8F13E0F03F07F0207D8C2B1002C44
:10D800000CDAFF2B0AD108F10708E6E76AB1002C11
:10D8100004DA012B02D1B8F13F0F0DD0EB68114AA9
:10D82000002B08BF1346EB60C3E7B8F13F0FF5D1FB
:10D830001B0608F10708D0D43460BBE7B8F11C0F11
:10D8400009D113F0700F03D003F07802782AE5D1E4
:10D8500044EA0374ECE703F07F0202FA08F214438F
:10D86000E6E700BF4CA902082DE9F3410026074670
:10D870008846354634460DF107013846FFF770FFFC
:10D8800058B13F2C9DF8071010D1012909D9FB6828
:10D89000114A002B08BF1346FB60002002B0BDE810
:10D8A000F08145EAC175C8E90065F7E701F07F023C
:10D8B000A4F12003C4F1200C02FA03F322FA0CFCB9
:10D8C00043EA0C03A2401D430B0646EA020604F19C
:10D8D0000704D0D4E7E700BF4CA9020837B51546C6
:10D8E0001A46002313700C460B702B6001A9FFF73A
:10D8F00053FF28B1019BDA0803F007032A60237065
:10D9000003B030BD13B50446052921D8DFE801F086
:10D91000030F1620201E012201A92046FFF7E2FE78
:10D9200018B19DF90430002BF5DB02B010BD0822C0
:10D930000021204602B0BDE81040D3E6002201A934
:10D94000FFF72AFF0028F0D0019AF1E70422EFE761
:10D95000C368034A002B08BF1346C3600020E4E7F6
:10D960005CA9020873B500220D4601A90446FFF721
:10D9700013FF064660B194E80F0085E80F00019997
:10D980008A4209D2E368074A002B08BF1346E360C6
:10D990000026304602B070BDA960A3685B1AA36080
:10D9A000F7E700BF6EA902088A6838B505460C463D
:10D9B0002AB963686B60E368EB60012038BD002121
:10D9C0002046FFF78FFE0028F3D1F7E710B5034B91
:10D9D000036004460EF0B0FA204610BD44830208EE
:10D9E00010B5034B036004460EF0A6FA204610BDA6
:10D9F0005883020810B5034B036004460EF09CFAEE
:10DA0000204610BD6C83020810B50446FFF7DEFF08
:10DA1000204617F0FDF9204610BD10B50446FFF76B
:10DA2000DFFF204617F0F4F9204610BD10B504467C
:10DA3000FFF7E0FF204617F0EBF9204610BD10B5C8
:10DA4000044617F0E5F9204610BD10B5044617F05E
:10DA5000DFF9204610BDA0F1200010F06BBC13468A
:10DA6000064A10B552685A600C46054AE92104F18D
:10DA70001000FBF771FAE08110BD00BFD40A00204E
:10DA80007883020873B506460C461546CAB19389D9
:10DA9000012B06D1136923B9506900210FF086FDCF
:10DAA00060B96389042B09D1216839B1D4F81C31DC
:10DAB0000093D5E9012330460DF02DFD002002B082
:10DAC00070BD4FF0FF312046F8F7C0F9034600283B
:10DAD000F4D12268D4F81C1100911146EBE710B57F
:10DAE000074B044640F8503BFFF784FF04F1340035
:10DAF000FFF780FF20460EF0FDF9204610BD00BF65
:10DB00009883020810B50446FFF7E9FF204617F096
:10DB10007FF9204610BD0C4B10B503603C33044622
:10DB20000362C06E08B117F073F904F15000FFF7FB
:10DB300057FF04F120000EF0DDF9044B236020466E
:10DB4000F9F70EFE204610BDC083020824840208A7
:10DB5000A0F12000DFE710B50446FFF7DCFF204608
:10DB600017F056F9204610BDA0F12000F3E710B5DC
:10DB7000034B03600446F9F7F3FD204610BD00BFD8
:10DB80005C84020810B50446FFF7F1FF204617F049
:10DB90003FF9204610BD38B50B4D05F5CC73036039
:10DBA00005F5E673044603635030FFF70FFF204688
:10DBB00005F5017540F8305FF9F7D2FD20460EF00B
:10DBC00099F9204638BD00BFFC820208A0F1300060
:10DBD000E1E710B50446FFF7DEFF204617F018F91D
:10DBE000204610BDA0F13000F3E770B50546084BA4
:10DBF0000360044655F8180FA84204D12046F9F7EF
:10DC0000AFFD204670BD066817F002F93046F3E715
:10DC10003885020810B50446FFF7E7FF204617F0E5
:10DC2000F7F8204610BD70B50546084B0360044662
:10DC300055F8180FA84204D12046F9F791FD204667
:10DC400070BD066817F0E4F83046F3E7688502080F
:10DC500010B50446FFF7E7FF204617F0D9F8204635
:10DC600010BD30B54B89042BADB005460C4618D11C
:10DC70008A89838A9A4214D1B0220021684616F01C
:10DC800076F8AA69E1896B4604F11000FBF7EAFF18
:10DC900048B16A462B6821469B6A284698472DB0B2
:10DCA00030BD0022F6E70120F9E730B54B89042B9F
:10DCB000ADB005460C4616D18A89838A9A4212D1A4
:10DCC000B0220021684616F052F8AA69E1896B4635
:10DCD00004F11000FBF7C6FF28B12B686A46DB6A27
:10DCE0002146284698472DB030BD30B54B89042BCE
:10DCF0009DB005460C4618D18A89838A9A4214D170
:10DD00006A22002101A816F032F8AA69E18901AB64
:10DD100004F11000FBF7A6FF48B101AA2B682146C9
:10DD20009B6A284698471DB030BD0022F6E70120C7
:10DD3000F9E730B54B89042B9DB005460C4616D14A
:10DD40008A89838A9A4212D16A22002101A816F098
:10DD50000EF8AA69E18901AB04F11000FBF782FF1C
:10DD600028B12B6801AADB6A2146284698471DB0D6
:10DD700030BD30B54B89042B99B005460C4618D1FF
:10DD80008A89838A9A4214D160220021684615F05C
:10DD9000EEFFAA69E1896B4604F11000FBF762FF10
:10DDA00048B16A462B6821469B6A2846984719B0B5
:10DDB00030BD0022F6E70120F9E730B54B89042B8E
:10DDC00099B005460C4616D18A89838A9A4212D1A7
:10DDD00060220021684615F0CAFFAA69E1896B46F6
:10DDE00004F11000FBF73EFF28B12B686A46DB6A9E
:10DDF00021462846984719B030BD30B54B89042BD1
:10DE0000C5B005460C4619D18A89838A9A4215D134
:10DE10004FF488720021684615F0A9FFAA69E189CC
:10DE20006B4604F11000FBF71DFF48B16A462B68F2
:10DE300021469B6A2846984745B030BD0022F6E748
:10DE40000120F9E730B50D46C5B004464FF488729D
:10DE50000021684615F08BFFA269E9896B4605F140
:10DE60001000FBF7FFFE28B123686A46DB6A2946EB
:10DE70002046984745B030BD10B44C89042C05D1DC
:10DE80008C89838A9C4201D110BCDBE710BC7047AF
:10DE900030B54B89042B99B005460C4618D18A89B8
:10DEA000838A9A4214D15C22002101A815F05FFFF9
:10DEB000AA69E18901AB04F11000FBF7D3FE48B178
:10DEC00001AA2B6821469B6A2846984719B030BDA5
:10DED0000022F6E70120F9E730B54B89042B99B011
:10DEE00005460C4616D18A89838A9A4212D15C2251
:10DEF000002101A815F03BFFAA69E18901AB04F1FB
:10DF00001000FBF7AFFE28B12B6801AADB6A21469F
:10DF10002846984719B030BD002110B50446C1828B
:10DF20000183006910B1A28A15F021FFE069002188
:10DF3000618420B1228CBDE8104015F018BF10BDDF
:10DF400070B504460E46154600212022083015F013
:10DF50000EFFC4E900652046BDE87040FFF7D7BA60
:10DF600038B50B680C4699680B681B681B0A03F0F0
:10DF7000C003802B054614BF6268221D0C34FFF7D6
:10DF8000DFFF2C6238BD00B50A468BB059B101469F
:10DF90006846FFF7D5FF30B1684600F007F86846DD
:10DFA000FFF74DFBF7E70BB05DF804FB2DE9F041FF
:10DFB000857D05F03007302F8AB0044604D1036A0E
:10DFC0001A88038A9A426ED105F00F030A2B05F0D6
:10DFD000C00820D1E3691E689EB9B8F1800F62D1F4
:10DFE00005F03E05262D4CD0202F02D1236A0022B9
:10DFF0001A80A369186816F00BFFA36900221A6043
:10E0000051E031466846FFF7ABFF10B16846FFF7B5
:10E01000CDFFB668E0E705F00E03082BDDD1B8F1BF
:10E02000400F40D0B8F1800FA36914D11B68E361A1
:10E03000202F20D1226A1688002BD1D0002ECCD0E0
:10E04000E169606AFFF79FFFE369628A013E13445A
:10E05000E361B6B2F2E7202FE36102D01BB30126E1
:10E06000ECE7226A3F2D16881BD8A28ADBB19642C4
:10E0700028BF1646E2E7002BF1D105F03E05262D1C
:10E08000B7D1A3691D68236A1E884FF0000805EB0D
:10E090008606B542A8D0286816F0BAFE45F8048B6B
:10E0A000F7E7002BCAD10AB0BDE8F08100B5837D47
:10E0B0003F2B8BB0014649D813F030000ED02028FA
:10E0C00002D10B6A188806E03028FAD0102808D14F
:10E0D0000A6A32B11078B0FA80F040090BB05DF8EE
:10E0E00004FB0A68906870B903F00F02052A0CD887
:10E0F000CB694A8A1A44934201D10120EEE713F812
:10E10000011B0029F7D00020E8E7062A01D1CB69DE
:10E11000D8E7072A02D1CB691878DCE70B2A01D1AE
:10E12000488AD8E703F00E03082BD7D1CA69496A99
:10E130006846FFF705FF0028DFD06846FFF7B6FF07
:10E140000028CBD06846FFF77AFAF4E703F0C00264
:10E15000802A01D1C069BEE7402AD4D103F00F0361
:10E160000A2B02D1CB691868B5E70368024AD86860
:10E170009042B0D1F6E700BFB5D600088B7D03F022
:10E180000E03062B02D1002303607047082B03D136
:10E190004A8A002115F0EBBD704730B5184B1C685A
:10E1A000F1B005466068F7F708FC58B194F82021F3
:10E1B00094F82A319A4205D20123EB7200242046BA
:10E1C00071B030BD21464FF4B07218A815F07AFE38
:10E1D0005C22002101A815F0CAFD0A4ABDF86E10A4
:10E1E00001AB1CA8FBF73EFD2846FCF7C3FEAA695D
:10E1F000044601ABE9211030FAF7AEFEE081DEE71C
:10E200001C4C00209085020838B508460C4615467F
:10E21000F7F7FBF9074A03461021284617F0A8FB39
:10E22000054A2B46E92104F11000FAF795FEE0813A
:10E2300038BD00BF9DA20208BC6E0208F8B58C680C
:10E24000064617460D1D012384B9E3B1CB68AB42E6
:10E2500008D0284613F031FA02693B689A4224BF7D
:10E2600000250446C6E900453046F8BD23693D68EF
:10E27000D4E902029D4238BF012325462ABF00236C
:10E2800004461446E0E72846E6E738B50B4D05F5A9
:10E290002D73036005F53C7304460362406E0DF078
:10E2A0002DF905F5467504F120000DF023FE2560DB
:10E2B0002046F9F755FA204638BD00BFFC82020817
:10E2C000A0F12000E1E710B50446FFF7DEFF20468D
:10E2D00016F09EFD204610BDA0F12000F3E7D0F817
:10E2E000EC3070B5044604EB8302D1F8140150629F
:10E2F0001B4D32220133B3FBF2F002FB1033C4F8A2
:10E30000EC304FF4B07205F509700E4615F0DAFDE9
:10E31000012385F82032134B93F8F83083B9124B60
:10E320001B796BB9114B1B683BB193F85020012A44
:10E3300003D193F85830092B02D905200BF0DEFDEC
:10E3400054F8185FA54201D1002070BDA868036889
:10E3500031469B6898470028F6D12D68F2E700BF48
:10E36000D40A0020443F0020F0040020501E00206A
:10E3700010B5074C4FF4B07204F5637015F0A2FDB0
:10E380000123052084F88A330BF0B8FD002010BD6E
:10E39000D40A002013B5084611461A469DF81430D9
:10E3A00000939DF810309DF818400BF0ADFC054B24
:10E3B00080F8214101461868012202B0BDE81040F2
:10E3C000FCF77EBDA41E002038B518461546049AF9
:10E3D0008BB182B1094B0A4CD3F8E03504EA8324AF
:10E3E00004F1FF6404F5F2242C4404EBC12115F080
:10E3F00069FD002038BD6FF01500FBE70070FF1FBE
:10E4000000FCFF0303460846596810B58C185C6091
:10E4100008B115F057FD012010BD10B50346406846
:10E4200084185C6015F04EFD012010BDA0F52A6037
:10E430000FF0B4BF10B504460BF038FCB4F87230DE
:10E44000838110BDF8B5274F97F8DC3004460D46A0
:10E45000BBB197F8F060022E13D00846F7F7A0F989
:10E4600088B197F8DD3063B1D5F8143162699A420A
:10E4700007D063611C4B1D49186805F110020AF0B2
:10E4800041F80020F8BD012E08D8174BEA8918681A
:10E49000036805F110015B689847F2E7032EF0D19D
:10E4A000134B1C68236828461E68F7F7AEF8014630
:10E4B0002046B047A0B1037993B100F134040A4E6D
:10E4C0000C49306809F0D2FF0B49306805F11003A0
:10E4D00022460AF017F80749306809F0C7FFD0E76D
:10E4E000064CECE7443F0020FC000020A0A90208F5
:10E4F000841E002038AE02089CA9020898A90208D0
:10E5000010B5034B036004460DF02DFC204610BDF2
:10E510001C87020810B50446FFF7F2FF204616F0EC
:10E5200077FC204610BD0A4B10B503F58A6203F54F
:10E53000926304460260C0F8A03A00F52A600DF02C
:10E54000D9FC044B236020460DF029FE204610BD67
:10E55000FC820208205E0208A0F52A60E3E710B5FD
:10E560000446FFF7E0FF204616F052FC204610BD9F
:10E57000A0F52A60F3E710B54FF47A73036390F8BF
:10E580007D30012B044622D190F86C3083F00103DA
:10E5900084F86C303B4991F8EC31002B54D03A4B65
:10E5A0001A68236F03F5EA43303393424CD394F84F
:10E5B0007C30002B48D194F87E30002B48D0012BC2
:10E5C0000ABF94F86D30012383F001033DE0022B74
:10E5D00001D10123DCE7032B90F87C1031D12A4ACA
:10E5E000A36F106803F5EA43303383421CD221B98C
:10E5F000012384F87C301368A36794F86C301268A8
:10E6000083F0010384F86C30FA232363A36F03F5CE
:10E61000FA630021934284F86D10BBD284F87C1019
:10E62000012384F86C300AE00029E6D194F86C30BC
:10E63000002BF5D0002384F86C3040F2E7332363DD
:10E64000A8E70029A6D1F1E7002384F86D300AE09D
:10E6500094F82D20A2B194F86D2082F0010284F884
:10E660006D2084F82D3091F85C3013B1002384F8CC
:10E670006C3094F86C10C8200AF0A0F8206B10BD24
:10E680000123EEE7F0040020E8040020A0F13000B0
:10E690000FF0D0BF70B54FF4887204468AB00D46B3
:10E6A000002115F064FB06232C22002104F1140044
:10E6B000A38015F05CFB0020F6F7FAFBD5E91E23DA
:10E6C0004FF47A71B3FBF1F31D49206001FB023373
:10E6D000A3601C4B1E683046F6F7DAFAE06030465D
:10E6E000F6F73EFBB5F84C302384174B20611B68CE
:10E6F0009B8B6384154B1B686BB1D3F83822626126
:10E70000D3E98C120A44C4E90621D3F83C22B3F8B9
:10E710004032A2622387684614F060FD009B2363A9
:10E72000684614F05BFD089B6363094B1B681BB1D3
:10E73000DA6E1B6F6262E36220460AB070BD00BFF2
:10E74000378941001C1D0020841E0020FC41002050
:10E75000A41E00202DE9F74F354F364C1E46D7F842
:10E76000E03504EA832404F1FF640C9B04F5F224F1
:10E77000144404EBC1244FEAD308F3F71CFF054609
:10E7800058B9DFF8B49004EBC80844450AD1F3F750
:10E7900025FF284310F0FF0001D06FF0040003B004
:10E7A000BDE8F08FD7F8E025224B03EA822303F17E
:10E7B000FF6202F5F222A24204D803F10063013B9A
:10E7C000A34204D2F3F70AFF6FF01500E7E799F8C8
:10E7D0001432012B2AD001233268D6F804B089F80C
:10E7E000143200230192C9F818320BF065FF054678
:10E7F000B0B9DFF848A0019ADAF8143043F0010309
:10E80000CAF814302260BFF36F8FC4F804B00BF065
:10E8100053FFDAF8143023F001030546CAF8143028
:10E82000002389F8143208340836AEE70225FAE7E7
:10E830000070FF1F00FCFF03484C00200040005800
:10E84000F8B5284BD3F8E025274B03EA822303EBE6
:10E85000C12404F1FF6203F1FF6102F5F22201F528
:10E86000F22191423BD803F10063013B934236D33E
:10E870001E4EF3F7A0FE96F81432012B04D1F3F7E5
:10E88000ADFE6FF00400F8BD0025C6F818520BF07D
:10E8900013FF0746D0B9164D6B69A4F5E044E40AAE
:10E8A00023F47E7343EAC40343F4803343F002034A
:10E8B0006B610BF001FF6B690E4A13406B612B68B3
:10E8C0002B68044628B186F81472D8E786F81452EB
:10E8D000D5E786F81402F3F781FE2046D3E76FF000
:10E8E0001500D0E70070FF1F00FCFF03484C00201C
:10E8F0000040005805FCFFFFF7B50C4609684B1CAB
:10E90000054616460DD0006883690093D4E90123BB
:10E910008768B84730B92B6836B9286821460CF0AB
:10E9200058FC002003B0F0BD9B690193A3680093DD
:10E93000D4E90023314628460BF049FC0028F1DBDE
:10E94000EBD16FF03300EDE72DE9F74FDDE90C482F
:10E950000E9E81460F4693469A4686BB304603B0CC
:10E96000BDE8F08FB4FBF2F302FB13431BBB9642EE
:10E9700021D3B6FBF2F502FB1565761B0096836882
:10E9800022469C4651464346E0470028E7D1BBF16A
:10E99000000F02D1B04434443AE0CDE9008623466A
:10E9A0005246594648460BF012FC0028D7DBF1D1FD
:10E9B0006FF03300D3E7E31AC7F800A07B603B6831
:10E9C000D9F8000053458269CCD17B68A342C9D8ED
:10E9D0009D18A542C6D92D1BE01AB542BB6828BFB9
:10E9E00035462A461844414615F06CFAD9F80030ED
:10E9F0009A692C44B4FBF2F302FB134333B95A4631
:10EA000039464846FFF778FF0028A8D1A844751B6F
:10EA10002E46A2E7F8B5054690F824000F461646A4
:10EA200010B36B8C9818B0F5806F31D82B8C98424E
:10EA300017D9202838BF202004460146E86917F07E
:10EA400037F868B1E8612C846B8CE8693246184469
:10EA5000394615F037FA6B8C33446B84304602E04C
:10EA6000FEE70028F0D1F8BD92B2202AFBD883B28D
:10EA70009A4295F8BC3004D83344DBB285F8BC30F8
:10EA8000ECE703442B44395C83F89C100130EEE73B
:10EA90000020E8E770B590F8243004460E4663B9CC
:10EAA00090F8BC30034483F89C1090F8BC300133DC
:10EAB000DBB280F8BC30012070BD438C591CB1F52D
:10EAC000806F14DC238CC069994208D9202938BF93
:10EAD00020210D4616F0ECFF40B1E0612584638CE7
:10EAE000E269D654638C01336384E4E7FEE70020D7
:10EAF000E2E770B504460D4608683AB9E3680E4A85
:10EB0000002B08BF1346E360002070BD42EA0301FA
:10EB1000B1F5803F05D3A3FB026111B1E368074A59
:10EB2000EEE703FB02F116F0C3FF10B9E368044AF5
:10EB3000E6E728600120E8E7A3A90208B0A90208D7
:10EB4000BFA902082DE9F043937D03F03003302B79
:10EB50008FB005460E46144628D19446BCE80F00F7
:10EB600004AF0FC7BCE80F000FC79CE8030087E89D
:10EB70000300236A1988238AC1B1994216D004A8D8
:10EB8000FEF768FD30B9EB688E4A002B08BF1346CC
:10EB9000EB6064E004A8FFF709FAA37D03F0C0036B
:10EBA000802B01BFA26900231360E361A27D02F004
:10EBB000C001402900F02681802977D041B902F0B8
:10EBC0003003202B38D006D8002B2ED0102B28D085
:10EBD000EB687D4AD9E7302BFAD102F00E02082A01
:10EBE000238A206A5ED102889A425BD0628AE069F9
:10EBF00015F0BDF8616A8B682BB9CB681BB94B68FF
:10EC00001B68002B4ED0E26904A8FFF799F9002891
:10EC100048D004A800F064F9002843D1EB686B4A9F
:10EC2000B3E7236A0BB101221A7022463146284607
:10EC30000FB0BDE8F04315E3276A608A3988A369FD
:10EC4000022E01FB0033E36126D102F00F02052AF8
:10EC500022D804A92846FEF785FE064670B900268C
:10EC600074E02246FF2104A800F0FCFA90B13B8832
:10EC700001333B80628AE3691344E361069B1BB165
:10EC80003A88A38A9A42ECD3069B002B58D0EB68B3
:10EC90004F4A7AE70646F7E74B1C3B80A38A8B4234
:10ECA000F5D9C2E7236A228A1A80BEE702F0300350
:10ECB000202B29D001D9302B8AD102F00E02082A4C
:10ECC00005D1A3691B6813B12046FFF76FF9A37D37
:10ECD00003F03002302A02BF226A218A118003F039
:10ECE0000E03062BA16901D1E1619EE7628A01232F
:10ECF0002846FFF7FEFE0028B1D0A3691868E0613E
:10ED00002146FFF73BFA90E7D4F82080022EB8F8AE
:10ED100000704FD102F00F02052A4BD804A92846F3
:10ED2000FEF720FE0646002899D04FF6FF79069B95
:10ED300033B1B8F8001049450CD1264BEB600026E2
:10ED400004A92846FEF730FE002888D030460FB0D0
:10ED5000BDE8F083013189B2B942628A10D9A9EBCA
:10ED60000701013BB3FBF2F301338B4234BFFF18C1
:10ED70000137A1693B4604A8FFF7BBFE0028DED09F
:10ED8000A169B8F800200868638A02FB0300E0610B
:10ED90000028D4D02146FFF7F1F92246FF2104A82C
:10EDA00000F060FA0028CAD0B8F800300133A8F8A3
:10EDB0000030BCE74FF6FF739F420DD1EB68054A68
:10EDC000E3E600BFCEA9020806AA0208EFA90208DE
:10EDD000E0A9020819AA02080137628AA169BBB238
:10EDE0002846FFF786FE00283FF439AFA169B8F83E
:10EDF00000300868628A03FB02000133E061A8F872
:10EE000000307DE72368DB6833B9314628460FB010
:10EE1000BDE8F043FEF776BD022E1FD104A92846B7
:10EE2000FEF7A0FD00283FF41AAF2368069EDB68BA
:10EE30002246002104A8984730B9EB68002B7FF4E4
:10EE4000A7AE079B224AA0E6069B0BB19E42ECD8D8
:10EE500004A92846FEF7A8FD064677E7012E22D032
:10EE6000052E29D086BB01AF01360B2E02D1EB68EF
:10EE7000184A8AE6012239462846FEF733FC002864
:10EE80003FF4EDAE17F9013B002BEDDB124B049381
:10EE900001ABCDE9053623680021DB6807912246E6
:10EEA00004A89847D8E7082201A92846FEF71AFCCB
:10EEB00008260028EAD1D2E604220DEB02012846FA
:10EEC000FEF710FC0426F4E7EB68044A5DE600BF99
:10EED00030AA02084CA9020805E400085CA902084F
:10EEE00070B590B004461022002102A814F03FFF34
:10EEF000002301938DF8033023689B6843BB0025F2
:10EF0000A37D03F00F020A2A42D1E3691E68002E96
:10EF100031D1019BABB1228A934212D19DF80310EB
:10EF2000224602A8FFF70EFE10B30DF1020301AA5C
:10EF30000DF1030102A8FEF7D1FCC8B1236A03B1A9
:10EF40001D702046FEF77BFB0028D9D1012010E080
:10EF50002A4ACDE902234FF0FF33049301AA0DF1B1
:10EF600002030DF1030102A8FEF7B8FC0028C6D188
:10EF7000002010B070BD314606A8FEF7F1FF28B1A1
:10EF8000357306A8FFF7ACFF0028F1D0B668BEE7DE
:10EF90003F2B29D803F03002102A1AD1226A02B17D
:10EFA000157003F00E03082B18D1616A8B6823B922
:10EFB000CB6813B94B681B6883B1E26906A8FEF7FA
:10EFC000BFFF0028A5D006A8FFF78AFF0028A0D120
:10EFD000CEE79A06E5D5236A1D809AE7628AE06942
:10EFE000002114F0C4FE94E703F0C002802A90D1FF
:10EFF000A2699B0615608CD5EDE700BF05E400080B
:10F000002DE9F04F9BB004461D4606A80023CDE92C
:10F010000433ADF80A30FEF793FF90BB00274FF69C
:10F02000FF7AB946B846A368002B38D14FF6FF7374
:10F030009A4504D0BDF80A30BB4240F0D780069B09
:10F040005B8AE3B1402B28BF4023590904A8002262
:10F0500095B2A94200F2F18003F01F02DB060ED048
:10F060001AAB03EB8101C2F12003DBB24FF0FF3298
:10F0700022FA03F351F8582C9A4240F0E58001201F
:10F080001AE0002DCAD106A8FFF72AFF0028C5D133
:10F09000E3686F4A002B08BF1346E3600BE002AB46
:10F0A00003AA0DF109012046FEF718FC38B99DF8B6
:10F0B0000830002BBAD100201BB0BDE8F08F039EB2
:10F0C00016B9E368634AE5E7314606A8FEF7C2FAD7
:10F0D00088B19DF82E3003F00F020A2A72D1B8F1E0
:10F0E000000F2BD10D9BD3F80090B9F1000F21D068
:10F0F000BDF8288022E0B8F1000F1FD19DF82E3016
:10F1000003F00F030A2BEDD0BDF8205006A8FEF740
:10F110006EFA069BBDF822201B6853F82230C3F319
:10F1200003230A2B24D1FEF7F2F90028DAD1B9F132
:10F13000000F05D14FF000094FF0FF38464538D396
:10F140009DF80930D4F808B001934D46A3686DB31B
:10F150009B457FF468AF2B681B689C467BB1019B85
:10F16000324629462046E0470028A4D0AD68EDE7A6
:10F17000BDF82030AB42C9D1FEF7C9F9D7E729461F
:10F1800010A8FEF7EDFE10B9E368334A82E7BDF838
:10F1900050309E42EAD1119B002BE7D00123019908
:10F1A0002B7310AA2046FFF7CDFCDDE79B457FF4CB
:10F1B0003AAF9DF809102046FEF7A4FB00287FF423
:10F1C00032AF78E703F03003202B22D10E9A0BAB3D
:10F1D0009A4217D1BDF82030534510D04FF6FF7238
:10F1E000924506D0BDF80A20BA4202D0E3681B4A15
:10F1F00050E70022BDF82C70ADF80A209A460DF1B8
:10F200000A030E939DF8091006AA2046FFF79AFC00
:10F21000D4E7002BF6D1BDF824303F2BF2D85909A2
:10F220001AAA02EB810103F01F020123934051F857
:10F23000582C134341F8583CE4E750F8045B01357F
:10F2400002F101023FF404AFE368054A22E700BF80
:10F25000EFA9020840AA020849AA02085BAA02080C
:10F260007CAA0208F0B5937D03F00F0385B0044635
:10F2700015460B2B00F28E81DFE813F00C00260000
:10F28000260026009800AA00BE00F20022012201FA
:10F290008C016E010139C9B2FD2906D8E368974A8D
:10F2A000002B08BF1346E3605FE000226946ED696A
:10F2B000FEF772FA064620B1009B003B18BF0123FF
:10F2C0002B70304605B0F0BD0139C9B2FD29E5D932
:10F2D000022B69462ED1FEF7C7FA0646002844D015
:10F2E0006B8A082B05D1DDE90001EB69C3E9000158
:10F2F000E7E7042B0CD1EA69009B1360DDE900010C
:10F300000022914208BF9842DBD0E3687C4AC7E7FD
:10F31000022B04D1009BEA6913809BB2EEE7012B1C
:10F3200005D1009BEA69137003F0FF03E6E7E36889
:10F33000744AB5E7032B15D1FEF796FAA8B1DDE9BB
:10F3400000124B08C90743EAC2734FEA520201D5C3
:10F35000DB43D243698A082910D1E969C1E9003247
:10F360000126AEE7FEF780FA08B90026A9E7DDE935
:10F370000032698A082918BFDA17EBE7042908D197
:10F38000E969D8170B601946904208BF9942BCD171
:10F39000E6E7022904D1E86919B20180C817F3E74A
:10F3A0000129C4D1E86959B20170F7E7052902D0F3
:10F3B000FF297FF473AF042269462046ED69FEF70A
:10F3C00091F9064600283FF47CAF009B2B6078E75C
:10F3D000012902D0FF297FF461AF08226946204647
:10F3E000ED69FEF77FF9064600283FF46AAFDDE9D4
:10F3F0000023C5E9002364E702297FF44FAF002210
:10F400006946FEF7C9F90028AFD0009EB6F5803FE7
:10F4100002D3E3683C4A43E7AB7D03F0C003802B93
:10F4200006F1020217D1A3689E4202D9E368374A67
:10F4300036E7E96901232046FFF75BFB002894D0FB
:10F44000EB69196821F8026B3246204605B0BDE829
:10F45000F040FEF747B96B8A9A42DAD8E969F1E7DA
:10F4600002297FF41BAF00226946EF69FEF794F989
:10F4700000283FF47AAF009E731C02D1E368244A4F
:10F480000EE7AB7D03F0C003802B06F1010211D122
:10F49000A3689E42CAD8E96901232046FFF729FBE9
:10F4A00000283FF462AFEB691F680023BB5532466A
:10F4B0003946CAE76B8A9A42F7D9E368154AEFE6FC
:10F4C00002297FF4EBAE6946FEF74CFA00283FF4C0
:10F4D0004CAF6B6A13B9E3680F4AE1E6AB7D03F00A
:10F4E0000F03092B1AD0AB7D3F2B2FD90023EA69DC
:10F4F000696A6846FFF784FD06461FE093AA020882
:10F50000B5AA0208A3AA0208C7AA020835A90208D8
:10F51000B0A90208D6AA0208E6AA02082A6A002AA6
:10F52000E1D052F8083C002BDDD0043A2946684669
:10F530009847029B06460BB10028D4D16946204665
:10F54000FEF732FA00287FF4BCAE0EE703F030037A
:10F55000203B18BF0123CAE702297FF49FAE002297
:10F560006946FEF719F9064600283FF4FEAE0099F9
:10F57000B1F5803FBFF44DAF6A8A19B9E86914F05C
:10F58000F6FB9EE6914202D0E368044A88E60A460A
:10F59000E9695AE7C368024A82E600BFFFAA020887
:10F5A00006AA0208036910B5044603B1984720462D
:10F5B000BDE81040F5F74EBC03692DE9F041044663
:10F5C00003B19847104BD3F8008004F1240504F1EF
:10F5D000C4070026D4F8C830B3420FDD55F8040F35
:10F5E00050B1036841465B689847002803DC2868EF
:10F5F00003689B6898470136AF42EBD12046BDE8CF
:10F60000F041F5F727BC00BFE804002037B50446F9
:10F610000D4601A80191F9F707FB211D284612F0BC
:10F62000B2F815F0F5FB63690198013B636103B023
:10F6300030BD2DE9F341214D2B680646002B3AD011
:10F640005B68002B37D0D3E90034E41A1C4BA410BC
:10F650005C43836E019300F15C0800F16007019B3D
:10F66000BB420BD1336F9C4225D2B56E0195AF42A0
:10F670001AD129464046FFF7C9FFF3E72868196900
:10F6800002681268904728B901994046FFF7BEFF0B
:10F690000190E4E701A8F9F7C7FAE0E7019B6A697E
:10F6A0005969914238BF1D4601A8F9F7BDFA0368B0
:10F6B0009F42F3D1DDE702B0BDE8F081841E002057
:10F6C000CF467D672DE9F04F0D46DFF800A20023FD
:10F6D000114680F859302A68DAF804309A42A1B00D
:10F6E000044600F0C3806A2205A814F0EBFB95F8ED
:10F6F000FA300093002B00F081802846F6F750F88E
:10F7000000287BD12846F5F780FFD5F8187181468F
:10F710001FB93846F5F7CCFB0746626E04F1600866
:10F7200046461346ABBBB0450DD0336999450AD365
:10F730007369BB4204D8FB1A4AF6BF00834202D861
:10F74000012384F85930C3466ABBD84503D0DBF89F
:10F75000102091454DD204F15C031820019315F05F
:10F760004FFB0022D84542610646C0F8109000F1D8
:10F77000100221D1236F23B1E06E0369994500F295
:10F780009B8003A804F15C01FEF758FDDDE903B09E
:10F790008EE0D3F810C0D3E90201E14596BF1E46C2
:10F7A0000B460346BEE71069D2E90236814596BF93
:10F7B000934632461A46C7E7DBF8100001928145AE
:10F7C00058D2A06E83450AD0584611F076FF0369DF
:10F7D000019A9945D5D9C268002A6DD0584643464A
:10F7E00002463146009811F06AFF236F0133236708
:10F7F000B346CBF814702046FFF71BFF9DF8582046
:10F800009AF896309A425FD12846F5F7FEFE304AC4
:10F810000346102105A816F0ABF82E4B28461E68AB
:10F82000F5F7F3FE2B7A014605AA3046F6F773FD8D
:10F83000C8B16E683046F6F7C0F8A0B9DAF80430FF
:10F840009E4210D0294624480AF0C5FA05AB054669
:10F85000E921224A1030F9F77FFB214BE881294644
:10F860001868F5F762FE2046FFF7E3FE002021B09E
:10F87000BDE8F08F23D9E06ECDF808B083451BD0EA
:10F8800002A8F9F7D1F90068019A00698145BFF42F
:10F8900078AFDBF80C2042B95846036932699A42C6
:10F8A0002CBF00230123009399E7DDF808B05846E8
:10F8B00028B1BBF1000F92D18045EED18FE73046E1
:10F8C00015F0A6FA5E4693E70120D0E7D40A00209F
:10F8D0009DA20208841E0020581E0020BC6E020853
:10F8E000A01E002038B50C4605460CF0E1FA291D93
:10F8F000846011F022FEEB680133EB600CF0D8FA63
:10F900002146856011F019FEA3680133A36038BD5C
:10F910002DE9F047D0E901539D4207460E4606D037
:10F920000FC985E80F0010357D60BDE8F087D0F87D
:10F9300000A06FF07843A5EB0A09B3EB291F4FEA4B
:10F94000291402D1194812F0CEF8554514BF2246A9
:10F950000122A41825D234B39C4228BF1C462001A2
:10F9600015F04EFA804696E80F0008EB090C8CE87B
:10F970000F002946424650460AF04AFB294600F14C
:10F98000100228460AF044FB0546BAF1000F02D0E7
:10F99000504615F03DFA08EB0414C7E90085BC6039
:10F9A000C3E71C46DBE7A046DDE700BF3AA202083A
:10F9B00038B505460C4601F110006968814202D055
:10F9C0002246F5F73CF96B68103B6B60204638BD6A
:10F9D0002DE9F041DFF89080244AD8F80460244BE8
:10F9E000C1E900661279D3F8EC31022A4AF6C00266
:10F9F00018BF4FF46162002B08BF134605468B60A9
:10FA000000200C46F5F754FAD8F804802B6F07460F
:10FA1000EA6E934205D12D6FA0899D4216D1BDE8B3
:10FA2000F08153F8082C53F8040CBA1AB2EB400FCB
:10FA3000A3F1100108D953F8103C984504D005F102
:10FA40006C00FFF7B5FF01460B46E1E7092809D82E
:10FA50001968B14206D004EB00125F6857610130AB
:10FA60001161A0811033D7E7D40A0020F0040020F0
:10FA7000443F002070B5826F124EACB0044652B1C4
:10FA800033689B1A104A934205D80123C37200259C
:10FA900028462CB070BDB0220021684614F067F9EA
:10FAA00069462046FFF794FF2046FBF763FA6B4652
:10FAB0000546A269E9211030F9F74EFA3368E8816A
:10FAC000A367E5E7E80400201FBF02002DE9F0412D
:10FAD0001546026D9DF81870044688461E462AB1E8
:10FAE000164B5968164B1868F8F7F9FF236884F825
:10FAF00058709B69204698470146E8B1114BC0F801
:10FB000004801B79053B012B98BF0025002F0CBFFB
:10FB10000A23402380F8FA5080F8223106B1067299
:10FB2000D1F814310848236500231A460068F6F717
:10FB300005FD002384F85830BDE8F081D40A002088
:10FB4000A41E0020F0040020A01E0020A0F1200030
:10FB50000EF084BD2DE9F7438B684D8923F47F4374
:10FB6000B3F5A02F0C46164621D14868F5F725FFBE
:10FB7000E8B9052D40F08A804E4B1B7C023B012BDF
:10FB800000F284804C4D2168286803681B68984700
:10FB9000C0B92868616803681B68984770B1286815
:10FBA000616803681B68984703793BB112E0052D33
:10FBB0006CD1404B1B7C023B012B67D8002003B06B
:10FBC000BDE8F0832868216803681B6898470379BB
:10FBD000002BDED0394B1868036832461B6B214678
:10FBE000984765682846F5F7E8FE18B9344B5B6816
:10FBF0009D42E3D12368002BE0D0324B2E4DD3F849
:10FC000000802C4E04200AF079F928682146F6F786
:10FC10005BFC638996F80490042B2ED1A389432BB7
:10FC200002D1D4F8043143BB2868216803681B68FB
:10FC3000984703790BBB244F3B68F3B1B9F1020F2E
:10FC40001BD02B68988B0BF0E4FC0546A8B91F4B22
:10FC500001211868F5F79CF878B1D6F8BC61204608
:10FC600071B2F6F7F3F80236B04206DC0095237A5B
:10FC7000216838680122FFF729FF214614480AF05D
:10FC8000AAF801464046F5F750FC97E70C4B93F86D
:10FC90009630002B9ED0084B2168186803681B68BB
:10FCA0009847002896D00379002B93D090F83A30EB
:10FCB0007BE700BFF0040020841E0020A41E00206B
:10FCC000D40A0020A01E0020144C00201C1D00207F
:10FCD000581E0020F8B54FF4887204460D460021E6
:10FCE00014F045F802230020A380F5F7E1F823463D
:10FCF000242243F8080B0021184614F038F8012399
:10FD000084F8203023722376237484F82830174B2C
:10FD10001F683846F5F724F8154B60621E6896F8A0
:10FD20005030012B20D196F85A30012B1CD096F878
:10FD30005830E3603846F4F7ABFFE061706D0DF0CA
:10FD4000CDF80C4B00220DF05DFA0DF01FFDD5E94A
:10FD50001E234FF47A71B3FBF1F30749606101FB95
:10FD60000233E3622046F8BD6523E2E71C1D002054
:10FD7000501E002000408F403789410070B50E466C
:10FD80000546FBF7F7F8AA6904463346E921103027
:10FD9000F9F7E2F8E081204670BDA0F130000EF0E6
:10FDA00089BC10B5C4B0044601466846FEF772FC33
:10FDB000694604F13000FFF7E1FF4FF0FF33436085
:10FDC000002380F8FA300A2380F82231034B0146E1
:10FDD000186844B0BDE81040F5F7A7BBA01E00208E
:10FDE000F8B53C4B3C4F1D68C36FC567AB4282BF43
:10FDF000836F013383670446384BD7F830021E798E
:10FE000000BB06F0FB03022B5CD00021344B1D68C5
:10FE100081F001012846F4F7BBFF98B32846F4F7B8
:10FE2000CCFF78B3082E2DD02E4B93F861314BB315
:10FE3000002120460CF058F9D7F83002002843D1B1
:10FE4000E06EF8BD48F20101F8F7B2FE062E30D0A0
:10FE5000022E09D00028D8D0224BD3F840212D1AE9
:10FE600000214FF4616007E060B31E4BD3F84021DE
:10FE70002D1A01214AF6C0004FF47A7302B353439E
:10FE80009D42C3D2184B1B68D3F88C30002BD7D1BE
:10FE9000012120460CF028F9626F22B1E36F9B1A12
:10FEA000226F9342CCD32046FFF77BFFE36F63675B
:10FEB000C6E738B10B4B2D1AD3F840210121D0E70A
:10FEC0004343DDE70121A1E748F20101F8F7DAFF3A
:10FED000B6E700BFE8040020484C0020F0040020F2
:10FEE0001C1D0020443F0020A01E0020F8B5044641
:10FEF000084615460E460DF003FC04F10803236086
:10FF0000002363602372696807460144204612F0AB
:10FF100063FA3A463146204612F034FB2946204621
:10FF200012F040FB2046F8BD70472DE9F74FDDE9A0
:10FF30000C470E9D83468846924699460DB900208F
:10FF400064E0DBF80000BAF1000F1ED0DAF80030F0
:10FF50004B451AD1DAF80410A14216D886690E442E
:10FF6000A64212D9361BAE42DAF8083028BF2E4618
:10FF7000611A38463246194413F0A4FFAD1B3744CA
:10FF80003444DCD0DBF80000E0E7D8F80020436917
:10FF90004A4517D1D8F80410A14213D8CE18A6426A
:10FFA00010D9361BAE42D8F8083028BF2E46611A49
:10FFB00032463846194413F085FF37443444AE1BAB
:10FFC0003546BBE74168B4FBF3F203FB12428C46B3
:10FFD0007AB9AB420DD8B5FBF3F603FB1656AD1B51
:10FFE00000953B4622464946E04778B92F442C44C9
:10FFF000E6E7A21AC8F80090C8F804200093D8F8E1
:020000040801F1
:10000000083049466646B04700289AD003B0BDE89C
:10001000F08F2DE9F04786B005460F46144600F1F3
:100020001409D6184FF0010A0DF11708B44203D194
:10003000002006B0BDE8F0870094CDE9018A3B4678
:10004000002249462846FFF770FF01340028F0D10E
:100050000E9801224146FDF716FAE7E71FB5069C08
:100060000092CDE9013400220B4600F11401FFF7A4
:100070005CFF04B010BD2DE9F04F8BB01368049302
:1000800000265368059307460C46B0460DF1100A4A
:1000900006AD5AF826901023009300222B464946BD
:1000A0003846FFF7DBFF70B110F1340F06D146B1CF
:1000B000B8F1000F0CBF6FF0330000200BB0BDE8AB
:1000C000F08F0126E5E7B8F1000F04D0E269069B46
:1000D0009B1A002BEBDB079B23F0004BBBF1130FAC
:1000E000E5D93A68D2699345E1D84FF0FF3203A8C9
:1000F000039229461022FDF7C6F90090ABF11003D8
:10010000102249463846FFF784FF0028CCD1039BD4
:10011000002BCCD10AAA86F0010302EB830304F181
:100120001C0C53F8183CA3601023E36095E80F0003
:10013000C4F804904FF001088CE80F00B7E72DE9F0
:10014000F043064695B00F464FF00108336BD6E9F1
:100150000D219A4261D1002900F0C880F06A32680E
:100160000344106A526A8A4294BF32633163B3FB1C
:10017000F0F4002100FB1433F362F06B7163D208DA
:1001800013F0F5FD301DFDF763F90028DED10123E2
:100190000390049303993046FDF740F90446002884
:1001A00060D104993046FDF739F90446002859D149
:1001B00003AA09A93046FFF75EFF0446002851D183
:1001C0004FF00C09119B0C9D23F0004305F10C022C
:1001D000043B9A4250D9129B039303A8139B0493A8
:1001E000FDF736F90028D5D0F56806F11409002D81
:1001F000ACD0EB69DA0369D4EB699B030BD50196AC
:100200002B6A00936B6A05F12C02494630460AF0CE
:10021000A3FF044630BB2D68E9E70139501CB163E8
:100220005409F16B706351F8244002F01F0008FA82
:1002300000F020428BD1F36A13443268126AB3FB98
:10024000F2F002FB10333B60356B0120736BAB4265
:100250004AD05A0903F01F0451F8222000FA04F48E
:10026000144003D1204615B0BDE8F0830133736319
:10027000B36B013BB363E9E70A99CDF8009006AB95
:100280002A463046FFF7EAFE04460028EAD19DF8E8
:100290001B209DF81A109DF819000BF029F89DF805
:1002A000183003F070032844102B0C908AD1089B5F
:1002B00000932246079B019606F1140130460AF08E
:1002C0004BFF044600283FF47DAFCBE701966B69F6
:1002D00000932B6905F12C02494630460AF03CFF99
:1002E0000446002888D0BDE70024BBE76FF01B045C
:1002F000B8E773B50C4604310646FFF720FF054604
:10030000F0B904F108013046FFF719FF0546B8B906
:10031000042300930246616804F11C033046FFF792
:100320009DFE10B110F1340F0DD1E3690133E3618B
:1003300014224FF0FF33C4E90823A3621023E360C3
:10034000284602B070BD0546FAE72DE9F04F044695
:1003500089B00E4600F1140B07A92046FFF7EFFE07
:10036000054658B9DDF81C90206849460BF0C4F8E2
:10037000054600283BD010F1340FEDD0284609B0D7
:10038000BDE8F08F0DF11B07CDE90087CDF808A07F
:10039000736A059A59462046FFF7C7FD70B9CDE943
:1003A000017ACDF800804B465A4604F120012046E0
:1003B000FEF7CAFA20B110F1340FCDD00546DDE7C3
:1003C00008F10108B36A4345DCD82368A16A9A6939
:1003D000706B13F077FD236AF362636A20683363FE
:1003E00004F120010AF0F5FEC6F82490C6E706F1F4
:1003F0002C03804605934FF0010AE3E72DE9F7430C
:1004000007460C46164601F124084FF01009216AF0
:10041000E26821F0004302F10C00043B984215D839
:100420000C2300936168331D3846FFF717FE05461D
:1004300088B9E768F279B179707937600AF058FFC6
:10044000A36907440344E760A36104E0002906DBD5
:1004500032606FF00105284603B0BDE8F0834246E4
:1004600021463846FFF707FE05460028F3D1A36969
:10047000C4F80C901433A361C9E72DE9F84305468D
:1004800004300F4614461E46FCF7E2FF10B1002070
:10049000BDE8F88301235062936202F1240806F15B
:1004A00008094046FCF7D4FF0028F0D14246214617
:1004B0002846FFF7E0FD0028EAD1324621462846CB
:1004C000FFF79CFF10B1831CEBD0E1E7337903F019
:1004D0007003202BF1D139464846FCF7C3FF0028B2
:1004E000EBD10120D4E7CB695A032DE9F04144BF99
:1004F00023F48023CB61CB6944BF4FF0FF32CA6243
:100500009B0390B005460C4652D50F6A2C22002161
:1005100002A805F1140613F02AFC2369069396E855
:100520000700636907930123CDE9093710AB03E99D
:1005300007004FF0FF38C5F81480226A63699A42B9
:1005400013D304F12C08324641462846FEF7D4F96D
:1005500018B310F1340F05D121462846FFF7F5FEF8
:100560000028F0D010B0BDE8F08101230DF10702A2
:1005700002A9284600F09BF80028F3DB01230DF1C7
:1005800007022146284600F038F90028EADB6B69AB
:100590000133D2D0CDF83480CDE7636A2361236A7A
:1005A0006361E36923F4003343F48033C4E907371C
:1005B0000020D7E770B592B006460C46FFF793FFD0
:1005C000054650BBE36903F41023B3F5803F24D103
:1005D000221D1046FCF73CFFF8B907A93046FFF78B
:1005E0004AFDE8B90C23E26808990093304604AB51
:1005F000CDE9045506950392FFF730FD80B92369D4
:10060000059303AA6369069307A9304609F0C8FD5C
:1006100030B9E36923F48033E361284612B070BD3A
:100620000546FAE7037D23B90369816903F10C00EC
:10063000C0E7704770B585690446A5B1037D0669BA
:10064000ABB1F36906F11C021BB19D4219680BD1D5
:100650001160A06914F0DCFBE0690025A56108B118
:1006600014F0D6FBE56170BD1A460B46ECE729464F
:1006700006F10C00FFF79EFFB36906F118021BB1EB
:100680009D42196810D11160AB690BB11B682BB981
:10069000F3685B6B13B9686B14F0BAFBA06914F0D4
:1006A000B7FB0023A361DEE71A460B46E7E72DE917
:1006B000F04F1D46CB69904603F00302022A87B033
:1006C00007460C4654D09A0305D4236A6669B342A0
:1006D00008D3002003E0FFF706FF0028F5D007B09D
:1006E000BDE8F08FF61AAE4228BF2E4604F128036B
:1006F000B14604F12C0A059304F1240BB9F1000F63
:1007000001D13046EBE7E3695B0304D53B68A26A9D
:10071000DB699A4210D1059BCDE901B3236A0093AE
:10072000D4E90423514638460AF0CFFC0028D6D13C
:10073000E36943F48023E3613A68A36AD5690093CF
:10074000ED1A4D4528BF4D46CDE901850022636A6B
:1007500051463846FFF7E9FB0028C0D1236A2B44F5
:100760002362A36A2B44A362A844A9EB0509C5E749
:100770006FF00800B3E71346027D10B432B9046984
:100780000A46816904F10C0010BC90E7002010BCFF
:10079000704707B501220DF10701FFF7ECFF0028B4
:1007A000CCBF9DF807004FF0FF3003B05DF804FBAD
:1007B000F7B504460069237DE3B9A1698DF80730D8
:1007C0000DF1070201230C300F6AFFF770FFA669D5
:1007D00000282069C8BF9DF80750314600F10C0081
:1007E000D8BF4FF0FF35FFF77EFE00B937622846CD
:1007F00003B0F0BD4FF0FF35F9E72DE9F04F8FB0B2
:10080000CDE90623CB6903F00302012A05460C4615
:1008100000F01B815E0315D4E66932051BD416F483
:1008200000361ED005F11403DDF81CA0099304F175
:100830002C08E369BAF1000F26D123F40023079AAC
:10084000E36104E0FFF74FFE02460028E4D01046C3
:100850000FB0BDE8F08F6269216A914238BF226211
:10086000DDE7276A63699F42DCD92362236A9F42DE
:10087000D8D90DAA0123214628468DF83460FFF708
:10088000BCFF021EF2DAE2E79B0324D52B68A26AC2
:10089000DB699A4240F098802B681B6AAB6305F1D4
:1008A00014030493D4E90832CDE90B230DA928469B
:1008B000FFF745FC024608BB0D9B286805931946C7
:1008C0000AF01AFE024618B312F1340F16D14FF097
:1008D000FF332B62EAE7236A002BDDD004F1280204
:1008E0000292013B04F1240201920093D4E9042313
:1008F000414628460AF0E9FB024620B1E36943F489
:100900000023E361A3E7286841460AF062FCC3E7DD
:100910000C9F2E680890002F4FD0013F0CA9304645
:100920000C970AF0B5FB0C9FF369089A01379F42B8
:100930000C9768D1461C96FAA6F6B6FA86F606F12A
:10094000010B91460BAF4FEA890308930423CDE9CD
:1009500001734FEA890300934146DDE904232846E9
:10096000FDF7F2FF0B9B02460028ADD14E4550D15A
:1009700009F10109CB45E6D84FEA8B071DE00022BB
:10098000CDE9016B0B9B0499CDF800902846FFF749
:10099000CCFA02460028B1D1DDE90423CDE9016B90
:1009A000CDF8009041462846FDF7CEFF02460028CC
:1009B0008AD109F101094F45E1D8059BC4E90937FE
:1009C000E36943F40033E3612B68DE69A36AF61A36
:1009D000564528BF5646069B02960193A36A00938C
:1009E000099A636A41462846FDF7AEFF0246E8B120
:1009F00010F1340F82D121462846FFF7A6FC0246AB
:100A00000028E8D07AE791464FF0010B0DF12B0654
:100A1000D1E70421CDE90171089900912846049994
:100A2000FFF783FA02460028A2D067E7236A33441F
:100A30002362A36A3344A362069B334406932B6864
:100A40001B6AAB63AAEB060AF3E66FF00802FEE648
:100A50001346027D10B54AB904690A46816904F15A
:100A60000C00FFF7CAFE20EAE07010BD0020FCE792
:100A7000F7B5044604300E461546FCF7E9FC10B104
:100A8000002003B0F0BD009001236A4629462046AD
:100A90000193FFF7F0FA0028F3D105F12407384657
:100AA000FCF7D6FC0028EBD131463846FCF7DAFCDF
:100AB00038B13A4629462046FFF7DDFA0028EED045
:100AC000DFE70120DDE730B5044693B004300D4682
:100AD000FCF7BEFC10B1002013B030BD0190012323
:100AE00001AA07A920460293FFF7C5FA0028F3D10F
:100AF00010A8FCF7ADFC0028EDD110AA07A92046EC
:100B0000FFF7B9FA0028E7D103AA07A92046FFF7A3
:100B100075FC10B1831CEBD0DEE79DF91030002B83
:100B2000F2DB0822294605A813F0F7F80028EBD1DC
:100B30000120D1E72DE9F04F87B01F68049340F6FC
:100B40002203536043689360DFF824918368039124
:100B500005461446D3604946384615F055F807EB6C
:100B6000000883464946404615F014F80128064619
:100B700008EB000A05D117F80B302E2B0AD1574687
:100B8000E9E7022806D102463A49404613F0C5F883
:100B90000028F4D057464FF0010B4946504615F057
:100BA00033F882444946504614F0F4FF024690B1AF
:100BB00002280CD105902F49504613F0AEF8059A43
:100BC00028B9BBF1010B04D10AF10207C3E70BF10D
:100BD000010B9244E1E798F8000000283DD0049B07
:100BE000C3F800802379222B3FD104F1080A03992E
:100BF00052462846FFF73FFA78BB05F1140B0399DC
:100C000022462846FFF7FAFB38BB237903F07F031F
:100C1000112B01D0222BF2D1E379B342EFD123681B
:100C2000627904331344A279CDE900861344039A10
:100C300059465268284609F0CAFA00280DDBDED072
:100C400094F90430002B86DA51462846FFF73BFF23
:100C5000002805D001DB6FF0010007B0BDE8F08F80
:100C6000237903F07F03237175E76FF01300F4E736
:100C70003DA6020821AB020870B594B01546039159
:100C800003AB05AA09A90646FFF754FF0446C0B9FD
:100C900001464FF48472284613F069F89DF8183025
:100CA0002B70112B04BF089B6B60311D07A8FCF74C
:100CB000D9FB05F10803044630B90C49184613F076
:100CC000F9F8204614B070BD059A9DF819109DF8EA
:100CD0001B00009004320A449DF81A1030460A4462
:100CE0000A99FFF7BBF90446EBE700BF3DA60208EF
:100CF000F0B5012680F84060A7B004460430FCF748
:100D0000A7FB0546002878D101462C2205A813F040
:100D10002EF84FF000432822294610A80D9313F017
:100D200026F81A9623681B6A9D4202D36FF033009F
:100D300020E019A8FCF78CFB00285ED119AA10A9A5
:100D40002046FFF798F9A8B90D9B002B34DB01ABC7
:100D50001BAA0EA92046FFF790FB00280ADB0BD147
:100D6000199B0E931A9B0F9300231A4605A9204640
:100D700000F0E8F827B0F0BD039A0E99049B0F9895
:100D80008A4201D1984217D0904201D1994213D0A2
:100D90000E92E8E79DF97030002B0DDA1DA9204670
:100DA000FFF791FE0028E5DB1BD01BAA10A9204607
:100DB00000F000FA0028DDD11BAA10A92046FFF799
:100DC0001DFB0028E6D0831CD4D110AF0FCF05AE99
:100DD0000FC60FCF0FC697E80700013586E807005A
:100DE000A0E79DF870301BAA03F07F0310A92046EE
:100DF0008DF8703009F0D4F9DCE70020BAE72DE96E
:100E0000F04F0546B2F1000893B04FF03800894624
:100E100040F2031708BF012713F0F2FF0446A86150
:100E200018B32E69CDF8089007F00309B9F1010F46
:100E300006F10C0A0BD102AB03AA07A95046FFF733
:100E400079FEB0B99DF81030222B37D108E096F822
:100E50004C30002BEFD15046FFF74AFF0028EAD074
:100E6000A86913F0D5FF0023AB61002013B0BDE8E3
:100E7000F08F0230F4D1DDF808B02F21584614F07D
:100E80007CFE0028ECD1FA05EAD540F611028DF877
:100E9000120001905846ADF810200CF031FC019B77
:100EA0008DF813004FF0FF320592069303AA5B46BC
:100EB00007A950460AF020FA0028D1D10023089A49
:100EC0006260C4E90773099AF768A361A2604FF0F2
:100ED000FF33039AE260E362059A7B6B2261069A14
:100EE0006261DBB9B9F1010F25D1786913F088FF90
:100EF00060630028B4D0B3692360B8F1010FB46116
:100F000008D1AC69286921460C30FFF7ECFA08B922
:100F10006369236200232B750120A7E7B269002AC9
:100F20009ED1B9F1010F6363E5D004F12C0138467D
:100F30000AF04FF9DFE7B86913F062FF6063002839
:100F4000F3D18DE72DE9F04F9DB00D460893CB69A5
:100F500004920133CB610B1D0646069308984B683B
:100F600089680593C5E9011302EB001413469C42FE
:100F700012D1059B0C9300230B910793696830688D
:100F80000AF0BAFA044678B114F1340F00F08980FF
:100F900020461DB0BDE8F08FD8682A6A0244586820
:100FA000121A2A621033E2E705F11C084FF0FF33F2
:100FB000102241460DA810270D93FCF764FACDE9E5
:100FC0000187009406F1200922466B6849463046A5
:100FD000FDF7BAFC04460028D6D18246B84626E082
:100FE000089B9A456CDA049A4FEA0A1302EB0A1B33
:100FF000D358434564D1DBE902420DA8214609924A
:10100000FCF741FA099A0097CDE9014249466B681D
:1010100000223046FDF798FC04460028B4D1DBF8E6
:1010200004309844DBF80C300AF1010A1F442B6AA3
:1010300023F00043043BBB42D2D80DF13408CDE984
:101040000078042302936B68002249463046FDF77E
:101050007BFC0446002897D14FF0FF3702467761AA
:1010600049463046FDF748FC044600288CD13068DC
:10107000036998470446002886D12B6A0A970AAA72
:10108000009223F0004302466968043B3046FEF7B5
:10109000C0FF044600287FF47BAF0A9A0D9B9A425A
:1010A0003ED04FF0FF3333620127002311A90BA874
:1010B000CDE91137FCF7D6F940BB6FF0330467E791
:1010C0004FF0010B0599CDF800B011AB4246304608
:1010D000FEF7C4FF044600287FF45AAF5A4611A910
:1010E0000DA8FCF7D0F911ABCDE90073CDF808B02D
:1010F00022466B6849463046FDF726FC0446002828
:101100007FF442AF08F10108013790E706993046B5
:10111000FFF715F8044600287FF43AAF07972DE74C
:10112000079B23B3434611AA0BA93046FFF7A5F945
:101130000028FFF62EAF29D06B680F934246AB68AC
:10114000109311A9304609F02BF800287FF421AF45
:10115000311D0BA8FCF786F918B96B687360AB6892
:10116000B3603046FFF7C4FD00287FF412AF346946
:10117000002C3FF40DAF0699201DFCF773F918B948
:101180006B686360AB68A3602468F1E711AA0BA9E0
:101190003046FFF76DFC0028FFF6FBAEE7D06B682A
:1011A0001A93AB681B9300231A4611A93046FFF728
:1011B000C9FED9E72DE9F04F14460D46D279A17941
:1011C0008DB0804660790AF093F82B6A143023F0D2
:1011D000004383421DD101AA291D4046FFF748FC68
:1011E000061E12DB099A002A13DA2B6A63F0004309
:1011F000134009936B6A0A93AB6A0B9300231A4658
:1012000001A94046FFF79EFE064630460DB0BDE8F8
:10121000F08F2368E279A179607901930AF068F888
:101220000023CDE903330290012301AA2946404659
:10123000FFF788FE06460028E7D1D8F80C7005F1C4
:10124000040B4FF0FF3AD7B9D8F8107005F1040835
:10125000002FDAD04146381DFCF704F968B9FD6863
:1012600023689D4209D9E279A17960790AF040F8B2
:10127000BB692D1A1B1AFD60BB613F68E8E7594640
:10128000381DFCF7EFF830B9D7F80C902368994572
:1012900003D1C7E901AA3F68D5E7FCD9E279A17972
:1012A00060790AF025F8A9EB0000F860F3E7FEE7A3
:1012B000004870477C4E002010B5074B044640F8AC
:1012C000243B11F005F82046044B40F81C3B10F07D
:1012D0008FF9204610BD00BF08B602087CB6020890
:1012E00010B50446FFF7E8FF204613F091FD2046B5
:1012F00010BD10B590F89130012B044604D1436E17
:1013000013B1836E04389847022384F89130002388
:10131000636694F84130202B0BD1282384F84130A8
:10132000044B636320464FF40041BDE81040F1F7E1
:1013300068B910BDF92D0008436E1F2BDEBF436E48
:101340000133436690F89130012B04D1416E703126
:10135000014409F0DFB970470020F1F74BB90020D4
:10136000F1F7DEBA0020F1F745B90020F1F7D8BA5D
:101370000020F1F73FB90020F1F7D2BA2DE9F04F84
:1013800015469A46426EB14BD0F86C909A4285B0A1
:1013900004460E4634D0AE494846F2F797FDAD49B3
:1013A0000746A06EF2F792FDAB490190206FF2F76D
:1013B0008DFDD4F874B0A94980465846F2F786FDF1
:1013C0000090D7B1019BC3B1B8F1000F15D01946F9
:1013D0003846F2F787FD009907464046F2F782FD4E
:1013E000014680463846F2F77DFD60662FB1B8F1C0
:1013F000000F02D0002840F0F98005B0BDE8F08F62
:10140000B9F1FF3FF9D1836E0133F6D1036F013398
:10141000F3D1436F0133F0D14FF40073A3614FF464
:101420008273676E63608E4B276018682FB18D4B97
:101430009F4240F0E280F2F703F9B6EB500F80F0E4
:10144000F480B6EB900F80F0F280B6EBD00F80F016
:10145000F080B6EB101F80F0EE80B6EB501F80F0EE
:10146000EC80B6EB901F80F0EA80B6EBD01F2CBF6B
:1014700030233823E361002D00F0E380022D00F0DB
:10148000E280013D18BF01256D000123C4E904532A
:101490000723E3624FF4E063E360BAFA8AF35B097F
:1014A0000026DB01C4E90836684BA6609F42A662AD
:1014B000666329D066494846F2F7FCFC6549A06E90
:1014C000F2F7F8FC276F64493846F2F7F3FC3B0962
:1014D000B54214BF0122022213F00C0F02BF624971
:1014E00003F00F0301EB830307F00F0708BFD3F8E6
:1014F00000065E4B18BF304653F82710F2F74BFC3E
:101500005649606FF2F7D6FC2368564A934240F082
:10151000B3804FF48050F2F70BFD4FF0B0431A6CDC
:1015200042F480521A641A6C22F480521A64656A7A
:1015300067680023002D40F0C980B7F5827F00D096
:10154000E561A36294F85D3003F0FF020BB984F803
:101550005C202268E068A169022384F85D3013688A
:1015600023F040031360B0F5E06F4FF000038ABF33
:101570001E464FF48056B0F5706F18BFA362A36883
:1015800007F4827703F404433B43276907F002071B
:101590003B43676907F001073B4301F400773B4396
:1015A000E76907F038073B43276A07F080073B43AA
:1015B0001360636B05F0100503F008032B4300F480
:1015C0007060090C034301F004010B433343536083
:1015D000D36923F40063D36100232366012384F8D5
:1015E0005D30136843F04003136006E7BBF1FF3F33
:1015F0003FF412AF4FF4802310E71D4B9F4202D1FE
:10160000F2F70CF819E7114B9F427FF416AFF1F790
:1016100003FD4FF0B043174AD3F8083103F00F032E
:1016200052F82330B0FBF3F007E7002322E708234A
:1016300020E710231EE718231CE720231AE728239E
:1016400018E72B4622E7002320E700BF00000158DF
:10165000C48702080C88020854880208A888020877
:101660006400002000300140FC820208CC600208C7
:1016700000380040A85C0208164A93420ED14FF48D
:101680008040F2F701FB4FF0B0439A6B42F4804286
:101690009A639A6B22F480429A6348E70E4A934217
:1016A0007FF445AF4FF0B0435A6E42F001025A66E4
:1016B0005A6E02F001020392039A5A6C42F0010240
:1016C0005A645A6C22F001025A6430E7C4E90433C8
:1016D00037E700BF003800400000015870B5002314
:1016E0000D461646FDF78CFC044618B931462846CF
:1016F000FCF749FC204670BDF8B5C36804461546A2
:101700009AB106688EB1D31802D287689F4207D279
:101710002369084A002B08BF134623610020F8BD47
:10172000B04710B92369044AF4E7E3682B44E36047
:101730000120F4E724AB020843A90208F0B5802A8F
:1017400085B073F100010646D4B201A906D28DF826
:1017500004400122FFF7D0FF05B0F0BDD50904F029
:101760007F040846002253EA050C174602F10102E5
:1017700008D13A4602F110036B44013203F80C4CD5
:101780003046E7E764F07F04042A00F8014B05F0D7
:101790007F044FEAD515E6D1002BEBD0180100F0FD
:1017A00070000443DB08002BE4D064F07F04545441
:1017B00003F07F040132DB09F5E770B5002304462E
:1017C0000D461646FFF7BAFF28B132462946204695
:1017D000BDE8704090E770BDCB6970B504460D461A
:1017E000002B7FD08A7D098A09F030FC002871D057
:1017F000A87D00F00F030B2B71D8DFE803F0061073
:10180000101016161C335050706DEB691A78003AA0
:10181000204618BF0122BDE8704000238EE729460C
:101820002046BDE8704003F087BA29462046BDE84F
:10183000704003F0CDBAE96909B90A460EE03F28C5
:101840000A880AD86B8A023B934206D22369264A49
:10185000002B08BF134623613CE002312046BDE85F
:101860007040AAE700F0C00080286B8AE9690ED0BA
:1018700013B923691D4AEBE7013B0029DDD00022A3
:101880009A42885C06D00028E8D00132F8E74FF091
:10189000FF33F2E70028E1D02369154AD8E76A6AE6
:1018A00012B92369134AD3E7092B06D0EA69696A9A
:1018B0002046BDE8704003F0EFB92A6A002AF5D04F
:1018C00052F8083C002BF1D0043A294620469847AC
:1018D0000028EBD1002070BD6A8AE969BEE7236960
:1018E000054AB5E70120F6E730AB020844AB020831
:1018F00057AB0208E6AA020806AA02082DE9F0433F
:101900008B7D03F03002302A87B005460C4608D1A3
:101910000A6A1188228A91420AD0012007B0BDE8E4
:10192000F083102A28D10A6AB2B11278002AF4D0C2
:10193000E269002AF1D003F0C003402B16D12368DE
:10194000DB68002BE9D02246294600209847002872
:10195000E3D12B69624A15E03F2BE9D80846FCF732
:10196000A5FB0028D9D1E369002BD6D02146284613
:1019700007B0BDE8F0432FE7C96949B9002ACCD1C7
:101980000369584A002B08BF13462B610020C5E7A6
:1019900003F0C0014029D2D0202AE7D1226A16885C
:1019A000002EBAD0802922D103F00F03052B5FD877
:1019B000228AD20042F0020200232846FFF7BEFE30
:1019C0000028E3D0A37D03F00F03042B15D1B7004B
:1019D0003A4600232846FFF7B1FE0028D6D02968F2
:1019E00071BB3A46284607B0BDE8F04384E6A28AB8
:1019F000B242D9D203693C4AC4E7052B01D1F700B2
:101A0000E6E71422002101A812F0B1F9D4F81C80F5
:101A10000027214601A803F08FF928B92B69002B74
:101A2000B3D1059B314AADE7E369628A01371344BC
:101A3000E361BBB29E42ECD8049FC4F81C80C7E7A8
:101A40000027A37D03F00E03042B214628460CD16A
:101A500003F0BEF9002899D0E369628A0137134484
:101A6000E361BBB29E42ECD857E703F065F9F1E7BA
:101A70004FF00008A27D02F0CE03862B2BD1E76940
:101A8000D7F80090C4F81C90B9F1000F1BD1218A3F
:101A9000284609F0DBFA08B9E76177E7012201A9D6
:101AA00028468DF80490FFF727FE0028F4D0E76160
:101AB000E369628A08F101081344E3611FFA88F3BD
:101AC000B342D7D329E721462846FFF785FEE761D1
:101AD0000028EDD15AE721462846FFF77DFEF7E7BB
:101AE0006BAB02087CAA02087AAB020892AB020830
:101AF00030B595B004466846FCF722FA70B39DF8FD
:101B0000163003F00F030A2B21D1079B1D681DB966
:101B10006846FBF794FDF1E72B685B68294623B123
:101B20002046984758B1AD68F1E70AA8FCF718FAC3
:101B300040B923690A4A002B08BF134623610020DD
:101B400015B030BD0AA92046FFF7D8FEEAE769467E
:101B50002046FFF7D3FE0028DAD1F0E70120EFE7B7
:101B600049AA0208F0B5404B044618688BB0B0B1E2
:101B70004389042B13D18389042B10D190F8FA30B8
:101B80006BB1F3F70DFE50B994F859303BB1012316
:101B9000E37284F85900002528460BB0F0BD334BA2
:101BA00000211868F3F7F4F810B90123E372F2E7A3
:101BB0002F4FD7F83002002832D12E4D0026E67282
:101BC00095F89630002B42D12B4A6B68102168465D
:101BD00013F0CEFE06AB684604930BF091FD4FF078
:101BE00000030DEB0002694604A8F3F736F80499E8
:101BF000224812F05FF904A810F06AFBD7F830020F
:101C000010B10421F7F73EF92046F9F7B3F91B4B61
:101C1000A2690546E9211030F7F79EF9E881BBE794
:101C20000421F6F7C5FF94F8583043B90028C4D012
:101C3000134B144A1B681B1A9342BED8B5E7002801
:101C4000BBD00F4B1B684EF65F221B1AF4E7B5F8AA
:101C50009830002BB8D02022314605F19A0012F0BE
:101C600086F8A5F89860AFE71C4C00201C1D0020EA
:101C7000484C0020D40A00209DA20208260B002018
:101C8000E8040020BF270900F8B504467C3006F0C0
:101C900086FCD4E92267BE4208D0354628460C357A
:101CA00006F046FCAF42F9D1C4F88C60012384F8F9
:101CB0009430F8BDF8B5D0E92267BE42044608D09A
:101CC000354628460C3506F033FCAF42F9D1C4F84E
:101CD0008C60002384F89430F8BD184B70B5D0E9BF
:101CE000225603603C330446C362AE421CD1D4F892
:101CF000880008B113F08CF804F17C0006F018FCA1
:101D0000254604F1700006F013FC04F12C000AF0E3
:101D1000F1F855F8200FA8420BD1094B236020465B
:101D2000F5F71EFD204670BD284606F001FC0C3577
:101D3000DBE7066813F06CF83046ECE7148902081C
:101D400078890208A0F12C00C7E710B50446FFF718
:101D5000C4FF204613F05CF8204610BDA0F12C0013
:101D6000F3E72DE9F04FD1F804318BB005460F466B
:101D7000144603BBA14604F1040A04F1240604F14D
:101D800026084FF0FF313846F4F760F8002850DAA3
:101D9000AF4E7A6873680193D7F80431002B6FD087
:101DA000B4F850A004F12E0804F1300B04F15009EE
:101DB00004F152036DE0A64B118858687B6883429A
:101DC00016D0002399421A4609D904EB8202013346
:101DD00052688242DBB2F5D1FF2B5EB209D104F129
:101DE0002E0904F1300A04F1500604F15208C8E744
:101DF0000026B14216BF04EB8603D7F80080D3F863
:101E00000480B8F1FF3FEAD023889E4208DB38689F
:101E1000414606F08BFED7F80431002BDFD1A9E74D
:101E200004EB860341465868013606F07FFE76B221
:101E3000EAE7B9F80030C01A40B200224FF0FF3C88
:101E400051B28142B9F8003011DB32889B1A5BB283
:101E50000022802051B299429ADA318807299FBF27
:101E600008F801003188013131800132F2E7072B97
:101E70009EBF4AF823C00133A9F800300132DFE7E2
:101E8000B4F824A0A04604F1040B04F1240904F1E1
:101E90002603BAF1070F039311D8D7F81C01029259
:101EA0004FF081410BF0D0FD0BF01EFF039B029A17
:101EB00003F80A00B9F800300133A9F80030019B9B
:101EC0009A4209D0B8F80030072B9FBF72684BF8D0
:101ED00023200133A8F800305E4A2346E92107F1A8
:101EE0001000F7F739F8F881D5F898C0BCF1000F69
:101EF00020D0D7F8043103B33B68A3EB0C00434276
:101F000043410022B4F800800020C1B241451ADBF1
:101F10000021E78D4FF0000E5FFA8EF0B8421ADB19
:101F2000B8F1000F00F0A280002F40F0A680C9B9E0
:101F3000C3B9BAB90BB0BDE8F08F7A687168511AAD
:101F40004A424A41DEE704EB8101013049688C4591
:101F5000DBD10121DDE70C300EF1010E54F8200039
:101F60008445D9D13C4904A806F007FB2388706852
:101F7000002B00F0C48006F0B6FD014604A806F070
:101F800052FB4FF000084FF000094FF07A5B2388B6
:101F900032495FFA88F79F4204A878DB06F043FBDA
:101FA000D5F8980006F09FFD014604A806F03BFB1B
:101FB000A38C0BB3234493F9253080331CD02849DC
:101FC00004A806F030FBA38C234493F925000BF002
:101FD000E7FC4FF07A510BF037FD014607A806F0F9
:101FE000DBFC07A904A806F01BFB07A806F0A0FA73
:101FF0001C4904A806F017FB1B4904A806F013FBB4
:10200000E38DD5F89800002B40F09B8006F06BFD27
:10201000014604A806F007FB104904A806F003FBDC
:10202000706806F060FD014604A806F0FCFAB4F8FA
:102030005030002B00F0C58094F95230803300F00E
:10204000C080074904A806F0EEFA94F95200A3E014
:10205000D40A00209085020844AC020899AB02081B
:102060009DAB02089FAB020839AE020800293FF47D
:102070005FAF002F7FF476AF5AE7002B7FF472AF8B
:10208000002A7FF46FAF00293FF454AF6AE706F0EF
:10209000CAFA04EB8703586806F025FDA38CBB42FF
:1020A00082462AD9274497F9260010F1800F24D0C0
:1020B0000BF076FC59460BF0C7FC0746514604A8C6
:1020C00006F0B1FA494638460BF070FA90B9694902
:1020D00004A806F0A8FA394607A806F05DFC07A98F
:1020E00004A806F09DFA07A806F022FA624904A89F
:1020F00006F099FA08F1010849E74F46DEE706F0D5
:10210000F2FC014604A806F08EFA5C4904A806F029
:102110008AFAD5F8980006F0E6FC014604A806F015
:1021200082FAA38C002B3FF467AF94F926308033FA
:102130003FF462AF4F4904A806F075FA94F92600FF
:1021400045E706F0D0FC014604A806F06CFAE78DDE
:10215000013F7FB24FF000094FF07A5B3B064749E1
:1021600004A84DD506F05FFA706806F0BCFC014685
:1021700004A806F058FAB4F8503013B3234493F986
:10218000513080331DD03B4904A806F04CFAB4F816
:102190005030234493F951000BF002FC4FF07A5178
:1021A0000BF052FC014607A806F0F6FB07A904A8AD
:1021B00006F036FA07A806F0BBF92F4904A806F086
:1021C00032FA04A92846FFF75FFD022385F859304B
:1021D0002B4B1B682B660023C5F8983005F12C00AB
:1021E0004FF47A71F2F758FE012307A905F1200098
:1021F0008DF81C3006F066FC04A806F099F999E603
:1022000006F011FA04F1300353F8270006F06BFCD6
:10221000B4F85030BB42824629DD04F15203D8574E
:1022200010F1800F23D00BF0BBFB59460BF00CFCD8
:102230008046514604A806F0F6F9494640460BF0A0
:10224000B5F990B90B4904A806F0EDF9414607A885
:1022500006F0A2FB07A904A806F0E2F907A806F019
:1022600067F9054904A806F0DEF9013F76E7C8469C
:10227000DFE700BF9DAB02089FAB020899AB0208E5
:10228000E8040020A0F12C000CF064BA70477047FD
:10229000084670477047406C18B970478B4204D0AD
:1022A00018300378002BF9D11846704790F8282091
:1022B00012B103681B6C184770470748074B084A60
:1022C0001B68B3FBF2F310B544684B434268121B22
:1022D0009342FBDC10BD00BF001000E06400002052
:1022E00040420F00014B1868704700BFE80400200F
:1022F000DFF838C0F0B50024944200D1F0BDC569C4
:102300000E5D2D68DCF80070AF68BF07FCD52E733A
:10231000AE68F607FCD52E7BDCF80070F6B2AF682D
:102320003F06FCD41E550134E6E700BFE804002058
:102330007047C369002B42D0022283F85D201A68DF
:10234000116821F0400111600021196683F85C10CA
:1023500083F85D101A4B9A420ED14FF0B0431A6CBD
:1023600042F480521A641A6C22F480521A641A6E73
:1023700022F480521A667047124B9A420ED14FF0E7
:10238000B0439A6B42F480429A639A6B22F4804283
:102390009A639A6D22F480429A6570470A4B9A427A
:1023A0000DD14FF0B0435A6C42F001025A645A6C9E
:1023B00022F001025A645A6E22F001025A667047F6
:1023C0000030014000380040000001587047CBB297
:1023D0001C2B09D80E4A52F8233001F4E060184350
:1023E000431C18BF0846704701F0C002C02A0CD138
:1023F000C82B0AD8074B01F03F0201F4E06053F804
:102400002220034B53F82230E9E74FF0FF307047AA
:102410007C860208F08602080368D3F8D430184797
:102420000368D3F8D8301847012A02D10160002090
:102430007047022A05D0032AF9D0002AF7D102609A
:10244000F5E70B680360F2E74AB116290B466FF017
:102450000800A8BF16238342B8BF03461370093192
:10246000C9B21F298CBF6FF00C000020704710B557
:10247000012986B006D002292BD0C9B16FF0130014
:1024800006B010BD002203680592194A04924FF06D
:10249000080C0A22CDE9022C4FF0120E0722CDE9DA
:1024A000002E1449D3F8E840134A0923A047E7E770
:1024B0000F4A0368039210240A22CDE901240F4A2F
:1024C00004910092D3F8EC400D4A0E4B0949A04705
:1024D000D6E7002302680393054B02930A210123E8
:1024E000CDE900310349D2F8F4400622A047C7E7FE
:1024F000CDCCCC3F0000D9430000FA4233331C431B
:102500009A9999400000A0402DE9F3411D460368C7
:102510001B6904460F4616469847002844D16DB9FA
:102520002368002EDB6F14BF3146FF2120469847F9
:102530004FF47A7300EB8000B0FBF3F528460BF004
:102540002BFA2B490BF080FA2A490BF031FB0BF0E8
:10255000F1FB236800220092D3F81C80014602237D
:1025600040F272222046C047F0B9A36C1868036895
:102570005B6A98478046A36C1868596A02681269BA
:102580009047A0B10025236820461B69984718B1E1
:102590006FF43073984207D12368C5B12368204691
:1025A000DB6A98476FF0050002B0BDE8F081A36CCC
:1025B000186803685B6D9847A36C186803685B6ACA
:1025C0009847A0EB08008542D5D20125DBE7D3F878
:1025D000843020469847236B1842DFD123681B6B59
:1025E00032463946204602B0BDE8F041184700BFE8
:1025F00000007A4400007A4130B5074B05460FCB06
:1026000085B06C4684E80F002B682146D3F8A030D3
:102610002846984705B030BD408D0208036810B5C4
:10262000D3F894300446984728B110BDA36C1868BD
:1026300003685B6D9847A36C1868596A0268126951
:1026400090470028F2D023682046D3F89830BDE8A0
:1026500010401847036810B5D3F8E43044F2FF3156
:102660000446984728B9236820461B69BDE81040F6
:10267000184710BD13B5036800220092DC6940F2D0
:10268000722202236FF07F41A04702B010BD30B527
:10269000074B05460FCB85B06C4684E80F002B68CE
:1026A0002146D3F894302846984705B030BD00BF86
:1026B000408D020882B02DE9F041012906A880E88A
:1026C0000C000B9C9DF826609DF8277009D002290C
:1026D00075D000294BD06FF01300BDE8F04102B077
:1026E00070479DF8188042F2107000FA08F00BF065
:1026F00053F95149054607980BF0A6F901462846BB
:102700000BF056FA0BF016FBA8F10503DBB2012B18
:102710009DF8283005468BBF082100211120192083
:102720000BBB4FEA880304EB4707002EC8EB4702B8
:102730000CBF1426002601EB8201DBB2314409B242
:102740005A1E0029A8BF521892FBF3F3BDF82420AB
:102750009DF820109BB2083201FB032300EB83009D
:1027600068438008B9E7A8F102039B00DBE7F800A3
:102770000BF016F9054630460BF012F901462846D3
:102780000BF05AF80546BDF824000BF009F9014694
:1027900028460BF051F80546E0000BF0FDF8014625
:1027A00028460BF049F82549044606980BF000FA34
:1027B000014620460BF0FCF90BF0BCFA8DE79DF8C2
:1027C0001930032B34D8DFE803F002282D3006231C
:1027D000634304330522B3FBF2F39CB23022B4FB13
:1027E000F2F303EB830000EB800002FB1344400094
:1027F000A4B280B214B10234204480B29DF82430D7
:10280000C3EBC30203EBC20300EB43000C4B80B2EB
:1028100058430BF0C1F80B49CCE704EB4404C4F374
:102820004F04DBE76400A4B2D8E704EB4404FAE702
:102830006FF0090051E700BF0000204100007A441A
:1028400000127A001D24F44308B508460BF0A4F8E2
:1028500002490BF0ADF90BF06DFA08BD00007A41AA
:10286000036889B2D3F8E4301847806C704700F0F1
:102870000E03062B0BD0082B0CD00A2B0CD00138E2
:10288000C0B2FD288CBF6FF00100002070476FF4CC
:102890003070704701487047014870473EFDFFFFA8
:1028A0003DFDFFFF10B5B0F89230B0F89610B0F8CB
:1028B0009040024603F001005B0818B1B2F89400A2
:1028C00043409BB2994214BF81EA03000846844208
:1028D000F0D3A2F8923010BD836C2DE9F0411D6851
:1028E0002A6804465769926D0E462846596A9047F1
:1028F000A36C1B68014632462846BC465B69BDE8AE
:10290000F0416047836C70B51C68596A22682046A4
:102910009569926D90472B4601462046BDE8704070
:1029200018470368D3F8D43018470368D3F8D83071
:10293000184730B585B004AC04E90E009DF820308E
:10294000029C032B07D1036808A9D3F8C430984729
:1029500018B105B030BD4FF0FF309DF82030CBB935
:10296000019D1F4928460AF03FFE68B31D492846CD
:102970000AF030FE40B31A4920460AF035FE30B363
:10298000194920460AF026FE002814BF00206FF0E7
:102990006500DEE7012BDCD19DF80430053B072BF9
:1029A00018D8002120460AF01FFEB0B10F4920467A
:1029B0000AF010FE88B19DF80C30043B042B94BF44
:1029C00000206FF00900C4E76FF06400C1E76FF00A
:1029D0006500BEE76FF00800BBE76FF00700B8E7DF
:1029E0009A99193F00009643000048430000FF43B6
:1029F0006FF0180070476FF0180070476FF0180004
:102A00007047036800215B6918476FF01800704732
:102A10001FB50293069B03930368CDE90012D3F818
:102A2000C8306A4602210446984720B923682046E8
:102A3000D3F8CC30984704B010BD30B585B0002530
:102A4000CDE902558DF808300368CDE90012D3F8BE
:102A5000C8306A4603210446984720B923682046B7
:102A6000D3F8CC30984705B030BD6FF018007047F0
:102A70006FF0180070476FF0180070476FF0180083
:102A800070476FF0180070476FF01800704784B0FF
:102A900004A800E90E006FF0180004B07047002091
:102AA00070470148704700BF0000C8C182B08DE880
:102AB0000C00002002B0704700207047002330B5A2
:102AC0001A4601250C3005FA03F40C4204D050F8E4
:102AD00023401F2C18BF22430133202BF3D1104673
:102AE00030BD6FF0180070476FF01800704700207D
:102AF000704770476FF01800704710207047202013
:102B00007047214B0A781A44127C02704A791A44A1
:102B1000127C42708A7A1A44127C8270CA7B1A44F0
:102B2000127CC2700A791A44127C02714A7A1A44E1
:102B3000127C42718A7B1A44127C8271CA781A44D0
:102B4000127CC2710A7A1A44127C02724A7B1A44BD
:102B5000127C42728A781A44127C8272CA791A44B0
:102B6000127CC2720A7B1A44127C02734A781A449D
:102B7000127C42738A791A44127C8273CA7A134493
:102B80001B7CC373704700BF408D0208284B0A7836
:102B90001A4492F8102102704A7B1A4492F81021CC
:102BA00042708A7A1A4492F810218270CA791A44C3
:102BB00092F81021C2700A791A4492F81021027119
:102BC0004A781A4492F8102142718A7B1A4492F88A
:102BD00010218271CA7A1A4492F81021C2710A7ABD
:102BE0001A4492F8102102724A791A4492F810217C
:102BF00042728A781A4492F810218272CA7B1A446F
:102C000092F81021C2720A7B1A4492F810210273C2
:102C10004A7A1A4492F8102142738A791A4492F837
:102C200010218273CA78134493F81031C37370472C
:102C3000408D0208F0B50E7891F801C08D78CF78FC
:102C4000F40904EB44044FEADC1104EBC40401EB87
:102C5000410184EA46048CEA050E01EBC101E4B2AD
:102C600087EA0E0E81EA4C01C9B2EB0984EA0E0E26
:102C700081EA0E0EFA0903EB430303EBC30302EBF5
:102C8000420280F800E086EA050E83EA450387EAFF
:102C90000E0E86EA0C0602EBC202DBB282EA4702A3
:102CA00081EA0E0177407540D2B259406C407B40BA
:102CB0005340624041708370C270F0BD2DE9F04F07
:102CC00091F800B04E78CF788D784FEADB1303EBA4
:102CD000430303EBC30387B083EA4B03DBB20193E7
:102CE000F309FA0903EB430303EBC30302EB4202CC
:102CF00083EA460302EBC20282EA4702DBB2029396
:102D0000D3B24B4A039302EB961402EB971C94F850
:102D100010429CF810C284EA8604E3B28CEA870C65
:102D200004935FFA8CF302EB5B1C02EB95149CF8A6
:102D300010A2059302EB561C019B9CF8108294F89C
:102D4000104202EB551C84EA85049CF810E202EB69
:102D5000571C02EB9B129CF810C292F8109286EA64
:102D600005027A405A40029BE4B288EAC6085A40FB
:102D70005FFA88F88AEACB0A8EEAC50E62405FFAEB
:102D80008EFE5FFA8AFA8CEAC70C89EA8B0988EA18
:102D900002025FFA8CFC8AEA09098EEA0202E9095A
:102DA0005FFA89F98CEA020289EA020201EB410129
:102DB000027001EBC1018BEA05027A4081EA45010C
:102DC000C9B25340049A4B405340059A53408AEA93
:102DD000030388EA03038EEA03038CEA03038BEA06
:102DE000060643707740039B039A79405940019B44
:102DF00075406B405340049A5340059A4C405340F1
:102E000088EA04048AEA030A8EEA040488EA0A08C3
:102E10008CEA04048EEA080E89EA04098CEA0E0C96
:102E200080F8029080F803C007B0BDE8F08F00BFC3
:102E3000408D02082DE9F041846888B0531E0D468C
:102E4000671E0F3204AE13F8011F17F801CF93422B
:102E500081EA0C0106F8011BF5D1077910343E46D2
:102E6000A046012E1BD87B1E002FDBB24FEA0313B6
:102E700008BF00231C4404A96846FFF742FE013D39
:102E8000631E0F3413F8011F10F8012BA34282EACE
:102E9000010205F8012FF5D108B0BDE8F08104A9C1
:102EA0006846FFF72EFE694604A8FFF7C3FE01A996
:102EB00005A8FFF7BFFE02A906A8FFF7BBFE07A8FB
:102EC00003A9FFF7B7FE08F1FF3304AA08F10F00CA
:102ED000117813F801CF81EA0C01834202F8011B3B
:102EE000F6D1013E08F11008F6B2BAE72DE9F04339
:102EF0008468077989B00D4604EB071404A9531EB2
:102F0000661E0F32894613F8010F16F801CF93425F
:102F100080EA0C0001F8010BF5D149466846FFF73D
:102F200035FE3E46A046012EA8F1100819D87B1E9A
:102F30006FF00F02DBB2002F02FB03F308BF002388
:102F40001C44A2186B46013D12F8010B13F8011B3B
:102F5000A24281EA000105F8011FF5D109B0BDE8E0
:102F6000F0836A46434608F11000117813F801CB4C
:102F700081EA0C01834202F8011BF6D169464846FA
:102F8000FFF79CFE01A905A8FFF798FE02A906A875
:102F9000FFF794FE03A907A8FFF790FE013E4946FC
:102FA0006846FFF7F3FDF6B2BDE730B50A4B4D7842
:102FB0009C181D4494F818422A7C624002708A785A
:102FC0001A44127C4270CA781A44127C82700A78C1
:102FD00013441B7CC37030BD408D02080A78084B37
:102FE0001A44127C02704A781A44127C42708A7821
:102FF0001A44127C8270CA7813441B7CC3707047D9
:10300000408D02082DE9F04F9FB016AD0A91041DC6
:1030100000F12403AB46206861682E4603C60834DD
:103020009C423546F7D1531ECDF824B00F3212A87A
:103030005C4613F8015F14F8011B934281EA050115
:1030400000F8011BF5D10EA812A9FFF75AFD0146A1
:1030500012A8FFF7EFFD0FA913A8FFF7EBFD10A9CA
:1030600014A8FFF7E7FD15A811A9FFF7E3FD0DF17F
:10307000670012AA1023117810F8014F013B61403C
:1030800013F0FF0302F8011BF5D101220DA81DA9C1
:103090000B92FFF78AFF9DF858A09DF834309DF8F9
:1030A00059909DF85A809DF85B709DF860109DF8CE
:1030B0005D2002928AEA030A9DF835308DF858A007
:1030C00089EA03099DF836308DF8599088EA03089B
:1030D0009DF837308DF85A805F409DF85C30019341
:1030E0008AEA03038DF85C304B4000938DF8603022
:1030F0009DF861308DF85B7089EA02069DF85E20CC
:103100008DF85D605E409DF86230039288EA0205AA
:103110009DF85F208DF85E505D409DF8633004920D
:1031200087EA02048DF85F405C408DF861608DF89D
:1031300062508DF863409DF864300593059A009BBA
:1031400053408DF864309DF86530069373408DF8D8
:1031500065309DF8663007936B408DF866309DF8BA
:103160006730089319A963408DF86730FFF736FF81
:103170009DF868109DF834309DF835009DF86AC0C0
:103180009DF837E059409DF869308DF8681043404C
:103190009DF836008DF869308CEA000C9DF86B00C4
:1031A0008DF86AC080EA0E009DF86CE08DF86B0027
:1031B00081EA0E019DF86DE08DF86C1083EA0E0334
:1031C0009DF86EE08DF86D308CEA0E0C9DF86FE086
:1031D0008DF86EC080EA0E009DF870E08DF86F00EB
:1031E00081EA0E019DF871E08DF8701083EA0E03FC
:1031F0009DF872E08DF871308CEA0E0C9DF873E04A
:103200008DF872C080EA0E009DF874E08DF87300AE
:1032100081EA0E018DF874109DF875104B408DF801
:1032200075309DF876308CEA030C9DF877308DF878
:1032300076C058408DF8770012A90EA8FFF761FC00
:10324000014612A8FFF7F6FC0FA913A8FFF7F2FC3E
:1032500010A914A8FFF7EEFC11A915A8FFF7EAFCC6
:103260000B9ADC4612A9102308781CF801EB013BED
:1032700080EA0E0013F0FF0301F8010BF4D10EA851
:1032800012A90B92FFF73DFC014612A8FFF7D2FCF2
:103290000FA913A8FFF7CEFC10A914A8FFF7CAFCCA
:1032A00011A915A8FFF7C6FC0B9A0DF1670C12A91E
:1032B000102308781CF801EF013B80EA0E0013F0A0
:1032C000FF0301F8010BF4D10132D2B2072A7FF4D7
:1032D000DDAE1DA90DA8FFF768FE9DF837309DF8FB
:1032E00034009DF835109DF836205F408DF85B70F6
:1032F000019F47408AEA000A8DF85C703846029FB9
:103300008DF858A04F4089EA01098DF85D70394663
:10331000039F8DF85990574088EA02088DF85E7037
:103320003A46049F8DF85A805F403B465C408DF8DA
:103330005F708DF86340009F059C474044400698AD
:103340008DF8607048404E4007998DF865005140F7
:103350005540089A8DF866105A4012A90EA88DF8AB
:1033600067208DF861608DF862508DF86440FFF73A
:10337000C8FB0A9B5A1E0F33099D10F8011B15F854
:10338000014B0995614002F8011F9A42F4D11FB028
:10339000BDE8F08F2DE9F04F97B00EAD039100F12D
:1033A000240400F14403AB46206861682F4603C73C
:1033B00008349C423D46F7D10AA9531ECDF804B00B
:1033C0000F325C460D4613F8017F14F8010B9A4248
:1033D00080EA070001F8010BF5D1294606A8FFF79E
:1033E000D5FBDDE910019DF840709DF841209DF866
:1033F00042309DF843409DF838909DF83980414017
:103400009DF83C00119187EA00018DF840109DF86D
:103410003D109DF83A704A408DF841209DF83E20BD
:1034200053408DF842309DF83F305C408DF843406A
:103430009DF83B4080EA090081EA08017A40634038
:103440008DF83C008DF83D108DF83E2015A907221F
:1034500005A88DF83F30FFF7A8FD9DF8143089EAE4
:1034600003099DF815308DF8389088EA03089DF817
:1034700016308DF839805F409DF817308DF83A701E
:103480005C408DF83B40062406AB0DF147060293E5
:10349000374619460022087817F801CF0132D2B218
:1034A00080EA0C00102A01F8010BF4D106A9284685
:1034B000FFF704FC07A90BA8FFF700FC08A90CA85C
:1034C000FFF7FCFB09A90DA8FFF7F8FB294606A8A2
:1034D000FFF75CFB5F4601460022087817F801CB36
:1034E0000132D2B280EA0C00102A01F8010BF4D1AB
:1034F00006A92846FFF7E2FB07A90BA8FFF7DEFBAA
:1035000008A90CA8FFF7DAFB09A90DA8FFF7D6FB5D
:10351000294606A8FFF73AFBDDE914129DF8500092
:103520009DF84C709DF851809DF852E09DF848A0A0
:103530009DF849909DF853C04A40159280EA0702D1
:103540009DF84D009DF84E108DF8502088EA00023D
:1035500087EA0A079DF84A808DF851208EEA010219
:103560008DF852208DF84C709DF84F209DF84B70CF
:1035700080EA090081EA08018CEA020C8DF84D000E
:103580007A408DF84E1005A811A98DF853C08DF81A
:103590004F20FFF723FD9DF814209DF83CC09DF8B7
:1035A00043E08AEA020A9DF815208DF848A089EACE
:1035B00002099DF816208DF8499088EA02089DF8C6
:1035C00017209DF841908DF84A8057408DF84B7038
:1035D0009DF840709DF842809DF838A087EA0C075E
:1035E000DDE910128DF840709DF83D7089EA0709F9
:1035F0004A408DF841909DF83E109DF83990119207
:1036000088EA010887EA09079DF83F208DF8428083
:103610008DF83D709DF83A809DF83B708EEA020E61
:1036200081EA08017A408CEA0A0C8DF83E108DF888
:103630003F2015A922468DF843E08DF83CC0FFF7E6
:10364000B4FC9DF814208AEA020A9DF815208DF832
:1036500038A089EA02099DF816208DF8399088EA89
:1036600002089DF817208DF83A80013C574014F06D
:10367000FF048DF83B707FF407AF06AA117816F8A7
:10368000010F0134E4B24140102C02F8011BF5D1C6
:1036900006A92846FFF712FB07A90BA8FFF70EFBA8
:1036A00008A90CA8FFF70AFB09A90DA8FFF706FB5C
:1036B000294606A8FFF76AFA039B039A013B02F129
:1036C0000F060299019811F8012B029110F8011BC5
:1036D00001904A4003F8012F9E42F2D117B0BDE895
:1036E000F08F40680368DB68184770B5044640688F
:1036F00003689B680D4616469847102807D16068F6
:103700000368324629461B69BDE87040184700200F
:1037100070BD2DE9F04704460F4616461D4600F1E0
:10372000080800F118094FF0000A0DB9BDE8F0874C
:1037300094F828300F2B0ED894F82800C0F1100010
:10374000C0B2A84220D82D1A06EB000C39466645B7
:103750001CD10744E9E76068036849465B69424653
:10376000984794F8290084F828A010210123884262
:10377000E2D24A1ED1B254FA82F292F808C06344EF
:103780001372C3F30F23F2E7E8B2DCE794F82830B2
:1037900016F8012B03F1010E234484F828E01B7E68
:1037A000534001F8013BD2E710B40468A469A44671
:1037B00010BC60472DE9F047CC691326E30F0D1FBD
:1037C00024F000440027A3FB0636CC61AC46B94682
:1037D0004FF0260EDCF824805CF8044FCA46E8FB64
:1037E0000E4A0137E418FFB246EB0A03BA42CCF89E
:1037F00000404FF00006EDD1082A0CD051F82240CD
:10380000E41841F8224002F10102D4B246F100036B
:103810000026082CF1E72624A3FB043204FB062231
:10382000CC691326E70FE7FB063224F000460C466E
:103830002F4644F81C6F57F8046FF61842F1000346
:10384000BC423E604FF00002F5D12E46132756F8D9
:10385000043FDB1942F10007B44233624FF000022B
:10386000F5D1CB6BDE1723F00043CB63043855F85A
:10387000042F2B6A534033405340AC4240F8043F7E
:10388000F5D1BDE8F087F0B589B06D46034600F18B
:1038900020070146002613202C4651F8042B12184D
:1038A00046F100008F4245F8042B4FF00006F4D19A
:1038B000079AD61722F00042191FF04307921C33D3
:1038C00051F8045F54F8042B6A4032406A408B423E
:1038D0000A60F5D109B0F0BD2DE9F04F93B002AF09
:1038E0000024D1F800C00B4602F1200816462546F8
:1038F000394656F804EBEEFB0C45464547F8044BB9
:103900002C464FF00005F4D10A940AAF03F11C09CC
:10391000019553F8044FA7F11C0E25469446002646
:10392000DEF800405CF804ABDDF804B0EAFB054BC0
:10393000A4194BF10006C4454EF8044BF0D199454B
:1039400047F8046FE5D10822FFF734FF13B0BDE854
:10395000F08F0A46C0E7F0B4002401F1200C0546C0
:10396000264651F8043B52F8047BDB1946EB060768
:103970001B1947F10004614545F8043BF1D1F0BC47
:1039800081E7F0B5002301F12007054651F8044B0B
:1039900052F8046B03F00103E41A63EB0303A41B66
:1039A00063F10003B94245F8044BEFD1014603F03F
:1039B000130251F8043B04469B1A44F8203B62EB87
:1039C00002020B6802F001029B1A41F8043B62EB11
:1039D0000202A142F5D123F00043C361F0BD404291
:1039E00030B5A1F1040065EB0505043A1C3150F82F
:1039F000044F52F8043F63402B405C40046014685D
:103A0000884284EA03041460F1D130BD402070473D
:103A10000E4A0F4B0F49DFF840C0C0E902230F4B9D
:103A2000C0E904130E4BC0E906C30E4B036203F159
:103A30007453A3F52303A3F692434362002380F853
:103A4000703000220023C0E91A23704767E6096A34
:103A500085AE67BB72F36E3C7F520E513AF54FA5AF
:103A60008C68059BABD9831F2DE9F04F00F124052D
:103A70008BB000F164072B4653F8042F12BA9F4213
:103A80001A60F9D183680293C368039303690493AE
:103A90004369059383690693C3690793036A08938F
:103AA000436A0993DDE908B8DDE9061CDDE904E9AC
:103AB000DDE90246594B0193019B55F804AF53F8D9
:103AC000042B01934FEAF12383EAB113524483EAB2
:103AD0007163134401EA0C0A2BEA010282EA0A022A
:103AE000134486EA0E024344224006EA0E0882EAA4
:103AF00008024FEA743888EAB40888EAB45898444F
:103B0000AF424B444244F146D84678D11025019546
:103B1000019D0F3D05F00F050A3550F825A0019DC8
:103B2000023D05F00F050A3550F82590019D05F07E
:103B30000F08073D05F00F0500EB88080A35D8F897
:103B4000287050F825503D442F464FEABA4585EA83
:103B5000FA1585EADA054FEAF94A8AEA794A8AEAE1
:103B6000992A3D4455444FEAF329C8F8285003EAFE
:103B7000010A89EAB3192CEA030889EA736988EA19
:103B80000A08C844254FDDF8049057F82970B84456
:103B9000A84408EB0B054FEA723984EA060889EA63
:103BA000B20908EA020804EA060A89EAB25988EA70
:103BB0000A08C844A84405EB0E09019D0135402DB3
:103BC0000195B646E34621D1029D45448560039D9B
:103BD0001544049AC56022440261059A3244426148
:103BE000069A4A448261079A1A44089BC2610B44B0
:103BF0000362099B634443620BB0BDE8F08FE34668
:103C0000B6468C4626461946144655E78C46264647
:103C1000194614464B4642467AE700BF648F0208B5
:103C2000102A70B548D100F10C0301F1100251F8CF
:103C3000044B43F8044B9142F9D100F1180100F113
:103C4000B80601250423042B01F1040020D12A46E3
:103C5000FFF7ABF90B7911F80C2CCC7953400B71B1
:103C600011F80B2C4B7953404B7111F80A2C8B79BE
:103C700053408B7111F8093C01355C40EDB20023D3
:103C80000133B042CC71DBB20146DCD1012070BD02
:103C900011F80C4C0A7862400A7111F80B4C4A7802
:103CA00062404A7111F80A4C8A7862408A71CC7875
:103CB00011F8092C5440E3E70020E8E7202A70B50A
:103CC0005DD100F10C0301F1200251F8044B43F8DF
:103CD000044B9142F9D100F1280100F1F8060125C9
:103CE0000824082C01F1040020D12A46FFF75DF9D1
:103CF0000B7911F81C2C53400B7111F81B2C4B79CC
:103D000053404B7111F81A2C8B7953408B7111F879
:103D1000192CCB7901355340EDB200240134B04267
:103D2000CB71E4B20146DCD1012070BD042C15D169
:103D3000FFF754F90B7911F81C2C53400B7111F853
:103D40001B2C4B7953404B7111F81A2C8B79534033
:103D50008B71CB7911F8192C5340DFE711F81C2C2B
:103D60000B7853400B7111F81B2C4B7853404B715F
:103D700011F81A2C8B7853408B71CB78EAE700202E
:103D8000D3E7202A0AD1043001F1200351F8042B93
:103D900040F8042B9942F9D1012070470020704768
:103DA0002DE9F04F91B004460D46FFF7EAFF0C9065
:103DB000002800F04481294604F1240305F1200283
:103DC00051F8040B43F8040B9142F9D104F140037C
:103DD000039304F130034FF0010B0D935A460399FE
:103DE0000FA8FFF7E2F894F824A09DF83C3094F86F
:103DF000259094F8268094F827208AEA030A9DF8F3
:103E00003D3084F824A089EA03099DF83E3084F807
:103E1000259088EA03089DF83F3084F826805340B7
:103E200094F82920059289EA020794F82A2006923C
:103E300088EA020694F82B20019307920799019AC9
:103E400084F8273094F82830049382EA010594F826
:103E50002C2084F829708AEA030384F82830534020
:103E6000029384F82C3094F82D3084F82A605F4057
:103E700084F82B5084F82D7094F82E300D995E4004
:103E800094F82F3084F82E605D4094F83030089319
:103E9000089A029B84F82F50534084F8303094F8ED
:103EA000313009937B4084F8313094F832300A93F2
:103EB000734084F8323094F833300B936B4084F8BD
:103EC0003330FFF78BF894F834209DF83C309DF8A0
:103ED0003D1094F836C09DF83FE05A4094F83530D4
:103EE00084F834204B409DF83E1084F835308CEA3D
:103EF000010C94F8371084F836C081EA0E0194F86A
:103F000038E084F8371082EA0E0294F839E084F839
:103F1000382083EA0E0394F83AE084F839308CEACA
:103F20000E0C94F83BE084F83AC081EA0E0194F854
:103F30003CE084F83B1082EA0E0294F83DE084F8FD
:103F40003C2083EA0E0394F83EE084F83D308CEA8E
:103F50000E0C94F83FE084F83EC081EA0E0194F81C
:103F600040E084F83F1082EA0E0284F8402094F882
:103F70004120534084F8413094F842300BF1010B5A
:103F80008CEA030C94F8433084F842C05FFA8BFB50
:103F90005940BBF1070F84F843107FF41FAF03991A
:103FA0005A46FFF702F89DF83FE0019B9DF83C0060
:103FB0009DF83D109DF83E2083EA0E0C049B84F88A
:103FC00027C043408AEA000A84F828301846059B37
:103FD000DDF808C084F824A04B4089EA010984F880
:103FE00029301946069B84F82590534088EA020838
:103FF00084F82A301A46079B84F8268083EA0E0349
:104000005D4084F82F50089D84F82B308CEA000C1A
:104010004540099884F82CC04F4048400A9984F8DC
:104020002D70564051400B9A84F82E605A4084F807
:10403000305084F8310084F8321084F833200C9822
:1040400011B0BDE8F08F102A10B50ED100F10803B1
:1040500001F1100251F8044B43F8044B9142F9D19D
:10406000102380F82830012010BD0020FCE72DE946
:10407000F84315468946D100D0E91A325B1842EB65
:104080005572C0E91A32044600F128074FF00008C3
:104090000DB9BDE8F88394F87000C0F14006F6B29F
:1040A000AE4288BFEEB24946324638440FF00AFFAE
:1040B00094F870303344DBB2402B84F87030A5EBB9
:1040C0000605B144E4D12046FFF7CEFC84F87080A9
:1040D000DEE7F8B500F1280590F870301746802229
:1040E000EA5490F87020372B04460E4602F1010086
:1040F0002FD8C2F13702002128440FF038FEA36EFA
:1041000019BAE36E1A06180A42EA136200F47F40F5
:104110001B02024303F47F031343C4E91831204612
:10412000FFF7A2FC231D04F1240153F8042F12BA57
:104130008B421A62F9D1236820469B689847B8429F
:104140000246294628BF3A463046BDE8F8400FF0FF
:10415000B9BEC2F13F02002128440FF008FE2046FC
:10416000FFF782FC382200212846C6E72DE9F843F4
:104170001D4603689DF82090DB6804460E46904675
:104180009847236807461B6920469847AF420ED3DD
:104190002A46414630460FF095FE74197A1B49466F
:1041A00020460FF0E4FDB44217D1BDE8F883236840
:1041B0002A46414620465B699847236820469B680B
:1041C0009847236802469B69054631462046984732
:1041D000236820461B699847DFE716F8013B89EA08
:1041E000030306F8013CDEE713B513463622044606
:1041F00000920A4600F12801FFF7B8FFD4E91A320D
:1042000013F5007342F100022046C4E91A3202B0ED
:10421000BDE8104028E410B5044610F0F9FD204632
:1042200010BD10B5044610F0F3FD204610BD10B5CA
:10423000044610F0EDFD204610BD10B5044610F008
:10424000E7FD204610BD10B5044610F0E1FD204604
:1042500010BD90F8282008B512B103681B6B984771
:10426000BDE80840EFF758BD0846431C114601D091
:1042700008F092BA70470846A0F11D03032B1146BF
:1042800001D908F089BA70470846431C114601D08D
:1042900004F094BA704708461F28114604D81D2818
:1042A0001DD80DD004F08ABA2028FBD14FF0B043BE
:1042B000D3F8942081B942F40042C3F894207047A7
:1042C000074BD3F8902021B922F40042C3F8902084
:1042D000704742F40042F9E722F40042EDE77047EC
:1042E000000400584B1C084601D004F0A1BA00207D
:1042F0007047A1F11D030846032B1BD8DFE803F02C
:104300000D0207130C4B5869C0F3400070470B4B6C
:10431000D3F80401C0F380407047074BD3F89000F6
:10432000C0F3C03070474FF0B043D3F8940080F42E
:104330000040F5E704F07CBA0004005800E100E01A
:104340002DE9F04F1D464B1C8DB00C46164600F073
:10435000BA8004A808F014F90023079326B16F4B24
:1043600007936F4B04960693E3B21C2B00F2AE80CA
:104370006C4A52F8236004F4E0642643C6F3031049
:10438000EFF75EFC0446002800F09A80022D00F052
:10439000B180032D00F0B180002D0CBF4FF4041547
:1043A0004FF4881506F00F060127B74004A908A8A6
:1043B00008F0EBF81FFA87F80023B8F1010F03F1BA
:1043C000010240F09D80DBB2E068CDF80480590026
:1043D0004FF0030909FA01F20240CA4002EA090A51
:1043E00005F480120292504805F400120026039250
:1043F000019AB2403A404BD0D4F80CC0750009FA8B
:1044000005FE2CEA0E0C0AFA05F545EA0C05E560F6
:10441000256826F0030C0CF1804C25EA0E050CF5FE
:10442000803C2560B4F1904FDCF808806CD03F49A7
:104430008C426BD03E4DAC4214BF0725022506F0DE
:10444000030E4FEA8E0E072101FA0EFB28EA0B0835
:1044500005FA0EF545EA08050299CCF808500568FA
:104460006FEA020C002953D105EA0C050399056097
:10447000456800294ED015434560D0F880502A4346
:10448000C0F88020D0F8842002EA0C02C0F8842012
:10449000013637FA06F5ABD1142202FB03F4254EA0
:1044A000201D08A9304408F080F830572A4606211C
:1044B000EEF71AF83057EDF7ECFF08A8EFF73EFAE1
:1044C00004A8EFF73BFA0DB0BDE8F08F04F0C0028E
:1044D000C02A0CD1C82B0AD8174B04F03F0204F4B1
:1044E000E06453F822200F4B53F8226045E74FF069
:1044F000FF3643E74FF4441554E74FF4041551E7F2
:104500004FEA5808134658E7002598E7012596E733
:104510001543ABE70CEA0505AEE700BF8B040008C6
:104520008F0400087C860208000800580004004838
:1045300000080048C01A0020F08602081FB568462F
:104540000C4608F01DF80B4B039369460A4B0B48C9
:104550000293009408F029F8094B4FF48022C3F825
:1045600084213220EDF795FF6846EFF7E7F904B0B4
:1045700010BD00BF7146010829240108B01A0020AF
:1045800000E100E04B1C70B559D0CBB21C2B42D8D7
:104590002B4A52F8233001F4E06119430B0913F060
:1045A0000C044CD1274A03F00F0352F82330002BA0
:1045B00045D001F00F0101238B409BB2012B04F188
:1045C000010239D1E4B214261F4D6643301D284440
:1045D00006F0C2FAA9572B461022284693F900503C
:1045E0008D4201D1DD6855BB013A03F11403F5D1C9
:1045F000164A174902EB8402D1F88030D2F82423FE
:1046000023EA0203C1F8803014235C430057BDE85D
:104610007040EDF74BBF01F0C002C02A0FD1C82B8C
:104620000DD80C4B01F03F0201F4E06153F8222059
:10463000034B53F82230B0E75B081446BEE770BD69
:104640007C860208FC880208C01A0020408D0208FF
:1046500000080058F086020808B53220EDF726FF62
:10466000BDE80840014806F077BA00BFB01A002044
:1046700010B504463220EDF719FF2368BDE810405D
:104680001847084609B104F011B97047EFF708BBA5
:104690002DE9F8431D464B1C14464DD0CBB21C2BC4
:1046A00010D82D4A52F8233001F4E061194309096A
:1046B00003F00F03012611F00C0F06FA03F612D0D7
:1046C000002715E001F0C002C02A2CD1C82B2AD83F
:1046D000224B01F03F0201F4E06153F822201E4B0F
:1046E00053F82230E2E71E4B01F00F0153F821701E
:1046F000002C18BF3446EFF7D3FA80463B693340AD
:10470000A34213D03B6933409C4217D1EFF7C8FA5C
:1047100081463B6933409C4217D0EFF7C1FAA0EBCA
:104720000900BDE8F8834FF40046C9E7EFF7B8FA8F
:10473000A0EB08008542E1D20020F2E7EFF7B0FAE3
:10474000A0EB08008542DDD2F6E7EFF7A9FAA0EB6F
:1047500008008542DDD2EFE77C860208F086020879
:10476000FC880208C069064981670022012380F89D
:104770005D2080F87C3080F87D20FCF7FFBD00BF15
:1047800000093D0017B4C469D0E90801A36F6A4667
:10479000984282E8030005D1B4F87C10BDF80430DB
:1047A00099420ED093880098A067A4F87C3094F8C2
:1047B0007C3094F87D20A16F204603B010BCFCF73C
:1047C000DDBD03B010BC7047481C1FD0C9B21C2906
:1047D0000DD80F4B53F821305A1C17D00D4A1268D0
:1047E000934213D10C4B186880B1EFF7ECB801F08D
:1047F000C003C02B0AD1C82908D8084B01F03F01DB
:1048000053F82120024B53F82230E5E7704700BFF0
:104810007C86020800010020A8500020F0860208D3
:104820002DE9FF474D1C90461C4633D09D4DC9B223
:104830001C292B6821D89C4A52F821703BB9B4201E
:1048400010F0DEFA9949064607F0D6FE2E60781C75
:1048500020D0974B1A68511C01D097421AD1B8F555
:10486000803F17D22E68B8F1000F1ED196B13046A6
:1048700004B0BDE8F047EFF7A6B801F0C002C02AC7
:104880000BD03BB9B42010F0BBFA8849044607F0BE
:10489000B3FE2C6004B0BDE8F087C829F1D8854A82
:1048A00001F03F0152F82110C5E74FEA48081F60A8
:1048B000E4B108FB04F44FF47A72B4FBF2F4384626
:1048C00001215C60EFF76EFA4FF0B04334699F68E6
:1048D000D3F80831784B621C1B687BD0774B9C4225
:1048E0000ED006D8B4F1804F6BD0FEE74FF0FF3406
:1048F000E5E76E4B9C4203D003F580639C42F4D104
:1049000007F46057EEF79CFEB7F5C06F63D827F445
:104910008077B7F5806F5BD0B0FBF8F0020C531CCA
:10492000984232BF0020B0FBF3F000F1FF30A262EA
:10493000E062F061226812F0010207D1E36896F8A4
:104940004C1013F0010349D101295ED1684607F0EC
:1049500017FE5B4B00935B4B03935B4B0293F36E31
:1049600006F164006946002B59D007F01EFE684628
:10497000EEF7E4FF554F2C6807F1040804F1020933
:1049800026460025012139F8023F002B61D004F1B1
:104990007C0252F825A0BAF1000F07D098F8000069
:1049A0002269C1431161D1680143D160013B0A2BE7
:1049B0004ED8DFE803F042424242424242C7C7C7F4
:1049C0008D0007F4E067EEF729FEB7F5C06F9BD1C5
:1049D0004000A1E7FEE7B7F5E06F9CE7E368012937
:1049E00023F00103E36008D0022386F84D30012351
:1049F000636186F84D3086F84C206FF00103236127
:104A0000E36843F00103E360A0E7022286F84D204B
:104A10000122626186F84D2086F84C3096E707F057
:104A2000C4FD029B002BA2D033696FF001021A6112
:104A3000DA6842F00102DA6099E73378DB0604D5E0
:104A4000294604F1100007F073FF3378D80722D409
:104A500000210435102D06F1010607F1010708F1C8
:104A6000010890D1E36E3BB123696FF001021A6136
:104A7000DA6842F00102DA6000293FF40BAF2369E3
:104A80001B68DB073FF506AF04F1100004B0BDE87A
:104A9000F04708F0A5B8294604F1100008F026F800
:104AA000D6E700BFA85000207C86020800440140E1
:104AB00000010020F086020800400058002C014050
:104AC000737F01088B0400088F040008A49002087B
:104AD000294604F1100007F07BFF3A78013AA15C07
:104AE00011F0100306D0022A2AD8194B03EB420317
:104AF000B3F86C33C90707D5032A21D8DFE802F0E1
:104B000002171A1D43F001032169086A03430B626F
:104B1000BAF1000F9CD0032A13D80D4B134493F81D
:104B20006823D3430B61CB681343CB6090E743F01A
:104B30001003E9E743F48073E6E743F48053E3E7C7
:104B4000FEE7FEE7294604F1100007F041FF7FE78A
:104B5000408D0208F0B587B001AC84E80E00036810
:104B60009DF83060D3F8C430029F0DF1170105465F
:104B700098470446002856D1032E9DF8173002D0DE
:104B8000B3420FD13346E3B92B6801991B6C284619
:104B900098470446002846D12B6839465B6C284666
:104BA00098470CE02B6828461B69984738B92B6852
:104BB0003146D3F8C030284698470028E2D0044652
:104BC00031E0012B16D12B689DF80410D3F8E030AA
:104BD00028469847044630BB2B683946D3F8DC306A
:104BE000284698470446F0B99DF80C10284604F072
:104BF00062F9E4E7022B16D19DF805209DF80430F8
:104C0000032A13D8092B85F8882012D885F8893013
:104C1000032385F88A304FF48073A5F898309DF807
:104C2000063085F88F30204607B0F0BD6FF00904DC
:104C3000F9E76FF00704F6E78AB2114604F025B9E8
:104C400007B50023ADF8043001AA02231221806CBD
:104C500004F01EFABDF8040040BA80B203B05DF85B
:104C600004FB08B5806C06F0BFF9C0B208F036F955
:104C7000044B002201F1004108F09AF908F086FD8A
:104C800008BD00BF0000E03F04F066B890F83610A1
:104C900004F046B804F044B82DE9F04186B00E4661
:104CA000174600211422044601A80FF060F83A4686
:104CB000314601A8FCF71CFF10B9059B236108E0F1
:104CC000049D4FF000082A4643462046FCF736FD77
:104CD00018B9002006B0BDE8F081216821B92A4644
:104CE0002046FCF709FDF5E7E368A2682B449342F0
:104CF00005D923690E4A002B08BF1346DEE7636817
:104D000001913A46314601A8CDE90235CDE9048842
:104D1000FCF7EEFE049AE3681344E360AA42029BA8
:104D20006360059B01D12361D4E7024AE3E700BF3A
:104D300024AB0208C2AB020810B48C7D4B8A04F08D
:104D40000F04022C17D1012B05D1CB691A7800234F
:104D500010BCFCF7F3BC022B02D1CB691A88F6E732
:104D6000042B02D1CB691A68F1E7082B24D1CB6957
:104D7000D3E90023ECE7012B0DD1CB6993F9002097
:104D8000D317032CE4D1921843EB030182EAE372B8
:104D900081EAE373DCE7022B03D1CB69B3F900208E
:104DA000EEE7042B02D1CB691A68E9E7082B03D19F
:104DB000CB69D3E90023E4E70369044A10BC002B64
:104DC00008BF134603610020704700BFA3AA020872
:104DD0004A8A042A02D1C969FCF78EBC082AFAD093
:104DE00002690349002A08BF0A4602610020704791
:104DF000A3AA020830B50B4D01444FF0FF338142A6
:104E000001D1D84330BD10F8012B5340082243F3A1
:104E10000004013A2C4012F0FF0284EA5303F6D159
:104E2000EDE700BF2083B8ED2DE9F74F90F810B003
:104E300001930C9B0093437CDDF834904FEADB0632
:104E400006EBD3064E4404463046884692460FF0A1
:104E5000D7FF054630460FF0D3FFBBF1080F5FFACE
:104E600088F307465FFA8AFC95BF2846284643EA3E
:104E70000C0343EA1A238CBF00F8023B00F8013B05
:104E8000638988BF85F801C0434501994A4630D1FE
:104E90000FF018F8206803685B6B98472068216A58
:104EA0000368C268DB689847206803683246D3F815
:104EB00038B029463B46D8472068216A0368026912
:104EC000DB68984720680368DB6B98472389434574
:104ED00006D1217C00984A4607EBD1010EF0F2FF83
:104EE00028460FF095FF384603B0BDE8F04F0FF0AD
:104EF0008FBFA1890EF03BFFCCE72DE9F84FDDF81D
:104F000030809DF834B004460E46154602EB080A80
:104F1000994613B9837C0AEBD30A50460FF070FF11
:104F20002A46074631460EF0CDFF7819B9F1000F39
:104F300055D00A9942460EF0C5FFBBF1000F07D0CD
:104F4000E26A20680132036850D1DB693221984758
:104F500050460FF055FF0646206803685B6B984784
:104F60002068216A0368C268DB6898472068036884
:104F70009B6B52469C4639463346E0472068216A7F
:104F800003680269DB68984720680368DB6B984711
:104F9000BBF1000F07D0E26A20680132036843D1F9
:104FA000DB69012198476369002B5CD0B8F1000FE1
:104FB0005BD0E27CB05C98478246B9F1000F07D124
:104FC000A37C0B9805EBD301424631440EF07AFFE7
:104FD00038460FF01DFF30460FF01AFF21E0A27C8B
:104FE000A18908EBD2020EF0C2FEA6E75B6A9847E1
:104FF00006462068E16A03681B6998470028A7D025
:10500000206803685B6D9847206803685B6A98476F
:10501000E369801B9842ECD338460FF0F9FE6FF439
:10502000307A5046BDE8F88F1B6A01219847206806
:1050300003685B6A984782462068E16A03681B69D7
:1050400098470028AFD0206803685B6D98472068B8
:1050500003685B6A9847E369A0EB0A009842EBD3C8
:105060006FF4307AA9E79A46A7E7C246A5E72DE98B
:10507000F0431F46037987B006468C4643B9CDE915
:1050800000720A460189FFF7CFFE07B0BDE8F08342
:1050900090F9115090F811E0002DB8BF0735C5F315
:1050A000C705681E40B204AC4FEAC008034621465B
:1050B000002B15DA0130307CB8BF0025C0080D4444
:1050C000441E64B2631C16D10123CDE902230023E0
:1050D00000EBDE02019700933046FFF70EFFD4E7A6
:1050E000B6F80890013B49FA08F904F8019B5BB255
:1050F000A8F10808DCE7E3002CFA03F305F8013B0C
:10510000013CDEE7F0B589B000238DF81730037954
:1051100004460A465BB9012101910DF11701009186
:105120000189FFF781FE9DF8170009B0F0BD90F9E5
:105130001130467C002BB8BF0733C3F3C703581E9A
:1051400040B206AF4FEAC00C05463946002D17DACB
:10515000257C0130B8BF0023ED080B44681E40B227
:10516000471C18D10123CDE902330DF11703019338
:105170000023009305EBD6022046FFF7BEFED2E7E0
:10518000B4F808E0013D4EFA0CFE07F801EB6DB2F1
:10519000ACF1080CDAE7C70022FA07F703F8017B45
:1051A0000138DCE72DE9F04317461A46037987B04A
:1051B00006468C464BB9CDE900320A463B4641894A
:1051C000FFF732FE07B0BDE8F08390F9115090F878
:1051D00011E0002DB8BF0735C5F3C705681E40B202
:1051E00004AC4FEAC00803462146002B15DA013013
:1051F000307CB8BF0025C0080D44441E64B2631C57
:1052000016D10123CDE902230022CDE9007200EB83
:10521000DE023046FFF771FED4E7B6F80A90013B94
:1052200049FA08F904F8019B5BB2A8F10808DCE729
:10523000E3002CFA03F305F8013B013CDEE773B50C
:1052400000230E460DF1070240F6D80105468DF801
:10525000073003F0C4FF044670B99DF8073076B1FB
:1052600043F01E038DF80730A86C01230DF10702EF
:1052700040F6D801FFF796FF204602B070BD23F03C
:105280001E0343F00803EDE7D0F8A0302DE9F34109
:1052900004460E46002B63D0FDF704FBB4F89030B3
:1052A000471EBAB23FB2B7EB530FA8BFD21A03F0F2
:1052B000010594F88F30A8BF17B20135002B53D0E9
:1052C000AD004FF480584FF09841206C08F0BCFBC3
:1052D0004FF0745108F0B8FB08F02CFDD4F8A4206E
:1052E00094F88A306D0208FB07559A42A0EB05003E
:1052F00004D29B1ADB0758BF00F5807006EB460707
:1053000000BA7F00042301900DEB0302A06C07F2AA
:105310008A31FFF747FF66B394F88A30B3422AD840
:10532000D4F89C50312D28D8ADB200238DF8003030
:10533000A06C8DF8015002236A4607F56271FFF7F1
:1053400031FFD4F89C305B1BC4F89C30D4F8A030FB
:10535000013BC4F8A030D4F8A4300133C4F8A43021
:10536000002002B0BDE8F0811A235D434FF4D0481D
:10537000A9E77325D9E77225D7E73225D5E770B5B8
:1053800086B000238DF8133090F91130427C002B49
:10539000B8BF0733DB10013B04465BB205A8DD0054
:1053A0000146002B16DA0123CDE902330DF1130378
:1053B000019300230093D2082046FFF79EFD054687
:1053C00028B963691BB19DF813009847E08028460F
:1053D00006B070BDE689013B2E4100F8016B5BB25F
:1053E000083DDEE72DE9F04100F1300305460C46AB
:1053F0000F4601F110083E4603CE4645186059603D
:10540000374603F10803F6D130681860043C6A643B
:10541000286854F8041F036882689B6898474445CD
:10542000F6D1BDE8F081F8B50546FCF734FF88B148
:10543000041D05F12C0605F1400756F8041F00294C
:1054400004DB286822680368DB689847BE4204F1E1
:105450000404F2D1F8BD08B5806C0221FFF7E3FF28
:105460004FF0FF3008BD836903B1184718467047F5
:105470002DE9F04390F9114090F811E0002CB8BFED
:10548000073487B0E410013C054664B205A89DF8D6
:1054900038809DF83C608C46E7000146002C11DA0C
:1054A000CDE902380023CDE90023284601234FEA45
:1054B000DE02FFF722FD68B966B1284607B0BDE8F5
:1054C000F043D0E74CFA07F9013C00F8019B64B2C5
:1054D000083FE3E707B0BDE8F0832DE9FF4103682B
:1054E00000229B6D05460E4698470446B8BB1E4BEE
:1054F0008DF80B00093603EB46060DF10B0296F80A
:10550000723340F6E701284603F00F081F0903F045
:1055100066FE044618BB02463B464146284603F059
:1055200039FC0446D8B996F873738DF80C700126CF
:10553000CDE9006604238DF80D30A86C022303AA80
:105540008E21FFF795FF044648B9A86C85F878705E
:1055500033460DF10B0240F6E701FFF723FE20462C
:1055600004B0BDE8F08100BF408D02082DE9FF4185
:105570000E464FF000080DF10B0240F6E70105461C
:105580008DF80B8003F02BFE044600285DD12B68BC
:105590002846D3F8D030984704210246FCF77BFE1A
:1055A000032107461046FCF776FE28B167B90E2E98
:1055B0004FDD6FF00C0448E016F1090FF9DB002F06
:1055C000F7D006F1090303E00E2EF3B20DDD093327
:1055D000DBB21F2BEDD8072322460421284603F017
:1055E000D9FB0423044601210CE01133DBB21F2B4D
:1055F000DFD8234604210122284603F0CBFB0323F6
:105600000446414685F84430FCB92846FFF717FEAA
:105610000446D0B90127CDE9007704238DF80D3079
:10562000A86CF6B2022303AA8E218DF80C60FFF756
:105630001FFF044648B9A86C85F878603B460DF119
:105640000B0240F6E701FFF7ADFD204604B0BDE8D0
:10565000F08106F11103DBB21F2BAAD823460421E7
:105660000122284603F096FB032304463946C9E786
:105670001FB50B0C8DF80C300B0A8DF80D30002285
:105680000123CDE900328DF80E10032303AA8221F5
:10569000806CFFF7EDFE05B05DF804FBF0B585B05A
:1056A0000024009405462346224640F6E201806C21
:1056B00003F062FC00942346224640F6E501A86C04
:1056C00003F05AFC6FF07F412846FFF7D1FFAB6C27
:1056D000186803680A21DB699847264627460DF1BA
:1056E0000F0240F6190128468DF80F7003F077FD80
:1056F0009DF80F0000F00100A04001343043082C59
:10570000C6B2ECD12B6828461B6998470097A86C55
:105710000023012240F6E20103F02EFC0097A86C62
:105720000023012240F6E50103F026FC304605B0D7
:10573000F0BD30B590F83450022D85B0044606D047
:10574000032D12D06FF01805284605B030BD29464C
:10575000806CFFF768FED4F884102046FFF788FFBE
:105760000546002384F83430EEE790F84410806C4E
:10577000FFF759FE0023ADF80C308DF80E300123F1
:10578000CDE9003303AA2B46A06C8321FFF770FEFE
:1057900005460028D8D1A36C1868D96A0268126936
:1057A00090470028DDD0A36C186803685B6D9847AC
:1057B000F1E71FB50123CDE9003349BA0223ADF863
:1057C0000C1003AA1946806CFFF752FE05B05DF875
:1057D00004FB10B5FFF7EDFF074B4FF48022C3F831
:1057E0008421064BD3F88830044613B13220ECF7FD
:1057F00050FE204610BD00BF00E100E0301A00203E
:105800001FB50123CDE9003309BA0391042303AA8C
:105810008621806CFFF72CFE05B05DF804FB37B5E0
:105820000D46044690F84410806CFFF7FCFD55B916
:105830000123CDE900330023A06C1A46D121FFF7E4
:1058400017FE03B030BD29462046FFF7D9FF0028D8
:10585000EED0F6E730B585B00D0C089C8DF80C3015
:10586000230C8DF80D300123CDE9003308238DF88A
:1058700008508DF80A100D0A8DF80B2064BA0DEB54
:1058800003028B21806C8DF80950ADF80E40FFF7B4
:10589000EFFD05B030BDF0B585B005460E4603F00E
:1058A000E4FA0446002867D18DF808600126CDE9A6
:1058B00000663346A86C02AA8A21FFF7D9FD044688
:1058C000002859D195F83630CDE90066002B0CBF81
:1058D000202330238DF80830A86C334602AA932188
:1058E000FFF7C6FD0446002846D103238DF8083093
:1058F00095F84C30ADF80C00CDE900660D338DF80D
:1059000009300A23ADF80A308DF80E000723A86C81
:1059100002AA8821FFF7ACFD044668BB2B6844F25D
:10592000FF31D3F8E43028469847224607462146FF
:10593000284603F0AAFA07433CB2ECB9CDE900646B
:105940007F238DF80830A86C334602AA8921FFF71F
:105950008FFD044680B9AB6C186803680521DB69CC
:105960009847AB6C1868D96A02681269904730B9D9
:10597000A86CFFF704FD0446204605B0F0BDAB6CF3
:10598000186803685B6D9847EBE72DE9F047846C76
:10599000054620681F46036886B05B6C884616463D
:1059A00098472068216A036882689B689847206846
:1059B000216A03680269DB689847AB6C1868596A0A
:1059C000026894684268A047AB6C1868D96A02689C
:1059D00094684268A047AB6C41484FF401621A8258
:1059E0000122DA74AB6C4FF440011A713D4A5A61DE
:1059F000C3E90201D5F838A00A244FF0000928466F
:105A000003F0F8F9A86C10224FF4487102ABCDE90D
:105A10000299CDE90499FFF72AFB062202A9504614
:105A20000EF0ADF978B995F835300BB33946284604
:105A3000FFF731FF044648BBA86C0123002E43D179
:105A40008DF8083043E0AB6C186803680A21DB6905
:105A5000013C984714F0FF04D1D1AB6C186803687F
:105A60009B6C98476FF00104204606B0BDE8F087B4
:105A70000021404607F0C2FD0028D7D04146284605
:105A800005F0F8F904460028D0D0EDE72B68284649
:105A90001B699847A86C05F0DDF9134B9C42E3D1D4
:105AA0008306E1D5002385F835300021284605F02E
:105AB000E1F904460028D7D139462846FFF7EBFE26
:105AC00004460028B8D0CFE700228DF80820CDE9A1
:105AD000003302AA9621FFF7CBFC0446C4E700BFBF
:105AE0001D000D006F2801083DFDFFFF7047704746
:105AF00070477FB5002305460846ADF808300E46CE
:105B000008F0F2F8A0F286331A2B4BD9A0F25F33DB
:105B1000072B53D9A0F20B33082B52D9A0F5EB7306
:105B2000282B51D9A0F5D7730A2B50D94FF08141BA
:105B3000304607F07FFE4FF07E5107F07BFE4FF0BE
:105B40007A5107F081FF0DF0D9FA08F0F3F84FF021
:105B50008141C4B2304607F06FFE4FF07E5107F02E
:105B60006BFE4FF07A5107F06FFF0DF085FA08F0E9
:105B7000E1F8E107C3B25CBF04F1FF34E4B2DA0735
:105B80005CBF0133DBB28DF80D300123CDE900336A
:105B90008DF80C40022303AAA86C9821FFF768FC3B
:105BA00004B070BDE122E9238DF809300123CDE96D
:105BB00000338DF80820022302AAEDE7D722DB2369
:105BC000F2E7C122C523EFE775228123ECE76B22C0
:105BD0006F23E9E738B50C4605461749204607F01C
:105BE00003FD30B31549204607F0F4FC08B3296CD7
:105BF000204607F01FFE124920F0004007F0F4FC99
:105C000080B92C644FF09841204607F01DFF4FF0FB
:105C1000745107F019FF08F08DF801462846BDE8D9
:105C20003840EDE521462846FFF763FF0028E8D01D
:105C300038BD6FF00B00FBE7000016430000704416
:105C40000000A04107B5FF238DF807300DF10702D2
:105C500001231121806C03F01BFA9DF8070003B0AB
:105C60005DF804FB2DE9F047984603681B6904467C
:105C70000F461646984700283ED194F84D30042B25
:105C80003CD9072E6BD994F84F30012B36D1FD2E1D
:105C900068D823683146DB6F20469847236805465D
:105CA000D3F824903246434639462046C84718BBAD
:105CB00020464FF47A7305EB8505B5FBF3F5FFF746
:105CC000C1FFA36C0646186803685B6A98470535F0
:105CD0000746A36C186803685B6D9847A36C186847
:105CE00003685B6A9847C01B854209D22368204637
:105CF0009B6A98476FF00400BDE8F087FF2EC7E766
:105D0000A36C1868596A0268126990470028E0D0AD
:105D1000032E23681DD1D3F8843020469847C2074C
:105D200017D423682046D3F8843098474304D0D54D
:105D3000D4F8A410204601F00F01FFF7A5FA0028BF
:105D4000C7D1236844F2FF31D3F8E43020469847A6
:105D5000BFE7236820469B6ABDE8F04718476FF00D
:105D60001D00C9E76FF00300C6E7036873B51B6940
:105D7000044698470546A8BB94F85030012B27D11C
:105D80002046FFF75FFF0128064621D103460DF1AB
:105D90000602A06C8DF8065040F60211FFF702FAD9
:105DA0000DF1070240F6441120468DF8075003F02C
:105DB00016FAB8B99DF80730A06C43F002038DF8CD
:105DC00007300DF10702334640F64411FFF7EAF9B8
:105DD0002368D3F8E43044F2FF31204602B0BDE836
:105DE0007040184702B070BD13B50446FFF72AFF94
:105DF000012806D194F85030012B02D1E06F02B097
:105E000010BD0023ADF80430A06C022301AA1321B9
:105E100003F03EF99DF80400F1E72DE9F041054655
:105E200086B0806C0F461646FFF7A9FA2B68044629
:105E3000D3F88430284698476FF430739C4208D1D9
:105E400010F4007F18BF6FF00504204606B0BDE8CF
:105E5000F081002CF9D1430643D400F03000202813
:105E600014BF4FF000086FF006082846FFF7EAFE5F
:105E70000023ADF8143005AA0223A86C132103F007
:105E800007F99DF815209DF8143016B1B34228BFCC
:105E90003346AE6C8DF815200122CDE902321E2169
:105EA00000238DF8141001970093022205A93046B3
:105EB000FFF723F804460028C7D13046FFF7D3FA8E
:105EC00004460028C1D12B6844F2FF31D3F8E430F6
:105ED00028469847B8F1000F0CBF04466FF006043F
:105EE000B3E76FF00608C0E72DE9FF4704460D460B
:105EF000FFF7A8FE01286CD1236820461B6998474C
:105F0000002863D1A06C0221FFF78DFAA968204612
:105F1000FCF7D4FDE96806462046FCF7CFFDB1B298
:105F200082B2204602F0B1FF00284FD1236844F22C
:105F3000FF31D3F8E43020469847002846D16868FE
:105F400095F8008095F8019094F84CA0AF78EE7821
:105F500007F022FD204907F02BFE07F0EBFEB8F119
:105F6000FF0F08BF4FF002080125B9F1FF0F08BF6E
:105F70000AF10D0ACDE900554FEA104308BF5FFA58
:105F80008AF9FF2F08BF0A278DF80C30FF2E4FEA41
:105F9000102308BF00268DF80D308DF80E00072362
:105FA000A06C8DF8088002AA88218DF809908DF8E0
:105FB0000A708DF80B60FFF75BFA38B9CDE9005530
:105FC00003460246C521A06CFFF752FA04B0BDE8B3
:105FD000F0876FF01300F9E700007A4110B504462E
:105FE000FFF730FE01280ED123682046D3F8843015
:105FF0009847C3050AD410F0800F14BF6FF00E004D
:106000004FF0FF3010BD6FF01300FBE70048F9E7D9
:1060100042FDFFFF10B50446FFF714FE012812D120
:10602000A06C04F0E1FF10F4004FC0F3072018BF8C
:10603000A0F5807006F052FF044B002206F0B8FF76
:1060400007F0A4FB10BD0248FCE700BF0000D03FF2
:106050000000A0C12DE9F0428AB004460F46FFF7C8
:10606000F1FD05AE00230DF11C090128C9E901333A
:10607000054607930593B3803CD194F84D30042B2B
:1060800034D80433DBB28DF8243094F84C308DF8DA
:106090001C30636D0893B4F85230ADF8143094F8A6
:1060A0004F30003B18BF01238DF8173094F8503063
:1060B000591E4B424B418DF8163094F84E30003B40
:1060C00018BF01238DF81830039796E80300099B49
:1060D0000190ADF808100093216899E80C008E6FCC
:1060E00020462946B0470AB0BDE8F082072B08BF1A
:1060F0000823C8E720BBE06D07F04EFC01462048AE
:1061000007F056FD0790206E07F046FC94F86730C4
:10611000089013F0FB0F11D0022B03D09A1F5342AB
:1061200053415B00B4F86C20ADF8142094F868205B
:106130008DF816208DF817300025C5E70123F1E70B
:1061400003280ED1B4F888305BBAADF81C3094F84F
:106150008F308DF81E3094F88A308DF81430022577
:10616000B2E7022808D1E06D07F016FC01460448AA
:1061700007F01EFD0790DFE76FF01300B3E700BFE5
:1061800000007A4910B50C4659B1FFF75BFD0128B4
:1061900002D0032803D038B92070002010BD02209F
:1061A000FAE76FF00200F9E76FF01300F6E737B592
:1061B00004460D46FFF746FD58BB0021284607F070
:1061C000FFF960B91449284607F00EFA20B11349C7
:1061D000284607F0FFF918B96FF0650017E00E4D7B
:1061E0000F49284607F030FC4FF0984107F02CFC8F
:1061F0000C4907F0DDFC07F09DFD2066009094F847
:10620000653094F86620E16D2046FFF723FB03B06C
:1062100030BD6FF01300FAE79A99193F0000484328
:1062200000007A440024F44B7FB505460C46FFF786
:1062300009FD002855D0032804D0022810D06FF0A3
:1062400013044BE05B49204607F0CEF928B15A49C8
:10625000204607F0BFF9002843D16FF064043DE009
:106260005649204607F0C0F90028F6D05449204688
:1062700007F0B0F90028F0D05249204607F0E4FBBF
:106280000146514807F094FC07F054FD030C8DF8CB
:106290000C30030A8DF80D3016238DF80F300123D2
:1062A000E865CDE900338DF80E000423A86C03AA3D
:1062B0008B21FFF7DDF8044680B92846FFF7C2FCC2
:1062C00060B9EB6DA86CB3F5966F20D104230093F1
:1062D000224640F6B80102F04FFE0446204604B0C4
:1062E00070BD3849204607F0AFFB0146364807F03D
:1062F0005FFC07F01FFD2B6EE8650093014695F8E3
:10630000653095F866202846FFF7A4FAD3E7B3F581
:10631000167F4FF0030300934FF0040326D1182299
:1063200040F2D16102F028FE04460028D6D10223B3
:1063300000930423A86C1A4640F69B0102F01CFE51
:1063400004460028CAD10426009602463346A86CAB
:1063500040F6B80102F010FE04460028BED10096B7
:1063600006235022A86C40F2AC61B4E7082240F248
:10637000D16102F001FE04460028AFD10223009350
:1063800002460423A86C40F69B0102F0F5FD04468A
:106390000028A3D104260096A86C3346102240F6AC
:1063A000B80102F0E9FD0446002897D100960623C3
:1063B0000246D7E723DBF93E355EFA3ECDCCCC3D35
:1063C0009A99193F00007A440024744E37B5054667
:1063D0000C46FFF737FC08B103281AD1042C1BD850
:1063E000DFE804F004031113150008242B6E85F870
:1063F0006640009395F86530E96D22462846FFF720
:1064000029FA03B030BD0924F0E70A24EEE70B2493
:10641000ECE76FF01300F4E76FF06900F1E77FB588
:1064200005460E461446FFF70DFCA0BB082C47D8C6
:10643000234632464FF4D861A86CFEF7B3FEE40061
:10644000B5F86C10E4B2A1420A46A8BF22461F2A42
:1064500085F8684019DC172A19DC0F2A19DC003A84
:1064600018BF01229200FF2385F86420039395F85A
:106470006A30029395F86930CDE90043284695F8D3
:10648000673002F034FE04B070BD0722EBE706224D
:10649000E9E70522E7E7012808D1012C10D8317877
:1064A000284604B0BDE8704002F024BD032804D1A2
:1064B000042C05D13368C5F88B306FF01300E2E788
:1064C0006FF06800DFE730B587B004460D46FFF790
:1064D000B9FB00283BD1ADB9FF2384F86950039381
:1064E00094F86A30CDE9015394F86830009394F839
:1064F000673094F86420B4F86C10204602F0F7FD81
:1065000007B030BD012384F8693005AA4FF4D76184
:10651000204602F064FE0028F2D19DF81430A06CF1
:1065200023F0010343F001038DF81430FF2502230B
:1065300005AA4FF4D7618DF81550FEF733FE039589
:1065400094F86A30029394F869300193CCE76FF0C5
:106550001300D5E72DE9F0431E4685B090F858307A
:106560009DF830400546884617469BB190F84C0090
:106570004FF0010909FA00F007F00EFA696D07F013
:1065800017FB4FF0834107F02FF80028044618BF8F
:106590004C46E4B2012385F84E40CDE9003303AA0E
:1065A000A86C8DF80C8004238B218DF80D708DF86C
:1065B0000E608DF80F40FEF75BFF05B0BDE8F0837D
:1065C00073B505460E46FFF73DFB0128044655D13D
:1065D0000021304607F008F800283AD02949304613
:1065E00006F0F8FF002834D04FF07C51304607F019
:1065F0002BFA254907F020F907F09CFBC3B2142BB6
:1066000020D8022B25D9033B112B22D8DFE803F039
:106610002E2109210A212128212121212A2121217C
:10662000212C082495F84E3085F83C406E65009387
:1066300095F84D3095F84C1022462846FFF78AFF12
:1066400002B070BD7D2B13D006D81F2B12D03E2B6D
:1066500012D06FF00700F3E7FA2BFAD10624E1E736
:106660000924DFE70224DDE70A24DBE70024D9E779
:106670000524D7E70324D5E70424D3E76FF01300FC
:10668000DEE700BF0000FF430AD7233C37B50446CE
:106690000D46FFF7D7FA012811D16B1F072B11D830
:1066A00094F84E3084F84C50009394F84D3094F8A0
:1066B0003C2029462046FFF74DFF03B030BD6FF068
:1066C0001300FAE76FF00800F7E72DE9FF410C46E9
:1066D00016461F4602AA002340F236719DF82C8010
:1066E0008DF80830054602F07AFD38BB9DF8081099
:1066F000A86CB8F1010F0CBF01F0FB0141F00401DF
:106700008DF80810012302AA40F23671FEF74AFD07
:106710009DF828308DF80A300123CDE9003364BAA2
:10672000A86CADF80840062302AA8C218DF80B70E6
:106730008DF80C608DF80D80FEF79AFE04B0BDE870
:10674000F081F0B51D46036885B01B6904460F460D
:1067500016469847A0BB6FF07F439F4231462046C4
:1067600018BF45F40075FCF7A9F9294606462046EE
:10677000FCF7A4F9B1B282B2204602F086FBF8B968
:10678000204602F072FBD8B9236844F2FF31D3F8F7
:10679000E4302046984798B92046FFF753FA01287D
:1067A00010D194F88030019394F85030009394F80D
:1067B0007C3094F84F20B4F852102046FFF785FF44
:1067C00005B0F0BDA0B9FF23039394F86A3002939B
:1067D00094F86930019394F86830009394F8673026
:1067E00094F86420B4F86C10204602F080FCE7E7CF
:1067F0004FF0FF30E4E72DE9F04FADF56F7D022952
:1068000004460891164608D0032924D06FF01805D5
:1068100028460DF56F7DBDE8F08F90F85030012BC4
:1068200002D1D36803B1C367D6E90123316820469A
:10683000FFF787FF05460028EAD13368013304BF1C
:106840006FF07F4333603368C4F88430089B84F86A
:1068500034300025DCE75368FF2B00F23184FFF76A
:10686000F1F90128074614D194F88030019394F887
:1068700050300093337994F84F20B4F852102046EA
:10688000FFF723FF05460028C2D1012240F2012173
:1068900053E0A0B93379039394F86A30029394F8E3
:1068A0006930019394F86830009394F8673094F855
:1068B0006420B4F86C10204602F019FCE2E70228CC
:1068C00035D1E36D642B40F2E14341F6705218BFBD
:1068D0001A4640F62F1343F20F7118BF194673681A
:1068E0008DF85831D800C3F347138DF85D3101237B
:1068F000CDE900330D0A8DF85A11110A8DF85B119C
:106900008DF85C218DF85E0156AAA06C8DF8595166
:106910008C21FEF7ADFD054600287FF479AFA06C11
:1069200006230DF25912F021FEF73CFCADE70328D7
:1069300040F0CA8344F201021146204602F0A5FA53
:10694000054600287FF464AF204602F08EFA054623
:1069500000287FF45DAF032F51D00E23ADF85831DE
:1069600001233268A76C039331790092CDE90101CC
:10697000022256A93846FEF7C0FA054600287FF4E1
:1069800047AF3846FEF76FFD054600287FF440AF5D
:10699000236844F2FF31D3F8E43020469847054697
:1069A00000287FF435AF8DF8580156AA40F68901CA
:1069B000204602F014FC054600287FF429AF20464B
:1069C000FFF740F9012840F07683C549606D06F075
:1069D00031FFC44920F0004006F0FCFD002800F023
:1069E0006A839DF8583103F0FB038DF85831A06C91
:1069F000012356AA40F68901FEF7D4FB26E7BA4BDD
:106A000094F8891018689B88ADF85C3116AFB74BC5
:106A10003B6012AD49F28E532B8094F88F30569024
:106A2000002BB34B03EB41030CBF34220822B3F815
:106A3000B233B3FBF2F30622632BA4F89030A4F830
:106A4000922000F0228100F22B813C2B00F0438148
:106A500000F217811E2B00F20B81092B40F20E81F0
:106A6000A44A22FA03F3DB0740F10881B4F8983016
:106A700056A99A09B3F5C07F8A5CA4F8942003F064
:106A80003F02A4F8962080F0F9804FF0000894F8B7
:106A90008A30C3F10403434500F332814FF000080C
:106AA000FB224146C7F8008017A80DF060F9C4E941
:106AB0002788C4F8A480D6E9001A38460AEB0106F4
:106AC000FF228E4240F02281DFF82C821023002624
:106AD00047F25B5C88F8043051464FF6FF73384646
:106AE000C8E902C3C8F8106001F0F4FEC0F3072340
:106AF00007F80A300DF159034FF4177203F80A0032
:106B00000AF102033146FE5457A80B9356960DF036
:106B10002EF9032388F819300AF10203D90056AA86
:106B20000FAB063138460F9688F8186004F06CF801
:106B3000FF22314638460DF01AF994F88830059353
:106B4000032B31D06D4B03F10806186859682A46AB
:106B500003C20833B3421546F7D1186810609A880B
:106B60009B79AA80AB71059B022B9DBF604B059A58
:106B70009B184FF0000C98BF93F8D5C30F9B06935A
:106B800000231A4618460DF148090DF1580E0DF56F
:106B9000AC7B06998B4240F0CF800F920732D2082F
:106BA00016A956A80DF08EF90F9B0693002293B2FA
:106BB00006985B438342114602F10102F7D38BB280
:106BC00094F88AB0BDF918505B009BB20993CBEBE7
:106BD000CB030BEBC303C1F34E025B0000210C920D
:106BE0009BB207910A4616AE002D00F3C7806FF0E6
:106BF000710202FB0B330F93059B94F88F2094F8DE
:106C00008910DFF8F4808DF840A0DB0043EA8203AE
:106C100043EAD10343F002038DF84130B4F89830D1
:106C20001A091B0142EA41128DF8433008238DF8FE
:106C3000422088F804302F22FF23C8E902230027CE
:106C4000C8F810703E4616AD94F88A108F42C0F016
:106C500001810B9B94F88820DB0006339BB2032A4A
:106C600000F2C581DFE812F0B701BF012202240261
:106C7000232B3FF4FBAE2F2B3FF4F8AE6FF06905EA
:106C8000C6E53E2B27D0562BF8D1B4F89830DA0958
:106C900003F07F03BA5CA4F89420A4F89630F4E6DD
:106CA000B3F5C37F10D00BD8B92B01D0C62BE5D1DB
:106CB000B4F898301A0ADBB2AA5CA4F89420ECE786
:106CC00040F293129342D9D14FF48473A4F89430D4
:106CD000B4F89830E1E73823A4F89230C6E600BF54
:106CE0000000FA436F12833AD6AB0208414447488A
:106CF000408D020800044050A85000200691020870
:106D00002046FBF7CFFD08F10108C0E611F8013B72
:106D100053404FEA031C4CEA131300F8013B1309DC
:106D200083EA521383EAD20303F0010383EAD21306
:106D30005200D2B21A43C4E619F80010C1B1D543CB
:106D4000012605F0070506FA05F5DE084FEAD20828
:106D50001BF806601EF80810DF4307F007073E41E6
:106D6000F60746BF2943C9B2A9430EF808100132FD
:106D70000130604508BF002001330AE7302D284666
:106D80004FEAD307A8BF30200A90D84316F807C0AF
:106D90004FF0010E00F007000EFA00F02CEA000C94
:106DA00003EB0E0006F807C04FEAE00CC04316F8EC
:106DB0000C7000F007000EFA00F027EA000706F852
:106DC0000C704FF0000E03F1020C6FEA0C074FF04D
:106DD000010807F0070708FA07F70DF5AC794FEA45
:106DE000D2084FEAEC0019F808800D906FEA02090A
:106DF00009F00709305C48FA09F818F0010F14BFD0
:106E00003843B8434FEAEC0718BFC0B2F0550998B1
:106E10000244069892B290420CD8079A0C98024409
:106E2000099892B290429FBF013189B20A460791F8
:106E300088BF07920A9F0EF1010E0FFA8EF087426B
:106E40000CF1010CC1DC38460230303D18442DB243
:106E500083B2C9E69DF843300139C91B23F00C0306
:106E600043EA810310A804218DF8433001F032FD7C
:106E70004FF0000902238DF8440088F8193012AA57
:106E80004B46282110A8CDE91299ADF8509088F80A
:106E9000189003F0B9FE4B4612AA282110A803F05F
:106EA000B3FEF208F343A95C4FF0010E03F00703B1
:106EB0000EFA03F321EA0303AB5406EB0E03DA10D8
:106EC000DB43A95C03F007030EFA03F321EA030393
:106ED000AB547F4B059306F1020C06F12A00059B8B
:106EE00013F8011B05934FEAD1090DF1480B4FEA46
:106EF000DC0A1BF8099015F80A30C9436FEA0C0246
:106F000001F0070102F0070249FA01F919F0010F37
:106F10000EFA02F218BF13430CF1010C14BFDBB2DE
:106F20009343604505F80A30D9D106F17203DFF8C2
:106F3000A4A1059306F14A0C1AF8011F6FEA0C028E
:106F40004FF0010E02F007020EFA02F20DF1480BAB
:106F50004FEAD10E4FEADC091BF80EE015F80930B4
:106F6000C94301F007014EFA01FE1EF0010F1ABFDE
:106F70001343DBB2934305F80930059B0CF1010C78
:106F80006345D9D100214FF0010A04EBD10C4FEA3F
:106F9000D0096FEA010E9CF88BC015F80930C24386
:106FA0000EF0070E02F007024CFA0EFC1CF0010F67
:106FB0000AFA02F218BF134301F1010114BFDBB258
:106FC0009343202905F8093000F10100DDD1723624
:106FD000B6B2013738E60622534304330522B3FB29
:106FE000F2F39BB203E003EB4303C3F34F033026FA
:106FF00003F12F02B2FBF6F20A44B3FBF6F0C4F839
:10700000A02000EB800202EB820206FB103352004C
:107010009BB292B213B102331A4492B2722313FBA1
:107020000122A66CC4F89C200E230732ADF858311B
:107030004FF001080023D708C2F3C702CDE900537F
:107040000292CDF80C804346022256A93046FDF745
:1070500054FF054600287FF4DBAB3046FEF703FA09
:10706000054600287FF4D4ABD4F8A0308DF85A310F
:10707000A06C8DF85971032356AA40F285318DF822
:107080005881FEF78FF894F8A070102F28BF1027B2
:107090002E46B7427FF67CACF1B22046FEF7F4F8FC
:1070A000054600287FF4B4AB0136F2E75B0098E7B1
:1070B00003EB430395E79DF8583143F0040394E450
:1070C0006FF00305FFF7A4BB4FF0FF35FFF7A0BB40
:1070D000189102083F91020830B585B005460C466C
:1070E000FEF7B0FD012811D195F88030A1B2A5F8C6
:1070F0005210019395F85030009395F87C3095F834
:107100004F202846FFF7E1FA05B030BD48BB95F89F
:107110006830A1B299420A46A8BF1A461F2AA5F8AC
:107120006C1018DC172A18DC0F2A18DC003A18BF7C
:1071300001229200FF2085F86420039095F86A00F0
:10714000029095F86900CDE90030284695F867303F
:1071500001F0CDFFD8E70722ECE70622EAE7052297
:10716000E8E74FF0FF30CFE737B504460D46FEF7AE
:1071700069FD012810D184F88050019594F85030B1
:10718000009394F87C3094F84F20B4F852102046C5
:10719000FFF79BFA03B030BD6FF01300FAE737B585
:1071A0000C4605460021204606F01EFAB8B10D49EE
:1071B000204606F00FFA90B10B49204606F0F8FC85
:1071C00006F0B8FD01238DF807000DF10702A86C49
:1071D00040F6E701FDF7E6FF002003B030BD6FF099
:1071E0001000FAE700000C43000020401FB5012307
:1071F000CDE900338DF80F100DF10F029D21806C49
:10720000FEF736F905B05DF804FB2DE9F14F1F4696
:10721000374B4365062380F83C300023BDF83480AB
:107220004367164680F85030324AC264FF230D4649
:10723000C3679DF83C200E99A0F8528001239DF869
:1072400028B09DF82CA09DF930900446FEF79DFBD8
:10725000002849D15946204601F02DFE002843D18F
:107260005146204601F046FE00283DD123684146A4
:107270001B6E20469847002836D11F492046FFF74D
:107280008EFF002830D101212046FFF7AFFF58BB09
:107290000221204601F052FF30BB236801461B6DDE
:1072A0002046984700BB23683946D3F8E030204693
:1072B0009847C8B923683146D3F8DC302046984750
:1072C00090B923682946DB6B2046984760B90121B5
:1072D0002046FDF7B4FF38B923685B6D4946204668
:1072E00001B0BDE8F04F184701B0BDE8F08F00BF16
:1072F0000000FA430903000100007042F0B587B0B6
:1073000004469DF844E09DF830509DF834609DF9A6
:107310003870BDF83CC0CDF814E0DDF840E0CDF8A1
:1073200010E0CDE9027CCDE90056FFF76EFF014683
:1073300020B9204607B0BDE8F04057E707B0F0BDE0
:107340002DE9F0479246994645F255324CF6CC432A
:1073500086B0C0E91723194B03671A23BDF84070A4
:1073600080F8653040F209630E46A0F866309DF85B
:1073700048201199A0F86C700023DDF838809DF941
:107380003C500446FEF701FB002840F0E7812368EB
:1073900051461B6C20469847002840F0DF81236847
:1073A00049465B6C20469847002840F0D78120462C
:1073B000FEF748FC20B16FF01300CFE133331C43DC
:1073C000BC49C4F87080404606F034FABA4920F04F
:1073D000004006F0FFF8002840F06881B7494046B9
:1073E00006F028FAB44920F0004006F0F3F800282F
:1073F00040F05E81B249404606F01CFAAE4920F0EA
:10740000004006F0E7F8002840F08281AD49404690
:1074100006F010FAA84920F0004006F0DBF800283A
:1074200040F07881A849404606F004FAA24920F0CD
:10743000004006F0CFF8002840F06E81A349404696
:1074400006F0F8F99C4920F0004006F0C3F8002847
:1074500040F064819E49404606F0ECF9964920F0E0
:10746000004006F0B7F8002840F05A81994940469C
:1074700006F0E0F9904920F0004006F0ABF8002853
:1074800040F050819449404606F0D4F98A4920F0F2
:10749000004006F09FF8002840F046818F494046A2
:1074A00006F0C8F9844920F0004006F093F800285F
:1074B00040F03C818A49404606F0BCF97E4920F004
:1074C000004006F087F8002840F0328185494046A8
:1074D00006F0B0F9784920F0004006F07BF800286B
:1074E00040F028818049404606F0A4F9724920F016
:1074F000004006F06FF8002840F01E817B494046AE
:1075000006F098F96C4920F0004006F063F8002876
:1075100040F014817649404606F08CF9664920F027
:10752000004006F057F8002840F00A8171494046B3
:1075300006F080F9604920F0004006F04BF8002882
:1075400040F000816C49404606F074F95A4920F039
:10755000004006F03FF8002840F0F68067494046BA
:1075600006F068F9544920F0004006F033F800288E
:1075700040F0EC806249404606F05CF94E4920F04C
:10758000004006F027F8002840F0E2805D494046C0
:1075900006F050F9484920F0004006F01BF800289A
:1075A00040F0D8805849404606F044F9424920F05E
:1075B000004006F00FF8002800F0CE800923226E6C
:1075C00084F86530009294F86620E16D2046FEF75D
:1075D00041F9002840F0C2804C492046FFF7DFFD0A
:1075E000002840F0BB80236839461B6E2046984730
:1075F000002840F0B3804AF61253ADF814302368E7
:107600000222DB6D05A920469847002840F0A6809D
:10761000236801469B6C20469847002840F09E80D6
:1076200023680146DB6C20469847002840F096808E
:107630002046FEF707FB00287FF4BDAEFF2301279D
:10764000CDE9027394F86930019394F8683000939F
:1076500094F8673094F86420B4F86C10204601F078
:1076600046FD00287AD184F86A700221204601F094
:1076700065FD002872D139462046FFF7B7FD002886
:107680006CD123683146DB6B20469847002865D1D2
:1076900001212046FDF7D3FD00285FD123685B6DF3
:1076A0002946204606B0BDE8F04718471F2386E765
:1076B000172384E79A9999406F12833A9A99B940AF
:1076C0009A99E94033331B4133333B419A996941DD
:1076D00000009C413333BB416666EA4100001C4216
:1076E0009A993B4266666A4266669C429A99BB4298
:1076F0009A99EA4233331C4333333B43CD4C6A43BC
:1077000000009C43CDCCBA430080E94300007042A6
:107710000F2354E71E2352E7162350E70E234EE7AC
:107720001D234CE715234AE70D2348E71C2346E7B2
:10773000142344E70C2342E71B2340E713233EE7CF
:107740000B233CE71A233AE7122338E70A2336E7EC
:10775000192334E7112332E76FF0670006B0BDE864
:10776000F087F0B587B004469DF93450BDF8386015
:107770009DF840700497CDE901560F9F0C9D03972B
:107780000095FFF7DDFD014620B9204607B0BDE8B2
:10779000F0402BE507B0F0BD2DE9F0410E4617464D
:1077A0001D469DF81C20069902230446FEF7EDF8BD
:1077B000E0B9236839461B6C20469847B0B90121CF
:1077C0002046FFF713FD88B923683146DB6B20465E
:1077D000984758B901212046FDF731FD30B923689B
:1077E000294620465B6DBDE8F0411847BDE8F081B1
:1077F0002DE9FF411F469DF8283080F88F308846DC
:1078000015460C999DF834209DF92C6003230446FD
:10781000FEF7BBF8002846D126492046FFF7BFFCFB
:10782000002840D101212046FFF7E0FC00283AD192
:10783000CDE90200CDE9000003460246014620469C
:1078400001F055FC78BB0B2384F86630236884F87C
:10785000650020661B6C18492046984718BB032F0B
:107860001FD8092D84F8887020D8032384F88A3023
:107870004FF48073A4F89830236884F88950DB6B48
:1078800041462046984770B901212046FDF7D7FCB4
:1078900048B923685B6D3146204604B0BDE8F0412D
:1078A00018476FF0090004B0BDE8F0816FF00700E1
:1078B000F9E700BF000070420000FA3E01440022D8
:1078C0000346013088421A70FAD1704710B5B021D2
:1078D00004460C30FFF7F2FF204610BD10B50446F9
:1078E000FFF7F4FF20460DF093FA204610BD10B5C7
:1078F000F02104460C30FFF7E1FF204610BD10B523
:107900000446FFF7F4FF20460DF082FA204610BD32
:107910002021D3E710B504460430FFF7F9FF2046D5
:1079200010BD10B50446FFF7F5FF20460DF070FAC4
:10793000204610BD0430EBE710B504462430FFF7B5
:10794000E7FF2046FFF7E6FF204610BD10B50446CE
:10795000FFF7F2FF20460DF05BFA204610BD10B590
:1079600004462430FFF7D4FF201DBDE81040CFE7C8
:107970002DE9F04106461D4656F8283B8AB00F46D1
:10798000904602A99B692022044698475C23314611
:1079900000933A4643462046FCF7E8FBD4E91A2315
:1079A00012F5007243F10003C4E91A232046FCF7E4
:1079B0005BF823685E699B68984702A902462046E7
:1079C000B0472368109A9B6929462046984702A829
:1079D000FFF79EFF0AB0BDE8F081017980680131B0
:1079E00009016BE710B5102104460830FFF766FF68
:1079F00004F118001021FFF761FF204610BD10B5FB
:107A00000446FFF7EFFF20460DF002FA204610BDB6
:107A100010B5044640680368DB699847102104F1FB
:107A20000800FFF74BFF102104F11800FFF746FF95
:107A3000102384F8283010BD10B50446702108309A
:107A4000FFF73CFF236820461B69BDE8104018473C
:107A50002DE9F04F8946ADF5037D80461146002A99
:107A600000F06E816AAC02F120051068516823466F
:107A700003C30832AA421C46F7D1719B23F000438E
:107A800071936AA8FBF7FFFE1C2200F0010300219E
:107A900063A801936AAC0CF06AF90123202200214B
:107AA00052A862930CF063F90FCC5AAD0FC594E85D
:107AB0000F0085E80F0062AD0FCD4AAC0FC495E80A
:107AC0000F004FF0000B84E80F001F26FF24402515
:107AD000DA4619F806702F4087EA0B0B5AAA62A9FA
:107AE0005846FBF77CFF4AAA52A95846FBF777FF96
:107AF00052AA62A942A8FBF72EFF42A91AA8FBF7D7
:107B000028FF52AA3AA862A9FBF73BFF014612A838
:107B1000FBF71FFF12AA1AA922A8FBF732FF4AAAF5
:107B20005AA932A8FBF717FF2AA84AAA5AA9FBF7B5
:107B300028FF014642AA0AA8FBF7CEFE3AAA32A9BC
:107B400002A8FBF7C9FE02AA0AA95AA8FBF703FF7D
:107B50005AA90846FBF7FDFE4AA802AA0AA9FBF7A4
:107B600010FF0146FBF7F5FE4AA908466AAAFBF793
:107B7000B3FE12AA1AA962A8FBF7AEFE7448082247
:107B800072A900230DF1880E5EF804CBD346013AAA
:107B9000ECFB003B12F0FF0241F8043B5B46F3D1E3
:107BA000012272A952A8CDF8E8B1FBF703FE52A951
:107BB00008461AAAFBF7CFFE52A922AA0846FBF7ED
:107BC0008BFE6D0804BF06F1FF364FEAC71B04F1B8
:107BD000FF3403BFF6B25FFA8BFB80254FEA570BE9
:107BE00014F0FF047FF475AF5AAA62A95846FBF758
:107BF000F6FE4AAA52A95846FBF7F1FE52A972A80E
:107C0000FBF7A7FE092472A90846013CFBF7A1FE79
:107C100014F0FF04F7D152AA72A94AA8FBF75CFE40
:107C200017250A2472A90846013CFBF792FE14F0BE
:107C3000FF04F7D14AA972AA0846013DFBF74CFEA2
:107C400015F0FF05EDD14AA972A8FBF782FE4AA9FB
:107C500072AA0846FBF740FE082472A90846FBF703
:107C600078FE4AA972AA0846013CFBF735FE14F0DB
:107C7000FF04F2D172A8FFF74BFE4AA90846FBF7B2
:107C800068FE4AA90846FBF764FE4AA952AA0846BC
:107C9000FBF722FE4AA90846FBF75BFE4AA9084605
:107CA000FBF757FE4AA952AA0846FBF715FE4AA958
:107CB0000846FBF74EFE4AA9084652AAFBF70CFEFF
:107CC00062A94AAA0846FBF707FE6AAD62AB4246C4
:107CD0001C4603CCAC4210605160234602F10802FE
:107CE000F6D16AA8FFF714FE62A8FFF711FE5AA8A2
:107CF000FFF70EFE52A8FFF70BFE4AA8FFF708FE9B
:107D000042A8FFF705FE3AA8FFF702FE32A8FFF7E8
:107D1000FFFD2AA8FFF7FCFD22A8FFF7F9FD1AA82E
:107D2000FFF7F6FD12A8FFF7F3FD0AA8FFF7F0FD35
:107D300002A8FFF7EDFD01980DF5037DBDE8F08F7A
:107D40001C226BA80CF013F809236A9399E600BF74
:107D500041DB0100F0B50021114C90F81FC0054631
:107D60000846224605F11F0712F81F3F8CEA03035D
:107D700003F07F0312F8016D17F801ED944286EAD3
:107D80000E0643EA0603F5D1C3F58073013140EADC
:107D900023200529C0B204F12004E2D1F0BD00BFC8
:107DA0006891020810B5702104460830FFF786FD7F
:107DB000204610BD10B50446FFF7F4FF20460DF035
:107DC00027F8204610BD00BFB0F81432B0F81022DA
:107DD000981AC0B27047B0F81432B0F810229BB2B3
:107DE00093421ABFD0F80832985C4FF0FF307047CA
:107DF00090F81232B0F81602C0B2834227BFC3F126
:107E00003F03C018C01A00F1FF30704707B5036880
:107E10008DF807105B6801220DF10701984703B048
:107E20005DF804FBD0F8F831013310B5044631D1C8
:107E30000368DB68984794F81C325BBBD4F8F831D0
:107E40000122013384F81C2224D194F80512124B2C
:107E500053F8213093F8841091421BD083F884208A
:107E60002422C3F88820196851E8002F22F00C0260
:107E700041E800241868002CF5D150E8002F42F0AA
:107E8000040240E800210029F7D12022C3F888200D
:107E900083F8841010BD00BF101C002010B50446EC
:107EA000FFF7C0FFB4F81422B4F8103292B29A422D
:107EB0001FBFD4F80822D05C0133DBB214BFA4F892
:107EC00010324FF0FF3010BD2DE9F04106460D464F
:107ED0008F180C46BC4202D1601BBDE8F0813368AC
:107EE000A0461B6818F8011B304698470028F3D0BD
:107EF0004446EFE738B5094D2B68C3600446236854
:107F000020465B699847002807DAE2682B689B1ACD
:107F1000A2689342F3D34FF0FF3038BDE80400204D
:107F2000F8B507460D468E180C46B44201D1601BC9
:107F3000F8BD3846FFF7DEFF031EF8DB04F8013B0F
:107F4000F3E72DE9F0410746884616461D4673B112
:107F500000243846FFF7CEFF031E05DB434503D060
:107F600033550134A542F4D12046BDE8F0811C46CA
:107F7000FAE7124803681A0912F00C0F10B519D16C
:107F80000F4902F00F0251F822209AB141680D4CBE
:107F900003F00F03002954F823300CD0C4BF01F1C3
:107FA000FF314160516901EA030023EA010343EA1A
:107FB0000043936110BD9362FCE700BF0001002005
:107FC000FC880208CC60020802460144002091426D
:107FD00000D1704743BA12F8010B9BB24340C3F380
:107FE00003104340180380B24340580100F4FF508F
:107FF0005840ECE738B503689B68044603B19847DE
:10800000E36803B1984763681B6803B19847094B5D
:10801000094A6168D3F8EC001468196000228242B2
:1080200000DB38BDDD68A94208BF1C6201321C3389
:10803000F5E700BF3C1D0020E8040020037C43B1AD
:10804000044BB0F812221B68B0F816329BB29A4269
:10805000FAD17047E804002010B50B4CE3689B6A26
:1080600013B9A06A0CF0D4FEE368DB6A13B9606B45
:108070000CF0CEFEE3681B6B23B9A06CBDE810408A
:108080000CF0C6BE10BD00BFB83E002038B5044697
:1080900000680D4610B163688B4208D2691C0DF070
:1080A00007FD28B1A368C4E9000503B903700120E6
:1080B00038BD2DE9F0470D4D0F46A96814248046C0
:1080C00001FB0441686891469A460DF0F1FCAE68E8
:1080D0006860744303190022013640F80480C3E944
:1080E0000179C3E9032AAE60BDE8F0873C1D00209A
:1080F00038B5084C0546002104F5DC7088220BF0E9
:1081000036FE84F8B851A18A2046BDE83840EDF724
:108110004CBA00BF4446002038B50D46044600283E
:108120005ED0304BC0F89C3090F9B000EAF7BEF951
:1081300094F8B1202C4BB4F8C21053F82230D3F885
:108140008820202A89B205D094F9B000BDE83840D3
:10815000EAF79FB9D4F8B8205218F5D0ADB2002D87
:10816000F2D01A650022A3F85650C3F890202122BD
:10817000C3F888205A6E9968A3F85450B2F1005F92
:108180001A6818D1B1F5805F13D11D6917491848D5
:10819000002D08BF0146996702F1080353E8003F2C
:1081A00043F4000302F1080040E800310029F3D154
:1081B000CAE70E49EFE7B1F5805F0FD11D690D49A0
:1081C0000D48002D08BF0146996752E8003F43F073
:1081D000800342E800310029F7D1B5E70549F3E70C
:1081E00038BD00BFFD810108101C002019030008E4
:1081F000810300081304000841040008B0F8C220FD
:10820000D0F8C41011FA82F202F03F0210B5A0F8C3
:10821000C220B0F8C220B0F8BE1092B291421AD07B
:10822000B0F8C240B0F8C220A4B24031091B4C42A1
:1082300092B204F03F0401F03F01C2F1400258BF86
:108240006142914228BF1146C0F8C410FFF764FF95
:108250004FF0FF3010BD0020FCE72DE9F843036824
:1082600004469B6890460F469847D4F8F831B4F816
:108270001262012201338146C6F1400622742AD1DE
:1082800094F81C323BB3002394F8051284F81C3296
:108290003D4B53F8213093F8841091421BD083F862
:1082A00084202422C3F888201A6852E8001F21F095
:1082B0000C0142E800151868002DF5D150E8001FA8
:1082C00041F0080140E80012002AF7D12021C3F84C
:1082D000881083F88420236820469B6898470028EC
:1082E000F9D04546B5422DD8A9452BD3B4F8126232
:1082F000D4F80C027319402B304438D82A4639463A
:108300000BF0E0FD2E46B4F8123294F805221D441D
:108310001D4B53F82220D2F88830D2F88C2013431A
:1083200003F0210305F03F05212BA4F8125206D0DB
:10833000C4F81862314604F5AA70FFF7EDFE404616
:10834000BDE8F8834E45236828BF4E46324639467D
:108350005B6820469847236820469B689847AD1B7A
:108360003744B4F812628146C6F14006BAE7C6F156
:108370004006324639460BF0A5FDD4F80C02AA1B84
:10838000B9190BF09FFDBEE7101C00202DE9F0414C
:108390008369C8B005460E4614460BB1F8F74AF992
:1083A000286906AA31460C30F8F766FC002858D137
:1083B0009DF81830112B06D1224631462846F8F791
:1083C0001EFDD0B13EE02C200CF01AFD0446A86141
:1083D00098B12F6901963B69436007F10C087B69EE
:1083E0008360014601AB02AA4046F8F7A3FB38B10F
:1083F000A8690CF00DFD0023AB6148B0BDE8F08129
:108400009DF80C30222BF3D104AA21464046F7F701
:1084100032FE0028ECD163682361A36863610E23F8
:10842000A3611023E360FB6923600123FC613046F4
:108430002B7505F065F901300CF0E2FC3146E8617E
:108440000BF038FD2F2130460DF0C8FB203500B170
:10845000461CFF223146284648B0BDE8F0410DF0E9
:10846000AABB0230C9D1012CC7D1A5E770B504461B
:1084700008460D4605F044F9236802462946204681
:108480005B68BDE87040184730B58BB00023012A07
:108490000C468DF8243098BF0A2209A92546B4FB62
:1084A000F2F404FB125303F0FF03092B94BF3033A3
:1084B0003733DBB2AA4201F8013DEFD9FFF7D6FF0F
:1084C0000BB030BD2DE9F84305460C46C71C00F142
:1084D0000609002617F8011F0A222046FFF7D4FFDD
:1084E000236880461B682E21204698474F4540440C
:1084F0000644EFD1E9790A222046FFF7C5FF304450
:10850000BDE8F8830EB403B503AA52F8041B019228
:108510000BF090FB02B05DF804EB03B0704710B5B0
:1085200004460AF065FE90FBF4F303FB140010BD53
:1085300010B5044600680CF06BFC204610BD10B569
:108540000446006808B10CF063FC0023C4E9013361
:10855000236010BD70B50E46114604461546FFF760
:1085600095FD18B92046BDE87040E8E72068A56091
:108570003146BDE870400BF09DBC38B50023C0E922
:108580000033044683600D4639B1084605F0B8F85B
:10859000294602462046FFF7DDFF204638BD8842C7
:1085A00010B50B46044604D0096821B19A68FFF75C
:1085B000D1FF204610BDFFF7C2FFFAE710B5002338
:1085C0000446C0E900338360FFF7E9FF204610BD91
:1085D00038B505460C4649B1084605F091F82146E4
:1085E00002462846FFF7B6FF284638BDFFF7A7FF2B
:1085F000FAE770B5856804460E4609B9002070BDDB
:1086000062B115442946FFF741FD0028F6D02068E5
:10861000A368314618440BF04DFCA5600120EEE73D
:108620008A680968E5E738B505460C46084639B159
:1086300005F066F8214602462846BDE83840D8E7EE
:1086400038BD08B58A68836893420BD3006840B18F
:10865000096849B19B1A184404F0F4FFB0FA80F09D
:10866000400908BD0020FCE70846FAE7B0F1005FCA
:1086700008B506D3B0F1804F01D309F02EFA09F006
:1086800029FABDE8084080000CF0BABB031D2DE9B3
:10869000F047C0E90133464B036000F12C03044668
:1086A000002543614FF001084FF07E53882243625A
:1086B0004FF4927AC0E90685C0E90A55C0E9205511
:1086C0000F46C56005820562294610440BF04FFB3A
:1086D00052462946C4E94455C4F8185104F58E7031
:1086E0000BF045FB0820C4E99255C4E99455C4E950
:1086F0009655C4E99855C4F84052C4F84402FFF7AF
:10870000B5FF00F10C090646C4F8400250460CF0D3
:1087100077FB00EB0A03C4E99703C4F85032F0601A
:10872000C4F84C02C4F84802C4F858022946C4F8F8
:108730005492C4F864924FF4FE7204F51B700BF06F
:1087400016FB2946C4F86854C4F86C54C4F8705435
:10875000C4F87454C4F878544FF4007204F590606F
:108760000BF005FB134B84F884561B68C4F8803665
:108770002946502204F130000BF0F9FA4FF401764B
:108780000D4B236032462946C4F8887604F28C608B
:108790000BF0EDFAC4F89058C4F8945884F898880F
:1087A0003246294604F699000BF0E1FABDE8F0875D
:1087B00010920208E8040020205E0208C3B21C2BBD
:1087C0001BD8174A52F8233000F4E0601843431CCA
:1087D00025D0030913F00C0F04BF124A03F00F0356
:1087E00000F00F0008BF52F823300F4A18BF0023D3
:1087F00052F8202091B19A61704700F0C002C02A5F
:108800000DD1C82B0BD8094B00F03F0200F4E060FB
:1088100053F82220024B53F82230D7E79A62704770
:108820007C860208FC880208CC600208F0860208F8
:10883000C3B21C2B1BD8194A52F8233000F4E06055
:108840001843431C24D0030913F00C0F22D103F06A
:108850000F03134A00F00F0052F82320114B126946
:1088600053F8203093430CBF01200020704700F0E4
:10887000C002C02A0CD1C82B0AD80B4B00F03F0213
:1088800000F4E06053F82220044B53F82230D7E77D
:108890000020704700231B69FFDE00BF7C860208B2
:1088A000FC880208CC600208F0860208034A1168BE
:1088B00013685B1A8342FBD3704700BFE8040020B3
:1088C0000348D0F8883013B18030EBF7D5B8704743
:1088D000301A00202DE9F04F2E4D85B0CA002C78BB
:1088E00003922A7C0092A4F10802019204F1FF3C59
:1088F0006A68AB6802924FF0010E00260EFA0CF97E
:108900003146039A96420ED1EA6853406A7C002AA7
:108910003CD11D46C4F120044FF0FF30E040284018
:1089200005B0BDE8F08F16F0070218D110F80180ED
:1089300001F1010A0099D1B117460EFA07F101EAD7
:108940000801F940C7F1070B013701FA0BF1082FB5
:1089500042EA0102F1D101998A405340514603EAAB
:1089600009025B000AB1029A53400136C9E7424648
:10897000F1E700FA02F11940D140ACEB0206B14038
:108980000D430132D1B28C42F3D8C3E70022154621
:108990000120F7E7AC500020F0B50023C0E9003318
:1089A000ADB08360044608460D4604F0A9FA0646B9
:1089B0000F462846002104F003FE002858D13CA3AE
:1089C000D3E900233046394604F03CF90F46064609
:1089D00004F088FD054604F071FA02460B46304665
:1089E000394604F02DF9344B002204F0E1FA04F08A
:1089F000A5FE3249009001232A46002502A80DF069
:108A00006FF87D2229460CA80B950BF0B0F902A84F
:108A100004F076FE022824D8802220210BA80BF037
:108A2000A6F902A804F06CFEC0F1030000F1B00347
:108A30000DEB030000F8845C02A804F061FE013035
:108A40000CF0DEF902A905460BF034FA0BA902A8D6
:108A50000BF030FA294602A80DF080F828460CF0F9
:108A6000D7F902A92046FFF7B3FD20462DB0F0BD8F
:108A700032463B460EA1D1E9000104F0E1F80F4671
:108A8000064604F02FFD054604F018FA02460B4690
:108A90003046394604F0D4F8074B002204F088FA37
:108AA00004F04CFE0649009001232A46A5E700BFCA
:108AB0009A9999999999A93F00002440DEAB020840
:108AC000DDAB020870B5056804460E46A54201D12B
:108AD000002070BDA868036831469B68984700284D
:108AE000F7D12D68F2E70E4B10B5044618680368FD
:108AF00021461B68984750B1037943B190F8343050
:108B00000BB1343010BD037B0BB10C30FAE7054AD2
:108B1000054823460C210CF02BFF0348F2E700BF69
:108B2000841E0020E8AB0208C4500020421C10B58F
:108B300003460C460CD0074A1068026819461268B2
:108B4000904728B1D0F8B430A34218BFC0F8B44061
:108B500010BD00BF841E0020F0B5234BD3F8EC41BC
:108B6000ADB005460E4684B34FF47A735C431F4F95
:108B7000386860BBB022002168460BF0F8F86946FF
:108B80002846F6F725FFBDF80C3053B32846F2F718
:108B9000F1F96B460446AA69E9211030F0F7DCF9D7
:108BA0000023E081386884F8FA300A23666084F88C
:108BB000223110B14721F0F765F90D480123006813
:108BC00000222146EDF7BAFC0BE00A4CCFE7472123
:108BD000EFF7EEFF0028CDD0074B1B681B1A9C4215
:108BE000C8D92DB0F0BD00BF443F0020784E002012
:108BF000A01E002000974901E804002008B508499C
:108C000091F81D02FFF714FE91F81E32DB0703D521
:108C1000003818BF012008BDB0FA80F04009FAE71B
:108C2000443F00200388022B13D00D2B08D8032BC0
:108C300001D800207047043B9BB240F2952004E02D
:108C40000F3B9BB21E2BF4D80348D84000F0010024
:108C500070470120704700BF2500004038B5826989
:108C600083689A42044614D02269C0681D68043A99
:108C7000934203D00433A360284638BD0CF0C8F8F3
:108C800063691A1D5B68626103F50072E36022612B
:108C9000F1E70025F0E70169024659B1836850F811
:108CA0002300013303F0010348BF5B4201399360A5
:108CB0001161704708467047816A10B5024679B164
:108CC000036A50F8230001335C4204F0070403F008
:108CD000070301F1FF3158BF63421362916210BD77
:108CE0000846FCE713B50B4904460B48002301F185
:108CF000520200684968EDF70EFB084B186838B15E
:108D000034B1002300931A464FF0FF31F6F7DEFE30
:108D100002B010BDD40A0020841E0020144C002094
:108D200030B5044685B00D46806C0121FCF77BFB15
:108D30000023CDE900331A461946A06CFCF798FBD6
:108D40000123CDE9003303AAA06C8DF80C508021DB
:108D5000FCF78EFB05B030BD30B5012185B004466F
:108D6000806CFCF760FB04238DF80F300023CDE905
:108D700000330DF10F02A06C01238421FCF778FB76
:108D8000A36C0546186803680121DB6998472846EB
:108D900005B030BD1FB58DF80D300123CDE900338E
:108DA0008DF80C108DF80E208DF80F3003AA0423D7
:108DB0009521806CFCF75CFB05B05DF804FB0B4B68
:108DC0001B681B7C4BB190F988219A4205DD084A4B
:108DD00092F896200AB980F8883190F98831162BDC
:108DE000C4BF162380F88831704700BF201D0020C3
:108DF000D40A0020836C70B504461868996A02682A
:108E000095688268A847A36C1868996A0268D56853
:108E1000C268A847A36C186803680121DB699847FA
:108E2000A36C1868996A0268D5680269A847A36CA0
:108E3000186803685B6A98470646236820461B69E2
:108E40009847054678B1A36C186803685B6A984731
:108E5000801BB0F57A7F06D2A36C186803680A21DC
:108E6000DB699847E9E7284670BD1FB50023ADF8D8
:108E70000C300123CDE9003303AA02238F21806C3B
:108E8000FCF7F6FA05B05DF804FB1FB50023039369
:108E90000123CDE9003349BA082352BAADF80810CE
:108EA000ADF80A2019460DEB0302806CFCF7E0FADE
:108EB00005B05DF804FB37B505460C46FCF7C2FE6D
:108EC000012811D1231FDBB2042B10D895F84E20B6
:108ED00085F84D30009295F83C2095F84C102846C6
:108EE000FDF738FB03B030BD6FF01300FAE76FF009
:108EF0000900F7E737B505460C46FCF7A3FE012845
:108F000014D124F00F0343F004032401A86C8DF85E
:108F1000043044F00404022301AA4FF4E8618DF800
:108F20000540FCF73FF9002003B030BD6FF013009F
:108F3000FAE713B500290CBF9423962304468DF855
:108F400003300DF10302806C012340F6AC01FCF705
:108F500029F9084BA06C1A889B78ADF804208DF88D
:108F6000063001AA032340F29F21FCF71BF90020E1
:108F700002B010BDEFAB02082DE9F04188B0054604
:108F80009DF8388043450E4617461C467DD3FCF7B6
:108F9000B9F8631CFF22DBB2C8F1080802FA03F338
:108FA00042FA08F21343DB43DBB280EA07021342C2
:108FB00003D1002008B0BDE8F08120EA03043B4063
:108FC0001C432B79E4B28DF81740CBB90122CDE9CF
:108FD0000032284669890DF117033246FBF724FF5A
:108FE000286803689B6A98470746286803689B6A55
:108FF0009847C31BB3F5FA6F40D36FF00F00D9E762
:1090000095F911306F7C002BB8BF0733C3F3C7034A
:10901000581E40B20DF1180E4FEAC00C02467146C0
:10902000002A18DA2A7C0130B8BF0023D2080B448A
:10903000501E40B2B0F1FF3F18D100200123019033
:109040000DF117000090CDE9023302EBD70228465C
:10905000FBF753FFC4E7B5F80A80013A48FA0CF869
:109060000EF8018B52B2ACF1080CD9E74FEAC00CF4
:1090700026FA0CFC03F801CB0138DAE73146284622
:10908000FCF740F88442B0D193E76FF00A0091E713
:10909000F0B590F9114090F811C0002CB8BF07341A
:1090A000E41087B0013C054664B205A80F46E6000F
:1090B0000146002C11DA0120CDE902300023019293
:1090C00000934FEADC022846FBF717FF68B92846F1
:1090D00007B0BDE8F040FCF7C6B947FA06FE013C10
:1090E00000F801EB64B2083EE3E707B0F0BD7FB5DE
:1090F0008DF813309DF824308DF80E208DF8143043
:109100009DF820208DF80F200123CDE900330022A7
:109110008DF810209DF828208DF8112049BA9DF86F
:109120002C20ADF80C108DF81220092303AA8C21F5
:10913000806CFCF79DF907B05DF804FB30B587B093
:1091400004460D46FCF77EFD024690BB022D0CBF87
:1091500006230423FF2284F86730039294F86A20E0
:10916000029294F86920019294F86820009294F891
:109170006420B4F86C102046FFF7B9FF0546A8B983
:1091800040F61D73A06CADF8143005AA022340F21E
:10919000BC61FCF707F842F21013ADF81430A06C74
:1091A000022305AA40F2BE61FBF7FCFF284607B088
:1091B00030BD012810D194F8803084F84F0001931D
:1091C00094F85030009394F87C30B4F85210204654
:1091D000FDF77BFA0546E9E74FF0FF35E6E710B506
:1091E00004461346806C0122FBF741FFA06CBDE8EA
:1091F0001040FCF7C4B8002370B5054601F1100417
:109200001846283154F8046FAE420BD0002E18BF18
:1092100001238C42F6D122B130B183F00103DBB2DD
:10922000137070BD0120F4E70346F9E72DE9F04F14
:10923000456893B0CDE9032304460F46002D00F0A6
:109240000A81D0F800A0BAF1000F00F00681D1F831
:109250001491B9F1000F00F0FC80242200210DEBE5
:1092600002000AF084FD3846CDF82090ECF7CDF9E5
:109270007B4997F820B1D1F80480D7F854110291B6
:10928000884508BF4FEACB110BF07F0208BF01F4FD
:109290007E51ADF82C2004BF0A43ADF82C20714A52
:1092A00008BFCDF83080126801900CBF012600265F
:1092B000012A38BF0122D7F8503107900992204681
:1092C00001990A934A460593EEF70BFE04460028DF
:1092D00000F086801C9A059B42B1028A1C9902F01C
:1092E0007F0293458CBF012200220A70039AEAB1E3
:1092F000226890451AD0D4F80CB0BBF1000F15D0FD
:10930000D84513D093B902981A462146FFF773FF48
:1093100060B121464046FFF76EFF38B921465846F6
:10932000FFF769FF10B9039A01231370049B33B14F
:10933000E368A3EB080253425341049A1370002ED2
:109340006BD1324621464046FFF755FF238A58B17C
:1093500097F82011C3F3C612914202D0013A91420C
:1093600002D1029A0C920126BDF82C2003F47E5300
:1093700022F47E521343ADF82C30BDF82C20238A02
:1093800002F07F0103F07F038B4284BF22F07F0253
:1093900013434FF0000288BFADF82C30134604EBA6
:1093A0008301486978B10BAF062157F804CF6045B7
:1093B00009D0013911F0FF01F7D1334412A901EBB3
:1093C000830343F8180C002E02F10102D2B20CBF45
:1093D000062105218A421346E1DBE3680A9302E095
:1093E0001C9B03B118701F4B2C221E68002302FB2C
:1093F0000A521946954212D34BB107AE1D460FCE05
:109400000FC50FCE0FC596E8070085E80700201EA0
:1094100018BF012013B0BDE8F08F0126ADE76868E2
:1094200058B9286888B1A868371A8F4228460ED9DB
:1094300039462B4600F12C05DCE78145F3D128683D
:10944000019F8742EFD1A968711A1046F1E71D46C6
:10945000EFE74846DEE72846DCE75046DAE700BF9C
:10946000D40A0020E804002030B51C4B04461868DC
:1094700099B010B12146EDF727F8194DEB681BB9EB
:10948000ED6855B919B030BD6389042BF8D020467A
:10949000F0F7FAFB0028F5D1F2E76389042BF1D14C
:1094A000A389462BEED10F495C2201A80AF00AFDE0
:1094B0000D4AE18901AB04F11000F0F7D3FB00285D
:1094C000E0D02B6801AA21469B6A284698472B6862
:1094D00001AADB6A214628469847D3E7841E00206C
:1094E000C45000203C9202089085020810B1036825
:1094F0005B681847704710B103685B68184770478E
:109500002DE9F74FDFF894B0814616461D4601F06D
:109510000F080C0982460127A74220D9B8F1000F95
:109520001AD0631CEB73C3F307221C4BAA73186891
:10953000036806EB04169B6A32462946984709EBF6
:109540000414B04416F8012B14F8013B464583EA95
:10955000020306F8013CF5D103B0BDE8F08FDBF85B
:109560000000EF73C7F30723AB73036801929B6A94
:1095700029469847019A0AF1FF30531E02F10F0C59
:1095800013F8011F10F801EF634581EA0E0119700D
:10959000F6D110320AF1100A0137BDE78811002018
:1095A000454B2DE9F3471A69444CDFF814E10C21CF
:1095B00001254FF0000C4FF0040902264FF0080877
:1095C000187E012843D0587E1D76012870D15E7622
:1095D000506840060ED5C3F81C80CDF804C0506812
:1095E00040071BD4506820F040005060D86920F03C
:1095F0000800D861DEF800A05068C0074AD5976817
:1096000050681F62400641BFC3F81C80506820F0BC
:10961000010050605D7683F818C018E0106840F0D3
:1096200080401060106820F0804010600196019822
:1096300001380190DDF804A0BAF1000F12D1012029
:109640005876D86983F818A040F00200D86154F821
:10965000040F0139784011F0FF012060B0D102B051
:10966000BDE8F08710684000E1D45068400642BF72
:10967000506820F0400050600220019001980138AD
:109680000190DDF804A0BAF1000FD8D0506840076F
:10969000F4D4ABE7DEF80000A0EB0A000228ABD957
:1096A000506810F00100A7D15D761876DE61CEE734
:1096B000C3F81C90AFE700BFC4500020F410002096
:1096C000E80400202DE9F04F7C4C26460FCE04F133
:1096D00040050FC50FCE0FC50FCE0FC596E80F0082
:1096E00089B085E80F00A36F0393A36ED4F87C9034
:1096F000D4F850E0D4F840C0D4F870B0D4F860800A
:10970000616D676CD4F874A0606EA26DA66CE56C98
:109710000193E36DE46E02940A24CDF81090009456
:109720000F4487EA0A0A00EB3A40F44441408CEACD
:109730000B0B07EB315787EA3A4A08EB3B4800EB43
:109740003A6088EA0E0E0CEB3E5C80EA31510690DE
:1097500003988CEA3B44164408EB346880EA060917
:109760000198CDF8148088EA3E5ECDF81CE000EB4D
:10977000394E04981D4485EA000802988EEA0202D8
:1097800006EB325600EB384086EA394943400EEB8F
:10979000396E05EB33558EEA325285EA38480CEBC8
:1097A000716C00EB386007EB72678CEA38680EEB7F
:1097B000384E87EA346480EA33538EEA716100EBF5
:1097C000344080EA72620CEB315C8CEA384807EB7B
:1097D00032574FEA386B87EA344400EB346006EBCB
:1097E0007366CDF810B04FEA346B059C029080EAA6
:1097F000325286EA3A600EEB386E04EB304888EA63
:10980000736306EB335686EA304008EB30684FEA64
:10981000306A0798CDF804E005EB7065069885EA94
:1098200039648EEA3151DDF81CE000EB344989EAF5
:109830007E6E05EB3E5585EA34444FEA3460039072
:1098400009EB3460009C013C88EA335380EA3E5EB9
:1098500014F0FF044FEA71614FEA72624FEA7363DA
:109860004FEA7E6E00947FF45BAF144CDDF81090ED
:109870006165C4E9135EC4E917380199039BA265C9
:10988000029AC4F87C90C4F840C0A166C4F870B0D5
:109890006764E266C4F874A0A664A36760662246A3
:1098A0000434136C12681344E363009B0133DBB28E
:1098B000102B0093F3D109B0BDE8F08FE810002021
:1098C00070B50C4E336B06F1400501333363FFF77F
:1098D000F9FE0FCD06F110040FC40FCD0FC495E8AB
:1098E0000F0084E80F00EAF7DBF9736B4340736302
:1098F00070BD00BFE810002010B5064C236B01338B
:109900002363FFF7DFFEFFF7DBFF034B1B68C4F8A1
:10991000843010BDE8100020E804002038B505466A
:109920000C4641B3302C224628BF3022A41A2B46C5
:109930001544134A13F8011B12F8010BAB4281EADC
:10994000000102F8011CF5D1FFF7BAFF002CE9D1A4
:109950000C4A92F88130990610D5B2F88010C1F304
:109960000C01B1F5C07F09D36FF3451382F8813044
:10997000BDE83840C0E7FFF7A3FFE9E738BD00BF07
:10998000F8100020E8100020F8B53E4C94F8813023
:109990005B06054657D43C4B264603F14007186842
:1099A0005968324603C20833BB421646F7D1FFF767
:1099B000F7FDB4F8803023F47F5323F03F0343F4E2
:1099C0000053A4F88030FFF77BFF35B1284603F041
:1099D00097FE01462846FFF7A1FF2C4A537E03F06D
:1099E000FF0103B911760223537613695069196890
:1099F00021F004011960196821F0804121F0200153
:109A0000014341F080411960214919614AF2B321B3
:109A1000196119681F4821F08041196005681968AB
:109A20004E0011D4196841F00401196059684D06BF
:109A300016D504235376FFF75FFF94F8813043F087
:109A4000400384F88130F8BD0168491B0229E6D93A
:109A500019684F00E3D5012353760223D361EAE767
:109A60000568596811F0040103D101235376D161CF
:109A7000E1E70168491B0229F3D959684907F0D584
:109A80000423E9E7E8100020F3AB0208C4500020EB
:109A9000BC0A5917E804002010B5104B19791E2292
:109AA000022908BF0E491A674FF03C0218BF4FF455
:109AB00096719A6607BF01220C464FF0FF344FF4AF
:109AC000167008BF1046C3F8AC100A21C3E9292458
:109AD000C3F8B010C3F88C0110BD00BFF004002023
:109AE0008051010008B5054B4FF41A720021184649
:109AF0000AF03DF91822C0F8642208BDA8490020E8
:109B0000044B1A889042BDBF04334C2200FB023044
:109B100001487047A84900202C01002070B501467B
:109B20000078FFF7EDFF91F84830012B03D04C226D
:109B30000AF0C8F970BD074B1C7800220225A2422A
:109B4000F5DA93F84C60012E08BF83F84C500132CF
:109B50004C33F4E7A8490020F0B5194B93F8965020
:109B600095B005B30024174F2546E0B2FFF7C8FFB4
:109B70004C22014601A80AF0A5F99DF805607EB1C6
:109B800039460DF12E000BF0CBFF78B98DF84C0063
:109B90008DF80E00ADF80C0001A8FFF7BFFF3546A9
:109BA0000134082CE1D1284615B0F0BDBDF80C30C9
:109BB000002BF5D000238DF80E30ADF80C30EBE71C
:109BC000D40A0020B6A702082DE9F041DFF88C8006
:109BD00004460846FFF794FF06462022002120464F
:109BE0000AF0C5F8737813B196F848701FB9FF23CF
:109BF00084F8203015E0358906F10A012A4620460E
:109C00006DB20AF05FF984F8205025B9022F08D10F
:109C100098F80000DEE7012D15D1227822B984F8EA
:109C200020202046BDE8F0810D4B214603F11000B5
:109C300053F8045B41F8045B8342F9D1102384F8A4
:109C40002030E273EDE70F2D01DC1023D0E71F2D4C
:109C5000E7DC102DE5D02023CAE700BF701E0020EE
:109C600034AC020870B500220E4603210546EBF71E
:109C7000D1F8044618B131462846EBF70DF92046D5
:109C800070BD7FB5054608489DF8246000680468EB
:109C900002969DF82060CDE900361346246B0A46F3
:109CA0002946A04704B070BDA83E002010B5134857
:109CB000EEF716FE04234381114B5B6803604FF0FF
:109CC000FF3343600F4BD3F8BC3113F0FF0202BFE8
:109CD000B3FA83F35B099A01402A28BF402280F837
:109CE00020210446EEF70BFE0021C4F814010220E7
:109CF000EBF7F2F8C4F81801204610BD581E0020FA
:109D0000D40A0020F0040020F0B599B004460F46B4
:109D1000164600215E220DF102001D460AF027F8CA
:109D200003238DF80440ADF80030FFF7BFFF052393
:109D3000044683810A4A6B46E9211030EFF70CF99B
:109D4000782384F822319DF87830E081204684F829
:109D500020316760C4F80461257219B0F0BD00BFFE
:109D60009892020810B54FF0FF310446ECF76EF8F8
:109D70000D4B021ED3F8BC310BDB9A4201DDD0B291
:109D800010BD94F82A010028FAD00232D0B29842CD
:109D9000F6D313F0FF0002BFB3FA83F35B09980117
:109DA000402828BF4020EBE7F004002008B10BF06A
:109DB0002FB870470169024659B1836850F82300F3
:109DC000013303F0010348BF5B4201399360116125
:109DD00070470846704738B503680D46DB684FF09A
:109DE000FF319847044620B14FF4B07229460AF07B
:109DF00069F8204638BD10B58AB00146044601A86E
:109E0000FFF7E2FE9DF92430002B0CDB074B1868AE
:109E1000036801A9DB6A9847054B03EB4403B3F9D8
:109E200002000AB010BD4FF0FF30FAE788110020A1
:109E3000701E0020D0F8881010B5024691B1D0F8FD
:109E4000803050F8230001335C4204F01F0403F01B
:109E50001F0301F1FF3158BF6342C2F88030C2F8DE
:109E6000881010BD0846FCE7014602480268926867
:109E7000104700BF581E0020F8B5164D95F8F02089
:109E80002B682AB91B68012285F8F02003B1984796
:109E90002B685B6803B198470E4C0F4F0026D5F82E
:109EA000EC309E4200DBF8BDE2682B689A4203D199
:109EB000226A3B681AB9236201361C34EFE79B1A09
:109EC000626A9342F8D304F10C00FEF793F8002382
:109ED000F1E700BF3C1D0020E804002000B5C3B03E
:109EE00001466A460448F6F7C7FEB0FA80F040091A
:109EF00043B05DF804FB00BFC43E00200C4B93F858
:109F0000F01030B4024629B1D3E90040996800232B
:109F10008B4201DB30BC70470568A54205D18568DE
:109F2000AA4202D130BCFEF765B801331430EFE726
:109F30003C1D002038B505680446A54201D100202B
:109F400038BDA868036800219B6898470028F7D1AE
:109F50002D68F2E72DE9F04104469DF818800D4682
:109F600016461F46EBF7F8F848B1CDF818803B4687
:109F7000324629462046BDE8F041F3F7D9B8BDE89E
:109F8000F08100B59DB001901F4890F84C3063B14E
:109F90001E4801AB02AA06A9F6F7CCFD58B1B0FAEB
:109FA00080F040091DB05DF804FB0C30F6F7A0FE10
:109FB0000028EDD0F3E79DF80C30222B1CD013487D
:109FC00002AA06A9F7F7F6F80028E8D19DF80C30A8
:109FD000222BE4D10D4806AA12A9F6F749FD002864
:109FE000DDDB1A9B0F931B9B109300231A4606A9D7
:109FF0000648F6F7A7FFD2E7044804AA11A9F6F726
:10A000003AF80028DBD0CAE7B83E0020C43E002062
:10A0100010B50C1A002C134605DD014622461846E1
:10A0200009F08BFE0346181910BD2DE9F043C9B0A5
:10A0300000230D460A6903754FF47A7180F82030C9
:10A0400080F81F31C0E90131C0E906332B7D50494A
:10A05000016002AF04460261002B64D0DFF8348156
:10A060002B69AE694FF48472002107F1100003F1EF
:10A070000C0909F07CFEB3690E2B46D122233B74F8
:10A08000414607F1180009F015FFB3690133B361C8
:10A0900007F11801404603F0D5FA0028E0D03E4809
:10A0A00007F1180103F0CEFA0028D9D0D5F81C80AA
:10A0B000404603F025FB054607F1180003F020FB9E
:10A0C0000544093525F007056E46ADEB050D02ABDD
:10A0D0001846414609F0EEFE98F800202F2A034664
:10A0E00002D198F8012022B118462C490BF036FD18
:10A0F000034607F1180118460BF030FD0022014617
:10A100002046FEF743F9B5460DE00F2B03D122237D
:10A1100021493B74B5E73A4631464846F6F76EF9B1
:10A1200038B1821C31D1204607F58E77BD46BDE897
:10A13000F0833B7903F07F02112A01D0222AEAD171
:10A140001B060BD507F108014846F6F7BCFC0028B2
:10A150001BDBE0D13B7903F07F033B713B793B7420
:10A16000112B08BFFB683A6808BF7B617B79B9791E
:10A1700004321A44FB7900930A4407F1180371680A
:10A180004846F5F76BFF002882D0012880D0CAE747
:10A19000B892020822AB020821AB02083DA60208D1
:10A1A00030B5144689B054F8043B00930C252B4479
:10A1B0000493D37905930022CDE9062301236A464F
:10A1C000CDE901540395F6F7BDFE09B030BD2DE988
:10A1D000F04F87B0DDE9104506468B46174625440B
:10A1E0004FF001090DF1170AA3EB0408AC4201D1AD
:10A1F000012011E008EB04030093CDE901A93B46DF
:10A20000002259463046F5F790FE28B914F8013B74
:10A210009DF817209A42E9D007B0BDE8F08FD1B180
:10A22000092816D8DFE800F00F0D15090B190713E0
:10A2300005110B4870470B4870470B4870470B4897
:10A2400070470B4870470B4870470B4870470B48E6
:10A2500070470B4870470B4870470B48704700BF6A
:10A2600055AC02087BAC02088DAC0208A2AC020817
:10A270004CAC020872AC020898AC020860AC020850
:10A2800085AC020845AC020868AC020808B5C0B24B
:10A29000FFF736FC90F82A300BB12A3008BD064B88
:10A2A00093F8A8212AB193F8A9010121BDE808403B
:10A2B000B5E70248F2E700BFF004002045AC020811
:10A2C000F0B58BB00646FFF71BFC417806700446DC
:10A2D00039BB80F848104422043009F048FD0123BE
:10A2E0006370314601A8FFF76FFC9DF92470002FC1
:10A2F00029DB3046FFF7CAFF054603F001FA2B467B
:10A3000028440025834215D1002101AA0B468F4223
:10A3100014D86B400D4A02EB4602204653800BB026
:10A32000F0BD0B492A3003F08DF90028D9D184F80B
:10A330002A00D6E713F8012B5540E3E712F8010B8A
:10A3400001314340E3E74FF0FF33E3E7701E0020A5
:10A35000ADAC0208F8B5094E094F002433889C4281
:10A3600000DBF8BDE5B22846FFF7AAFF90F84830B9
:10A37000012B08BF3D700134F0E700BFA849002061
:10A38000701E002038B518B11C4A136801331360E1
:10A390001B4D2B88082B25D008232B8000242A88CE
:10A3A000944225DB174B184C002183F8C11140F271
:10A3B0000141A3F8A8112D21A3F8C211134B144990
:10A3C000002A08BF1C460125A57225810C2204F134
:10A3D0002A000BF0F0FB202384F83E50657084F8CF
:10A3E00048502364FFF7B6FFBDE83840EDF7A2BE42
:10A3F000E0B2FFF765FF0134D1E700BF744E0020E3
:10A40000A8490020F0040020AC4900202C010020C5
:10A4100044AC020808B50146FFF772FB836823F0DD
:10A420007F43B3F1011F12D10846FFF72FFF094BFD
:10A43000024693F8A81193F8A901FFF7F0FE014630
:10A44000104603F0FFF8B0FA80F0400908BD002084
:10A45000FCE700BFF004002038B50D4B93F8A801CD
:10A4600070B10C4A107858B1D3F8C801002103F03C
:10A470009DF828B1084B1D780024AC4201D3002080
:10A4800038BDE0B2FFF7C6FF0028F9D10134F4E788
:10A49000F00400206C000020A849002070B504687A
:10A4A000284EE56931EA050501D1002020E0356834
:10A4B000AD1AAB421DD254E8003F23F4D07344E8F8
:10A4C0000032002AF7D104F1080353E8003F23F0DB
:10A4D000010304F1080141E80032002AF3D12023EE
:10A4E000C0F88830C0F88C30002380F88430032016
:10A4F00070BD25686D07D4D58029D2D04029D0D031
:10A50000E5692D05CDD54FF40063236254E8003F83
:10A5100023F4D07344E80032002AF7D104F1080391
:10A5200053E8003F23F0010304F1080141E8003241
:10A53000002AF3D12023C0F88830C0F88C30C0F84E
:10A540009030D1E7E80400202DE9F74F0E4617467A
:10A55000002850D0441E012C00F2A080DFF8449166
:10A56000DFF8448199F82131D8F80050022B3DD80A
:10A570004E4B99F8212153F8224094F8AD2053F81E
:10A580002220D2F88830D2F88C100B4303F021033C
:10A59000212B62D0D4F88830202B2CD15EB3BBB2F3
:10A5A0004BB300252122C4F89050C4F88820D8F875
:10A5B0000080A4F85430A4F85630A368B3F5805F47
:10A5C00003D123690BB935461E46B4F856309BB209
:10A5D000002B49D14FF47A73424640212046FFF7C1
:10A5E0005DFF40B92023C4F8883004E030490220E0
:10A5F000E9F76CFC60BB384603B0BDE8F08F5BF850
:10A6000024A0BAF1000F07D00220E9F75FFCDAF8C6
:10A61000002027498242ABD00134E4B2032C89F8F0
:10A620002141ECD122490220E9F750FC0028E2D078
:10A630000223C9F81031002300931A461D484FF435
:10A640001651EAF79BF899F82131022B90D9D2E7FD
:10A65000DFF858B016490024E0E7D8F800305B1B5B
:10A66000B3F57A7F8DD3C6E74FF47A7342468021E3
:10A670002046FFF713FF0028BDD122685EB935F8E8
:10A68000023BC3F308039362B4F85630013B9BB21C
:10A69000A4F8563099E716F8013BF4E703685B68C5
:10A6A0009847A8E708010020E8040020101C0020BB
:10A6B0000C61020878010020134A144910B514688F
:10A6C0000B69DB0313D40B69D80744BF0120086171
:10A6D0004CF2FA310B4011D10C49086910F480207A
:10A6E0000BD013681B1BB3F57A7FF6D304E0136815
:10A6F0001B1BB3F57A7FE3D3032010BD034A13611C
:10A70000034A01205360F8E7E804002000400058A5
:10A710005C4E002038B590F8413003F02803282B18
:10A7200004460D4603D119B94FF40073436438BD94
:10A7300048F20201E7F7D0FF94F84030012BF6D041
:10A7400094F841300121292B84F8401014D120467F
:10A75000E7F7C2FF23681A6852040DD51A68A06B88
:10A7600022F480421A6038B1174B8363E7F7EEFE9C
:10A7700010B1A06B836B98472A2384F841302023C3
:10A7800084F842300021236861645A6822F4004250
:10A790005A6001226285628D22854FF08072E262EA
:10A7A0000A4A62639A6998696562C00303D4120712
:10A7B00044BF0822DA6184F84010204648F20201C2
:10A7C000BDE83840E7F71DBFC5260008F92D000891
:10A7D00070B590F89130012B04460E46A0F10405A7
:10A7E00009D1436E3BB1836E28469847022384F813
:10A7F000913000236366012E4FF0000364D1E26EB6
:10A8000084F891301AB184F890302846904794F833
:10A81000905094F8413003F02803282BEDB203D177
:10A820001DB94FF40073636470BD48F20101204606
:10A83000E7F752FF94F84030012BF5D0012384F85C
:10A84000403094F841302A2B15D120460221E7F7F9
:10A8500043FF23681A6810040DD51A68E06B22F4D0
:10A8600000421A6038B11E4B8363E7F76FFE10B1E8
:10A87000E06B836B9847292384F8413022462023DC
:10A8800084F8423052F8703B00206064596821F42B
:10A890000041596065856262628D22854FF00072C9
:10A8A000E262104A62639A699969C90303D5120783
:10A8B00044BF0822DA6184F8400048F201012046D2
:10A8C000BDE87040E7F79DBE6366012384F89130D0
:10A8D000636E7433E9182046BDE870401AE700BF84
:10A8E000C5260008F92D000870B590F841300268BF
:10A8F00003F02803282B044628D1956991699368B1
:10A90000D668C668022EC5F3004515D1C3F3C2133D
:10A9100083EA114313F006030ED1816C0131816487
:10A92000816C022917D108218364D16180F84030FD
:10A930002946BDE870404BE74FF40041E7F7CCFEF5
:10A94000002384F8403029462046F2E70823D361EB
:10A95000002380F8403070BDD0F88C30202B10B52B
:10A9600071D100296FD00023494AC366036893421E
:10A970003FD1816581680122A0F85C20A0F85E20AB
:10A98000B1F5805F4FF0000242673ED10269002AB4
:10A9900040F2FF1218BFFF22A0F860200022C0F88A
:10A9A00090202222C0F88C2003F1080252E8002FE8
:10A9B00042F0010203F1080444E800210029F3D128
:10A9C000446E81680269B4F1005F42D1B0F868401A
:10A9D000012C3ED8B1F5805F36D132B32D4A4267A3
:10A9E00053E8002F42F4807243E800210029F7D198
:10A9F0001DE05A681202BCD553E8002F42F0806275
:10AA000043E80024002CF7D1B3E729B90269002AF2
:10AA100014BF7F22FF22BFE7B1F1805FBCD1026982
:10AA2000002A14BF3F227F22B6E71B4A426703F188
:10AA3000080252E8002F42F0805203F1080040E87B
:10AA400000210029F3D110BD12494167002AC7D166
:10AA5000EDE7B1F5805F16D152B1104A426753E875
:10AA6000002F42F4907243E800210029F7D1EAE771
:10AA70000B4A426753E8002F42F0200243E80021CE
:10AA80000029F7D1DFE705494167002AF2D0E6E760
:10AA900000800040F743000895450008CB040008FB
:10AAA0008905000838B50446E8B1E9F7ADFAD0B930
:10AAB00094F8B1200C4B214653F8220011F8B25FF4
:10AAC000FFF74AFFB4F8C030B4F8BC20013303F0FC
:10AAD000FF03934207D0B4F8C020D4F8B41092B268
:10AAE0008D54A4F8C03038BD101C002013B5174C8D
:10AAF000062384F81D3200230146C4F820021A46BA
:10AB0000009304F5AA70E9F739FE2046FDF78AF9AB
:10AB100004F5AA70E9F778FAB0B90D4B94F904027C
:10AB2000C4F8EC31E7F7C2FC94F80522094B04F2B3
:10AB3000062153F82200FFF70FFF94F9040202B038
:10AB4000BDE81040E7F7A5BC02B010BDB00800207A
:10AB5000A5AA0108101C0020836810B504462BB17B
:10AB60000322014698470023C4E9023310BD30B4E4
:10AB700000244FF47A75C0E90145074D0560074D83
:10AB80000561C0E90644047580F8204080F81F4143
:10AB900030BCFDF7FBBB00BFB8920208B83E0020F6
:10ABA0002DE9F041CCB004AC0F4616460146002218
:10ABB00020461D46DDF84881FFF7D9FFA369E3B1C0
:10ABC0000F4B0297CDE900340E4B00219D420391BB
:10ABD00003D03246404609F0CAF829464246684644
:10ABE000F6F77CFD0028204614BF01250425F5F763
:10ABF00021FD28464CB0BDE8F0810525F9E700BFEE
:10AC00002B6C0008DC9202082DE9F74F9A46384F6A
:10AC1000019000238B469C461C46A34514D11BF093
:10AC2000070F09D032494978032904BF190C02F8EB
:10AC3000011B190A11705370BAF1000F01D0CAF844
:10AC400000C003B0BDE8F08F019897F801E0E1087B
:10AC5000E543465C2749BEF1020FA1F1100005F063
:10AC6000070508BF014646FA05F606F001068946C3
:10AC70003978C6F101006FEA01084FEA800008F058
:10AC80000308C0B200EBC800C8464FEA910905FBB3
:10AC90000EF558F829804FF0020928FA00F019FB48
:10ACA00001610CBF4FF010084FF04008B1FBF8F6FF
:10ACB00008FB161100F00F00397004F00701A840DE
:10ACC000072943EA00030CD1BEF1030F04BF190C9E
:10ACD00002F8011B1146180A01F8020B53700A46CC
:10ACE0000023797861441FFA81FC013495E700BFA5
:10ACF000C05000200493020870B5931E222B8AB026
:10AD00000ED801AD2B4668B9AB4218D0481E1A4682
:10AD1000AA4219D85A1B9D4288BF002200238B5497
:10AD20000AB070BDB0FBF2F602FB16000928C4B2EF
:10AD300007D83030C0B203F8010B3046E3E70646CF
:10AD4000F7E704F15700F5E712F8014D00F8014F5D
:10AD5000DEE71FB50A22044608466946FFF7CCFF26
:10AD6000684602F0CDFC694602462046FDF741FCEC
:10AD700010B92046FDF7E3FB204604B010BD7FB5B7
:10AD800000F11C060025144B036004464575134969
:10AD90003046FDF7F2FB01232375114B11491B6867
:10ADA000A360C4E90355A4613046FDF711FC3146A8
:10ADB00001A8FDF703FCA16901A8FFF7CAFF01463E
:10ADC0003046FDF7ECFB01A8FDF7B2FBA368656018
:10ADD000E36004B070BD00BF4C93020844AC0208AD
:10ADE000E8040020B5AC020870B504460D46FFF734
:10ADF000C6FF164B2360164BA362002384F82C3049
:10AE0000294604F11C00FDF7E3FBA26ACAB102F176
:10AE1000240102F1C4050B4653F8040F18B18669EA
:10AE2000A06986420DD0AB42F6D1002351F8040F41
:10AE300040B90A3342F82340D2F8C8300133C2F88F
:10AE4000C83070BD0133282BF0D1FAE760930208B7
:10AE5000E850002007B50023ADF8043001AA022312
:10AE60001721FEF715F9BDF8040040BA80B203B00F
:10AE70005DF804FB7FB590F8354006460D4614B1E9
:10AE80004F4804B070BD03681B699847B06CFFF76A
:10AE9000E1FF83060AD50123CDE9003303AAB06C94
:10AEA000ADF80C4002230721FAF7E2FA454925F0F4
:10AEB000004002F08FFB044628B1304604B0BDE8E4
:10AEC0007040FDF797BF4049284602F0B3FC3D496A
:10AED00020F0004002F07EFB002862D13B4928466A
:10AEE00002F0A8FC374920F0004002F073FB002874
:10AEF00059D13749284602F09DFC324920F00040E4
:10AF000002F068FB002850D13249284602F092FC3A
:10AF10002C4920F0004002F05DFB002847D12E496B
:10AF2000284602F087FC274920F0004002F052FB3F
:10AF300000283ED12949284602F07CFC214920F016
:10AF4000004002F047FB002835D12549284602F091
:10AF500071FC1C4920F0004002F03CFB68BB214919
:10AF6000284602F067FC174920F0004002F032FB4F
:10AF7000002885D0072000238DF80D3044F201030E
:10AF8000ADF80E3041F2883373670123CDE9003309
:10AF90008DF80C000423B06C03AA9721FAF768FA25
:10AFA0006FE72046E7E70120E5E70220E3E703201B
:10AFB000E1E70420DFE70520DDE70620DBE700BF4F
:10AFC00041FDFFFF6F12833ACDCCCC3F9A99D93F18
:10AFD0006666E63FCDCC0C409A991940CDCC2C400A
:10AFE000000040403333534007B50D4BB3F88C217C
:10AFF00093F88E31ADF804208DF8063001AA0323B2
:10B000001421FEF745F89DF805309DF804209DF8C1
:10B0100006001B0243EA0243184303B05DF804FB39
:10B020000892020870B586B00D461646002114221B
:10B03000044601A808F09BFE3246294601A8F6F70F
:10B0400057FD08B1049B236006B070BD02F00F02EB
:10B050000B2A13D8DFE802F00E0E0E0E10060C0CB1
:10B060000C0C120C012242EAC1020023F6F766BB67
:10B070000222F8E70022F6E70522F4E70369034A13
:10B08000002B08BF134603610020704706AA020880
:10B09000F8B5C6690D68083EB5420F4613D3B5FB37
:10B0A000F6F001380AF0C0FD841CA5EB8404B4FB63
:10B0B000F6F420460AF0B8FDA5EB800504FB165512
:10B0C0003D602046F8BD0020FCE72DE9F04F89B037
:10B0D0000646DDF84C8005920F464BB94FF0FF3223
:10B0E000C8F80020149A0020136009B0BDE8F08F62
:10B0F0000468013B07A920460793FFF7C9FF12A97F
:10B1000005462046FFF7C4FF4FF0040A81460DF1C3
:10B11000140BA945059B03D3C8F80030129BE1E747
:10B12000A5EB0904B4FA84F495FAA5F2B2FA82F216
:10B13000C4F11F04944228BF1446A2000092CDE936
:10B1400001BA002239463046F4F7EFFE0028CCD190
:10B150000123A340ED1ADCE72DE9F04F89B0064644
:10B16000DDE912090F4690469B46E8B1013805908B
:10B1700005A93068FFF78CFF0DF1180A04465946FF
:10B180004846F2F74BF978B974B104F00105C5F1FE
:10B1900002039B00CDE901A300905B46424639467D
:10B1A0003046F4F7C2FE10B109B0BDE8F08FE343BA
:10B1B00013F0010B05D006994846F2F72FF9002845
:10B1C000F2D108AB03EB8B03023D53F808BC2C44CF
:10B1D000D5E710B50C468269A068FF2108F0C7FDCD
:10B1E0004FF0FF33236010BD38B51C4C836AE0601C
:10B1F0000546C3B1A362EB6A03B3636318492846EB
:10B20000FFF7E7FF4FF0FF332362E3681A6BE2B109
:10B21000A26400204FF0FF33C4E90433C4E9060000
:10B2200084F84C0038BD406909F0EAFDA0620028AE
:10B23000E1D1FCF711FF6FF00B00F3E7A86909F00B
:10B24000DFFD60630028D9D1F3E7586AC00809F030
:10B25000D7FDA0640028DCD1EBE700BFB83E00209A
:10B26000E43E002030B599B0FFF7BEFF0446002849
:10B270002ED11D4D0290EB6828641B6A6B64C5E9F2
:10B280000E00012302AA0DA905F10C000393F4F7A7
:10B29000F2FE044608BB202300930E9905AB102252
:10B2A00005F10C00F4F7DAFE0446B0B9069B2B61F9
:10B2B0000E49079B6B6108220BA808F02EFD04467F
:10B2C00048B90A9B1A0C012A0AD19BB2012B07D854
:10B2D000204619B030BD6FF03304FCF7BDFEF7E730
:10B2E0006FF01504F9E700BFB83E0020CFAC0208AC
:10B2F00004300844104470472DE9F043804695B06F
:10B300000E461746994601F12405FA79B9797879FC
:10B31000346AFFF7EDFFD8F80030DB69204498422B
:10B3200015D8043C47F8044B00230C21CDE90A371B
:10B33000CDE90C14CDE90E3910920994022309AA23
:10B3400031464046F5F7FEFD15B0BDE8F083002C10
:10B3500036DB35460FCD09AC0FC40FCD0FC495E8D1
:10B36000070084E8070031464046F4F7C2FF002892
:10B37000EAD1129B7362139BB362336A3A46043B71
:10B3800042F8043B03920C22CDE90130CDE90423BD
:10B39000FB790893CDE90609022301AA314640460C
:10B3A000F5F7D0FD0028CFD1119B43F00043119356
:10B3B00073681293B36813930246034609A9C0E762
:10B3C0002A4631464046F4F756FE00289DD0BBE79A
:10B3D00070B52C4D9CB095F84C300190002B42D0AC
:10B3E00001AB294802AA06A9F5F7A4FB831C044671
:10B3F00043D1019E2F2130460AF0BFFB002839D1EE
:10B40000EB6821481B6A6B6411A9F4F772FF0446CC
:10B4100000282FD10F9B1A93109B1B9302460346C3
:10B4200011A91948F5F78EFD044618BB40F6220312
:10B430008DF80E003046ADF80C3002F061F9129A2A
:10B44000139B8DF80F00CDE90F23049205930E484E
:10B45000334602AA06A9FFF74FFF044650B9EB682E
:10B460001B6A6B6406E005F10C00F5F741FC04462D
:10B470000028B5D020461CB070BD002808BF6FF072
:10B480001004F7E7B83E0020C43E00202DE9F84341
:10B49000037805462F2B00AF0CBF013028464FF034
:10B4A00000082F210AF069FB044618B92846FFF767
:10B4B0008FFF1BE0661B06F1080323F00703E94634
:10B4C000ADEB030D684626EAE672002100F8018B19
:10B4D00008F04DFC32462946684608F0F3FC684601
:10B4E000FFF776FF28B1113003D0CD46BD46BDE849
:10B4F000F883601CCD46D4E7C368184738B50446C6
:10B5000004B938BDE068FFF7F9FFA568204609F0E7
:10B510007FFC2C46F4E72DE9FF47894604460C9949
:10B520001E4615460AB91E4B5D68D4E91BA3A3EB62
:10B530000A084FEA281057460023834216D10020FC
:10B5400000950191E9F7B4FC4D45029000D116B980
:10B55000144BD3F8EC610396B8F1900F04F16C042E
:10B5600018D869462046F4F7D3F90DE03A4652F868
:10B5700010CBAC450BD179600020E9F799FC4D4523
:10B58000B86001D106B1FE6004B0BDE8F0870133B8
:10B590001746D2E751462046F4F70AFAE1E700BF22
:10B5A000D40A0020443F002070B5044690F878602B
:10B5B00090F87950084602F097FBAA1B00F114039B
:10B5C00053431E2293FBF2F33344D8B20D4B1B7945
:10B5D000022B10D0A36E5D43012303FA00F0002874
:10B5E0004FEA450505DDFCF79AFFA36E03FB00500B
:10B5F00070BD0020F9E710B14000FCF790FFA36E8A
:10B600005843F5E7F0040020006808B109F000BCD9
:10B61000704700B509288BB00CD8684607F0DEFDEE
:10B62000089840F2DB5398428CBF002001200BB0F9
:10B630005DF804FB0120FAE71FB5E9F78DFD78B14D
:10B640000948FFF723FF094A094903A8FFF7EAFC65
:10B6500000230093064A054B03990648FEF77AFC3F
:10B6600005B05DF804FB00BF87A50208881E002016
:10B67000DC920208D8AC020807B5E9F76DFD58B1B5
:10B680000748FFF703FF01230093064A064B0748CC
:10B6900040F2E161FEF75EFC03B05DF804FB00BF21
:10B6A00087A5020898930208D40A0020EBAC020890
:10B6B00037B50546E9F750FD044600285DD030480F
:10B6C000FFF7E4FEEB0718D52E4B2F4801221A7026
:10B6D00083F8882183F8A42183F8642083F89420D8
:10B6E00083F8C02083F8E82183F8F82140F2F221A2
:10B6F0000092264AFEF72EFC0446A80721D5244BCB
:10B700002448012283F8642183F8F4201A7083F816
:10B710002C2183F8D82083F8142183F83C2183F866
:10B72000E62183F8FA2183F8F42183F8942183F841
:10B7300020224FF44D710092174AFEF70BFC204077
:10B74000C4B229070DD50E48FFF7A0FE01230093D0
:10B75000124A134B134840F2CE21FEF7FBFB204068
:10B76000C4B26A0703D5FFF787FF2040C4B2EB06D7
:10B7700003D5FFF761FF2040C4B2204603B030BDBF
:10B7800087A50208F0040020FFAC02080C81020823
:10B79000443F002013AD0208F4800208DC80020858
:10B7A000A849002027AD020810B50446E9F7D4FCEB
:10B7B00038B12046FFF77CFF18B92046BDE810409D
:10B7C00076E710BD2DE9F0437A4F97F8D48291B017
:10B7D0000446B8F1000F42D090F8009090F802E0D3
:10B7E00090F808C0B9F1000F05D1BEF1000F02D1E9
:10B7F000BCF1000F73D0704E0FCE6D460FC50FCE4B
:10B800000FC50FCE0FC596E80F0085E80F00B9F100
:10B81000000F05D063788DF8013001238DF80030DA
:10B82000BEF1000F01D063680893BCF1000F02D095
:10B83000E368ADF81A306846ECF766FE18B90121E6
:10B840006846ECF78BFC6D460FCD5B4E0FC60FCDF7
:10B850000FC60FCD0FC695E80F0086E80F0097F8CA
:10B86000D5329BB1227C3AB163692BB1402B28BF02
:10B870004023C7F8BC319046227E3AB1E3692BB130
:10B88000402B28BF4023C7F8D031904697F8D612F6
:10B8900097F8D83297F8D72219BB002A70D1002B1D
:10B8A00076D1B8F1000F7FD14448E9F757FC044640
:10B8B00000287BD01423037300210220E9F70CFB3E
:10B8C0003F49A06004F10D0008F0F4FA3D4B186800
:10B8D00003685B68214611B0BDE8F0431847E046B5
:10B8E000BDE794F820100029D7D0616A0029D4D090
:10B8F000B966002A39D12BB194F8303013B1636B9B
:10B90000002B4CD1FEF7A8FD70B12F493A79D1F840
:10B910004031022A4AF6C00218BF4FF4E162002B00
:10B9200008BF1346C1F84031EFF7CAFD58B13A7964
:10B93000BB6E022A4AF6C00218BF4FF46162002BA8
:10B9400008BF1346BB667B69002B08BF4FF46163D9
:10B950007B610320B8F1000F23D0FFF725FF194BBF
:10B9600001211868E9F7D2FD9EE794F82820002A03
:10B97000C1D0E26A002ABED01349C1F84021BAE71B
:10B9800094F82820002A8AD0E26A002AF4D186E7B7
:10B9900094F83030002B84D0636B002B81D07B6116
:10B9A000B0E7FFF701FF7FE70120D6E711B0BDE860
:10B9B000F08300BFF00400209806002090120020C1
:10B9C0003DAD0208A01E0020443F00202DE9F041BB
:10B9D0000C4680B9164DDFF85C802F6847F22F5671
:10B9E0004046FEF7A7FA30B16420FCF75FFF2B68F2
:10B9F000DB1BB342F4D9104DD5F8F4000368DB6BC0
:10BA000098470E48FEF796FA14B91F20FFF7CCFEB0
:10BA10000B4B186808B1EDF70FF9C8200021FCF7AF
:10BA2000CDFED5F8F4000368BDE8F041DB6B1847A4
:10BA3000E804002088480020C450002094480020DA
:10BA4000784E002038B52D4CD8220021204608F031
:10BA50008EF9012518232A49C4F890314022601D2F
:10BA6000257084F82C5184F8D85084F8145184F847
:10BA70003C5184F8F45084F864510AF09CF8214950
:10BA8000402204F145000AF096F81F49202204F1F3
:10BA900085000AF090F81D49202204F1A8000AF060
:10BAA0008AF81B4984F81E522D22C4F800220A226B
:10BAB00084F8F6218A88C98884F8F71152BA0023DD
:10BAC000A4F8F8216FF00042C4E9502384F8A5508F
:10BAD00084F8E65184F8E83184F8FA5184F8FC31AE
:10BAE00084F8F451C4F84C31C4F85431C4F85C31D2
:10BAF000C4F8EC31C4F8283238BD00BF443F002000
:10BB00005BAD02086FAD020877AD020866A70208B8
:10BB1000D40A002070B5454C88B0054658B194F859
:10BB2000F85145B1B4F81C22002A7DD004F21E2140
:10BB3000684608F0C7F94FF438723C48002108F015
:10BB400016F90222182384F8E6210422C4F8F431FD
:10BB500084F8A92101234022237084F8883184F8D5
:10BB6000A43184F8643084F8943084F8C03084F8C8
:10BB7000F83184F8C53184F8C03184F8B831C4F89C
:10BB8000BC2184F8E431A5B12023294AA4F81C3251
:10BB90006D460DEB03062B4603CBB342106051609C
:10BBA0001D4602F10802F6D1214922482022EEF773
:10BBB00066FA0023A4F8FA3184F86C3064224FF45A
:10BBC0009673C4E921232379022B18BF42F6302350
:10BBD0004FF001054FF000064FF0010018BF636100
:10BBE00084F8905084F8A75284F8A962FEF7CAFB43
:10BBF00011491248202209F0DEFF114BC4F8F03140
:10BC0000104B84F8EC5193F8F83084F88461B3FA5F
:10BC100083F35B0984F8ED3140F22B33A36708B05E
:10BC2000BDE87040FDF738BF154684E7F0040020FA
:10BC30000E07002082AD02088FAD02081706002013
:10BC400040E20100C45000202DE9F04104460E46B8
:10BC500025484FF0FF3190461F46E4F7C8FE0546E1
:10BC600000283ED096E8030085E8030085F80080B0
:10BC7000D4F8A4306F60022B08D104F19400FEF7D1
:10BC800099F8014610B11848E4F7A5FE95E80300BD
:10BC900004F1F40383E80300D4F8A430012B06DD9B
:10BCA000D4F8FC300133C4F8FC30BDE8F081D4F89E
:10BCB000A80018B1036800211B689847D4F8A03089
:10BCC00004EB8302013303F0010348BF5B42C2F877
:10BCD0009450C4F8A030D4F8A4300133C4F8A43090
:10BCE000DEE70070FFDE00BF083F002010B504460D
:10BCF0000A46081D6168884201D0E8F7A0FF636822
:10BD0000043B636010BD2DE9F74FD0E9016B9DF84E
:10BD100030A005460F46904699465E45314601D112
:10BD200000241CE056F8044B01912046E9F76DFC15
:10BD3000B8420199F1D1D4F814314345EDD1D4F88A
:10BD4000583113B1B9F1000FE7D0BAF1000F03D0A9
:10BD500094F820315345E0D2281DFFF7C7FF204655
:10BD600003B0BDE8F08F204B70B503601F4B1D681A
:10BD7000D5E90031CC1A2411002C1A4608DCCB1A64
:10BD8000082B27D00C2B21D0042B27D00A4606E005
:10BD90001B68984203D05368984209D10432101DA1
:10BDA000814201D0E8F74BFF6B68043B6B6070BDCC
:10BDB0009368984201D10832F1E7D668B04202F1A7
:10BDC000100301D10C32EAE7013CD5E71368984231
:10BDD000E5D0043213689842E1D0043213689842E7
:10BDE00018BF0A46DBE700BFB8930208184C0020D2
:10BDF0002DE9F0472B4D2C4B2C68C0E90031002376
:10BE0000C0E902330746036134B90C2008F0F8FF9B
:10BE1000C0E9004484602860D5F80080D8E9015367
:10BE20009D4205D045F8047BC8F80450BDE8F08772
:10BE3000D8F800906FF06043A5EB090AB3EBAA0FA6
:10BE40004FEAAA0402D1194805F04DFE4D4514BF32
:10BE500022460122A41821D214B39C4228BF1C46BA
:10BE60002046FCF703FC06462946324646F80A708F
:10BE70004846FEF7CDF82946021D2846FEF7C8F8C9
:10BE80000546B9F1000F02D0484608F0C1FFC8E9E5
:10BE9000006506EB8406C8F80860C7E71C46DFE7C4
:10BEA0002646E1E7184C0020B89302083AA202089F
:10BEB0000C2008F0A5BF006810B103685B68184744
:10BEC00070471FB50021684607F0ECFF40B9064BEC
:10BED0001A68064BDDE900011A60054BC3E9000151
:10BEE00005B05DF804FB00BFE80400202C1D002015
:10BEF000301D0020826A0F4B30B4036092B1856917
:10BF000002F12401002351F8044F7CB1A469A54239
:10BF10000CD10A33002142F82310D2F8C830013B7B
:10BF2000C2F8C83030BC1C30FCF702BB0133282BF0
:10BF3000E9D1F7E7609302082DE9FF4705461E4B5C
:10BF400055F8046F036004460DF104084FF0000932
:10BF5000AE4205D16068854228D104B0BDE8F087C3
:10BF6000CDE90188B768CDF80C90396801988F4207
:10BF700003D1404515D13668EAE78B68D1F800A0B7
:10BF80009C420CD181420AD0824508D0524605F02D
:10BF9000C6FA039B01330393BB68013BBB60514668
:10BFA000E4E7076808F034FF3846E2E7046808F081
:10BFB0002FFF2046CFE700BF0875020870B505685F
:10BFC00004460E46A54200D170BDA86803683146FC
:10BFD0009B6898470028F7D12D68F3E703460B4A82
:10BFE00043F8082B0A4A42600A4A4061C0E902331A
:10BFF0000023C0E9062300F12802C0E90A220361F8
:10C0000080F8203043620363704700BF3C5D020844
:10C01000285D020847060008F0B5002597B00446E1
:10C020002E46A18B8D4228DB6846FFF7D7FF1C4BBD
:10C030001C4A00930D920EAB1B4A54F8105FCDF8CA
:10C0400044D0CDE90E330023CDE912231093ADF88F
:10C05000543001238DF85630ADF85060ADF85210D1
:10C06000A54205D0A868036869469B689847A0B1B7
:10C070006846E5F77EF817B0F0BD29466068E9F735
:10C08000DFFF07460020E8F713FFFB6FC01AB0F58B
:10C09000E15FB8BF01360135C3E72D68E0E700BFB7
:10C0A000805D02080C7702084D0C0008F8B50746C1
:10C0B0001446EAF7C7F80646A8B1A388022B12D1A6
:10C0C000083400F184050FCC0FC50FCC0FC594E8E0
:10C0D0000300012385E8030086F880303846FE60BF
:10C0E000BDE8F84098E7F8BD30B5C5B004460D4648
:10C0F00001466846F3F7EEFD694604F13000F3F7B8
:10C100003DFE4FF0FF334360002380F8FA300A23EE
:10C1100080F822310B4B59680B4B04466A4618686D
:10C12000FFF7C4FF094835B100682146E9F7FDF97A
:10C13000012045B030BD006801232A462146EAF7B8
:10C14000FDF9F5E7D40A0020841E0020A01E00207F
:10C150008842134604D00A1A0146981A07F0EDBD2A
:10C16000704708B5034678B1084A904206D9084A94
:10C17000904201D905F0B1FC05F0ACFCE820584331
:10C18000BDE8084008F03CBE08BD00BFCB3D8D00B7
:10C19000967B1A01006808B108F03ABE7047204B40
:10C1A00073B503600446EBF73AFF04F58E60FFF7C2
:10C1B000F1FFD4F8403253B1D4F86432D4F8545279
:10C1C0001E1DAE4220D8D4F8400208F021FE04F132
:10C1D0001400EBF7BCFE606904F12C03984201D017
:10C1E00008F016FE26460F4B56F8045F2360B54252
:10C1F0000FD12846EBF7A0FE2846C4E9015502B04E
:10C20000BDE87040EBF798BE55F8040B08F000FE4F
:10C21000D7E7A868019401A9EBF7ACFE2D68E6E723
:10C2200010920208087502084B6843608B688360AF
:10C23000CB68C3600B6903610B7D03758B698361F8
:10C24000CB69C3611F3100F1200300F5907011F834
:10C25000012F03F8012B8342F9D1704784B070B5E8
:10C26000C8B04CAC84E80F009DF83051062D00F0AA
:10C27000B68031D8022D28D84DB3944CBDF8323158
:10C28000227B002B77D1002A76D1667B002E40F0EE
:10C290009380BDF836214EA904F59C7007F012FE7C
:10C2A000012D30D12A4604F59C716846FEF75FFCEB
:10C2B000694604F11800FFF7B7FF266BF6B10620B8
:10C2C000FBF716FF2573A58201E0042D7AD048B054
:10C2D000BDE8704004B07047152D00F0B780182DF0
:10C2E000F5D10620FBF704FF7948F4F79BF978486D
:10C2F000F4F7A0F97748FDF744FE6CE01520FBF752
:10C30000F7FE2673E3E7324604F59C716846FEF7B4
:10C310002EFC694604F11800FFF786FF256B25B94E
:10C320001520FBF7E5FE6573D1E73146012588222C
:10C3300004F5DC70A582657307F019FD4FF0011359
:10C34000802204F5E07104F11800C4F8B831F4F764
:10C3500012FA86B2314604F5E070A4F8BE61FBF72C
:10C3600033FE7F2EA4F8BC0100D8A573A18A5748DC
:10C37000E9F71BF9ABE7E2B1A28A9A4215D1BDF801
:10C380003651BDF8346129464EA8FBF71DFE8642A2
:10C390000BD12A464EA94E48F4F75AFB0620FBF76C
:10C3A000A7FEA38A0133A38291E71520FBF7A0FE25
:10C3B0008DE7637B002B8AD01820FBF799FE0023C2
:10C3C000637384E70620FBF793FE4148F4F72AF9EC
:10C3D0003F48F4F72FF93D4B00221A7377E73B4CA7
:10C3E000637B8BB3A17B51B10420FBF781FE04F189
:10C3F0001800F4F71FF900236373A37367E7A58A96
:10C4000001351923ADB2882204F5DC702361A582C1
:10C41000012607F0ACFC802204F5E07104F118005D
:10C42000A4F8BA5184F8B861F4F7A5F985B22946A1
:10C4300004F5E070A4F8BE51FBF7C6FD7F2DA4F80B
:10C44000BC0193D8A67391E71820AFE71F4C637B1C
:10C45000002BF9D02369013B002B236107DC182056
:10C46000FBF746FE04F11800F4F7E4F8A7E788228A
:10C47000002104F5DC7007F07AFC012384F8B83160
:10C4800094F82C30A58AA06AA4F8BA5143B9266B57
:10C490000C303146F4F727F810B9013DED01356253
:10C4A0000D498022A1F5D470F4F765F985B22946CB
:10C4B0000948A4F8BE51FBF787FD7F2D98BF0123E3
:10C4C000A4F8BC0198BFA37350E700BF4446002006
:10C4D0005C4600207C4700200448002030B5ADF5C4
:10C4E0005D7D0C460022014604A8FEF740FB0A9B36
:10C4F000002B40D09DF82430002B3CD004A94CA840
:10C50000FDF793FD1D4D529B002B31D09DF850310E
:10C5100073B39DF84431FBB154A994A8FCF72DF8EE
:10C52000294601A8FCF729F801A994A8FCF789F885
:10C5300060B901A8FBF7FCFF94A8FBF7F9FF74B101
:10C54000611EC9B254A8FFF7C9FF05E001A8FBF7B7
:10C55000EFFF94A8FBF7ECFF4CA8F4F76BF804A9E5
:10C5600094A8FDF762FD94A94CA8FFF75DFECAE709
:10C5700004A8F4F75FF80DF55D7D30BD22AB02082D
:10C580000023C0E900338360704738B5FFF7F8FF38
:10C590000023C3608B6804460D462BB102229847E6
:10C5A000EB68E360AB68A36038BD30B587B002AD1F
:10C5B00004462846FFF7E9FF95E803006B4683E849
:10C5C000030094E8030085E8030093E80300049B5C
:10C5D000A268A360059B049284E80300E268E3601C
:10C5E00028460592E7F7AAF907B030BD08B5FFF76E
:10C5F000C7FF0023C36008BDF8B5044600F1640717
:10C600000D46384604F1B402FFF7F0FF10309042B7
:10C61000FAD12846E7F716FA5C4A256104F10C03C3
:10C62000002542F8203004F110060E23C4E9173526
:10C630003046C4E90C55C4E90E55C4E9105584F8D8
:10C640002C50A56484F84C5084F84D50E460E7F712
:10C650007BFC3846FEF780FA04F17400FEF77CFAA2
:10C6600004F18400FEF778FA04F19400FEF774FAFE
:10C6700004F1A400FEF770FA4FF6FF73C4E9065305
:10C680008023A36294F84D30A560C4E90055C4E945
:10C690000855656103F0FF0223BB84F84C20304647
:10C6A000E7F752FC2069E7F76FFCD4E91712E5F7CA
:10C6B0001BFF2069E7F768FCE5F7EBFE26693046CB
:10C6C000E7F782FC05463046E7F75EFC854209D075
:10C6D000D4E917122846E5F707FF2069E7F774FC4D
:10C6E000E5F7D7FE22692A49022384F84D308A42B1
:10C6F000136802D0B2F1804F08D1A16923F0700312
:10C700000B43216A23F440730B4306E021498A421C
:10C71000F7D001F580618A42F3D0A16A23F080034B
:10C720000B431360E369D36263699362184B9A42C7
:10C7300007D003F5C0539A4203D003F580639A42B1
:10C7400001D1636A1363012353611169C90742BFB1
:10C75000116921F00101116184F8583084F84E30DC
:10C7600084F84F3084F8503084F8513084F85230D7
:10C7700084F8533084F8543084F8553084F85630B7
:10C7800084F8573084F84D30F8BD00BF001C0020FD
:10C79000002C0140004401402DE9F84FC3B21C2B8E
:10C7A0000E4619D85A4A52F8233000F4E0641C436C
:10C7B000651C00F0AA80DFF85C81C4F303134FEA24
:10C7C000830908EB830304F00F07D3F8FC30FB4028
:10C7D000D80723D5504B15E000F0C002C02A40F026
:10C7E0009480C82B00F291804C4B00F03F0200F483
:10C7F000E06453F82220464B53F82230D7E79442A6
:10C8000053D00C331A68511CF9D1C1440122D9F814
:10C81000FC30BA4023EA0203C9F8FC30052E33D8B5
:10C82000DFE806F0333F393B3D41BBF1804F15D186
:10C830004FF0B042936D23F00103936500234AF853
:10C84000203005F1640BEB6005F1B40ADA4517D02E
:10C85000AAF1100A5046E7F771F8F7E7304B9B450D
:10C8600005D14FF0B042136E23F400334BE02D4B53
:10C870009B45E3D14FF0B042136E23F4802342E096
:10C88000284608F0C5FAC0E7FEE700212046BDE8CB
:10C89000F84FE7F787BA1021F8E72021F6E70321E0
:10C8A000F4E70121F2E70921F0E71B49DFF878A05E
:10C8B0002046E7F70BFBE7F7C5F85AF820300546A6
:10C8C0007BB9B42008F09CFA134983462046E7F769
:10C8D000FDFA01465846FFF78FFE5AF82530C3F897
:10C8E00000B05AF825301D68002D8ED0D5F810B054
:10C8F0005846E7F7A7F80D4B9B4596D14FF0B0424D
:10C90000136E23F40063136698E7BDE8F88F00BF49
:10C910007C860208C4500020E0930208F0860208DA
:10C920000044014000480140001C0020002C014050
:10C9300021B990F84430012B13D07047042904D159
:10C9400090F84530012B32D07047082904D090F878
:10C950004730012B33D0704790F84630012B2AD056
:10C960007047022380F84430036801F01F0104225D
:10C970008A40196A21EA02011962196A0A431A6295
:10C980005A6C42F400425A640F4A934202D0B3F107
:10C99000804F07D199680D4A0A40062A06D0B2F5A1
:10C9A000803F03D01A6842F001021A6070470223E8
:10C9B00080F84530D8E7022380F84630D4E70223D8
:10C9C00080F84730D0E700BF002C0140070001008D
:10C9D00008293ED015D829B304292BD090F843203C
:10C9E00090F84730012ADBB25FD1012B5DD10C29D1
:10C9F00074D8042927D000296AD0022380F8433054
:10CA000060E00C2952D01029E8D190F8422090F82B
:10CA10004730012ADBB248D1012B46D1022380F8EE
:10CA200042304FE090F83E2090F84430012ADBB2CB
:10CA30004CD0704790F83F2090F84530012ADBB287
:10CA400033D1012B31D1022380F83F3080F84530BB
:10CA50000DE090F8402090F84630012ADBB224D156
:10CA6000012B22D1022380F8403080F84630036841
:10CA700001F01F0101228A40196A21EA02011962AC
:10CA8000196A0A431A62174A934202D0B3F1804FDF
:10CA900007D19968144A0A40062A06D0B2F5803FA9
:10CAA00003D01A6842F001021A60704790F84120E2
:10CAB00090F84730012ADBB2F7D1012BF5D10223E0
:10CAC00080F84130022380F84730D0E7012BECD1C9
:10CAD000022380F83E3080F84430C8E710298CD11A
:10CAE0009CE700BF002C01400700010008291BD073
:10CAF00007D879B1042912D090F84330012B54D0D3
:10CB000070470C2915D0102918D090F84330012B0C
:10CB10004BD0704790F83E30012B14D0704790F8FE
:10CB20003F30012B31D0704790F84030012B30D08E
:10CB3000704790F84130012B2FD0704790F8423069
:10CB4000012B2ED07047022380F83E30036801F09D
:10CB50001F0101228A40196A21EA02011962196A39
:10CB60000A431A621C4A934228D002F5C0529342EB
:10CB70001FD002F5806293421BD0B3F1804F21D0C9
:10CB80001A6842F001021A6024E0022380F83F3064
:10CB9000DCE7022380F84030D8E7022380F84130F8
:10CBA000D4E7022380F84230D0E7022380F84330F4
:10CBB000CCE75A6C42F400425A64E1E75A6C42F402
:10CBC00000425A649968054A0A40062A02D0B2F522
:10CBD000803FD5D1704700BF002C01400700010005
:10CBE00090F83D30012B15D102230B4A80F83D30DF
:10CBF0000368934202D0B3F1804F07D19968074A86
:10CC00000A40062A06D0B2F5803F03D01A6842F0E7
:10CC100001021A60704700BF002C014007000100AC
:10CC20000B4600F108010160D3E900124FF0000348
:10CC30000A44E8F7A9BA00BF81F0004102E000BF52
:10CC400083F0004330B54FEA41044FEA430594EACC
:10CC5000050F08BF90EA020F1FBF54EA000C55EA07
:10CC6000020C7FEA645C7FEA655C00F0E2804FEAD8
:10CC70005454D4EB5555B8BF6D420CDD2C4480EABA
:10CC8000020281EA030382EA000083EA010180EAEA
:10CC9000020281EA0303362D88BF30BD11F0004F38
:10CCA0004FEA01314FF4801C4CEA113102D040426E
:10CCB00061EB410113F0004F4FEA03334CEA1333A9
:10CCC00002D0524263EB430394EA050F00F0A780C1
:10CCD000A4F10104D5F1200E0DDB02FA0EFC22FABC
:10CCE00005F2801841F1000103FA0EF2801843FAB0
:10CCF00005F359410EE0A5F120050EF1200E012AA1
:10CD000003FA0EFC28BF4CF0020C43FA05F3C018DE
:10CD100051EBE37101F0004507D54FF0000EDCF157
:10CD2000000C7EEB00006EEB0101B1F5801F1BD300
:10CD3000B1F5001F0CD349085FEA30004FEA3C0C04
:10CD400004F101044FEA445212F5800F80F09A80FA
:10CD5000BCF1004F08BF5FEA500C50F1000041EBFE
:10CD6000045141EA050130BD5FEA4C0C404141EB02
:10CD70000101013C28BFB1F5801FE9D291F0000FFD
:10CD800004BF01460020B1FA81F308BF2033A3F1AC
:10CD90000B03B3F120020CDA0C3208DD02F1140CA3
:10CDA000C2F10C0201FA0CF021FA02F10CE002F1DE
:10CDB0001402D8BFC2F1200C01FA02F120FA0CFCD7
:10CDC000DCBF41EA0C019040E41AA2BF01EB045120
:10CDD000294330BD6FEA04041F3C1CDA0C340EDC1E
:10CDE00004F11404C4F1200220FA04F001FA02F361
:10CDF00040EA030021FA04F345EA030130BDC4F11F
:10CE00000C04C4F1200220FA02F001FA04F340EA13
:10CE10000300294630BD21FA04F0294630BD94F0C4
:10CE2000000F83F4801306BF81F480110134013DAB
:10CE30004EE77FEA645C18BF7FEA655C29D094EA1C
:10CE4000050F08BF90EA020F05D054EA000C04BF9A
:10CE50001946104630BD91EA030F1EBF0021002085
:10CE600030BD5FEA545C05D14000494128BF41F024
:10CE7000004130BD14F580043CBF01F5801130BD88
:10CE800001F0004545F0FE4141F470014FF0000013
:10CE900030BD7FEA645C1ABF194610467FEA655CC4
:10CEA0001CBF0B46024650EA013406BF52EA033566
:10CEB00091EA030F41F4002130BD00BF90F0000F54
:10CEC00004BF0021704730B54FF4806404F1320490
:10CED0004FF000054FF0000150E700BF90F0000F49
:10CEE00004BF0021704730B54FF4806404F1320470
:10CEF00010F0004548BF40424FF000013EE700BF40
:10CF000042004FEAE2014FEA31014FEA02701FBFCF
:10CF100012F07F4393F07F4F81F06051704732F001
:10CF20007F4208BF704793F07F4F04BF41F4002158
:10CF3000704730B54FF4607401F0004521F00041B6
:10CF40001CE700BF50EA010208BF704730B54FF040
:10CF500000050AE050EA010208BF704730B511F041
:10CF6000004502D5404261EB41014FF4806404F179
:10CF700032045FEA915C3FF4D8AE4FF003025FEAFF
:10CF8000DC0C18BF03325FEADC0C18BF033202EB83
:10CF9000DC02C2F1200300FA03FC20FA02F001FADD
:10CFA00003FE40EA0E0021FA02F11444BDE600BF80
:10CFB00070B54FF0FF0C4CF4E06C1CEA11541DBF2F
:10CFC0001CEA135594EA0C0F95EA0C0F00F0DEF8FA
:10CFD0002C4481EA030621EA4C5123EA4C5350EADF
:10CFE000013518BF52EA033541F4801143F4801330
:10CFF00038D0A0FB02CE4FF00005E1FB02E506F0C1
:10D000000042E0FB03E54FF00006E1FB03569CF015
:10D01000000F18BF4EF0010EA4F1FF04B6F5007F1B
:10D0200064F5407404D25FEA4E0E6D4146EB06068D
:10D0300042EAC62141EA55514FEAC52040EA5E5016
:10D040004FEACE2EB4F1FD0C88BFBCF5E06F1ED8C0
:10D05000BEF1004F08BF5FEA500E50F1000041EBF7
:10D06000045170BD06F0004646EA010140EA0200A4
:10D0700081EA0301B4EB5C04C2BFD4EB0C0541EAC6
:10D08000045170BD41F480114FF0000E013C00F3DB
:10D09000AB8014F1360FDEBF002001F0004170BDFF
:10D0A000C4F10004203C35DA0C341BDC04F1140418
:10D0B000C4F1200500FA05F320FA04F001FA05F2A4
:10D0C00040EA020001F0004221F0004110EBD37071
:10D0D00021FA04F642EB06015EEA430E08BF20EA9D
:10D0E000D37070BDC4F10C04C4F1200500FA04F340
:10D0F00020FA05F001FA04F240EA020001F00041D2
:10D1000010EBD37041F100015EEA430E08BF20EA44
:10D11000D37070BDC4F1200500FA05F24EEA020E8C
:10D1200020FA04F301FA05F243EA020321FA04F0BB
:10D1300001F0004121FA04F220EA020000EBD37072
:10D140005EEA430E08BF20EAD37070BD94F0000F72
:10D150000FD101F00046400041EB010111F4801FA6
:10D1600008BF013CF7D041EA060195F0000F18BF57
:10D17000704703F00046520043EB030313F4801F93
:10D1800008BF013DF7D043EA0603704794EA0C0F4D
:10D190000CEA135518BF95EA0C0F0CD050EA410663
:10D1A00018BF52EA4306D1D181EA030101F00041E0
:10D1B0004FF0000070BD50EA410606BF1046194608
:10D1C00052EA430619D094EA0C0F02D150EA013614
:10D1D00013D195EA0C0F05D152EA03361CBF104655
:10D1E00019460AD181EA030101F0004141F0FE41F4
:10D1F00041F470014FF0000070BD41F0FE4141F478
:10D20000780170BD70B54FF0FF0C4CF4E06C1CEA77
:10D2100011541DBF1CEA135594EA0C0F95EA0C0F2C
:10D2200000F0A7F8A4EB050481EA030E52EA0335E7
:10D230004FEA013100F088804FEA03334FF0805508
:10D2400045EA131343EA12634FEA022245EA111535
:10D2500045EA10654FEA00260EF000419D4208BFE6
:10D26000964244F1FD0404F5407402D25B084FEA93
:10D270003202B61A65EB03055B084FEA32024FF43F
:10D2800080104FF4002CB6EB020E75EB030E22BF9C
:10D29000B61A754640EA0C005B084FEA3202B6EB5C
:10D2A000020E75EB030E22BFB61A754640EA5C000B
:10D2B0005B084FEA3202B6EB020E75EB030E22BF9B
:10D2C000B61A754640EA9C005B084FEA3202B6EB9C
:10D2D000020E75EB030E22BFB61A754640EADC005B
:10D2E00055EA060E18D04FEA051545EA16754FEABD
:10D2F00006164FEAC30343EA52734FEAC2025FEADB
:10D300001C1CC0D111F4801F0BD141EA00014FF069
:10D3100000004FF0004CB6E711F4801F04BF01433A
:10D320000020B4F1FD0C88BFBCF5E06F3FF6AFAE56
:10D33000B5EB030C04BFB6EB020C5FEA500C50F1E6
:10D34000000041EB045170BD0EF0004E4EEA113169
:10D3500014EB5C04C2BFD4EB0C0541EA045170BD70
:10D3600041F480114FF0000E013C90E645EA060EB4
:10D370008DE60CEA135594EA0C0F08BF95EA0C0FE2
:10D380003FF43BAF94EA0C0F0AD150EA01347FF42A
:10D3900034AF95EA0C0F7FF425AF104619462CE701
:10D3A00095EA0C0F06D152EA03353FF4FDAE104664
:10D3B000194622E750EA410618BF52EA43067FF4B5
:10D3C000C5AE50EA41047FF40DAF52EA43057FF445
:10D3D000EBAE12E74FF0FF3C06E000BF4FF0010C50
:10D3E00002E000BF4FF0010C4DF804CD4FEA410CB4
:10D3F0007FEA6C5C4FEA430C18BF7FEA6C5C1BD081
:10D4000001B050EA410C0CBF52EA430C91EA030F01
:10D4100002BF90EA020F0020704710F1000F91EA5E
:10D42000030F58BF994208BF90422CBFD8176FEA2C
:10D43000E37040F0010070474FEA410C7FEA6C5CFA
:10D4400002D150EA013C07D14FEA430C7FEA6C5C01
:10D45000D6D152EA033CD3D05DF8040B704700BF2D
:10D460008446104662468C461946634600E000BF7B
:10D4700001B5FFF7B7FF002848BF10F1000F01BD4D
:10D480004DF808EDFFF7F4FF0CBF012000205DF818
:10D4900008FB00BF4DF808EDFFF7EAFF34BF01209D
:10D4A00000205DF808FB00BF4DF808EDFFF7E0FF36
:10D4B00094BF012000205DF808FB00BF4DF808ED87
:10D4C000FFF7CEFF94BF012000205DF808FB00BFEE
:10D4D0004DF808EDFFF7C4FF34BF012000205DF8D0
:10D4E00008FB00BF4A0011D212F5001211D20DD56F
:10D4F0006FF47873B3EB62520ED44FEAC12343F05A
:10D50000004343EA505323FA02F070474FF0000003
:10D51000704750EA013002D14FF0FF3070474FF0B2
:10D52000000070474FF0FF3C06E000BF4FF0010CD9
:10D5300002E000BF4FF0010C4DF804CD4FEA40026D
:10D540004FEA41037FEA226C18BF7FEA236C11D0B7
:10D5500001B052EA530C18BF90EA010F58BFB2EB6A
:10D56000030088BFC81738BF6FEAE17018BF40F0EA
:10D57000010070477FEA226C02D15FEA402C05D19E
:10D580007FEA236CE4D15FEA412CE1D05DF8040B23
:10D59000704700BF844608466146FFE70FB5FFF7B6
:10D5A000C9FF002848BF10F1000F0FBD4DF808ED6E
:10D5B000FFF7F4FF0CBF012000205DF808FB00BF5F
:10D5C0004DF808EDFFF7EAFF34BF012000205DF8B9
:10D5D00008FB00BF4DF808EDFFF7E0FF94BF012006
:10D5E00000205DF808FB00BF4DF808EDFFF7D2FF03
:10D5F00094BF012000205DF808FB00BF4DF808ED46
:10D60000FFF7C8FF34BF012000205DF808FB00BF12
:10D6100053B94AB9002908BF00281CBF4FF0FF3199
:10D620004FF0FF3000F00CB8ADF1080C6DE904CEFE
:10D6300005F00CFBDDF804E0DDE9022304B07047DF
:10D64000704700BF10F8012B11F8013B012A28BFD9
:10D650009A42F7D0D01A7047000000000000000086
:10D6600001F0FF01102A2BDB10F0070F08D010F893
:10D67000013B013A8B422DD010F0070F42B3F6D197
:10D68000F0B441EA012141EA014122F007047FF0B0
:10D6900000070023F0E80256083C85EA010586EA07
:10D6A000010685FA47F5A3FA87F586FA47F6A5FA43
:10D6B00087F68EB9EED1F0BC01F0FF0102F007024F
:10D6C00032B110F8013B013A83EA010313B1F8D1FA
:10D6D0000020704701387047002D06BF35460338DB
:10D6E000073815F0010F07D1013015F4807F02BF14
:10D6F000013015F4C03F0130F0BC0138704700BF65
:10D70000034613F8012B002AFBD1181A0138704781
:10D710004FEA410C7FEA6C5C02D150EA013C0AD12D
:10D720004FEA430C7FEA6C5C02D152EA033C02D11F
:10D730004FF0000070474FF0010070474FEA410280
:10D7400012F5001215D211D56FF47873B3EB625253
:10D7500012D94FEAC12343F0004343EA505311F07A
:10D76000004F23FA02F018BF404270474FF000000C
:10D77000704750EA013005D111F0004008BF6FF04A
:10D78000004070474FF00000704700BF4FEA410271
:10D79000B2F1E04324BFB3F5001CDCF1FE5C0DD90F
:10D7A00001F0004C4FEAC0024CEA5070B2F1004F59
:10D7B00040EB830008BF20F00100704711F0804F5C
:10D7C00021D113F13872BCBF01F00040704741F421
:10D7D00080114FEA5252C2F11802C2F1200C10FA25
:10D7E0000CF320FA02F018BF40F001004FEAC12309
:10D7F0004FEAD32303FA0CFC40EA0C0023FA02F3AD
:10D800004FEA4303CCE77FEA625307D150EA013382
:10D810001EBF4FF0FE4040F44000704701F0004052
:10D8200040F0FE4040F40000704700BF80F0004030
:10D8300002E000BF81F0004142001FBF5FEA4103E8
:10D8400092EA030F7FEA226C7FEA236C6AD04FEAE8
:10D850001262D2EB1363C1BFD2184140484041402D
:10D86000B8BF5B42192B88BF704710F0004F40F4DF
:10D87000000020F07F4018BF404211F0004F41F4FB
:10D88000000121F07F4118BF494292EA030F3FD0C7
:10D89000A2F1010241FA03FC10EB0C00C3F12003DA
:10D8A00001FA03F100F0004302D5494260EB400069
:10D8B000B0F5000F13D3B0F1807F06D340084FEAD4
:10D8C000310102F10102FE2A51D2B1F1004F40EBC9
:10D8D000C25008BF20F0010040EA03007047490031
:10D8E00040EB0000013A28BFB0F5000FEDD2B0FACE
:10D8F00080FCACF1080CB2EB0C0200FA0CF0AABFF1
:10D9000000EBC25052421843BCBFD040184370478E
:10D9100092F0000F81F4000106BF80F40000013294
:10D92000013BB5E74FEA41037FEA226C18BF7FEA6B
:10D93000236C21D092EA030F04D092F0000F08BFAD
:10D940000846704790EA010F1CBF0020704712F094
:10D950007F4F04D1400028BF40F00040704712F1D3
:10D9600000723CBF00F50000704700F0004343F038
:10D97000FE4040F4000070477FEA226216BF08466E
:10D980007FEA23630146420206BF5FEA412390EA31
:10D99000010F40F4800070474FF0000304E000BF27
:10D9A00010F0004348BF40425FEA000C08BF7047D8
:10D9B00043F0964301464FF000001CE050EA01029C
:10D9C00008BF70474FF000030AE000BF50EA0102B1
:10D9D00008BF704711F0004302D5404261EB41019E
:10D9E0005FEA010C02BF84460146002043F0B643C3
:10D9F00008BFA3F18053A3F50003BCFA8CF2083AE8
:10DA0000A3EBC25310DB01FA02FC634400FA02FCF0
:10DA1000C2F12002BCF1004F20FA02F243EB0200F7
:10DA200008BF20F00100704702F1200201FA02FC59
:10DA3000C2F1200250EA4C0021FA02F243EB02004C
:10DA400008BF20EADC7070474FF0FF0C1CEAD05290
:10DA50001EBF1CEAD15392EA0C0F93EA0C0F6FD051
:10DA60001A4480EA010C400218BF5FEA41211ED02F
:10DA70004FF0006343EA501043EA5111A0FB01311B
:10DA80000CF00040B1F5000F3EBF490041EAD371F0
:10DA90005B0040EA010062F17F02FD2A1DD8B3F16C
:10DAA000004F40EBC25008BF20F00100704790F0DB
:10DAB000000F0CF0004C08BF49024CEA502040EA2D
:10DAC00051207F3AC2BFD2F1FF0340EAC2507047F3
:10DAD00040F400004FF00003013A5DDC12F1190F31
:10DAE000DCBF00F000407047C2F10002410021FAA3
:10DAF00002F1C2F1200200FA02FC5FEA310040F1BB
:10DB0000000053EA4C0308BF20EADC70704792F033
:10DB1000000F00F0004C02BF400010F4000F013A6B
:10DB2000F9D040EA0C0093F0000F01F0004C02BF66
:10DB3000490011F4000F013BF9D041EA0C018FE7D5
:10DB40000CEAD15392EA0C0F18BF93EA0C0F0AD0DB
:10DB500030F0004C18BF31F0004CD8D180EA010001
:10DB600000F00040704790F0000F17BF90F0004F9A
:10DB7000084691F0000F91F0004F14D092EA0C0F7C
:10DB800001D142020FD193EA0C0F03D14B0218BF0F
:10DB9000084608D180EA010000F0004040F0FE4055
:10DBA00040F40000704740F0FE4040F440007047F1
:10DBB0004FF0FF0C1CEAD0521EBF1CEAD15392EA70
:10DBC0000C0F93EA0C0F69D0A2EB030280EA010C60
:10DBD00049024FEA402037D04FF0805343EA1111F9
:10DBE00043EA10130CF000408B4238BF5B0042F157
:10DBF0007D024FF4000C8B4224BF5B1A40EA0C00FC
:10DC0000B3EB510F24BFA3EB510340EA5C00B3EB2D
:10DC1000910F24BFA3EB910340EA9C00B3EBD10F1B
:10DC200024BFA3EBD10340EADC001B0118BF5FEA6D
:10DC30001C1CE0D1FD2A3FF650AF8B4240EBC25096
:10DC400008BF20F0010070470CF0004C4CEA502057
:10DC50007F32C2BFD2F1FF0340EAC250704740F4A6
:10DC600000004FF00003013A37E792F0000F00F098
:10DC7000004C02BF400010F4000F013AF9D040EA16
:10DC80000C0093F0000F01F0004C02BF490011F4AA
:10DC9000000F013BF9D041EA0C0195E70CEAD153A2
:10DCA00092EA0C0F08D142027FF47DAF93EA0C0F89
:10DCB0007FF470AF084676E793EA0C0F04D14B026D
:10DCC0003FF44CAF08466EE730F0004C18BF31F01F
:10DCD000004CCAD130F000427FF45CAF31F0004319
:10DCE0007FF43CAF5FE700BF4FEA4002B2F1FE4F66
:10DCF0000FD34FF09E03B3EB12620DD94FEA00230E
:10DD000043F0004310F0004F23FA02F018BF4042E6
:10DD100070474FF00000704712F1610F01D14202CD
:10DD200005D110F0004008BF6FF0004070474FF081
:10DD30000000704742000ED2B2F1FE4F0BD34FF0FD
:10DD40009E03B3EB126209D44FEA002343F0004371
:10DD500023FA02F070474FF00000704712F1610F94
:10DD600001D1420202D14FF0FF3070474FF0000066
:10DD7000704700BF10B5054C237833B9044B13B17D
:10DD80000448AFF300800123237010BDF454002039
:10DD900000000000505C020808B5034B1BB10349AA
:10DDA0000348AFF3008008BD00000000F8540020D5
:10DDB000505C02080368DB6A184700000148FAF764
:10DDC0003DB900BFB00800202DE9F0471E4690F88D
:10DDD000DD3A04461546002B52D02D4B93F8B03255
:10DDE000002B4DD009784339C9B214299BBF294B68
:10DDF0005B184FF0000993F8B895274BD3F84837D4
:10DE0000DBB3D3F81C8004F590674FF40072002157
:10DE1000384605F0ACFF06230121A4F884340846F7
:10DE200084F82C96E7F758F81F22C4F808064146F4
:10DE300004F20C6007F0BFFE33462A4640F27F1121
:10DE400004F5916005F02CFF002808DD013820441E
:10DE500090F888340A2B04BF002380F888343B46AE
:10DE60004FF4FF7104F69D000C4AEBF775F801467C
:10DE70002046BDE8F047EAF77DBEDFF82480C2E720
:10DE800033462A4604F52A60BDE8F047E7F730B884
:10DE9000E8040020685C0208E015002038620208EF
:10DEA00044AC020890F84D3070B50446BBB10D4B40
:10DEB000026D1B689A4212D8002500F1580680F8BE
:10DEC0004D5045653046FDF77DFC382229463046E9
:10DED00005F04DFF236A04F120009B6998476FF01D
:10DEE000004070BDE804002002292DE9F0410446FD
:10DEF0000E4633D0032900F0BC80012940F0F580A4
:10DF000090F82C3273B3002380F82C32D0F828021A
:10DF10000368DB6E9847236832465B6B0146074611
:10DF200020469847724B93F8B8310646FBB9714BBF
:10DF30001B68D3F884213244C3F884210A21D3F822
:10DF40003C21B2FBF1F20621B2FBF1F001FB102201
:10DF500003EB82031A6B32441A6303E0C36F0BB105
:10DF6000EBF7F6FC236820465B6D984789E0D4F810
:10DF7000280203683A461B6B04F18801984728B1D0
:10DF8000D4F830320133C4F83032D0E7183FF7D438
:10DF9000D4F834320133C4F83432D4F88C30002B46
:10DFA000E0D05548EAF79CFCD4F88C300360D4F8F4
:10DFB00088304360D4F89030C0F8143194F896302B
:10DFC0000372B4F8943003F07F0380F82031B4F882
:10DFD00094305B0A80F82A31B4F89420C2F3C0115F
:10DFE000C2F30022054680F8211180F82921002B78
:10DFF00038D1C0F85031C5F85431236829465B6FD9
:10E000002046984705236B813A4604F1A00105F1AB
:10E010000E0005F057FF374BAF811B683749D3F827
:10E0200064213244C3F864210A6832440A60D3F898
:10E030003C210A21B2FBF1F20621B2FBF1F001FB17
:10E04000102203EB82031A6B32441A632C4B1868BC
:10E05000002887D0012385F85C31036829461B6AB4
:10E0600098477FE7D4F89830C0F85031D4F89C3006
:10E07000C1E7D0E973239A4237D003681B6F9847F2
:10E0800020B92046BDE8F041E9F71CB9D4E9733264
:10E09000934226D01B68D3F8581151B1194B1B6815
:10E0A000C91A002905DD04F5CA70BDE8F041FBF787
:10E0B000D9BD236820469B6D9847054600287FF40C
:10E0C00051AFD4E97313994204D004F5E6700D689A
:10E0D000FDF70CFE2368294620469B6EBDE8F04103
:10E0E00018470023D3F85831FFDEBDE8F08100BFA8
:10E0F000F00400201C1D0020581E0020F007002006
:10E10000A41E0020E80400202DE9F14F504D95F8A1
:10E11000383204463BB9A3699B6904F1180001B089
:10E12000BDE8F04F184790F84530CBB1002380F898
:10E13000453095F859020028EDD095F85B1249005A
:10E14000FEF72AFB95F8183D43F6982247F2305027
:10E1500002FB0300013385F8183D01B0BDE8F08FE4
:10E16000DFF8F0B0866CD5F83C02E7F728F8DBF86A
:10E1700000309B1B984213D8FAF740FD95F85A22BD
:10E18000354B03EB820306460146D3F8D43694F8A8
:10E190004C00984784F84C60804690B1012850D0DC
:10E1A000D5F84032002B51D0A16CDBF80020521A78
:10E1B0004FF47A714B439A4248D3FAF71FFD014658
:10E1C00040E0282006F01CFE244905F24522814645
:10E1D00007F086FC2046ECF7CDFE074680F821814B
:10E1E0004846FFF78DFA1FFA80FAA7F80EA05246AC
:10E1F000494607F1100005F065FE95F84432564691
:10E200005BB1BAF1E80F08D83E4407230AF1010ACE
:10E21000337486F81180A7F80EA0DBF80030A364F1
:10E220000020FCF7F7F8034628B902460C483946A7
:10E230000068E8F783F9484606F0EAFD4FF47A7083
:10E240008BE731462046ECF7ABFEF7E7642084E726
:10E25000083F0020E80400209077020891A60208F9
:10E26000A01E0020F8B5304D95F83431064663B154
:10E270002E4F826E3B689A420AD24FF0FF3383667C
:10E28000EEF756FE002386F86C306FF00040F8BDC4
:10E2900090F86C30002B44D0D5F83841D5F8303D9B
:10E2A0003A68002C08BF4FF47A742344934206D294
:10E2B00095F82C2D002182F00102EEF70DFED5F825
:10E2C000343D3A682344934207D295F82D2D01211D
:10E2D00082F001023046EEF7FFFD95F843316BB94D
:10E2E000D5F8383D3A682344934207D295F82E2D4D
:10E2F000022182F001023046EEF7EEFD95F843313F
:10E300006BB10B4BDA6852B193F85D3003F0FD034B
:10E31000012B04D096F86C3003B13B6819242046D9
:10E32000B5E74FF47A74E9E7083F0020E8040020DD
:10E33000F004002070B5144D95F8F0310446F3B1A7
:10E34000124B1878FCF766F810B1114B1B78B3B973
:10E35000104B1E6801213046E6F71AFD78B13046B1
:10E36000E6F72BFD58B14FF0FF312046FAF7F4FBEA
:10E37000D5F8EC0128B14FF47A73584370BD0121F0
:10E38000F3E70548FAE700BF443F0020701E002075
:10E390006C0000201C1D0020009749012DE9F14F61
:10E3A000984D95F8DC3004462BB9D4F8A03A04F522
:10E3B0002A609B69CDE095F8F13053B190F8CD3AE1
:10E3C000002B00F0BF8095F8E830012B69D16E2654
:10E3D00070E0D5F8E030002BE7D0D5F8E430002B22
:10E3E000E3D090F8CD3A002B00F0AC8095F8E830FF
:10E3F000012B6CD0023BDBB20D2B6AD8824A02EBB8
:10E400008303D3F84863D5F8E030804FE3B1D5F803
:10E41000E420CAB1D1B21C295ED87B4800EB81014F
:10E42000D1F8801302F4E0620A43C7F8F421DAB2AB
:10E430001C2A64D8744901EB8202D2F8802303F4C9
:10E44000E0631343C7F8F8313046FCF74FFBD5F8CB
:10E45000EC30002B08BFFA237420BB6006F0D0FC20
:10E460006B4906460027FDF7C3FC6A4B3360562212
:10E47000C6E90577394606F11C0005F078FC95F8E9
:10E48000F030654A032B4DD0191F01294CD80323C6
:10E49000A6F87230D66084F8CD7A0A2001B0BDE8C3
:10E4A000F08F023BDBB20D2B0ED8574A02EB8303F1
:10E4B000D3F84863554F3846F9F7C0FD574B0A204B
:10E4C0001F60FAF7F3F99EE74FF41646F2E76E265F
:10E4D00099E74FF4164696E702F0C000C0280BD12A
:10E4E000C82909D8484902F03F0001EB8000D0F864
:10E4F000F40301EB800193E74FF0FF3295E703F05F
:10E50000C001C0290BD1C82A09D83F4A03F03F01F6
:10E5100002EB8101D1F8F41302EB81028DE74FF099
:10E52000FF338FE70123B3E74021A6F87210022BD7
:10E530003B49F160D66084F8CD7AAED12046EBF746
:10E5400071FBAAE795F8F030022B06D12368DB6A4D
:10E55000204601B0BDE8F04F1847062B9DD02E4F46
:10E56000DFF8A88007F110094046F9F72DFC0028D4
:10E5700093D0E92249464046F9F7D2FCFE68C7F835
:10E580001002F468CCB1DFF89CA09AF800B0002526
:10E59000EBB29B4505D8244B1878FBF7B1FA04463B
:10E5A0000BE02846FBF772FE214607F0B9FA6B1C18
:10E5B00028BB4C2404FB05A40434336830469B6913
:10E5C00098474FF0FF33054643600CB12378037240
:10E5D000D7F81022EA810024012385F8213113495C
:10E5E00085F8FA4092B205F1100005F06BFC104876
:10E5F0002346006822462946E7F7A0FFB4E71D46F8
:10E60000C6E700BF443F0020FC820208B00800209B
:10E6100086A902081C870208484C0020FC00002044
:10E6200078A60208A8490020701E0020584C00203F
:10E63000A01E002038B59388022B0846144608D146
:10E64000054B1D68E6F7E1FF224601462846FDF727
:10E650002DFD002038BD00BF841E0020114BF7B5F2
:10E66000D3F82C62104B476D4665044618680F4D71
:10E67000E6F7A3FB60B12B79082B09D00023BA1B66
:10E68000009318BF01224FF0FF312046F1F71EFA28
:10E69000686920B14FF47A73584303B0F0BD044861
:10E6A000FBE700BF484C00201C1D0020F0040020A8
:10E6B00080CBA40030B5244B1D68ADF5617D0446C8
:10E6C00095B16868E7F779F980B195F8202195F858
:10E6D0002A319A420AD21D4B1B7903F0FB03022B0D
:10E6E00004D0012384F83B30002022E04FF4B072C4
:10E6F000294688A805F0E6FB4FF488720021684699
:10E7000005F035FB124ABDF82E126B468CA8EBF7CC
:10E71000A9FA0028E8D0BDF80430022B04F1300536
:10E720000AD1214644A8F1F7D5FA44A92846F1F7C1
:10E7300025FB0DF5617D30BD062BD5D1214644A8C2
:10E74000EFF7A8FFF1E700BF1C4C0020F004002009
:10E75000AC870208F0B5634B90F859601D6897B01C
:10E760000446002E00F0BB80012E27D1C36DC26E7F
:10E77000EB1A934240F29B80022380F859305A49A9
:10E780000DA8F9F7FAFE0DA92046F3F77DFA0DA8BA
:10E79000F9F7CEFE00232566C4F898300DA904F1E0
:10E7A00020008DF83460FAF78DF9A56E04F12C0085
:10E7B0002946E6F771FB284617B0F0BD032E1FD09F
:10E7C000022E40F08C80036EED1A836E9D426ED354
:10E7D0000025464980F859507C30F9F7F9FE20466B
:10E7E000F3F768FA414904F17000F9F7F1FE0123EB
:10E7F000C4F898508DF834300DA904F120006CE075
:10E80000436EC26D13445D1BB5F57A7F00F170074E
:10E8100000F120064ED3364907A8F9F7AEFE07A946
:10E8200004A8F9F7CBFE00230A220DA94FF47A7051
:10E83000B5FBF0F0CDE90A330C93FCF75DFA0DA9B6
:10E840000AA8F9F7C5FE0C9A0A9904A8F9F7D1FEAF
:10E8500010B904A8F9F773FE26490DA8F9F78DFE43
:10E860000F9A0D9904A8F9F7C4FE10B904A8F9F796
:10E8700066FE04A901A8F9F7A1FE0DA8F9F758FE54
:10E880000AA8F9F755FE04A8F9F752FE07A8F9F708
:10E890004FFE01A93846F9F782FE01230DA9304643
:10E8A0008DF83430FAF70EF901A8F9F741FE4FF46C
:10E8B0007A7081E7002380F859300C497C30F9F7F1
:10E8C00087FE2046F3F7F6F908493846F9F780FE47
:10E8D00001238DF834300DA93046FAF7F3F86FF0C4
:10E8E000004069E7E8040020A3AB020844AC02083A
:10E8F000B8AB0208A1A9020870B5904C904DE3682E
:10E900004FF6FF0633402B43E3604FF0B04396B021
:10E910001A6D42F400221A651A6D02F40022039265
:10E92000039A9A6C42F480529A649B6C03F480536D
:10E930000293029BE5F7F0F9E36833402B43E36071
:10E94000E4F7D8FB7F4C20600020E4F7E5FB44228D
:10E95000002105A805F00BFA7B4A136823F4C06375
:10E9600043F400731360136803F4C0630193019BC5
:10E97000202304934FF0010E0023B02204A8CDE918
:10E980000CE3CDE90E23E4F7F1FB00B1FEE76F499C
:10E990000B6813F0060F6E4B1BD04FF0B04291681E
:10E9A00021F0F001916018689168CE0322D5D2F869
:10E9B000081121F00F01C2F8081118684FF0B04299
:10E9C000D2F80811CD031AD41968091A0229F7D907
:10E9D0000FE00A6822F0070242F002020A6018689B
:10E9E0000A6802F00702022AD7D01A68121A022A0D
:10E9F000F6D9FEE71968091A0229D5D9F9E791680D
:10EA000021F4E061916018684FF0B0429168890389
:10EA100004D41968091A0229F8D9EAE7916821F49F
:10EA20006051916018684FF0B04291684E0304D471
:10EA30001968091A0229F8D9DBE711688D07D8D5BA
:10EA4000916821F00301916018684FF0B04141F2E4
:10EA500088358A6812F00C0F0ED13C490A6802F022
:10EA60000702022A0DD8E4F745FB3A4B20601868EC
:10EA7000E4F752FBB0B1BCE71A68121AAA42E8D90F
:10EA8000B7E70A6822F0070242F002020A6018683B
:10EA90000A6802F00702022AE5D01A68121A022A4E
:10EAA000F6D9A6E72C4B5A7F02F0FF0102B919777D
:10EAB00002225A771A79E2B91A6828495161916895
:10EAC00021F01801916059791A68002934D14FF06A
:10EAD000FF3111619168586921F060010143916033
:10EAE0009168986921F080010143916001225A7771
:10EAF00010E09C68E0070DD51F22013A03D324FAE9
:10EB000002F1C907F9D5D968102911D004D839B153
:10EB100008290FD016B070BD1829FBD1062AF9D8E4
:10EB200018684461826822F018020A438260CAE7CA
:10EB3000072AF4E70F2AF2E71969CAE700ED00E0B7
:10EB40000003FA056400002000040058004000584B
:10EB5000E80400206000002008010020B71DC10467
:10EB600030B5044685B0FCF70AF90025114B236047
:10EB7000A022C4E93255294604F1280005F0F7F82F
:10EB8000A368656004F11C05E3600B492846F9F7AA
:10EB90001FFD294601A8F9F711FDA16901A8FCF79D
:10EBA000D8F801462846F9F7FAFC01A8F9F7C0FCA5
:10EBB00005B030BD88930208BDAC020808B5FDF76A
:10EBC000DFFC0023C36008BD2DE98048DBB0AFF354
:10EBD00000800121C820FDF7DFFD0121C820F9F7E1
:10EBE000EDFDE6F7B9FAB8B903240121C820F9F719
:10EBF000E5FD4FF49670F9F759FE0021C820F9F7AA
:10EC0000DDFD4FF49670F9F751FE013CEDD14FF464
:10EC1000FA60F9F74BFEE7E74FF42E6006F0F0F8E4
:10EC2000814E04463146F9F731FD00257F4B80497E
:10EC3000C4F8A45AC4F8A03AC4F8A86A84F8AC5A34
:10EC400004F52B60FCF7D0F87A4B236003F14C02FB
:10EC50006833794EC4F8B03A0323C4F8A02A84F884
:10EC6000843684F8DD5A84F898584FF4E130C6F8B9
:10EC7000F440FBF73BFF2046EAF7D4FF1020D6F81C
:10EC8000F44006F0BDF800220023C0E900236B4BDE
:10EC90000572186004F52A64694B6A491B686A4D5D
:10ECA0002046F9F72FFCD6F8F400684B684A69490A
:10ECB000009300F52A60684BF9F724FCD6F8F400BD
:10ECC000664900F52A60F9F71DFC012006F098F866
:10ECD000634B6449186006F14000F9F779FC62491A
:10ECE00006F5A470F9F774FCD5F8E0255F4B03EA4C
:10ECF000822303F1FF6303F5F223B3F1006F40F2C7
:10ED0000CA805B4C2379002B40F0C580A0680028A6
:10ED100040F0B880D5F8E055544FDFF82C81DFF88B
:10ED2000549107EA852505F1FF6505F5F225D8F828
:10ED3000E01507EA812101F100639D42C0F0A7813F
:10ED400094F80480B8F1000F03D000232371F9F781
:10ED500083F9A068FCF748FA0546002856D1E36815
:10ED60005A6A0146D208A06C05F001F8E2684248F0
:10ED7000A563D2E9083214A9C4E910539A4294BF9A
:10ED8000E263E363F1F7B5FA00283DD13A482BA9D5
:10ED9000F1F7AFFA0346002836D102462BA93648D0
:10EDA000F2F7D0F8054600282ED1344B2C9F2D9A2F
:10EDB00027614FF01009CDE90B93E3686261D969CF
:10EDC0000F912F491B6A086810934968CDF81C9071
:10EDD0004FF00113119312ABCDE90D7203C334232D
:10EDE000CDE91D721C930CAF2023CDE90973089364
:10EDF0002148012307AA14A9F2F7A4F8002800F07B
:10EE00005081343000F04E81F9F726F92379002B38
:10EE100041D1A06800283ED0FCF724FAB0FA80F077
:10EE20004009207137E000BFB0080020CC940208F0
:10EE3000A7AD0208905D0208C4500020AC3E00203F
:10EE4000E8040020B5AD02080070FF1FEEAD020817
:10EE500091A10208D2AD0208AAA5020802AE0208DA
:10EE60001C1F00203BAE02084AAE020800FCFF0354
:10EE7000B83E0020007000F8C43E00202E140008A8
:10EE8000CFAC0208FCF7EEF900280CBF01230023E9
:10EE900023717FF43FAF0A21BA48FDF71FFB6020C2
:10EEA00005F0AEFF0446A046B749FBF79DFFB74B00
:10EEB00048F8303B0023A363C4E90C88B44B04F149
:10EEC0003C0203F1100718685968154603C508335A
:10EED000BB422A46F7D118689B88AB80AD4B2860AF
:10EEE0001F6867650025E56584F85850C6F8FC4141
:10EEF000FCF7DEFF07F13801C0F8088002F01DFBC7
:10EF00003B6C01333B64FCF7D3FF07F13409414606
:10EF1000C0F8089002F011FBA36BD6F8FC019E4EDE
:10EF20000133A36303681B6A9847342005F068FF28
:10EF30009A49016000F11003C0E90433C0E90955A2
:10EF40000572C5608561C5830584C56280F830504F
:10EF50000446B02204312BA8C6F8845304F0B2FF53
:10EF60008F48FAF7BBFF002840F0CC8000230393C2
:10EF700000238C49179314AACDE915330BA8182345
:10EF80001493FCF74FF80B9DDFF81C8215A805F2CF
:10EF9000C675FCF739FB834B8448CDF800801022FE
:10EFA0002946FBF7FDFDD8F80030172B00F2C98089
:10EFB0002046E6F758FE6568A38BD5E9009B0A2B2F
:10EFC00084BF0A23A38340F29C62ABEB0903934204
:10EFD00000F22981AA6876489910A2EB0B024143FE
:10EFE0009210C1F10A0142438A42C0F0B5805846EE
:10EFF000E8F763FF68606F4B6F48009640F2146259
:10F0000040F2E161FBF7CCFD012803D1D6F884334F
:10F01000172B2BD82046E6F7B3FE71682046E7F79A
:10F02000FFF818B303790BB3644A00F10C0300F145
:10F03000340153F8045B42F8045B8B42F9D100239E
:10F0400086F88930426BC6F88A2086F88E3090F8B0
:10F050003A3086F8963090F85E3086F8BA3090F8FC
:10F060005F3086F8BB300420FCF79EFB544D554BB7
:10F07000554800954FF4387240F2F221FBF790FDAD
:10F08000012800F0DA800020FCF744FDDAE0A9EB6B
:10F09000010129444D48C90AEFF7D2FB05F5006587
:10F0A00045E601252023CDE908370A934848CDF8E5
:10F0B0001C90012307AA14A9F1F744FF28B13430AA
:10F0C0007FF4A2AE002D3FF49FAE002301254048FF
:10F0D00007AA14A9CDE90735F0F7CDFF00287FF482
:10F0E00093AEE3681B6A6364F8F7B6FFB8F1000FEC
:10F0F0003FF48CAEA068FCF7B5F800287FF486AE2C
:10F100002571C8E62E4D2F4B2F4800954FF43872CD
:10F1100040F2F221FBF744FD01287FF427AF95F878
:10F12000F831002B3FF422AFB5F81C320393002BCB
:10F130003FF41EAFB02205F5FD712BA804F0C2FE0E
:10F1400016E708F104036360D8E901239B1A184A03
:10F150009B105343A3832EE71E4A05932846049130
:10F16000E8F77AFEDDE904138246002859D01A4AEE
:10F17000904235D9194B984201D902F0AEFC02F009
:10F18000A9FC00BF3DA602085AAE0208FC5C0208BA
:10F19000E0940208501E0020D40A002000950208C6
:10F1A00060AE0208DC920208881E0020D8AC02087B
:10F1B000CF467D6798930208EBAC0208360B00201F
:10F1C000F00400200C810208FFAC0208400200207D
:10F1D000C43E002070AE0208414CAE0082985C0133
:10F1E000BC2000FB0AF0CDE9043105F009FEDDE9A1
:10F1F00004310746F818E8F760FE3A465946484693
:10F20000FAF706FFB9F1000F02D0484605F000FEFC
:10F2100007F5EB636B60BC2303FB0A722F60AA60E7
:10F22000E9E60746E6E7B3F5EB6F7FF6E4AE09F5EE
:10F23000EB639B4518BF6B60DDE6D5F8F431172B07
:10F240007FF622AF95F8A43133B195F8A8311BB100
:10F25000C2480121E8F782FF039B4BB1C048ADF8DB
:10F26000CE30B0222BA904F02DFE0120FCF79CFA31
:10F27000BC4FBD4BBD4800974FF42E724FF44D71FB
:10F28000FBF78EFC012800F09581FCF7DBFBDFF833
:10F29000E092B84BB848CDF800904FF41A7240F2A3
:10F2A000CE21FBF77DFC012800F08A81FAF71AFCD9
:10F2B000B24B0093B248B34B8C22CC21FBF770FCCD
:10F2C000D7F89031162B37D81823C7F89031D7F8D4
:10F2D0004031B3F5617F04BF0023C7F84031D7F850
:10F2E0004431B3F5617F04BF0023C7F84431D7F838
:10F2F0004C31B3F5617F04BF0023C7F84C31D7F818
:10F300005431B3F5617F04BF0023C7F85431D7F8F7
:10F31000EC31B3F5617F04BF0023C7F8EC31D7F8B7
:10F320002832B3F5617F08BF00234FF0020008BF09
:10F33000C7F82832FCF738FA4FF0000AD146574692
:10F34000A28B9245C0F24281D8F80470A2EB090367
:10F350009BB24FF0BC0A0AFB0377A38352460021FD
:10F360002BA804F004FD2BAA0AFB09713846E8F724
:10F3700095FD40F214618448F5F73CFD10210746E5
:10F380008248F5F737FD4FF4387103908048F5F760
:10F3900031FD4FF41A7104907548F5F72BFD47F2D3
:10F3A000F85305902046F360E6F79EFCFF2386F8AD
:10F3B00095302B7986F89730764B77481A689B887A
:10F3C000C6F88F2010218380744A73683D3806F098
:10F3D000CFFA95F8F81161B90123614885F8F83141
:10F3E000B02204F0C4FC6B7985F8A7326B7E85F8F7
:10F3F000A63295F8AA1249B90123694885F8AA32BC
:10F40000302204F0B4FC3C23C5F8D03296F8968044
:10F41000B8F1000F1ED195F8B831DBB1B5F8FAB1EB
:10F42000DFF88091BBF1200FD9F800A000F0FB803D
:10F43000B5F81C3284F81E80202B40F01181D9F8D9
:10F440000000594A0368A2F12201DB6898470028AE
:10F4500040F00E8171682046E6F7F4FE534980467D
:10F460006A222BA804F02EFD28222FA90DF15600A8
:10F4700006F0A1FB052239A90DF17E0006F09BFBE9
:10F480003DAEDDF8E900BDF8ED301490ADF8543034
:10F490000FCE22AD0FC596E80F0085E80F003C9B0C
:10F4A0009DF8EFC021935A22BDF81431ADF8A83071
:10F4B00014A908F106008DF883C004F003FD0123B0
:10F4C0003B4888F80430FAF709FD08B9FCF7B4F8AE
:10F4D0000020FAF757FFFAF7BFFF58B32C4A214B29
:10F4E0001279D3F84011022A4AF6C00218BF4FF42D
:10F4F000E162002908BF1146C3F84011D3F8441156
:10F50000002908BF1146C3F84411D3F84C11002953
:10F5100008BF1146C3F84C11D3F85411002908BF95
:10F520001146C3F85411D3F85C11002908BF1146E5
:10F53000C3F85C110E4B1E780025E9B28E4240F2F2
:10F54000C9800846FAF7DCFA90F83E301BB1036C2C
:10F55000002B40F0B9800135EFE700BF980600208E
:10F56000EA060020443F0020F480020813AD0208A0
:10F57000A8490020DC80020827AD020870000020A6
:10F5800042A80208E8720208D40A0020881E00205F
:10F59000F0040020981E0020630B00209DA20208AA
:10F5A0009C070020881100200E070020260B002059
:10F5B000D8AC0208D7F89031172B3FF668AE64E656
:10F5C000D9F86432172B3FF673AE6FE66368039386
:10F5D00051461846E6F734FD02790AB3838F63B1CA
:10F5E000002200F13E0E93461EF80B1029B901329D
:10F5F000D2B293429346F7D88187BA450CD0514690
:10F600000398E6F71DFD394683460398E6F718FD93
:10F61000BC22594604F056FC01370AF1010A8FE674
:10F6200009F10109F9E7DFF88CE0BEE80F000DF100
:10F63000AC0CACE80F009EE80F008CE80F00DAF885
:10F64000003050461B6ADFF870A05A462BA9984735
:10F65000202251462BA804F060FBF0B90123A377C8
:10F66000D9F80000154A0368A2F122019B68984767
:10F670002023A5F8FA31A5F81C320E4D104AA6F841
:10F68000983005EB030C2B4603CB634510605160AB
:10F690001D4602F10802F6D1DCE608F10108B8F1D6
:10F6A000180F0AF1200AD3D10023A377054BB3F832
:10F6B0001C32C1E6EC060020B49502080E070020BB
:10F6C0006E0B0020F00400200846FAF7A3FE002885
:10F6D00041F08F81CE4DCF4E6B69002BBCBF6FF0D8
:10F6E00000436B61AB6E002BBCBF6FF00043AB6699
:10F6F0002B6F002BBCBF6FF000432B676B6F002B91
:10F70000BCBF6FF000436B67AB6F002BBCBF6FF0EB
:10F710000043AB67EB6F002BBCBF6FF00043EB67A0
:10F72000D5F88030002BBCBF6FF00043C5F88030A7
:10F73000D5F88430002BBCBF6FF00043C5F884308F
:10F74000D5F88830002BBCBF6FF00043C5F8883077
:10F75000D5F88C30002BBCBF6FF00043C5F88C305F
:10F76000D6F8EC31002BBCBF6FF00043C6F8EC318B
:10F77000D6F84031002BBCBF6FF00043C6F84031D3
:10F78000D6F84431002BBCBF6FF00043C6F84431BB
:10F79000D6F84C31002BBCBF6FF00043C6F84C319B
:10F7A000D6F85C31002BBCBF6FF00043C6F85C316B
:10F7B00096F8CA3043B1D6F8CC30B3F5616F3CBF90
:10F7C0004FF46163C6F8CC30D6F8EC31002B08BF9B
:10F7D0004FF46153C6F8EC318F4B93F896300BB170
:10F7E00002232B7495F89C318B48032B04BF002314
:10F7F00085F89C3140F2146104BF012385F8EC3197
:10F80000F5F7F8FA10213F1A844818BF0127F5F7D9
:10F81000F1FA039BBF0083424FF438717C4818BF54
:10F8200047F01007F5F7E6FA049B4FF41A7183428C
:10F830007B4818BF47F00107F5F7DCFA059B8342C8
:10F8400095F86E3018BF47F008072BB1012385F8F3
:10F850009030002385F86E302046DFF8C881E6F747
:10F8600093FC3846FBF7A0FF6F4BD8F800701C6084
:10F87000B7B9382005F0C4FA38220446394604F0F6
:10F8800076FA231DC4E90273C4E9043704F11C03AA
:10F89000C4E90873C4E90A3727712777C8F800401C
:10F8A000D8F80000E9F791FAA02005F0A9FA5F491D
:10F8B0000446FBF799FA6423236341F2301005F004
:10F8C0009FFA41F230120021606304F050FA0027E1
:10F8D000574B23600820C4E91077C4E91277C4E9C4
:10F8E0001477C4E91677A763E063F8F7BFFE00F169
:10F8F0000C098046A0634FF4007005F081FA00F512
:10F900000073C4E91503A3640423C4E91937C8F8D4
:10F910000C00606420642065C4E91B77C4E91D778E
:10F92000C4E91F77C4F84C90C4F85C9024660120A9
:10F9300005F066FA3F4BC4F89070186004F19C0320
:10F94000C4F884300123C4E922374FF07E53C4F851
:10F950009430394B2360394B1C6095F89830C4E9DA
:10F9600026772BB12879062305220221EAF7ECFB42
:10F97000334C3449C4F8781200274FF001093A4655
:10F980004B4604F5007084F85D72A4F87C92F1F7A0
:10F99000F5FCFCF796FA244BDFF8ACA01B68DAF80C
:10F9A0000080049303F1100BFCF782FA08F1340293
:10F9B000C0F808B008F13801039201F0BEFDD8F894
:10F9C00040104944C8F84010FCF772FA039A82606C
:10F9D000594601F0B2FD049B9A694A449A614FF47A
:10F9E000907005F00DFA194B03608346C0E921774A
:10F9F000C0E9237780223946043004F0B8F9202288
:10FA00003946CBE92777CBE92977CBE925771FE082
:10FA1000F0040020443F0020D40A0020881E00206B
:10FA2000A8490020784E0020841E00208AAE0208DB
:10FA3000805F0208444C0020B4780208A41E002015
:10FA4000C450002000093D00484C0020BC9802082A
:10FA50000BF1AC0004F08BF90BF58473CBE9423366
:10FA60000BF58A73CBE9453310238BF8F630DE4B68
:10FA70008BF80471CBE93F77CBE93377CBE9357766
:10FA8000CBE93777CBE93977CBE93B77CBF8107106
:10FA9000CBF81C71ABF8F470CBF8F8708020C3F889
:10FAA00000B005F0ADF9D1498046FBF79DF9D04A89
:10FAB000C8F8002008F13802C8E90E22CD4ACE4924
:10FAC000C8F83410C8E91227C8E91882CB4AC8F828
:10FAD0005010116888F82D7008F154004FF47A7BAB
:10FAE000C8E91500C8E91C7708F13400C8F830B03F
:10FAF000C8F84070C8F84480C8F85C70C8F86870EE
:10FB0000A8F86C70C8F87870A8F87C7088F87E70D7
:10FB10002831EFF7E7FEBA4A116808F150002831A2
:10FB2000EFF7E0FE3C20C4F8808205F069F9B549A2
:10FB30000390FCF75DF9039B06229A82B24A9F83E9
:10FB400008329A6103F12002C3E90822AF4A1A6021
:10FB50009F6283F82C70C3F82D70C3F831709F63D7
:10FB6000902005F04DF9AA498046FCF741F94E2353
:10FB7000A8F81430A74BC8F80030A74BC8F81830C5
:10FB800008F120031846A549A8F81C700393FBF759
:10FB90002BF9A34AC8F800203C323946C8F8202087
:10FBA000C8E91477382288F84D7008F1580004F03D
:10FBB000DEF8039B88F808901846E0F746FE994B5C
:10FBC0007420C3F8008005F01BF997498046FCF7C4
:10FBD0000FF90423A8F81430944BC8F80030944B64
:10FBE000C8F8183008F120009249A8F81C7003905A
:10FBF000FBF7FAF8904BC8F800303C33C8F82030D7
:10FC000008F16003C8E91973C8E91B378B4B0398E7
:10FC10001A78A8F8587002EB0901197047F23053AE
:10FC200043F6982101FB0231C8E9147788F8607027
:10FC300088F80890E5F730F9814A2420C2F800805E
:10FC400005F0DEF87F498046FCF7D2F80822A8F8D4
:10FC5000142008F11802C8E906227B4AC8F80020DF
:10FC6000C8F82070F02005F0CBF878498046FCF702
:10FC7000BFF808F118024046C8E90622744AA8F8FD
:10FC80001490C8F82070394640F8242BC82204F09C
:10FC90006EF8704AC8F8EC70A020C2F8008005F039
:10FCA000AFF86D498046FCF7A3F86C49C8F800101E
:10FCB0006B49C8F81810462208F12001C8E908115C
:10FCC000A8F814206749A8F81C7008F12C00C8F89F
:10FCD0002870FBF789F86449C8F8001042F21073E5
:10FCE00047F230523C31C8E91923C8F86C30C8F8E3
:10FCF0002C10C8E917775D4988F8597008F1700031
:10FD0000F8F73BFC594908F17C00F8F736FC96F807
:10FD1000E631C8F890704622C8E9227788F89470D6
:10FD2000C8F8987088F89C70A8F8142088F8089093
:10FD3000C4F80C80002B00F0AF8096F8E831002B5F
:10FD400000F0AA807C2005F05BF849498046FCF76A
:10FD50004FF8484BC8F80030474BC8F818304722D6
:10FD600008F1200318464549A8F81420A8F81C708B
:10FD70000393FBF739F84249C8F800103C31C8F842
:10FD8000201008F15401C8E915113E49C8F8501077
:10FD90003D49C8F85C70C8E91917DAF80010C8F8CE
:10FDA00060804722A8F81420C8E91B77C8E91D77AE
:10FDB000283108F15000EFF795FD96F8E821039BF4
:10FDC000002A00F031862A79D6F8EC1188F80890DC
:10FDD000022A4AF6C00218BF4FF46162002900F0FF
:10FDE0001F860BFB01F151E0A01E002091AE02081E
:10FDF0009883020815D300086C8302084C4C00203D
:10FE0000501E0020A1AE0208BC9802083C790208EE
:10FE1000A7AE02089C7A0208CC7A0208B4AE0208A7
:10FE20002C820208304C0020C0AE02081486020862
:10FE3000BC6E0208C9AE0208B0850208204C002042
:10FE4000144C0020D2AE020868850208C1B0020836
:10FE5000388502086C1E0020DBAE02087889020893
:10FE600090850208E6AE02081489020844AC020834
:10FE7000F1AE02082484020878830208FEAE02086C
:10FE8000C083020858830208CBD200081846E5F761
:10FE900003F8C04BC3F8008096F8FA31DFF8F88217
:10FEA000EBB196F8FC31D3B1502004F0A9FFBB4967
:10FEB0000746FBF79DFF0A23BB82B949C7F80080BC
:10FEC00007F11800FAF790FFB64B3B603433BB6183
:10FED000012387F845300023BB6487F84C30A0200D
:10FEE00004F08EFFB0490746FBF782FFAF4BBB61C2
:10FEF000AF4B3B604FF0000A00230022C7E9082304
:10FF0000C7E90AAAA7F81CA0C7F830A087F834A050
:10FF10002022514607F1350003F029FF20225146E7
:10FF200007F1550003F023FF2822514607F1750021
:10FF300003F01DFF0C23BB82802004F061FF9D496C
:10FF40000746FAF751FF9B4907F13000FBF750FFD6
:10FF50004323A7F84430984BBB64984B3B60343341
:10FF60003B6307F15403C7E91533954B3B65954B4C
:10FF70007B664FF060094EF66023C7E91A93924BF7
:10FF8000DFF84892A7F84CA0C7E91C3AD9F800302E
:10FF9000FB678F4BC7F85CA019683F66283107F1F3
:10FFA0005000C7F878A0EFF79DFC8A4A1378591CD7
:10FFB000117047F2305243F6982101FB0321384675
:10FFC000E4F76AFF96F8D83053B396F8DC303BB3C9
:10FFD00095F89C31032B23D04FF4336004F010FFCD
:10FFE0007D490546F8F752FB7C4905F52A60FAF78A
:10FFF000FBFE7B4B2B604033C5F8A03A012385F80C
:020000040802F0
:10000000CD3AD9F80030C5F8D03AC5F8D4AA56226E
:10001000514605F6D82003F0AAFE032385F884365E
:10002000702004F0EDFE05466E49FBF7E1FE05F198
:100030001807C5F800804FF001086B49A5F8148037
:100040003846FAF7D1FE694B694A2B603433AB610D
:10005000AA6405F14C03674AAD65C5E91333002373
:10006000C5E91723C5E919386B65A5F86C3096F812
:10007000F830002B00F0DD845F4F604B6048009744
:10008000E722E921FAF78CFD404504D05D49E722DB
:10009000384605F090FDD6F80001686610B10121E0
:1000A000FCF77AFB002228461146ECF715FF564F65
:1000B00096F808014FF00008C7F8008048B1012108
:1000C000FCF76AFB424601212846ECF705FFC7F81A
:1000D000048096F8090190B14C4B93F85D3003F021
:1000E000FD03012B0BD096F8076146B90121FCF7FF
:1000F00053FB324602212846ECF7EEFEBE6020207C
:1001000004F07EFE42490546FBF772FE0523AB82F2
:10011000404BAB610023AB833F4B2B603F4B1D60DB
:100120003F4B1B689A7F01262E72AE72D2B1DF7FE1
:10013000C7B93C48E5F712F81E2305460373394654
:100140000220E4F7C9FE3849A86005F10D0003F06C
:10015000B1FE364B1868036829465B689847304BF8
:100160001B68DE7700252C20149504F049FE01233E
:10017000C0E9023503614FF004080323C0E9058399
:10018000D4F8843245600BB9C4F88402284BC361AB
:1001900050E000BF244C00200C7902080BAF02088D
:1001A00015AF0208E479020825AF0208D07E0208E4
:1001B0009082020835AF0208AC87020894840208D6
:1001C0004483020885D20008A0BB0D00E80400208B
:1001D000484C0020204C0020804E002045AF0208F3
:1001E0004C8702084CAF020867AF0208407A020849
:1001F000C882020871CF000800420020EC78020893
:100200003AA402087CAF0208384C0020F004002019
:10021000E4AF0208989202080C8D0208A83E002064
:10022000841E0020901200205FB10208A01E002052
:10023000C4520020CF4B03620026CF4B03604FF027
:100240000108A0F8248080F828604FF4407004F082
:10025000D7FD0346C94A43F8082BC94A0661C0E9DD
:100260000233C84B4360C0E90626036200F1240252
:10027000C363C54B4061C0E90922C44AC662C0E9F4
:100280001436C34BC365C0E90D26C24B036600F1AB
:1002900040024FF00409C0E9102200638664C06484
:1002A00080F8586080F864900546E8F741F94FF00F
:1002B000A50E41F29413C5E91CE340F60303102791
:1002C000A5F878301123B449A866A5F86C7085F8B4
:1002D000883105F5CA70C5E91F66FAF785FD42F653
:1002E0000133A5F8D831AD4BC5F8DC31C5E97167EC
:1002F000C5E97366C5F8D4612C2004F081FD0323A1
:100300008361D4F88432C0F81490C0E90168C0E970
:10031000036807460BB9C4F88402DFF88482A14B56
:10032000FB6108F1600EA04B3B62BEE80F0005F5D3
:10033000F27CACE80F009EE807001F238CE8070062
:100340001D22C5E980234FF0200A1E2308F17C0EF0
:10035000C5E982A3BEE80F0005F5047CACE80F00F8
:100360000026DEF8003087F828604FF00109A7F872
:100370002490C7F80080CCF8003005F51573C5F857
:1003800028328A4BC5F84832894B8A491D608A4B0E
:10039000C5F84C320023C5F85032C5F89432C5F880
:1003A000A832C5F8C432854BC5F82462032285F80B
:1003B0009822C5E98C66C5E98E66C5E9AC66C5F8C4
:1003C000E07185F82C62A5F84062C5F8446285F8B2
:1003D0009062C5F8A06285F8A462A5F8A662C5F887
:1003E000B862A5F8BC6285F8BE62A5F8C062C5F81F
:1003F000C86285F8CC62C5F8D06285F8AC9285F801
:10040000D462C5E9B7136E4BC5F85832FF23C5F85F
:100410005C3205F5F073C5F89C3202200423C5E96F
:100420009903C5E9B966C5E9BC66C5F8D862A5F8FF
:10043000EC62C5F8F862A5F8886285F88A62102334
:100440000826C5E99B63402780234FF4807CC5E9DB
:100450009E734FF40073C5E9A0C35A4BC5F88C32A4
:1004600008F19803C5F85432574B2B608433294662
:10047000C5F8943114A8C5F86092C5F874A2E4F7E1
:100480007BFE149803685B6A9847014610B914A86C
:10049000E4F772FEDFF83491149E99F8B8310D2B11
:1004A00016D1AEB133683046DB68984780B989F819
:1004B000B8010120FBF778F9336830469B6A98470A
:1004C00030B9434B434A1B6803F59C530833136010
:1004D0004FF4D47004F094FC3F490546FAF784FCCD
:1004E00028463E4B40F8303B1822002103F03FFCE9
:1004F000F022002105F1480003F039FC0123A5F8A2
:10050000383141F628130027A5F84031322385F809
:10051000423185F83A71C5F83C716422394605F5D7
:10052000A27003F024FC2E4B1D6056B12D4B149984
:100530001868149768302B97E4F71EFE2BA8FBF77A
:10054000BAFC294E294DD6F8EC30DFF8A4A0294892
:1005500099F804B01C22534303F10C018A19755019
:100560000021C2E902113344C2F804A0106140F630
:10057000B83241E000093D00E4980208086302082F
:100580006F6A00086C7502087B6A00085F6A0008E1
:100590000000FA4209050002ECAF02080000C84260
:1005A0004C990208301A00200024F400F4AF02082D
:1005B000FC4100200106031200000C43AD101B009B
:1005C0000024743F02B0020804780208F0040020FE
:1005D000E8040020403F002009B0020870770208BC
:1005E0001C1D0020A41E00203C1D00204C53002098
:1005F000301E002011B0020819625A62D6F8EC30A1
:100600000133A5F5BE77A5F5B678C6F8EC30022221
:10061000D14BA5F5B67105F11000F7F74AFDBBF116
:10062000020F14BF41463946CC4B042205F110009D
:10063000F7F73FFDCA4B042239463846F7F739FD34
:10064000C84B012205F1200105F11000F7F731FD3B
:10065000C44B012205F120013846F7F72AFD514627
:10066000C04B01224046F7F724FD51465046BD4B92
:100670000122F7F71EFD05F120010846B94B0122C2
:10068000F7F717FDB849B74B08460122F7F711FDF8
:10069000B64B0A2205F130012846F7F70AFDB34BA5
:1006A0000A2205F1300105F11000F7F702FDAF4B0A
:1006B0000A2205F130013846F7F7FBFCAB4B0A2262
:1006C00005F130014046F7F7F4FCA84B0A2205F18A
:1006D000300105F12000F7F7ECFCA44BA2480A22F8
:1006E00005F13001F7F7E5FCA14B102205F14001BF
:1006F0002846F7F7DEFC1022A8189D4B05F14001B3
:10070000F7F7D7FC9A4B102205F140013846F7F76E
:10071000D0FC974B102205F140014046F7F7C9FC89
:10072000934B102205F1400105F12000F7F7C1FCC1
:100730008F4B8D48102205F14001F7F7BAFC8D4B25
:10074000112205F1200105F11000F7F7B2FC894BE9
:10075000112205F120013846F7F7ABFC854B112239
:1007600005F120014046F7F7A4FC05F120010846F9
:10077000804B1122F7F79DFC514650467D4B1122CC
:10078000F7F797FC7C4B072205F120014046F7F76D
:1007900090FC05F12001784B07220846F7F789FC09
:1007A000BBF1020F05F1200A1ED0744B0422414612
:1007B0003846F7F77EFC724B0522514605F11000D2
:1007C000F7F777FC6E4B052251463846F7F771FC78
:1007D0006B4B052251464046F7F76BFC684B0522F0
:1007E00051465046F7F765FC664B5F4966480B2259
:1007F000F7F75FFC634B5C4964480B22F7F759FC41
:10080000604B594962480B22F7F753FC5D4B564940
:1008100060480B22F7F74DFC5A4B53495E480B22B8
:10082000F7F747FC5D4B5C4957480D22F7F741FC51
:100830005A4B594955480D22F7F73BFC574B56493F
:1008400053480D22F7F735FC544B534951480D22BC
:10085000F7F72FFC524B4F494F480E22F7F729FC70
:10086000504B4C4940480C22F7F723FC48494E4B6B
:1008700009220846F7F71DFC99F80420D9F88C31B5
:10088000022A14BF4FF4167201224FF47A71002B22
:1008900000F0D4805943D6F8EC303D48434DDFF8A2
:1008A000F8801C277B4303F10C0206EB020C46F890
:1008B00002A00022CCE90222CCF80400CCF81050AF
:1008C0003344C3E90821D6F8EC300133C6F8EC30E4
:1008D0007B4303F10C0E06EB0E0C46F80E80CCE9C0
:1008E0000102CCE903253344C3E90821D6F8EC30F2
:1008F000DFF8BC800133C6F8EC307B4303F10C0C0D
:1009000006EB0C0746F80C00C7E90102C7E903250E
:100910003344C3E90821D6F8EC300133C6F8EC3093
:10092000F9F7AAFA302004F06BFA22490546FAF7E3
:100930005BFA214B2B60214B1868FBF76DFB14A869
:10094000FBF7B9FA4FF000094FF0000388F80030C8
:100950001B4B1C4D1B6837E01EB0020829B0020873
:100960004EB0020872B00208401E002078B00208A3
:100970007FB0020888B0020895B00208A7B002084C
:10098000B8B00208C6B002085C530020D051002065
:10099000E05100206C530020301E0020D1B002082E
:1009A000DFB00208F2B0020804B1020817B1020871
:1009B000241D002029B1020848770208841E002067
:1009C000403F0020E8040020002B39D02A689342E1
:1009D00036D26D48F9F7AEFABFF34F8F6B496C4BC7
:1009E000CA6802F4E0621343CB60BFF34F8F00BFCD
:1009F000FDE7684B1A79022A9A6E4AF6C00118BFC1
:100A00004FF46161002A08BF0A469A66D3F888202D
:100A1000002A08BF4FF49672C3F88820FEF75ABE2A
:100A20000BFB02F1FFF732BA1846DFF70EFFFFF7B4
:100A300030BA3846DFF709FFFFF761BB51432AE7B9
:100A4000554B1A683AB129688A4204D200221F2005
:100A50001A60FAF7A9FE514E3068E8B12B68D4F855
:100A6000E4229B1AB3F57A7F07D32B68C4F8E432EB
:100A700090F82C320BB1E7F71BFFD4F8E8222B6873
:100A80009B1A4EF65F22934206D930682B68C4F851
:100A9000E83203681B6D9847414B1E6896F8F57065
:100AA00087B9404B2BA81968E8F70CF89DF8AD20E2
:100AB00096F8F5309A4205D03B463A462BA9304687
:100AC000FBF7C2F8D6E93F138B4208D006F58470D5
:100AD000E4F76BFD18B9D6F8FC30C6F80031636B4B
:100AE00003B19847304F2B680393C4F8F09007F197
:100AF000A00B6FF000464FF0000AD4F8EC205245EE
:100B000016DD57F8045F8DB12A68039952682846AC
:100B1000904700280AF1010A2CDC2A6828469268CE
:100B200090476A7D12B9C4F8F05016465F45E4D18B
:100B30001E48E4F78FF998F8003033B9E4F70CFB5E
:100B400018B116B13046F7F7B1FE194B2BB1194861
:100B5000F7F73AF908B1AFF30080174B002B3FF4D9
:100B6000F3AE1648F7F730F900283FF4EBAEAFF3D9
:100B70000080E7E6B042D9DA6A7D002AD6D1C4F80F
:100B8000F0500646D2E700BF9C53002000ED00E085
:100B90000400FA05F0040020EC040020FC410020D1
:100BA000A01E0020A41E00200C510020E8500020B0
:100BB00000000000804E002000000000B00800206F
:100BC0002DE9F84FD64BDFF85CB3DFF85C93D74CD8
:100BD0000122C3E91EB218466422002103F0C7F8BF
:100BE0004FF0FF35D24A4266C0E91A55C0E91C559C
:100BF0008030FBF7FBFCCF4B16261720C3E97D6046
:100C000003F1110000274FF47A7A09F6DC02C3F8E9
:100C1000080203F21110A3F81472C3E9017AC3E9C0
:100C20008307A3F81672C3E97F551A60C24B1A6096
:100C300003F111024FF00208C3F80822032103F266
:100C40001112C3E9017AC3E97D81C3E98327A3F8BF
:100C50001472C3E97F55A3F81672B84B4FF40052D3
:100C6000C3E92027B64AC3F88820A3F89C70B54B87
:100C7000C4E9BB77C4E9BD77C4E9BF771F705F7073
:100C8000B14BC4F878B20820C3E900074FF0010B5C
:100C90003946682204F50070C4F87CB2C3E90277D3
:100CA0001F8203F064F806220723C4E99A2304F59F
:100CB000727009F60813C4F80433C4E99CB5C4E99A
:100CC000C27AFBF793FC04F57670FBF78FFC9C234C
:100CD0001A46394604F54B7003F049F89B4DC4F8A9
:100CE00020734FF0090B0A22C4E9E22B19222A6172
:100CF00009F1B002C5E9077AAA61DFF854A2A4F8A5
:100D000024733946802205F59C70C4F81473A4F846
:100D10001873C5E90C77AF60AF81AF73AF82C5F8C8
:100D200028A085F82C7085F8387085F83771C5E9EA
:100D3000005503F01CF83946882205F5DC7003F0F5
:100D400016F8844AC4F8E0729760C2E90022824A29
:100D5000824D9760C2E9002204F53672C4E9B622DA
:100D6000394644220AF10C0003F001F87C4A7D4820
:100D7000CAF808207C4ACAF8002009F63412C4E9EF
:100D8000FA27021F8AF80470FBF7FAFB1561774D0A
:100D9000D5605260764A774D40F8042C764A284652
:100DA000C2E90177D7602A1FFBF7EAFB734810619D
:100DB0007348D0605260734A45F8042C05F1100066
:100DC00039464FF4FB5202F0D2FF4FF0100A05F5FE
:100DD000FB5052463946504402F0C9FF6A486B4AFC
:100DE000051FFBF7CDFB2A61694AEA604FF0200935
:100DF000684A40F8042C39464A4650446D6002F077
:100E0000B6FF65486F63051F644AFBF7B9FB2A61AB
:100E1000634AEA60634A40F8042C39464FF4F062B2
:100E200014306D6002F0A3FF9C231846C5F8987734
:100E300003F0E6FF5C4B05464A4640F8043B394662
:100E400002F095FF6F625246394605F1280002F024
:100E50008EFF3946212205F1380002F088FF4A460C
:100E6000394605F1590002F082FF4A46394605F13C
:100E7000790002F07CFF4D484D4B20F8027B524632
:100E800039461D6002F073FF5C2003F0B9FFFBF7E9
:100E9000A5F80346474A43F8382BC0E90E33464BC2
:100EA0004363464B0764C0E912374FF40073A0F860
:100EB000583001234362424B80F8508018604765E8
:100EC00080F85A804064CC2003F09AFFFBF786F844
:100ED00003463C4A43F8382BC0E90E333A4B436390
:100EE0003A4B07640546C0E9123774223946A0F828
:100EF000507080F852704064543002F038FFC5F8EA
:100F0000C870C5F82480582003F07AFFFBF766F814
:100F100003462F4A43F8382BC0E90E335AE000BF8E
:100F2000301A002000093D0008920208C450002039
:100F300000000158804E0020B0080020E81000207A
:100F400080EE3600C0500020AC5000204446002007
:100F5000B83E002088480020944800206F6B0008AD
:100F6000400200205C1E0020FC8C02086F74000808
:100F7000E4820208241F0020881E0020490900087E
:100F800053090008207502080C3F0020730900086F
:100F90007D09000838750208941200207F090008B6
:100FA00089090008507502086C5E0208701E002056
:100FB000881100204C5D02085C5D0208DD0B000812
:100FC000501E0020705D020820770208950C000872
:100FD000805D02088E4B43638E4B0764C0E9123775
:100FE0008D4B0765032141621860A0F8547080F8AA
:100FF000567040646C2003F003FFFAF7EFFF0346DE
:10100000864A43F8382BC0E90E33854B4363854B42
:1010100094F8F0230764C0E9123700F15C03C0E9DB
:10102000153704234362804B07651860B4F8F0332A
:10103000A4F8F83094F8F13384F8F43380F85C7055
:1010400004F20C43406404F1240084F8F323C4F850
:10105000043484F8F273C4F80074C4F8087484F893
:101060000C74C4F81C7484F8F07384F8F173C4E948
:10107000FE77FDF775FD04F59670FDF771FD6B4B7E
:101080006B4AC4F8D072C4E9B2376A4BC4F8D432A0
:10109000694BC4F82034694BC4F82C34C4E9B073EC
:1010A000674BC4F89832674BC4F89C32664BC4F85F
:1010B000A032664BC4F8A432654BC4F82474C4E96A
:1010C0004337644BC4F81831634BC4F82874C4E93F
:1010D0004737624BC4F82831C4E9AE27604B614AF8
:1010E000C4F89072C3E900275F4A9A605F4ADA60E9
:1010F0005F4BC4F81471C4E9A2375E4BC4F8943254
:101100005D4BC4F82471C4F8A8325C4B5C4AC4E956
:10111000AB375C4BC4F8B4325B4B1A605B4A5A6025
:101120005B4A9A605B4ADA605B4A5C4B104604F5A6
:101130002274C3E900479F60C3F8EC7083F8F07035
:101140004FF0060300F8043BFDF738FD4FF00703AE
:1011500002F118001375FDF731FD4FF0080302F19D
:101160002C0082F82830FDF729FD02F1400082F8BA
:101170003CB0FDF723FD4FF00A0302F1540082F862
:101180005030FDF71BFD02F1680082F86460FDF746
:1011900015FD02F17C0082F87860FDF70FFD02F189
:1011A000900082F88C60FDF709FD02F1A40082F83E
:1011B000A060FDF703FD02F1B800292182F8B460B8
:1011C000FDF7FCFC02F1CC0082F8C810FDF7F6FC3C
:1011D00002F1E00082F8DC10FDF7F0FC02F1F4000F
:1011E00082F8F010FDF7EAFC02F5847082F8041131
:1011F000FDF7E4FC02F58E7082F81811FDF7DEFCB5
:1012000082F82C11BDE8F84F02F59870FDF7D6BCB6
:101210000C7702084D0C0008484C00205C5E020868
:1012200034770208875000084C4C002093060008D1
:10123000ED51000832B10208E55100083BB1020847
:10124000A1060008A5060008A70600083FB102088D
:10125000A906000842B10208AD06000845B102081F
:10126000401E0020AF060008B10600084AB102087F
:10127000B706000851B10208B5060008410D000884
:10128000AB06000856B10208301E0020A306000875
:10129000B306000859B10208C01A00203C1D002006
:1012A00070B5744CA4F5A075143C201DE2F746FB04
:1012B000AC42F9D1704B714C586803F0A9FD04F5AC
:1012C000A470F7F735F904F14000F7F731F9D4F8D5
:1012D0001C04002840F09C80694800F0F9FFD4E924
:1012E000FE56AE4240F09980D4F8F80308B103F0FE
:1012F0008FFD6448644DE2F72AFB6448E2F73BFB4C
:101300006348E2F74CFB6348FAF77EF96248E6F778
:10131000B0F86248E3F7A2FF6148E3F79FFF614836
:10132000E3F79CFF2868A8427CD15F4B94F99003B7
:10133000C4F80433E1F7BAF894F99103E1F7B6F889
:10134000D4F83023D4F88C03242384F87133136841
:1013500023F00103136003210023C4F8743384F8DD
:10136000703384F87133C4F8603384F87233E2F771
:1013700019FDD4F888030321E2F714FDD4F82C33C7
:101380004A4A934253D14FF0B0439A6B42F4001251
:101390009A639A6B22F400129A639A6D22F40012F7
:1013A0009A65D4F8200320B103F032FD0023C4F87D
:1013B0002033D4F814030025A4F8245318B103F003
:1013C00027FDC4F8145300233948A4F81833E2F772
:1013D000B5FA3848E2F7B2FAD4F8F80208B103F0E7
:1013E00017FDD4F8FC0208B103F012FDD4F8000395
:1013F00008B103F00DFD30484021F6F75FFA2F48A1
:101400004021F6F75BFABDE870402D48E2F796BA46
:10141000056803F0FDFC28465BE7284600F058FF0E
:1014200018355EE7066803F0F3FC30467BE7254A93
:1014300093420DD14FF0B0439A6B42F480029A630D
:101440009A6B22F480029A639A6D22F48002A7E7D5
:101450001D4A9342A5D14FF0B0439A6B42F400026B
:101460009A639A6B22F400029A639A6D22F4000246
:1014700096E700BF001C00203C1D0020C450002047
:10148000C85400209012002044460020083F00204D
:10149000201F00208C1E0020581E00209C5300207E
:1014A0009448002088480020109B02080054004007
:1014B0009C5400208C540020E810002028110020AB
:1014C000B01A002000580040005C00400D488546DE
:1014D000E2F712FD0C480D490D4A002302E0D458F2
:1014E000C4500433C4188C42F9D30A4A0A4C00236E
:1014F00001E013600432A242FBD302F0ADFCFDF721
:1015000063FBFEE70000012000000020E40400204F
:1015100038BE0208E8040020D8580020FEE79042B8
:1015200010B509D054684B6820601A604368196090
:101530004460486850604B6010BD4B680160436078
:101540001860486070474268511E012A416002D10C
:1015500003685B681847704738B543680446B3B9F9
:101560006068B0B9E36813BBE06810BB23691BBBBC
:10157000206958BB204638BD52F8250008B1FFF756
:10158000E2FF0135D4E90123AB42F5D8E8E70025B5
:10159000F8E7E2F751FBE5E752F8250008B1FFF75D
:1015A000D2FF0135D4E90232AB42F5D8DCE70025A1
:1015B000F8E7E2F741FBD9E700252369585908B15C
:1015C000E2F73AFB0435182DF7D1D1E7E2F734FB07
:1015D000D0E703685A1E012B10B50446026006D1FD
:1015E000FFF7BAFF2046BDE81040E2F723BB10BD6D
:1015F000054B10B51B6804460068984201D0FFF700
:10160000E8FF204610BD00BF10550020C3689A684F
:10161000C26010B502B1506042685A600C688442E2
:1016200003D10B609860436010BD916881420CBF8C
:101630009360D360F6E78368DA68826010B502B120
:10164000506042685A600C68844203D10B60D860D5
:10165000436010BDD16881420CBFD3609360F6E750
:10166000C36823B118469B68002BFBD170474368C1
:10167000DA68824204D0C268934218BF18467047A5
:1016800018465B68F4E7027803462AB94268526854
:10169000824201D1D06870479A6822B11046D26860
:1016A000002AFBD17047586882689A4200D0704780
:1016B00003464068F8E7FFF7D3BFFFF7E4BF2DE923
:1016C000F8431D461F1D0023C1E902330C464A6042
:1016D0000B70A0B19542916002D16960EC6003E0AB
:1016E000AB68934208BFA9604FF000094FF00108B2
:1016F0006B68A34232D101221A70BDE8F883D16031
:10170000EB689342F0D1E9E7C368A34203D13946BD
:10171000FFF77CFF04466368394683F80080304653
:1017200086F80090FFF787FFE2E733B11A7822B915
:1017300080F8008083F8008021E08368A34203D111
:101740003946FFF778FF04466368394683F800801E
:10175000304686F80090FFF759FFC9E760680278C5
:10176000002AC8D14668B3688342DED1F268002AF5
:10177000CAD011780029C7D101211970117086F8DB
:1017800000903446B4E72DE9F8430F46D0E9021241
:101790000546002938D01AB944680E46746037E00F
:1017A0001046034680680028FBD1AB42DE682CD08F
:1017B0009A424B6099601ED05C6806B174605968AB
:1017C0008E60DA60EA6853607A68AA4215D17B605D
:1017D0006A6829785A601A7819702A702B783BB198
:1017E0007B68B34207F104087ED1002E40F0A1804F
:1017F0002846BDE8F8831C46E6E76A689168A94276
:101800000CBF9360D360E3E716466C68002EC5D129
:101810007B68AB420FD17E60BB68AB4203D1EB6803
:1018200083B96B68BB60FB68AB42D7D1AB6883B947
:101830006B68FB60D2E76B689A68AA420CBF9E6037
:10184000DE60E9E733461A469B68002BFBD1BA609D
:10185000E9E733461A46DB68002BFBD1FA60BDE7A7
:1018600013B11B78012B07D10123137000230370E0
:101870004146FFF7E0FEE06823780370C368012269
:10188000227003B11A7041462046FFF7BFFEACE755
:1018900003783BB901220270414620462370FFF7CE
:1018A000CAFEA068D0E9023212B11178012903D131
:1018B000A3B31978012931D013B11B78012B07D1BB
:1018C00001231370002303704146FFF79FFEA068B9
:1018D0002378037083680122227003B11A70414695
:1018E0002046FFF7A8FE80E706BBA068B042A146ED
:1018F000CED1E06803783BB9012202704146204610
:101900002370FFF783FEE068D0E9022312B111785B
:101910000129A5D113B119780129A1D100230370A0
:101920007B68646899454E463FF45FAF3378012B7E
:10193000DBD0012333705BE7012A30B403D10B788D
:10194000037030BC7047002AFBD030BC02F0BABA3A
:1019500008B5521AFFF7F0FF08BD0000044B98428B
:1019600004D000238360016008440373704700BF04
:1019700014550020134A904210B5044602D912486B
:1019800000F0B1F8884207D804F10D00E2F74EF9F3
:1019900000224460826010BD4B00984238BF1C4654
:1019A00004F11D03B3F5805F04F10D00EED98C4204
:1019B000ECD904F58054C3F30B03E41A944228BF16
:1019C0001446E1E7FCFFFF3F8FB10208184B1A688D
:1019D000D1075CBF01221A60164B1A68D2075CBFA0
:1019E00001221A60144B1A68D0075CBF01221A60EA
:1019F000124B1A68D1075CBF01221A60104B1A689B
:101A0000D2075CBF01221A600E4B1A68D0075CBF78
:101A100001221A600C4B1A68D1075CBF01221A60C0
:101A20000A4B1A68D2075CBF01221A60704700BFD8
:101A3000405500203C5500203855002034550020EA
:101A4000305500202C55002028550020245500201A
:101A5000184B1A68D1075CBF01221A60164B1A682E
:101A6000D2075CBF01221A60144B1A68D0075CBF12
:101A700001221A60124B1A68D1075CBF01221A605A
:101A8000104B1A68D2075CBF01221A600E4B1A680D
:101A9000D0075CBF01221A600C4B1A68D1075CBFEB
:101AA00001221A600A4B1A68D2075CBF01221A6031
:101AB000704700BF605500205C550020585500203D
:101AC00054550020505500204C550020485500200A
:101AD0004455002008B501F079FB08B501F076FB0C
:101AE00008B501F073FB08B501F070FB0FB408B541
:101AF00001F06CFB08B501F069FB00000D29F8B599
:101B000005462BD891B31A4B5C5C2046FBF7E6F9EF
:101B1000064628680F46FBF7F3F902460B463046A7
:101B20003946FBF745FA01F023FAFBF7DBFC686066
:101B30002046F8BD581002EB800452F820608E4217
:101B40000FD21B1A221D013B002BF3DC094B14683A
:101B50009A4208D02046FBF7B1F9D9E7064AF923A3
:101B6000F2E70346F0E74FF0FF30E0E70124DFE75C
:101B7000A7B10208B4B50208D0B102082DE9F347B5
:101B800092460A9A03EB02084B68984504460D46B4
:101B900043D923B9B8F10B0F38BF4FF00B082868B1
:101BA000FBF7AEF906460F464046FBF787F932468B
:101BB0003B46FBF727FB804650468946FBF77EF9FC
:101BC00002460B46CDE9002342464B46FBF76CFC30
:101BD000C0B14046494601F0CBF9124B0022FBF759
:101BE00031F8FBF77FFC4FEA4A01814238BF0146DA
:101BF0002846FFF783FF012323706060204602B070
:101C0000BDE8F087DDE9002330463946FBF7D0F91F
:101C100001F0AEF9FBF766FC68600023C4E900330D
:101C2000ECE700BF0000F03F244B1A68D0075CBF10
:101C300001221A60224B1A68D1075CBF01221A6088
:101C4000204B1A68D2075CBF01221A601E4B1A682B
:101C5000D0075CBF01221A601C4B1A68D1075CBF19
:101C600001221A601A4B1A68D2075CBF01221A605F
:101C7000184B1A68D0075CBF01221A60164B1A680D
:101C8000D1075CBF01221A60144B1A68D2075CBFEF
:101C900001221A60124B1A68D0075CBF01221A6039
:101CA000104B1A68D1075CBF01221A600E4B1A68EC
:101CB000D2075CBF01221A60704700BF9055002018
:101CC0008C55002088550020845500208055002028
:101CD0007C55002078550020745500207055002058
:101CE0006C550020685500206455002002460846C7
:101CF000D2E901138B4230B515D9451C0FD013F82A
:101D0000015C146AC1B28D4202D1013B936030BDC7
:101D1000E40608D55C1E946003F8011CF7E7013B5C
:101D200093600020F3E74FF0FF30F0E743694BB1D9
:101D3000C2680AB19A4205D2026AC360120758BF4C
:101D4000C0E901337047036A1B0710B5044605D587
:101D5000FFF7ECFFD4E90230C01A10BD4FF0FF309E
:101D6000FBE7036A1B0710B5044602D44FF0FF30AF
:101D700010BDFFF7DBFFD4E902329342F6D21878A8
:101D8000F6E7000070B5DDE90434C0E90411094943
:101D900082616FF00045B3F1004F74F100064269B3
:101DA00002DA1A44426170BD2A445B18426164F150
:101DB0000004F0E7010000802DE9F04F0D4685B0EA
:101DC00014461E464FF0FF324FF0FF33C0E90023A8
:101DD000DDE90E710023C0E902332B6A0B40804617
:101DE000C3F3001B03F0100013F008034FEAD10205
:101DF00013D182F0010202EA0B0B0293D5F8109086
:101E0000B9F1000F02D154EA060319D1BBF1000F5A
:101E100001D1029BA3B1002219E0A8B17B1E18BF1B
:101E20000123029382F00102CB0602EA0B0BE5D4F8
:101E3000D5F80490B9F1000F08D154EA060305D093
:101E4000404605B0BDE8F08F0290EBE7012228463E
:101E50000392FFF76BFF012F039A27D1AB686F69DD
:101E6000A3EB09031919A7EB090746EBE37317EB7B
:101E7000040A46EBE7770C461E468ABB029B03BB6F
:101E8000BBF1000FDCD0002FDADBEB68A3EB09031A
:101E9000DA175345BA41D3DBCDE900A72846AA6932
:101EA0002969FFF76FFFC8E900A7C9E7022F05D12D
:101EB000EB68A3EB09031C1946EBE376A246374611
:101EC000DBE7002EDFDBEB68A3EB0903DA17A342A5
:101ED000B241D8DB6B682344C8E90046AB6008E038
:101EE000002E06DBEB68A3EB0903DA17A342B2412D
:101EF000F0DABBF1000FC6D1029B002BC3D19FE7E4
:101F000082B02DE9F3470C460AA981E80C00164679
:101F100098464FF0FF324FF0FF33C0E90023002313
:101F2000C0E90233226A0E9B134013F008070546EE
:101F300003F010090DD0D4F804A0BAF1000F35D188
:101F400056EA080317D0284602B0BDE8F04702B0B1
:101F50007047D4F810A0BAF1000F24D156EA080354
:101F6000F1D1B9F1000FEED02046FFF7DFFEE368B4
:101F7000002B09DAE7E72046FFF7D8FEE368002BDD
:101F8000E1DB63683344A360B9F1000F06D0CDE90B
:101F900000682046A2692169FFF7F4FE0AAB0FCB67
:101FA00085E80F00CFE7B9F1000FCCD02046FFF74E
:101FB000BDFEB8F1000FC6DBE368A3EB0A03DA1736
:101FC000B34272EB0802BEDB002FDAD1DCE72DE969
:101FD000F347856A04469A46036A243017460E463C
:101FE0000D4403F0080803F0100900F0B4F9626A28
:101FF000964217BFED1932182A460027B8F1000F94
:1020000003D03744C4E902756660B9F1000F0DD002
:102010000023CDF800A0019331462046FFF7B2FE21
:10202000B8F1000F02D1C4E90155E56002B0BDE886
:10203000F08738B5044639B1002A05DB456A00232C
:1020400083622B70FFF7C3FF204638BD2DE9F041B6
:10205000036A0D46D90688B004466AD56A1C66D064
:1020600000F12407384600F076F9D4E90413A26998
:10207000561A864220D25B1A666ADA17CDE9003218
:10208000314632182046FFF77DFE236A1B070AD52A
:10209000D4E901135B1AF218E3685B1A0133C4E94F
:1020A00001623344E36063691D70636901336361F6
:1020B000284608B0BDE8F0819A42F5D86FF0404359
:1020C000984236D04100994228BF1946B1F5007FA9
:1020D00004AA4FF0000638BF4FF4007102A8029224
:1020E00003968DF8106000F077F923695FFA85F8A0
:1020F0003BB1A269D21A00923146039A02A800F0BD
:102100009FF9414602A800F082F902A9384600F082
:102110004FFAD4E90430D4E90121C31A8A1A2046BF
:10212000616AFFF754FF02A800F0D2F8BDE700256E
:10213000BEE74FF0FF35BBE77047704730B5002270
:102140004FF0FF344FF0FF35C0E90045C0E90222EF
:1021500030BD82B08DE80C004FF0FF334FF0FF32FE
:10216000C0E900230023C0E9023302B07047002019
:102170007047002070474FF0FF307047036810B57C
:102180005B6A04469847431C1EBFA36813F8010B03
:10219000A36010BD4FF0FF3070474FF0FF30704725
:1021A00010B5044B044640F81C3BFFF721FA2046CB
:1021B00010BD00BF7CB6020810B50446FFF7F0FF63
:1021C0002046E1F737FD204610BD2DE9F8430646CD
:1021D0000F4690460025454502DB2846BDE8F883BA
:1021E000D6E90504241A11D0A8EB0509A145B8BF0A
:1021F0004C4639462246A8BFA14601F063FE7369EA
:102200004D442344A84527447361E4DD336839789D
:102210005B6B304698470130DFD001350137DAE794
:102220002DE9F84307460C4690460026464502DB5A
:102230003046BDE8F883D7E902156D1A11D0A8EB36
:102240000609A945B8BF4D4620462A46A8BFA9465B
:1022500001F038FEBB684E442B44B0452C44BB60B3
:10226000E4DD3B6838469B6A9847431CE0D004F89D
:10227000010B0136DAE70AB101F024BE704750F8CD
:10228000083B1B1A584258417047000008B50B68BC
:10229000B3F1804F02D30D48FFF725FC93420BD9D1
:1022A000B3EB420F4FEA420006D2B0F1804F2ABF93
:1022B0006FF0404308600B600868013001D5FFF7FC
:1022C00009FCBDE80840E1F7B1BC00BFB4B60208A4
:1022D00010B50446FFF7D3FF20B92068BDE81040D1
:1022E000E1F7A8BC10BD406801F180410139091A2D
:1022F000914208B502D21846FFF7F5FB08BD036806
:102300008B4206D842681344994294BF00200120B2
:10231000704701207047012A10B403D10A7810BC1D
:102320000270704710BCFFF7A6BF012A30B403D17A
:102330000B78037030BC7047002AFBD030BC01F032
:10234000FCBC08B5521AFFF7E6FF08BD08B5521AE3
:10235000FFF7E1FF08BD10B50446FFF790FF08B98D
:10236000A06810BD0F20FCE72DE9F3470A9E1F4629
:10237000436801EB0208B21A1A4404460D46A3EB67
:1023800008090192FFF7E7FF01A902462046FFF77F
:102390007DFF82461DB121682A46FFF7BCFF37B199
:1023A0002EB1324639460AEB0500FFF7B4FFB9F10A
:1023B000000F07D0216835444A4641440AEB050026
:1023C000FFF7A9FF2046FFF783FF019BC4F800A099
:1023D000A36002B0BDE8F08737B504460191FFF76E
:1023E000BAFF019B834202460FD901A92046FFF79D
:1023F0004DFF6268216801320546FFF78CFF2046D9
:10240000FFF766FF019B2560A36003B030BDF7B501
:10241000466804460F46FFF79EFF751C854207D9A4
:102420000123009300231A4631462046FFF79CFF04
:1024300023689F552368656000225A5503B0F0BD9C
:102440002DE9F04F85B080460E9D144689462A46F8
:1024500021461F46384BFFF746FFD8F80430039358
:10246000A5EB040B404603EB0B0AFFF774FF504546
:1024700059D3D8F80060039B4E443946A1444046E6
:10248000A3EB0909FFF73BFF80B1B9F1000F06D0BC
:10249000AC4204D04A4631197019FFF746FF95B196
:1024A0002A4639463046FFF736FF0CE0B5B9B9F198
:1024B000000F08D0AC4206D04A4631197019FFF718
:1024C00034FFAC420FD3D8F80030C8F804A0002283
:1024D000404603F80A2005B0BDE8F08FAC420CD2AC
:1024E000B9F1000FE8D134447B199C420BD32A4642
:1024F00039463046FFF719FFE5E72A4639463046A8
:10250000FFF713FFD3E7BC4203D82A4607EB0B01C2
:10251000C8E7E41B224639463046FFF706FF2A1B70
:1025200071193019BFE700953B462246494640469F
:10253000FFF71AFFC7E700BFCCB602082DE9F34149
:10254000D0F80480044602EB08070E461546FFF754
:1025500002FFB8420ED32DB120682A4631464044CE
:10256000FFF7D9FE2368676000222046DA5502B0E3
:10257000BDE8F08100953346002241462046FFF732
:10258000F3FEEFE770B5064B04460D4616460021F4
:10259000FFF7A9FE324629462046FFF7CFFF70BD60
:1025A000E5B6020808B5D1E90012FFF7EBFF08BD58
:1025B0002DE9F043884285B005460C4640D0FFF730
:1025C0005EFE06462046FFF75AFE002E4AD06F6890
:1025D000002838D06668D7B1013705F1080904F141
:1025E00008081EB30136324641466846FFF743FEEF
:1025F0003A4649464046FFF73EFE3246694648465F
:10260000FFF739FE6B6862686A60636018E0002E4D
:10261000F8D0721C04F1080105F10800FFF72BFE49
:1026200063686B60236867601F7009E03A4649463B
:102630004046FFF720FE6B6863602B686E601E707B
:1026400005B0BDE8F08326467A1C56F8088F05F1E0
:1026500008013046FFF70FFE23682B602660C5F89F
:102660000880CFE7AF6868B1626805F108060132FB
:1026700004F108013046FFF7FEFD2B6823602E6051
:10268000A760BFE722682B682A602360A368AB605D
:10269000F6E70000244B1A68D0075CBF01221A60DD
:1026A000224B1A68D1075CBF01221A60204B1A68BE
:1026B000D2075CBF01221A601E4B1A68D0075CBFAC
:1026C00001221A601C4B1A68D1075CBF01221A60F4
:1026D0001A4B1A68D2075CBF01221A60184B1A689D
:1026E000D0075CBF01221A60164B1A68D1075CBF85
:1026F00001221A60144B1A68D2075CBF01221A60CB
:10270000124B1A68D0075CBF01221A60104B1A687E
:10271000D1075CBF01221A600E4B1A68D2075CBF5A
:1027200001221A60704700BFC0550020BC55002030
:10273000B8550020B4550020B0550020AC550020FD
:10274000A8550020A4550020A05500209C5500202D
:1027500098550020945500207FB500241023CDE922
:102760000234036815469E6912686B46CDE9004441
:10277000B0479DF8043003F00603062B03BF009B0F
:102780002B600120204604B070BD009890420CBF21
:10279000062001207047000010B5034B036004467B
:1027A00000F0DDF8204610BD30B7020810B5044631
:1027B000FFF7F2FF20460821E1F740FA204610BD5E
:1027C0002DE9F0411F46DDE90834DDF81880984511
:1027D0000646154607D1079900F0C4F818B165718F
:1027E0000020BDE8F0813946304600F0BBF80028F3
:1027F000F6D00123C4F800802571A371F0E738B545
:1028000015461C4600F0AEF820B10823E36006230D
:102810002560237138BD2DE9F04105460C4616466A
:102820001F4600F09FF848B9032F07D823683246A7
:10283000294620465B69BDE8F0411847BDE8F081B4
:1028400070470000024A0349034800F0C7B900BFBF
:102850001403002041280208C455002010B5034B82
:1028600003600446FFF798FF204610BD90B70208AA
:1028700010B50446FFF7F2FF20460C21E1F7DEF920
:10288000204610BD2DE9F041DDF818809045064640
:102890000F4615461C460BD0B0680368CDF818806B
:1028A0001E6A2A4623463946B446BDE8F0416047D1
:1028B000194600F057F80028EED00620BDE8F08158
:1028C0002DE9F14F0D461946DDE90A4BDDE90CA66D
:1028D00081461746984600F045F890B1002D3460C7
:1028E000377109DB2C44A24514BF01240624B471BE
:1028F000002001B0BDE8F08F0235F9D10123B3719A
:10290000F6E7544506D15946484600F02BF808B181
:102910007771EDE7D9F808000368CDE90CA6CDE999
:102920000A4BDC693A4643462946A44601B0BDE855
:10293000F04F60472DE9F04107460C4615461E460C
:10294000FFF75DFF48B9B86803689F692A463346B8
:102950002146BC46BDE8F0416047BDE8F0817047C4
:1029600000207047814208B50ED0406803782A2BBA
:102970000CD049680B782A2B08BF0131FAF762FEA8
:10298000B0FA80F0400908BD0120FCE70020FAE71A
:1029900000487047CCB702087047000010B5034BE1
:1029A0000360044600F000F9204610BD30B802086C
:1029B00010B50446FFF7F2FF2046E1F73BF9204649
:1029C00010BD000013B51346012B00F10802026090
:1029D00008BF0E234FF0000218BF0D2342600272A1
:1029E00011460BBF00930093034B044B0446FFF7C3
:1029F00027FD204602B010BDD5B70208E4B7020893
:102A0000024A0349034800F0E9B800BF140300205C
:102A100099290208180300200048704750B802089E
:102A20001368994204D153681B1A584258417047A1
:102A3000002070470048704758B80208742A10B543
:102A40001ADC572A0CDC4D2A07DC3B2A0CDC242A32
:102A50000EDC0F2A18DC0E2A16D9C0E9002116E078
:102A60000B4BA2F158040CE00A4BA2F13C0408E025
:102A7000A2F12D03012BEFE7A2F17604182CECD87C
:102A8000054BE340DB07E8D5044B0260436010BD13
:102A90009D00BF1F8F080200BF07F1012003002027
:102AA000C0E90021704713B5036814465B690A4604
:102AB0000146684698476368019A9A4206D1009891
:102AC0002368C31A5842584102B010BD0020FBE7EA
:102AD0004B68834204D10868831A584258417047B2
:102AE00000207047704770477047704710B5044624
:102AF000E1F7A0F8204610BD10B50446E1F79AF8BA
:102B0000204610BD10B50B6886B01B6904466846A8
:102B10009847DDE90012204600F08CF86846FFF780
:102B2000D7FB204606B010BD73B504461046EEF73D
:102B3000BFFB04F108032360054610B90F48FEF7F8
:102B4000CFFFFAF7DDFD0F2805EB0006019007D94E
:102B5000002201A92046FFF799FB019B2060A3609A
:102B6000206832462946FFF7F1FB019B226863602B
:102B700000212046D15402B070BD00BF5FB80208EA
:102B800013B514460A4601466846FFF757FF6368C7
:102B9000019A9A4206D100982368C31A58425841B4
:102BA00002B010BD0020FBE77047000010B5064CD6
:102BB00006490748224600F011F822460549064812
:102BC000BDE8104000F00AB814030020E92A02080A
:102BD00020030020EB2A02081C0300200B460146BC
:102BE000184600F081BB000088422DE9F041044600
:102BF0000D4618D0A0B1A1EB000840460021FEF719
:102C0000B9FE00F10C070646214638462A46FEF773
:102C10009FFE41463046FEF7A1FE3846BDE8F081F2
:102C20000248FEF75DFF024FF7E700BF74B90208E4
:102C30002055002013B5044608461146014401AA58
:102C4000FFF7D2FF2060204602B010BD2DE9F0470B
:102C5000089D0C46002B4ED194468C458646B2FA10
:102C600082F262D94AB1C2F12003914020FA03F303
:102C70000CFA02FC194300FA02FE4FEA1C471FFA45
:102C80008CF6B1FBF7F44FEA1E4307FB141143EA3D
:102C9000014304FB06F199420AD91CEB030304F13A
:102CA000FF3080F01281994240F20F81023C634470
:102CB000591A1FFA8EF3B1FBF7F007FB101143EA24
:102CC000014300FB06F69E420AD91CEB030300F108
:102CD000FF3180F0FC809E4240F2F980634402386C
:102CE0009B1B40EA044000211DB1D3400022C5E9EE
:102CF0000032BDE8F0878B4205D90DB1C5E900016E
:102D000000210846F5E7B3FA83F1002946D1A34232
:102D100002D39042C0F0F080861A64EB03030120D6
:102D2000002DE6D0C5E90063E3E7002A40F090807B
:102D3000A1EB0C044FEA1C481FFA8CF70121B4FBED
:102D4000F8F64FEA1E4308FB164443EA044307FB28
:102D500006F0984208D91CEB030306F1FF3402D2B7
:102D6000984200F2CD8026461C1A1FFA8EF3B4FB5F
:102D7000F8F008FB104443EA044300FB07F79F42C6
:102D800008D91CEB030300F1FF3402D29F4200F28A
:102D9000B0802046DB1B40EA0640A5E7C1F12006D3
:102DA0008B4022FA06F71F4320FA06FC04FA01F3CF
:102DB00043EA0C03F44000FA01F8380C4FEA1349D7
:102DC000B4FBF0FE1FFA87FC00FB1E4449EA0444F2
:102DD0000EFB0CF9A14502FA01F20AD93C190EF1D9
:102DE000FF3A80F08480A14540F28180AEF1020E6E
:102DF0003C44A4EB09041FFA83F9B4FBF0F300FB95
:102E0000134449EA044403FB0CFCA44507D93C19CC
:102E100003F1FF3067D2A44565D9023B3C4443EA45
:102E20000E40A0FB0293A4EB0C049C42CE469C46B1
:102E300051D34ED055B1B8EB0E0364EB0C0404FA39
:102E400006F6CB401E43CC40C5E90064002150E7A4
:102E5000C2F1200320FA03F10CFA02FC24FA03F376
:102E600094400C434FEA1C4800FA02FE1FFA8CF70C
:102E7000B3FBF8F008FB1031230C43EA014300FBDD
:102E800007F1994208D91CEB030300F1FF362CD25D
:102E900099422AD9023863445B1AA4B2B3FBF8F111
:102EA00008FB113344EA034401FB07F3A34208D9AA
:102EB0001CEB040401F1FF3613D2A34211D90239ED
:102EC0006444E41A41EA004139E70446F0E6084662
:102ED00006E7C845AED2B9EB020E63EB070C01382A
:102EE000A8E73146EDE7034699E73046D4E7D646F2
:102EF0007FE7634402384DE70646234608460FE75E
:102F0000023E634430E700BFC0F3C7520028A2F17D
:102F10007F0CB4BF4FF0FF310121BCF11E0F08B58B
:102F200010DCBCF1000F1CDBC0F31603BCF1160F64
:102F300043F400030BDD963A03FA02F202FB01F1BF
:102F4000084608BDFAF7D0FE0146084608BD4FF412
:102F5000800242FA0CF21A44CCF1170C22FA0CF25D
:102F6000ECE7BCF1FF3F18BF0021084608BD00BFD9
:102F7000C1F30A5C2DE9F041ACF2FF35132D024696
:102F80000B460C46064632DC002D20DBDFF8E080E5
:102F900048FA05F801EA080C5CEA000C0F462BD051
:102FA00031A3D3E90023F9F74DFE00220023FAF7FD
:102FB0008FFA40B1002C03DA4FF480132B411F44E9
:102FC00027EA0804002621463046BDE8F08126A302
:102FD000D3E90023F9F736FE00220023FAF778FA46
:102FE0000028F0D0002C27DB00263446EBE7332DF9
:102FF00006DDB5F5806F1CD010461946BDE8F0819E
:10300000ACF2134C4FF0FF3727FA0CF70742F3D01E
:1030100015A3D3E90023F9F715FE00220023FAF7E0
:1030200057FA0028CFD0002C33460CDB23EA0706E2
:10303000C9E7F9F707FEE1E724F0004426430DD184
:103040004FF00044BFE7142D06D0C5F1340501222E
:10305000AA401344B342E9D20134E7E7054C002605
:10306000B1E700BFAFF300809C7500883CE4377E79
:10307000FFFF0F000000F0BF2DE9F041C0F3C7557E
:103080007F3D162D044620F0004724DC002D8046AD
:1030900014DB184F2F4138421AD01749FAF7CCFBEE
:1030A0000021FAF7ABFA98B1002C03DD4FF40003CE
:1030B0002B41984428EA0700BDE8F0810E49FAF751
:1030C000BBFB0021FAF79AFA10B1002C0EDB57B9BE
:1030D0002046BDE8F081B7F1FF4FF9D30146FAF77A
:1030E000ABFBBDE8F0814FF07E50F2E74FF00040BF
:1030F000EFE700BFFFFF7F00CAF249712DE9F04101
:10310000C0F3C7557F3D162D044620F0004725DC4F
:10311000002D804614DB184F2F4138421BD0174931
:10312000FAF78AFB0021FAF769FAA0B1002C03DA5A
:103130004FF400032B41984428EA0700BDE8F081D2
:103140000E49FAF779FB0021FAF758FA18B1002C6A
:103150000CDB002000E02046BDE8F081B7F1FF4F16
:10316000F9D30146FAF768FBBDE8F08117B94FF0D3
:103170000040F1E70248EFE7FFFF7F00CAF2497124
:10318000000080BF08B5C0F3C7537F3B162B014634
:1031900015DC002B02460BDB0B481841084205D01A
:1031A0004FF480011941114421EA0001084608BD8D
:1031B000013300F00041F9D141F07E51F6E7802B58
:1031C000F4D1FAF739FB08BDFFFF7F0008B50620F0
:1031D00000F010FE0120E1F725FD000010B5034BC3
:1031E0000446196801F0D8FD204610BD9004002067
:1031F000164B10B51C68236BB3B9182001F000FE04
:103200000246206320B9124B12485221EEF74FF8C4
:103210001149124BC0E90013114B83600B238381CA
:1032200000210120C2E90401216B0E480B694C69A1
:103230000D4A584302FB0400A3FB0232013340EB6A
:103240000200C1E9043020F0004010BD90040020CD
:103250009EB90208B5B902080E33CDAB34126DE643
:10326000ECDE05002DF451582D7F954C164B10B512
:103270001C68236BB3B9182001F0C2FD024620631D
:1032800020B9124B12484C21EEF711F81149124B9C
:10329000C0E90013114B83600B23838100210120BF
:1032A000C2E90401216B0E480B694C690D4A584371
:1032B00002FB0400A3FB0232013340EB0200C1E930
:1032C000043020F0004010BD900400209EB9020898
:1032D0002ABA02080E33CDAB34126DE6ECDE0500DF
:1032E0002DF451582D7F954C10B5044604481346D3
:1032F00020B10A460220214600F0F2FD10BD00BFB9
:10330000E13E02082DE9F04F89B0DDE91598002B68
:103310001D461446BCBF03F10043144628F0200AA2
:10332000149AB6BF1D4600232D23BAF1460FDDE9DE
:10333000126B137005D0BAF1450F00D1013602238C
:1033400000E0032307AA049206AACDE90292CDE980
:10335000003622462B4600F0A7FEB8F1670F07465D
:1033600019D11BF0010F0ED007EB06080022002335
:1033700020462946FAF784F808B1CDF81C8030229F
:10338000079B434521D3079B179ADB1B38461360E5
:1033900009B0BDE8F08FB8F1470FE2D0BAF1460F9F
:1033A00000EB0608E2D10378302B0AD1002200237B
:1033B00020462946FAF764F818B9C6F10106C9F89B
:1033C0000060D9F800309844D0E7591C07911A7072
:1033D000D6E7F7B50029BABF49422D232B23092987
:1033E0000270437029DD0DF107031D460A271A46B6
:1033F000B1FBF7F607FB1614303402F8014C0C460B
:10340000632C03F1FF333146F1DC3031941E03F8B5
:10341000011C411C2346AB420AD30DF109039B1A40
:10342000AC4288BF002302330344181A03B0F0BD36
:1034300013F8016B01F8016FEDE730233031837031
:10344000C170031DF1E700002DE9F04F91B00C466B
:10345000DDF8688016461F46054600F0D3FC036879
:1034600008931846FAF74CF900230E93D8F8003069
:103470000990073323F0070303F1080294F818A01A
:10348000D4F800B0C8F80020D3E9008929F000433F
:103490000B93CDF82880C4E91289DDE90A019C4B21
:1034A0004FF0FF32FAF734F970BBDDE90A01984BAF
:1034B0004FF0FF32F9F7F8FF30BB002200234046FF
:1034C0004946F9F7E7FF10B12D2384F84330914ABC
:1034D000914BBAF1470F94BF90469846032323615E
:1034E0002BF0040323604FF00009009733460FAA26
:1034F0002146284600F0DEF9013040F099804FF077
:10350000FF3011B0BDE8F08F42464B464046494679
:10351000FAF7FEF840B14B46002BBCBF2D2384F8D0
:1035200043307E4A7E4BD4E763685A1C29D1062378
:1035300063604BF480630022236006920EAACDE9FB
:1035400004A20DAA03920DF13302CDE901326368A2
:10355000009342464B462846FFF7D4FEBAF1670F68
:103560000D99804615D1CB1C3BDB6368994238DC52
:103570000E9B994255DB23682161D80745D54B1C2A
:1035800042E00AF0DF02472AD3D1002BD1D1012338
:10359000CEE7BAF1470F07D1C81C25DB63688B4221
:1035A00022DB4FF0670AE3E7BAF1650F1FD8013954
:1035B000524604F150000D91FFF70BFF0E9A1318BD
:1035C000012A8146236102DC2268D20701D501333A
:1035D00023619DF83330002B87D02D2384F84330AE
:1035E00083E74FF0650AE2E74FF0450ADFE7BAF1FB
:1035F000660FBDD1002963680BDD216113B9226814
:10360000D00702D501330B442361A1654FF00009B7
:10361000DFE713B92268D20701D50233F4E70123AB
:10362000F2E70029D4BFC1F1020201221344EBE703
:1036300023685A0507D42369424631462846B847CD
:1036400001302BD15BE7BAF1650F40F2DC80D4E9A1
:10365000120100220023F9F713FF002833D0314A6A
:10366000012331462846B84701303FF448AFDDE931
:103670000D38434502DB2368D8070FD5DDE9082361
:1036800031462846B84701303FF439AF4FF00009C2
:1036900008F1FF3804F11A0AC84509DC23689B07C2
:1036A00000F10281E0680F9B9842B8BF184628E7F6
:1036B0000123524631462846B84701303FF41FAF38
:1036C00009F10109E8E70D9B002B38DC154A0123BD
:1036D00031462846B84701303FF411AFDDE90D39D6
:1036E00059EA030302D12368D907D7D5DDE90823B6
:1036F00031462846B84701303FF401AF4FF0000A89
:1037000004F11A0B0D9B5B4253450DDC4B4693E7CE
:10371000FFFFEF7FA2BB0208A6BB0208AABB0208FC
:10372000AEBB0208B2BB020801235A463146284606
:10373000B84701303FF4E3AE0AF1010AE2E7A36DB6
:10374000DDF838A05345A8BF5346002B994636DC18
:103750004FF0000B29EAE97904F11A02A36D0A93EC
:10376000A3EB09035B4531DC0D9B9A453ADC2368EA
:10377000DA0737D40D9BAAEB03090A9BAAEB0303D4
:103780009945A8BF9946B9F1000F33DC4FF0000806
:1037900029EAE97904F11A0B0D9BAAEB0303A3EBC9
:1037A000090343457FF77AAF01235A46314628463D
:1037B000B84701303FF4A3AE08F10108ECE74246F8
:1037C00031462846B8470130C2D198E60123314638
:1037D00028460A92B84701303FF491AE0A9A0BF19D
:1037E000010BBBE7DDE9082331462846B847013025
:1037F000C0D184E60A9A4B46424431462846B8472F
:103800000130C3D17BE6DDF838A0BAF1010F01DC4D
:10381000DB0736D50123424631462846B8470130FA
:103820003FF46DAEDDE9082331462846B847013044
:103830003FF465AED4E91201002200230AF1FF3AF9
:10384000F9F71EFEC0B9534608F101023146284679
:10385000B84701300CD152E601235A46314628467A
:10386000B84701303FF44BAE08F10108D045F3DB17
:103870004B4604F15002E0E64FF0000804F11A0B49
:10388000F4E701234246E1E701234A463146284650
:10389000B84701303FF433AE08F10108E3680F99EF
:1038A0005B1A4345F0DCFDE64FF0000804F119090E
:1038B000F4E700BF2DE9F047164698468A680B6981
:1038C000DDF820909342B8BF1346336091F843204F
:1038D00007460C460AB1013333602368990642BF9C
:1038E000336802333360256815F0060506D104F10C
:1038F000190AE36832689B1AAB4226DC94F843301D
:103900002268003B18BF012392062BD404F1430226
:1039100041463846C84701301ED02368226903F06B
:103920000603042B02BFE5683368ED1AA3680CBFD9
:1039300025EAE57500259342C4BF9B1AED180026C1
:103940001A34B5421AD1002008E0012352464146FC
:103950003846C847013003D14FF0FF30BDE8F0874B
:103960000135C6E7E1185A1C302081F84300224493
:1039700094F8451082F843100233C7E7012322462A
:1039800041463846C8470130E6D00136D9E7000045
:103990002DE9FF470F7E0C9E782F914680460C46FE
:1039A0009A4601F1430207D8622F0AD8002F00F08F
:1039B000DD80582F00F0C38004F1420684F8427085
:1039C0003AE0A7F16303152BF6D801A151F823F0D3
:1039D000293A02083D3A0208B9390208B939020801
:1039E000B9390208B93902083D3A0208B939020862
:1039F000B9390208B9390208B9390208533B02083B
:103A0000CB3A02080B3B0208B9390208B93902085F
:103A1000753B0208B9390208CB3A0208B9390208E5
:103A2000B9390208133B020833681A1D1B6832605B
:103A300004F1420684F842300123A8E0316823688B
:103A4000081D30601E0601D50D6803E05D06FBD53C
:103A5000B1F900506168002D78DA2D20002984F832
:103A60004300A1602DDA5E486D420A231646B5FB7D
:103A7000F3F103FB1157C75D06F8017D2F46BB42EA
:103A80000D46F4D9082B0BD12368DF0708D523692D
:103A900061689942DEBF302306F8013C06F1FF362B
:103AA000921B2261CDF800A04B4603AA2146404656
:103AB000FFF700FF01306FD14FF0FF3004B0BDE8D9
:103AC000F08723F004032360CDE7216833680806FC
:103AD00053F8045B02D4490648BFADB26F2F40488B
:103AE000336014BF0A230823002184F8431066685A
:103AF000A660002EBADB216821F004012160002DB0
:103B0000B4D1002EB2D11646BCE7236843F020039F
:103B100023603448782784F84570236831681F068D
:103B200051F8045B02D45F0648BFADB23160D907DB
:103B300044BF43F0200323601DB11023D4E728487D
:103B4000E9E7236823F020032360F6E724480A23EB
:103B5000CDE7336825686169181D30602E061B6843
:103B600001D5196002E06806FBD5198000232361A6
:103B7000164697E733681A1D32601E686268002196
:103B80003046F9F76DFD08B1801B60606368236102
:103B9000002384F8433085E723693246494640468E
:103BA000D047013088D023689B0714D4E068039B7A
:103BB0009842B8BF184681E701233246494640463D
:103BC000D04701303FF478AF0135E36803995B1AC1
:103BD000AB42F1DCEAE7002504F11906F5E700BF86
:103BE000B4BB0208C5BB0208F0B5ADF5057D0E46B5
:103BF00004AF4FF40071039100933946134603AAB2
:103C0000054600F05BF8044680B10246039B31464E
:103C1000284600F00FF9BC42039003D02146284605
:103C200001F070F803980DF5057DF0BD4FF0FF3001
:103C3000F9E7000013460A46014602480068FFF70C
:103C4000D3BF00BF9004002030B51446002C9BB0B9
:103C500005461A4605DA8B2303604FF0FF301BB090
:103C600030BD4FF40273ADF80C3014BF04F1FF33D4
:103C70002346029305934FF6FF7300910491ADF82C
:103C80000E3069461E9B01F077FD431CBCBF8B23A1
:103C90002B60002CE3D0009B00221A70DFE70000AD
:103CA00007B5009313460A46014603480068FFF72C
:103CB000CBFF03B05DF804FB9004002030B515463F
:103CC0009BB02C681A46D9B1002C19D04FF4C163AF
:103CD00000910491ADF80C30214619DB4FF6FF73CB
:103CE00002910591ADF80E3069461E9B01F044FD2E
:103CF00000280FDB009B286000221A7004980AE05D
:103D000000214FF42273ADF80C3000910491E5E7E7
:103D10008B23036000201BB030BD10B50139024475
:103D2000904201D1002005E0037811F8014FA34231
:103D300001D0181B10BD0130F2E7884210B501EB2D
:103D4000020402D98442234607D8431EA14208D068
:103D500011F8012B03F8012FF8E7024401468A42CB
:103D600000D110BD13F8014D02F8014DF7E70244F0
:103D70000346934200D1704703F8011BF9E710B5E1
:103D80006AB10139841810F8012B11F8013F9A42E9
:103D900003D1A04201D0002AF5D1D01A10BD10469F
:103DA000FCE71F2938B505460C4604D916230360E5
:103DB0004FF0FF3038BDC26B12B152F821304BB911
:103DC000284600F035F8224601462846BDE838402E
:103DD00000F01CB8012B0AD0591C03D11623036034
:103DE0000120E7E7002142F82410204698470020F0
:103DF000E0E70000024B01461868FFF7D2BF00BFA2
:103E000090040020004870471404002038B5074D86
:103E100000230446084611462B60E0F704FF431CCC
:103E200002D12B6803B1236038BD00BF08570020C2
:103E3000E0F702BF38B5074D044608461146002298
:103E40002A601A46F6F780FB431C02D12B6803B1A7
:103E5000236038BD0857002070B50D4D0D4C641B14
:103E6000A4100026A64209D10B4D0C4C01F0F0FE27
:103E7000641BA4100026A64205D170BD55F8043B72
:103E800098470136EEE755F8043B98470136F2E7CC
:103E900008BE020808BE020808BE020830BE0208BA
:103EA00070477047024B0A460146186801F094BDFE
:103EB00090040020034611F8012B03F8012B002A7F
:103EC000F9D170470A44914200F1FF3300D17047A5
:103ED00010B511F8014B03F8014F9142F9D110BD13
:103EE0002DE9F843274D0746286891460E46984627
:103EF000FFF7D6FF244A14683CB9244B1360244AC8
:103F000012B11268C3F88820204C63681F2B06DDAD
:103F10002868FFF7C6FF4FF0FF30BDE8F8832FB3E6
:103F2000D4F8880068B91B4B002BF1D04FF4847093
:103F300000F066FF0028EBD00023C0E94033C4F84E
:103F40008800636840F8239001229A4000EB8301C7
:103F5000D0F800311343C0F80031022FC1F880803F
:103F600002BFD0F804311343C0F8043163682868F5
:103F70005A1C0233626044F82360FFF792FF00206E
:103F8000CBE700BFE00400209C5700201057002022
:103F9000E8BD0208014E02082DE9F74F03690C69DC
:103FA000A34207467EDB013C01F11408A30000F1A7
:103FB0001405009305EB8403019358F8243055F859
:103FC000242001339A4208EB8409B2FBF3F62ED386
:103FD0004FF0000AC446AE46D3465CF8043B98B2A4
:103FE00006FB00A0020C1B0C06FB0323DEF80020DE
:103FF00080B292B2121A5A44DEF800004FEA134A15
:104000009BB2C3EB224303EB104392B242EA03425A
:10401000E1454EF8042B4FEA234BDED2009BEB58D0
:104020002BB9019B043B9D421A462FD33C61384675
:1040300001F034FA002825DB2946002058F8042B2B
:10404000D1F800C01FFA82FE1FFA8CF3A3EB0E0317
:104050000344120CC2EB234202EB1C429BB243EA24
:104060000243C14541F8043B4FEA2240E6D255F8ED
:10407000242005EB840322B9043B9D421A460BD34E
:104080003C610136304603B0BDE8F08F1268043B56
:10409000002ACBD1013CC6E71268043B002AEFD1CD
:1040A000013CEAE70020EEE72DE9F04FC76997B041
:1040B00014461D46CDE90445239E83467FB9102052
:1040C00000F09EFE0246CBF81C0020B9A24BEF2167
:1040D000A248EDF7ECF8C0E901770760C760DBF8AC
:1040E0001C30196859B15A684A60012393408B60AB
:1040F000584600F095FFDBF81C3000221A602B1E9A
:10410000B9BF23F00043059300233360059F944B10
:10411000BCBF01223260BB4319D1229A42F20F7315
:104120001360C7F31303234300F0E285249B53B9C4
:104130008C4B21E08C4B08930833249A1360089829
:1041400017B0BDE8F08F874B08930333F5E7DDE93F
:104150000423CDE90C23DDE90C0100220023F9F74B
:104160008FF9804650B1229A01231360249B13B12A
:10417000249A7E4B13607E4B0893E0E714AB0193C7
:1041800015AB00935846DDE90C2301F035FAC7F36F
:104190000A560390002E7AD00D9BCDF84C80C3F3C5
:1041A0001303DDE90C0143F07F5343F44013A6F2FF
:1041B000FF36194600226F4BF8F742FD60A3D3E9A2
:1041C0000023F8F7F5FE60A3D3E90023F8F73AFDE2
:1041D000044630460D46F8F781FE5DA3D3E900237F
:1041E000F8F7E6FE02460B4620462946F8F72AFD78
:1041F00004460D46F9F7A2FA00220746002320469E
:104200002946F9F747F940B13846F8F767FE2246E4
:104210002B46F9F735F900B9013F162F54D8564B04
:1042200003EBC703D3E90023DDE90C01F9F732F909
:1042300000284BD0013F00231293149B9B1B5A1E56
:1042400045BFC3F101030693002300230A9254BF24
:1042500006930A93002F3BDB0A9B0F973B440A937C
:1042600000230B93209B092B00F28A80052BC4BFEF
:10427000043B2093209BA3F10203CCBF0024012424
:10428000032B00F28880DFE803F02B383657DDE996
:1042900014631E4406F23243202BC1BFC3F1400316
:1042A0009F4006F2124324FA03F3D6BFC3F1200362
:1042B00047EA030004FA03F0F8F700FE0122A1F137
:1042C000F873013E139274E70123B5E71290B4E747
:1042D000069BDB1B06937B420B9300230F93C1E7E6
:1042E00000230E93219B002B58DC01230993994650
:1042F0001A4621920CE00123F3E700230E93219B41
:10430000FB1803F1010909934B46012BB8BF0123A8
:10431000DBF81C000021042202F114059D4241D962
:104320004160584600F03CFE089000283DD1134BF8
:10433000024640F2AF11CBE60123DFE7AFF3008086
:1043400061436F63A787D23FB3C8608B288AC63F9B
:10435000FB799F501344D33F9EB90208EBBB020880
:104360000000F07FE7BB0208DEBB0208B3BB020817
:10437000B2BB02080000F83F20BD020860BC020882
:104380000124002320930E944FF0FF3309939946A4
:1043900000221223ADE701230E93F5E7219B099339
:1043A0009946B5E701315200B6E7DBF81C30089AB0
:1043B0001A60B9F10E0F6FD8002C6DD0002F36DDCA
:1043C000A14B07F00F0203EBC203D3E90034F80559
:1043D000CDE910344FEA271417D59C4BDDE90C01C9
:1043E000D3E90823F8F70EFFCDE9040104F00F0428
:1043F0004FF00308954D5CB9DDE91023DDE90401B8
:10440000F8F700FFCDE904012BE04FF00208F1E7D7
:10441000E10709D5DDE91001D5E90023F8F7C8FD6A
:10442000CDE9100108F1010864100835E3E700F058
:1044300007817C42844B854D04F00F0203EBC203DD
:10444000D3E90023DDE90C01F8F7B2FDCDE9040161
:10445000241100234FF00208002C40F0E580002BCF
:10446000D0D1129BDDE90445002B00F04C81784B44
:10447000002220462946F9F70DF8002800F0438174
:10448000B9F1000F00F03F81099B002B00F3E4809D
:10449000DDE90C34CDE90434159B002B02DB0E2F33
:1044A00040F342820E9A002A40F067820B9CDDF8AE
:1044B00018800025B8F1000F0DD00A9B002B0ADDF3
:1044C0004345069AA8BF4346D21A06920A9AA8EB19
:1044D0000308D31A0A930B9B0BB30E9B002B00F01F
:1044E000A682002C00F0A18229462246584600F000
:1044F0000FFF039A01460546584600F05FFE0399F8
:104500000646584600F08CFD0B9B1B1B0B9300F0DE
:1045100091820B9A3146584600F0FAFE0390012131
:10452000584600F035FE0F9B0446002B00F08482B5
:104530001A460146584600F0EBFE209B012B04462C
:1045400003DC049B002B00F07C820026236904EB33
:104550008303186900F0CCFD0F96C0F120000A9B80
:10456000184410F01F0000F09182C0F12003042BCA
:1045700040F38182069BC0F11C00034406930A9B12
:10458000034480440A93069B002B05DD03991A46D9
:10459000584600F017FF03900A9B002B05DD2146CB
:1045A0001A46584600F00EFF0446129B002B00F0FE
:1045B00076820398214600F071FF002880F26F8216
:1045C000002303990A22584600F04CFD0E9B0390ED
:1045D0007E1E002B00F05C82002329460A225846EA
:1045E00000F040FD099B002B054603DC209B022BBD
:1045F00000F35E82B8F1000F05DD294642465846B9
:1046000000F0E0FE05460F9B002B00F0D0826968A9
:10461000584600F0C5FC0746002840F07F820D4B4D
:10462000024640F2EF2153E5E20706D5D5E9002323
:10463000F8F7BEFC08F101080123641008350BE708
:104640004FF002080DE700BF20BD0208F8BC0208C9
:104650000000F03F60BC02082046AD4B0022294616
:10466000F8F7A6FCCDE90401099C7E1E08F10108BB
:104670004046F8F733FCDDE90423F8F799FCA54B35
:104680000022F8F7DFFAA1F15073CDE91001119380
:10469000002C3BD1DDE904019F4B0022F8F7D0FA52
:1046A00002460B46CDE90423DDE91023F8F710FF9D
:1046B000002840F05781DDE9102101F10043DDE9D8
:1046C0000401F8F7E7FE00283FF4E2AE0024254697
:1046D000219BDDF820A0DE434FF00008214658461C
:1046E00000F09EFC002D00F0A980B8F1000F05D06D
:1046F000A84503D04146584600F092FC294658464A
:1047000000F08EFC9AE03E464C46B1E7834B03EB4B
:10471000C40353E90201089B1C440E9B002B4AD0A2
:1047200002460B4600207E49F8F76CFDDDE91023B8
:10473000F8F786FACDE91001DDF820A0DDE90401E3
:10474000F8F7FCFF0546F8F7C9FB02460B46DDE922
:104750000401F8F775FA3035CDE9040102460B463D
:104760000AF8015BDDE91001F8F7B2FE002865D117
:10477000DDE904236B490020F8F762FA02460B4694
:10478000DDE91001F8F7A4FE002840F00D81A245F4
:1047900000F0EA80DDE910015D4B0022F8F708FC2B
:1047A0005B4BCDE910010022DDE90401F8F700FCC4
:1047B000CDE90401C2E7DDE91023F8F7F9FBCDE903
:1047C0001001DDF820A0A046DDE90401F8F7B6FFEE
:1047D0000546F8F783FB02460B46DDE90401F8F7CE
:1047E0002FFA30350AF8015B02460B46A245CDE9A7
:1047F00004234FF0000223D1494BDDE91001F8F703
:1048000021FA02460B46DDE90401F8F761FE0028B3
:1048100040F0CA80DDE9102341490020F8F710FA82
:1048200002460B46DDE90401F8F734FE70B1C246DA
:1048300008F1FF381AF8013C302BF8D0374655E024
:10484000334BF8F7B5FBCDE90401BDE7DDE90C34E6
:10485000CDE90434159B002BFFF628AE0E2F3FF751
:1048600025AE2E4B03EBC703D3E90034CDE9063464
:10487000219B002B02DAB9F1000F64D0DDE9044579
:10488000DDF820A0DDE9062320462946F8F7BAFC2A
:10489000F8F754FF0646F8F721FBDDE90623F8F7A1
:1048A00087FB02460B462046294606F13004F8F7FE
:1048B000C7F90AF8014B089CAAEB0404A14502467B
:1048C0000B4640F08280F8F7BDF9DDE90623044687
:1048D0000D46F8F7FDFD002865D1DDE906232046E9
:1048E0002946F8F7CDFD08B1F3075CD40399584683
:1048F00000F096FB00238AF80030229B01371F60EE
:10490000249B002B3FF41BACC3F800A017E400BFAE
:104910000000244000001C400000144020BD02089C
:104920000000E03F0000F03FA24B03EBC703D3E9D8
:104930000034CDE90634219B002B9FDAB9F1000F3A
:104940009CDC7FF4C3AE9C4B0022DDE90601F8F746
:104950002FFBDDE90423F8F7B1FD044600287FF4BE
:10496000B5AE3E462546B4E0DDE90C34CDE904346D
:10497000159B002B01DB0E2FD6DD209A012A36DC99
:10498000139A82B303F233430B9CDDF81880069A26
:104990001A4406920A9A01211A4458460A9200F0D3
:1049A000F7FB054686E53E4653469A4613F8012D29
:1049B000392A06D1089A9A42F7D10899302201364D
:1049C0000A701A7801321A7038E77C4B0022F8F727
:1049D000EFFA0022002304460D46F8F751FD0028A7
:1049E0003FF450AF82E7149BC3F13603CCE70B9B37
:1049F00009F1FF34A34208DBB9F1000FA3EB040473
:104A00000EDBDDF818804B46C1E70B9B0F9A0B9429
:104A1000E31A1A44DDF818800F924B460024B6E7DB
:104A2000069BA3EB09080023B1E7039E71E50B9AEF
:104A3000039970E5039672E5209B012B17DC049B1C
:104A4000ABB9059BC3F313039BB9059B23F0004649
:104A5000360D360536B1069B013306930A9B0133AA
:104A60000A9301260F9B002B7FF470AD0F96012057
:104A700075E50026F6E73FF486AD069A1C331A4426
:104A800006920A9A1A4498440A927CE50346F4E78F
:104A9000099B002B2BDC209B022B09DC27E0B9F1C2
:104AA000000F1DDC209B022B1ADDCDF824903E4622
:104AB000099B002B7FF40CAE21460522584600F0DE
:104AC000D1FA01460446039800F0E8FC00287FF77D
:104AD000FFADDDF820A031230AF8013B0136FBE5EC
:104AE0000E9BCDF824903E46002B7FF483AD089FAB
:104AF00003982146FFF750FA00F1300907F8019BAF
:104B0000089B099AFB1A9A4240F3CB800399002331
:104B10000A22584600F0A6FA0390E9E72A69023211
:104B2000920005F10C010C30FFF7CCF90122394657
:104B3000584600F047FC089B03F1010ADDE9082311
:104B400013440A93049B03F00103A8460B93054604
:104B50000AF1FF33214603980693FFF71DFA4146F9
:104B6000099000F13009039800F098FC2A4621468C
:104B70000746584600F0AEFCC268014602B35846EC
:104B800000F04EFA002F3ADA03990122584600F05D
:104B900019FC2146039000F081FC002803DC29D198
:104BA00019F0010F26D0B9F1390F1DD132E0284696
:104BB000C1E700BF20BD02080000144000002440EF
:104BC0000E90039800F06AFC0E990C90584600F085
:104BD00027FA0C9A5ABB209B53B90B9B43B9B9F1E6
:104BE000390F17D0002F05DD099B03F1310901E0D2
:104BF000002F2ADADDF818A00AF8019B6EE5209B49
:104C00003B4304D1049B03F00103002BBCD0B9F15A
:104C1000390F36D1069F392307F8013BBA46013FC9
:104C20001AF8013C392B5BD001333B7056E5002F5D
:104C300006DB209B3B4306D1049B03F0010313B921
:104C4000002AA1DCD6E7002AE1DC0A9B0AF8019CD5
:104C5000534557462FD0039900230A22584600F0A7
:104C600001FAA84503904FF000034FF00A024146B5
:104C700058460BD100F0F6F9804605460AF1010AC4
:104C800066E7DDF818A009F10109B5E700F0EAF9D7
:104C90002946804600230A22584600F0E3F90546DB
:104CA000ECE7099B002BC8BF1F46089BD8BF012714
:104CB0001F444FF0000803990122584600F082FB80
:104CC0002146039000F0EAFB0028A7DC02D119F08E
:104CD000010FA3D1BA4617F8013D302BFAD0FDE4FD
:104CE000089BBB429AD1089A312301361370F5E430
:104CF000249B002B7FF41EAA014BFFF73DBA00BF97
:104D0000DEBB020838B50546002941D051F8043C05
:104D10000C1F002BB8BFE41800F036F91D4A1368C9
:104D200033B9636014602846BDE8384000F032B9FA
:104D3000A34208D9206821188B4201BF19685B681B
:104D400009182160EDE71A465B680BB1A342FAD956
:104D500011685018A0420BD12068014450188342BA
:104D60001160E0D118685B68536008441060DAE7AE
:104D700002D90C232B60D6E7206821188B4204BF90
:104D800019685B68636004BF091821605460CAE752
:104D900038BD00BFCC57002070B5164C05460846FC
:104DA0000E4600F0F1F823684BB10021304600F0C8
:104DB00025FE421C18BF2268034618BF831A0E4AFC
:104DC0001168002291B90D4C304623609B1A226273
:104DD000E36100F0DFF80FCC2E460FC60FCC0FC6F4
:104DE00094E8030086E80300284670BD0868496817
:104DF0000244E7E7C8570020CC570020A057002006
:104E0000024B0146186800F02DB800BF9004002046
:104E1000024B01461868FFF775BF00BF90040020E1
:104E200070B50F4E0C463168054611B900F0E6FD2D
:104E300030602146284600F0E1FD431C03D14FF0CD
:104E4000FF34204670BDC41C24F00304A042F8D0F7
:104E5000211A284600F0D2FD0130F2D1EFE700BF61
:104E6000C85700202DE9F843CD1C25F0030508356F
:104E70000C2D38BF0C25002D064601DBA94204D9B4
:104E80000C2333600020BDE8F883DFF8D48000F005
:104E90007BF8D8F800301C4644BB29463046FFF763
:104EA000BFFF431C044658D1D8F800402746002FC6
:104EB00043D1002C4BD023683946304604EB03091C
:104EC00000F09CFD814542D121686D1A294630468B
:104ED000FFF7A6FF01303AD023682B442360D8F8AF
:104EE00000305A6862BBC8F800700FE02268521B9D
:104EF00020D40B2A17D96119A342256018BF596025
:104F0000636808BFC8F8001062514B60304600F07B
:104F100041F804F10B00231D20F00700C21A1CBF4A
:104F20001B1AA350AFE76268A3420CBFC8F8002069
:104F30005A60EBE723466468AEE73C467F68B6E715
:104F40001A465B68A342FBD100235360DEE70C23C3
:104F50003360304600F01EF894E70560D6E700BFE6
:104F6000CC57002082B001B901A942B14BB11378EE
:104F70000B601278101E18BF012002B07047104657
:104F8000FBE76FF00100F8E70148FEF789BF00BFBB
:104F90000C5700200148FEF784BF00BF0C570020CB
:104FA00070B5C66904460D4676B91020FFF728FF94
:104FB0000246E06120B9184B18486B21ECF777F9ED
:104FC000C0E901660660C660E669F36883B1E3691B
:104FD000DB6853F82500B8B9012101FA05F6721D06
:104FE0009200204600F01AFD60B1C0E901560EE0C3
:104FF00021220421204600F011FDE369F060DB6806
:10500000002BE4D1002070BD026843F82520002366
:10501000C0E90333F7E700BF9EB9020871BC02087C
:1050200070B5C66905460C4676B91020FFF7E8FE54
:105030000246E86120B9094B09488F21ECF737F99E
:10504000C0E901660660C6603CB1EB696268DB6876
:1050500053F82210216043F8224070BD9EB9020827
:1050600071BC02082DE9F0410D6907460C461E4649
:1050700001F1140C0020DCF8003099B202FB016150
:105080001E0C0B0C02FB063389B2013001EB03410D
:1050900085424CF8041B4FEA1346ECDC0EB3A368C0
:1050A000AB4219DC616838460131FFF779FF804671
:1050B00028B902460C4B0D48BA21ECF7F8F82269E2
:1050C000023204F10C0192000C30FEF7FBFE214687
:1050D0003846FFF7A5FF444604EB850301355E61C2
:1050E00025612046BDE8F08160BC020871BC020861
:1050F000B0F5803F034636BF030400201020B3F113
:10510000807F3CBF1B020830B3F1805F3CBF1B01B6
:105110000430B3F1804F03D3002B0ADB013070471A
:105120009B0001D5023070475B0001D5033070470A
:10513000202070470368024613F007000BD0D90700
:1051400021D4980749BF5B089B08012013605CBF0E
:1051500013600220704799B209B91B0C1020D9B214
:1051600009B908301B0A190704BF1B090430990745
:1051700004BF9B080230D90703D45B0800F101008B
:1051800003D0136070470020704720207047000054
:1051900010B50C460121FFF703FF024628B9054B65
:1051A000054840F24511ECF782F8012344610361A0
:1051B00010BD00BF60BC020871BC02082DE9F04FB1
:1051C00014460A6923699A42A8BF23460F46A4BF22
:1051D0000C461F46D4F810A0D7F81090A368616859
:1051E0000AEB0906B34285B0B8BF0131FFF7D8FE1C
:1051F00030B90246444B45484FF4B171ECF757F8CB
:1052000000F1140505EB86082B460022434521D307
:1052100007F1140104F1140202EB8A0201EB890385
:105220000293131B153B23F00303043304F115070A
:10523000BA4238BF04230193029B03918B420CD8DE
:10524000002E03DD58F8043D002B5AD0066105B04E
:10525000BDE8F08F43F8042BD8E7B1F800A0BAF10D
:10526000000F23D004F1140EA9464FF0000C5EF895
:10527000047BD9F800301FFA87FB9BB20AFB0B3383
:105280006344D9F800C03F0C4FEA1C4C0AFB07C727
:1052900007EB13479BB243EA0743724549F8043BC7
:1052A0004FEA174CE3D8019B45F803C0039BB3F8C2
:1052B00002900431B9F1000F21D02B6804F1140CD5
:1052C000AE464FF0000ABCF800B0BEF8027009FB11
:1052D0000B7757449BB243EA07434EF8043B5CF814
:1052E000043B4FEA134ABEF8003009FB0A3303EBD4
:1052F000174362454FEA134AE5D8019FEB51043545
:105300009AE7013E9CE700BF60BC020871BC02083E
:105310002DE9F843154612F0030207460E4607D062
:10532000254C013A002354F82220FFF79BFE064645
:10533000AD103DD0FC697CB91020FFF761FD02463D
:10534000F86128B91D4B1E4840F2B311EBF7AFFFCF
:10535000C0E901440460C460D7F81C80D8F8084054
:105360004CB940F271213846FFF712FF0023C8F80C
:105370000800044603604FF00009EB070AD53146E8
:1053800022463846FFF71AFF314680463846FFF777
:1053900047FE46466D100BD0206838B9224621469C
:1053A0003846FFF70BFF2060C0F800900446E4E7A2
:1053B0003046BDE8F88300BFE8BC02089EB9020889
:1053C00071BC02082DE9F0470C464968236903EBDC
:1053D0006218A368074691464FEA621A08F101066F
:1053E000B3420BDB3846FFF7DBFD054648B9024602
:1053F000284B29484FF4EF71EBF759FF01315B005F
:10540000EEE7002300F1140100F1100218465345A5
:1054100033DB20692AEAEA7A04F1140319F01F0940
:1054200001EB8A0103EB800C2BD0C9F1200E8A46D8
:105430000022186800FA09F010434AF8040B53F8E8
:10544000042B9C4522FA0EF2F3D8ACEB0403153B77
:1054500023F00303043304F11500844538BF04230B
:10546000CA500AB108F10206013E38462E612146B3
:10547000FFF7D6FD2846BDE8F08742F8040F013358
:10548000C5E7043953F8042B41F8042F9C45F9D89B
:10549000EAE700BF60BC020871BC02080A69034663
:1054A0000069801A30B50ED11433143103EB820435
:1054B00001EB820154F8045D51F8042D954203D0AC
:1054C00005D24FF0FF3030BDA342F3D3FBE70120FC
:1054D000F9E700002DE9F74F894606461146484690
:1054E0001446FFF7DBFF051E12D129463046FFF7B1
:1054F00057FD024628B93E4B40F237213D48EBF7B5
:10550000D6FE0123C0E90435104603B0BDE8F08F94
:10551000BCBF4B46A1463046D9F80410BABF1C4662
:1055200001250025FFF73CFD024618B9304B40F23B
:105530004521E3E7D9F810702669C56009F1100329
:1055400009F1140504F1140E00F1140B05EB8708A2
:105550000EEB86060193D9464FF0000C019B5EF8D6
:10556000040B53F804AF019381B21FFA8AF35B1A5C
:10557000000C6344C0EB1A4000EB23409BB243EAAB
:105580000043764549F8043B4FEA204CE6D8331BEC
:10559000153B23F0030315340433A64238BF04231C
:1055A0001D445B441E462C4644450ED308F10301BE
:1055B000491B21F00301033DA84538BF00210B44DE
:1055C00053F8041D91B117619EE754F8041BE64699
:1055D000080C1CFA81FC714400EB2C4089B241EAB2
:1055E000004146F8041B4FEA204CDDE7013FE7E7A6
:1055F00060BC020871BC02082DE973430121089EBA
:1056000090469946FFF7CCFC044630B90246244B3D
:10561000244840F20F31EBF74AFEC9F30A55C9F3AB
:1056200013030DB143F480130193B8F1000324D0A8
:1056300068460093FFF77EFDDDE90012D8B1C0F1A6
:10564000200302FA03F30B43C24063610192019B02
:10565000A361002B0CBF012202222261ADB1A5F291
:10566000334505443560C0F13500099B186020467C
:1056700002B0BDE870836161E9E701A8FFF75AFD58
:10568000019B636120300122E7E704EB8203A0F273
:10569000324030601869FFF72BFDC0EB4210E4E7A1
:1056A00060BC020871BC02080346084641B1FF2AEB
:1056B00004D98A221A604FF0FF3070470A70012027
:1056C00070472DE9F0478E681F46BE420B68824640
:1056D0000C4690462DD8B1F90C2012F4906F26D0CC
:1056E0006569096905EB4505A3EB010905EBD5756E
:1056F0007B1C4B446D109D4238BF1D46530527D57A
:105700002946FFF7AFFB064660B321694A46FEF71C
:10571000D9FBA38923F4906343F08003A38126611E
:1057200065614E44A5EB09052660A5603E46BE4274
:1057300000D93E46206832464146FEF7FEFAA3688D
:105740009B1BA3602368334423600020BDE8F087DF
:105750002A4600F077F906460028E0D12169504634
:10576000FFF7D0FA0C23CAF80030A38943F04003B6
:10577000A3814FF0FF30E9E72DE9F04F98468B8980
:105780001B069DB007460D46144610D50B6973B92C
:105790004021FFF767FB2860286130B90C233B608C
:1057A0004FF0FF301DB0BDE8F08F40236B61002348
:1057B000099320238DF82930CDF80C803023DFF8B1
:1057C0009C818DF82A304FF0010923469A4613F840
:1057D000012B0AB1252AF9D1BAEB040B0BD05B4699
:1057E000224629463846FFF76CFF013000F0A780BB
:1057F000099A5A4409929AF80030002B00F09F80D1
:1058000000234FF0FF32CDE905230AF1010A04938A
:1058100007938DF853301A935446052214F8011B50
:105820004E48F7F71DFF049AD8B9D00644BF20238D
:105830008DF85330110744BF2B238DF853309AF85D
:1058400000302A2B15D0079A544600204FF00A0C3E
:10585000214611F8013B303B092B4BD9B0B10792DF
:1058600014E0A0EB080309FA03F313430493A246E0
:10587000D2E7039B191D1B680391002BBBBF5B4242
:1058800042F0020207930793B8BF049223782E2BAD
:105890000AD163782A2B32D1039B1A1D1B6803920D
:1058A00043EAE37302340593DFF8B4A021780322BE
:1058B0005046F7F7D5FE38B1049BA0EB0A00402212
:1058C000824013430134049314F8011B25488DF8DA
:1058D00028100622F7F7C4FE002836D0224B1BBB47
:1058E000039B073323F0070308330393099B3344D7
:1058F00009936AE70CFB02320C460120A8E700235B
:105900000134059319464FF00A0C204610F8012B7C
:10591000303A092A03D9002BC6D00591C4E70CFB05
:10592000012104460123F0E703AB00932A460F4B05
:1059300004A93846FDF788FD421C0646D6D1AB893E
:105940005B063FF52DAF09982CE703AB00932A4681
:10595000064B04A93846FEF71BF8EDE7ECBD02083C
:10596000F2BD0208F6BD020849340208C356020817
:105970000CB430B5174B0C1E1D689DB008DA8B2394
:105980002B604FF0FF301DB0BDE8304002B07047D3
:105990004FF40273ADF8143014BF04F1FF33234603
:1059A000049307934FF6FF7302900690ADF81630FC
:1059B000209A21AB02A928460193FFF7DDFE431C84
:1059C000BCBF8B232B60002CDDD0029B00221A7001
:1059D000D9E700BF9004002038B5074D00230446E6
:1059E000084611462B60DEF777F9431C02D12B687D
:1059F00003B1236038BD00BF0857002038B5064DFD
:105A00000023044608462B60DFF7E0F8431C02D170
:105A10002B6803B1236038BD0857002070B5A1FB87
:105A200002543CB92946FFF71DFA064628B900265C
:105A3000304670BD0C220260F9E72A462146FEF787
:105A400096F9F5E72DE9F041804615460C4621B957
:105A5000BDE8F0411146FFF705BA2AB9FFF752F940
:105A600000242046BDE8F08100F01AF88542064681
:105A700002D8B5EB500FF4D829464046FFF7F2F9AB
:105A800007460028ECD0B5422A46214628BF3246B8
:105A9000FEF718FA21464046FFF734F93C46E0E7A6
:105AA00051F8043C181F002BBCBF0B58C01870479E
:105AB000024B0A4601461868FFF7C4BF9004002055
:105AC000024B0344587800F097007047A1BA0208CF
:105AD000024B0344587800F008007047A1BA02084E
:105AE0000EB400B59CB01DAB029006906FF0004163
:105AF000094807910491094953F8042B059100685E
:105B0000019302A9FFF738FE029B00221A701CB015
:105B10005DF804EB03B07047900400200802FFFF1B
:105B200030B50D4D044614F8013BEA5C02F0030267
:105B3000012A11F8012BA85C00F0030008BF2033F4
:105B4000012803D12032981AEDD030BD981AFCD12B
:105B5000002AE8D1F9E700BFA2BA020810B5024650
:105B6000147813460132002CFAD1013B11F8012BB5
:105B700003F8012F002AF9D110BDC9B20346184617
:105B800013F8012B12B18A42F9D17047002918BFCE
:105B90000020704770B503461E4613F8014B44B110
:105BA0004A1E01E0A54204D012F8015F002DF9D190
:105BB000F2E7301A70BD10B50139034632B111F861
:105BC000014F03F8014B013A002CF7D11A44002190
:105BD000934200D110BD03F8011BF9E738B511F06D
:105BE000FF0403460ED12146BDE83840FFF7C5BF8C
:105BF000431C054621461846FFF7BFFF0028F7D192
:105C0000284638BD0025F5E770B503461E4613F853
:105C1000014B3CB14A1E01E0A542F7D012F8015FEA
:105C2000002DF9D1301A70BD430803F05533C01A66
:105C3000830803F0333300F03330184400EB1010C6
:105C400000F00F3000EB002000EB0040000E70472A
:105C5000F8B500BFF8BC08BC9E467047F8B500BF59
:085C6000F8BC08BC9E46704729
:105C6800A0860100400D0300801A060000350C00D4
:105C780040420F0080841E0000093D0000127A0097
:105C88000024F40000366E010048E801006CDC02D4
:105C980000000000000000000000000000000000FC
:105CA80001000000030000000500000001000000E2
:105CB80001000000060000000A00000020000000AB
:105CC80002000000040000000800000010000000AE
:105CD80040000000800000000001000000020000F9
:105CE80000000000010000000200000000000000A9
:105CF80000000000F5D40008FFD40008694E000831
:105D0800470D0008710D0008390800084B08000805
:105D1800911000084B060008000000000000000079
:105D28001F100008A31100087506000800000000F5
:105D38000000000035100008611000080000000095
:105D48000000000073100008311100080000000076
:105D580000000000BF0D0008450E000857060008A7
:105D68000000000000000000431100086111000855
:105D780000000000000000007311000891110008E5
:105D8800000000000000000067130008A7130008C7
:105D98000D6900081F800008DF0A0008FD6C000874
:105DA800A56C00081D070008A94E0008C3060008D6
:105DB800C306000851980008A9970008F1060008D2
:105DC800B5DD0108BDDD0108C9DD010860F5FFFF8B
:105DD800000000000F070008C97E0108BF06000880
:105DE800FB1200087550000850F5FFFF0000000086
:105DF800F5D40008FFD40008694E0008A113000874
:105E0800B9130008390800084B08000815070008EE
:105E1800000000000000000000000000000000007A
:105E28000D6900081F80000871A10008FD6C0008BA
:105E3800A56C00080000000019680008C3060008E7
:105E4800C306000851980008A99700080000000040
:105E580000000000FB1300082114000800000000E7
:105E680000000000331400084D1400085515000800
:105E7800F1140008A11400087D160008CD170008C9
:105E88004D190008ED2300085F140008BB0800083E
:105E9800CD08000803130008EF080008CB19000814
:105EA8000000000000000000397901084D79010860
:105EB800FB2A0108FF2A0108A13D01080530010855
:105EC800953301085F790108000000000000000018
:105ED8006324000881240008E3360108FB2A01082E
:105EE800EB3601084740010813370108A9370108B4
:105EF800117A01080000000000000000CD780108B8
:105F0800DD780108FB2A0108FB2A0108213C010869
:105F1800352E0108ED2E0108DB790108000000008C
:105F2800000000003524000851240008E336010869
:105F3800FB2A0108EB36010847400108133701081E
:105F4800A9370108117A01080000000000000000CC
:105F5800EF780108FF780108FB2A0108FF2A0108E9
:105F6800BD3C0108352E0108ED2E0108DB7901083A
:105F78000000000000000000F5D40008FFD400086D
:105F8800694E00080D210008512100083908000851
:105F98004B0800080DAE000869890008FFA6000834
:105FA800656B0008616B00086D6B0008000000005D
:105FB80000000000F5D40008FFD40008694E00086E
:105FC80063210008B1210008390800084B080008BF
:105FD800495C0008698900086D5A0008656B00086B
:105FE800715E00086D5F000869600008000000002D
:105FF80000000000F5D40008FFD40008694E00082E
:106008000000000000000000390800084B080008E4
:106018000DAE000869890008CB590008656B0008B7
:1060280079560008255A000800000000DC630208C1
:10603800CC63020800000000000000000D00000012
:106048000D0000000000000000000000A57D010810
:10605800B57D0108FF2A01080D3A0108113A010827
:106068006F400108D3400108397A0108E941010865
:106078007179010800000000000000000000000025
:106088000000000001000000020000000300000002
:1060980004000000010002000400060008000A00D5
:1060A8000C001000200040008000000100000000EB
:1060B80000000000000000000000000000000000D8
:1060C80000000000010000000200000004000000C1
:1060D8000800000010000000200000004000000040
:1060E8008000000000010000000200000004000021
:1060F8000008000000100000002000000040000020
:10610800008000000200000000800040120800002B
:1061180002010000004400401207000009000000CE
:106128000038014012070000160000000038014046
:1061380012070000FFFFFFFF000000000000000042
:106148000300000000800040120800000301000066
:1061580000440040120700000A0000000038014017
:106168001207000017000000003801401207000065
:10617800FFFFFFFF0000000000000000010000001A
:1061880000800040120800000101000000440040A7
:10619800120700000C000000003801401207000040
:1061A8001300000000380140120700001C00000026
:1061B8000080004012080000FFFFFFFF0000000001
:1061C800000000000000000000440040120700002A
:1061D8000600000000800040120800000B000000CC
:1061E8000038014012070000140000000038014088
:1061F80012070000FFFFFFFF000000000000000082
:10620800FC6A0208C0A302080000000000000000A9
:106218000900000009000000320A280000001400EC
:106228000000000000000000000000001E00000048
:1062380074740208387402080000000000000000AE
:106248001100000011000000000000000000000024
:106258000000000000000000FD6A0008FF080008B8
:106268004B6A00089D730008E16A0008A9710008DC
:1062780091720008F7870008ED870008D5710008BB
:106288006972000800000000936A0008FF0800080F
:10629800876A00088D6A00080000000000000000FE
:1062A80045060008136B000800000000000000000D
:1062B800096B0008E9DE01082D9A00081B6B00082D
:1062C8009B6A0008000000005F6B00086CFEFFFF7F
:1062D80000000000F5D40008FFD40008694E00084B
:1062E8000000000000000000390800084B08000802
:1062F800EB130008259A00080000000000000000C9
:1063080000000000000000004B6A0008FF080008B9
:106318004B6A0008000000004F6A0008596A00082C
:10632800596A0008F7870008ED8700085D6A0008C9
:10633800FB08000800000000936A0008FF08000836
:10634800876A00088D6A0008041400400814044095
:106358000C11084010140C4014121010000000001A
:10636800051B0100000006000917010006002800AF
:106378000D1701002E0005001012331014103410F0
:10638800181235101D16010036002200241059116C
:106398000000000050630208C0A3020800000000CB
:1063A8000000000005000000050000006863020806
:1063B800C0A3020800000000000000000800000060
:1063C80009000000B46302089C6302088C6E02088E
:1063D80000000000041200400918012006005A00BD
:1063E8000D180140640014001014784014147C4007
:1063F80019180140840028001C12AC102010AD10A0
:106408002412AF112810B0102C10B1103012B44063
:106418003412B840000000000411001008110440B4
:106428000C1108400000000004120040081004107D
:1064380000000000041200100917010001000F00FD
:106448000C12101000000000041200400812044052
:106458000C10081000000000041400400814044048
:106468000C14084010140C400000000020640208BE
:10647800C0A30208000000000000000003000000A4
:106488000300000030640208C0A3020800000000F6
:106498000000000002000000020000003C64020846
:1064A800C0A3020800000000000000000300000074
:1064B80003000000A4640208000000005064020801
:1064C800C0A3020800000000000000000300000054
:1064D8000300000060640208C0A302080000000076
:1064E80000000000040000000400000074640208BA
:1064F800000000000518014004000C000917010005
:10650800100014000C1024100000000004100010EB
:10651800081001100C1002101010031015170100BC
:106528000400100000000000041000100810011002
:106538000C10021010110310141004101917010088
:10654800050010001C111510000000000412008046
:1065580009170100080028000C103010111701005D
:1065680031000A0000000000041200800917010031
:10657800080028000000000004120080091701002C
:10658800080028000C123040000000008C6402084B
:106598000000000004120040091601000400220057
:1065A8000D17010026000C00101434401410381088
:1065B800181039101D1801203C00080000000000C8
:1065C800041200100812011000000000C86502083B
:1065D800C0A3020800000000000000000200000044
:1065E8000200000004100010081001100C120440F2
:1065F8001012084014100C10181210401C1014101F
:106608002012184024121C40281020102C1224405C
:10661800301028103410291038102A1000000000FB
:1066280005170100000050000000000004100010D1
:10663800081204400C11084010110C400000000022
:1066480004100010081204400C12084010100C101E
:10665800151701000D001400181221101C12221029
:106668002010231000000000041000100812011070
:106678000C12021010120310141204100000000073
:1066880004100010081204400C100810000000004C
:1066980004100010081001100D2804200400110037
:1066A8000000000004100010081201100C12021063
:1066B8001012031014120410181205101C120610E0
:1066C8000000000004100010081204400C120840DA
:1066D80010120C4014121010181211101C12121063
:1066E8002010131024101410291701001500100091
:1066F8002C1025100000000004120040081204406D
:106708000C1008101010091014100A1018100B1093
:106718001C120C40201010102412144028101810BD
:106728002C10191030121C40341020103810211071
:106738003C10221000000000041000100812044051
:106748000C100810101009100000000004100010B0
:10675800081001100C1204401012084014120C40CA
:106768001810101000000000041000100812044057
:106778000C12084010100C1014100D1018100E10E8
:106788001C100F10201210102412111028101210B3
:106798002C10131030101410341015103812162045
:1067A8003C10181000000000041000100810011020
:1067B8000C1204401012084014120C101812104049
:1067C8001C1214102010151000000000C4640208E8
:1067D800000000000410001009170100010040002B
:1067E8000D17010041004000111701008100200031
:1067F8001410A1101810A2101C10A31021170100CA
:10680800A40020002410C4102810C5102D18012041
:10681800C8000C000000000005160100000022005E
:10682800081222100C1224401010281014102910DD
:1068380018102A101C102B1020102C10000000001B
:10684800051601000000220009160100220022009E
:106858000D260320460022001010AC101410AD10B5
:106868001810AE102010AF10000000000410001027
:10687800081201100C12044000000000051001006D
:106888000000010009120100010001000D120100C1
:106898000200020011120100040004001512010098
:1068A80008000100191401000C0004001D12010069
:1068B800100001002112010014000400251001003D
:1068C8001800010029110100190001002D12010012
:1068D8001A000200311001001C00010035100100EF
:1068E8001D00010039140100200004003D100100C2
:1068F8002400010041120100280004009D220340E9
:1069080030000410A11001003C000110A510010086
:106918003D000110A91201003E0001100000000016
:1069280004120040081204100C12084010100C1039
:1069380014100D1018120E101C120F102012101027
:1069480024101110281012102C12131030101410CB
:10695800341015103810161000000000DC6402080E
:1069680000000000041000100D17010001002100B4
:1069780011170100220041001517010063002100D2
:10698800181084101C12851021180120880010008E
:1069980025170100980021002812BC402C10C010B7
:1069A8000000000004100010081204400C140840F5
:1069B80010120C40181210401C12144020121840DB
:1069C80024121C10801220800000000004120040D5
:1069D800081004100C1005101010061014120840AE
:1069E80018120C401C121040201214402412184097
:1069F80028121C402C122040301224403412281037
:106A080000000000041200100810011010120440C9
:106A18001412084018120C101C12104020101410E8
:106A280024101510281016102D170100170041000A
:106A3800301058103412591038145C40000000000F
:106A48000412044408140C440C14144410141C4478
:106A580014122444000000000414044408140C44D4
:106A68000C1114441014184014121C1018121D1084
:106A78001C1420402011244024132C44281334448F
:106A88002C12384030123C403412404038124440F6
:106A98003C124C44401254444412584048125C4042
:106AA8004C126040501264405412684058126C40B6
:106AB8005C12704000000000051701000000100083
:106AC80009170100100028000D1701003800050003
:106AD800111B01003D000600141243101810441049
:106AE8001C124510211601004600220024106911CD
:106AF8000000000005120100000002000916010054
:106B08000200EC000D100100EE000100111401005C
:106B1800F000040015140100F40004001914010029
:106B2800F80004001D140100FC00040021140100F9
:106B380000010400251201100501010000000000F9
:106B4800FC640208F4640208000000000000000071
:106B5800030000000300000014650208C0A3020837
:106B68000000000000000000050000000500000013
:106B780030650208C0A30208000000000000000001
:106B8800070000000700000054650208C0A30208BF
:106B980000000000000000000400000004000000E5
:106BA80070650208C0A30208000000000000000091
:106BB800020000000200000080650208C0A302086D
:106BC80000000000000000000300000003000000B7
:106BD8009C6502089465020800000000000000009F
:106BE8000700000007000000EC650208C0A30208C7
:106BF80000000000000000000E0000000E00000071
:106C080028660208C0A30208000000000000000077
:106C1800010000000100000034660208C0A3020859
:106C28000000000000000000040000000400000054
:106C380048660208C0A30208000000000000000027
:106C4800080000000800000070660208C0A30208DF
:106C58000000000000000000050000000500000022
:106C680088660208C0A302080000000000000000B7
:106C7800030000000300000098660208BC640208D4
:106C880000000000000000000300000003000000F6
:106C9800AC660208C0A30208000000000000000063
:106CA8000700000007000000CC660208C0A3020825
:106CB80000000000000000000B0000000B000000B6
:106CC80000670208C0A302080000000000000000DE
:106CD8000F0000000F00000040670208C0A3020870
:106CE8000000000000000000040000000400000094
:106CF80054670208C0A3020800000000000000005A
:106D0800060000000600000070670208C0A3020821
:106D180000000000000000000F0000000F0000004D
:106D2800B0670208C0A302080000000000000000CD
:106D38000800000008000000DC670208D4670208A9
:106D480000000000000000000B0000000B00000025
:106D5800406D0208286D0208106D0208F86C0208E0
:106D6800E06C0208C86C0208B06C0208986C020853
:106D7800806C0208686C0208506C0208386C0208C3
:106D8800206C0208086C0208F06B0208D46502083F
:106D98000000000020680208C0A3020800000000EC
:106DA800000000000800000008000000C0A302085E
:106DB800C0A302080000000000000000000000005E
:106DC8000000000048680208C0A302080000000094
:106DD80000000000070000000800000074680208B6
:106DE800C0A302080000000000000000030000002B
:106DF8000300000084680208C0A302080000000025
:106E080000000000140000006A0000002869020861
:106E1800C0A3020800000000000000000E000000EF
:106E28000E0000006C690208646902080000000096
:106E3800000000000A0000000B000000AC69020816
:106E4800C0A30208000000000000000009000000C4
:106E580020000000D4690208C0A302080000000056
:106E6800000000000D0000000D0000000C6A020880
:106E7800C0A3020800000000000000000D00000090
:106E88000E000000486A0208C0A3020800000000C3
:106E9800000000000500000005000000606A02080C
:106EA800C0A3020800000000000000001700000056
:106EB80017000000C06A0208C0A302080000000012
:106EC800000000000900000009000000786B0208BB
:106ED800606B0208486B02080000000004120040C2
:106EE800081204100C1206201010081014100910B3
:106EF80018120C401C12101020101110241012101F
:106F0800281213102C121410311801101600160034
:106F1800351801102D001400391601004200120026
:106F28003D18014058002800401280104412844047
:106F3800481088104C12891000000000C06B02082D
:106F4800A86B0208906B0208B46D0208B46D0208C1
:106F580000000000051201400400040009140100AB
:106F6800080004000D1201000C00010011170100B7
:106F78000D0090012D380120A00138003138012082
:106F8800A001300035380120A00140003938012027
:106F9800A00101003D380120A0010100000000000F
:106FA800051701000000E4000812E440000000009A
:106FB8000517010000003C00093601203E00B6011B
:106FC8000D3701203E00B30111100100F40101004A
:106FD800000000000517010000001200081214400C
:106FE8000C1018101010191014101A1018101B106B
:106FF8001C121C10201220402412241028102510C6
:107008002C10261030122840000000000412001036
:10701800081202200C12042011160100060082003A
:107028000000000004110010081201100C120210D8
:107038001012044000000000D86B02080000000095
:107048000411001009180130040044000C12481003
:1070580000000000053801400400D4000938014050
:10706800040018000D38014004001C0011380140CC
:10707800040014001538014004000C0019380140C0
:10708800040024001D380140040028002138014074
:107098000400070025380140040048002938014051
:1070A80004000C002D38014004000500313801406F
:1070B800040024003538014004001000393801402C
:1070C800040050003D38014004002C0041380140C4
:1070D8000400020000000000051701000000800104
:1070E80009140100800104000D170100840120002B
:1070F80011120100A401010000000000746E0208D2
:107108005C6E0208446E02082C6E0208146E0208B7
:10711800FC6D0208E46D0208CC6D0208B46D02082B
:10712800E87202089C6D0208000000000538018022
:10713800080060000938018008002C000D38018023
:1071480008002800113801800800C40015380180A3
:107158000800180019380180080040001D38018017
:1071680008000800213801800800B0002538018097
:10717800080001002938018008008C002D380180A2
:107188000800300000000000BC6E0208A46E02086F
:107198008C6E0208000000000512010000000400C7
:1071A8000918012006006A000D18014074007400D7
:1071B80011140100E800040015140100EC0004009B
:1071C80019180140F40028001D1201001C010100DB
:1071D800211001001D010100251201101F010100ED
:1071E80029100100200101002D10010021010100DA
:1071F80031100100220101003510010023010100B6
:107208000000000004120040201204402C12084024
:10721800311601000C001200351701001E0028006D
:10722800381246103C12482000000000086202088C
:10723800000000000514010000000400091401000A
:10724800040004000D12010008000100113801209B
:107258000C000801153601200C0002011914010068
:10726800140104001D140100180104002114010078
:107278001C01040025120100200101002910010051
:10728800210101002D12010022010100311101002C
:107298002401040035120100280101003910010001
:1072A800290101003D1201002A01010041160100D7
:1072B8002C012200451001004E0101004912010075
:1072C800500104004D120100540104005112010044
:1072D80058010400551201005C0101000000000083
:1072E800E46E0208D46E02080000000000000000EE
:1072F80013000000130000005C6F0208446F0208CE
:107308000000000000000000090000000F0000005D
:10731800A86F0208C0A302080000000000000000D7
:107328000200000002000000B86F0208C0A30208B3
:10733800000000000000000004000000040000003D
:10734800DC6F0208C0A30208000000000000000073
:107358000C0000000C00000014700208C0A3020812
:10736800000000000000000004000000040000000D
:107378002C700208C0A302080000000000000000F2
:107388000400000004000000487002084070020871
:1073980000000000000000000300000003000000DF
:1073A8005C700208586D0208000000000000000030
:1073B8001000000010000000E0700208C0A30208DE
:1073C80000000000000000000400000004000000AD
:1073D8003471020804710208000000000000000077
:1073E8000B0000000B000000A07102089071020859
:1073F80000000000000000000D0000000D0000006B
:107408000C720208C0A3020800000000000000007F
:10741800070000000F0000003C72020834720208E6
:10742800000000000000000015000000150000002A
:107438002074020808740208F0730208D87302085E
:10744800C0730208A87302089073020878730208D0
:107458006073020848730208307302081873020840
:1074680000730208E872020800000000051201001B
:107478000000040009380140080060010D3801408F
:1074880008004C001138014008002401153801405B
:107498000800D000193801400800A8011D32014039
:1074A800080004002130014008000100253801408F
:1074B8000800D8002938014008004C002D38014048
:1074C80008000800313801400800880035380140BC
:1074D80008002C00393801400800F6013D38014009
:1074E8000800E800413801400800E0014538014043
:1074F80008008C00000000000000000000000000F0
:1075080000000000000000000000000090120020B1
:1075180000000000000000009F390008B53900088D
:10752800150A00083D0A00080000000000000000DD
:10753800773900088D390008D7090008EF090008D5
:1075480000000000000000004F39000865390008FD
:107558008B090008AD090008581E00200000000033
:1075680000000000735200085B530008030900087C
:107578000000000000000000F5D40008FFD4000857
:10758800694E0008000000000000000039080008EB
:107598004B080008EB130008000000000000000082
:1075A80000000000F552000843530008FD6A000877
:1075B800FF080008611C00089D730008E16A0008C4
:1075C800A971000891720008C11A0008CD1B0008B3
:1075D800D5710008697200085B1F0008936A0008EB
:1075E800771C0008876A00088D6A0008D124000803
:1075F800A11D0008E51C0008F11D0008A91D0008D0
:10760800891C0008096B0008E9DE01082D9A0008AA
:10761800090B00089B6A0008091F00082B1F0008B7
:107628006CFEFFFF00000000F5D40008FFD400083E
:10763800694E00083D5300085553000839080008F2
:107648004B080008EB130008259A0008000000000A
:1076580000000000E5790108FF790108E336010818
:10766800FB2A0108EB3601084740010813370108D7
:10767800A9370108117A0108000000000000000085
:107688000000000000000000FB2A010800000000C4
:1076980000000000352E0108ED2E0108DB790108F5
:1076A8000000000000000000157901082379010896
:1076B800FB2A0108FF2A0108833D0108053001085B
:1076C8006D6B00083579010800000000000000001B
:1076D80000000000000000000000000000000000A2
:1076E8000000000000000000000000000000000092
:1076F8000000000000000000D80A00200000000080
:1077080000000000870F00080D1000089D08000801
:107718000000000000000000EF0E0008750F0008D0
:107728007F0800080000000000000000570E000855
:10773800DD0E0008610800080000000000000000DD
:10774800F5D40008FFD40008694E0008A10D000810
:10775800AD0D0008390800084B080008F55100086D
:107768000000000000000000F5D40008FFD4000865
:10777800694E0008830D00088F0D000839080008BD
:107788004B0800083D07000800000000000000004A
:1077980000000000000000000000000000000000E1
:1077A80000000000000000000000000000000000D1
:1077B80000000000000000000000000000000000C1
:1077C80000000000000000000000000000000000B1
:1077D80000000000000000000000000000000000A1
:1077E8000000000000000000000000000000000091
:1077F80000000000000000000000000035710008D3
:107808005B710008FD6A0008FF080008611C000899
:107818009D730008E16A0008A971000891720008C8
:1078280035880008CD1B0008D5710008697200086A
:107838005B1F0008936A0008771C0008876A000825
:107848008D6A0008D1240008A11D0008E51C000865
:10785800F11D0008A91D0008891C0008096B000813
:10786800E9DE01082D9A0008090B00089B6A000848
:10787800091F00082B1F00086CFEFFFF0000000016
:10788800F5D40008FFD40008694E000855710008B7
:107898006D710008390800084B080008EB13000850
:1078A800259A00080000000000000000F5D4000838
:1078B800FFD40008694E00081D74000831740008E0
:1078C800390800084B080008495C00086989000865
:1078D800119B0008656B0008819B0008E1A4000863
:1078E80069600008AC7F0208C0A30208000000001D
:1078F800000000000100000001000000000000007E
:107908000000000061770008757700084506000848
:107918002F09000821090008250900083F09000867
:10792800FF080008270900082B09000800000000CC
:107938000000000087770008B977000845060008AE
:107948002F090008D99E0008579F00083F09000822
:10795800FF080008270900082B090008E5BA0008F5
:10796800BB6B0008000000000000000000000000E1
:1079780000000000450600082F090008D99E0008ED
:10798800579F00083F090008FF080008270900085A
:107998002B09000800000000BB6B00080000000075
:1079A800000000000000000000000000450600087C
:1079B8002F0900086F9F0008B79F00083F090008BB
:1079C800FF080008270900082B090008000000002C
:1079D800BB6B0008000000000000000041780008B0
:1079E80063780008450600082F09000821090008E7
:1079F800250900083F090008FF08000827090008B2
:107A08002B09000809E10108E8FFFFFF000000005A
:107A1800F5D40008FFD40008694E00085D78000816
:107A280075780008390800084B08000811B00008EC
:107A380000000000000000007B780008AF78000814
:107A480045060008E56B000885CF000825090008F1
:107A58003F090008FF08000827090008BB7600084E
:107A680065E20108E8FFFFFF00000000F5D4000808
:107A7800FFD40008694E0008A9780008C1780008FA
:107A8800390800084B08000869CF0008000000000A
:107A9800000000000000000000000000450600088B
:107AA8002F090008F79F00083FA000083F090008B9
:107AB800FF080008270900082B090008000000003B
:107AC800BB6B00085C7F0208547F020800000000BE
:107AD800000000000800000009000000010000008C
:107AE80000806144000068440000C8421E00000095
:107AF800A88102089AA80208020000000080D84362
:107B08000000D943000020410A000000A8810208B3
:107B18009DA80208030000009A5959449A695944DB
:107B2800000020411B00000094810208A4A802085C
:107B3800040000000000EB430000FF430000C842BF
:107B480013000000A8810208ABA802080500000085
:107B58000020664400E066440000C8420D000000B2
:107B6800A8810208AEA802080600000000C064440C
:107B7800000068440000C8421E000000A8810208F6
:107B8800B1A80208160000006686D8431F65D943CD
:107B98000000C8420E000000A8810208B5A802082B
:107BA80009000000CD2C5944CD4C59440000C8426E
:107BB80014000000A8810208BDA802080700000000
:107BC8000000664400C066440000C8421700000078
:107BD800A8810208C0A80208080000000000664446
:107BE800004067440000C8421B000000A88102084A
:107BF800C3A802080A0000000040584400C05844C6
:107C08000000C8421E000000A8810208C6A8020899
:107C18000B00000000005844000059440000C8420E
:107C280024000000A8810208C9A802080C0000006E
:107C380000006644004067440000C842100000008D
:107C4800A8810208D0A802080E0000000080D843CE
:107C58009A59D943000020410A000000A88102086F
:107C6800D3A802080F0000000000594466265944B2
:107C78000000803F0E000000A8810208DAA8020870
:107C8800100000000080D8430080D9430000C8429B
:107C980014000000A8810208E1A8020811000000F1
:107CA80000C06544000067440000C8421B01000092
:107CB800A8810208E8A802081200000000406544F4
:107CC800004067440000C84214000000A881020870
:107CD800EFA80208130000000080D8439A59D9433E
:107CE8000000C8420A000000A8810208F6A802089D
:107CF80014000000000059449A5959440000C84231
:107D08000E000000A8810208FDA802081500000066
:107D180000C06444008065440000C84218000000A8
:107D2800A881020804A90208170000009A89D8430C
:107D38003363D9430000C8420A000000A881020842
:107D48000BA902081800000000C05744000059445D
:107D58000000C8421E000000A881020812A90208FB
:107D68001900000000405844000059440000C8426F
:107D78001E000000A881020819A902081A000000C4
:107D88000080614400E062440000C8421E00000018
:107D9800A881020820A902080D000000000016456D
:107DA80000381B450000C8420A000100A8810208EB
:107DB80027A9020800000000008061440000684410
:107DC8000000C8421E000000808102082FA9020896
:107DD800010000000000000000000000000000009A
:107DE8000000000000000000020000000100000088
:107DF800000000000000000000000000000000007B
:107E08000400000000000000010000000000000065
:107E1800000000000000000000000000000000005A
:107E2800000000000000000000000000000000004A
:107E38000700000006000000FFFFFFFFFFFFFFFF35
:107E4800FFFFFFFFF0810208DC810208000000004C
:107E5800000000000600000007000000BD6B0008DD
:107E6800BD6B0008C96B0008C96B0008D96B000816
:107E7800D96B0008000000000000000000000000AE
:107E880000000000000000000000000000000000EA
:107E980000000000000000000000000000000000DA
:107EA80000000000000000000000000000000000CA
:107EB80000000000000000000000000000000000BA
:107EC8000000000000000000947F0208C0A3020820
:107ED8000000000000000000030000000300000094
:107EE8003881020824810208000000000000000018
:107EF800060000000600000000000000000000006E
:107F0800B1120008CD120008BF060008C306000819
:107F180004120111081404420C120C4410121444E7
:107F280014121C44281224442C122C4430123444B9
:107F380000000000187F0208C0A30208000000002B
:107F480000000000080000000C0000003C7F020850
:107F580000000000051701000000200009160100BC
:107F6800200022000C124440101248401918014009
:107F7800500038001C128840211601008C001200A5
:107F8800251701009E000800000000000412008070
:107F980009160100080022000D1601002A0022001F
:107FA80000000000051701000000E70000000000C5
:107FB80090730208000000000528084004004C00E7
:107FC80009120100640204000000000005180140C5
:107FD8000400D40009180140DC0018000D18014005
:107FE800F8001C0011180140180114001518014070
:107FF80030010C0019180140400124001D180140EF
:1080080068012800211201009001040025180110C0
:1080180095010700291801209E0148002D1801200C
:10802800E8010C0031180110F50105003518012090
:10803800FC01240039180140240210003D180110E9
:10804800350250004118013088022C0045180110F3
:10805800B502020000000000746E02085C6E02089F
:10806800446E02082C6E0208146E0208FC6D0208A9
:10807800E46D0208CC6D02089C6D02080000000047
:1080880005180140040060000918014068002C0030
:108098000D1801409800280011180140C400C400C0
:1080A800151801408C01180019180140A80140005A
:1080B8001D180140EC01080021120100F401040020
:1080C80025180120FA01B00029180120AC0230005F
:1080D80000000000C07F0208B87F0208000000000E
:1080E800000000000200000002000000D47F020827
:1080F800586D020800000000000000001100000098
:10810800110000008880020860800208000000005A
:10811800000000000A0000000A0000000C810208AC
:10812800F4800208DC800208BC6E0208000000002F
:1081380005120100000004000914010004000400F5
:108148000D1801801000E00211180140F402B80275
:1081580015180140B0056802191801201A086A00AC
:108168000000000000FF00010304050607FF0001EE
:1081780003040506070809FF6C81020800000000D7
:108188000000000001000000000000006E810208ED
:1081980000000000000000000000000000000000D7
:1081A80076810208000000000000000001000000C5
:1081B800000000000412004000000000BC8102081A
:1081C800C0A3020800000000000000000100000039
:1081D800010000002074020860730208307302086E
:1081E800C481020800000000053801400400600155
:1081F8000D32014004000400113001400400010068
:108208001538014004008800193801400400F601BF
:108218001D380140040004000000000000000000B8
:1082280000000000C7780008EB7800084506000841
:108238002F090008F79F00083FA000083F09000821
:10824800FF080008270900082B090008037900081F
:10825800BB6B0008A5DE0108E0FFFFFF000000007F
:10826800F5D40008FFD40008694E0008E578000836
:10827800FD780008390800084B080008B3760008A4
:108288000000000000000000CB770008E17700083C
:10829800450600082F0900086F9F0008B79F0008CF
:1082A800E9B20008FF0800082709000837B00008ED
:1082B800C7740008BB6B0008000000000000000045
:1082C8009D6D0008216E00080D6C00083AA4020894
:1082D800B6A7020800000000000000007374000840
:1082E80089740008EB6C0008F56C000878A6020891
:1082F800260B0020000000006410B71DC8206E3B4C
:10830800AC30D9269041DC76F4516B6B5861B24D94
:108318003C7105502083B8ED44930FF0E8A3D6D6FE
:108328008CB361CBB0C2649BD4D2D38678E20AA066
:108338001CF2BDBD0000000000000000CDD90008FF
:1083480009DA00089DD200080000000000000000C3
:10835800E1D900081BDA0008F967000800000000EE
:1083680000000000F5D900082DDA00089DD30008A8
:10837800DC8C0208D48C0208000000000000000019
:1083880004000000040000000000000000000000DD
:10839800F5D40008FFD40008694E0008DFDA0008A9
:1083A80005DB0008390800084B08000877E50008D5
:1083B800000000000000000017DB000857DB000881
:1083C80045060008BBD2000863DC0008ABDC0008E7
:1083D80075FA0008FF080008270900082B0900089B
:1083E80085DA00085FDA000835E30108E0FFFFFFDF
:1083F80000000000F5D40008FFD40008694E00080A
:1084080051DB000869DB0008390800084B08000840
:1084180057DA00080000000000000000000000001B
:1084280000000000450600082F09000863DC00086A
:10843800ABDC00083F090008FF080008270900080E
:108448002B09000800000000BB6B000800000000BA
:1084580000000000000000000000000045060008C1
:108468002F09000873DD0008BBDD00083F0900087C
:10847800FF080008270900082B0900080000000071
:10848800BB6B00080000000000000000F5D40008E5
:10849800FFD40008694E000897DB0008D3DB00080A
:1084A800390800084B080008E1FD0008FF0800082B
:1084B80035E60108B5E60108D0FFFFFF000000001F
:1084C800CDDB0008E5DB0008450600082F09000899
:1084D800FBDD000879DE00089BFD0008BBD300081F
:1084E800270900082B0900088DE60008BB6B000867
:1084F8000000000000000000000000000000000074
:10850800450600082F090008FBDD000879DE000891
:108518003F090008FF080008270900082B09000880
:1085280000000000BB6B0008000000000000000015
:10853800EBDB000815DC000845060008E56B0008C1
:10854800DFE20008250900083F090008FF080008C5
:10855800270900082B09000800000000000000009F
:1085680027DC000851DC0008450600082F09000830
:1085780071E30008250900083F090008FF08000802
:10858800DDD300082B090008A8890208C0A3020847
:1085980000000000000000000400000004000000CB
:1085A80000000000000000008BE20008C7E200089D
:1085B800450600082F090008EBDC000833DD000839
:1085C800651B0108FF080008270900082B09000897
:1085D800C5F6000809E200085DE60108E0FFFFFFB4
:1085E80000000000F5D40008FFD40008694E000818
:1085F800C1E20008D9E20008390800084B08000861
:108608004DFB000800000000000000000000000012
:1086180000000000450600082F090008EBDC0008F0
:1086280033DD00083F090008FF0800082709000893
:108638002B09000800000000BB6B00082C0100009B
:1086480058020000B004000060090000C0120000D9
:1086580080250000004B00000096000000E10000AB
:1086680000C20100008403000008070000CA0800D7
:1086780000100E00000000000100000002000000D1
:1086880003000000040000000500000006000000D0
:108698000700000008000000090000000A000000B0
:1086A8000B0000000C0000000D0000000E00000090
:1086B8000F0000001000000012000000130000006E
:1086C800140000001500000016000000170000004C
:1086D800180000001C0000002D0000002E00000003
:1086E8002F000000330000000A0000000B0000000B
:1086F8000C0000000D0000000E0000000F0000003C
:10870800110000001200000013000000000000002B
:108718000000000001E5000815E50008450600080E
:10872800E9D2000845E400082509000835E40008F6
:10873800FF080008270900082B09000800000000AE
:108748000000000027E500085FE500080D69000843
:108758001F80000871A10008FD6C0008A56C0008C6
:10876800F7D2000819680008C3060008C306000805
:1087780051980008A99700089DE3010860F5FFFFDC
:1087880000000000F5D40008FFD40008694E000876
:1087980059E5000871E50008390800084B08000889
:1087A8002DE400085C8C0208388C020800000000E8
:1087B8000000000009000000090000000700000098
:1087C80000300140120500000701000000000158B8
:1087D800020D00000A0000000038004012050000E9
:1087E8000C000000003001401205000015000000D8
:1087F8000030014012050000FFFFFFFF00000000ED
:1088080000000000050000000038004012030000CE
:1088180006000000003001401205000006010000BB
:1088280000000158020D00000B000000003001405C
:10883800120500001400000000300140120500007D
:10884800FFFFFFFF00000000000000000100000023
:108858000030014012050000050000000030014012
:10886800120500000501000000000158020D00007B
:108878000800000000380040120500000900000050
:1088880000380040120500001300000000300140CD
:1088980012050000FFFFFFFF0000000000000000BD
:1088A800040000000030014012050000040100002F
:1088B80000000158020D00000900000000380040C7
:1088C800120300000F0000000030014012050000F4
:1088D8001200000000300140120500001C000000DA
:1088E8000038004012050000FFFFFFFF00000000F5
:1088F800000000000000004800040048000800488C
:10890800001C00480000000000000000DB1C0108FB
:108918004B1D0108450600082F09000891DE0008D4
:10892800D9DE00089BE10008BFD30008D9D30008AE
:108938002B090008D5CE0008631D010855E701087A
:10894800D4FFFFFF00000000F5D40008FFD40008A2
:10895800694E0008451D01085D1D01083908000819
:108968004B080008852201080000000000000000F4
:108978000000000000000000450600082F0900085C
:1089880091DE0008D9DE00083F090008FF0800084A
:10899800270900082B09000800000000BB6B00082D
:1089A80005240840040004000921082026000100CD
:1089B8000D24082030000400112108205200010075
:1089C8000000000004120040081204400C12084085
:1089D80010120C4014121040181214401C121840A7
:1089E8000000000005120100000004000912010047
:1089F800080008000D120100100008001112018083
:108A0800200008001512018030000800191201002A
:108A1800380002001D1201003A0002002112010074
:108A28003C000200251701103F00C80000000000AC
:108A380004120111081203110C140844000000006C
:108A480004120040081404400C14084010120C4092
:108A580014121040181214401C12182020121A2048
:108A680024121C40281220402C1224403012284086
:108A780034122C40381230203C11344000000000E1
:108A88000414044408140C440C14144410141C4416
:108A98001414244418142C441C14344420143C4446
:108AA8002414444428144C442C14544430145C4476
:108AB8003414644438146C443C14744440147C44A6
:108AC800000000000412044408120C440C12144460
:108AD80010121C441412244418122C441C1234443E
:108AE80020123C442412444428124C442C1254446E
:108AF80030125C443412644438146C443C1474449A
:108B080040147C444414844448148C444C129444C7
:108B180050129C445414A4445814AC445C14B444F7
:108B28006014BC446414C4440000000004140444E9
:108B380008140C440C14144410141C441414244435
:108B480018142C441C123222201438442414404493
:108B5800281448442C1450443014584434125E22CB
:108B6800381464443C146C444014744444147C44E5
:108B7800481484444C148C4450149444541299114D
:108B880058149C4200000000CC890208C0A30208C7
:108B980000000000000000000700000007000000BF
:108BA800EC890208C0A302080000000000000000D1
:108BB8000900000009000000388A0208C0A3020862
:108BC8000000000000000000030000000300000097
:108BD800488A0208C0A30208000000000000000044
:108BE8000F0000000F000000888A0208C0A30208D6
:108BF800000000000000000010000000100000004D
:108C0800CC8A0208C0A3020800000000000000008F
:108C18001900000019000000348B0208C0A30208E4
:108C28000000000000000000160000001600000010
:108C38008C6E0208208C0208088C0208F08B02084F
:108C4800D88B0208C08B0208A88B0208908B0208F8
:108C5800000000000514010000000400093801406C
:108C6800080028000D3801400800A0001138014014
:108C78000800C80015380140080080001938014074
:108C8800080038001D38014008000C002138014058
:108C9800080008012538014008001C0000000000F9
:108CA80004120040081404400C14084010120C4030
:108CB80000000000A88C0208C0A302080000000001
:108CC800000000000400000004000000BC8C020842
:108CD8000000000004120040081204400C12084072
:108CE80011280A40100010000000000000000000D9
:108CF80000000000E5D300083FDA0008000000008B
:108D0800000000006FDB000885DB0008450600084E
:108D18003B09000873DD0008BBDD0008E5D2000848
:108D2800FF080008270900082B09000855FB000860
:108D3800BB6B000895E30008FFFFFFFF0000000081
:108D48008001000080010000637C777BF26B6FC5B7
:108D58003001672BFED7AB76CA82C97DFA5947F036
:108D6800ADD4A2AF9CA472C0B7FD9326363FF7CC12
:108D780034A5E5F171D8311504C723C31896059AAF
:108D8800071280E2EB27B27509832C1A1B6E5AA0D2
:108D9800523BD6B329E32F8453D100ED20FCB15BBD
:108DA8006ACBBE394A4C58CFD0EFAAFB434D338526
:108DB80045F9027F503C9FA851A3408F929D38F5FA
:108DC800BCB6DA2110FFF3D2CD0C13EC5F97441731
:108DD800C4A77E3D645D197360814FDC222A9088A8
:108DE80046EEB814DE5E0BDBE0323A0A4906245C34
:108DF800C2D3AC629195E479E7C8376D8DD54EA999
:108E08006C56F4EA657AAE08BA78252E1CA6B4C664
:108E1800E8DD741F4BBD8B8A703EB5664803F60EBD
:108E2800613557B986C11D9EE1F8981169D98E94AC
:108E38009B1E87E9CE5528DF8CA1890DBFE64268C5
:108E480041992D0FB054BB1652096AD53036A53852
:108E5800BF40A39E81F3D7FB7CE339829B2FFF871A
:108E6800348E4344C4DEE9CB547B9432A6C2233DFE
:108E7800EE4C950B42FAC34E082EA16628D924B2AF
:108E8800765BA2496D8BD12572F8F66486689816D0
:108E9800D4A45CCC5D65B6926C704850FDEDB9DA2F
:108EA8005E154657A78D9D8490D8AB008CBCD30A1D
:108EB800F7E45805B8B34506D02C1E8FCA3F0F02F9
:108EC800C1AFBD0301138A6B3A9111414F67DCEAC8
:108ED80097F2CFCEF0B4E67396AC7422E7AD358541
:108EE800E2F937E81C75DF6E47F11A711D29C5894B
:108EF8006FB7620EAA18BE1BFC563E4BC6D279202D
:108F08009ADBC0FE78CD5AF41FDDA8338807C73135
:108F1800B11210592780EC5F60517FA919B54A0D2D
:108F28002DE57A9F93C99CEFA0E03B4DAE2AF5B0A2
:108F3800C8EBBB3C83539961172B047EBA77D626BE
:108F4800E169146355210C7D001B362D6C775A415D
:108F58000001020408102040801B3600982F8A4226
:108F680091443771CFFBC0B5A5DBB5E95BC2563973
:108F7800F111F159A4823F92D55E1CAB98AA07D88B
:108F8800015B8312BE853124C37D0C55745DBE72AE
:108F9800FEB1DE80A706DC9B74F19BC1C1699BE42E
:108FA8008647BEEFC69DC10FCCA10C246F2CE92DBE
:108FB800AA84744ADCA9B05CDA88F97652513E98E2
:108FC8006DC631A8C82703B0C77F59BFF30BE0C6E9
:108FD8004791A7D55163CA0667292914850AB72777
:108FE80038211B2EFC6D2C4D130D385354730A6514
:108FF800BB0A6A762EC9C281852C7292A1E8BFA2EB
:109008004B661AA8708B4BC2A3516CC719E892D152
:10901800240699D685350EF470A06A1016C1A419D5
:10902800086C371E4C774827B5BCB034B30C1C39D4
:109038004AAAD84E4FCA9C5BF36F2E68EE828F7493
:109048006F63A5781478C8840802C78CFAFFBE90AD
:10905800EB6C50A4F7A3F9BEF27871C601000000CA
:1090680002000000040000000800000010000000DA
:109078002000000040000000800000000001000007
:1090880000020000000400000008000000100000BA
:1090980000200000004000000080000002010403DE
:1090A8000204081004004000000422FB120011030F
:1090B80021001106210322021406110B120B110EB6
:1090C800120E11141116220B13152111240D21143F
:1090D8002116221523154113411433145213611616
:1090E800521653166316641674165000B000180111
:1090F8007801B0021803C8053006300C980C01013D
:10910800000001000100000001000100000F06033B
:1091180000122436480416283A4C081A2C3E0C1E15
:1091280030421022344601132537490517293B4D93
:10913800091B2D3F0D1F31431123354702142638D3
:109148004A06182A3C4E0A1C2E400E2032440315AB
:1091580027394B07192B3D4F0B1D2F410F21334545
:1091680000000000000000000000000000000000F7
:1091780000000000000000000000000000000000E7
:1091880001000000000000000000000000000000D6
:1091980000000000000000000000000000000000C7
:1091A800E0EB7A7C3B41B8AE1656E3FAF19FC46A0D
:1091B800DA098DEB9C32B1FD866205165F49B8006D
:1091C8005F9C95BCA3508C24B1D0B1559C83EF5BB8
:1091D80004445CC4581C8E86D8224EDDD09F11579B
:1091E800ECFFFFFFFFFFFFFFFFFFFFFFFFFFFFFF9A
:1091F800FFFFFFFFFFFFFFFFFFFFFFFFFFFFFF7FF7
:109208000000000000000000000000000000000056
:109218000D6900081F80000871A10008FD6C000896
:10922800176800080000000019680008C306000855
:10923800C306000800000000000000000000000055
:109248000000000000000000000000000000000016
:109258000000000000000000000000000000000006
:1092680000000000000000000000000000000000F6
:1092780000000000000000000000000000000000E6
:1092880000000000000000000000000000000000D6
:1092980044A1020838A102080000000000000000F4
:1092A80003000000030000000000000000000000B0
:1092B800E7D30008510A0108BF060008250601087F
:1092C800FFD3000893070108B1070108217F0108AF
:1092D800437F0108F89E0208F09E02080000000083
:1092E800F1220008020000000200000030211203F1
:1092F8001203302103122130213003124370340746
:10930800251652615261251634074370073470439D
:10931800615216251625615270430734340743708D
:10932800526125162516526143703407704307347D
:10933800162561526152162507347043000000005B
:1093480000000000F5D40008FFD40008A5F50008C7
:109358000000000000000000F5D40008FFD4000859
:10936800694E0008000000000000000039080008ED
:109378004B0800080000000000000000000000008A
:10938800F5D40008FFD40008B9F500080000000073
:109398009C9E0208809E0208000000000000000059
:1093A8000A0000000E00000000000000000000009D
:1093B8000000000000000000450600080000000052
:1093C80021090008250900083F090008FF080008CE
:1093D800270900082B0900080000000000000040D1
:1093E800128100000100000000000040120101008D
:1093F800020000000000004012810100030000008C
:1094080000000040120102000500000000000040BA
:10941800128100000600000000440140128E000086
:1094280007000000002C0140128110000701000015
:1094380000480140128E000008000000002C014086
:109448001281000009000000002C014012010100F7
:109458000A000000002C0140128101000B000000EE
:10946800002C0140120102000F0000000000004023
:1094780012810000130000000000004012010100EA
:109488001600000000440140128E10001700000072
:1094980000480140128E100018000000002C014006
:1094A800120111001801000000440140128E000052
:1094B800FFFFFFFF000000000000000000000000A8
:1094C80000000000C5060008C97E0108BF060008A4
:1094D800C3060008F14E00085E10D20F960F320F37
:1094E800D80E880E2E0ECA0D5C0DE40C1C0C000064
:1094F80000000000000000002162000800000000D9
:109508000000000000000000000000000000000053
:109518000000000000000000000000000000000043
:109528000000000000000000000000000000000033
:109538000000000000000000000000000000000023
:109548000000000000000000000000000000000013
:109558000000000000000000000000000000000003
:1095680000000000000000000000000000000000F3
:1095780000000000000000000000000000000000E3
:1095880000000000000000000000000000000000D3
:1095980000000000000000000000000000000000C3
:1095A800000000000000000000000000F47ECC175E
:1095B800E6B4A322ECEED9084F3963EA8075E124BA
:1095C800CE05366963B2CBC028D3348B5A9EA2A687
:1095D8008AA666C15F550064A3A6FE71C0BB82C39C
:1095E800323D7A7AE36EFDDDAD3A66B9B3DF3B2EE4
:1095F80067B6D5F8DF762C455E2EBD16C5F867AA86
:1096080015F8920BDF5A6650AC0DBB2F3B8F863A8C
:10961800381F7739A94EEF91185A62E1AA9D36EAA8
:10962800CE60358D9D1FF4B8C9136A5D367E2DE175
:10963800845F425229110A2564546A6BFDB665FF9E
:10964800151A5171224057F6919B64581677EBA46E
:109658005291FB26CF8FD7D9D15DC4687375EDC5FC
:109668009558EE9056D42F3129F78C1F318CA95E6E
:10967800ED3C12BF979C478E989DC23E8623902949
:10968800C8B020F8B1B0AA192ACF0A54A48A990EF2
:1096980051DC1220F313F52B3AE24342C65298CD1F
:1096A800BBCAB131A0D4D630F327FB49D23F138DC2
:1096B80022048D075958A0F955CF30A02E2FCA8003
:1096C80020E4DEA1ADD958B3432B22704041EC6AA7
:1096D800D2D603E49A9EBD6C0A9B75A4BCAB6FA757
:1096E80095FF2DF6E9B9AB4C0C1CD03B2249322B27
:1096F80000F922FA1702E96482F04D1BC704FCDC6A
:109708008C5EB6D916D637CE59AA0949486F1E4875
:10971800978864ACE8EB30A3C3E1CF9739A6555BD3
:109728005FBF18B73ADFA875E79DE01E09B4E26D80
:109738002898C9476646BFFF581791AAC3BF4A9DD4
:109748000B88B1F103DD61D7BA9E6498393984E09A
:10975800222F7D78451872B413D2012F3CA1B0FE98
:1097680039D0F13C72D6EF54D57722A00ADA5FECF3
:10977800FF5CC02E5FC48D03E58059D35D4986E93F
:109788008DF6F616353DF99B29559E640856F0D797
:10979800EF77D6111C8F952D3CDFB122BF609BE57A
:1097A800A9C06E4B01DCD15744B2A5CF2CB2778546
:1097B800D6B7489CFEBC802660F46DCE1131A21E3F
:1097C800330A6D2B00FA0C90958F5C6BFA59C86EB2
:1097D80094EE75C99AB0FE893640C9994A3BF4AAF5
:1097E8001224A20FF9D108CB7819AAE56E427A4A59
:1097F8008C616222A189D3A4C219A38353A77A0AD0
:1098080089E25452623DE7CA8CF66A6020272FBA73
:109818000C99D729F31135899D0E24A1C3CBDF8A72
:10982800F1C6FED0D79F92D68F59BFE49170B47C11
:10983800FBFFA0596A251CA99EE943815D74B1B15B
:109848000928004AAFE3FCA94E27764C85FE7CEC3C
:10985800B67874C3ECE1327FB0B70274F923D8E765
:10986800FA14E6EE6644B18CA52F7ED28E66657B2F
:109878003B6F7ECC57B457EACC83F5AAF765A3CEE5
:10988800937213C1B6467B2945B5C893CC11FB1A10
:10989800ABA131876AC6DE8887A9B95937828DB2EC
:1098A800CCD897409A5C8F4055CB4C3E00000000C6
:1098B800000000002F200008A12000085C9F02087B
:1098C800089F020800000000000000003B000000A4
:1098D800670000000000000000000000FD8800088C
:1098E800DF6C00086942010889420108E542010865
:1098F800414301088545010883460108BB22010848
:10990800E52201088D4601089146010865470108CE
:1099180073710008F1220108996A000833230108CD
:1099280053420108AD22010821480108C94701082E
:10993800CD230108CF23010895220108000000006B
:1099480000000000F15A01082F420108774201087F
:1099580097420108F342010841430108854501087F
:1099680083460108BB220108E52201088D4601084B
:10997800914601086547010885470108F122010859
:10998800312301083323010853420108AD2201089D
:1099980021480108C9470108CD230108CF23010840
:1099A800952201080000FFFF000080000000000071
:1099B800080008000000000000000000E8030000A4
:1099C800FFFFFFFFFFFFFFFFFFFFFFFFFFFFFFFF9F
:1099D800FFFFFFFF0000000000000000EF5A010831
:1099E80023420108655C0108894C01088D4C010877
:1099F800954C010875260108112A01080925010856
:109A08003B2A0108552601086B5D01081B5E010809
:109A18001F58010857540108D55B0108296201083D
:109A2800AF610108CD630108C764010869710108C5
:109A38006D550108492401081F640108D9700108FF
:109A4800554B010833290108E95D0108634C0108F9
:109A580015600108B5260108556001084928010864
:109A6800414C0108394C0108612801088F2601087A
:109A7800E95E0108DD5F0108F92501081D260108D6
:109A88009D560108192401082124010819240108F8
:109A98002124010819240108212401086F24010840
:109AA80085610108F7670108335701086B28010829
:109AB8003D45010859460108C16501088D66010840
:109AC800D3570108FD7201086377010899770108E7
:109AD800F177010800000000000000000D7E010879
:109AE8005B820108F17D01083D800108C97D0108FC
:109AF8009D7E0108D77D0108217F0108437F010869
:109B0800000000000000000095EA000815EA0008BF
:109B1800BF06000819DF0008C1D40008C9D400082E
:109B2800E3D40008217F0108437F010800000000FA
:109B380000000000C5840108041400400810041047
:109B48000C1005101010061000000000409B0208C1
:109B5800C0A302080000000000000000040000008C
:109B68000400000004120444000000000410011165
:109B7800081204420C140C441012144414121C440D
:109B880018102111000000000414044408100911E1
:109B98000000000004100111081204420C140C44C7
:109BA8001012144414121C44181021111C102311F3
:109BB8000000000004120040081104400C100810B6
:109BC80000000000549B0208000000000518014036
:109BD8000400080000000000051801400400080007
:109BE800091701000C0021000C1130400000000092
:109BF8006C9B0208C0A302080000000000000000DF
:109C08000100000001000000749B0208C0A30208C4
:109C18000000000000000000060000000600000030
:109C2800909B0208C0A3020800000000000000008A
:109C380002000000020000009C9B0208C0A302086A
:109C480000000000000000000700000007000000FE
:109C5800BC9B0208C0A3020800000000000000002E
:109C68000300000003000000D49B0208CC9B0208FC
:109C780000000000000000000100000001000000DA
:109C8800E09B0208CC9B02080000000000000000D6
:109C9800030000000300000004120040091801102E
:109CA8000500110000000000409C0208289C0208E2
:109CB800109C0208F89B02080000000005180140EB
:109CC80004002400091801402C000C000D18014064
:109CD8003C00240011180140640008000000000046
:109CE8000412001009160100020022000000000002
:109CF80004120010081204400C12088010121444B8
:109D080000000000BC6E02080000000004120040C1
:109D18000918012006006A000C107010101071104C
:109D28000000000004120010081201100C1202209A
:109D38001012042000000000A89D02080000000086
:109D48000528104004001800000000000517010055
:109D580000000800081108400C140C4011170100FD
:109D68001000050000000000889C0208709C020892
:109D7800589C02088C640208000000000518014085
:109D880004003400091801403C000C000D18014083
:109D98004C000C00111801405C0008000000000095
:109DA800A09C0208BC64020800000000000000003B
:109DB8000200000002000000C49C0208B09C0208D7
:109DC8000000000000000000040000000400000083
:109DD800E89C0208C0A30208000000000000000080
:109DE8000200000002000000F89C0208C0A302085C
:109DF8000000000000000000040000000400000053
:109E0800149D02080C9D02080000000000000000DC
:109E180004000000040000002C9D0208C0A30208F2
:109E28000000000000000000040000000400000022
:109E3800489D0208409D0208000000000000000044
:109E48000100000001000000549D0208C0A30208A0
:109E580000000000000000000400000004000000F2
:109E6800849D0208709D02080000000000000000A8
:109E7800040000000400000008740208BC6E020818
:109E8800207402082074020820740208A89D0208A1
:109E9800000000000918014004004C000D180120C2
:109EA80052006A0015280140C00060011D180140D9
:109EB800240260012112010084030400251001001E
:109EC800880301002D1001008903010031180120C9
:109ED8008C03600135280C40F00418003912010089
:109EE80010060400000000003460020800000000B2
:109EF800041200400968010004000C000000000082
:109F080090730208BC6E0208D8730208A87302088E
:109F180048730208689E0208509E0208389E02088C
:109F2800209E0208BC6E020890730208D8730208CB
:109F3800A8730208A46E0208E8720208E872020810
:109F4800089E0208F09D0208D89D0208C09D0208DC
:109F58000000000005320180080004000938018073
:109F680008004C000D300180080001001138018004
:109F780008006A00153201800800010019380180C4
:109F88000800D0001D32018008000100213801803E
:109F98000800D80029300180080001002D37018011
:109FA8000800C900313001800800010035380180FF
:109FB80008002C0039300180080001003D3701807D
:109FC8000800E700413001800800010045380180A1
:109FD8000800640049380180080018004D300180ED
:109FE80008000100513801800800840155300180C3
:109FF80008000100593701800800C9005D3201805E
:10A008000800040061320180080001006532018007
:10A018000800010069320180080001006D380180E4
:10A02800080006008138018008006A008538018030
:10A0380008004C00893801800800D0008D38018064
:10A048000800D800913701800800C90095370180C1
:10A058000800E70099320180080004009D32018061
:10A0680008000400A132018008000400A53801801E
:10A0780008007400A930018008000100AD34018097
:10A0880008000400B130018008000100B5380180E3
:10A0980008008C00B938018008008C00BD320180AE
:10A0A80008000400C132018008000400C5320180A4
:10A0B800080004000130018008000110053001800B
:10A0C8000800011009380180080074100D3801805B
:10A0D8000800181011300180080001107931018042
:10A0E800080004107D3101800800041081300180CF
:10A0F80008000110853101800800041089310180B1
:10A10800080004108D31018008000410913001808E
:10A11800080001109516010090010A109938018075
:10A12800080024109D38018008006C100000000011
:10A13800908502089085020800000000053801405B
:10A1480004005C000938014004005C000C3204146F
:10A15800000000004445425547001B5B33346D0046
:10A16800494E464F20001B5B33326D005741524E1B
:10A1780020001B5B33336D004552524F52001B5B6E
:10A1880033316D001B5B306D00322E372E32312E8D
:10A198003934653863656500417474656D70742081
:10A1A800656E63727970742077697468206E6F6E5B
:10A1B80063653A2000417474656D707420656E6340
:10A1C8007279707420776974682073686172656445
:10A1D8005F6B6579207374617274696E6720776943
:10A1E80074683A2000417474656D70742064656306
:10A1F800727970742077697468206E6F6E63653A3F
:10A208002000417474656D707420646563727970A0
:10A21800742077697468207368617265645F6B6520
:10A2280079207374617274696E6720776974683A0B
:10A238002000766563746F723A3A5F4D5F726561AC
:10A248006C6C6F635F696E7365727400545241433E
:10A2580045001B5B33356D00257320007C202530BD
:10A2680032643A253032643A25303264202575202C
:10A27800007C203F3F3A3F3F3A3F3F202575200072
:10A288005B005D20004D65736874617374696320B9
:10A2980025303478002125303878002F73746174A4
:10A2A80069632F72616E6765746573742E63737664
:10A2B80000766563746F723A3A5F4D5F72616E67DC
:10A2C800655F636865636B3A205F5F6E2028776817
:10A2D80069636820697320257A7529203E3D2074BA
:10A2E8006869732D3E73697A65282920287768691B
:10A2F800636820697320257A752900496E636F6D3C
:10A30800696E67205075626B65793A2000536176F3
:10A318006564205075626B65793A200052656D6FEF
:10A3280074652064657669636520257320686173A8
:10A33800206164766572746973656420796F7572DB
:10A34800207075626C6963206B65792E205468698A
:10A3580073206D617920696E646963617465206139
:10A3680020636F6D70726F6D69736564206B6579BA
:10A378002E20596F75206D6179206E656564207493
:10A388006F20726567656E657261746520796F7597
:10A3980072207075626C6963206B6579732E007624
:10A3A8006563746F723A3A5F4D5F72616E67655F9D
:10A3B800696E73657274000000000000456E746574
:10A3C80072205365637572697479204E756D626584
:10A3D8007220666F72204B657920566572696669CE
:10A3E800636174696F6E005665726966696361744A
:10A3F800696F6E3A200A0046696E616C20636F6E61
:10A408006669726D6174696F6E20666F7220696E1D
:10A41800636F6D696E67206D616E75616C206B6529
:10A428007920766572696669636174696F6E202543
:10A4380073002F70726566732F72696E67746F6E22
:10A44800652E70726F746F004D65736820436F6E70
:10A4580074726F6C207570646174652072656365D1
:10A46800697665642066726F6D202725732720281A
:10A478007365713D2575292E20417070726F766560
:10A4880020696E2061707020746F206170706C7923
:10A498002073657474696E67732E0063616E6E6FE6
:10A4A8007420637265617465207374643A3A6465F4
:10A4B800717565206C6172676572207468616E20C1
:10A4C8006D61785F73697A652829005072657365D4
:10A4D8007420257320696E76616C696420666F72DA
:10A4E8002025732C207573696E67202573005072C0
:10A4F8006573657420257320696E76616C696420C4
:10A50800666F72202573002573207370616E202595
:10A518002E30666B487A203C2072657175657374BD
:10A52800656420252E30666B487A004368616E6E3C
:10A53800656C206E756D62657220257520696E7672
:10A54800616C696420666F722025732C206D6178B8
:10A55800206973202575004672657175656E63798B
:10A56800206F7665727269646520696E20706C610F
:10A5780063652C207573696E6720252E3366002F5E
:10A588007072656673002F70726566732F747261DE
:10A598006E736D69745F686973746F72792E646124
:10A5A8007400434445425954455F4537372D4D4261
:10A5B8004C002025303278005365742061646D6941
:10A5C8006E206B657920746F200054726163655248
:10A5D8006F7574652063616E206F6E6C792062659B
:10A5E8002073656E74206F6E636520657665727979
:10A5F800203330207365636F6E6473004D756C741F
:10A60800692D686F70207472616365726F75746507
:10A6180020746F2062726F61646361737420616477
:10A628006472657373206973206E6F7420616C6C3B
:10A638006F776564002F0044757479206379636CC3
:10A6480065206C696D697420657863656564656407
:10A658002E20596F752063616E2073656E642061CA
:10A668006761696E20696E202564206D696E7300CC
:10A6780073657269616C006770696F002573207378
:10A68800746174653A2025690025732064657465D2
:10A69800637465640046696E616C20636F6E6669F9
:10A6A800726D6174696F6E20666F72206F75746762
:10A6B8006F696E67206D616E75616C206B657920BE
:10A6C800766572696669636174696F6E20257300C7
:10A6D800496E636F6D696E67204B657920566572A8
:10A6E800696669636174696F6E2E0A536563757272
:10A6F800697479204E756D6265720A25303375204C
:10A708002530337500526562726F616463617374DA
:10A71800206D6F64652063616E2774206265207305
:10A72800657420746F204E4F4E4520666F7220610D
:10A7380020726F7574657220726F6C650052656760
:10A74800696F6E2025732072657175697265732053
:10A758006C6963656E736564206D6F6465006D7305
:10A76800680025732F257300596F75206D757374F4
:10A778002070726F76696465206174206C656173FE
:10A7880074206F6E652061646D696E207075626CEF
:10A798006963206B657920746F20656E61626C65F2
:10A7A800206D616E61676564206D6F64650061642A
:10A7B8006D696E00496E636F6D696E6720736573AE
:10A7C80073696F6E206B65793A2000457870656310
:10A7D8007465642073657373696F6E206B65793A6D
:10A7E800200073656B726974004C6963656E7365EC
:10A7F80064206D6F64652061637469766174656453
:10A808002C2072656D6F76696E672061646D696E64
:10A81800206368616E6E656C20616E6420656E638E
:10A8280072797074696F6E2066726F6D20616C6CDE
:10A83800206368616E6E656C73002F707265667355
:10A848002F7569636F6E6669672E70726F746F001B
:10A858002F6261636B757073002F6261636B757033
:10A86800732F6261636B75702E70726F746F004D19
:10A8780065736820436F6E74726F6C2075706461C5
:10A88800746520646973636172646564002E746D15
:10A89800700055530045555F3433330045555F38D4
:10A8A800363800434E004A5000414E5A00414E5A35
:10A8B8005F343333005255004B5200545700494E11
:10A8C800004E5A5F3836350054480055415F3433DE
:10A8D800330055415F383638004D595F3433330003
:10A8E8004D595F3931390053475F39323300504889
:10A8F8005F3433330050485F3836380050485F398A
:10A908003135004B5A5F343333004B5A5F38363396
:10A91800004E505F3836350042525F393032004CB5
:10A928004F52415F323400554E53455400656E64B2
:10A938002D6F662D73747265616D00696F20657285
:10A94800726F7200766172696E74206F76657266D6
:10A958006C6F7700696E76616C69642077697265DF
:10A968005F7479706500706172656E7420737472BB
:10A9780065616D20746F6F2073686F727400536522
:10A988007269616C4D6F64756C65526164696F00C2
:10A998003F3F3F0025733A20257300696E76616C4E
:10A9A80069642073697A650073697A6520746F6FCA
:10A9B800206C61726765007265616C6C6F632066FC
:10A9C80061696C656400696E76616C696420756E96
:10A9D800696F6E20746167006172726179206F76A9
:10A9E8006572666C6F77006661696C656420746F68
:10A9F800207365742064656661756C747300696E94
:10AA080076616C6964206669656C64207479706528
:10AA180000746F6F206D616E7920617272617920A8
:10AA2800656E74726965730063616C6C6261636BF7
:10AA3800206661696C6564007A65726F207461676D
:10AA480000696E76616C696420657874656E7369F7
:10AA58006F6E0077726F6E672073697A6520666F14
:10AA68007220666978656420636F756E7420666904
:10AA7800656C64006D697373696E672072657175C2
:10AA880069726564206669656C640077726F6E67C9
:10AA98002077697265207479706500696E76616CDB
:10AAA800696420646174615F73697A6500696E74B2
:10AAB8006567657220746F6F206C617267650062EC
:10AAC80079746573206F766572666C6F770073743E
:10AAD80072696E67206F766572666C6F7700696E53
:10AAE80076616C6964206669656C6420646573636B
:10AAF800726970746F7200696E636F7272656374E5
:10AB0800206669786564206C656E67746820627970
:10AB18007465732073697A65002E2E0073747265EC
:10AB2800616D2066756C6C00627974657320736959
:10AB38007A65206578636565646564007A65726F17
:10AB48002D6C656E67746820737472696E67007522
:10AB58006E7465726D696E61746564207374726970
:10AB68006E670063616C6C6261636B206572726F03
:10AB780072006172726179206D61782073697A65FB
:10AB880020657863656564656400286E6F6E652965
:10AB980000203E20002800644229004E6F20726584
:10ABA80073706F6E7365207265636569766564009E
:10ABB8005761697420666F7220007375626D7367E0
:10ABC8002073697A65206368616E67656400212D6A
:10ABD80030333639002D256C642E25302A6C6400FC
:10ABE800307825303878000108AC00657870616EDF
:10ABF800642033322D62797465206BB02AAE7DEE05
:10AC0800CBBBB1FC036FDDDC7D76670CE81F0DA3C1
:10AC1800A0AA1EB0BD726B2B4C8A7E34FC3760F440
:10AC28001E22A00BFB188460A5777200D4F1BB3AF2
:10AC380020290759F0BCFFABCF4E6901004375735B
:10AC4800746F6D004C6F6E67536C6F770053686F4D
:10AC58007274547572626F004C6F6E674D6F64004A
:10AC680053686F7274536C6F77004C6F6E674661F0
:10AC780073740053686F72744661737400496E761A
:10AC8800616C6964004D656469756D536C6F77001C
:10AC98004C6F6E67547572626F004D656469756DAF
:10ACA800466173740044656661756C74005468721B
:10ACB8006561642000546872656164436F6E7472E4
:10ACC8006F6C6C657220006C6974746C65667300D7
:10ACD8002F70726566732F6E6F6465732E70726F56
:10ACE800746F002F70726566732F6465766963658B
:10ACF8002E70726F746F002F70726566732F636F9A
:10AD08006E6669672E70726F746F002F7072656659
:10AD1800732F6D6F64756C652E70726F746F002F72
:10AD280070726566732F6368616E6E656C732E70E2
:10AD3800726F746F004D65736820436F6E74726F25
:10AD48006C2073657474696E6773206170706C69C8
:10AD58006564006D7174742E6D65736874617374C5
:10AD680069632E6F7267006D657368646576006C41
:10AD780061726765346361747300526573746F72CE
:10AD88006564206B6579006D6573687461737469B7
:10AD9800632E706F6F6C2E6E74702E6F7267005317
:10ADA800657269616C436F6E736F6C65000D0A0D97
:10ADB8000A2F2F5C2045205320482054202F5C2048
:10ADC800532054202F20430D0A0056657273696F73
:10ADD8006E20257320666F722025732066726F6D52
:10ADE8002025730D0A0052434756312F6669726D4C
:10ADF800776172652D466F726B00446562756720D6
:10AE08006D75746520697320656E61626C65642C6C
:10AE18002074686572652077696C6C206265206EA5
:10AE28006F2073657269616C206F75747075742E0C
:10AE38000D0A006D61696E436F6E74726F6C6C659C
:10AE4800720074696D6572436F6E74726F6C6C65B5
:10AE58007200506F776572002F70726566732F6489
:10AE6800622E70726F746F00766563746F723A3A0F
:10AE78005F4D5F64656661756C745F617070656E67
:10AE88006400526F75746572005374617475734C05
:10AE980045444D6F64756C650041646D696E006D65
:10AEA8006573685F636F6E74726F6C004D6573686D
:10AEB800436F6E74726F6C006E6F6465696E666F57
:10AEC800004E6F6465496E666F00776179706F69CF
:10AED8006E74007472616365726F75746500547284
:10AEE800616365526F757465006E65696768626F46
:10AEF80072696E666F004E65696768626F72496E47
:10AF0800666F00646574656374696F6E0044657488
:10AF1800656374696F6E53656E736F72004B657904
:10AF2800566572696669636174696F6E0044657617
:10AF380069636554656C656D6574727900536572F3
:10AF480069616C0045787465726E616C4E6F7469E6
:10AF58006669636174696F6E4D6F64756C650045F1
:10AF6800787465726E616C4E6F746966696361743A
:10AF7800696F6E0032343A643D33322C6F3D352CA4
:10AF8800623D3536353A66362C702C66362C347070
:10AF98002C702C66362C702C66362C32702C702C4B
:10AFA80062362C702C62362C702C62362C702C6217
:10AFB800362C702C622C702C622C702C622C702C0D
:10AFC800622C702C622C702C622C702C622C702CD1
:10AFD800622C31702E2C32702E2C7000726F7574AA
:10AFE800696E6700526164696F49660052616469FD
:10AFF8006F4C6962206572723D00535831323631A8
:10B008000041697254696D6500626F6F74207469DC
:10B018006D656F75740057616B652074696D657235
:10B02800005265636569766564207061636B657459
:10B038002C2065786974696E67206C69676874206C
:10B04800736C656570005265636569766564207028
:10B0580061636B65742C20726573657474696E67BF
:10B068002077696E2077616B650050726573730095
:10B078004C6F774261740053687574646F776E0023
:10B08800496E7075742044657669636500426C7515
:10B0980065746F6F74682070616972696E670050BB
:10B0A80061636B657420666F722070686F6E6500EF
:10B0B80052656365697665642074657874007365A4
:10B0C8007269616C2041504900706F776572206326
:10B0D8006F6E6E65637400706F7765722064697354
:10B0E800636F6E6E65637465640073657269616C25
:10B0F80020646973636F6E6E65637400436F6E746A
:10B108006163742066726F6D2070686F6E6500539E
:10B11800637265656E2D6F6E2074696D656F7574E9
:10B1280000506F77657246534D0053485554444F4D
:10B13800574E00534453004C53004E420044415272
:10B148004B0053455249414C00424F4F54004F4E1B
:10B1580000504F57455200436F6D70726F6D6973A1
:10B168006564206B65797320776572652064657402
:10B17800656374656420616E6420726567656E65D9
:10B1880072617465642E0062617369635F737472BF
:10B19800696E673A3A5F535F63726561746500026E
:10B1A800020203050507070B0B0B0B0D0D00000032
:10B1B8000200000003000000050000000700000076
:10B1C8000B0000000D00000011000000130000003B
:10B1D800170000001D0000001F00000025000000EF
:10B1E800290000002B0000002F000000350000009F
:10B1F8003B0000003D000000430000004700000045
:10B20800490000004F0000005300000059000000F2
:10B2180061000000670000006D0000007100000080
:10B228007F000000890000008B00000095000000EE
:10B238009D000000A7000000B3000000C10000004E
:10B24800C7000000D3000000E3000000F100000088
:10B25800010100001501000025010000390100006E
:10B2680051010000670100007F0100009901000002
:10B27800B7010000D3010000F70100001D02000023
:10B28800410200006B02000095020000C5020000A8
:10B29800F90200003703000077030000B90300003B
:10B2A8000704000055040000A90400000905000077
:10B2B80065050000D50500004D060000CD0600001C
:10B2C80057070000ED07000083080000350900005B
:10B2D800F5090000C10A00009B0B0000890C000062
:10B2E8008D0D00009B0E0000BB0F0000FD1000003C
:10B2F8005F120000DF1300007F15000041170000F7
:10B308001B190000251B00005D1D0000BB1F00006D
:10B318004F2200001925000021280000692B000099
:10B32800EB2E0000B7320000D1360000453B00008C
:10B338001B40000055450000EF4A00001151000075
:10B34800AF570000D95E00009B660000FB6E00004E
:10B3580007780000C78100005D8C0000D9970000C5
:10B368003BA40000A9B1000031C00000D1CF00000B
:10B37800D5E0000019F30000EB060100711C010084
:10B38800BB330100ED4C01002B68010095850100DD
:10B3980079A50100FBC701003FED01009F150200E0
:10B3A800514102007F70020085A30200D3DA020037
:10B3B800A91603005B570300619D030017E903000A
:10B3C8000D3B0400AF93040097F30400555B0500A0
:10B3D8008BCB0500E944060047C8060071560700F4
:10B3E80031F0070099960800874A0900410D0A00C4
:10B3F800F9DF0A00E9C30B0085BA0C0053C50D003C
:10B40800F1E50E00431E100025701100ADDD12009D
:10B418001D691400F1141600DBE31700A3D8190006
:10B4280071F61B00A3401E00D1BA2000F368230068
:10B438003D4F26005972290037D72C00278330004A
:10B44800237C340057C83800AF6E3D007B7642003D
:10B45800BDE7470013CB4D00D1295400F30D5B0025
:10B46800C7826200B5936A00E34D730017BF7C0082
:10B478003BF68600770392004DF89D00E9E7AA00A5
:10B48800B9E6B800DF0AC800736CD8006F25EA0077
:10B49800F951FD0077101201DB812801B9C940017B
:10B4A8008D0E5B010B7A77016D399601617DB701CD
:10B4B800957ADB01596A0202638A2C02871D5A02B7
:10B4C800136C8B0235C4C002B77AFA0219EB380341
:10B4D8006F787C03E18DC503679F1404752A6A049D
:10B4E800EBB6C60487D72A052D2B9705B55D0C0644
:10B4F80029298B0695561407DDBFA807515049081E
:10B50800BB06F708F9F6B2090D4B7E0A93455A0BAC
:10B51800C343480C31BF490D5D50600E5BB18D0FC0
:10B528005FC0D310BD8234124D28B213890E4F1557
:10B53800A5C40D17850FF11809EEFB1AC99D311D19
:10B5480075A0951F11C12B225D1AF824F11CFF2745
:10B55800A596452BB7B9D02EE725A6324BF0CB36AA
:10B56800D5AD483B217D2340691264451FC3124B6A
:10B5780075933851D744DF57D164115FAD5EDA66F1
:10B58800AF8C466F434C6378D9123F822985E98C8A
:10B59800BD8F7398F781EFA40F2B71B251F90DC1CC
:10B5A800AF1CDDD04BABF7E1AFC878F4FBFFFFFF72
:10B5B800FBFFFFFF4E5374375F5F6378783131319B
:10B5C8003562617369635F737472696E6762756609
:10B5D800496353743131636861725F74726169746D
:10B5E80073496345536149634545450090B702086F
:10B5F800BCB502086CB6020800000000F4B50208E9
:10B60800B9120108E11201083921020833200208A1
:10B61800B91D0208011F02086F210208471D020810
:10B6280021220208631D02087D210208ED1C020880
:10B63800CB2102084D2002085374313562617369C9
:10B64800635F73747265616D6275664963537431C3
:10B6580031636861725F74726169747349634545E7
:10B668000000000030B7020840B6020800000000E1
:10B678006CB60208A1210208B92102083921020882
:10B688003B2102083D210208532102086F210208CC
:10B698007321020821220208772102087D2102086D
:10B6A80095210208CB2102089B2102086261736977
:10B6B800635F737472696E673A3A5F4D5F63726570
:10B6C8006174650062617369635F737472696E6740
:10B6D8003A3A5F4D5F7265706C61636500626173D1
:10B6E80069635F737472696E673A3A617070656E08
:10B6F80064004E31305F5F6378786162697631311A
:10B70800375F5F636C6173735F747970655F696ECF
:10B71800666F450090B70208FAB60208C4B7020877
:10B72800000000001CB7020899270208AD2702088C
:10B738006129020861290208172802085927020806
:10B74800FF270208C12702088B2702084E31305F05
:10B758005F637878616269763132305F5F73695F01
:10B76800636C6173735F747970655F696E666F454A
:10B778000000000090B7020854B702081CB702087E
:10B78800000000007CB702085D2802087128020842
:10B7980061290208612902081728020859270208A6
:10B7A80035290208C128020885280208537439740B
:10B7B8007970655F696E666F0000000030B7020837
:10B7C800B4B70208696F73747265616D00696F734D
:10B7D800747265616D206572726F7200556E6B6E62
:10B7E8006F776E206572726F7200000090B7020862
:10B7F80000B80208ACB802082A4E31325F474C4FF5
:10B8080042414C5F5F4E5F313137696F5F657272DD
:10B818006F725F63617465676F727945000000003D
:10B8280000000000F4B702089D290208B1290208A7
:10B8380091290208052B0208C5290208A12A020835
:10B84800A72A0208D12A020867656E657269630033
:10B8580073797374656D0062617369635F73747281
:10B86800696E673A20636F6E737472756374696F7B
:10B878006E2066726F6D206E756C6C206973206E19
:10B888006F742076616C6964004E5374335F56326E
:10B8980031346572726F725F63617465676F727954
:10B8A8004500000030B7020891B8020890B70208B6
:10B8B800C0B80208ACB802082A4E31325F474C4F74
:10B8C80042414C5F5F4E5F31323267656E65726927
:10B8D800635F6572726F725F63617465676F7279B7
:10B8E8004500000090B70208F8B80208ACB8020892
:10B8F8002A4E31325F474C4F42414C5F5F4E5F31B9
:10B90800323173797374656D5F6572726F725F63DC
:10B91800617465676F7279450000000000000000DF
:10B92800B4B80208E72A0208ED2A0208192A020810
:10B93800052B0208292B0208A12A0208212A02083D
:10B94800D12A020800000000ECB80208E52A020823
:10B95800F92A0208352A0208052B0208292B0208B1
:10B968003D2A0208812B0208D12A02086261736904
:10B97800635F737472696E673A3A5F535F636F6EA1
:10B98800737472756374206E756C6C206E6F74209E
:10B9980076616C6964005245454E54206D616C6C4B
:10B9A8006F6320737563636565646564002F5F5F0B
:10B9B800772F61726D2D6E6F6E652D656162692DD1
:10B9C8006763632D787061636B2F61726D2D6E6F85
:10B9D8006E652D656162692D6763632D787061639B
:10B9E8006B2F6275696C642F6C696E75782D78366B
:10B9F800342F736F75726365732F6E65776C696228
:10BA08002D63796777696E2F6E65776C69622F6C25
:10BA18006962632F7374646C69622F72616E642E3D
:10BA280063002F5F5F772F61726D2D6E6F6E652DCE
:10BA3800656162692D6763632D787061636B2F613F
:10BA4800726D2D6E6F6E652D656162692D6763631A
:10BA58002D787061636B2F6275696C642F6C696EE9
:10BA680075782D7836342F736F75726365732F6E02
:10BA780065776C69622D63796777696E2F6E657774
:10BA88006C69622F6C6962632F7374646C69622FCE
:10BA980072616E646F6D2E630000202020202020CC
:10BAA8002020202828282828202020202020202066
:10BAB8002020202020202020202088101010101066
:10BAC80010101010101010101010040404040404B6
:10BAD8000404040410101010101010414141414199
:10BAE80041010101010101010101010101010101FE
:10BAF800010101010110101010101042424242428F
:10BB080042020202020202020202020202020202CD
:10BB180002020202021010101020000000000000B3
:10BB2800000000000000000000000000000000000D
:10BB380000000000000000000000000000000000FD
:10BB480000000000000000000000000000000000ED
:10BB580000000000000000000000000000000000DD
:10BB680000000000000000000000000000000000CD
:10BB780000000000000000000000000000000000BD
:10BB880000000000000000000000000000000000AD
:10BB980000000000000000000000494E4600696EE9
:10BBA80066004E414E006E616E0030003031323317
:10BBB800343536373839414243444546003031320E
:10BBC800333435363738396162636465660043005B
:10BBD800504F53495800496E66696E697479004E32
:10BBE800614E002F5F5F772F61726D2D6E6F6E65EE
:10BBF8002D656162692D6763632D787061636B2FB2
:10BC080061726D2D6E6F6E652D656162692D67635A
:10BC1800632D787061636B2F6275696C642F6C6932
:10BC28006E75782D7836342F736F75726365732F40
:10BC38006E65776C69622D63796777696E2F6E65BB
:10BC4800776C69622F6C6962632F7374646C6962C4
:10BC58002F64746F612E630042616C6C6F63207394
:10BC68007563636565646564002F5F5F772F617234
:10BC78006D2D6E6F6E652D656162692D6763632D2D
:10BC8800787061636B2F61726D2D6E6F6E652D65B7
:10BC98006162692D6763632D787061636B2F6275CC
:10BCA800696C642F6C696E75782D7836342F736FD4
:10BCB80075726365732F6E65776C69622D6379673A
:10BCC80077696E2F6E65776C69622F6C6962632F76
:10BCD8007374646C69622F6D707265632E63000003
:10BCE80005000000190000007D00000000000000B1
:10BCF8000080E03779C34143176E05B5B5B8934660
:10BD0800F5F93FE9034F384D321D30F94877825A2B
:10BD18003CBF737FDD4F1575000000000000F03F49
:10BD2800000000000000244000000000000059400E
:10BD38000000000000408F40000000000088C34061
:10BD480000000000006AF8400000000080842E41D6
:10BD580000000000D01263410000000084D7974122
:10BD68000000000065CDCD41000000205FA0024228
:10BD7800000000E876483742000000A2941A6D429D
:10BD8800000040E59C30A2420000901EC4BCD64290
:10BD980000003426F56B0C430080E03779C341433B
:10BDA80000A0D8855734764300C84E676DC1AB43B1
:10BDB800003D9160E458E143408CB5781DAF1544CF
:10BDC80050EFE2D6E41A4B4492D54D06CFF08044AA
:10BDD800F64AE1C7022DB544B49DD9794378EA44BF
:10BDE800D0570020232D302B2000686C4C0065664E
:08BDF80067454647000000000A
:08BE00004418FF7F010000005F
:10BE0800F9E8010899DD0108C10B0208CD190208FB
:10BE1800511A0208291C020895260208452802081A
:08BE2800012A0208AD2B0208FB
:08BE300075DD0108A1120208F2
:10BE380001000000000000000000000000000000F9
:10BE480000000000000000000200000000000000E8
:10BE580000000000000000000000000000000000DA
:10BE680003000000000000000000000000000000C7
:10BE780000000000000000000000000000000000BA
:10BE880000000000000000000000000000000000AA
:10BE98001000000000093D00D858002001000000F3
:10BEA8000000000099001E000000000000000000D3
:10BEB800000000000000000000000000000000007A
:10BEC800000000000000000000000000000000006A
:10BED800000000000000000000000000000000005A
:10BEE800000000000000000000000000000000004A
:10BEF800000000000000000000000000000000003A
:10BF08000000000000000000000000000000000029
:10BF18000000000000000000000000000000000019
:10BF2800000000000000000000000000804E00201B
:10BF3800FFFFFFFF0000000000300240000000008B
:10BF480000000000000000000000000000000000E9
:10BF5800000000000000000001000000FF000000D9
:10BF680000000000000000000000000000000000C9
:10BF780000000000000000000000000000000000B9
:10BF880000000000000000000000000000000000A9
:10BF98000000000000000000000000000000000099
:10BFA8000000000000000000000000000000000089
:10BFB8000000000000000000000000000000000079
:10BFC8000000000000000000000000000000000069
:10BFD8000000000000000000000000000000000059
:10BFE8000000000000000000000000000000000049
:10BFF8000000000000000000000000000000000039
:10C008000000000000000000000000000000000028
:10C018000000000000000000000000000000000018
:10C028000000000000000000000000000000000008
:10C0380000000000000000000000000000000000F8
:10C048000000000000000000FFFFFFFFFFFFFFFFF0
:10C05800FFFFFFFFFFFFFFFF0003000000000000DD
:10C0680000000000000000000000000000000000C8
:10C0780000000000C9E3000855E7000841E800088F
:10C08800E1D30008000800000008000000080000D4
:10C098000E0000008000000000000000000000000A
:10C0A8000000000000000000747A706C616365682D
:10C0B8006F6C646572202020202020202020202002
:10C0C8002020202020202020202020202020202068
:10C0D8002020202020202020202020202020000D8B
:10C0E8000A526164696F4C696220496E666F0A562C
:10C0F800657273696F6E3A202022372E362E302EE5
:10C1080030220D0A506C6174666F726D3A202241BC
:10C11800726475696E6F2053544D333220286F66F0
:10C1280066696369616C29220D0A224170722020B8
:10C1380038203230323622202230303A32303A3209
:10C14800382200000000000030B8020854B9020884
:10C158002CB90208430000000000000000000000A5
:10C1680000000000000000000000000000000000C7
:10C178000000000043000000000000000000000074
:10C1880000000000000000000000000000000000A7
:10C198000000000043000000000000000000000054
:10C1A8000000000000000000000000000000000087
:10C1B8000000000043000000000000000000000034
:10C1C8000000000000000000000000000000000067
:10C1D8000000000043000000000000000000000014
:10C1E8000000000000000000000000000000000047
:10C1F80000000000430000000000000000000000F4
:10C208000000000000000000000000000000000026
:10C2180000000000430000000000000000000000D3
:10C228000000000000000000000000000000000006
:10C2380000000000A9560208654F0208000000002F
:10C24800A1BA020822AB020844AC020844AC0208B6
:10C2580044AC020844AC020844AC020844AC0208EE
:10C2680044AC020844AC020844AC0208FFFFFFFFDC
:10C27800FFFFFFFFFFFFFFFFFFFF0000010041532B
:10C2880043494900000000000000000000000000D1
:10C298000000000000000000000000000000415302
:10C2A80043494900000000000000000000000000B1
:10C2B8000000000000000000000000000000000076
:10C2C8009404002000000000D055002038560020BB
:10C2D800A056002000000000000000000000000040
:10C2E8000000000000000000000000000000000046
:10C2F8000000000000000000000000000000000036
:10C308000000000000000000000000000000000025
:04C318000D5700209D
:04000005080214CD0C
:00000001FF
