:020000040800F2
:1000000000000120B91202080913020809130208AE
:10001000091302080913020809130208000000006E
:1000200000000000000000000000000009130208AA
:10003000091302080000000009130208093D000826
:100040000913020809130208091302080913020818
:100050000913020809130208553D0008593D00081C
:100060005D3D0008613D0008653D00080913020878
:1000700009130208091302080913020809130208E8
:1000800009130208091302080913020809130208D8
:100090000000000009130208693D00080913020866
:1000A000DB3B000809130208ED3B0008F13B0008A8
:1000B000053C0008193C0008BD120108C3120108E4
:1000C000C9120108CF120108091302080913020816
:1000D000314700084947000865470008091302082E
:1000E000091302087F3D00080913020809130208DA
:1000F00009130208000000000000000009130208B4
:10010000D5120108DB120108318701080913020822
:100110000913020809130208091302080913020847
:100120000913020809130208091302080913020837
:0801300009130208091302087B
:1001400003689A69910744BF00229A629A69D207AC
:100150005EBF9A6942F001029A61704730B5039D13
:1001600004682B4343EA0243064A6068C1F309016D
:100170000B4342EA555223F0004320EA02000343B6
:10018000636030BDFF63FF034FF0B042536823F458
:100190007F4343EA0023536070474FF0B0432D4A3A
:1001A000D3F8083103F00F0302EB8301C0F303100F
:1001B000096C52F82030B3FBF1F32749096801F4C8
:1001C000C061B1F5007F10B510D024498B4231D306
:1001D00001F5B70101F67F518B4231D901F5741158
:1001E00001F510618B422DD9002310E01C498B4290
:1001F0001CD91C498B421BD901F5370101F5D85197
:100200008B42F1D8022302EB8303D3F880301649E6
:1002100016480A6822F007021A430A6004680A684E
:1002200002F0070293420FD1002010BD0023EAE73D
:100230000123E8E7002302EB8302D2F88030E6E7EF
:100240000123F8E70223F6E70268121B022AE6D927
:100250000320EAE7585A020800040058C0CF6A0099
:10026000BFEA21013F93340200400058E804002017
:10027000836A1A0710B506D50168846B4A6822F4B0
:10028000004222434A60DC0706D50168C46A4A6816
:1002900022F4003222434A60990706D50168046BB4
:1002A0004A6822F4803222434A605A0706D5016820
:1002B000446B4A6822F4802222434A60DC0606D559
:1002C0000168C46B8A6822F4805222438A609906CE
:1002D00006D50168046C8A6822F4005222438A60C1
:1002E0005A060FD50168446C4A6822F480122243F2
:1002F000B4F5801F4A6005D14A68846C22F4C002BC
:1003000022434A601B0606D50268C16C536823F479
:1003100000230B43536010BDD0F88830212B10B55B
:100320001CD1B0F86A30CBB1B0F85620016892B257
:10033000AAB9026802F1080353E8003F23F400035E
:10034000083242E8003102680029F2D152E8003F49
:1003500043F0400342E800310029F7D110BDCA69DB
:1003600012060AD5026D12F8014B8C620265B0F8D4
:100370005620013A92B2A0F85620013B9BB2D2E738
:10038000D0F88830212B10B51CD1B0F86A30CBB131
:10039000B0F85620046892B2AAB9026802F10803C4
:1003A00053E8003F23F40003083242E800310268BA
:1003B0000029F2D152E8003F43F0400342E8003107
:1003C0000029F7D110BDE26912060CD5026D32F892
:1003D000021BC1F30801A1620265B0F85620013A80
:1003E00092B2A0F85620013B9BB2D0E7026852E8D7
:1003F000003F23F0800342E8003102680029F5D174
:1004000052E8003F43F0400342E800310029F7D1B1
:100410007047D0F88820212A034610D1B0F8562022
:1004200092B202B9E2E7026D016812F8010B88622C
:100430001A65B3F85620013A92B2A3F856207047D5
:10044000D0F88820212A034612D1B0F8562092B263
:1004500002B9CBE71A6D006832F8021BC1F308013C
:1004600081621A65B3F85620013A92B2A3F8562079
:1004700070474FF0B04382B0DA6C0243DA64DB6C51
:1004800003400193019B02B0704703681847012A9B
:1004900002D1016000207047022A05D0032AF9D05A
:1004A000002AF7D10260F5E70B680360F2E74FF02E
:1004B000B042D2F8883023F440630343C2F8883056
:1004C0007047D0F8943004381847D0F88C20B0F832
:1004D00060100368222A4FD15B6A826D0B40137053
:1004E000836D01338365B0F85E30013B9BB2A0F8A9
:1004F0005E30B0F85E309BB2002B41D1026852E80A
:10050000003F23F4907342E8003103680029F5D1DD
:1005100003F1080252E8002F22F0010203F1080C57
:100520004CE800210029F3D12022C0F88C20154A84
:1005300041679342016703D1C26E012A0CD0C0E724
:100540005A681102F8D553E8002F22F0806243E880
:1005500000210029F7D1EFE70022C26653E8002FFF
:1005600022F0100243E800210029F7D1DA69D2060F
:1005700006D510221A6270479A6942F008029A6101
:10058000704700BF00800040D0F88C10B0F86020A9
:10059000036822294ED15B6A1A40836D23F8022B2F
:1005A0008365B0F85E30013B9BB2A0F85E30B0F8D6
:1005B0005E309BB2002B41D1026852E8003F23F429
:1005C000907342E8003103680029F5D103F1080275
:1005D00052E8002F22F0010203F1080C4CE8002140
:1005E0000029F3D12022C0F88C20154A416793429C
:1005F000016703D1C26E012A0CD062E75A6811026A
:10060000F8D553E8002F22F0806243E8002100294A
:10061000F7D1EFE70022C26653E8002F22F0100264
:1006200043E800210029F7D1DA69D20606D5102265
:100630001A6270479A6942F008029A61704700BFD7
:100640000080004070470020704703460020187566
:1006500083F858007047826930B404695510034626
:1006600004EB6200D20748BF62595B6930BC48BFE7
:10067000D3581847826930B404695510034604EB17
:100680006200D20748BF62595B6930BC48BFD3588B
:100690001847024B1A685A60704700BFE8040020F0
:1006A0007047704770477047704770477047704792
:1006B000704770477047704703685B6818470020B1
:1006C0007047704708B5094B93F800225AB193F868
:1006D000AF2293F8AC3103B11AB1806803681B688C
:1006E0009847012008BD5A7BF3E700BFE8040020CB
:1006F0000A2938B50D4600F52A6403D10D2120469C
:10070000FFF7E0FF29462046BDE83840DAE7A0F5CC
:100710002A60EDE7A0F52B601DF054BA054BD0F828
:1007200080261B6804489B1A83428CBF002001204E
:10073000704700BFE80400209FBB0D00D0F83C319B
:100740002DE9F047044606220133C0F83C310A2166
:10075000B3FBF1F1B1FBF2F002FB101194F8382178
:10076000CEB2D2B10025F022002104F1480023F0DE
:10077000F6F9C4E90C55C4E90E55C4E910556022D8
:10078000294604F5A27023F0EAF984F8385184F878
:1007900039614FF47A70BDE8F08794F8A4214FF4E2
:1007A0006165B3FBF5F505F00705AA4225D0214F99
:1007B00004F5B070072207F53A7A07F5427950F848
:1007C000048DC0F80480D0F820E0D0F840C0C0F814
:1007D00024E0C0F844C04AF8228049F822E0013AF7
:1007E000EDD1C4F84421C4F86421C4F88421C7F8C9
:1007F000E822C7F8082384F8A45194F83921B242BA
:100800001FBF0C31002284F8396144F821203C22BA
:10081000B3FBF2F3B3FBF2F102FB113394F83A119C
:10082000DAB291421FBF123384F83A21002244F811
:100830002320AEE7E804002008B503685B6898470A
:100840000028CCBF0020012008BD08B503680022A5
:1008500002751B686FF0004198476FF0004008BDBB
:10086000826930B404695510034604EB6200D20774
:1008700048BF62595B6930BC48BFD358184782698A
:1008800030B404695510034604EB6200D20748BF38
:1008900062595B6930BC48BFD3581847826930B48D
:1008A00004695510034604EB6200D20748BF625941
:1008B0005B6930BC48BFD3581847406A036810B41E
:1008C0000C465B691146224610BC184730B50B46F2
:1008D00000F1380201F1200518685968144603C474
:1008E0000833AB422246F7D11B78237030BD10B4D9
:1008F0000468246BA44610BC6047002070470020A9
:100900007047826930B404695510034604EB6200F5
:10091000D20748BF62595B6930BC48BFD3581847FB
:100920000020704770470020704700207047808A81
:100930008A89131A5842584170470120704703466C
:10094000002200691A6170470068096803689B68A3
:100950001847012A02D1016000207047022A05D001
:10096000032AF9D0002AF7D10260F5E70B6803608B
:10097000F2E70068096803689B681847E9E70068C0
:10098000096803689B681847E3E761B100F1180341
:10099000C91AB1F5B46F06D8034B491103FB010026
:1009A000002380F898377047EFEEEEEE00F2977272
:1009B000002312F8011F49B9C218012182F89817C3
:1009C0004FF4F07202FB0300183070470133042B20
:1009D000EFD10020704749B100F11403C91A18295A
:1009E0009EBF00EBE100002380F83430704700F137
:1009F0003302002312F8011F39B9C218012100EB9C
:100A0000C30082F83410143070470133042BF1D145
:100A10000020704771B100F11403C91A41F66A53FE
:100A2000994207D8044B491003FB010041F6747347
:100A30000022C254704700BF330A029A10B500F575
:100A4000FB521332002312F8011F51B9C11841F6AD
:100A5000747201248C544FF4FB7202FB03001430B7
:100A600010BD0133102BEED10020F9E7F0B506469A
:100A7000006850F82100B8B10468A569AB4207D1FD
:100A800017686568AF4203D15768A568AF420BD0BD
:100A9000256865B177682046AC69B4FBF7FC07FBB5
:100AA0001C44A14201D00020F0BD2C46E5E72846B9
:100AB000FAE770B5BC26B0B00C4605463246014692
:100AC00001A823F0F7F832462146284623F0F2F831
:100AD000324601A9204623F0EDF830B070BD30B4A5
:100AE000084D95F8AC4154B195F8AF423CB10124A2
:100AF00080F8DD4A80F8984830BC0AF0EFB8002052
:100B000030BC7047E804002006F007B8002370B539
:100B1000C0F890300668144B1D6833681A07044605
:100B200016D433685B0708D56FF07E432A464FF42E
:100B30008001204619F016FC98B900202023C4F843
:100B4000883084F88400C4F88C30E066206709E0BF
:100B50006FF07E432A464FF4001119F003FC002881
:100B6000DFD0032070BD00BFE804002030B591FA4B
:100B7000A1F391FAA1F1B3FA83F3C4685B000325F2
:100B8000B1FA81F105FA03F3490024EA03038A402C
:100B90001A43C26030BD10B504461046D4E90023A4
:100BA0009B1A0C4A0C4CDB105343E21A8A4201D2C6
:100BB00020F08FFE994205D91944A14228BF214651
:100BC000084610BDB3EB430F4FEA4301F5D9204669
:100BD000F7E700BF35C2724FCB3D8D0070B591F87D
:100BE000502090F8503091F859404D6D02F1FF3C83
:100BF000DCF1000646EB0C069E4225D1631E5E42E8
:100C00005E4190F859309E421ED1436D5B1B18BF68
:100C10000123012680F85020B24280F8206045650B
:100C200008BF91F8582080F8594018BF652280F815
:100C3000582091F85A2080F85A201BB101462830DC
:100C40001BF0C4F8002070BD0123E2E770B5B1F8D5
:100C50005040B0F85060B0F85230B1F85220A0F8CF
:100C600054300125A64280F820500AD1934208D181
:100C7000A0F8523091F85630A0F850602BB90020FF
:100C800070BDA0F85040A0F85220014628301BF05B
:100C90009DF8F4E70B6D026D534033F07F4370B560
:100CA000044648D18A6D836D9A4244D10A6E036E20
:100CB0009A4240D18A6E836E9A423CD1D1F880200C
:100CC000D0F880309A4236D1D1F88C20D0F88C30D0
:100CD0009A4230D1D1F8A820D0F8A8309A422AD12F
:100CE000D1F8A020D0F8A0309A4224D1D1F8B45045
:100CF000D0F8B430ED1A18BF0125012391F85060E7
:100D000084F8203091F8513084F8506084F85130E4
:100D10007422543104F1540022F0CCFF4DB11EB1C5
:100D2000064B1B68C4F8C830214604F128001BF0AC
:100D30004DF8002070BD0125DFE700BFE80400206A
:100D40000D2018F0EFBF70B50546084B0360044650
:100D500055F8300FA84204D120461AF0D3FF2046A0
:100D600070BD066823F04CFF3046F3E7EC5A0208EA
:100D700010B50446FFF7E7FF204623F041FF204669
:100D800010BD10B504461AF0BDFF204610BD10B5C9
:100D90000446FFF7F6FF204623F032FF204610BD41
:100DA00010B504461AF0AEFF204610BD10B504463B
:100DB000FFF7F6FF204623F023FF204610BD2DE964
:100DC000FF4705461E4B55F8046F036004460DF1BE
:100DD00004084FF00009AE4206D16068854229D16F
:100DE000204604B0BDE8F087CDE90188B768CDF8AA
:100DF0000C90396801988F4203D1404515D136686F
:100E0000E9E78B68D1F800A09C420CD181420AD05E
:100E1000824508D0524620F078FA039B01330393B1
:100E2000BB68013BBB605146E4E7076823F0E8FE7E
:100E30003846E2E7066823F0E3FE3046CEE700BF1F
:100E4000F872020810B50446FFF7B9FF204623F0F8
:100E5000D7FE204610BD2DE9FF4705461E4B55F82D
:100E6000046F036004460DF104084FF00009AE4220
:100E700006D16068854229D1204604B0BDE8F087DC
:100E8000CDE90188B768CDF80C90396801988F4298
:100E900003D1404515D13668E9E78B68D1F800A049
:100EA0009C420CD181420AD0824508D0524620F0A3
:100EB0002CFA039B01330393BB68013BBB60514693
:100EC000E4E7076823F09CFE3846E2E7066823F073
:100ED00097FE3046CEE700BFF872020810B5044610
:100EE000FFF7B9FF204623F08BFE204610BD2DE909
:100EF000FF4705461E4B55F8046F036004460DF18D
:100F000004084FF00009AE4206D16068854229D13D
:100F1000204604B0BDE8F087CDE90188B768CDF878
:100F20000C90396801988F4203D1404515D136683D
:100F3000E9E78B68D1F800A09C420CD181420AD02D
:100F4000824508D0524620F0E0F9039B0133039319
:100F5000BB68013BBB605146E4E7076823F050FEE5
:100F60003846E2E7066823F04BFE3046CEE700BF86
:100F7000F872020810B50446FFF7B9FF204623F0C7
:100F80003FFE204610BD2DE9FF4705461E4B55F894
:100F9000046F036004460DF104084FF00009AE42EF
:100FA00006D16068854229D1204604B0BDE8F087AB
:100FB000CDE90188B768CDF80C90396801988F4267
:100FC00003D1404515D13668E9E78B68D1F800A018
:100FD0009C420CD181420AD0824508D0524620F072
:100FE00094F9039B01330393BB68013BBB605146FB
:100FF000E4E7076823F004FE3846E2E7066823F0DA
:10100000FFFD3046CEE700BFF872020810B5044677
:10101000FFF7B9FF204623F0F3FD204610BD10B5C1
:10102000034B036004461AF08FFE204610BD00BF3C
:10103000185B020870B50546084B0360044655F876
:10104000280FA84204D1201DFFF7E9FF204670BDFC
:10105000066823F0D5FD3046F3E700BF2C5B02089D
:1010600010B50446FFF7E6FF204623F0C9FD2046F1
:1010700010BD10B5054B044640F8343BFFF79FFE0A
:101080002046FFF7D7FF204610BD00BF3C5B02089B
:10109000F0B599B001AD044628461AF0A7FE214BE1
:1010A000019310330FAA0E931F4B1295CDE90F2217
:1010B0000022CDE9133211924FF0FF320223169233
:1010C00040F2FF228DF85430ADF85C208DF85E3090
:1010D000164AE36D116803F54343503327468B42AC
:1010E00038BF136857F8306F38BFE365BE4205D08C
:1010F000B068036829469B68984740B12846FFF7C7
:10110000B8FF636D2BB94FF0FF3019B0F0BD3668F2
:10111000ECE793F82030002B44F6206008BF4FF036
:10112000FF30F2E73C5B0208DD0B0008E80400201A
:1011300010B50446FFF79DFF204623F061FD2046D1
:1011400010BD10B5054B044640F8343BFFF7CFFE09
:101150002046FFF76FFF204610BD00BF605B02080E
:1011600010B50446FFF7EDFF204623F049FD204669
:1011700010BD10B5054B044640F8343BFFF703FFA4
:101180002046FFF757FF204610BD00BF705B0208E6
:1011900010B50446FFF7EDFF204623F031FD204651
:1011A00010BD10B50446FFF73AFF204623F028FD96
:1011B000204610BD2DE9F347324F019304460E46F9
:1011C00007F54A70A02122F063FC9F2884BF0A2300
:1011D00087F8C6332C4F05464FF0000888BF9F257F
:1011E0004FF0230A45450AD1C6B92A46264920466A
:1011F000FFF762FA0546284602B0BDE8F08797F887
:101200000090484624F054FB20B9B9F10A0F18BFEA
:1012100087F800A008F101080137E3E71B493046D1
:101220001CF018F920B91A4905222046FFF744FAA4
:10123000184930461CF00EF920B9174905222046FE
:10124000FFF73AFA154930461CF004F920B9144961
:1012500005222046FFF730FA124930461CF0FAF812
:1012600020B9114905222046FFF726FA2A460649E9
:101270002046FFF721FA0D49054604222046FFF7D4
:101280001BFAB8E7E8040020100800203C9F020881
:10129000429F0208489F02084E9F0208549F02087E
:1012A0005A9F0208609F0208669F02086C9F02080E
:1012B0000346C06A0A4640B193F83501424083F8BC
:1012C000352103F114000CF0BCB970470346C06A25
:1012D00070B480B108465518854204D170BC03F142
:1012E00014000FF067BB10F8014B93F835617440A0
:1012F00083F83541F0E770BC7047A0F52A601CF018
:1013000065BC2DE9F0411E4690F958308AB0002B9B
:10131000DDF8408004460D46174621DD00F1280324
:1013200010220021184622F01AFCB8F5807FA7622F
:10133000E662256314D8119A25466E4655F8447B1B
:101340000690CDE907820FCD0FC695E8030046F859
:10135000040B04F1380331700ECBBD6B2046A84757
:101360000AB0BDE8F08138B50C4D05F59473036003
:1013700005F5BA730446C0F8A03A05F5C873C0F87D
:10138000B03A05F5DC7500F52B601AF0BBFC204681
:1013900025601AF00CFE204638BD00BF585A0208DE
:1013A000A0F52B60DFE710B50446FFF7DCFF204611
:1013B00023F026FC204610BDA0F52B60F3E730B4E7
:1013C000034600F130020024BFF35B8F52E8001F98
:1013D00042E80045002DF9D1BFF35B8F19B11B68BE
:1013E00030BC1B6A184730BC704708B50022027534
:1013F000FFF7E5FF4FF0FF3008BD10B5074B04467F
:1014000040F8543B20F05AFE04F13400FFF723FD6E
:101410002046FFF70FFE204610BD00BF4C5C0208BF
:1014200010B50446FFF7E9FF204623F0E9FB20460C
:1014300010BD054B10B504460360406A08B117F0B3
:101440006EFF204610BD00BF5C5C020810B504466C
:10145000FFF7EFFF204623F0D3FB204610BD70B509
:101460000446406A00230E461546636208B117F031
:1014700056FF95B1442023F0BBFB084A02600346A7
:10148000606A636208B117F04AFF606A03682A461F
:1014900031461B69BDE87040184770BDA05C02086A
:1014A00070B5154692F844200E460AB1002070BD72
:1014B0008C1C01F12402498C0368202914D1DB68BB
:1014C000214698470028F1D0202333807384214699
:1014D000A5F846304835E31851F8042B45F8042B9D
:1014E0009942F9D10120E2E79B6821469847EBE752
:1014F00070B5531E154606460C461F3213F8011FE1
:10150000C1B99342FAD1002070BD06F1790305F10B
:10151000200255F8041B43F8041B9542F9D1043608
:1015200004F1200354F8042B46F8042B9C42F9D113
:101530000120E9E700222946204616F037FB204625
:1015400016F0B6FC0028E0D020220021204622F030
:1015500006FBD8E72DE9F347454C07464548894641
:10156000904618F025F9B4F8FC15102903D104F2BF
:10157000FE5018F0E7F821F071FD042101900DEB09
:10158000010018F0DFF83E1D07F179054FF0000A61
:1015900094F8810C10F0400001D118F009F9B4F86A
:1015A000802CC2F30C03C2F3C9021F2AC8BFA3F5E3
:1015B0008073B4F8802CCCBFC3F30C03002363F317
:1015C0000C021304A4F8802C4FD50021084618F013
:1015D000B9F894F8813C84F89DAC6FF3C71384F894
:1015E000813CD4F8303C0133C4F8303C17F07EFF26
:1015F000DFF884C02A460CF1200E634603CB734506
:10160000106051609C4602F10802F6D118F06CF8A7
:1016100097F8793023F0070387F8793097F89830F6
:1016200003F03F0343F0400387F898300022294637
:10163000304616F0BBFA304616F03AFC0028A7D127
:10164000304606F1200350F8042B49F8042B984249
:10165000F9D1294605F1200351F8042B48F8042B51
:101660009942F9D102B0BDE8F08717F0ADFEB8E7B6
:10167000E8040020719F02082811002082B02DE9A3
:10168000F04F8FB004461993229B0093239BDDF803
:1016900090A00193934621F0E1FC269B03EB0A09FD
:1016A000BDF86430C9F80800064633B9002738464B
:1016B0000FB0BDE8F04F02B0704723680DF166012E
:1016C000DB692046984707460028EFD0A046202235
:1016D00058F8593B20461B6A414604F128059847B3
:1016E00010220021284622F03AFA009BA362019BB7
:1016F000E362C4F830B006B1E6623148314C0D22E5
:10170000294609F072FA41462F48082209F06DFA7D
:10171000D4F8A00C036820225B6A4146984719233D
:101720008DF828302A460DF1290305F10C0852F8EE
:10173000041B43F8041B4245F9D198F800201A70A5
:10174000D4F8A00C9AFA9AF3ADF83630036802AADE
:101750009B6A0AA99847259802AA514607F00CFFF0
:1017600001238DF818300DF1190355F8042B43F8B7
:10177000042B4545F9D12A781A70269A259806AB8C
:10178000514617F0D1FDD4F8A00C0023ADF8263057
:1017900003680AAA9B6A06A9984709F1070402AAE6
:1017A0000AAB09F1FF3112F8010B13F8015B684035
:1017B00001F8010FA142F6D1C9F8086077E700BF30
:1017C000809F0208E80400209D9F020882B02DE956
:1017D000F04F95B08A461EA981E80C00DDE928B3D8
:1017E0002A9E01932B9B0C3E9F19BDF87830D7F8A9
:1017F000089005462BB9002015B0BDE8F04F02B0A7
:10180000704703680DF17A01DB6998470028F2D030
:10181000A846202258F8593B28461B6A414605F144
:101820002804984710220021204622F098F9019BB5
:10183000C5F828B0EB62C5F830A0B9F1000F01D0AF
:10184000C5F82C903E483F4D0D22214609F0CDF9B8
:1018500041463D48082209F0C8F9D5F8A00C0368B4
:1018600020225B6A4146984701238DF820302246AA
:101870000DF1210304F10C0852F8041B43F8041B7A
:101880004245F9D198F800201A70D5F8A00C002331
:10189000ADF82E30036808A99B6A10AA98477B1EF2
:1018A00010A80CA9073713F801CF10F8012BBB4281
:1018B00082EA0C0201F8012BF5D108AB2C9A2B9887
:1018C000314617F031FD19238DF840300DF14103F9
:1018D00054F8042B43F8042B4445F9D122781A70AC
:1018E000D5F8A00C73BAADF84E30036804AC9B6A0F
:1018F000224610A998472C982246314607F03CFE14
:101900000CAB039410930398002300283FF474AFAA
:10191000109800283FF470AF8DF80B30039AD15C1B
:10192000109AD05C9DF80B20414001330A43082BEC
:101930008DF80B20F2D19DF80B000138C00F5BE74A
:10194000CD9F0208E8040020EA9F0208F0B500F1EC
:10195000590789B03B4601F1200251F8044B43F886
:10196000044B9142F9D16C4600F1790200F19903E0
:10197000264610685168254603C508329A422C460F
:10198000F7D1384616F094FA3A46314605463846BD
:1019900016F00CF90446384616F08AFA84F0010471
:1019A00005432C433046202116F036F804F0FF049E
:1019B000E04300F0010009B0F0BD10B50446006836
:1019C00008B117F0A7FC204610BD84B02DE9F34103
:1019D0009DF9448009AE0024B8F1100F86E80E008E
:1019E000DDE91357009443D1E82023F001F9264B99
:1019F00003602C33C362A0F828800A2380F83030BB
:101A000000F1380200F12C0342634360CDE9000489
:101A100001A8FFF7D2FF009C9DF9442023683146BE
:101A20001A4E1B69204698472A463946304622F00E
:101A300041F9C5F580720021701922F090F82368F1
:101A400012995B691022204698470C2384F82930AC
:101A500023683246D3F8188039462B462046C047C3
:101A60006846FFF7AAFF02B0BDE8F04104B0704736
:101A70004FF4947023F0BCF810230385044B0360EB
:101A80002C33C3620E23B9E7C85C02088C11002016
:101A90001C5D020810B591F85C31012B04460CD195
:101AA000064B1B7B022B08D0D1F81421096807F0E4
:101AB00062FB10B1236F0133236710BDE8040020DF
:101AC000F0B505468DB007F0E6F9284617F08BF81B
:101AD00095F988310933BCBFF72385F888312B6825
:101AE00028469B6B002498470594D5F85032049300
:101AF000B5F86C30039395F98831029395F8D93194
:101B0000019395F86130009305F51576EA6D95F827
:101B100060300146304615F09FFC821C4CD0284BAB
:101B2000984249D0D5F84C12264F304615F0E5FBC7
:101B3000044618BB0146304615F006FC0446E8B9D9
:101B40004FF0FF33CDE90933CDE907330B93D7F8D5
:101B5000A43DD5F89C02DB070CD401681A4BCA6877
:101B60000969C3E90122C3E90712C3E90D21012371
:101B7000C7F8A43D144A07A913F0E2FC97F8CD1169
:101B800001B10121304617F0E8F80023009301224B
:101B900040F6B50105F5F07017F002F94CB90121D6
:101BA000304617F0DFF9044618B92B6828465B6DFC
:101BB0009847B4FA84F4640920460DB0F0BD00BF24
:101BC0003DFDFFFFE80400200000002038B504467A
:101BD00007F04EF8236804F515759B6F204698476B
:101BE00094F86010284614F0FFFDE16D284614F0CB
:101BF00095FD94F86110284617F071F894F8D91102
:101C0000284617F08BF8D4F84C12284615F075FBCF
:101C1000B4F86C10284615F00DFB236820469B6B2A
:101C200098470146284614F083F894F98831162B1A
:101C3000C4BF162384F8883194F98811284613F01C
:101C400043FD064B284693F8CD1117F086F823681C
:101C500020465B6D9847002038BD00BFE804002097
:101C600010B5036804469B6F984704F5157016F08D
:101C700087FF012010BD08B500F5157013F06AF854
:101C8000003818BF012008BD38B5044600F51570AE
:101C900013F060F810F0140F12D0114DD4F8442254
:101CA0002B681AB9C4F84432012038BD216F9B1A41
:101CB000B3EB410FF8D3C30604D40023C4F8443275
:101CC0000020F2E7236800225B6B40F201112046FE
:101CD00098472B68D4F844229B1A9842E4D8ECE742
:101CE000E8040020F0B5C36F85B00446002B3DD159
:101CF00090F82C32002B34D104F51575284616F0D7
:101D00003FFF0021284616F01FFF7F238DF80F307C
:101D100000220123CDE9003289210DF10F0204F5E3
:101D2000F07013F053FCD4F8E0011C4E0368052159
:101D3000DB6998473768D4F8E001D4F80C120368DF
:101D40001B6998470346D4F8E0018BB90368D4F8BF
:101D50000C121B699847236890B15B6D2046984729
:101D600004E00368DB6D98470028C5D005B0F0BDDE
:101D700033680268DB1B322BE8D8536D9847DAE7EB
:101D80009B6B204698470146284613F060FF96F863
:101D9000CD11284616F0E1FF2368DEE7E8040020B5
:101DA00000F5157012F044BC1FB5FF238DF801300B
:101DB0004FF6FF730022ADF802304FF4C073CDE947
:101DC0000123039390F863308DF8003003680446D4
:101DD0009B6F9847694604F5157010F069FC034B3A
:101DE000C11A4842484104B010BD00BF42FDFFFF88
:101DF000F0B5036805469B6F85B09847B5F86C4011
:101E0000B5F8A63205F515766CB91C460F2C1ADC10
:101E10000023009340F2762202236FF07F41304688
:101E200010F040FE01E0A342F0D2012385F82C32ED
:101E30002B683349DB6C28469847284605B0BDE837
:101E4000F04007F081B895F8A03242F21070984047
:101E50001BF0AAFC2B490746D5F8A8021BF0FCFC96
:101E6000014638461BF0ACFD1BF06CFEA4F11007D8
:101E7000D5F8C832BFB2474303F57E729742C7D345
:101E800004FB0004E41B04F57A74640800EBC00052
:101E9000844238BF04467D22FF1AE4006FF07F4180
:101EA000B4FBF2F4631EA7F57A778B424FEAC707BB
:101EB000B7FBF2F7B9D27B1E8B42B6D2022340F2B7
:101EC0007622304614F0EBFC0028AED1230C8DF8BE
:101ED0000830230A8DF809303B0C8DF80B300123B4
:101EE000CDE900337FBAD5F89C028DF80A4006236D
:101EF00002AA9421ADF80C7013F068FB95E700BFBF
:101F0000057200080000204138B500F51575284617
:101F10000C4614F02DF9C4F81C01284612F02BFFD2
:101F200020F0E8FEC4F8240138BD10B5044600F5E1
:101F3000CA70FFF744FA04F5157012F031FF002360
:101F400084F82C32C4F84432236820469B6C9847AE
:101F50002046BDE8104008F047B82DE9F0430024C2
:101F60008BB005460E46A04600F51577002A58D0DE
:101F700090F8A432012B11D040F24971D0F89C02A4
:101F800013F06EF940F26B71C0F30214D5F89C02A5
:101F900013F066F9042CC0F300183ED80434E4B200
:101FA00095F86000D5F85C90B5F86C308DF8244059
:101FB00001248DF81C00ADF8143004FA00F0002361
:101FC0008DF81630CDF820901BF0F2FB49461BF03F
:101FD000F7FC4FF083411BF00FFA0028034618BFAF
:101FE00023468DF818308DF81780DDE90501D5F806
:101FF0005442099B019000930396ADF80810DDE967
:102000000723A46F95F8D8113846A0474FF47A7388
:10201000B0FBF3F00BB0BDE8F083072C08BF082439
:10202000BEE7D0F854323846DB6F9847EEE738B554
:10203000D0F8D430082B04460D4607D1AC3016F04A
:102040004DFD014610B11548FEF7E4FCD4F8D4303C
:10205000072B01DD20F0B2FFD4F8D80018B10368D7
:1020600000211B689847D4F8D03004EB8302013379
:10207000C2F8AC505A4202F0070203F0070358BFFF
:102080005342C4F8D030D4F8D4300133C4F8D4303B
:10209000D4F8FC300133C4F8FC3038BD201F0020D8
:1020A00038B5D0F8EC30022B04460D4607D1DC30B1
:1020B00016F003FD014610B11348FEF766FCD4F894
:1020C000EC30012B01DD20F079FFD4F8F00018B1DD
:1020D000036800211B689847D4F8E83004EB8302BA
:1020E000013303F0010348BF5B42C2F8DC50C4F87F
:1020F000E830D4F8EC300133C4F8EC30D4F8FC30DC
:102100000133C4F8FC3038BD9012002070B50F4B7D
:10211000044640F8683B19F0D6FDA36B3BB1E36D74
:10212000E56C1E1DAE420BD8A06B22F069FD606B02
:1021300008B122F065FD204619F0E4FD204670BD8F
:1021400055F8040B22F05CFDECE700BF705D02085F
:1021500010B50446FFF7DAFF204622F051FD204675
:1021600010BD38B5D0F88C100F4B03600446A9B9E8
:10217000D4F88820D4F88400920021F0F0FCD4F840
:10218000840004F19C03984201D022F039FD074BF2
:1021900023602046FFF7BAFF204638BD0D68084689
:1021A00022F02EFD2946E2E7AC5D0208EC5D020854
:1021B00010B50446FFF7D5FF204622F021FD20464A
:1021C00010BD2DE9F04FD1E90036D0F804A05E40F3
:1021D000B6FBFAF70AFB176785B088460A4633460E
:1021E00039460446FEF742FC38B103682BB103F1CF
:1021F0000C09484605B0BDE8F08F1C2022F0F8FC21
:10220000034605464FF0000B98E8030043F804BB73
:1022100083E803000123C5E904BB0093E368524649
:1022200004F1100102A81FF09FFB9DF8083005F192
:102230000C09C3B1039F012F04F1180A22D1C4F87D
:1022400018B0D046A4460020A2684CF8080F12BB74
:102250002068504501D022F0D3FCB6FBF7F3C4E967
:10226000008707FB13672368AE6153F82720B80087
:1022700072B312682A6053F827301D60E368013397
:10228000E360B6E7384616F029F9BA0059468046A9
:1022900021F065FCD6E79369B3FBF7F107FB113337
:1022A000D2F800E058F8231059B9A1681160A26073
:1022B00048F823C0116809B148F820201846724632
:1022C000C5E70968116058F823301A600346F5E73E
:1022D000A2682A60A5603AB192696168B2FBF1F622
:1022E00001FB162243F8225004F108021A50C5E7F8
:1022F0002DE9F0430546B1B014460E4631B1D3691D
:10230000DFF8D890D3E90078B84519D1A5B1AB680A
:10231000E4698BB1314901AA28460FF091F958B10F
:10232000D4E901739F421ED0BC2201A9384621F096
:10233000C1FC6368BC336360012031B0BDE8F08349
:102340003946BC2201A821F0B5FCA27D218A304685
:1023500018F0BAFDBC370028EFD001AA4946304634
:102360000FF016FAD0E71E4A0121204605F02AFE9A
:10237000D4F800800646A7EB080968B3194B9842C9
:1023800006D9194B984201D91FF09DFA1FF098FA0F
:10239000BC20704322F02CFC0546BC2201A905EBB1
:1023A000090021F087FC39462A46404617F044FDD3
:1023B000394600F1BC02384617F03EFD0746B8F139
:1023C000000F02D0404622F01BFCBC23C4E900579A
:1023D00003FB0655A560AFE70546DEE7245E02086D
:1023E0001AA00208414CAE0082985C0170B59EB004
:1023F0000F4B0093684614460E4611F053FB002520
:10240000E4B2A54209D320223146684611F0D9FE34
:10241000684615F075FD1EB070BD621B102A06EBF4
:10242000050128BF1022684611F099FE1035E8E733
:10243000445E020810B5054B044640F82C3B15F0ED
:1024400004FB204615F07CFB204610BD1C5D0208F5
:1024500010B50446FFF7EEFF204622F0D1FB2046E0
:1024600010BD10B5054B044640F82C3B15F0DCFAC6
:10247000204615F065FB204610BD00BFC85C020871
:1024800010B50446FFF7EDFF204622F0B9FB2046C9
:1024900010BD002807DB044A4109012300F01F009A
:1024A000834042F82130704700E100E000280CDB57
:1024B0004309064900F01F0020330122824041F801
:1024C0002320BFF34F8FBFF36F8F704700E100E011
:1024D00008B53220FFF7EAFFBDE80840014818F0D0
:1024E00079BA00BFB01A0020164B30B5DC68C4F3CF
:1024F0000224C4F10703251D042B28BF0423062D45
:102500004FF0FF358CBF033C002405FA03F321EAAA
:102510000303A54022EA0502A340002843EA020380
:10252000ACBF00F16040084A4FEA0313B8BF00F0A7
:102530000F00DBB2AABF00F56140135480F80033EE
:1025400030BD00BF00ED00E014ED00E008B590F8EC
:102550002530022B03D00423C363012008BD036888
:102560001A6822F00E021A601A6822F001021A603C
:10257000826C136823F480731360D0E9101303F0A6
:102580001C02012393404B60D0E913325A60436D23
:1025900033B11A6822F480721A60D0E916325A6098
:1025A000012380F82530002380F82430836B03B1A9
:1025B00098470020D2E7074B5A69002ABFBF064A56
:1025C0009A6002F188329A60BABF5869C00F002041
:1025D000704700BF0040005823016745044B5A690B
:1025E00042F000425A615869C043C00F704700BFB3
:1025F000004000580268436B9169126803B11847A4
:1026000070471C4A436B934270B501F002020DB251
:1026100001F001041DD0184EB3421AD0174EB34238
:1026200017D0002DACBF0023B8230CB143F0F20348
:102630000AB143F0F403102902D143F0900303E000
:10264000202901D143F0200301680A6813430B607D
:1026500070BD002DACBF0023B8230CB143F0F203D2
:102660000AB143F0F4031029E7D0202908BF43F052
:102670006003E9E7352A00080B2F0008372B000814
:1026800090F84120602A4FF0000206D1202180F806
:10269000411080F8402002637047026380F84020B8
:1026A00090F892205AB990F84120202A07D1282288
:1026B00080F84120024A42634FF40041A1E770478D
:1026C000F92D0008806A836B0BB100229A63C36BFB
:1026D0000BB100229A63D3E711F0010307D090F801
:1026E000413003F02803282B14BFF22342238A072A
:1026F00009D590F8412002F02802282A0CBF43F0A7
:10270000440343F0F4030A0401680A6848BF43F035
:10271000B80322EA03030B607047002380F84230BD
:1027200090F8412010B5212A4FF0200280F8412076
:102730000BBF112212224363436307BF02630121CF
:1027400002630221FFF7C8FF002380F8403010BD6C
:1027500008B503681A68002180F84210510415D5A5
:102760001A6822F480421A6090F84130292B13D164
:10277000282380F84130212303630121FFF7ACFFB8
:10278000002380F8403080F8903008BD1204EBD56B
:102790001A6822F40042E6E790F841302A2BF4D17F
:1027A000282380F84130222303630221FFF794FF9E
:1027B000002380F84030BDE808400EF06FBD08B53A
:1027C000164BC362202200230363436380F8412039
:1027D00080F842304B0712D503685A6A436A1A7070
:1027E000436A01334362038D4BB1013B0385438D43
:1027F000013B9BB24385436C43F00403436448F2BE
:102800000301FFF769FF03681022DA61002380F8F3
:102810004030BDE808400EF01EBD00BF0000FFFFC5
:1028200070B500223B4D90F8413080F84220C562DF
:102830004285426C283B0A43022B0446426429D855
:102840000321FFF749FF282380F84130324BA06B6A
:102850006363236B00283FD0112B01D0212B3BD188
:1028600023681A68510442BF1A6822F480421A6031
:1028700090F82530012B2BD0284B8363002384F85C
:102880004030FFF763FE002843D0A06B836BBDE8A8
:102890007040184748F20301FFF71EFFFDF750FC98
:1028A00090F84130602B11D0202380F8413003682C
:1028B0009A6995060AD59A69D00605D51022DA617B
:1028C000626C42F0040262642022DA610023BEE7F7
:1028D0002046BDE87040D3E6E06B0028F8D0122B0C
:1028E00001D0222BF4D123681A68120442BF1A685F
:1028F00022F400421A6090F82530012BE8D0074BF3
:102900008363002384F84030FFF720FE08B1E06BBA
:10291000BCE770BD0000FFFFF92D0008C5260008C8
:10292000036899691A6810B4CC0508D5140606D551
:10293000446C44F0010444644FF48074DC614C0541
:1029400008D5140606D5446C44F0080444644FF4DA
:102950008064DC61890508D5120606D5426C42F018
:10296000020242644FF40072DA61416C11F00B0F05
:1029700001D010BC54E710BC704773B50568202324
:10298000EB6190F84130212B04460E4634D10121F1
:10299000FFF7A2FE112323636B6823F0FF7323F478
:1029A0008B3323F4FF7323F001036B600023636315
:1029B000F206A3F58033E36205D51023EB61636C67
:1029C00043F00403636494F84130602B05D173072E
:1029D00041BF6B6ADBB20193019B2046FDF7B0FB60
:1029E000636C94F84120602A00D073B1616C20467A
:1029F00002B0BDE8704013E790F84130222BCBD1F4
:102A00000221FFF769FE1223C5E794F84120212A2D
:102A10000AD1202284F84120236394F8422084F8CC
:102A2000403084F8423003E094F84120222AF0D06C
:102A300002B070BD73B590F84030012B044678D0D9
:102A4000012380F84030CB0612D5D60610D5036896
:102A50001022DA61436C43F0040343642021FFF742
:102A6000D0FDFDF76DFB002084F8400002B070BD82
:102A70000D0641D550063FD525682B6823F040034D
:102A80002B60638D9BB25BB36968638D9BB2FF2B38
:102A9000C1F309011AD9FF2323854FF08073002267
:102AA000268D009294F828202046FDF757FB638D71
:102AB0009B1B9BB2638594F84130222B2B680CBF83
:102AC00043F4004343F480432B60CCE7638D2385BC
:102AD000E36A13F5803F14BFE36A4FF00073DEE74B
:102AE0006B689A0103D42046FFF717FEBBE740212D
:102AF0002046FFF795FEB6E74B0612D5560610D5D1
:102B0000638D9BB2002BF2D123685A689501AAD439
:102B1000E26A12F5803FE6D15A6842F480425A6078
:102B2000A1E788069FD593069DD52046FFF725FF90
:102B300099E702209AE713B590F84030012B04463C
:102B400000F08580012380F84030CB0612D5D306F3
:102B500010D503681022DA61436C43F00403436428
:102B60002021FFF74EFDFDF7EBFA002084F840002E
:102B700002B010BD880708D5930706D52368226DDB
:102B80009A624FF0FF332365EFE7080636D5530608
:102B900034D510212046FFF734FD638D9BB24BB333
:102BA000638D9BB2FF2B17D90023FF22E16C228596
:102BB00000934FF0807389B2FDF7D0FA638D228DB8
:102BC0009B1A9BB2638594F841202368222A1A68D5
:102BD0000CD142F400420BE0628DE16C92B2002312
:102BE00022850093D2B24FF00073E4E742F48042B2
:102BF0001A60BAE74021FFF713FEB6E748061ED574
:102C000053061CD594F84110124A134B222918BFC1
:102C10001346628D92B2FF2A08D9FF22E16C228509
:102C200000934FF0807389B22046C5E7628DE16C56
:102C300092B222850093D2B24FF00073F3E7880678
:102C400093D5930691D52046FFF797FE8DE7022096
:102C50008EE700BF00200080002400802DE9F843AB
:102C60000568D5F80090D0F82C8090F8417007F0F6
:102C7000F7072023212F04460E46EB6163D148F26B
:102C80000101FFF729FD27636B6843F400436B6084
:102C90006B6823F0FF7323F48B3323F4FF7323F06B
:102CA00001036B602046FDF74BFA19F4804F4FD0BB
:102CB0002B6823F480432B60A36B1BB11B685B68FC
:102CC0009BB2638572070FD5636A6A6A1A70636A7A
:102CD00001336362238D2BB1013B2385638D013B5F
:102CE0009BB2638526F00406638D9BB21BB1636CB7
:102CF00043F004036364F30611D519F0100F0ED0EE
:102D0000638D9BB2002B3DD194F84130282B28D104
:102D1000B8F1007F25D131462046FFF750FD002352
:102D200084F84230656C6363002D3AD0616C2046B4
:102D3000FFF776FD94F84130282B58D131462046D4
:102D4000BDE8F8433BE5222F9ED148F2020198E707
:102D500019F4004FB6D02B6823F400432B60E36BCB
:102D6000ABE794F841202368292A4FF01002DA617A
:102D7000D5D118F5803FD2D02046FDF7E1F9FFF715
:102D8000E7FCCCE723681022DA61636C43F00403AC
:102D9000636438F08073C2D1616C2046FFF740FD58
:102DA000BDE7E36A13F5803F0FD02046FFF7D0FC64
:102DB000104BE362202384F8413084F840502563AF
:102DC0002046BDE8F8430EF046BA94F8413084F846
:102DD0004050222B4FF0200384F84130256304D16A
:102DE0002046BDE8F8430EF059BA84F89050BDE88B
:102DF000F88300BF0000FFFF70B590F84060C56A1F
:102E0000012E04460B467ED0012680F840608E06D7
:102E100007D5960605D5FFF721FF002084F840006E
:102E200070BDD90630D5D6062ED5628D92B2E2B9E4
:102E300094F84120282A07D1B5F1007F04D1194622
:102E40002046FFF7BCFCE8E794F841202368292AD4
:102E50004FF01002DA61E0D115F5803FDDD0204659
:102E6000FDF76EF9FFF774FCD7E723681022DA61EB
:102E7000636C43F00403636435F08073CDD1616CFF
:102E80002046FFF7CDFCC8E758071BD5510719D5D9
:102E9000638D9BB26BB123685A6A636A1A70636A66
:102EA00001336362238D013B2385638D013B9BB21C
:102EB0006385638D9BB2002BAFD115F5803FACD0FD
:102EC0002046CFE71E0705D5100703D5204617F08B
:102ED0006FFCA2E79907A0D593079ED5638D9BB29F
:102EE0006BB1636A226813F8011B91626362638DA0
:102EF000013B9BB26385238D013B23858DE735F034
:102F000080738AD1DCE702208AE770B590F84060D0
:102F1000C56A012E04460B4670D0012680F8406039
:102F20008E0607D5960605D5FFF798FE002084F893
:102F3000400070BDD80659D5D10657D512F4404F80
:102F400050D0D4E90E10E0B921B1520402D50A687C
:102F500052680AB323681022DA61636C43F00403F9
:102F6000636494F8413035F08072DBB2DED1213BEE
:102F7000092B30D8DFE803F02D342F2F2F2F2F2FE0
:102F80002D341604E0D5006840680028DCD119B162
:102F9000500444BF0A68526894F84120282A07D197
:102FA000B5F1007F04D119462046FFF708FCBDE7C4
:102FB00094F841202368292A4FF01002DA61B5D134
:102FC00015F5803FB2D02046FDF7BAF8FFF7C0FBF9
:102FD000ACE721232363616C2046FFF721FCA5E7C2
:102FE0002223F7E723681022DA619FE719079DD5AE
:102FF00013079BD5204617F0DBFB97E7022098E7E5
:103000004FF0B0431868C0F3802070474FF0B043D2
:103010001868C0F3406070474FF0B04310B59A682D
:10302000D96812F00C0205D00C2A4AD101F0030332
:10303000012B51D14FF0B0412B480B6813F008031E
:1030400006D00B6813F0080337D1D1F8941007E0CD
:103050000C68240756BFD1F894300968C3F30323E2
:1030600050F82330002A0CBF184600204FF0B04122
:103070008A6802F00C020C2A1ED1CA6802F0030210
:10308000022A2ED0032A06D10B68184A13F4801F97
:10309000174B18BF13464FF0B042D068D168D268C2
:1030A000C0F306205843C1F302130133B0FBF3F021
:1030B000530F0133B0FBF3F010BD0B68C3F30313E0
:1030C000CEE7042A05D0082A06D11B6813F4801322
:1030D00005D006480023C9E700231846C6E7044880
:1030E000C4E7024BD7E700BF585A02080024F40097
:1030F0000048E80108B5FFF78FFF4FF0B0439A682A
:10310000044BC2F3031203EB82031B6CB0FBF3F01E
:1031100008BD00BF585A020838B50546FFF7EAFF58
:103120004FF47A73B0FBF3F3013BB3F1807F01D32B
:10313000012038BD4FF0E022F0215361094B0024FB
:1031400083F823100F2D4FF0070394611361EFD81C
:103150004FF0FF3022462946FFF7C6F9024B2046C2
:103160001D66E6E700ED00E000000020F8B54FF036
:10317000B04304469D68DE6803689F0605F00C05B1
:1031800006F0030632D5016A1DB10C2D7CD1012E4B
:103190007AD109B90120F8BD4FF0B043A76A1A6887
:1031A000100756BFD3F894301B681B0903F0F003D7
:1031B0009F4255D93846FCF7F0FF0028EAD14FF07E
:1031C000B042136843F008031360136823F0F00360
:1031D0003B431360606AFCF7D7FFFFF78BFF994B07
:1031E0005866186EFFF798FF0028D4D12268D007E0
:1031F00040F1AD80082D616803D00C2D71D1032EF4
:103200006FD10029C6D0910700F1B880170740F1AF
:103210000481A1694FF0B043002900F0ED80D3F89C
:103220009410E06901F01006B04200F0D28001F085
:103230000306022EAED0CE0740F1C280D3F8941020
:10324000814E21F00101C3F894103768D3F894102F
:10325000890740F1B5803168C91B1129F6D931E0E1
:103260004FF0B042136843F008031360136823F073
:10327000F0033B431360606AFCF786FF3846FCF7B7
:103280008CFF0028A9D085E76F4A4FF0B043D9B131
:10329000196841F0010119601068196889070DD596
:1032A0001A6842F008021A601A68A16A22F0F00255
:1032B0000A431A60606AFCF767FF97E71168091A0A
:1032C0000229EAD9032066E7196821F00101196093
:1032D000106819688F0789D51168091A0229F8D969
:1032E000F0E74FF0B043A768186820F48010384327
:1032F000B1F5803F186054480ED1196841F480310F
:10330000196001684FF0B0473B689B031FD4036806
:103310005B1A642BF8D9D5E7B1F5041F04D11968FD
:1033200041F400111960E8E71F6827F480371F6037
:103330001F6827F400171F600029E2D10768196889
:10334000890304D50168C91B6429F8D9BAE7930732
:103350007FF55CAF042D03D00C2D0FD1022E0DD1C3
:103360002369002B3FF416AF4FF0B04160694B6802
:1033700023F0FE4343EA00634B6047E7206932498C
:103380004FF0B04368B1186840F4807018600E6860
:10339000FFF736FE0028E7D10B689B1B022BF7D9FD
:1033A00090E7186820F4807018600E68FFF728FE18
:1033B00000283FF42BAF0B689B1B022BF6D981E74B
:1033C0004FF0B041D1F8943023F010030343C1F81B
:1033D00094304FF0B0411C48D1F8943043F00103D1
:1033E000C1F894300668D1F894309F0715D403686B
:1033F0009B1B112BF7D965E7D3F89410124821F0E5
:103400000101C3F894100668D3F89410890704D515
:103410000168891B1129F7D954E757074ED50B4A84
:10342000136813F4807F084B12D1116841F4807146
:10343000116018681168CE050AD41968091A0229A2
:10344000F8D93FE700000020E804002000040058FD
:10345000E1684FF0B04200294BD021F080000528F0
:1034600002BFD2F8900040F00400C2F890004FF084
:10347000B0421F68D2F8900040F00100C2F89000FE
:1034800041F28836D2F89000800704D41868C01B37
:10349000B042F7D916E721F0040181291868D2F863
:1034A000901015D141F08001C2F8901041F2883699
:1034B0004FF0B041D1F89020120504D5E36A002BFB
:1034C0003DD1002067E61A68121AB242F2D9F9E635
:1034D00021F08001C2F8901041F288364FF0B041DF
:1034E000D1F890201705E9D51A68121AB242F7D917
:1034F000E8E61868D2F8901021F08001C2F8901028
:1035000041F28836D2F89010090513D41868D2F821
:10351000901021F00101C2F890104FF0B04641F236
:103520008831D6F890209207C8D51A68121A8A42B4
:10353000F7D9C7E61968091AB142E3D9C2E60C2DDA
:1035400046D0022B4FF0B043314A196821F0807108
:103550001960116831D1FFF759FD20BBD4E90C3057
:103560004FF0B0410343CD682A4828400343E06B45
:103570000343206C0343606C0343A06B43EA0023C6
:10358000CB600B6843F080730B60CB6843F08053D3
:10359000CB601168FFF73AFD002892D113685B1ADF
:1035A0000A2BF7D98EE613685B1A0A2BD3D989E662
:1035B00013685B1A0A2B3FF685AEFFF727FD00283C
:1035C000F6D14FF0B042144BD1680B40D36078E78E
:1035D000012B3FF4DFAD4FF0B043D868236B00F010
:1035E00003029A427FF4D6AD626B00F070039342FF
:1035F0007FF4D0ADA26B00F4FE43B3EB022F7FF457
:10360000C9AD636C00F06040C01A18BF0120C2E56C
:10361000E80400208C80C111FCFFFEEE08B5FFF726
:1036200069FD4FF0B0439A68044BC2F3022203EBEA
:103630008203D3F81434D84008BD00BF585A02089A
:1036400008B5FFF757FD4FF0B0439A68044BC2F33B
:10365000C22203EB8203D3F81434D84008BD00BF64
:10366000585A020870B5044605682269A36829689B
:10367000C069666A134362691343774A03430A4089
:1036800013432B606B68E26823F4405313436B6071
:10369000724BA2699D421CBF236A1A43AB6823F098
:1036A0006E4323F430631343AB60EB6A23F00F03E4
:1036B0003343EB626A4B9D4217D14FF0B043694AE6
:1036C000D3F8883003F0030343F44033934264D0CB
:1036D000B3F1031F21D0013A934258D0B0F5004F07
:1036E00040F0B480FFF7ACFF34E05F4B9D4234D133
:1036F0004FF0B0435D49D3F8883003F00C0343F436
:1037000040228A4249D005D8FBB1594B9A423ED05B
:10371000012065E0B2F10C1FFAD1B0F5004F40D0A6
:103720004FF40040534B626803EB4603B3F8343464
:10373000B0FBF3F303EB5203B3FBF2F34FF6EF727C
:10374000A3F110019142E3D844E0B0F5004F78D1E5
:10375000FFF764FF002842D023E0404B9D42D7D1C1
:103760004FF0B043D3F8883003F44063B3F5006FF3
:103770003DD006D883B3B3F5806FC9D1FFF74CFCB9
:103780002CE0B3F5406FC3D14FF4004030E0B0F50A
:10379000004F5ED1FFF740FCDCE7B0F5004F364844
:1037A000C0D1344B626803EB4603B3F83434B0FB4A
:1037B000F3F0530803EB4003B3FBF2F34FF6EF7261
:1037C000A3F110019142A3D823F00F0292B2C3F3E8
:1037D00042031343EB6002E0FFF720FF40B90020F3
:1037E0004FF00113A3660023C4E91D3370BD2248C6
:1037F000204B656803EB460305EB4501B3F8342421
:10380000B0FBF2F3994283D8B3EB053F80D8002395
:10381000194619F005FE090241EA10616B08000221
:10382000C0182A464FF0000341F1000119F0F8FDDD
:10383000124BA0F540729A423FF66AAF074BD86030
:10384000CDE7FFF7EBFE0028C9D06BE7FFF7F8FEE6
:10385000F9E7FFF7E1FBF6E7F369FFCF00800040EF
:1038600000380140020003000044004008000C0042
:1038700004000C00585A02080024F400FFFC0F005A
:1038800038B5044638B3D0F888300BB980F88430A6
:1038900025682423C4F888302B6823F001032B60AB
:1038A000A36A13B12046FCF7E3FC2046FFF7DAFEDB
:1038B000012810D06B6823F490436B60AB6823F051
:1038C0002A03AB602B6843F001032B602046BDE860
:1038D0003840FDF71BB9012038BD38B5044658B350
:1038E000D0F888300BB980F8843025682423C4F8D8
:1038F00088302B6823F001032B60A36A13B12046A4
:10390000FCF7B6FC2046FFF7ADFE012814D06B682B
:1039100023F490436B60AB6823F02203AB60AB6889
:1039200043F00803AB602B6843F001032B60204693
:10393000BDE83840FDF7EAB8012038BD836810B50E
:10394000044613B1032201469847204610BD10B526
:10395000034B044640F8043BFFF7F0FF204610BD40
:10396000AC5E020810B50446FFF7F1FF204621F0D7
:1039700047F9204610BD10B5034B044640F8043B00
:10398000FFF7DCFF204610BDAC5E020810B5044610
:10399000FFF7F1FF204621F033F9204610BD10B5A6
:1039A000034B044640F8043BFFF7C8FF204610BD18
:1039B000AC5E020810B50446FFF7F1FF204621F087
:1039C0001FF9204610BD0369DA6822F00102DA60AF
:1039D000DA6822F00202DA60DA6822F00402DA60C1
:1039E000DA6822F00802DA60DA6822F01002DA609F
:1039F000196A41F21112114208D1196A40F2444287
:103A0000114202BF1A6822F001021A60012280F8F6
:103A10004D20196821F00101196080F84E2080F8CE
:103A20004F2080F8502080F8512080F8522080F8F4
:103A3000532080F8542080F8552080F8562080F8D4
:103A4000572070470B4B98420BD0B0F1804F0AD0F3
:103A500003F5C053984208D003F58063984206D01E
:103A6000FEE70020704701207047022070470320C6
:103A7000704700BF002C0140826810B50AB91DF0E4
:103A80002FFFBDE81040C36818470B4BDA680242AD
:103A900011D0D8600023012803F1010208D10748A2
:103AA000DBB2142202FB0300043083681BB1E3E79E
:103AB00040081346EFE7704700080058C01A00207E
:103AC000037F013B072B14D8DFE803F00411130D2B
:103AD0001313130F012350F8040C1B016433184413
:103AE000836833B1C8E70323F5E70423F3E7022330
:103AF000F1E77047036870B5DD681E69B1070446D9
:103B00000BD5AA0709D56FF002021A6101220277CC
:103B10009B69FFF7D5FF0023237770070DD5690751
:103B20000BD523686FF004021A6102222277204627
:103B30009B69FFF7C5FF0023237732070DD52B07BD
:103B40000BD523686FF008021A6104222277204601
:103B5000DB69FFF7B5FF00232377F0060DD5E906F3
:103B60000BD523686FF010021A61082222772046D5
:103B7000DB69FFF7A5FF00232377F2070CD5EB07DE
:103B80000AD5236854F8040C6FF001021A61C36E61
:103B900013B16430FFF770FF300605D5290642BF28
:103BA00023686FF080021A61F20505D52B0642BF2B
:103BB00023686FF480721A61700605D5690642BFEA
:103BC00023686FF040021A61B20605D5AB0642BF0A
:103BD00023686FF020021A6170BD034BD3F82006F2
:103BE00008B1043086E77047E0150020FFF7F5BF05
:103BF000034BD3F8240608B104307BE7704700BFBD
:103C0000E0150020034BD3F8280608B1043071E713
:103C1000704700BFE0150020034BD3F82C0608B115
:103C2000043067E7704700BFE015002020F0E0BFD8
:103C300020F0DEBF20F0E4BF20F0E2BF20F0E0BFC4
:103C400008B5032818D8DFE800F002080D1201209B
:103C5000FCF70FFC4FF0904008BD0220FCF709FC78
:103C60000648F9E70420FCF704FC0548F4E7802047
:103C7000FCF7FFFB0348EFE70020EDE700040048F6
:103C800000080048001C00484FF0B04382B09A6D15
:103C900002439A659B6D03400193019B02B07047FC
:103CA0004FF0E0230B4A82B01168986901901068C8
:103CB0009A6900925A69884214BF009B019B0132A5
:103CC0004FF47A71D31A4B43B3FBF2F301FB00308C
:103CD00002B07047E8040020094B70B500261D684B
:103CE0004FF47A73B5FBF3F5C0E900560446FFF7CD
:103CF000D7FF044B03FB0500A060304670BD00BF3A
:103D0000E8040020C0BDF0FF024A136801331360CD
:103D1000704700BFE80400200C4BD3F8FC20D20110
:103D20005EBFD3F8FC2042F08072C3F8FC20084B41
:103D300000225A601A6842F001021A6000BF00BFF8
:103D400000BF5868B0FA80F04009704700ED00E00D
:103D5000001000E0012098E6022096E6042094E698
:103D6000082092E6102090E638B505242025A8B258
:103D7000FFF78BFE013C4FEA4505F8D138BD38B559
:103D800006244FF48065A8B2FFF77FFE013C4FEA9E
:103D90004505F8D138BD012A02D0022A18BF0022F9
:103DA000FCF7E4BEF8B5471C06460C4600D1FEE71A
:103DB0003F4B00F00F0203EB8203C0F30310D3F874
:103DC0006414FFF73DFF91FAA1F3B3FA83F3876818
:103DD00003225B0002FA03F391FAA1F2B2FA82F233
:103DE00027EA03075200032393403B4304F00705EF
:103DF0008360032D03D8DFE805F057032559FEE75C
:103E0000012391FAA1F2B2FA82F206685200032766
:103E100007FA02F226EA020691FAA1F2B2FA82F257
:103E200052009340013D3343012D036005D84368A0
:103E300022074CBF0B438B434360C4F30112BDE820
:103E4000F840A8E7C4F306227F2A17D0360717D513
:103E50000B0A93FAA3F6B6FA86F6476A93FAA3F327
:103E6000B6004FF00F0CB3FA83F30CFA06F69B0082
:103E700027EA060602FA03F3334343620223C0E74C
:103E800091FAA1F3B3FA83F3066A9B000F2707FAAE
:103E900003F326EA030691FAA1F3B3FA83F39B0036
:103EA0009A4032430262E9E70023AAE70323A8E726
:103EB000585A0208431C05D17047984201D18968BD
:103EC00070E70C310B685A1CF7D1FEE7431C02D196
:103ED000002070470C310B685A1CF9D09842F9D178
:103EE0004868704703468B42084604D01BB100293E
:103EF0000CBF1846002070474FF0B0431A6842F0DC
:103F000061021A604FF4E0229A6061221A60064A48
:103F1000DA6000229A6140F23F321A62034B4FF09E
:103F200000629A60704700BF0001042200ED00E0CB
:103F30004FF0B04382B01A6E02431A661B6E034004
:103F40000193019B02B0704703680C4A934202D16F
:103F50004FF40060ECE7B3F1804F01D1012093E60C
:103F6000074A934202D14FF40030F3E7054A9342E7
:103F700002D14FF48020EDE7704700BF002C0140D4
:103F80000044014000480140431C10D00C4B9842B3
:103F900010D007D8B0F1804F0ED0A3F5C05398428F
:103FA0000CD0FEE7074B9842FBD11D2070476FF005
:103FB0000D0070471C2070471B2070471820704769
:103FC0000044014000480140431C10D00C4B984273
:103FD00010D007D8B0F1804F0ED0A3F5C05398424F
:103FE0000CD0FEE7074B9842FBD11D2070476FF0C5
:103FF0000D0070471C2070471B2070471A20704727
:10400000004401400048014090F8B120084B03EB08
:104010008203D3F83036D3F88800D3F88C301843B5
:1040200000F02200A0F1220358425841704700BF1F
:10403000E015002010B5044650F80439DA69D107BC
:104040000BD501221A62FFF7DFFFA8B904F1AE0118
:104050002046BDE8104016F0E3BBDA69920701D5AF
:104060000222EFE7DA69510701D50422EAE7DA69AB
:104070001207E8D50822E5E710BD0368D9691A6878
:104080002DE9F04140F60F0631429D68044610D1FB
:104090008E0640F1BA8002F0200605F080573E43BC
:1040A00000F0B380436F002B00F0AD80BDE8F0411D
:1040B0001847AF4EAF482E401040304300F0A58067
:1040C000CF0709D5D00507D501201862D4F8900094
:1040D00040F00100C4F890008F0709D5E80707D524
:1040E00002201862D4F8900040F00400C4F8900058
:1040F0004F0709D5E80707D504201862D4F89000C7
:1041000040F00200C4F890000F070BD502F0200029
:10411000304307D008201862D4F8900040F008001F
:10412000C4F890000E050AD5500108D54FF4006080
:104130001862D4F8903043F02003C4F89030D4F8DB
:104140009030002B5FD0890609D502F0200205F0DF
:1041500080552A4303D0636F0BB1204698472368EC
:10416000D4F890109A6801F0280102F0400252EA57
:10417000010543D053E8002F22F4907243E8002158
:104180000029F7D17C4803F1080252E8002F0240D1
:1041900003F1080545E800210029F4D1E26E012A67
:1041A00007D153E8002F22F0100243E80021002934
:1041B000F7D12022C4F88C200022E26662679A6858
:1041C000520617D503F1080252E8002F22F04002F0
:1041D00003F1080040E800210029F3D1D4F8800061
:1041E00040B1664B8363FEF7B1F960B1D4F880004B
:1041F000836B5BE72046BDE8F0411BE72046FFF7F5
:1042000019FFC4F89050BDE8F081E06E012840F03D
:10421000B780CF0640F1B480D60640F1B1801022BD
:104220001A629A68500671D5D4F8802010684168E7
:1042300089B20029E7D0B4F85C508D42E3D9A4F8E4
:104240005E100168890634D453E8001F21F48071A0
:1042500043E800100028F7D103F1080151E8001FDE
:1042600021F0010103F1080545E800100028F3D111
:1042700003F1080151E8001F21F0400103F1080596
:1042800045E800100028F3D12021C4F88C10E06626
:1042900053E8001F21F0100143E800100028F7D177
:1042A0003AB192F82530022B08D00423D36382F868
:1042B000240002232367B4F85E30A4E71368906CEF
:1042C000196821F00E011960016821F48071016004
:1042D000196821F001011960D2E9100303F01C01F3
:1042E00001238B404360D2E913315960536D33B1E0
:1042F000196821F480711960D2E9163159600123DF
:1043000082F82530002382F82430D2E7B4F85E200A
:10431000B4F85E10B4F85C0089B292B200293FF4A0
:1043200072AF90423FF46FAF53E8002F22F49072C7
:1043300043E800210029F7D10F4803F1080252E8B1
:10434000002F024003F1080545E800210029F4D1BF
:104350002022C4F88C206167E16653E8002F22F028
:10436000100243E800210029F7D1022323674AE71E
:104370000100001020010004FEFFFFEFE9430008E8
:10438000CF020BD56E0209D54FF4801204F1AE01B5
:1043900020461A62BDE8F04116F042BA08060BD575
:1043A00002F0800005F40005284305D0A36F002B20
:1043B0003FF429AF204679E649067FF524AF52063F
:1043C0007FF521AF53E8002F22F0400243E800219F
:1043D0000029F7D12023C4F88830A167D4F8983099
:1043E000201FBDE8F0411847806A0023A0F85E3026
:1043F000A0F856301EE62DE9F84F0368B0F860606B
:10440000D3F81CB01F689D68D0F88C20222A04467F
:1044100040F0B580B0F8683043B1DFF86C91DFF858
:104420006CA14FF000081BF0200F20D1B4F85E30D3
:104430009BB2D3B1B4F868209A4216D9226802F12F
:10444000080353E8003F23F08053083242E800316C
:1044500022680029F2D14E4B636752E8003F43F0D7
:10446000200342E800310029F7D1BDE8F88F236826
:10447000A26D5B6A33401370A36D0133A365B4F87A
:104480005E30013B9BB2A4F85E302368D3F81CB0C9
:104490001BF0070F2ED01BF0010F09D0F90507D52F
:1044A00001221A62D4F8902042F00102C4F8902050
:1044B0001BF0020F09D0EA0707D502221A62D4F8CE
:1044C000902042F00402C4F890201BF0040F09D0A1
:1044D000E80707D504221A62D4F8903043F00203AB
:1044E000C4F89030D4F8903023B12046FFF7A2FDF5
:1044F000C4F89080B4F85E309BB2002B93D1226850
:1045000052E8003F23F4807342E800312368002919
:10451000F5D103F1080252E8002F02EA090203F183
:10452000080040E800210029F3D120225345C4F8B7
:104530008C20616721670AD05A68110207D553E8B9
:10454000002F22F0806243E800210029F7D1E26EBB
:10455000012A10D10022E26653E8002F22F0100257
:1045600043E800210029F7D1DA69D2067FF55BAF75
:1045700010221A6257E72046FBF7A3FF53E79A6918
:1045800042F008029A6170E7FEFFFFEF00800040F2
:10459000CB0400082DE9F84F0368B0F86060D3F849
:1045A0001CB01F689D68D0F88C20222A044640F079
:1045B000B380B0F8683043B1DFF86891DFF868A1E4
:1045C0004FF000081BF0200F20D1B4F85E309BB2F2
:1045D000D3B1B4F868209A4216D9226802F10803D0
:1045E00053E8003F23F08053083242E8003122684C
:1045F0000029F2D14D4B636752E8003F43F020039E
:1046000042E800310029F7D1BDE8F88F2368A26D98
:10461000596A314022F8021BA265B4F85E20013AC3
:1046200092B2A4F85E20D3F81CB01BF0070F2ED076
:104630001BF0010F09D0F90507D501221A62D4F841
:10464000902042F00102C4F890201BF0020F09D024
:10465000EA0707D502221A62D4F8902042F0040239
:10466000C4F890201BF0040F09D0E80707D50422F6
:104670001A62D4F8903043F00203C4F89030D4F8B2
:10468000903023B12046FFF7D5FCC4F89080B4F8F1
:104690005E309BB2002B95D1226852E8003F23F494
:1046A000807342E8003123680029F5D103F1080244
:1046B00052E8002F02EA090203F1080040E8002155
:1046C0000029F3D120225345C4F88C20616721676B
:1046D0000AD05A68110207D553E8002F22F08062F1
:1046E00043E800210029F7D1E26E012A10D100220F
:1046F000E26653E8002F22F0100243E8002100296F
:10470000F7D1DA69D2067FF55DAF10221A6259E758
:104710002046FBF7D6FE55E79A6942F008029A61F7
:1047200072E700BFFEFFFFEF008000408905000830
:10473000034B1022C3F88421024BD3F830069CE4CB
:1047400000E100E0E0150020044B2022C3F88421A2
:10475000034BD3F8340600B18FE4704700E100E06A
:10476000E0150020034B4022C3F88421024BD3F80C
:10477000380682E400E100E0E01500202DE9F04F6A
:10478000D0F8A0A09DB0CDE904120446B14906932B
:104790005046269B0793FFF799FBD4F8A490AE49A7
:1047A00000904846FFF792FBD4F8A8B0AB49064604
:1047B0005846FFF78BFBD4F8AC30A94901938046EB
:1047C0001846FFF783FBA44902905046FFF77EFB93
:1047D000A04903904846FFF779FB009B05461BB9AB
:1047E000039B002B00F07D81B9F1FF3F03D016B988
:1047F000002D00F07681BBF1FF3F03D0B8F1000F30
:1048000000F06F81019B013303D0029B002B00F06D
:10481000688100983146FFF765FB206020B9039856
:104820002946FFF75FFB206020684146FFF75AFBEF
:104830000299FFF757FB07462060002800F05181DE
:10484000884B984240F097804FF0B0434FF480403F
:104850001A6C42F480421A641A6C22F480421A6480
:10486000FFF766FB2423A4F8B030009B002B00F078
:10487000B08078495046FFF71DFB1EB17649484687
:10488000FFF718FB4FF00009B8F1000F05D073498E
:104890005846FFF70FFB4FF48078029B2BB170490D
:1048A000019848F40078FFF705FB94F8B1206E4BAF
:1048B00094F9B000C4F83C9003EB820304F1040ABD
:1048C000C3F830A6049BA360059BE360079B2361AC
:1048D000069B63610C230022C4E906380823E362C7
:1048E0006760226262620121FDF7FEFD5F4B9F421D
:1048F00040F06381049A94F88830B2F5165F00F2B4
:1049000086808B4275D15046002E00F0F080FEF775
:10491000B7FF002800F0E580482200210AA81FF018
:104920001EF9534A136843F4807313604FF4806098
:10493000FFF7AAF94FF0B043D3F8902042F00102FC
:10494000C3F89020D3F89020910709D4D3F8902091
:1049500022F01802C3F8902004230A9381230D93B8
:104960000A9B002B00F0C9800AA8FEF7FFFB002875
:1049700000F0C380FEE73F4B984210D14FF0B043A8
:104980004FF400309A6B42F400329A639A6B22F42F
:1049900000329A63FFF778F940F2251363E7334B4F
:1049A00098427FF462AF4FF0B043DA6B42F00102FD
:1049B000DA63DA6B22F00102DA63DA6D42F00102A7
:1049C000DA65DB6D03F001030993099B40F22623AE
:1049D00049E7039B002B3FF455AF1F495046FFF7B3
:1049E00069FA1DB11B494846FFF764FA4FF40049C4
:1049F0004AE784F88810616851E8003F43F00203F9
:104A000041E80032002AF6D184F888207BE7012BA8
:104A100048D15046002E5FD0FEF732FF002860D00C
:104A2000FEF7EEFA2368002840F0BC80BB422FD18D
:104A30000020FBF73CFD16B9002D00F087805046A2
:104A4000FEF71EFF00284CD04FF48060FBF72FFDCF
:104A500022E000BFFC5E0208385F0208745F0208B3
:104A6000BC5F020800380140E015002000800040D3
:104A70000004005800440040FEF7C2FA002840F04D
:104A800093802268504B9A42D2D0002E00F0918041
:104A90005046FEF7F5FE20B350461DB0BDE8F04F7E
:104AA000FEF7EEBE84F88810616851E8003F23F0FD
:104AB000020341E80032002AF6D184F888205046EB
:104AC00056B1FEF7DDFE60B1FEF79AFA3E4B226862
:104AD000002857D19A42AAE735B9FEF7FEFE002812
:104AE000CAD11DB0BDE8F08FFEF7CAFEF7E7002D72
:104AF0007FF40DAFFEF7F1FE0BE74FF0B043D3F8B4
:104B000090309B07B8D527682F4B9F4203D14FF4B5
:104B10004060FBF7CCFC5046002EE5D1002DE3D1E0
:104B2000FEF7DBFE0028DCD0FEF76AFA264BE0B188
:104B30009F4215D05046FEF7D0FE0028D1D0226803
:104B4000214B9A4213D10020FBF7B1FC5046FEF7EF
:104B5000C4FE0028C5D04FF48060FBF7A8FC0BE032
:104B60004FF40060FBF7A3FCE4E79F42ECD0504613
:104B7000FEF7B3FE0028B4D050461DB0BDE8F04F9C
:104B8000FEF7ABBE9A4206D14FF40060FBF78FFCF4
:104B90000EB9002DCED05046FEF772FE00287FF4ED
:104BA00070AF9EE7BB42EEE72268074B9A42EFD117
:104BB000EAE7002D7FF46CAFD9E7002E7FF46CAFED
:104BC000002D7FF469AFD7E7008000400A49034613
:104BD000886E10B50344EFF30882934205D9074B62
:104BE0000C221A604FF0FF3010BD054A054C121B15
:104BF0009342F4D28B66F7E70000002004570020B0
:104C000000000120000400004FF0FF3070474FF417
:104C100000534B6000207047012070470020704710
:104C200000207047FEE7034B16221A604FF0FF305A
:104C3000704700BF04570020012070477047814231
:104C400010B51346A1EB000405D0014622461846D4
:104C50001EF06BFF0346181910BD73B5531A0F2BC6
:104C600004460D461646019306D9002201A91DF0FF
:104C700003FA019B2060A3603246294620681DF09C
:104C80005BFA019B226863600021D15402B070BDC1
:104C900008B500F12C0200F14403002052F8041F73
:104CA0009A420844FAD118F07FFD034918F088FEB3
:104CB000024918F0D1FD08BD00606A470000C842F3
:104CC0000B685A89042A2DE9F047846E05460E4682
:104CD0003BD11F4A1F480C334FF4807104F088FC0D
:104CE000236800F1180100225B6B204698471A4B9D
:104CF0008146D3F83C07FFF7CBFF184B94F8788038
:104D000094F879A01F6818F0F7FEAAEB0803434354
:104D1000642293FBF2F301224344D04448FA02F8A0
:104D2000DBB2616F02FA03F302FA08F202EB4A0205
:104D300013440F44A26E07EB490702FB0377776029
:104D40002846BDE8F04704F04FB998891830C7E706
:104D5000F85F02081C1C0020E0150020E804002079
:104D600008B500F1440200F59A73002052F8041FC0
:104D70009A420844FAD118F017FD034918F020FEB2
:104D8000024918F069FD08BD00BA5B4A0000C8423C
:104D900038B579B190F84151FFF77AFF04462846BB
:104DA00018F006FD0146204618F012FB003818BF27
:104DB000012038BD90F84051EEE7134B70B5044622
:104DC00093F8CC01E8B9114B1149D3F84037DE68AC
:104DD000304618F0FDFAA8B12046FFF7C1FF05469E
:104DE00094F8420118F0E4FC314618F035FD08490A
:104DF00018F0E6FD0146284618F0EAFA003818BF18
:104E0000012070BD0120FCE7E8040020E01500202F
:104E10000000C84270B505460E46104682B12B68A8
:104E200001241B682C75284600219847084B83F8FD
:104E30004447BFF35B8F20462E63BFF35B8F70BD8B
:104E4000BFF35B8F2B6BBFF35B8F002BE7D0F6E7D5
:104E5000E0150020034B1A68436882601344C36066
:104E6000704700BFE804002038B50368094DDB69CE
:104E7000C5F848070446984701462046FFF7EAFF71
:104E8000002902DB23681B6898470023C5F84837D0
:104E900038BD00BFE0150020024B41601B6819447B
:104EA000C1607047E8040020002100F52B60F3E7A3
:104EB00010B5074B074AD3F84C471268D3F8503760
:104EC0004FF47A71121BB2FBF1F2D01810BD00BF83
:104ED000E0150020E8040020044B93F85837834283
:104EE00001D30846E4E70020704700BFE01500202A
:104EF0002DE9F3470E4605464B493046174698467E
:104F000018F0A8FA20B9494905222846FBF7D4FB36
:104F10004749304618F09EFA20B9464905222846EE
:104F2000FBF7CAFB4449304618F094FA20B94349CC
:104F300005222846FBF7C0FB4149304618F08AFAA3
:104F400020B9404905222846FBF7B6FB3E493046CA
:104F500018F080FA20B93D4905222846FBF7ACFB42
:104F600001210846FFF7B8FFDFF8E490002847D09A
:104F7000384BB0FBF3F203FB120000F5A83404F544
:104F8000C0743549B4FBF3F2284603FB12444FF4D6
:104F900061633246B4FBF3FA03FB1A4413F0EAF9F7
:104FA0002E49284613F0E6F93C21B4FBF1F301FB4E
:104FB0001344D9F800202A4900944FF47A70B2FBC8
:104FC000F0F228460192524613F0D4F9254BD3F85B
:104FD000484764B12449284613F080F9E169626AC0
:104FE0002846FBF769FB2149284613F077F9434629
:104FF0003A463146284602B0BDE8F047FCF7DAB839
:1050000032461549284613F0B5F91449284613F0DD
:10501000B1F9D9F8002016494FF47A732846B2FB4B
:10502000F3F213F0A7F9D1E73C9F0208429F020870
:10503000489F02084E9F0208549F02085A9F020888
:10504000609F0208669F020834A002083AA0020886
:10505000E80400208051010040A002086C9F020873
:1050600044A00208E015002068A002086AA0020817
:1050700059A00208A0F52A6018F0AEBD0AB11EF0D2
:1050800044BD1046704730B5036D0A6D93428DB034
:1050900004460D4623D1012B18D100F1540106A876
:1050A00017F0C6FC05F15401684617F0C1FC079AD9
:1050B000019B9A420DD100990698FFF7DFFF40B996
:1050C00068461CF0FBFF06A81CF0F8FF00200DB09E
:1050D00030BD68461CF0F2FF06A81CF0EFFF2B6DF8
:1050E0002365012B1FD105F1540106A817F0A0FC80
:1050F00004F154001CF0B9FF054606A81CF0B5FFEA
:10510000079AB0B11AB10699606D1CF0FAFF079BBF
:10511000626DA3650021D154069A0023079306A867
:1051200013701CF0CBFF214604F1280016F04EFE50
:10513000CCE7069808992DB1C4E91502E16508ABE2
:105140000693E9E7636DE56DE165C4E91502002B9F
:10515000F5D006930895DFE701207047036810B586
:10516000DB6800219847044620B14FF4F07200211B
:105170001EF0F5FC204610BD03460068196010B112
:1051800003685B681847704773B5531A0F2B0446C2
:105190000D461646019306D9002201A91CF06CFFAA
:1051A000019B2060A3603246294620681CF0BFFFA7
:1051B000019B226863600021D15402B070BD38B9F0
:1051C000054B06481A7B064B022A08BF1846704753
:1051D0004FF47A7358437047E804002080EE36009D
:1051E000002E93020021084616F0F8BA0121002093
:1051F00016F0F4BA10B5044614F052FD1549D1F872
:105200005C3701F50562934211D001F506629B1AE5
:1052100018BF01236375D1F8703893F85930012B0A
:105220000D4B06D11B68C1F87438642010BD0023F3
:10523000F0E7D3F8A400421E0332F6D81C68FFF74B
:10524000BEFFD1F874381844A042EED2102014F0FA
:1052500069FDEAE7E0150020E804002038B50446BF
:105260000068844200D138BD05681FF0C9FC28469B
:10527000F7E72DE9FF4705461D4B55F8047F03600E
:10528000044601AE4FF0000AAF4206D16068854285
:1052900029D1204604B0BDE8F087CDE90166D7F8F2
:1052A0000880CDF80CA0D8F80010884504D130460D
:1052B000FFF7D4FF3F68E7E78B68D1F800909C4286
:1052C0000FD1019881420CD081450AD04A461CF08A
:1052D0001CF8039B01330393D8F80830013BC8F84E
:1052E00008304946E1E706681FF08AFC3046CEE701
:1052F000F87202080F4B10B5036084330446C0F8FF
:105300009431D0F8CC0108B11FF07AFC04F5CA70D2
:1053100016F0F8FC2046084B40F83C3BFFF7A9FF8D
:1053200004F12000FFF7A5FF201DFFF7A2FF204694
:1053300010BD00BF48600208F8600208A0F5CA70FE
:10534000D8E710B50446FFF7D5FF20461FF058FCFC
:10535000204610BDA0F5CA70F3E710B50446FFF76C
:1053600088FF20461FF04CFC204610BD2DE9F74F6A
:10537000D0E901840368A4EB0806B610B3420546E1
:105380000F469146B3462DD8444529D054F8041C05
:10539000D1F8586166B991F8222197F822319A42E2
:1053A0001ED2043C84605648D0F878389B6894E05C
:1053B000221F13460C46D4F858A1BAF1000F7DD035
:1053C000984502D053F8044DF5E74E4B1B689E42BA
:1053D00006D2D7F858310BB19E4201D9AA60E2E754
:1053E000002083E00AB100231370C146002E0ADCBE
:1053F000EB689C4228D04C4504F1040317D1276088
:10540000AB60012078E04FEA660A09EB8A0359F89D
:105410002A100193384600F0D1F930B9019BA6EB70
:105420000A0A03F104090AF1FF3A5646DEE721466B
:1054300054F8042C41F804294846AB60224616F083
:105440008FFDC9F80070DCE76FF060439B4502D127
:105450002D481CF03EFA444527D10BF1010ABAF160
:10546000000F29D06FF060439A4528BF9A465046F6
:1054700013F034F80646A9EB08033246F7504946C4
:10548000404614F0D9FC2146021D484614F0D4FCD5
:105490000446B8F1000F02D040461FF0B1FBC5E949
:1054A000016406EB8A06EE60ABE7BBEB4B0F4FEAFD
:1054B0004B0AD4D99A46DAE75646DCE794F822C17B
:1054C00097F82201844580D21946281D16F016FB54
:1054D0000B48D0F878389B68214600F6780098474A
:1054E000002239462846FFF741FF0120B9F1000F9D
:1054F00002D0012389F8003003B0BDE8F08F00BF6F
:10550000E0150020E80400201AA0020838B505467E
:1055100000200C4614F04AFE05F58A7014F01EFCBB
:105520002046BDE8384016F07DB838B50446084638
:105530000D4605F01BF9D4F88C30202B0AD1AB892D
:10554000012B01D0422B0BD1201D14F087FB08B199
:1055500014F09EFBD4F88C301F2B0ADD1DF02EFDBD
:10556000284614F095FBD4F8FC300133C4F8FC3025
:1055700038BDD4F8900018B1036800211B68984723
:10558000D4F8883004EB8302013355605A4202F0AC
:105590001F0203F01F0358BF5342C4F88830D4F8E9
:1055A0008C300133C4F88C30DDE770B505680446F3
:1055B0000E46A54201D1002070BDA868036831469F
:1055C0009B6898470028F7D12D68F2E7C36810B5AB
:1055D0000A4663B9806800B910BD116843689942F2
:1055E00003D1516883689942F6D00068F3E7D1E9A6
:1055F00000314B404168B3FBF1F401FB1431FBF780
:1056000035FA0028E8D00068E6E7006810B9024BD8
:10561000D3F8F005704700BFE8040020F8B5154B3B
:105620001B7E042B04460D4602D100263046F8BDF1
:10563000866E002EF9D091F82021002AF5D033682B
:1056400008461F6BFFF7E1FF13460146D5F814210A
:105650003046B84706460028E7D0284613F018FE23
:10566000236829465B6B20469847E36E0133E36667
:10567000DCE700BFE80400207FB500230DF10F0236
:10568000009205461A4630308DF80F300C4613F064
:10569000E1FC9DF80F30064663B321462846FFF72C
:1056A000BDFF50B95EB1EB6E0133EB6694F82A3161
:1056B0005BB921462846FCF7EDF9012003E09DF88F
:1056C0000F30CBB1002004B070BD94F820219A4275
:1056D000EFD1D4F814212168284603F093FD002867
:1056E000EBD1204613F0D4FD2B6821465B6B284696
:1056F0009847E2E70028D6D1084BD3F88C38002B26
:10570000E0D0D4F8140103F12002E83352F8041F6A
:1057100009B18842C7D09A42F8D1D3E7E0150020FA
:1057200038B504460846FFF770FF60600B7A2372B5
:1057300008460D4614F02AFA84F820012B680BB1B4
:1057400095F8213184F8213194F8223113B9462398
:1057500084F82231D5F81431C4F8043138BD37B596
:105760005389042B18BF0D4B1446204614BF93F8E1
:105770009028127AFFF749FF002300930D46134645
:105780000146D4F81421284614F0D2F921460546E2
:10579000FFF7C6FF284603B030BD00BFE01500206C
:1057A000036833B1044AD2F8F005C31A584258418D
:1057B00070470120704700BFE804002038B5D0F8DA
:1057C0005831D1F858411D1E18BF0125003C18BFA3
:1057D0000124A54203D0B3FA83F0400938BD90F804
:1057E000223191F822219A4203D034BF01200020B7
:1057F000F4E7FFF7D5FF18B9BDE838400846CFE712
:105800000020EBE72DE9FF416E4686E806000446DE
:1058100096E8030002AB04F1840783E8050019460B
:105820003846FFF7D3FE90B3027D437DC5689A42A8
:1058300010D22846FFF7B4FF18B9414B1B7B022B4F
:1058400008D02846FFF7E1FED5F81421014620468E
:1058500003F091FCD4F89030002B50D1D4F88C2078
:1058600004F18C0352B1DDE900065168884202D18F
:1058700091688E4210D01168134659B93148D0F85A
:105880007838294600F678009B689847012004B0D4
:10589000BDE8F0810A46E8E71868D4F888208169F5
:1058A000B1FBF2F602FB1611D4F88420066852F818
:1058B0002170BB424FEA810C33D156B1B769D4F89D
:1058C00088E0B7FBFEF80EFB1877B9420DD042F81E
:1058D000273052F80C7004F18C018F424FF0000118
:1058E00008BFC4F88C6042F80C1002681A601FF000
:1058F00087F9D4F89030013BC4F89030BEE7DDE979
:1059000000325340D4F88820B3FBF2F1384602FB52
:1059100011313246FBF7AAF803460028AED00068E2
:10592000C2E7002EE1D0B669D4F88870B6FBF7FC68
:1059300007FB1C66B14218BF42F82630D5E700BF0E
:10594000E8040020E015002082B0CDE9001202AB8F
:1059500013E9060002B055E730B5044687B00846A3
:10596000FFF753FE15460023CDE904336B1EDBB26F
:10597000D1F814210190084602928DF814308DF868
:1059800015300391FFF741FE03AD01462046FFF7B6
:10599000DBFF294620468434FFF792F901A920460F
:1059A000FCF70FFC034695E8070083E8070001A910
:1059B0002046FCF706FC07B030BD421C03D0431E56
:1059C0005842584170470120704737B5144BD3F8FF
:1059D000F035C1F8543100230C46054600931A46B1
:1059E000303013F037FB2046FFF7DAFE68B9606805
:1059F000FFF7E3FF70B10023C4F854312146284675
:105A000003B0BDE8304004F059BC6068FFF7D5FF33
:105A10000028F3D1D4F85031002BECD0EEE700BFD2
:105A2000E80400204B89042B70B505460C4613D1C1
:105A3000D1F8046116B9D1F808316BB10A4B61682D
:105A4000D3F8F035994207D00846FFF7B6FF18B9EA
:105A50003246284603F08FFB2B68214628465B6BB5
:105A6000BDE87040184700BFE8040020F7B5334B8D
:105A7000D1F85461D3F8F035C1F854310C46002305
:105A8000054600931A46303013F0E4FA6168D4F802
:105A900054710846FFF791FF70B10021C4F850110E
:105AA0002046FFF77DFE00283DD12146284603B061
:105AB000BDE8F04004F002BC214BD3F8A408036811
:105AC0001B6898470028E8D0D0F8B4100029E4D02B
:105AD0008F42E2D0C4F850112046FFF761FE60B15A
:105AE000E6B1C4F854612046FFF75AFE28B194F895
:105AF0002131002BD9D10029D7D094F820311BB9FE
:105B000094F82131002BD0D021460E4814F077F8BC
:105B1000022201462846FFF71FFFC6E794F821310D
:105B2000002BC2D1E9E7C4F85461002EBDD0204655
:105B3000FFF736FE0028DAD1B7E700BFE8040020FF
:105B4000E0150020581E00203C4B2DE9F3471F684C
:105B5000D0F88C4005466FF000461CB9304602B0C4
:105B6000BDE8F0872369D4F80080BB4260D8217D6E
:105B7000C9B9D4F80C904846FFF712FE60B1484608
:105B8000FFF743FD99F80830CDE900110146D9F837
:105B90001421052013F089FFD4E901122846FFF7EC
:105BA00031FE4446D9E7A37D0133DBB2A375AA6E6B
:105BB0007AB192F861100B44DBB2082B194628BF6A
:105BC0000821E1752BB192F861308B4218BF82F841
:105BD0006210E168D1F804A05046FFF7EEFE81465E
:105BE00078B9237D012B14D1154BC1F85001D3F89E
:105BF000A408036851461B68984708B1C0F8B490E0
:105C0000E168104813F0FBFF01462846FFF7DDFE70
:105C100006E00C4813F0F3FF01462846FFF726FF85
:105C2000237D013B237504F10C012846FFF748F85A
:105C30002369DB1B9E42A8BF1E46B2E7E804002092
:105C4000E0150020581E002038B50446FFF77CFF01
:105C5000204605F069FC05462046FFF775FFA8427F
:105C6000A8BF284638BD70B5154C86B00646182327
:105C70004FF4EB60C4F8A8381EF0BAFF0A210546BD
:105C800002F0D1F9D4F8AC28C4F8AC5805F5EB65AE
:105C9000D4F8B438C4F8B008C4F8B45803A8002540
:105CA000039205930095029515F0ECFB684615F0FC
:105CB000E9FB04F6AC04B583746006B070BD00BFA8
:105CC000E01500200368074A1B68D2F8F01510B5EC
:105CD000044698470023C0E91933C0E91B3384F810
:105CE000213010BDE8040020204A21492DE9F0416F
:105CF000054602F5B26089C81E4E81F8B978D6F81B
:105D0000F04581F8BD08020C4FEA132C3F0A81F8D8
:105D1000BC2881F8BB3881F8BAC881F8B87854B982
:105D20001B0403F47F03120243EA0C6392B2134391
:105D3000C0B243EA0004104FDFF840802B682146D0
:105D40001B682846984728B10622394610441DF0A2
:105D5000DCFE30B9231F063303D8C6F8F045BDE892
:105D6000F081404612F013FB041DE7E70070FF1FAF
:105D7000E0150020E8040020981E0020FBFFFF7FB4
:105D800070B51D4C182301250646C4F87039002350
:105D9000A4F8A83684F8763984F80C3884F8EC55E1
:105DA00084F83C5603F0F7F83046FFF79DFFB4F84F
:105DB000F035124A282104F24E601FF0D1FCB4F8ED
:105DC000F0350F4A052104F276601FF0C9FCD4F8C3
:105DD000F0350C4A102104F23E601FF0C1FC0A4B62
:105DE000A4F8A656D3F8B828B3F8BC38C4F87B2674
:105DF000A4F87F3670BD00BFE80400206DA0020843
:105E000078A002087DA00208E015002038B50446FD
:105E10000D480D4613F076FF10B10B4813F0C5FF87
:105E20002046FFF720FF2046FFF7AAFF85F001007C
:105E300015F078FD15F00EFD13F068FD1F2015F02C
:105E4000F1FB012038BD00BF83A0020803460846CD
:105E500093F82A212AB95989042908D193F81011F5
:105E600029B193F820319A4224BFD21A50B2704718
:105E70007FB500238DF80F308DF80E308DF80D3082
:105E80000DF10D03009305460DF10E030DF10F0208
:105E900030300C4613F0DEF89DF80D30064603BB9B
:105EA00036B394F85C31012B08D1EB6E0133EB660D
:105EB000D4F8142121682846FFF746FD9DF80F30DD
:105EC000CBB1D4F814212168284603F09BF970B9AE
:105ED000204613F0DDF92B6821465B6B2846984776
:105EE00005E021462846FFF799FB0028D8D0012677
:105EF000304604B070BD4FF0FF312046FFF7A6FFDB
:105F000048BBD4F814212168284603F07BF9002807
:105F1000EDD1204613F0BCF92B6828465B6B214677
:105F2000984705460028E2D10F4B6268D3F8F03558
:105F30009A42DCD194F82131002BD8D02046FFF7CB
:105F400064FBCDE900550146237AD4F81421284694
:105F500013F0ABFDCBE79DF80E30002BC7D12146E7
:105F60002846FBF797FDC2E7E80400202DE9F04F33
:105F7000DFF8C4A089B0DAF8F03503934B89042B1D
:105F800005460C4650D1D1F804311BB9D1F808317F
:105F9000002B49D02168B9B3284BD3F8A408036873
:105FA0001B689847064678B3D4F85481D4F8042186
:105FB000636805F130074FF0000B4146CDF800B0A3
:105FC0003846CDE9042302F058F80DF11F0181464F
:105FD0000091DDE9042303998DF81FB0384602F0E3
:105FE0004CF810B1B9F1000F08D14FF0FF31204645
:105FF000FFF72CFF40B99DF81F302BB1D6F8B43015
:10600000984518BFC6F8B4806168DAF8F03599424F
:106010000AD0D4F80421284603F0ADF8D4F80421BE
:1060200061682846FFF790FC2B685B6B2146284689
:1060300009B0BDE8F04F1847E8040020E015002043
:1060400010B5D0E900420648121B9210424391421B
:1060500002D304481BF040FCBC2000FB014010BDF3
:10606000CF467D6799A002082DE9F0470C46444FC2
:106070006368D7F8F0158B4206467FD02046FFF7BD
:106080008FFB00287AD194F82031002B5AD0D4F815
:1060900054312BB18B4203D0D4F850318B4251D1C3
:1060A000D4F81431002B4DD03B7E042B4AD0D4F8C9
:1060B00050310BB18B4245D1DFF8C880214608F63C
:1060C000780013F09CFD4FF0FF3105462046FFF7A6
:1060D000BDFE50B13B7B022B07D1D8F8A498B9F88C
:1060E0001CA04FF00008D0452ED395F82031013B7D
:1060F00085F820316068FFF760FCD8B1D7F8D83157
:1061000013F0FF0202D1002B08BF0322402A95F8AA
:10611000201128BF402291420CD995F82A3185F8E8
:106120002021881A8342C3BF5B1A9B18DBB200236D
:1061300085F82A31D4F8503129463046DBB9FFF7CB
:1061400044FC0120BDE8F087D9F804004146FFF780
:1061500077FF68B190F8B03053B1037943B190F84C
:106160003B30022B04D10268D4F854319A42C1D09A
:1061700008F10108B7E7FFF779FCE2E70020E1E763
:10618000E8040020E01500202DE9F84F90F83030A9
:1061900005469BB9C26A214F2AB13B689B1A41F25E
:1061A000873293420AD93B68EB62AE8B4FF000080E
:1061B000013E002E04DCB8F1000FF6D1BDE8F88FE7
:1061C000D5F804B006F1FF3949465846FFF738FFC5
:1061D000D7F8F0A50368534504460CD0314658461D
:1061E000FFF72EFF02689245034606D12146FAF7D3
:1061F00060FC4FF001084E46DBE790F8B01094F8D1
:10620000B02041B1002AF1D0D96FE26F9142F2D9AA
:1062100021461846EBE7002AEDD1F5E7E804002017
:10622000F8B5878B05460E460024A74201DC002006
:10623000F8BD68682146FFF703FF0368B342F7D053
:106240000134F2E703682DE9F74F1B6804460F4657
:1062500098470546002849D1A08B15F018F9002869
:1062600037D04FF0FF366368B4F81CB001934FF09D
:10627000010A3546B046B146DA450ADB721C26D023
:106280003546A38BD4F80480013B9D4232DBA383C7
:106290001FE001985146FFF7D3FE90F8B0309BB94C
:1062A00090F8B13083B9D0F8B830D90705D4C36FAE
:1062B0004B452CBF4B4655469946838F23B9C36F38
:1062C00043453CBF564698460AF1010AD4E76B1C89
:1062D000D7D1A18B60684B1CA383FFF7B1FE0546A5
:1062E000B822002104301DF03AFC2F60284603B08C
:1062F000BDE8F08F05F1010949464046FFF7A0FED1
:10630000294606464046FFF79BFEBC2231461DF05B
:10631000D1FC4D46B5E72DE9F047B8B007468846B1
:1063200015469946FFF78EFF044600283FD0B5F882
:106330004620202A40D15E4ED6F8F03598453BD015
:1063400005F1480A5B48514604F04FFCB6F8842634
:10635000202A31D106F2866150461DF0D6FB58BB8B
:1063600097F82080B8F1000F21D1012383225249F0
:1063700087F8203017A81DF09DFC06F6A850FEF700
:10638000EDFE1E230446037341460220FEF7A4FDE2
:1063900017A9A06005F1100204F10D001FF098FA92
:1063A000464BD3F8C008036821465B689847002530
:1063B000284638B0BDE8F087A38F202B0BD1B5F865
:1063C0004620202AF3D104F13E0105F148001DF0DA
:1063D0009CFB0028EBD14346394A102128461FF088
:1063E000BFF929466A2217A81DF064FC28221BA9C0
:1063F0000DF106001FF0D7FA052225A90DF12E0098
:106400001FF0D1FA29AEDDF89900BDF89D3000905B
:10641000ADF804300FCE0EAD0FC596E80F0004F1B5
:10642000060A85E80F00289B9DF89FC00D935A220D
:10643000BDF8C430BDF8A2608DF833C0694650463F
:10644000ADF858301DF061FB78BB94F8AC50B5EB5B
:10645000090518BF01255A22694650461DF02AFC3D
:10646000202E05D11748324604F13E0104F0BDFB51
:106470000F4ED6F8F03598454FF0010318BF84F859
:10648000AC902371002D92D0FC60384615F0CCFC06
:106490007A6A33689B1A4EF65F22934288D910209D
:1064A00015F0C0F833687B6282E70125D3E700BFAF
:1064B000E8040020E3A0020804A10208E01500207F
:1064C0007DA00208F5A002081B4AF8B5D2F8F02515
:1064D0000B68934206460C462CD04A89042A29D1DF
:1064E00043B30846FFF791F801463046FFF7AAFE8E
:1064F0000546F8B1D4F8183103B1C367D4F81C715C
:106500000021384616F05AFF00B9AF6794F82931D8
:1065100085F8AD3020464FF0FF31FFF797FC00289B
:10652000A2BF012385F8AF0085F8AE303046BDE844
:10653000F84029E6F8BD00BFE80400202DE9F74344
:10654000224ED1F81491174605460C46D6F8A408F9
:106550009846FFF7B9FF3A462146D6F8C40805F039
:106560003DF8D6F8C4180746684602F0F7FD4B46DA
:106570003A466946284615F06FFA77B9B8F1000F28
:1065800020D0214606F6780013F039FB0146284654
:1065900003B0BDE8F043FEF7C8BF232F12D1B8F116
:1065A000000F05D1204603B0BDE8F04313F070BBE7
:1065B000214606F6780013F022FB01462846FEF736
:1065C000B4FFEFE703B0BDE8F08300BFE0150020A3
:1065D0002DE9F04F1646ADF5617D0022C0E900229D
:1065E0008260044650A814F000FA569B73B19DF8DF
:1065F00054315BB150A908A813F02BFC794F0E9BC6
:10660000002B40F0A08050A809F0C6FF20460DF5F1
:10661000617DBDE8F08F98A811F0C2FE05A811F0C9
:10662000BFFEE822002198A81DF099FA9DF83430A9
:10663000002B5BD10E9AD1695369890303D5126A85
:10664000934238BF134610A998A8D1931DF02AFB96
:1066500098A902A811F0C9FE394605A811F0C5FE97
:1066600005A902A811F025FF054605A811F098FE1E
:1066700002A811F095FE5DB9D4E90183984537D0A1
:10668000E82298A940461DF015FB6368E833636073
:1066900008A809F081FF9CE05349544A0193ED108A
:1066A00069432046FAF777FA824615F062FC4146C4
:1066B000024605465846FEF7C2FA019B02461946B5
:1066C0004846FEF7BCFA414602464046FEF7B7FA96
:1066D0008046BBF1000F02D058461EF091FAE82325
:1066E000C4E9005803FB0A55A5606CE00023AAE743
:1066F0003F4A01212046FAF74EFAD4F8009082462C
:1067000015F037FCA8EB090B0546E82298A9584478
:106710001DF0D0FA41462A46484613F08DFB41460B
:1067200000F1E802404613F087FB8046B9F1000F04
:1067300002D048461EF064FAE823C4E9005803FB7F
:106740000A55A560A4E79DF83430002B3FF469AFEB
:1067500010A905A811F049FE394698A811F045FE88
:1067600098A905A811F0A5FE00287FF454AF98A8B9
:1067700011F016FE05A811F013FE56B3721ED2B228
:1067800010A998A8FFF724FFDDE998934B451AD08C
:10679000D4E900B8A268A3EB0905A2EB0802AA425B
:1067A000FFF47AAF194642464846FEF748FA626857
:1067B0002A44626041464046FEF741FA4246494655
:1067C0004846FEF73CFA08A809F0E6FE98A815F03E
:1067D000E9FB50A998A813F03CFB98A908A815F06C
:1067E0002BFC0CE706A9020835C2724F87A10208EC
:1067F0001AA0020800000000826930B40469551034
:10680000034604EB6200D20748BF62595B6930BCA3
:1068100048BFD35818477047704710B5037C0446EB
:106820000BB9002010BD0368DB6998470028F8D138
:1068300023682046DB6898470120F3E70723A0F888
:106840008434D0F86834C0F888340023C0F8683441
:106850000B23037490F88436012B06D1124A126878
:1068600082F8043103689B6A1847023B042BF9D86D
:10687000DFE803F003090D1115000B4B1B68022222
:1068800083F80421EEE7084B03221B68F8E7064B68
:1068900004221B68F4E7044B05221B68F0E7024B57
:1068A00006221B68ECE700BFA01E0020D0F81011E4
:1068B00010B5044631B1044803689B68984700232B
:1068C000C4F8103110BD00BF083F0020D0F81411EB
:1068D00010B5044631B1044803689B68984700230B
:1068E000C4F8143110BD00BF201F0020D0F81811CB
:1068F00010B5044631B1044803689B6898470023EB
:10690000C4F8183110BD00BF9012002070B50446C5
:106910000E46FFF782FF237C0B2B054604D123682C
:1069200031461B6A20469847684270BD1F2808B54B
:106930000FD03E280FD0C8280FD0B0F5C87F0ED09A
:10694000B0F5487F0DD0B0F5C86F0CD016F02CFF15
:1069500008BD0648FCE70648FAE70648F8E7064897
:10696000F6E70648F4E70648F2E700BF0000FA4100
:1069700000007A4200204B430020CB4300204B44D0
:106980000020CB4430B5441E082C3DD8DFE804F08D
:10699000353C221B15103005290039B11D49052051
:1069A00007241160039A10701C7030BD1A49F6E775
:1069B00009B11A49F3E71A49F1E711B11749082457
:1069C000EFE71749FBE719B1144905200924E8E767
:1069D0001349FAE719B1114905200A24E1E71049E2
:1069E000FAE719B10B4908200B24DAE70A49FAE75C
:1069F00009B10C49F7E70C49F5E719B10949082035
:106A00000C24CEE70849FAE711B104490520EBE769
:106A10000349FBE70020CB440000FA4300204B442D
:106A200000007A430020CB430000FA421FB5002348
:106A300003930DF10A03009303AA0DF10B03FFF773
:106A4000A1FF039805B05DF804FB01207047002208
:106A5000426002808270704700207047704708B51E
:106A600003689B68984780F00100C0B208BD08B574
:106A700003689B6A9847002008BD08B503681B6936
:106A80009847002008BDC0F88C117047C0F89011DD
:106A90007047D0F88C017047704738B590F82C32A9
:106AA000C56F044613B93DB9012038BD0368DB6DDD
:106AB00098470028F7D06DB1074AD4F880301268A3
:106AC0004EF65F21D21A8A4204D9044A03F57D4367
:106AD000E83393630020E8E7E8040020083F002043
:106AE000002210B54260D1F8C8410270D1E973129A
:106AF000521AA4EBA2024270847010BDD0E9732038
:106B0000131A584258417047C06F003818BF01200F
:106B10007047012380F82C32704730B590F862300E
:106B200087B00446CBB190F861209A4215D090F816
:106B300060208DF80C20C26DD0F8280204928DF8E8
:106B400014300322036800925D6E06AB13E90E0059
:106B5000A84710B1002384F8623007B030BD7047F9
:106B600000207047806E03685B69184770470068B3
:106B7000096803689B681847F0B5031D82681846CA
:106B80003AB9834204D00988028A914238BF184634
:106B9000F0BD178A0E88D2E90254B7422ABF1046C8
:106BA00022462A46ECE74068036810B55B68144645
:106BB0009847031B5842584110BD704781F00100AF
:106BC000400000F0FE00704720B981F00100400055
:106BD000C0B2704702207047884214BF81F00100A4
:106BE00002207047084B93F86C018B8908B1422B47
:106BF00008D0012B05D00A3B012B8CBF00200120BF
:106C000070471846704700BF083F0020826930B4C3
:106C100004695510034604EB6200D20748BF62596D
:106C20005B6930BC48BFD35818474B6A032B01BF80
:106C3000034BD3F8F432B3F850308383002070470D
:106C4000083F0020826930B404695510034604EB04
:106C50006200D20748BF62595B6930BC48BFD35855
:106C6000184790F8340018B191F8290180F001001C
:106C700070474B6A032B01BF034BD3F8F432B3F8D0
:106C80005030838300207047083F0020F8B54568E6
:106C90000646144679B95CB12B6828465B6998476B
:106CA000013004F1FF34F6D1B4FA84F04009F8BDA4
:106CB0004FF0FF34F8E792B2284609F00EFD2B683A
:106CC00007461B692846984700B9B060E31B584245
:106CD0005841ECE738B5202504462A4600213530D6
:106CE0001CF03DFF2A46002104F155001CF037FF3F
:106CF00000230022C4E90823002384F83430C4E9C7
:106D00000B33A36238BD11B10B2013F00BB80C206C
:106D1000FBE72DE9F047D0E90487436AD0E902A9EF
:106D200004463D1D1E1DAE4205D8C4E906A9C4E9AE
:106D30000887BDE8F08755F8040B1DF061FFF2E706
:106D400010B504461DF05CFF204610BD084609B191
:106D50001DF056BF70474FF4B0701DF049BF70B5BD
:106D60000F4816461D46FEF7F9F9012303701E234E
:106D700004460373466000210220FEF7ADF8294661
:106D8000A0604FF4C87204F10D001EF00CFE054B1C
:106D90001868036821465B68BDE87040184700BF6B
:106DA00090120020A01E002038B50C46054614F0B5
:106DB00087FF291D84601AF0B6FAEB680133EB6097
:106DC00014F07EFF214685601AF0ADFAA368013306
:106DD000A36038BD38B50C46054614F071FF291D77
:106DE00084601AF0A0FAEB680133EB6014F068FFDE
:106DF000214685601AF097FAA3680133A36038BD75
:106E00002DE9FF4705461E4B55F8046F0360044605
:106E10000DF104084FF00009AE4206D160688542CA
:106E200029D1204604B0BDE8F087CDE90188B768D4
:106E3000CDF80C90396801988F4203D1404515D1A7
:106E40003668E9E78B68D1F800A09C420CD18142FA
:106E50000AD0824508D052461AF057FA039B0133F4
:106E60000393BB68013BBB605146E4E707681DF034
:106E7000C7FE3846E2E706681DF0C2FE3046CEE7A0
:106E8000F872020810B50446FFF7BAFF20461DF05D
:106E9000B7FE204610BD2DE9FF47B1F800804768D6
:106EA0000368B8FBF7F607FB1686044653F826304E
:106EB000ABB11A68918841450BD0116879B113467E
:106EC0008A88B2FBF7F007FB1022964207D10A46E8
:106ED000F0E7186818B1083004B0BDE8F0870C205E
:106EE0001DF086FE4FF0000A0123C0F800A0A0F8B4
:106EF0000480C0F808A00093E36805463A4604F110
:106F0000100102A81AF030FD9DF80830C3B1039FAC
:106F1000012F04F1180923D1C4F818A04E46A44645
:106F20000020A3684CF8080F1BBB2068814501D0E6
:106F30001DF066FEC4E90067B8FBF7F607FB16868E
:106F4000236853F82620B00082B312682A6053F8F1
:106F500026301D60E3680133E36005F10800BBE7FC
:106F6000384611F0BBFABA00514606461CF0F7FD50
:106F7000D5E79A88B2FBF7F107FB1122D3F800E0BE
:106F800056F8221059B9A1681960A36046F822C0CA
:106F9000196809B146F8203010467346C4E70968FD
:106FA000196056F8222013600246F5E7A2682A60AD
:106FB000A5603AB192886168B2FBF1F601FB162236
:106FC00043F8225004F108021A50C3E70E4B70B583
:106FD00005461868FDF75CFE16F08EFD95F87860A2
:106FE00095F87940A41B4443642394FBF3F43444A0
:106FF000E4B20120A040002804DD11F0C8F9AB6E16
:10700000584370BD0020FAE71C1D002070B50D4EDE
:1070100033680546A3B10C48FEF7A0F8044678B1E2
:10702000282303734FF4C8712B46084A0D301EF015
:1070300097FB3068036821465B68BDE870401847DD
:1070400070BD00BFA01E00209012002096A702086D
:10705000F0B50C4605464FF49272B3B000211CF017
:107060007EFDA36FC5F8E830E36FD4F8B820C5F80B
:10707000EC30B4F8AC30A5F81C31B4F8B030A5F859
:10708000203102F0010385F8223194F8AE302668F1
:107090002E60C2F3400285F8232133B1012385F825
:1070A0001E3194F8AF3085F81F3194F86030E3B1A9
:1070B000636E012285F870200BB185F87420AB67F0
:1070C000A36E13B1012285F87C20C5F88030E36EF1
:1070D00013B1012285F88420C5F8883094F8743003
:1070E00085F89030236FC5F88C302379002B3BD086
:1070F00001235A22A11D68462B711CF0DBFD244997
:107100006A2217A81CF0D6FD3346224A102117A880
:107110001EF026FB28220DF106011BA81EF043FCE1
:1071200005220DF12E0125A81EF03DFC0EAF0098A2
:10713000BDF80430CDF89900ADF89D300FCF29AEE1
:107140000FC697E80F0086E80F000D9B9DF833C02F
:1071500028936A22BDF858308DF89FC017A9A81D42
:10716000ADF8C4301CF0A6FD94F880306BB101235B
:10717000843485F8F0300FCC05F1F4060FC60FCC3F
:107180000FC694E8030086E80300284633B0F0BD3C
:10719000807502087DA0020810B5064B03F1740249
:1071A000F83304460260C0F89431FEF7A3F8204695
:1071B00010BD00BF80750208A0F5CA70ECE710B5DD
:1071C0000446FFF7E9FF20461DF01AFD204610BDDA
:1071D000A0F5CA70F3E70DF051BB38B5084D044671
:1071E000D5F8F80203689B6C9847D5F8F802214659
:1071F0000122BDE8384000F5CA70FDF70BBE00BFA4
:10720000083F00200120E8E70220E6E713B500234D
:10721000009300F5E470012314F07DFC044618B1DE
:1072200001460448FFF792FD201E18BF012002B05E
:1072300010BD00BF581E00202DE9F04F85B000277B
:1072400000F5E476044600973B46304614F063FCB4
:107250000546A0B31B4BD0F81C01D3F8009094F85E
:10726000798094F878B0D4F868A016F045FCA8EBC3
:107270000B0300F114025A431E2392FBF3F25A440B
:10728000D2B20AFB08F80AFA02F209EB48094A44AA
:10729000C5F8582129460DF10F0230468DF80F70C0
:1072A000FEF764F818B908482946FFF74FFD9DF826
:1072B0000F3023B1B4F840320133A4F8403205B0A6
:1072C000BDE8F08FE8040020581E002007B5DBB2AF
:1072D000009300F5E470012314F01DFC014618B181
:1072E0000348FFF733FD012003B05DF804FB00BF46
:1072F000581E00202DE9F041D0E973580E4617467C
:10730000A84501D100240AE055F8044B2046FEF7B9
:107310007CF98642F4D1D4F814319F42F0D1201E7A
:1073200018BF0120BDE8F0812DE9FF47D0E9733295
:10733000934281465ED01D68002D5BD0D5F8583150
:1073400000F5CA74002B41D0D5F82431002B3AD077
:10735000D5F81C1114F066F8284B99F879801F684D
:10736000D5F8583199F878A0D9F868900344384492
:1073700083420290D5F81C01019334BF02AE01AEE6
:1073800016F0BAFBA8EB0A0200F1140353431E22C5
:1073900093FBF2F35344DBB209FA03F309FB08F859
:1073A000326803EB480307EB4303934238BF03AE55
:1073B00003933168C5F85811C91B204604B0BDE8D5
:1073C000F04712F063BBFFF701FEC5E7D5F81C617B
:1073D0000021304615F0F2FF38B1D5F8243123B939
:1073E0004846FFF7F3FD0146E7E73146484614F00B
:1073F00019F8F8E704B0BDE8F08700BFE804002002
:1074000037B51D4A92F8B83104460D462BB190F8B5
:10741000583013B992F8C02132B918482946FFF7FD
:1074200095FC222003B030BD4A68012A21D00DF11D
:10743000070200F5E4708DF80730FDF797FF9DF81F
:10744000073050B123B1B4F840320133A4F84032D0
:107450002046FFF769FF0020E4E723B1B4F840328B
:107460000133A4F8403205482946FFF76FFC20207D
:10747000D8E72320D6E700BFF0040020581E0020E4
:1074800010B5034B03600446FAF76BFE204610BDAF
:10749000A476020810B50446FFF7F2FF20461DF05F
:1074A000AFFB204610BD37B5104614460D46FEF71B
:1074B000ACF80023CDE900330146237AD4F8142137
:1074C000284612F0F2FA204603B0BDE8304012F030
:1074D00081BBF9F73EBA10B5034B044640F8043BB4
:1074E000FCF72CFA204610BDAC5E020810B504462D
:1074F000FFF7F1FF20461DF083FB204610BD38B595
:1075000090F8343004467BB1856A0020FDF7D0FC4A
:107510003C38854204D22046BDE83840FFF7DABB4C
:107520000020FDF7C5FCA06238BDF8B50F46044643
:107530001546FFF7E4FF97F84E61002E4ED03A68EB
:10754000E36A9A4240F0B18094F83430002B00F0A6
:10755000AC80012B44D1D5E90002D4E908139A424A
:1075600008BF884240F0A1806B8D202B40F09D80A9
:107570002B89002B40F0998005F12C0304F1550272
:107580004C3553F8041B42F8041BAB42F9D1484870
:10759000FDF7E4FD1E230546037346490D301CF03C
:1075A00081FB0C23A5F89E31D4E90823C5E96823A3
:1075B000414BE16A186803681B689847282200F16C
:1075C0000C0105F5D4701EF0EEF93C4B1868036809
:1075D00029465B689847022384F834303046F8BD6A
:1075E000052B62D12A89202A5FD1D5E90071D4E91F
:1075F0000803994208BF874257D105F10A0104F1F7
:1076000035001CF082FA014600284ED104F17507BE
:10761000282238461CF0A3FA294938461CF042FBC0
:1076200004F1340204F1380112F8013F9B083033B1
:107630008A4282F84F30F7D1202384F8883004F151
:10764000390204F13D0112F8013F9B0830339142A9
:1076500082F84F30F7D11648FDF780FD1E2305460E
:10766000037318493A460D301EF032F90D23A5F880
:107670009E31D4E90823C5E968230F4BE16A1868F5
:1076800003681B689847282200F10C0105F5D470A7
:107690001EF089F9002385F8D031084B186803687B
:1076A00029465B689847042396E7002696E700BFC3
:1076B00090120020A4A10208841E0020A01E002019
:1076C000CFA10208DFA10208F8B58C68064617466C
:1076D0000D1D012384B9E3B1CB68AB4208D0284625
:1076E00019F0E1FE028A3B889A4224BF0025044635
:1076F000C6E900453046F8BD238A3D88D4E9020238
:107700009D4238BF012325462ABF00230446144664
:10771000E0E72846E6E7A0F1200016F0CBBA37B53F
:10772000184613880E2B04D0252B0ED0002003B052
:1077300030BD91F8FA3033B10F2320F8083B1049DF
:10774000E7221EF030F90220F1E7137A0BB901208D
:10775000EDE702F108042146094815F07BFEE72217
:107760000546214606481EF01EF9002DEFD00123E4
:107770000093044A024B0448E92112F0FFFAE6E7BD
:1077800004420020DC7602081AA2020838B590F8FC
:107790002C300446154673B9074B1868FDF7B6FE42
:1077A0004DB194F82C3033B9044B054A1B6803F5EE
:1077B000DA531833936338BDA01E0020E80400207C
:1077C000083F002010B5034B0360044614F0D3F9C2
:1077D000204610BDFC76020810B50446FFF7F2FF04
:1077E00020461DF00DFA204610BD70B5094B036010
:1077F0000546044655F8200FA84206D1064B2360E3
:107800002046FFF7DFFF204670BD06681DF0F8F93F
:107810003046F1E72C7702086477020810B5044679
:10782000FFF7E3FF20461DF0EBF9204610BD10B531
:10783000034B03600446FFF7C5FF204610BD00BFA1
:107840009C77020810B50446FFF7F1FF20461DF0B3
:10785000D7F9204610BD0EB417B51048FDF77EFCD1
:107860000446A8B11E23037300210220FDF734FB58
:1078700006ABA0604FF4C871059A019304F10D00A6
:107880001CF006F9064B1868036821465B689847A8
:1078900003B0BDE8104003B0704700BF9012002055
:1078A000A01E002010B5054B044640F8183B14F00C
:1078B00029FA2046FFF786FF204610BDD47702083C
:1078C000A0F11800EEE710B50446FFF7EBFF2046E5
:1078D0001DF096F9204610BDA0F11800F3E70A4B01
:1078E00010B503F52C7203F5397304460260836109
:1078F0004830FFF785FA04F1180014F003FA204627
:10790000FFF760FF204610BD80750208A0F1180047
:10791000E5E710B50446FFF7E2FF20461DF070F9D9
:10792000204610BDA0F11800F3E710B50446203042
:1079300014F0E8F9034B23602046FFF743FF20468D
:1079400010BD00BF8C780208A0F12000EDE710B553
:107950000446FFF7EAFF20461DF052F9204610BD0D
:10796000A0F12000F3E72DE9F047B54D95F8CE32B0
:10797000B2B006461746002B00F00481B5F8AC32D1
:10798000202B40F0FF80536C23B1AE4A52689342E3
:1079900040F0F880A822394608A81CF08BF9102284
:1079A00000210DF1AE001CF0DAF8A74BDFF89C8245
:1079B000039300244FF48C73A549CDF8108008AAD6
:1079C00003A8CDE90534ADF8AC4007940AF0BCF843
:1079D000A8F2E338002800F0D580DDF81890B9F15E
:1079E000000F00F0CF804022362108F2FB401CF04F
:1079F000B6F840225C2108F23B501CF0B0F808F2C7
:107A00003B52DFF850E208F2FB41944608781EF83A
:107A1000013F584001F8010B107801344340202CFD
:107A200002F8013BF2D18C4BB9F5807F03F1800164
:107A300028BF4FF480790C4653F8042B41F8042BEF
:107A40006345F9D18149DFF814A24A4601F5EC708B
:107A50001CF030F9DAF800008149036809F14002AE
:107A60001B6A98477F4B03F5C07253F8041B42F81A
:107A7000041BA342F9D17A4B03F5C07203F1200134
:107A800053F8040B42F8040B8B42F9D1DAF80000EA
:107A90007549036860221B6A9847734B03F16002C3
:107AA00003F1200153F8040B42F8040B8B42F9D187
:107AB000B7F88C20102A65D16C4807F18E011CF0B4
:107AC00024F800285ED1D7F88830002B5AD0DFF890
:107AD0007491D9F81026934254D9D5F8D032002B9E
:107AE00054D04FF47A725343D8F83C1721B1604A0E
:107AF0001268521A9A4245D397F84C30002B41D065
:107B000095F8CE32012B44D1D6F854A0BAF1000F2B
:107B100038D107F150050FCD06F158040FC40FCD31
:107B20000FC40FCD0FC495E8030084E80300D7F815
:107B30008830736586F84DA00420C9F8103613F01C
:107B400071FD4B4B4B481B68C8F83C37FDF706FBF3
:107B50000446B8B11E23037351460220FDF7BCF959
:107B6000A060D7F8883000934FF4C8713B46424A72
:107B700004F10D001DF0F4FD404B18680368214628
:107B80005B689847002032B0BDE8F0874EF660236E
:107B9000AAE796F84D3073B1002486F84D4038229C
:107BA000214606F158001BF0DAFF336A74659B69C1
:107BB00006F120009847BB6CDFF8B4A007F1500431
:107BC0007BB30FCC06F158050FC50FCC0FC50FCCFA
:107BD0000FC594E8030085E803000122D7F8883038
:107BE000736586F84D200420C9F8103613F01AFD8D
:107BF000DAF80030B96CC8F83C374FF47A73A1FB5F
:107C00000313002BDAF8003018BF4FF0FF310B449C
:107C1000336506F12000FDF73FF9012386F8343083
:107C2000B0E7D7F88830C9F81036042013F0FAFC12
:107C3000DAF80030C8F83C37204613F001FDA1E720
:107C4000F0040020D40A00207FE40008EB4200206A
:107C5000BC7802089D070020034400208811002002
:107C60008344002043440020C345002023460020D5
:107C7000E80400209012002030A20208A01E00207C
:107C800010B5034B0360044614F05EF8204610BDA7
:107C9000DC78020810B50446FFF7F2FF20461CF01E
:107CA000AFFF204610BD10B5034B0360044614F02F
:107CB0004BF8204610BD00BFF07802080C4B10B501
:107CC00003603C3304460362C06E08B11CF098FFA9
:107CD00004F15000FFF7E7FF04F1200014F012F860
:107CE000044B23602046FFF76DFD204610BD00BF0A
:107CF0000479020868790208A0F12000DEE710B5D7
:107D00000446FFF7DBFF20461CF07AFF204610BD3B
:107D1000A0F12000F3E710B50446FFF7C4FF2046AA
:107D20001CF06EFF204610BDA0F1200015F0E4BF4E
:107D300073B506460C461546CAB19389012B06D188
:107D4000136923B95069002115F038FB60B96389C4
:107D5000042B09D1216839B1D4F81C310093D5E93D
:107D60000123304613F015FB002002B070BD4FF028
:107D7000FF312046FEF76AF803460028F4D1226856
:107D8000D4F81C1100911146EBE72DE9F04FDFF814
:107D90002092D1B004460025D4F86432D4F854229D
:107DA0009A1A003B18BF0123C3EBA203D4E9962122
:107DB000521A921009FB0233D4F84812D4F8502218
:107DC000521A921009FB0233032B0AD9002D00F03E
:107DD000EC8023681B6A0021204651B0BDE8F04FBB
:107DE0001847744BD4F86C141B689A8B9142EDD2EF
:107DF00058684B1CC4F86C34FEF722F90146002881
:107E0000E4D007A8FFF724F96B4A07995268429B10
:107E1000039391429DF839310293DDF804B19DF846
:107E20003BA19DF83C310BD100210220FDF754F815
:107E30004FF0000A0390CDF808A04FF0000B01238B
:107E40000193D4F86032D4F85802A3F592739842A3
:107E500018D0039B4293029B8DF839314FF49272F4
:107E6000019B8DF83C3107A9CDF804B18DF83BA1F9
:107E70001BF020FFD4F8583203F59273C4F858323F
:107E8000012589E7D4F85C32D4F86412D4F854821E
:107E9000D4F84822C01A8310081EA1EB080618BFA8
:107EA0000120C0EBA60009FB0300D4F850329B1A56
:107EB0009B1009FB0300414B98424FEAA60502D1F3
:107EC0003F4819F006FDD4E99023881AA3EBA000DF
:107ED000012822D80235B3EB450F01F1040149D93D
:107EE0005B1B5B0802EB8305A8453DD92A4640464B
:107EF000FCF7A5FE2B68C4F84C3203F59273C4F866
:107F00005032AB19C4F86432AB59C4F85C3203F593
:107F10009273C4F85452C4F860324FF49270D4F89B
:107F200064521CF065FE039B68604293029B8DF8CF
:107F300039314FF49272019BD4F858028DF83C31DC
:107F400007A9CDF804B18DF83BA11BF0B3FED4F81E
:107F500064321A1D5B68C4F8642203F59272C4F897
:107F60005C32C4F8602289E7321D2A44404613F08F
:107F7000F7FFBFE79F1C012B2CBFFF1801373846C6
:107F8000059110F0ABFA7D1B6D0800EB8505059996
:107F900004902A464046FCF752FED4F840021CF0FA
:107FA0002FFE049BC4E99037A4E751B0BDE8F08FE1
:107FB000F9F1E3C7841E0020D40A00201C387000A9
:107FC00083A2020810B504461046D4E900239B1A88
:107FD0000B4A0C4C9B105343E21A8A4201D219F00F
:107FE00078FC994205D91944A14228BF2146084688
:107FF00010BDB3EB430F4FEA4301F5D92046F7E735
:10800000CF467D67414CAE0038B503460C46154659
:10801000A34200D138BD1846BC2229461BF04AFEB7
:108020000346BC33F4E770B5BC260C46324600214B
:1080300005461BF094FD013C05EB060006D006FB4F
:1080400004042A462146FFF7DFFF204670BD10B525
:1080500039B182B1D0E900302C2404FB03039842EB
:1080600001D3002010BD4468A24202D10468A1429D
:10807000F8D02C30F3E71046F4E770B50C461946FB
:108080004368049E63B1036853B14CB1FFF7DFFF4F
:10809000014628B132462046BDE8704010F0BFBF0F
:1080A000002070BD38B504460068844200D138BD58
:1080B00005681CF0A5FD2846F7E770B585680446FD
:1080C00045B962682068920029461BF048FDC4E962
:1080D000025570BD2E6828461CF092FD3546EFE72C
:1080E000F0B585B001ADCDE901550E46002301681C
:1080F000039304468C42019803D1A84215D105B0E0
:10810000F0BD8A6833680F689A420CD181420AD068
:10811000874208D03A4619F0F8F8039B01330393DD
:10812000A368013BA3603946E4E704681CF068FDDE
:108130002046E2E7F0B585B00D460446019001A95E
:108140002846FFF7CDFF01ABCDE90133616800237D
:10815000271D03938F4204D101A8FFF7A3FF05B0A9
:10816000F0BD8B680E68AB420DD1019881420AD0F8
:10817000864208D0324619F0C8F8039B01330393B6
:10818000E368013BE3603146E4E738B5414B1968E9
:1081900091F80431012B04465DD190F88436012B0F
:1081A00004BF002381F80431237C002B52D000252A
:1081B00001F5847120462574C4F86C54FFF7BAFFAA
:1081C00020463549FFF7B6FFD4F8840018B111F006
:1081D0005FFDC4F884502046FEF768FB2046FEF79A
:1081E00075FB2046FEF782FB236800219B69204631
:1081F00098474FF40072002104F590601BF0AFFC2B
:108200004FF4FE72002104F51B701BF0A8FC4FF424
:108210009272002104F58E701BF0A1FC04F5107021
:10822000FEF777FD0023D4F87424C4F88430D4F822
:108230007034934218BFC4F8743404F11400FFF78B
:108240003CFF164A0023C4F88030C4F868346374D5
:1082500082F8803938BD022B03D190F88436022B86
:108260009EE7032B03D190F88436032B98E7042B69
:1082700003D190F88436042B92E7052B03D190F8B4
:108280008436052B8CE7062B8ED190F88436062B8E
:1082900086E700BFA01E002048460020083F0020BF
:1082A000064B93F8B811064B1A7812B9054A1360B9
:1082B00070478A42FAD01C33F6E700BFF004002072
:1082C00098790208201D00202DE9F04F704C027CA7
:1082D000AFB00546884623780BB19A4224D12A785C
:1082E00068786369002A3ED0A17C1F6800220023C1
:1082F000FE5CFF2E1FD19A4218D3012111F0A3FE7C
:1083000006463878A769B8F1000F16D1614A009780
:108310003346A02106A81DF023FA06A8FEF776FE34
:1083200000202FB0BDE8F08F1C34D4E7BB5C834243
:1083300016D00132DBE70133DAE7012111F083FEC9
:108340003346A021CDE90070534A06A81DF008FA73
:1083500006A8FEF75BFE63691B6818786870A17C4D
:10836000FEF764FB02E06888FEF7E0FA636999684B
:10837000D3F804900646084615F066F9494615F00C
:1083800063F946490746304615F01AFB0146384660
:1083900015F05AF961680746A06815F053F9394697
:1083A000824615F015F8002840F082805146484674
:1083B00015F04AF9394615F003FB1AF0DBFD15F00C
:1083C000C1FB374B8146187811F074FE297883463B
:1083D000687811F038FE41F205570246594611F807
:1083E000013B002B40F00181114641F2055611F886
:1083F000013B002B40F0FD80D5F820A00592002124
:10840000504614F0DBFF002800F00B81B6FBF9F3B7
:1084100009FB13666B8B059A002B00F0F1806169F4
:10842000497C002900F0E980994214BF0021012114
:10843000DFF870A005938AF800105846114615F031
:1084400009F8059BDFF860B0003818BF01204B45E4
:108450008BF881091AD9CDF80490A2690092A02165
:10846000124A06A81DF07CF906A8FEF7CFFDB8F168
:10847000000F3FF455AF9BF88139002B00F0C2800C
:10848000B7FBF9F309FB137701376F83012048E746
:1084900098790208D6A20208B3A2020800007A4422
:1084A000701E00206C000020083F002013A302086B
:1084B000304614F02DFCCDE902015F49504615F01D
:1084C000CBF914F025FCCDE900015C4AA369A02199
:1084D00006A81DF045F906A8FEF798FDB8F1000FB3
:1084E0003FF41EAFD4F81490A17CD9F8003018786E
:1084F000FEF79CFA5249064614F088FF28B151490C
:10850000304614F065FF002860D14F49304614F022
:108510007DFF28B14D49304614F05AFF002857D14D
:108520004B49304614F072FF28B14A49304614F0E6
:108530004FFF00284ED14849304614F067FF28B15C
:108540004649304614F044FF002845D1444930469E
:1085500014F05CFF28B14349304614F039FF00287D
:108560003DD14149304614F051FF28B13F493046D2
:1085700014F02EFF002835D14FF07C51304615F015
:1085800063F815F0DFFA80B26880FEF7CFF9D9F80A
:10859000046061688246A06815F054F8314615F011
:1085A00053F8D9F808100746084615F04DF831463B
:1085B00015F04AF820490646504615F001FA0146E2
:1085C000304615F041F801463846F4E61F20DBE757
:1085D0003E20D9E7C820D7E74FF4C870D4E74FF45E
:1085E0004870D1E74FF4C860CEE707EB47171F4448
:1085F000F5E606EB46161E44F9E6591EB14214E7AD
:10860000012115E72B7853B163695A7C01231AB114
:108610006A838AF8003039E701366E83F9E701236F
:10862000F7E7504614F074FB114ACDE90001A02190
:1086300006A81DF095F829E700007A44EFA2020889
:1086400085EBF9417B14FA41C3F579423D0A7A4240
:10865000B81E4B4348214B43B81ECB434821CB4364
:108660005C1F4B44A4204B44AE1FCB445220CB4450
:108670003FA3020830B504460FCC91B06D460FC53C
:108680000FCC0FC50FCC0FC594E80F0085E80F0085
:1086900000216846FFF718FE11B030BD2DE9F04704
:1086A0000B88DFF88492013B99F8048099F8B8A10F
:1086B000C8B006460C4617460A2B00F2C580DFE814
:1086C00013F00B00A000C50004010D014701F901E2
:1086D0000202C300C3005B02D9F80820CB68012561
:1086E0009A4289F800500DD1D9F80C200B699A42B2
:1086F00008D10B7A434505D199F810500B7DED1A3E
:1087000018BF01258948602204F108011BF0D2FA44
:1087100099F81030042B0AD199F80430022B06D1B5
:108720000023834989F810303046FFF794F8237A04
:10873000434563D0022B34D111F0C2F87D4B0022A7
:10874000C3F88021C3F88821C3F89021C3F8982189
:10875000C3F82822C3F8642299F80420022A4AF6B2
:10876000C00218BF4FF46162C3F87C21052389F869
:108770001030714B40F20112A3F8BA204FF0150AE5
:10878000D9F81430B3F5616F03D24FF46163C9F8BF
:1087900014302A465146304648B0BDE8F047FEF74F
:1087A000F5BF062B17D1644B40F20112A3F8BA2093
:1087B00099F80430022B5F4B4AF6C00218BF4FF401
:1087C0006162C3F87C21012283F884214FF4967200
:1087D000C3F88021D2E7052BD0D1574B40F20112CC
:1087E000A3F8BA2099F80430524A022B4AF6C00383
:1087F00018BF4FF46163C2F87C31BFE74FF0010A44
:10880000BEE7012389F8643099F89030012B11D12B
:1088100091F83030012B0DD099F86D3053B94D7B64
:1088200045B9464B1868FDF74DFA2A4611213046E6
:10883000FEF7ACFF08340FCC414D0FC50FCC0FC570
:1088400094E8070085E8070001253BE0012589F849
:10885000945099F8B42091F824309A421ED199F896
:1088600098200B7A9A4219D1D9F8AC20CB699A4258
:1088700014D1D9F8B0200B6A9A420FD1D9F89C20B4
:10888000CB689A420AD1D9F8A8208B699A4205D1BF
:10889000D9F8A4504B69ED1A18BF012504F1080C52
:1088A000BCE80F00274F0FC7BCE80F000FC79CE8BC
:1088B000030087E80300E368013B1C2B02D81E235A
:1088C000C9F89C304FF0010A63E70123C422083144
:1088D0001D4889F8C0301BF0EDF9B5E7012389F890
:1088E0008831D9F88C11A26899F89C31914209D14C
:1088F000D9F898516269554015F0FF2502D1227EC2
:108900009A4208D0032B05D0237E032B04BF0023FB
:1089100089F8EC31012508340FCC0C4F0FC794E8CF
:10892000030087E80300CDE7F0040020F4040020F2
:1089300067A30208083F0020D40A0020841E0020FC
:108940005805002088050020B40500207C06002082
:10895000DFF834C2BCE80F0010AD0FC5BCE80F0053
:108960000FC5BCE80F000FC59CE80F00083485E870
:108970000F0099F8A9810FCC6D460FC50FCC0FC51C
:108980000FCC0FC594E80F0085E80F00012389F88C
:10899000A4319DF80830019A043B042B84BF0523C1
:1089A0008DF80830D31FDBB2052B01D8FF2A01D97F
:1089B0000B230193754C9DF8105023681B78AB4234
:1089C00024D0734B00E01C331A780AB19542FAD1D7
:1089D0005A69527B002A31D06E4A92F89620002ABA
:1089E0002CD19B696C4AA02120A81CF0B9FE20A8BC
:1089F000FEF70CFB10AD0FCD6C460FC40FCD0FC4AE
:108A00000FCD0FC495E80F0084E80F004FF0010A66
:108A10006846FFF72FFE18B9002F46D08DF8018069
:108A20006C460FCC584D0FC50FCC0FC50FCC0FC5E2
:108A300094E80F0085E80F000025AAE66846FFF7D6
:108A400019FE0028D6D0BAF1000F1DD055B389F811
:108A5000B851FFF725FC25685049E86814F0B8FCC8
:108A600010B101238DF83C304D4C4E490322204675
:108A70001BF07DF828B9AB694A4A4B4920461CF0E7
:108A800027FF4FF0030AC3E7002DE0D0474B1868DB
:108A900020B10368464A1B694649984701238DF86F
:108AA0001830D4E78DF81850D1E701216846FFF758
:108AB0000BFCB5E7012389F8E831D1E902013E4B0F
:108AC00083E80300C0E6334F3A48384DB0220831FE
:108AD0001BF0F0F897F8963028686BB9BAF1000FE0
:108AE0000AD0B9F81C820368B8F1200F3AD0334A93
:108AF0009B68A2F122019847B9F8FA213049314820
:108B0000A7F898201BF0D6F82A682C4B793203F18D
:108B1000200153F8040B42F8040B8B42F9D199F869
:108B2000A63293B1B9F84032202B0ED0B9F8623298
:108B3000202B0AD0B9F88432202B06D000232249FA
:108B400089F8A6323046FEF786FE99F8A82294F8F6
:108B5000B6309A427FF478AE99F8A75294F8B530BF
:108B60005D40AFE6154ADB68A2F122019847002874
:108B7000C2D0A9F8FA81BFE74FF0010A134D89F876
:108B8000AAA2083450E700BF98060020201D00204C
:108B900098790208D40A00209FA302080000C84266
:108BA000EC3F0020C0A30208C4A3020888110020E3
:108BB000260B0020EA060020DC0600200E0700201D
:108BC000EC0600206E0B0020CAA302089C070020C0
:108BD00070B590F8605004460120A84014F0E4FD00
:108BE000E16D14F0EDFE1E4B1B689B7C06468BB1BD
:108BF00094F86400032303EB450300EB531014F0D7
:108C0000D7FD314614F028FE164914F01DFD14F06E
:108C100099FF70BD94F8630014F068F8124B0022BD
:108C200013F018FF114B002204460D4614F058FBB8
:108C300008B90E4D0024304614F06AF822462B463F
:108C400014F0BEF804A3D3E9002313F003FF14F0DB
:108C500051FBDEE7AFF300800000006066661E4057
:108C6000201D00203333F3400000E03F00000240AD
:108C70002DE9F04F7D4D7E4E95F8B82187B0044622
:108C8000337813B19A4240F08E807A4B7A481E6056
:108C900095F8A831002B00F08880FFF7EBFC20B995
:108CA00073691B681B7885F8A9310DF117030093D0
:108CB00004F15C0204F16003B17C95F8A901FDF7B1
:108CC00061FE95F8B0315A1F032A04D89DF8172089
:108CD000934238BF134684F8613095F9C13184F866
:108CE0008831327C2BB1934205DD644B93F896308A
:108CF0000BB984F8882194F98831002B08BF11231F
:108D000084F8883185F8C131B368D6F814800393AC
:108D100095F8A811736895F8A901029311F093F9D9
:108D2000D8F804B0D8F80870D4F85CA041F205591E
:108D300010F8012B002A4BD1D5F8C861002130462C
:108D400014F03CFB4E4A002847D110704FF0FF381A
:108D5000236841465B6C20469847D5F8B4113046ED
:108D600014F072FC236801461B6C2046984720468D
:108D7000FFF72EFF94F86030A0660120984014F0B1
:108D800013FDE16D14F01CFE0546B4F86C0014F000
:108D90000FFD0146284614F05FFD14F0D3FE206756
:108DA00007B0BDE8F08F1C366AE7FFF763FC18B91F
:108DB00031480121FFF788FAB5F8AA01FDF7B6FDA1
:108DC000D5F8AC31E06584F8603095F8B03182E7D1
:108DD00009EB491302EB0309AAE73946384614F0B8
:108DE00033FC594614F030FC26490646504614F030
:108DF000E7FD0146304614F027FC214A127806466A
:108E000072B398F8112042BB0299039814F01AFC2F
:108E1000594614F019FC314614F0D2FD1AF0AAF8A4
:108E200014F090FEB9FBF0F202FB10981649504680
:108E300014F0C6FD029914F007FC394614F004FC46
:108E40000746404614F0B0FC314614F005FD0146DB
:108E5000384614F0F9FB06467AE702F1FF38E5E7F9
:108E6000B5F8C28108F1FF38E0E700BFF004002048
:108E700098790208201D002098060020D40A0020BE
:108E80006C00002000007A440000FA4408B5FFF7A7
:108E9000EFFE012008BD38B50C4B0D4D1968044696
:108EA00001F58A710430FDF795FF05F6841104F190
:108EB0002000FDF78FFF05F5196104F13C00FDF777
:108EC00089FF2046FFF7D4FE012038BDA01E0020F8
:108ED000083F002030B587B00446FFF7DCFF194A91
:108EE000D4F89C0202F160010CF02AFB20460FF03E
:108EF0007AFE236820469B6B984700230593D4F89D
:108F000050320493B4F86C30039394F9883102938F
:108F100094F8D931019394F861300093014694F8A4
:108F20006030E26D04F515700EF096FA054618B93A
:108F3000236820465B6D9847B5FA85F0400907B075
:108F400030BD00BF8C7C020838B5D0F828422369B8
:108F50001F2B054607D1012205F5CA701146BDE851
:108F60003840FBF757BF23682046D3F88430984732
:108F700023691842EFD138BD036810B5DB680021C2
:108F80009847044620B14FF4B07200211AF0E7FD73
:108F9000204610BD704710B5124C94F89C396BB93F
:108FA000012384F89C391AF01BF86FF0004390FB02
:108FB000F3F3C3EBC373C01AC4F8A009D4F8A03903
:108FC0000133C3F30903C4F8A0391AF009F86FF0AC
:108FD000004390FBF3F30344D4F8A00940EA832054
:108FE00010BD00BF083F002008B5036800211B68C2
:108FF0009847024B01221A7008BD00BF241D0020B3
:109000002DE9F84F04460D4600F13806616E00293F
:1090100015DDE36DE26C9A1A003B18BF0123C3EB28
:10902000A202D4E914301B1A9B1003EBC213206C6C
:10903000A26C121A03EBA203994240F38480206EC3
:1090400018B1036800211B689847A36D206D043B8D
:10905000984206D040F8045B20652046BDE8F84FF2
:10906000C2E7E16D636DE76C0A1EA1EB070618BF4E
:109070000122C01AC2EBA602801000EBC210A36C42
:10908000226C9B1A00EBA3006FF0604398424FEAFA
:10909000A60802D1304818F01CFCD4E90E030A1AC5
:1090A000A3EBA202012A1CD808F10208B3EB480F77
:1090B00001F104092BD9A3EB08035B0800EB83083B
:1090C00047451DD9424649463846FBF7B8FDD8F812
:1090D00000306364464403F50073C4F84C80A36415
:1090E000E6654FF40070E66D1BF082FD46F8040F54
:1090F000226D00F500731560E6656065A365ABE75A
:10910000321D42444946384612F02AFFDFE703F198
:10911000020A012B2CBF9A440AF1010A50460FF0B3
:10912000DDF9AAEB08084FEA580800EB88088346E7
:10913000424649463846FBF782FDA06B1BF060FDB6
:10914000C4E90EBAC3E730460FF09AFC00283FF49A
:109150005DAF10F03FFD59E783A20208896E10B59C
:10916000044621B9018081704160204610BD0B6822
:109170009B699847F9E7F8B50446806E0E46174696
:1091800010B900252846F8BD0368DB6998470546F5
:109190000028F6D0636B002BF4D0236B002BF1D0AA
:1091A0003A46314604F13000FEF751FF0028E9D07D
:1091B000134B5E68002300F1100200F128041F46E3
:1091C00052F8041F8E421FBF00EB830C0133CCF812
:1091D0001410DBB208BF1760A242F1D1C3F106023E
:1091E000062BD2B203F105034FEA82024FF00001D1
:1091F00088BF002200EB83001AF0B1FCC2E700BF79
:10920000D40A0020806E03681B6A184710B5044614
:10921000C9B1942380F89938C32380F89A380B0A8F
:1092200080F89B3880F89C18D0F8880603680A1DDF
:109230005B6804F699019847D4F888060368BDE88E
:109240001040DB68184710BD30B585B00446ADF856
:1092500006100D4618300DF10601FDF78DFC04F1E6
:109260001C03984202D0406905B030BD20460DF184
:109270000E01ADF80E50FDF77FFC0434A04201D181
:109280000020F1E74469002CFAD00020FBF710FE23
:109290000128F5D9A042F3D3074B001B9842EFD821
:1092A0004FF47A7303FB00F2B2FBF3F38342E7D18E
:1092B000024B1868801AD7E780510100E8040020AB
:1092C00010B50446006818F0ECF82060204610BD88
:1092D00070B590F83030CEB00446002B30D0234823
:1092E00012F012F8224810F00DFD10B1204810F0D5
:1092F0005CFD06A81E49012211F077FB0C9800B313
:109300001C4B029301238DF80C306369102B28BF8E
:109310001023062202A906A88DF80D3007F04AFB9B
:10932000E3680193261D1125019B9E420BD106A8DF
:1093300007F02AF906A807F02FF9002384F8303047
:1093400001204EB070BD013D15F0FF05EFD01A8A27
:10935000ADF810205B69CDF81230062204A906A8EA
:1093600007F028FB01A8FFF7ABFFDDE710A4020818
:1093700017A40208545348542DE9FF4700F104088C
:10938000836806460D4644460BBBA04503D02A8899
:10939000238A9A4253D218201BF02AFCB5F8009079
:1093A000A0F810900023A0450746436100F1100A81
:1093B00017D173691BB13269138A4B4549D35246A1
:1093C000314602A8FEF780F9DDE902423EE01F8A3D
:1093D0002888D3E9021287422ABF1C4613460B464F
:1093E000D2E7238A4B450ED9F268944209D0204631
:1093F00018F059F8038A4B450246E0D2C36843B3DC
:109400002246012013E027D232690194944220D0F1
:1094100001A8FFF755FF03681B8A4B45CFD9E368C6
:1094200093B92246108A484594BF00200120434644
:10943000394618F03AF87369013373613C4604F118
:10944000140004B0BDE8F087019C224622B1002C34
:10945000D7D19045E6D1D4E738461BF0D1FB27465B
:10946000ECE7F0B5CFB02A490546002206A811F076
:10947000BCFA0C9B6BB10024062202A906A8029438
:10948000ADF80C4007F029F9062807D006A807F028
:1094900083F8002385F830304FB0F0BD029A1D4BA1
:1094A0009A42F3D19DF80C30012BEFD19DF80D308D
:1094B000102BEBD8264624E0062204A906A8049621
:1094C000ADF8146007F009F9062819D1DDF812701B
:1094D000B7B1BDF81030ADF806300DF106012846E1
:1094E000FFF74AFF0C4B07601F68BDF81030ADF85E
:1094F00006300DF1060105F11800FFF73DFF07608A
:1095000001349DF80D20E3B29A42D5D8BEE700BFE2
:1095100017A4020854534854E804002073B5144EAD
:10952000ADF8061004460DF1060118303568FFF756
:1095300023FF05600020FBF7BBFC0128054615D979
:109540000DF106012046FFF717FF0560626B01234E
:1095500084F8303022B133689B1A064A934205D909
:109560002046FFF7B5FE08B13368636302B070BDF3
:10957000E8040020DF9304002DE9F04701F00F0715
:10958000DFF8689021F00F0106461546441802F1F5
:109590000F08A64214D13FB36B1E274414F8011BD9
:1095A00013F8012FBC4282EA01021A70F6D10F4B68
:1095B000186803682A4629469B6ABDE8F0471847A1
:1095C0006B1E711E13F8012F11F8010F434582EA3B
:1095D00000021A70F6D1D9F8000003682A469B6A87
:1095E000294610369847D4E7BDE8F0878811002057
:1095F00010B50C461146084A86B0CDE9012000207E
:10960000CDE904001A4601A8039408F09DFA00B1C0
:10961000049806B010BD00BF7FE400082DE9F047B4
:10962000B44D95F88039CCB004460F4613B300F51D
:1096300090684FF40072002140461AF090FA0B2314
:10964000A4F88434AC4B6E4619683046FFF786FDAB
:1096500096E8030004F5916484E80300002385F88C
:109660008039A64A43464FF4FF7138464CB0BDE8F6
:10967000F047BDE7037C013B0A2B77D8DFE803F016
:109680000E0E0E0E0E0E0E060E0E2800D0F85822EC
:10969000D0F848329A4201D1FEF777FB04F5906882
:1096A0004FF40072002140461AF059FA237C013B26
:1096B0000A2B00F29080DFE813F093005D009F001A
:1096C000D90005013701D201C30223034C03500323
:1096D000D0F8103133B98A4B1868943010F07EFA04
:1096E000C4F81001D4F8143133B9854B1868AC3084
:1096F0000FF0F4F9C4F81401D4F8183133B9804BE1
:109700001868DC300FF0D9F9C4F81801D4F810311A
:10971000002BC3D1D4F81431002BBFD1D4F81831A9
:10972000002BBBD194F888302BB1882200217548DA
:109730001AF015FAB2E77349882203A81AF0BAFAA8
:10974000882203A9A0181AF0B5FA94F88830002BE3
:10975000EBD1D4F88430002BA0D1694B18680430C9
:1097600010F07CFAC4F88400002897D100204CB097
:10977000BDE8F08703236449A4F8843428226348B1
:10978000634E1CF010F9634B1D684C22AB8BA6F89E
:109790004C30311D04F591604FF001091AF08AFA3E
:1097A00084F810902B6871681B682846984790F8D9
:1097B0006010054629B9142264301AF0D0F985F8F2
:1097C000609000210220FBF787FB0021E867022060
:1097D000FBF782FB2867B4F88434002BC6D040E73F
:1097E0001123A4F884344C498C2204F591601AF0BA
:1097F00061FA03232374EEE7464BD4F86C141B681C
:109800009A8B914223D258684B1CC4F86C34FCF7F5
:1098100017FC0146D8B103A8FDF71AFC0025012367
:109820004FF4927203A904F58E708DF82C318DF8E7
:109830002A511AF03FFA0423A4F884344FF49272A8
:1098400003A904F591601AF035FAC4F81C51D4F854
:109850006824324B9A4207D10823237423680021DD
:109860001B6A20469847B6E70423C3E70D232C491B
:10987000A4F88434122203A81CF095F818220023BF
:10988000CDE90823274B1A799B6F0B9348238DF85A
:10989000303095F8DA318DF831304FF457530D935D
:1098A00001238DF828208DF8323003AD0FCD04F55B
:1098B00091660FC60FCD0FC695E80700052386E811
:1098C000070097E7657C0A23A4F88434284610F043
:1098D0002BF801350146EDB24C2204F591601AF0E7
:1098E000E9F9072D65747FF676AF4FF48373238211
:1098F00071E700BF083F0020A41E00202860020876
:10990000A01E00200048002033A40208F60A002010
:10991000D40A0020841E0020700000202D0F0100BA
:10992000719F0208F0040020637C0522591EA4F8F0
:109930008424092900F28A80DFE801F00510203C28
:10994000475466727D820123A649A4F888346022B8
:1099500004F592601AF0AEF9022375E0A24E0223DC
:10996000A4F888340FCE04F592650FC50FCE0FC54D
:1099700096E8070085E80700032365E0DFF86CC27E
:1099800003230CF19806A4F888340FCE04F59265F1
:109990000FC50FCE0FC59CF8043096E80300022BCC
:1099A000934B18BF4FF4967385E80300C4F8A434B2
:1099B000042349E004238F49A4F88834C42204F521
:1099C00092601AF077F905233EE08B4EA4F88824C4
:1099D0000FCE04F592650FC596E8030085E80300F5
:1099E000062331E0854E0623A4F888340FCE04F513
:1099F00092650FC50FCE0FC50FCE0FC596E80F00AD
:109A000085E80F0007231FE07D4A92E80300072343
:109A1000A4F8883404F5926383E80300082313E074
:109A200008237849A4F88834B02204F592601AF02B
:109A300041F9092308E00923A4F888340A2303E044
:109A40000A23A4F888340B236374C4E60133DBB221
:109A50000B2B63747FF6BFAE40F2071347E7637CBE
:109A60000922591EA4F884240C2900F2A480DFE8FE
:109A700001F0070F1C29343E4B5A69728A7C97000B
:109A800001236149A4F88834D42204F28C4061E7B0
:109A90005E4E0223A4F888340FCE04F28C450FC525
:109AA00096E8030085E8030066E7594E0323A4F80F
:109AB00088340FCE04F28C450FC596E8070085E880
:109AC000070075E7534E0423A4F888340FCE04F240
:109AD0008C450FC533682B6075E74F4A07CA0523CD
:109AE000A4F8883404F28C4383E8070078E74B4EEF
:109AF0000623A4F888340FCE04F28C450FC50FCE90
:109B00000FC533682B607DE7454E0723A4F88834E2
:109B10000FCE04F28C450FC50FCE0FC596E803009B
:109B200085E803007AE70823A4F888343D4BD5F88C
:109B3000D1019A889B79C4F88C04A4F8902484F805
:109B4000923476E7A4F888243749482204F28C40FE
:109B50001AF0B0F872E7354A07CA0A23A4F8883425
:109B600004F28C4383E807006DE7314E0C23A4F820
:109B700088340FCE04F28C450FC50FCE0FC5336865
:109B80002B600D2360E70B23A4F88834294BD5F80C
:109B900031021B7984F89034C4F88C040C2353E709
:109BA0000D23A4F88834244B0FCB04F28C4585E8B0
:109BB0000F000E2348E70133DBB2102B63747FF6EE
:109BC0000AAED4F868241D4B9A4203D109232374AA
:109BD000002339E708232374236800211B6A2046E9
:109BE0009847F5E7F404002058050020F004002011
:109BF00080510100B40500207C060020980600205A
:109C0000DC060020EA060020483F0020204000201B
:109C10003C4000205C400020744000208440002034
:109C2000AC400020D9400020E24000202C41002020
:109C30004041002039410020684100202C0F0100E4
:109C40004FF49272002103A819F089FFD4F81C3157
:109C500004F58E76ABB9D4F84852D4F858329D4208
:109C60000FD0D4E993A94FF4927229463046A9F552
:109C700092791AF01FF84D4525D005F59275C4F874
:109C800048524FF49272314603A81AF013F8039D1C
:109C90005DB34FF492720021304619F060FF2A46FE
:109CA0005B490DF112001BF013FE0423A4F8843469
:109CB0004FF4927203A904F5916019F0FBFF20465E
:109CC000FEF763F887E550461AF09AFFD4F854324D
:109CD0001A1D5B68C4F8542203F59272C4F84C3222
:109CE000C4F85022C4F84832CBE704F51070FDF7F1
:109CF00010F80923237439462046FFF78FFC36E518
:109D0000D4F87434D4F870144248657C5A1AD210CE
:109D10004243954217D0D4F868043F4EB04212D067
:109D20000F239542A4F8843403D33C48294617F006
:109D3000D3FDE82205FB021104F59160013519F00D
:109D4000B9FF657447E500228B42627418BFC4F8FE
:109D500074142046FCF772FD3DE5D4F8102162B181
:109D600092E803000B23A4F8843404F5916383E89C
:109D700003002046FCF79AFD2DE5D4F814616EB17E
:109D80000E23A4F884344FF4FB72314604F591603D
:109D900019F090FF2046FCF799FD1CE594F88830F7
:109DA00083B10C2304F188052946A4F88434882261
:109DB00004F5916019F07EFF88223146284619F09B
:109DC000CEFE08E5D4F818516DB11023A4F8843400
:109DD0004FF4F072294604F5916019F06BFF2046AC
:109DE000FCF784FDF7E4D4F88460002E3FF4F3AC74
:109DF0000223A4F884344FF4B072314604F5916024
:109E000019F058FF30460FF043FFC4F88450E2E4E5
:109E10007DA0020835C2724F2D0F010099A00208E3
:109E200070B5044600F69D0631462046FFF7F6FB66
:109E3000054601462046FFF7E9F9002DF4D170BD33
:109E4000F8B504460D46A2B9264BD0F894281B68F5
:109E50009B1AB3F5FA6F2CBFFA25052594F89838AC
:109E600013B12046FFF7DCFF2046FCF7D6FC28465E
:109E7000F8BD8E180027D4F8903815F8012BE0189B
:109E8000591CC4F8901880F88C265BB9942A01D02C
:109E9000C4F89078B542EED1124B1B68C4F89438E0
:109EA0000025DBE7012B01D1C32AF0E7022BF1D01B
:109EB000B4F88E26032B52BA92B20FD1B2F5007FBE
:109EC000E6DC131D9942E5D30023C4F890382368DB
:109ED00004F5D2611B6920469847DBE70029D9D0F9
:109EE000EFE700BFE804002038B50446D0F8880644
:109EF00003681B69984798B10025D4F88806036861
:109F00001B69984730B1D4F8880603685B699847A5
:109F100000281ADA244B1B68C4F89438002509E09D
:109F2000214BD4F894281B689B1AB3F5FA6F34BF01
:109F30000525FA2594F8983813B12046FFF770FFED
:109F40002046FCF76AFC284638BDD4F89038E21861
:109F5000C0B2591CC4F8901882F88C0623B9942812
:109F6000CBD0C4F89058C8E7012B01D1C328F7E73C
:109F7000022BC2D0B4F88E26032B52BA92B20FD164
:109F8000B2F5007FEDDC131D9942B6D30023C4F86F
:109F90009038236804F5D2611B6920469847ACE7E6
:109FA0000029AAD0EFE700BFE80400204B89052B69
:109FB00070B50446154608D18989183123682A46A8
:109FC00020465B6BBDE87040184701F10C03044A62
:109FD00004484FF48071FFF70BFB00F11801EDE727
:109FE000F85F02081C1C0020F0B590F8623087B0C2
:109FF0000446B3B1002380F86230D0F82802036829
:10A000005D6E94F860308DF80C30E36D049394F835
:10A0100061308DF814300323009306AB13E90E0072
:10A02000A847E66F0022E267002E3ED03146204668
:10A03000FFF7BCFF1E4B1F491B68D3F844210244A5
:10A04000C3F844210A6802440A603C21D3F83C2149
:10A05000B2FBF1F5B5FBF1F701FB175503EB8505F5
:10A06000A96C0144A9640A21B2FBF1F20621B2FBFA
:10A07000F1F501FB152203EB82031A6B02441A630C
:10A08000D4F838320133C4F838323046FBF788FB55
:10A0900020B9D4F83C320133C4F83C32064831468A
:10A0A00007B0BDE8F040FCF751BE07B0F0BD00BFFF
:10A0B0001C1D0020D0070020581E0020A0F5CA70EB
:10A0C00013F04EBE38B590F8583004460D461BB913
:10A0D000314B93F8C0312BB930482946FCF736FE96
:10A0E000002038BD0368DB6E98472B68C4F88C30BD
:10A0F0006B68C4F88830D5F81431C4F890302B7AE6
:10A1000084F89630D5F85031C4F89830D5F85431E9
:10A11000C4F89C3095F8203195F82121402B84BF5C
:10A12000402385F8203195F8203103F07F0343EA7E
:10A13000C21395F8292143EA022395F82A2143EA1C
:10A140004223A4F89430AA8905F10E0104F1A0007D
:10A1500019F0B0FDD4F82802E567AA89036818321F
:10A160005D6A04F188010023A847054650B12046E6
:10A17000FFF73AFF236820465B6D9847B5FA85F0F4
:10A180004009AEE723680649DB6C20469847054B3B
:10A190001B68C4F88030F1E7F0040020581E00204E
:10A1A00009720008E804002091F8213170B50546D5
:10A1B0000C466BB117480FF022FD06466068FBF7AE
:10A1C000FCFBC0F10502D2B231462846FBF7C4FBC6
:10A1D000D5F88C604EB96068FBF7EFFB214698B16B
:10A1E0002846BDE87040FBF7F0BBB268D4F81431E4
:10A1F0009A4207D0A86E00222146FFF7D7FE3369A6
:10A20000034433613668E5E72846BDE87040FBF754
:10A210002DBC00BF581E00202DE9F043264B0A68D4
:10A220005B689A4285B005460C4627D10846FBF785
:10A23000ECF9D4F814910DF10808CDE902090646AD
:10A24000414605F18400FBF7C1F90746B0B120464D
:10A25000FBF7DBF9FB68014600201B7A4A46CDE993
:10A2600000000FF022FC94F85C31012B06D1CDE9FF
:10A270000269284698E80600FBF7C4FAD5F88C6016
:10A2800056B96068FBF799FB214678B1284605B0BE
:10A29000BDE8F043FBF7F0B9A86E01222146FFF7B5
:10A2A00085FE3369034433613668E9E7284605B023
:10A2B000BDE8F043FBF7DCBDD40A00202DE9F04FE8
:10A2C000DFF8A492D1F804B0D9F804309B4591B0DE
:10A2D00005460C4604D108460FF07CFC202059E0CE
:10A2E000A24F97F8C431002B5FD1A14BA1491B6845
:10A2F000D3F80CA0504613F06BF8002855D09E4BB5
:10A300001E683046FAF72CFD80460146504613F091
:10A310005FF8002849D0DFF8649206F59C773B2669
:10A3200057F8040D13F040FA494613F049FB014673
:10A33000404613F087F980460146504613F066F810
:10A3400058B3C6F13B06F6B28D48FAF707FF012372
:10A350000370D4F8143143601E23074603730021B1
:10A360000220FAF7B9FD8749B860324607F10D00BF
:10A370001BF0AEFA844B1868036839465B6898474F
:10A380002046FBF70DFA60B1224609212846FDF769
:10A390008AF8092011B0BDE8F08F013EC0D23C26FA
:10A3A000D2E720460FF016FCF3E75846FBF705FB13
:10A3B0006689F8B12046FBF7F3F9D8B1042E19D11C
:10A3C00094F8FA30B3B9A38923F040039BB2032B6E
:10A3D00010D1D7F8D02112F0FF0302D1002A08BF14
:10A3E000032394F82021402B28BF40239A4288BFA2
:10A3F00084F820312046FBF708F920602046FBF75F
:10A40000CFF918B194F8203184F82A31331F012B89
:10A410003FF664AF94F82231002B40F0948094F81A
:10A420002131002B0CBF40234623042E84F8223117
:10A4300040F08C80A389052B73D1782384F82231D6
:10A44000237A52480F9321460FF0D9FB63890E906F
:10A45000042B40F0EF802046FBF7A2F968B10123FE
:10A4600084F8103197F8E52194F81131134394F8EA
:10A47000FA2043EA420384F8113104F10C03444A00
:10A4800044484FF48071FFF7B3F800F11803FF2B35
:10A4900006463AD8404B6168186894F808A00368EB
:10A4A0001B68984783462046FBF77AF994F84E815B
:10A4B000002853D099F89630002B4FD1B8F1000FF7
:10A4C00010D150460FF0F6FD344981461BF020FABA
:10A4D000002800F0B380324948461BF019FA0028E2
:10A4E00000F0AC80B7F81C32202B37D167683846B3
:10A4F000FBF763FA90BBA389462B2FD0033B022BBB
:10A500002CD906F12403FF2B4CD907260E980FF007
:10A5100061FB00232372224631462846FCF7C3FF25
:10A52000C6E0012B01D0062B01D1642386E7D4F8C5
:10A5300004310BB1502381E794F8FA30002B3FF43B
:10A540007FAF46237AE7042E3FF47AAFA86E036804
:10A550005B69214611B0BDE8F04F1847B8F1000F14
:10A560006CD02226D2E700BFD40A0020F0040020DD
:10A57000201D00200000C8421C1D002000A00C4728
:10A58000901200203BA40208A01E0020581E0020AC
:10A59000F85F0208B0480020841E002074A402085E
:10A5A0007BA40208BBF1000F68D0BBF83C30202B25
:10A5B00064D1B8F1000F09D004F22D1304F24D124A
:10A5C00013F8011F002979D19342F9D1414BD3F8F7
:10A5D0000090D9F8003020465B690F93FBF715F81F
:10A5E00004F10E030C933C4BCDE90A63D4F814310B
:10A5F0004FF00008CDE908380BF1400E8246BEE866
:10A600000F00EC46ACE80F009EE80F00ACE8070036
:10A61000ACF80030DBF83C30394652460F9F4846D4
:10A62000B84701230C3684F8088084F84E3105239E
:10A63000A68163810E980FF0CDFA87E750460FF0A0
:10A64000EEFA0028207235DB224B234FD3F800802E
:10A65000D8F800302046D3F83090FAF7D6FFCDE98D
:10A6600000670146D4F8142140460023C84732460B
:10A67000394604F10E0019F01DFBD8E7AE6FDEB9C4
:10A680000E9BC5E91E37154B1B68C5F88030204668
:10A6900026720FF09FFA0122CDE9006210480F9B4D
:10A6A000D0F8A80AE96F05F0BCF92846FEF79CFC33
:10A6B00030466FE6062629E7272627E720220BF1FA
:10A6C0003E0104F5977019F020FA00283FF47EAFA0
:10A6D00047E700BF88110020B0480020E8040020B0
:10A6E000083F002000F5906310B54FF40072044657
:10A6F0000021184619F033FA0822A4F88424012214
:10A7000084F8882403464FF4FF7104F69D00044A40
:10A71000FEF76EFF01462046BDE81040FEF776BD0D
:10A72000286002081346064A10B552685A600C4663
:10A73000044AE92104F11000FEF75AFFE08110BD40
:10A74000D40A0020007D02081FB50C461146064AB7
:10A750000294CDE900200022039268461A4606F0D2
:10A760006FFF04B010BD00BF69E400082DE9F04F91
:10A770008A4B1B7C032BD3B0044604D06389042B83
:10A7800014D100200FE0864D2168286803681B68FB
:10A79000984738B12868216803681B68984703798F
:10A7A000002BEBD1012053B0BDE8F08FA689B6F5A0
:10A7B000807F00F2F080277A002F4BD0DFF8E48111
:10A7C000DFF8E491002508F6A81A98F8AC3AEFB241
:10A7D000BB42E7D909EB4703B3F90220237A9A4237
:10A7E00040F0D78038460FF01AFA324604F10E01D5
:10A7F0006E4819F05FFA6E4B18680368CDE9006A7D
:10A80000D3F834B0D4F8142121680023D8474FF48A
:10A810008472002110A819F0A2F9664A634810ABAF
:10A820003146FFF791FF002800F0B380BDF84030BB
:10A83000002B00F0AE80604A92F89610002940F09C
:10A840008C8061685268914240F08780012B40F013
:10A850008480A7E7584B60685B689842AED10028B7
:10A86000ACD0FBF7AAF80028A8D1DFF83481216822
:10A87000D8F8000003681B68984700289ED0D8F8D5
:10A880000000216803681B689847838F002B95D0D0
:10A89000D8F80000616803681B689847838F002B15
:10A8A0008CD00C2E8AD9424BD8F80000D3F800A0E7
:10A8B000DAF8003025469B6955F80EBB0F93036804
:10A8C00059461B689847394B0A96CDE90B53D4F883
:10A8D00014314FF00009CDE9083900F1440C8646E7
:10A8E000BCE80F006D460FC59CE8070003C52A8031
:10A8F000DEE90F230F9D59465046A84700283FF434
:10A900005DAF4FF48472494610A819F028F9294A1E
:10A91000264810ABA6F10C01FFF716FF00283FF404
:10A9200041AFBDF84030002B3FF43CAFD8F80000F9
:10A930002168012384F84E3103681B68984704F5A9
:10A94000977200F13E035E3053F8041B42F8041B7B
:10A950008342F9D12023A4F82C314FF4847210A93A
:10A9600004F10C0019F0A6F90423638194F8103166
:10A970002772002B3FF405AF94F8113194F8FA20B8
:10A9800003F00203134314BF0123002384F8FA30B9
:10A99000F7E6013519E7022005E700BFF0040020C3
:10A9A000841E0020083F0020701E0020B0480020B8
:10A9B00088110020F85F0208D40A002030B54B89C6
:10A9C000042BE9B005460C4619D18A89838A9A423C
:10A9D00015D14FF4D0720021684619F0C0F8AA6969
:10A9E000E1896B4604F11000FFF7AEFE48B16A46FC
:10A9F0002B6821469B6A2846984769B030BD0022E3
:10AA0000F6E70120F9E730B50D46E9B004464FF40A
:10AA1000D0720021684619F0A2F8A269E9896B4654
:10AA200005F11000FFF790FE28B123686A46DB6A43
:10AA300029462046984769B030BD10B44C89042C93
:10AA400005D18C89838A9C4201D110BCDBE710BC04
:10AA5000704730B54B89042B95B005460C4618D18C
:10AA60008A89838A9A4214D150220021684619F0BB
:10AA700076F8AA69E1896B4604F11000FFF764FEDD
:10AA800048B16A462B6821469B6A2846984715B00C
:10AA900030BD0022F6E70120F9E730B54B89042BE1
:10AAA00095B005460C4616D18A89838A9A4212D1FE
:10AAB00050220021684619F052F8AA69E1896B46D4
:10AAC00004F11000FFF740FE28B12B686A46DB6AEC
:10AAD00021462846984715B030BD30B54B89042B28
:10AAE000ABB005460C4618D18A89838A9A4214D1A4
:10AAF000A8220021684619F032F8AA69E1896B465C
:10AB000004F11000FFF720FE48B16A462B68214689
:10AB10009B6A284698472BB030BD0022F6E70120FB
:10AB2000F9E730B54B89042BABB005460C4616D17E
:10AB30008A89838A9A4212D1A8220021684619F094
:10AB40000EF8AA69E1896B4604F11000FFF7FCFDDD
:10AB500028B12B686A46DB6A2146284698472BB005
:10AB600030BD30B54B89042BADB005460C4618D12D
:10AB70008A89838A9A4214D1B0220021684618F04B
:10AB8000EEFFAA69E1896B4604F11000FFF7DCFDD6
:10AB900048B16A462B6821469B6A284698472DB0E3
:10ABA00030BD0022F6E70120F9E730B54B89042BD0
:10ABB000ADB005460C4616D18A89838A9A4212D1D5
:10ABC000B0220021684618F0CAFFAA69E1896B46E5
:10ABD00004F11000FFF7B8FD28B12B686A46DB6A64
:10ABE0002146284698472DB030BD2DE9F84316463A
:10ABF0000D46814612F08CFC06EB46088044044664
:10AC000008F1020019F0F4FF2246494607461AF0FF
:10AC1000CAFEDFF830903C442E4415F8013B204634
:10AC20004A4604211AF09CFDB54204F10304F4D114
:10AC300007EB0800044919F035F83846BDE8F84339
:10AC400019F0DEBF80A4020811AC0208F8B5836BCE
:10AC500004460D4643B1154A963312684FF47A7193
:10AC6000B2FBF1F29A4210D904F12C0604F1340738
:10AC700018F0F4F906F8010FB742F9D10B4B4FF475
:10AC80007A721B68B3FBF2F3A363D4F82D30C5F8D6
:10AC90009231D4F83130C5F896310822A5F89021C8
:10ACA00005F5C9710248BDE8F8409EE7E8040020B8
:10ACB00086A402080EB483B003AB53F8042B0193AF
:10ACC00003EB820253F8041B814205D09A42F9D16A
:10ACD000002003B003B070470120FAE72DE9F047E8
:10ACE000DFF85482A4B0044609200D4616460FF042
:10ACF00019F8D8F80030C4F8803604F51B734FF407
:10AD0000FE720021184618F02AFF8C4A034631468D
:10AD10002846FFF719FD0546002800F0B180B4F879
:10AD20006C32013B062B00F2AB80DFE813F007002A
:10AD3000A900170164016901A9007601D4F88463B0
:10AD400004F51C7966B104F12C02002352F8041FAB
:10AD50008E4200F0958000295BD10C3344F82360CB
:10AD6000B4F87C32764E462B5FD0B4F87C72462F16
:10AD700009D1D4F87402FAF720FE20B194F8903388
:10AD8000002B40F082800B234322CDE9003238466D
:10AD9000082303220421FFF78DFF04F51F7A04F135
:10ADA0001407002875D1B4F87C32012B40F086805E
:10ADB00051463846FCF76FF80368002B7ED05146A9
:10ADC0003846FCF768F8D8F8003002689B1AB3F5EB
:10ADD000FA6F73D25B4B21A81968FEF7BFF9D4F85C
:10ADE00084333068002221A910F036FE564B1868D3
:10ADF000002845D000230268CDE9013394F8783269
:10AE00000093156BD4F88433D4F870222621A84718
:10AE100036E00133142B99D14C2204F1340104F1B2
:10AE2000300018F082FEE6679AE704F51F7A04F115
:10AE3000140751463846FCF72EF80368002B94D0CF
:10AE400051463846FCF727F8D8F8003002689B1ABC
:10AE500047F22F52934288D823685D693B4BD4F860
:10AE600084231E212046A847364B21A81968FEF7E7
:10AE700075F9D4F884333068002221A910F0ECFD74
:10AE80000025284624B0BDE8F08723685D69304B73
:10AE9000E5E751463846FBF7FEFF0368002B82D0FA
:10AEA00051463846FBF7F7FFD8F8003002689B1A86
:10AEB00042F20F7293423FF676AFD5E7B4F87C3298
:10AEC000462B07D1D4F87402FAF777FD10B90123A5
:10AED00084F8913351463846D8F80080FBF7DBFF01
:10AEE0000023C0F80080C4F87032C4F8C033D4F82E
:10AEF00074323668013307D0D4F8C43323B9154B04
:10AF00001B6E0BB1C4F8C433D4F884331BB9FEF7FD
:10AF100042F8C4F8840300210220F9F7DDFF494616
:10AF2000C4F888030C480EF06AFE00230146022292
:10AF30003046FBF703FBA4E7E8040020187D020875
:10AF4000A01E0020A41E0020A83E002098A40208F5
:10AF5000CAA40208F0040020581E0020D4F8703261
:10AF6000C4F86834237C7BB9236801219B6920469F
:10AF700098472C4B1968204601F58471FBF714FFA4
:10AF800029492046FBF710FF236820465B6A984753
:10AF9000D4F86834254A2649934214BF0223032378
:10AFA00023740A221EA8FBF713FB1E99D4F8702401
:10AFB000C4F870141F99C4F874142099D4F8783424
:10AFC000C4F87814002521A8239321921E9520957A
:10AFD00010F0E8FF1EA810F0E5FF4FF4927229462A
:10AFE00004F58E7018F0BBFD04F51070FBF791FEB0
:10AFF000C4F86C5444E723682046DB6898473FE771
:10B0000004F520717822684604F51C7418F052FE8D
:10B0100094E80F0011F02AF832E7064B012283F87A
:10B0200080292DE7A01E0020484600202D0F01009A
:10B0300003A50208083F00202DE9F04FDFF8D49166
:10B040004B681546D9F80420934285B007460C4654
:10B0500040F0CE80DFF8C081D8F8142D002A4ED100
:10B0600091F82161002E00F09F804B89042B5ED166
:10B070000846FAF795FB0646C8B9A08907230122BE
:10B080000221FFF717FE90B12046FAF7BEFA237AA5
:10B090000393824620460EF079FD0122D4F814B1C4
:10B0A0000192039B00905A465146304625E0D4F861
:10B0B00004317BB9D4F8086166B92046FAF7A5FADD
:10B0C000237AD4F814B10393824620460EF05EFD35
:10B0D0000196E6E74FF0FF312046FAF7B7FE10B1D0
:10B0E000D4F850315BB12046FAF78FFA01460020C0
:10B0F000CDE90000237AD4F814210EF0D6FC638940
:10B10000042B63D185B12B79232B0DD1B9F898305D
:10B11000202B09D101230022CDE90032237A2168B6
:10B12000D8F8A80A04F07DFCD4F8046152E08B68DA
:10B13000DFF8E8A023F47F43B3F5A02F21D1384EE8
:10B140000968306803681B68984790B92046FAF789
:10B150005CFA064620460EF019FDD4F814B19AF8B0
:10B1600000A00023CDE900035A4653463146232070
:10B17000C3E73068216803681B689847838F002BFA
:10B18000E4D02046FAF741FA064620460EF0FEFCCF
:10B19000D4F814B19AF800A00023CDE900035A4670
:10B1A000534631460620A8E7D1F850219A42A6D14D
:10B1B00091F82031002BA2D00846FAF726FACDE903
:10B1C00000660146237AD4F814216EE7D4F80461AE
:10B1D000002DA9D166B12046FAF7E2FA18B194F829
:10B1E0005C31052B04D0616832463846FAF7ACFB77
:10B1F0006068FAF7E2FB2A46214628B1384605B0D6
:10B20000BDE8F04FFAF70EBC384605B0BDE8F04F88
:10B21000FAF7ACBED40A0020083F0020701E0020C0
:10B22000841E00202DE9F04F91B00C460546002108
:10B2300002200E92F9F750FE2146C4F81801A248E8
:10B240000EF0DDFC68672046FFF790FA02280DD16A
:10B25000D4F8142121682846FDF78DFF686F0EF0A1
:10B26000B9FC00236B6711B0BDE8F08F638900283B
:10B270004AD1042B48D1A389944E472B14D1944B27
:10B2800093F8222212B193F824326BB9D4F8142126
:10B2900021682846FDF76FFF337C052BDED16389DB
:10B2A000042BDBD1012703E0337C052B2CD10027B5
:10B2B00046232322CDE9093241210823CDE9073174
:10B2C0000C200B23CDE9053006264323CDE90336B8
:10B2D0004FF0050C0423CDE9013C03230093A08922
:10B2E000072301220D21FFF7E5FC064650B9D4F8EB
:10B2F000142121682846FDF73EFF686F0EF06AFCB6
:10B300006E67B0E7002FA9D1714E6768B4F80A9054
:10B310000023C6F8143D6F4B38465B680C93FAF770
:10B320004CFB804628B90C9BDB1BD3F1000848EB93
:10B330000308D6F8183DD3F800A00027D6F8183D2A
:10B340005B6853457CD0B9F1040F5AF804BBC6F8CA
:10B350001C4D02D09BF80A20CAB19BF8082012B9F4
:10B36000B8F1000F13D0DBF800202146D268584610
:10B37000904760B10E9B13B99BF809203AB1B9F11F
:10B38000040FDBF80C1006D019B322680AB30023AF
:10B39000C6F81C3DD2E70D91D9B12268CAB1207A16
:10B3A0000EF0C2FA20B10D992A301AF0B1FA80B12C
:10B3B00094F8FA20002AEAD06068FAF7FEFA00282A
:10B3C000E5D1224621215846FAF7C9F9C6F8140DED
:10B3D000DDE7DBF800202146126958469047DBF88C
:10B3E00000200D905269214658469047B9F1040F4C
:10B3F0001AD194F8FA20BAB1364A6168526891427B
:10B4000012D1D6F8142D7AB9DBF80020584692698B
:10B4100090470F9028B12146FAF782F90F9AC6F8A3
:10B42000142D0FB99BF80B70DBF8101029B12648CA
:10B43000FBF78CFC0023CBF810300D9B012BA6D121
:10B44000B9F1040F07D194F8FA3023B1214B6268A7
:10B450005B689A422AD0686F0EF0BCFBAB6F002687
:10B460006E67002B3FF4FFAEEB6F216899427FF4CB
:10B47000FAAE6389042B7FF4F6AEA389042B7FF424
:10B48000F2AE154B186803681B68984700283FF414
:10B49000EAAE838F202B7FF4E6AEA96F0122284607
:10B4A000C5E91E6611B0BDE8F04F97E0D6F8141D4F
:10B4B000B1B10A4800231A460068FBF73FF80023A1
:10B4C000C6F8143DC7E700BF581E0020F004002056
:10B4D000083F0020D40A0020841E0020A01E002067
:10B4E00023680C9A9A42B6D0002FB4D10D4BD3F8F2
:10B4F0000080D8F800302046D3F83090FAF785F86D
:10B50000064620460EF042FBD4F814A194F808B089
:10B51000CDF800B0CDE90107534632460821404638
:10B52000C84798E7A83E0020F8B5284E284F0546A2
:10B5300005F138000DF0A4FA044698B9AA6F72B16B
:10B54000244B1868D5F8803047F22F51C61A8E4226
:10B5500037D9C5E91E4427212846FBF7A4FF6FF021
:10B560000040F8BD2168B6F8D4C11B4A002398B248
:10B5700084451CD8386803681B68984710B190F858
:10B58000B130D3B92368013317D096F8E43113B141
:10B5900094F829318BB92B682146DB6A28469847F5
:10B5A00058B9012221462846FFF73CFE05E052F833
:10B5B000040F814203F10103D9D120460EF00AFBAA
:10B5C000B6E7C0F5EA4030301844CAE7F00400207E
:10B5D000841E0020E8040020C40600202DE9F0416C
:10B5E0001646284A4B685268934205460C4605D1D8
:10B5F00003681B6A98470020BDE8F081826E2AB973
:10B600000A460421FBF74FFF2120F5E71846FAF719
:10B61000D4F920B1324621462846FFF703FE237AAB
:10B620008BB994F84E3173B967683846FAF7C5F9A3
:10B6300048B9154B1868036839461B68984710B11C
:10B6400090F8AC302372022E14D194F821318BB1D2
:10B6500094F8203173B90D4BD3F8BC3113F0FF02CD
:10B6600002BFB3FA83F35B099A01402A28BF402244
:10B6700084F820212B68214628465B6ABDE8F0410A
:10B68000184700BFD40A0020841E0020F0040020C8
:10B6900010B504460EF01EFAA38A838110BD70B562
:10B6A0000E460546FFF7F4FFAA6904463346E92132
:10B6B0001030FDF79DFFE081204670BD2DE9F04F71
:10B6C0004B89042BADF66C1D05460E46144616D16B
:10B6D0000846FAF765F80746307A0EF025F98046F5
:10B6E00020460DF0B1F9D6F80090002840F0C68051
:10B6F000B9F1000F09D1854B93F8A632ABB1002701
:10B7000038460DF66C1DBDE8F08F814908F12A001E
:10B710001AF0FEF800287FD17C4B93F8A932002B59
:10B7200073D02388012B40F0B180238887F0010774
:10B73000013BFFB2652B01F25481DFE813F0D70221
:10B740005209F90052095B015209000239065209F7
:10B75000520952091D055209520952090606520999
:10B760009804520952091901470852096308B70899
:10B7700007090D095209520952095209F4028404B9
:10B780008903A403520952099E0685079307D70728
:10B790000A081308E0045209F105A207BA07C7070F
:10B7A00052095209520952095209520952095209C1
:10B7B000520952095209520952095209FB05000661
:10B7C000F70652091209520952095209520952093F
:10B7D0005209520952095209520952095209520991
:10B7E0005209520952095209520952095209520981
:10B7F00052095209520952096E0552095209FB04B5
:10B800000E0563058905520909053246212128469E
:10B81000F9F7A5FF286172E796F84E31002BF4D0B6
:10B82000DFF8E880B8F84022202A06D108F2422149
:10B8300006F5977018F069F998B1B8F86222202AD5
:10B8400005D1344906F5977018F05FF948B1B8F89A
:10B850008422202A17D1304906F5977018F055F93F
:10B8600088B92E4B1868036849461B68984728B169
:10B8700090F8B03013B9012380F8B0303368002B52
:10B880007FF44FAF51E732462521C0E70C2B06D895
:10B89000022B0ED9033B9BB240F2952204E00E3BF3
:10B8A0009BB21E2B05D81E4A22FA03F3D8073FF598
:10B8B0003CAF20460DF0C8F800287FF436AF04F501
:10B8C000C97818480822414605F12D09FFF78DF97E
:10B8D000082249461448FFF788F9AA6B134B02F572
:10B8E00096721B684FF47A71B3FBF1F39A420AD94E
:10B8F000B4F89021082A06D14946404618F005F9C7
:10B9000000283FF412AF3246242180E7F0040020E3
:10B9100005A502085407002076070020841E002099
:10B92000250000400BA5020822A50208E80400201B
:10B9300096F8FA30E3B14FF4D072002138A818F02D
:10B940000EF9B3496A223AA818F0B4F9042338A9C9
:10B950002846ADF8E030FFF779F938A92846FFF717
:10B960009EFE96F84E31286113B1012380F84E31C6
:10B9700000270DF1180900210DF1E008AA46C9F8C9
:10B9800000104FF4D072404618F0E9F8CDE91D4898
:10B990005AF8204FCDF87C90544507D0A068036832
:10B9A0001DA99B689847002801F05080D9F8003005
:10B9B000022B08D141462846FFF748F94146284660
:10B9C000FFF76DFE286196F8FA3033B1296921B985
:10B9D00032462846F9F7C3FE286196F84E31002B0F
:10B9E0003FF48EAE2B69002B3FF48AAE012283F820
:10B9F0004E2185E64FF4D072002138A8277A18F03E
:10BA0000AEF896F8FA30002BB2D00A2F20D8DFE833
:10BA100007F0060F2132484F636D737779000123D9
:10BA20007C49ADF8E83060223CA818F043F90FE0FB
:10BA3000DFF8E4C10223ADF8E830BCE80F003CAF0A
:10BA40000FC7BCE80F000FC79CE8070087E8070096
:10BA500006237CE7DFF8C4C10323ADF8E830BCE877
:10BA60000F003CAF0FC7BCE80F000FC79CE80300F6
:10BA700087E80300ECE76A490423C4223CA8ADF838
:10BA8000E83018F017F967490DF5897011F0E2FCFC
:10BA90000028DDD1644941220DF5897019F083FF3A
:10BAA000D6E70523DFF884C1ADF8E8303CAFDAE72C
:10BAB000DFF87CC10623ADF8E830BCE80F003CAFEE
:10BAC0000FC7BCE80F000FC7BCE80F000FC79CE80A
:10BAD0000F0087E80F00BBE7564A92E803000723F0
:10BAE000ADF8E8303CAB83E80300B1E708235249E6
:10BAF000ADF8E830B02297E70923ADF8E830A7E7C2
:10BB00000A23FAE7DFF834C10B23ADF8E830BCE8CC
:10BB10000F003CAF0FC7BCE80F000FC79CE80F0039
:10BB200087E80F0096F84E71002F91D120223946F8
:10BB30000DF1F20018F013F8ADF8F07088E74FF44B
:10BB4000D072002138A8277A18F009F896F8FA3050
:10BB5000002B3FF40DAF0E2F3AD8DFE807F00811A5
:10BB60001F2D3B444E7F8F95A29BAEB7BD00012396
:10BB70003349ADF8E830D4223BA818F09BF827E011
:10BB80000223DFF8C0C0ADF8E8303BAFBCE80F00DF
:10BB90000FC79CE8030087E8030019E00323DFF8E0
:10BBA000A8C0ADF8E8303BAFBCE80F000FC79CE879
:10BBB000070087E807000BE00423DFF890C0ADF82A
:10BBC000E8303BAFBCE80F000FC7DCF800303B604B
:10BBD0000823BCE605231E4AADF8E8303BAB07CA94
:10BBE00083E80700F4E70623DFF868C0ADF8E83023
:10BBF0003BAFBCE80F000FC7E4E7DFF85CC00723EA
:10BC0000ADF8E830BCE80F003BAF0FC7BEE700BFA0
:10BC1000260B0020F4040020580500208805002091
:10BC2000B405002039A50208D60500207C060020B6
:10BC300098060020DC060020EA0600209C07002071
:10BC4000483F0020204000203C4000205C40002075
:10BC50007440002084400020AC4000200823ADF850
:10BC6000E830BD4BD3F8D101B3F8D52193F8D731E3
:10BC70003B90ADF8F0208DF8F230A9E70923B749E1
:10BC8000ADF8E830482277E70A23ADF8E830B44A47
:10BC90003BABA4E70C23DFF8CCC2ADF8E8303BAFF8
:10BCA000A7E70B23ADF8E830AB4BD3F8310293F89C
:10BCB00035323B908DF8F0308AE70D23ADF8E8304F
:10BCC000A94B0FCB3BAF87E80F0081E70E23A749B5
:10BCD000ADF8E83050224FE7DFF894C20F23ADF8FB
:10BCE000E830BCE80F003BAF0FC75DE7A768013F36
:10BCF000072F03D93246202100F0D2BD96F8FA3042
:10BD0000002B3FF435AE4FF4D072002138A817F065
:10BD100026FFF8B20DF008FE4C2201463AA817F0B3
:10BD2000C9FF022313E694F81880B8F1000F0DD074
:10BD300004F1170717F8010F0028DBD019F0C0FD38
:10BD40000028F7D194F840301BB910E094F8407007
:10BD5000CFB104F13F0919F8010F0028CAD019F03A
:10BD6000AFFD07460028F6D1B8F1000F0BD004F163
:10BD7000180841467F4811F06DFB282207464146CE
:10BD80007C4819F010FE94F840305BB104F1400893
:10BD90004146794811F05EFB05220743414676484B
:10BDA00019F001FEDFF8D481754AD8F8043010216B
:10BDB00008F1520019F0D4FC94F84C3098F8962011
:10BDC0009A422BD088F896300DF0DAFD70B998F8C9
:10BDD000BA2094F870309A4231D19AB194F8712017
:10BDE00098F8BB309A420DD001232AE065492846D5
:10BDF000FBF731FD98F8BA2094F8703093421ED1C9
:10BE0000002BEBD195F82C0080F001000CF07CFEAB
:10BE1000012214212846FBF7B9FCA9E598F8BA20BD
:10BE200094F870309A420AD12AB198F8BB2094F85D
:10BE300071309A42D8D1002F3FF49AADE2E7002A40
:10BE4000D2D188F8BA3094F8713088F8BB30D9E78D
:10BE50002389062B06D03A4604F108012846FCF750
:10BE60001DFC85E594F820300D2BF4D13A4BD3F826
:10BE7000F80200283FF43EAF0368DB6898470028CB
:10BE80003FF438AFE7E795F82C302BB9022320892F
:10BE900001221946FEF70EFF2389013B0C2B3CD8EB
:10BEA00001A252F823F000BFF5BC0008DDBE000877
:10BEB000FDBE000821BF00083FBF000889BF000881
:10BEC000A1BF0008B9BF0008D5BF0008EDBF00083A
:10BED00019C000080BC000082FC000081E4F012326
:10BEE00087F8143104F10C0C07F58C77BCE80F00CF
:10BEF0000FC79CE8030087E803000EE0164F0123FC
:10BF000087F8303104F10C0CBCE80F0007F59A7784
:10BF10000FC79CE8070087E807000122022179E7A4
:10BF20000D4F012387F8503104F10C0C07F5AA7767
:10BF3000BCE80F000FC7DCF800303B60EDE7064BB4
:10BF4000012283F8682103F5B67304F10C0207CAD5
:10BF500083E80700E1E700BF083F0020E24000203F
:10BF60002C41002040410020684100207941002000
:10BF7000CC410020360B00205E0B0020D40A0020AC
:10BF80007DA0020840A50208A54F012387F878315B
:10BF900007F5BE7704F10C0CBCE80F000FC7C7E72C
:10BFA0009F4F012387F8A03104F10C0CBCE80F006F
:10BFB00007F5D2770FC799E7994B012283F8D02173
:10BFC000E068C3F8D101218AA27C83F8D721A3F8C5
:10BFD000D511A2E79248012380F8D831482204F114
:10BFE0000C0100F5ED7017F065FE96E78C4B012211
:10BFF00083F82222D3F82822B2F5615F3CBF45F2D4
:10C000006042C3F82822874B9FE7854F012387F8BA
:10C01000363207F50E77BDE7814B012283F83022D7
:10C02000E068C3F83102227C83F8352275E77C4F43
:10C03000012387F85C3204F10C030FCB07F5187766
:10C0400087E80F0069E7237A072B3FF653AE04F128
:10C0500008000DF077FC0DF093FC18B172492846EA
:10C06000FBF7F9FB0EF08AF800220821D2E6237ACA
:10C0700004F1080904F118084BB1E71D17F8010F86
:10C0800000283FF475AC19F01BFC0028F6D1237E84
:10C0900053B104F1170717F8010F00283FF468ACFB
:10C0A00019F00EFC0028F6D1282249465F4819F005
:10C0B0007AFC05225E48414619F075FC5D4B012271
:10C0C00083F896205C4B83F8C421226983F8C12150
:10C0D0006269C3F8C8214FF416725A6102221A74B9
:10C0E0000DF04EFC18B150492846FBF7B4FB0EF09A
:10C0F00045F800200CF008FD01221D218AE64FF4CE
:10C10000D072002138A817F02AFD2D234B49ADF835
:10C11000E0308C223AA817F0CDFD38A92846FFF769
:10C12000BEFA96F84E31286113B1012380F84E31E2
:10C1300001271EE4A268002AA1BF414B1B684FF4EF
:10C140007A7101FB0233B8BF0023354A93630FE4D1
:10C150003B4B1B6803F57A73F7E7A268002AA1BF7F
:10C16000374B1B684FF47A7101FB0233354AB8BF75
:10C1700000231360FFF7FCBB4FF4D072002138A8F6
:10C1800017F0EDFC304912221DA819F00CFC182103
:10C190000023CDE92213284B1A799B6F259348235E
:10C1A0008DF898301E4B8DF8902093F8DA318DF889
:10C1B00099304FF001084FF4575327938DF89A8028
:10C1C0001DAF0FCF0DF1E80CACE80F000FCFACE8BE
:10C1D0000F0097E807000D238CE8070038A92846D0
:10C1E000ADF8E030FEF732FD38A92846FFF757FAE0
:10C1F00096F84E312861002B3FF4BAAB80F84E819F
:10C20000FFF7B6BB0021114B1868F9F7FFFD0C4B87
:10C210001B6803F5DA53183397E70121F3E700BFF2
:10C22000083F00202C41002040A50208360B0020CA
:10C230005E0B0020D40A0020F004002070000020D3
:10C24000E8040020EC040020719F0208841E0020F6
:10C25000AB4BAC4A1F6892F86D301279022A4FF04E
:10C2600001082FD153B3A7F81C80DFF89C824FF050
:10C2700000097868D0E900239B1A9B1008FB03F3A0
:10C2800099453AD3A14B002283F8202283F88A23D0
:10C290000FF010F90FF02EF99D4AD2F8203D3BB176
:10C2A00092F8241221B1D3E91B10814218BF1967FB
:10C2B000984B1B6803F5DA53183347E73846F9F70C
:10C2C00001FDD0E794F8089013B93846F9F7FAFC65
:10C2D000A7F81C80B9F1000FC7D18F4B5F68D3F866
:10C2E00008804946BC37BC2238A817F038FC38AA69
:10C2F00041463846FBF788FEC4E74946F9F7A0FEF9
:10C30000B9F1000F08D090F8B01029B9BC2217F08D
:10C3100026FC09F10109ACE7BB8B0133BB83F8E7CD
:10C32000012300937D4A7E4804F10803CC210DF0DF
:10C3300025FDFDE6012385F82C30FFF719BB00230E
:10C3400085F82C3001221F2164E54FF4D0720021C2
:10C3500038A817F004FC642200211DA817F0FFFB89
:10C36000704B714A1B689A1A534253414FF4E132A1
:10C3700034921DA9642201273AA88DF8D4308DF893
:10C38000CC7017F097FC112338A92846ADF8E0309F
:10C39000FEF75CFC38A92846FFF781F996F84E3184
:10C3A0002861002B3FF4E4AA80F84E71FFF7E0BA51
:10C3B000002F3FF4DDAA2389082B7FF4D9AA237B21
:10C3C000002B3FF4D5AAE389002B3FF4D1AADFF874
:10C3D0003CA1BAF8EC34039300224FF0180B039BF6
:10C3E0009A42BFF6C5AA0BFB02A3D3F8F0140029AA
:10C3F00040D093F8F434002B3CD0002734E007EB16
:10C40000071EA6440EF1100C0DF1E0080EF1200EEF
:10C41000DCF80000DCF80410C146A9E803000CF1C8
:10C42000080CF445C846F3D19CF8001089F80010B8
:10C4300003998B4216DA0BFB03A33168C3F8F0149F
:10C440000DF1E00E03F2F543F446BCE80300596039
:10C450003CA98C451860E64603F10803F4D19CF82A
:10C46000001019700137FFB2E189BB188F42DBB2AF
:10C47000C5DB1A460132D2B2B1E7214B0027D3F80F
:10C480000090A3680393BA46BB46B9F81C309F429C
:10C4900017DB2149A3EB0A034F689BB2BC2202FBC6
:10C4A00003770021A9F81C3038A817F058FB38AAE8
:10C4B00007F1BC013846FBF7A7FD0EF0FBFFFFF7C5
:10C4C00057BAD9F80420059210463946F9F7B8FD55
:10C4D000039A03689A4280460FD0059A0BF1010334
:10C4E000594610460493F9F7ABFDBC22414617F0BC
:10C4F000E1FB049B9B460137C7E70AF1010AFAE713
:10C50000841E0020F0040020CF467D67D40A00205E
:10C51000083F0020E8040020881E0020D870020890
:10C5200091A502083C1D0020401E0020AA4B742249
:10C5300004F1080138A8D3F8008017F0BBFBDDF840
:10C54000E0A040465146F9F77DFE074600283FF43B
:10C550000FAA9DF8E430002B3FF40AAAD0F8B89057
:10C5600019F0010F11D09DF8513173B9838FBDF8C7
:10C570002C219A427FF4FCA900F13E010DF5977041
:10C5800017F0C3FA00287FF4F3A9C7F800A04FF012
:10C59000010A6A220DF1E60187F804A01DA817F030
:10C5A00089FB282221A90DF11E0019F0FCF90522B2
:10C5B0002BA90DF1460019F0F6F9DDF8B100BDF830
:10C5C000B53006900DF1BC0EADF81C30BEE80F0082
:10C5D0000DF1500CACE80F009EE80F008CE80F0046
:10C5E0002E9B9DF8B7B013935A22BDF8DC30ADF8FE
:10C5F000703006A9B81D8DF84BB017F05BFB9DF8A5
:10C6000050317BB100214FF48073A7F8B03087F828
:10C61000801087F86010B987202207F13E0017F0DC
:10C620009EFA4AE787F8B0A09DF851311BB149F056
:10C630000103C7F8B8304046C8F80C70F9F7A4FDFC
:10C6400040460FF0F1FB38E7634BA16818680368B8
:10C650001B68984700283FF48BA9012380F8B0306D
:10C6600000220BE05C4BA168186803681B689847C0
:10C6700000283FF47DA9002280F8B0201021FFF7A8
:10C68000C9BB554BA168186803681B689847002808
:10C690003FF46EA90027012380F8B13080F8807044
:10C6A00080F860708787202239463E3017F057FAAD
:10C6B000D6E7494BA168186803681B6898470028AB
:10C6C0003FF456A9002280F8B120D7E7424BA16879
:10C6D000186803681B68984700283FF449A9D0F8F8
:10C6E000B83083F00203C0F8B830B9E7DFF8E8806B
:10C6F0003A4AD8F80000516803681B6898474FF021
:10C70000010E80F860E0E7686169E26994F824C08E
:10C710003A92CDE9387100233C93236A8DF8F0C03A
:10C720003B9338AF00F1640C0FCFACE80F003B68CF
:10C73000CCF800306369E26813431CBFD8F80030BE
:10C7400083F821E0264B002283F86DE01121FFF7EA
:10C7500061BB214B1868F9F7B5FA214B002283F829
:10C760006D20F3E7A7681F4B1F482049D0F800C091
:10C770009F420DD8D1F8242D03689B1A43F69722C7
:10C7800093427FF6F5A80368C1F8243DFFF7F0B89F
:10C79000174B9F42EED8174A1378022B07D903682C
:10C7A000D1F8280D1B1A14488342FFF4E1A8032393
:10C7B0001370124BC1F828CDC3F800C0104B0022F3
:10C7C0001F605A600FF085FAFFF7D2B804F1080035
:10C7D0000DF0EBFAFFF7CCB8841E0020D40A00203D
:10C7E000F0040020FF5FCC69E8040020083F00202F
:10C7F000006CFCB4381D0020002E93022C1D00207C
:10C80000301D0020934B94F808801A68924B1B68E7
:10C810009A62B8F1000F7FF46DAA40F68802414693
:10C8200038A817F09CF91823414601203893F8F7EF
:10C8300053FB0127894939904FF438723CA88DF891
:10C84000E87017F037FA86498DF8D0734FF42E72DE
:10C85000F5A817F02FFA83498DF88C764FF41A72E9
:10C860000DF5D26017F026FA7F498DF8F8786A2224
:10C870000DF6FA0017F01EFA7C4938AA1DA80EF032
:10C880000FFB7B480EF040FD784A1D9979480097D0
:10C8900038AB0DF073FA00283FF42CAA324641461B
:10C8A0002846F8F75CFF2861FFF762B894F8088023
:10C8B000B8F1000F7FF41EAA6E480DF023FA00288D
:10C8C0003FF418AA38AB40F688024146184617F0E4
:10C8D00046F9664B009040F6880266484FF41861AE
:10C8E0000EF09CF800283FF405AA634F5B484FF414
:10C8F00038723CA917F0DEF94FF42E72F5A907F152
:10C900003C0017F0D7F96A220DF6FA01564817F0E5
:10C91000D1F94FF41A720DF5D26107F6AC2017F079
:10C92000C9F90F200EF07EFE00283FF4E3A932463D
:10C9300041462846F8F713FF464B28611B6803F56C
:10C94000742303F51073BB63FFF712B8237A002B2F
:10C950007FF40EA847483BE711200DF0E3F9FFF7FD
:10C9600007B8454B94F80880D3F82C7D002F3EF48F
:10C97000FFAFB8F1000F11D07B6D002B3EF4F8AF84
:10C9800007F1580840460EF05BFE38220021404671
:10C9900017F0E5F800237B65FEF7EABF3822414631
:10C9A00007F1580017F0DBF8C7F854803348F8F760
:10C9B000D5FB074600283EF4DBAF14230373414642
:10C9C0000220F8F789FA2E49B86007F10D0017F038
:10C9D00069F92C4B1868036839465B689847FEF77D
:10C9E000C7BFDFF894904FF4D072002138A817F039
:10C9F000B6F8D9F8183D002B3EF4BAAFD3F8008052
:10CA00000027D9F8183D5B6843450BD1022F7EF40F
:10CA1000AFAF38A92846FEF719F938A92846FEF71E
:10CA20003EFE40E758F8040B03682246D3F824A0E2
:10CA3000314638ABD047022804D0022F04D0012859
:10CA400018BF38460746DCE73846FBE72468FEF7A0
:10CA5000A3BF00BFE8040020841E0020F0040020D3
:10CA6000443F0020B4490020260B0020307D0208FE
:10CA7000A7A50208B0A50208083F002090120020D8
:10CA8000C6A50208A01E0020F8B5064628200C46C0
:10CA900018F0AEF82346144A1449054618F018FF5A
:10CAA0003046FEF7F5FD0027044680F82171284640
:10CAB00010F02EFD294682B2E08104F1100017F03B
:10CAC000F9F80B4B1B68B36438460DF0B7FB03460F
:10CAD00028B90246074821460068F9F72FFD284685
:10CAE000BDE8F84018F08CB84D410020E4A50208DC
:10CAF000E8040020A01E0020A0F1180011F040BAA8
:10CB000070B50E460546FEF7C3FDAA6904463346D6
:10CB1000E9211030FCF76CFDE081204670BD2DE965
:10CB2000F0411546BCB004460E46FAF7E8FC2B88E7
:10CB3000432B40F03A813768002F40F036812B7A42
:10CB4000002B39D194F834301BB101203CB0BDE842
:10CB5000F0812046EF68FAF7D2FC94F83460002E9A
:10CB6000F3D116F07BFA4FEAE0780546C4E90808ED
:10CB70003046F8F79DF95022C4E90A078C491EA8EF
:10CB800017F098F81EA92046CDE91E58FFF7B8FF08
:10CB90000125642380F8223101464760067280F83F
:10CBA0004E5180F8FA5083482B4600683246F9F718
:10CBB000C5FC84F83450C8E7012B40F0D8802B7EA8
:10CBC000002BC2D094F83430022BBED1D5E9040238
:10CBD000D4E908139A4208BF8842B6D1EB69764E71
:10CBE000DFF8D88100931EA8754B1E9306F05AFFFC
:10CBF0003568D8F804301C22394603A8CDE901373E
:10CC000016F0ADFF2B68E16A1B6828469847054679
:10CC100020B1037913B1838F202B06D0002384F831
:10CC200034301EA80BF06CF98FE71EA806F03AFF0F
:10CC300004F12007042269461EA807F090FA39463D
:10CC400008221EA807F08BFA04220DEB02011EA891
:10CC500007F085FA042204F12C011EA807F07FFAE0
:10CC6000B8F8982057491EA807F079FAAA8F05F15D
:10CC70003E011EA804F1350507F071FA202229466D
:10CC80001EA807F09EFA1EA806F00CFF39460822DF
:10CC90001EA807F064FA202229461EA807F05FFAB2
:10CCA00004F15507202202A91EA807F08AFA2022C3
:10CCB000394602A816F029FF0028B2D1009B236351
:10CCC00050223B490AA816F0F5FFD4E90823CDE924
:10CCD0000A232023ADF830300DF1320355F8042B30
:10CCE00043F8042BBD42F9D10AA92046FFF708FFFB
:10CCF000DFF8C080E36A4360012700226423014615
:10CD0000027280F84E7180F8FA7080F82231D8F8FB
:10CD100000003B46F9F712FC032384F834302A481C
:10CD2000F8F71CFA1E230546037304F17502274920
:10CD30000D3018F0CDFD0D23A5F89E31D4E9082360
:10CD4000C5E968233068E16A03681B6898472822B0
:10CD500000F10C0105F5D47018F025FED8F800009C
:10CD600085F8D071036829465B68984759E7022B1C
:10CD700018D1D5E90402D4E908139A4208BF8842C1
:10CD80007FF4E3AE0C4BE16A186803681B689847B0
:10CD9000D0F8B83043F00103C0F8B8302046F9F7B6
:10CDA00099FFD2E6032BF9D0CFE60020CEE600BFF4
:10CDB000607D0208A01E0020841E0020D40A0020EE
:10CDC000445E02086E0B002090120020FDA50208B0
:10CDD0002DE9F0416B4D6C4BADF5207D04462AA842
:10CDE0002A9306F05FFE6B6801932046FAF787FBF3
:10CDF00094F83470002F40F0C180DFF89081D8F8AB
:10CE00001C1D91F84E31002B00F0BA80052384F8E8
:10CE100034304FF4B07248A816F04CFFBDF82E1114
:10CE20005B4A16AB4CA8FDF78FFCDDE91623C4E97D
:10CE30000823CDE90223489BE3623846F8F738F827
:10CE4000A06254480BF0A3FA2646013046F8300F92
:10CE50002AA806F027FE3146042204F120062AA85B
:10CE600007F07DF9314608222AA807F078F9042254
:10CE700004F12C012AA807F072F904220DEB02013B
:10CE80002AA807F06CF9D8F81C1D2AA8B1F82C21A3
:10CE900001F5977107F063F9B5F8982005F19A014B
:10CEA0002AA804F1350507F05AF9294620222AA8B4
:10CEB00007F087F92AA806F0F5FD314608222AA8CE
:10CEC00007F04DF9294620222AA807F048F904F175
:10CED0005503194620222AA81D4607F072F920237F
:10CEE000ADF83230ADF810702B4604F175060DAD7B
:10CEF000186859682A4603C20833B3421546F7D169
:10CF000002A92046FFF7FCFD012380F84E310546BB
:10CF10002148F8F723F91E230373216B4FF47A732A
:10CF20000646B1FBF3F20D3003FB12131B4918F058
:10CF3000CFFC0B23A6F89E31D4E90823C6E9682369
:10CF4000174BE16A186803681B689847282200F1AC
:10CF50000C0106F5D47018F026FD236BC6F8D0310D
:10CF6000104B1868036831465B6898472AA80AF096
:10CF7000C7FF28460DF5207DBDE8F0810025F5E7C7
:10CF80001D46F3E7D40A0020445E0208083F002053
:10CF9000B07D02083E420F009012002038A6020821
:10CFA000841E0020A01E002000207047134B30B4C8
:10CFB0000C4611461A19012C82F8311D104A1568C9
:10CFC00003EB8402C2F8345D09D0022C0DD0406E10
:10CFD00090B193F840312BB981F0010102E093F850
:10CFE000440148B130BC0BF021BB93F8450118B1A6
:10CFF00093F84331002BF5D030BC7047083F002038
:10D00000E8040020F8B500250B4F04462E46E9B28F
:10D01000002220460135FFF7C9FF032D47F8046BB6
:10D02000F5D1002104F11800F7F736FF4FF0FF3378
:10D0300084F86C60A366F8BD3C4C0020A0F1180099
:10D0400011F04CB808B5836E013303D0FFF7DAFF57
:10D05000012008BD0020FCE72DE9F74F634C94F850
:10D06000346105460F46002E00F0968090F86D3032
:10D07000002B40F091800846F8F792FB002840F022
:10D080008B806FF00E00F98907F10F03C01BC218E7
:10D09000914266D84FF00008554B3968186803680C
:10D0A0001B6898478246387A08B9524B1878DFF8DF
:10D0B00048910CF039FCD7F804B090F83E3090F865
:10D0C0004420019358460092F8F777FCDDE90023ED
:10D0D00099F85D7000284AD1484949688B4546D186
:10D0E000BAF1000F4CD194F84231002B60D194F882
:10D0F0004131002B5CD194F84831002B58D194F881
:10D100004631002B54D194F84931002B4CD194F87E
:10D110004731002B48D194F8483113B994F846317F
:10D1200023B1012211462846FFF740FF94F8493108
:10D1300013B994F8473153B399F85D3003F0FD0308
:10D14000012B24D0042F03D116B9B8F1000F1ED043
:10D1500094F84331DBB9012202212846FFF726FF6C
:10D1600015E013F8012F072A91D1B04694E71E4627
:10D17000002BB8D0B8F1000F14D116463AB9B2E777
:10D18000DAF8B8309B07AED5B8F1000F08D100210E
:10D1900005F11800F7F780FE002003B0BDE8F08F1E
:10D1A0004646A0E700269EE707F0FD03012BB2D01C
:10D1B000134B1A68B4F84A31A3B14FF47A714B4358
:10D1C0001344AB66012385F86C3094F842311BB9E7
:10D1D00094F84131002B9ED0012200212846FFF710
:10D1E000E5FE98E7D4F83831EAE700BF083F0020B1
:10D1F000841E0020701E0020F0040020D40A0020AD
:10D20000E804002038B50C4605460EF059FD291DEE
:10D21000846014F088F8EB680133EB600EF050FD89
:10D220002146856014F07FF8A3680133A36038BD00
:10D230002DE9F047D0E901539D4207460E4606D03E
:10D240000FC985E80F0010357D60BDE8F087D0F884
:10D2500000A06FF07843A5EB0A09B3EB291F4FEA52
:10D26000291402D1194814F034FB554514BF224645
:10D270000122A41825D234B39C4228BF1C462001A9
:10D2800017F0B6FC804696E80F0008EB090C8CE816
:10D290000F002946424650460CF0CEFD294600F1CB
:10D2A000100228460CF0C8FD0546BAF1000F02D066
:10D2B000504617F0A5FC08EB0414C7E90085BC60D4
:10D2C000C3E71C46DBE7A046DDE700BF1AA0020863
:10D2D00038B505460C4601F110006968814202D05C
:10D2E0002246F7F7ACFC6B68103B6B60204638BDFC
:10D2F0002DE9F041DFF89080244AD8F80460244BEF
:10D30000C1E900661279D3F82832022A4AF6C0022F
:10D3100018BF4FF46162002B08BF134605468B60AF
:10D3200000200C46F7F7C4FDD8F804802B6F0746A1
:10D33000EA6E934205D12D6FA0899D4216D1BDE8BA
:10D34000F08153F8082C53F8040CBA1AB2EB400FD2
:10D35000A3F1100108D953F8103C984504D005F109
:10D360006C00FFF7B5FF01460B46E1E7092809D835
:10D370001968B14206D004EB00125F6857610130B2
:10D380001161A0811033D7E7D40A0020F0040020F7
:10D39000083F002070B5826F124EACB0044652B107
:10D3A00033689B1A104A934205D80123C3720025A3
:10D3B00028462CB070BDB0220021684616F0CFFB85
:10D3C00069462046FFF794FF2046FEF761F96B4659
:10D3D0000546A269E9211030FCF70AF93368E881B3
:10D3E000A367E5E7E80400201FBF02002DE9F0472E
:10D3F000ADF56A7D9CAD9DF8C8A34E4E2E600446E7
:10D4000089469846014600239EA817466B600AF09D
:10D41000ECFFBAF1000F02D120460CF0C6FC214609
:10D4200054A80AF0E2FF444954A80BF034F8549988
:10D430000122A1A80DF0D9FA54A80AF0B1FF3F4B80
:10D4400085F834A100243946424607A8CDE90735BE
:10D45000CDE90A4485F83541CDF8249004F074FBF9
:10D46000EB6A0746A3B1A1A803F096F89EA90CA801
:10D470000AF0DCFF30490CA80BF00DF80C9922469D
:10D4800054A80DF0B2FA5A9B6BB90CA80AF088FFA9
:10D490009EA82E600AF084FF38460DF56A7DBDE82F
:10D4A000F0875C40E4B254A803F025F9031EF8DAD3
:10D4B00054A803F071F895F83531A342E5D10CA8D2
:10D4C0000AF06EFF9EA968460AF0B0FF1A49684646
:10D4D0000AF0E1FF009CD5F80880002221460CA844
:10D4E0000DF083FA129BBBB10122414654A80DF006
:10D4F0007CFA5A9B83B10CA800F0AFF800280DDC31
:10D5000054A803F041F854A803F046F80CA803F01F
:10D5100043F820460CF049FC6846B7E703A91022FF
:10D520000CA803F0DAF803A9C2B254A803F042FA37
:10D53000E1E700BFD07D02086DA60208A76B0008D6
:10D5400000207047B0F872008A89131A5842584177
:10D550007047054BD0F880261B6804489B1A83420D
:10D560008CBF002001207047E80400209FBB0D0005
:10D570004B6A012B03D0042B24D0002070471B4B97
:10D580001B6893F8591093F85020012903D093F8A1
:10D590005A1001290CD101218A4280F87D1003D153
:10D5A00093F85830632BE8D9022380F87D30E4E704
:10D5B000012A03D193F85830052B01D90023F4E751
:10D5C0000323F2E70A4B1B681B6D012B03D0022BD0
:10D5D00007D0002BD1D180F87E30064B1B68036743
:10D5E000CBE790F87E20022AC7D0F4E7501E002037
:10D5F0004C4C0020E8040020826930B404695510C6
:10D60000034604EB6200D20748BF62595B6930BC35
:10D6100048BFD358184700207047054A90F8593042
:10D620001179181E18BF0120994218BF1371704755
:10D630004C4C002020307047183070470020704755
:10D64000704707B503688DF807105B6801220DF17C
:10D650000701984703B05DF804FB037D53B9836964
:10D660001A6A5869DB699B0302D5904238BF10469D
:10D67000801A70470020704703681A6AC36AD31A79
:10D680001944B1FBF2F302FB1311036B8B4210B58B
:10D690000AD94C09C06B01F01F0150F82430012257
:10D6A0008A40134340F82430002010BD0368013342
:10D6B00004D04068431C58425841704701207047CD
:10D6C00010B50B6804689C4209D0406849688842DC
:10D6D00005D08C4203D0181A18BF012010BD0020BD
:10D6E000FCE770B50C4D0A44914200D170BD06684C
:10D6F00011F8013B83EA060404F00F0455F82440B6
:10D7000084EA161484EA131303F00F0355F8233048
:10D7100083EA14130360E7E710820208028BC08AD1
:10D72000101A7047C28A018B914288BF0169034673
:10D7300083BF885C0132DA824FF0FF307047028B82
:10D74000C38A9A4286BF0269D05C4FF0FF307047AF
:10D75000836841600B44C3607047037D13B1C068A8
:10D76000401A70476FF000407047F0B505680289B5
:10D770002B8A9A4267D22A6841898B0052F821107D
:10D7800001F00307C1F30724012F8475C1F3850657
:10D790001ED0022F28D0002F32D1C1F30363C1F372
:10D7A00007470A0F4FF0010C42824268A0F814C0EC
:10D7B00006825ABB8261026204F00E04082C05BF87
:10D7C000C2896B68002353F8223043620120F0BD08
:10D7D0001A44C1F30B4C5268130F46EA831697B2F2
:10D7E0000B0FC2F30B42DFE71A44D2E901374FEACD
:10D7F000114C190A46EA811192898EB25BB2D3E7C5
:10D800001A44D2E90137B2F810C0F2E73A44826113
:10D8100004F0C00123B1D31A8029036209D10FE0BB
:10D8200004F03006202EF7D13F2C04D800F1140369
:10D830000362C261C0E78029FAD100F114030362D8
:10D840001368C361B8E70020C1E7038901680133A9
:10D850000A8A9BB29A4210B5038103D80023C0E91B
:10D86000023310BD0B68428953F8221001240B0AC1
:10D8700001F0030104FA01F10A444281828903F0B4
:10D880003001002908BF01328281C28903F00E03F2
:10D89000082B08BF0132C281E3E710B50446FFF749
:10D8A000D4FFFFF762FF2089003818BF012010BDA8
:10D8B000F8B5038A8B4204460D4601D10120F8BD1C
:10D8C0000668B28A8A4216D38B4288BF338A078998
:10D8D00088BF03812046FFF7B8FF6289336853F899
:10D8E000223085EA93039B0607D02389BB42F1D1FE
:10D8F0002046FFF73AFF0020E1E7FFF736FF238AD3
:10D90000AB42F2D1A37D03F00F030A2BEDD0D5E794
:10D910000B461146528A082A10B40ED1CA6962B168
:10D9200028B114681CB10432234610BC184723B137
:10D93000146814B104321846F6E7012010BC704791
:10D9400030B5044685B0154672B3A9B90268184BC4
:10D950009A4211D0102D06D82A4669462046FFF774
:10D96000EFFF05B030BD102269462046FFF7E8FF03
:10D970000028F6D0103DEDE7A368AB4207D2E3687C
:10D980000C4A002B08BF1346E3600020E9E7236838
:10D990002A462046984710B9E368074AF1E7A3688A
:10D9A000AB4203D20023A3600120DAE75B1BFAE756
:10D9B00069E400080DA702081BA70208836810B5D8
:10D9C00004463BB9C368094A002B08BF1346E3600D
:10D9D000002010BD03680122984710B9E368044A8B
:10D9E000F2E7A368013BA360F3E700BF0DA70208BD
:10D9F0001BA702082DE9F3410E460DF1070105466C
:10DA00001446FFF7DBFF074658B9AB6823B1002780
:10DA1000384602B0BDE8F081002CF8D00123237015
:10DA2000F5E79DF907309DF80740002B32DA04F046
:10DA30007F044FF007080DF107012846FFF7BEFFEE
:10DA40000028E4D0B8F11F0F9DF8073024D9B8F1B1
:10DA50003E0F03F07F0207D8C2B1002C0CDAFF2B77
:10DA60000AD108F10708E6E76AB1002C04DA012BB5
:10DA700002D1B8F13F0F0DD0EB68114A002B08BF5F
:10DA80001346EB60C3E7B8F13F0FF5D11B0608F171
:10DA90000708D0D43460BBE7B8F11C0F09D113F0EC
:10DAA000700F03D003F07802782AE5D144EA0374BA
:10DAB000ECE703F07F0202FA08F21443E6E700BF46
:10DAC00024A702082DE9F34100260746884635467B
:10DAD00034460DF107013846FFF770FF58B13F2C6F
:10DAE0009DF8071010D1012909D9FB68114A002BB4
:10DAF00008BF1346FB60002002B0BDE8F08145EA94
:10DB0000C175C8E90065F7E701F07F02A4F12003C1
:10DB1000C4F1200C02FA03F322FA0CFC43EA0C03D2
:10DB2000A2401D430B0646EA020604F10704D0D4C6
:10DB3000E7E700BF24A7020837B515461A460023B9
:10DB400013700C460B702B6001A9FFF753FF28B12F
:10DB5000019BDA0803F007032A60237003B030BD8D
:10DB600013B50446052921D8DFE801F0030F16207C
:10DB7000201E012201A92046FFF7E2FE18B19DF9FF
:10DB80000430002BF5DB02B010BD08220021204636
:10DB900002B0BDE81040D3E6002201A9FFF72AFF3A
:10DBA0000028F0D0019AF1E70422EFE7C368034AA6
:10DBB000002B08BF1346C3600020E4E734A7020827
:10DBC00073B500220D4601A90446FFF713FF064670
:10DBD00060B194E80F0085E80F0001998A4209D2EC
:10DBE000E368074A002B08BF1346E360002630466F
:10DBF00002B070BDA960A3685B1AA360F7E700BF1D
:10DC000046A702088A6838B505460C462AB96368F3
:10DC10006B60E368EB60012038BD00212046FFF710
:10DC20008FFE0028F3D1F7E7F8B5C3680446154620
:10DC30009AB106688EB1D31802D287689F4207D284
:10DC40002369084A002B08BF134623610020F8BD52
:10DC5000B04710B92369044AF4E7E3682B44E36052
:10DC60000120F4E75EA702081BA702084A8A042ADB
:10DC700001D1C969D8E7082AFBD002690349002A03
:10DC800008BF0A4602610020704700BF6AA7020869
:10DC90007047704708467047704738B508460C46CD
:10DCA0001546F7F7B2FC074A03461021284617F03D
:10DCB00057FD054A2B46E92104F11000FBF798FCBB
:10DCC000E08138BD7DA00208AC6C020810B50446A6
:10DCD00016F096FF204610BD10B5044616F090FFD2
:10DCE000204610BDF8B58C68064617460D1D012369
:10DCF00084B9E3B1CB68AB4208D0284613F0D3FB1C
:10DD000002693B689A4224BF00250446C6E90045E3
:10DD10003046F8BD23693D68D4E902029D4238BF10
:10DD2000012325462ABF002304461446E0E728467F
:10DD3000E6E7002110B50446C1820183006910B1F5
:10DD4000A28A15F00CFFE0690021618420B1228CC9
:10DD5000BDE8104015F003BF10BD70B504460E4677
:10DD6000154600212022083015F0F9FEC4E90065AF
:10DD70002046BDE87040F8E438B50B680C46996859
:10DD80000B681B681B0A03F0C003802B054614BFF9
:10DD90006268221D0C34FFF7E0FF2C6238BD00B52D
:10DDA0000A468BB059B101466846FFF7D6FF30B13D
:10DDB000684600F007F86846FFF76FFDF7E70BB01D
:10DDC0005DF804FB2DE9F041857D05F03007302F2B
:10DDD0008AB0044604D1036A1A88038A9A426ED133
:10DDE00005F00F030A2B05F0C00820D1E3691E6877
:10DDF0009EB9B8F1800F62D105F03E05262D4CD0BA
:10DE0000202F02D1236A00221A80A369186816F015
:10DE1000F7FEA36900221A6051E031466846FFF719
:10DE2000ABFF10B16846FFF7CDFFB668E0E705F03D
:10DE30000E03082BDDD1B8F1400F40D0B8F1800FB0
:10DE4000A36914D11B68E361202F20D1226A1688B0
:10DE5000002BD1D0002ECCD0E169606AFFF79FFF84
:10DE6000E369628A013E1344E361B6B2F2E7202F10
:10DE7000E36102D01BB30126ECE7226A3F2D16882E
:10DE80001BD8A28ADBB1964228BF1646E2E7002BD8
:10DE9000F1D105F03E05262DB7D1A3691D68236A8F
:10DEA0001E884FF0000805EB8606B542A8D028680A
:10DEB00016F0A6FE45F8048BF7E7002BCAD10AB08E
:10DEC000BDE8F08100B5837D3F2B8BB0014649D87A
:10DED00013F030000ED0202802D10B6A188806E01B
:10DEE0003028FAD0102808D10A6A32B11078B0FA76
:10DEF00080F040090BB05DF804FB0A68906870B9C7
:10DF000003F00F02052A0CD8CB694A8A1A449342BF
:10DF100001D10120EEE713F8011B0029F7D0002002
:10DF2000E8E7062A01D1CB69D8E7072A02D1CB69F5
:10DF30001878DCE70B2A01D1488AD8E703F00E03F2
:10DF4000082BD7D1CA69496A6846FFF706FF00283F
:10DF5000DFD06846FFF7B6FF0028CBD06846FFF752
:10DF60009CFCF4E703F0C002802A01D1C069BEE73F
:10DF7000402AD4D103F00F030A2B02D1CB691868D1
:10DF8000B5E70368024AD8689042B0D1F6E700BF0F
:10DF900011D900088B7D03F00E03062B02D100235C
:10DFA00003607047082B03D14A8A002115F0D7BDC2
:10DFB000704710B5034B03600446F9F703FC204695
:10DFC00010BD00BF5882020810B50446FFF7F1FFEC
:10DFD000204616F015FE204610BD70B50546084BCC
:10DFE0000360044655F8180FA84204D12046F9F7FB
:10DFF000E9FB204670BD066816F002FE3046F3E7E6
:10E000009082020810B50446FFF7E7FF204616F09D
:10E01000F7FD204610BD70B50546084B0360044669
:10E0200055F8180FA84204D12046F9F7CBFB20463B
:10E0300070BD066816F0E4FD3046F3E7C0820208C2
:10E0400010B50446FFF7E7FF204616F0D9FD20463D
:10E0500010BD38B50B4D05F1E003036005F58E7377
:10E0600004460362406E0DF087F905F5A27504F1D0
:10E0700020000DF047FE25602046F9F7A3FB20465F
:10E0800038BD00BF10820208A0F12000E1E710B502
:10E090000446FFF7DEFF204616F0B2FD204610BD15
:10E0A000A0F12000F3E730B54B89042B9DB0054665
:10E0B0000C4618D18A89838A9A4214D16A22002197
:10E0C00001A815F04CFDAA69E18901AB04F110002B
:10E0D000FCF73AFB48B101AA2B6821469B6A284607
:10E0E00098471DB030BD0022F6E70120F9E730B5B2
:10E0F0004B89042B9DB005460C4616D18A89838A2C
:10E100009A4212D16A22002101A815F028FDAA69BD
:10E11000E18901AB04F11000FCF716FB28B12B6874
:10E1200001AADB6A2146284698471DB030BD30B5AC
:10E130004B89042B99B005460C4618D18A89838AED
:10E140009A4214D160220021684615F008FDAA69A0
:10E15000E1896B4604F11000FCF7F6FA48B16A4613
:10E160002B6821469B6A2846984719B030BD00228B
:10E17000F6E70120F9E730B54B89042B99B0054645
:10E180000C4616D18A89838A9A4212D160220021D4
:10E19000684615F0E4FCAA69E1896B4604F11000B9
:10E1A000FCF7D2FA28B12B686A46DB6A214628467A
:10E1B000984719B030BD30B54B89042BC5B0054622
:10E1C0000C4619D18A89838A9A4215D14FF48872F4
:10E1D0000021684615F0C3FCAA69E1896B4604F189
:10E1E0001000FCF7B1FA48B16A462B6821469B6AD9
:10E1F0002846984745B030BD0022F6E70120F9E7F0
:10E2000030B50D46C5B004464FF48872002168460B
:10E2100015F0A5FCA269E9896B4605F11000FCF731
:10E2200093FA28B123686A46DB6A29462046984754
:10E2300045B030BD10B44C89042C05D18C89838A3B
:10E240009C4201D110BCDBE710BC704730B5194BC4
:10E250001C68F1B005466068F7F7AFFB58B194F859
:10E26000202194F82A319A4205D20123EB7200242E
:10E27000204671B030BD21464FF4B07218A815F099
:10E2800019FD5C22002101A815F069FC0A4ABDF8BD
:10E290006E1001AB1CA8FCF757FA2846FDF7F8F9F9
:10E2A000AA69044601ABE9211030FBF7A1F9E0812E
:10E2B000DEE700BF244C00208483020830B54B8980
:10E2C000042B99B005460C4618D18A89838A9A4254
:10E2D00014D15C22002101A815F041FCAA69E18952
:10E2E00001AB04F11000FCF72FFA48B101AA2B682A
:10E2F00021469B6A2846984719B030BD0022F6E7B0
:10E300000120F9E730B54B89042B99B005460C463E
:10E3100016D18A89838A9A4212D15C22002101A8EF
:10E3200015F01DFCAA69E18901AB04F11000FCF7AE
:10E330000BFA28B12B6801AADB6A214628469847C8
:10E3400019B030BDD0F8EC3070B5044604EB830250
:10E35000D1F8140150621B4D32220133B3FBF2F0AD
:10E3600002FB1033C4F8EC304FF4B07205F50970BD
:10E370000E4615F09FFC012385F82032124B93F8CE
:10E38000F83083B9114B1B796BB9114B1B683BB14A
:10E3900093F85020012A03D193F85830092B02D961
:10E3A00005200BF0BFFC54F8185FA54201D10020F6
:10E3B00070BDA868036831469B6898470028F6D16D
:10E3C0002D68F2E7D40A0020443F0020F00400202A
:10E3D000501E002010B5074C4FF4B07204F5637066
:10E3E00015F068FC0123052084F88A330BF09AFCB1
:10E3F000002010BDD40A002013B5084611461A4665
:10E400009DF8143000939DF810309DF818400BF0E3
:10E410008FFB054B80F8214101461868012202B0AC
:10E42000BDE81040FDF7DAB8A41E002038B5184644
:10E430001546049A8BB182B1094B0A4CD3F8E035EA
:10E4400004EA832404F1FF6404F5F2242C4404EB71
:10E45000C12115F02FFC002038BD6FF01500FBE73F
:10E460000070FF1F00FCFF0303460846596810B503
:10E470008C185C6008B115F01DFC012010BD10B5B2
:10E480000346406884185C6015F014FC012010BD40
:10E49000A0F52A600FF08ABE10B504460BF01AFBF7
:10E4A000B4F87230838110BDF8B5274F97F8DC308F
:10E4B00004460D46BBB197F8F060022E13D0084613
:10E4C000F7F76EF988B197F8DD3063B1D5F81431FC
:10E4D00062699A4207D063611C4B1D49186805F1B7
:10E4E000100209F047FF0020F8BD012E08D8174B95
:10E4F000EA891868036805F110015B689847F2E73C
:10E50000032EF0D1134B1C68236828461E68F7F7CA
:10E510007CF801462046B047A0B1037993B100F1E1
:10E5200034040A4E0C49306809F0D8FE0B493068B3
:10E5300005F11003224609F01DFF0749306809F074
:10E54000CDFED0E7064CECE7443F0020FC00002065
:10E5500096A70208841E002010AC020892A70208A9
:10E560008EA7020810B5034B036004460DF003FBB1
:10E57000204610BD6884020810B50446FFF7F2FF7C
:10E58000204616F03DFB204610BD0A4B10B503F5A2
:10E59000227203F5327304460260C0F8A03A00F517
:10E5A0002A600DF0AFFB044B236020460DF0FFFC0A
:10E5B000204610BD10820208105C0208A0F52A60F7
:10E5C000E3E710B50446FFF7E0FF204616F018FB1E
:10E5D000204610BDA0F52A60F3E710B54FF47A731A
:10E5E000036390F87D30012B044622D190F86C3003
:10E5F00083F0010384F86C303B4991F8EC31002B37
:10E6000054D03A4B1A68236F03F5EA4330339342F0
:10E610004CD394F87C30002B48D194F87E30002BFA
:10E6200048D0012B0ABF94F86D30012383F0010319
:10E630003DE0022B01D10123DCE7032B90F87C1095
:10E6400031D12A4AA36F106803F5EA43303383427D
:10E650001CD221B9012384F87C301368A36794F895
:10E660006C30126883F0010384F86C30FA23236362
:10E67000A36F03F5FA630021934284F86D10BBD2B7
:10E6800084F87C10012384F86C300AE00029E6D17C
:10E6900094F86C30002BF5D0002384F86C3040F2F5
:10E6A000E7332363A8E70029A6D1F1E7002384F824
:10E6B0006D300AE094F82D20A2B194F86D2082F01C
:10E6C000010284F86D2084F82D3091F85C3013B18C
:10E6D000002384F86C3094F86C10002009F0A6FF39
:10E6E000206B10BD0123EEE7F0040020E8040020B9
:10E6F00010B5034B036004460DF026FB204610BD09
:10E700000085020810B5074B044640F8503BFFF760
:10E71000EFFF04F13400FFF7EBFF20460DF0F2FAB3
:10E72000204610BD1485020810B50446FFF7EAFF25
:10E73000204616F065FA204610BD10B50446FFF7D6
:10E74000D7FF204616F05CFA204610BDA0F130003D
:10E750000FF07CBE70B54FF4887204468AB00D4647
:10E76000002115F0FCF906232C22002104F11400ED
:10E77000A38015F0F4F90020F6F79AFBD5E91E23E3
:10E780004FF47A71B3FBF1F31D49206001FB0233B2
:10E79000A3601C4B1E683046F6F77AFAE0603046FC
:10E7A000F6F7DEFAB5F84C302384174B20611B686E
:10E7B0009B8B6384154B1B686BB1D3F83822626165
:10E7C000D3E98C120A44C4E90621D3F83C22B3F8F9
:10E7D0004032A2622387684614F0F8FB009B236353
:10E7E000684614F0F3FB089B6363094B1B681BB17D
:10E7F000DA6E1B6F6262E36220460AB070BD00BF32
:10E80000378941001C1D0020841E0020004200208A
:10E81000A41E00202DE9F74F354F364C1E46D7F881
:10E82000E03504EA832404F1FF640C9B04F5F22430
:10E83000144404EBC1244FEAD308F3F7BCFE0546A9
:10E8400058B9DFF8B49004EBC80844450AD1F3F78F
:10E85000C5FE284310F0FF0001D06FF0040003B0A4
:10E86000BDE8F08FD7F8E025224B03EA822303F1BD
:10E87000FF6202F5F222A24204D803F10063013BD9
:10E88000A34204D2F3F7AAFE6FF01500E7E799F868
:10E890003434012B2AD001233268D6F804B089F829
:10E8A000343400230192C9F838340BF069FE054670
:10E8B000B0B9DFF848A0019ADAF8143043F0010348
:10E8C000CAF814302260BFF36F8FC4F804B00BF0A5
:10E8D00057FEDAF8143023F001030546CAF8143065
:10E8E000002389F8343408340836AEE70225FAE705
:10E8F0000070FF1F00FCFF034C4C0020004000583C
:10E90000F8B5284BD3F8E025274B03EA822303EB25
:10E91000C12404F1FF6203F1FF6102F5F22201F567
:10E92000F22191423BD803F10063013B934236D37D
:10E930001E4EF3F740FE96F83434012B04D1F3F762
:10E940004DFE6FF00400F8BD0025C6F838540BF0FA
:10E9500017FE0746D0B9164D6B69A4F5E044E40AEA
:10E9600023F47E7343EAC40343F4803343F0020389
:10E970006B610BF005FE6B690E4A13406B612B68EF
:10E980002B68044628B186F83474D8E786F83454E6
:10E99000D5E786F83404F3F721FE2046D3E76FF07D
:10E9A0001500D0E70070FF1F00FCFF034C4C002057
:10E9B0000040005805FCFFFFF7B50C4609684B1CEA
:10E9C000054616460DD0006883690093D4E90123FB
:10E9D0008768B84730B92B6836B9286821460CF0EB
:10E9E00036FB002003B0F0BD9B690193A368009340
:10E9F000D4E90023314628460BF0FDFA0028F1DB6C
:10EA0000EBD16FF03300EDE72DE9F74FDDE90C486E
:10EA10000E9E81460F4693469A4686BB304603B00B
:10EA2000BDE8F08FB4FBF2F302FB13431BBB96422D
:10EA300021D3B6FBF2F502FB1565761B00968368C1
:10EA400022469C4651464346E0470028E7D1BBF1A9
:10EA5000000F02D1B04434443AE0CDE900862346A9
:10EA60005246594648460BF0C6FA0028D7DBF1D18A
:10EA70006FF03300D3E7E31AC7F800A07B603B6870
:10EA8000D9F8000053458269CCD17B68A342C9D82C
:10EA90009D18A542C6D92D1BE01AB542BB6828BFF8
:10EAA00035462A461844414615F004F9D9F8003095
:10EAB0009A692C44B4FBF2F302FB134333B95A4670
:10EAC00039464846FFF778FF0028A8D1A844751BAF
:10EAD0002E46A2E7F8B5054690F824000F461646E4
:10EAE00010B36B8C9818B0F5806F31D82B8C98428E
:10EAF00017D9202838BF202004460146E86916F0BF
:10EB0000CFFE68B1E8612C846B8CE869324618440A
:10EB1000394615F0CFF86B8C33446B84304602E0F5
:10EB2000FEE70028F0D1F8BD92B2202AFBD883B2CC
:10EB30009A4295F8BC3004D83344DBB285F8BC3037
:10EB4000ECE703442B44395C83F89C100130EEE77A
:10EB50000020E8E770B590F8243004460E4663B90B
:10EB600090F8BC30034483F89C1090F8BC3001331B
:10EB7000DBB280F8BC30012070BD438C591CB1F56C
:10EB8000806F14DC238CC069994208D9202938BFD2
:10EB900020210D4616F084FE40B1E0612584638C8F
:10EBA000E269D654638C01336384E4E7FEE7002016
:10EBB000E2E770B504460D4608683AB9E3680E4AC4
:10EBC000002B08BF1346E360002070BD42EA03013A
:10EBD000B1F5803F05D3A3FB026111B1E368074A99
:10EBE000EEE703FB02F116F05BFE10B9E368044A9E
:10EBF000E6E728600120E8E799A70208A6A702082F
:10EC0000B5A702082DE9F043937D03F03003302BC4
:10EC10008FB005460E46144628D19446BCE80F0036
:10EC200004AF0FC7BCE80F000FC79CE8030087E8DC
:10EC30000300236A1988238AC1B1994216D004A817
:10EC4000FEF736FE30B9EB688E4A002B08BF13463C
:10EC5000EB6064E004A8FFF7B5F8A37D03F0C00300
:10EC6000802B01BFA26900231360E361A27D02F043
:10EC7000C001402900F02681802977D041B902F0F7
:10EC80003003202B38D006D8002B2ED0102B28D0C4
:10EC9000EB687D4AD9E7302BFAD102F00E02082A40
:10ECA000238A206A5ED102889A425BD0628AE06938
:10ECB00014F055FF616A8B682BB9CB681BB94B68A0
:10ECC0001B68002B4ED0E26904A8FFF746F8002825
:10ECD00048D004A800F064F9002843D1EB686B4ADF
:10ECE000B3E7236A0BB101221A7022463146284647
:10ECF0000FB0BDE8F04315E3276A608A3988A3693D
:10ED0000022E01FB0033E36126D102F00F02052A37
:10ED100022D804A92846FEF753FF064670B90026FC
:10ED200074E02246FF2104A800F0FCFA90B13B8871
:10ED300001333B80628AE3691344E361069B1BB1A4
:10ED40003A88A38A9A42ECD3069B002B58D0EB68F2
:10ED50004F4A7AE70646F7E74B1C3B80A38A8B4273
:10ED6000F5D9C2E7236A228A1A80BEE702F030038F
:10ED7000202B29D001D9302B8AD102F00E02082A8B
:10ED800005D1A3691B6813B12046FFF71BF8A37DCB
:10ED900003F03002302A02BF226A218A118003F078
:10EDA0000E03062BA16901D1E1619EE7628A01236E
:10EDB0002846FFF7FEFE0028B1D0A3691868E0617D
:10EDC0002146FFF7E7F890E7D4F82080022EB8F844
:10EDD00000704FD102F00F02052A4BD804A9284633
:10EDE000FEF7EEFE0646002899D04FF6FF79069B07
:10EDF00033B1B8F8001049450CD1264BEB60002622
:10EE000004A92846FEF7FEFE002888D030460FB041
:10EE1000BDE8F083013189B2B942628A10D9A9EB09
:10EE20000701013BB3FBF2F301338B4234BFFF1800
:10EE30000137A1693B4604A8FFF7BBFE0028DED0DE
:10EE4000A169B8F800200868638A02FB0300E0614A
:10EE50000028D4D02146FFF79DF82246FF2104A8C0
:10EE600000F060FA0028CAD0B8F800300133A8F8E2
:10EE70000030BCE74FF6FF739F420DD1EB68054AA7
:10EE8000E3E600BFC4A70208FCA70208E5A7020842
:10EE9000D6A702080FA802080137628AA169BBB28F
:10EEA0002846FFF786FE00283FF439AFA169B8F87D
:10EEB00000300868628A03FB02000133E061A8F8B1
:10EEC00000307DE72368DB6833B9314628460FB050
:10EED000BDE8F043FEF744BE022E1FD104A9284628
:10EEE000FEF76EFE00283FF41AAF2368069EDB682B
:10EEF0002246002104A8984730B9EB68002B7FF424
:10EF0000A7AE079B224AA0E6069B0BB19E42ECD817
:10EF100004A92846FEF776FE064677E7012E22D0A2
:10EF2000052E29D086BB01AF01360B2E02D1EB682E
:10EF3000184A8AE6012239462846FEF701FD0028D4
:10EF40003FF4EDAE17F9013B002BEDDB124B0493C0
:10EF500001ABCDE9053623680021DB680791224625
:10EF600004A89847D8E7082201A92846FEF7E8FC3C
:10EF700008260028EAD1D2E604220DEB0201284639
:10EF8000FEF7DEFC0426F4E7EB68044A5DE600BF0A
:10EF900026A8020824A7020869E4000834A702088A
:10EFA00070B590B004461022002102A814F0D7FDDD
:10EFB000002301938DF8033023689B6843BB002531
:10EFC000A37D03F00F020A2A42D1E3691E68002ED6
:10EFD00031D1019BABB1228A934212D19DF803102B
:10EFE000224602A8FFF70EFE10B30DF1020301AA9C
:10EFF0000DF1030102A8FEF79FFDC8B1236A03B11A
:10F000001D702046FEF749FC0028D9D1012010E0F0
:10F010002A4ACDE902234FF0FF33049301AA0DF1F0
:10F0200002030DF1030102A8FEF786FD0028C6D1F8
:10F03000002010B070BD314606A8FEF79DFE28B135
:10F04000357306A8FFF7ACFF0028F1D0B668BEE71D
:10F050003F2B29D803F03002102A1AD1226A02B1BC
:10F06000157003F00E03082B18D1616A8B6823B961
:10F07000CB6813B94B681B6883B1E26906A8FEF739
:10F080006CFE0028A5D006A8FFF78AFF0028A0D1B3
:10F09000CEE79A06E5D5236A1D809AE7628AE06981
:10F0A000002114F05CFD94E703F0C002802A90D1A7
:10F0B000A2699B0615608CD5EDE700BF69E40008E6
:10F0C0002DE9F04F9BB004461D4606A80023CDE96C
:10F0D0000433ADF80A30FEF740FE90BB00274FF630
:10F0E000FF7AB946B846A368002B38D14FF6FF73B4
:10F0F0009A4504D0BDF80A30BB4240F0D780069B49
:10F100005B8AE3B1402B28BF4023590904A80022A1
:10F1100095B2A94200F2F18003F01F02DB060ED087
:10F120001AAB03EB8101C2F12003DBB24FF0FF32D7
:10F1300022FA03F351F8582C9A4240F0E58001205E
:10F140001AE0002DCAD106A8FFF72AFF0028C5D172
:10F15000E3686F4A002B08BF1346E3600BE002AB85
:10F1600003AA0DF109012046FEF7E6FC38B99DF827
:10F170000830002BBAD100201BB0BDE8F08F039EF1
:10F1800016B9E368634AE5E7314606A8FEF790FB47
:10F1900088B19DF82E3003F00F020A2A72D1B8F11F
:10F1A000000F2BD10D9BD3F80090B9F1000F21D0A7
:10F1B000BDF8288022E0B8F1000F1FD19DF82E3055
:10F1C00003F00F030A2BEDD0BDF8205006A8FEF780
:10F1D0003CFB069BBDF822201B6853F82230C3F38A
:10F1E00003230A2B24D1FEF7C0FA0028DAD1B9F1A3
:10F1F000000F05D14FF000094FF0FF38464538D3D6
:10F200009DF80930D4F808B001934D46A3686DB35A
:10F210009B457FF468AF2B681B689C467BB1019BC4
:10F22000324629462046E0470028A4D0AD68EDE7E5
:10F23000BDF82030AB42C9D1FEF797FAD7E729468F
:10F2400010A8FEF799FD10B9E368334A82E7BDF8CC
:10F2500050309E42EAD1119B002BE7D00123019947
:10F260002B7310AA2046FFF7CDFCDDE79B457FF40A
:10F270003AAF9DF809102046FEF772FC00287FF493
:10F2800032AF78E703F03003202B22D10E9A0BAB7C
:10F290009A4217D1BDF82030534510D04FF6FF7277
:10F2A000924506D0BDF80A20BA4202D0E3681B4A54
:10F2B00050E70022BDF82C70ADF80A209A460DF1F7
:10F2C0000A030E939DF8091006AA2046FFF79AFC40
:10F2D000D4E7002BF6D1BDF824303F2BF2D85909E2
:10F2E0001AAA02EB810103F01F020123934051F897
:10F2F000582C134341F8583CE4E750F8045B0135BF
:10F3000002F101023FF404AFE368054A22E700BFBF
:10F31000E5A7020836A802083FA8020851A802087B
:10F3200072A80208F0B5937D03F00F0385B0044680
:10F3300015460B2B00F28E81DFE813F00C0026003F
:10F34000260026009800AA00BE00F2002201220139
:10F350008C016E010139C9B2FD2906D8E368974ACC
:10F36000002B08BF1346E3605FE000226946ED69A9
:10F37000FEF740FB064620B1009B003B18BF01236F
:10F380002B70304605B0F0BD0139C9B2FD29E5D971
:10F39000022B69462ED1FEF795FB0646002844D085
:10F3A0006B8A082B05D1DDE90001EB69C3E9000197
:10F3B000E7E7042B0CD1EA69009B1360DDE900014B
:10F3C0000022914208BF9842DBD0E3687C4AC7E73D
:10F3D000022B04D1009BEA6913809BB2EEE7012B5C
:10F3E00005D1009BEA69137003F0FF03E6E7E368C9
:10F3F000744AB5E7032B15D1FEF764FBA8B1DDE92C
:10F4000000124B08C90743EAC2734FEA520201D502
:10F41000DB43D243698A082910D1E969C1E9003286
:10F420000126AEE7FEF74EFB08B90026A9E7DDE9A5
:10F430000032698A082918BFDA17EBE7042908D1D6
:10F44000E969D8170B601946904208BF9942BCD1B0
:10F45000E6E7022904D1E86919B20180C817F3E789
:10F460000129C4D1E86959B20170F7E7052902D032
:10F47000FF297FF473AF042269462046ED69FEF749
:10F480005FFA064600283FF47CAF009B2B6078E7CC
:10F49000012902D0FF297FF461AF08226946204686
:10F4A000ED69FEF74DFA064600283FF46AAFDDE944
:10F4B0000023C5E9002364E702297FF44FAF00224F
:10F4C0006946FEF797FA0028AFD0009EB6F5803F58
:10F4D00002D3E3683C4A43E7AB7D03F0C003802BD3
:10F4E00006F1020217D1A3689E4202D9E368374AA7
:10F4F00036E7E96901232046FFF75BFB002894D03B
:10F50000EB69196821F8026B3246204605B0BDE868
:10F51000F040FEF715BA6B8A9A42DAD8E969F1E74A
:10F5200002297FF41BAF00226946EF69FEF762FAF9
:10F5300000283FF47AAF009E731C02D1E368244A8E
:10F540000EE7AB7D03F0C003802B06F1010211D161
:10F55000A3689E42CAD8E96901232046FFF729FB28
:10F5600000283FF462AFEB691F680023BB553246A9
:10F570003946CAE76B8A9A42F7D9E368154AEFE63B
:10F5800002297FF4EBAE6946FEF71AFB00283FF430
:10F590004CAF6B6A13B9E3680F4AE1E6AB7D03F049
:10F5A0000F03092B1AD0AB7D3F2B2FD90023EA691B
:10F5B000696A6846FFF784FD06461FE089A80208CD
:10F5C00099A802086AA70208ABA802080DA70208BA
:10F5D000A6A70208BAA80208CAA802082A6A002A2E
:10F5E000E1D052F8083C002BDDD0043A29466846A9
:10F5F0009847029B06460BB10028D4D169462046A5
:10F60000FEF700FB00287FF4BCAE0EE703F03003EA
:10F61000203B18BF0123CAE702297FF49FAE0022D6
:10F620006946FEF7E7F9064600283FF4FEAE00996A
:10F63000B1F5803FBFF44DAF6A8A19B9E86914F09B
:10F640008EFA9EE6914202D0E368044A88E60A46B2
:10F65000E9695AE7C368024A82E600BFE3A80208E4
:10F66000FCA70208036910B5044603B19847204679
:10F67000BDE81040F5F7EEBB03692DE9F041044603
:10F6800003B19847104BD3F8008004F1240504F12E
:10F69000C4070026D4F8C830B3420FDD55F8040F74
:10F6A00050B1036841465B689847002803DC28682E
:10F6B00003689B6898470136AF42EBD12046BDE80E
:10F6C000F041F5F7C7BB00BFE804002037B504469A
:10F6D0000D4601A80191F9F7F3FD211D284611F00F
:10F6E00048FF15F08DFA63690198013B636103B02F
:10F6F00030BD2DE9F341214D2B680646002B3AD051
:10F700005B68002B37D0D3E90034E41A1C4BA410FB
:10F710005C43836E019300F15C0800F16007019B7C
:10F72000BB420BD1336F9C4225D2B56E0195AF42DF
:10F730001AD129464046FFF7C9FFF3E7286819693F
:10F7400002681268904728B901994046FFF7BEFF4A
:10F750000190E4E701A8F9F7B3FDE0E7019B6A69CE
:10F760005969914238BF1D4601A8F9F7A9FD036800
:10F770009F42F3D1DDE702B0BDE8F081841E002096
:10F78000CF467D6700232DE9F04F0D4680F85930B4
:10F79000894B11465B682A689A42A1B0044600F082
:10F7A000DB806A2205A814F085FA95F8FA300093F8
:10F7B000002B00F098802846F5F7F2FF002840F073
:10F7C00092802846F5F721FFD5F818818246B8F1D6
:10F7D000000F03D14046F5F76BFB8046D4F864B0C8
:10F7E00004F160073E465A46002A38D1B74203D09A
:10F7F00033699A4538BF3E466868F6F7DEF8B74287
:10F8000042D07369434533D9002839D1012384F8A4
:10F810005A30B946BBF1000F39D14F4503D0D9F862
:10F82000102092455AD2182015F0E2F900224F45D7
:10F83000426104F15C0B0646C0F810A000F1100212
:10F840002FD1236F23B1E06E03699A4500F2AA809D
:10F8500003A85946FEF746FADDE903909EE01169D8
:10F86000D2E902038A4596BF16461A460246BBE70E
:10F870000028CBD0A8EB03034AF6BF029342C8D8B6
:10F88000012384F85930C4E70028BFD0C1E7DBF872
:10F890001020DBE90206924596BFD946B34683465F
:10F8A000B8E7D9F810000192824559D2A06E81457F
:10F8B0000AD0484611F0F7FD0369019A9A45C7D965
:10F8C000C268002A6ED048463B4602463146009840
:10F8D00011F0EBFD236F01332367B146C9F81480A3
:10F8E0002046FFF706FF344B9DF8582093F89630DA
:10F8F0009A425FD12846F5F788FE304A0346102128
:10F9000005A815F02DFF2E4B28461E68F5F77DFE45
:10F910002B7A014605AA3046F6F7FDFCC8B16E68A1
:10F920003046F6F74AF8A0B9234B5B689E4210D0E8
:10F93000294624480AF063F905AB0546E921224A25
:10F940001030F9F755FE214BE88129461868F5F784
:10F95000ECFD2046FFF7CDFE002021B0BDE8F08F82
:10F9600023D9E06ECDF8089081451BD002A8F9F7A5
:10F97000A7FC0068019A00698245BFF469AFD9F815
:10F980000C2042B94846036932699A422CBF0023D1
:10F990000123009398E7DDF80890484628B1B9F1B3
:10F9A000000F91D18742EED18EE7304615F028F94D
:10F9B0004E4692E70120D0E7D40A00207DA002083D
:10F9C000841E0020581E0020AC6C0208A01E0020DF
:10F9D00038B50B4D05F54B73036005F558730446B8
:10F9E00003635030F8F74CF9204605F5667540F88A
:10F9F000305FF7F7E7FE20460CF084F9204638BD6B
:10FA000010820208A0F13000E2E710B50446FFF7CB
:10FA1000DFFF204615F0F4F8204610BDA0F13000BD
:10FA2000F3E72DE9F0411546026D9DF81870044684
:10FA300088461E462AB11A4B59681A4B1868F9F7BE
:10FA40009AFB9DF81C3084F85A30236884F858706B
:10FA50009B69204698470146F8B1134BC0F80480D3
:10FA60001B79053B012B98BF0025002F0CBF0A23F3
:10FA7000402380F8FA5080F8223106B10672D1F89E
:10FA800014310A48236500231A460068F6F756FD2C
:10FA9000002384F8583084F85A30BDE8F08100BF64
:10FAA000D40A0020A41E0020F0040020A01E002084
:10FAB000A0F120000EF0DEBC2DE9F7438B684D89E4
:10FAC00023F47F43B3F5A02F0C46164621D1486896
:10FAD000F5F773FFE8B9052D40F08B804E4B1B7C8A
:10FAE000023B012B00F285804C4D21682868036899
:10FAF0001B689847C0B92868616803681B68984705
:10FB000070B12868616803681B68984703793BB146
:10FB100012E0052D6DD1404B1B7C023B012B68D8B8
:10FB2000002003B0BDE8F0832868216803681B68E3
:10FB300098470379002BDED0394B186803683246AA
:10FB40001B6B2146984765682846F5F736FF18B9BC
:10FB5000344B5B689D42E3D12368002BE0D0324BED
:10FB60002E4DD3F800802C4E04200AF0DBF82868D4
:10FB70002146F6F7A9FC638996F80490042B2FD14F
:10FB8000A389432B02D1D4F804314BBB28682168E8
:10FB900003681B689847037913BB244F3B68FBB18C
:10FBA000B9F1020F1CD02B68988B0BF070FC054646
:10FBB000B0B91F4B01211868F5F7EAF880B1D6F803
:10FBC000BC61204671B2F6F741F90236B04207DC5B
:10FBD000CDE900550122237A21683868FFF721FF1B
:10FBE000214614480AF00BF801464046F5F79DFC03
:10FBF00096E70C4B93F89630002B9DD0074B21686D
:10FC0000186803681B689847002895D00379002B73
:10FC100092D090F83A307AE7F0040020841E002059
:10FC2000A41E0020D40A0020A01E0020B0490020FD
:10FC30001C1D0020581E0020F8B54FF488720446A1
:10FC40000D46002113F08BFF02230020A380F5F75F
:10FC50002FF92346242243F8080B0021184613F0FD
:10FC60007EFF012384F8203023722376237484F8E6
:10FC70002830174B1F683846F5F772F8154B60624D
:10FC80001E6896F85030012B20D196F85A30012B7F
:10FC90001CD096F85830E3603846F4F7F9FFE0617D
:10FCA000706D0DF023F80C4B00220DF0B3F90DF040
:10FCB00075FCD5E91E234FF47A71B3FBF1F30749C4
:10FCC000606101FB0233E3622046F8BD6523E2E791
:10FCD0001C1D0020501E002000408F40378941002D
:10FCE00070B50E460546FBF7D3FCAA6904463346B9
:10FCF000E9211030F9F77CFCE081204670BDA0F1CD
:10FD000030000EF0E1BB10B5C4B0044601466846B1
:10FD1000FEF720FD694604F13000FFF7E1FF4FF0E8
:10FD2000FF334360002380F8FA300A2380F8223141
:10FD3000034B0146186844B0BDE81040F5F7F5BB29
:10FD4000A01E0020F8B53C4B3C4F1D68C36FC56733
:10FD5000AB4282BF836F013383670446384BD7F8C9
:10FD600050041E7900BB06F0FB03022B5CD000217F
:10FD7000344B1D6881F001012846F5F709F898B366
:10FD80002846F5F71AF878B3082E2DD02E4B93F8A5
:10FD900061314BB3002120460CF0AEF8D7F8500487
:10FDA000002843D1E06EF8BD48F20101F9F74CFAA2
:10FDB000062E30D0022E09D00028D8D0224BD3F8FE
:10FDC00040212D1A00214FF4616007E060B31E4B03
:10FDD000D3F840212D1A01214AF6C0004FF47A735E
:10FDE00002B353439D42C3D2184B1B68D3F88C30E7
:10FDF000002BD7D1012120460CF07EF8626F22B192
:10FE0000E36F9B1A226F9342CCD32046FFF77BFF10
:10FE1000E36F6367C6E738B10B4B2D1AD3F8402167
:10FE20000121D0E74343DDE70121A1E748F20101C9
:10FE3000F9F774FBB6E700BFE80400204C4C002043
:10FE4000F00400201C1D0020443F0020A01E0020C4
:10FE5000F8B50446084615460E460DF059FB04F168
:10FE60000803236000236360237269680746014426
:10FE7000204612F0A7F93A463146204612F078FAA9
:10FE80002946204612F084FA2046F8BD70472DE935
:10FE9000F74FDDE90C470E9D83468846924699460A
:10FEA0000DB9002064E0DBF80000BAF1000F1ED0AD
:10FEB000DAF800304B451AD1DAF80410A14216D80E
:10FEC00086690E44A64212D9361BAE42DAF80830D3
:10FED00028BF2E46611A38463246194413F0EAFE0E
:10FEE000AD1B37443444DCD0DBF80000E0E7D8F841
:10FEF000002043694A4517D1D8F80410A14213D80D
:10FF0000CE18A64210D9361BAE42D8F8083028BF0A
:10FF10002E46611A32463846194413F0CBFE374458
:10FF20003444AE1B3546BBE74168B4FBF3F203FB38
:10FF300012428C467AB9AB420DD8B5FBF3F603FBFF
:10FF40001656AD1B00953B4622464946E04778B918
:10FF50002F442C44E6E7A21AC8F80090C8F8042001
:10FF60000093D8F8083049466646B04700289AD032
:10FF700003B0BDE8F08F2DE9F04786B005460F4687
:10FF8000144600F11409D6184FF0010A0DF11708B4
:10FF9000B44203D1002006B0BDE8F0870094CDE95B
:10FFA000018A3B46002249462846FFF770FF01348C
:10FFB0000028F0D10E9801224146FDF792FBE7E7B9
:10FFC0001FB5069C0092CDE9013400220B4600F1DA
:10FFD0001401FFF75CFF04B010BD2DE9F04F8BB0AA
:10FFE0001368049300265368059307460C46B046F1
:10FFF0000DF1100A06AD5AF8269010230093002246
:020000040801F1
:100000002B4649463846FFF7DBFF70B110F1340F3D
:1000100006D146B1B8F1000F0CBF6FF033000020DD
:100020000BB0BDE8F08F0126E5E7B8F1000F04D072
:10003000E269069B9B1A002BEBDB079B23F0004B2E
:10004000BBF1130FE5D93A68D2699345E1D84FF077
:10005000FF3203A8039229461022FDF742FB0090CD
:10006000ABF11003102249463846FFF784FF002801
:10007000CCD1039B002BCCD10AAA86F0010302EB62
:10008000830304F11C0C53F8183CA3601023E360B5
:1000900095E80F00C4F804904FF001088CE80F00B9
:1000A000B7E72DE9F043064695B00F464FF001083B
:1000B000336BD6E90D219A4261D1002900F0C88046
:1000C000F06A32680344106A526A8A4294BF32630B
:1000D0003163B3FBF0F4002100FB1433F362F06BE7
:1000E0007163D20813F03BFD301DFDF7DFFA0028E5
:1000F000DED101230390049303993046FDF7BCFA47
:100100000446002860D104993046FDF7B5FA04464C
:10011000002859D103AA09A93046FFF75EFF04461B
:10012000002851D14FF00C09119B0C9D23F0004386
:1001300005F10C02043B9A4250D9129B039303A889
:10014000139B0493FDF7B2FA0028D5D0F56806F1A9
:100150001409002DACD0EB69DA0369D4EB699B0379
:100160000BD501962B6A00936B6A05F12C02494668
:1001700030460AF02FFF044630BB2D68E9E701390D
:10018000501CB1635409F16B706351F8244002F0C4
:100190001F0008FA00F020428BD1F36A1344326842
:1001A000126AB3FBF2F002FB10333B60356B0120A7
:1001B000736BAB424AD05A0903F01F0451F8222056
:1001C00000FA04F4144003D1204615B0BDE8F083D2
:1001D00001337363B36B013BB363E9E70A99CDF86D
:1001E000009006AB2A463046FFF7EAFE0446002898
:1001F000EAD19DF81B209DF81A109DF819000AF00D
:10020000B5FF9DF8183003F070032844102B0C90B4
:100210008AD1089B00932246079B019606F11401A0
:1002200030460AF0D7FE044600283FF47DAFCBE706
:1002300001966B6900932B6905F12C024946304603
:100240000AF0C8FE0446002888D0BDE70024BBE7BA
:100250006FF01B04B8E773B50C4604310646FFF790
:1002600020FF0546F0B904F108013046FFF719FFF9
:100270000546B8B9042300930246616804F11C03E3
:100280003046FFF79DFE10B110F1340F0DD1E36938
:100290000133E36114224FF0FF33C4E90823A36262
:1002A0001023E360284602B070BD0546FAE72DE949
:1002B000F04F044689B00E4600F1140B07A9204602
:1002C000FFF7EFFE054658B9DDF81C902068494657
:1002D0000BF050F8054600283BD010F1340FEDD05C
:1002E000284609B0BDE8F08F0DF11B07CDE9008766
:1002F000CDF808A0736A059A59462046FFF7C7FD56
:1003000070B9CDE9017ACDF800804B465A4604F128
:1003100020012046FEF778FB20B110F1340FCDD03C
:100320000546DDE708F10108B36A4345DCD82368D8
:10033000A16A9A69706B13F0BDFC236AF362636A69
:100340002068336304F120010AF081FEC6F824908E
:10035000C6E706F12C03804605934FF0010AE3E758
:100360002DE9F74307460C46164601F124084FF0E5
:100370001009216AE26821F0004302F10C00043BFD
:10038000984215D80C2300936168331D3846FFF757
:1003900017FE054688B9E768F279B1797079376058
:1003A0000AF0E4FEA36907440344E760A36104E0A4
:1003B000002906DB32606FF00105284603B0BDE876
:1003C000F083424621463846FFF707FE05460028DF
:1003D000F3D1A369C4F80C901433A361C9E72DE9E4
:1003E000F843054604300F4614461E46FDF75EF9F5
:1003F00010B10020BDE8F88301235062936202F13E
:10040000240806F108094046FDF750F90028F0D10C
:10041000424621462846FFF7E0FD0028EAD1324651
:1004200021462846FFF79CFF10B1831CEBD0E1E783
:10043000337903F07003202BF1D139464846FDF79C
:100440003FF90028EBD10120D4E7CB695A032DE90D
:10045000F04144BF23F48023CB61CB6944BF4FF00C
:10046000FF32CA629B0390B005460C4652D50F6A14
:100470002C22002102A805F1140613F070FB236959
:10048000069396E80700636907930123CDE90937CE
:1004900010AB03E907004FF0FF38C5F81480226A5B
:1004A00063699A4213D304F12C0832464146284628
:1004B000FEF782FA18B310F1340F05D12146284611
:1004C000FFF7F5FE0028F0D010B0BDE8F081012361
:1004D0000DF1070202A9284600F09BF80028F3DB83
:1004E00001230DF107022146284600F038F90028C3
:1004F000EADB6B690133D2D0CDF83480CDE7636A93
:100500002361236A6361E36923F4003343F4803396
:10051000C4E907370020D7E770B592B006460C460D
:10052000FFF793FF054650BBE36903F41023B3F5CF
:10053000803F24D1221D1046FDF7B8F8F8B907A96D
:100540003046FFF74AFDE8B90C23E26808990093AA
:10055000304604ABCDE9045506950392FFF730FD14
:1005600080B92369059303AA6369069307A93046F6
:1005700009F02AFD30B9E36923F48033E3612846AA
:1005800012B070BD0546FAE7037D23B9036981699E
:1005900003F10C00C0E7704770B585690446A5B14A
:1005A000037D0669ABB1F36906F11C021BB19D42E4
:1005B00019680BD11160A06914F022FBE0690025D5
:1005C000A56108B114F01CFBE56170BD1A460B462D
:1005D000ECE7294606F10C00FFF79EFFB36906F130
:1005E00018021BB19D42196810D11160AB690BB1A3
:1005F0001B682BB9F3685B6B13B9686B14F000FBD5
:10060000A06914F0FDFA0023A361DEE71A460B4649
:10061000E7E72DE9F04F1D46CB69904603F0030252
:10062000022A87B007460C4654D09A0305D4236AA1
:100630006669B34208D3002003E0FFF706FF0028F5
:10064000F5D007B0BDE8F08FF61AAE4228BF2E46AF
:1006500004F12803B14604F12C0A059304F1240B9C
:10066000B9F1000F01D13046EBE7E3695B0304D534
:100670003B68A26ADB699A4210D1059BCDE901B3C0
:10068000236A0093D4E90423514638460AF05BFC00
:100690000028D6D1E36943F48023E3613A68A36A72
:1006A000D5690093ED1A4D4528BF4D46CDE901852A
:1006B0000022636A51463846FFF7E9FB0028C0D1A3
:1006C000236A2B442362A36A2B44A362A844A9EBA8
:1006D0000509C5E76FF00800B3E71346027D10B4C3
:1006E00032B904690A46816904F10C0010BC90E734
:1006F000002010BC704707B501220DF10701FFF77C
:10070000ECFF0028CCBF9DF807004FF0FF3003B08E
:100710005DF804FBF7B504460069237DE3B9A169E0
:100720008DF807300DF1070201230C300F6AFFF737
:1007300070FFA66900282069C8BF9DF807503146A0
:1007400000F10C00D8BF4FF0FF35FFF77EFE00B977
:100750003762284603B0F0BD4FF0FF35F9E72DE9C9
:10076000F04F8FB0CDE90623CB6903F00302012AD5
:1007700005460C4600F01B815E0315D4E669320580
:100780001BD416F400361ED005F11403DDF81CA0AE
:10079000099304F12C08E369BAF1000F26D123F480
:1007A0000023079AE36104E0FFF74FFE02460028AA
:1007B000E4D010460FB0BDE8F08F6269216A914223
:1007C00038BF2262DDE7276A63699F42DCD9236272
:1007D000236A9F42D8D90DAA0123214628468DF8C5
:1007E0003460FFF7BCFF021EF2DAE2E79B0324D578
:1007F0002B68A26ADB699A4240F098802B681B6ADA
:10080000AB6305F114030493D4E90832CDE90B235B
:100810000DA92846FFF745FC024608BB0D9B28683A
:10082000059319460AF0A6FD024618B312F1340FDB
:1008300016D14FF0FF332B62EAE7236A002BDDD09D
:1008400004F128020292013B04F124020192009378
:10085000D4E90423414628460AF075FB024620B13C
:10086000E36943F40023E361A3E7286841460AF003
:10087000EEFBC3E70C9F2E680890002F4FD0013F7E
:100880000CA930460C970AF041FB0C9FF369089ABB
:1008900001379F420C9768D1461C96FAA6F6B6FA25
:1008A00086F606F1010B91460BAF4FEA89030893D8
:1008B0000423CDE901734FEA890300934146DDE942
:1008C00004232846FEF7A0F80B9B02460028ADD172
:1008D0004E4550D109F10109CB45E6D84FEA8B07C7
:1008E0001DE00022CDE9016B0B9B0499CDF800902F
:1008F0002846FFF7CCFA02460028B1D1DDE90423EF
:10090000CDE9016BCDF8009041462846FEF77CF812
:10091000024600288AD109F101094F45E1D8059B1B
:10092000C4E90937E36943F40033E3612B68DE6906
:10093000A36AF61A564528BF5646069B02960193AF
:10094000A36A0093099A636A41462846FEF75CF859
:100950000246E8B110F1340F82D121462846FFF754
:10096000A6FC02460028E8D07AE791464FF0010B3A
:100970000DF12B06D1E70421CDE901710899009111
:1009800028460499FFF783FA02460028A2D067E7B9
:10099000236A33442362A36A3344A362069B33442D
:1009A00006932B681B6AAB63AAEB060AF3E66FF0AB
:1009B0000802FEE61346027D10B54AB904690A46EC
:1009C000816904F10C00FFF7CAFE20EAE07010BD57
:1009D0000020FCE7F7B5044604300E461546FCF748
:1009E00065FE10B1002003B0F0BD009001236A46FF
:1009F000294620460193FFF7F0FA0028F3D105F1CC
:100A000024073846FCF752FE0028EBD13146384621
:100A1000FCF756FE38B13A4629462046FFF7DDFA84
:100A20000028EED0DFE70120DDE730B5044693B0C3
:100A300004300D46FCF73AFE10B1002013B030BD73
:100A40000190012301AA07A920460293FFF7C5FAE6
:100A50000028F3D110A8FCF729FE0028EDD110AA38
:100A600007A92046FFF7B9FA0028E7D103AA07A98A
:100A70002046FFF775FC10B1831CEBD0DEE79DF933
:100A80001030002BF2DB0822294605A813F03DF8B0
:100A90000028EBD10120D1E72DE9F04F87B01F6886
:100AA000049340F62203536043689360DFF8249177
:100AB0008368039105461446D3604946384614F0CE
:100AC0009BFF07EB000883464946404614F05AFF57
:100AD0000128064608EB000A05D117F80B302E2B2B
:100AE0000AD15746E9E7022806D102463A4940466C
:100AF00013F00BF80028F4D057464FF0010B49468D
:100B0000504614F079FF82444946504614F03AFFAB
:100B1000024690B102280CD105902F49504612F0A0
:100B2000F4FF059A28B9BBF1010B04D10AF10207C1
:100B3000C3E70BF1010B9244E1E798F800000028AD
:100B40003DD0049BC3F800802379222B3FD104F1D0
:100B5000080A039952462846FFF73FFA78BB05F189
:100B6000140B039922462846FFF7FAFB38BB23797A
:100B700003F07F03112B01D0222BF2D1E379B34292
:100B8000EFD12368627904331344A279CDE900865A
:100B90001344039A59465268284609F02CFA002853
:100BA0000DDBDED094F90430002B86DA514628465E
:100BB000FFF73BFF002805D001DB6FF0010007B015
:100BC000BDE8F08F237903F07F03237175E76FF0A1
:100BD0001300F4E703A5020805A9020870B594B054
:100BE0001546039103AB05AA09A90646FFF754FF72
:100BF0000446C0B901464FF48472284612F0AFFF94
:100C00009DF818302B70112B04BF089B6B60311DB1
:100C100007A8FCF755FD05F10803044630B90C4957
:100C2000184613F03FF8204614B070BD059A9DF8A1
:100C300019109DF81B00009004320A449DF81A1008
:100C400030460A440A99FFF7BBF90446EBE700BFB8
:100C500003A50208F0B5012680F84060A7B004465D
:100C60000430FCF723FD0546002878D101462C22EC
:100C700005A812F074FF4FF000432822294610A85F
:100C80000D9312F06CFF1A9623681B6A9D4202D3E3
:100C90006FF0330020E019A8FCF708FD00285ED1B2
:100CA00019AA10A92046FFF798F9A8B90D9B002BA7
:100CB00034DB01AB1BAA0EA92046FFF790FB0028EE
:100CC0000ADB0BD1199B0E931A9B0F9300231A4634
:100CD00005A9204600F0E8F827B0F0BD039A0E9968
:100CE000049B0F988A4201D1984217D0904201D1BB
:100CF000994213D00E92E8E79DF97030002B0DDA7F
:100D00001DA92046FFF791FE0028E5DB1BD01BAA9A
:100D100010A9204600F000FA0028DDD11BAA10A976
:100D20002046FFF71DFB0028E6D0831CD4D110AF6E
:100D30000FCF05AE0FC60FCF0FC697E807000135DE
:100D400086E80700A0E79DF870301BAA03F07F0338
:100D500010A920468DF8703009F036F9DCE7002044
:100D6000BAE72DE9F04F0546B2F1000893B04FF015
:100D70003800894640F2031708BF012713F038FFF7
:100D80000446A86118B32E69CDF8089007F003094E
:100D9000B9F1010F06F10C0A0BD102AB03AA07A9A6
:100DA0005046FFF779FEB0B99DF81030222B37D1AD
:100DB00008E096F84C30002BEFD15046FFF74AFF81
:100DC0000028EAD0A86913F01BFF0023AB610020C4
:100DD00013B0BDE8F08F0230F4D1DDF808B02F2158
:100DE000584614F0C2FD0028ECD1FA05EAD540F6C9
:100DF00011028DF8120001905846ADF810200CF049
:100E000087FB019B8DF813004FF0FF32059206938C
:100E100003AA5B4607A950460AF0ACF90028D1D1D5
:100E20000023089A6260C4E90773099AF768A3610E
:100E3000A2604FF0FF33039AE260E362059A7B6B96
:100E40002261069A6261DBB9B9F1010F25D1786997
:100E500013F0CEFE60630028B4D0B3692360B8F10C
:100E6000010FB46108D1AC69286921460C30FFF745
:100E7000ECFA08B96369236200232B750120A7E708
:100E8000B269002A9ED1B9F1010F6363E5D004F184
:100E90002C0138460AF0DBF8DFE7B86913F0A8FE4A
:100EA00060630028F3D18DE72DE9F04F9DB00D462A
:100EB0000893CB6904920133CB610B1D0646069360
:100EC00008984B6889680593C5E9011302EB001483
:100ED00013469C4212D1059B0C9300230B91079360
:100EE000696830680AF046FA044678B114F1340FA4
:100EF00000F0898020461DB0BDE8F08FD8682A6ACE
:100F000002445868121A2A621033E2E705F11C08FD
:100F10004FF0FF33102241460DA810270D93FCF728
:100F2000E0FBCDE90187009406F1200922466B68B9
:100F300049463046FDF768FD04460028D6D1824672
:100F4000B84626E0089B9A456CDA049A4FEA0A13E1
:100F500002EB0A1BD358434564D1DBE902420DA8DA
:100F600021460992FCF7BDFB099A0097CDE90142A1
:100F700049466B6800223046FDF746FD04460028CE
:100F8000B4D1DBF804309844DBF80C300AF1010AE4
:100F90001F442B6A23F00043043BBB42D2D80DF11F
:100FA0003408CDE90078042302936B680022494697
:100FB0003046FDF729FD0446002897D14FF0FF3752
:100FC0000246776149463046FDF7F6FC04460028A4
:100FD0008CD13068036998470446002886D12B6A73
:100FE0000A970AAA009223F0004302466968043B6C
:100FF0003046FEF7C0FF044600287FF47BAF0A9A14
:101000000D9B9A423ED04FF0FF33336201270023FD
:1010100011A90BA8CDE91137FCF752FB40BB6FF0CB
:10102000330467E74FF0010B0599CDF800B011AB21
:1010300042463046FEF7C4FF044600287FF45AAF0C
:101040005A4611A90DA8FCF74CFB11ABCDE9007372
:10105000CDF808B022466B6849463046FDF7D4FC0F
:10106000044600287FF442AF08F10108013790E7F9
:1010700006993046FFF715F8044600287FF43AAF8A
:1010800007972DE7079B23B3434611AA0BA93046C8
:10109000FFF7A5F90028FFF62EAF29D06B680F9354
:1010A0004246AB68109311A9304608F08DFF002826
:1010B0007FF421AF311D0BA8FCF702FB18B96B6858
:1010C0007360AB68B3603046FFF7C4FD00287FF45F
:1010D00012AF3469002C3FF40DAF0699201DFCF7C8
:1010E000EFFA18B96B686360AB68A3602468F1E736
:1010F00011AA0BA93046FFF76DFC0028FFF6FBAEE6
:10110000E7D06B681A93AB681B9300231A4611A9AA
:101110003046FFF7C9FED9E72DE9F04F14460D46DA
:10112000D279A1798DB0804660790AF01FF82B6AD8
:10113000143023F0004383421DD101AA291D4046EB
:10114000FFF748FC061E12DB099A002A13DA2B6A05
:1011500063F00043134009936B6A0A93AB6A0B93E5
:1011600000231A4601A94046FFF79EFE0646304678
:101170000DB0BDE8F08F2368E279A1796079019321
:1011800009F0F4FF0023CDE903330290012301AA03
:1011900029464046FFF788FE06460028E7D1D8F8E2
:1011A0000C7005F1040B4FF0FF3AD7B9D8F8107066
:1011B00005F10408002FDAD04146381DFCF780FA0B
:1011C00068B9FD6823689D4209D9E279A1796079FF
:1011D00009F0CCFFBB692D1A1B1AFD60BB613F688B
:1011E000E8E75946381DFCF76BFA30B9D7F80C9090
:1011F0002368994503D1C7E901AA3F68D5E7FCD91F
:10120000E279A179607909F0B1FFA9EB0000F860FB
:10121000F3E7FEE700487047A050002010B5074BE9
:10122000044640F8243B10F049FF2046044B40F8A8
:101230001C3B10F0D3F8204610BD00BFE0B30208FD
:1012400054B4020810B50446FFF7E8FF204613F037
:10125000D7FC204610BD10B590F89130012B044604
:1012600004D1436E13B1836E04389847022384F887
:1012700091300023636694F84130202B0BD1282352
:1012800084F84130044B636320464FF40041BDE8CD
:101290001040F1F7B6B910BDF92D0008436E1F2BB1
:1012A000DEBF436E0133436690F89130012B04D1C9
:1012B000416E7031014409F091B970470020F1F797
:1012C00099B90020F1F72CBB0020F1F793B9002069
:1012D000F1F726BB0020F1F78DB90020F1F720BB14
:1012E0002DE9F04F15469A46426EB14BD0F86C90FE
:1012F0009A4285B004460E4634D0AE494846F2F7CD
:10130000E5FDAD490746A06EF2F7E0FDAB4901905F
:10131000206FF2F7DBFDD4F874B0A9498046584637
:10132000F2F7D4FD0090D7B1019BC3B1B8F1000F23
:1013300015D019463846F2F7D5FD009907464046C4
:10134000F2F7D0FD014680463846F2F7CBFD6066E5
:101350002FB1B8F1000F02D0002840F0F98005B09D
:10136000BDE8F08FB9F1FF3FF9D1836E0133F6D1BB
:10137000036F0133F3D1436F0133F0D14FF40073A6
:10138000A3614FF48273676E63608E4B27601868A9
:101390002FB18D4B9F4240F0E280F2F751F9B6EB4E
:1013A000500F80F0F480B6EB900F80F0F280B6EB37
:1013B000D00F80F0F080B6EB101F80F0EE80B6EB1F
:1013C000501F80F0EC80B6EB901F80F0EA80B6EB07
:1013D000D01F2CBF30233823E361002D00F0E380C1
:1013E000022D00F0E280013D18BF01256D000123B0
:1013F000C4E904530723E3624FF4E063E360BAFAFD
:101400008AF35B090026DB01C4E90836684BA66055
:101410009F42A662666329D066494846F2F74AFDB4
:101420006549A06EF2F746FD276F64493846F2F72A
:1014300041FD3B09B54214BF0122022213F00C0FFB
:1014400002BF624903F00F0301EB830307F00F07AC
:1014500008BFD3F818055E4B18BF304653F8271065
:10146000F2F799FC5649606FF2F724FD2368564A5B
:10147000934240F0B3804FF48050F2F759FD4FF0A3
:10148000B0431A6C42F480521A641A6C22F48052EF
:101490001A64656A67680023002D40F0C980B7F5BB
:1014A000827F00D0E561A36294F85D3003F0FF0213
:1014B0000BB984F85C202268E068A169022384F8F3
:1014C0005D30136823F040031360B0F5E06F4FF018
:1014D00000038ABF1E464FF48056B0F5706F18BFE8
:1014E000A362A36807F4827703F404433B432769AC
:1014F00007F002073B43676907F001073B4301F42C
:1015000000773B43E76907F038073B43276A07F05A
:1015100080073B431360636B05F0100503F008037D
:101520002B4300F47060090C034301F004010B43EA
:1015300033435360D36923F40063D36100232366EC
:10154000012384F85D30136843F04003136006E71D
:10155000BBF1FF3F3FF412AF4FF4802310E71D4B68
:101560009F4202D1F2F75AF819E7114B9F427FF4DC
:1015700016AFF1F751FD4FF0B043174AD3F80831D9
:1015800003F00F0352F82330B0FBF3F007E700231A
:1015900022E7082320E710231EE718231CE7202357
:1015A0001AE7282318E72B4622E7002320E700BF8D
:1015B00000000158F085020838860208808602087B
:1015C000D486020864000020003001401082020826
:1015D000BC5E020800380040985A0208164A93423E
:1015E0000ED14FF48040F2F74FFB4FF0B0439A6BAF
:1015F00042F480429A639A6B22F480429A6348E7ED
:101600000E4A93427FF445AF4FF0B0435A6E42F01A
:1016100001025A665A6E02F001020392039A5A6C52
:1016200042F001025A645A6C22F001025A6430E717
:10163000C4E9043337E700BF003800400000015818
:1016400070B500230D461646FDF73AFD044618B95D
:1016500031462846FCF7A3FB204670BDF0B5802A32
:1016600085B073F100010646D4B201A906D28DF807
:1016700004400122FCF7D8FA05B0F0BDD50904F00A
:101680007F040846002253EA050C174602F10102C6
:1016900008D13A4602F110036B44013203F80C4CB6
:1016A0003046E7E764F07F04042A00F8014B05F0B8
:1016B0007F044FEAD515E6D1002BEBD0180100F0DE
:1016C00070000443DB08002BE4D064F07F04545422
:1016D00003F07F040132DB09F5E770B5002304460F
:1016E0000D461646FFF7BAFF30B13246294620466E
:1016F000BDE87040FCF798BA70BD10B48C7D4B8A81
:1017000004F00F04022C16D1012B04D1CB691A78F6
:10171000002310BCA2E7022B02D1CB691A88F7E79D
:10172000042B02D1CB691A68F2E7082B24D1CB69CC
:10173000D3E90023EDE7012B0DD1CB6993F900200C
:10174000D317032CE5D1921843EB030182EAE3722D
:1017500081EAE373DDE7022B03D1CB69B3F9002003
:10176000EEE7042B02D1CB691A68E9E7082B03D115
:10177000CB69D3E90023E4E70369044A10BC002BDA
:1017800008BF134603610020704700BF6AA7020824
:101790002DE9F04186B00E4617460021142204467A
:1017A00001A812F0DCF93A46314601A800F0CCF964
:1017B00010B9059B236108E0049D4FF000082A46FC
:1017C00043462046FFF74AFF18B9002006B0BDE89F
:1017D000F081216821B92A462046FCF725FAF5E771
:1017E000E368A2682B44934205D923690E4A002B73
:1017F00008BF1346DEE7636801913A46314601A807
:10180000CDE90235CDE9048800F09EF9049AE36839
:101810001344E360AA42029B6360059B01D12361EC
:10182000D4E7024AE3E700BF5EA7020808A902085E
:10183000CB6970B504460D46002B7DD08A7D098AA0
:1018400009F042FB00286FD0A87D00F00F030B2B9E
:101850006FD8DFE803F00610101015151B324F4F3C
:101860006E6BEB691A78003A204618BF0122BDE87A
:1018700070400023F2E629462046BDE870403CE770
:1018800029462046BDE87040FCF7F0B9E96909B97E
:101890000A460EE03F280A880AD86B8A023B934228
:1018A00006D22369254A002B08BF134623613BE07B
:1018B00002312046BDE870400FE700F0C0008028EC
:1018C0006B8AE9690ED013B923691D4AEBE7013B26
:1018D0000029DDD000229A42885C06D00028E8D09A
:1018E0000132F8E74FF0FF33F2E70028E1D0236937
:1018F000144AD8E76A6A12B92369134AD3E7092B55
:1019000005D0EA69696A2046BDE8704040E72A6A66
:10191000002AF6D052F8083C002BF2D0043A2946AF
:10192000204698470028ECD1002070BD6A8AE969FA
:10193000BFE72369054AB6E70120F6E71CA90208BC
:1019400030A9020843A90208CAA80208FCA7020895
:101950002DE9F0438B7D03F03002302A87B0054635
:101960000C4608D10A6A1188228A91420AD00120C5
:1019700007B0BDE8F083102A28D10A6AB2B1127804
:10198000002AF4D0E269002AF1D003F0C003402B12
:1019900016D12368DB68002BE9D0224629460020B7
:1019A00098470028E3D12B69634A15E03F2BE9D81B
:1019B0000846FCF787FA0028D9D1E369002BD6D076
:1019C0002146284607B0BDE8F04331E7C96949B967
:1019D000002ACCD10369594A002B08BF13462B615A
:1019E0000020C5E703F0C0014029D2D0202AE7D16A
:1019F000226A1688002EBAD0802923D103F00F0363
:101A0000052B60D8228AD20042F002020023284629
:101A1000FFF724FE0028E3D0A37D03F00F03042B7F
:101A200016D1B7003A4600232846FFF717FE0028D4
:101A3000D6D0296879BB3A46284607B0BDE8F043BE
:101A4000FCF7F2B8A28AB242D8D203693C4AC3E793
:101A5000052B01D1F700E5E71422002101A812F0BF
:101A60007EF8D4F81C800027214601A8FFF745FE28
:101A700028B92B69002BB2D1059B324AACE7E36948
:101A8000628A01371344E361BBB29E42ECD8049FE3
:101A9000C4F81C80C6E70027A37D03F00E03042BC7
:101AA000214628460CD1FCF7E1F8002898D0E369DC
:101AB000628A01371344E361BBB29E42ECD856E719
:101AC000FFF71BFEF1E74FF00008A27D02F0CE0306
:101AD000862B2BD1E769D7F80090C4F81C90B9F198
:101AE000000F1BD1218A284609F0EEF908B9E761F9
:101AF00076E7012201A928468DF80490FCF794F8B6
:101B00000028F4D0E761E369628A08F10108134410
:101B1000E3611FFA88F3B342D7D328E7214628466A
:101B2000FFF786FEE7610028EDD159E721462846F8
:101B3000FFF77EFEF7E700BF57A9020872A8020868
:101B400066A902087EA9020830B595B00446684629
:101B5000FCF703F970B39DF8163003F00F030A2B5E
:101B600021D1079B1D681DB96846FBF796FEF1E77A
:101B70002B685B68294623B12046984758B1AD6869
:101B8000F1E70AA8FCF7F8F840B923690A4A002BE4
:101B900008BF13462361002015B030BD0AA92046B6
:101BA000FFF7D6FEEAE769462046FFF7D1FE002898
:101BB000DAD1F0E70120EFE73FA8020830B50B4D7E
:101BC00001444FF0FF33814201D1D84330BD10F8BA
:101BD000012B5340082243F30004013A2C4012F039
:101BE000FF0284EA5303F6D1EDE700BF2083B8ED8E
:101BF000F0B5454B044618688BB0B0B14389042B4F
:101C000013D18389042B10D190F8FA306BB1F3F71C
:101C1000C7FD50B994F859303BB10123E37284F801
:101C20005900002528460BB0F0BD384B002118683C
:101C3000F3F7AEF810B90123E372F2E7344FD7F8A7
:101C40005004B0B10421F7F7FFFA94F85A3083B981
:101C500094F85830002B41D158B12E4B2E4A1B68B6
:101C60001B1A934205D80123E372002384F85A30EB
:101C7000D7E70026294DE67284F85A6095F8963029
:101C8000002B33D1264A6B681021684613F068FD9B
:101C900006AB684604930BF03BFC4FF000030DEBE2
:101CA0000002694604A8F2F7D8FF04991D4811F014
:101CB000F9FF04A810F002FAD7F8500410B104217B
:101CC000F7F72CFC2046F9F7E3FC164BA269054612
:101CD000E9211030F7F78CFCE881A3E70028C8D091
:101CE0000C4B1B684EF65F221B1ABAE7B5F898300A
:101CF000002BC7D02022314605F19A0011F02FFFAA
:101D0000A5F89860BEE700BF244C00201C1D0020F1
:101D10004C4C0020E8040020BF270900D40A002012
:101D20007DA00208260B0020F8B504467C3006F0A2
:101D30006EFBD4E92267BE4208D0354628460C35F2
:101D400006F02EFBAF42F9D1C4F88C60012384F871
:101D50009430F8BDF8B5D0E92267BE42044608D0F9
:101D6000354628460C3506F01BFBAF42F9D1C4F8C6
:101D70008C60002384F89430F8BD184B70B5D0E91E
:101D8000225603603C330446C362AE421CD1D4F8F1
:101D9000880008B112F034FF04F17C0006F000FB6B
:101DA000254604F1700006F0FBFA04F12C0009F05E
:101DB000A9FF55F8200FA8420BD1094B23602046FC
:101DC000F5F700FD204670BD284606F0E9FA0C350F
:101DD000DBE7066812F014FF3046ECE740870208A4
:101DE000A4870208A0F12C00C7E710B50446FFF74E
:101DF000C4FF204612F004FF204610BDA0F12C00C5
:101E0000F3E72DE9F04FD1F804318BB005460F46CA
:101E1000144603BBA14604F1040A04F1240604F1AC
:101E200026084FF0FF313846F4F710F8002850DA52
:101E3000AF4E7A6873680193D7F80431002B6FD0E6
:101E4000B4F850A004F12E0804F1300B04F150094D
:101E500004F152036DE0A64B118858687B688342F9
:101E600016D0002399421A4609D904EB82020133A5
:101E700052688242DBB2F5D1FF2B5EB209D104F188
:101E80002E0904F1300A04F1500604F15208C8E7A3
:101E90000026B14216BF04EB8603D7F80080D3F8C2
:101EA0000480B8F1FF3FEAD023889E4208DB3868FF
:101EB000414606F073FDD7F80431002BDFD1A9E7C6
:101EC00004EB860341465868013606F067FD76B29A
:101ED000EAE7B9F80030C01A40B200224FF0FF3CE8
:101EE00051B28142B9F8003011DB32889B1A5BB2E3
:101EF0000022802051B299429ADA318807299FBF87
:101F000008F801003188013131800132F2E7072BF6
:101F10009EBF4AF823C00133A9F800300132DFE741
:101F2000B4F824A0A04604F1040B04F1240904F140
:101F30002603BAF1070F039311D8D7F81C010292B8
:101F40004FF081410BF088FC0BF0D6FD039B029A09
:101F500003F80A00B9F800300133A9F80030019BFA
:101F60009A4209D0B8F80030072B9FBF72684BF82F
:101F700023200133A8F800305E4A2346E92107F107
:101F80001000F7F735FBF881D5F898C0BCF1000FC9
:101F900020D0D7F8043103B33B68A3EB0C004342D5
:101FA00043410022B4F800800020C1B241451ADB51
:101FB0000021E78D4FF0000E5FFA8EF0B8421ADB79
:101FC000B8F1000F00F0A280002F40F0A680C9B940
:101FD000C3B9BAB90BB0BDE8F08F7A687168511A0D
:101FE0004A424A41DEE704EB8101013049688C45F1
:101FF000DBD10121DDE70C300EF1010E54F8200099
:102000008445D9D13C4904A806F0EFF923887068CB
:10201000002B00F0C48006F09EFC014604A806F0E8
:102020003AFA4FF000084FF000094FF07A5B23882E
:1020300032495FFA88F79F4204A878DB06F02BFA52
:10204000D5F8980006F087FC014604A806F023FAAC
:10205000A38C0BB3234493F9253080331CD028493B
:1020600004A806F018FAA38C234493F925000BF07A
:102070009FFB4FF07A510BF0EFFB014607A806F0EB
:10208000C3FB07A904A806F003FA07A806F088F91D
:102090001C4904A806F0FFF91B4904A806F0FBF947
:1020A000E38DD5F89800002B40F09B8006F053FCA0
:1020B000014604A806F0EFF9104904A806F0EBF970
:1020C000706806F048FC014604A806F0E4F9B4F88C
:1020D0005030002B00F0C58094F95230803300F06E
:1020E000C080074904A806F0D6F994F95200A3E08D
:1020F000D40A0020848302081CAA020885A90208C9
:1021000089A902088BA9020811AC020800293FF432
:102110005FAF002F7FF476AF5AE7002B7FF472AFEA
:10212000002A7FF46FAF00293FF454AF6AE706F04E
:10213000B2F904EB8703586806F00DFCA38CBB4290
:1021400082462AD9274497F9260010F1800F24D01F
:102150000BF02EFB59460BF07FFB0746514604A8B7
:1021600006F099F9494638460BF028F990B96949C3
:1021700004A806F090F9394607A806F045FB07A920
:1021800004A806F085F907A806F00AF9624904A830
:1021900006F081F908F1010849E74F46DEE706F04D
:1021A000DAFB014604A806F076F95C4904A806F0BB
:1021B00072F9D5F8980006F0CEFB014604A806F0A7
:1021C0006AF9A38C002B3FF467AF94F92630803373
:1021D0003FF462AF4F4904A806F05DF994F9260078
:1021E00045E706F0B8FB014604A806F054F9E78D70
:1021F000013F7FB24FF000094FF07A5B3B06474941
:1022000004A84DD506F047F9706806F0A4FB014616
:1022100004A806F040F9B4F8503013B3234493F9FE
:10222000513080331DD03B4904A806F034F9B4F88E
:102230005030234493F951000BF0BAFA4FF07A5121
:102240000BF00AFB014607A806F0DEFA07A904A86E
:1022500006F01EF907A806F0A3F82F4904A806F017
:102260001AF904A92846FFF75FFD022385F85930C3
:102270002B4B1B682B660023C5F8983005F12C000A
:102280004FF47A71F2F708FE012307A905F1200047
:102290008DF81C3006F04EFB04A806F081F899E694
:1022A00006F0F9F804F1300353F8270006F053FB69
:1022B000B4F85030BB42824629DD04F15203D857AE
:1022C00010F1800F23D00BF073FA59460BF0C4FACB
:1022D0008046514604A806F0DEF8494640460BF019
:1022E0006DF890B90B4904A806F0D5F8414607A847
:1022F00006F08AFA07A904A806F0CAF807A806F0AB
:102300004FF8054904A806F0C6F8013F76E7C8462D
:10231000DFE700BF89A902088BA9020885A9020886
:10232000E8040020A0F12C000CF01EB9406C18B994
:1023300070478B4204D018300378002BF9D118462F
:10234000704790F8282012B103681B6C184770473B
:102350000648074B074A1B68B3FBF2F310B5446805
:102360004B434268121B9342FBDC10BD001000E09F
:102370006400002040420F00014B1868704700BF06
:10238000E8040020DFF838C0F0B50024944200D102
:10239000F0BDC5690E5D2D68DCF80070AF68BF0741
:1023A000FCD52E73AE68F607FCD52E7BDCF80070EA
:1023B000F6B2AF683F06FCD41E550134E6E700BF15
:1023C000E80400207047C369002B42D0022283F842
:1023D0005D201A68116821F0400111600021196622
:1023E00083F85C1083F85D101A4B9A420ED14FF0BF
:1023F000B0431A6C42F480521A641A6C22F4805270
:102400001A641A6E22F480521A667047124B9A426E
:102410000ED14FF0B0439A6B42F480429A639A6BAC
:1024200022F480429A639A6D22F480429A65704742
:102430000A4B9A420DD14FF0B0435A6C42F0010260
:102440005A645A6C22F001025A645A6E22F0010258
:102450005A667047003001400038004000000158C3
:102460007047CBB2192B09D80E4A52F8233001F429
:10247000E0601843431C18BF0846704701F0C002D3
:10248000C02A0CD1C82B0AD8074B01F03F0201F437
:10249000E06053F82220034B53F82230E9E74FF075
:1024A000FF307047D48302083C8402080368D3F8E5
:1024B000D43018470368D3F8D8301847012A02D11E
:1024C000016000207047022A05D0032AF9D0002AB3
:1024D000F7D10260F5E70B680360F2E74AB116290D
:1024E0000B466FF00800A8BF16238342B8BF03460F
:1024F00013700931C9B21F298CBF6FF00C00002086
:10250000704710B5012986B006D002292BD0C9B179
:102510006FF0130006B010BD002203680592194A3F
:1025200004924FF0080C0A22CDE9022C4FF0120E53
:102530000722CDE9002E1449D3F8E840134A0923B5
:10254000A047E7E70F4A0368039210240A22CDE967
:1025500001240F4A04910092D3F8EC400D4A0E4B2F
:102560000949A047D6E7002302680393054B02936D
:102570000A210123CDE900310349D2F8F4400622B3
:10258000A047C7E7CDCCCC3F0000D9430000FA42BA
:1025900033331C439A9999400000A0402DE9F34140
:1025A0001D4603681B6904460F46164698470028D7
:1025B00044D16DB92368002EDB6F14BF3146FF2173
:1025C000204698474FF47A7300EB8000B0FBF3F598
:1025D00028460BF0E9F82B490BF03EF92A490BF09D
:1025E000EFF90BF0AFFA236800220092D3F81C80B9
:1025F0000146022340F272222046C047F0B9A36C84
:10260000186803685B6A98478046A36C1868596A23
:10261000026812699047A0B10025236820461B6913
:10262000984718B16FF43073984207D12368C5B149
:1026300023682046DB6A98476FF0050002B0BDE8CA
:10264000F081A36C186803685B6D9847A36C1868E9
:1026500003685B6A9847A0EB08008542D5D2012544
:10266000DBE7D3F8843020469847236B1842DFD14C
:1026700023681B6B32463946204602B0BDE8F04164
:10268000184700BF00007A4400007A4130B5074B7C
:1026900005460FCB85B06C4684E80F002B682146B9
:1026A000D3F8A0302846984705B030BD208B0208EB
:1026B000036810B5D3F894300446984728B110BD8C
:1026C000A36C186803685B6D9847A36C1868596A17
:1026D0000268126990470028F2D023682046D3F898
:1026E0009830BDE810401847036810B5D3F8E430BF
:1026F00044F2FF310446984728B9236820461B69F5
:10270000BDE81040184710BD13B5036800220092C1
:10271000DC6940F2722202236FF07F41A04702B0D1
:1027200010BD30B5074B05460FCB85B06C4684E82D
:102730000F002B682146D3F894302846984705B0FF
:1027400030BD00BF208B020882B02DE9F041012985
:1027500006A880E80C000B9C9DF826609DF8277069
:1027600009D0022975D000294BD06FF01300BDE8C5
:10277000F04102B070479DF8188042F2107000FAE4
:1027800008F00BF011F85149054607980BF064F872
:10279000014628460BF014F90BF0D4F9A8F1050313
:1027A000DBB2012B9DF8283005468BBF08210021A4
:1027B000112019200BBB4FEA880304EB4707002EBA
:1027C000C8EB47020CBF1426002601EB8201DBB2E6
:1027D000314409B25A1E0029A8BF521892FBF3F3E4
:1027E000BDF824209DF820109BB2083201FB032382
:1027F00000EB830068438008B9E7A8F102039B005F
:10280000DBE7F8000AF0D4FF054630460AF0D0FFB7
:10281000014628460AF018FF0546BDF824000AF0D4
:10282000C7FF014628460AF00FFF0546E0000AF000
:10283000BBFF014628460AF007FF254904460698D3
:102840000BF0BEF8014620460BF0BAF80BF07AF90F
:102850008DE79DF81930032B34D8DFE803F0022808
:102860002D300623634304330522B3FBF2F39CB2FD
:102870003022B4FBF2F303EB830000EB800002FB99
:1028800013444000A4B280B214B10234204480B298
:102890009DF82430C3EBC30203EBC20300EB4300FB
:1028A0000C4B80B258430AF07FFF0B49CCE704EB96
:1028B0004404C4F34F04DBE76400A4B2D8E704EB9C
:1028C0004404FAE76FF0090051E700BF000020411F
:1028D00000007A4400127A001D24F44308B508462B
:1028E0000AF062FF02490BF06BF80BF02BF908BD00
:1028F00000007A41036889B2D3F8E4301847806C4D
:10290000704700F00E03062B0BD0082B0CD00A2BBF
:102910000CD00138C0B2FD288CBF6FF00100002040
:1029200070476FF430707047014870470148704736
:102930003EFDFFFF3DFDFFFF10B5B0F89230B0F84F
:102940009610B0F89040024603F001005B0818B101
:10295000B2F8940043409BB2994214BF81EA03004D
:1029600008468442F0D3A2F8923010BD836C2DE962
:10297000F0411D682A6804465769926D0E46284644
:10298000596A9047A36C1B68014632462846BC46EC
:102990005B69BDE8F0416047836C70B51C68596A9B
:1029A000226820469569926D90472B460146204645
:1029B000BDE8704018470368D3F8D430184703685F
:1029C000D3F8D830184730B585B004AC04E90E0010
:1029D0009DF82030029C032B07D1036808A9D3F887
:1029E000C430984718B105B030BD4FF0FF309DF8A6
:1029F0002030CBB9019D1F4928460AF0FDFC68B381
:102A00001D4928460AF0EEFC40B31A4920460AF058
:102A1000F3FC30B3194920460AF0E4FC002814BF47
:102A200000206FF06500DEE7012BDCD19DF804305B
:102A3000053B072B18D8002120460AF0DDFCB0B179
:102A40000F4920460AF0CEFC88B19DF80C30043BBB
:102A5000042B94BF00206FF00900C4E76FF06400FE
:102A6000C1E76FF06500BEE76FF00800BBE76FF0ED
:102A70000700B8E79A99193F0000964300004843C1
:102A80000000FF436FF0180070476FF018007047A8
:102A90006FF018007047036800215B6918476FF0FA
:102AA000180070471FB50293069B03930368CDE996
:102AB0000012D3F8C8306A4602210446984720B96C
:102AC00023682046D3F8CC30984704B010BD30B509
:102AD00085B00025CDE902558DF808300368CDE9B1
:102AE0000012D3F8C8306A4603210446984720B93B
:102AF00023682046D3F8CC30984705B030BD6FF03E
:102B0000180070476FF0180070476FF0180070479A
:102B10006FF0180070476FF0180070476FF01800E2
:102B2000704784B004A800E90E006FF0180004B0EC
:102B30007047002070470148704700BF0000C8C1BF
:102B400082B08DE80C00002002B070470020704772
:102B5000002330B51A4601250C3005FA03F40C4267
:102B600004D050F823401F2C18BF22430133202BE0
:102B7000F3D1104630BD6FF0180070476FF01800A9
:102B800070470020704770476FF0180070471020A2
:102B9000704720207047214B0A781A44127C02703B
:102BA0004A791A44127C42708A7A1A44127C8270E2
:102BB000CA7B1A44127CC2700A791A44127C0271D0
:102BC0004A7A1A44127C42718A7B1A44127C8271BE
:102BD000CA781A44127CC2710A7A1A44127C0272B0
:102BE0004A7B1A44127C42728A781A44127C82729E
:102BF000CA791A44127CC2720A7B1A44127C02738C
:102C00004A781A44127C42738A791A44127C82737D
:102C1000CA7A13441B7CC373704700BF208B020821
:102C2000284B0A781A4492F8102102704A7B1A4401
:102C300092F8102142708A7A1A4492F81021827018
:102C4000CA791A4492F81021C2700A791A4492F88B
:102C5000102102714A781A4492F8102142718A7B3D
:102C60001A4492F810218271CA7A1A4492F81021FB
:102C7000C2710A7A1A4492F8102102724A791A44EF
:102C800092F8102142728A781A4492F810218272C6
:102C9000CA7B1A4492F81021C2720A7B1A4492F835
:102CA000102102734A7A1A4492F8102142738A79E9
:102CB0001A4492F810218273CA78134493F81031A1
:102CC000C3737047208B0208F0B50E7891F801C0ED
:102CD0008D78CF78F40904EB44044FEADC1104EB5F
:102CE000C40401EB410184EA46048CEA050E01EBC1
:102CF000C101E4B287EA0E0E81EA4C01C9B2EB09C8
:102D000084EA0E0E81EA0E0EFA0903EB430303EB8D
:102D1000C30302EB420280F800E086EA050E83EA74
:102D2000450387EA0E0E86EA0C0602EBC202DBB20E
:102D300082EA470281EA0E0177407540D2B25940DB
:102D40006C407B405340624041708370C270F0BD64
:102D50002DE9F04F91F800B04E78CF788D784FEA9A
:102D6000DB1303EB430303EBC30387B083EA4B039B
:102D7000DBB20193F309FA0903EB430303EBC3034B
:102D800002EB420283EA460302EBC20282EA4702F6
:102D9000DBB20293D3B24B4A039302EB961402EBDD
:102DA000971C94F810429CF810C284EA8604E3B29F
:102DB0008CEA870C04935FFA8CF302EB5B1C02EB4A
:102DC00095149CF810A2059302EB561C019B9CF8ED
:102DD000108294F8104202EB551C84EA85049CF89A
:102DE00010E202EB571C02EB9B129CF810C292F807
:102DF000109286EA05027A405A40029BE4B288EAC1
:102E0000C6085A405FFA88F88AEACB0A8EEAC50EED
:102E100062405FFA8EFE5FFA8AFA8CEAC70C89EA92
:102E20008B0988EA02025FFA8CFC8AEA09098EEAB9
:102E30000202E9095FFA89F98CEA020289EA0202D0
:102E400001EB4101027001EBC1018BEA05027A40FE
:102E500081EA4501C9B25340049A4B405340059A58
:102E600053408AEA030388EA03038EEA03038CEAE9
:102E700003038BEA060643707740039B039A79406D
:102E80005940019B75406B405340049A5340059A4A
:102E90004C40534088EA04048AEA030A8EEA040498
:102EA00088EA0A088CEA04048EEA080E89EA040912
:102EB0008CEA0E0C80F8029080F803C007B0BDE8E1
:102EC000F08F00BF208B02082DE9F041846888B0A4
:102ED000531E0D46671E0F3204AE13F8011F17F87C
:102EE00001CF934281EA0C0106F8011BF5D1077965
:102EF00010343E46A046012E1BD87B1E002FDBB2AD
:102F00004FEA031308BF00231C4404A96846FFF7D7
:102F100042FE013D631E0F3413F8011F10F8012B10
:102F2000A34282EA010205F8012FF5D108B0BDE8FD
:102F3000F08104A96846FFF72EFE694604A8FFF752
:102F4000C3FE01A905A8FFF7BFFE02A906A8FFF767
:102F5000BBFE07A803A9FFF7B7FE08F1FF3304AAD9
:102F600008F10F00117813F801CF81EA0C018342B8
:102F700002F8011BF6D1013E08F11008F6B2BAE7DB
:102F80002DE9F0438468077989B00D4604EB0714F6
:102F900004A9531E661E0F32894613F8010F16F856
:102FA00001CF934280EA0C0001F8010BF5D14946AC
:102FB0006846FFF735FE3E46A046012EA8F11008F0
:102FC00019D87B1E6FF00F02DBB2002F02FB03F358
:102FD00008BF00231C44A2186B46013D12F8010BE8
:102FE00013F8011BA24281EA000105F8011FF5D187
:102FF00009B0BDE8F0836A46434608F11000117835
:1030000013F801CB81EA0C01834202F8011BF6D1CF
:1030100069464846FFF79CFE01A905A8FFF798FE00
:1030200002A906A8FFF794FE03A907A8FFF790FEE0
:10303000013E49466846FFF7F3FDF6B2BDE730B5FD
:103040000A4B4D789C181D4494F818422A7C624023
:1030500002708A781A44127C4270CA781A44127C30
:1030600082700A7813441B7CC37030BD208B020829
:103070000A78084B1A44127C02704A781A44127C6F
:1030800042708A781A44127C8270CA7813441B7C7E
:10309000C3707047208B02082DE9F04F9FB016AD2A
:1030A0000A91041D00F12403AB46206861682E4696
:1030B00003C608349C423546F7D1531ECDF824B0E0
:1030C0000F3212A85C4613F8015F14F8011B9342FB
:1030D00081EA050100F8011BF5D10EA812A9FFF73E
:1030E0005AFD014612A8FFF7EFFD0FA913A8FFF73D
:1030F000EBFD10A914A8FFF7E7FD15A811A9FFF72C
:10310000E3FD0DF1670012AA1023117810F8014FAA
:10311000013B614013F0FF0302F8011BF5D10122CE
:103120000DA81DA90B92FFF78AFF9DF858A09DF8E6
:1031300034309DF859909DF85A809DF85B709DF849
:1031400060109DF85D2002928AEA030A9DF83530EE
:103150008DF858A089EA03099DF836308DF859900A
:1031600088EA03089DF837308DF85A805F409DF853
:103170005C3001938AEA03038DF85C304B40009386
:103180008DF860309DF861308DF85B7089EA020639
:103190009DF85E208DF85D605E409DF86230039280
:1031A00088EA02059DF85F208DF85E505D409DF82D
:1031B0006330049287EA02048DF85F405C408DF82A
:1031C00061608DF862508DF863409DF8643005931E
:1031D000059A009B53408DF864309DF86530069346
:1031E00073408DF865309DF8663007936B408DF81D
:1031F00066309DF86730089319A963408DF86730F1
:10320000FFF736FF9DF868109DF834309DF83500C3
:103210009DF86AC09DF837E059409DF869308DF8F7
:10322000681043409DF836008DF869308CEA000C38
:103230009DF86B008DF86AC080EA0E009DF86CE086
:103240008DF86B0081EA0E019DF86DE08DF86C1031
:1032500083EA0E039DF86EE08DF86D308CEA0E0C5B
:103260009DF86FE08DF86EC080EA0E009DF870E06A
:103270008DF86F0081EA0E019DF871E08DF87010F5
:1032800083EA0E039DF872E08DF871308CEA0E0C23
:103290009DF873E08DF872C080EA0E009DF874E02E
:1032A0008DF8730081EA0E018DF874109DF8751089
:1032B0004B408DF875309DF876308CEA030C9DF804
:1032C00077308DF876C058408DF8770012A90EA897
:1032D000FFF761FC014612A8FFF7F6FC0FA913A83F
:1032E000FFF7F2FC10A914A8FFF7EEFC11A915A82E
:1032F000FFF7EAFC0B9ADC4612A9102308781CF8A9
:1033000001EB013B80EA0E0013F0FF0301F8010B13
:10331000F4D10EA812A90B92FFF73DFC014612A8AA
:10332000FFF7D2FC0FA913A8FFF7CEFC10A914A831
:10333000FFF7CAFC11A915A8FFF7C6FC0B9A0DF1FF
:10334000670C12A9102308781CF801EF013B80EAF2
:103350000E0013F0FF0301F8010BF4D10132D2B2D9
:10336000072A7FF4DDAE1DA90DA8FFF768FE9DF8C2
:1033700037309DF834009DF835109DF836205F40B9
:103380008DF85B70019F47408AEA000A8DF85C70F7
:103390003846029F8DF858A04F4089EA01098DF800
:1033A0005D703946039F8DF85990574088EA0208AE
:1033B0008DF85E703A46049F8DF85A805F403B4618
:1033C0005C408DF85F708DF86340009F059C47401E
:1033D000444006988DF8607048404E4007998DF83B
:1033E000650051405540089A8DF866105A4012A960
:1033F0000EA88DF867208DF861608DF862508DF809
:103400006440FFF7C8FB0A9B5A1E0F33099D10F852
:10341000011B15F8014B0995614002F8011F9A4202
:10342000F4D11FB0BDE8F08F2DE9F04F97B00EAD8D
:10343000039100F1240400F14403AB462068616865
:103440002F4603C708349C423D46F7D10AA9531EB4
:10345000CDF804B00F325C460D4613F8017F14F826
:10346000010B9A4280EA070001F8010BF5D12946C9
:1034700006A8FFF7D5FBDDE910019DF840709DF827
:1034800041209DF842309DF843409DF838909DF8CA
:10349000398041409DF83C00119187EA00018DF888
:1034A00040109DF83D109DF83A704A408DF841203B
:1034B0009DF83E2053408DF842309DF83F305C40EF
:1034C0008DF843409DF83B4080EA090081EA0801FD
:1034D0007A4063408DF83C008DF83D108DF83E2019
:1034E00015A9072205A88DF83F30FFF7A8FD9DF824
:1034F000143089EA03099DF815308DF8389088EA70
:1035000003089DF816308DF839805F409DF817301C
:103510008DF83A705C408DF83B40062406AB0DF107
:1035200047060293374619460022087817F801CF5C
:103530000132D2B280EA0C00102A01F8010BF4D15A
:1035400006A92846FFF704FC07A90BA8FFF700FC13
:1035500008A90CA8FFF7FCFB09A90DA8FFF7F8FBC9
:10356000294606A8FFF75CFB5F4601460022087863
:1035700017F801CB0132D2B280EA0C00102A01F810
:10358000010BF4D106A92846FFF7E2FB07A90BA817
:10359000FFF7DEFB08A90CA8FFF7DAFB09A90DA8C5
:1035A000FFF7D6FB294606A8FFF73AFBDDE9141220
:1035B0009DF850009DF84C709DF851809DF852E0A8
:1035C0009DF848A09DF849909DF853C04A40159237
:1035D00080EA07029DF84D009DF84E108DF85020AE
:1035E00088EA000287EA0A079DF84A808DF8512090
:1035F0008EEA01028DF852208DF84C709DF84F2014
:103600009DF84B7080EA090081EA08018CEA020CFF
:103610008DF84D007A408DF84E1005A811A98DF84F
:1036200053C08DF84F20FFF723FD9DF814209DF81F
:103630003CC09DF843E08AEA020A9DF815208DF807
:1036400048A089EA02099DF816208DF8499088EA79
:1036500002089DF817209DF841908DF84A80574048
:103660008DF84B709DF840709DF842809DF838A011
:1036700087EA0C07DDE910128DF840709DF83D7067
:1036800089EA07094A408DF841909DF83E109DF85F
:103690003990119288EA010887EA09079DF83F20CE
:1036A0008DF842808DF83D709DF83A809DF83B7012
:1036B0008EEA020E81EA08017A408CEA0A0C8DF843
:1036C0003E108DF83F2015A922468DF843E08DF875
:1036D0003CC0FFF7B4FC9DF814208AEA020A9DF86A
:1036E00015208DF838A089EA02099DF816208DF87A
:1036F000399088EA02089DF817208DF83A80013C3D
:10370000574014F0FF048DF83B707FF407AF06AA12
:10371000117816F8010F0134E4B24140102C02F880
:10372000011BF5D106A92846FFF712FB07A90BA834
:10373000FFF70EFB08A90CA8FFF70AFB09A90DA8C3
:10374000FFF706FB294606A8FFF76AFA039B039AD0
:10375000013B02F10F060299019811F8012B029129
:1037600010F8011B01904A4003F8012F9E42F2D14C
:1037700017B0BDE8F08F40680368DB68184770B584
:103780000446406803689B680D4616469847102813
:1037900007D160680368324629461B69BDE870405E
:1037A0001847002070BD2DE9F04704460F46164625
:1037B0001D4600F1080800F118094FF0000A0DB984
:1037C000BDE8F08794F828300F2B0ED894F8280025
:1037D000C0F11000C0B2A84220D82D1A06EB000C90
:1037E000394666451CD10744E9E7606803684946E5
:1037F0005B694246984794F8290084F828A0102174
:1038000001238842E2D24A1ED1B254FA82F292F8DF
:1038100008C063441372C3F30F23F2E7E8B2DCE796
:1038200094F8283016F8012B03F1010E234484F894
:1038300028E01B7E534001F8013BD2E710B4046836
:10384000A469A44610BC60472DE9F047CC69132653
:10385000E30F0D1F24F000440027A3FB0636CC61C4
:10386000AC46B9464FF0260EDCF824805CF8044FD5
:10387000CA46E8FB0E4A0137E418FFB246EB0A03DA
:10388000BA42CCF800404FF00006EDD1082A0CD027
:1038900051F82240E41841F8224002F10102D4B26A
:1038A00046F100030026082CF1E72624A3FB04328E
:1038B00004FB0622CC691326E70FE7FB063224F04F
:1038C00000460C462F4644F81C6F57F8046FF61854
:1038D00042F10003BC423E604FF00002F5D12E469B
:1038E000132756F8043FDB1942F10007B442336254
:1038F0004FF00002F5D1CB6BDE1723F00043CB6312
:10390000043855F8042F2B6A534033405340AC42DF
:1039100040F8043FF5D1BDE8F087F0B589B06D46B9
:10392000034600F120070146002613202C4651F8DB
:10393000042B121846F100008F4245F8042B4FF07B
:103940000006F4D1079AD61722F00042191FF0435F
:1039500007921C3351F8045F54F8042B6A4032403C
:103960006A408B420A60F5D109B0F0BD2DE9F04FF5
:1039700093B002AF0024D1F800C00B4602F120083A
:1039800016462546394656F804EBEEFB0C454645EF
:1039900047F8044B2C464FF00005F4D10A940AAFC7
:1039A00003F11C09019553F8044FA7F11C0E25469D
:1039B00094460026DEF800405CF804ABDDF804B065
:1039C000EAFB054BA4194BF10006C4454EF8044B25
:1039D000F0D1994547F8046FE5D10822FFF734FF8D
:1039E00013B0BDE8F08F0A46C0E7F0B4002401F13F
:1039F000200C0546264651F8043B52F8047BDB199F
:103A000046EB06071B1947F10004614545F8043BE6
:103A1000F1D1F0BC81E7F0B5002301F120070546A4
:103A200051F8044B52F8046B03F00103E41A63EB02
:103A30000303A41B63F10003B94245F8044BEFD123
:103A4000014603F0130251F8043B04469B1A44F864
:103A5000203B62EB02020B6802F001029B1A41F864
:103A6000043B62EB0202A142F5D123F00043C361A3
:103A7000F0BD404230B5A1F1040065EB0505043A04
:103A80001C3150F8044F52F8043F63402B405C4017
:103A900004601468884284EA03041460F1D130BDE4
:103AA000402070470E4A0F4B0F49DFF840C0C0E975
:103AB00002230F4BC0E904130E4BC0E906C30E4BA3
:103AC000036203F17453A3F52303A3F69243436205
:103AD000002380F8703000220023C0E91A237047C9
:103AE00067E6096A85AE67BB72F36E3C7F520E5182
:103AF0003AF54FA58C68059BABD9831F2DE9F04F94
:103B000000F124058BB000F164072B4653F8042F15
:103B100012BA9F421A60F9D183680293C368039373
:103B2000036904934369059383690693C369079303
:103B3000036A0893436A0993DDE908B8DDE9061CC6
:103B4000DDE904E9DDE90246594B0193019B55F893
:103B500004AF53F8042B01934FEAF12383EAB11326
:103B6000524483EA7163134401EA0C0A2BEA01020E
:103B700082EA0A02134486EA0E024344224006EA1D
:103B80000E0882EA08024FEA743888EAB40888EA24
:103B9000B4589844AF424B444244F146D84678D199
:103BA00010250195019D0F3D05F00F050A3550F8D0
:103BB00025A0019D023D05F00F050A3550F825901E
:103BC000019D05F00F08073D05F00F0500EB880883
:103BD0000A35D8F8287050F825503D442F464FEA52
:103BE000BA4585EAFA1585EADA054FEAF94A8AEA1A
:103BF000794A8AEA992A3D4455444FEAF329C8F89C
:103C0000285003EA010A89EAB3192CEA030889EA71
:103C1000736988EA0A08C844254FDDF8049057F80C
:103C20002970B844A84408EB0B054FEA723984EABE
:103C3000060889EAB20908EA020804EA060A89EADB
:103C4000B25988EA0A08C844A84405EB0E09019D48
:103C50000135402D0195B646E34621D1029D4544EC
:103C60008560039D1544049AC56022440261059A4B
:103C700032444261069A4A448261079A1A44089B78
:103C8000C2610B440362099B634443620BB0BDE80D
:103C9000F08FE346B6468C4626461946144655E74D
:103CA0008C462646194614464B4642467AE700BFE4
:103CB000448D0208B0F81432B0F81022981AC0B23D
:103CC0007047B0F81432B0F810229BB293421ABF7A
:103CD000D0F80832985C4FF0FF30704790F81232FD
:103CE000B0F81602C0B2834227BFC3F13F03C01829
:103CF000C01A00F1FF30704707B503688DF8071050
:103D00005B6801220DF10701984703B05DF804FBE1
:103D1000102A70B548D100F10C0301F1100251F8DE
:103D2000044B43F8044B9142F9D100F1180100F122
:103D3000B80601250423042B01F1040020D12A46F2
:103D4000FFF77DF90B7911F80C2CCC7953400B71EE
:103D500011F80B2C4B7953404B7111F80A2C8B79CD
:103D600053408B7111F8093C01355C40EDB20023E2
:103D70000133B042CC71DBB20146DCD1012070BD11
:103D800011F80C4C0A7862400A7111F80B4C4A7811
:103D900062404A7111F80A4C8A7862408A71CC7884
:103DA00011F8092C5440E3E70020E8E7202A70B519
:103DB0005DD100F10C0301F1200251F8044B43F8EE
:103DC000044B9142F9D100F1280100F1F8060125D8
:103DD0000824082C01F1040020D12A46FFF72FF90E
:103DE0000B7911F81C2C53400B7111F81B2C4B79DB
:103DF00053404B7111F81A2C8B7953408B7111F889
:103E0000192CCB7901355340EDB200240134B04276
:103E1000CB71E4B20146DCD1012070BD042C15D178
:103E2000FFF726F90B7911F81C2C53400B7111F890
:103E30001B2C4B7953404B7111F81A2C8B79534042
:103E40008B71CB7911F8192C5340DFE711F81C2C3A
:103E50000B7853400B7111F81B2C4B7853404B716E
:103E600011F81A2C8B7853408B71CB78EAE700203D
:103E7000D3E7202A0AD1043001F1200351F8042BA2
:103E800040F8042B9942F9D1012070470020704777
:103E90002DE9F04F91B004460D46FFF7EAFF0C9074
:103EA000002800F04481294604F1240305F1200292
:103EB00051F8040B43F8040B9142F9D104F140038B
:103EC000039304F130034FF0010B0D935A4603990D
:103ED0000FA8FFF7B4F894F824A09DF83C3094F8AC
:103EE000259094F8268094F827208AEA030A9DF802
:103EF0003D3084F824A089EA03099DF83E3084F817
:103F0000259088EA03089DF83F3084F826805340C6
:103F100094F82920059289EA020794F82A2006924B
:103F200088EA020694F82B20019307920799019AD8
:103F300084F8273094F82830049382EA010594F835
:103F40002C2084F829708AEA030384F8283053402F
:103F5000029384F82C3094F82D3084F82A605F4066
:103F600084F82B5084F82D7094F82E300D995E4013
:103F700094F82F3084F82E605D4094F83030089328
:103F8000089A029B84F82F50534084F8303094F8FC
:103F9000313009937B4084F8313094F832300A9301
:103FA000734084F8323094F833300B936B4084F8CC
:103FB0003330FFF75DF894F834209DF83C309DF8DD
:103FC0003D1094F836C09DF83FE05A4094F83530E3
:103FD00084F834204B409DF83E1084F835308CEA4C
:103FE000010C94F8371084F836C081EA0E0194F879
:103FF00038E084F8371082EA0E0294F839E084F849
:10400000382083EA0E0394F83AE084F839308CEAD9
:104010000E0C94F83BE084F83AC081EA0E0194F863
:104020003CE084F83B1082EA0E0294F83DE084F80C
:104030003C2083EA0E0394F83EE084F83D308CEA9D
:104040000E0C94F83FE084F83EC081EA0E0194F82B
:1040500040E084F83F1082EA0E0284F8402094F891
:104060004120534084F8413094F842300BF1010B69
:104070008CEA030C94F8433084F842C05FFA8BFB5F
:104080005940BBF1070F84F843107FF41FAF039929
:104090005A46FEF7D4FF9DF83FE0019B9DF83C0097
:1040A0009DF83D109DF83E2083EA0E0C049B84F899
:1040B00027C043408AEA000A84F828301846059B46
:1040C000DDF808C084F824A04B4089EA010984F88F
:1040D00029301946069B84F82590534088EA020847
:1040E00084F82A301A46079B84F8268083EA0E0358
:1040F0005D4084F82F50089D84F82B308CEA000C2A
:104100004540099884F82CC04F4048400A9984F8EB
:104110002D70564051400B9A84F82E605A4084F816
:10412000305084F8310084F8321084F833200C9831
:1041300011B0BDE8F08F102A10B50ED100F10803C0
:1041400001F1100251F8044B43F8044B9142F9D1AC
:10415000102380F82830012010BD0020FCE72DE955
:10416000F84315468946D100D0E91A325B1842EB74
:104170005572C0E91A32044600F128074FF00008D2
:104180000DB9BDE8F88394F87000C0F14006F6B2AE
:10419000AE4288BFEEB24946324638440FF08AFD3F
:1041A00094F870303344DBB2402B84F87030A5EBC8
:1041B0000605B144E4D12046FFF7A0FC84F87080E6
:1041C000DEE7F8B500F1280590F870301746802238
:1041D000EA5490F87020372B04460E4602F1010095
:1041E0002FD8C2F13702002128440FF0B8FCA36E8B
:1041F00019BAE36E1A06180A42EA136200F47F4005
:104200001B02024303F47F031343C4E91831204621
:10421000FFF774FC231D04F1240153F8042F12BA94
:104220008B421A62F9D1236820469B689847B842AE
:104230000246294628BF3A463046BDE8F8400FF00E
:1042400039BDC2F13F02002128440FF088FC20460E
:10425000FFF754FC382200212846C6E72DE9F84331
:104260001D4603689DF82090DB6804460E46904684
:104270009847236807461B6920469847AF420ED3EC
:104280002A46414630460FF015FD74197A1B4946FF
:1042900020460FF064FCB44217D1BDE8F8832368D0
:1042A0002A46414620465B699847236820469B681A
:1042B0009847236802469B69054631462046984741
:1042C000236820461B699847DFE716F8013B89EA17
:1042D000030306F8013CDEE713B513463622044615
:1042E00000920A4600F12801FFF7B8FFD4E91A321C
:1042F00013F5007342F100022046C4E91A3202B0FD
:10430000BDE81040FFF7FABB10B5044610F078FC8A
:10431000204610BD10B5044610F072FC204610BDBA
:1043200010B5044610F06CFC204610BD10B50446D4
:1043300010F066FC204610BD10B5044610F060FC7D
:10434000204610BD90F8282008B512B103681B6BF9
:104350009847BDE80840EFF7DFBC0846431C11460C
:1043600001D008F021B970470846A0F11A03032BC9
:10437000114601D908F018B970470846431C114688
:1043800001D004F053B9704708461C28114604D8E0
:104390001A281DD80DD004F049B91D28FBD14FF0C3
:1043A000B043D3F8942081B942F40042C3F894207A
:1043B0007047084BD3F8902021B922F40042C3F88B
:1043C0009020704742F40042F9E722F40042EDE702
:1043D000704700BF000400584B1C084601D004F091
:1043E0005FB900207047A1F11A030846032B1BD8C0
:1043F000DFE803F00D0207130C4B5869C0F34000CF
:1044000070470B4BD3F80401C0F380407047074B53
:10441000D3F89000C0F3C03070474FF0B043D3F8EA
:10442000940080F40040F5E704F03AB90004005825
:1044300000E100E02DE9F04F1D464B1C8DB00C460D
:10444000164600F0BA8004A807F0A2FF00230793E5
:1044500026B16F4B07936F4B04960693E3B2192B6B
:1044600000F2AE806C4A52F8236004F4E064264304
:10447000C6F30310EFF7E4FB0446002800F09A802F
:10448000022D00F0B180032D00F0B180002D0CBF93
:104490004FF404154FF4881506F00F060127B740B6
:1044A00004A908A807F079FF1FFA87F80023B8F1DC
:1044B000010F03F1010240F09D80DBB2E068CDF80E
:1044C000048059004FF0030909FA01F20240CA4082
:1044D00002EA090A05F480120292504805F400121B
:1044E00000260392019AB2403A404BD0D4F80CC057
:1044F000750009FA05FE2CEA0E0C0AFA05F545EAE4
:104500000C05E560256826F0030C0CF1804C25EACB
:104510000E050CF5803C2560B4F1904FDCF8088066
:104520006CD03F498C426BD03E4DAC4214BF072546
:10453000022506F0030E4FEA8E0E072101FA0EFB4C
:1045400028EA0B0805FA0EF545EA08050299CCF8A9
:10455000085005686FEA020C002953D105EA0C05E2
:1045600003990560456800294ED015434560D0F891
:1045700080502A43C0F88020D0F8842002EA0C0240
:10458000C0F88420013637FA06F5ABD1142202FBBD
:1045900003F4254E201D08A9304407F00EFF3057C4
:1045A0002A460621EDF7A0FF3057EDF772FF08A865
:1045B000EFF7C4F904A8EFF7C1F90DB0BDE8F08F2B
:1045C00004F0C002C02A0CD1C82B0AD8174B04F043
:1045D0003F0204F4E06453F822200F4B53F82260AA
:1045E00045E74FF0FF3643E74FF4441554E74FF4E7
:1045F000041551E74FEA5808134658E7002598E795
:10460000012596E71543ABE70CEA0505AEE700BFC9
:104610008B0400088F040008D483020800080058A7
:104620000004004800080048C01A00203C8402082A
:104630001FB568460C4607F0ABFE0B4B039369466B
:104640000A4B0B480293009407F0B7FE094B4FF456
:104650008022C3F884213220EDF71BFF6846EFF774
:104660006DF904B010BD00BF79460108BD240108F2
:10467000B01A002000E100E010B504463220EDF74A
:1046800015FF2368BDE8104018474B1C70B559D082
:10469000CBB2192B42D82C4A52F8233001F4E061F6
:1046A00019430B0913F00C044CD1284A03F00F03F3
:1046B00052F82330002B45D001F00F0101238B402D
:1046C0009BB2012B04F1010239D1E4B21426204D32
:1046D0006643301D284406F07DF9A9572B46102269
:1046E000284693F900508D4201D1DD6855BB013A4F
:1046F00003F11403F5D1174A174902EB8402D1F8EC
:104700008030D2F8242323EA0203C1F88030142336
:104710005C430057BDE87040EDF7C8BE01F0C00231
:10472000C02A0FD1C82B0DD80C4B01F03F0201F469
:10473000E06153F82220044B53F82230B0E75B08C5
:104740001446BEE770BD00BFD48302082887020864
:10475000C01A0020208B0208000800583C84020880
:1047600008B53220EDF7A2FEBDE80840014806F08A
:1047700031B900BFB01A0020084609B103F0CEBF1E
:104780007047EFF78DBA2DE9F8431D464B1C1446D0
:104790004DD0CBB2192B10D82D4A52F8233001F44A
:1047A000E0611943090903F00F03012611F00C0F12
:1047B00006FA03F612D0002715E001F0C002C02A65
:1047C0002CD1C82B2AD8234B01F03F0201F4E06121
:1047D00053F822201E4B53F82230E2E71E4B01F023
:1047E0000F0153F82170002C18BF3446EFF758FA28
:1047F00080463B693340A34213D03B6933409C421F
:1048000017D1EFF74DFA81463B6933409C4217D0F0
:10481000EFF746FAA0EB0900BDE8F8834FF4004635
:10482000C9E7EFF73DFAA0EB08008542E1D200208E
:10483000F2E7EFF735FAA0EB08008542DDD2F6E7A4
:10484000EFF72EFAA0EB08008542DDD2EFE700BFBC
:10485000D48302083C84020828870208C0690649FC
:1048600081670022012380F85D2080F87C3080F889
:104870007D20FCF735BD00BF00093D0017B4C469B9
:10488000D0E90801A36F6A46984282E8030005D187
:10489000B4F87C10BDF8043099420ED0938800988B
:1048A000A067A4F87C3094F87C3094F87D20A16F48
:1048B000204603B010BCFCF713BD03B010BC70471A
:1048C000481C1FD0C9B219290DD80F4B53F82130FD
:1048D0005A1C17D00D4A1268934213D10C4B18681A
:1048E00080B1EFF770B801F0C003C02B0AD1C8291E
:1048F00008D8084B01F03F0153F82120024B53F830
:104900002230E5E7704700BFD48302080001002091
:10491000A45000203C840208037C43B1044BB0F84F
:1049200012221B68B0F816329BB29A42FAD1704735
:10493000E80400202DE9FF474D1C90461C4633D06B
:104940009D4DC9B219292B6821D89C4A52F8217073
:104950003BB9B42010F04CF99949064607F054FDD4
:104960002E60781C20D0974B1A68511C01D09742BA
:104970001AD1B8F5803F17D22E68B8F1000F1ED1BA
:1049800096B1304604B0BDE8F047EFF71CB801F02F
:10499000C002C02A0BD03BB9B42010F029F98849D5
:1049A000044607F031FD2C6004B0BDE8F087C8294B
:1049B000F1D8854A01F03F0152F82110C5E74FEACE
:1049C00048081F60E4B108FB04F44FF47A72B4FBAA
:1049D000F2F4384601215C60EFF7E4F94FF0B043A0
:1049E00034699F68D3F80831784B621C1B687BD010
:1049F000774B9C420ED006D8B4F1804F6BD0FEE7C7
:104A00004FF0FF34E5E76E4B9C4203D003F5806323
:104A10009C42F4D107F46057EEF712FEB7F5C06F71
:104A200063D827F48077B7F5806F5BD0B0FBF8F0E0
:104A3000020C531C984232BF0020B0FBF3F000F18F
:104A4000FF30A262E062F061226812F0010207D139
:104A5000E36896F84C1013F0010349D101295ED1A7
:104A6000684607F095FC5B4B00935B4B03935B4BF5
:104A70000293F36E06F164006946002B59D007F0EB
:104A80009CFC6846EEF75AFF554F2C6807F1040866
:104A900004F1020926460025012139F8023F002BC6
:104AA00061D004F17C0252F825A0BAF1000F07D0C2
:104AB00098F800002269C1431161D1680143D160B7
:104AC000013B0A2B4ED8DFE803F042424242424209
:104AD00042C7C7C78D0007F4E067EEF79FFDB7F543
:104AE000C06F9BD14000A1E7FEE7B7F5E06F9CE700
:104AF000E368012923F00103E36008D0022386F86C
:104B00004D300123636186F84D3086F84C206FF0FC
:104B100001032361E36843F00103E360A0E702229D
:104B200086F84D200122626186F84D2086F84C30CF
:104B300096E707F042FC029B002BA2D033696FF08E
:104B400001021A61DA6842F00102DA6099E733780B
:104B5000DB0604D5294604F1100007F0F1FD337897
:104B6000D80722D400210435102D06F1010607F1E3
:104B7000010708F1010890D1E36E3BB123696FF0A2
:104B800001021A61DA6842F00102DA6000293FF49A
:104B90000BAF23691B68DB073FF506AF04F110007C
:104BA00004B0BDE8F04707F023BF294604F1100028
:104BB00007F0A4FED6E700BFA4500020D48302086B
:104BC00000440140000100203C84020800400058DD
:104BD000002C0140738001088B0400088F0400083A
:104BE000848E0208294604F1100007F0F9FD3A7896
:104BF000013AA15C11F0100306D0022A2AD8194B01
:104C000003EB4203B3F86C33C90707D5032A21D855
:104C1000DFE802F002171A1D43F001032169086A58
:104C200003430B62BAF1000F9CD0032A13D80D4B3B
:104C3000134493F86823D3430B61CB681343CB60D1
:104C400090E743F01003E9E743F48073E6E743F4A9
:104C50008053E3E7FEE7FEE7294604F1100007F082
:104C6000BFFD7FE7208B0208F0B587B001AC84E878
:104C70000E0003689DF83060D3F8C430029F0DF138
:104C80001701054698470446002856D1032E9DF883
:104C9000173002D0B3420FD13346E3B92B680199E4
:104CA0001B6C284698470446002846D12B68394695
:104CB0005B6C284698470CE02B6828461B69984790
:104CC00038B92B683146D3F8C030284698470028B9
:104CD000E2D0044631E0012B16D12B689DF8041078
:104CE000D3F8E03028469847044630BB2B68394655
:104CF000D3F8DC30284698470446F0B99DF80C10EC
:104D0000284603F0ECFFE4E7022B16D19DF80520BE
:104D10009DF80430032A13D8092B85F8882012D86F
:104D200085F88930032385F88A304FF48073A5F81D
:104D300098309DF8063085F88F30204607B0F0BDDA
:104D40006FF00904F9E76FF00704F6E78AB211463D
:104D500003F0AFBF07B50023ADF8043001AA02236A
:104D60001221806C04F0A8F8BDF8040040BA80B2AB
:104D700003B05DF804FB08B5806C06F073F8C0B2B0
:104D800007F0B4FF044B002201F1004108F018F8CD
:104D900008F004FC08BD00BF0000E03F03F0F0BED7
:104DA00090F8361003F0D0BE03F0CEBE38B50446FE
:104DB000E8B1EFF729F9D0B994F8B1200C4B2146AE
:104DC00053F8220011F8B25F05F02AFDB4F8C030A4
:104DD000B4F8BC20013303F0FF03934207D0B4F8CA
:104DE000C020D4F8B41092B28D54A4F8C03038BDAD
:104DF000101C0020B0F8C220D0F8C41011FA82F2C2
:104E000002F03F0210B5A0F8C220B0F8C220B0F8FE
:104E1000BE1092B291421AD0B0F8C240B0F8C2208F
:104E2000A4B24031091B4C4292B204F03F0401F09D
:104E30003F01C2F1400258BF6142914228BF114672
:104E4000C0F8C41005F01CFA4FF0FF3010BD002070
:104E5000FCE72DE9F843036804469B6890460F463B
:104E60009847D4F8F831B4F8126201220133814630
:104E7000C6F1400622742AD194F81C323BB30023B9
:104E800094F8051284F81C323D4B53F8213093F806
:104E9000841091421BD083F884202422C3F88820F8
:104EA0001A6852E8001F21F00C0142E8001518684A
:104EB000002DF5D150E8001F41F0080140E8001234
:104EC000002AF7D12021C3F8881083F884202368B2
:104ED00020469B6898470028F9D04546B5422DD812
:104EE000A9452BD3B4F81262D4F80C027319402BE5
:104EF000304438D82A4639460EF0DCFE2E46B4F847
:104F0000123294F805221D441D4B53F82220D2F88A
:104F10008830D2F88C20134303F0210305F03F05BD
:104F2000212BA4F8125206D0C4F81862314604F5B9
:104F3000AA7005F0A5F94046BDE8F8834E45236800
:104F400028BF4E46324639465B682046984723685C
:104F500020469B689847AD1B3744B4F812628146DF
:104F6000C6F14006BAE7C6F14006324639460EF0B1
:104F7000A1FED4F80C02AA1BB9190EF09BFEBEE7E5
:104F8000101C00202DE9F74F90F810B001930C9BF6
:104F90000093437CDDF834904FEADB0606EBD30642
:104FA0004E4404463046884692460FF021FE0546A0
:104FB00030460FF01DFEBBF1080F5FFA88F307467D
:104FC0005FFA8AFC95BF2846284643EA0C0343EA69
:104FD0001A238CBF00F8023B00F8013B638988BFAD
:104FE00085F801C0434501994A4630D10EF062FE72
:104FF000206803685B6B98472068216A0368C26871
:10500000DB689847206803683246D3F838B02946F1
:105010003B46D8472068216A03680269DB689847E5
:1050200020680368DB6B98472389434506D1217CC0
:1050300000984A4607EBD1010EF03CFE28460FF0DF
:10504000DFFD384603B0BDE8F04F0FF0D9BDA189B0
:105050000EF085FDCCE72DE9F84FDDF830809DF8A6
:1050600034B004460E46154602EB080A994613B9B9
:10507000837C0AEBD30A50460FF0BAFD2A46074656
:1050800031460EF017FE7819B9F1000F55D00A9984
:1050900042460EF00FFEBBF1000F07D0E26A206817
:1050A0000132036850D1DB693221984750460FF036
:1050B0009FFD0646206803685B6B98472068216A5D
:1050C0000368C268DB689847206803689B6B524698
:1050D0009C4639463346E0472068216A03680269E6
:1050E000DB68984720680368DB6B9847BBF1000FCB
:1050F00007D0E26A20680132036843D1DB690121ED
:1051000098476369002B5CD0B8F1000F5BD0E27C5C
:10511000B05C98478246B9F1000F07D1A37C0B9889
:1051200005EBD301424631440EF0C4FD38460FF082
:1051300067FD30460FF064FD21E0A27CA18908EBF9
:10514000D2020EF00CFDA6E75B6A9847064620687F
:10515000E16A03681B6998470028A7D020680368A4
:105160005B6D9847206803685B6A9847E369801B1A
:105170009842ECD338460FF043FD6FF4307A504636
:10518000BDE8F88F1B6A01219847206803685B6AB5
:10519000984782462068E16A03681B69984700289F
:1051A000AFD0206803685B6D9847206803685B6A2E
:1051B0009847E369A0EB0A009842EBD36FF4307A8A
:1051C000A9E79A46A7E7C246A5E72DE9F0431F469F
:1051D000037987B006468C4643B9CDE900720A468A
:1051E0000189FFF7CFFE07B0BDE8F08390F91150B9
:1051F00090F811E0002DB8BF0735C5F3C705681E4C
:1052000040B204AC4FEAC00803462146002B15DA31
:105210000130307CB8BF0025C0080D44441E64B284
:10522000631C16D10123CDE90223002300EBDE022B
:10523000019700933046FFF70EFFD4E7B6F80890C9
:10524000013B49FA08F904F8019B5BB2A8F1080890
:10525000DCE7E3002CFA03F305F8013B013CDEE751
:10526000F0B589B000238DF81730037904460A465B
:105270005BB9012101910DF1170100910189FFF73F
:1052800081FE9DF8170009B0F0BD90F91130467C01
:10529000002BB8BF0733C3F3C703581E40B206AF95
:1052A0004FEAC00C05463946002D17DA257C01303F
:1052B000B8BF0023ED080B44681E40B2471C18D14C
:1052C0000123CDE902330DF117030193002300936D
:1052D00005EBD6022046FFF7BEFED2E7B4F808E0A1
:1052E000013D4EFA0CFE07F801EB6DB2ACF1080C73
:1052F000DAE7C70022FA07F703F8017B0138DCE799
:105300002DE9F04317461A46037987B006468C46C6
:105310004BB9CDE900320A463B464189FFF732FEE0
:1053200007B0BDE8F08390F9115090F811E0002D1E
:10533000B8BF0735C5F3C705681E40B204AC4FEAD5
:10534000C00803462146002B15DA0130307CB8BF77
:105350000025C0080D44441E64B2631C16D101230D
:10536000CDE902230022CDE9007200EBDE023046D7
:10537000FFF771FED4E7B6F80A90013B49FA08F945
:1053800004F8019B5BB2A8F10808DCE7E3002CFA03
:1053900003F305F8013B013CDEE773B500230E463D
:1053A0000DF1070240F6D80105468DF8073003F0ED
:1053B0002AFE044670B99DF8073076B143F01E030B
:1053C0008DF80730A86C01230DF1070240F6D801D3
:1053D000FFF796FF204602B070BD23F01E0343F096
:1053E0000803EDE7D0F8A0302DE9F34104460E465E
:1053F000002B63D0FDF7A0FAB4F89030471EBAB284
:105400003FB2B7EB530FA8BFD21A03F0010594F8CF
:105410008F30A8BF17B20135002B53D0AD004FF429
:1054200080584FF09841206C08F016FA4FF07451F4
:1054300008F012FA08F086FBD4F8A42094F88A3019
:105440006D0208FB07559A42A0EB050004D29B1A97
:10545000DB0758BF00F5807006EB460700BA7F00F7
:10546000042301900DEB0302A06C07F28A31FFF7D1
:1054700047FF66B394F88A30B3422AD8D4F89C50D8
:10548000312D28D8ADB200238DF80030A06C8DF8F6
:10549000015002236A4607F56271FFF731FFD4F825
:1054A0009C305B1BC4F89C30D4F8A030013BC4F89E
:1054B000A030D4F8A4300133C4F8A430002002B0E6
:1054C000BDE8F0811A235D434FF4D048A9E7732566
:1054D000D9E77225D7E73225D5E770B586B0002326
:1054E0008DF8133090F91130427C002BB8BF073390
:1054F000DB10013B04465BB205A8DD000146002B32
:1055000016DA0123CDE902330DF1130301930023D1
:105510000093D2082046FFF79EFD054628B963692F
:105520001BB19DF813009847E080284606B070BD77
:10553000E689013B2E4100F8016B5BB2083DDEE7D6
:105540002DE9F04100F1300305460C460F4601F10C
:1055500010083E4603CE464518605960374603F1B1
:105560000803F6D130681860043C6A64286854F86F
:10557000041F036882689B6898474445F6D1BDE8DC
:10558000F081F8B50546FCF7D1FE88B1041D05F1A0
:105590002C0605F1400756F8041F002904DB286893
:1055A00022680368DB689847BE4204F10404F2D124
:1055B000F8BD08B5806C0221FFF7E3FF4FF0FF3024
:1055C00008BD836903B11847184670472DE9F043B9
:1055D00090F9114090F811E0002CB8BF073487B063
:1055E000E410013C054664B205A89DF838809DF89A
:1055F0003C608C46E7000146002C11DACDE9023808
:105600000023CDE90023284601234FEADE02FFF7FD
:1056100022FD68B966B1284607B0BDE8F043D0E77F
:105620004CFA07F9013C00F8019B64B2083FE3E73C
:1056300007B0BDE8F0832DE9FF41036800229B6DB0
:1056400005460E4698470446B8BB1E4B8DF80B0026
:10565000093603EB46060DF10B0296F8723340F65D
:10566000E701284603F00F081F0903F0CCFC0446AD
:1056700018BB02463B464146284603F09FFA0446C3
:10568000D8B996F873738DF80C700126CDE90066D1
:1056900004238DF80D30A86C022303AA8E21FFF796
:1056A00095FF044648B9A86C85F8787033460DF12B
:1056B0000B0240F6E701FFF723FE204604B0BDE8E9
:1056C000F08100BF208B02082DE9FF410E464FF00C
:1056D00000080DF10B0240F6E70105468DF80B803E
:1056E00003F091FC044600285DD12B682846D3F8CE
:1056F000D030984704210246FCF718FE03210746E4
:105700001046FCF713FE28B167B90E2E4FDD6FF07F
:105710000C0448E016F1090FF9DB002FF7D006F171
:10572000090303E00E2EF3B20DDD0933DBB21F2BAC
:10573000EDD8072322460421284603F03FFA04232C
:10574000044601210CE01133DBB21F2BDFD82346C6
:1057500004210122284603F031FA0323044641467E
:1057600085F84430FCB92846FFF717FE0446D0B947
:105770000127CDE9007704238DF80D30A86CF6B22F
:10578000022303AA8E218DF80C60FFF71FFF044649
:1057900048B9A86C85F878603B460DF10B0240F6DD
:1057A000E701FFF7ADFD204604B0BDE8F08106F14A
:1057B0001103DBB21F2BAAD823460421012228465D
:1057C00003F0FCF9032304463946C9E71FB50B0C67
:1057D0008DF80C300B0A8DF80D3000220123CDE935
:1057E00000328DF80E10032303AA8221806CFFF78C
:1057F000EDFE05B05DF804FBF0B585B00024009423
:1058000005462346224640F6E201806C03F0C8FAC2
:1058100000942346224640F6E501A86C03F0C0FA46
:105820006FF07F412846FFF7D1FFAB6C1868036823
:105830000A21DB699847264627460DF10F0240F6FC
:10584000190128468DF80F7003F0DDFB9DF80F005D
:1058500000F00100A04001343043082CC6B2ECD166
:105860002B6828461B6998470097A86C00230122E3
:1058700040F6E20103F094FA0097A86C002301229D
:1058800040F6E50103F08CFA304605B0F0BD30B5C6
:1058900090F83450022D85B0044606D0032D12D066
:1058A0006FF01805284605B030BD2946806CFFF71B
:1058B00068FED4F884102046FFF788FF05460023D1
:1058C00084F83430EEE790F84410806CFFF759FE0E
:1058D0000023ADF80C308DF80E300123CDE90033F4
:1058E00003AA2B46A06C8321FFF770FE0546002813
:1058F000D8D1A36C1868D96A026812699047002849
:10590000DDD0A36C186803685B6D9847F1E71FB59D
:105910000123CDE9003349BA0223ADF80C1003AAE4
:105920001946806CFFF752FE05B05DF804FB10B518
:10593000FFF7EDFF074B4FF48022C3F88421064B9D
:10594000D3F88830044613B13220ECF7A2FD20468C
:1059500010BD00BF00E100E0301A00201FB5012398
:10596000CDE9003309BA0391042303AA8621806C90
:10597000FFF72CFE05B05DF804FB37B50D46044675
:1059800090F84410806CFFF7FCFD55B90123CDE978
:1059900000330023A06C1A46D121FFF717FE03B095
:1059A00030BD29462046FFF7D9FF0028EED0F6E7A4
:1059B00030B585B00D0C089C8DF80C30230C8DF89B
:1059C0000D300123CDE9003308238DF808508DF800
:1059D0000A100D0A8DF80B2064BA0DEB03028B211F
:1059E000806C8DF80950ADF80E40FFF7EFFD05B063
:1059F00030BDF0B585B005460E4603F04AF90446C1
:105A0000002867D18DF808600126CDE9006633468D
:105A1000A86C02AA8A21FFF7D9FD0446002859D1B3
:105A200095F83630CDE90066002B0CBF20233023DB
:105A30008DF80830A86C334602AA9321FFF7C6FD03
:105A40000446002846D103238DF8083095F84C30E1
:105A5000ADF80C00CDE900660D338DF809300A234E
:105A6000ADF80A308DF80E000723A86C02AA882131
:105A7000FFF7ACFD044668BB2B6844F2FF31D3F856
:105A8000E43028469847224607462146284603F038
:105A900010F907433CB2ECB9CDE900647F238DF8DF
:105AA0000830A86C334602AA8921FFF78FFD04460F
:105AB00080B9AB6C186803680521DB699847AB6C4B
:105AC0001868D96A02681269904730B9A86CFFF764
:105AD00004FD0446204605B0F0BDAB6C18680368B1
:105AE0005B6D9847EBE72DE9F047846C054620682D
:105AF0001F46036886B05B6C884616469847206848
:105B0000216A036882689B6898472068216A036855
:105B10000269DB689847AB6C1868596A0268946838
:105B20004268A047AB6C1868D96A026894684268FA
:105B3000A047AB6C41484FF401621A820122DA742B
:105B4000AB6C4FF440011A713D4A5A61C3E902013E
:105B5000D5F838A00A244FF00009284603F05EF873
:105B6000A86C10224FF4487102ABCDE90299CDE93F
:105B70000499FFF72AFB062202A950460DF0F7FF11
:105B800078B995F835300BB339462846FFF731FF21
:105B9000044648BBA86C0123002E43D18DF8083081
:105BA00043E0AB6C186803680A21DB69013C984745
:105BB00014F0FF04D1D1AB6C186803689B6C984754
:105BC0006FF00104204606B0BDE8F0870021404692
:105BD00007F01CFC0028D7D04146284605F088F87D
:105BE00004460028D0D0EDE72B6828461B6998476B
:105BF000A86C05F06DF8134B9C42E3D18306E1D508
:105C0000002385F835300021284605F071F8044658
:105C10000028D7D139462846FFF7EBFE0446002876
:105C2000B8D0CFE700228DF80820CDE9003302AAD2
:105C30009621FFF7CBFC0446C4E700BF1D000D0012
:105C4000032901083DFDFFFF7047704770477FB58E
:105C5000002305460846ADF808300E4607F04CFF15
:105C6000A0F286331A2B4BD9A0F25F33072B53D9FE
:105C7000A0F20B33082B52D9A0F5EB73282B51D986
:105C8000A0F5D7730A2B50D94FF08141304607F069
:105C9000D9FC4FF07E5107F0D5FC4FF07A5107F058
:105CA000DBFD0DF023F907F04DFF4FF08141C4B249
:105CB000304607F0C9FC4FF07E5107F0C5FC4FF0AD
:105CC0007A5107F0C9FD0DF0CFF807F03BFFE1076F
:105CD000C3B25CBF04F1FF34E4B2DA075CBF013346
:105CE000DBB28DF80D300123CDE900338DF80C4087
:105CF000022303AAA86C9821FFF768FC04B070BDCA
:105D0000E122E9238DF809300123CDE900338DF834
:105D10000820022302AAEDE7D722DB23F2E7C12203
:105D2000C523EFE775228123ECE76B226F23E9E7B8
:105D300038B50C4605461749204607F05DFB30B3E1
:105D40001549204607F04EFB08B3296C204607F0A2
:105D500079FC124920F0004007F04EFB80B92C641A
:105D60004FF09841204607F077FD4FF0745107F04F
:105D700073FD07F0E7FE01462846BDE83840EDE533
:105D800021462846FFF763FF0028E8D038BD6FF0B2
:105D90000B00FBE700001643000070440000A04128
:105DA00007B5FF238DF807300DF1070201231121FC
:105DB000806C03F081F89DF8070003B05DF804FBE8
:105DC0002DE9F047984603681B6904460F461646BE
:105DD000984700283ED194F84D30042B3CD9072E2B
:105DE0006BD994F84F30012B36D1FD2E68D823683B
:105DF0003146DB6F2046984723680546D3F8249048
:105E00003246434639462046C84718BB20464FF421
:105E10007A7305EB8505B5FBF3F5FFF7C1FFA36CBE
:105E20000646186803685B6A984705350746A36C01
:105E3000186803685B6D9847A36C186803685B6A11
:105E40009847C01B854209D2236820469B6A984721
:105E50006FF00400BDE8F087FF2EC7E7A36C186859
:105E6000596A0268126990470028E0D0032E23681F
:105E70001DD1D3F8843020469847C20717D4236831
:105E80002046D3F8843098474304D0D5D4F8A410E2
:105E9000204601F00F01FFF7A5FA0028C7D12368BB
:105EA00044F2FF31D3F8E43020469847BFE7236837
:105EB00020469B6ABDE8F04718476FF01D00C9E710
:105EC0006FF00300C6E7036873B51B690446984783
:105ED0000546A8BB94F85030012B27D12046FFF788
:105EE0005FFF0128064621D103460DF10602A06C92
:105EF0008DF8065040F60211FFF702FA0DF1070285
:105F000040F6441120468DF8075003F07CF8B8B9EC
:105F10009DF80730A06C43F002038DF807300DF1B7
:105F20000702334640F64411FFF7EAF92368D3F835
:105F3000E43044F2FF31204602B0BDE8704018471B
:105F400002B070BD13B50446FFF72AFF012806D141
:105F500094F85030012B02D1E06F02B010BD002345
:105F6000ADF80430A06C022301AA132102F0A4FFB3
:105F70009DF80400F1E72DE9F041054686B0806CFC
:105F80000F461646FFF7A9FA2B680446D3F884306B
:105F9000284698476FF430739C4208D110F4007F74
:105FA00018BF6FF00504204606B0BDE8F081002C54
:105FB000F9D1430643D400F03000202814BF4FF03D
:105FC00000086FF006082846FFF7EAFE0023ADF848
:105FD000143005AA0223A86C132102F06DFF9DF86E
:105FE00015209DF8143016B1B34228BF3346AE6C6D
:105FF0008DF815200122CDE902321E2100238DF8F3
:10600000141001970093022205A93046FFF723F8E8
:1060100004460028C7D13046FFF7D3FA04460028CB
:10602000C1D12B6844F2FF31D3F8E43028469847B9
:10603000B8F1000F0CBF04466FF00604B3E76FF031
:106040000608C0E72DE9FF4704460D46FFF7A8FE06
:1060500001286CD1236820461B699847002863D12A
:10606000A06C0221FFF78DFAA9682046FCF770FDAD
:10607000E96806462046FCF76BFDB1B282B22046C5
:1060800002F017FE00284FD1236844F2FF31D3F805
:10609000E43020469847002846D1686895F800808B
:1060A00095F8019094F84CA0AF78EE7807F07CFB5F
:1060B000204907F085FC07F045FDB8F1FF0F08BF48
:1060C0004FF002080125B9F1FF0F08BF0AF10D0AD0
:1060D000CDE900554FEA104308BF5FFA8AF9FF2F58
:1060E00008BF0A278DF80C30FF2E4FEA102308BF97
:1060F00000268DF80D308DF80E000723A06C8DF86A
:10610000088002AA88218DF809908DF80A708DF810
:106110000B60FFF75BFA38B9CDE90055034602463C
:10612000C521A06CFFF752FA04B0BDE8F0876FF00C
:106130001300F9E700007A4110B50446FFF730FE7E
:1061400001280ED123682046D3F884309847C30530
:106150000AD410F0800F14BF6FF00E004FF0FF3024
:1061600010BD6FF01300FBE70048F9E742FDFFFFA9
:1061700010B50446FFF714FE012812D1A06C04F0FC
:1061800071FE10F4004FC0F3072018BFA0F5807017
:1061900006F0ACFD044B002206F012FE07F0FEF9FB
:1061A00010BD0248FCE700BF0000D03F0000A0C1C6
:1061B0002DE9F0428AB004460F46FFF7F1FD05AE27
:1061C00000230DF11C090128C9E901330546079395
:1061D0000593B3803CD194F84D30042B34D804336C
:1061E000DBB28DF8243094F84C308DF81C30636DA0
:1061F0000893B4F85230ADF8143094F84F30003BA7
:1062000018BF01238DF8173094F85030591E4B42B7
:106210004B418DF8163094F84E30003B18BF0123E7
:106220008DF81830039796E80300099B0190ADF8AC
:1062300008100093216899E80C008E6F20462946CB
:10624000B0470AB0BDE8F082072B08BF0823C8E7B3
:1062500020BBE06D07F0A8FA0146204807F0B0FB2C
:106260000790206E07F0A0FA94F86730089013F0BA
:10627000FB0F11D0022B03D09A1F534253415B00F6
:10628000B4F86C20ADF8142094F868208DF816202E
:106290008DF817300025C5E70123F1E703280ED15B
:1062A000B4F888305BBAADF81C3094F88F308DF8B4
:1062B0001E3094F88A308DF814300225B2E7022897
:1062C00008D1E06D07F070FA0146044807F078FB4A
:1062D0000790DFE76FF01300B3E700BF00007A49D3
:1062E00010B50C4659B1FFF75BFD012802D0032819
:1062F00003D038B92070002010BD0220FAE76FF0FB
:106300000200F9E76FF01300F6E737B504460D46D3
:10631000FFF746FD58BB0021284607F059F860B941
:106320001449284607F068F820B11349284607F0B9
:1063300059F818B96FF0650017E00E4D0F4928465F
:1063400007F08AFA4FF0984107F086FA0C4907F0F7
:1063500037FB07F0F7FB2066009094F8653094F85F
:106360006620E16D2046FFF723FB03B030BD6FF0E0
:106370001300FAE79A99193F0000484300007A4455
:106380000024F44B7FB505460C46FFF709FD0028B5
:1063900055D0032804D0022810D06FF013044BE02E
:1063A0005B49204607F028F828B15A49204607F0F3
:1063B00019F8002843D16FF064043DE056492046A7
:1063C00007F01AF80028F6D05449204607F00AF8DA
:1063D0000028F0D05249204607F03EFA01465148C5
:1063E00007F0EEFA07F0AEFB030C8DF80C30030A51
:1063F0008DF80D3016238DF80F300123E865CDE9B7
:1064000000338DF80E000423A86C03AA8B21FFF73C
:10641000DDF8044680B92846FFF7C2FC60B9EB6D91
:10642000A86CB3F5966F20D104230093224640F662
:10643000B80102F0B5FC0446204604B070BD3849EE
:10644000204607F009FA0146364807F0B9FA07F086
:1064500079FB2B6EE8650093014695F8653095F859
:1064600066202846FFF7A4FAD3E7B3F5167F4FF06E
:10647000030300934FF0040326D1182240F2D161A8
:1064800002F08EFC04460028D6D102230093042398
:10649000A86C1A4640F69B0102F082FC04460028D4
:1064A000CAD10426009602463346A86C40F6B801CD
:1064B00002F076FC04460028BED100960623502246
:1064C000A86C40F2AC61B4E7082240F2D16102F05E
:1064D00067FC04460028AFD1022300930246042340
:1064E000A86C40F69B0102F05BFC04460028A3D197
:1064F00004260096A86C3346102240F6B80102F03C
:106500004FFC0446002897D1009606230246D7E7A1
:1065100023DBF93E355EFA3ECDCCCC3D9A99193F4E
:1065200000007A440024744E37B505460C46FFF748
:1065300037FC08B103281AD1042C1BD8DFE804F07B
:1065400004031113150008242B6E85F86640009390
:1065500095F86530E96D22462846FFF729FA03B021
:1065600030BD0924F0E70A24EEE70B24ECE76FF0D6
:106570001300F4E76FF06900F1E77FB505460E46BA
:106580001446FFF70DFCA0BB082C47D82346324623
:106590004FF4D861A86CFEF7B3FEE400B5F86C10B8
:1065A000E4B2A1420A46A8BF22461F2A85F86840E5
:1065B00019DC172A19DC0F2A19DC003A18BF01224E
:1065C0009200FF2385F86420039395F86A300293C4
:1065D00095F86930CDE90043284695F8673002F018
:1065E0009AFC04B070BD0722EBE70622E9E705221A
:1065F000E7E7012808D1012C10D83178284604B0EB
:10660000BDE8704002F08ABB032804D1042C05D1F8
:106610003368C5F88B306FF01300E2E76FF0680065
:10662000DFE730B587B004460D46FFF7B9FB002819
:106630003BD1ADB9FF2384F86950039394F86A30D5
:10664000CDE9015394F86830009394F8673094F8DA
:106650006420B4F86C10204602F05DFC07B030BD39
:10666000012384F8693005AA4FF4D761204602F06F
:10667000CAFC0028F2D19DF81430A06C23F001036D
:1066800043F001038DF81430FF25022305AA4FF4CF
:10669000D7618DF81550FEF733FE039594F86A30F4
:1066A000029394F869300193CCE76FF01300D5E7BB
:1066B0002DE9F0431E4685B090F858309DF83040E3
:1066C0000546884617469BB190F84C004FF00109EB
:1066D00009FA00F007F068F8696D07F071F94FF0FA
:1066E000834106F089FE0028044618BF4C46E4B2F8
:1066F000012385F84E40CDE9003303AAA86C8DF83C
:106700000C8004238B218DF80D708DF80E608DF8B0
:106710000F40FEF75BFF05B0BDE8F08373B505469B
:106720000E46FFF73DFB0128044655D100213046B7
:1067300006F062FE00283AD02949304606F052FEA3
:10674000002834D04FF07C51304607F085F82549B9
:1067500006F07AFF07F0F6F9C3B2142B20D8022B0B
:1067600025D9033B112B22D8DFE803F02E21092184
:106770000A212128212121212A212121212C08241B
:1067800095F84E3085F83C406E65009395F84D3095
:1067900095F84C1022462846FFF78AFF02B070BDDC
:1067A0007D2B13D006D81F2B12D03E2B12D06FF0AA
:1067B0000700F3E7FA2BFAD10624E1E70924DFE723
:1067C0000224DDE70A24DBE70024D9E70524D7E724
:1067D0000324D5E70424D3E76FF01300DEE700BFFE
:1067E0000000FF430AD7233C37B504460D46FFF7A8
:1067F000D7FA012811D16B1F072B11D894F84E300E
:1068000084F84C50009394F84D3094F83C2029467D
:106810002046FFF74DFF03B030BD6FF01300FAE7DD
:106820006FF00800F7E72DE9FF410C4616461F46BA
:1068300002AA002340F236719DF82C808DF80830B2
:10684000054602F0E0FB38BB9DF80810A86CB8F1D3
:10685000010F0CBF01F0FB0141F004018DF808109D
:10686000012302AA40F23671FEF74AFD9DF8283056
:106870008DF80A300123CDE9003364BAA86CADF875
:106880000840062302AA8C218DF80B708DF80C604D
:106890008DF80D80FEF79AFE04B0BDE8F081F0B5EA
:1068A0001D46036885B01B6904460F461646984787
:1068B000A0BB6FF07F439F423146204618BF45F48E
:1068C0000075FCF745F9294606462046FCF740F9D5
:1068D000B1B282B2204602F0ECF9F8B9204602F0DB
:1068E000D8F9D8B9236844F2FF31D3F8E430204610
:1068F000984798B92046FFF753FA012810D194F829
:106900008030019394F85030009394F87C3094F8E0
:106910004F20B4F852102046FFF785FF05B0F0BDB8
:10692000A0B9FF23039394F86A30029394F8693076
:10693000019394F86830009394F8673094F86420D9
:10694000B4F86C10204602F0E6FAE7E74FF0FF30AB
:10695000E4E72DE9F04FADF56F7D0229044608917B
:10696000164608D0032924D06FF0180528460DF5E7
:106970006F7DBDE8F08F90F85030012B02D1D368C5
:1069800003B1C367D6E9012331682046FFF787FFCB
:1069900005460028EAD13368013304BF6FF07F4316
:1069A00033603368C4F88430089B84F834300025A1
:1069B000DCE75368FF2B00F23184FFF7F1F901287F
:1069C000074614D194F88030019394F85030009326
:1069D000337994F84F20B4F852102046FFF723FF84
:1069E00005460028C2D1012240F2012153E0A0B99E
:1069F0003379039394F86A30029394F869300193E1
:106A000094F86830009394F8673094F86420B4F8F0
:106A10006C10204602F07FFAE2E7022835D1E36DE0
:106A2000642B40F2E14341F6705218BF1A4640F61B
:106A30002F1343F20F7118BF194673688DF8583140
:106A4000D800C3F347138DF85D310123CDE900333E
:106A50000D0A8DF85A11110A8DF85B118DF85C2121
:106A60008DF85E0156AAA06C8DF859518C21FEF765
:106A7000ADFD054600287FF479AFA06C06230DF22A
:106A80005912F021FEF73CFCADE7032840F0CA8321
:106A900044F201021146204602F00BF90546002897
:106AA0007FF464AF204602F0F4F8054600287FF436
:106AB0005DAF032F51D00E23ADF85831012332685A
:106AC000A76C039331790092CDE90101022256A906
:106AD0003846FEF7C0FA054600287FF447AF38462F
:106AE000FEF76FFD054600287FF440AF236844F2AF
:106AF000FF31D3F8E43020469847054600287FF45C
:106B000035AF8DF8580156AA40F68901204602F0AB
:106B10007AFA054600287FF429AF2046FFF740F9AE
:106B2000012840F07683C549606D06F08BFDC449AD
:106B300020F0004006F056FC002800F06A839DF823
:106B4000583103F0FB038DF85831A06C012356AA8D
:106B500040F68901FEF7D4FB26E7BA4B94F889107A
:106B600018689B88ADF85C3116AFB74B3B6012AD2F
:106B700049F28E532B8094F88F305690002BB34BF4
:106B800003EB41030CBF34220822B3F8B233B3FB4A
:106B9000F2F30622632BA4F89030A4F8922000F0C0
:106BA000228100F22B813C2B00F0438100F21781FF
:106BB0001E2B00F20B81092B40F20E81A44A22FA0F
:106BC00003F3DB0740F10881B4F8983056A99A091D
:106BD000B3F5C07F8A5CA4F8942003F03F02A4F8C8
:106BE000962080F0F9804FF0000894F88A30C3F1C5
:106BF0000403434500F332814FF00008FB22414675
:106C0000C7F8008017A80CF0AAFFC4E92788C4F8C9
:106C1000A480D6E9001A38460AEB0106FF228E420C
:106C200040F02281DFF82C821023002647F25B5CC3
:106C300088F8043051464FF6FF733846C8E902C35E
:106C4000C8F8106001F07EFDC0F3072307F80A3092
:106C50000DF159034FF4177203F80A000AF1020309
:106C60003146FE5457A80B9356960CF078FF032339
:106C700088F819300AF10203D90056AA0FAB063181
:106C800038460F9688F8186003F0FCFEFF22314664
:106C900038460CF064FF94F888300593032B31D00C
:106CA0006D4B03F10806186859682A4603C2083379
:106CB000B3421546F7D1186810609A889B79AA806C
:106CC000AB71059B022B9DBF604B059A9B184FF043
:106CD000000C98BF93F8D5C30F9B069300231A4668
:106CE00018460DF148090DF1580E0DF5AC7B0699CB
:106CF0008B4240F0CF800F920732D20816A956A8D7
:106D00000CF0D8FF0F9B0693002293B206985B43CA
:106D10008342114602F10102F7D38BB294F88AB094
:106D2000BDF918505B009BB20993CBEBCB030BEB87
:106D3000C303C1F34E025B0000210C929BB207918A
:106D40000A4616AE002D00F3C7806FF0710202FBF9
:106D50000B330F93059B94F88F2094F88910DFF87C
:106D6000F4808DF840A0DB0043EA820343EAD103BC
:106D700043F002038DF84130B4F898301A091B0132
:106D800042EA41128DF8433008238DF8422088F8FA
:106D900004302F22FF23C8E902230027C8F810700F
:106DA0003E4616AD94F88A108F42C0F001810B9BCD
:106DB00094F88820DB0006339BB2032A00F2C581D9
:106DC000DFE812F0B701BF0122022402232B3FF4B7
:106DD000FBAE2F2B3FF4F8AE6FF06905C6E53E2BF6
:106DE00027D0562BF8D1B4F89830DA0903F07F0396
:106DF000BA5CA4F89420A4F89630F4E6B3F5C37F07
:106E000010D00BD8B92B01D0C62BE5D1B4F89830EF
:106E10001A0ADBB2AA5CA4F89420ECE740F29312C1
:106E20009342D9D14FF48473A4F89430B4F89830D5
:106E3000E1E73823A4F89230C6E600BF0000FA4329
:106E40006F12833AAEA9020841444748208B0208DA
:106E500000044050A4500020E68E02082046FBF7B4
:106E60006BFD08F10108C0E611F8013B53404FEA01
:106E7000031C4CEA131300F8013B130983EA521375
:106E800083EAD20303F0010383EAD2135200D2B2A1
:106E90001A43C4E619F80010C1B1D543012605F024
:106EA000070506FA05F5DE084FEAD2081BF806606A
:106EB0001EF80810DF4307F007073E41F60746BFFC
:106EC0002943C9B2A9430EF80810013201306045C8
:106ED00008BF002001330AE7302D28464FEAD307C8
:106EE000A8BF30200A90D84316F807C04FF0010E13
:106EF00000F007000EFA00F02CEA000C03EB0E0085
:106F000006F807C04FEAE00CC04316F80C7000F01A
:106F100007000EFA00F027EA000706F80C704FF0A1
:106F2000000E03F1020C6FEA0C074FF0010807F0A6
:106F3000070708FA07F70DF5AC794FEAD2084FEAD0
:106F4000EC0019F808800D906FEA020909F00709B2
:106F5000305C48FA09F818F0010F14BF3843B84301
:106F60004FEAEC0718BFC0B2F055099802440698E2
:106F700092B290420CD8079A0C980244099892B2A7
:106F800090429FBF013189B20A46079188BF07929C
:106F90000A9F0EF1010E0FFA8EF087420CF1010CE0
:106FA000C1DC38460230303D18442DB283B2C9E608
:106FB0009DF843300139C91B23F00C0343EA8103D8
:106FC00010A804218DF8433001F0BCFB4FF00009FC
:106FD00002238DF8440088F8193012AA4B46282164
:106FE00010A8CDE91299ADF8509088F8189003F0E8
:106FF00049FD4B4612AA282110A803F043FDF208D0
:10700000F343A95C4FF0010E03F007030EFA03F3FC
:1070100021EA0303AB5406EB0E03DA10DB43A95C51
:1070200003F007030EFA03F321EA0303AB547F4B8B
:10703000059306F1020C06F12A00059B13F8011BCB
:1070400005934FEAD1090DF1480B4FEADC0A1BF812
:10705000099015F80A30C9436FEA0C0201F00701E4
:1070600002F0070249FA01F919F0010F0EFA02F2D3
:1070700018BF13430CF1010C14BFDBB293436045FE
:1070800005F80A30D9D106F17203DFF8A4A10593FF
:1070900006F14A0C1AF8011F6FEA0C024FF0010EBC
:1070A00002F007020EFA02F20DF1480B4FEAD10E80
:1070B0004FEADC091BF80EE015F80930C94301F06E
:1070C00007014EFA01FE1EF0010F1ABF1343DBB297
:1070D000934305F80930059B0CF1010C6345D9D1A8
:1070E00000214FF0010A04EBD10C4FEAD0096FEAFE
:1070F000010E9CF88BC015F80930C2430EF0070E44
:1071000002F007024CFA0EFC1CF0010F0AFA02F220
:1071100018BF134301F1010114BFDBB293432029CF
:1071200005F8093000F10100DDD17236B6B2013741
:1071300038E60622534304330522B3FBF2F39BB235
:1071400003E003EB4303C3F34F03302603F12F02A5
:10715000B2FBF6F20A44B3FBF6F0C4F8A02000EB51
:10716000800202EB820206FB103352009BB292B205
:1071700013B102331A4492B2722313FB0122A66C9C
:10718000C4F89C200E230732ADF858314FF00108A7
:107190000023D708C2F3C702CDE900530292CDF80D
:1071A0000C804346022256A93046FDF754FF05469F
:1071B00000287FF4DBAB3046FEF703FA05460028D3
:1071C0007FF4D4ABD4F8A0308DF85A31A06C8DF890
:1071D0005971032356AA40F285318DF85881FEF784
:1071E0008FF894F8A070102F28BF10272E46B742B2
:1071F0007FF67CACF1B22046FEF7F4F80546002895
:107200007FF4B4AB0136F2E75B0098E703EB43038E
:1072100095E79DF8583143F0040394E46FF00305BB
:10722000FFF7A4BB4FF0FF35FFF7A0BBF88E0208B5
:107230001F8F020830B585B005460C46FEF7B0FD3D
:10724000012811D195F88030A1B2A5F85210019310
:1072500095F85030009395F87C3095F84F202846EB
:10726000FFF7E1FA05B030BD48BB95F86830A1B230
:1072700099420A46A8BF1A461F2AA5F86C1018DCC6
:10728000172A18DC0F2A18DC003A18BF01229200D6
:10729000FF2085F86420039095F86A00029095F825
:1072A0006900CDE90030284695F8673001F033FEDB
:1072B000D8E70722ECE70622EAE70522E8E74FF0E5
:1072C000FF30CFE737B504460D46FEF769FD0128CC
:1072D00010D184F88050019594F85030009394F8C0
:1072E0007C3094F84F20B4F852102046FFF79BFAF8
:1072F00003B030BD6FF01300FAE737B50C46054612
:107300000021204606F078F8B8B10D49204606F075
:1073100069F890B10B49204606F052FB06F012FCCA
:1073200001238DF807000DF10702A86C40F6E70174
:10733000FDF7E6FF002003B030BD6FF01000FAE764
:1073400000000C43000020401FB50123CDE90033AD
:107350008DF80F100DF10F029D21806CFEF736F9AC
:1073600005B05DF804FB2DE9F14F1F46374B43652F
:10737000062380F83C300023BDF83480436716466E
:1073800080F85030324AC264FF230D46C3679DF82F
:107390003C200E99A0F8528001239DF828B09DF85A
:1073A0002CA09DF930900446FEF79DFB002849D1A2
:1073B0005946204601F093FC002843D1514620460F
:1073C00001F0ACFC00283DD1236841461B6E2046ED
:1073D0009847002836D11F492046FFF78EFF002826
:1073E00030D101212046FFF7AFFF58BB02212046D4
:1073F00001F0B8FD30BB236801461B6D204698475D
:1074000000BB23683946D3F8E03020469847C8B916
:1074100023683146D3F8DC302046984790B923687A
:107420002946DB6B2046984760B901212046FDF7CD
:10743000B4FF38B923685B6D4946204601B0BDE80A
:10744000F04F184701B0BDE8F08F00BF0000FA43CD
:107450000903000100007042F0B587B004469DF8B2
:1074600044E09DF830509DF834609DF93870BDF8C7
:107470003CC0CDF814E0DDF840E0CDF810E0CDE9F7
:10748000027CCDE90056FFF76EFF014620B9204689
:1074900007B0BDE8F04057E707B0F0BD2DE9F04771
:1074A0009246994645F255324CF6CC4386B0C0E937
:1074B0001723194B03671A23BDF8407080F8653015
:1074C00040F209630E46A0F866309DF848201199F5
:1074D000A0F86C700023DDF838809DF93C5004461C
:1074E000FEF701FB002840F0E781236851461B6C42
:1074F00020469847002840F0DF81236849465B6CAE
:1075000020469847002840F0D7812046FEF748FCE7
:1075100020B16FF01300CFE133331C43BC49C4F8F2
:107520007080404606F08EF8BA4920F0004005F021
:1075300059FF002840F06881B749404606F082F8BC
:10754000B44920F0004005F04DFF002840F05E8176
:10755000B249404606F076F8AE4920F0004005F00A
:1075600041FF002840F08281AD49404606F06AF8AC
:10757000A84920F0004005F035FF002840F0788150
:10758000A849404606F05EF8A24920F0004005F008
:1075900029FF002840F06E81A349404606F052F8CA
:1075A0009C4920F0004005F01DFF002840F0648158
:1075B0009E49404606F046F8964920F0004005F006
:1075C00011FF002840F05A819949404606F03AF8E8
:1075D000904920F0004005F005FF002840F0508160
:1075E0009449404606F02EF88A4920F0004005F004
:1075F000F9FE002840F046818F49404606F022F807
:10760000844920F0004005F0EDFE002840F03C8168
:107610008A49404606F016F87E4920F0004005F001
:10762000E1FE002840F032818549404606F00AF824
:10763000784920F0004005F0D5FE002840F0288170
:107640008049404605F0FEFF724920F0004005F0F9
:10765000C9FE002840F01E817B49404605F0F2FF3C
:107660006C4920F0004005F0BDFE002840F0148178
:107670007649404605F0E6FF664920F0004005F0F7
:10768000B1FE002840F00A817149404605F0DAFF5A
:10769000604920F0004005F0A5FE002840F0008180
:1076A0006C49404605F0CEFF5A4920F0004005F0F5
:1076B00099FE002840F0F6806749404605F0C2FF79
:1076C000544920F0004005F08DFE002840F0EC8089
:1076D0006249404605F0B6FF4E4920F0004005F0F3
:1076E00081FE002840F0E2805D49404605F0AAFF97
:1076F000484920F0004005F075FE002840F0D88091
:107700005849404605F09EFF424920F0004005F0F0
:1077100069FE002800F0CE800923226E84F86530CF
:10772000009294F86620E16D2046FEF741F90028AA
:1077300040F0C2804C492046FFF7DFFD002840F0B2
:10774000BB80236839461B6E20469847002840F0CE
:10775000B3804AF61253ADF8143023680222DB6D71
:1077600005A920469847002840F0A68023680146D6
:107770009B6C20469847002840F09E802368014675
:10778000DB6C20469847002840F096802046FEF7A4
:1077900007FB00287FF4BDAEFF230127CDE902736C
:1077A00094F86930019394F86830009394F8673046
:1077B00094F86420B4F86C10204601F0ACFB00286B
:1077C0007AD184F86A700221204601F0CBFB0028B0
:1077D00072D139462046FFF7B7FD00286CD12368E7
:1077E0003146DB6B20469847002865D101212046B1
:1077F000FDF7D3FD00285FD123685B6D2946204645
:1078000006B0BDE8F04718471F2386E7172384E733
:107810009A9999406F12833A9A99B9409A99E94096
:1078200033331B4133333B419A99694100009C41FA
:107830003333BB416666EA4100001C429A993B42E1
:1078400066666A4266669C429A99BB429A99EA4287
:1078500033331C4333333B43CD4C6A4300009C43DA
:10786000CDCCBA430080E943000070420F2354E7B7
:107870001E2352E7162350E70E234EE71D234CE745
:1078800015234AE70D2348E71C2346E7142344E762
:107890000C2342E71B2340E713233EE70B233CE77F
:1078A0001A233AE7122338E70A2336E7192334E785
:1078B000112332E76FF0670006B0BDE8F087F0B53E
:1078C00087B004469DF93450BDF838609DF840708B
:1078D0000497CDE901560F9F0C9D03970095FFF784
:1078E000DDFD014620B9204607B0BDE8F0402BE59C
:1078F00007B0F0BD2DE9F0410E4617461D469DF834
:107900001C20069902230446FEF7EDF8E0B923682F
:1079100039461B6C20469847B0B901212046FFF735
:1079200013FD88B923683146DB6B2046984758B968
:1079300001212046FDF731FD30B923682946204654
:107940005B6DBDE8F0411847BDE8F0812DE9FF41CE
:107950001F469DF8283080F88F30884615460C99D0
:107960009DF834209DF92C6003230446FEF7BBF8F4
:10797000002846D126492046FFF7BFFC002840D109
:1079800001212046FFF7E0FC00283AD1CDE90200B2
:10799000CDE90000034602460146204601F0BBFA4D
:1079A00078BB0B2384F86630236884F86500206672
:1079B0001B6C18492046984718BB032F1FD8092D68
:1079C00084F8887020D8032384F88A304FF48073B9
:1079D000A4F89830236884F88950DB6B4146204630
:1079E000984770B901212046FDF7D7FC48B92368B4
:1079F0005B6D3146204604B0BDE8F04118476FF09A
:107A0000090004B0BDE8F0816FF00700F9E700BF9E
:107A1000000070420000FA3E01440022034601309B
:107A200088421A70FAD1704710B5B02104460C3064
:107A3000FFF7F2FF204610BD10B50446FFF7F4FF34
:107A400020460DF0DDF8204610BD10B5F0210446AB
:107A50000C30FFF7E1FF204610BD10B50446FFF7DC
:107A6000F4FF20460DF0CCF8204610BD2021D3E7CE
:107A700010B504460430FFF7F9FF204610BD10B5DD
:107A80000446FFF7F5FF20460DF0BAF8204610BD7A
:107A90000430EBE710B504462430FFF7E7FF20463B
:107AA000FFF7E6FF204610BD10B50446FFF7F2FFD2
:107AB00020460DF0A5F8204610BD10B50446243030
:107AC000FFF7D4FF201DBDE81040CFE72DE9F041BE
:107AD00006461D4656F8283B8AB00F46904602A936
:107AE0009B692022044698475C23314600933A461E
:107AF00043462046FCF7B2FBD4E91A2312F5007284
:107B000043F10003C4E91A232046FBF7F7FF23687B
:107B10005E699B68984702A902462046B0472368E1
:107B2000109A9B6929462046984702A8FFF79EFFB6
:107B30000AB0BDE8F08101798068013109016BE785
:107B400010B5102104460830FFF766FF04F1180055
:107B50001021FFF761FF204610BD10B50446FFF766
:107B6000EFFF20460DF04CF8204610BD10B504463E
:107B700040680368DB699847102104F10800FFF7AB
:107B80004BFF102104F11800FFF746FF102384F883
:107B9000283010BD10B5044670210830FFF73CFFB7
:107BA000236820461B69BDE8104018472DE9F04FB7
:107BB0008946ADF5037D80461146002A00F06E81AE
:107BC0006AAC02F1200510685168234603C30832ED
:107BD000AA421C46F7D1719B23F0004371936AA817
:107BE000FBF79BFE1C2200F00103002163A8019318
:107BF0006AAC0BF0B4FF01232022002152A862934B
:107C00000BF0ADFF0FCC5AAD0FC594E80F0085E81F
:107C10000F0062AD0FCD4AAC0FC495E80F004FF0D6
:107C2000000B84E80F001F26FF244025DA4619F8D0
:107C300006702F4087EA0B0B5AAA62A95846FBF739
:107C400018FF4AAA52A95846FBF713FF52AA62A985
:107C500042A8FBF7CAFE42A91AA8FBF7C4FE52AA23
:107C60003AA862A9FBF7D7FE014612A8FBF7BBFEB4
:107C700012AA1AA922A8FBF7CEFE4AAA5AA932A82C
:107C8000FBF7B3FE2AA84AAA5AA9FBF7C4FE01468D
:107C900042AA0AA8FBF76AFE3AAA32A902A8FBF791
:107CA00065FE02AA0AA95AA8FBF79FFE5AA9084630
:107CB000FBF799FE4AA802AA0AA9FBF7ACFE014607
:107CC000FBF791FE4AA908466AAAFBF74FFE12AAE3
:107CD0001AA962A8FBF74AFE7448082272A9002379
:107CE0000DF1880E5EF804CBD346013AECFB003B65
:107CF00012F0FF0241F8043B5B46F3D1012272A966
:107D000052A8CDF8E8B1FBF79FFD52A908461AAA80
:107D1000FBF76BFE52A922AA0846FBF727FE6D0867
:107D200004BF06F1FF364FEAC71B04F1FF3403BF5F
:107D3000F6B25FFA8BFB80254FEA570B14F0FF0475
:107D40007FF475AF5AAA62A95846FBF792FE4AAA79
:107D500052A95846FBF78DFE52A972A8FBF743FEC5
:107D6000092472A90846013CFBF73DFE14F0FF040C
:107D7000F7D152AA72A94AA8FBF7F8FD17250A24E1
:107D800072A90846013CFBF72EFE14F0FF04F7D160
:107D90004AA972AA0846013DFBF7E8FD15F0FF0568
:107DA000EDD14AA972A8FBF71EFE4AA972AA08469D
:107DB000FBF7DCFD082472A90846FBF714FE4AA96C
:107DC00072AA0846013CFBF7D1FD14F0FF04F2D182
:107DD00072A8FFF74BFE4AA90846FBF704FE4AA922
:107DE0000846FBF700FE4AA952AA0846FBF7BEFD6B
:107DF0004AA90846FBF7F7FD4AA90846FBF7F3FD39
:107E00004AA952AA0846FBF7B1FD4AA90846FBF762
:107E1000EAFD4AA9084652AAFBF7A8FD62A94AAAA8
:107E20000846FBF7A3FD6AAD62AB42461C4603CC95
:107E3000AC4210605160234602F10802F6D16AA8F4
:107E4000FFF714FE62A8FFF711FE5AA8FFF70EFE17
:107E500052A8FFF70BFE4AA8FFF708FE42A8FFF75B
:107E600005FE3AA8FFF702FE32A8FFF7FFFD2AA899
:107E7000FFF7FCFD22A8FFF7F9FD1AA8FFF7F6FDB2
:107E800012A8FFF7F3FD0AA8FFF7F0FD02A8FFF71D
:107E9000EDFD01980DF5037DBDE8F08F1C226BA868
:107EA0000BF05DFE09236A9399E600BF41DB0100F8
:107EB000F0B50021114C90F81FC005460846224637
:107EC00005F11F0712F81F3F8CEA030303F07F033D
:107ED00012F8016D17F801ED944286EA0E0643EAA6
:107EE0000603F5D1C3F58073013140EA232005294B
:107EF000C0B204F12004E2D1F0BD00BF488F0208F7
:107F000010B5702104460830FFF786FD204610BDED
:107F100010B50446FFF7F4FF20460CF071FE204632
:107F200010BDD0F8F831013310B5044631D10368E3
:107F3000DB68984794F81C325BBBD4F8F831012217
:107F4000013384F81C2224D194F80512114B53F804
:107F5000213093F8841091421BD083F8842024228E
:107F6000C3F88820196851E8002F22F00C0241E87C
:107F700000241868002CF5D150E8002F42F00402CC
:107F800040E800210029F7D12022C3F8882083F897
:107F9000841010BD101C002010B50446FFF7C1FF6F
:107FA000B4F81422B4F8103292B29A421FBFD4F837
:107FB0000822D05C0133DBB214BFA4F810324FF0BA
:107FC000FF3010BD000000002DE9F04106460D46CF
:107FD0008F180C46BC4202D1601BBDE8F0813368AB
:107FE000A0461B6818F8011B304698470028F3D0BC
:107FF0004446EFE738B5094D2B68C3600446236853
:1080000020465B699847002807DAE2682B689B1ACC
:10801000A2689342F3D34FF0FF3038BDE80400204C
:10802000F8B507460D468E180C46B44201D1601BC8
:10803000F8BD3846FFF7DEFF031EF8DB04F8013B0E
:10804000F3E72DE9F0410746884616461D4673B111
:1080500000243846FFF7CEFF031E05DB434503D05F
:1080600033550134A542F4D12046BDE8F0811C46C9
:10807000FAE7124803681A0912F00C0F10B519D16B
:108080000F4902F00F0251F822209AB141680D4CBD
:1080900003F00F03002954F823300CD0C4BF01F1C2
:1080A000FF314160516901EA030023EA010343EA19
:1080B0000043936110BD9362FCE700BF0001002004
:1080C00028870208BC5E0208024601440020914253
:1080D00000D1704743BA12F8010B9BB24340C3F37F
:1080E00003104340180380B24340580100F4FF508E
:1080F0005840ECE738B503689B68044603B19847DD
:10810000E36803B1984763681B6803B19847094B5C
:10811000094A6168D3F8EC001468196000228242B1
:1081200000DB38BDDD68A94208BF1C6201321C3388
:10813000F5E700BF3C1D0020E804002010B50B4C03
:10814000E3689B6A13B9A06A0CF05AFDE368DB6A26
:1081500013B9606B0CF054FDE3681B6B23B9A06C82
:10816000BDE810400CF04CBD10BD00BFB83E002073
:1081700038B5044600680D4610B163688B4208D2DA
:10818000691C0DF08DFB28B1A368C4E9000503B993
:108190000370012038BD2DE9F0470D4D0F46A96849
:1081A0001424804601FB0441686891469A460DF00C
:1081B00077FBAE686860744303190022013640F80B
:1081C0000480C3E90179C3E9032AAE60BDE8F08702
:1081D0003C1D002038B5084C0546002104F5DC7034
:1081E00088220BF0BCFC84F8B851A18A2046BDE877
:1081F0003840EDF7DAB900BF484600202DE9F041DC
:108200008369C8B005460E4614460BB1F8F7C4F9A9
:10821000286906AA31460C30F8F7E0FC002858D14E
:108220009DF81830112B06D1224631462846F8F722
:1082300098FDD0B13EE02C200CF0DAFC0446A86199
:1082400098B12F6901963B69436007F10C087B697F
:108250008360014601AB02AA4046F8F71DFC38B125
:10826000A8690CF0CDFC0023AB6148B0BDE8F081FB
:108270009DF80C30222BF3D104AA21464046F7F793
:10828000ACFE0028ECD163682361A36863610E2310
:10829000A3611023E360FB6923600123FC61304686
:1082A0002B7505F035F901300CF0A2FC3146E86180
:1082B0000BF0F8FC2F2130460DF088FB203500B183
:1082C000461CFF223146284648B0BDE8F0410DF07B
:1082D0006ABB0230C9D1012CC7D1A5E770B50446ED
:1082E00008460D4605F014F9236802462946204643
:1082F0005B68BDE87040184730B58BB00023012A99
:108300000C468DF8243098BF0A2209A92546B4FBF3
:10831000F2F404FB125303F0FF03092B94BF303334
:108320003733DBB2AA4201F8013DEFD9FFF7D6FFA0
:108330000BB030BD2DE9F84305460C46C71C00F1D3
:108340000609002617F8011F0A222046FFF7D4FF6E
:10835000236880461B682E21204698474F4540449D
:108360000644EFD1E9790A222046FFF7C5FF3044E1
:10837000BDE8F8830EB403B503AA52F8041B0192BA
:108380000BF050FB02B05DF804EB03B0704710B582
:1083900004460AF025FE90FBF4F303FB140010BD25
:1083A00010B5044600680CF02BFC204610BD10B53B
:1083B0000446006808B10CF023FC0023C4E9013333
:1083C000236010BD70B50E46114604461546FFF7F2
:1083D000CFFE18B92046BDE87040E8E72068A560E8
:1083E0003146BDE870400BF05DBC38B50023C0E9F4
:1083F0000033044683600D4639B1084605F088F81D
:10840000294602462046FFF7DDFF204638BD884258
:1084100010B50B46044604D0096821B19A68FFF7ED
:10842000D1FF204610BDFFF7C2FFFAE710B50023C9
:108430000446C0E900338360FFF7E9FF204610BD22
:1084400038B505460C4649B1084605F061F82146A5
:1084500002462846FFF7B6FF284638BDFFF7A7FFBC
:10846000FAE770B5856804460E4609B9002070BD6C
:1084700062B115442946FFF77BFE0028F6D020683C
:10848000A368314618440BF00DFCA5600120EEE70F
:108490008A680968E5E738B505460C46084639B1EB
:1084A00005F036F8214602462846BDE83840D8E7B0
:1084B00038BD08B58A68836893420BD3006840B121
:1084C000096849B19B1A184404F0C4FFB0FA80F05F
:1084D000400908BD0020FCE70846FAE7B0F1005F5C
:1084E00008B506D3B0F1804F01D309F0ECF909F0DB
:1084F000E7F9BDE8084080000CF07ABB031D2DE9C8
:10850000F047C0E90133464B036000F12C030446F9
:10851000002543614FF001084FF07E5388224362EB
:108520004FF4927AC0E90685C0E90A55C0E92055A2
:108530000F46C56005820562294610440BF00FFB0B
:1085400052462946C4E94455C4F8185104F58E70C2
:108550000BF005FB0820C4E99255C4E99455C4E921
:108560009655C4E99855C4F84052C4F84402FFF740
:10857000B5FF00F10C090646C4F8400250460CF065
:1085800037FB00EB0A03C4E99703C4F85032F060EC
:10859000C4F84C02C4F84802C4F858022946C4F88A
:1085A0005492C4F864924FF4FE7204F51B700BF001
:1085B000D6FA2946C4F86854C4F86C54C4F8705408
:1085C000C4F87454C4F878544FF4007204F5906001
:1085D0000BF0C5FA134B84F884561B68C4F8803638
:1085E0002946502204F130000BF0B9FA4FF401761D
:1085F0000D4B236032462946C4F8887604F28C601D
:108600000BF0ADFAC4F89058C4F8945884F89888E0
:108610003246294604F699000BF0A1FABDE8F0872E
:10862000F08F0208E8040020105C0208C3B2192B86
:108630001BD8174A52F8233000F4E0601843431C5B
:1086400025D0030913F00C0F04BF124A03F00F03E7
:1086500000F00F0008BF52F823300F4A18BF002364
:1086600052F8202091B19A61704700F0C002C02AF0
:108670000DD1C82B0BD8094B00F03F0200F4E0608D
:1086800053F82220024B53F82230D7E79A62704702
:10869000D483020828870208BC5E02083C840208D2
:1086A000C3B2192B1BD8194A52F8233000F4E060EA
:1086B0001843431C24D0030913F00C0F22D103F0FC
:1086C0000F03134A00F00F0052F82320114B1269D8
:1086D00053F8203093430CBF01200020704700F076
:1086E000C002C02A0CD1C82B0AD80B4B00F03F02A5
:1086F00000F4E06053F82220044B53F82230D7E70F
:108700000020704700231B69FFDE00BFD4830208EE
:1087100028870208BC5E02083C840208034A1168EC
:1087200013685B1A8342FBD3704700BFE804002044
:108730000348D0F8883013B18030EBF79DB970470B
:10874000301A00202DE9F04F2E4D85B0CA002C784C
:1087500003922A7C0092A4F10802019204F1FF3CEA
:108760006A68AB6802924FF0010E00260EFA0CF90F
:108770003146039A96420ED1EA6853406A7C002A39
:108780003CD11D46C4F120044FF0FF30E0402840AA
:1087900005B0BDE8F08F16F0070218D110F801807F
:1087A00001F1010A0099D1B117460EFA07F101EA69
:1087B0000801F940C7F1070B013701FA0BF1082F47
:1087C00042EA0102F1D101998A405340514603EA3D
:1087D00009025B000AB1029A53400136C9E74246DA
:1087E000F1E700FA02F11940D140ACEB0206B140CA
:1087F0000D430132D1B28C42F3D8C3E700221546B3
:108800000120F7E7A8500020F0B50023C0E90033AD
:10881000ADB08360044608460D4604F079FA06467A
:108820000F462846002104F0D3FD002858D13CA370
:10883000D3E900233046394604F00CF90F460646CA
:1088400004F058FD054604F041FA02460B46304656
:10885000394604F0FDF8344B002204F0B1FA04F07C
:1088600075FE3249009001232A46002502A80DF02A
:108870002FF87D2229460CA80B950BF070F902A861
:1088800004F046FE022824D8802220210BA80BF0F9
:1088900066F902A804F03CFEC0F1030000F1B00349
:1088A0000DEB030000F8845C02A804F031FE0130F7
:1088B0000CF09EF902A905460BF0F4F90BA902A8E9
:1088C0000BF0F0F9294602A80DF040F828460CF00C
:1088D00097F902A92046FFF7B3FD20462DB0F0BD61
:1088E00032463B460EA1D1E9000104F0B1F80F4633
:1088F000064604F0FFFC054604F0E8F902460B4684
:108900003046394604F0A4F8074B002204F058FA28
:1089100004F01CFE0649009001232A46A5E700BF8B
:108920009A9999999999A93F00002440B6A90208FB
:10893000B5A9020870B5056804460E46A54201D1E6
:10894000002070BDA868036831469B6898470028DE
:10895000F7D12D68F2E70E4B10B50446186803688E
:1089600021461B68984750B1037943B190F83430E1
:108970000BB1343010BD037B0BB10C30FAE7054A64
:10898000054823460C210CF0EBFE0348F2E700BF3C
:10899000841E0020C0A90208C0500020421C10B54F
:1089A00003460C460CD0074A106802681946126844
:1089B000904728B1D0F8B430A34218BFC0F8B440F3
:1089C00010BD00BF841E002070B5ACB00546B022BB
:1089D0000E46684600210BF0C2F869462846F4F7B7
:1089E00087FCBDF80C30BBB12846F2F751FEAA69EE
:1089F00004466B46E9211030F0F7FAFDE0810748A4
:108A000066600A23002284F82231006884F8FA2084
:108A100001232146EDF792FD2CB070BDA01E002071
:108A200008B5084991F81D02FFF73AFE91F81E3289
:108A3000DB0703D5003818BF012008BDB0FA80F06D
:108A40004009FAE7443F00200388022B13D00D2B86
:108A500008D8032B01D800207047043B9BB240F29A
:108A6000952004E00F3B9BB21E2BF4D80348D8405E
:108A700000F0010070470120704700BF2500004052
:108A800038B5826983689A42044614D02269C06866
:108A90001D68043A934203D00433A360284638BDCE
:108AA0000CF0AEF863691A1D5B68626103F5007231
:108AB000E3602261F1E70025F0E70169024659B160
:108AC000836850F82300013303F0010348BF5B4281
:108AD000013993601161704708467047816A10B58B
:108AE000024679B1036A50F8230001335C4204F076
:108AF000070403F0070301F1FF3158BF634213621B
:108B0000916210BD0846FCE713B50C4904460C48B9
:108B1000002301F1520200684968EDF7FCFB094BA4
:108B2000186840B13CB10023CDE900331A464FF03C
:108B3000FF31F6F776FF02B010BD00BFD40A002067
:108B4000841E0020B049002030B5044685B00D4693
:108B5000806C0121FCF715FD0023CDE900331A4696
:108B60001946A06CFCF732FD0123CDE9003303AABE
:108B7000A06C8DF80C508021FCF728FD05B030BDAD
:108B800030B5012185B00446806CFCF7FAFC042363
:108B90008DF80F300023CDE900330DF10F02A06CEA
:108BA00001238421FCF712FDA36C054618680368B5
:108BB0000121DB699847284605B030BD1FB58DF807
:108BC0000D300123CDE900338DF80C108DF80E2007
:108BD0008DF80F3003AA04239521806CFCF7F6FC76
:108BE00005B05DF804FB0B4B1B681B7C4BB190F987
:108BF00088219A4205DD084A92F896200AB980F841
:108C0000883190F98831162BC4BF162380F888313B
:108C1000704700BF201D0020D40A0020836C70B56F
:108C200004461868996A026895688268A847A36C28
:108C30001868996A0268D568C268A847A36C186862
:108C400003680121DB699847A36C1868996A026878
:108C5000D5680269A847A36C186803685B6A9847DF
:108C60000646236820461B699847054678B1A36CE1
:108C7000186803685B6A9847801BB0F57A7F06D254
:108C8000A36C186803680A21DB699847E9E728465E
:108C900070BD1FB50023ADF80C300123CDE90033C2
:108CA00003AA02238F21806CFCF790FC05B05DF8CD
:108CB00004FB1FB5002303930123CDE9003349BA18
:108CC000082352BAADF80810ADF80A2019460DEB8A
:108CD0000302806CFCF77AFC05B05DF804FB37B545
:108CE00005460C46FDF75CF8012811D1231FDBB2C5
:108CF000042B10D895F84E2085F84D30009295F849
:108D00003C2095F84C102846FDF7D2FC03B030BD4E
:108D10006FF01300FAE76FF00900F7E737B5054683
:108D20000C46FDF73DF8012814D124F00F0343F061
:108D300004032401A86C8DF8043044F004040223D9
:108D400001AA4FF4E8618DF80540FCF7D9FA00203C
:108D500003B030BD6FF01300FAE713B500290CBF64
:108D60009423962304468DF803300DF10302806CA2
:108D7000012340F6AC01FCF7C3FA084BA06C1A883B
:108D80009B78ADF804208DF8063001AA032340F249
:108D90009F21FCF7B5FA002002B010BDC7A9020858
:108DA0002DE9F04188B005469DF8388043450E46D0
:108DB00017461C467DD3FCF753FA631CFF22DBB237
:108DC000C8F1080802FA03F342FA08F21343DB433E
:108DD000DBB280EA0702134203D1002008B0BDE8ED
:108DE000F08120EA03043B401C432B79E4B28DF868
:108DF0001740CBB90122CDE90032284669890DF12F
:108E000017033246FCF7BEF8286803689B6A984748
:108E10000746286803689B6A9847C31BB3F5FA6F37
:108E200040D36FF00F00D9E795F911306F7C002B1C
:108E3000B8BF0733C3F3C703581E40B20DF1180E75
:108E40004FEAC00C02467146002A18DA2A7C01302B
:108E5000B8BF0023D2080B44501E40B2B0F1FF3F10
:108E600018D10020012301900DF117000090CDE9E9
:108E7000023302EBD7022846FCF7EDF8C4E7B5F859
:108E80000A80013A48FA0CF80EF8018B52B2ACF1A4
:108E9000080CD9E74FEAC00C26FA0CFC03F801CB0A
:108EA0000138DAE731462846FCF7DAF98442B0D1D6
:108EB00093E76FF00A0091E7F0B590F9114090F850
:108EC00011C0002CB8BF0734E41087B0013C054640
:108ED00064B205A80F46E6000146002C11DA012015
:108EE000CDE902300023019200934FEADC022846CC
:108EF000FCF7B1F868B9284607B0BDE8F040FCF7C8
:108F000060BB47FA06FE013C00F801EB64B2083E84
:108F1000E3E707B0F0BD7FB58DF813309DF824303E
:108F20008DF80E208DF814309DF820208DF80F203C
:108F30000123CDE9003300228DF810209DF8282070
:108F40008DF8112049BA9DF82C20ADF80C108DF841
:108F50001220092303AA8C21806CFCF737FB07B091
:108F60005DF804FB30B587B004460D46FCF718FFEA
:108F7000024690BB022D0CBF06230423FF2284F877
:108F80006730039294F86A20029294F86920019263
:108F900094F86820009294F86420B4F86C1020468D
:108FA000FFF7B9FF0546A8B940F61D73A06CADF8F0
:108FB000143005AA022340F2BC61FCF7A1F942F289
:108FC0001013ADF81430A06C022305AA40F2BE6164
:108FD000FCF796F9284607B030BD012810D194F867
:108FE000803084F84F00019394F85030009394F847
:108FF0007C30B4F852102046FDF715FC0546E9E731
:109000004FF0FF35E6E710B504461346806C0122A9
:10901000FCF7DBF8A06CBDE81040FCF75EBA00235B
:1090200070B5054601F110041846283154F8046F54
:10903000AE420BD0002E18BF01238C42F6D122B1D4
:1090400030B183F00103DBB2137070BD0120F4E78F
:109050000346F9E72DE9F04F456893B0CDE90323C6
:1090600004460F46002D00F00A81D0F800A0BAF1A6
:10907000000F00F00681D1F81491B9F1000F00F053
:10908000FC80242200210DEB02000AF068FD384626
:10909000CDF82090ECF7B9FA7B4997F820B1D1F8D8
:1090A0000480D7F854110291884508BF4FEACB11CC
:1090B0000BF07F0208BF01F47E51ADF82C2004BFF5
:1090C0000A43ADF82C20714A08BFCDF830801268F1
:1090D00001900CBF01260026012A38BF0122D7F8D3
:1090E000503107900992204601990A934A46059308
:1090F000EEF7ADFF0446002800F086801C9A059B21
:1091000042B1028A1C9902F07F0293458CBF012272
:1091100000220A70039AEAB1226890451AD0D4F866
:109120000CB0BBF1000F15D0D84513D093B90298FD
:109130001A462146FFF773FF60B121464046FFF70C
:109140006EFF38B921465846FFF769FF10B9039AF8
:1091500001231370049B33B1E368A3EB080253426D
:109160005341049A1370002E6BD13246214640467B
:10917000FFF755FF238A58B197F82011C3F3C612A1
:10918000914202D0013A914202D1029A0C920126F8
:10919000BDF82C2003F47E5322F47E521343ADF825
:1091A0002C30BDF82C20238A02F07F0103F07F03CE
:1091B0008B4284BF22F07F0213434FF0000288BF2E
:1091C000ADF82C30134604EB8301486978B10BAF3E
:1091D000062157F804CF604509D0013911F0FF018D
:1091E000F7D1334412A901EB830343F8180C002E86
:1091F00002F10102D2B20CBF062105218A421346B8
:10920000E1DBE3680A9302E01C9B03B118701F4B7B
:109210002C221E68002302FB0A521946954212D3E3
:109220004BB107AE1D460FCE0FC50FCE0FC596E84A
:10923000070085E80700201E18BF012013B0BDE815
:10924000F08F0126ADE7686858B9286888B1A8682A
:10925000371A8F4228460ED939462B4600F12C0585
:10926000DCE78145F3D12868019F8742EFD1A968E7
:10927000711A1046F1E71D46EFE74846DEE728463B
:10928000DCE75046DAE700BFD40A0020E8040020FB
:1092900030B51C4B0446186899B010B12146EDF763
:1092A00013F9194DEB681BB9ED6855B919B030BD0C
:1092B0006389042BF8D02046F1F758FA0028F5D13D
:1092C000F2E76389042BF1D1A389462BEED10F4934
:1092D0005C2201A80AF0EEFC0D4AE18901AB04F121
:1092E0001000F1F731FA0028E0D02B6801AA2146DE
:1092F0009B6A284698472B6801AADB6A21462846C4
:109300009847D3E7841E0020C05000201C9002081C
:109310008483020810B103685B681847704710B176
:1093200003685B68184770472DE9F74FDFF894B082
:10933000814616461D4601F00F080C09824601279A
:10934000A74220D9B8F1000F1AD0631CEB73C3F306
:1093500007221C4BAA731868036806EB04169B6A65
:1093600032462946984709EB0414B04416F8012BFD
:1093700014F8013B464583EA020306F8013CF5D1A7
:1093800003B0BDE8F08FDBF80000EF73C7F30723ED
:10939000AB73036801929B6A29469847019A0AF1C8
:1093A000FF30531E02F10F0C13F8011F10F801EFEC
:1093B000634581EA0E011970F6D110320AF1100AE4
:1093C0000137BDE788110020454B2DE9F3471A69A5
:1093D000444CDFF814E10C2101254FF0000C4FF054
:1093E000040902264FF00808187E012843D0587E51
:1093F0001D76012870D15E76506840060ED5C3F800
:109400001C80CDF804C0506840071BD4506820F081
:1094100040005060D86920F00800D861DEF800A054
:109420005068C0074AD5976850681F62400641BF20
:10943000C3F81C80506820F0010050605D7683F80E
:1094400018C018E0106840F080401060106820F0EC
:10945000804010600196019801380190DDF804A069
:10946000BAF1000F12D101205876D86983F818A0FC
:1094700040F00200D86154F8040F0139784011F02F
:10948000FF012060B0D102B0BDE8F0871068400055
:10949000E1D45068400642BF506820F04000506060
:1094A00002200190019801380190DDF804A0BAF182
:1094B000000FD8D050684007F4D4ABE7DEF80000C6
:1094C000A0EB0A000228ABD9506810F00100A7D128
:1094D0005D761876DE61CEE7C3F81C90AFE700BF7B
:1094E000C0500020F4100020E80400202DE9F04FC7
:1094F0007C4C26460FCE04F140050FC50FCE0FC59C
:109500000FCE0FC596E80F0089B085E80F00A36F56
:109510000393A36ED4F87C90D4F850E0D4F840C004
:10952000D4F870B0D4F86080616D676CD4F874A022
:10953000606EA26DA66CE56C0193E36DE46E02941F
:109540000A24CDF8109000940F4487EA0A0A00EB31
:109550003A40F44441408CEA0B0B07EB315787EA61
:109560003A4A08EB3B4800EB3A6088EA0E0E0CEBF7
:109570003E5C80EA3151069003988CEA3B441644E5
:1095800008EB346880EA06090198CDF8148088EA6F
:109590003E5ECDF81CE000EB394E04981D4485EA90
:1095A000000802988EEA020206EB325600EB3840C1
:1095B00086EA394943400EEB396E05EB33558EEAA6
:1095C000325285EA38480CEB716C00EB386007EBDF
:1095D00072678CEA38680EEB384E87EA346480EAAA
:1095E00033538EEA716100EB344080EA72620CEB17
:1095F000315C8CEA384807EB32574FEA386B87EA20
:10960000344400EB346006EB7366CDF810B04FEADB
:10961000346B059C029080EA325286EA3A600EEB87
:10962000386E04EB304888EA736306EB335686EAFB
:10963000304008EB30684FEA306A0798CDF804E014
:1096400005EB7065069885EA39648EEA3151DDF8DC
:109650001CE000EB344989EA7E6E05EB3E5585EA55
:1096600034444FEA3460039009EB3460009C013CC1
:1096700088EA335380EA3E5E14F0FF044FEA7161DA
:109680004FEA72624FEA73634FEA7E6E00947FF492
:109690005BAF144CDDF810906165C4E9135EC4E95A
:1096A00017380199039BA265029AC4F87C90C4F80C
:1096B00040C0A166C4F870B06764E266C4F874A0E4
:1096C000A664A367606622460434136C12681344D0
:1096D000E363009B0133DBB2102B0093F3D109B09D
:1096E000BDE8F08FE810002070B50C4E336B06F12A
:1096F000400501333363FFF7F9FE0FCD06F1100487
:109700000FC40FCD0FC495E80F0084E80F00EAF7EF
:10971000C7FA736B4340736370BD00BFE81000204D
:1097200010B5064C236B01332363FFF7DFFEFFF711
:10973000DBFF034B1B68C4F8843010BDE810002029
:10974000E804002038B505460C4641B3302C2246CB
:1097500028BF3022A41A2B461544134A13F8011BC4
:1097600012F8010BAB4281EA000102F8011CF5D1AD
:10977000FFF7BAFF002CE9D10C4A92F88130990624
:1097800010D5B2F88010C1F30C01B1F5C07F09D338
:109790006FF3451382F88130BDE83840C0E7FFF72A
:1097A000A3FFE9E738BD00BFF8100020E810002053
:1097B000F8B53E4C94F881305B06054657D43C4BD7
:1097C000264603F1400718685968324603C2083339
:1097D000BB421646F7D1FFF7F7FDB4F8803023F40B
:1097E0007F5323F03F0343F40053A4F88030FFF786
:1097F0007BFF35B1284603F08BFE01462846FFF774
:10980000A1FF2C4A537E03F0FF0103B91176022316
:10981000537613695069196821F0040119601968B9
:1098200021F0804121F02001014341F08041196085
:10983000214919614AF2B321196119681F4821F0C1
:1098400080411960056819684E0011D4196841F00B
:109850000401196059684D0616D504235376FFF7A5
:109860005FFF94F8813043F0400384F88130F8BD05
:109870000168491B0229E6D919684F00E3D5012385
:1098800053760223D361EAE70568596811F00401B1
:1098900003D101235376D161E1E70168491B022915
:1098A000F3D959684907F0D50423E9E7E810002007
:1098B000CBA90208C0500020BC0A5917E8040020B8
:1098C00010B5104B19791E22022908BF0E491A67DC
:1098D0004FF03C0218BF4FF496719A6607BF012201
:1098E0000C464FF0FF344FF4167008BF1046C3F813
:1098F000AC100A21C3E92924C3F8B010C3F88C01C5
:1099000010BD00BFF00400208051010008B5054BD8
:109910004FF41A72002118460AF021F91822C0F8F3
:10992000642208BDB4490020044B1A889042BDBF90
:1099300004334C2200FB023001487047B449002038
:109940002C01002070B501460078FFF7EDFF91F87B
:109950004830012B03D04C220AF0ACF970BD074B04
:109960001C7800220225A242F5DA93F84C60012E01
:1099700008BF83F84C5001324C33F4E7B44900205F
:10998000F0B5194B93F8965095B005B30024174FD6
:109990002546E0B2FFF7C8FF4C22014601A80AF0B5
:1099A00089F99DF805607EB139460DF12E000BF066
:1099B000AFFF78B98DF84C008DF80E00ADF80C00B3
:1099C00001A8FFF7BFFF35460134082CE1D1284636
:1099D00015B0F0BDBDF80C30002BF5D000238DF88C
:1099E0000E30ADF80C30EBE7D40A002005A50208D4
:1099F0002DE9F041DFF88C8004460846FFF794FF1C
:109A000006462022002120460AF0A9F8737813B1F7
:109A100096F848701FB9FF2384F8203015E0358987
:109A200006F10A012A4620466DB20AF043F984F88D
:109A3000205025B9022F08D198F80000DEE7012D4B
:109A400015D1227822B984F820202046BDE8F08183
:109A50000D4B214603F1100053F8045B41F8045B01
:109A60008342F9D1102384F82030E273EDE70F2D03
:109A700001DC1023D0E71F2DE7DC102DE5D02023DB
:109A8000CAE700BF701E00200CAA020870B50022B1
:109A90000E4603210546EBF7BDF9044618B13146E1
:109AA0002846EBF7F9F9204670BD7FB50546084812
:109AB0009DF824600068046802969DF82060CDE956
:109AC00000361346246B0A462946A04704B070BDF1
:109AD000A83E002010B51348EFF74EFA0423438147
:109AE000114B5B6803604FF0FF3343600F4BD3F8BB
:109AF000D02112F0FF03044602D1002A08BF03233D
:109B0000402B28BF402384F82031EFF744FA00218E
:109B1000C4F814010220EBF7DFF9C4F8180120465D
:109B200010BD00BF581E0020D40A0020F004002001
:109B3000F0B599B004460F46164600215E220DF19D
:109B400002001D460AF00BF803238DF80440ADF81F
:109B50000030FFF7BFFF0523044683810A4A6B46A6
:109B6000E9211030EFF744FD782384F822319DF885
:109B70007830E081204684F820316760C4F80461C1
:109B8000257219B0F0BD00BF7890020810B54FF0F3
:109B9000FF310446ECF75AF90D4B021ED3F8BC31E5
:109BA0000BDB9A4201DDD0B210BD94F82A010028E7
:109BB000FAD00232D0B29842F6D313F0FF0002BFBF
:109BC000B3FA83F35B099801402828BF4020EBE7F4
:109BD000F004002008B10BF013B870470169024689
:109BE00059B1836850F82300013303F0010348BFE3
:109BF0005B4201399360116170470846704738B580
:109C000003680D46DB684FF0FF319847044620B1EA
:109C10004FF4B07229460AF04DF8204638BD10B511
:109C20008AB00146044601A8FFF7E2FE9DF9243000
:109C3000002B0CDB074B1868036801A9DB6A984707
:109C4000054B03EB4403B3F902000AB010BD4FF01B
:109C5000FF30FAE788110020701E0020D0F888102D
:109C600010B5024691B1D0F8803050F8230001338E
:109C70005C4204F01F0403F01F0301F1FF3158BFE1
:109C80006342C2F88030C2F8881010BD0846FCE775
:109C90000146024802689268104700BF581E002023
:109CA000F8B5164D95F8F0202B682AB91B680122EB
:109CB00085F8F02003B198472B685B6803B198479B
:109CC0000E4C0F4F0026D5F8EC309E4200DBF8BD5D
:109CD000E2682B689A4203D1226A3B681AB9236270
:109CE00001361C34EFE79B1A626A9342F8D304F101
:109CF0000C00FEF7FFF90023F1E700BF3C1D002038
:109D0000E804002000B5C3B001466A460448F6F7EF
:109D100065FFB0FA80F0400943B05DF804FB00BF76
:109D2000C43E00200C4B93F8F01030B4024629B129
:109D3000D3E90040996800238B4201DB30BC7047B7
:109D40000568A54205D18568AA4202D130BCFEF75C
:109D5000D1B901331430EFE73C1D002038B5056858
:109D60000446A54201D1002038BDA868036800213F
:109D70009B6898470028F7D12D68F2E72DE9F0415C
:109D800004469DF818800D4616461F46EBF7E4F989
:109D900048B1CDF818803B46324629462046BDE8FA
:109DA000F041F3F723BBBDE8F08100B59DB0019011
:109DB0001F4890F84C3063B11E4801AB02AA06A9B7
:109DC000F6F76AFE58B1B0FA80F040091DB05DF8B0
:109DD00004FB0C30F6F73EFF0028EDD0F3E79DF8CA
:109DE0000C30222B1CD0134802AA06A9F7F794F9CD
:109DF0000028E8D19DF80C30222BE4D10D4806AAAA
:109E000012A9F6F7E7FD0028DDDB1A9B0F931B9BD9
:109E1000109300231A4606A90648F7F745F8D2E73B
:109E2000044804AA11A9F6F7D8F80028DBD0CAE73D
:109E3000B83E0020C43E002010B50C1A002C13467A
:109E400005DD01462246184609F06FFE0346181943
:109E500010BD2DE9F043C9B000230D460A69037512
:109E60004FF47A7180F8203080F81F31C0E9013159
:109E7000C0E906332B7D5049016002AF0446026100
:109E8000002B64D0DFF834812B69AE694FF4847203
:109E9000002107F1100003F10C0909F060FEB3691D
:109EA0000E2B46D122233B74414607F1180009F0DE
:109EB000F9FEB3690133B36107F11801404603F0BD
:109EC000C9FA0028E0D03E4807F1180103F0C2FAB1
:109ED0000028D9D0D5F81C80404603F019FB054670
:109EE00007F1180003F014FB0544093525F00705B8
:109EF0006E46ADEB050D02AB1846414609F0D2FEA9
:109F000098F800202F2A034602D198F8012022B1A8
:109F100018462C490BF01AFD034607F118011846A4
:109F20000BF014FD002201462046FEF767F9B54606
:109F30000DE00F2B03D1222321493B74B5E73A46AC
:109F400031464846F6F70CFA38B1821C31D120462A
:109F500007F58E77BD46BDE8F0833B7903F07F02BD
:109F6000112A01D0222AEAD11B060BD507F10801DC
:109F70004846F6F75AFD00281BDBE0D13B7903F099
:109F80007F033B713B793B74112B08BFFB683A6838
:109F900008BF7B617B79B97904321A44FB7900935D
:109FA0000A4407F1180371684846F6F709F80028D3
:109FB00082D0012880D0CAE79890020806A902083A
:109FC00005A9020803A5020830B5144689B054F863
:109FD000043B00930C252B440493D3790593002272
:109FE000CDE9062301236A46CDE901540395F6F72E
:109FF0005BFF09B030BD2DE9F04F87B0DDE91045BA
:10A0000006468B46174625444FF001090DF1170A05
:10A01000A3EB0408AC4201D1012011E008EB0403DA
:10A020000093CDE901A93B46002259463046F5F799
:10A030002EFF28B914F8013B9DF817209A42E9D069
:10A0400007B0BDE8F08FD1B1092816D8DFE800F0DD
:10A050000F0D15090B19071305110B4870470B4815
:10A0600070470B4870470B4870470B4870470B48C8
:10A0700070470B4870470B4870470B4870470B48B8
:10A0800070470B48704700BF2DAA020853AA020868
:10A0900065AA02087AAA020824AA02084AAA0208A3
:10A0A00070AA020838AA02085DAA02081DAA0208BE
:10A0B00040AA020808B5C0B2FFF736FC90F82A3073
:10A0C0000BB12A3008BD064B93F8A8212AB193F8AA
:10A0D000A9010121BDE80840B5E70248F2E700BF49
:10A0E000F00400201DAA0208F0B58BB00646FFF769
:10A0F0001BFC41780670044639BB80F848104422A6
:10A10000043009F02CFD01236370314601A8FFF7EC
:10A110006FFC9DF92470002F29DB3046FFF7CAFF42
:10A12000054603F0F5F92B4628440025834215D156
:10A13000002101AA0B468F4214D86B400D4A02EB56
:10A140004602204653800BB0F0BD0B492A3003F085
:10A1500081F90028D9D184F82A00D6E713F8012B19
:10A160005540E3E712F8010B01314340E3E74FF0BC
:10A17000FF33E3E7701E002085AA0208F8B5094EF8
:10A18000094F002433889C4200DBF8BDE5B2284625
:10A19000FFF7AAFF90F84830012B08BF3D7001344B
:10A1A000F0E700BFB4490020701E002038B518B198
:10A1B0001C4A1368013313601B4D2B88082B25D0D4
:10A1C00008232B8000242A88944225DB174B184C47
:10A1D000002183F8C11140F20141A3F8A8112D21FB
:10A1E000A3F8C211134B1449002A08BF1C460125CD
:10A1F000A57225810C2204F12A000BF0D4FB202348
:10A2000084F83E50657084F848502364FFF7B6FF29
:10A21000BDE83840EEF744B8E0B2FFF765FF01341F
:10A22000D1E700BF98500020B4490020F00400207E
:10A23000B84900202C0100201CAA020808B50146DC
:10A24000FFF772FB836823F07F43B3F1011F12D144
:10A250000846FFF72FFF094B024693F8A81193F821
:10A26000A901FFF7F0FE0146104603F0F3F8B0FA3B
:10A2700080F0400908BD0020FCE700BFF00400208A
:10A2800038B50D46044600285ED0304BC0F89C30EF
:10A2900090F9B000E8F70AF994F8B1202C4BB4F823
:10A2A000C21053F82230D3F88820202A89B205D072
:10A2B00094F9B000BDE83840E8F7EBB8D4F8B8201E
:10A2C0005218F5D0ADB2002DF2D01A650022A3F8D5
:10A2D0005650C3F890202122C3F888205A6E9968FE
:10A2E000A3F85450B2F1005F1A6818D1B1F5805F3D
:10A2F00013D11D6917491848002D08BF01469967F9
:10A3000002F1080353E8003F43F4000302F10800A0
:10A3100040E800310029F3D1CAE70E49EFE7B1F573
:10A32000805F0FD11D690D490D48002D08BF014602
:10A33000996752E8003F43F0800342E8003100296A
:10A34000F7D1B5E70549F3E738BD00BFF54D010882
:10A35000101C0020190300088103000813040008E2
:10A360004104000870B50468284EE56931EA050526
:10A3700001D1002020E03568AD1AAB421DD254E86F
:10A38000003F23F4D07344E80032002AF7D104F1EF
:10A39000080353E8003F23F0010304F1080141E8FA
:10A3A0000032002AF3D12023C0F88830C0F88C3066
:10A3B000002380F88430032070BD25686D07D4D554
:10A3C0008029D2D04029D0D0E5692D05CDD54FF4D4
:10A3D0000063236254E8003F23F4D07344E8003262
:10A3E000002AF7D104F1080353E8003F23F00103EA
:10A3F00004F1080141E80032002AF3D12023C0F81B
:10A400008830C0F88C30C0F89030D1E7E8040020E4
:10A410002DE9F74F0E461746002850D0441E012C58
:10A4200000F2A080DFF84491DFF8448199F82131EF
:10A43000D8F80050022B3DD84E4B99F8212153F803
:10A44000224094F8AD2053F82220D2F88830D2F878
:10A450008C100B4303F02103212B62D0D4F88830F9
:10A46000202B2CD15EB3BBB24BB300252122C4F804
:10A470009050C4F88820D8F80080A4F85430A4F88C
:10A480005630A368B3F5805F03D123690BB9354615
:10A490001E46B4F856309BB2002B49D14FF47A7364
:10A4A000424640212046FFF75DFF40B92023C4F813
:10A4B000883004E030490220E9F708FD60BB3846E7
:10A4C00003B0BDE8F08F5BF824A0BAF1000F07D00D
:10A4D0000220E9F7FBFCDAF8002027498242ABD0E2
:10A4E0000134E4B2032C89F82141ECD12249022045
:10A4F000E9F7ECFC0028E2D00223C9F81031002370
:10A5000000931A461D484FF41651EAF737F999F8A7
:10A510002131022B90D9D2E7DFF858B01649002438
:10A52000E0E7D8F800305B1BB3F57A7F8DD3C6E740
:10A530004FF47A73424680212046FFF713FF00282C
:10A54000BDD122685EB935F8023BC3F308039362BC
:10A55000B4F85630013B9BB2A4F8563099E716F890
:10A56000013BF4E703685B689847A8E7080100200F
:10A57000E8040020101C0020FC5E02087801002086
:10A58000134A144910B514680B69DB0313D40B6923
:10A59000D80744BF012008614CF2FA310B4011D1B9
:10A5A0000C49086910F480200BD013681B1BB3F50D
:10A5B0007A7FF6D304E013681B1BB3F57A7FE3D3ED
:10A5C000032010BD034A1361034A01205360F8E7DA
:10A5D000E8040020004000588050002038B590F872
:10A5E000413003F02803282B04460D4603D119B946
:10A5F0004FF40073436438BD48F20201E8F76CF889
:10A6000094F84030012BF6D094F841300121292BE9
:10A6100084F8401014D12046E8F75EF823681A68E1
:10A6200052040DD51A68A06B22F480421A6038B12A
:10A63000174B8363E7F78AFF10B1A06B836B9847D2
:10A640002A2384F84130202384F8423000212368F3
:10A6500061645A6822F400425A6001226285628D68
:10A6600022854FF08072E2620A4A62639A699869B1
:10A670006562C00303D4120744BF0822DA6184F87C
:10A680004010204648F20201BDE83840E7F7B9BF64
:10A69000C5260008F92D000870B590F89130012BFF
:10A6A00004460E46A0F1040509D1436E3BB1836E0A
:10A6B00028469847022384F8913000236366012ED0
:10A6C0004FF0000364D1E26E84F891301AB184F83F
:10A6D00090302846904794F8905094F8413003F019
:10A6E0002803282BEDB203D11DB94FF40073636426
:10A6F00070BD48F201012046E7F7EEFF94F84030C4
:10A70000012BF5D0012384F8403094F841302A2BF6
:10A7100015D120460221E7F7DFFF23681A681004ED
:10A720000DD51A68E06B22F400421A6038B11E4B56
:10A730008363E7F70BFF10B1E06B836B9847292326
:10A7400084F841302246202384F8423052F8703B8E
:10A7500000206064596821F4004159606585626297
:10A76000628D22854FF00072E262104A62639A693C
:10A770009969C90303D5120744BF0822DA6184F836
:10A78000400048F201012046BDE87040E7F739BFBC
:10A790006366012384F89130636E7433E9182046B0
:10A7A000BDE870401AE700BFC5260008F92D000873
:10A7B00070B590F84130026803F02803282B044656
:10A7C00028D1956991699368D668C668022EC5F349
:10A7D000004515D1C3F3C21383EA114313F00603F6
:10A7E0000ED1816C01318164816C022917D108215D
:10A7F0008364D16180F840302946BDE870404BE762
:10A800004FF40041E7F768FF002384F84030294601
:10A810002046F2E70823D361002380F8403070BD62
:10A82000D0F88C30202B10B571D100296FD00023C7
:10A83000494AC366036893423FD18165816801221A
:10A84000A0F85C20A0F85E20B1F5805F4FF0000218
:10A8500042673ED10269002A40F2FF1218BFFF2270
:10A86000A0F860200022C0F890202222C0F88C209E
:10A8700003F1080252E8002F42F0010203F108043C
:10A8800044E800210029F3D1446E81680269B4F1E3
:10A89000005F42D1B0F86840012C3ED8B1F5805F2E
:10A8A00036D132B32D4A426753E8002F42F480720A
:10A8B00043E800210029F7D11DE05A681202BCD5F7
:10A8C00053E8002F42F0806243E80024002CF7D1C7
:10A8D000B3E729B90269002A14BF7F22FF22BFE72C
:10A8E000B1F1805FBCD10269002A14BF3F227F22F0
:10A8F000B6E71B4A426703F1080252E8002F42F014
:10A90000805203F1080040E800210029F3D110BD76
:10A9100012494167002AC7D1EDE7B1F5805F16D132
:10A9200052B1104A426753E8002F42F4907243E854
:10A9300000210029F7D1EAE70B4A426753E8002FCC
:10A9400042F0200243E800210029F7D1DFE7054962
:10A950004167002AF2D0E6E700800040F743000894
:10A9600095450008CB0400088905000837B5062383
:10A9700080F81D3200F5AA750023C0F820120446A5
:10A9800000931A462846E9F7F9FE2046FDF7C9FA72
:10A990002846E9F739FBB0B90C4B94F90402C4F826
:10A9A000EC31E7F783FD94F80522094B04F2062108
:10A9B00053F82200FFF734FF94F9040203B0BDE816
:10A9C0003040E7F766BD03B030BD00BFAD4D0108B4
:10A9D000101C0020836810B504462BB103220146E9
:10A9E00098470023C4E9023310BD30B400244FF46B
:10A9F0007A75C0E90145074D0560074D0561C0E95D
:10AA00000644047580F8204080F81F4130BCFDF7F3
:10AA1000F5BB00BF98900208B83E00202DE9F04138
:10AA2000CCB004AC0F4616460146002220461D4617
:10AA3000DDF84881FFF7D9FFA369E3B10F4B029717
:10AA4000CDE900340E4B00219D42039103D03246E4
:10AA5000404609F084F8294642466846F6F7F0FD7C
:10AA60000028204614BF01250425F5F795FD28464A
:10AA70004CB0BDE8F0810525F9E700BF8D6C0008FA
:10AA8000BC9002082DE9F74F9A46384F01900023F9
:10AA90008B469C461C46A34514D11BF0070F09D0DA
:10AAA00032494978032904BF190C02F8011B190A1D
:10AAB00011705370BAF1000F01D0CAF800C003B092
:10AAC000BDE8F08F019897F801E0E108E543465CA6
:10AAD0002749BEF1020FA1F1100005F0070508BFDC
:10AAE000014646FA05F606F0010689463978C6F1B0
:10AAF00001006FEA01084FEA800008F00308C0B2C5
:10AB000000EBC800C8464FEA910905FB0EF558F85E
:10AB100029804FF0020928FA00F019FB01610CBFEF
:10AB20004FF010084FF04008B1FBF8F608FB161183
:10AB300000F00F00397004F00701A840072943EA2C
:10AB400000030CD1BEF1030F04BF190C02F8011B66
:10AB50001146180A01F8020B53700A46002379784F
:10AB600061441FFA81FC013495E700BFBC5000200E
:10AB7000E490020870B5931E222B8AB00ED801AD66
:10AB80002B4668B9AB4218D0481E1A46AA4219D8BB
:10AB90005A1B9D4288BF002200238B540AB070BD0F
:10ABA000B0FBF2F602FB16000928C4B207D8303019
:10ABB000C0B203F8010B3046E3E70646F7E704F1BD
:10ABC0005700F5E712F8014D00F8014FDEE71FB519
:10ABD0000A22044608466946FFF7CCFF684602F0A1
:10ABE00097FC694602462046FDF73BFC10B920461B
:10ABF000FDF7DDFB204604B010BD7FB500F11C065B
:10AC00000025144B03600446457513493046FDF793
:10AC1000ECFB01232375114B11491B68A360C4E9A8
:10AC20000355A4613046FDF70BFC314601A8FDF742
:10AC3000FDFBA16901A8FFF7CAFF01463046FDF7F9
:10AC4000E6FB01A8FDF7ACFBA3686560E36004B018
:10AC500070BD00BF2C9102081CAA0208E804002065
:10AC60008DAA020870B504460D46FFF7C6FF164BC5
:10AC70002360164BA362002384F82C30294604F18C
:10AC80001C00FDF7DDFBA26ACAB102F1240102F14A
:10AC9000C4050B4653F8040F18B18669A0698642B3
:10ACA0000DD0AB42F6D1002351F8040F40B90A335E
:10ACB00042F82340D2F8C8300133C2F8C83070BD22
:10ACC0000133282BF0D1FAE740910208E45000202C
:10ACD00007B50023ADF8043001AA02231721FEF7BF
:10ACE000EBF8BDF8040040BA80B203B05DF804FB95
:10ACF0007FB590F8354006460D4614B14F4804B074
:10AD000070BD03681B699847B06CFFF7E1FF8306CD
:10AD10000AD50123CDE9003303AAB06CADF80C408D
:10AD200002230721FAF752FC454925F0004002F0C2
:10AD300059FB044628B1304604B0BDE87040FDF729
:10AD40006DBF4049284602F07DFC3D4920F000409F
:10AD500002F048FB002862D13B49284602F072FC11
:10AD6000374920F0004002F03DFB002859D1374917
:10AD7000284602F067FC324920F0004002F032FB26
:10AD8000002850D13249284602F05CFC2C4920F0C2
:10AD9000004002F027FB002847D12E49284602F048
:10ADA00051FC274920F0004002F01CFB00283ED156
:10ADB0002949284602F046FC214920F0004002F0D3
:10ADC00011FB002835D12549284602F03BFC1C49DF
:10ADD00020F0004002F006FB68BB2149284602F043
:10ADE00031FC174920F0004002F0FCFA002885D021
:10ADF000072000238DF80D3044F20103ADF80E302A
:10AE000041F2883373670123CDE900338DF80C00DC
:10AE10000423B06C03AA9721FAF7D8FB6FE720460A
:10AE2000E7E70120E5E70220E3E70320E1E704206C
:10AE3000DFE70520DDE70620DBE700BF41FDFFFF80
:10AE40006F12833ACDCCCC3F9A99D93F6666E63FE4
:10AE5000CDCC0C409A991940CDCC2C4000004040FC
:10AE60003333534007B50D4BB3F88C2193F88E3133
:10AE7000ADF804208DF8063001AA03231421FEF753
:10AE80001BF89DF805309DF804209DF806001B0274
:10AE900043EA0243184303B05DF804FBE88F02085D
:10AEA00070B586B00D46164600211422044601A84E
:10AEB00008F055FE3246294601A8F6F745FE08B1CE
:10AEC000049B236006B070BD02F00F020B2A13D85A
:10AED000DFE802F00E0E0E0E10060C0C0C0C120C1D
:10AEE000012242EAC1020023F6F7B8BB0222F8E7CA
:10AEF0000022F6E70522F4E70369034A002B08BFA6
:10AF00001346036100207047FCA70208F8B5C66924
:10AF10000D68083EB5420F4613D3B5FBF6F0013875
:10AF20000AF07AFD841CA5EB8404B4FBF6F42046F9
:10AF30000AF072FDA5EB800504FB16553D60204626
:10AF4000F8BD0020FCE72DE9F04F89B00646DDF89A
:10AF50004C8005920F464BB94FF0FF32C8F80020E5
:10AF6000149A0020136009B0BDE8F08F0468013B1B
:10AF700007A920460793FFF7C9FF12A905462046F7
:10AF8000FFF7C4FF4FF0040A81460DF1140BA945E9
:10AF9000059B03D3C8F80030129BE1E7A5EB090439
:10AFA000B4FA84F495FAA5F2B2FA82F2C4F11F045D
:10AFB000944228BF1446A2000092CDE901BA0022B3
:10AFC00039463046F4F763FF0028CCD10123A34073
:10AFD000ED1ADCE72DE9F04F89B00646DDE91209EC
:10AFE0000F4690469B46E8B10138059005A93068A8
:10AFF000FFF78CFF0DF1180A044659464846F2F750
:10B000003BFB78B974B104F00105C5F102039B0064
:10B01000CDE901A300905B46424639463046F4F73D
:10B0200036FF10B109B0BDE8F08FE34313F0010B18
:10B0300005D006994846F2F71FFB0028F2D108AB6D
:10B0400003EB8B03023D53F808BC2C44D5E710B545
:10B050000C468269A068FF2108F081FD4FF0FF33A4
:10B06000236010BD38B51C4C836AE0600546C3B14F
:10B07000A362EB6A03B3636318492846FFF7E7FF4F
:10B080004FF0FF332362E3681A6BE2B1A264002041
:10B090004FF0FF33C4E90433C4E9060084F84C00E0
:10B0A00038BD406909F0A4FDA0620028E1D1FDF798
:10B0B00045F86FF00B00F3E7A86909F099FD6063AC
:10B0C0000028D9D1F3E7586AC00809F091FDA064BF
:10B0D0000028DCD1EBE700BFB83E0020E43E0020B2
:10B0E00030B599B0FFF7BEFF044600282ED11D4DA4
:10B0F0000290EB6828641B6A6B64C5E90E000123AB
:10B1000002AA0DA905F10C000393F4F766FF0446AB
:10B1100008BB202300930E9905AB102205F10C000B
:10B12000F4F74EFF0446B0B9069B2B610E49079B0E
:10B130006B6108220BA808F0E8FC044648B90A9B9A
:10B140001A0C012A0AD19BB2012B07D8204619B04C
:10B1500030BD6FF03304FCF7F1FFF7E76FF0150433
:10B16000F9E700BFB83E0020A7AA0208043008444F
:10B17000104470472DE9F043804695B00E461746BF
:10B18000994601F12405FA79B9797879346AFFF79B
:10B19000EDFFD8F80030DB692044984215D8043C14
:10B1A00047F8044B00230C21CDE90A37CDE90C14F4
:10B1B000CDE90E3910920994022309AA314640467E
:10B1C000F5F772FE15B0BDE8F083002C36DB35468E
:10B1D0000FCD09AC0FC40FCD0FC495E8070084E86C
:10B1E000070031464046F5F736F80028EAD1129BB1
:10B1F0007362139BB362336A3A46043B42F8043BE2
:10B2000003920C22CDE90130CDE90423FB790893A8
:10B21000CDE90609022301AA31464046F5F744FE6E
:10B220000028CFD1119B43F0004311937368129310
:10B23000B36813930246034609A9C0E72A4631467C
:10B240004046F4F7CAFE00289DD0BBE770B52C4DF0
:10B250009CB095F84C300190002B42D001AB2948AE
:10B2600002AA06A9F5F718FC831C044643D1019EE7
:10B270002F2130460AF079FB002839D1EB682148AC
:10B280001B6A6B6411A9F4F7E6FF044600282FD16E
:10B290000F9B1A93109B1B930246034611A9194852
:10B2A000F5F702FE044618BB40F622038DF80E00A7
:10B2B0003046ADF80C3002F02BF9129A139B8DF842
:10B2C0000F00CDE90F23049205930E48334602AADE
:10B2D00006A9FFF74FFF044650B9EB681B6A6B6481
:10B2E00006E005F10C00F5F7B5FC04460028B5D0E2
:10B2F00020461CB070BD002808BF6FF01004F7E7AF
:10B30000B83E0020C43E00202DE9F84303780546EE
:10B310002F2B00AF0CBF013028464FF000082F2123
:10B320000AF023FB044618B92846FFF78FFF1BE0FD
:10B33000661B06F1080323F00703E946ADEB030D96
:10B34000684626EAE672002100F8018B08F007FC47
:10B3500032462946684608F0ADFC6846FFF776FF9E
:10B3600028B1113003D0CD46BD46BDE8F883601C3E
:10B37000CD46D4E7C368184738B5044604B938BD8C
:10B38000E068FFF7F9FFA568204609F039FC2C4674
:10B39000F4E72DE9FF47894604460C991E461546F9
:10B3A0000AB91E4B5D68D4E91BA3A3EB0A084FEA58
:10B3B000281057460023834216D1002000950191A2
:10B3C000E9F776FD4D45029000D116B9144BD3F83C
:10B3D000EC610396B8F1900F04F16C0418D869463B
:10B3E0002046F1F725FF0DE03A4652F810CBAC4568
:10B3F0000BD179600020E9F75BFD4D45B86001D1C4
:10B4000006B1FE6004B0BDE8F08701331746D2E70D
:10B4100051462046F1F75CFFE1E700BFD40A002067
:10B42000443F002070B5044690F8786090F8795059
:10B43000084602F061FBAA1B00F1140353431E22CD
:10B4400093FBF2F33344D8B20D4B1B79022B10D08F
:10B45000A36E5D43012303FA00F000284FEA45057F
:10B4600005DDFCF794FFA36E03FB005070BD0020C8
:10B47000F9E710B14000FCF78AFFA36E5843F5E7E7
:10B48000F0040020006808B109F0BABB704700B5AD
:10B4900009288BB00CD8684607F098FD089840F250
:10B4A000DB5398428CBF002001200BB05DF804FBF9
:10B4B0000120FAE71FB5E9F74FFE78B10948FFF719
:10B4C00023FF094A094903A8FFF7EAFC0023009378
:10B4D000064A054B03990648FEF750FC05B05DF897
:10B4E00004FB00BF10A40208881E0020BC900208C4
:10B4F000B0AA020807B5E9F72FFE58B10748FFF7D1
:10B5000003FF01230093064A064B074840F2E1611E
:10B51000FEF734FC03B05DF804FB00BF10A4020882
:10B5200078910208D40A0020C3AA020837B505465C
:10B53000E9F712FE044600285DD03048FFF7E4FE2C
:10B54000EB0718D52E4B2F4801221A7083F888215B
:10B5500083F8A42183F8642083F8942083F8C02022
:10B5600083F8E82183F8F82140F2F2210092264A7C
:10B57000FEF704FC0446A80721D5244B24480122E9
:10B5800083F8642183F8F4201A7083F82C2183F85F
:10B59000D82083F8142183F83C2183F8E62183F82E
:10B5A000FA2183F8F42183F8942183F820224FF4C0
:10B5B0004D710092174AFEF7E1FB2040C4B2290703
:10B5C0000DD50E48FFF7A0FE01230093124A134B3E
:10B5D000134840F2CE21FEF7D1FB2040C4B26A07E7
:10B5E00003D5FFF787FF2040C4B2EB0603D5FFF772
:10B5F00061FF2040C4B2204603B030BD10A4020851
:10B60000F0040020D7AA020820800208443F00204E
:10B61000EBAA020808800208F07F0208B449002063
:10B62000FFAA020810B50446E9F796FD38B1204696
:10B63000FFF77CFF18B92046BDE8104076E710BD43
:10B640002DE9F043DFF87C8198F8D47291B006467A
:10B65000002F43D090F8009090F802E090F808C0D6
:10B66000B9F1000F06D1BEF1000F03D1BCF1000FFC
:10B6700000F08880544D0FCD6C460FC40FCD0FC421
:10B680000FCD0FC495E80F0084E80F00B9F1000F4B
:10B6900005D073788DF8013001238DF80030BEF1AC
:10B6A000000F01D073680893BCF1000F02D0F3685B
:10B6B000ADF81A306846ECF7DDFF18B9012168468D
:10B6C000ECF702FE6C460FCC3F4D0FC50FCC0FC5FB
:10B6D0000FCC0FC594E80F0085E80F0098F8D5321D
:10B6E0009BB1327C3AB173692BB1402B28BF402308
:10B6F000C8F8BC311746327E3AB1F3692BB1402B02
:10B7000028BF4023C8F8D031174698F8D6323BB14D
:10B7100096F8203023B1726A002A35D0C8F8682024
:10B7200098F8D71298F8D82281B396F8281069B300
:10B73000F16A59B3254BC3F8401122B196F8303065
:10B740000BB1726B42BB002F37D10320FFF76AFFAA
:10B750001F48E9F703FD044688B31423037300214F
:10B760000220E9F7B9FB1B49A06004F10D0008F0C5
:10B7700099FA194B186803685B68214611B0BDE857
:10B78000F04318476746A9E71346C9E73AB196F868
:10B79000302022B1726B12B1C8F81420D3E717B968
:10B7A000002BD5D0D1E743B90120FFF73BFF0A4B6F
:10B7B00001211868E9F7AAFECAE70320F5E711B0EE
:10B7C000BDE8F083F004002098060020443F0020EC
:10B7D0009012002015AB0208A01E00202DE9F041B8
:10B7E0000C4680B9164DDFF85C802F6847F22F5663
:10B7F0004046FEF7B3FA30B16420FCF78FFF2B68A8
:10B80000DB1BB342F4D9104DD5F8F4000368DB6BB1
:10B8100098470E48FEF7A2FA14B91F20FFF702FF5F
:10B820000B4B186808B1EDF753FD00210846FCF7F3
:10B83000FDFED5F8F4000368BDE8F041DB6B184766
:10B84000E80400208C480020C050002098480020C8
:10B850009C50002038B52D4CD8220021204608F0FD
:10B860007EF9012518232A49C4F890314022601D31
:10B87000257084F82C5184F8D85084F8145184F839
:10B880003C5184F8F45084F864510AF08CF8214952
:10B89000402204F145000AF086F81F49202204F1F5
:10B8A00085000AF080F81D49202204F1A8000AF062
:10B8B0007AF81B4984F81E522D22C4F800220A226D
:10B8C00084F8F6218A88C98884F8F71152BA0023CF
:10B8D000A4F8F8216FF00042C4E9502384F8A55081
:10B8E00084F8E65184F8E83184F8FA5184F8FC31A0
:10B8F00084F8F451C4F84C31C4F85431C4F85C31C4
:10B90000C4F8EC31C4F8283238BD00BF443F0020F1
:10B9100033AB020847AB02084FAB0208C0A30208D2
:10B92000D40A002070B5454C88B0054658B194F84B
:10B93000F85145B1B4F81C22002A7DD004F21E2132
:10B94000684608F0B7F94FF438723C48002108F017
:10B9500006F90222182384F8E6210422C4F8F431FF
:10B9600084F8A92101234022237084F8883184F8C7
:10B97000A43184F8643084F8943084F8C03084F8BA
:10B98000F83184F8C53184F8C03184F8B831C4F88E
:10B99000BC2184F8E431A5B12023294AA4F81C3243
:10B9A0006D460DEB03062B4603CBB342106051608E
:10B9B0001D4602F10802F6D1214922482022EFF764
:10B9C00014F90023A4F8FA3184F86C3064224FF49F
:10B9D0009673C4E921232379022B18BF42F6302342
:10B9E0004FF001054FF000064FF0010018BF6361F2
:10B9F00084F8905084F8A75284F8A962FEF7D6FB29
:10BA000011491248202209F0CEFF114BC4F8F03141
:10BA1000104B84F8EC5193F8F83084F88461B3FA51
:10BA200083F35B0984F8ED3140F22B33A36708B050
:10BA3000BDE87040FDF744BF154684E7F0040020E0
:10BA40000E0700205AAB020867AB02081706002059
:10BA500040E20100C05000202DE9F04104460E46AE
:10BA600025484FF0FF3190461F46E4F7C0FF0546DA
:10BA700000283ED096E8030085E8030085F80080A2
:10BA8000D4F8A4306F60022B08D104F19400FEF7C3
:10BA9000A5F8014610B11848E4F79DFF95E80300AA
:10BAA00004F1F40383E80300D4F8A430012B06DD8D
:10BAB000D4F8FC300133C4F8FC30BDE8F081D4F890
:10BAC000A80018B1036800211B689847D4F8A0307B
:10BAD00004EB8302013303F0010348BF5B42C2F869
:10BAE0009450C4F8A030D4F8A4300133C4F8A43082
:10BAF000DEE70070FFDE00BF083F002010B50446FF
:10BB00000A46081D6168884201D0E9F798F8636821
:10BB1000043B636010BD2DE9F74FD0E9016B9DF840
:10BB200030A005460F46904699465E45314601D104
:10BB300000241CE056F8044B01912046E9F765FD0E
:10BB4000B8420199F1D1D4F814314345EDD1D4F87C
:10BB5000583113B1B9F1000FE7D0BAF1000F03D09B
:10BB600094F820315345E0D2281DFFF7C7FF204647
:10BB700003B0BDE8F08F204B70B503601F4B1D680C
:10BB8000D5E90031CC1A2411002C1A4608DCCB1A56
:10BB9000082B27D00C2B21D0042B27D00A4606E0F7
:10BBA0001B68984203D05368984209D10432101D93
:10BBB000814201D0E9F743F86B68043B6B6070BDCC
:10BBC0009368984201D10832F1E7D668B04202F199
:10BBD000100301D10C32EAE7013CD5E71368984223
:10BBE000E5D0043213689842E1D0043213689842D9
:10BBF00018BF0A46DBE700BF98910208204C0020DE
:10BC00002DE9F0472B4D2C4B2C68C0E90031002367
:10BC1000C0E902330746036134B90C2008F0E8FF9D
:10BC2000C0E9004484602860D5F80080D8E9015359
:10BC30009D4205D045F8047BC8F80450BDE8F08764
:10BC4000D8F800906FF06043A5EB090AB3EBAA0F98
:10BC50004FEAAA0402D1194805F03BFE4D4514BF36
:10BC600022460122A41821D214B39C4228BF1C46AC
:10BC70002046FCF733FC06462946324646F80A7051
:10BC80004846FEF7D9F82946021D2846FEF7D4F8A3
:10BC90000546B9F1000F02D0484608F0B1FFC8E9E7
:10BCA000006506EB8406C8F80860C7E71C46DFE7B6
:10BCB0002646E1E7204C0020989102081AA00208CD
:10BCC0000C2008F095BF006810B103685B68184746
:10BCD00070471FB50021684607F0DCFF40B9064BEE
:10BCE0001A68064BDDE900011A60054BC3E9000143
:10BCF00005B05DF804FB00BFE80400202C1D002007
:10BD0000301D0020826A0F4B30B4036092B1856908
:10BD100002F12401002351F8044F7CB1A469A5422B
:10BD20000CD10A33002142F82310D2F8C830013B6D
:10BD3000C2F8C83030BC1C30FCF732BB0133282BB2
:10BD4000E9D1F7E7409102082DE9FF4705461E4B70
:10BD500055F8046F036004460DF104084FF0000924
:10BD6000AE4205D16068854228D104B0BDE8F087B5
:10BD7000CDE90188B768CDF80C90396801988F42F9
:10BD800003D1404515D13668EAE78B68D1F800A0A9
:10BD90009C420CD181420AD0824508D0524605F01F
:10BDA000B4FA039B01330393BB68013BBB6051466C
:10BDB000E4E7076808F024FF3846E2E7046808F083
:10BDC0001FFF2046CFE700BFF872020870B5056874
:10BDD00004460E46A54200D170BDA86803683146EE
:10BDE0009B6898470028F7D12D68F3E703460B4A74
:10BDF00043F8082B0A4A42600A4A4061C0E902330C
:10BE00000023C0E9062300F12802C0E90A220361E9
:10BE100080F8203043620363704700BF2C5B020848
:10BE2000185B020847060008F0B5002597B00446E5
:10BE30002E46A18B8D4228DB6846FFF7D7FF1C4BAF
:10BE40001C4A00930D920EAB1B4A54F8105FCDF8BC
:10BE500044D0CDE90E330023CDE912231093ADF881
:10BE6000543001238DF85630ADF85060ADF85210C3
:10BE7000A54205D0A868036869469B689847A0B1A9
:10BE80006846E5F776F917B0F0BD29466068EAF72D
:10BE9000D7F807460020E9F70BF8FB6FC01AB0F59A
:10BEA000E15FB8BF01360135C3E72D68E0E700BFA9
:10BEB000705B0208FC7402084D0C0008F8B50746D8
:10BEC0001446EAF7BFF90646A8B1A388022B12D19F
:10BED000083400F184050FCC0FC50FCC0FC594E8D2
:10BEE0000300012385E8030086F880303846FE60B1
:10BEF000BDE8F84098E7F8BD30B5C5B004460D463A
:10BF000001466846F3F798FE694604F13000F3F7FE
:10BF1000E7FE4FF0FF334360002380F8FA300A2336
:10BF200080F822310B4B59680B4B04466A4618685F
:10BF3000FFF7C4FF094835B100682146E9F7F5FA73
:10BF4000012045B030BD006801232A462146EAF7AA
:10BF5000F5FAF5E7D40A0020841E0020A01E002078
:10BF60008842134604D00A1A0146981A07F0DDBD2C
:10BF7000704708B5034678B1084A904206D9084A86
:10BF8000904201D905F09FFC05F09AFCE820584347
:10BF9000BDE8084008F02CBE08BD00BFCB3D8D00B9
:10BFA000967B1A01006808B108F02ABE7047204B42
:10BFB00073B503600446ECF7E8F804F58E60FFF70C
:10BFC000F1FFD4F8403253B1D4F86432D4F854526B
:10BFD0001E1DAE4220D8D4F8400208F011FE04F134
:10BFE0001400ECF76AF8606904F12C03984201D060
:10BFF00008F006FE26460F4B56F8045F2360B54254
:10C000000FD12846ECF74EF82846C4E9015502B096
:10C01000BDE87040ECF746B855F8040B08F0F0FDA9
:10C02000D7E7A868019401A9ECF75AF82D68E6E76C
:10C03000F08F0208F87202084B6843608B688360D7
:10C04000CB68C3600B6903610B7D03758B698361EA
:10C05000CB69C3611F3100F1200300F5907011F826
:10C06000012F03F8012B8342F9D1704784B070B5DA
:10C07000C8B04CAC84E80F009DF83051062D00F09C
:10C08000B68031D8022D28D84DB3944CBDF832314A
:10C09000227B002B77D1002A76D1667B002E40F0E0
:10C0A0009380BDF836214EA904F59C7007F002FE7E
:10C0B000012D30D12A4604F59C716846FEF795FCA7
:10C0C000694604F11800FFF7B7FF266BF6B10620AA
:10C0D000FCF780F82573A58201E0042D7AD048B0E2
:10C0E000BDE8704004B07047152D00F0B780182DE2
:10C0F000F5D10620FCF76EF87948F4F745FA784850
:10C10000F4F74AFA7748FDF750FE6CE01520FCF78B
:10C1100061F82673E3E7324604F59C716846FEF742
:10C1200064FC694604F11800FFF786FF256B25B90A
:10C130001520FCF74FF86573D1E7314601258822B9
:10C1400004F5DC70A582657307F009FD4FF001135B
:10C15000802204F5E07104F11800C4F8B831F4F756
:10C16000BCFA86B2314604F5E070A4F8BE61FBF774
:10C17000ABFF7F2EA4F8BC0100D8A573A18A574855
:10C18000E9F713FAABE7E2B1A28A9A4215D1BDF8FA
:10C190003651BDF8346129464EA8FBF795FF86421B
:10C1A0000BD12A464EA94E48F4F704FC0620FCF7B2
:10C1B00011F8A38A0133A38291E71520FCF70AF84E
:10C1C0008DE7637B002B8AD01820FCF703F800234F
:10C1D000637384E70620FBF7FDFF4148F4F7D4F9C9
:10C1E0003F48F4F7D9F93D4B00221A7377E73B4CEF
:10C1F000637B8BB3A17B51B10420FBF7EBFF04F110
:10C200001800F4F7C9F900236373A37367E7A58ADD
:10C2100001351923ADB2882204F5DC702361A582B3
:10C22000012607F09CFC802204F5E07104F118005F
:10C23000A4F8BA5184F8B861F4F74FFA85B22946E8
:10C2400004F5E070A4F8BE51FBF73EFF7F2DA4F883
:10C25000BC0193D8A67391E71820AFE71F4C637B0E
:10C26000002BF9D02369013B002B236107DC182048
:10C27000FBF7B0FF04F11800F4F78EF9A7E7882266
:10C28000002104F5DC7007F06AFC012384F8B83162
:10C2900094F82C30A58AA06AA4F8BA5143B9266B49
:10C2A0000C303146F4F7D1F810B9013DED0135629B
:10C2B0000D498022A1F5D470F4F70FFA85B2294612
:10C2C0000948A4F8BE51FBF7FFFE7F2D98BF01235C
:10C2D000A4F8BC0198BFA37350E700BF48460020F4
:10C2E00060460020804700200848002030B5ADF5AA
:10C2F0005D7D0C460022014604A8FEF776FB0A9BF2
:10C30000002B40D09DF82430002B3CD004A94CA831
:10C31000FDF79FFD1D4D529B002B31D09DF85031F4
:10C3200073B39DF84431FBB154A994A8FCF75DF8B0
:10C33000294601A8FCF759F801A994A8FCF7B9F817
:10C3400060B901A8FCF72CF894A8FCF729F874B19F
:10C35000611EC9B254A8FFF7C9FF05E001A8FCF7A8
:10C360001FF894A8FCF71CF84CA8F4F715F904A9D9
:10C3700094A8FDF76EFD94A94CA8FFF75DFECAE7EF
:10C3800004A8F4F709F90DF55D7D30BD06A9020892
:10C390000023C0E900338360704738B5FFF7F8FF2A
:10C3A0000023C3608B6804460D462BB102229847D8
:10C3B000EB68E360AB68A36038BD30B587B002AD11
:10C3C00004462846FFF7E9FF95E803006B4683E83B
:10C3D000030094E8030085E8030093E80300049B4E
:10C3E000A268A360059B049284E80300E268E3600E
:10C3F00028460592E7F7A2FA07B030BD08B5FFF767
:10C40000C7FF0023C36008BDF8B5044600F1640708
:10C410000D46384604F1B402FFF7F0FF10309042A9
:10C42000FAD12846E7F70EFB5C4A256104F10C03BC
:10C43000002542F8203004F110060E23C4E9173518
:10C440003046C4E90C55C4E90E55C4E9105584F8CA
:10C450002C50A56484F84C5084F84D50E460E7F704
:10C4600073FD3846FEF7B6FA04F17400FEF7B2FA2F
:10C4700004F18400FEF7AEFA04F19400FEF7AAFA84
:10C4800004F1A400FEF7A6FA4FF6FF73C4E90653C1
:10C490008023A36294F84D30A560C4E90055C4E937
:10C4A0000855656103F0FF0223BB84F84C20304639
:10C4B000E7F74AFD2069E7F767FDD4E91712E6F7C9
:10C4C00013F82069E7F760FDE5F7E3FF26693046DA
:10C4D000E7F77AFD05463046E7F756FD854209D075
:10C4E000D4E917122846E5F7FFFF2069E7F76CFD4E
:10C4F000E5F7CFFF22692A49022384F84D308A42AA
:10C50000136802D0B2F1804F08D1A16923F0700303
:10C510000B43216A23F440730B4306E021498A420E
:10C52000F7D001F580618A42F3D0A16A23F080033D
:10C530000B431360E369D36263699362184B9A42B9
:10C5400007D003F5C0539A4203D003F580639A42A3
:10C5500001D1636A1363012353611169C90742BFA3
:10C56000116921F00101116184F8583084F84E30CE
:10C5700084F84F3084F8503084F8513084F85230C9
:10C5800084F8533084F8543084F8553084F85630A9
:10C5900084F8573084F84D30F8BD00BF001C0020EF
:10C5A000002C0140004401402DE9F84FC3B2192B83
:10C5B0000E4619D85A4A52F8233000F4E0641C435E
:10C5C000651C00F0AA80DFF85C81C4F303134FEA16
:10C5D000830908EB830304F00F07D3F8FC30FB401A
:10C5E000D80723D5504B15E000F0C002C02A40F018
:10C5F0009480C82B00F291804C4B00F03F0200F475
:10C60000E06453F82220464B53F82230D7E7944297
:10C6100053D00C331A68511CF9D1C1440122D9F806
:10C62000FC30BA4023EA0203C9F8FC30052E33D8A7
:10C63000DFE806F0333F393B3D41BBF1804F15D178
:10C640004FF0B042936D23F00103936500234AF845
:10C65000203005F1640BEB6005F1B40ADA4517D020
:10C66000AAF1100A5046E7F769F9F7E7304B9B4506
:10C6700005D14FF0B042136E23F400334BE02D4B45
:10C680009B45E3D14FF0B042136E23F4802342E088
:10C69000284608F0B5FAC0E7FEE700212046BDE8CD
:10C6A000F84FE7F77FBB1021F8E72021F6E70321D9
:10C6B000F4E70121F2E70921F0E71B49DFF878A050
:10C6C0002046E7F703FCE7F7BDF95AF820300546A6
:10C6D0007BB9B42008F08CFA134983462046E7F76B
:10C6E000F5FB01465846FFF78FFE5AF82530C3F890
:10C6F00000B05AF825301D68002D8ED0D5F810B046
:10C700005846E7F79FF90D4B9B4596D14FF0B04245
:10C71000136E23F40063136698E7BDE8F88F00BF3B
:10C72000D4830208C0500020C09102083C84020853
:10C730000044014000480140001C0020002C014042
:10C7400021B990F84430012B13D07047042904D14B
:10C7500090F84530012B32D07047082904D090F86A
:10C760004730012B33D0704790F84630012B2AD048
:10C770007047022380F84430036801F01F0104224F
:10C780008A40196A21EA02011962196A0A431A6287
:10C790005A6C42F400425A640F4A934202D0B3F1F9
:10C7A000804F07D199680D4A0A40062A06D0B2F593
:10C7B000803F03D01A6842F001021A6070470223DA
:10C7C00080F84530D8E7022380F84630D4E70223CA
:10C7D00080F84730D0E700BF002C0140070001007F
:10C7E00008293ED015D829B304292BD090F843202E
:10C7F00090F84730012ADBB25FD1012B5DD10C29C3
:10C8000074D8042927D000296AD0022380F8433045
:10C8100060E00C2952D01029E8D190F8422090F81D
:10C820004730012ADBB248D1012B46D1022380F8E0
:10C8300042304FE090F83E2090F84430012ADBB2BD
:10C840004CD0704790F83F2090F84530012ADBB279
:10C8500033D1012B31D1022380F83F3080F84530AD
:10C860000DE090F8402090F84630012ADBB224D148
:10C87000012B22D1022380F8403080F84630036833
:10C8800001F01F0101228A40196A21EA020119629E
:10C89000196A0A431A62174A934202D0B3F1804FD1
:10C8A00007D19968144A0A40062A06D0B2F5803F9B
:10C8B00003D01A6842F001021A60704790F84120D4
:10C8C00090F84730012ADBB2F7D1012BF5D10223D2
:10C8D00080F84130022380F84730D0E7012BECD1BB
:10C8E000022380F83E3080F84430C8E710298CD10C
:10C8F0009CE700BF002C01400700010008291BD065
:10C9000007D879B1042912D090F84330012B54D0C4
:10C9100070470C2915D0102918D090F84330012BFE
:10C920004BD0704790F83E30012B14D0704790F8F0
:10C930003F30012B31D0704790F84030012B30D080
:10C94000704790F84130012B2FD0704790F842305B
:10C95000012B2ED07047022380F83E30036801F08F
:10C960001F0101228A40196A21EA02011962196A2B
:10C970000A431A621C4A934228D002F5C0529342DD
:10C980001FD002F5806293421BD0B3F1804F21D0BB
:10C990001A6842F001021A6024E0022380F83F3056
:10C9A000DCE7022380F84030D8E7022380F84130EA
:10C9B000D4E7022380F84230D0E7022380F84330E6
:10C9C000CCE75A6C42F400425A64E1E75A6C42F4F4
:10C9D00000425A649968054A0A40062A02D0B2F514
:10C9E000803FD5D1704700BF002C014007000100F7
:10C9F00090F83D30012B15D102230B4A80F83D30D1
:10CA00000368934202D0B3F1804F07D19968074A77
:10CA10000A40062A06D0B2F5803F03D01A6842F0D9
:10CA200001021A60704700BF002C0140070001009E
:10CA30000B4600F108010160D3E900124FF000033A
:10CA40000A44E8F7A1BB00BF81F0004102E000BF4B
:10CA500083F0004330B54FEA41044FEA430594EABE
:10CA6000050F08BF90EA020F1FBF54EA000C55EAF9
:10CA7000020C7FEA645C7FEA655C00F0E2804FEACA
:10CA80005454D4EB5555B8BF6D420CDD2C4480EAAC
:10CA9000020281EA030382EA000083EA010180EADC
:10CAA000020281EA0303362D88BF30BD11F0004F2A
:10CAB0004FEA01314FF4801C4CEA113102D0404260
:10CAC00061EB410113F0004F4FEA03334CEA13339B
:10CAD00002D0524263EB430394EA050F00F0A780B3
:10CAE000A4F10104D5F1200E0DDB02FA0EFC22FAAE
:10CAF00005F2801841F1000103FA0EF2801843FAA2
:10CB000005F359410EE0A5F120050EF1200E012A92
:10CB100003FA0EFC28BF4CF0020C43FA05F3C018D0
:10CB200051EBE37101F0004507D54FF0000EDCF149
:10CB3000000C7EEB00006EEB0101B1F5801F1BD3F2
:10CB4000B1F5001F0CD349085FEA30004FEA3C0CF6
:10CB500004F101044FEA445212F5800F80F09A80EC
:10CB6000BCF1004F08BF5FEA500C50F1000041EBF0
:10CB7000045141EA050130BD5FEA4C0C404141EBF4
:10CB80000101013C28BFB1F5801FE9D291F0000FEF
:10CB900004BF01460020B1FA81F308BF2033A3F19E
:10CBA0000B03B3F120020CDA0C3208DD02F1140C95
:10CBB000C2F10C0201FA0CF021FA02F10CE002F1D0
:10CBC0001402D8BFC2F1200C01FA02F120FA0CFCC9
:10CBD000DCBF41EA0C019040E41AA2BF01EB045112
:10CBE000294330BD6FEA04041F3C1CDA0C340EDC10
:10CBF00004F11404C4F1200220FA04F001FA02F353
:10CC000040EA030021FA04F345EA030130BDC4F110
:10CC10000C04C4F1200220FA02F001FA04F340EA05
:10CC20000300294630BD21FA04F0294630BD94F0B6
:10CC3000000F83F4801306BF81F480110134013D9D
:10CC40004EE77FEA645C18BF7FEA655C29D094EA0E
:10CC5000050F08BF90EA020F05D054EA000C04BF8C
:10CC60001946104630BD91EA030F1EBF0021002077
:10CC700030BD5FEA545C05D14000494128BF41F016
:10CC8000004130BD14F580043CBF01F5801130BD7A
:10CC900001F0004545F0FE4141F470014FF0000005
:10CCA00030BD7FEA645C1ABF194610467FEA655CB6
:10CCB0001CBF0B46024650EA013406BF52EA033558
:10CCC00091EA030F41F4002130BD00BF90F0000F46
:10CCD00004BF0021704730B54FF4806404F1320482
:10CCE0004FF000054FF0000150E700BF90F0000F3B
:10CCF00004BF0021704730B54FF4806404F1320462
:10CD000010F0004548BF40424FF000013EE700BF31
:10CD100042004FEAE2014FEA31014FEA02701FBFC1
:10CD200012F07F4393F07F4F81F06051704732F0F3
:10CD30007F4208BF704793F07F4F04BF41F400214A
:10CD4000704730B54FF4607401F0004521F00041A8
:10CD50001CE700BF50EA010208BF704730B54FF032
:10CD600000050AE050EA010208BF704730B511F033
:10CD7000004502D5404261EB41014FF4806404F16B
:10CD800032045FEA915C3FF4D8AE4FF003025FEAF1
:10CD9000DC0C18BF03325FEADC0C18BF033202EB75
:10CDA000DC02C2F1200300FA03FC20FA02F001FACF
:10CDB00003FE40EA0E0021FA02F11444BDE600BF72
:10CDC00070B54FF0FF0C4CF4E06C1CEA11541DBF21
:10CDD0001CEA135594EA0C0F95EA0C0F00F0DEF8EC
:10CDE0002C4481EA030621EA4C5123EA4C5350EAD1
:10CDF000013518BF52EA033541F4801143F4801322
:10CE000038D0A0FB02CE4FF00005E1FB02E506F0B2
:10CE10000042E0FB03E54FF00006E1FB03569CF007
:10CE2000000F18BF4EF0010EA4F1FF04B6F5007F0D
:10CE300064F5407404D25FEA4E0E6D4146EB06067F
:10CE400042EAC62141EA55514FEAC52040EA5E5008
:10CE50004FEACE2EB4F1FD0C88BFBCF5E06F1ED8B2
:10CE6000BEF1004F08BF5FEA500E50F1000041EBE9
:10CE7000045170BD06F0004646EA010140EA020096
:10CE800081EA0301B4EB5C04C2BFD4EB0C0541EAB8
:10CE9000045170BD41F480114FF0000E013C00F3CD
:10CEA000AB8014F1360FDEBF002001F0004170BDF1
:10CEB000C4F10004203C35DA0C341BDC04F114040A
:10CEC000C4F1200500FA05F320FA04F001FA05F296
:10CED00040EA020001F0004221F0004110EBD37063
:10CEE00021FA04F642EB06015EEA430E08BF20EA8F
:10CEF000D37070BDC4F10C04C4F1200500FA04F332
:10CF000020FA05F001FA04F240EA020001F00041C3
:10CF100010EBD37041F100015EEA430E08BF20EA36
:10CF2000D37070BDC4F1200500FA05F24EEA020E7E
:10CF300020FA04F301FA05F243EA020321FA04F0AD
:10CF400001F0004121FA04F220EA020000EBD37064
:10CF50005EEA430E08BF20EAD37070BD94F0000F64
:10CF60000FD101F00046400041EB010111F4801F98
:10CF700008BF013CF7D041EA060195F0000F18BF49
:10CF8000704703F00046520043EB030313F4801F85
:10CF900008BF013DF7D043EA0603704794EA0C0F3F
:10CFA0000CEA135518BF95EA0C0F0CD050EA410655
:10CFB00018BF52EA4306D1D181EA030101F00041D2
:10CFC0004FF0000070BD50EA410606BF10461946FA
:10CFD00052EA430619D094EA0C0F02D150EA013606
:10CFE00013D195EA0C0F05D152EA03361CBF104647
:10CFF00019460AD181EA030101F0004141F0FE41E6
:10D0000041F470014FF0000070BD41F0FE4141F469
:10D01000780170BD70B54FF0FF0C4CF4E06C1CEA69
:10D0200011541DBF1CEA135594EA0C0F95EA0C0F1E
:10D0300000F0A7F8A4EB050481EA030E52EA0335D9
:10D040004FEA013100F088804FEA03334FF08055FA
:10D0500045EA131343EA12634FEA022245EA111527
:10D0600045EA10654FEA00260EF000419D4208BFD8
:10D07000964244F1FD0404F5407402D25B084FEA85
:10D080003202B61A65EB03055B084FEA32024FF431
:10D0900080104FF4002CB6EB020E75EB030E22BF8E
:10D0A000B61A754640EA0C005B084FEA3202B6EB4E
:10D0B000020E75EB030E22BFB61A754640EA5C00FD
:10D0C0005B084FEA3202B6EB020E75EB030E22BF8D
:10D0D000B61A754640EA9C005B084FEA3202B6EB8E
:10D0E000020E75EB030E22BFB61A754640EADC004D
:10D0F00055EA060E18D04FEA051545EA16754FEAAF
:10D1000006164FEAC30343EA52734FEAC2025FEACC
:10D110001C1CC0D111F4801F0BD141EA00014FF05B
:10D1200000004FF0004CB6E711F4801F04BF01432C
:10D130000020B4F1FD0C88BFBCF5E06F3FF6AFAE48
:10D14000B5EB030C04BFB6EB020C5FEA500C50F1D8
:10D15000000041EB045170BD0EF0004E4EEA11315B
:10D1600014EB5C04C2BFD4EB0C0541EA045170BD62
:10D1700041F480114FF0000E013C90E645EA060EA6
:10D180008DE60CEA135594EA0C0F08BF95EA0C0FD4
:10D190003FF43BAF94EA0C0F0AD150EA01347FF41C
:10D1A00034AF95EA0C0F7FF425AF104619462CE7F3
:10D1B00095EA0C0F06D152EA03353FF4FDAE104656
:10D1C000194622E750EA410618BF52EA43067FF4A7
:10D1D000C5AE50EA41047FF40DAF52EA43057FF437
:10D1E000EBAE12E74FF0FF3C06E000BF4FF0010C42
:10D1F00002E000BF4FF0010C4DF804CD4FEA410CA6
:10D200007FEA6C5C4FEA430C18BF7FEA6C5C1BD072
:10D2100001B050EA410C0CBF52EA430C91EA030FF3
:10D2200002BF90EA020F0020704710F1000F91EA50
:10D23000030F58BF994208BF90422CBFD8176FEA1E
:10D24000E37040F0010070474FEA410C7FEA6C5CEC
:10D2500002D150EA013C07D14FEA430C7FEA6C5CF3
:10D26000D6D152EA033CD3D05DF8040B704700BF1F
:10D270008446104662468C461946634600E000BF6D
:10D2800001B5FFF7B7FF002848BF10F1000F01BD3F
:10D290004DF808EDFFF7F4FF0CBF012000205DF80A
:10D2A00008FB00BF4DF808EDFFF7EAFF34BF01208F
:10D2B00000205DF808FB00BF4DF808EDFFF7E0FF28
:10D2C00094BF012000205DF808FB00BF4DF808ED79
:10D2D000FFF7CEFF94BF012000205DF808FB00BFE0
:10D2E0004DF808EDFFF7C4FF34BF012000205DF8C2
:10D2F00008FB00BF4A0011D212F5001211D20DD561
:10D300006FF47873B3EB62520ED44FEAC12343F04B
:10D31000004343EA505323FA02F070474FF00000F5
:10D32000704750EA013002D14FF0FF3070474FF0A4
:10D33000000070474FF0FF3C06E000BF4FF0010CCB
:10D3400002E000BF4FF0010C4DF804CD4FEA40025F
:10D350004FEA41037FEA226C18BF7FEA236C11D0A9
:10D3600001B052EA530C18BF90EA010F58BFB2EB5C
:10D37000030088BFC81738BF6FEAE17018BF40F0DC
:10D38000010070477FEA226C02D15FEA402C05D190
:10D390007FEA236CE4D15FEA412CE1D05DF8040B15
:10D3A000704700BF844608466146FFE70FB5FFF7A8
:10D3B000C9FF002848BF10F1000F0FBD4DF808ED60
:10D3C000FFF7F4FF0CBF012000205DF808FB00BF51
:10D3D0004DF808EDFFF7EAFF34BF012000205DF8AB
:10D3E00008FB00BF4DF808EDFFF7E0FF94BF0120F8
:10D3F00000205DF808FB00BF4DF808EDFFF7D2FFF5
:10D4000094BF012000205DF808FB00BF4DF808ED37
:10D41000FFF7C8FF34BF012000205DF808FB00BF04
:10D4200053B94AB9002908BF00281CBF4FF0FF318B
:10D430004FF0FF3000F00CB8ADF1080C6DE904CEF0
:10D4400005F0FAFADDF804E0DDE9022304B07047E4
:10D45000704700BF10F8012B11F8013B012A28BFCB
:10D460009A42F7D0D01A7047000000000000000078
:10D4700001F0FF01102A2BDB10F0070F08D010F885
:10D48000013B013A8B422DD010F0070F42B3F6D189
:10D49000F0B441EA012141EA014122F007047FF0A2
:10D4A00000070023F0E80256083C85EA010586EAF9
:10D4B000010685FA47F5A3FA87F586FA47F6A5FA35
:10D4C00087F68EB9EED1F0BC01F0FF0102F0070241
:10D4D00032B110F8013B013A83EA010313B1F8D1EC
:10D4E0000020704701387047002D06BF35460338CD
:10D4F000073815F0010F07D1013015F4807F02BF06
:10D50000013015F4C03F0130F0BC0138704700BF56
:10D51000034613F8012B002AFBD1181A0138704773
:10D520004FEA410C7FEA6C5C02D150EA013C0AD11F
:10D530004FEA430C7FEA6C5C02D152EA033C02D111
:10D540004FF0000070474FF0010070474FEA410272
:10D5500012F5001215D211D56FF47873B3EB625245
:10D5600012D94FEAC12343F0004343EA505311F06C
:10D57000004F23FA02F018BF404270474FF00000FE
:10D58000704750EA013005D111F0004008BF6FF03C
:10D59000004070474FF00000704700BF4FEA410263
:10D5A000B2F1E04324BFB3F5001CDCF1FE5C0DD901
:10D5B00001F0004C4FEAC0024CEA5070B2F1004F4B
:10D5C00040EB830008BF20F00100704711F0804F4E
:10D5D00021D113F13872BCBF01F00040704741F413
:10D5E00080114FEA5252C2F11802C2F1200C10FA17
:10D5F0000CF320FA02F018BF40F001004FEAC123FB
:10D600004FEAD32303FA0CFC40EA0C0023FA02F39E
:10D610004FEA4303CCE77FEA625307D150EA013374
:10D620001EBF4FF0FE4040F44000704701F0004044
:10D6300040F0FE4040F40000704700BF80F0004022
:10D6400002E000BF81F0004142001FBF5FEA4103DA
:10D6500092EA030F7FEA226C7FEA236C6AD04FEADA
:10D660001262D2EB1363C1BFD2184140484041401F
:10D67000B8BF5B42192B88BF704710F0004F40F4D1
:10D68000000020F07F4018BF404211F0004F41F4ED
:10D69000000121F07F4118BF494292EA030F3FD0B9
:10D6A000A2F1010241FA03FC10EB0C00C3F12003CC
:10D6B00001FA03F100F0004302D5494260EB40005B
:10D6C000B0F5000F13D3B0F1807F06D340084FEAC6
:10D6D000310102F10102FE2A51D2B1F1004F40EBBB
:10D6E000C25008BF20F0010040EA03007047490023
:10D6F00040EB0000013A28BFB0F5000FEDD2B0FAC0
:10D7000080FCACF1080CB2EB0C0200FA0CF0AABFE2
:10D7100000EBC25052421843BCBFD0401843704780
:10D7200092F0000F81F4000106BF80F40000013286
:10D73000013BB5E74FEA41037FEA226C18BF7FEA5D
:10D74000236C21D092EA030F04D092F0000F08BF9F
:10D750000846704790EA010F1CBF0020704712F086
:10D760007F4F04D1400028BF40F00040704712F1C5
:10D7700000723CBF00F50000704700F0004343F02A
:10D78000FE4040F4000070477FEA226216BF084660
:10D790007FEA23630146420206BF5FEA412390EA23
:10D7A000010F40F4800070474FF0000304E000BF19
:10D7B00010F0004348BF40425FEA000C08BF7047CA
:10D7C00043F0964301464FF000001CE050EA01028E
:10D7D00008BF70474FF000030AE000BF50EA0102A3
:10D7E00008BF704711F0004302D5404261EB410190
:10D7F0005FEA010C02BF84460146002043F0B643B5
:10D8000008BFA3F18053A3F50003BCFA8CF2083AD9
:10D81000A3EBC25310DB01FA02FC634400FA02FCE2
:10D82000C2F12002BCF1004F20FA02F243EB0200E9
:10D8300008BF20F00100704702F1200201FA02FC4B
:10D84000C2F1200250EA4C0021FA02F243EB02003E
:10D8500008BF20EADC7070474FF0FF0C1CEAD05282
:10D860001EBF1CEAD15392EA0C0F93EA0C0F6FD043
:10D870001A4480EA010C400218BF5FEA41211ED021
:10D880004FF0006343EA501043EA5111A0FB01310D
:10D890000CF00040B1F5000F3EBF490041EAD371E2
:10D8A0005B0040EA010062F17F02FD2A1DD8B3F15E
:10D8B000004F40EBC25008BF20F00100704790F0CD
:10D8C000000F0CF0004C08BF49024CEA502040EA1F
:10D8D00051207F3AC2BFD2F1FF0340EAC2507047E5
:10D8E00040F400004FF00003013A5DDC12F1190F23
:10D8F000DCBF00F000407047C2F10002410021FA95
:10D9000002F1C2F1200200FA02FC5FEA310040F1AC
:10D91000000053EA4C0308BF20EADC70704792F025
:10D92000000F00F0004C02BF400010F4000F013A5D
:10D93000F9D040EA0C0093F0000F01F0004C02BF58
:10D94000490011F4000F013BF9D041EA0C018FE7C7
:10D950000CEAD15392EA0C0F18BF93EA0C0F0AD0CD
:10D9600030F0004C18BF31F0004CD8D180EA0100F3
:10D9700000F00040704790F0000F17BF90F0004F8C
:10D98000084691F0000F91F0004F14D092EA0C0F6E
:10D9900001D142020FD193EA0C0F03D14B0218BF01
:10D9A000084608D180EA010000F0004040F0FE4047
:10D9B00040F40000704740F0FE4040F440007047E3
:10D9C0004FF0FF0C1CEAD0521EBF1CEAD15392EA62
:10D9D0000C0F93EA0C0F69D0A2EB030280EA010C52
:10D9E00049024FEA402037D04FF0805343EA1111EB
:10D9F00043EA10130CF000408B4238BF5B0042F149
:10DA00007D024FF4000C8B4224BF5B1A40EA0C00ED
:10DA1000B3EB510F24BFA3EB510340EA5C00B3EB1F
:10DA2000910F24BFA3EB910340EA9C00B3EBD10F0D
:10DA300024BFA3EBD10340EADC001B0118BF5FEA5F
:10DA40001C1CE0D1FD2A3FF650AF8B4240EBC25088
:10DA500008BF20F0010070470CF0004C4CEA502049
:10DA60007F32C2BFD2F1FF0340EAC250704740F498
:10DA700000004FF00003013A37E792F0000F00F08A
:10DA8000004C02BF400010F4000F013AF9D040EA08
:10DA90000C0093F0000F01F0004C02BF490011F49C
:10DAA000000F013BF9D041EA0C0195E70CEAD15394
:10DAB00092EA0C0F08D142027FF47DAF93EA0C0F7B
:10DAC0007FF470AF084676E793EA0C0F04D14B025F
:10DAD0003FF44CAF08466EE730F0004C18BF31F011
:10DAE000004CCAD130F000427FF45CAF31F000430B
:10DAF0007FF43CAF5FE700BF4FEA4002B2F1FE4F58
:10DB00000FD34FF09E03B3EB12620DD94FEA0023FF
:10DB100043F0004310F0004F23FA02F018BF4042D8
:10DB200070474FF00000704712F1610F01D14202BF
:10DB300005D110F0004008BF6FF0004070474FF073
:10DB40000000704742000ED2B2F1FE4F0BD34FF0EF
:10DB50009E03B3EB126209D44FEA002343F0004363
:10DB600023FA02F070474FF00000704712F1610F86
:10DB700001D1420202D14FF0FF3070474FF0000058
:10DB8000704700BF10B5054C237833B9044B13B16F
:10DB90000448AFF300800123237010BDF05400202F
:10DBA00000000000405A020808B5034B1BB10349AE
:10DBB0000348AFF3008008BD00000000F4540020CB
:10DBC000405A02080368DB6A184700000148F6F76C
:10DBD000A3BE00BFB00800202DE9F0471E4690F814
:10DBE000DD3A04461546002B52D02D4B93F8B03247
:10DBF000002B4DD009784339C9B214299BBF294B5A
:10DC00005B184FF0000993F8B895274BD3F84837C5
:10DC1000DBB3D3F81C8004F590674FF40072002149
:10DC2000384605F09CFF06230121A4F884340846F9
:10DC300084F82C96E7F750F91F22C4F808064146ED
:10DC400004F20C6007F0AFFE33462A4640F27F1123
:10DC500004F5916005F01CFF002808DD0138204420
:10DC600090F888340A2B04BF002380F888343B46A0
:10DC70004FF4FF7104F69D000C4AEBF7B9FC014626
:10DC80002046BDE8F047EBF7C1BADFF82480C2E7D1
:10DC900033462A4604F52A60BDE8F047E7F728B97D
:10DCA000E8040020585A0208E01500202860020805
:10DCB0001CAA020890F84D3070B50446BBB10D4B5C
:10DCC000026D1B689A4212D8002500F1580680F8B0
:10DCD0004D5045653046FDF7B3FC382229463046A5
:10DCE00005F03DFF236A04F120009B6998476FF01F
:10DCF000004070BDE804002070B5144D95F82C323A
:10DD00000446F3B1124B1878FCF798FA10B1114B96
:10DD10001B78B3B9104B1E6801213046E7F738F87D
:10DD200078B13046E7F749F858B14FF0FF31204657
:10DD3000FAF74AFED5F8280228B14FF47A7358430F
:10DD400070BD0121F3E70548FAE700BF083F002056
:10DD5000701E00206C0000201C1D0020009749014F
:10DD600002292DE9F04104460E4633D0032900F084
:10DD7000BC80012940F0F58090F82C3273B3002369
:10DD800080F82C32D0F828020368DB6E98472368AD
:10DD900032465B6B0146074620469847724B93F824
:10DDA000B8310646FBB9714B1B68D3F88421324465
:10DDB000C3F884210A21D3F83C21B2FBF1F20621F9
:10DDC000B2FBF1F001FB102203EB82031A6B324429
:10DDD0001A6303E0C36F0BB1ECF706F92368204622
:10DDE0005B6D984789E0D4F8280203683A461B6BBC
:10DDF00004F18801984728B1D4F830320133C4F8CF
:10DE00003032D0E7183FF7D4D4F834320133C4F8B5
:10DE10003432D4F88C30002BE0D05548EBF7ACF816
:10DE2000D4F88C300360D4F888304360D4F8903054
:10DE3000C0F8143194F896300372B4F8943003F0BB
:10DE40007F0380F82031B4F894305B0A80F82A31DF
:10DE5000B4F89420C2F3C011C2F30022054680F842
:10DE6000211180F82921002B38D1C0F85031C5F894
:10DE70005431236829465B6F2046984705236B8100
:10DE80003A4604F1A00105F10E0005F013FF374BEF
:10DE9000AF811B683749D3F864213244C3F8642149
:10DEA0000A6832440A60D3F83C210A21B2FBF1F23D
:10DEB0000621B2FBF1F001FB102203EB82031A6B87
:10DEC00032441A632C4B1868002887D0012385F848
:10DED0005C31036829461B6A98477FE7D4F898307D
:10DEE000C0F85031D4F89C30C1E7D0E973239A428E
:10DEF00037D003681B6F984720B92046BDE8F04132
:10DF0000E9F712BAD4E97332934226D01B68D3F8EA
:10DF1000581151B1194B1B68C91A002905DD04F5C8
:10DF2000CA70BDE8F041FBF7B1BD236820469B6D88
:10DF30009847054600287FF451AFD4E973139942FE
:10DF400004D004F5E6700D68FDF7D8FD2368294676
:10DF500020469B6EBDE8F04118470023D3F85831A6
:10DF6000FFDEBDE8F08100BFF00400201C1D002092
:10DF7000581E0020F0070020A41E0020E804002006
:10DF80002DE9F14F504D95F8383204463BB9A3695D
:10DF90009B6904F1180001B0BDE8F04F184790F8F4
:10DFA0004530CBB1002380F8453095F85902002860
:10DFB000EDD095F85B124900FEF7F6FA95F8303D82
:10DFC00043F6982247F2305002FB0300013385F8F4
:10DFD000303D01B0BDE8F08FDFF8F0B0866CD5F8C9
:10DFE0003C02E7F7ECF8DBF800309B1B984213D8B3
:10DFF000FAF716FD95F85A22354B03EB82030646D5
:10E000000146D3F8C83794F84C00984784F84C6020
:10E01000804690B1012850D0D5F84032002B51D025
:10E02000A16CDBF80020521A4FF47A714B439A42EC
:10E0300048D3FAF7F5FC014640E0282006F0D8FD69
:10E04000244905F24522814607F042FC2046EDF7BF
:10E050001FFB074680F821814846FFF759FA1FFA4F
:10E0600080FAA7F80EA05246494607F1100005F0C5
:10E0700021FE95F8443256465BB1BAF1E80F08D854
:10E080003E4407230AF1010A337486F81180A7F889
:10E090000EA0DBF80030A3640020FCF7CFF80346A5
:10E0A00028B902460C4839460068E8F747FA48465E
:10E0B00006F0A6FD4FF47A708BE731462046EEF766
:10E0C000E3FCF7E7642084E7083F0020E804002031
:10E0D00080750208F1A50208A01E0020F8B5304D99
:10E0E00095F83431064663B12E4F826E3B689A42F2
:10E0F0000AD24FF0FF338366EEF784FF002386F8E1
:10E100006C306FF00040F8BD90F86C30002B44D0BC
:10E11000D5F83841D5F8343D3A68002C08BF4FF4A3
:10E120007A742344934206D295F8312D002182F06F
:10E130000102EEF73BFFD5F8383D3A68234493429D
:10E1400007D295F8322D012182F001023046EEF718
:10E150002DFF95F843316BB9D5F83C3D3A6823441F
:10E16000934207D295F8332D022182F00102304606
:10E17000EEF71CFF95F843316BB10B4BDA6852B1E7
:10E1800093F85D3003F0FD03012B04D096F86C305A
:10E1900003B13B6819242046B5E74FF47A74E9E7E8
:10E1A000083F0020E8040020F00400202DE9F14F92
:10E1B0009A4D95F8DC3004462BB9D4F8A03A04F512
:10E1C0002A609B69D0E095F8F13053B190F8CD3AD0
:10E1D000002B00F0C28095F8E830012B6BD16E2740
:10E1E00072E0D5F8E030002BE7D0D5F8E430002B12
:10E1F000E3D090F8CD3A002B00F0AF8095F8E830EE
:10E20000012B6ED0023BDBB20D2B6CD8844A02EBA3
:10E210008303D3F88C71D5F8E030824EE3B1D5F8A2
:10E22000E420CAB1D1B2192960D87D4800EB810140
:10E23000D1F8C41102F4E0620A43C6F8FC21DAB254
:10E24000192A66D8764901EB8202D2F8C42103F478
:10E25000E0631343C6F8003239467348FCF786FB87
:10E26000D5F8EC30002B08BFFA237420336106F098
:10E27000BFFC6E4907464FF00008FDF7C1FC6C4B30
:10E280003B60C7E905885622414607F11C0005F0AE
:10E2900066FC95F8F030032B4ED01A1F012A4DD89A
:10E2A0000323A7F87230C6F82C7284F8CD8A0A20AE
:10E2B00001B0BDE8F08F023BDBB20D2B0ED8584AFF
:10E2C00002EB8303D3F88C715A4E3046F6F724FBE9
:10E2D000594B0A201E60FAF721FA9CE74FF41647C3
:10E2E000F2E76E2797E74FF4164794E702F0C00075
:10E2F000C0280BD1C82909D8494902F03F0001EBD9
:10E300008000D0F82C0201EB800191E74FF0FF3242
:10E3100093E703F0C001C0290BD1C82A09D8404AAD
:10E3200003F03F0102EB8101D1F82C1202EB8102D4
:10E330008BE74FF0FF338DE70123B2E74022A7F8C8
:10E340007220022B3D4AFA60C6F82C7284F8CD8AFE
:10E35000ADD12046ECF7C6F9A9E795F8F030022BCD
:10E3600006D12368DB6A204601B0BDE8F04F1847AC
:10E37000062B9CD02B4F07F1080907F50C7848466F
:10E38000F5F798FC002892D02748E9224146F9F792
:10E3900047FED7F82C62C7F83004F468CCB1DFF838
:10E3A000A0A09AF800B00025EBB29B4505D8254BFC
:10E3B0001878FBF7B9FA04460BE02846FBF77AFE1B
:10E3C000214607F0A5FA6B1C28BB4C2404FB05A4CE
:10E3D0000434336830469B6998474FF0FF33054655
:10E3E00043600CB123780372D7F83024EA8100240B
:10E3F000012385F82131414685F8FA4092B205F1B2
:10E40000100005F057FC10482346006822462946B4
:10E41000E8F794F8B3E71D46C6E700BF443F002085
:10E42000108202084C4C0020544C00207CA70208AB
:10E4300068840208B0080020FC00002074A40208D0
:10E44000B4490020701E0020A01E002038B593881B
:10E45000022B0846144608D1054B1D68E7F7D5F88E
:10E46000224601462846FDF729FD002038BD00BFA1
:10E47000841E0020104B73B5D3F84C540F4B466DDF
:10E48000456504461868E6F798FC50B10023721BF6
:10E49000CDE9003318BF01224FF0FF312046F1F7DC
:10E4A000C0FA074B586920B14FF47A73584302B051
:10E4B00070BD0448FBE700BF4C4C00201C1D002031
:10E4C000F004002080CBA40030B5244B1D68ADF5CE
:10E4D000617D044695B16868E7F76FFA80B195F8F9
:10E4E000202195F82A319A420AD21D4B1B7903F05C
:10E4F000FB03022B04D0012384F83B30002022E0F0
:10E500004FF4B072294688A805F0D4FB4FF4887206
:10E510000021684605F023FB124ABDF82E126B4617
:10E520008CA8ECF711F90028E8D0BDF80430022BD4
:10E5300004F130050AD1214644A8F1F77DFB44A936
:10E540002846F1F7CDFB0DF5617D30BD062BD5D109
:10E55000214644A8F0F7FEF8F1E700BF244C002064
:10E56000F0040020D8850208F0B5634B90F859609C
:10E570001D6897B00446002E00F0BB80012E27D105
:10E58000C36DC26EEB1A934240F29B80022380F867
:10E5900059305A490DA8F9F728FF0DA92046F3F77D
:10E5A000C3FB0DA8F9F7FCFE00232566C4F89830DC
:10E5B0000DA904F120008DF83460FAF7BBF9A56EBF
:10E5C00004F12C002946E6F767FC284617B0F0BD99
:10E5D000032E1FD0022E40F08C80036EED1A836E46
:10E5E0009D426ED30025464980F859507C30F9F79A
:10E5F00027FF2046F3F7AEFB414904F17000F9F71D
:10E600001FFF0123C4F898508DF834300DA904F190
:10E6100020006CE0436EC26D13445D1BB5F57A7F3C
:10E6200000F1700700F120064ED3364907A8F9F72C
:10E63000DCFE07A904A8F9F7F9FE00230A220DA9B8
:10E640004FF47A70B5FBF0F0CDE90A330C93FCF788
:10E6500091FA0DA90AA8F9F7F3FE0C9A0A9904A8F1
:10E66000F9F7FFFE10B904A8F9F7A1FE26490DA895
:10E67000F9F7BBFE0F9A0D9904A8F9F7F2FE10B94D
:10E6800004A8F9F794FE04A901A8F9F7CFFE0DA894
:10E69000F9F786FE0AA8F9F783FE04A8F9F780FEC9
:10E6A00007A8F9F77DFE01A93846F9F7B0FE012366
:10E6B0000DA930468DF83430FAF73CF901A8F9F786
:10E6C0006FFE4FF47A7081E7002380F859300C49CF
:10E6D0007C30F9F7B5FE2046F3F73CFB0849384695
:10E6E000F9F7AEFE01238DF834300DA93046FAF764
:10E6F00021F96FF0004069E7E80400208FA90208C3
:10E700001CAA0208A4A9020897A7020870B5904C99
:10E71000904DE3684FF6FF0633402B43E3604FF024
:10E72000B04396B01A6D42F400221A651A6D02F4D5
:10E7300000220392039A9A6C42F480529A649B6C72
:10E7400003F480530293029BE5F7E6FAE368334053
:10E750002B43E360E4F7CEFC7F4C20600020E4F71D
:10E76000DBFC4422002105A805F0F9F97B4A136877
:10E7700023F4C06343F400731360136803F4C063AD
:10E780000193019B202304934FF0010E0023B0223C
:10E7900004A8CDE90CE3CDE90E23E4F7E7FC00B1D2
:10E7A000FEE76F490B6813F0060F6E4B1BD04FF05E
:10E7B000B042916821F0F001916018689168CE0331
:10E7C00022D5D2F8081121F00F01C2F808111868FB
:10E7D0004FF0B042D2F80811CD031AD41968091AC3
:10E7E0000229F7D90FE00A6822F0070242F002027C
:10E7F0000A6018680A6802F00702022AD7D01A686D
:10E80000121A022AF6D9FEE71968091A0229D5D97F
:10E81000F9E7916821F4E061916018684FF0B04227
:10E820009168890304D41968091A0229F8D9EAE71A
:10E83000916821F46051916018684FF0B04291687E
:10E840004E0304D41968091A0229F8D9DBE71168C4
:10E850008D07D8D5916821F00301916018684FF0B9
:10E86000B04141F288358A6812F00C0F0ED13C4954
:10E870000A6802F00702022A0DD8E4F73BFC3A4B83
:10E8800020601868E4F748FCB0B1BCE71A68121AB7
:10E89000AA42E8D9B7E70A6822F0070242F002026A
:10E8A0000A6018680A6802F00702022AE5D01A68AE
:10E8B000121A022AF6D9A6E72C4B5A7F02F0FF0162
:10E8C00002B9197702225A771A79E2B91A682849E7
:10E8D0005161916821F01801916059791A680029F5
:10E8E00034D14FF0FF3111619168586921F0600116
:10E8F000014391609168986921F080010143916022
:10E9000001225A7710E09C68E0070DD51F22013ADA
:10E9100003D324FA02F1C907F9D5D968102911D017
:10E9200004D839B108290FD016B070BD1829FBD111
:10E93000062AF9D818684461826822F018020A434E
:10E940008260CAE7072AF4E70F2AF2E71969CAE7E3
:10E9500000ED00E00003FA05640000200004005808
:10E9600000400058E804002060000020080100205A
:10E97000B71DC10430B5044685B0FCF73EF900254B
:10E98000114B2360A022C4E93255294604F1280026
:10E9900005F0E5F8A368656004F11C05E3600B4928
:10E9A0002846F9F74DFD294601A8F9F73FFDA16971
:10E9B00001A8FCF70CF901462846F9F728FD01A843
:10E9C000F9F7EEFC05B030BD6891020895AA02087F
:10E9D00008B5FDF7DDFC0023C36008BD2DE98048C4
:10E9E000DBB0AFF3008001210020FDF7DDFD012148
:10E9F0000020F9F71BFEE6F7AFFBB8B903240121AD
:10EA00000020F9F713FE4FF49670F9F787FE002106
:10EA10000846F9F70BFE4FF49670F9F77FFE013CBC
:10EA2000EDD14FF4FA60F9F779FEE7E74FF42E6085
:10EA300006F0DEF8814F824E04463946F9F75EFD56
:10EA40000025804BC4F8A45AC4F8A03A84F8AC5A04
:10EA500004F52B607C49C4F8A87AFCF703F97B4BDA
:10EA6000236003F14C026833C4F8B03A0323C4F8BE
:10EA7000A02A84F884364FF4E13184F8DD5A84F812
:10EA800098583846C6F8F440FBF770FF2046EBF77D
:10EA900029FE1020D6F8F44006F0AAF80022002340
:10EAA000C0E900236A4B0572186004F52A64694BBB
:10EAB00069491B68694D2046F9F75CFCD6F8F400FB
:10EAC000674B684A6849009300F52A60674BF9F77D
:10EAD00051FCD6F8F400664900F52A60F9F74AFCC3
:10EAE000012006F085F8634B6349186006F1400089
:10EAF000F9F7A6FC614906F5A470F9F7A1FCD5F871
:10EB0000E0255F4B03EA822303F1FF6303F5F22361
:10EB1000B3F1006F40F2C9805A4C2379002B40F0CA
:10EB2000C480A068002840F0B780D5F8E055544F65
:10EB3000DFF82881DFF8509107EA852505F1FF65A8
:10EB400005F5F225D8F8E01507EA812101F1006307
:10EB50009D42C0F0A68194F80480B8F1000F03D064
:10EB600000232371F9F7EAFAA068FCF77BFA05465F
:10EB7000002856D1E3685A6A0146D208A06C04F016
:10EB8000EEFFE2684148A563D2E9083214A9C4E95E
:10EB900010539A4294BFE263E363F1F75CFB0028F1
:10EBA0003DD13A482BA9F1F756FB0346002836D150
:10EBB00002462BA93548F2F777F9054600282ED1F1
:10EBC000334B2C9F2D9A27614FF01009CDE90B9301
:10EBD000E3686261D9690F912E491B6A0868109336
:10EBE0004968CDF81C904FF00113119312ABCDE999
:10EBF0000D7203C33423CDE91D721C930CAF202387
:10EC0000CDE9097308932148012307AA14A9F2F753
:10EC10004BF9002800F04F81343000F04D81F9F7B6
:10EC20008DFA2379002B40D1A06800283DD0FCF755
:10EC300057FAB0FA80F04009207136E0B0080020A1
:10EC4000C0500020AC9202087FAB0208805B020833
:10EC5000AC3E0020E80400208DAB02080070FF1FCE
:10EC6000C6AB0208719F0208AAAB020833A40208CF
:10EC7000DAAB02081C1F002013AC020822AC020809
:10EC800000FCFF03B83E0020007000F8C43E0020E6
:10EC90002E140008A7AA0208FCF722FA00280CBFCD
:10ECA0000123002323717FF440AF0A21BA48FDF706
:10ECB0001DFB602005F09CFF0446A046B749FBF70A
:10ECC000D1FFB74B48F8303B0023A363C4E90C885D
:10ECD000B44B04F13C0203F110071868596815465B
:10ECE00003C50833BB422A46F7D118689B88AB801E
:10ECF000AD4B28601F6867650025E56584F85850AE
:10ED0000C6F8FC41FCF7DCFF07F13801C0F80880C9
:10ED100002F009FB3B6C01333B64FCF7D1FF07F1C8
:10ED200034094146C0F8089002F0FDFAA36BD6F80A
:10ED3000FC019E4E0133A36303681B6A984734208D
:10ED400005F056FF9A49016000F11003C0E9043351
:10ED5000C0E909550572C5608561C5830584C56232
:10ED600080F830500446B02204312BA8C6F88453F2
:10ED700004F0A0FF8F48FAF7C5FF002840F0CC80D0
:10ED80000023039300238C49179314AACDE915336C
:10ED90000BA818231493FCF783F80B9DDFF81C8253
:10EDA00015A805F2C675FCF76DFB834B8448CDF8BA
:10EDB000008010222946FBF731FED8F80030172BCF
:10EDC00000F2C9802046E6F74EFF6568A38BD5E9BF
:10EDD000009B0A2B84BF0A23A38340F29C62ABEB07
:10EDE0000903934200F22981AA6876489910A2EBA0
:10EDF0000B0241439210C1F10A0142438A42C0F022
:10EE0000B5805846E9F70FF968606F4B6F48009678
:10EE100040F2146240F2E161FBF700FE012803D1E9
:10EE2000D6F88433172B2BD82046E6F7A9FF716854
:10EE30002046E7F7F5F918B303790BB3644A00F1FC
:10EE40000C0300F1340153F8045B42F8045B8B427D
:10EE5000F9D1002386F88930426BC6F88A2086F8FB
:10EE60008E3090F83A3086F8963090F85E3086F81A
:10EE7000BA3090F85F3086F8BB300420FCF7D2FB44
:10EE8000544D554B554800954FF4387240F2F221DD
:10EE9000FBF7C4FD012800F0DA800020FCF742FDFA
:10EEA000DAE0A9EB010129444D48C90AEFF728FD32
:10EEB00005F5006546E601252023CDE908370A93CC
:10EEC0004848CDF81C90012307AA14A9F1F7ECFFDC
:10EED00028B134307FF4A3AE002D3FF4A0AE002360
:10EEE0000125404807AA14A9CDE90735F1F775F8BF
:10EEF00000287FF494AEE3681B6A6364F9F71EF997
:10EF0000B8F1000F3FF48DAEA068FCF7E9F80028D7
:10EF10007FF487AE2571C8E62E4D2F4B2F48009504
:10EF20004FF4387240F2F221FBF778FD01287FF4AC
:10EF300027AF95F8F831002B3FF422AFB5F81C321B
:10EF40000393002B3FF41EAFB02205F5FD712BA8F3
:10EF500004F0B0FE16E708F104036360D8E901236A
:10EF60009B1A184A9B105343A3832EE71E4A05930E
:10EF700028460491E9F726F8DDE9041382460028C3
:10EF800059D01A4A904235D9194B984201D902F00A
:10EF90009AFC02F095FC00BF03A5020832AC0208FF
:10EFA000EC5A0208C0920208501E0020D40A002029
:10EFB000E092020838AC0208BC900208881E0020CB
:10EFC000B0AA0208CF467D6778910208C3AA02085A
:10EFD000360B0020F004002020800208D7AA020887
:10EFE00040020020C43E002048AC0208414CAE0064
:10EFF00082985C01BC2000FB0AF0CDE9043105F0E9
:10F00000F7FDDDE904310746F818E9F70CF83A4650
:10F0100059464846FAF710FFB9F1000F02D04846AA
:10F0200005F0EEFD07F5EB636B60BC2303FB0A7292
:10F030002F60AA60E9E60746E6E7B3F5EB6F7FF6D7
:10F04000E4AE09F5EB639B4518BF6B60DDE6D5F8D0
:10F05000F431172B7FF622AF95F8A43133B195F830
:10F06000A8311BB1C4480121E9F72EF9039B4BB12C
:10F07000C248ADF8CE30B0222BA904F01BFE01200F
:10F08000FCF7D0FABE4FBF4BBF4800974FF42E722B
:10F090004FF44D71FBF7C2FC012800F0AE81FCF784
:10F0A000D9FBDFF8E892BA4BBA48CDF800904FF49C
:10F0B0001A7240F2CE21FBF7B1FC012800F0A381C7
:10F0C000FAF724FCB44B0093B448B54B8C22CC2106
:10F0D000FBF7A4FCD7F89031162B37D81823C7F8C4
:10F0E0009031D7F84031B3F5617F04BF0023C7F8F2
:10F0F0004031D7F84431B3F5617F04BF0023C7F82E
:10F100004431D7F84C31B3F5617F04BF0023C7F811
:10F110004C31D7F85431B3F5617F04BF0023C7F8F1
:10F120005431D7F8EC31B3F5617F04BF0023C7F841
:10F13000EC31D7F82832B3F5617F08BF00234FF0D8
:10F14000020008BFC7F82832FCF76CFA4FF0000A3B
:10F15000D1465746A28B9245C0F25B81D8F8047025
:10F16000A2EB09039BB24FF0BC0A0AFB0377A3830F
:10F17000524600212BA804F0F2FC2BAA0AFB0971CD
:10F180003846E8F741FF40F214618648F2F716FD71
:10F19000102107468448F2F711FD4FF438710390AF
:10F1A0008248F2F70BFD4FF41A7104907748F2F79A
:10F1B00005FD47F2F85305902046F360E6F794FD0D
:10F1C000482386F895302B7986F89730784B794824
:10F1D0001A689B88C6F88F2010218380764A73684E
:10F1E0003D3806F0BDFA95F8F81161B9012363487E
:10F1F00085F8F831B02204F0B2FC6B7985F8A732BB
:10F200006B7E85F8A63295F8AA1249B901236B489E
:10F2100085F8AA32302204F0A2FC3C23C5F8D03293
:10F2200096F89680B8F1000F1ED195F8B831DBB191
:10F23000B5F8FAB1DFF88891BBF1200FD9F800A03A
:10F2400000F01481B5F81C3284F81E80202B40F0A9
:10F250002A81D9F800005B4A0368A2F12201DB6829
:10F260009847002840F0278171682046E6F7EAFFBA
:10F27000554980466A222BA804F01CFD28222FA99C
:10F280000DF1560006F08FFB052239A90DF17E0025
:10F2900006F089FB3DAEDDF8E900BDF8ED301490D5
:10F2A000ADF854300FCE22AD0FC596E80F0085E8BB
:10F2B0000F003C9B9DF8EFC021935A22BDF81431FA
:10F2C000ADF8A83014A908F106008DF883C004F049
:10F2D000F1FC01233D4888F80430FAF713FD08B922
:10F2E000FCF7E8F8314D294E0020FAF75FFF95F85A
:10F2F000A831002B6ED0364B1B78002B6AD0D5F886
:10F30000C8010021FEF75AF8002863D096F8009053
:10F310004FF00008C845C0F0F0800020184BD3F82B
:10F320004011002856D02A79022A4AF6C00218BF96
:10F330004FF4E162002908BF1146C3F84011D3F829
:10F340004411002908BF1146C3F84411D3F84C11E9
:10F35000002908BF1146C3F84C11D3F854110029F5
:10F3600008BF1146C3F85411D3F85C11002908BF37
:10F370001146C3F85C112DE098060020EA06002033
:10F38000443F002008800208EBAA0208B44900208C
:10F39000F07F0208FFAA02087000002091A5020871
:10F3A000D8700208D40A0020881E0020F004002033
:10F3B000981E0020630B00207DA002089C070020FF
:10F3C000881100200E070020260B0020B0AA02089A
:10F3D0006C00002096F800800026F1B2884540F2CB
:10F3E000A7800846FAF7A0FA90F83E301BB1036CEC
:10F3F000002B40F097800136EFE7D7F89031172BBC
:10F400003FF64FAE4BE6D9F86432172B3FF65AAEB3
:10F4100056E66368039351461846E6F711FE0279F3
:10F420000AB3838F63B1002200F13E0E93461EF8AB
:10F430000B1029B90132D2B293429346F7D8818793
:10F44000BA450CD051460398E6F7FAFD3946834693
:10F450000398E6F7F5FDBC22594604F02BFC013772
:10F460000AF1010A76E609F10109F9E7DFF8A0E0FF
:10F47000BEE80F000DF1AC0CACE80F009EE80F00E9
:10F480008CE80F00DAF8003050461B6ADFF884A0E1
:10F490005A462BA99847202251462BA804F035FB49
:10F4A000F0B90123A377D9F800001B4A0368A2F141
:10F4B00022019B6898472023A5F8FA31A5F81C3251
:10F4C000134D164AA6F8983005EB030C2B4603CBD8
:10F4D0006345106051601D4602F10802F6D1C3E693
:10F4E00008F10108B8F1180F0AF1200AD3D100235E
:10F4F000A3770B4BB3F81C32A8E65FFA88F0FAF753
:10F500009DFE00287FF40AAF08F1010802E700BF62
:10F51000EC060020949302080E0700206E0B0020DA
:10F52000F00400200846FAF789FE002841F05D81CA
:10F530006B69D24E002BBCBF6FF000436B61AB6EAA
:10F54000002BBCBF6FF00043AB662B6F002BBCBF22
:10F550006FF000432B676B6F002BBCBF6FF0004355
:10F560006B67AB6F002BBCBF6FF00043AB67EB6FFB
:10F57000002BBCBF6FF00043EB67D5F88030002B49
:10F58000BCBF6FF00043C5F88030D5F88430002B45
:10F59000BCBF6FF00043C5F88430D5F88830002B2D
:10F5A000BCBF6FF00043C5F88830D5F88C30002B15
:10F5B000BCBF6FF00043C5F88C30D6F8EC31002B9F
:10F5C000BCBF6FF00043C6F8EC31D6F84031002BD9
:10F5D000BCBF6FF00043C6F84031D6F84431002B71
:10F5E000BCBF6FF00043C6F84431D6F84C31002B55
:10F5F000BCBF6FF00043C6F84C31D6F85C31002B2D
:10F60000BCBF6FF00043C6F85C3196F8CA3043B116
:10F61000D6F8CC30B3F5616F3CBF4FF46163C6F8E8
:10F62000CC30D6F8EC31002B08BF4FF46153C6F84C
:10F63000EC31934B93F896300BB102232B7495F871
:10F640009C318F48032B04BF002385F89C3140F286
:10F65000146104BF012385F8EC31F2F7AFFA1021F1
:10F660003F1A884818BF0127F2F7A8FA039BBF008A
:10F6700083424FF43871844818BF47F01007F2F7FF
:10F680009DFA049B4FF41A718342804818BF47F0DB
:10F690000107F2F793FA059B834295F86E3018BF85
:10F6A00047F008072BB1012385F89030002385F837
:10F6B0006E302046DFF8D881DFF8D8B1E6F764FD78
:10F6C0003846FBF7AFFFD8F80070CBF80040B7B969
:10F6D000382005F08DFA38220446394604F03FFA06
:10F6E000231DC4E90273C4E9043704F11C03C4E90F
:10F6F0000873C4E90A3727712777C8F80040D8F89B
:10F700000000E9F7AEFEA02005F072FA6249044657
:10F71000FBF7A8FA6423236341F2301005F068FA7E
:10F7200041F230120021606304F019FA00275B4BAC
:10F7300023600820C4E91077C4E91277C4E914777C
:10F74000C4E91677A763E063F8F7C8FE00F10C0977
:10F750008046A0634FF4007005F04AFA00F500738C
:10F76000C4E91503A3640423C4E91937C8F80C00DD
:10F77000606420642065C4E91B77C4E91D77C4E98F
:10F780001F77C4F84C90C4F85C902466012005F003
:10F790002FFA434BC4F89070186004F19C03C4F82E
:10F7A00084300123C4E922374FF07E53C4F89430EB
:10F7B0003C4B23603C4B1C6095F89830C4E926779D
:10F7C0002BB12879062305220221EBF773FA374C77
:10F7D0003749C4F8781200254FF001092A464B46F4
:10F7E00004F5007084F85D52A4F87C92F1F778FD7E
:10F7F000FCF76FFA2F4BDBF800A01F68FCF760FAEC
:10F800000AF1100807F1340307F13801C0F8088045
:10F81000039301F088FD3A6C4A443A64FCF750FACD
:10F82000039B8360414601F07EFDDAF81830224FD9
:10F830004B44CAF818304FF4907005F0D9F9802283
:10F8400080460760C0E92155C0E9235529460430A8
:10F8500004F085F920222946C8E92755C8E9295529
:10F86000C8E9255508F1AC0004F079F908F584736E
:10F87000C8E9423308F58A7320E000BF443F002006
:10F88000D40A0020881E0020F0040020B449002083
:10F890009C500020841E002062AC0208705D0208AB
:10F8A000484C0020A4760208A41E0020C05000206E
:10F8B00000093D00FC4100209C960208C8E9453340
:10F8C000102388F8F630CF4B88F80451C8E93F552B
:10F8D000C8E93355C8E93555C8E93755C8E9395538
:10F8E000C8E93B55C8F81051C8F81C51A8F8F450A5
:10F8F000C8F8F8508020C3F8008005F079F9C249B3
:10F900008046FBF7AFF9C14BC8F8003008F1380367
:10F91000C8E90E33BE4BBF4AC8F83420C8E91235D7
:10F92000C8E91883BC4BC8F8502008F15401C8E955
:10F930001511196888F82D504FF47A7A08F13400BF
:10F94000C8E91C55C8F830A0C8F84050C8F8448031
:10F95000C8F85C50C8F86850A8F86C50C8F87850DF
:10F96000A8F87C5088F87E502831EDF74BFCAB4B63
:10F97000196808F150002831EDF744FC3C20C4F828
:10F98000808205F035F9A6498046FCF739F906234F
:10F99000A8F8143008F12003C8E908330837A14B50
:10F9A000C8F80030C8F81870A8F81C50C8F82850DB
:10F9B00088F82C50C8F82D50C8F83150C8F8385085
:10F9C000902005F015F998490746FCF719F94E23E0
:10F9D000BB82964B3B6007F12008954BBB614046CC
:10F9E0009449BD83FBF73EF9934B3B603C3338228F
:10F9F0003B622946C7E9145587F84D5007F1580076
:10FA000004F0ADF887F808904046E0F71EFF8B4BF6
:10FA100074201F6005F0ECF889490746FCF7F0F800
:10FA20000423BB82874B3B60874BBB6107F12000FF
:10FA30008649BD830390FBF715F9854B854A3B60EA
:10FA40003C333B6207F16003C7E91953C7E91B3533
:10FA500013780398A7F8585003EB0901117047F287
:10FA6000305843F6982101FB0381C7E9145587F804
:10FA70005A5087F8605087F80890E5F70DFA764BF2
:10FA800024201F6005F0B4F874490746FCF7B8F865
:10FA90000823BB8207F11803C7E90633704B3B60AC
:10FAA0003D62F02005F0A4F86E490746FCF7A8F87F
:10FAB00007F118033846C7E906336B4BA7F81490D3
:10FAC000C8223D62294640F8243B04F048F8674BC1
:10FAD000C7F8EC50A0201F6005F08AF8644907467B
:10FAE000FCF78EF8634A3A60634ABA61462307F12D
:10FAF0002002BB82C7E908226049BD8307F12C00C0
:10FB0000BD62FBF7AFF85E4A3A603C32FA6242F2FD
:10FB10001072C7E91A225B49C7F86480C7E9175514
:10FB200087F8595007F17000F8F75FFC5549DFF886
:10FB3000588107F17C00F8F758FC4623BB8296F801
:10FB4000E631C7F89050C7E9225587F89450C7F8B6
:10FB5000985087F89C5087F80890E760002B00F0D9
:10FB6000A78096F8E831002B00F0A2807C2005F0F9
:10FB70003FF846490746FCF743F8454B3B60454B89
:10FB8000BB61472207F1200318464349BA82BD836F
:10FB90000393FBF767F8414939603C31396207F15B
:10FBA0005401C7E915113E493E4B39653E49FD6593
:10FBB000C7E9191519683F664722BA82C7E91B557C
:10FBC000C7E91D55283107F15000EDF71BFB96F8EA
:10FBD000E821039B002A00F0228698F80420D6F83A
:10FBE000EC1187F80890022A4AF6C00218BF4FF4B9
:10FBF0006162002900F00F860AFB01F11846E5F763
:10FC00004BF953E0A01E002069AC020814850208DD
:10FC100071D50008008502084C4C0020501E0020C1
:10FC200079AC02082C7702087FAC02088C780208B5
:10FC3000BC7802088CAC020840810208344C0020D9
:10FC400098AC020854830208AC6C0208A1AC02080C
:10FC5000F0820208384C0020B0490020AAAC02080B
:10FC6000C082020899AE0208908202086C1E002031
:10FC7000B3AC0208A487020884830208BEAC020861
:10FC8000408702081CAA0208F0040020C9AC020840
:10FC900068790208007D0208D6AC020804790208DF
:10FCA000F0780208FC410020736C0008BD4B1F6017
:10FCB00096F8FA31BC4FE3B196F8FC31CBB1502045
:10FCC00004F096FFB9490546FBF79AFF0A23AB8279
:10FCD000B7492F6005F11800FAF7C4FFB54B2B6048
:10FCE0003433AB61012385F845300023AB6485F8DC
:10FCF0004C30A02004F07CFFAF49DFF8C0920546ED
:10FD0000FBF77EFFAE4BAB61AE4B2B604FF0000AB2
:10FD100000230022C5E90823C5E90AAAA5F81CA00A
:10FD2000C5F830A085F834A02022514605F13500F1
:10FD300003F015FF2022514605F1550003F00FFF97
:10FD40002822514605F1750003F009FF0C23AB8210
:10FD5000802004F04DFF9C490546FAF783FF9A493D
:10FD600005F13000FBF74CFF4323A5F84430974BD7
:10FD7000AB64974B2B6034332B6305F15403C5E917
:10FD80001533944B2B65944B6B6660204EF66023C5
:10FD9000C5E91A03914BA5F84CA0C5E91C3AD9F85E
:10FDA0000030EB678E4BC5F85CA019682D662831D2
:10FDB00005F15000C5F878A0EDF724FA894A1378C8
:10FDC000591C117047F2305243F6982101FB032170
:10FDD0002846E5F761F896F8D83053B396F8DC304A
:10FDE0003BB398F89C31032B23D04FF4336004F0DD
:10FDF000FFFE7D490546F8F781FB7C4905F52A6041
:10FE0000FAF730FF7A4B2B604033C5F8A03A012354
:10FE100085F8CD3AD9F80030C5F8D03AC5F8D4AA5B
:10FE20005622514605F6D82003F099FE032385F8A3
:10FE30008436702004F0DCFE05466E49FBF7E0FED8
:10FE400005F118092F6001276B49AF824846FAF780
:10FE500009FF6A4B6A4A2B603433AB61AA6405F12F
:10FE60004C03684AAD65C5E913330023C5E9172380
:10FE7000C5E919376B65A5F86C3096F8F830002B9A
:10FE800000F0D284604F614B61480097E722E9217E
:10FE9000FAF7C4FD012804D05E49E722384605F090
:10FEA00082FDD6F80001686610B10121FCF77CFBE9
:10FEB000002228461146EDF779F8574F96F80801C9
:10FEC0004FF00009C7F8009048B10121FCF76CFB26
:10FED0004A4601212846EDF769F8C7F8049096F8DC
:10FEE000090188B198F85D3003F0FD03012B0BD0B8
:10FEF00096F8076146B90121FCF756FB324602210C
:10FF00002846EDF753F8BE60202004F071FE434907
:10FF10000546FBF775FE0523AB82414BAB61002321
:10FF2000AB83404B2B60404B1D60DBF800309A7F69
:10FF300001262E72AE72D2B1DF7FC7B93B48E5F71A
:10FF40000DF91E230546037339460220E4F7C4FF6A
:10FF50003749A86005F10D0003F0A4FE354B186881
:10FF6000036829465B689847DBF80030DE77002598
:10FF70002C20149504F03CFE0123C0E902350361F6
:10FF800004210323C0E90513D4F8843245600BB97A
:10FF9000C4F88402284BC361284B03620026284B17
:10FFA00003604FE0284C0020FC760208E3AC020816
:10FFB000EDAC0208D4770208FDAC0208E80400208A
:10FFC000B07D0208A48102080DAD0208D8850208A0
:10FFD0003C850208DC7802082B6C0008A0BB0D00F1
:10FFE000FC410020384C0020544C00201DAD02087C
:10FFF0009884020824AD02083FAD02083078020858
:020000040802F0
:10000000DC81020845D0000804420020DC760208AA
:100010001AA2020854AD02083C4C0020BCAD0208F4
:1000200078900208EC8A0208A83E00209012002076
:1000300037AF0208A01E0020C052002000093D007A
:10004000C49602084FF00109A0F8249080F82860B7
:100050004FF4407004F0CCFD0346D04A43F8082B1F
:10006000CF4A0661C0E90233CE4B4360C0E90626A1
:10007000036200F12402C363CB4B4061C0E9092253
:10008000CA4AC662C0E91436C94BC365C0E90D2629
:10009000C84B036600F140024FF0040AC0E9102289
:1000A00000638664C06480F8586080F864A00546E8
:1000B000E8F78EFDA52241F29413C5E91C2340F612
:1000C00003031027A5F878301123BB49A866A5F8CB
:1000D0006C7085F8883105F5CA70C5E91F66FAF7B6
:1000E000C1FD42F60133A5F8D831B44BC5F8DC3177
:1000F000C5E97167C5E97366C5F8D4612C2004F0C1
:1001000077FD03238361D4F88432C0F814A0C0E9DA
:100110000169C0E9036907460BB9C4F88402DFF836
:10012000A092A84BFB6109F1600EA74B3B62BEE8B1
:100130000F0005F5F27CACE80F009EE807001C23D9
:100140008CE807001A22C5E980231D211B2309F131
:100150007C0EC5E98213BEE80F0005F5047CACE80F
:100160000F000026DEF8003087F828604FF0010A03
:10017000A7F824A0C7F80090CCF8003005F5157357
:10018000C5F82832914BC5F84832914B91481D6013
:10019000914BC5F84C320023C5F85032C5F8943263
:1001A000C5F8A832C5F8C4328C4BC5F824620322C6
:1001B00085F89822C5E98C66C5E98E66C5E9AC6606
:1001C000C5F8E07185F82C62A5F84062C5F8446274
:1001D00085F89062C5F8A06285F8A462A5F8A662C9
:1001E000C5F8B862A5F8BC6285F8BE62A5F8C06221
:1001F000C5F8C86285F8CC62C5F8D06285F8ACA2B3
:1002000085F8D462C5E9B703754BC5F85832FF23AA
:10021000C5F85C3205F5F073C5E9B966C5E9BC6699
:10022000C5F8D862A5F8EC62C5F8F862C5F89C324A
:10023000A5F8886285F88A6204230226C5E99963D5
:10024000082710234FF0200CC5E99B734023C5E914
:100250009DC34FF0800E4FF48073C5E99FE34FF4C8
:100260000073C5F884325F4BC5F88C3209F19803EE
:10027000C5F854325C4B2B6084332946C5F8943161
:1002800014A8C5F860A2E4F777FF149803685B6AC6
:100290009847014610B914A8E4F76EFF98F8B831F2
:1002A000149E0D2B16D1AEB133683046DB689847EB
:1002B00080B988F8B8010120FBF7B4F933683046FB
:1002C0009B6A984730B9494B494A1B6803F59C53D0
:1002D000083313604FF4D47004F08AFC4549054696
:1002E000FAF7C0FC2846444B40F8303B1822002166
:1002F00003F035FCF022002105F1480003F02FFC4B
:100300000123A5F8383141F628130027A5F840311C
:10031000322385F8423185F83A71C5F83C71642280
:10032000394605F5A27003F01AFC344B1D6056B136
:10033000334B14991868149768302B97E4F71CFF17
:100340002BA8FBF7C0FC2F4E98F804300393D6F887
:10035000EC302D4DDFF8B4A02D481C22534303F19F
:100360000C018A1975500021C2E902113344C2F808
:1003700004A0106140F6B83219625A62D6F8EC3027
:100380000133C6F8EC300222224BA5F5B67105F117
:100390001000F7F700FF03993EE000BFF860020885
:1003A0006F6A00085C7302087B6A00085F6A0008D5
:1003B0000000FA4209050002C4AD02080000C8426C
:1003C0002C970208301A00200024F400CCAD02085B
:1003D000004200200106031200000C43AD101B0078
:1003E0000024743FDAAD0208F4750208E804002026
:1003F000403F0020E1AD0208607502081C1D00208E
:10040000A41E00203C1D002048530020301E002068
:10041000E9AD0208F6AD0208D04BA5F5BE77A5F50B
:10042000B679022914BF49463946042205F1100065
:10043000F7F7B1FECA4B042239463846F7F7ABFE50
:10044000C84B012205F1200105F11000F7F7A3FECA
:10045000C44B012205F120013846F7F79CFE5146B6
:10046000C04B01224846F7F796FE51465046BD4B19
:100470000122F7F790FE05F120010846B94B012251
:10048000F7F789FEB849B74B08460122F7F783FE14
:10049000B64B0A2205F130012846F7F77CFEB34B34
:1004A0000A2205F1300105F11000F7F774FEAF4B99
:1004B0000A2205F130013846F7F76DFEAB4B0A22F0
:1004C00005F130014846F7F766FEA84B0A2205F110
:1004D000300105F12000F7F75EFEA44BA2480A2286
:1004E00005F13001F7F757FEA14B102205F140014D
:1004F0002846F7F750FE1022A8189D4B05F1400141
:10050000F7F749FE9A4B102205F140013846F7F7FC
:1005100042FE974B102205F140014846F7F73BFE9B
:10052000934B102205F1400105F12000F7F733FE4F
:100530008F4B8D48102205F14001F7F72CFE8D4BB3
:10054000112205F1200105F11000F7F724FE894B77
:10055000112205F120013846F7F71DFE854B1122C7
:1005600005F120014846F7F716FE05F1200108467F
:10057000804B1122F7F70FFE514650467D4B11225A
:10058000F7F709FE7C4B072205F120014846F7F7F3
:1005900002FE05F12001784B07220846F7F7FBFD24
:1005A000039B022B05F1200A1ED0744B04224946FE
:1005B0003846F7F7F0FD724B0522514605F1100061
:1005C000F7F7E9FD6E4B052251463846F7F7E3FD94
:1005D0006B4B052251464846F7F7DDFD684B052277
:1005E00051465046F7F7D7FD664B5F4966480B22E8
:1005F000F7F7D1FD634B5C4964480B22F7F7CBFD5D
:10060000604B594962480B22F7F7C5FD5D4B5649CF
:1006100060480B22F7F7BFFD5A4B53495E480B2247
:10062000F7F7B9FD5D4B5C4957480D22F7F7B3FD6D
:100630005A4B594955480D22F7F7ADFD574B5649CE
:1006400053480D22F7F7A7FD544B534951480D224B
:10065000F7F7A1FD524B4F494F480E22F7F79BFD8C
:10066000504B4C4940480C22F7F795FD48494E4BFA
:1006700009220846F7F78FFD98F80420D8F88C3146
:10068000022A14BF4FF4167201224FF47A71002B24
:1006900000F0CF805943D6F8EC303D48434DDFF8A9
:1006A000F8801C277B4303F10C0206EB020C46F892
:1006B00002A00022CCE90222CCF80400CCF81050B1
:1006C0003344C3E90821D6F8EC300133C6F8EC30E6
:1006D0007B4303F10C0E06EB0E0C46F80E80CCE9C2
:1006E0000102CCE903253344C3E90821D6F8EC30F4
:1006F000DFF8BC800133C6F8EC307B4303F10C0C0F
:1007000006EB0C0746F80C00C7E90102C7E9032510
:100710003344C3E90821D6F8EC300133C6F8EC3095
:10072000F9F7BEFA302004F063FA22490546FAF7D9
:1007300099FA214BDBF800002B60FBF775FB14A83E
:10074000FBF7C1FA4FF000094FF0000388F80030C2
:100750001A4B1B4D1B68002B6DD033E001AE020815
:1007600026AE02084AAE0208401E002050AE020823
:1007700057AE020860AE02086DAE02087FAE0208F6
:1007800090AE02089EAE020858530020CC510020C3
:10079000DC51002068530020301E0020A9AE020862
:1007A000B7AE0208CAAE0208DCAE0208EFAE02081D
:1007B000241D002001AF020838750208403F0020C8
:1007C000E80400202A68934235D26C48F9F7C6FA4B
:1007D000BFF34F8F6A496B4BCA6802F4E062134360
:1007E000CB60BFF34F8F00BFFDE72B79022BAB6EC1
:1007F0004AF6C00218BF4FF46162002B08BF1346CF
:10080000AB66D5F88830002B08BF4FF49673C5F857
:100810008830FEF78DBE0AFB02F1FFF7EFB91846EC
:10082000E0F713F8FFF742BA4846E0F70EF8FFF793
:100830006BBB51432FE7544B1A683AB129688A427F
:1008400004D200221F201A60FAF7ECFE4F4E3068E7
:10085000E8B12B68D4F8E4229B1AB3F57A7F07D36A
:100860002B68C4F8E43290F82C320BB1E8F76CFB3B
:10087000D4F8E8222B689B1A4EF65F22934206D9E1
:1008800030682B68C4F8E83203681B6D9847404B0A
:100890001E6896F8F57087B93E4B2BA81968E8F7E3
:1008A0005DFC9DF8AD2096F8F5309A4205D03B46A8
:1008B0003A462BA93046FBF7CFF8D6E93F138B42D7
:1008C00008D006F58470E4F770FE18B9D6F8FC304D
:1008D000C6F80031636B03B198472F4F2B68039321
:1008E000C4F8F09007F1A00B6FF000464FF0000A3B
:1008F000D4F8EC20524516DD57F8045F8DB12A6814
:10090000039952682846904700280AF1010A2CDC16
:100910002A682846926890476A7D12B9C4F8F05058
:1009200016465F45E4D11D48E4F794FA98F8003084
:1009300033B9E4F711FC18B116B13046F7F7EEFE03
:10094000174B2BB11748F3F7B5F908B1AFF3008097
:10095000154B002B3FF4F8AE1448F3F7ABF9002821
:100960003FF4F0AEAFF30080ECE6B042D9DA6A7D36
:10097000002AD6D1C4F8F0500646D2E7985300209A
:1009800000ED00E00400FA05EC0400200042002025
:10099000A01E0020A41E002008510020E4500020CA
:1009A00000000000544C002000000000B0080020AF
:1009B0002DE9F84FD64BDFF85CB3DFF85C83D74CFA
:1009C0000122C3E91EB218466422002103F0C7F8D1
:1009D0004FF0FF35D24A4266C0E91A55C0E91C55AE
:1009E0008030FBF70BFDCF4B16261720C3E97D6047
:1009F00003F1110000274FF47A7A08F6DC02C3F8FD
:100A0000080203F21110A3F81472C3E9017AC3E9D2
:100A10008307A3F81672C3E97F551A60C24B1A60A8
:100A200003F111024FF00209C3F80822032103F277
:100A30001112C3E9017AC3E97D91C3E98327A3F8C1
:100A40001472C3E97F55A3F81672B84B4FF40052E5
:100A5000C3E92027B64AC3F88820A3F89C70B54B99
:100A6000C4E9BB77C4E9BD77C4E9BF771F705F7085
:100A7000B14BC4F878B208200122C4F87C22C3E943
:100A800000073946682204F50070C3E902771F8227
:100A90004FF0060B03F063F80723C4E99AB305236C
:100AA000C4E99C3504F5727008F60813C4F80433E1
:100AB000C4E9C27AFBF7A2FC04F57670FBF79EFC52
:100AC0009C231A46394604F54B7003F048F89B4DB9
:100AD000C4F820730B230C22C4E9E23219222A61E4
:100AE00008F1B002C5E9077AAA61DFF854A2A4F8B8
:100AF00024733946802205F59C70C4F81473A4F859
:100B00001873C5E90C77AF60AF81AF73AF82C5F8DA
:100B100028A085F82C7085F8387085F83771C5E9FC
:100B2000005503F01CF83946882205F5DC7003F007
:100B300016F8844AC4F8E0729760C2E90022824A3B
:100B4000824D9760C2E9002204F53672C4E9B622EC
:100B5000394644220AF10C0003F001F87C4A7D4832
:100B6000CAF808207C4ACAF8002008F63412C4E902
:100B7000FA27021F8AF80470FBF70AFC1561774D0B
:100B8000D5605260764A774D40F8042C764A284664
:100B9000C2E90177D7602A1FFBF7FAFB734810619F
:100BA0007348D0605260734A45F8042C05F1100078
:100BB00039464FF4FB5202F0D2FF4FF0100A05F510
:100BC000FB5052463946504402F0C9FF6A486B4A0E
:100BD000051FFBF7DDFB2A61694AEA604FF0200838
:100BE000684A40F8042C3946424650446D6002F091
:100BF000B6FF65486F63051F644AFBF7C9FB2A61AE
:100C0000634AEA60634A40F8042C39464FF4F062C4
:100C100014306D6002F0A3FF9C231846C5F8987746
:100C200003F0E6FF5C4B0546424640F8043B39467C
:100C300002F095FF6F625246394605F1280002F036
:100C40008EFF3946212205F1380002F088FF424626
:100C5000394605F1590002F082FF4246394605F156
:100C6000790002F07CFF4D484D4B20F8027B524644
:100C700039461D6002F073FF5C2003F0B9FFFBF7FB
:100C8000B5F80346474A43F8382BC0E90E33464BC4
:100C90004363464B0764C0E912374FF40073A0F872
:100CA0005830434B80F850900122426218604765EB
:100CB00080F85A904064CC2003F09AFFFBF796F836
:100CC00003463C4A43F8382BC0E90E333A4B4363A2
:100CD0003A4B07640546C0E9123774223946A0F83A
:100CE000507080F852704064543002F038FFC5F8FC
:100CF000C870C5F82490582003F07AFFFBF776F807
:100D000003462F4A43F8382BC0E90E335AE000BFA0
:100D1000301A002000093D00E88F0208C050002072
:100D200000000158544C0020B0080020E8100020BA
:100D300080EE3600BC500020A8500020484600201D
:100D4000B83E00208C480020984800206F6B0008B7
:100D5000400200205C1E0020DC8A0208D3740008D8
:100D6000F8810208241F0020881E0020490900087D
:100D700053090008107302080C3F00207309000893
:100D80007D09000828730208941200207F090008DA
:100D900089090008407302085C5C0208701E00208C
:100DA000881100203C5B02084C5B0208DD0B000848
:100DB000501E0020605B020810750208950C0008A8
:100DC000705B02088D4B43638D4B0764C0E912379B
:100DD0008C4B0765032141621860A0F8547080F8BD
:100DE000567040646C2003F003FFFAF7FFFF0346E0
:100DF000854A43F8382BC0E90E33844B4363844B58
:100E000094F8F0230764C0E9123700F15C03C0E9ED
:100E10001537042343627F4B07651860B4F8F0333D
:100E2000A4F8F83094F8F13384F8F43380F85C7067
:100E300004F20C43406404F1240084F8F323C4F862
:100E4000043484F8F273C4F80074C4F8087484F8A5
:100E50000C74C4F81C7484F8F07384F8F173C4E95A
:100E6000FE77FDF787FD04F59670FDF783FD6A4B6D
:100E70006A4AC4F8D072C4E9B237694BC4F8D432B4
:100E8000684BC4F82034684BC4F82C34C4E9B07300
:100E9000664BC4F89832664BC4F89C32654BC4F874
:100EA000A032654BC4F8A432644BC4F82474C4E97E
:100EB0004337634BC4F81831624BC4F82874C4E953
:100EC0004737614BC4F82831C4E9AE275F4B604A0D
:100ED000C4F89072C3E900275E4A9A605E4ADA60FD
:100EE0005E4BC4F81471C4E9A2375D4BC4F8943268
:100EF0005C4BC4F82471C4F8A8325B4B5B4AC4E96C
:100F0000AB375B4BC4F8B4325A4B1A605A4A5A603A
:100F10005A4A9A605A4ADA605A4A5B4B104604F5BC
:100F2000227400F804BBC3E900479F60C3F8EC706B
:100F300083F8F070FDF74CFD4FF0070302F1180045
:100F40001375FDF745FD4FF0080302F12C0082F800
:100F50002830FDF73DFD092302F1400082F83C30C6
:100F6000FDF736FD0A2302F1540082F85030FDF7F8
:100F70002FFD02F1680082F86460FDF729FD02F19F
:100F80007C0082F87860FDF723FD02F1900082F882
:100F90008C60FDF71DFD02F1A40082F8A060FDF752
:100FA00017FD02F1B800292182F8B460FDF710FDA9
:100FB00002F1CC0082F8C810FDF70AFD02F1E00052
:100FC00082F8DC10FDF704FD02F1F40082F8F01065
:100FD000FDF7FEFC02F5847082F80411FDF7F8FCC1
:100FE00002F58E7082F81811FDF7F2FC82F82C11D0
:100FF000BDE8F84F02F59870FDF7EABCFC740208F2
:101000004D0C0008FC4100204C5C020824750208CD
:10101000875000084C4C002093060008ED51000852
:101020000AAF0208E551000813AF0208A106000844
:10103000A5060008A706000817AF0208A9060008C1
:101040001AAF0208AD0600081DAF0208401E0020BE
:10105000AF060008B106000822AF0208B706000874
:1010600029AF0208B5060008410D0008AB060008CC
:101070002EAF0208301E0020A3060008B3060008A9
:1010800031AF0208C01A00203C1D002070B5744C1E
:10109000A4F5A075143C201DE2F750FCAC42F9D138
:1010A000704B714C586803F0ABFD04F5A470F7F772
:1010B00077F904F14000F7F773F9D4F81C0400281D
:1010C00040F09C80694800F0F9FFD4E9FE56AE423A
:1010D00040F09980D4F8F80308B103F091FD64481A
:1010E000644DE2F734FC6448E2F745FC6348E2F7FC
:1010F00056FC6348FAF7C6F96248E6F7ECF962482D
:10110000E4F7ACF86148E4F7A9F86148E4F7A6F819
:101110002868A8427CD15F4B94F99003C4F804334B
:10112000E1F7C4F994F99103E1F7C0F9D4F8302359
:10113000D4F88C03242384F87133136823F001035B
:10114000136003210023C4F8743384F8703384F8E7
:101150007133C4F8603384F87233E2F723FED4F8B5
:1011600088030321E2F71EFED4F82C334A4A934247
:1011700053D14FF0B0439A6B42F400129A639A6BCA
:1011800022F400129A639A6D22F400129A65D4F840
:10119000200320B103F034FD0023C4F82033D4F839
:1011A00014030025A4F8245318B103F029FDC4F852
:1011B000145300233948A4F81833E2F7BFFB38482A
:1011C000E2F7BCFBD4F8F80208B103F019FDD4F83B
:1011D000FC0208B103F014FDD4F8000308B103F0D9
:1011E0000FFD30484021F6F717FC2F484021F6F755
:1011F00013FCBDE870402D48E2F7A0BB056803F082
:10120000FFFC28465BE7284600F058FF18355EE7EC
:10121000066803F0F5FC30467BE7254A93420DD182
:101220004FF0B0439A6B42F480029A639A6B22F4B7
:1012300080029A639A6D22F48002A7E71D4A9342C6
:10124000A5D14FF0B0439A6B42F400029A639A6BB7
:1012500022F400029A639A6D22F4000296E700BF1E
:10126000001C00203C1D0020C0500020C454002061
:101270009012002048460020083F0020201F002038
:101280008C1E0020581E00209853002098480020F3
:101290008C480020F0980208005400409854002028
:1012A00088540020E810002028110020B01A0020E7
:1012B00000580040005C00400D488546E2F71CFEE7
:1012C0000C480D490D4A002302E0D458C4500433A1
:1012D000C4188C42F9D30A4A0A4C002301E0136077
:1012E0000432A242FBD302F0AFFCFDF777FBFEE72E
:1012F0000000012000000020E404002010BC0208CF
:10130000E8040020D4580020FEE7904210B509D030
:1013100054684B6820601A604368196044604868EC
:1013200050604B6010BD4B680160436018604860BE
:1013300070474268511E012A416002D103685B6810
:101340001847704738B543680446B3B96068B0B908
:10135000E36813BBE06810BB23691BBB206958BB63
:10136000204638BD52F8250008B1FFF7E2FF0135ED
:10137000D4E90123AB42F5D8E8E70025F8E7E2F726
:101380005BFCE5E752F8250008B1FFF7D2FF013515
:10139000D4E90232AB42F5D8DCE70025F8E7E2F702
:1013A0004BFCD9E700252369585908B1E2F744FC02
:1013B0000435182DF7D1D1E7E2F73EFCD0E70368FA
:1013C0005A1E012B10B50446026006D1FFF7BAFF82
:1013D0002046BDE81040E2F72DBC10BD054B10B50E
:1013E0001B6804460068984201D0FFF7E8FF2046DA
:1013F00010BD00BF0C550020C3689A68C26010B5CC
:1014000002B1506042685A600C68844203D10B609C
:101410009860436010BD916881420CBF9360D360B7
:10142000F6E78368DA68826010B502B150604268FE
:101430005A600C68844203D10B60D860436010BDD1
:10144000D16881420CBFD3609360F6E7C36823B1D3
:1014500018469B68002BFBD170474368DA688242CC
:1014600004D0C268934218BF1846704718465B689C
:10147000F4E7027803462AB942685268824201D1F1
:10148000D06870479A6822B11046D268002AFBD112
:101490007047586882689A4200D070470346406897
:1014A000F8E7FFF7D3BFFFF7E4BF2DE9F8431D4688
:1014B0001F1D0023C1E902330C464A600B70A0B126
:1014C0009542916002D16960EC6003E0AB689342A1
:1014D00008BFA9604FF000094FF001086B68A342F4
:1014E00032D101221A70BDE8F883D160EB689342D3
:1014F000F0D1E9E7C368A34203D13946FFF77CFF87
:1015000004466368394683F80080304686F80090C8
:10151000FFF787FFE2E733B11A7822B980F800803D
:1015200083F8008021E08368A34203D13946FFF7A6
:1015300078FF04466368394683F80080304686F8B1
:101540000090FFF759FFC9E760680278002AC8D108
:101550004668B3688342DED1F268002ACAD01178A7
:101560000029C7D101211970117086F80090344606
:10157000B4E72DE9F8430F46D0E9021205460029E9
:1015800038D01AB944680E46746037E010460346F6
:1015900080680028FBD1AB42DE682CD09A424B60B9
:1015A00099601ED05C6806B1746059688E60DA601C
:1015B000EA6853607A68AA4215D17B606A68297824
:1015C0005A601A7819702A702B783BB17B68B34245
:1015D00007F104087ED1002E40F0A1802846BDE826
:1015E000F8831C46E6E76A689168A9420CBF9360DD
:1015F000D360E3E716466C68002EC5D17B68AB422A
:101600000FD17E60BB68AB4203D1EB6883B96B68D6
:10161000BB60FB68AB42D7D1AB6883B96B68FB603A
:10162000D2E76B689A68AA420CBF9E60DE60E9E769
:1016300033461A469B68002BFBD1BA60E9E7334674
:101640001A46DB68002BFBD1FA60BDE713B11B78AB
:10165000012B07D101231370002303704146FFF7CC
:10166000E0FEE06823780370C3680122227003B1B2
:101670001A7041462046FFF7BFFEACE703783BB93E
:1016800001220270414620462370FFF7CAFEA0687F
:10169000D0E9023212B11178012903D1A3B319782C
:1016A000012931D013B11B78012B07D1012313700D
:1016B000002303704146FFF79FFEA0682378037064
:1016C00083680122227003B11A7041462046FFF759
:1016D000A8FE80E706BBA068B042A146CED1E06874
:1016E00003783BB901220270414620462370FFF780
:1016F00083FEE068D0E9022312B111780129A5D157
:1017000013B119780129A1D1002303707B686468A3
:1017100099454E463FF45FAF3378012BDBD0012370
:1017200033705BE7012A30B403D10B78037030BC0F
:101730007047002AFBD030BC02F0BCBA08B5521A80
:10174000FFF7F0FF08BD0000044B984204D00023CF
:101750008360016008440373704700BF1055002088
:10176000134A904210B5044602D9124800F0B1F86D
:10177000884207D804F10D00E2F758FA00224460CD
:10178000826010BD4B00984238BF1C4604F11D0317
:10179000B3F5805F04F10D00EED98C42ECD904F56D
:1017A0008054C3F30B03E41A944228BF1446E1E7C4
:1017B000FCFFFF3F67AF0208184B1A68D1075CBFF8
:1017C00001221A60164B1A68D2075CBF01221A6008
:1017D000144B1A68D0075CBF01221A60124B1A68BA
:1017E000D1075CBF01221A60104B1A68D2075CBF98
:1017F00001221A600E4B1A68D0075CBF01221A60E2
:101800000C4B1A68D1075CBF01221A600A4B1A6898
:10181000D2075CBF01221A60704700BF3C55002010
:101820003855002034550020305500202C5500201C
:10183000285500202455002020550020184B1A68F8
:10184000D1075CBF01221A60164B1A68D2075CBF31
:1018500001221A60144B1A68D0075CBF01221A607B
:10186000124B1A68D1075CBF01221A60104B1A682C
:10187000D2075CBF01221A600E4B1A68D0075CBF0A
:1018800001221A600C4B1A68D1075CBF01221A6052
:101890000A4B1A68D2075CBF01221A60704700BF6A
:1018A0005C5500205855002054550020505500200C
:1018B0004C5500204855002044550020405500203C
:1018C00008B501F07BFB08B501F078FB08B501F025
:1018D00075FB08B501F072FB0FB408B501F06EFBA3
:1018E00008B501F06BFB00000D29F8B505462BD8B3
:1018F00091B31A4B5C5C2046FBF7F8F90646286862
:101900000F46FBF705FA02460B4630463946FBF711
:1019100057FA01F025FAFBF7EDFC68602046F8BDA8
:10192000581002EB800452F820608E420FD21B1A2E
:10193000221D013B002BF3DC094B14689A4208D0AE
:101940002046FBF7C3F9D9E7064AF923F2E7034635
:10195000F0E74FF0FF30E0E70124DFE77FAF020858
:101960008CB30208A8AF02082DE9F34792460A9A01
:1019700003EB02084B68984504460D4643D923B94A
:10198000B8F10B0F38BF4FF00B082868FBF7C0F910
:1019900006460F464046FBF799F932463B46FBF7B1
:1019A00039FB804650468946FBF790F902460B46C4
:1019B000CDE9002342464B46FBF77EFCC0B14046D2
:1019C000494601F0CDF9124B0022FBF743F8FBF733
:1019D00091FC4FEA4A01814238BF01462846FFF791
:1019E00083FF012323706060204602B0BDE8F087CA
:1019F000DDE9002330463946FBF7E2F901F0B0F9A2
:101A0000FBF778FC68600023C4E90033ECE700BF13
:101A10000000F03F244B1A68D0075CBF01221A6017
:101A2000224B1A68D1075CBF01221A60204B1A684A
:101A3000D2075CBF01221A601E4B1A68D0075CBF38
:101A400001221A601C4B1A68D1075CBF01221A6080
:101A50001A4B1A68D2075CBF01221A60184B1A6829
:101A6000D0075CBF01221A60164B1A68D1075CBF11
:101A700001221A60144B1A68D2075CBF01221A6057
:101A8000124B1A68D0075CBF01221A60104B1A680B
:101A9000D1075CBF01221A600E4B1A68D2075CBFE7
:101AA00001221A60704700BF8C5500208855002025
:101AB00084550020805500207C550020785500205A
:101AC00074550020705500206C550020685500208A
:101AD000645500206055002002460846D2E90113F3
:101AE0008B4230B515D9451C0FD013F8015C146A30
:101AF000C1B28D4202D1013B936030BDE40608D5EE
:101B00005C1E946003F8011CF7E7013B9360002022
:101B1000F3E74FF0FF30F0E743694BB1C2680AB119
:101B20009A4205D2026AC360120758BFC0E9013366
:101B30007047036A1B0710B5044605D5FFF7ECFF95
:101B4000D4E90230C01A10BD4FF0FF30FBE7036A42
:101B50001B0710B5044602D44FF0FF3010BDFFF74D
:101B6000DBFFD4E902329342F6D21878F6E70000A0
:101B700070B5DDE90434C0E90411094982616FF0F0
:101B80000045B3F1004F74F10006426902DA1A44CD
:101B9000426170BD2A445B18426164F10004F0E7C1
:101BA000010000802DE9F04F0D4685B014461E4619
:101BB0004FF0FF324FF0FF33C0E90023DDE90E7133
:101BC0000023C0E902332B6A0B408046C3F3001B9D
:101BD00003F0100013F008034FEAD10213D182F092
:101BE000010202EA0B0B0293D5F81090B9F1000F35
:101BF00002D154EA060319D1BBF1000F01D1029BB7
:101C0000A3B1002219E0A8B17B1E18BF01230293E3
:101C100082F00102CB0602EA0B0BE5D4D5F8049062
:101C2000B9F1000F08D154EA060305D0404605B0CB
:101C3000BDE8F08F0290EBE7012228460392FFF700
:101C40006BFF012F039A27D1AB686F69A3EB0903E0
:101C50001919A7EB090746EBE37317EB040A46EBE8
:101C6000E7770C461E468ABB029B03BBBBF1000F05
:101C7000DCD0002FDADBEB68A3EB0903DA1753455E
:101C8000BA41D3DBCDE900A72846AA692969FFF745
:101C90006FFFC8E900A7C9E7022F05D1EB68A3EBE6
:101CA00009031C1946EBE376A2463746DBE7002E14
:101CB000DFDBEB68A3EB0903DA17A342B241D8DB01
:101CC0006B682344C8E90046AB6008E0002E06DBE1
:101CD000EB68A3EB0903DA17A342B241F0DABBF1D8
:101CE000000FC6D1029B002BC3D19FE782B02DE924
:101CF000F3470C460AA981E80C00164698464FF0B7
:101D0000FF324FF0FF33C0E900230023C0E9023364
:101D1000226A0E9B134013F00807054603F01009D2
:101D20000DD0D4F804A0BAF1000F35D156EA08035B
:101D300017D0284602B0BDE8F04702B07047D4F88B
:101D400010A0BAF1000F24D156EA0803F1D1B9F17D
:101D5000000FEED02046FFF7DFFEE368002B09DA24
:101D6000E7E72046FFF7D8FEE368002BE1DB636876
:101D70003344A360B9F1000F06D0CDE900682046D6
:101D8000A2692169FFF7F4FE0AAB0FCB85E80F00CB
:101D9000CFE7B9F1000FCCD02046FFF7BDFEB8F178
:101DA000000FC6DBE368A3EB0A03DA17B34272EB5A
:101DB0000802BEDB002FDAD1DCE72DE9F347856AA4
:101DC00004469A46036A243017460E460D4403F033
:101DD000080803F0100900F0B4F9626A964217BFD0
:101DE000ED1932182A460027B8F1000F03D0374406
:101DF000C4E902756660B9F1000F0DD00023CDF87B
:101E000000A0019331462046FFF7B2FEB8F1000F63
:101E100002D1C4E90155E56002B0BDE8F08738B5EC
:101E2000044639B1002A05DB456A002383622B7022
:101E3000FFF7C3FF204638BD2DE9F041036A0D4688
:101E4000D90688B004466AD56A1C66D000F124071A
:101E5000384600F076F9D4E90413A269561A86428E
:101E600020D25B1A666ADA17CDE9003231463218A1
:101E70002046FFF77DFE236A1B070AD5D4E901132C
:101E80005B1AF218E3685B1A0133C4E90162334458
:101E9000E36063691D70636901336361284608B0BC
:101EA000BDE8F0819A42F5D86FF04043984236D0B1
:101EB0004100994228BF1946B1F5007F04AA4FF0AE
:101EC000000638BF4FF4007102A8029203968DF805
:101ED000106000F077F923695FFA85F83BB1A269D9
:101EE000D21A00923146039A02A800F09FF94146A7
:101EF00002A800F082F902A9384600F04FFAD4E9AE
:101F00000430D4E90121C31A8A1A2046616AFFF716
:101F100054FF02A800F0D2F8BDE70025BEE74FF05D
:101F2000FF35BBE77047704730B500224FF0FF34F4
:101F30004FF0FF35C0E90045C0E9022230BD82B054
:101F40008DE80C004FF0FF334FF0FF32C0E9002363
:101F50000023C0E9023302B0704700207047002020
:101F600070474FF0FF307047036810B55B6A044656
:101F70009847431C1EBFA36813F8010BA36010BD54
:101F80004FF0FF3070474FF0FF30704710B5044BF3
:101F9000044640F81C3BFFF721FA204610BD00BF65
:101FA00054B4020810B50446FFF7F0FF2046E1F7ED
:101FB00041FE204610BD2DE9F84306460F469046E7
:101FC0000025454502DB2846BDE8F883D6E905042F
:101FD000241A11D0A8EB0509A145B8BF4C463946D3
:101FE0002246A8BFA14601F065FE73694D44234413
:101FF000A84527447361E4DD336839785B6B30466C
:1020000098470130DFD001350137DAE72DE9F84391
:1020100007460C4690460026464502DB3046BDE8A2
:10202000F883D7E902156D1A11D0A8EB0609A94566
:10203000B8BF4D4620462A46A8BFA94601F03AFE41
:10204000BB684E442B44B0452C44BB60E4DD3B6888
:1020500038469B6A9847431CE0D004F8010B0136D0
:10206000DAE70AB101F026BE704750F8083B1B1AA8
:10207000584258417047000008B50B68B3F1804FD3
:1020800002D30D48FFF725FC93420BD9B3EB420F67
:102090004FEA420006D2B0F1804F2ABF6FF04043B2
:1020A00008600B600868013001D5FFF709FCBDE846
:1020B0000840E1F7BBBD00BF8CB4020810B5044670
:1020C000FFF7D3FF20B92068BDE81040E1F7B2BDAB
:1020D00010BD406801F180410139091A914208B5EB
:1020E00002D21846FFF7F5FB08BD03688B4206D8FD
:1020F00042681344994294BF002001207047012098
:102100007047012A10B403D10A7810BC02707047DE
:1021100010BCFFF7A6BF012A30B403D10B780370BF
:1021200030BC7047002AFBD030BC01F0FEBC08B5C3
:10213000521AFFF7E6FF08BD08B5521AFFF7E1FF94
:1021400008BD10B50446FFF790FF08B9A06810BDA0
:102150000F20FCE72DE9F3470A9E1F46436801EB79
:102160000208B21A1A4404460D46A3EB080901926C
:10217000FFF7E7FF01A902462046FFF77DFF8246F1
:102180001DB121682A46FFF7BCFF37B12EB1324698
:1021900039460AEB0500FFF7B4FFB9F1000F07D08D
:1021A000216835444A4641440AEB0500FFF7A9FF80
:1021B0002046FFF783FF019BC4F800A0A36002B094
:1021C000BDE8F08737B504460191FFF7BAFF019BE0
:1021D000834202460FD901A92046FFF74DFF6268EE
:1021E000216801320546FFF78CFF2046FFF766FFA6
:1021F000019B2560A36003B030BDF7B54668044677
:102200000F46FFF79EFF751C854207D901230093F7
:1022100000231A4631462046FFF79CFF23689F554E
:102220002368656000225A5503B0F0BD2DE9F04FD8
:1022300085B080460E9D144689462A4621461F4693
:10224000384BFFF746FFD8F804300393A5EB040B97
:10225000404603EB0B0AFFF774FF504559D3D8F8FB
:102260000060039B4E443946A1444046A3EB090954
:10227000FFF73BFF80B1B9F1000F06D0AC4204D0AC
:102280004A4631197019FFF746FF95B12A4639467B
:102290003046FFF736FF0CE0B5B9B9F1000F08D0B2
:1022A000AC4206D04A4631197019FFF734FFAC42F0
:1022B0000FD3D8F80030C8F804A00022404603F835
:1022C0000A2005B0BDE8F08FAC420CD2B9F1000F86
:1022D000E8D134447B199C420BD32A463946304618
:1022E000FFF719FFE5E72A4639463046FFF713FFA7
:1022F000D3E7BC4203D82A4607EB0B01C8E7E41B2F
:10230000224639463046FFF706FF2A1B711930195D
:10231000BFE700953B46224649464046FFF71AFF75
:10232000C7E700BFA4B402082DE9F341D0F8048048
:10233000044602EB08070E461546FFF702FFB842B7
:102340000ED32DB120682A4631464044FFF7D9FE0E
:102350002368676000222046DA5502B0BDE8F081AC
:1023600000953346002241462046FFF7F3FEEFE793
:1023700070B5064B04460D4616460021FFF7A9FE30
:10238000324629462046FFF7CFFF70BDBDB4020894
:1023900008B5D1E90012FFF7EBFF08BD2DE9F043C6
:1023A000884285B005460C4640D0FFF75EFE0646E3
:1023B0002046FFF75AFE002E4AD06F68002838D01A
:1023C0006668D7B1013705F1080904F108081EB3A2
:1023D0000136324641466846FFF743FE3A464946D3
:1023E0004046FFF73EFE324669464846FFF739FE53
:1023F0006B6862686A60636018E0002EF8D0721C37
:1024000004F1080105F10800FFF72BFE63686B601B
:10241000236867601F7009E03A4649464046FFF767
:1024200020FE6B6863602B686E601E7005B0BDE8AF
:10243000F08326467A1C56F8088F05F108013046CD
:10244000FFF70FFE23682B602660C5F80880CFE7F2
:10245000AF6868B1626805F10806013204F108014D
:102460003046FFF7FEFD2B6823602E60A760BFE7B4
:1024700022682B682A602360A368AB60F6E700003F
:10248000244B1A68D0075CBF01221A60224B1A68DD
:10249000D1075CBF01221A60204B1A68D2075CBFCB
:1024A00001221A601E4B1A68D0075CBF01221A6015
:1024B0001C4B1A68D1075CBF01221A601A4B1A68BC
:1024C000D2075CBF01221A60184B1A68D0075CBFA4
:1024D00001221A60164B1A68D1075CBF01221A60EC
:1024E000144B1A68D2075CBF01221A60124B1A689B
:1024F000D0075CBF01221A60104B1A68D1075CBF7D
:1025000001221A600E4B1A68D2075CBF01221A60C2
:10251000704700BFBC550020B8550020B4550020BE
:10252000B0550020AC550020A8550020A45500202F
:10253000A05500209C55002098550020945500205F
:10254000905500207FB500241023CDE902340368A4
:1025500015469E6912686B46CDE90044B0479DF868
:10256000043003F00603062B03BF009B2B60012001
:10257000204604B070BD009890420CBF0620012098
:102580007047000010B5034B0360044600F0DDF80F
:10259000204610BD08B5020810B50446FFF7F2FF4B
:1025A00020460821E1F74AFB204610BD2DE9F04105
:1025B0001F46DDE90834DDF81880984506461546C3
:1025C00007D1079900F0C4F818B165710020BDE883
:1025D000F0813946304600F0BBF80028F6D00123E0
:1025E000C4F800802571A371F0E738B515461C4684
:1025F00000F0AEF820B10823E360062325602371C4
:1026000038BD2DE9F04105460C4616461F4600F040
:102610009FF848B9032F07D8236832462946204639
:102620005B69BDE8F0411847BDE8F08170470000E4
:10263000024A0349034800F0C7B900BF1403002051
:102640002D260208C055002010B5034B0360044638
:10265000FFF798FF204610BD68B5020810B5044684
:10266000FFF7F2FF20460C21E1F7E8FA204610BD03
:102670002DE9F041DDF81880904506460F461546D5
:102680001C460BD0B0680368CDF818801E6A2A4635
:1026900023463946B446BDE8F0416047194600F08C
:1026A00057F80028EED00620BDE8F0812DE9F14F63
:1026B0000D461946DDE90A4BDDE90CA681461746B1
:1026C000984600F045F890B1002D3460377109DB71
:1026D0002C44A24514BF01240624B471002001B08B
:1026E000BDE8F08F0235F9D10123B371F6E7544507
:1026F00006D15946484600F02BF808B17771EDE74E
:10270000D9F808000368CDE90CA6CDE90A4BDC69CD
:102710003A4643462946A44601B0BDE8F04F60471B
:102720002DE9F04107460C4615461E46FFF75DFFB2
:1027300048B9B86803689F692A4633462146BC46B3
:10274000BDE8F0416047BDE8F08170470020704768
:10275000814208B50ED0406803782A2B0CD0496816
:102760000B782A2B08BF0131FAF774FEB0FA80F01B
:10277000400908BD0120FCE70020FAE70048704747
:10278000A4B502087047000010B5034B036004466F
:1027900000F000F9204610BD08B6020810B5044646
:1027A000FFF7F2FF2046E1F745FA204610BD000092
:1027B00013B51346012B00F10802026008BF0E2377
:1027C0004FF0000218BF0D234260027211460BBF8A
:1027D00000930093034B044B0446FFF727FD20466C
:1027E00002B010BDADB50208BCB50208024A0349EB
:1027F000034800F0E9B800BF140300208527020851
:10280000180300200048704728B602081368994250
:1028100004D153681B1A5842584170470020704732
:102820000048704730B60208742A10B51ADC572ADF
:102830000CDC4D2A07DC3B2A0CDC242A0EDC0F2A98
:1028400018DC0E2A16D9C0E9002116E00B4BA2F1C4
:1028500058040CE00A4BA2F13C0408E0A2F12D035D
:10286000012BEFE7A2F17604182CECD8054BE340DE
:10287000DB07E8D5044B0260436010BD9D00BF1F1D
:102880008F080200BF07F10120030020C0E90021EA
:10289000704713B5036814465B690A4601466846EB
:1028A00098476368019A9A4206D100982368C31A30
:1028B0005842584102B010BD0020FBE74B688342EC
:1028C00004D10868831A5842584170470020704765
:1028D000704770477047704710B50446E1F7AAF992
:1028E000204610BD10B50446E1F7A4F9204610BDFE
:1028F00010B50B6886B01B69044668469847DDE949
:102900000012204600F08CF86846FFF7D7FB2046FF
:1029100006B010BD73B504461046EEF77BFC04F11B
:1029200008032360054610B90F48FEF7CFFFFAF7FA
:10293000EFFD0F2805EB0006019007D9002201A941
:102940002046FFF799FB019B2060A3602068324678
:102950002946FFF7F1FB019B2268636000212046B6
:10296000D15402B070BD00BF37B6020813B514468B
:102970000A4601466846FFF757FF6368019A9A4284
:1029800006D100982368C31A5842584102B010BDBE
:102990000020FBE77047000010B5064C06490748C9
:1029A000224600F011F8224605490648BDE81040CD
:1029B00000F00AB814030020D528020820030020E4
:1029C000D72802081C0300200B460146184600F0D9
:1029D00083BB000088422DE9F04104460D4618D023
:1029E000A0B1A1EB000840460021FEF7B9FE00F1BE
:1029F0000C070646214638462A46FEF79FFE41460A
:102A00003046FEF7A1FE3846BDE8F0810248FEF7E9
:102A10005DFF024FF7E700BF4CB702081C550020CE
:102A200013B5044608461146014401AAFFF7D2FF38
:102A30002060204602B010BD2DE9F047089D0C46ED
:102A4000002B4ED194468C458646B2FA82F262D96A
:102A50004AB1C2F12003914020FA03F30CFA02FCC0
:102A6000194300FA02FE4FEA1C471FFA8CF6B1FB2D
:102A7000F7F44FEA1E4307FB141143EA014304FB3A
:102A800006F199420AD91CEB030304F1FF3080F0F0
:102A90001281994240F20F81023C6344591A1FFA95
:102AA0008EF3B1FBF7F007FB101143EA014300FB83
:102AB00006F69E420AD91CEB030300F1FF3180F0B9
:102AC000FC809E4240F2F980634402389B1B40EA3E
:102AD000044000211DB1D3400022C5E90032BDE809
:102AE000F0878B4205D90DB1C5E9000100210846E8
:102AF000F5E7B3FA83F1002946D1A34202D390420D
:102B0000C0F0F080861A64EB03030120002DE6D0AC
:102B1000C5E90063E3E7002A40F09080A1EB0C04D4
:102B20004FEA1C481FFA8CF70121B4FBF8F64FEA74
:102B30001E4308FB164443EA044307FB06F0984291
:102B400008D91CEB030306F1FF3402D2984200F2CD
:102B5000CD8026461C1A1FFA8EF3B4FBF8F008FB52
:102B6000104443EA044300FB07F79F4208D91CEBDB
:102B7000030300F1FF3402D29F4200F2B0802046EE
:102B8000DB1B40EA0640A5E7C1F120068B4022FA94
:102B900006F71F4320FA06FC04FA01F343EA0C038C
:102BA000F44000FA01F8380C4FEA1349B4FBF0FE88
:102BB0001FFA87FC00FB1E4449EA04440EFB0CF993
:102BC000A14502FA01F20AD93C190EF1FF3A80F050
:102BD0008480A14540F28180AEF1020E3C44A4EB1A
:102BE00009041FFA83F9B4FBF0F300FB134449EA2C
:102BF000044403FB0CFCA44507D93C1903F1FF3046
:102C000067D2A44565D9023B3C4443EA0E40A0FB91
:102C10000293A4EB0C049C42CE469C4651D34ED06A
:102C200055B1B8EB0E0364EB0C0404FA06F6CB4086
:102C30001E43CC40C5E90064002150E7C2F12003E7
:102C400020FA03F10CFA02FC24FA03F394400C433B
:102C50004FEA1C4800FA02FE1FFA8CF7B3FBF8F0AB
:102C600008FB1031230C43EA014300FB07F19942B2
:102C700008D91CEB030300F1FF362CD299422AD964
:102C8000023863445B1AA4B2B3FBF8F108FB1133BA
:102C900044EA034401FB07F3A34208D91CEB0404F4
:102CA00001F1FF3613D2A34211D902396444E41A68
:102CB00041EA004139E70446F0E6084606E7C84520
:102CC000AED2B9EB020E63EB070C0138A8E7314630
:102CD000EDE7034699E73046D4E7D6467FE76344FD
:102CE00002384DE70646234608460FE7023E634496
:102CF00030E700BFC0F3C7520028A2F17F0CB4BF79
:102D00004FF0FF310121BCF11E0F08B510DCBCF102
:102D1000000F1CDBC0F31603BCF1160F43F40003D5
:102D20000BDD963A03FA02F202FB01F1084608BDF8
:102D3000FAF7E2FE0146084608BD4FF4800242FA67
:102D40000CF21A44CCF1170C22FA0CF2ECE7BCF1AD
:102D5000FF3F18BF0021084608BD00BF000000006B
:102D6000C1F30A5C2DE9F041ACF2FF35132D0246A8
:102D70000B460C46064632DC002D20DBDFF8E080F7
:102D800048FA05F801EA080C5CEA000C0F462BD063
:102D900031A3D3E90023F9F75DFE00220023FAF7FF
:102DA0009FFA40B1002C03DA4FF480132B411F44EB
:102DB00027EA0804002621463046BDE8F08126A314
:102DC000D3E90023F9F746FE00220023FAF788FA38
:102DD0000028F0D0002C27DB00263446EBE7332D0B
:102DE00006DDB5F5806F1CD010461946BDE8F081B0
:102DF000ACF2134C4FF0FF3727FA0CF70742F3D031
:102E000015A3D3E90023F9F725FE00220023FAF7E2
:102E100067FA0028CFD0002C33460CDB23EA0706E4
:102E2000C9E7F9F717FEE1E724F0004426430DD186
:102E30004FF00044BFE7142D06D0C5F13405012240
:102E4000AA401344B342E9D20134E7E7054C002617
:102E5000B1E700BFAFF300809C7500883CE4377E8B
:102E6000FFFF0F000000F0BF2DE9F041C0F3C75590
:102E70007F3D162D044620F0004724DC002D8046BF
:102E800014DB184F2F4138421AD01749FAF7DCFBF0
:102E90000021FAF7BBFA98B1002C03DD4FF40003D0
:102EA0002B41984428EA0700BDE8F0810E49FAF763
:102EB000CBFB0021FAF7AAFA10B1002C0EDB57B9B0
:102EC0002046BDE8F081B7F1FF4FF9D30146FAF78C
:102ED000BBFBBDE8F0814FF07E50F2E74FF00040C1
:102EE000EFE700BFFFFF7F00CAF249712DE9F04113
:102EF000C0F3C7557F3D162D044620F0004725DC62
:102F0000002D804614DB184F2F4138421BD0174943
:102F1000FAF79AFB0021FAF779FAA0B1002C03DA4C
:102F20004FF400032B41984428EA0700BDE8F081E4
:102F30000E49FAF789FB0021FAF768FA18B1002C5C
:102F40000CDB002000E02046BDE8F081B7F1FF4F28
:102F5000F9D30146FAF778FBBDE8F08117B94FF0D5
:102F60000040F1E70248EFE7FFFF7F00CAF2497136
:102F7000000080BF08B5C0F3C7537F3B162B014646
:102F800015DC002B02460BDB0B481841084205D02C
:102F90004FF480011941114421EA0001084608BD9F
:102FA000013300F00041F9D141F07E51F6E7802B6A
:102FB000F4D1FAF749FB08BDFFFF7F0008B50620F2
:102FC00000F010FE0120E1F72DFE000010B5034BCC
:102FD0000446196801F0D8FD204610BD9004002079
:102FE000164B10B51C68236BB3B9182001F000FE16
:102FF0000246206320B9124B12485221EEF709F91C
:103000001149124BC0E90013114B83600B238381DC
:1030100000210120C2E90401216B0E480B694C69B3
:103020000D4A584302FB0400A3FB0232013340EB7C
:103030000200C1E9043020F0004010BD90040020DF
:1030400076B702088DB702080E33CDAB34126DE6A9
:10305000ECDE05002DF451582D7F954C164B10B524
:103060001C68236BB3B9182001F0C2FD024620632F
:1030700020B9124B12484C21EEF7CBF81149124BF4
:10308000C0E90013114B83600B23838100210120D1
:10309000C2E90401216B0E480B694C690D4A584383
:1030A00002FB0400A3FB0232013340EB0200C1E942
:1030B000043020F0004010BD9004002076B70208D4
:1030C00002B802080E33CDAB34126DE6ECDE05001B
:1030D0002DF451582D7F954C10B5044604481346E5
:1030E00020B10A460220214600F0F2FD10BD00BFCB
:1030F000D13C02082DE9F04F89B0DDE91598002B8D
:103100001D461446BCBF03F10043144628F0200AB4
:10311000149AB6BF1D4600232D23BAF1460FDDE9F0
:10312000126B137005D0BAF1450F00D1013602239E
:1031300000E0032307AA049206AACDE90292CDE992
:10314000003622462B4600F0A7FEB8F1670F07466F
:1031500019D11BF0010F0ED007EB06080022002347
:1031600020462946FAF794F808B1CDF81C803022A1
:10317000079B434521D3079B179ADB1B38461360F7
:1031800009B0BDE8F08FB8F1470FE2D0BAF1460FB1
:1031900000EB0608E2D10378302B0AD1002200238D
:1031A00020462946FAF774F818B9C6F10106C9F89D
:1031B0000060D9F800309844D0E7591C07911A7084
:1031C000D6E7F7B50029BABF49422D232B23092999
:1031D0000270437029DD0DF107031D460A271A46C8
:1031E000B1FBF7F607FB1614303402F8014C0C461D
:1031F000632C03F1FF333146F1DC3031941E03F8C8
:10320000011C411C2346AB420AD30DF109039B1A52
:10321000AC4288BF002302330344181A03B0F0BD48
:1032200013F8016B01F8016FEDE730233031837043
:10323000C170031DF1E700002DE9F04F91B00C467D
:10324000DDF8688016461F46054600F0D3FC03688B
:1032500008931846FAF75CF900230E93D8F800306B
:103260000990073323F0070303F1080294F818A02C
:10327000D4F800B0C8F80020D3E9008929F0004351
:103280000B93CDF82880C4E91289DDE90A019C4B33
:103290004FF0FF32FAF744F970BBDDE90A01984BB1
:1032A0004FF0FF32FAF708F830BB00220023404607
:1032B0004946F9F7F7FF10B12D2384F84330914ABE
:1032C000914BBAF1470F94BF904698460323236170
:1032D0002BF0040323604FF00009009733460FAA38
:1032E0002146284600F0DEF9013040F099804FF089
:1032F000FF3011B0BDE8F08F42464B46404649468C
:10330000FAF70EF940B14B46002BBCBF2D2384F8D1
:1033100043307E4A7E4BD4E763685A1C29D106238A
:1033200063604BF480630022236006920EAACDE90D
:1033300004A20DAA03920DF13302CDE901326368B4
:10334000009342464B462846FFF7D4FEBAF1670F7A
:103350000D99804615D1CB1C3BDB6368994238DC64
:103360000E9B994255DB23682161D80745D54B1C3C
:1033700042E00AF0DF02472AD3D1002BD1D101234A
:10338000CEE7BAF1470F07D1C81C25DB63688B4233
:1033900022DB4FF0670AE3E7BAF1650F1FD8013966
:1033A000524604F150000D91FFF70BFF0E9A1318CF
:1033B000012A8146236102DC2268D20701D501334C
:1033C00023619DF83330002B87D02D2384F84330C0
:1033D00083E74FF0650AE2E74FF0450ADFE7BAF10D
:1033E000660FBDD1002963680BDD216113B9226826
:1033F000D00702D501330B442361A1654FF00009CA
:10340000DFE713B92268D20701D50233F4E70123BD
:10341000F2E70029D4BFC1F1020201221344EBE715
:1034200023685A0507D42369424631462846B847DF
:1034300001302BD15BE7BAF1650F40F2DC80D4E9B3
:10344000120100220023F9F723FF002833D0314A6C
:10345000012331462846B84701303FF448AFDDE943
:103460000D38434502DB2368D8070FD5DDE9082373
:1034700031462846B84701303FF439AF4FF00009D4
:1034800008F1FF3804F11A0AC84509DC23689B07D4
:1034900000F10281E0680F9B9842B8BF184628E708
:1034A0000123524631462846B84701303FF41FAF4A
:1034B00009F10109E8E70D9B002B38DC154A0123CF
:1034C00031462846B84701303FF411AFDDE90D39E8
:1034D00059EA030302D12368D907D7D5DDE90823C8
:1034E00031462846B84701303FF401AF4FF0000A9B
:1034F00004F11A0B0D9B5B4253450DDC4B4693E7E1
:10350000FFFFEF7F7AB902087EB9020882B902088C
:1035100086B902088AB9020801235A46314628466C
:10352000B84701303FF4E3AE0AF1010AE2E7A36DC8
:10353000DDF838A05345A8BF5346002B994636DC2A
:103540004FF0000B29EAE97904F11A02A36D0A93FE
:10355000A3EB09035B4531DC0D9B9A453ADC2368FC
:10356000DA0737D40D9BAAEB03090A9BAAEB0303E6
:103570009945A8BF9946B9F1000F33DC4FF0000818
:1035800029EAE97904F11A0B0D9BAAEB0303A3EBDB
:10359000090343457FF77AAF01235A46314628464F
:1035A000B84701303FF4A3AE08F10108ECE742460A
:1035B00031462846B8470130C2D198E6012331464A
:1035C00028460A92B84701303FF491AE0A9A0BF1AF
:1035D000010BBBE7DDE9082331462846B847013037
:1035E000C0D184E60A9A4B46424431462846B84741
:1035F0000130C3D17BE6DDF838A0BAF1010F01DC60
:10360000DB0736D50123424631462846B84701300C
:103610003FF46DAEDDE9082331462846B847013056
:103620003FF465AED4E91201002200230AF1FF3A0B
:10363000F9F72EFEC0B9534608F10102314628467B
:10364000B84701300CD152E601235A46314628468C
:10365000B84701303FF44BAE08F10108D045F3DB29
:103660004B4604F15002E0E64FF0000804F11A0B5B
:10367000F4E701234246E1E701234A463146284662
:10368000B84701303FF433AE08F10108E3680F9901
:103690005B1A4345F0DCFDE64FF0000804F1190920
:1036A000F4E700BF2DE9F047164698468A680B6993
:1036B000DDF820909342B8BF1346336091F8432061
:1036C00007460C460AB1013333602368990642BFAE
:1036D000336802333360256815F0060506D104F11E
:1036E000190AE36832689B1AAB4226DC94F843302F
:1036F0002268003B18BF012392062BD404F1430239
:1037000041463846C84701301ED02368226903F07D
:103710000603042B02BFE5683368ED1AA3680CBFEB
:1037200025EAE57500259342C4BF9B1AED180026D3
:103730001A34B5421AD1002008E00123524641460E
:103740003846C847013003D14FF0FF30BDE8F0875D
:103750000135C6E7E1185A1C302081F843002244A5
:1037600094F8451082F843100233C7E7012322463C
:1037700041463846C8470130E6D00136D9E7000057
:103780002DE9FF470F7E0C9E782F914680460C4610
:103790009A4601F1430207D8622F0AD8002F00F0A1
:1037A000DD80582F00F0C38004F1420684F8427097
:1037B0003AE0A7F16303152BF6D801A151F823F0E5
:1037C000193802082D380208A9370208A93702085B
:1037D000A9370208A93702082D380208A9370208BC
:1037E000A9370208A9370208A93702084339020895
:1037F000BB380208FB380208A9370208A9370208BB
:1038000065390208A9370208BB380208A93702083F
:10381000A93702080339020833681A1D1B68326091
:1038200004F1420684F842300123A8E0316823689D
:10383000081D30601E0601D50D6803E05D06FBD54E
:10384000B1F900506168002D78DA2D20002984F844
:103850004300A1602DDA5E486D420A231646B5FB8F
:10386000F3F103FB1157C75D06F8017D2F46BB42FC
:103870000D46F4D9082B0BD12368DF0708D523693F
:1038800061689942DEBF302306F8013C06F1FF363D
:10389000921B2261CDF800A04B4603AA2146404668
:1038A000FFF700FF01306FD14FF0FF3004B0BDE8EB
:1038B000F08723F004032360CDE72168336808060E
:1038C00053F8045B02D4490648BFADB26F2F40489D
:1038D000336014BF0A230823002184F8431066686C
:1038E000A660002EBADB216821F004012160002DC2
:1038F000B4D1002EB2D11646BCE7236843F02003B2
:1039000023603448782784F84570236831681F069F
:1039100051F8045B02D45F0648BFADB23160D907ED
:1039200044BF43F0200323601DB11023D4E728488F
:10393000E9E7236823F020032360F6E724480A23FD
:10394000CDE7336825686169181D30602E061B6855
:1039500001D5196002E06806FBD5198000232361B8
:10396000164697E733681A1D32601E6862680021A8
:103970003046F9F77DFD08B1801B60606368236104
:10398000002384F8433085E72369324649464046A0
:10399000D047013088D023689B0714D4E068039B8C
:1039A0009842B8BF184681E701233246494640464F
:1039B000D04701303FF478AF0135E36803995B1AD3
:1039C000AB42F1DCEAE7002504F11906F5E700BF98
:1039D0008CB902089DB90208F0B5ADF5057D0E461B
:1039E00004AF4FF40071039100933946134603AAC4
:1039F000054600F05BF8044680B10246039B314661
:103A0000284600F00FF9BC42039003D02146284617
:103A100001F070F803980DF5057DF0BD4FF0FF3013
:103A2000F9E7000013460A46014602480068FFF71E
:103A3000D3BF00BF9004002030B51446002C9BB0CB
:103A400005461A4605DA8B2303604FF0FF301BB0A2
:103A500030BD4FF40273ADF80C3014BF04F1FF33E6
:103A60002346029305934FF6FF7300910491ADF83E
:103A70000E3069461E9B01F077FD431CBCBF8B23B3
:103A80002B60002CE3D0009B00221A70DFE70000BF
:103A900007B5009313460A46014603480068FFF73E
:103AA000CBFF03B05DF804FB9004002030B5154651
:103AB0009BB02C681A46D9B1002C19D04FF4C163C1
:103AC00000910491ADF80C30214619DB4FF6FF73DD
:103AD00002910591ADF80E3069461E9B01F044FD40
:103AE00000280FDB009B286000221A7004980AE06F
:103AF00000214FF42273ADF80C3000910491E5E7FA
:103B00008B23036000201BB030BD10B50139024487
:103B1000904201D1002005E0037811F8014FA34243
:103B200001D0181B10BD0130F2E7884210B501EB3F
:103B3000020402D98442234607D8431EA14208D07A
:103B400011F8012B03F8012FF8E7024401468A42DD
:103B500000D110BD13F8014D02F8014DF7E7024402
:103B60000346934200D1704703F8011BF9E710B5F3
:103B70006AB10139841810F8012B11F8013F9A42FB
:103B800003D1A04201D0002AF5D1D01A10BD1046B1
:103B9000FCE71F2938B505460C4604D916230360F7
:103BA0004FF0FF3038BDC26B12B152F821304BB923
:103BB000284600F035F8224601462846BDE8384040
:103BC00000F01CB8012B0AD0591C03D11623036046
:103BD0000120E7E7002142F8241020469847002002
:103BE000E0E70000024B01461868FFF7D2BF00BFB4
:103BF00090040020004870471404002038B5074D99
:103C000000230446084611462B60E1F70CF8431CDC
:103C100002D12B6803B1236038BD00BF04570020D8
:103C2000E1F70AB838B5074D0446084611460022A8
:103C30002A601A46F6F7ECFB431C02D12B6803B14D
:103C4000236038BD0457002070B50D4D0D4C641B2A
:103C5000A4100026A64209D10B4D0C4C01F0F0FE39
:103C6000641BA4100026A64205D170BD55F8043B84
:103C700098470136EEE755F8043B98470136F2E7DE
:103C8000E0BB0208E0BB0208E0BB020808BC020877
:103C900070477047024B0A460146186801F094BD10
:103CA00090040020034611F8012B03F8012B002A91
:103CB000F9D170470A44914200F1FF3300D17047B7
:103CC00010B511F8014B03F8014F9142F9D110BD25
:103CD0002DE9F843274D0746286891460E46984639
:103CE000FFF7D6FF244A14683CB9244B1360244ADA
:103CF00012B11268C3F88820204C63681F2B06DDC0
:103D00002868FFF7C6FF4FF0FF30BDE8F8832FB3F8
:103D1000D4F8880068B91B4B002BF1D04FF48470A5
:103D200000F066FF0028EBD00023C0E94033C4F860
:103D30008800636840F8239001229A4000EB8301D9
:103D4000D0F800311343C0F80031022FC1F8808051
:103D500002BFD0F804311343C0F804316368286807
:103D60005A1C0233626044F82360FFF792FF002080
:103D7000CBE700BFE0040020985700200C5700203C
:103D8000C0BB0208F14B02082DE9F74F03690C692B
:103D9000A34207467EDB013C01F11408A30000F1B9
:103DA0001405009305EB8403019358F8243055F86B
:103DB000242001339A4208EB8409B2FBF3F62ED398
:103DC0004FF0000AC446AE46D3465CF8043B98B2B6
:103DD00006FB00A0020C1B0C06FB0323DEF80020F0
:103DE00080B292B2121A5A44DEF800004FEA134A27
:103DF0009BB2C3EB224303EB104392B242EA03426D
:103E0000E1454EF8042B4FEA234BDED2009BEB58E2
:103E10002BB9019B043B9D421A462FD33C61384687
:103E200001F034FA002825DB2946002058F8042B3D
:103E3000D1F800C01FFA82FE1FFA8CF3A3EB0E0329
:103E40000344120CC2EB234202EB1C429BB243EA36
:103E50000243C14541F8043B4FEA2240E6D255F8FF
:103E6000242005EB840322B9043B9D421A460BD360
:103E70003C610136304603B0BDE8F08F1268043B68
:103E8000002ACBD1013CC6E71268043B002AEFD1DF
:103E9000013CEAE70020EEE72DE9F04FC76997B053
:103EA00014461D46CDE90445239E83467FB9102064
:103EB00000F09EFE0246CBF81C0020B9A24BEF2179
:103EC000A248EDF7A6F9C0E901770760C760DBF803
:103ED0001C30196859B15A684A60012393408B60BD
:103EE000584600F095FFDBF81C3000221A602B1EAC
:103EF000B9BF23F00043059300233360059F944B23
:103F0000BCBF01223260BB4319D1229A42F20F7327
:103F10001360C7F31303234300F0E285249B53B9D6
:103F20008C4B21E08C4B08930833249A136008983B
:103F300017B0BDE8F08F874B08930333F5E7DDE951
:103F40000423CDE90C23DDE90C0100220023F9F75D
:103F50009FF9804650B1229A01231360249B13B12C
:103F6000249A7E4B13607E4B0893E0E714AB0193D9
:103F700015AB00935846DDE90C2301F035FAC7F381
:103F80000A560390002E7AD00D9BCDF84C80C3F3D7
:103F90001303DDE90C0143F07F5343F44013A6F211
:103FA000FF36194600226F4BF8F752FD60A3D3E9A4
:103FB0000023F8F705FF60A3D3E90023F8F74AFDD3
:103FC000044630460D46F8F791FE5DA3D3E9002381
:103FD000F8F7F6FE02460B4620462946F8F73AFD6A
:103FE00004460D46F9F7B2FA0022074600232046A0
:103FF0002946F9F757F940B13846F8F777FE2246D7
:104000002B46F9F745F900B9013F162F54D8564B06
:1040100003EBC703D3E90023DDE90C01F9F742F90B
:1040200000284BD0013F00231293149B9B1B5A1E68
:1040300045BFC3F101030693002300230A9254BF36
:1040400006930A93002F3BDB0A9B0F973B440A938E
:1040500000230B93209B092B00F28A80052BC4BF01
:10406000043B2093209BA3F10203CCBF0024012436
:10407000032B00F28880DFE803F02B383657DDE9A8
:1040800014631E4406F23243202BC1BFC3F1400328
:104090009F4006F2124324FA03F3D6BFC3F1200374
:1040A00047EA030004FA03F0F8F710FE0122A1F139
:1040B000F873013E139274E70123B5E71290B4E759
:1040C000069BDB1B06937B420B9300230F93C1E7F8
:1040D00000230E93219B002B58DC01230993994662
:1040E0001A4621920CE00123F3E700230E93219B53
:1040F000FB1803F1010909934B46012BB8BF0123BB
:10410000DBF81C000021042202F114059D4241D974
:104110004160584600F03CFE089000283DD1134B0A
:10412000024640F2AF11CBE60123DFE7AFF3008098
:1041300061436F63A787D23FB3C8608B288AC63FAD
:10414000FB799F501344D33F76B70208C3B90208E6
:104150000000F07FBFB90208B6B902088BB90208A7
:104160008AB902080000F83FF8BA020838BA020813
:104170000124002320930E944FF0FF3309939946B6
:1041800000221223ADE701230E93F5E7219B09934B
:104190009946B5E701315200B6E7DBF81C30089AC2
:1041A0001A60B9F10E0F6FD8002C6DD0002F36DDDC
:1041B000A14B07F00F0203EBC203D3E90034F8056B
:1041C000CDE910344FEA271417D59C4BDDE90C01DB
:1041D000D3E90823F8F71EFFCDE9040104F00F042A
:1041E0004FF00308954D5CB9DDE91023DDE90401CA
:1041F000F8F710FFCDE904012BE04FF00208F1E7DA
:10420000E10709D5DDE91001D5E90023F8F7D8FD6C
:10421000CDE9100108F1010864100835E3E700F06A
:1042200007817C42844B854D04F00F0203EBC203EF
:10423000D3E90023DDE90C01F8F7C2FDCDE9040163
:10424000241100234FF00208002C40F0E580002BE1
:10425000D0D1129BDDE90445002B00F04C81784B56
:10426000002220462946F9F71DF8002800F0438176
:10427000B9F1000F00F03F81099B002B00F3E480AF
:10428000DDE90C34CDE90434159B002B02DB0E2F45
:1042900040F342820E9A002A40F067820B9CDDF8C0
:1042A00018800025B8F1000F0DD00A9B002B0ADD05
:1042B0004345069AA8BF4346D21A06920A9AA8EB2B
:1042C0000308D31A0A930B9B0BB30E9B002B00F031
:1042D000A682002C00F0A18229462246584600F012
:1042E0000FFF039A01460546584600F05FFE03990A
:1042F0000646584600F08CFD0B9B1B1B0B9300F0F1
:1043000091820B9A3146584600F0FAFE0390012143
:10431000584600F035FE0F9B0446002B00F08482C7
:104320001A460146584600F0EBFE209B012B04463E
:1043300003DC049B002B00F07C820026236904EB45
:104340008303186900F0CCFD0F96C0F120000A9B92
:10435000184410F01F0000F09182C0F12003042BDC
:1043600040F38182069BC0F11C00034406930A9B24
:10437000034480440A93069B002B05DD03991A46EB
:10438000584600F017FF03900A9B002B05DD2146DD
:104390001A46584600F00EFF0446129B002B00F010
:1043A00076820398214600F071FF002880F26F8228
:1043B000002303990A22584600F04CFD0E9B0390FF
:1043C0007E1E002B00F05C82002329460A225846FC
:1043D00000F040FD099B002B054603DC209B022BCF
:1043E00000F35E82B8F1000F05DD294642465846CB
:1043F00000F0E0FE05460F9B002B00F0D0826968BC
:10440000584600F0C5FC0746002840F07F820D4B5F
:10441000024640F2EF2153E5E20706D5D5E9002335
:10442000F8F7CEFC08F101080123641008350BE70A
:104430004FF002080DE700BFF8BA0208D0BA020830
:104440000000F03F38BA02082046AD4B0022294652
:10445000F8F7B6FCCDE90401099C7E1E08F10108BD
:104460004046F8F743FCDDE90423F8F7A9FCA54B27
:104470000022F8F7EFFAA1F15073CDE91001119382
:10448000002C3BD1DDE904019F4B0022F8F7E0FA54
:1044900002460B46CDE90423DDE91023F8F720FF9F
:1044A000002840F05781DDE9102101F10043DDE9EA
:1044B0000401F8F7F7FE00283FF4E2AE0024254699
:1044C000219BDDF820A0DE434FF00008214658462E
:1044D00000F09EFC002D00F0A980B8F1000F05D07F
:1044E000A84503D04146584600F092FC294658465C
:1044F00000F08EFC9AE03E464C46B1E7834B03EB5E
:10450000C40353E90201089B1C440E9B002B4AD0B4
:1045100002460B4600207E49F8F77CFDDDE91023BA
:10452000F8F796FACDE91001DDF820A0DDE90401E5
:10453000F9F70CF80546F8F7D9FB02460B46DDE91A
:104540000401F8F785FA3035CDE9040102460B463F
:104550000AF8015BDDE91001F8F7C2FE002865D119
:10456000DDE904236B490020F8F772FA02460B4696
:10457000DDE91001F8F7B4FE002840F00D81A245F6
:1045800000F0EA80DDE910015D4B0022F8F718FC2D
:104590005B4BCDE910010022DDE90401F8F710FCC6
:1045A000CDE90401C2E7DDE91023F8F709FCCDE904
:1045B0001001DDF820A0A046DDE90401F8F7C6FFF0
:1045C0000546F8F793FB02460B46DDE90401F8F7D0
:1045D0003FFA30350AF8015B02460B46A245CDE9A9
:1045E00004234FF0000223D1494BDDE91001F8F715
:1045F00031FA02460B46DDE90401F8F771FE0028A6
:1046000040F0CA80DDE9102341490020F8F720FA84
:1046100002460B46DDE90401F8F744FE70B1C246DC
:1046200008F1FF381AF8013C302BF8D0374655E036
:10463000334BF8F7C5FBCDE90401BDE7DDE90C34E8
:10464000CDE90434159B002BFFF628AE0E2F3FF763
:1046500025AE2E4B03EBC703D3E90034CDE9063476
:10466000219B002B02DAB9F1000F64D0DDE904458B
:10467000DDF820A0DDE9062320462946F8F7CAFC2C
:10468000F8F764FF0646F8F731FBDDE90623F8F793
:1046900097FB02460B462046294606F13004F8F700
:1046A000D7F90AF8014B089CAAEB0404A14502467D
:1046B0000B4640F08280F8F7CDF9DDE90623044689
:1046C0000D46F8F70DFE002865D1DDE906232046EA
:1046D0002946F8F7DDFD08B1F3075CD40399584685
:1046E00000F096FB00238AF80030229B01371F6000
:1046F000249B002B3FF41BACC3F800A017E400BFC1
:104700000000244000001C4000001440F8BA0208D9
:104710000000E03F0000F03FA24B03EBC703D3E9EA
:104720000034CDE90634219B002B9FDAB9F1000F4C
:104730009CDC7FF4C3AE9C4B0022DDE90601F8F758
:104740003FFBDDE90423F8F7C1FD044600287FF4B0
:10475000B5AE3E462546B4E0DDE90C34CDE904347F
:10476000159B002B01DB0E2FD6DD209A012A36DCAB
:10477000139A82B303F233430B9CDDF81880069A38
:104780001A4406920A9A01211A4458460A9200F0E5
:10479000F7FB054686E53E4653469A4613F8012D3B
:1047A000392A06D1089A9A42F7D10899302201365F
:1047B0000A701A7801321A7038E77C4B0022F8F739
:1047C000FFFA0022002304460D46F8F761FD002899
:1047D0003FF450AF82E7149BC3F13603CCE70B9B49
:1047E00009F1FF34A34208DBB9F1000FA3EB040485
:1047F0000EDBDDF818804B46C1E70B9B0F9A0B943C
:10480000E31A1A44DDF818800F924B460024B6E7ED
:10481000069BA3EB09080023B1E7039E71E50B9A01
:10482000039970E5039672E5209B012B17DC049B2E
:10483000ABB9059BC3F313039BB9059B23F000465B
:10484000360D360536B1069B013306930A9B0133BC
:104850000A9301260F9B002B7FF470AD0F96012069
:1048600075E50026F6E73FF486AD069A1C331A4438
:1048700006920A9A1A4498440A927CE50346F4E7A1
:10488000099B002B2BDC209B022B09DC27E0B9F1D4
:10489000000F1DDC209B022B1ADDCDF824903E4634
:1048A000099B002B7FF40CAE21460522584600F0F0
:1048B000D1FA01460446039800F0E8FC00287FF78F
:1048C000FFADDDF820A031230AF8013B0136FBE5FE
:1048D0000E9BCDF824903E46002B7FF483AD089FBD
:1048E00003982146FFF750FA00F1300907F8019BC1
:1048F000089B099AFB1A9A4240F3CB800399002344
:104900000A22584600F0A6FA0390E9E72A69023223
:10491000920005F10C010C30FFF7CCF90122394669
:10492000584600F047FC089B03F1010ADDE9082323
:1049300013440A93049B03F00103A8460B93054616
:104940000AF1FF33214603980693FFF71DFA41460B
:10495000099000F13009039800F098FC2A4621469E
:104960000746584600F0AEFCC268014602B35846FE
:1049700000F04EFA002F3ADA03990122584600F06F
:1049800019FC2146039000F081FC002803DC29D1AA
:1049900019F0010F26D0B9F1390F1DD132E02846A8
:1049A000C1E700BFF8BA020800001440000024402C
:1049B0000E90039800F06AFC0E990C90584600F097
:1049C00027FA0C9A5ABB209B53B90B9B43B9B9F1F8
:1049D000390F17D0002F05DD099B03F1310901E0E4
:1049E000002F2ADADDF818A00AF8019B6EE5209B5B
:1049F0003B4304D1049B03F00103002BBCD0B9F16D
:104A0000390F36D1069F392307F8013BBA46013FDB
:104A10001AF8013C392B5BD001333B7056E5002F6F
:104A200006DB209B3B4306D1049B03F0010313B933
:104A3000002AA1DCD6E7002AE1DC0A9B0AF8019CE7
:104A4000534557462FD0039900230A22584600F0B9
:104A500001FAA84503904FF000034FF00A024146C7
:104A600058460BD100F0F6F9804605460AF1010AD6
:104A700066E7DDF818A009F10109B5E700F0EAF9E9
:104A80002946804600230A22584600F0E3F90546ED
:104A9000ECE7099B002BC8BF1F46089BD8BF012726
:104AA0001F444FF0000803990122584600F082FB92
:104AB0002146039000F0EAFB0028A7DC02D119F0A0
:104AC000010FA3D1BA4617F8013D302BFAD0FDE40F
:104AD000089BBB429AD1089A312301361370F5E442
:104AE000249B002B7FF41EAA014BFFF73DBA00BFA9
:104AF000B6B9020838B50546002941D051F8043C42
:104B00000C1F002BB8BFE41800F036F91D4A1368DB
:104B100033B9636014602846BDE8384000F032B90C
:104B2000A34208D9206821188B4201BF19685B682D
:104B300009182160EDE71A465B680BB1A342FAD968
:104B400011685018A0420BD12068014450188342CC
:104B50001160E0D118685B68536008441060DAE7C0
:104B600002D90C232B60D6E7206821188B4204BFA2
:104B700019685B68636004BF091821605460CAE764
:104B800038BD00BFC857002070B5164C0546084612
:104B90000E4600F0F1F823684BB10021304600F0DA
:104BA00025FE421C18BF2268034618BF831A0E4A0E
:104BB0001168002291B90D4C304623609B1A226285
:104BC000E36100F0DFF80FCC2E460FC60FCC0FC606
:104BD00094E8030086E80300284670BD0868496829
:104BE0000244E7E7C4570020C85700209C57002024
:104BF000024B0146186800F02DB800BF9004002059
:104C0000024B01461868FFF775BF00BF90040020F3
:104C100070B50F4E0C463168054611B900F0E6FD3F
:104C200030602146284600F0E1FD431C03D14FF0DF
:104C3000FF34204670BDC41C24F00304A042F8D009
:104C4000211A284600F0D2FD0130F2D1EFE700BF73
:104C5000C45700202DE9F843CD1C25F00305083585
:104C60000C2D38BF0C25002D064601DBA94204D9C6
:104C70000C2333600020BDE8F883DFF8D48000F017
:104C80007BF8D8F800301C4644BB29463046FFF775
:104C9000BFFF431C044658D1D8F800402746002FD8
:104CA00043D1002C4BD023683946304604EB03092E
:104CB00000F09CFD814542D121686D1A294630469D
:104CC000FFF7A6FF01303AD023682B442360D8F8C1
:104CD00000305A6862BBC8F800700FE02268521BAF
:104CE00020D40B2A17D96119A342256018BF596037
:104CF000636808BFC8F8001062514B60304600F08E
:104D000041F804F10B00231D20F00700C21A1CBF5C
:104D10001B1AA350AFE76268A3420CBFC8F800207B
:104D20005A60EBE723466468AEE73C467F68B6E727
:104D30001A465B68A342FBD100235360DEE70C23D5
:104D40003360304600F01EF894E70560D6E700BFF8
:104D5000C857002082B001B901A942B14BB1137804
:104D60000B601278101E18BF012002B07047104669
:104D7000FBE76FF00100F8E70148FEF789BF00BFCD
:104D8000085700200148FEF784BF00BF08570020E5
:104D900070B5C66904460D4676B91020FFF728FFA6
:104DA0000246E06120B9184B18486B21ECF731FA44
:104DB000C0E901660660C660E669F36883B1E3692D
:104DC000DB6853F82500B8B9012101FA05F6721D18
:104DD0009200204600F01AFD60B1C0E901560EE0D5
:104DE00021220421204600F011FDE369F060DB6818
:104DF000002BE4D1002070BD026843F82520002379
:104E0000C0E90333F7E700BF76B7020849BA0208E2
:104E100070B5C66905460C4676B91020FFF7E8FE66
:104E20000246E86120B9094B09488F21ECF7F1F9F6
:104E3000C0E901660660C6603CB1EB696268DB6888
:104E400053F82210216043F8224070BD76B7020863
:104E500049BA02082DE9F0410D6907460C461E4685
:104E600001F1140C0020DCF8003099B202FB016162
:104E70001E0C0B0C02FB063389B2013001EB03411F
:104E800085424CF8041B4FEA1346ECDC0EB3A368D2
:104E9000AB4219DC616838460131FFF779FF804683
:104EA00028B902460C4B0D48BA21ECF7B2F9226939
:104EB000023204F10C0192000C30FEF7FBFE214699
:104EC0003846FFF7A5FF444604EB850301355E61D4
:104ED00025612046BDE8F08138BA020849BA0208C7
:104EE000B0F5803F034636BF030400201020B3F125
:104EF000807F3CBF1B020830B3F1805F3CBF1B01C9
:104F00000430B3F1804F03D3002B0ADB013070472C
:104F10009B0001D5023070475B0001D5033070471C
:104F2000202070470368024613F007000BD0D90712
:104F300021D4980749BF5B089B08012013605CBF20
:104F400013600220704799B209B91B0C1020D9B226
:104F500009B908301B0A190704BF1B090430990757
:104F600004BF9B080230D90703D45B0800F101009D
:104F700003D0136070470020704720207047000066
:104F800010B50C460121FFF703FF024628B9054B77
:104F9000054840F24511ECF73CF9012344610361F7
:104FA00010BD00BF38BA020849BA02082DE9F04F17
:104FB00014460A6923699A42A8BF23460F46A4BF34
:104FC0000C461F46D4F810A0D7F81090A36861686B
:104FD0000AEB0906B34285B0B8BF0131FFF7D8FE2E
:104FE00030B90246444B45484FF4B171ECF711F922
:104FF00000F1140505EB86082B460022434521D31A
:1050000007F1140104F1140202EB8A0201EB890397
:105010000293131B153B23F00303043304F115071C
:10502000BA4238BF04230193029B03918B420CD8F0
:10503000002E03DD58F8043D002B5AD0066105B060
:10504000BDE8F08F43F8042BD8E7B1F800A0BAF11F
:10505000000F23D004F1140EA9464FF0000C5EF8A7
:10506000047BD9F800301FFA87FB9BB20AFB0B3395
:105070006344D9F800C03F0C4FEA1C4C0AFB07C739
:1050800007EB13479BB243EA0743724549F8043BD9
:105090004FEA174CE3D8019B45F803C0039BB3F8D4
:1050A00002900431B9F1000F21D02B6804F1140CE7
:1050B000AE464FF0000ABCF800B0BEF8027009FB23
:1050C0000B7757449BB243EA07434EF8043B5CF826
:1050D000043B4FEA134ABEF8003009FB0A3303EBE6
:1050E000174362454FEA134AE5D8019FEB51043557
:1050F0009AE7013E9CE700BF38BA020849BA0208A5
:105100002DE9F843154612F0030207460E4607D074
:10511000254C013A002354F82220FFF79BFE064657
:10512000AD103DD0FC697CB91020FFF761FD02464F
:10513000F86128B91D4B1E4840F2B311ECF769F82D
:10514000C0E901440460C460D7F81C80D8F8084066
:105150004CB940F271213846FFF712FF0023C8F81E
:105160000800044603604FF00009EB070AD53146FA
:1051700022463846FFF71AFF314680463846FFF789
:1051800047FE46466D100BD0206838B922462146AE
:105190003846FFF70BFF2060C0F800900446E4E7B4
:1051A0003046BDE8F88300BFC0BA020876B70208EF
:1051B00049BA02082DE9F0470C464968236903EB18
:1051C0006218A368074691464FEA621A08F1010681
:1051D000B3420BDB3846FFF7DBFD054648B9024614
:1051E000284B29484FF4EF71ECF713F801315B00BD
:1051F000EEE7002300F1140100F1100218465345B8
:1052000033DB20692AEAEA7A04F1140319F01F0952
:1052100001EB8A0103EB800C2BD0C9F1200E8A46EA
:105220000022186800FA09F010434AF8040B53F8FA
:10523000042B9C4522FA0EF2F3D8ACEB0403153B89
:1052400023F00303043304F11500844538BF04231D
:10525000CA500AB108F10206013E38462E612146C5
:10526000FFF7D6FD2846BDE8F08742F8040F01336A
:10527000C5E7043953F8042B41F8042F9C45F9D8AD
:10528000EAE700BF38BA020849BA02080A690346C9
:105290000069801A30B50ED11433143103EB820447
:1052A00001EB820154F8045D51F8042D954203D0BE
:1052B00005D24FF0FF3030BDA342F3D3FBE701200E
:1052C000F9E700002DE9F74F8946064611464846A2
:1052D0001446FFF7DBFF051E12D129463046FFF7C3
:1052E00057FD024628B93E4B40F237213D48EBF7C7
:1052F00090FF0123C0E90435104603B0BDE8F08FEC
:10530000BCBF4B46A1463046D9F80410BABF1C4674
:1053100001250025FFF73CFD024618B9304B40F24D
:105320004521E3E7D9F810702669C56009F110033B
:1053300009F1140504F1140E00F1140B05EB8708B4
:105340000EEB86060193D9464FF0000C019B5EF8E8
:10535000040B53F804AF019381B21FFA8AF35B1A6E
:10536000000C6344C0EB1A4000EB23409BB243EABD
:105370000043764549F8043B4FEA204CE6D8331BFE
:10538000153B23F0030315340433A64238BF04232E
:105390001D445B441E462C4644450ED308F10301D0
:1053A000491B21F00301033DA84538BF00210B44F0
:1053B00053F8041D91B117619EE754F8041BE646AB
:1053C000080C1CFA81FC714400EB2C4089B241EAC4
:1053D000004146F8041B4FEA204CDDE7013FE7E7B8
:1053E00038BA020849BA02082DE973430121089E20
:1053F00090469946FFF7CCFC044630B90246244B50
:10540000244840F20F31EBF704FFC9F30A55C9F302
:1054100013030DB143F480130193B8F1000324D0BA
:1054200068460093FFF77EFDDDE90012D8B1C0F1B8
:10543000200302FA03F30B43C24063610192019B14
:10544000A361002B0CBF012202222261ADB1A5F2A3
:10545000334505443560C0F13500099B186020468E
:1054600002B0BDE870836161E9E701A8FFF75AFD6A
:10547000019B636120300122E7E704EB8203A0F285
:10548000324030601869FFF72BFDC0EB4210E4E7B3
:1054900038BA020849BA02080346084641B1FF2A51
:1054A00004D98A221A604FF0FF3070470A70012039
:1054B00070472DE9F0478E681F46BE420B68824652
:1054C0000C4690462DD8B1F90C2012F4906F26D0DE
:1054D0006569096905EB4505A3EB010905EBD57580
:1054E0007B1C4B446D109D4238BF1D46530527D58C
:1054F0002946FFF7AFFB064660B321694A46FEF72F
:10550000D9FBA38923F4906343F08003A381266130
:1055100065614E44A5EB09052660A5603E46BE4286
:1055200000D93E46206832464146FEF7FEFAA3689F
:105530009B1BA3602368334423600020BDE8F087F1
:105540002A4600F077F906460028E0D12169504646
:10555000FFF7D0FA0C23CAF80030A38943F04003C8
:10556000A3814FF0FF30E9E72DE9F04F98468B8992
:105570001B069DB007460D46144610D50B6973B93E
:105580004021FFF767FB2860286130B90C233B609E
:105590004FF0FF301DB0BDE8F08F40236B6100235A
:1055A000099320238DF82930CDF80C803023DFF8C3
:1055B0009C818DF82A304FF0010923469A4613F852
:1055C000012B0AB1252AF9D1BAEB040B0BD05B46AB
:1055D000224629463846FFF76CFF013000F0A780CD
:1055E000099A5A4409929AF80030002B00F09F80E3
:1055F00000234FF0FF32CDE905230AF1010A04939D
:1056000007938DF853301A935446052214F8011B62
:105610004E48F7F72DFF049AD8B9D00644BF20238F
:105620008DF85330110744BF2B238DF853309AF86F
:1056300000302A2B15D0079A544600204FF00A0C50
:10564000214611F8013B303B092B4BD9B0B10792F1
:1056500014E0A0EB080309FA03F313430493A246F2
:10566000D2E7039B191D1B680391002BBBBF5B4254
:1056700042F0020207930793B8BF049223782E2BBF
:105680000AD163782A2B32D1039B1A1D1B6803921F
:1056900043EAE37302340593DFF8B4A021780322D0
:1056A0005046F7F7E5FE38B1049BA0EB0A00402214
:1056B000824013430134049314F8011B25488DF8EC
:1056C00028100622F7F7D4FE002836D0224B1BBB49
:1056D000039B073323F0070308330393099B3344E9
:1056E00009936AE70CFB02320C460120A8E700236D
:1056F0000134059319464FF00A0C204610F8012B8F
:10570000303A092A03D9002BC6D00591C4E70CFB17
:10571000012104460123F0E703AB00932A460F4B17
:1057200004A93846FDF788FD421C0646D6D1AB8950
:105730005B063FF52DAF09982CE703AB00932A4693
:10574000064B04A93846FEF71BF8EDE7C4BB020878
:10575000CABB0208CEBB020839320208B3540208A1
:105760000CB430B5174B0C1E1D689DB008DA8B23A6
:105770002B604FF0FF301DB0BDE8304002B07047E5
:105780004FF40273ADF8143014BF04F1FF33234615
:10579000049307934FF6FF7302900690ADF816300E
:1057A000209A21AB02A928460193FFF7DDFE431C96
:1057B000BCBF8B232B60002CDDD0029B00221A7013
:1057C000D9E700BF9004002038B5074D00230446F8
:1057D000084611462B60DEF77FFA431C02D12B6886
:1057E00003B1236038BD00BF0457002038B5064D13
:1057F0000023044608462B60DFF7E8F9431C02D17A
:105800002B6803B1236038BD0457002070B5A1FB9D
:1058100002543CB92946FFF71DFA064628B900266E
:10582000304670BD0C220260F9E72A462146FEF799
:1058300096F9F5E72DE9F041804615460C4621B969
:10584000BDE8F0411146FFF705BA2AB9FFF752F952
:1058500000242046BDE8F08100F01AF88542064693
:1058600002D8B5EB500FF4D829464046FFF7F2F9BD
:1058700007460028ECD0B5422A46214628BF3246CA
:10588000FEF718FA21464046FFF734F93C46E0E7B8
:1058900051F8043C181F002BBCBF0B58C0187047B0
:1058A000024B0A4601461868FFF7C4BF9004002067
:1058B000024B0344587800F09700704779B802080B
:1058C000024B0344587800F00800704779B802088A
:1058D0000EB400B59CB01DAB029006906FF0004175
:1058E000094807910491094953F8042B0591006870
:1058F000019302A9FFF738FE029B00221A701CB028
:105900005DF804EB03B07047900400200802FFFF2D
:1059100030B50D4D044614F8013BEA5C02F0030279
:10592000012A11F8012BA85C00F0030008BF203306
:10593000012803D12032981AEDD030BD981AFCD13D
:10594000002AE8D1F9E700BF7AB8020810B502468C
:10595000147813460132002CFAD1013B11F8012BC7
:1059600003F8012F002AF9D110BDC9B20346184629
:1059700013F8012B12B18A42F9D17047002918BFE0
:105980000020704770B503461E4613F8014B44B122
:105990004A1E01E0A54204D012F8015F002DF9D1A2
:1059A000F2E7301A70BD10B50139034632B111F873
:1059B000014F03F8014B013A002CF7D11A440021A2
:1059C000934200D110BD03F8011BF9E738B511F07F
:1059D000FF0403460ED12146BDE83840FFF7C5BF9E
:1059E000431C054621461846FFF7BFFF0028F7D1A4
:1059F000284638BD0025F5E770B503461E4613F866
:105A0000014B3CB14A1E01E0A542F7D012F8015FFC
:105A1000002DF9D1301A70BD430803F05533C01A78
:105A2000830803F0333300F03330184400EB1010D8
:105A300000F00F3000EB002000EB0040000E70473C
:105A4000F8B500BFF8BC08BC9E467047F8B500BF6B
:085A5000F8BC08BC9E4670473B
:105A5800A0860100400D0300801A060000350C00E6
:105A680040420F0080841E0000093D0000127A00A9
:105A78000024F40000366E010048E801006CDC02E6
:105A8800000000000000000000000000000000000E
:105A980001000000030000000500000001000000F4
:105AA80001000000060000000A00000020000000BD
:105AB80002000000040000000800000010000000C0
:105AC800400000008000000000010000000200000B
:105AD80000000000010000000200000000000000BB
:105AE8000000000051D700085BD70008694E000885
:105AF800470D0008710D0008390800084B08000818
:105B0800911000084B06000800000000000000008B
:105B18001F100008A3110008750600080000000007
:105B280000000000351000086110000800000000A7
:105B38000000000073100008311100080000000088
:105B480000000000BF0D0008450E000857060008B9
:105B58000000000000000000431100086111000867
:105B680000000000000000007311000891110008F7
:105B7800000000000000000067130008A7130008D9
:105B88000D6900088B810008DF0A00085F6D0008B6
:105B9800076D00081D070008A94E0008C306000885
:105BA800C3060008E99E0008419E0008F1060008A7
:105BB800C5DB0108CDDB0108D9DB010860F5FFFF73
:105BC800000000000F070008C97F0108BF06000891
:105BD800FB1200087550000850F5FFFF0000000098
:105BE80051D700085BD70008694E0008A1130008C8
:105BF800B9130008390800084B0800081507000801
:105C0800000000000000000000000000000000008C
:105C18000D6900088B810008DDAC00085F6D000885
:105C2800076D00080000000019680008C306000896
:105C3800C3060008E99E0008419E00080000000015
:105C480000000000FB1300082114000800000000F9
:105C580000000000331400084D1400085515000812
:105C6800F1140008A11400087D160008CD170008DB
:105C78004D190008ED2300085F140008BB08000850
:105C8800CD08000803130008EF080008CB19000826
:105C98000000000000000000957A0108A97A0108B8
:105CA8008F2B0108932B0108913E010899300108B8
:105CB80029340108BB7A0108000000000000000038
:105CC8006324000881240008773701088F2B010816
:105CD8007F37010837410108A73701083D38010817
:105CE8006D7B01080000000000000000297A01080F
:105CF800397A01088F2B01088F2B0108113D010803
:105D0800C92E0108812F0108377B01080000000017
:105D180000000000352400085124000877370108E6
:105D28008F2B01087F37010837410108A737010881
:105D38003D3801086D7B01080000000000000000EC
:105D48004B7A01085B7A01088F2B0108932B010815
:105D5800AD3D0108C92E0108812F0108377B0108D4
:105D6800000000000000000051D700085BD70008C1
:105D7800694E00080D210008512100083908000863
:105D88004B08000829B5000801900008BDA20008CA
:105D9800656B0008616B00086D6B0008000000006F
:105DA8000000000051D700085BD70008694E0008C2
:105DB80063210008B1210008390800084B080008D1
:105DC800495C0008019000086D5A0008656B0008DE
:105DD800715E00086D5F000869600008000000003F
:105DE8000000000051D700085BD70008694E000882
:105DF8000000000000000000390800084B080008F7
:105E080029B5000801900008CB590008656B000807
:105E180079560008255A000800000000CC610208E5
:105E2800BC61020800000000000000000D00000036
:105E38000D0000000000000000000000017F0108C4
:105E4800117F0108932B0108A13A0108A53A01081E
:105E58005F410108C3410108957B0108D942010847
:105E6800CD7A0108000000000000000000000000DA
:105E78000000000001000000020000000300000014
:105E880004000000010002000400060008000A00E7
:105E98000C001000200040008000000100000000FD
:105EA80000000000000000000000000000000000EA
:105EB80000000000010000000200000004000000D3
:105EC8000800000010000000200000004000000052
:105ED8008000000000010000000200000004000033
:105EE8000008000000100000002000000040000032
:105EF800008000000200000000800040120800003E
:105F080002010000004400401207000009000000E0
:105F18000038014012070000160000000038014058
:105F280012070000FFFFFFFF000000000000000054
:105F38000300000000800040120800000301000078
:105F480000440040120700000A0000000038014029
:105F58001207000017000000003801401207000077
:105F6800FFFFFFFF0000000000000000010000002C
:105F780000800040120800000101000000440040B9
:105F8800120700000C000000003801401207000052
:105F98001300000000380140120700001C00000038
:105FA8000080004012080000FFFFFFFF0000000013
:105FB800000000000000000000440040120700003C
:105FC8000600000000800040120800000B000000DE
:105FD800003801401207000014000000003801409A
:105FE80012070000FFFFFFFF000000000000000094
:105FF800EC680208A0A102080000000000000000F0
:106008000900000009000000320A280000001400FE
:106018000000000000000000000000001E0000005A
:1060280064720208287202080000000000000000E4
:106038001100000011000000000000000000000036
:106048000000000000000000FD6A0008FF080008CA
:106058004B6A000801740008E16A00080D72000824
:10606800F5720008978E00088D8E000839720008B6
:10607800CD72000800000000936A0008FF080008BD
:10608800876A00088D6A0008000000000000000010
:1060980045060008136B000800000000000000001F
:1060A800096B000861DD0108C5A000081B6B00082A
:1060B8009B6A0008000000005F6B00086CFEFFFF91
:1060C8000000000051D700085BD70008694E00089F
:1060D8000000000000000000390800084B08000814
:1060E800EB130008BDA0000800000000000000003D
:1060F80000000000000000004B6A0008FF080008CC
:106108004B6A0008000000004F6A0008596A00083E
:10611800596A0008978E00088D8E00085D6A00088D
:10612800FB08000800000000936A0008FF08000848
:10613800876A00088D6A00080414004008140440A7
:106148000C11084010140C4014121010000000002C
:10615800051B0100000006000917010006002800C1
:106168000D1701002E000500101233101410341002
:10617800181235101D16010036002200241059117E
:106188000000000040610208A0A102080000000011
:10619800000000000500000005000000586102082A
:1061A800A0A1020800000000000000000800000094
:1061B80009000000A46102088C6102087C6C0208D6
:1061C80000000000041200400918012006005A00CF
:1061D8000D180140640014001014784014147C4019
:1061E80019180140840028001C12AC102010AD10B2
:1061F8002412AF112810B0102C10B1103012B44076
:106208003412B840000000000411001008110440C6
:106218000C1108400000000004120040081004108F
:1062280000000000041200100917010001000F000F
:106238000C12101000000000041200400812044064
:106248000C1008100000000004140040081404405A
:106258000C14084010140C400000000010620208E2
:10626800A0A10208000000000000000003000000D8
:106278000300000020620208A0A10208000000003C
:106288000000000002000000020000002C6202086A
:10629800A0A10208000000000000000003000000A8
:1062A8000300000094620208000000004062020837
:1062B800A0A1020800000000000000000300000088
:1062C8000300000050620208A0A1020800000000BC
:1062D80000000000040000000400000064620208DE
:1062E800000000000518014004000C000917010017
:1062F800100014000C1024100000000004100010FE
:10630800081001100C1002101010031015170100CE
:106318000400100000000000041000100810011014
:106328000C1002101011031014100410191701009A
:10633800050010001C111510000000000412008058
:1063480009170100080028000C103010111701006F
:1063580031000A0000000000041200800917010043
:10636800080028000000000004120080091701003E
:10637800080028000C123040000000007C6202086F
:106388000000000004120040091601000400220069
:106398000D17010026000C0010143440141038109A
:1063A800181039101D1801203C00080000000000DA
:1063B800041200100812011000000000B86302085F
:1063C800A0A1020800000000000000000200000078
:1063D8000200000004100010081001100C12044004
:1063E8001012084014100C10181210401C10141031
:1063F8002012184024121C40281020102C1224406F
:10640800301028103410291038102A10000000000D
:1064180005170100000050000000000004100010E3
:10642800081204400C11084010110C400000000034
:1064380004100010081204400C12084010100C1030
:10644800151701000D001400181221101C1222103B
:106458002010231000000000041000100812011082
:106468000C12021010120310141204100000000085
:1064780004100010081204400C100810000000005E
:1064880004100010081001100D2804200400110049
:106498000000000004100010081201100C12021075
:1064A8001012031014120410181205101C120610F2
:1064B8000000000004100010081204400C120840EC
:1064C80010120C4014121010181211101C12121075
:1064D80020101310241014102917010015001000A3
:1064E8002C1025100000000004120040081204407F
:1064F8000C1008101010091014100A1018100B10A6
:106508001C120C40201010102412144028101810CF
:106518002C10191030121C40341020103810211083
:106528003C10221000000000041000100812044063
:106538000C100810101009100000000004100010C2
:10654800081001100C1204401012084014120C40DC
:106558001810101000000000041000100812044069
:106568000C12084010100C1014100D1018100E10FA
:106578001C100F10201210102412111028101210C5
:106588002C10131030101410341015103812162057
:106598003C10181000000000041000100810011032
:1065A8000C1204401012084014120C10181210405B
:1065B8001C1214102010151000000000B46202080C
:1065C800000000000410001009170100010040003D
:1065D8000D17010041004000111701008100200043
:1065E8001410A1101810A2101C10A31021170100DC
:1065F800A40020002410C4102810C5102D18012054
:10660800C8000C0000000000051601000000220070
:10661800081222100C1224401010281014102910EF
:1066280018102A101C102B1020102C10000000002D
:1066380005160100000022000916010022002200B0
:106648000D260320460022001010AC101410AD10C7
:106658001810AE102010AF10000000000410001039
:10666800081201100C12044000000000051001007F
:106678000000010009120100010001000D120100D3
:1066880002000200111201000400040015120100AA
:1066980008000100191401000C0004001D1201007B
:1066A800100001002112010014000400251001004F
:1066B8001800010029110100190001002D12010024
:1066C8001A000200311001001C0001003510010001
:1066D8001D00010039140100200004003D100100D4
:1066E8002400010041120100280004009D220340FB
:1066F80030000410A11001003C000110A510010099
:106708003D000110A91201003E0001100000000028
:1067180004120040081204100C12084010100C104B
:1067280014100D1018120E101C120F102012101039
:1067380024101110281012102C12131030101410DD
:10674800341015103810161000000000CC62020832
:1067580000000000041000100D17010001002100C6
:1067680011170100220041001517010063002100E4
:10677800181084101C1285102118012088001000A0
:1067880025170100980021002812BC402C10C010C9
:106798000000000004100010081204400C14084007
:1067A80010120C40181210401C12144020121840ED
:1067B80024121C10801220800000000004120040E7
:1067C800081004100C1005101010061014120840C0
:1067D80018120C401C1210402012144024121840A9
:1067E80028121C402C122040301224403412281049
:1067F80000000000041200100810011010120440DC
:106808001412084018120C101C12104020101410FA
:1068180024101510281016102D170100170041001C
:10682800301058103412591038145C400000000021
:106838000412044408140C440C14144410141C448A
:1068480014122444000000000414044408140C44E6
:106858000C1114441014184014121C1018121D1096
:106868001C1420402011244024132C4428133444A1
:106878002C12384030123C40341240403812444008
:106888003C124C44401254444412584048125C4054
:106898004C126040501264405412684058126C40C8
:1068A8005C12704000000000051701000000100095
:1068B80009170100100028000D1701003800050015
:1068C800111B01003D00060014124310181044105B
:1068D8001C124510211601004600220024106911DF
:1068E8000000000005120100000002000916010066
:1068F8000200EC000D100100EE000100111401006F
:10690800F000040015140100F4000400191401003B
:10691800F80004001D140100FC000400211401000B
:10692800000104002512011005010100000000000B
:10693800EC620208E46202080000000000000000A7
:10694800030000000300000004630208A0A102087D
:106958000000000000000000050000000500000025
:1069680020630208A0A10208000000000000000047
:10697800070000000700000044630208A0A1020805
:1069880000000000000000000400000004000000F7
:1069980060630208A0A102080000000000000000D7
:1069A800020000000200000070630208A0A10208B3
:1069B80000000000000000000300000003000000C9
:1069C8008C630208846302080000000000000000D5
:1069D8000700000007000000DC630208A0A102080D
:1069E80000000000000000000E0000000E00000083
:1069F80018640208A0A102080000000000000000BE
:106A0800010000000100000024640208A0A102089F
:106A18000000000000000000040000000400000066
:106A280038640208A0A1020800000000000000006D
:106A3800080000000800000060640208A0A1020825
:106A48000000000000000000050000000500000034
:106A580078640208A0A102080000000000000000FD
:106A6800030000000300000088640208AC6202080A
:106A78000000000000000000030000000300000008
:106A88009C640208A0A102080000000000000000A9
:106A98000700000007000000BC640208A0A102086B
:106AA80000000000000000000B0000000B000000C8
:106AB800F0640208A0A10208000000000000000025
:106AC8000F0000000F00000030650208A0A10208B6
:106AD80000000000000000000400000004000000A6
:106AE80044650208A0A102080000000000000000A0
:106AF800060000000600000060650208A0A1020868
:106B080000000000000000000F0000000F0000005F
:106B1800A0650208A0A10208000000000000000013
:106B28000800000008000000CC650208C4650208DF
:106B380000000000000000000B0000000B00000037
:106B4800306B0208186B0208006B0208E86A02083A
:106B5800D06A0208B86A0208A06A0208886A0208AD
:106B6800706A0208586A0208406A0208286A02081D
:106B7800106A0208F8690208E0690208C46302089A
:106B88000000000010660208A0A102080000000032
:106B9800000000000800000008000000A0A1020892
:106BA800A0A1020800000000000000000000000092
:106BB8000000000038660208A0A1020800000000DA
:106BC80000000000070000000800000064660208DA
:106BD800A0A102080000000000000000030000005F
:106BE8000300000074660208A0A10208000000006B
:106BF80000000000140000006A0000001867020886
:106C0800A0A1020800000000000000000E00000023
:106C18000E0000005C6702085467020800000000CC
:106C2800000000000A0000000B0000009C6702083A
:106C3800A0A10208000000000000000009000000F8
:106C480020000000C4670208A0A10208000000009C
:106C5800000000000D0000000D000000FC670208A5
:106C6800A0A1020800000000000000000D000000C4
:106C78000E00000038680208A0A102080000000009
:106C88000000000005000000050000005068020830
:106C9800A0A102080000000000000000170000008A
:106CA80017000000B0680208A0A102080000000058
:106CB80000000000090000000900000068690208DF
:106CC80050690208386902080000000004120040F8
:106CD800081204100C1206201010081014100910C5
:106CE80018120C401C121010201011102410121031
:106CF800281213102C121410311801101600160047
:106D0800351801102D001400391601004200120038
:106D18003D18014058002800401280104412844059
:106D2800481088104C12891000000000B069020851
:106D38009869020880690208A46B0208A46B02081B
:106D480000000000051201400400040009140100BD
:106D5800080004000D1201000C00010011170100C9
:106D68000D0090012D380120A00138003138012094
:106D7800A001300035380120A00140003938012039
:106D8800A00101003D380120A00101000000000021
:106D9800051701000000E4000812E44000000000AC
:106DA8000517010000003C00093601203E00B6012D
:106DB8000D3701203E00B30111100100F40101005C
:106DC800000000000517010000001200081214401E
:106DD8000C1018101010191014101A1018101B107D
:106DE8001C121C10201220402412241028102510D8
:106DF8002C10261030122840000000000412001049
:106E0800081202200C12042011160100060082004C
:106E18000000000004110010081201100C120210EA
:106E28001012044000000000C869020800000000B9
:106E38000411001009180130040044000C12481015
:106E480000000000053801400400D4000938014062
:106E5800040018000D38014004001C0011380140DE
:106E6800040014001538014004000C0019380140D2
:106E7800040024001D380140040028002138014086
:106E88000400070025380140040048002938014063
:106E980004000C002D380140040005003138014081
:106EA800040024003538014004001000393801403E
:106EB800040050003D38014004002C0041380140D6
:106EC8000400020000000000051701000000800116
:106ED80009140100800104000D170100840120003D
:106EE80011120100A401010000000000646C0208F6
:106EF8004C6C0208346C02081C6C0208046C020812
:106F0800EC6B0208D46B0208BC6B0208A46B020885
:106F1800D87002088C6B0208000000000538018058
:106F2800080060000938018008002C000D38018035
:106F380008002800113801800800C40015380180B5
:106F48000800180019380180080040001D38018029
:106F580008000800213801800800B00025380180A9
:106F6800080001002938018008008C002D380180B4
:106F78000800300000000000AC6C0208946C0208A5
:106F88007C6C0208000000000512010000000400EB
:106F98000918012006006A000D18014074007400E9
:106FA80011140100E800040015140100EC000400AD
:106FB80019180140F40028001D1201001C010100ED
:106FC800211001001D010100251201101F010100FF
:106FD80029100100200101002D10010021010100EC
:106FE80031100100220101003510010023010100C8
:106FF8000000000004120040201204402C12084037
:10700800311601000C001200351701001E0028007F
:10701800381246103C12482000000000F85F0208B1
:10702800000000000514010000000400091401001C
:10703800040004000D1201000800010011380120AD
:107048000C000801153601200C000201191401007A
:10705800140104001D14010018010400211401008A
:107068001C01040025120100200101002910010063
:10707800210101002D12010022010100311101003E
:107088002401040035120100280101003910010013
:10709800290101003D1201002A01010041160100E9
:1070A8002C012200451001004E0101004912010087
:1070B800500104004D120100540104005112010056
:1070C80058010400551201005C0101000000000095
:1070D800D46C0208C46C0208000000000000000024
:1070E80013000000130000004C6D0208346D020804
:1070F8000000000000000000090000000F00000070
:10710800986D0208A0A1020800000000000000001D
:107118000200000002000000A86D0208A0A10208F9
:10712800000000000000000004000000040000004F
:10713800CC6D0208A0A102080000000000000000B9
:107148000C0000000C000000046E0208A0A1020858
:10715800000000000000000004000000040000001F
:107168001C6E0208A0A10208000000000000000038
:107178000400000004000000386E0208306E0208A7
:1071880000000000000000000300000003000000F1
:107198004C6E0208486B0208000000000000000066
:1071A8001000000010000000D06E0208A0A1020824
:1071B80000000000000000000400000004000000BF
:1071C800246F0208F46E02080000000000000000AE
:1071D8000B0000000B000000906F0208806F02088F
:1071E80000000000000000000D0000000D0000007D
:1071F800FC6F0208A0A102080000000000000000C7
:10720800070000000F0000002C700208247002081C
:10721800000000000000000015000000150000003C
:1072280010720208F8710208E0710208C8710208B9
:10723800B07102089871020880710208687102082A
:10724800507102083871020820710208087102089A
:10725800F0700208D8700208000000000512010052
:107268000000040009380140080060010D380140A1
:1072780008004C001138014008002401153801406D
:107288000800D000193801400800A8011D3201404B
:1072980008000400213001400800010025380140A1
:1072A8000800D8002938014008004C002D3801405A
:1072B80008000800313801400800880035380140CE
:1072C80008002C00393801400800F6013D3801401B
:1072D8000800E800413801400800E0014538014055
:1072E80008008C0000000000000000000000000002
:1072F80000000000000000000000000090120020C4
:1073080000000000000000009F390008B53900089F
:10731800150A00083D0A00080000000000000000EF
:10732800773900088D390008D7090008EF090008E7
:1073380000000000000000004F390008653900080F
:107348008B090008AD090008581E00200000000045
:1073580000000000735200085B530008030900088E
:10736800000000000000000051D700085BD70008AB
:10737800694E0008000000000000000039080008FD
:107388004B080008EB130008000000000000000094
:1073980000000000F552000843530008FD6A000889
:1073A800FF080008611C000801740008E16A000871
:1073B8000D720008F5720008C11A0008CD1B0008FC
:1073C80039720008CD7200085B1F0008936A000834
:1073D800771C0008876A00088D6A0008D124000815
:1073E800A11D0008E51C0008F11D0008A91D0008E2
:1073F800891C0008096B000861DD0108C5A00008A8
:10740800090B00089B6A0008091F00082B1F0008C9
:107418006CFEFFFF0000000051D700085BD7000892
:10742800694E00083D530008555300083908000804
:107438004B080008EB130008BDA00008000000007E
:1074480000000000417B01085B7B010877370108D9
:107458008F2B01087F37010837410108A73701083A
:107468003D3801086D7B01080000000000000000A5
:1074780000000000000000008F2B01080000000041
:1074880000000000C92E0108812F0108377B010880
:107498000000000000000000717A01087F7A0108EE
:1074A8008F2B0108932B0108733E010899300108BE
:1074B8006D6B0008917A01080000000000000000D0
:1074C80000000000000000000000000000000000B4
:1074D80000000000000000000000000000000000A4
:1074E8000000000000000000D80A00200000000092
:1074F80000000000870F00080D1000089D08000814
:107508000000000000000000EF0E0008750F0008E2
:107518007F0800080000000000000000570E000867
:10752800DD0E0008610800080000000000000000EF
:1075380051D700085BD70008694E0008A10D000864
:10754800AD0D0008390800084B080008F55100087F
:10755800000000000000000051D700085BD70008B9
:10756800694E0008830D00088F0D000839080008CF
:107578004B0800083D07000800000000000000005C
:1075880000000000000000000000000000000000F3
:1075980000000000000000000000000000000000E3
:1075A80000000000000000000000000000000000D3
:1075B80000000000000000000000000000000000C3
:1075C80000000000000000000000000000000000B3
:1075D80000000000000000000000000000000000A3
:1075E8000000000000000000000000009971000881
:1075F800BF710008FD6A0008FF080008611C000848
:1076080001740008E16A00080D720008F5720008AC
:10761800D58E0008CD1B000839720008CD7200080D
:107628005B1F0008936A0008771C0008876A000837
:107638008D6A0008D1240008A11D0008E51C000877
:10764800F11D0008A91D0008891C0008096B000825
:1076580061DD0108C5A00008090B00089B6A000845
:10766800091F00082B1F00086CFEFFFF0000000028
:1076780051D700085BD70008694E0008B9710008A7
:10768800D1710008390800084B080008EB130008FE
:10769800BDA00008000000000000000051D700084D
:1076A8005BD70008694E00088174000895740008CB
:1076B800390800084B080008495C000801900008D8
:1076C800A9A10008656B000819A2000839B00008D4
:1076D80069600008C07E0208A0A10208000000003E
:1076E8000000000001000000010000000000000090
:1076F80000000000C5770008D97700084506000893
:107708002F09000821090008250900083F09000879
:10771800FF080008270900082B09000800000000DE
:1077280000000000EB7700081D78000845060008F7
:107738002F090008BDA900083BAA00083F09000856
:10774800FF080008270900082B090008BDB6000833
:10775800BB6B0008000000000000000000000000F3
:1077680000000000450600082F090008BDA9000810
:107778003BAA00083F090008FF080008270900087D
:107788002B09000800000000BB6B00080000000087
:10779800000000000000000000000000450600088E
:1077A8002F09000853AA00089BAA00083F090008EF
:1077B800FF080008270900082B090008000000003E
:1077C800BB6B00080000000000000000A57800085E
:1077D800C7780008450600082F0900082109000895
:1077E800250900083F090008FF08000827090008C4
:1077F8002B09000881DF0108E8FFFFFF00000000F7
:1078080051D700085BD70008694E0008C178000806
:10781800D9780008390800084B080008F9CA000898
:107828000000000000000000DF780008137900085D
:1078380045060008E56B000859D00008250900082E
:107848003F090008FF080008270900081F770008FB
:10785800DDE00108E8FFFFFF0000000051D7000845
:107868005BD70008694E00080D79000825790008E3
:10787800390800084B0800083DD000080000000047
:10788800000000000000000000000000450600089D
:107898002F090008DBAA000823AB00083F090008ED
:1078A800FF080008270900082B090008000000004D
:1078B800BB6B0008707E0208687E020800000000AA
:1078C800000000000800000009000000000000009F
:1078D80000000000817C0008957C0008456C0008C9
:1078E8000000000000000000A77C0008177D0008C9
:1078F800F96700080000000000000000BD7C0008D7
:10790800FF7C000845060008636C000863AB0008AC
:10791800ABAB000895D30008FF080008270900084A
:107928002B090008317D000825A70008F9DC0108AB
:10793800E0FFFFFF0000000051D700085BD70008F8
:10794800694E0008F97C0008117D00083908000814
:107958004B080008297D0008000000000000000016
:107968000000000000000000450600082F0900087C
:1079780063AB0008ABAB00083F090008FF0800082C
:10798800270900082B09000800000000BB6B00084D
:107998000100000000806144000068440000C84203
:1079A8001E000000BC80020872A602080200000047
:1079B8000080D8430000D943000020410A0000009D
:1079C800BC80020875A60208030000009A595944B1
:1079D8009A695944000020411B000000A880020851
:1079E8007CA60208040000000000EB430000FF43EF
:1079F8000000C84213000000BC80020883A60208E9
:107A0800050000000020664400E066440000C8420B
:107A18000D000000BC80020886A6020806000000CF
:107A280000C06444000068440000C8421E00000012
:107A3800BC80020889A60208160000006686D843A2
:107A48001F65D9430000C8420E000000BC80020830
:107A58008DA6020809000000CD2C5944CD4C59448C
:107A68000000C84214000000BC80020895A6020865
:107A7800070000000000664400C066440000C842D9
:107A880017000000BC80020898A602080800000041
:107A980000006644004067440000C8421B00000024
:107AA800BC8002089BA602080A0000000040584457
:107AB80000C058440000C8421E000000BC800208F4
:107AC8009EA602080B00000000005844000059441C
:107AD8000000C84224000000BC800208A1A60208D9
:107AE8000C00000000006644004067440000C842E3
:107AF80010000000BC800208A8A602080E000000C2
:107B08000080D8439A59D943000020410A00000058
:107B1800BC800208ABA602080F0000000000594410
:107B2800662659440000803F0E000000BC80020811
:107B3800B2A60208100000000080D8430080D94394
:107B48000000C84214000000BC800208B9A6020860
:107B58001100000000C06544000067440000C842EE
:107B68001B010000BC800208C0A602081200000029
:107B780000406544004067440000C842140000000B
:107B8800BC800208C7A60208130000000080D84382
:107B98009A59D9430000C8420A000000BC80020874
:107BA800CEA6020814000000000059449A5959440E
:107BB8000000C8420E000000BC800208D5A60208DA
:107BC8001500000000C06444008065440000C842FD
:107BD80018000000BC800208DCA60208170000009C
:107BE8009A89D8433363D9430000C8420A00000089
:107BF800BC800208E3A602081800000000C0574431
:107C0800000059440000C8421E000000BC80020861
:107C1800EAA6020819000000004058440000594430
:107C28000000C8421E000000BC800208F1A602083D
:107C38001A0000000080614400E062440000C8426D
:107C48001E000000BC800208F8A602080D00000013
:107C58000000164500381B450000C8420A00010014
:107C6800BC800208FFA602080000000000806144F2
:107C7800000068440000C8421E000000948002080A
:107C880007A7020801000000000000000000000033
:107C980000000000000000000000000002000000DA
:107CA80001000000000000000000000000000000CB
:107CB80000000000040000000000000001000000B7
:107CC80000000000000000000000000000000000AC
:107CD800000000000000000000000000000000009C
:107CE800000000001600000018000000FFFFFFFF62
:107CF800FFFFFFFFFFFFFFFF147E02080C7E020854
:107D08000000000000000000040000000400000063
:107D180004810208F0800208000000000000000052
:107D280006000000070000004C80020838800208A6
:107D3800000000000000000006000000060000002F
:107D4800BD6B0008BD6B0008C96B0008C96B000853
:107D5800D96B0008D96B0008000000000000000083
:107D6800000000000000000000000000000000000B
:107D780000000000000000000000000000000000FB
:107D880000000000000000000000000000000000EB
:107D980000000000000000000000000000000000DB
:107DA8000000000000000000A87E0208A0A1020850
:107DB80000000000000000000300000003000000B5
:107DC8000000000000000000B1120008CD120008F9
:107DD800BF060008C3060008041200400814044047
:107DE8000C14084010120C4000000000E07D02084E
:107DF800A0A102080000000000000000040000002C
:107E080004000000F47D0208000000000412004095
:107E1800081204400C12084011280A4010001000F3
:107E28000000000004120111081404420C120C4452
:107E38001012144414121C44281224442C122C44EA
:107E480030123444000000002C7E0208A0A1020871
:107E58000000000000000000080000000C00000006
:107E6800507E0208000000000517010000002000F5
:107E780009160100200022000C124440101248404C
:107E880019180140500038001C12884021160100C2
:107E98008C001200251701009E0008000000000059
:107EA8000412008009160100080022000D160100C6
:107EB8002A00220000000000051701000000E7006A
:107EC800000000008071020800000000052808403A
:107ED80004004C00091201006402040000000000C4
:107EE800051801400400D40009180140DC001800FE
:107EF8000D180140F8001C00111801401801140069
:107F08001518014030010C001918014040012400E7
:107F18001D18014068012800211201009001040089
:107F28002518011095010700291801209E01480015
:107F38002D180120E8010C0031180110F501050089
:107F480035180120FC0124003918014024021000D2
:107F58003D180110350250004118013088022C00EC
:107F680045180110B502020000000000646C020808
:107F78004C6C0208346C02081C6C0208046C020881
:107F8800EC6B0208D46B0208BC6B02088C6B02080D
:107F980000000000051801400400600009180140B5
:107FA80068002C000D1801409800280011180140A5
:107FB800C400C400151801408C01180019180140AC
:107FC800A80140001D180140EC0108002112010021
:107FD800F401040025180120FA01B0002918012035
:107FE800AC02300000000000D47E0208CC7E0208FB
:107FF8000000000000000000020000000200000075
:10800800E87E0208486B020800000000000000003B
:1080180011000000110000009C7F0208747F020814
:1080280000000000000000000A0000000A00000034
:108038002080020808800208F07F0208AC6C020861
:1080480000000000051201000000040009140100EE
:10805800040004000D1801801000E002111801400E
:10806800F402B80215180140B00568021918012079
:108078001A086A000000000000FF0001030405065A
:1080880007FF000103040506070809FF80800208AE
:1080980000000000000000000100000000000000D7
:1080A80082800208000000000000000000000000BC
:1080B800000000008A8002080000000000000000A4
:1080C8000100000000000000041200400000000051
:1080D800D0800208A0A102080000000000000000F3
:1080E800010000000100000010720208507102082F
:1080F80020710208D88002080000000005380140FD
:10810800040060010D3201400400040011300140F8
:1081180004000100153801400400880019380140A6
:108128000400F6011D3801400400040000000000AE
:1081380000000000000000002B7900084F790008BB
:10814800450600082F090008DBAA000823AB000831
:108158003F090008FF080008270900082B09000844
:1081680067790008BB6B0008B5DC0108E0FFFFFF7A
:108178000000000051D700085BD70008694E0008CE
:108188004979000861790008390800084B08000897
:108198001777000800000000000000002F78000892
:1081A80045780008450600082F09000853AA00086A
:1081B8009BAA0008D1CD0008FF080008270900087D
:1081C8001FCB00082B750008BB6B000800000000DF
:1081D80000000000016E0008856E00080D6C0008A4
:1081E8001AA2020805A5020800000000000000000D
:1081F800D7740008ED7400084D6D0008576D00082D
:1082080074A40208260B0020000000006410B71DAB
:10821800C8206E3BAC30D9269041DC76F4516B6BAC
:108228005861B24D3C7105502083B8ED44930FF06E
:10823800E8A3D6D68CB361CBB0C2649BD4D2D38624
:1082480078E20AA01CF2BDBD00000000000000009A
:108258000000000000000000450600082F09000883
:108268002FE1000877E100083F090008FF0800082F
:10827800270900082B09000800000000BB6B000854
:108288000000000000000000DBDF000805E0000837
:1082980045060008E56B000845E3000825090008C5
:1082A8003F090008FF080008270900082B090008F3
:1082B800000000000000000017E0000841E000088E
:1082C800450600082F090008D5E30008250900081D
:1082D8003F090008FF08000839D600082B090008E4
:1082E800000000000000000053E000088FE00008D4
:1082F800450600082F090008A7E00008EFE000087D
:10830800F11B0108FF080008270900082B090008CD
:1083180085F700089BDC000875E40108E0FFFFFF13
:108328000000000051D700085BD70008694E00081C
:1083380089E00008A1E00008390800084B08000897
:10834800B1FA000800000000000000000000000072
:1083580000000000450600082F090008A7E00008F3
:10836800EFE000083F090008FF0800082709000897
:108378002B09000800000000BB6B0008D487020826
:10838800A0A1020800000000000000000400000096
:10839800040000002C01000058020000B004000096
:1083A80060090000C012000080250000004B00009A
:1083B8000096000000E1000000C2010000840300F4
:1083C8000008070000CA080000100E0000000000A6
:1083D800010000000200000003000000040000008B
:1083E800050000000600000007000000080000006B
:1083F800090000000A0000000B0000000C0000004B
:108408000D0000000E0000000F0000001200000028
:108418001300000014000000150000001600000002
:1084280017000000180000001C0000002D000000CC
:1084380033000000110000001200000010000000CE
:108448000A0000000F0000000D0000000E000000F0
:108458000B0000000C0000000000000000000000FD
:1084680065E5000879E500084506000845D50008D7
:10847800A9E400082509000899E40008FF08000895
:10848800270900082B090008000000000000000070
:108498008BE50008C3E500080D6900088B8100081A
:1084A800DDAC00085F6D0008076D000853D50008B3
:1084B80019680008C3060008C3060008E99E0008FA
:1084C800419E0008ADE1010860F5FFFF00000000D3
:1084D80051D700085BD70008694E0008BDE50008C1
:1084E800D5E50008390800084B08000891E40008A1
:1084F8000000000000000000F1E600083BE700086B
:10850800F9D50008000000000000000051D700085D
:108518005BD70008694E000805E7000829E700084E
:10852800390800084B080008DBE5000800000000D7
:108538000000000051D700085BD70008694E00080A
:10854800D1F900080BFA0008390800084B080008A0
:1085580045FD0008FF0800084DE40108C9E40108CA
:10856800D0FFFFFF0000000005FA00081DFA000810
:10857800450600082F090008B7E1000835E20008A1
:10858800FFFC000817D60008270900082B09000877
:108598004DE70008BB6B0008000000000000000069
:1085A8000000000000000000450600082F09000830
:1085B800B7E1000835E200083F090008FF08000895
:1085C800270900082B09000800000000BB6B000801
:1085D800888A0208648A020800000000000000007F
:1085E80009000000090000000700000000300140F9
:1085F800120500000701000000000158020D0000EC
:108608000A00000000380040120500000C000000BD
:108618000030014012050000150000000030014044
:1086280012050000FFFFFFFF00000000000000002F
:10863800050000000038004012030000060000009A
:10864800003001401205000006010000000001583A
:10865800020D00000B000000003001401205000070
:10866800140000000030014012050000FFFFFFFF6A
:108678000000000000000000010000000030014080
:10868800120500000500000000300140120500003E
:108698000501000000000158020D0000080000005C
:1086A80000380040120500000900000000380040B2
:1086B8001205000013000000003001401205000000
:1086C800FFFFFFFF000000000000000004000000A2
:1086D80000300140120500000401000000000158AC
:1086E800020D0000090000000038004012030000DD
:1086F8000F000000003001401205000012000000C9
:1087080000300140120500001C0000000038004045
:1087180012050000FFFFFFFF00000000000000003E
:10872800000000480004004800080048001C0048F9
:1087380000000000000000007B1D0108EB1D01087F
:10874800450600082F090008BDE2000805E30008F7
:108758004DE200081BD6000835D600082B09000892
:10876800A9CF0008031E010869E50108D4FFFFFF2F
:108778000000000051D700085BD70008694E0008C8
:10878800E51D0108FD1D0108390800084B0800080F
:108798002523010800000000000000000000000080
:1087A80000000000450600082F090008BDE2000887
:1087B80005E300083F090008FF080008270900082A
:1087C8002B09000800000000BB6B000805240840C6
:1087D8000400040009210820260001000D240820B7
:1087E80030000400112108205200010000000000A0
:1087F80004120040081204400C12084010120C40E9
:1088080014121040181214401C12184000000000E6
:108818000512010000000400091201000800080008
:108828000D1201001000080011120180200008003C
:1088380015120180300008001912010038000200EA
:108848001D1201003A000200211201003C00020042
:10885800251701103F00C800000000000412011194
:10886800081203110C140844000000000412004010
:10887800081404400C14084010120C401412104044
:10888800181214401C12182020121A2024121C40FE
:10889800281220402C1224403012284034122C4038
:1088A800381230203C113440000000000414044405
:1088B80008140C440C14144410141C4414142444B8
:1088C80018142C441C14344420143C4424144444E8
:1088D80028144C442C14544430145C443414644418
:1088E80038146C443C14744440147C440000000068
:1088F8000412044408120C440C12144410121C44B0
:108908001412244418122C441C12344420123C44DF
:108918002412444428124C442C12544430125C440F
:108928003412644438146C443C14744440147C4439
:108938004414844448148C444C12944450129C446B
:108948005414A4445814AC445C14B4446014BC4497
:108958006414C444000000000414044408140C44C3
:108968000C14144410141C441414244418142C44D7
:108978001C12322220143844241440442814484439
:108988002C1450443014584434125E223814644471
:108998003C146C444014744444147C444814844487
:1089A8004C148C44501494445412991158149C42F9
:1089B80000000000F8870208A0A1020800000000DB
:1089C80000000000070000000700000018880208E7
:1089D800A0A102080000000000000000090000003B
:1089E8000900000064880208A0A102080000000035
:1089F8000000000003000000030000007488020863
:108A0800A0A1020800000000000000000F00000004
:108A18000F000000B4880208A0A1020800000000AE
:108A2800000000001000000010000000F888020894
:108A3800A0A10208000000000000000019000000CA
:108A48001900000060890208A0A1020800000000C7
:108A58000000000016000000160000007C6C0208F0
:108A68004C8A0208348A02081C8A0208048A02080E
:108A7800EC890208D4890208BC89020800000000B9
:108A8800051401000000040009380140080028000E
:108A98000D3801400800A000113801400800C80046
:108AA80015380140080080001938014008003800D6
:108AB8001D38014008000C00213801400800080159
:108AC8002538014008001C000000000000000000DC
:108AD8000000000041D60008CDDC000800000000BE
:108AE80000000000B3DF0008C9DF000845060008E1
:108AF8003B0900082FE1000877E1000841D500088C
:108B0800FF080008270900082B090008B9FA00081F
:108B1800BB6B0008F9E30008FFFFFFFF000000003F
:108B28008001000080010000637C777BF26B6FC5D9
:108B38003001672BFED7AB76CA82C97DFA5947F058
:108B4800ADD4A2AF9CA472C0B7FD9326363FF7CC34
:108B580034A5E5F171D8311504C723C31896059AD1
:108B6800071280E2EB27B27509832C1A1B6E5AA0F4
:108B7800523BD6B329E32F8453D100ED20FCB15BDF
:108B88006ACBBE394A4C58CFD0EFAAFB434D338548
:108B980045F9027F503C9FA851A3408F929D38F51C
:108BA800BCB6DA2110FFF3D2CD0C13EC5F97441753
:108BB800C4A77E3D645D197360814FDC222A9088CA
:108BC80046EEB814DE5E0BDBE0323A0A4906245C56
:108BD800C2D3AC629195E479E7C8376D8DD54EA9BB
:108BE8006C56F4EA657AAE08BA78252E1CA6B4C687
:108BF800E8DD741F4BBD8B8A703EB5664803F60EE0
:108C0800613557B986C11D9EE1F8981169D98E94CE
:108C18009B1E87E9CE5528DF8CA1890DBFE64268E7
:108C280041992D0FB054BB1652096AD53036A53874
:108C3800BF40A39E81F3D7FB7CE339829B2FFF873C
:108C4800348E4344C4DEE9CB547B9432A6C2233D20
:108C5800EE4C950B42FAC34E082EA16628D924B2D1
:108C6800765BA2496D8BD12572F8F66486689816F2
:108C7800D4A45CCC5D65B6926C704850FDEDB9DA51
:108C88005E154657A78D9D8490D8AB008CBCD30A3F
:108C9800F7E45805B8B34506D02C1E8FCA3F0F021B
:108CA800C1AFBD0301138A6B3A9111414F67DCEAEA
:108CB80097F2CFCEF0B4E67396AC7422E7AD358563
:108CC800E2F937E81C75DF6E47F11A711D29C5896D
:108CD8006FB7620EAA18BE1BFC563E4BC6D279204F
:108CE8009ADBC0FE78CD5AF41FDDA8338807C73158
:108CF800B11210592780EC5F60517FA919B54A0D50
:108D08002DE57A9F93C99CEFA0E03B4DAE2AF5B0C4
:108D1800C8EBBB3C83539961172B047EBA77D626E0
:108D2800E169146355210C7D001B362D6C775A417F
:108D38000001020408102040801B3600982F8A4248
:108D480091443771CFFBC0B5A5DBB5E95BC2563995
:108D5800F111F159A4823F92D55E1CAB98AA07D8AD
:108D6800015B8312BE853124C37D0C55745DBE72D0
:108D7800FEB1DE80A706DC9B74F19BC1C1699BE450
:108D88008647BEEFC69DC10FCCA10C246F2CE92DE0
:108D9800AA84744ADCA9B05CDA88F97652513E9804
:108DA8006DC631A8C82703B0C77F59BFF30BE0C60B
:108DB8004791A7D55163CA0667292914850AB72799
:108DC80038211B2EFC6D2C4D130D385354730A6536
:108DD800BB0A6A762EC9C281852C7292A1E8BFA20D
:108DE8004B661AA8708B4BC2A3516CC719E892D175
:108DF800240699D685350EF470A06A1016C1A419F8
:108E0800086C371E4C774827B5BCB034B30C1C39F6
:108E18004AAAD84E4FCA9C5BF36F2E68EE828F74B5
:108E28006F63A5781478C8840802C78CFAFFBE90CF
:108E3800EB6C50A4F7A3F9BEF27871C601000000EC
:108E480002000000040000000800000010000000FC
:108E58002000000040000000800000000001000029
:108E680000020000000400000008000000100000DC
:108E78000020000000400000008000000201040300
:108E88000204081004004000000422FB1200110331
:108E980021001106210322021406110B120B110ED8
:108EA800120E11141116220B13152111240D211461
:108EB8002116221523154113411433145213611638
:108EC800521653166316641674165000B000180133
:108ED8007801B0021803C8053006300C980C01015F
:108EE800000001000100000001000100000F06035E
:108EF80000122436480416283A4C081A2C3E0C1E38
:108F080030421022344601132537490517293B4DB5
:108F1800091B2D3F0D1F31431123354702142638F5
:108F28004A06182A3C4E0A1C2E400E2032440315CD
:108F380027394B07192B3D4F0B1D2F410F21334567
:108F48000000000000000000000000000000000019
:108F58000000000000000000000000000000000009
:108F680001000000000000000000000000000000F8
:108F780000000000000000000000000000000000E9
:108F8800E0EB7A7C3B41B8AE1656E3FAF19FC46A2F
:108F9800DA098DEB9C32B1FD866205165F49B8008F
:108FA8005F9C95BCA3508C24B1D0B1559C83EF5BDA
:108FB80004445CC4581C8E86D8224EDDD09F1157BD
:108FC800ECFFFFFFFFFFFFFFFFFFFFFFFFFFFFFFBC
:108FD800FFFFFFFFFFFFFFFFFFFFFFFFFFFFFF7F19
:108FE8000000000000000000000000000000000079
:108FF8000D6900088B810008DDAC00085F6D000872
:10900800176800080000000019680008C306000877
:10901800C306000800000000000000000000000077
:109028000000000000000000000000000000000038
:109038000000000000000000000000000000000028
:109048000000000000000000000000000000000018
:109058000000000000000000000000000000000008
:1090680000000000000000000000000000000000F8
:10907800249F0208189F020800000000000000005A
:1090880003000000030000000000000000000000D2
:1090980043D60008B5090108BF060008890501087C
:1090A8005BD60008F70601081507010821800108AA
:1090B80043800108D89C0208D09C020800000000E8
:1090C800F122000802000000020000003021120313
:1090D8001203302103122130213003124370340768
:1090E80025165261526125163407437007347043C0
:1090F80061521625162561527043073434074370B0
:10910800526125162516526143703407704307349F
:10911800162561526152162507347043000000007D
:109128000000000051D700085BD7000865F600086A
:10913800000000000000000051D700085BD70008BD
:10914800694E00080000000000000000390800080F
:109158004B080008000000000000000000000000AC
:1091680051D700085BD7000879F600080000000016
:109178007C9C0208609C02080000000000000000BF
:109188000A0000000E0000000000000000000000BF
:109198000000000000000000450600080000000074
:1091A80021090008250900083F090008FF080008F0
:1091B800270900082B0900080000000000000040F3
:1091C80012810000010000000000004012010100AF
:1091D80002000000000000401281010003000000AE
:1091E80000000040120102000500000000000040DD
:1091F800128100000600000000440140128E0000A9
:1092080007000000002C0140128110000701000037
:1092180000480140128E000008000000002C0140A8
:109228001281000009000000002C01401201010019
:109238000A000000002C0140128101000B00000010
:10924800002C0140120102000F0000000000004045
:10925800128100001300000000000040120101000C
:109268001600000000440140128E10001700000094
:1092780000480140128E100018000000002C014028
:10928800120111001801000000440140128E000074
:10929800FFFFFFFF000000000000000000000000CA
:1092A80000000000C5060008C97F0108BF060008C5
:1092B800C3060008F14E00085E10D20F960F320F59
:1092C800D80E880E2E0ECA0D5C0DE40C1C0C000086
:1092D80000000000000000002162000800000000FB
:1092E8000000000000000000000000000000000076
:1092F8000000000000000000000000000000000066
:109308000000000000000000000000000000000055
:109318000000000000000000000000000000000045
:109328000000000000000000000000000000000035
:109338000000000000000000000000000000000025
:109348000000000000000000000000000000000015
:109358000000000000000000000000000000000005
:1093680000000000000000000000000000000000F5
:1093780000000000000000000000000000000000E5
:10938800000000000000000000000000F47ECC1780
:10939800E6B4A322ECEED9084F3963EA8075E124DC
:1093A800CE05366963B2CBC028D3348B5A9EA2A6A9
:1093B8008AA666C15F550064A3A6FE71C0BB82C3BE
:1093C800323D7A7AE36EFDDDAD3A66B9B3DF3B2E06
:1093D80067B6D5F8DF762C455E2EBD16C5F867AAA8
:1093E80015F8920BDF5A6650AC0DBB2F3B8F863AAF
:1093F800381F7739A94EEF91185A62E1AA9D36EACB
:10940800CE60358D9D1FF4B8C9136A5D367E2DE197
:10941800845F425229110A2564546A6BFDB665FFC0
:10942800151A5171224057F6919B64581677EBA490
:109438005291FB26CF8FD7D9D15DC4687375EDC51E
:109448009558EE9056D42F3129F78C1F318CA95E90
:10945800ED3C12BF979C478E989DC23E862390296B
:10946800C8B020F8B1B0AA192ACF0A54A48A990E14
:1094780051DC1220F313F52B3AE24342C65298CD41
:10948800BBCAB131A0D4D630F327FB49D23F138DE4
:1094980022048D075958A0F955CF30A02E2FCA8025
:1094A80020E4DEA1ADD958B3432B22704041EC6AC9
:1094B800D2D603E49A9EBD6C0A9B75A4BCAB6FA779
:1094C80095FF2DF6E9B9AB4C0C1CD03B2249322B49
:1094D80000F922FA1702E96482F04D1BC704FCDC8C
:1094E8008C5EB6D916D637CE59AA0949486F1E4898
:1094F800978864ACE8EB30A3C3E1CF9739A6555BF6
:109508005FBF18B73ADFA875E79DE01E09B4E26DA2
:109518002898C9476646BFFF581791AAC3BF4A9DF6
:109528000B88B1F103DD61D7BA9E6498393984E0BC
:10953800222F7D78451872B413D2012F3CA1B0FEBA
:1095480039D0F13C72D6EF54D57722A00ADA5FEC15
:10955800FF5CC02E5FC48D03E58059D35D4986E961
:109568008DF6F616353DF99B29559E640856F0D7B9
:10957800EF77D6111C8F952D3CDFB122BF609BE59C
:10958800A9C06E4B01DCD15744B2A5CF2CB2778568
:10959800D6B7489CFEBC802660F46DCE1131A21E61
:1095A800330A6D2B00FA0C90958F5C6BFA59C86ED4
:1095B80094EE75C99AB0FE893640C9994A3BF4AA17
:1095C8001224A20FF9D108CB7819AAE56E427A4A7B
:1095D8008C616222A189D3A4C219A38353A77A0AF2
:1095E80089E25452623DE7CA8CF66A6020272FBA96
:1095F8000C99D729F31135899D0E24A1C3CBDF8A95
:10960800F1C6FED0D79F92D68F59BFE49170B47C33
:10961800FBFFA0596A251CA99EE943815D74B1B17D
:109628000928004AAFE3FCA94E27764C85FE7CEC5E
:10963800B67874C3ECE1327FB0B70274F923D8E787
:10964800FA14E6EE6644B18CA52F7ED28E66657B51
:109658003B6F7ECC57B457EACC83F5AAF765A3CE07
:10966800937213C1B6467B2945B5C893CC11FB1A32
:10967800ABA131876AC6DE8887A9B95937828DB20E
:10968800CCD897409A5C8F4055CB4C3E00000000E8
:10969800000000002F200008A12000083C9D0208BF
:1096A800E89C020800000000000000003B000000E9
:1096B800670000000000000000000000958F00080F
:1096C800416D00085B4301087B430108D943010849
:1096D800354401088B4601087947010851230108E0
:1096E8007923010883470108874701085D48010875
:1096F800D771000885230108996A0008C723010863
:10970800454301084323010835490108C1480108B8
:10971800612401086324010899DC000800000000A6
:10972800000000004D5C010821430108694301085D
:1097380089430108E7430108354401088B460108BD
:109748007947010851230108792301088347010853
:10975800874701085D4801087D48010885230108FD
:10976800C5230108C723010845430108432301080D
:1097780035490108C148010861240108632401082A
:1097880099DC00080000FFFF0000800000000000D6
:10979800080008000000000000000000E8030000C6
:1097A800FFFFFFFFFFFFFFFFFFFFFFFFFFFFFFFFC1
:1097B800FFFFFFFF00000000000000004B5C0108F5
:1097C80015430108C15D01089D4D0108A14D01081F
:1097D800A94D010809270108A52A01089D250108A6
:1097E800CF2A0108E9260108C75E0108775F01084A
:1097F8007B590108B3550108315D010885630108EB
:109808000B6301082965010823660108C572010870
:10981800C9560108DD2401087B6501083572010875
:10982800694C0108C7290108455F0108774D0108FF
:109838007161010849270108B1610108DD280108A3
:10984800554D01084D4D0108F52801082327010849
:1098580045600108396101088D260108B126010813
:10986800F9570108AD240108B5240108AD24010801
:10987800B5240108AD240108B52401080325010811
:10988800E1620108536901088F580108FF2801089F
:1098980031460108614701081D670108E9670108A9
:1098A8002F59010859740108BF780108F578010893
:1098B8004D7901080000000000000000F93C010893
:1098C800534E0108DD3C010819490108B53C01085F
:1098D800997F0108C33C01082180010843800108E1
:1098E800000000000000000055EB0008D5EA000861
:1098F800BF06000833DD00081DD7000825D700087B
:109908003FD70008218001084380010800000000BB
:1099180000000000358301080414004008100410FA
:109928000C10051010100610000000002099020805
:10993800A0A10208000000000000000004000000D0
:109948000400000004120444000000000410011187
:10995800081204420C140C441012144414121C442F
:109968001810211100000000041404440810091103
:109978000000000004100111081204420C140C44E9
:109988001012144414121C44181021111C10231115
:109998000000000004120040081104400C100810D8
:1099A800000000003499020800000000051801407A
:1099B8000400080000000000051801400400080029
:1099C800091701000C0021000C11304000000000B4
:1099D8004C990208A0A10208000000000000000045
:1099E800010000000100000054990208A0A102082B
:1099F8000000000000000000060000000600000053
:109A080070990208A0A102080000000000000000F0
:109A180002000000020000007C990208A0A10208D0
:109A28000000000000000000070000000700000020
:109A38009C990208A0A10208000000000000000094
:109A48000300000003000000B4990208AC99020862
:109A580000000000000000000100000001000000FC
:109A6800C0990208AC99020800000000000000003C
:109A78000300000003000000041200400918011050
:109A88000500110000000000209A0208089A020848
:109A9800F0990208D8990208000000000518014052
:109AA80004002400091801402C000C000D18014086
:109AB8003C00240011180140640008000000000068
:109AC8000412001009160100020022000000000024
:109AD80004120010081204400C12088010121444DA
:109AE80000000000AC6C02080000000004120040F6
:109AF8000918012006006A000C107010101071106F
:109B08000000000004120010081201100C120220BC
:109B18001012042000000000889B020800000000CA
:109B28000528104004001800000000000517010077
:109B380000000800081108400C140C40111701001F
:109B48001000050000000000689A0208509A0208F8
:109B5800389A02087C6202080000000005180140DB
:109B680004003400091801403C000C000D180140A5
:109B78004C000C00111801405C00080000000000B7
:109B8800809A0208AC620208000000000000000091
:109B98000200000002000000A49A0208909A02083D
:109BA80000000000000000000400000004000000A5
:109BB800C89A0208A0A102080000000000000000E6
:109BC8000200000002000000D89A0208A0A10208C2
:109BD8000000000000000000040000000400000075
:109BE800F49A0208EC9A0208000000000000000045
:109BF80004000000040000000C9B0208A0A1020859
:109C08000000000000000000040000000400000044
:109C1800289B0208209B02080000000000000000AA
:109C28000100000001000000349B0208A0A1020806
:109C38000000000000000000040000000400000014
:109C4800649B0208509B020800000000000000000E
:109C58000400000004000000F8710208AC6C02085F
:109C6800107202081072020810720208889B02081B
:109C7800000000000918014004004C000D180120E4
:109C880052006A0015280140C00060011D180140FB
:109C98002402600121120100840304002510010040
:109CA800880301002D1001008903010031180120EB
:109CB8008C03600135280C40F004180039120100AB
:109CC8001006040000000000245E020800000000E6
:109CD800041200400968010004000C0000000000A4
:109CE80080710208AC6C0208C871020898710208F9
:109CF80038710208489C0208309C0208189C020827
:109D0800009C0208AC6C020880710208C871020845
:109D180098710208946C0208D8700208D87002087A
:109D2800E89B0208D09B0208B89B0208A09B020887
:109D38000000000005320180080004000938018095
:109D480008004C000D300180080001001138018026
:109D580008006A00153201800800010019380180E6
:109D68000800D0001D320180080001002138018060
:109D78000800D80029300180080001002D37018033
:109D88000800C90031300180080001003538018021
:109D980008002C0039300180080001003D3701809F
:109DA8000800E700413001800800010045380180C3
:109DB8000800640049380180080018004D3001800F
:109DC80008000100513801800800840155300180E5
:109DD80008000100593701800800C9005D32018080
:109DE800080004006132018008000100653201802A
:109DF8000800010069320180080001006D38018007
:109E0800080006008138018008006A008538018052
:109E180008004C00893801800800D0008D38018086
:109E28000800D800913701800800C90095370180E3
:109E38000800E70099320180080004009D32018083
:109E480008000400A132018008000400A538018040
:109E580008007400A930018008000100AD340180B9
:109E680008000400B130018008000100B538018005
:109E780008008C00B938018008008C00BD320180D0
:109E880008000400C132018008000400C5320180C6
:109E9800080004000130018008000110053001802D
:109EA8000800011009380180080074100D3801807D
:109EB8000800181011300180080001107931018064
:109EC800080004107D3101800800041081300180F1
:109ED80008000110853101800800041089310180D3
:109EE800080004108D3101800800041091300180B1
:109EF800080001109516010090010A109938018098
:109F0800080024109D38018008006C100000000033
:109F18008483020884830208000000000538014099
:109F280004005C000938014004005C000C32041491
:109F3800000000004445425547001B5B33346D0068
:109F4800494E464F20001B5B33326D005741524E3D
:109F580020001B5B33336D004552524F52001B5B90
:109F680033316D001B5B306D00322E372E32312EAF
:109F78003935613463323700417474656D7074200B
:109F8800656E63727970742077697468206E6F6E7D
:109F980063653A2000417474656D707420656E6362
:109FA8007279707420776974682073686172656467
:109FB8005F6B6579207374617274696E6720776965
:109FC80074683A2000417474656D70742064656328
:109FD800727970742077697468206E6F6E63653A61
:109FE8002000417474656D707420646563727970C3
:109FF800742077697468207368617265645F6B6543
:10A0080079207374617274696E6720776974683A2D
:10A018002000766563746F723A3A5F4D5F726561CE
:10A028006C6C6F635F696E73657274005452414360
:10A0380045001B5B33356D00257320007C202530DF
:10A0480032643A253032643A25303264202575204E
:10A05800007C203F3F3A3F3F3A3F3F202575200094
:10A068005B005D20004D65736874617374696320DB
:10A0780025303478002125303878002F73746174C6
:10A0880069632F72616E6765746573742E63737686
:10A0980000766563746F723A3A5F4D5F72616E67FE
:10A0A800655F636865636B3A205F5F6E2028776839
:10A0B80069636820697320257A7529203E3D2074DC
:10A0C8006869732D3E73697A65282920287768693D
:10A0D800636820697320257A752900496E636F6D5E
:10A0E800696E67205075626B65793A200053617616
:10A0F8006564205075626B65793A200052656D6F12
:10A1080074652064657669636520257320686173CA
:10A11800206164766572746973656420796F7572FD
:10A12800207075626C6963206B65792E20546869AC
:10A1380073206D617920696E64696361746520615B
:10A1480020636F6D70726F6D69736564206B6579DC
:10A158002E20596F75206D6179206E6565642074B5
:10A168006F20726567656E657261746520796F75B9
:10A1780072207075626C6963206B6579732E007646
:10A188006563746F723A3A5F4D5F72616E67655FBF
:10A19800696E73657274000000000000456E746596
:10A1A80072205365637572697479204E756D6265A6
:10A1B8007220666F72204B657920566572696669F0
:10A1C800636174696F6E005665726966696361746C
:10A1D800696F6E3A200A0046696E616C20636F6E83
:10A1E8006669726D6174696F6E20666F7220696E40
:10A1F800636F6D696E67206D616E75616C206B654C
:10A208007920766572696669636174696F6E202565
:10A2180073002F70726566732F72696E67746F6E44
:10A22800652E70726F746F004D65736820436F6E92
:10A2380074726F6C207570646174652072656365F3
:10A24800697665642066726F6D202725732720283C
:10A258007365713D2575292E20417070726F766582
:10A2680020696E2061707020746F206170706C7945
:10A278002073657474696E67732E0063616E6E6F08
:10A288007420637265617465207374643A3A646516
:10A29800717565206C6172676572207468616E20E3
:10A2A8006D61785F73697A652829005072657365F6
:10A2B8007420257320696E76616C696420666F72FC
:10A2C8002025732C207573696E67202573005072E2
:10A2D8006573657420257320696E76616C696420E6
:10A2E800666F72202573002573207370616E2025B8
:10A2F8002E30666B487A203C2072657175657374E0
:10A30800656420252E30666B487A004368616E6E5E
:10A31800656C206E756D62657220257520696E7694
:10A32800616C696420666F722025732C206D6178DA
:10A33800206973202575004672657175656E6379AD
:10A34800206F7665727269646520696E20706C6131
:10A3580063652C207573696E6720252E336600525D
:10A368006562726F616463617374206D6F646520E8
:10A3780063616E27742062652073657420746F2092
:10A388004E4F4E4520666F72206120726F7574655E
:10A398007220726F6C6500526567696F6E20257355
:10A3A800207265717569726573206C6963656E7377
:10A3B8006564206D6F6465006D73680025732F25D3
:10A3C8007300596F75206D7573742070726F76699C
:10A3D8006465206174206C65617374206F6E6520FC
:10A3E80061646D696E207075626C6963206B657954
:10A3F80020746F20656E61626C65206D616E6167A7
:10A408006564206D6F6465002F7072656673002F38
:10A4180070726566732F7472616E736D69745F68AC
:10A428006973746F72792E6461740072616B333171
:10A4380037320044757479206379636C65206C69E0
:10A448006D69742065786365656465642E20596F4D
:10A45800752063616E2073656E6420616761696E43
:10A4680020696E202564206D696E730073657269BA
:10A47800616C006770696F00202530327800536581
:10A48800742061646D696E206B657920746F20009B
:10A498005472616365526F7574652063616E206FD5
:10A4A8006E6C792062652073656E74206F6E6365CB
:10A4B800206576657279203330207365636F6E642A
:10A4C80073004D756C74692D686F702074726163C8
:10A4D80065726F75746520746F2062726F61646352
:10A4E8006173742061646472657373206973206E8C
:10A4F8006F7420616C6C6F776564002F0061646D08
:10A50800696E00496E636F6D696E6720736573735A
:10A51800696F6E206B65793A2000457870656374C1
:10A5280065642073657373696F6E206B65793A2073
:10A538000073656B726974004C6963656E7365645A
:10A54800206D6F6465206163746976617465642C3D
:10A558002072656D6F76696E672061646D696E2023
:10A568006368616E6E656C20616E6420656E6372EF
:10A57800797074696F6E2066726F6D20616C6C20E3
:10A588006368616E6E656C73002F70726566732FF9
:10A598007569636F6E6669672E70726F746F002FCE
:10A5A8006261636B757073002F6261636B757073A2
:10A5B8002F6261636B75702E70726F746F004D65DA
:10A5C800736820436F6E74726F6C20757064617469
:10A5D8006520646973636172646564002573207320
:10A5E800746174653A202569002573206465746573
:10A5F800637465640046696E616C20636F6E66699A
:10A60800726D6174696F6E20666F72206F75746702
:10A618006F696E67206D616E75616C206B6579205E
:10A62800766572696669636174696F6E2025730067
:10A63800496E636F6D696E67204B65792056657248
:10A64800696669636174696F6E2E0A536563757212
:10A65800697479204E756D6265720A2530337520EC
:10A6680025303375002E746D700055530045555FC5
:10A678003433330045555F38363800434E004A506E
:10A6880000414E5A00414E5A5F3433330052550050
:10A698004B5200545700494E004E5A5F3836350029
:10A6A80054480055415F3433330055415F383638DC
:10A6B800004D595F343333004D595F3931390053F8
:10A6C800475F3932330050485F3433330050485FB6
:10A6D8003836380050485F393135004B5A5F3433CB
:10A6E80033004B5A5F383633004E505F38363500EA
:10A6F80042525F393032004C4F52415F323400557C
:10A708004E53455400656E642D6F662D73747265E3
:10A71800616D00696F206572726F7200766172698F
:10A728006E74206F766572666C6F7700696E7661FD
:10A738006C696420776972655F747970650070610F
:10A7480072656E742073747265616D20746F6F200A
:10A7580073686F72740073747265616D2066756CCE
:10A768006C00696E76616C696420646174615F7302
:10A77800697A650053657269616C4D6F64756C65C3
:10A78800526164696F003F3F3F0025733A2025738B
:10A7980000696E76616C69642073697A6500736913
:10A7A8007A6520746F6F206C6172676500726561ED
:10A7B8006C6C6F63206661696C656400696E7661B4
:10A7C8006C696420756E696F6E20746167006172D0
:10A7D800726179206F766572666C6F770066616961
:10A7E8006C656420746F2073657420646566617598
:10A7F8006C747300696E76616C6964206669656C57
:10A8080064207479706500746F6F206D616E7920B3
:10A81800617272617920656E747269657300636133
:10A828006C6C6261636B206661696C6564007A6553
:10A83800726F2074616700696E76616C6964206567
:10A848007874656E73696F6E0077726F6E672073C8
:10A85800697A6520666F7220666978656420636F1F
:10A86800756E74206669656C64006D697373696ED2
:10A8780067207265717569726564206669656C64C4
:10A888000077726F6E6720776972652074797065DA
:10A8980000696E746567657220746F6F206C6172F1
:10A8A8006765006279746573206F766572666C6F90
:10A8B8007700737472696E67206F766572666C6F65
:10A8C8007700696E76616C6964206669656C6420DE
:10A8D80064657363726970746F7200696E636F7216
:10A8E80072656374206669786564206C656E677448
:10A8F800682062797465732073697A65002E2E006A
:10A908007375626D73672073697A65206368616E19
:10A918006765640062797465732073697A65206578
:10A9280078636565646564007A65726F2D6C656E21
:10A9380067746820737472696E6700756E746572E7
:10A948006D696E6174656420737472696E67006303
:10A95800616C6C6261636B206572726F7200617208
:10A96800726179206D61782073697A6520657863F2
:10A97800656564656400286E6F6E652900203E2059
:10A98800002800644229004E6F20726573706F6E54
:10A9980073652072656365697665640057616974DB
:10A9A80020666F722000212D30333639002D256C3A
:10A9B800642E25302A6C6400307825303878000100
:10A9C80008AC00657870616E642033322D6279744A
:10A9D80065206BB02AAE7DEECBBBB1FC036FDDDC2E
:10A9E8007D76670CE81F0DA3A0AA1EB0BD726B2B65
:10A9F8004C8A7E34FC3760F41E22A00BFB1884605E
:10AA0800A5777200D4F1BB3A20290759F0BCFFABF7
:10AA1800CF4E690100437573746F6D004C6F6E679C
:10AA2800536C6F770053686F7274547572626F005D
:10AA38004C6F6E674D6F640053686F7274536C6F20
:10AA480077004C6F6E67466173740053686F727459
:10AA58004661737400496E76616C6964004D656483
:10AA680069756D536C6F77004C6F6E6754757262C1
:10AA78006F004D656469756D466173740044656661
:10AA880061756C7400546872656164200054687262
:10AA9800656164436F6E74726F6C6C657220006CD4
:10AAA8006974746C656673002F70726566732F6EB7
:10AAB8006F6465732E70726F746F002F70726566A5
:10AAC800732F6465766963652E70726F746F002FDB
:10AAD80070726566732F636F6E6669672E70726F2A
:10AAE800746F002F70726566732F6D6F64756C6577
:10AAF8002E70726F746F002F70726566732F6368A3
:10AB0800616E6E656C732E70726F746F004D657335
:10AB18006820436F6E74726F6C2073657474696E0D
:10AB28006773206170706C696564006D7174742E50
:10AB38006D6573687461737469632E6F7267006DF5
:10AB4800657368646576006C617267653463617407
:10AB58007300526573746F726564206B6579006D5C
:10AB68006573687461737469632E706F6F6C2E6E91
:10AB780074702E6F72670053657269616C436F6EF3
:10AB8800736F6C65000D0A0D0A2F2F5C204520534A
:10AB980020482054202F5C20532054202F20430D80
:10ABA8000A0056657273696F6E20257320666F728E
:10ABB8002025732066726F6D2025730D0A0052439D
:10ABC8004756312F6669726D776172652D466F72CF
:10ABD8006B004465627567206D7574652069732024
:10ABE800656E61626C65642C207468657265207797
:10ABF800696C6C206265206E6F2073657269616C88
:10AC0800206F75747075742E0D0A006D61696E433E
:10AC18006F6E74726F6C6C65720074696D657243E7
:10AC28006F6E74726F6C6C657200506F776572002E
:10AC38002F70726566732F64622E70726F746F0066
:10AC4800766563746F723A3A5F4D5F6465666175E5
:10AC58006C745F617070656E6400526F75746572B4
:10AC6800005374617475734C45444D6F64756C651D
:10AC78000041646D696E006D6573685F636F6E7423
:10AC8800726F6C004D657368436F6E74726F6C0001
:10AC98006E6F6465696E666F004E6F6465496E66B7
:10ACA8006F00776179706F696E74007472616365A3
:10ACB800726F757465005472616365526F7574655F
:10ACC800006E65696768626F72696E666F004E65CF
:10ACD800696768626F72496E666F00646574656360
:10ACE80074696F6E00446574656374696F6E53654B
:10ACF8006E736F72004B6579566572696669636138
:10AD080074696F6E0044657669636554656C656D3A
:10AD1800657472790053657269616C004578746571
:10AD2800726E616C4E6F74696669636174696F6E87
:10AD38004D6F64756C650045787465726E616C4E14
:10AD48006F74696669636174696F6E0032343A645E
:10AD58003D33322C6F3D352C623D3536353A6636FB
:10AD68002C702C66362C34702C702C66362C702C7B
:10AD780066362C32702C702C62362C702C62362C75
:10AD8800702C62362C702C62362C702C622C702C35
:10AD9800622C702C622C702C622C702C622C702C03
:10ADA800622C702C622C702C622C31702E2C32701C
:10ADB8002E2C7000726F7574696E67005261646939
:10ADC8006F496600526164696F4C696220657272EE
:10ADD8003D005358313236310041697254696D650E
:10ADE80000626F6F742074696D656F7574005761C8
:10ADF8006B652074696D6572005265636569766577
:10AE080064207061636B65742C2065786974696E61
:10AE180067206C6967687420736C6565700052659B
:10AE2800636569766564207061636B65742C207254
:10AE38006573657474696E672077696E2077616BD6
:10AE480065005072657373004C6F774261740053EC
:10AE5800687574646F776E00496E70757420446508
:10AE68007669636500426C7565746F6F74682070ED
:10AE7800616972696E67005061636B657420666F03
:10AE8800722070686F6E65005265636569766564E7
:10AE980020746578740073657269616C204150494B
:10AEA80000706F77657220636F6E6E6563740070F3
:10AEB8006F77657220646973636F6E6E656374651E
:10AEC800640073657269616C20646973636F6E6E88
:10AED80065637400436F6E746163742066726F6D8E
:10AEE8002070686F6E650053637265656E2D6F6EB6
:10AEF8002074696D656F757400506F77657246537D
:10AF08004D0053485554444F574E00534453004C3A
:10AF180053004E42004441524B0053455249414C64
:10AF280000424F4F54004F4E00504F574552004378
:10AF38006F6D70726F6D69736564206B65797320CE
:10AF48007765726520646574656374656420616EF5
:10AF58006420726567656E6572617465642E00624F
:10AF6800617369635F737472696E673A3A5F535FBE
:10AF78006372656174650002020203050507070B29
:10AF88000B0B0B0D0D000000020000000300000079
:10AF980005000000070000000B0000000D00000085
:10AFA8001100000013000000170000001D00000041
:10AFB8001F00000025000000290000002B000000F1
:10AFC8002F000000350000003B0000003D0000009D
:10AFD8004300000047000000490000004F00000047
:10AFE80053000000590000006100000067000000E5
:10AFF8006D000000710000007F0000008900000063
:10B008008B000000950000009D000000A7000000D4
:10B01800B3000000C1000000C7000000D30000001A
:10B02800E3000000F100000001010000150100002C
:10B0380025010000390100005101000067010000EE
:10B048007F01000099010000B7010000D301000052
:10B05800F70100001D020000410200006B02000021
:10B0680095020000C5020000F90200003703000045
:10B0780077030000B903000007040000550400002E
:10B08800A90400000905000065050000D5050000B9
:10B098004D060000CD06000057070000ED07000030
:10B0A8008308000035090000F5090000C10A000006
:10B0B8009B0B0000890C00008D0D00009B0E00000A
:10B0C800BB0F0000FD1000005F120000DF1300003E
:10B0D8007F150000411700001B190000251B000008
:10B0E8005D1D0000BB1F00004F2200001925000055
:10B0F80021280000692B0000EB2E0000B732000069
:10B10800D1360000453B00001B40000055450000BB
:10B11800EF4A000011510000AF570000D95E00004F
:10B128009B660000FB6E000007780000C7810000E6
:10B138005D8C0000D99700003BA40000A9B1000075
:10B1480031C00000D1CF0000D5E0000019F30000A5
:10B15800EB060100711C0100BB330100ED4C01003E
:10B168002B6801009585010079A50100FBC7010046
:10B178003FED01009F150200514102007F7002005F
:10B1880085A30200D3DA0200A91603005B57030067
:10B19800619D030017E903000D3B0400AF93040011
:10B1A80097F30400555B05008BCB0500E9440600C6
:10B1B80047C806007156070031F007009996080045
:10B1C800874A0900410D0A00F9DF0A00E9C30B00AC
:10B1D80085BA0C0053C50D00F1E50E00431E1000A2
:10B1E80025701100ADDD12001D691400F114160060
:10B1F800DBE31700A3D8190071F61B00A3401E005B
:10B20800D1BA2000F36823003D4F26005972290067
:10B2180037D72C0027833000237C340057C83800E8
:10B22800AF6E3D007B764200BDE7470013CB4D0073
:10B23800D1295400F30D5B00C7826200B5936A0000
:10B24800E34D730017BF7C003BF68600770392003E
:10B258004DF89D00E9E7AA00B9E6B800DF0AC80082
:10B26800736CD8006F25EA00F951FD0077101201C0
:10B27800DB812801B9C940018D0E5B010B7A77018A
:10B288006D399601617DB701957ADB01596A020231
:10B29800638A2C02871D5A02136C8B0235C4C002C4
:10B2A800B77AFA0219EB38036F787C03E18DC5038E
:10B2B800679F1404752A6A04EBB6C60487D72A0563
:10B2C8002D2B9705B55D0C0629298B069556140775
:10B2D800DDBFA80751504908BB06F708F9F6B209BF
:10B2E8000D4B7E0A93455A0BC343480C31BF490D99
:10B2F8005D50600E5BB18D0F5FC0D310BD823412FC
:10B308004D28B213890E4F15A5C40D17850FF118D6
:10B3180009EEFB1AC99D311D75A0951F11C12B227D
:10B328005D1AF824F11CFF27A596452BB7B9D02E36
:10B33800E725A6324BF0CB36D5AD483B217D2340DF
:10B34800691264451FC3124B75933851D744DF57B0
:10B35800D164115FAD5EDA66AF8C466F434C63789B
:10B36800D9123F822985E98CBD8F7398F781EFA4A4
:10B378000F2B71B251F90DC1AF1CDDD04BABF7E10A
:10B38800AFC878F4FBFFFFFFFBFFFFFF4E53743796
:10B398005F5F6378783131313562617369635F73F8
:10B3A8007472696E67627566496353743131636894
:10B3B80061725F747261697473496345536149636B
:10B3C8004545450068B5020894B3020844B402082C
:10B3D80000000000CCB302081D1201084512010844
:10B3E800251F02081F1E0208A51B0208ED1C0208E3
:10B3F8005B1F0208331B02080D2002084F1B0208BE
:10B40800691F0208D91A0208B71F0208391E020864
:10B418005374313562617369635F73747265616D0A
:10B42800627566496353743131636861725F74721F
:10B4380061697473496345450000000008B5020856
:10B4480018B402080000000044B402088D1F020866
:10B45800A51F0208251F0208271F0208291F020826
:10B468003F1F02085B1F02085F1F02080D20020829
:10B47800631F0208691F0208811F0208B71F02081C
:10B48800871F020862617369635F737472696E670C
:10B498003A3A5F4D5F637265617465006261736912
:10B4A800635F737472696E673A3A5F4D5F72657075
:10B4B8006C6163650062617369635F737472696E5E
:10B4C800673A3A617070656E64004E31305F5F6351
:10B4D8007878616269763131375F5F636C61737365
:10B4E8005F747970655F696E666F450068B50208BC
:10B4F800D2B402089CB5020800000000F4B40208A7
:10B5080085250208992502084D2702084D270208BB
:10B518000326020845250208EB250208AD25020886
:10B52800772502084E31305F5F637878616269760B
:10B538003132305F5F73695F636C6173735F747915
:10B5480070655F696E666F450000000068B50208A7
:10B558002CB50208F4B402080000000054B5020833
:10B56800492602085D2602084D2702084D270208D1
:10B57800032602084525020821270208AD260208ED
:10B5880071260208537439747970655F696E666F45
:10B598000000000008B502088CB50208696F7374D2
:10B5A8007265616D00696F73747265616D20657293
:10B5B800726F7200556E6B6E6F776E206572726F68
:10B5C8007200000068B50208D8B5020884B60208FF
:10B5D8002A4E31325F474C4F42414C5F5F4E5F31DC
:10B5E8003137696F5F6572726F725F636174656727
:10B5F8006F7279450000000000000000CCB5020819
:10B60800892702089D2702087D270208F1280208D9
:10B61800B12702088D28020893280208BD280208CD
:10B6280067656E657269630073797374656D00622E
:10B63800617369635F737472696E673A20636F6ED2
:10B64800737472756374696F6E2066726F6D206EA5
:10B65800756C6C206973206E6F742076616C6964F8
:10B66800004E5374335F563231346572726F725FB5
:10B6780063617465676F72794500000008B5020858
:10B6880069B6020868B5020898B6020884B60208C6
:10B698002A4E31325F474C4F42414C5F5F4E5F311B
:10B6A800323267656E657269635F6572726F725F69
:10B6B80063617465676F72794500000068B50208B8
:10B6C800D0B6020884B602082A4E31325F474C4F82
:10B6D80042414C5F5F4E5F31323173797374656DEF
:10B6E8005F6572726F725F63617465676F727945C7
:10B6F80000000000000000008CB60208D3280208F1
:10B70800D928020805280208F12802081529020884
:10B718008D2802080D280208BD2802080000000034
:10B72800C4B60208D1280208E52802082128020820
:10B73800F128020815290208292802086D2902089B
:10B74800BD28020862617369635F737472696E670A
:10B758003A3A5F535F636F6E737472756374206EE9
:10B76800756C6C206E6F742076616C69640052454C
:10B77800454E54206D616C6C6F632073756363650F
:10B7880065646564002F5F5F772F61726D2D6E6F42
:10B798006E652D656162692D6763632D78706163DD
:10B7A8006B2F61726D2D6E6F6E652D656162692DEF
:10B7B8006763632D787061636B2F6275696C642FA2
:10B7C8006C696E75782D7836342F736F7572636572
:10B7D800732F6E65776C69622D63796777696E2F51
:10B7E8006E65776C69622F6C6962632F7374646C21
:10B7F80069622F72616E642E63002F5F5F772F611D
:10B80800726D2D6E6F6E652D656162692D6763635C
:10B818002D787061636B2F61726D2D6E6F6E652D63
:10B82800656162692D6763632D787061636B2F6250
:10B8380075696C642F6C696E75782D7836342F7342
:10B848006F75726365732F6E65776C69622D6379A6
:10B858006777696E2F6E65776C69622F6C696263B2
:10B868002F7374646C69622F72616E646F6D2E63DE
:10B8780000002020202020202020202828282828D8
:10B8880020202020202020202020202020202020B0
:10B898002020881010101010101010101010101008
:10B8A8001010040404040404040404041010101008
:10B8B80010101041414141414101010101010101C3
:10B8C8000101010101010101010101010110101033
:10B8D8001010104242424242420202020202020296
:10B8E8000202020202020202020202020210101006
:10B8F8001020000000000000000000000000000010
:10B90800000000000000000000000000000000002F
:10B91800000000000000000000000000000000001F
:10B92800000000000000000000000000000000000F
:10B9380000000000000000000000000000000000FF
:10B9480000000000000000000000000000000000EF
:10B9580000000000000000000000000000000000DF
:10B9680000000000000000000000000000000000CF
:10B978000000494E4600696E66004E414E006E61F9
:10B988006E00300030313233343536373839414281
:10B99800434445460030313233343536373839611F
:10B9A8006263646566004300504F53495800496E0E
:10B9B80066696E697479004E614E002F5F5F772F5C
:10B9C80061726D2D6E6F6E652D656162692D67639D
:10B9D800632D787061636B2F61726D2D6E6F6E656C
:10B9E8002D656162692D6763632D787061636B2FC4
:10B9F8006275696C642F6C696E75782D7836342F92
:10BA0800736F75726365732F6E65776C69622D63EA
:10BA1800796777696E2F6E65776C69622F6C6962DA
:10BA2800632F7374646C69622F64746F612E630092
:10BA380042616C6C6F6320737563636565646564EC
:10BA4800002F5F5F772F61726D2D6E6F6E652D65AC
:10BA58006162692D6763632D787061636B2F617212
:10BA68006D2D6E6F6E652D656162692D6763632D3F
:10BA7800787061636B2F6275696C642F6C696E7581
:10BA8800782D7836342F736F75726365732F6E65F2
:10BA9800776C69622D63796777696E2F6E65776C4D
:10BAA80069622F6C6962632F7374646C69622F6DAD
:10BAB800707265632E630000050000001900000025
:10BAC8007D000000000000000080E03779C341439A
:10BAD800176E05B5B5B89346F5F93FE9034F384DEC
:10BAE800321D30F94877825A3CBF737FDD4F157598
:10BAF800000000000000F03F0000000000002440AB
:10BB080000000000000059400000000000408F4085
:10BB1800000000000088C34000000000006AF840F0
:10BB28000000000080842E4100000000D012634114
:10BB38000000000084D797410000000065CDCD418A
:10BB4800000000205FA00242000000E8764837426B
:10BB5800000000A2941A6D42000040E59C30A24209
:10BB68000000901EC4BCD64200003426F56B0C437E
:10BB78000080E03779C3414300A0D8855734764325
:10BB880000C84E676DC1AB43003D9160E458E14386
:10BB9800408CB5781DAF154450EFE2D6E41A4B44FB
:10BBA80092D54D06CFF08044F64AE1C7022DB54440
:10BBB800B49DD9794378EA44CC570020232D302B03
:10BBC8002000686C4C006566674546470000000029
:08BBD8007C18FF7F0100000052
:10BBE0000DE70108A9DB0108B1090208B91702082D
:10BBF0003D180208151A020881240208312602089D
:08BC0000ED2702089929020852
:08BC080085DB01088D10020824
:10BC10000100000000000000000000000000000023
:10BC20000000000000000000020000000000000012
:10BC30000000000000000000000000000000000004
:10BC400003000000000000000000000000000000F1
:10BC500000000000000000000000000000000000E4
:10BC600000000000000000000000000000000000D4
:10BC70001000000000093D00D8580020010000001D
:10BC80000000000099001E000000000000000000FD
:10BC900000000000000000000000000000000000A4
:10BCA0000000000000000000000000000000000094
:10BCB0000000000000000000000000000000000084
:10BCC0000000000000000000000000000000000074
:10BCD0000000000000000000000000000000000064
:10BCE0000000000000000000000000000000000054
:10BCF0000000000000000000000000000000000044
:10BD0000000000000000000000000000544C002073
:10BD1000FFFFFFFF000000000030024000000000B5
:10BD20000000000000000000000000000000000013
:10BD3000000000000000000001000000FF00000003
:10BD400000000000000000000000000000000000F3
:10BD500000000000000000000000000000000000E3
:10BD600000000000000000000000000000000000D3
:10BD700000000000000000000000000000000000C3
:10BD800000000000000000000000000000000000B3
:10BD900000000000000000000000000000000000A3
:10BDA0000000000000000000000000000000000093
:10BDB0000000000000000000000000000000000083
:10BDC0000000000000000000000000000000000073
:10BDD0000000000000000000000000000000000063
:10BDE0000000000000000000000000000000000053
:10BDF0000000000000000000000000000000000043
:10BE00000000000000000000000000000000000032
:10BE10000000000000000000000000000000000022
:10BE20000000000000000000FFFFFFFFFFFFFFFF1A
:10BE3000FFFFFFFFFFFFFFFF000300000000000007
:10BE400000000000000000000000000000000000F2
:10BE5000000000002DE4000815E8000801E90008D2
:10BE60003DD600080008000000080000000800009F
:10BE70000E00000080000000000000000000000034
:10BE80000000000000000000747A706C6163656857
:10BE90006F6C64657220202020202020202020202C
:10BEA0002020202020202020202020202020202092
:10BEB0002020202020202020202020202020000DB5
:10BEC0000A526164696F4C696220496E666F0A5656
:10BED000657273696F6E3A202022372E362E302E0F
:10BEE00030220D0A506C6174666F726D3A202241E7
:10BEF000726475696E6F2053544D333220286F661B
:10BF000066696369616C29220D0A224170722020E2
:10BF100031203230323622202230353A30393A342C
:10BF2000362200000000000008B602082CB7020804
:10BF300004B70208430000000000000000000000F9
:10BF400000000000000000000000000000000000F1
:10BF5000000000004300000000000000000000009E
:10BF600000000000000000000000000000000000D1
:10BF7000000000004300000000000000000000007E
:10BF800000000000000000000000000000000000B1
:10BF9000000000004300000000000000000000005E
:10BFA0000000000000000000000000000000000091
:10BFB000000000004300000000000000000000003E
:10BFC0000000000000000000000000000000000071
:10BFD000000000004300000000000000000000001E
:10BFE0000000000000000000000000000000000051
:10BFF00000000000430000000000000000000000FE
:10C000000000000000000000000000000000000030
:10C010000000000099540208554D0208000000007D
:10C0200079B8020806A902081CAA02081CAA02087C
:10C030001CAA02081CAA02081CAA02081CAA0208C0
:10C040001CAA02081CAA02081CAA0208FFFFFFFF84
:10C05000FFFFFFFFFFFFFFFFFFFF00000100415355
:10C0600043494900000000000000000000000000FB
:10C07000000000000000000000000000000041532C
:10C0800043494900000000000000000000000000DB
:10C0900000000000000000000000000000000000A0
:10C0A0009404002000000000CC55002034560020ED
:10C0B0009C5600200000000000000000000000006E
:10C0C0000000000000000000000000000000000070
:10C0D0000000000000000000000000000000000060
:10C0E0000000000000000000000000000000000050
:04C0F00009570020CC
:04000005080212B922
:00000001FF
